Date,Open,High,Low,Close
2022-03-02,599.51,603.17,584.5,587.99
2022-03-01,586.75,601.515,584,598.68
2022-02-28,585.25,595.365,584.875,583.25
2022-02-25,583.75,591.68,577.5,581.75
2022-02-24,578.5,592.395,578.5,580.25
2022-02-23,580.5,583.065,578,575
2022-02-22,576.95,584.285,576.9,577
2022-02-21,576.95,582.015,576.725,573.45
2022-02-18,577.25,582.015,575.5,573.45
2022-02-17,576.75,582.225,576,573.75
2022-02-16,579.25,585.27,576.125,573.25
2022-02-15,576.18,583.76,575.34,575.75
2022-02-14,576.25,584.8,575,572.68
2022-02-11,573.98,580.31,573.725,573
2022-02-10,575,578.525,573.5,570.48
2022-02-09,575.25,581.885,573.5,571.5
2022-02-08,572.5,579.87,572.5,572
2022-02-07,572.5,581.835,572,570.6
2022-02-04,582.13,583.585,572,580.49
2022-02-03,583.5,590.42,579.995,580.89
2022-02-02,583.5,591.23,579.5,587.78
2022-02-01,587.75,587.75,583,580
2022-01-31,589.25,594.19,586.44,584.25
2022-01-28,584.95,597.125,584.95,585.75
2022-01-27,581,585.26,580.355,581.45
2022-01-26,579.75,587.785,579.6,577.5
2022-01-25,579,589.63,578.75,576.25
2022-01-24,578.75,586.665,578.625,575.5
2022-01-21,577.5,586.485,577.5,575.25
2022-01-20,578.5,579.26,577,574
2022-01-19,575.75,579.04,575.7,576.02
2022-01-18,572.25,577.19,572.2,575.07
2022-01-17,572.25,572.25,572.25,568.75
2022-01-14,572.25,573,571.5,568.75
2022-01-13,577.5,578.26,571,568.75
2022-01-12,578.25,578.53,577,574
2022-01-11,578.75,579.39,577,575.29
2022-01-10,580.25,580.415,578,575.25
2022-01-07,581,582.265,579.875,576.75
2022-01-06,580.5,582.03,580,577.5
2022-01-05,581.25,581.53,579.03,577
2022-01-04,578.5,581.375,577.5,577.75
2022-01-03,580,581.15,577.5,575
2021-12-31,579.5,587.185,579.5,576.5
2021-12-30,580.5,588.43,579,576
2021-12-29,579.5,589.315,579.5,577
2021-12-28,579.25,585.645,578.875,576
2021-12-27,578.75,587.545,578,575.75
2021-12-24,578.75,579.535,578,575
2021-12-23,582.03,589.055,578,576.8
2021-12-22,581.25,582.375,580.875,578.75
2021-12-21,583,583,580,578.99
2021-12-20,579.25,590.235,579.25,579.5
2021-12-17,581,581.89,578,579.28
2021-12-16,582,587.765,579.5,577.65
2021-12-15,581.75,589.655,581.625,578.5
2021-12-14,581.25,585.985,580.875,580.59
2021-12-13,581,586.56,580,578.9
2021-12-10,581.5,589.89,580,577.5
2021-12-09,581.25,584.485,578.5,577
2021-12-08,581.675,589.375,580.625,577.75
2021-12-07,581.5,586.145,580.125,577.25
2021-12-06,581.25,588.925,580.875,579.1
2021-12-03,579.5,584.71,579.5,578.3
2021-12-02,579,586.795,578.75,577.72
2021-12-01,579.75,587.965,578.75,576.71
2021-11-30,582,582,579,576.25
2021-11-29,583.75,588.87,581,579.38
2021-11-26,584.5,588.665,582.745,581
2021-11-25,583.25,585.5,583.25,579.75
2021-11-24,583.75,584.79,582.375,582.33
2021-11-23,588.71,589.26,581.75,580.25
2021-11-22,577.75,589.605,577.625,588.39
2021-11-19,579,586.465,566.5,585.83
2021-11-18,579.75,580.12,579,575.5
2021-11-17,576.75,587.31,576.7,577.73
2021-11-16,572.5,587.055,572.5,573.25
2021-11-15,573,573,571.5,569
2021-11-12,571.5,578.045,570.735,570.77
2021-11-11,576.27,577.58,566.75,568
2021-11-10,570.63,576.475,565.75,575.64
2021-11-09,570.905,574.245,565.25,569.73
2021-11-08,567.5,573.97,566.375,570.08
2021-11-05,572.13,574.145,566,564
2021-11-04,569.225,573.37,565.875,571.71
2021-11-03,570.895,571.71,564.75,568.95
2021-11-02,562.25,573.545,562.25,570.47
2021-11-01,562.25,566.035,561.5,561.38
2021-10-29,568.305,568.305,562.25,558.75
2021-10-28,569.69,573.155,564.375,562
2021-10-27,565.75,575.435,565.25,569.34
2021-10-26,561,567,561,562.25
2021-10-25,563.55,568.79,560.5,560.67
2021-10-22,563.5,568.925,563.5,561.63
2021-10-21,564.705,571.9,562.5,561.55
2021-10-20,565.75,568.595,564,561
2021-10-19,564.5,566.185,563.95,562.25
2021-10-18,565,569.745,564,561
2021-10-15,565,573.5,564,562.86
2021-10-14,568,568.5,564,562.59
2021-10-13,566.75,572.315,566.125,564.5
2021-10-12,568.25,570.54,565.5,563.25
2021-10-11,568.25,574.34,568.25,564.75
2021-10-08,567,572.065,566.75,565
2021-10-07,567,572.49,567,568.04
2021-10-06,565.5,573.755,565,563.5
2021-10-05,565.25,567,564.5,562
2021-10-04,566.25,572.26,559.5,561.75
2021-10-01,561,567.08,560.25,562.75
2021-09-30,562,573.015,559,557.5
2021-09-29,561.75,567.57,559.5,558
2021-09-28,558.75,566.355,558.625,558.25
2021-09-27,558.75,562.28,558,555.25
2021-09-24,560.25,566.655,558,555
2021-09-23,568.515,568.765,559.5,556.75
2021-09-22,559.5,568.69,559,566.93
2021-09-21,560,563.67,559,556
2021-09-20,557,567.91,557,558.52
2021-09-17,556.25,558.755,556.25,555.51
2021-09-16,560.645,562.5,554,552.75
2021-09-15,555.55,562.725,554.125,559.63
2021-09-14,556.75,560.695,555.025,552.05
2021-09-13,554,564.985,553.75,553.25
2021-09-10,554,555.45,553.75,551.79
2021-09-09,554,555.79,554,551.57
2021-09-08,552.25,555.395,551.875,551.68
2021-09-07,552.25,554.115,551.875,550.24
2021-09-06,552.25,561.795,552.25,548.75
2021-09-03,556,556,551.875,548.75
2021-09-02,556,558.5,553.8,552.5
2021-09-01,556,556.805,555.315,552.5
2021-08-31,556,556.305,554.7,552.5
2021-08-30,557.25,558.61,556,552.5
2021-08-27,558.5,560.5,557.25,553.75
2021-08-26,558.5,559.055,557,555
2021-08-25,559,559.885,557.485,555
2021-08-24,560.25,560.875,558.75,555.58
2021-08-23,561.5,561.5,559.5,556.75
2021-08-20,559.25,565.045,559.25,558
2021-08-19,560.25,568.02,558.375,556
2021-08-18,560.25,565.115,558.5,556.75
2021-08-17,560.25,560.56,556.5,557.26
2021-08-16,559,560.5,556.525,557
2021-08-13,560.25,560.305,559,555.5
2021-08-12,560.25,563.315,558.45,556.75
2021-08-11,555,560.485,555,556.51
2021-08-10,554.98,564.13,554.98,551.5
2021-08-09,555,559.145,554.28,551.48
2021-08-06,553.75,555.32,553.75,551.5
2021-08-05,551.5,554.28,551.38,551.2
2021-08-04,552.25,552.375,551,548
2021-08-03,551.5,552.25,551.4,548.75
2021-08-02,555.5,557.035,551.5,548
2021-07-30,553.965,556.545,551.28,552
2021-07-29,555.5,557.45,551.605,553.58
2021-07-28,556,559.895,554.5,552
2021-07-27,559.18,564.13,554.44,552.5
2021-07-26,557.15,560.385,555.25,558.63
2021-07-23,556,558.535,555.5,553.65
2021-07-22,558.68,560.14,555.525,552.5
2021-07-21,556.75,564.68,555.5,557.57
2021-07-20,563.75,563.75,556,553.25
2021-07-19,555.5,563.77,555.5,560.25
2021-07-16,554.5,555.5,553.5,552
2021-07-15,556.22,556.86,553.5,551
2021-07-14,553.25,557,551.5,553
2021-07-13,552.5,553.875,551,549.75
2021-07-12,555.75,555.75,552.5,549
2021-07-09,557.265,559.295,553.825,552.25
2021-07-08,554.75,564.87,553.905,556.6
2021-07-07,552,554.75,552,551.25
2021-07-06,554.75,555.625,551,548.5
2021-07-05,554.75,557.185,554.525,551.25
2021-07-02,553.25,556.055,552.375,551.25
2021-07-01,551.5,563.23,549.5,550
2021-06-30,551.45,558.745,549.5,548
2021-06-29,549.5,552.545,549,547.5
2021-06-28,549.5,554.335,548.5,547.44
2021-06-25,549.5,551,548.5,546.63
2021-06-24,550.25,551.055,548.5,546
2021-06-23,551.5,552.165,549.375,546.75
2021-06-22,552.75,553.625,550.5,548
2021-06-21,551,557.745,551,549.25
2021-06-18,549,551.925,549,547.5
2021-06-17,540.8,549.25,540.65,545.5
2021-06-16,540.25,542.43,540.25,537.3
2021-06-15,541.75,542.895,539.255,537.73
2021-06-14,538.25,545.235,538.25,538.25
2021-06-11,539.25,541.02,538.25,534.75
2021-06-10,538.75,546.29,538.75,535.75
2021-06-09,539,543.555,538.625,535.25
2021-06-08,539.48,543.555,539,535.5
2021-06-07,541.75,542.79,539.445,536
2021-06-04,537.5,543.165,537,538.25
2021-06-03,536,539.855,535.75,534.75
2021-06-02,536,538.38,535.75,532.5
2021-06-01,537.75,538.235,535,532.5
2021-05-31,538.5,544.1,537.125,534.25
2021-05-28,537.5,539.61,536.5,535
2021-05-27,536,538.685,535,534
2021-05-26,535.25,537.405,534,532.5
2021-05-25,536.75,538.23,534,531.75
2021-05-24,536.75,538.11,536,533.25
2021-05-21,538,538.76,536,535.41
2021-05-20,536,544.555,536,534.5
2021-05-19,537.75,545.535,535,532.5
2021-05-18,540,542.5,537,534.37
2021-05-17,541.75,547.105,539.75,537.01
2021-05-14,540.5,546.185,540.5,538.25
2021-05-13,540.5,541.555,539.925,537
2021-05-12,540.5,542,540,537
2021-05-11,540.25,544.51,538.445,537
2021-05-10,543.25,544.6,539.875,536.75
2021-05-07,545.5,548.18,541,539.75
2021-05-06,547.25,547.41,541,542
2021-05-05,546,547.43,541.5,543.96
2021-05-04,545,546.285,541,542.5
2021-05-03,541.75,554.075,541,541.5
2021-04-30,541.25,545.8,540.875,538.25
2021-04-29,548.005,549.07,540.375,537.75
2021-04-28,543.25,553.645,541.5,546.5
2021-04-27,542.25,547.945,541.375,539.75
2021-04-26,544.5,545.5,541,538.75
2021-04-23,544.5,546.5,543.5,541
2021-04-22,545.75,549.62,544,543
2021-04-21,543.5,555.2,543,542.58
2021-04-20,547.5,549.11,542.5,540
2021-04-19,547.92,555.75,546,544
2021-04-16,548.25,555.365,546.5,544.42
2021-04-15,551.5,558.47,546.5,544.75
2021-04-14,552.25,552.5,548.5,548
2021-04-13,551.5,561.765,550.5,548.75
2021-04-12,551.5,553.165,551,548
2021-04-09,551.98,552.28,551.5,548
2021-04-08,555.5,555.61,551.955,548.48
2021-04-07,556.485,558.355,552.92,552
2021-04-06,557,562.89,554.56,555.65
2021-04-05,557,560.335,556.9,553.5
2021-04-02,561.02,562.69,556.25,560.85
2021-04-01,563.265,564.06,557.5,560.04
2021-03-31,558.25,569.33,557.375,562.29
2021-03-30,556.75,565.335,555.61,554.75
2021-03-29,555.25,564.83,555.25,553.25
2021-03-26,564.87,565.135,555.25,551.75
2021-03-25,549.94,565.18,549.94,563.27
2021-03-24,550,556.04,549.5,546.44
2021-03-23,551.98,556.48,549.5,550.11
2021-03-22,548.22,555.64,548.2,548.48
2021-03-19,550,558.25,548.22,544.72
2021-03-18,553.065,558.415,549,554.75
2021-03-17,556.595,558.835,549,552.56
2021-03-16,550,557.205,549,556.19
2021-03-15,549.25,557.52,548.5,547
2021-03-12,549.5,552.5,548.5,545.33
2021-03-11,552,555.375,549.5,546
2021-03-10,556.71,560.595,551.67,548.5
2021-03-09,559.25,560.97,550.47,556.14
2021-03-08,544.25,562.635,543.375,558.82
2021-03-05,544.25,545.625,543.35,540.75
2021-03-04,545.68,545.68,542.875,541
2021-03-03,545.75,550.275,542.91,542.18
2021-03-02,542.5,546.625,540,542.25
2021-03-01,540.5,548.99,539.49,541
2021-02-26,539,541.5,538.75,537
2021-02-25,539.75,540.625,539,535.5
2021-02-24,538.95,541.5,538.225,536.25
2021-02-23,542,543,538,535.45
2021-02-22,542,545.285,540.5,538.5
2021-02-19,544.7,545.165,541,538.5
2021-02-18,543.25,545.165,542,541.2
2021-02-17,540.5,544.61,540,539.75
2021-02-16,540.5,547.15,540,537
2021-02-15,541,550.565,540.11,537
2021-02-12,541,541.94,539.5,537.5
2021-02-11,540.75,542.505,539.5,537.5
2021-02-10,543,543.75,540.125,537.25
2021-02-09,545,549,541.935,539.5
2021-02-08,548.25,550.68,544,541.5
2021-02-05,546.25,548.875,544.5,544.75
2021-02-04,545.25,552.5,544,542.75
2021-02-03,543.5,553.205,541.5,541.75
2021-02-02,550.96,551.05,540.125,540
2021-02-01,542.5,551.255,539.5,549.4
2021-01-29,542.5,543.5,538.84,540
2021-01-28,539.5,542.61,539,539
2021-01-27,541,541.515,539,536
2021-01-26,538.75,543.11,538.5,537.5
2021-01-25,539.75,540.125,538.625,535.25
2021-01-22,540.75,542.22,538.8,536.25
2021-01-21,539.5,542.5,538.5,537.25
2021-01-20,541.98,541.98,539,536
2021-01-19,550.25,550.415,539.5,538.48
2021-01-18,540.5,553.31,540.5,546.75
2021-01-15,540,553.015,538.75,552.02
2021-01-14,536.95,540.75,536.95,536.5
2021-01-13,547.035,548.315,536.95,533.45
2021-01-12,549.58,550.19,533.5,546
2021-01-11,532.7,550.395,532.1,548.52
2021-01-08,532.5,545.675,532,529.2
2021-01-07,532.25,541.81,531.85,529
2021-01-06,534.5,542.205,532.25,528.75
2021-01-05,534.72,536.165,534,531
2021-01-04,534,536,532,531.22
2021-01-01,534,534,534,530.5
2020-12-31,533.95,535.61,533,530.5
2020-12-30,535.5,536.31,533.725,530.45
2020-12-29,536.5,536.61,535,532
2020-12-28,537.25,546.655,536,534.04
2020-12-25,537.25,537.25,537.25,533.75
2020-12-24,546.045,546.2,537.25,533.97
2020-12-23,536.5,546.9,536.5,545.02
2020-12-22,535.75,548.835,535.625,546.54
2020-12-21,535.5,546.83,535.5,532.25
2020-12-18,536.5,545.245,535.5,542.08
2020-12-17,539.25,539.305,536,535
2020-12-16,540,541.5,538.5,535.75
2020-12-15,539.98,549.13,539,536.5
2020-12-14,539.72,548.475,539.61,536.48
2020-12-11,541,545.66,539.11,537
2020-12-10,541.41,543.1,538.38,537.5
2020-12-09,542.5,545.525,540,539
2020-12-08,546.52,547.285,540,536
2020-12-07,539.5,553.915,539.5,543.07
2020-12-04,543.2,544.46,538.5,536
2020-12-03,543.25,546.13,541.39,539.4
2020-12-02,548.25,548.47,542.21,539.75
2020-12-01,550,550.305,546.645,544.75
2020-11-30,549.75,550.055,547.63,546.5
2020-11-27,551.2,554.375,549.625,546.25
2020-11-26,551.25,559.475,551.2,547.7
2020-11-25,553.5,553.61,550.875,547.75
2020-11-24,552.72,555,552.7,550
2020-11-23,553.5,555.5,552.235,549.22
2020-11-20,553.5,554.665,552.945,550
2020-11-19,553.5,554.61,553.255,550
2020-11-18,553,556.925,553,550
2020-11-17,559.585,560.015,552.95,549.5
2020-11-16,555.23,563.26,551.74,558.99
2020-11-13,556.98,562.95,554.36,551.73
2020-11-12,555.25,557.415,555.2,556.66
2020-11-11,555.25,557.36,552.5,552.15
2020-11-10,554.22,555.655,554.2,551.75
2020-11-09,554.22,559.28,552.23,554.75
2020-11-06,571.86,573.51,553.36,569.65
2020-11-05,576.93,577.65,556.505,571.835
2020-11-04,564,579.53,561.91,576.98
2020-11-03,564,567.21,562.345,560.5
2020-11-02,558,568.45,558,560.5
2020-10-30,558,566.5,557.25,554.5
2020-10-29,555,560.155,554.25,554.5
2020-10-28,555,558.295,555,551.5
2020-10-27,553.98,563.015,553.725,555
2020-10-26,554.75,559.9,553.24,550.7
2020-10-23,552.98,558.655,552.98,551.25
2020-10-22,557,559.985,552.24,549.86
2020-10-21,557.25,559.015,553.86,556.795
2020-10-20,560.25,566.95,556.16,553.75
2020-10-19,560.25,561.875,558,556.75
2020-10-16,558.75,570.765,557.625,556.31
2020-10-15,558.75,571.675,558.1,558.5
2020-10-14,555,572.895,555,555.25
2020-10-13,555,563.24,555,551.5
2020-10-12,557.2,557.2,554.75,551.5
2020-10-09,557.5,557.985,554.5,553.7
2020-10-08,558,568.655,556.875,553.75
2020-10-07,559.5,560.645,556.04,554.5
2020-10-06,560,560.5,558.53,556
2020-10-05,558.5,560.5,558.075,556
2020-10-02,558.5,560.6,558.5,555
2020-10-01,559.5,560.62,558,555
2020-09-30,561.5,562.5,559.5,556
2020-09-29,564.25,564.305,560.67,558
2020-09-28,562,574.66,561.225,560.75
2020-09-25,562,564.76,560.44,559.07
2020-09-24,561,564.915,559.23,558.5
2020-09-23,559.5,562.35,559,557.67
2020-09-22,553.22,560,552.86,556
2020-09-21,553.25,555.3,552.85,549.72
2020-09-18,553.25,557.5,552.35,549.75
2020-09-17,553.22,557.5,552.86,549.75
2020-09-16,553,567.805,552.25,550.01
2020-09-15,553,567.875,551.75,562.61
2020-09-14,554.75,555.195,552.675,549.5
2020-09-11,554.72,555.33,550.99,550.79
2020-09-10,557,557.75,550.62,550.98
2020-09-09,554.275,557.765,554,552.81
2020-09-08,555.25,556.57,553.25,550.5
2020-09-07,555.25,569.16,554.375,551.75
2020-09-04,552.19,556.66,550.15,551.75
2020-09-03,552.25,557.065,548.22,548.69
2020-09-02,547.25,553.68,547.2,548.75
2020-09-01,551.75,551.75,547.25,545.24
2020-08-31,554.75,554.86,550.075,548.25
2020-08-28,554.75,554.995,553.32,551.25
2020-08-27,554.72,556.545,554.61,551.25
2020-08-26,555,556.79,554.495,550.81
2020-08-25,555.75,556.04,554.635,551.5
2020-08-24,554,556.895,553.75,552.61
2020-08-21,552.98,556.56,552.98,550.5
2020-08-20,549.7,554.35,549.7,549.2
2020-08-19,553.75,553.86,549.7,546.2
2020-08-18,553.72,554.125,552.62,550.25
2020-08-17,556,558.245,552.61,550.22
2020-08-14,554.72,556,554.72,552.5
2020-08-13,558.45,558.615,554.11,551.22
2020-08-12,558.72,559.11,557.475,554.95
2020-08-11,557.75,559.19,557.1,558
2020-08-10,553,572.235,553,554.25
2020-08-07,553,555.29,552.725,549.5
2020-08-06,554.75,554.915,551.75,549.5
2020-08-05,557.7,557.865,554.28,551.25
2020-08-04,557.72,565.65,557.7,554.2
2020-08-03,557.75,568.665,557.1,554.22
2020-07-31,557.75,557.805,556.845,554.25
2020-07-30,560.22,560.385,557.125,554.25
2020-07-29,560.275,560.375,559.295,559.58
2020-07-28,565.48,566,560.22,556.75
2020-07-27,566.72,581.685,564.685,564.74
2020-07-24,566.75,567.235,565.355,562
2020-07-23,571.48,583.7,566.75,563.25
2020-07-22,573.25,583.7,568.98,565.48
2020-07-21,569.5,588.58,569.5,572.5
2020-07-20,576.25,588.74,569.92,568.84
2020-07-17,583.7,583.7,575.05,572.75
2020-07-16,581.5,583.7,574.875,571.75
2020-07-15,583.46,589.77,575,580.48
2020-07-14,579.75,594.415,578.725,582.36
2020-07-13,582,583.7,579.125,575.44
2020-07-10,583.7,583.7,577.5,577.71
2020-07-09,583.7,583.7,578.6,575.71
2020-07-08,583.7,583.7,580.74,577.25
2020-07-07,583.185,584.19,581.075,577.7
2020-07-06,583.7,585.17,582.375,580.38
2020-07-03,581.5,584.25,581.5,580.5
2020-07-02,583.5,598.555,581.5,578
2020-07-01,585.22,585.22,583.6,580.72
2020-06-30,583.7,594.38,582.7,581.34
2020-06-29,583.7,585.16,582.195,579.31
2020-06-26,583.5,597.645,583.405,581.2
2020-06-25,580.48,584.72,579.975,580
2020-06-24,581.25,583.7,580.48,576.98
2020-06-23,583.7,585.08,580.385,577.75
2020-06-22,585.25,585.705,583.165,581.22
2020-06-19,583.98,585.875,582.9,581.52
2020-06-18,581.5,584,581.5,580.37
2020-06-17,582.72,584.435,581.5,578.89
2020-06-16,582.72,590.215,581.935,579.22
2020-06-15,583.7,583.82,579.9,578.12
2020-06-12,576.94,583.82,576.9,576.45
2020-06-11,577.98,585.895,576.72,573.44
2020-06-10,582.25,586.4,576.31,574.48
2020-06-09,577.65,585.11,575.7,577.46
2020-06-08,577.72,584.635,577.09,575.79
2020-06-05,585.5,586,577.11,577.02
2020-06-04,584.81,586.06,582.715,583.795
2020-06-03,585.72,589,583.6,581
2020-06-02,583.7,590.86,583.7,582.42
2020-06-01,590.22,591.075,583.7,590
2020-05-29,595.98,596.74,583.7,586.49
2020-05-28,599.72,600.025,583.7,591.09
2020-05-27,601.72,602.17,598.26,596.71
2020-05-26,600.95,602.125,599.34,598.22
2020-05-25,600.98,600.98,600.95,597.45
2020-05-22,598.72,601.555,583.7,597.48
2020-05-21,598.72,600.125,583.7,594.68
2020-05-20,599.48,600.5,597.905,594.13
2020-05-19,606.75,606.855,598.99,595.98
2020-05-18,606.72,607.125,605.1,605.5
2020-05-15,606.78,607.695,605.94,602.36
2020-05-14,606.72,607.475,606.6,603.05
2020-05-13,606.7,611.94,604.5,606.27
2020-05-12,605.48,607.125,605.105,602.04
2020-05-11,605.2,606.335,604.415,601.98
2020-05-08,605.95,612.31,604.32,601.7
2020-05-07,604.88,607.845,602.27,601.97
2020-05-06,602.2,605.78,602.2,601.56
2020-05-05,599.95,603.275,583.7,598.7
2020-05-04,602.98,606.215,599.225,596.49
2020-05-01,603.7,604.6,601,599.48
2020-04-30,603.72,604.805,601.535,600.2
2020-04-29,605.34,606.56,603.3,599.38
2020-04-28,604.5,606.5,604,606
2020-04-27,611,612.645,604,605
2020-04-24,607.95,611.06,604.5,604.57
2020-04-23,603.72,608.93,603.6,605.38
2020-04-22,603.72,606.04,603.1,600.22
2020-04-21,603.72,605.21,603.45,599.7
2020-04-20,605.7,608.875,596.32,600.22
2020-04-17,583.7,612.005,583.7,602.2
2020-04-16,599.545,603.43,583.7,598.31
2020-04-15,600,600.86,583.7,595.88
2020-04-14,598.95,600.43,583.7,596.72
2020-04-13,599,599.81,595.435,595.45
2020-04-10,603.5,605.435,598.75,595.5
2020-04-09,604.7,604.76,602.6,600
2020-04-08,603.5,607.435,596.32,601.2
2020-04-07,606.98,607.65,596.32,601.825
2020-04-06,606.98,611.78,596.32,604.45
2020-04-03,596.32,607.28,583.7,603.48
2020-04-02,583.7,600.625,583.7,599.335
2020-04-01,592.5,598.11,583.7,594.48
2020-03-31,583.7,595.925,583.7,589
2020-03-30,595.2,601.5,583.7,589
2020-03-27,601.72,602.11,592.385,591.72
2020-03-26,605.75,606.31,596.845,598.3
2020-03-25,605.75,606.185,602.135,605.155
2020-03-24,611.7,611.76,604.845,605.23
2020-03-23,608.72,615.315,606.14,608.2
2020-03-20,595.5,609.365,581.96,605.22
2020-03-19,595.15,601.75,581.095,592.695
2020-03-18,588.5,598.515,583.7,595.975
2020-03-17,589.22,598.36,583.7,585
2020-03-16,586.95,589.995,581.085,585.96
2020-03-13,580.25,587.83,577.635,580
2020-03-12,578.5,584.93,576.775,580.245
2020-03-11,577.5,588.89,574.925,575
2020-03-10,572.2,583.7,570.905,577.055
2020-03-09,583.98,589.03,569.645,568.7
2020-03-06,588.2,591.14,578.235,580.48
2020-03-05,588.22,595.65,580.445,584.7
2020-03-04,593,593.75,580.445,584.72
2020-03-03,592.94,597.545,583.345,588.485
2020-03-02,596.48,596.72,583.7,591.84
2020-02-28,601.02,601.3,590.33,593
2020-02-27,603.2,603.32,599.68,597.52
2020-02-26,604.5,604.645,600.51,600.69
2020-02-25,606.5,606.56,601.805,601.985
2020-02-24,607.5,607.56,601.98,603
2020-02-21,607.98,608.1,604.745,604.925
2020-02-20,607.2,608.75,604.99,604.48
2020-02-19,605.2,611.815,603.515,605.51
2020-02-18,605.25,608.76,590.28,601.7
2020-02-17,605.2,608.425,600.74,601.75
2020-02-14,603,605.375,590.28,601.7
2020-02-13,601.27,609.58,597.815,599.5
2020-02-12,600.95,601.39,599.295,597.77
2020-02-11,598.98,602,590.28,597.45
2020-02-10,583.7,599.25,583.7,595.48
2020-02-07,596.25,604.44,583.29,594.15
2020-02-06,594.2,599.805,583.29,592.75
2020-02-05,593.48,594.31,583.7,590.7
2020-02-04,583.7,597.62,583.355,593.5
2020-02-03,594.95,597,576.75,588.7
2020-01-31,595.95,598.41,583.7,591.45
2020-01-30,583.7,596.74,583.7,592.45
2020-01-29,595.48,596.75,583.7,596
2020-01-28,594.2,596,583.7,591.98
2020-01-27,593.95,601.81,583.195,590.7
2020-01-24,591.18,599.6,583.7,590.45
2020-01-23,591.045,603.255,583.7,592
2020-01-22,591.2,593.505,583.7,587.78
2020-01-21,588.85,593.08,583.7,587.7
2020-01-20,588.9,590.2,583.7,585.35
2020-01-17,588.95,589,583.7,585.45
2020-01-16,589,590.75,583.7,585.45
2020-01-15,589,590.81,583.655,589.185
2020-01-14,589.5,596.25,583.655,590.58
2020-01-13,590.5,590.5,583.7,586
2020-01-10,583.7,590.62,583.47,587
2020-01-09,586.72,589.5,583.465,589.5
2020-01-08,586.7,590.095,583.48,583.22
2020-01-07,587.5,593.815,582.58,583.2
2020-01-06,587.72,591.795,583.09,584
2020-01-03,585.2,590.135,581.84,587
2020-01-02,585.25,590.135,582.73,581.7
2020-01-01,585.25,585.25,583.7,581.75
2019-12-31,585.5,589.095,583.7,581.75
2019-12-30,589.75,590.43,583.7,582
2019-12-27,591.5,592.41,583.7,586.25
2019-12-26,583.7,595.375,583.7,589.86
2019-12-25,591.75,591.75,583.7,588.25
2019-12-24,591.75,596.59,583.7,588.25
2019-12-23,589.9,596.19,583.7,591.68
2019-12-20,589.5,597.13,583.075,586.4
2019-12-19,583.7,594.045,583.7,586
2019-12-18,591.7,591.76,583.57,585.2
2019-12-17,588.2,593.325,583.7,589.82
2019-12-16,587.45,593.09,583.7,584.7
2019-12-13,589.135,594.105,581.22,585.82
2019-12-12,592.48,594.355,582.825,589.95
2019-12-11,592.48,592.55,583.7,588.98
2019-12-10,583.7,594.93,583.7,591.655
2019-12-09,590.72,594.87,583.7,589.22
2019-12-06,592,592.375,583.7,587.22
2019-12-05,592.22,592.415,583.7,588.75
2019-12-04,591.98,596,583.7,588.75
2019-12-03,596,596.125,583.7,588.48
2019-12-02,595.75,599.21,583.7,593.76
2019-11-29,583.7,602.635,583.7,592.25
2019-11-28,595.5,599.16,583.7,592
2019-11-27,594.98,598.165,583.7,592
2019-11-26,595,601.375,583.7,594.175
2019-11-25,592.72,602.42,583.7,591.5
2019-11-22,594.87,600.565,581.71,589.22
2019-11-21,592.5,596,583.7,589
2019-11-20,592.2,598.055,583.7,589
2019-11-19,592.155,596,583.7,591.375
2019-11-18,595.25,600.41,583.7,589.48
2019-11-15,595.7,596.1,583.7,594.255
2019-11-14,595.75,596.125,583.7,592.2
2019-11-13,583.7,595.87,583.7,592.25
2019-11-12,594.75,595.245,583.7,593.35
2019-11-11,593.5,595.125,583.7,591.25
2019-11-08,592.2,594,583.7,590
2019-11-07,588.5,598.81,583.7,589.19
2019-11-06,588.95,592.25,583.7,588.085
2019-11-05,587.2,597.5,583.7,585.45
2019-11-04,589.7,593.84,583.7,583.7
2019-11-01,589.6,589.81,583.7,586.22
2019-10-31,589.7,590.68,583,586.1
2019-10-30,591.5,594.745,583.7,586.2
2019-10-29,591,591.68,583.7,588
2019-10-28,590.2,596.85,582.47,588
2019-10-25,588.5,597.075,582.75,586.7
2019-10-24,589.72,596.395,583.7,585
2019-10-23,583.7,594.53,583.7,586.22
2019-10-22,587.7,594.835,582.43,585
2019-10-21,589.7,598.135,583.7,584.2
2019-10-18,592.95,595.17,583.7,587.55
2019-10-17,594.98,597.185,583.095,590.98
2019-10-16,583.7,597.37,583.7,591.48
2019-10-15,595.25,599.485,592.98,591.5
2019-10-14,595.75,599.815,583.7,591.75
2019-10-11,595.48,601.05,583.7,592.25
2019-10-10,597.48,599.745,583.7,592.18
2019-10-09,597.5,601.66,594.53,593.98
2019-10-08,597.5,603.185,583.7,594
2019-10-07,600.6,604.235,596.22,594
2019-10-04,598.98,602.985,597.81,599.73
2019-10-03,600.7,602.485,593.27,595.48
2019-10-02,602.48,607.76,591.725,595.41
2019-10-01,599.48,604.9,599.45,598.98
2019-09-30,600.98,600.98,598.99,595.98
2019-09-27,603.2,603.2,600.24,597.48
2019-09-26,596.48,606.425,583.7,599.7
2019-09-25,596.98,603.57,583.7,592.98
2019-09-24,597.72,600,583.7,593.48
2019-09-23,593.7,603.33,583.7,596.89
2019-09-20,594,600.28,583.7,590.2
2019-09-19,595.7,598.17,583.7,590.5
2019-09-18,594.87,598.29,580.235,592.2
2019-09-17,599.5,602.49,583.7,592.2
2019-09-16,583.7,604.215,583.08,588.48
2019-09-13,595.5,598.36,579.635,587.75
2019-09-12,594.2,599.955,583.7,594.53
2019-09-11,594.48,601.59,583.7,590.7
2019-09-10,594.48,602.705,586.545,592.83
2019-09-09,593.85,601.7,585.67,590.98
2019-09-06,596.98,602.11,593.75,590.35
2019-09-05,597,602.19,583.7,593.48
2019-09-04,599.7,604.165,595.93,593.5
2019-09-03,594.45,609.24,594.45,596.2
2019-09-02,594.45,605.575,594.45,590.95
2019-08-30,583.7,605.295,583.7,603.99
2019-08-29,591.5,600.665,583.7,591
2019-08-28,583.7,599.475,583.7,595
2019-08-27,583.7,599.895,583.7,586.72
2019-08-26,590.7,597.88,583.7,589
2019-08-23,591.2,600.265,583.7,587.2
2019-08-22,591.25,599.775,583.7,587.7
2019-08-21,591,600.88,583.7,587.75
2019-08-20,590.98,600.785,583.7,596.73
2019-08-19,587,598.505,583.7,587.48
2019-08-16,586.98,599.745,583.7,583.5
2019-08-15,586.98,591.43,583.7,583.48
2019-08-14,585.95,594.03,583.7,588.94
2019-08-13,586.2,594.165,583.7,587.04
2019-08-12,583.7,594.725,583.7,582.7
2019-08-09,584.72,593.605,583.7,585.41
2019-08-08,585.2,596.62,583.7,581.22
2019-08-07,585.2,596.67,583.7,585.47
2019-08-06,589.7,596.175,579.715,581.7
2019-08-05,583.7,597.43,583.7,585.78
2019-08-02,594.5,601.16,583.7,587.4
2019-08-01,587.95,602,580.49,591.75
2019-07-31,588.95,596.94,580.49,592.61
2019-07-30,589.95,596.005,580.49,588.04
2019-07-29,583.7,597.34,580.49,588.41
2019-07-26,589.45,597.555,583.7,589.5
2019-07-25,588.95,597.94,580.49,588.57
2019-07-24,591,598.195,580.49,585.45
2019-07-23,584.75,595.495,580.49,588.41
2019-07-22,583.7,594.455,580.49,581.25
2019-07-19,583.7,593.845,580.49,579.02
2019-07-18,582.95,594.435,580.49,581.68
2019-07-17,582.95,594.39,580.49,578.87
2019-07-16,581.5,593.18,577.63,579.45
2019-07-15,583.7,584.13,580.46,578
2019-07-12,582,583.7,581.725,578.45
2019-07-11,584.95,585.5,581.75,578
2019-07-10,584.95,585.53,583.7,581.45
2019-07-09,583.7,585.25,580.8,581.45
2019-07-08,582,583.7,580.49,578.5
2019-07-05,581.25,583.7,580.85,578.5
2019-07-04,583.7,583.7,581.25,577.75
2019-07-03,580.75,583.7,579.5,578.5
2019-07-02,579.5,582.155,576.5,577.25
2019-07-01,575.98,579.24,573.38,575.065
2019-06-28,577,577.75,575.74,572.48
2019-06-27,576,578,575.95,573.5
2019-06-26,575.95,580.24,575.615,572.5
2019-06-25,576.7,579.24,575.265,571.88
2019-06-24,579.98,583.7,575.56,575.68
2019-06-21,583.7,583.7,579.69,576.48
2019-06-20,586,589.75,578.665,576.87
2019-06-19,583.55,586.78,582.95,582.5
2019-06-18,584.95,585.725,581.66,580.05
2019-06-17,581.75,587,578.135,580.87
2019-06-14,579.45,581.975,578.85,577.67
2019-06-13,579.45,587.03,576.85,575.37
2019-06-12,579.5,580.5,579.185,575.95
2019-06-11,582.1,588.6,578.92,576.42
2019-06-10,582.2,583.7,581.3,578.6
2019-06-07,584.2,586,581.275,578.12
2019-06-06,581.275,585.5,580.58,580.7
2019-06-05,585.1,603.105,581.17,581.535
2019-06-04,588.95,589.01,584.81,581.6
2019-06-03,588,604.195,583.7,587.695
2019-05-31,587.95,603.695,583.7,587.74
2019-05-30,587.98,588.75,587.385,584.45
2019-05-29,586.7,603.945,583.7,584.48
2019-05-28,585.75,603.945,583.7,583.2
2019-05-27,586.25,586.25,583.7,582.25
2019-05-24,588.48,603.945,583.7,582.75
2019-05-23,588.2,601.845,586.47,586.72
2019-05-22,588.2,588.375,587.475,584.7
2019-05-21,587.5,603.82,583.7,584.7
2019-05-20,583.7,603.945,583.7,584
2019-05-17,584.95,603.245,583.2,583.2
2019-05-16,583.7,597.63,583.1,581.45
2019-05-15,583.7,597.84,582.515,580.2
2019-05-14,584.2,592.86,583.1,583.5
2019-05-13,585.74,585.74,583.84,580.7
2019-05-10,586,588.7,583.91,580.7
2019-05-09,585.5,588.7,584.87,584
2019-05-08,585.25,585.63,584.575,582
2019-05-07,586.2,588.7,584,581.75
2019-05-06,585.7,588.7,585.575,582.7
2019-05-03,585.7,588.7,585.6,582.2
2019-05-02,586.48,588.7,585.435,582.2
2019-05-01,586.55,588.7,586.19,582.98
2019-04-30,590.81,591.925,586.04,583.3
2019-04-29,588.7,592.795,584.98,590.33
2019-04-26,588.2,589.625,584.98,585.2
2019-04-25,584.98,588.28,582.65,584.7
2019-04-24,582.94,585.06,580.2,581.48
2019-04-23,583.2,583.28,579.58,579.7
2019-04-22,583.25,583.31,580.2,578.54
2019-04-19,580.7,587,579.66,579.75
2019-04-18,579.48,580.78,579.45,577.2
2019-04-17,580.2,580.2,579.48,575.98
2019-04-16,581.955,582.825,579.62,579.975
2019-04-15,581.2,582.83,577.6,582.215
2019-04-12,581.5,583.6,579.9,577.7
2019-04-11,581.44,583.705,576.88,580.72
2019-04-10,582.43,598.345,578.19,581.83
2019-04-09,584.45,599.565,578.91,582.37
2019-04-08,591.7,591.735,584.16,580.95
2019-04-05,591.7,591.705,584.71,588.815
2019-04-04,584.7,591.755,581.85,588.2
2019-04-03,583.2,589.03,581.275,580.62
2019-04-02,583.72,592.52,579.06,589.64
2019-04-01,583.7,584.185,581.77,580.22
2019-03-29,582.5,586.35,579.95,580.2
2019-03-28,582.7,585.59,579.7,578.42
2019-03-27,579.72,583.125,579.43,579.2
2019-03-26,579.95,584.35,578.445,576.22
2019-03-25,576.2,584,574.195,576.45
2019-03-22,581,581.13,575.63,572.7
2019-03-21,574.75,583.75,570.795,577.5
2019-03-20,578,581.13,572.725,574.67
2019-03-19,578.5,578.5,577.715,574.5
2019-03-18,579.75,580.72,576.57,575
2019-03-15,587.605,588.295,578.635,576.25
2019-03-14,585.5,585.5,578.4,575.45
2019-03-13,582.5,586,580.935,577.17
2019-03-12,583.25,583.255,580.48,579
2019-03-11,580.48,583.31,578.5,579.75
2019-03-08,580.48,580.83,578.425,578.94
2019-03-07,580.48,581.03,577.72,576.7
2019-03-06,579.45,586.5,577.72,576.4
2019-03-05,577.72,579.53,576.9,575.95
2019-03-04,576.95,581,576.295,573.98
2019-03-01,576.48,581.59,575.285,581
2019-02-28,576.2,581,575.63,572.41
2019-02-27,577.72,580.94,575.245,572.7
2019-02-26,577.72,577.81,577.155,574.2
2019-02-25,578.2,581.7,576.295,574.22
2019-02-22,578.5,581.7,577.94,574.7
2019-02-21,578.2,581.7,578.035,575
2019-02-20,580.2,585,578.2,574.7
2019-02-19,581.7,581.7,580.2,576.7
2019-02-18,581.75,581.75,581.2,578.2
2019-02-15,581.2,581.75,580.86,578.25
2019-02-14,578.795,581.28,578.125,577.7
2019-02-13,581.2,581.23,578.71,575.5
2019-02-12,579.2,583.5,574.95,581.2
2019-02-11,579.455,580.205,574.915,578.425
2019-02-08,577.2,578.5,574.95,578.5
2019-02-07,576.2,577.25,574.95,577.2
2019-02-06,574.515,576.565,572.795,575.945
2019-02-05,573.45,574.95,572.31,574.2
2019-02-04,573.535,575.265,572.395,573.195
2019-02-01,569.75,575.5,569.75,573.22
2019-01-31,574.95,574.95,568.61,569.75
2019-01-30,573.2,574.95,573.15,573.72
2019-01-29,579.5,579.5,572.06,573.2
2019-01-28,579.5,580.5,574.38,574.95
2019-01-25,576.75,579.5,573.96,579.5
2019-01-24,576.9,577.75,576.18,576.75
2019-01-23,577.75,577.75,576.33,576.9
2019-01-22,576.5,577.75,573.96,577.75
2019-01-21,582.7,582.7,582.65,582.65
2019-01-18,576.7,582.75,573.96,582.7
2019-01-17,575.48,576.75,572.2,576.7
2019-01-16,572.83,576.13,571.53,574.97
2019-01-15,571.95,572.2,570.34,571.48
2019-01-14,568.95,572.2,568.38,571.95
2019-01-11,572.2,572.2,568.38,568.95
2019-01-10,572.2,572.5,571.11,572.2
2019-01-09,572.95,572.95,571.63,572.2
2019-01-08,574.5,576.95,572.38,572.95
2019-01-07,576.95,578.17,573.79,574.5
2019-01-04,576.98,580.5,574.73,576.95
2019-01-03,572.72,577,571.58,576.98
2019-01-02,572.72,574.58,571.01,572.72
2019-01-01,574.58,574.58,572.72,572.72
2018-12-31,572.72,574.58,571.55,572.72
2018-12-28,574.58,576.2,572.18,572.72
2018-12-27,574.58,578.17,574.58,576.2
2018-12-26,574.58,578.17,574.58,575.2
2018-12-25,576.25,576.25,574.58,576.25
2018-12-24,572.5,576.25,572.5,576.25
2018-12-21,574.2,574.58,571.93,572.5
2018-12-20,578.95,578.95,573.06,574.2
2018-12-19,578.2,581.5,574.01,575.72
2018-12-18,578.35,582.13,577.18,577.69
2018-12-17,577.7,580.69,577.13,577.72
2018-12-14,578.95,578.95,575.9,577.7
2018-12-13,580.45,582,577.4,581
2018-12-12,576.72,582.5,576.15,578.95
2018-12-11,573.72,576.75,573.7,576.72
2018-12-10,577.27,579.5,573.7,573.7
2018-12-07,578.95,582.5,576.15,576.72
2018-12-06,578.72,581.5,576.5,578.95
2018-12-05,576.5,581.5,575.93,578.72
2018-12-04,576.7,576.7,575.36,576.5
2018-12-03,576.2,576.75,575.65,576.7
2018-11-30,580.5,580.5,573.91,576.2
2018-11-29,587.32,587.32,582.74,582.74
2018-11-28,579,586.5,574.75,581.2
2018-11-27,577.72,579,574.75,579
2018-11-26,574.75,579.5,574.13,577.72
2018-11-23,575.5,578.2,574.75,574.75
2018-11-22,575.5,575.5,575.5,575.5
2018-11-21,578.25,578.46,573.79,575.5
2018-11-20,577.975,579.715,575.615,576.915
2018-11-19,579.085,581.605,577.195,577.395
2018-11-16,578.22,582.5,578.2,578.2
2018-11-15,579.85,581.5,578.22,578.22
2018-11-14,584.195,584.195,580.345,580.345
2018-11-13,578.15,583.7,576.96,583.7
2018-11-12,578.15,578.15,578.1,578.1
2018-11-09,572.72,578.15,569.3,578.15
2018-11-08,573.035,574.795,572.465,572.465
2018-11-07,574.48,574.5,572.15,572.72
2018-11-06,575.72,578.2,573.93,574.48
2018-11-05,573.48,575.75,572.9,575.72
2018-11-02,578.2,578.2,572.91,573.48
2018-11-01,580.7,582,578.47,580
2018-10-31,576.7,578.25,575.65,578.2
2018-10-30,576.22,576.75,576.18,576.7
2018-10-29,575.2,576.25,575.2,576.22
2018-10-26,572.72,575.25,572.15,575.2
2018-10-25,572.72,572.75,572.15,572.72
2018-10-24,572.7,572.75,571.55,572.72
2018-10-23,567.95,574.5,566.9,572.7
2018-10-22,566.9,568,566.34,567.95
2018-10-19,566.95,566.95,564.3,566.9
2018-10-18,565.7,567,563.88,566.95
2018-10-17,566.06,566.06,564.94,565.45
2018-10-16,567.26,567.26,565.5,565.5
2018-10-15,565.48,570.95,564.9,566.95
2018-10-12,568.2,570.95,565.48,565.48
2018-10-11,570.95,570.95,568.2,568.2
2018-10-10,571.72,573.5,570.95,570.95
2018-10-09,570.2,571.75,570.18,571.72
2018-10-08,569.7,570.25,569.5,570.2
2018-10-05,571.2,571.5,568.63,569.7
2018-10-04,566.48,571.25,566.45,571.2
2018-10-03,568.72,568.72,566.48,566.48
2018-10-02,566.48,568.72,566.45,568.72
2018-10-01,564.48,566.5,560.42,566.48
2018-09-28,560.98,564.5,557.95,564.48
2018-09-27,557.2,561,555.93,560.98
2018-09-26,557.95,557.95,555.93,557.2
2018-09-25,558.45,558.45,556.48,557.95
2018-09-24,556.48,558.5,555.93,558.45
2018-09-21,561.2,561.2,554.83,556.48
2018-09-20,561.2,561.25,559.4,561.2
2018-09-19,561.2,561.25,559.98,561.2
2018-09-18,559.98,564.5,559.98,561.2
2018-09-17,559.98,563.75,559.4,563.72
2018-09-14,567.5,567.5,559.42,559.98
2018-09-13,563.7,567.5,561.99,566.22
2018-09-12,567.5,567.7,563.14,563.7
2018-09-11,563.5,567.5,560.64,567.5
2018-09-10,563.5,563.5,561.2,563.5
2018-09-07,564.22,564.4,561.2,563.5
2018-09-06,561.67,564.69,560.55,563.81
2018-09-05,564.005,566.195,560.655,560.655
2018-09-04,562.52,564.71,560.94,560.94
2018-09-03,561.2,561.72,561.2,561.2
2018-08-31,561.72,561.75,559.5,561.2
2018-08-30,561.72,561.75,561.16,561.75
2018-08-29,563.34,565.23,562.44,563
2018-08-28,577.2,577.2,571.14,571.14
2018-08-27,566.95,567,565.88,566.95
2018-08-24,566.95,569.7,563.39,566.95
2018-08-23,570.34,570.34,566.45,566.45
2018-08-22,567.345,572.625,567.345,568.715
2018-08-21,574.5,574.5,569.13,569.7
2018-08-20,575.95,575.95,573.73,574.5
2018-08-17,576.98,576.98,575.38,575.95
2018-08-16,578,580,575.65,579
2018-08-15,574.75,577.5,574.7,574.72
2018-08-14,576.035,576.815,574.495,574.495
2018-08-13,566.22,575.72,565.1,575.72
2018-08-10,575.835,576.115,573.125,573.585
2018-08-09,570.585,573.365,569.375,570.965
2018-08-08,567.5,567.5,563.51,564.72
2018-08-07,573.41,573.41,570.05,570.05
2018-08-06,570.27,575.12,568.01,571.56
2018-08-03,569.165,571.175,567.755,570.015
2018-08-02,560.95,564.25,560.95,564.24
2018-08-01,568.335,568.895,565.215,565.215
2018-07-31,566.625,567.435,564.915,565.195
2018-07-30,562.57,566.62,562.01,564.89
2018-07-27,558.72,558.75,557.59,558.7
2018-07-26,560.83,563.51,557.61,558.72
2018-07-25,560.72,565.68,560.72,565.07
2018-07-24,569.665,569.695,563.775,563.775
2018-07-23,567.1,567.1,566.22,566.51
2018-07-20,564.95,564.95,563.5,563.51
2018-07-19,567.445,569.975,566.485,568.995
2018-07-18,558.64,574.5,558.64,574.5
2018-07-17,560.95,561.5,559.2,559.2
2018-07-16,561.5,563.95,560.95,560.95
2018-07-13,559.82,564,559.26,563.95
2018-07-12,564.035,569.585,562.925,565.465
2018-07-11,567.815,569.675,563.755,564.255
2018-07-10,573.8,573.8,565.8,569.3
2018-07-09,569.705,572.865,564.645,564.645
2018-07-06,570.67,571.81,566.39,566.95
2018-07-05,572.99,574.22,570.85,572.99
2018-07-04,572.49,572.49,572.49,572.49
2018-07-03,586.87,586.87,571.85,572.49
2018-07-02,586.51,588.02,585.62,585.62
2018-06-29,595.535,595.535,579.915,579.915
2018-06-28,585.925,588.585,581.375,587.575
2018-06-27,582.65,587.39,579.98,586.75
2018-06-26,581.19,585,581.19,584.7
2018-06-25,587.135,587.745,582.945,582.945
2018-06-22,587.355,588.635,584.635,584.815
2018-06-21,586.515,590.405,585.785,586.085
2018-06-20,586.2,588.41,583.89,586.3
2018-06-19,584.44,589.22,583.2,586.25
2018-06-18,589.49,591.9,581.67,581.67
2018-06-15,587.03,588.69,585.52,585.52
2018-06-14,575.765,586.275,574.845,586.275
2018-06-13,584.08,585.6,579.69,581.02
2018-06-12,580.89,582.84,580.89,582.55
2018-06-11,580.51,583.18,580.51,581.72
2018-06-08,580.535,584.535,580.145,582.085
2018-06-07,582.57,585.17,579.67,581.31
2018-06-06,583.07,584.54,581.65,581.94
2018-06-05,584.075,586.695,582.285,582.505
2018-06-04,584.11,586.59,580.92,583.29
2018-06-01,582.43,586.46,580.96,584.23
2018-05-31,584.12,585.8,579.53,583.33
2018-05-30,589.855,590.155,578.635,584.245
2018-05-29,583.085,589.125,580.115,586.795
2018-05-28,576.84,582.44,576.25,580.94
2018-05-25,575.83,581.23,575.83,579.9
2018-05-24,576.835,576.835,575.275,575.765
2018-05-23,571.815,577.335,571.715,576.745
2018-05-22,572.33,574.36,571.46,573
2018-05-21,569.325,576.185,569.325,572.665
2018-05-18,571.865,574.535,567.585,573.315
2018-05-17,571.51,573.56,567.26,572.59
2018-05-16,572.28,576.85,569.77,569.77
2018-05-15,564.205,570.995,564.105,570.995
2018-05-14,566.195,566.525,561.455,562.355
2018-05-11,568.235,570.875,563.755,568.145
2018-05-10,571.31,571.31,567.72,568.19
2018-05-09,563.82,569.75,562.7,569.75
2018-05-08,569.185,571.395,567.215,567.215
2018-05-07,566.55,569.32,563.37,568.05
2018-05-04,565.555,568.815,564.185,567.135
2018-05-03,563.905,563.905,558.315,561.345
2018-05-02,560.295,562.625,555.495,562.625
2018-05-01,556.94,562.39,556.94,561.46
2018-04-30,557.56,560.49,554.8,559.2
2018-04-27,559.38,561.77,554.42,558.38
2018-04-26,555.31,559.2,551.79,558.88
2018-04-25,554.355,558.035,552.825,557.095
2018-04-24,557.475,558.955,554.275,555.725
2018-04-23,552.72,556.6,549.46,556.6
2018-04-20,552.02,556.44,549.34,554.66
2018-04-19,552.25,553.87,549.66,553.34
2018-04-18,555.565,555.565,549.205,552.795
2018-04-17,548.68,551.37,545.34,545.34
2018-04-16,552.565,555.775,551.895,553.105
2018-04-13,553.805,555.165,551.915,553.715
2018-04-12,552.09,555.78,551.83,553.76
2018-04-11,552.565,554.715,549.415,552.925
2018-04-10,554.415,555.775,552.705,552.745
2018-04-09,555.38,556.71,552.42,553.58
2018-04-06,539.6,554.71,538.44,554.48
2018-04-05,540.09,543.34,539.99,541.7
2018-04-04,531.5,532.5,530.39,531.45
2018-04-03,541.435,541.435,539.375,539.905
2018-04-02,532.5,532.5,531.44,532.5
2018-03-30,532.8,532.8,531.42,532.5
2018-03-29,529.5,533.5,526.2,533.5
2018-03-28,526.2,529.5,526.18,529.5
2018-03-27,538.585,540.835,534.565,534.565
2018-03-26,534.4,534.4,529.17,529.7
2018-03-23,545.17,546.05,531.45,531.45
2018-03-22,542.39,553.51,538.01,553.51
2018-03-21,531.45,534.5,531.4,534.4
2018-03-20,543.005,543.005,539.175,539.205
2018-03-19,532.5,534.75,529.2,534.72
2018-03-16,538.39,540.66,537.36,538.13
2018-03-15,529.2,532.24,528.14,530.23
2018-03-14,538.835,539.175,534.435,535.605
2018-03-13,531.71,533.2,530.5,531.9
2018-03-12,528.98,532.48,528.98,532.24
2018-03-09,528.98,532.5,528.98,532.48
2018-03-08,536.34,538.98,536.31,538.98
2018-03-07,531.7,531.7,526.5,528.25
2018-03-06,533.55,533.55,529.92,531.7
2018-03-05,542.27,542.27,538.71,540.31
2018-03-02,535.98,535.98,530.89,534.98
2018-03-01,529.92,536,529.92,535.98
2018-02-28,531.98,531.98,529.92,531.3
2018-02-27,531.98,532,529.92,531.98
2018-02-26,534.2,534.2,529.92,531.98
2018-02-23,541.975,541.975,538.675,540.225
2018-02-22,538.925,541.195,536.365,540.105
2018-02-21,528.5,532.5,528.5,532.48
2018-02-20,529.92,531.92,529.9,530.7
2018-02-19,529.98,529.98,529.92,529.92
2018-02-16,529.94,529.98,529.9,529.9
2018-02-15,536.065,538.535,536.025,538.005
2018-02-14,532.45,532.45,528.5,529.98
2018-02-13,535.795,539.095,535.795,538.515
2018-02-12,529.2,530.5,528.67,530.5
2018-02-09,536.27,537.35,533.09,533.09
2018-02-08,528.5,529.2,528.5,528.65
2018-02-07,528.5,529.5,527.46,529.2
2018-02-06,536.525,536.525,533.485,533.485
2018-02-05,536.38,536.38,533.34,533.34
2018-02-02,533.99,535.51,532.91,532.91
2018-02-01,530,530,528.96,529
2018-01-31,527.44,529,525.88,529
2018-01-30,531.71,537.27,531.71,535.23
2018-01-29,532.9,536.42,532.9,534.38
2018-01-26,537.01,537.01,533.53,533.53
2018-01-25,537.685,537.685,532.805,533.285
2018-01-24,542.255,542.255,538.255,538.255
2018-01-23,537.625,538.685,537.095,537.095
2018-01-22,542.765,543.765,542.765,543.235
2018-01-19,545.97,547.44,544.97,546.91
2018-01-18,537.47,539,537.47,538
2018-01-17,547.995,547.995,545.465,545.465
2018-01-16,575.195,575.195,545.465,545.465
2018-01-15,563,563,563,563
2018-01-12,569.99,569.99,563,563
2018-01-11,576.67,577.83,572.14,573.16
2018-01-10,577.825,578.225,573.285,573.285
2018-01-09,575.51,576.38,570.52,575.48
2018-01-08,571.455,574.775,571.455,574.775
2018-01-05,572.84,574.45,572.37,572.93
2018-01-04,577.875,577.875,571.065,573.115
2018-01-03,571.145,575.025,571.145,574.235
2018-01-02,578.06,578.06,570.69,572.93
2018-01-01,567.995,567.995,567.995,567.995
2017-12-29,577.48,577.48,573.51,573.51
2017-12-28,575.7,575.7,572.94,575.29
2017-12-27,575.18,576.81,572.2,575.81
2017-12-26,576.725,576.725,573.965,574.265
2017-12-25,567.995,567.995,567.995,567.995
2017-12-22,573.765,576.035,573.275,574.955
2017-12-21,580.74,580.74,573.86,573.86
2017-12-20,577.885,578.455,577.615,577.615
2017-12-19,582.115,582.975,578.005,578.005
2017-12-18,584.63,584.63,576.97,580.63
2017-12-15,583.16,583.16,579.79,582.63
2017-12-14,581.56,584.16,581.25,582.75
2017-12-13,578.07,582.77,572.23,582.77
2017-12-12,580.025,580.025,578.155,578.725
2017-12-11,574.815,583.185,574.815,583.185
2017-12-08,583.41,585.02,583.01,583.9
2017-12-07,580.49,582,578.66,580.94
2017-12-06,579.45,581.26,577.06,581.16
2017-12-05,577.515,579.645,577.205,579.305
2017-12-04,577.17,580.11,574.48,578.38
2017-12-01,577.495,579.495,574.935,577.325
2017-11-30,562.97,564.85,558.89,561.11
2017-11-29,562.51,562.74,557.19,561.81
2017-11-28,560.06,562.16,555.84,562.16
2017-11-27,558.79,558.79,558.79,558.79
2017-11-24,562.66,562.66,558.79,558.79
2017-11-23,563.33,563.8,561.84,562.16
2017-11-22,566.275,566.755,562.255,562.745
2017-11-21,563,564.19,557.5,557.5
2017-11-20,564.87,564.87,559.37,564.63
2017-11-17,564.625,564.625,562.735,563.215
2017-11-16,563.21,564.39,563.21,563.92
2017-11-15,559.785,563.685,559.785,563.215
2017-11-14,564.97,565.85,562,562
2017-11-13,569.565,569.565,563.575,566.425
2017-11-10,569.445,569.445,563.455,566.545
2017-11-09,565.595,570.075,565.595,566.525
2017-11-08,567.75,568.73,564.76,568.24
2017-11-07,567.15,569.83,564.64,568.36
2017-11-06,568.235,569.215,564.245,567.755
2017-11-03,565.575,568.235,562.245,567.755
2017-11-02,569.325,569.325,563.335,566.665
2017-11-01,564.49,568.48,563.49,567.51
2017-10-31,569.205,569.205,564.215,566.785
2017-10-30,569.205,569.205,564.215,566.785
2017-10-27,554.005,568.975,554.005,567.995
2017-10-26,559.19,561.55,555,555
2017-10-25,556.405,560.835,556.405,560.595
2017-10-24,556,559,555,558
2017-10-23,555,559.38,554,558
2017-10-20,556,562.17,555,555
2017-10-19,559.93,560.4,554.5,554.5
2017-10-18,556.285,560.715,556.285,560.715
2017-10-17,557,557,556,556
2017-10-16,556,558,555,555
2017-10-13,556,556,555,556
2017-10-12,554,555,553,555
2017-10-11,555.5,555.5,554.5,554.5
2017-10-10,555.5,557.5,555.5,556.5
2017-10-09,556,556,556,556
2017-10-06,556,561,556,561
2017-10-05,555.5,557.5,555.5,557.5
2017-10-04,559.5,559.5,558.5,558.5
2017-10-03,559.5,559.5,559.5,559.5
2017-10-02,556,556,556,556
2017-09-29,548.38,561.37,548.38,556
2017-09-28,549.28,549.28,549.28,549.28
2017-09-27,549.28,549.28,549.28,549.28
2017-09-26,548.38,553,548.38,553
2017-09-25,548.38,552,548.38,550
2017-09-22,551,551,549.38,550
2017-09-21,546.46,551,546.38,548
2017-09-20,546.38,547,546,547
2017-09-19,546.88,547.5,546.5,547.5
2017-09-18,547.88,550.5,547.88,549.5
2017-09-15,549.28,552.9,549.28,549.28
2017-09-14,549.29,551.91,549.29,550.27
2017-09-13,549.015,549.015,541.535,547.555
2017-09-12,549.6,550.06,548.6,549.52
2017-09-11,548.3,549.76,547.3,549.76
2017-09-08,551.42,551.42,549.06,549.06
2017-09-07,553.7,553.75,549.78,549.78
2017-09-06,553.915,553.915,550.265,550.265
2017-09-05,556.81,556.95,550.51,550.51
2017-09-04,551.5,551.5,551.5,551.5
2017-09-01,552.5,552.5,551.4,551.5
2017-08-31,563.63,565.35,555.57,555.57
2017-08-30,556.805,562.305,554.805,556.295
2017-08-29,555.08,555.08,552.4,552.4
2017-08-28,549.5,553.5,549.5,553.5
2017-08-25,562.89,562.89,557.03,557.03
2017-08-24,561.585,561.585,557.275,557.275
2017-08-23,559.11,559.11,558.01,558.01
2017-08-22,566.04,566.42,558.5,558.5
2017-08-21,559.785,559.785,559.235,559.235
2017-08-18,560.275,560.275,559.725,559.725
2017-08-17,566.48,566.48,559.97,559.97
2017-08-16,565.56,565.56,560.71,560.71
2017-08-15,561.68,561.68,561.68,561.68
2017-08-14,561.93,561.93,561.93,561.93
2017-08-11,561.93,561.93,561.93,561.93
2017-08-10,560.66,562.31,559.54,561.93
2017-08-09,561.52,561.52,558.19,560.96
2017-08-08,550.12,564.48,550.12,561.21
2017-08-07,561.9,561.9,560.8,560.8
2017-08-04,552.11,552.11,552.11,552.11
2017-08-03,554.02,554.02,554.02,554.02
2017-08-02,554.44,560.89,554.44,554.44
2017-08-01,554.91,554.91,554.91,554.91
2017-07-31,560.89,560.89,560.89,560.89
2017-07-28,563.65,563.65,563.6,563.6
2017-07-27,563.96,563.96,563.4,563.4
2017-07-26,575.105,575.105,567.485,567.485
2017-07-25,570.51,575.8,570.48,575.36
2017-07-24,571.255,572.155,570.585,570.585
2017-07-21,572.42,573.06,570.22,570.5
2017-07-20,577.175,579.305,570.525,571.605
2017-07-19,576.15,578.48,576.15,577.9
2017-07-18,584.31,584.31,572.32,572.32
2017-07-17,581.28,581.7,579.58,580.3
2017-07-14,581.35,581.35,581.28,581.28
2017-07-13,581.37,581.47,580.1,581.35
2017-07-12,577.785,581.635,576.725,580.715
2017-07-11,581.22,582.19,577.12,577.88
2017-07-10,580.67,582.22,580.67,581.3
2017-07-07,580.86,583.1,579.95,581.4
2017-07-06,585.17,585.17,579.82,580.13
2017-07-05,584,586.23,584,585.85
2017-07-04,584,585.2,584,584
2017-07-03,582.135,583.705,582.085,583.345
2017-06-30,579.66,582.15,579.36,580.93
2017-06-29,582.13,582.37,578.48,578.93
2017-06-28,578.835,586.515,578.225,582.135
2017-06-27,592.68,592.68,585.41,585.41
2017-06-26,591.005,591.005,588.695,588.695
2017-06-23,587.97,589.15,587.38,589.1
2017-06-22,590.13,590.13,589.49,589.49
2017-06-21,589.25,590.38,589.2,589.2
2017-06-20,589.28,589.28,587.51,589.25
2017-06-19,590.265,590.265,589.605,589.605
2017-06-16,589.38,589.38,587.61,589.35
2017-06-15,590.18,590.18,588.98,588.98
2017-06-14,587.795,588.745,583.435,588.695
2017-06-13,588.22,589.27,587.12,587.91
2017-06-12,588.585,588.925,585.205,588.245
2017-06-09,587.85,590.96,586.55,589.25
2017-06-08,586.82,587.99,584.44,586.99
2017-06-07,585.75,588.38,584.32,587.68
2017-06-06,585.67,586.5,584.48,585.75
2017-06-05,584.41,586.76,584,584.88
2017-06-02,587.85,588.33,583.37,584.8
2017-06-01,585.46,587.7,584.67,587.07
2017-05-31,588.46,589.67,585.01,585.48
2017-05-30,589.91,592.51,587.46,588.46
2017-05-29,588.795,589.955,588.235,589.795
2017-05-26,587.43,590.69,586.49,589.72
2017-05-25,586.3,587.66,584.68,586.71
2017-05-24,585.51,588.94,585.51,586.32
2017-05-23,588.29,588.54,587.35,587.35
2017-05-22,587.735,589.125,583.835,585.355
2017-05-19,591.83,591.83,587.81,588.4
2017-05-18,592.185,594.645,591.005,592.225
2017-05-17,594.6,594.6,590.1,591.2
2017-05-16,601.275,601.385,594.645,595.315
2017-05-15,598.18,600.72,598.18,599.3
2017-05-12,598.88,598.88,598.8,598.8
2017-05-11,598.95,599.5,597.5,598.88
2017-05-10,599.05,599.05,598.5,598.95
2017-05-09,599.08,599.08,596.9,599.05
2017-05-08,601.825,601.825,599.845,599.845
2017-05-05,602.88,602.88,597.77,599.15
2017-05-04,604.86,605.53,602.76,602.88
2017-05-03,601.8,604.45,601.18,604.23
2017-05-02,604.51,604.51,601.25,601.74
2017-05-01,605.15,605.15,605.15,605.15
2017-04-28,612.805,613.755,608.725,612.385
2017-04-27,603.46,606.34,600.96,604.95
2017-04-26,607.76,607.76,602.16,603.23
2017-04-25,608.5,608.5,608.4,608.4
2017-04-24,608.5,610.19,607.89,608.5
2017-04-21,610.19,610.8,608.5,608.5
2017-04-20,619.52,610.84,609.5,610.8
2017-04-19,619.55,619.65,619.52,619.52
2017-04-18,619.65,619.65,619.55,619.55
2017-04-17,619.7,619.85,619.65,619.65
2017-04-14,619.7,619.85,619.7,619.7
2017-04-13,619.85,619.85,619.7,619.7
2017-04-12,616.48,620.44,616,619.85
2017-04-11,619,620.5,618.98,620.5
2017-04-10,616.05,617.5,614.78,616
2017-04-07,616.15,616.5,614.65,616.05
2017-04-06,618.21,618.21,616.89,616.89
2017-04-05,614.65,617.65,614.65,616.25
2017-04-04,616.965,617.345,615.645,616.255
2017-04-03,617.305,617.585,615.985,615.985
2017-03-31,615.13,616.15,613.18,614.85
2017-03-30,616.57,621.33,616.03,616.03
2017-03-29,610.75,615.01,610.07,613.58
2017-03-28,607.96,611.73,607.52,610.88
2017-03-27,611.03,611.03,605.65,607.99
2017-03-24,613.25,614.73,610.74,611.9
2017-03-23,612.485,614.025,611.395,612.555
2017-03-22,612.55,613.73,610.84,612.37
2017-03-21,617.15,618.18,612.54,613.3
2017-03-20,616.31,617.48,615.19,616.56
2017-03-17,615.55,617.84,614.58,616.78
2017-03-16,616.765,618.485,613.775,615.105
2017-03-15,624.46,624.57,616.56,616.85
2017-03-14,620.89,624.71,620.84,624.47
2017-03-13,628.25,628.3,620.55,621.4
2017-03-10,628.38,628.38,628.25,628.25
2017-03-09,628.38,628.38,628.3,628.3
2017-03-08,626.7,629.69,626.22,628.38
2017-03-07,627.44,628.86,626.2,626.82
2017-03-06,624.265,627.215,623.855,626.235
2017-03-03,624.27,624.35,622.91,624.25
2017-03-02,623.55,624.74,623.55,624.27
2017-03-01,623.55,624.5,622.91,624.35
2017-02-28,623.72,623.8,622.91,623.55
2017-02-27,623.85,624.78,623.72,623.72
2017-02-24,623.92,624.78,622.91,623.85
2017-02-23,624.05,624.78,622.91,623.92
2017-02-22,626.635,627.265,625.395,625.395
2017-02-21,623.04,626.04,622.93,624.15
2017-02-20,626.26,626.26,623.63,624.56
2017-02-17,621.45,625.16,621.28,624.8
2017-02-16,625.415,626.125,620.855,621.325
2017-02-15,626.965,630.295,624.925,625.605
2017-02-14,625.76,627.94,623.58,626.94
2017-02-13,617.275,626.135,617.275,625.725
2017-02-10,617.55,617.55,616.83,617.45
2017-02-09,617.52,617.55,616.31,617.55
2017-02-08,619.03,619.03,618.36,618.36
2017-02-07,617.65,617.65,617.55,617.55
2017-02-06,615.15,618.16,614.67,617.65
2017-02-03,616.67,619.2,614.33,615.15
2017-02-02,615.755,616.725,612.415,616.505
2017-02-01,614.055,617.705,613.545,615.815
2017-01-31,619.95,620.64,613.37,614.16
2017-01-30,620.065,624.475,619.185,620.045
2017-01-27,621.05,622.44,618.56,620.25
2017-01-26,617.025,622.345,616.005,620.775
2017-01-25,617.88,619.15,616.57,617.02
2017-01-24,616.105,618.685,615.365,617.995
2017-01-23,621.135,621.135,615.795,616.075
2017-01-20,618.4,622.09,618.06,621.27
2017-01-19,621.98,624.13,619.15,619.94
2017-01-18,616.115,621.015,614.875,620.785
2017-01-17,622.595,622.855,615.775,615.945
2017-01-16,626.17,626.47,621.49,622.31
2017-01-13,624,624.2,623.9,623.9
2017-01-12,624.1,624.2,624,624
2017-01-11,624.05,624.2,622.29,624.1
2017-01-10,625.28,625.33,623.42,623.42
2017-01-09,624.7,624.85,623.98,623.98
2017-01-06,624.4,624.4,623.63,624.25
2017-01-05,626.5,626.88,626.35,626.88
2017-01-04,628.31,628.31,625.69,625.69
2017-01-03,627.6,627.6,626.5,627.5
2017-01-02,628.92,628.92,628.92,628.92
2016-12-30,628.92,628.92,628.92,628.92
2016-12-29,633.36,634.02,628.92,628.98
2016-12-28,631.19,634.93,629.81,633.72
2016-12-27,631.025,632.585,630.605,631.085
2016-12-26,631.445,632.345,630.185,631.205
2016-12-23,632.285,632.945,630.425,631.565
2016-12-22,633.015,633.205,629.245,632.295
2016-12-21,635.295,635.655,614.035,633.115
2016-12-20,617.6,617.6,617.6,617.6
2016-12-19,617.6,617.6,617.6,617.6
2016-12-16,617.6,617.6,617.6,617.6
2016-12-15,617.6,617.6,617.6,617.6
2016-12-14,619.59,619.59,617.46,617.6
2016-12-13,616.63,616.63,616.5,616.5
2016-12-12,617.13,617.13,617,617
2016-12-09,616.63,616.63,616.5,616.5
2016-12-08,617.37,617.6,615.67,617.6
2016-12-07,615.565,616.185,613.005,613.625
2016-12-06,617.895,617.895,606.635,615.715
2016-12-05,619.58,622.46,616.66,619.5
2016-12-02,618.92,621.47,617.71,618.86
2016-12-01,623.13,623.43,618.84,619.01
2016-11-30,619.83,624.67,619.14,622.97
2016-11-29,621.295,622.815,619.785,619.785
2016-11-28,624.07,624.07,622.21,622.21
2016-11-25,626.74,627.74,622.64,623.05
2016-11-24,625.25,626.96,623.49,625.13
2016-11-23,617.375,626.665,613.035,625.125
2016-11-22,620.115,620.115,618.895,618.895
2016-11-21,616.77,618,616.77,618
2016-11-18,622.295,623.455,619.445,619.445
2016-11-17,617.78,620.09,614.7,618.85
2016-11-16,604.62,620.25,604.62,618.93
2016-11-15,607.65,608.51,606.45,606.45
2016-11-14,621.075,621.075,605.865,605.865
2016-11-11,612.725,616.245,611.005,615.255
2016-11-10,611.815,614.355,609.225,612.665
2016-11-09,597.985,611.995,590.685,611.765
2016-11-08,606.08,606.08,606.08,606.08
2016-11-07,606.74,606.74,605.54,605.54
2016-11-04,600.995,602.345,598.915,599.075
2016-11-03,600.54,603.515,599,601.025
2016-11-02,596,602.125,596,601.395
2016-11-01,597.19,608,596,605.5
2016-10-31,597.08,608.7,596.7,606.3
2016-10-28,601.74,611.74,596.38,606.08
2016-10-27,601.13,611.68,599.43,610.8
2016-10-26,602.74,611.74,599.21,610.19
2016-10-25,602.57,611.625,602.13,609.465
2016-10-24,602.35,608.5,601.74,607.61
2016-10-21,600.03,612.29,599,610.73
2016-10-20,598,609.58,595.3,608.92
2016-10-19,597.3,608.72,596,608
2016-10-18,596.16,606.79,594.81,606.19
2016-10-17,596.43,605.92,595,605.22
2016-10-14,593.04,602.795,592.98,602.685
2016-10-13,596,601.91,592.71,597.97
2016-10-12,593.25,600.87,592.45,600.55
2016-10-11,588.83,598.54,588.51,598.16
2016-10-10,585.15,594.065,585.15,593.595
2016-10-07,588.04,595.265,585,590.255
2016-10-06,585.21,594,584.89,593.37
2016-10-05,585.26,591.24,583.85,590.51
2016-10-04,585.05,594.11,583.7,590.59
2016-10-03,584.06,590.585,583.44,590.225
2016-09-30,584.53,596.78,583.06,592.28
2016-09-29,584.89,595,582.97,593.42
2016-09-28,584.79,595.57,583.75,593.63
2016-09-27,582.66,591.37,582.3,590.01
2016-09-26,585.73,590.885,573.36,587.965
2016-09-23,585.05,594.94,583.11,593.16
2016-09-22,585.83,591.685,582.61,590.325
2016-09-21,587.93,594.935,585.82,591.355
2016-09-20,587.09,593.585,584.89,593.425
2016-09-19,587.99,593.47,585.68,592.15
2016-09-16,583.23,593.635,582.66,593.265
2016-09-15,583.07,593.63,581.57,592.23
2016-09-14,584.53,593.89,581.78,591.87
2016-09-13,582.96,594.41,582.56,593.53
2016-09-12,582.96,593.04,581.8,591.88
2016-09-09,582.66,594.73,580.96,592.28
2016-09-08,583.75,586.56,579.11,585.16
2016-09-07,582.92,589.505,582.08,588.725
2016-09-06,588.57,591.38,582,585.42
2016-09-05,587.09,591.44,586.72,591.22
2016-09-02,585.5,590.86,582.92,590.59
2016-09-01,587.99,594.16,585.5,590.09
2016-08-31,588.57,592.34,586.99,590.49
2016-08-30,586.3,598.25,585.73,597.57
2016-08-29,585.99,590.49,585.56,588.91
2016-08-26,581.42,589.28,578.45,588.49
2016-08-25,582.24,585.16,580,583.87
2016-08-24,580.03,592.44,578.55,591.24
2016-08-23,579.62,589.29,577.63,589.08
2016-08-22,579.72,590.47,578.43,588.31
2016-08-19,577.99,582.89,577.38,581.76
2016-08-18,581.21,584.74,577,580.28
2016-08-17,581.68,586.04,579.57,583.71
2016-08-16,586.72,589.85,579.26,584.23
2016-08-15,587.97,590.47,585,589.17
2016-08-12,589.15,592.02,584.63,590.12
2016-08-11,587.04,591.81,586.2,591.49
2016-08-10,590.15,593.4,586.25,589.38
2016-08-09,591.65,595.21,589.41,592.6
2016-08-08,587.88,595.05,587.88,593.99
2016-08-05,589.52,602.79,587.62,600.27
2016-08-04,588.46,595.38,587,594.37
2016-08-03,584.37,591.49,583.85,590.96
2016-08-02,587.51,597.14,583.58,593.37
2016-08-01,587.04,591.265,585,590.585
2016-07-29,592.07,601.55,585.73,596.04
2016-07-28,593.04,602.63,589.84,601.18
2016-07-27,596.92,601.385,592.77,596.245
2016-07-26,596.49,600.645,594.38,599.625
2016-07-25,594.38,600.905,594.38,599.105
2016-07-22,594.81,608.5,594.11,604.73
2016-07-21,595.35,605.81,593.14,603.81
2016-07-20,594.97,606.19,592.23,604.24
2016-07-19,592.13,598.99,591.59,597.69
2016-07-18,594.43,597.055,591.75,594.805
2016-07-15,589.84,597.34,588.25,597.01
2016-07-14,591.27,596.08,587.41,592.34
2016-07-13,592.82,602.79,589.84,600.43
2016-07-12,592.98,602.41,589.41,601.98
2016-07-11,589.41,605.015,589.41,600.235
2016-07-08,592.77,605.975,590.15,601.725
2016-07-07,590.9,602.47,589.41,601.88
2016-07-06,592.02,603.43,589.41,599.85
2016-07-05,587.83,601.88,586.51,601.13
2016-07-04,589.36,600.06,587.41,596.93
2016-07-01,590.42,601.34,587,597.41
2016-06-30,589.47,603.86,582.31,599.58
2016-06-29,592.66,604,584.1,598.44
2016-06-28,594.92,598.51,585.09,595.49
2016-06-27,584.55,600.575,584.55,597.595
2016-06-24,576.41,609.86,573.79,599.63
2016-06-23,578.96,588.72,574.29,585.16
2016-06-22,583.07,585.8,578.5,582.96
2016-06-21,579.62,588.29,577.88,585.97
2016-06-20,583.9,586.52,577.48,582.34
2016-06-17,584.22,588.05,581.14,587.87
2016-06-16,581.14,591.89,581.14,586.8
2016-06-15,585,589.28,580.44,585.32
2016-06-14,580,589.72,580,587.87
2016-06-13,574.09,593.34,573.99,589.48
2016-06-10,575.35,591.88,575.35,590
2016-06-09,575.6,591,574.49,586.24
2016-06-08,575.42,580.275,573.36,578.245
2016-06-07,577.53,588.5,575,586
2016-06-06,576.97,581.635,575,580.205
2016-06-03,588.14,591.545,576.46,579.525
2016-06-02,585,591.205,584.68,590.725
2016-06-01,585,599.735,584.41,594.735
2016-05-31,589.41,600.33,586.82,597.47
2016-05-30,590,593.57,588.46,591.44
2016-05-27,585.89,592.935,585,592.465
2016-05-26,586.72,590.22,584.74,587.92
2016-05-25,588.67,603.31,572.22,586.17
2016-05-24,584.53,591.095,584.1,590.665
2016-05-23,585.47,595.3,580.21,593.37
2016-05-20,585.52,588.175,583.64,586.705
2016-05-19,579.93,588.775,579.93,587.465
2016-05-18,579.93,592.88,578.84,589.74
2016-05-17,579.31,588.03,571.03,579.08
2016-05-16,579.83,588.98,578.12,588.26
2016-05-13,572.43,590.32,572.43,589.03
2016-05-12,572.43,586.27,567.05,585.5
2016-05-11,575.7,586.475,572.01,582.745
2016-05-10,576,586.205,570,582.525
2016-05-09,567.86,587.355,567.86,584.485
2016-05-06,575.25,585.49,571.49,582.78
2016-05-05,571.19,578.66,570.65,577.7
2016-05-04,568,574.64,567.86,573.64
2016-05-03,567,580.485,564.75,576.695
2016-05-02,572.39,582.62,567.86,577.99
2016-04-29,577.88,581.3,572.17,575.24
2016-04-28,579.52,583.3,576.9,580.54
2016-04-27,580.6,584.38,577.63,582.02
2016-04-26,582.4,585.37,578.45,583.25
2016-04-25,578.7,586.09,578.7,584.85
2016-04-22,581.26,590.285,578.7,585.595
2016-04-21,580.8,584.54,575.7,583.66
2016-04-20,577.53,583.66,576,583.25
2016-04-19,579.21,581.76,575,580.13
2016-04-18,581.37,586.69,574.42,579.74
2016-04-15,582.24,585.83,578,583.97
2016-04-14,581.93,586.51,580,584.8
2016-04-13,576.31,584.85,574.64,584.43
2016-04-12,575.1,580.59,572.09,578.71
2016-04-11,574.64,579.17,572.94,577.4
2016-04-08,577.22,586.99,574.34,584
2016-04-07,574.64,588,572.79,588
2016-04-06,576.36,588.01,573.84,583.64
2016-04-05,575.91,581.25,575,578.76
2016-04-04,576.26,580.18,574.85,578.56
2016-04-01,576.41,581.35,573.44,578.61
2016-03-31,578.65,582.63,574.75,579.01
2016-03-30,581.11,584.02,577.17,581.15
2016-03-29,585.73,589.95,580.02,583.56
2016-03-28,587.45,596.88,584.58,594.89
2016-03-25,587.09,590.75,586.15,590.12
2016-03-24,586.78,591.12,586.08,589.64
2016-03-23,584.89,590.38,584.27,589.17
2016-03-22,583.59,595.25,581,593.63
2016-03-21,583.12,592.96,578.05,592.38
2016-03-18,579.42,585.11,574.45,584.69
2016-03-17,584.22,596.45,575.96,588.42
2016-03-16,587.45,602.14,583.49,593.27
2016-03-15,590.63,600.86,586.38,599.37
2016-03-14,587.45,601.07,587.45,599.69
2016-03-11,586.83,597.625,581.94,596.775
2016-03-10,596.16,615.02,584.74,595.72
2016-03-09,595.57,608.21,594.33,604.95
2016-03-08,595.46,605.6,593.2,604.62
2016-03-07,597.74,608.16,594.7,604.4
2016-03-04,597.9,611.24,593.95,608.23
2016-03-03,603.57,615.58,597.57,606.9
2016-03-02,603.35,615,598.68,612.51
2016-03-01,594.85,613.46,594.65,612.4
2016-02-29,597.35,609.98,596.4,607.23
2016-02-26,595.13,609.77,589.95,608.3
2016-02-25,595.4,605.81,593.52,604.24
2016-02-24,597.25,609,593.79,605.9
2016-02-23,594.22,606.395,588.52,605.045
2016-02-22,583.49,607.44,583.43,605.73
2016-02-19,585.1,607.66,581.57,605
2016-02-18,588.99,603.665,588.62,601.735
2016-02-17,579.2,601.355,579.2,599.015
2016-02-16,588.09,600.345,585.99,598.955
2016-02-15,577.21,592.07,577.13,590.64
2016-02-12,579.36,595.61,578.85,593.88
2016-02-11,581.01,584.43,576.56,581.86
2016-02-10,580.96,590.33,579.98,583.71
2016-02-09,585.94,590.22,578.6,583.51
2016-02-08,588.93,594.31,584.89,588.65
2016-02-05,585.21,601.295,584.42,599.755
2016-02-04,591.75,603.47,583.7,596.5
2016-02-03,600.86,612.565,592.07,603.735
2016-02-02,601.46,604.79,599.49,603.3
2016-02-01,604.68,616.34,601.02,613.73
2016-01-29,598,617.025,598,615.725
2016-01-28,602.9,614.39,597.79,608.95
2016-01-27,603.51,614.68,601.13,612.73
2016-01-26,603.85,616.525,603.68,614.725
2016-01-25,605.8,617.645,604.74,615.795
2016-01-22,605.46,618.65,605.18,617
2016-01-21,602.02,619.105,600.8,615.965
2016-01-20,598.99,612.35,597.63,612
2016-01-19,602.29,614.62,601.19,612.3
2016-01-18,600.97,606.01,600.97,604.85
2016-01-15,603.79,606.96,597.08,603.47
2016-01-14,603.12,608.02,599.49,606.35
2016-01-13,604.18,609.7,602.51,605.68
2016-01-12,604.18,608.8,601.69,606.68
2016-01-11,600.91,607.24,600.53,606.68
2016-01-08,604,614.85,600.75,611.41
2016-01-07,608.38,619.5,603,613.5
2016-01-06,611.42,622,607.26,618.88
2016-01-05,607.54,615.275,606.24,614.335
2016-01-04,599.87,617.88,599.16,617.04
2016-01-01,603.4,613.9,603.4,613.9
2015-12-31,600.09,614.9,599.76,613.9
2015-12-30,600.58,604.24,599.27,602.53
2015-12-29,597.96,611.24,597.57,610.08
2015-12-28,598.17,608.45,596.6,607
2015-12-25,599,609,599,609
2015-12-24,599.27,609.98,598.01,609
2015-12-23,600.03,612.73,599.76,612.24
2015-12-22,599.87,610.63,597.08,607.35
2015-12-21,602.85,614.07,599.54,609.37
2015-12-18,607,616.135,603.79,614.695
2015-12-17,601.08,609.81,600.97,609.14
2015-12-16,600.31,604.9,596,603.63
2015-12-15,596.81,604.07,593.2,602.75
2015-12-14,598.17,601.88,593.68,599.1
2015-12-11,599.21,610.26,594.65,607.5
2015-12-10,596.49,610.75,596.32,609.77
2015-12-09,602.29,614.57,596.76,608.5
2015-12-08,605.29,608.35,601.74,604.63
2015-12-07,604.57,610.21,604.01,607.79
2015-12-04,602.85,614.73,598.99,614
2015-12-03,620.11,632.73,599.38,611.74
2015-12-02,617,631.55,616.85,630.97
2015-12-01,620.7,631.49,616.62,628.16
2015-11-30,620.58,631.79,619.59,631.14
2015-11-27,618.13,629.27,618.01,629.04
2015-11-26,617.26,629.09,616.79,628.57
2015-11-25,616.15,631.32,615.17,627.76
2015-11-24,616.5,627.7,614.48,626.65
2015-11-23,616.96,629.74,615.52,627.06
2015-11-20,611.27,626.89,610.65,626.65
2015-11-19,615.52,618.31,609.63,613.72
2015-11-18,616.04,628.22,613.45,625.67
2015-11-17,613.67,619.64,613.27,618.89
2015-11-16,610.7,624.98,610.36,624.17
2015-11-13,606.64,614.8,606.53,614.8
2015-11-12,610.82,616.12,605.96,609.19
2015-11-11,611.96,615.2,610.08,613.2
2015-11-10,609.57,624.92,609.57,623.95
2015-11-09,604.06,623.44,603.61,621
2015-11-06,602.51,615.09,602.13,613.2
2015-11-05,603.9,616.02,601.91,613.07
2015-11-04,598.12,607.4,598.12,606.23
2015-11-03,595.67,602.37,594.7,600.73
2015-11-02,595.3,598.77,593.41,598.12
2015-10-30,600,610.5,592.39,605.8
2015-10-29,600.69,612.13,597.08,608.95
2015-10-28,593.47,604.02,591.22,603.14
2015-10-27,593.2,597.26,592.07,596.39
2015-10-26,595.57,598.66,588.38,595.7
2015-10-23,590.58,599.15,588.78,598.07
2015-10-22,578.65,593.45,577.94,593.13
2015-10-21,577.53,581.3,577.27,581.15
2015-10-20,578.9,589.71,576.11,588.5
2015-10-19,577.78,590.79,576.97,589.4
2015-10-16,577.22,589.2,575.75,588.28
2015-10-15,571.54,588.27,570.79,586
2015-10-14,576.31,587.11,570.79,582.29
2015-10-13,577.43,588.69,574.8,586.76
2015-10-12,576.46,588.18,575.45,587.93
2015-10-09,581.63,584.74,576.11,580.08
2015-10-08,583.75,586.56,579.31,584.33
2015-10-07,582.04,587.6,581.47,586.35
2015-10-06,586.41,589.75,581.57,584.64
2015-10-05,583.54,589.64,580.96,588.59
2015-10-02,585.89,590.8,579.52,587.65
2015-10-01,586.99,591.54,585.15,588.59
2015-09-30,584.63,590.43,583.75,589.49
2015-09-29,582.76,593.45,582.13,589.49
2015-09-28,587.2,597.06,583.38,592.66
2015-09-25,589.41,599.68,585,595
2015-09-24,585.41,595.38,580.65,590.68
2015-09-23,588.99,599.33,586.15,596.52
2015-09-22,587.09,598.04,585.21,597.82
2015-09-21,579.88,595.25,578.9,594.61
2015-09-18,574.7,586.75,574.29,586.48
2015-09-17,580.6,588.22,578.5,587.58
2015-09-16,582.4,592.39,579.52,588.5
2015-09-15,579.93,585.16,578.96,584.33
2015-09-14,578.14,583.82,577.88,582.43
2015-09-11,581.31,590.585,578.04,585.995
2015-09-10,586.98,589.49,580.8,583.66
2015-09-09,587.62,591.86,585.31,589.75
2015-09-08,586.67,592.89,585.73,591.67
2015-09-07,588.3,595.94,586.83,595
2015-09-04,588.72,598.17,587.78,597
2015-09-03,584.37,598.59,583.33,597.58
2015-09-02,582.35,587.08,580.75,586.25
2015-09-01,582.45,586.46,581.42,584.49
2015-08-31,584.27,589.22,583.33,587.08
2015-08-28,583.84,590.49,581.06,588.28
2015-08-27,579.42,588.02,579.26,586.4
2015-08-26,572.59,580.28,571.84,578.91
2015-08-25,567.63,581.025,567.19,579.695
2015-08-24,570.84,573.96,560.31,569.54
2015-08-21,582.56,588.465,576.67,582.805
2015-08-20,589.78,595.54,584.53,590.73
2015-08-19,592.93,600.28,592.5,598.01
2015-08-18,592.71,602.36,591.22,602.08
2015-08-17,591.7,595.7,589.52,594.52
2015-08-14,588.99,593.61,586.25,592.81
2015-08-13,589.31,597.53,588.3,594.5
2015-08-12,592.29,594.85,584.94,590.38
2015-08-11,595,601.27,591.65,598.95
2015-08-10,597.52,603.035,594.54,597.365
2015-08-07,600,608.695,597.63,603.575
2015-08-06,601.69,607.57,600.42,605.5
2015-08-05,599,607.73,599,607.5
2015-08-04,598.01,603.66,596.87,603.16
2015-08-03,597.25,602.1,596.92,601.11
2015-07-31,600.25,605.08,591.49,598.39
2015-07-30,594,606.24,594,606
2015-07-29,592.82,598.23,592.34,596.72
2015-07-28,592.61,597.49,592.23,596.02
2015-07-27,592.45,598.47,589.47,595
2015-07-24,599.7,602.48,596.65,600.29
2015-07-23,602.88,606.195,595.3,599.745
2015-07-22,599,606.2,598.77,605.68
2015-07-21,605.85,606.335,598.17,599.785
2015-07-20,604.96,608.8,603.35,607
2015-07-17,603.11,607.575,601.35,607.455
2015-07-16,599.87,606.79,599.6,605.73
2015-07-15,595.51,602.37,594.38,601.77
2015-07-14,596.05,599.26,595.35,598.23
2015-07-13,588.99,598.99,588.99,598.66
2015-07-10,591.33,594.09,584.94,590.75
2015-07-09,593,599.43,592.5,599.26
2015-07-08,593.95,596.215,591.33,593.035
2015-07-07,598.45,603.65,597.74,601.38
2015-07-06,592.5,599.16,591.81,595
2015-07-03,591.75,594.41,589.94,593.5
2015-07-02,591.11,595.86,590.37,594.2
2015-07-01,588.67,591.3,588.25,591.25
2015-06-30,583.7,592.34,583.28,591.33
2015-06-29,590.69,594.2,582.24,586.09
2015-06-26,585.41,591.87,584.58,590.54
2015-06-25,585.68,590.54,584.68,587.81
2015-06-24,585,589.87,584.63,589.01
2015-06-23,582.3,591.54,582.3,588.33
2015-06-22,577.68,582.28,574.95,579.5
2015-06-19,579.06,583.25,577,580.23
2015-06-18,576.16,580.23,573.69,580.08
2015-06-17,582.04,587.27,580.85,586
2015-06-16,580.9,588.41,580.18,586
2015-06-15,583.59,587.86,581.21,584.38
2015-06-12,583.96,590.64,580.8,584.59
2015-06-11,581.63,588.91,581.32,586.35
2015-06-10,581,584.85,577.99,582.89
2015-06-09,581.42,588.44,579.93,585.5
2015-06-08,587.88,594.15,582,586
2015-06-05,583.38,596.68,581.47,594
2015-06-04,577.73,587.25,577.07,583.5
2015-06-03,588.99,594.63,581.37,585.73
2015-06-02,597.14,603.21,586.36,591
2015-06-01,601.74,605.07,597.41,602.64
2015-05-29,598.17,601.27,596.16,599.75
2015-05-28,600.03,605.73,599.1,602.04
2015-05-27,602.74,608.8,601.46,605.4
2015-05-26,602.29,606.01,599.65,605.01
2015-05-25,596.49,600.95,596.43,599.97
2015-05-22,588.99,598.66,585.31,598.12
2015-05-21,589.47,593.69,586.62,592
2015-05-20,591.49,594.73,588.51,594.5
2015-05-19,586.09,592.39,584.84,591.49
2015-05-18,575.25,583.04,574.14,582.68
2015-05-15,574.85,581.71,571.99,575.34
2015-05-14,575.1,580.64,573.09,577.2
2015-05-13,583.44,588.41,576,579
2015-05-12,585.94,588.44,581.57,585.68
2015-05-11,585.21,587.71,585.21,587.71
2015-05-08,582.24,589.22,581.32,587.71
2015-05-07,576.56,586.14,576.16,584.8
2015-05-06,580,583.5,580,583.5
2015-05-05,590.63,595.7,585.21,590
2015-05-04,588.57,592.18,586.15,591.07
2015-05-01,582.92,587.65,581.21,586.98
2015-04-30,588.09,592.44,583.07,588.18
2015-04-29,595.73,598.39,586.83,589.96
2015-04-28,602.51,607.23,596.87,601.5
2015-04-27,603.79,608.63,601.35,604.41
2015-04-24,605.69,609.53,602.9,605.5
2015-04-23,611.1,614.4,606.13,609.92
2015-04-22,609.68,615.53,607.26,614
2015-04-21,609,617.45,609,615
2015-04-20,608.33,614.63,607.59,611.9
2015-04-17,608.55,608.865,606.86,606.945
2015-04-16,616.56,620.31,609.85,614
2015-04-15,616.27,623.35,614.48,621
2015-04-14,620.41,624.85,620,623.55
2015-04-13,621.17,623.555,618.54,620.435
2015-04-10,617.14,624.53,616,621
2015-04-09,608.38,618.21,607.93,617.5
2015-04-08,606.53,609.92,602.46,608.96
2015-04-07,599.7,610.09,599.49,609.53
2015-04-06,599,602.5,599,602.5
2015-04-03,602.79,606.57,595.73,599.87
2015-04-02,603.07,606.5,601.69,606.5
2015-04-01,608.78,615.06,607.42,611.5
2015-03-31,606,609.5,606,609.5
2015-03-30,605.24,609.47,603.85,609.41
2015-03-27,604.74,608.01,601.02,604.35
2015-03-26,603.5,607.25,603.5,607.25
2015-03-25,603.5,607.25,603.5,607.25
2015-03-24,603.5,607.25,603.5,607.25
2015-03-23,604,608,603.5,607.25
2015-03-20,608.83,611.5,603.79,606.68
2015-03-19,615.92,617.84,612.47,616.56
2015-03-18,617.95,621.91,614.88,617.61
2015-03-17,619.29,623.35,616.33,622.18
2015-03-16,612,616,612,616
2015-03-13,612,616,612,616
2015-03-12,612,616,612,616
2015-03-11,612.5,616,612.5,616
2015-03-10,597.47,600.47,597.47,600.47
2015-03-09,597.47,600.47,597.47,600.47
2015-03-06,598.28,601.45,596.98,600.47
2015-03-05,592.25,598.625,590.63,598.625
2015-03-04,589.31,596.38,588.57,595.5
2015-03-03,586.36,591.49,585,588.5
2015-03-02,586.36,589.93,583.49,589
2015-02-27,584.94,590.43,583.44,588.5
2015-02-26,578.04,585.885,576.36,585.885
2015-02-25,576.97,582.1,576.26,580.75
2015-02-24,579.11,580.59,577.48,578.19
2015-02-23,577.48,583.55,577.17,581
2015-02-20,579.11,584.42,576.77,580.27
2015-02-19,573.34,581.23,572.89,578.75
2015-02-18,576.01,581.25,574.75,581
2015-02-17,577.07,580.07,573.74,578.7
2015-02-16,574.54,579.67,574.24,579.06
2015-02-13,575.15,576.51,573.49,575.35
2015-02-12,578.6,582.74,574.19,577.7
2015-02-11,579.36,583.97,578.09,581.15
2015-02-10,579.06,584.33,578.55,581.86
2015-02-09,578.14,584.54,577.63,581.66
2015-02-06,572.09,582.33,571.74,581.92
2015-02-05,574.24,578,572.34,574.84
2015-02-04,571.24,579.57,571.14,579.52
2015-02-03,578.29,582.22,570.65,573.79
2015-02-02,579.36,582.89,577.33,580.79
2015-01-30,579.57,584.02,577.22,583.56
2015-01-29,579.77,583.6,579.72,583.34
2015-01-28,577.38,582.52,576.26,581.14
2015-01-27,566.02,586.95,566.02,584.5
2015-01-26,566.02,568.52,566.02,568.52
2015-01-23,574.24,577.24,574.24,577.24
2015-01-22,564.85,577.9,563.59,577.24
2015-01-21,567.98,571.42,561.85,567.9
2015-01-20,565.04,570.92,564.8,570.53
2015-01-19,567.04,570.14,563.49,567.41
2015-01-16,564.36,571.43,563.54,569.5
2015-01-15,556.79,567.115,556.75,565.065
2015-01-14,556.23,558.57,553.74,556.91
2015-01-13,554.06,560.12,553.97,559.6
2015-01-12,555.99,556.535,553.69,554.135
2015-01-09,555.38,557.525,553.83,553.945
2015-01-08,555,561.57,554.96,558.5
2015-01-07,552.57,558.47,552.52,557.55
2015-01-06,549.47,556.92,548.78,555
2015-01-05,548.55,554.28,548.37,552.89
2015-01-02,545.13,549.28,545.04,548.35
2015-01-01,538.25,541.75,538.25,541.75
2014-12-31,538.5,542,538.25,541.75
2014-12-30,538,543.08,538,541.85
2014-12-29,538.33,542.1,536.75,541.55
2014-12-26,536.44,542.04,536.44,541.95
2014-12-25,536.44,539.44,536.44,539.44
2014-12-24,538.07,541.34,536.7,540.3
2014-12-23,535.91,542.295,535.56,541.375
2014-12-22,535.43,538.43,534.43,538.26
2014-12-19,534.04,539.685,533.13,539.275
2014-12-18,531.79,537.285,531.79,537.005
2014-12-17,526.58,532.84,525.69,531.5
2014-12-16,526.49,529.49,523.3,528.23
2014-12-15,526.24,530.485,525.73,529.475
2014-12-12,527.25,530.46,525.31,528.8
2014-12-11,527.38,532.9,526.11,532.46
2014-12-10,529.25,533.41,527.47,530.81
2014-12-09,530.88,534.18,526.92,532.25
2014-12-08,534.38,538.355,533.21,536.775
2014-12-05,530.97,533.885,529.81,533.755
2014-12-04,532.47,536.655,526.62,531.475
2014-12-03,530.19,536.275,530.11,535.485
2014-12-02,525.35,529.895,525.35,529.895
2014-12-01,525.35,530.3,524.43,528.1
2014-11-28,525.35,530.55,525.14,530.3
2014-11-27,525.35,529.15,524.01,528.73
2014-11-26,525.56,530.23,523.47,527.9
2014-11-25,528.1,532.375,525.31,529.925
2014-11-24,529.08,535.11,527,532
2014-11-21,522.88,530.175,522.47,529.315
2014-11-20,523.09,524.51,521.64,522.76
2014-11-19,523.18,524.155,521.72,522.905
2014-11-18,526.83,530.08,522.88,526.26
2014-11-17,525.23,529.96,525.1,529.83
2014-11-14,525.69,531.32,525.23,528.23
2014-11-13,526.41,529.75,524.98,528.69
2014-11-12,525.73,530.47,524.98,530.34
2014-11-11,528.1,532.25,524.77,528.78
2014-11-10,525.94,531.15,524.35,531.06
2014-11-07,528.49,533.21,527.17,529.88
2014-11-06,525.31,528.86,523.34,527.18
2014-11-05,522.8,529.53,522.05,528.27
2014-11-04,525.48,528.52,521.51,525.8
2014-11-03,524.6,528.94,524.3,528.52
2014-10-31,520.02,528.81,519.78,526.5
2014-10-30,520.81,525.55,519.24,523.02
2014-10-29,515.08,518.45,513.63,518.16
2014-10-28,516.46,520.07,514.31,518.04
2014-10-27,517.15,520.97,515.57,519.5
2014-10-24,518.79,522.61,516.62,521.34
2014-10-23,518.3,522.36,517.4,521.67
2014-10-22,515.77,522.04,515.49,521.58
2014-10-21,512.35,518.89,511.55,518.77
2014-10-20,513.91,517.36,511.75,515.39
2014-10-17,511.99,517.765,510.99,516.875
2014-10-16,510.95,518.65,510.83,514.95
2014-10-15,518.67,521.95,510.63,513.91
2014-10-14,514.31,521.96,514.07,521.08
2014-10-13,516.99,520.89,514.31,517.36
2014-10-10,517.48,523.35,517.48,522.32
2014-10-09,513.63,520.47,513.35,519.57
2014-10-08,518.38,521.45,516.83,520.8
2014-10-07,519.94,524.325,518.13,522.325
2014-10-06,523.51,526.51,520.77,524.51
2014-10-03,518.58,527.31,518.38,526.8
2014-10-02,518.83,522.32,516.99,519.86
2014-10-01,521.18,523.72,518.99,522.56
2014-09-30,516.46,519.455,516.46,519.455
2014-09-29,516.95,520.695,515.89,519.625
2014-09-26,514.44,519.86,514.4,519.49
2014-09-25,512.8,515.85,512.8,515.85
2014-09-24,510.75,516.48,509.84,515.85
2014-09-23,510.55,513.59,508.41,513.23
2014-09-22,510.95,514,510.91,514
2014-09-19,508.73,514.11,508.34,513.81
2014-09-18,509.2,513.145,507.35,510.945
2014-09-17,506.37,509.805,505.36,509.095
2014-09-16,507.39,510.39,505.4,508.4
2014-09-15,506.34,511.035,506.26,510.225
2014-09-12,507.39,511.06,506.02,509.3
2014-09-11,507.82,511.155,506.37,510.225
2014-09-10,507.12,511.57,506.02,510.94
2014-09-09,508.65,513.085,507.51,511.455
2014-09-08,506.45,511.39,506.45,510.8
2014-09-05,506.69,510.12,505.28,509.22
2014-09-04,498.75,510.25,498.6,509.54
2014-09-03,499.43,502.7,498.41,501.75
2014-09-02,499.62,502.89,499.4,502.2
2014-09-01,499.59,502.66,498.9,502.62
2014-08-29,497.54,502.47,497.09,502.43
2014-08-28,497.09,501.37,496.19,500.58
2014-08-27,498.07,501.18,496.56,500.16
2014-08-26,497.2,501.3,496.49,501.14
2014-08-25,497.05,500.28,496.64,500.13
2014-08-22,493.87,499.22,493.39,498.36
2014-08-21,494.61,497.88,493.57,496.83
2014-08-20,492.42,497.8,492.28,497.58
2014-08-19,490.84,495.76,490.69,495.42
2014-08-18,490.11,494.28,489.63,493.84
2014-08-15,490.69,494.495,489.12,493.455
2014-08-14,490.77,494.06,489.23,493.73
2014-08-13,491.13,494.54,488.97,493.69
2014-08-12,490.58,494.41,490.51,493.23
2014-08-11,489.78,492.79,489.67,492.72
2014-08-08,490.77,494.06,488.35,492.08
2014-08-07,490.11,494.69,489.7,493.88
2014-08-06,490.36,495.02,490,493.07
2014-08-05,488.72,494.06,488.61,493.36
2014-08-04,488.57,492.26,488.46,491.68
2014-08-01,489.89,493.07,487.92,491.39
2014-07-31,489.63,493.36,489.45,492.85
2014-07-30,489.12,493.77,488.86,492.63
2014-07-29,488.06,492.34,487.88,492.12
2014-07-28,488.17,491.35,487.88,491.06
2014-07-25,487.08,491.72,487.01,491.35
2014-07-24,487.12,490.41,486.4,490.19
2014-07-23,487.05,490.48,486.76,490.16
2014-07-22,485,489.635,484.85,489.285
2014-07-21,485.1,488.46,484.78,488.03
2014-07-18,484.89,488.75,484.53,487.39
2014-07-17,484.89,488.32,484.42,487.92
2014-07-16,483.35,488.18,483.21,487.92
2014-07-15,481.61,486.67,481.33,486.39
2014-07-14,481.51,485.06,481.26,484.95
2014-07-11,481.97,485.14,481.44,484.79
2014-07-10,481.01,485.595,480.91,485.505
2014-07-09,481.75,485.285,480.77,483.925
2014-07-08,482.09,485.76,481.68,485.31
2014-07-07,483,485.965,482,485.075
2014-07-04,481.9,485.39,481.86,485.11
2014-07-03,480.38,485.43,480.03,484.93
2014-07-02,479.2,483.92,479.2,483.5
2014-07-01,479.05,482.645,478.84,482.325
2014-06-30,480.45,483.73,478.87,482.05
2014-06-27,481.4,485.085,480.84,484.255
2014-06-26,481.72,486.335,481.51,485.375
2014-06-25,481.75,485.425,480.52,483.915
2014-06-24,481.75,485.975,481.51,485.545
2014-06-23,483.41,486.65,482.18,485.61
2014-06-20,481.33,486.14,481.33,485.21
2014-06-19,483.41,486.3,480.8,484.16
2014-06-18,484.24,487.23,482.85,486.4
2014-06-17,483.25,487.73,483,487.26
2014-06-16,484.21,488.35,483,486.21
2014-06-13,483.92,487.92,483,487.78
2014-06-12,485.1,488.28,483.25,486.96
2014-06-11,484.46,487.5,483.82,487.35
2014-06-10,483.71,487.17,483.57,487.03
2014-06-09,480.8,483.8,480.8,483.8
2014-06-06,480.17,484.65,479.64,483.8
2014-06-05,482.32,488.82,479.89,483.13
2014-06-04,481.22,485.43,480.98,485.29
2014-06-03,482.36,485.82,480.66,484.33
2014-06-02,482.53,485.75,481.3,485.39
2014-05-30,482.13,485.125,480.48,484.415
2014-05-29,482.57,485.69,481.44,485.09
2014-05-28,481.01,485.83,480.94,485.25
2014-05-27,480.66,484.93,480.24,484.01
2014-05-26,481.44,484.83,480.34,483.66
2014-05-23,479.89,484.33,479.89,483.87
2014-05-22,479.89,483.3,479.22,483.09
2014-05-21,478.17,484.06,478.17,483.15
2014-05-20,478.42,482.62,478.28,481.85
2014-05-19,478.17,481.66,477.65,481.45
2014-05-16,478.38,481.79,477.82,481.41
2014-05-15,478.24,483.55,477.72,481.38
2014-05-14,478.59,481.73,477.68,481.24
2014-05-13,476.78,482.15,476.23,481.59
2014-05-12,477.06,480.16,476.16,479.68
2014-05-09,474.03,479.77,473.75,479.28
2014-05-08,471.47,477.27,468.84,476.85
2014-05-07,470.93,474.57,470.66,474.44
2014-05-06,472.69,475.895,470.19,473.965
2014-05-05,472.8,475.97,472.35,475.69
2014-05-02,472.9,477.92,472.52,475.8
2014-05-01,473,476.14,472.56,475.93
2014-04-30,474.85,478.68,472.66,476
2014-04-29,473.55,478.12,472.73,477.82
2014-04-28,472.86,477.03,472.66,476.55
2014-04-25,474.23,476.4,473.62,476.2
2014-04-24,474.78,477.64,473.89,476.3
2014-04-23,475.23,477.37,473.44,476.75
2014-04-22,475.61,477.85,474.51,477.19
2014-04-21,474.75,477.81,474.61,477.57
2014-04-18,474.85,477.95,474.47,477.82
2014-04-17,474.75,477.95,473.07,477.78
2014-04-16,474.82,478.26,473.58,477.75
2014-04-15,474.61,478.57,474.25,477.78
2014-04-14,474.37,477.99,474.2,477.57
2014-04-11,472.29,476.17,471.81,475.42
2014-04-10,473.38,477.09,471.91,475.32
2014-04-09,475.43,478.06,473.17,475.44
2014-04-08,477.34,480.48,474.92,478.37
2014-04-07,478.24,481.35,477.09,480.34
2014-04-04,478,482.75,477.75,481.66
2014-04-03,476.47,480.8,475.88,480.17
2014-04-02,475.61,478.92,474.75,478.51
2014-04-01,476.3,478.96,474.88,477.64
2014-03-31,476.96,479.41,475.12,478.37
2014-03-28,477.44,480.63,476.33,478.99
2014-03-27,475.99,480.32,475.05,479.94
2014-03-26,474.44,478.62,474.25,478.49
2014-03-25,473.96,479.46,473.75,476.97
2014-03-24,475.19,479.21,472.8,476.53
2014-03-21,476.09,479.51,474.88,478.57
2014-03-20,474.51,479.09,473.85,478.12
2014-03-19,470.86,474.91,470.66,474.3
2014-03-18,471.23,475.56,470.66,473.69
2014-03-17,472.25,474.39,470.29,473.2
2014-03-14,472.29,474.83,470.76,473.44
2014-03-13,471.81,474.35,469.65,473.61
2014-03-12,473.31,476.89,471.37,474.78
2014-03-11,472.73,476.73,472.61,475.84
2014-03-10,472.35,475.74,472.05,475.23
2014-03-07,476.96,478.96,471.37,474.8
2014-03-06,477.65,480.07,476.64,478.92
2014-03-05,477.41,480.52,476.96,479.68
2014-03-04,477.58,480.07,475.99,479.34
2014-03-03,476.16,479.93,475.74,479.62
2014-02-28,478.52,481.08,474.8,477.4
2014-02-27,479.33,483.34,477.89,481.02
2014-02-26,477.23,482.7,476.75,481.76
2014-02-25,477.55,480.78,476.51,479.73
2014-02-24,476.99,481.06,476.4,480.12
2014-02-21,478.17,480.7,476.78,479.55
2014-02-20,477.58,482.29,476.68,481.14
2014-02-19,476.75,479.93,476.23,479.68
2014-02-18,478.59,482.01,476.4,479.71
2014-02-17,478.56,482.08,478.38,481.52
2014-02-14,479.54,481.78,478.31,481.05
2014-02-13,482.61,485.39,479.08,482
2014-02-12,481.08,486.21,480.45,485.03
2014-02-11,480.7,483.69,479.43,483.51
2014-02-10,481.22,484.54,480.41,483.2
2014-02-07,482.75,486.96,480.75,483.87
2014-02-06,484.71,488.75,481.65,485.21
2014-02-05,485.25,488.97,483.99,487.67
2014-02-04,485.03,489.07,484.6,488.18
2014-02-03,486.43,489.58,484.6,487.96
2014-01-31,483.92,488.65,483.67,488.29
2014-01-30,480.2,486.32,480.03,485.96
2014-01-29,479.99,484.25,479.29,482.1
2014-01-28,479.78,483.26,479.26,481.92
2014-01-27,479.47,482.45,478.21,481.85
2014-01-24,479.01,482.13,477.44,481.61
2014-01-23,484.21,487.32,478.91,481.51
2014-01-22,483.74,487.17,482.96,486.74
2014-01-21,483.96,487.82,483.46,486.21
2014-01-20,483.89,487.21,483.35,486.99
2014-01-17,481.51,487.25,481.51,486.49
2014-01-16,482.21,484.85,480.66,483.68
2014-01-15,482.3,485,480.77,484.14
2014-01-14,482.3,483.03,481.63,482.36
2014-01-13,482.3,483.045,482.3,483.045
2014-01-10,482.11,485.07,481.68,485.07
2014-01-09,483.21,486.07,481.22,484.14
2014-01-08,481.68,486.99,481.12,486.17
2014-01-07,481.22,485.46,480.27,484.72
2014-01-06,482.3,485.57,480.41,484.26
2014-01-03,479.82,484.96,479.82,484.85
2014-01-02,482.65,485.15,479.55,481.85
2014-01-01,475.77,477.76,475.77,477.76
2013-12-31,475,477.77,475,477.76
2013-12-30,476.96,479.185,474.64,476.975
2013-12-27,479.12,481.29,473.31,479.37
2013-12-26,479.54,483.17,478.77,481.98
2013-12-25,479.43,482.17,478.63,481.57
2013-12-24,479.01,482.34,478.77,481.47
2013-12-23,479.29,481.68,478.17,480.98
2013-12-20,480.17,483.47,478.56,481.75
2013-12-19,479.36,482.52,479.12,482.13
2013-12-18,476.4,481.4,476.02,481.33
2013-12-17,476.71,481,475.95,479.4
2013-12-16,476.92,479.34,475.43,478.68
2013-12-13,476.99,480.49,476.37,479.37
2013-12-12,475.88,479.51,475.3,478.92
2013-12-11,476.75,479.34,475.09,477.85
2013-12-10,477.51,480.68,475.47,479.61
2013-12-09,478.21,480.31,477.37,479.44
2013-12-06,480.1,483.01,478.63,480.7
2013-12-05,482.61,486.21,479.61,481.99
2013-12-04,482.82,486.85,482.29,484.57
2013-12-03,484.46,487.03,481.83,484.71
2013-12-02,482.04,486.85,482,486.42
2013-11-29,481.9,484.5,481.61,484.5
2013-11-28,482.11,485.71,482.04,485.25
2013-11-27,483.35,485.725,481.93,485.125
2013-11-26,485.32,487.35,483.25,485.32
2013-11-25,484.57,488.25,484.35,487.35
2013-11-22,486.04,488.25,483.89,485.92
2013-11-21,484.39,486.39,484.39,486.39
2013-11-20,484.6,487.43,483.49,486.39
2013-11-19,485.79,488.33,484.24,486.53
2013-11-18,485.43,488.11,484.49,487.71
2013-11-15,487.45,490.32,485.79,488.04
2013-11-14,486.47,490.9,486.07,489.48
2013-11-13,488.24,491.92,486.11,488.4
2013-11-12,489.3,492.88,487.63,490.28
2013-11-11,489.81,491.89,488.97,491.23
2013-11-08,488.86,494.46,488.24,492.69
2013-11-07,485.39,491.08,484.89,490.83
2013-11-06,486.83,489.08,484.75,487.46
2013-11-05,485.43,489.63,485.14,488.9
2013-11-04,485.64,488.22,485.1,487.35
2013-11-01,482.96,488.69,482.64,488.33
2013-10-31,477.51,486.17,477.41,485.89
2013-10-30,477.23,480.73,475.18,479.62
2013-10-29,475.15,478.01,474.15,477
2013-10-28,474.95,476.62,474.25,475.61
2013-10-25,475.19,478.23,474.27,477.3
2013-10-24,476.12,479.54,474.54,478.23
2013-10-23,476.02,479.3,475.32,478.23
2013-10-22,479.47,483.13,474.84,478.95
2013-10-21,479.75,483.55,478.45,482.4
2013-10-18,479.89,482.24,478.66,481.36
2013-10-17,484.67,487.32,483.46,485.46
2013-10-16,484.82,489.8,483.46,487.67
2013-10-15,483.6,489.51,483.39,488
2013-10-14,483.57,487.24,482.43,486.71
2013-10-11,485.28,485.78,482.44,484.19
2013-10-10,485.07,489.29,483.62,488.1
2013-10-09,483.35,488.33,482.11,487.03
2013-10-08,482.92,486.85,481.34,486.25
2013-10-07,482.96,487.35,482.08,485.92
2013-10-04,481.68,484.92,481.22,483.72
2013-10-03,483,483.67,480,481.45
2013-10-02,484.78,488.64,481.37,486.03
2013-10-01,485,488.32,482.82,487.92
2013-09-30,485.86,489.22,483.12,487.92
2013-09-27,486.29,489.33,482.83,487.57
2013-09-26,484.89,489.37,484.75,488.79
2013-09-25,486.9,489.77,483.87,487.42
2013-09-24,486.11,489.69,485.25,489.3
2013-09-23,485.28,487.15,484.22,485.91
2013-09-20,484.85,486.43,483.47,484.76
2013-09-19,485.03,487.89,482.9,486.89
2013-09-18,491.1,493.85,483.65,487.14
2013-09-17,491.98,492.78,489.92,490.79
2013-09-16,493.24,493.74,489.3,491.63
2013-09-13,493.31,497.34,491.76,495.7
2013-09-12,492.76,496.96,491.58,495.66
2013-09-11,494.43,497.79,491.65,495.26
2013-09-10,494.91,498.145,493.36,496.765
2013-09-09,497.73,498.57,493.28,494.56
2013-09-06,499.89,501.08,496.65,497.45
2013-09-05,495.9,500.81,495.37,499.65
2013-09-04,498.03,498.99,495.52,496.36
2013-09-03,497.31,499.63,496.92,497.83
2013-09-02,495.7,499.955,495.49,499.505
2013-08-30,495.36,498.19,494.47,495.91
2013-08-29,491.76,498.595,491.54,497.735
2013-08-28,489.67,495.27,489.63,493.94
2013-08-27,490.69,494.45,488.86,491.84
2013-08-26,489.96,491.6,489.04,490.42
2013-08-23,491.1,493.94,488.46,492.29
2013-08-22,491.06,495.52,489.77,493.38
2013-08-21,488.94,494.05,488.57,493.35
2013-08-20,491.98,494.6,486.89,491.08
2013-08-19,490.76,493.98,490.25,493.98
2013-08-16,483.61,492.52,482.73,491.93
2013-08-15,486.88,496.71,484.94,494.2
2013-08-14,486.73,495.44,486.32,494.92
2013-08-13,492.43,498.5,487.22,493.59
2013-08-12,492.65,493.67,491.95,492.89
2013-08-09,489.59,491.26,489.52,491.26
2013-08-08,491.1,491.93,488.78,489.87
2013-08-07,492.2,494.23,490.73,491.56
2013-08-06,493.95,494.82,491.87,492.78
2013-08-05,493.21,494.79,493.21,494.49
2013-08-02,496.67,497.25,492.69,493.63
2013-08-01,492.32,499.07,492.17,498.89
2013-07-31,494.54,498.29,492.05,495.3
2013-07-30,493.8,497.84,493.06,496.83
2013-07-29,494.46,495.75,492.61,494.38
2013-07-26,493.98,497.45,492.72,496.48
2013-07-25,496.9,500.28,492.57,496.23
2013-07-24,496,499.6,494.06,499.11
2013-07-23,496.69,500.47,494.77,498.21
2013-07-22,498.71,501.68,495.6,499.68
2013-07-19,499.59,503.36,498.13,501.23
2013-07-18,499.7,504.21,499.21,502.56
2013-07-17,498.33,503.55,497.5,501.99
2013-07-16,502.07,504.75,497.22,500.51
2013-07-15,501.5,504.76,500.95,502.17
2013-07-12,500.85,504.655,500.27,501.955
2013-07-11,505.32,505.965,498.75,500.825
2013-07-10,513.19,514.29,504.43,505.12
2013-07-09,509.64,516.36,508.69,515.44
2013-07-08,511.71,514.08,508.43,511.85
2013-07-05,507.9,514,507.2,513.4
2013-07-04,504.19,510.94,503.38,510.19
2013-07-03,505.32,509.29,502.8,506.41
2013-07-02,502.07,505.98,501.5,505.44
2013-07-01,504.04,506.41,501.22,504.28
2013-06-28,503.03,504.945,499.95,504.215
2013-06-27,503.42,504.62,501.72,503.15
2013-06-26,501.38,505.185,500.57,504.135
2013-06-25,499.43,502.09,498.35,501.4
2013-06-24,499.5,503.22,498.28,501.4
2013-06-21,496.07,500.92,494.69,499.69
2013-06-20,492.65,500.24,492.57,498.4
2013-06-19,489.78,493.66,488.35,493.11
2013-06-18,490.62,494.38,488.27,491.95
2013-06-17,491.69,494.41,489.48,492.94
2013-06-14,490.33,493.18,489.52,491.19
2013-06-13,491.8,496.19,489.55,492.65
2013-06-12,492.65,496.68,490.25,494.05
2013-06-11,494.76,497.95,491.8,494.9
2013-06-10,496.56,499.79,493.65,496.98
2013-06-07,495.17,497.255,493.09,496.055
2013-06-06,500.92,503.71,492.43,497.39
2013-06-05,501.34,504.75,499.46,503.13
2013-06-04,500.91,503.42,499.99,501.18
2013-06-03,503.96,508.55,499.92,503.86
2013-05-31,502.57,508.94,501.88,506.72
2013-05-30,506.77,509.41,501.49,504.94
2013-05-29,510.12,513.12,504.74,509.02
2013-05-28,507.16,512.72,506.5,512.44
2013-05-27,507,510.11,505.99,509.37
2013-05-24,507.04,508.355,504.74,507.255
2013-05-23,510.08,513.8,505.6,509.33
2013-05-22,508.18,511.185,503.92,510.155
2013-05-21,509.13,513.04,506.42,510.43
2013-05-20,510,513,508.35,511.34
2013-05-17,509.16,512.63,508.53,510.95
2013-05-16,509.01,512.64,506.65,511.34
2013-05-15,507.63,510.75,506.57,509.01
2013-05-14,505.48,507.805,503.38,507.725
2013-05-13,505.17,506.79,503.96,505.57
2013-05-10,502.8,507.54,502.14,504.62
2013-05-09,498.71,504.66,497.58,502.64
2013-05-08,501.5,501.855,496.43,498.735
2013-05-07,501.57,501.96,499.55,501.57
2013-05-06,500.08,504.75,499.13,503.82
2013-05-03,502.03,505.52,497.82,502.26
2013-05-02,497.62,504.385,495.67,503.305
2013-05-01,498.11,498.43,494.59,497.71
2013-04-30,500.77,504.63,496.73,500.32
2013-04-29,503.34,505.63,499.38,502.9
2013-04-26,504.12,507.14,502.45,505.63
2013-04-25,503.85,507.22,500.22,506.29
2013-04-24,504.7,506.155,502.53,503.945
2013-04-23,501.96,505.61,501.18,504.56
2013-04-22,502.34,504.015,501.14,502.015
2013-04-19,502.5,502.77,499.04,502.57
2013-04-18,503.3,503.81,500.15,502.61
2013-04-17,497.69,506.75,496.75,505.52
2013-04-16,503.07,505.71,496.2,499.98
2013-04-15,499.36,504.19,499.36,503.03
2013-04-12,500.73,503.61,499.04,499.96
2013-04-11,501.84,502.92,498.54,500.77
2013-04-10,500.68,504.78,499.61,504.05
2013-04-09,504.16,506.56,499.84,503.63
2013-04-08,505.52,507.84,502.8,506.41
2013-04-05,507.08,510.7,502.33,507.03
2013-04-04,510.47,514.52,505.83,507.12
2013-04-03,511.63,515.02,509.18,512.66
2013-04-02,509.81,512.13,509.64,511.69
2013-04-01,511.17,512.61,509.56,510.23
2013-03-29,511.83,514.48,510.65,513.88
2013-03-28,513.23,516.48,509.97,514.04
2013-03-27,509.96,516.56,509.2,515.48
2013-03-26,510.35,513.52,508.27,512.25
2013-03-25,505.24,513.28,502.95,512.56
2013-03-22,508.49,508.97,503.49,504.97
2013-03-21,507.12,511.45,505.91,510.74
2013-03-20,509.13,512.4,504.85,509.45
2013-03-19,506.18,510.73,505.4,509.22
2013-03-18,504,509.92,504,508.47
2013-03-15,504.35,505.08,499.76,501.37
2013-03-14,506.06,508.52,502.72,504.15
2013-03-13,503.27,509.8,501.88,508.23
2013-03-12,502.76,504.905,500.99,503.285
2013-03-11,504.58,505.7,501.76,502.6
2013-03-08,500.42,508.21,499.24,506
2013-03-07,505.83,508.12,499.27,502.71
2013-03-06,502.57,505.965,501.69,505.885
2013-03-05,503.54,504.22,501.53,502.59
2013-03-04,502.23,507.49,502,505.79
2013-03-01,501.64,505.28,499.95,503.49
2013-02-28,498.64,502.69,498.09,502.18
2013-02-27,501.49,502.49,498.24,499.08
2013-02-26,497.13,502.49,497.13,501.91
2013-02-25,497.69,498.47,494.92,498.47
2013-02-22,497.28,499.4,494.59,497
2013-02-21,493.17,498.83,492.8,497.08
2013-02-20,489.92,496.45,488.17,496.12
2013-02-19,491.32,493.31,488.89,491.18
2013-02-18,490.98,494.6,490.03,493.53
2013-02-15,490.47,493.44,489.66,490.6
2013-02-14,487.3,494.24,487,492.44
2013-02-13,487.48,490.5,484.48,489.12
2013-02-12,489.26,492.94,486.06,489.77
2013-02-11,490.94,494.08,487.8,491.48
2013-02-08,489.52,493.21,487.76,492.11
2013-02-07,485.07,492.8,482.37,491.88
2013-02-06,482.89,488.28,482.29,487.25
2013-02-05,484.65,488.55,481.73,484.13
2013-02-04,480.73,486.14,480.16,485.12
2013-02-01,482.32,485.25,477.68,482.45
2013-01-31,483.46,486.64,481.83,485.28
2013-01-30,486.11,487.01,482.15,483.19
2013-01-29,487.45,489.44,485.23,485.87
2013-01-28,487.19,489,485.99,487.25
2013-01-25,489.45,493.02,485.91,488.76
2013-01-24,491.76,495.31,489.08,491.74
2013-01-23,492.35,494.41,490.69,492.3
2013-01-22,492.65,496.23,491.13,494.6
2013-01-21,492.65,495.39,491.58,494.88
2013-01-18,490.29,493.67,489.59,492.26
2013-01-17,493.5,496.53,489.48,492.65
2013-01-16,492.94,497.01,492.13,495.78
2013-01-15,490.14,496.04,489.56,495.19
2013-01-14,491.61,494.08,489.08,492.39
2013-01-11,494.2,495.6,490.07,491.34
2013-01-10,502.07,505.28,493.58,496.45
2013-01-09,500.6,505.36,500.6,504.28
2013-01-08,499.42,502.61,499.42,501.14
2013-01-07,500.38,502.33,499.42,499.92
2013-01-04,499.51,505.88,499.51,503.42
2013-01-03,499.09,501.27,497.92,501.03
2013-01-02,496.79,497.29,493.21,497.19
2013-01-01,496,498,495.81,497.81
2012-12-31,496,499.54,495.15,498.49
2012-12-28,493.08,498.22,493.08,496.06
2012-12-27,495.26,495.76,493.02,495.39
2012-12-26,494.63,496.51,494.14,495.72
2012-12-25,496.12,496.62,495.86,496.55
2012-12-24,494.74,496.62,494.74,496.62
2012-12-21,494.51,498.42,494.21,497.11
2012-12-20,495.19,497.32,492.95,495.01
2012-12-19,495.7,496.27,493.54,495.65
2012-12-18,497.52,500.33,495.32,497.36
2012-12-17,496.32,500.14,496,500.03
2012-12-14,501.19,502.42,497.22,498.06
2012-12-13,503.15,504.35,499.99,501.37
2012-12-12,505.9,508.045,502.35,504.945
2012-12-11,506.14,508.905,505.13,507.645
2012-12-10,509.62,512.7,505.87,508.71
2012-12-07,505.83,512.11,505.59,509.56
2012-12-06,501.22,508.74,500.6,508.04
2012-12-05,500.92,505.56,500.01,504.13
2012-12-04,502.42,505.01,499.65,503.17
2012-12-03,505.24,507.84,500.87,504.71
2012-11-30,505.36,506.25,502.91,504.93
2012-11-29,506.34,509.09,504,507.61
2012-11-28,506.77,511.41,505.99,508.66
2012-11-27,504.78,511.05,504.39,508.98
2012-11-26,506.91,508.91,504.78,507.24
2012-11-23,510.61,513.06,506.6,508.72
2012-11-22,512.76,514.765,510.06,512.295
2012-11-21,511.71,516.6,510.87,514.59
2012-11-20,511.27,515.52,510.53,513.92
2012-11-19,514.61,517.57,511.05,513.47
2012-11-16,512.45,518.83,512.45,515.79
2012-11-15,514.96,518.02,511.69,515.44
2012-11-14,515.6,518.71,512.73,517.25
2012-11-13,516.1,521.61,514.87,518.51
2012-11-12,515,518.67,514.32,518.35
2012-11-09,514.52,518.14,513.31,515.69
2012-11-08,512.85,517.94,512.81,516.81
2012-11-07,511.83,515.5,510.27,513.39
2012-11-06,512.51,516.16,510.57,514.04
2012-11-05,513,516.29,511.89,514.76
2012-11-02,506.77,513.84,505.98,513.08
2012-11-01,506.14,511.2,504.62,508.94
2012-10-31,507.62,510.14,505.28,508.31
2012-10-30,506,509.61,505,509.41
2012-10-29,506,508.5,506,508.5
2012-10-26,506.38,511.1,505.6,509.02
2012-10-25,505.59,507.58,503.61,506.88
2012-10-24,505.05,509.92,504.54,507.84
2012-10-23,502.19,508.66,501.42,507.34
2012-10-22,503.34,505.86,500.6,504.44
2012-10-19,501.92,504.54,501.33,503.49
2012-10-18,499.93,504.63,499.38,504.13
2012-10-17,501.72,504.4,498.51,502.18
2012-10-16,506.53,507.27,501.56,502.26
2012-10-15,506,509.56,505.44,508.74
2012-10-12,507.35,509.72,504.19,508.62
2012-10-11,509.4,512.92,506.65,509.64
2012-10-10,509.09,512.68,507.2,511.69
2012-10-09,505.75,512.33,504.15,511.3
2012-10-08,503,509.13,502.92,507.96
2012-10-05,503.85,507.03,501.14,505.48
2012-10-04,508.22,510.63,502.64,505.98
2012-10-03,506.93,511.22,506.81,510.51
2012-10-02,507.55,508.32,505.83,507.47
2012-10-01,507.87,509.2,506.65,508.65
2012-09-28,507.67,510.65,506.18,509.84
2012-09-27,508.74,512.79,506.73,508.73
2012-09-26,507.75,510.85,507.2,509.36
2012-09-25,506.54,509.07,505.13,508.18
2012-09-24,505,508.99,504,507.04
2012-09-21,505.09,506.48,502.22,505.04
2012-09-20,501.99,507.89,501.56,505.55
2012-09-19,501.76,504.42,501,502.41
2012-09-18,499.34,503.07,499.31,502.53
2012-09-17,499,501.23,497.52,499.92
2012-09-14,498.79,501.27,498.13,499.31
2012-09-13,508.45,511.16,506.77,509.2
2012-09-12,509.49,513.04,506.97,510.74
2012-09-11,513.91,514.45,508.86,510.03
2012-09-10,512.23,514.45,511,513.95
2012-09-07,519.24,521.66,511.01,514.04
2012-09-06,520.44,524.4,517.88,521.51
2012-09-05,520.89,526.47,518.87,522.69
2012-09-04,522.45,523.37,519.98,521.85
2012-09-03,520,524.235,519.61,524.155
2012-08-31,523.93,527.01,519.32,521.02
2012-08-30,522.72,525.56,521.43,524.27
2012-08-29,521,524.34,521,523.27
2012-08-28,523.93,525.18,520.85,521.77
2012-08-27,523.93,525.6,522.48,524.52
2012-08-24,522.51,527.52,522.3,526.93
2012-08-23,523.51,527.04,521.6,524.72
2012-08-22,523.93,529.84,522.77,525.72
2012-08-21,531.66,532.46,524.61,525.7
2012-08-20,532.86,534.36,530.27,531.11
2012-08-17,532.39,533.89,531.31,532.02
2012-08-16,533.52,536.425,531.44,534.375
2012-08-15,532.13,535.06,531.23,533.58
2012-08-14,531.7,534.91,530.18,533.79
2012-08-13,536.29,538.34,529.32,533.61
2012-08-10,533,536.33,531.86,533.53
2012-08-09,530.41,536.94,529.38,535.25
2012-08-08,528.87,534.34,528.7,532.62
2012-08-07,528.91,531.97,526.47,531.25
2012-08-06,529.9,534.98,527.02,531.2
2012-08-03,537.81,541.07,528.6,531.72
2012-08-02,535.78,541.01,528.83,538.26
2012-08-01,533.13,536.59,531.82,536.24
2012-07-31,534.73,539.29,531.26,535.33
2012-07-30,535.33,538.31,534,536.82
2012-07-27,533.78,536.62,531.43,532.15
2012-07-26,539.44,543.68,531.34,535.65
2012-07-25,543.17,548.02,538.47,541.69
2012-07-24,542.22,546.52,541.06,546.12
2012-07-23,542.98,544.24,539.45,541.2
2012-07-20,534.08,542.18,533.82,541.78
2012-07-19,533.78,538.56,531,536.29
2012-07-18,533.69,538.88,533.08,535.08
2012-07-17,534.47,538.57,532.56,533.27
2012-07-16,535.96,540.94,532.95,536.72
2012-07-13,537.67,539.85,534.56,537.21
2012-07-12,535,538.475,534.51,538.295
2012-07-11,535.48,536.06,533.68,535.71
2012-07-10,532.61,538.48,532.21,538.13
2012-07-09,532,536.875,531.82,535.095
2012-07-06,528.6,533.93,528.17,533.53
2012-07-05,521,530.61,521,529.05
2012-07-04,520.31,523.63,519,523.5
2012-07-03,521.26,524.75,518.79,522.89
2012-07-02,519.04,524.385,518.09,523.765
2012-06-29,527.17,527.97,516.41,518.1
2012-06-28,524.72,531,524,529.98
2012-06-27,525.06,527.54,523.93,525.87
2012-06-26,524.6,529.44,523.38,527.79
2012-06-25,522,528.605,522,527.175
2012-06-22,522.67,525.68,520.69,523.47
2012-06-21,516.87,525.98,515.76,525.52
2012-06-20,516.75,520.22,514.95,518.42
2012-06-19,521.14,523.64,515.65,518.75
2012-06-18,519.32,521.06,518.21,521.06
2012-06-15,519.36,521.39,518.21,518.75
2012-06-14,522.01,525.42,518.83,521.9
2012-06-13,524.43,526.89,519.57,523.88
2012-06-12,525.9,529.785,523.27,526.925
2012-06-11,521.64,525.64,521.56,525.36
2012-06-08,522.09,527.575,521.39,526.655
2012-06-07,521.43,525.705,519.28,524.785
2012-06-06,526.75,531.17,520.4,524.43
2012-06-05,524.93,531.165,524.72,529.335
2012-06-04,527.25,531.405,523.98,527.515
2012-06-01,529.97,535.7,526.47,530.17
2012-05-31,530.15,534.25,527.49,533.3
2012-05-30,525.23,532.24,524.77,531.98
2012-05-29,522.27,528.925,521.31,527.495
2012-05-28,524.8,525.92,522,522.72
2012-05-25,522.97,527.45,520.44,526.57
2012-05-24,520.97,524.07,519.12,523.28
2012-05-23,516.99,525.445,516,523.785
2012-05-22,511.91,518.17,511.55,517.07
2012-05-21,513.11,519.6,510.73,514.45
2012-05-18,516.83,520.75,511.97,514.99
2012-05-17,515.77,517.725,514.26,516.745
2012-05-16,514.8,519.02,513.33,518.45
2012-05-15,511.39,517.32,507.26,516.92
2012-05-14,507,514.185,507,513.985
2012-05-11,506,508.21,504,507.55
2012-05-10,507.16,507.97,504,506.76
2012-05-09,504.35,510.635,502.67,509.775
2012-05-08,502.3,507.24,501,506.08
2012-05-07,499.24,504.93,499.24,502.46
2012-05-04,498.67,503.46,496,501.21
2012-05-03,498.67,503.245,496,501.265
2012-05-02,495.47,499.735,494,498.525
2012-05-01,495.29,496.73,493.43,495.49
2012-04-30,495.36,496.58,493,495.42
2012-04-27,497.31,499.02,493,494.6
2012-04-26,496.07,497.045,493,496.595
2012-04-25,497.09,501.755,494,498.555
2012-04-24,498.49,501.8,495,499.65
2012-04-23,497.13,500.56,495,498.73
2012-04-20,499.36,500.61,494,495.95
2012-04-19,499.89,504.375,497,501.775
2012-04-18,499.66,502.34,497.69,499.93
2012-04-17,499.4,501.585,496,499.795
2012-04-16,501.96,504.615,498.2,499.245
2012-04-13,497.46,501.88,496,501.57
2012-04-12,500.31,500.765,495.71,497.465
2012-04-11,501.38,504.54,497,502.85
2012-04-10,500.39,502.535,498,501.455
2012-04-09,500.62,505.83,498.64,503.14
2012-04-06,502.11,502.605,498.64,500.885
2012-04-05,499.13,503.25,497,502.17
2012-04-04,495.66,500.43,494.92,499.13
2012-04-03,492.39,496.41,489,495.66
2012-04-02,490.95,493.975,489,492.385
2012-03-30,493.16,495.27,489,492.36
2012-03-29,492.53,494.945,489.91,493.165
2012-03-28,492.53,494.095,489,492.645
2012-03-27,493.8,494.84,489,492.46
2012-03-26,496.92,500.41,489.99,494.88
2012-03-23,496.97,501.97,492,494.28
2012-03-22,496.49,502.87,494,499.5
2012-03-21,495.92,501.93,493,498.97
2012-03-20,495.4,501.93,493,498.48
2012-03-19,497.54,503.385,493,497.855
2012-03-16,501.38,505.275,496.73,500.355
2012-03-15,503.42,506.955,499,503.865
2012-03-14,501.5,506.695,498.83,505.995
2012-03-13,498.83,502.61,496,501.34
2012-03-12,500.16,501.575,497,498.635
2012-03-09,493.91,501.35,493,500
2012-03-08,498.13,499.435,492,494.275
2012-03-07,500.12,501.31,496.74,498.63
2012-03-06,496.11,503.1,494.61,502.72
2012-03-05,497.2,498.91,494,495.99
2012-03-02,491.98,497.85,491,496.51
2012-03-01,491.46,494.29,489.78,492.52
2012-02-29,487.08,493.11,485,491.93
2012-02-28,489.56,492.82,485,488.87
2012-02-27,486.98,491.16,485,489.25
2012-02-24,490.4,493.78,485.66,487.25
2012-02-23,494.47,498.605,489.92,493.375
2012-02-22,495.59,496.95,492.99,494.97
2012-02-21,495.14,501.045,492,497.875
2012-02-20,497.54,500.57,492,497.38
2012-02-17,501.31,504.04,496,500.56
2012-02-16,501.96,509.465,497.82,501.665
2012-02-15,499.7,505.44,495,503.89
2012-02-14,496.39,504.795,495.54,502.505
2012-02-13,498.49,500.55,492,496.93
2012-02-10,493.72,501.38,492.91,497.68
2012-02-09,494.69,500.835,491,496.285
2012-02-08,492.69,497.72,491.13,494.56
2012-02-07,499.36,501.61,492.06,494.23
2012-02-06,500.12,505.1,497.17,499.2
2012-02-03,497.17,503.96,495,500.86
2012-02-02,498.33,503.765,495,501.475
2012-02-01,501.38,504.965,494,498.505
2012-01-31,499.21,504.84,494.53,501.58
2012-01-30,498.86,502.07,494.94,499.42
2012-01-27,500.54,502.03,494.9,495.61
2012-01-26,498.66,503.67,495.62,503.25
2012-01-25,503.38,509.2,497.97,500.47
2012-01-24,501.54,506.45,500,503.69
2012-01-23,512.4,512.9,500.61,503.07
2012-01-20,505.79,511.28,504,506.92
2012-01-19,510.12,512.66,504.93,506.04
2012-01-18,514.92,519.94,509.3,512.71
2012-01-17,517.85,522.035,511,517.495
2012-01-16,518.95,520.69,515,517.97
2012-01-13,510.77,521.28,508,517.32
2012-01-12,516.1,516.96,509,511.23
2012-01-11,513.43,520.63,511,518.84
2012-01-10,513.75,515.22,510,513.15
2012-01-09,516.46,517.52,511,513.87
2012-01-06,512.91,517.04,510,515.45
2012-01-05,506.73,514.01,505,512.83
2012-01-04,502.5,508.99,500,506.53
2012-01-03,507.12,509.2,500,504.3
2012-01-02,505,510.225,504,509.795
2011-12-30,502.94,510.435,502.94,509.375
2011-12-29,506.26,510.62,503.79,506.21
2011-12-28,501.8,507.27,499,506.76
2011-12-27,499,504.91,499,504.37
2011-12-26,499,501.5,499,501.5
2011-12-23,502.53,505.84,499,505.49
2011-12-22,501.95,503.96,498,502.37
2011-12-21,501.42,503.22,497,502.6
2011-12-20,503.77,506.935,498,503.925
2011-12-19,502,504.77,501,504.5
2011-12-16,503.15,504.81,500.57,502.91
2011-12-15,505.28,506.72,501,503.72
2011-12-14,503.34,509.115,501,507.945
2011-12-13,497.35,506.805,495,505.685
2011-12-12,490,498.76,488.83,497.15
2011-12-09,491.54,494.37,488,490.05
2011-12-08,488.9,496.065,486.18,494.035
2011-12-07,488.71,493.595,487.52,491.545
2011-12-06,488,492.33,488,489.17
2011-12-05,485.85,491.65,485.78,491.62
2011-12-02,487.16,491.34,483,489.21
2011-12-01,488.06,489.36,483,487.07
2011-11-30,492.46,495,484,487.79
2011-11-29,492.02,494.11,489,492.04
2011-11-28,493.13,494.33,488,492.45
2011-11-25,491.46,498.41,488.97,497.14
2011-11-24,491.5,495.065,488.97,493.925
2011-11-23,484.8,492.92,484.42,491.6
2011-11-22,485.34,489.385,482,487.725
2011-11-21,484.85,490.835,483.07,488.375
2011-11-18,486.57,490.12,481,485.15
2011-11-17,487.34,490.99,483,487.1
2011-11-16,483.79,493.535,483,489.825
2011-11-15,480.42,490.39,480,487.08
2011-11-14,477.67,484.3,475,481.06
2011-11-11,482.25,486.3,474.7,478.61
2011-11-10,484.17,490.06,479,483.75
2011-11-09,474.06,487.54,471.74,486.54
2011-11-08,476.09,480.315,472,476.415
2011-11-07,476.67,480.155,473,476.315
2011-11-04,474.78,480.845,471,477.965
2011-11-03,477.02,482.36,472.59,474.87
2011-11-02,478.8,483.435,473,479.585
2011-11-01,473.38,484.435,472.13,481.335
2011-10-31,463.51,476.72,462.89,475.69
2011-10-28,462.5,466.07,460,463.91
2011-10-27,472.49,473.165,459.69,462.205
2011-10-26,471.57,477.815,468,474.185
2011-10-25,470.9,476.815,468,474.085
2011-10-24,475.64,478.145,468,473.405
2011-10-21,476.16,483.16,470,474.41
2011-10-20,476.85,484.26,473,478.56
2011-10-19,477.34,478.65,471,476.8
2011-10-18,477.62,484.4,474.64,479.85
2011-10-17,472.35,481.51,470,479.76
2011-10-14,476.19,479.44,470,476.24
2011-10-13,475.88,480.28,472.59,476.19
2011-10-12,480.55,484.565,473,475.765
2011-10-11,480.8,483.54,478,480.75
2011-10-10,489.89,490.285,477,480.805
2011-10-07,488.32,490.975,483,490.345
2011-10-06,491.21,497.825,486,490.705
2011-10-05,491.32,494.095,489,491.425
2011-10-04,497.54,501.41,489.85,494.2
2011-10-03,491.76,498.315,489,498.125
2011-09-30,482.82,492.03,481.12,491.34
2011-09-29,484.82,487.57,478,485
2011-09-28,482.61,487.145,478,486.795
2011-09-27,484.82,490.78,479,485.04
2011-09-26,485.5,492.6,483,484.44
2011-09-23,487.23,490.125,482,485.895
2011-09-22,482.92,489.905,482,487.285
2011-09-21,478.7,486.265,474.98,485.625
2011-09-20,479.61,484.315,476,478.575
2011-09-19,479.75,485.61,477,481.95
2011-09-16,474.99,480.525,471,477.635
2011-09-15,477.2,482.99,469,474.99
2011-09-14,479.36,482.91,475,477.18
2011-09-13,479.85,485.075,476,479.415
2011-09-12,483.42,489.585,478,482.125
2011-09-09,472.42,485.31,470,482.24
2011-09-08,465.38,472.815,463.57,472.505
2011-09-07,468.61,471.055,463.57,467.625
2011-09-06,465.32,471.74,460,470.87
2011-09-05,463.28,466.16,460.55,465.5
2011-09-02,460,464.805,457,464.055
2011-09-01,456.19,461.095,455,459.935
2011-08-31,454.33,456.79,452,456.19
2011-08-30,451.85,457.53,451,454.2
2011-08-29,452.51,457.65,449,456.24
2011-08-26,456.35,459.37,451,452.43
2011-08-25,455.11,459.35,452,456.16
2011-08-24,454.42,459.68,451,457.36
2011-08-23,456.79,456.965,451,454.315
2011-08-22,456.22,459.53,453.78,459.11
2011-08-19,457.75,460.43,452,455.33
2011-08-18,454.64,459.675,452.19,457.785
2011-08-17,455.37,457.875,450,454.735
2011-08-16,454.01,459.305,452.32,457.505
2011-08-15,459.84,459.9,452,454.14
2011-08-12,460.58,463.36,457,460.34
2011-08-11,463.02,466.665,457,460.595
2011-08-10,455.65,464.59,454,462.87
2011-08-09,462.69,467.045,455.4,458.215
2011-08-08,457.47,468.135,455,465.135
2011-08-05,465.22,470.315,458.04,461.735
2011-08-04,457.62,467,456.38,464.97
2011-08-03,462.36,467.6,456,460.18
2011-08-02,459.87,466.99,458,464.48
2011-08-01,456.79,466.405,453,462.605
2011-07-29,457.72,462.89,454,455.42
2011-07-28,457.92,461.73,454,457.72
2011-07-27,451.92,458.95,450,456.62
2011-07-26,456.22,460.695,450,454.255
2011-07-25,457.22,461.815,454,458.615
2011-07-22,454.7,461.845,453,459.125
2011-07-21,461.13,467.8,453.69,457.04
2011-07-20,463.48,465.875,459,461.375
2011-07-19,465.05,469.215,460.85,465.675
2011-07-18,465.09,469.3,464,466.35
2011-07-15,464.2,468.275,461.76,465.645
2011-07-14,462.3,466.785,459,466.055
2011-07-13,469.41,472.025,460.79,464.775
2011-07-12,466.67,474.21,466.04,471.59
2011-07-11,461.03,468.01,460,467.17
2011-07-08,456.73,464.265,456,463.285
2011-07-07,458.13,461.91,455.55,456.76
2011-07-06,454.77,461.5,452,460.44
2011-07-05,450.98,457.4,450.64,457.06
2011-07-04,450.95,455.98,449,453.38
2011-07-01,452.32,455.495,450,451.545
2011-06-30,456.82,457.09,450.66,452.18
2011-06-29,456.64,459.125,453,454.405
2011-06-28,459.16,463.53,455.33,459.98
2011-06-27,462.14,464.805,458,459.225
2011-06-24,459.84,466.315,458.36,464.595
2011-06-23,457.5,465.48,457,459.95
2011-06-22,457.9,461.06,453,459.64
2011-06-21,458.45,460.52,455.17,458.7
2011-06-20,459.35,464.35,457,460.83
2011-06-17,461.36,464.42,456.76,458.06
2011-06-16,462.95,468.695,460.53,463.795
2011-06-15,454.17,465.295,452.37,465.265
2011-06-14,457.3,460.115,451.65,456.455
2011-06-13,456,458.72,453.88,458.43
2011-06-10,454.21,456.74,451,456.5
2011-06-09,449.84,454.9,446.93,451.81
2011-06-08,446.44,450.3,445.74,449.96
2011-06-07,449.93,452.31,445,446.59
2011-06-06,448.27,450.645,446,450.055
2011-06-03,452.63,455.165,447,448.225
2011-06-02,457.85,460.53,451.97,456.09
2011-06-01,455.59,458.485,452.94,458.265
2011-05-31,459.06,461.18,454,455.67
2011-05-30,458,459.995,456.63,459.225
2011-05-27,463.97,464.38,457.75,458.12
2011-05-26,465.68,466.32,460.95,463.92
2011-05-25,465.12,467.65,463.89,465.73
2011-05-24,466.97,468.01,463.46,465.05
2011-05-23,464.03,469.415,463.67,466.805
2011-05-20,458.36,464.57,457,463.01
2011-05-19,460.29,461.31,457.15,458.34
2011-05-18,460.68,462.105,458,460.385
2011-05-17,462.98,466.78,459.82,463.09
2011-05-16,465.91,466.71,459,463.14
2011-05-13,460.61,466.24,457,464.59
2011-05-12,461.78,466.255,458.72,462.865
2011-05-11,455.27,462.885,454,462.035
2011-05-10,456.99,461.805,454.35,457.595
2011-05-09,456.48,461.91,454.52,458.97
2011-05-06,451.02,458.67,448,457.81
2011-05-05,442.11,453.53,440,453.35
2011-05-04,442.5,443.65,438.6,442.3
2011-05-03,442.62,444.185,439.84,442.395
2011-05-02,442.29,443.99,440.07,442.41
2011-04-29,442.41,443.12,440,443.06
2011-04-28,443.66,444.065,441,442.485
2011-04-27,447.75,448.285,442.66,443.825
2011-04-26,449.81,454.235,446.99,450.065
2011-04-25,449.22,453.405,447.76,452.075
2011-04-22,449,450.5,446.44,450.5
2011-04-21,451.67,454.525,446,451.855
2011-04-20,457.43,460.13,450.95,453.96
2011-04-19,461.03,464.015,457.05,459.865
2011-04-18,454.93,463.115,453.02,460.835
2011-04-15,452.76,455.845,452.57,454.545
2011-04-14,453.42,458.485,450,455.085
2011-04-13,453.07,453.53,450,453.53
2011-04-12,454.48,456.19,451,453.1
2011-04-11,453.67,454.94,453.07,454.37
2011-04-08,458.52,459.02,453.07,453.12
2011-04-07,457.56,460.59,457,458.57
2011-04-06,461.29,461.63,457,457.64
2011-04-05,461.36,463.56,460,461.21
2011-04-04,462.07,462.205,459,461.225
2011-04-01,462.79,465.625,462.04,462.085
2011-03-31,464.2,467.025,462.04,465.345
2011-03-30,464.82,465.64,463,464.33
2011-03-29,465.78,466.355,463,464.875
2011-03-28,465,467.725,464,465.865
2011-03-25,462.89,465.8,461,465.66
2011-03-24,464,467.68,461,465.02
2011-03-23,461.84,464.75,461.36,463.5
2011-03-22,461.23,461.94,460.26,461.91
2011-03-21,462.59,463.88,460.64,461.05
2011-03-18,467.87,471.55,461.7,464.84
2011-03-17,471.57,475.3,466.41,470.11
2011-03-16,467.84,475.25,467,474.17
2011-03-15,471.61,475.77,467.61,471
2011-03-14,470.35,474.08,470.35,472.72
2011-03-11,474.7,477.14,470.6,471.3
2011-03-10,471.64,478.11,470.74,477.97
2011-03-09,471.64,475.77,469.99,474
2011-03-08,469.45,473.135,468,471.775
2011-03-07,468.64,470.52,466.57,469.18
2011-03-04,469.58,470.96,467,468.74
2011-03-03,472.97,476.6,469.35,472.05
2011-03-02,475.29,479.67,471,475.54
2011-03-01,475.16,476.45,472.88,475.92
2011-02-28,476.96,478.385,472.68,475.265
2011-02-25,475.3,480.4,473,479.36
2011-02-24,476.39,480.84,474.56,477.62
2011-02-23,480.2,480.635,475,477.285
2011-02-22,479.47,485.89,477.96,482.78
2011-02-21,479.43,482.74,477,482.04
2011-02-18,481.97,484.19,479.47,479.45
2011-02-17,482.72,485.03,480.88,481.91
2011-02-16,485.55,489.535,482,485.875
2011-02-15,486.29,487.34,483,486.29
2011-02-14,485.57,490.935,482.75,488.905
2011-02-11,482.39,486.39,481,483.83
2011-02-10,477.75,483.6,476.78,482.23
2011-02-09,480.63,482.43,476.53,477.42
2011-02-08,482.12,483.75,478,480.99
2011-02-07,483.64,488.02,481.33,485.27
2011-02-04,480.91,484.78,479,482.44
2011-02-03,474.82,482.4,474,480.81
2011-02-02,474.27,478.78,472,477.5
2011-02-01,479.19,481.72,473.05,476.62
2011-01-31,482.25,485.85,476.64,481.55
2011-01-28,477.55,485.28,477,484.43
2011-01-27,478.38,483.12,476,480.28
2011-01-26,479.22,480.735,477.96,478.875
2011-01-25,480.94,483.155,478.59,479.135
2011-01-24,480.91,484.455,479,480.875
2011-01-21,486.87,488.2,480.67,481.31
2011-01-20,486.72,489.665,485,486.835
2011-01-19,489.92,493.09,484.49,489.34
2011-01-18,493.42,497.385,486.6,492.465
2011-01-17,490,497.64,489.72,496.15
2011-01-14,490.77,492.7,487,490.49
2011-01-13,498.73,501.54,489.33,490.82
2011-01-12,505.55,506.06,498.28,499.55
2011-01-11,506.41,510.77,504,508.14
2011-01-10,509.09,509.54,505.36,506.63
2011-01-07,504.31,508.72,503,507.74
2011-01-06,498.16,507.18,497,506.68
2011-01-05,492.9,499.72,492.09,498.73
2011-01-04,491.02,493.92,487.54,492.63
2011-01-03,489.92,494.02,488.97,491.17
2010-12-31,493.46,494.22,487.87,490.42
2010-12-30,496.94,499.5,491.95,496.17
2010-12-29,499.31,502.92,496.92,499.44
2010-12-28,498.14,501,493.76,499.65
2010-12-27,500.12,504.29,497.67,500.75
2010-12-24,500.08,500.92,498,500.12
2010-12-23,500.77,502.92,498,499.73
2010-12-22,500.77,502.03,497.62,500.49
2010-12-21,498.89,501.5,496.69,500.57
2010-12-20,497.62,503.44,496.54,502.41
2010-12-17,495.44,499.9,491,497.11
2010-12-16,495.67,497.655,494,495.585
2010-12-15,489.41,496.46,489,496.25
2010-12-14,489.08,490.95,485.99,490.14
2010-12-13,496.6,497.74,487.47,489.69
2010-12-10,494.7,498.15,493.61,495.42
2010-12-09,494.54,498.64,491,495.05
2010-12-08,493.61,497.74,493.17,494.3
2010-12-07,492.17,494.52,488.78,492.11
2010-12-06,490.07,494.095,488.61,493.125
2010-12-03,495.37,499.625,488.67,491.545
2010-12-02,498.58,504.805,494,498.575
2010-12-01,504.39,508.075,497,501.645
2010-11-30,499.78,508.005,498,507.735
2010-11-29,494.43,502.11,492,499.89
2010-11-26,491.21,496.845,490.69,495.195
2010-11-25,492.02,496.14,490.22,493.7
2010-11-24,489.96,495.38,488.53,494.5
2010-11-23,481.51,493.4,480.6,493.11
2010-11-22,476.12,485.49,476,483.97
2010-11-19,480.7,484.485,477,481.705
2010-11-18,484.78,485.42,479,480.67
2010-11-17,486.22,487.32,482.83,485.09
2010-11-16,482.75,487.76,480,486.13
2010-11-15,478.38,483.61,476.96,482.96
2010-11-12,479.89,482.57,475,478.71
2010-11-11,475.85,480.995,472,480.185
2010-11-10,476.12,479.795,470.47,475.935
2010-11-09,471.1,476.955,468,476.125
2010-11-08,466.77,472.305,465.68,471.385
2010-11-05,461.36,468.17,457.37,467.04
2010-11-04,463.93,469.115,457,461.945
2010-11-03,467.27,471.165,462.38,466.055
2010-11-02,471.95,476.765,465.91,469.575
2010-11-01,468.74,475.465,467,474.575
2010-10-29,471.03,477.575,469,472.675
2010-10-28,476.47,476.715,468,470.795
2010-10-27,473.21,477.635,470.97,476.385
2010-10-26,469.55,474.49,465.75,473.26
2010-10-25,469.95,470.765,463.04,469.685
2010-10-22,471,473.225,468,470.105
2010-10-21,469.82,474.675,462.99,473.085
2010-10-20,477.51,478.87,467,469.65
2010-10-19,470.22,480.255,466.96,479.385
2010-10-18,469.48,474.285,467.81,470.305
2010-10-15,465.88,472.58,461.48,471.17
2010-10-14,469.95,470.115,461.47,465.845
2010-10-13,471.37,471.505,464.81,469.785
2010-10-12,472.8,478.29,470.13,473.17
2010-10-11,468.61,473.08,467,472.78
2010-10-08,471.23,476.165,467,472.795
2010-10-07,470.86,475.495,465,473.115
2010-10-06,474.06,475.345,469,470.675
2010-10-05,479.43,480.96,472,474.18
2010-10-04,475.61,480.015,473.82,479.485
2010-10-01,481.22,481.645,474,475.605
2010-09-30,481.44,483.62,477.35,481.17
2010-09-29,483.03,483.525,478.73,481.295
2010-09-28,487.88,490.175,481,482.995
2010-09-27,486.9,499.58,483.3,487.52
2010-09-24,492.61,493.715,484,486.185
2010-09-23,489.7,492.915,486.58,492.775
2010-09-22,494.84,495.23,487,489.5
2010-09-21,502.07,502.32,493.47,494.97
2010-09-20,502.38,503.475,496.1,502.055
2010-09-17,501.5,503.83,494.75,502.67
2010-09-16,504,505.48,498,501.61
2010-09-15,504.78,506.34,501,504.39
2010-09-14,509.28,511.55,502.57,504.74
2010-09-13,516.05,516.3,507,509.28
2010-09-10,516.58,519.21,513,516.91
2010-09-09,515.53,517.975,512,516.705
2010-09-08,517.07,518.21,512,515.57
2010-09-07,509.48,517.4,508.91,517.19
2010-09-06,506,509.82,504.4,509.54
2010-09-03,511.31,512.09,507,508.67
2010-09-02,512.31,513.81,505,511.19
2010-09-01,516.99,517.93,508,511.99
2010-08-31,517.11,518.13,513,516.99
2010-08-30,513,517.93,509,517.61
2010-08-27,515.07,517.03,511.28,513.75
2010-08-26,517.47,518.02,512,515.57
2010-08-25,518.75,520.07,512.1,517.97
2010-08-24,517.35,520.86,514,519.25
2010-08-23,515.23,518.38,511.95,517.85
2010-08-20,510.81,517.65,507.49,515.69
2010-08-19,510,513.47,507,511.31
2010-08-18,508.31,511.85,504.49,510.03
2010-08-17,510.77,511.27,505.34,508.81
2010-08-16,511,513.91,508,511.19
2010-08-13,503.67,514.24,503.67,514.03
2010-08-12,498.19,512.91,498.19,511.03
2010-08-11,497.77,509.8,495.34,509.72
2010-08-10,495.11,501.41,495.11,497.6
2010-08-09,493.68,496.06,489.72,495.61
2010-08-06,497.43,498.545,490,493.965
2010-08-05,498.6,500.01,494,497.24
2010-08-04,495.66,499.47,493.18,498.41
2010-08-03,497.69,498.975,491.42,495.885
2010-08-02,501.34,502.32,495,497.6
2010-07-30,501.38,505.38,498.44,502.59
2010-07-29,505.01,505.9,497.84,501.41
2010-07-28,504.47,505.865,500.04,504.855
2010-07-27,504.97,506.39,500.56,504.8
2010-07-26,508.38,511.02,503,504.8
2010-07-23,508.97,522.97,503.16,507.94
2010-07-22,514.27,514.96,506,508.85
2010-07-21,509.05,515.2,506,514.19
2010-07-20,506.65,510.83,501.09,509.05
2010-07-19,508.61,509.58,503,506.9
2010-07-16,507.24,511.5,502,506.88
2010-07-15,514.88,516.14,505.56,507
2010-07-14,515.49,520.95,511,514.86
2010-07-13,520.89,523.765,513,515.365
2010-07-12,519,522.655,517,521.035
2010-07-09,516.58,520.315,512.3,518.995
2010-07-08,519.16,519.735,514.4,516.665
2010-07-07,519.45,522.51,517,519.16
2010-07-06,520,535.04,517,519.57
2010-07-05,521,523.5,519.47,522.5
2010-07-02,522.93,524.74,519,521.6
2010-07-01,535.34,536.5,522.43,523.43
2010-06-30,537.5,538,531,535.84
2010-06-29,533,539.59,533,538
2010-06-28,528,534.53,526.9,534.05
2010-06-25,530,533.92,528,529.74
2010-06-24,530,535.06,528,531.37
2010-06-23,534.91,536.94,529.67,532.41
2010-06-22,528,535.28,528,534.32
2010-06-21,528.72,532.93,523.95,532.28
2010-06-18,529.94,530.77,525.19,529.22
2010-06-17,532,535.19,526,529.14
2010-06-16,531.57,536.55,529,532.54
2010-06-15,536.05,539.41,530,531.67
2010-06-14,536,539.56,532,536.55
2010-06-11,544,549.92,538,541.38
2010-06-10,548,549.92,539,540.66
2010-06-09,547.12,549.92,541,547.34
2010-06-08,549.41,550.33,544,547.62
2010-06-07,548,550.42,541,549.91
2010-06-04,538.69,548.4,533.74,547.8
2010-06-03,534.56,539.55,529.75,539.19
2010-06-02,535.65,538.44,532.35,535.1
2010-06-01,529,540.5,529,536.15
2010-05-31,531,537,528.93,533
2010-05-28,529.58,534.53,525,534.27
2010-05-27,538.34,538.84,528.43,530.08
2010-05-26,530.57,538.88,528.54,538.84
2010-05-25,529.67,538.18,529.67,531.07
2010-05-24,523,530.9,520.89,530.17
2010-05-21,525.33,525.91,518,521.39
2010-05-20,527.57,533.06,519.9,525.03
2010-05-19,536.66,538.5,527.53,528.07
2010-05-18,528.38,538.93,525,537.16
2010-05-17,533,533.84,526,528.88
2010-05-14,522,530.68,520,530.21
2010-05-13,515,523.73,512.34,522.98
2010-05-12,512,519.86,511.39,519.82
2010-05-11,503,517.97,497.86,517.4
2010-05-10,505,513.87,497.86,512.75
2010-05-07,518.91,519.95,511,513.79
2010-05-06,511.13,523.48,507.93,519.41
2010-05-05,504.31,511.99,502.26,511.63
2010-05-04,496.31,505,495,504.81
2010-05-03,493,498.32,491.4,496.81
2010-04-30,494.92,495.42,488.59,493.11
2010-04-29,495.97,497.3,486.07,495.42
2010-04-28,497.14,499.84,492.28,496.17
2010-04-27,489.41,497.98,487.24,497.64
2010-04-26,488,492.93,488,489.91
2010-04-23,492.72,494.5,488,489.76
2010-04-22,489.11,494.3,485,493.22
2010-04-21,486,490.75,482.4,489.61
2010-04-20,485.59,489.2,483,487.5
2010-04-19,486,488.7,484.84,486.09
2010-04-16,482.44,486.56,480,485.37
2010-04-15,479.75,484.55,479,482.94
2010-04-14,480.39,482.16,477.17,480.25
2010-04-13,479.33,487.92,479,481.55
2010-04-12,487.42,487.92,479,482.37
2010-04-09,490.77,491.27,484,485.77
2010-04-08,487.42,493.22,487.16,490.64
2010-04-07,486.33,491.96,486.33,491.3
2010-04-06,485.66,490.82,485.55,489.32
2010-04-05,485,487.1,483,486.16
2010-04-02,482.12,486.56,482,486.2
2010-04-01,484.76,487.17,481,482.62
2010-03-31,488.35,488.85,482,485.26
2010-03-30,485.73,489.43,482,488.85
2010-03-29,486,487.97,482,486.23
2010-03-26,493.43,493.93,487,488.88
2010-03-25,491.91,494.15,488,493.93
2010-03-24,487,492.74,484.05,492.45
2010-03-23,483.04,486.49,482,485.62
2010-03-22,484.05,486.92,482,483.54
2010-03-19,481.37,485.59,480,484.55
2010-03-18,476.74,482.51,476.74,481.87
2010-03-17,475.53,477.59,472.73,477.24
2010-03-16,478.84,480.6,475,476.03
2010-03-15,476,480.57,474.73,479.34
2010-03-12,478.84,481.55,474,476.37
2010-03-11,479.61,483.85,477,479.27
2010-03-10,481.55,483.85,478,479.86
2010-03-09,480.38,484.19,476.72,481.98
2010-03-08,477,481.84,476.72,480.95
2010-03-05,482.22,483.71,479,481.34
2010-03-04,478.24,483.79,476,482.8
2010-03-03,480.95,481.95,476,478.53
2010-03-02,483.12,485.57,480.7,481.8
2010-03-01,480,487.07,477,483.44
2010-02-26,483.4,483.94,478,481.13
2010-02-25,483.87,487.62,482.65,483.62
2010-02-24,484.76,485.33,480,484.51
2010-02-23,481.83,485.77,476,485.44
2010-02-22,480,482.72,473.5,482.19
2010-02-19,484.12,487.54,481.27,481.98
2010-02-18,481.48,484.74,479,481.48
2010-02-17,475.67,482.48,474,481.98
2010-02-16,481.66,482.23,475,476.2
2010-02-15,481,482.83,478,482.05
2010-02-12,478.31,483.97,473.56,481.45
2010-02-11,476.95,482.19,472,479.16
2010-02-10,474.8,479.34,472,477.62
2010-02-09,479.85,480.57,473,475.48
2010-02-08,479,480.64,476,480.18
2010-02-05,477.05,482.62,470.02,479.79
2010-02-04,471.59,477.62,457.1,477.31
2010-02-03,469.12,472.02,457.1,471.75
2010-02-02,470.13,470.83,457.1,469.62
2010-02-01,470,471.88,457.1,470.66
2010-01-29,468.78,472.94,457.1,472.9
2010-01-28,467.11,469.92,464.54,469.48
2010-01-27,465.31,468.21,457.1,467.67
2010-01-26,462.91,466.84,457.1,465.74
2010-01-25,462,464.34,457.1,463.21
2010-01-22,465.01,465.58,457.1,463.6
2010-01-21,464.32,467.17,457.1,465.18
2010-01-20,458.27,465.65,458.17,464.95
2010-01-19,453,459.99,452.65,458.41
2010-01-18,456.16,456.66,453.66,455.58
2010-01-15,451.56,457.23,451.5,455.71
2010-01-14,451.25,457.6,449,452.03
2010-01-13,451.9,457.6,448,451.78
2010-01-12,451.22,457.6,449,452.22
2010-01-11,451,457.6,449,451.75
2010-01-08,457.4,459.57,453,454.85
2010-01-07,454.51,458.52,453.44,457.97
2010-01-06,455.87,458.96,452.08,454.85
2010-01-05,454.45,459.63,451,456.24
2010-01-04,457,459.63,452,454.88
2010-01-01,454,455.5,454,455.5
2009-12-31,456.6,458.22,452,457.84
2009-12-30,456.29,459.31,454.8,457.33
2009-12-29,455.49,457.39,452,456.72
2009-12-28,454,455.99,453,455.83
2009-12-25,454,455.5,452,454.5
2009-12-24,456.76,457.3,453,456.4
2009-12-23,460.16,461.24,455,457.55
2009-12-22,458.46,461.82,451.29,459.99
2009-12-21,456,460.21,455,459.12
2009-12-18,456.73,459.73,453,457.04
2009-12-17,450.47,458.35,450.47,456.98
2009-12-16,450.56,452.45,448,451
2009-12-15,446.78,452.03,446.32,451.03
2009-12-14,445,448.32,444.28,447.4
2009-12-11,444.53,449.5,442,448.32
2009-12-10,444.71,446.37,437,445.03
2009-12-09,445.38,446.98,437,444.91
2009-12-08,441.83,446.61,437,446.06
2009-12-07,440,444.28,431.99,442.36
2009-12-04,435.12,442.3,433,441.49
2009-12-03,435.97,437.5,431,434.99
2009-12-02,434.81,437.025,431,436.025
2009-12-01,436.37,437.055,432,434.755
2009-11-30,434,437.86,433,436.81
2009-11-27,437,440.9,436,438.1
2009-11-26,432.68,442.5,432.65,442.5
2009-11-25,437.72,438.27,432.09,432.98
2009-11-24,437.63,440.41,436,438.19
2009-11-23,437,438.97,435,438.01
2009-11-20,438.8,442.77,436,441.17
2009-11-19,437.72,441.64,437,439.45
2009-11-18,440.25,440.78,431.95,438.13
2009-11-17,437.36,442.6,436,440.93
2009-11-16,439.47,440.24,435,437.78
2009-11-13,441.78,443.25,433.41,439.51
2009-11-12,437.89,442.645,433.41,441.915
2009-11-11,437.65,438.75,432.56,437.8
2009-11-10,436.58,439.06,432.56,437.86
2009-11-09,440.54,442.1,435,437.16
2009-11-06,441.13,443.27,438,441.52
2009-11-05,441.1,444.42,438,440.8
2009-11-04,444.56,445.065,439.57,440.875
2009-11-03,444.02,448.22,438.11,445.51
2009-11-02,445.77,446.665,440,444.125
2009-10-30,442.08,446.125,439.79,445.665
2009-10-29,444,445.665,440,442.185
2009-10-28,440,446.12,439.82,445.7
2009-10-27,440.58,443.85,433.7,442.89
2009-10-26,434,441.64,434,440.93
2009-10-23,434,437.4,434,436.84
2009-10-22,437.28,439.38,435,436.32
2009-10-21,439.18,440.605,435,437.055
2009-10-20,438.01,440.725,433.5,439.135
2009-10-19,438,440.255,435,438.345
2009-10-16,438.16,442.52,432.97,439.74
2009-10-15,436,441.52,435,438.68
2009-10-14,439,446.7,436,439.15
2009-10-13,446.02,446.7,439,441.4
2009-10-12,445,446.52,439.93,443.82
2009-10-09,443.39,446.79,442,445.06
2009-10-08,446.56,446.765,437.93,443.435
2009-10-07,445.65,447.74,443,446.64
2009-10-06,447.72,447.885,442.5,445.665
2009-10-05,449.53,449.855,442.5,447.735
2009-10-02,451.33,452.945,446,449.995
2009-10-01,448.09,451.835,447,451.215
2009-09-30,449.78,450.03,445,448.21
2009-09-29,447,451.54,446,449.78
2009-09-28,448,449.42,445,448.59
2009-09-25,445,448.29,444,446.09
2009-09-24,442,446.18,441,446.18
2009-09-23,442,445.15,441,444.88
2009-09-22,444,444.5,441,443.19
2009-09-21,445,448.78,444,446.7
2009-09-18,444,446.58,443,445.67
2009-09-17,443,448.5,443,444.64
2009-09-16,446.69,448.5,444,445.73
2009-09-15,447.6,450.4,445.89,447.16
2009-09-14,449,451.33,446.93,448.41
2009-09-11,451.4,451.9,444.77,449.76
2009-09-10,449,452,447,449.61
2009-09-09,450,459.5,448,450.41
2009-09-08,455,459.5,450,452.56
2009-09-07,457.11,457.68,455,457.26
2009-09-04,459.56,461.97,455.16,458.48
2009-09-03,458,461,453.06,459.8
2009-09-02,460.56,462.09,457.21,459.54
2009-09-01,457.75,462.43,454,461.09
2009-08-31,457,459.935,455,457.785
2009-08-28,455,459.6,454,458.29
2009-08-27,458,460.99,454.67,456.91
2009-08-26,457.85,461.45,456,459.99
2009-08-25,458.01,459.6,455,458.54
2009-08-24,456.32,461.55,452.74,458.22
2009-08-21,459.62,461.55,454,457.68
2009-08-20,460.66,465.5,455.29,459.8
2009-08-19,463,465.5,458,460.83
2009-08-18,465.28,466.04,460.32,463.8
2009-08-17,462,466.61,458.82,465.88
2009-08-14,459.26,463.05,453.77,461.58
2009-08-13,461.78,464.895,456,459.065
2009-08-12,463.64,465.675,456.3,461.975
2009-08-11,463.67,464.895,456.3,463.575
2009-08-10,462.72,465.07,455.53,463.92
2009-08-07,456.86,463.435,449.4,462.815
2009-08-06,454.93,459.445,449.4,457.305
2009-08-05,455.65,459.4,452,455.16
2009-08-04,454.96,459.385,453,455.495
2009-08-03,460.55,461.745,453,454.865
2009-07-31,462,466.11,458,459.93
2009-07-30,466.57,467.81,460.41,465.81
2009-07-29,462,468.07,459.7,467.04
2009-07-28,460.45,463.96,457,462.56
2009-07-27,460.71,461.845,454.16,460.515
2009-07-24,462.48,464.5,458,461.42
2009-07-23,459,464.585,454.87,463.245
2009-07-22,461,463.14,459,461.09
2009-07-21,459,462.92,457,461.03
2009-07-20,461,462.5,458,460.8
2009-07-17,462,466.18,462,464.95
2009-07-16,464,465.5,460.18,463.24
2009-07-15,468.85,470.72,463,464.72
2009-07-14,466,471.27,466,469.35
2009-07-13,470,471.14,464.62,469.01
2009-07-10,468,472.12,468,470.42
2009-07-09,469,470.09,465,467.61
2009-07-08,470,473.96,469,472.19
2009-07-07,468,471.3,465,471.03
2009-07-06,468,472.43,465.1,469.15
2009-07-03,469.39,469.89,466,469.01
2009-07-02,462.5,468.68,459.42,468.31
2009-07-01,463.5,466.77,461,463.44
2009-06-30,466.5,468.21,461.94,467.14
2009-06-29,464.5,467.5,464,465.48
2009-06-26,468.67,470.64,463,466.5
2009-06-25,470.66,472.32,464.3,468.81
2009-06-24,465.94,472.255,462,470.995
2009-06-23,473.21,474.395,464.25,465.915
2009-06-22,469.98,474.4,467.07,473.24
2009-06-19,471.64,472.515,466,470.525
2009-06-18,472.5,472.9,467,471.74
2009-06-17,470.5,474.27,468.24,470.12
2009-06-16,475.74,477.56,469,473.76
2009-06-15,468.91,476.91,465.5,475.59
2009-06-12,465.18,470.67,463,467.99
2009-06-11,469.61,473.6,461.29,465.02
2009-06-10,465.51,473.55,462,469.63
2009-06-09,471.95,473.53,464.55,466.26
2009-06-08,466.5,474.555,466.5,471.995
2009-06-05,460.5,470.49,458,469.31
2009-06-04,463.64,465.88,459,462.03
2009-06-03,461.45,464.91,459,463.69
2009-06-02,462,464,456.99,458.25
2009-06-01,462.5,463.54,459,463.05
2009-05-29,470.5,471,462,463.01
2009-05-28,468.5,473.5,467,470.15
2009-05-27,468.5,474.03,467,474.03
2009-05-26,467.41,473.01,467,468.78
2009-05-25,468,468.74,466,467.81
2009-05-22,467.5,471,464.5,468.24
2009-05-21,474.5,477.35,467.5,472.02
2009-05-20,480.7,482,473.67,475.75
2009-05-19,485.5,486,479,481.06
2009-05-18,482.5,487,482.5,483.44
2009-05-15,481.5,486.96,479,485.87
2009-05-14,478.5,484.24,478.5,480.64
2009-05-13,478.5,483.15,477,482.23
2009-05-12,480.5,482.95,477,480.32
2009-05-11,485.5,491.12,479,482.58
2009-05-08,486.5,489,479.78,480.46
2009-05-07,490.5,493.5,485,489.58
2009-05-06,492.2,494.94,487.5,491.82
2009-05-05,492.5,493.48,486,492.19
2009-05-04,493,496.76,487.87,489.06
2009-05-01,492,495.05,490,494.12
2009-04-30,494.5,496.89,488,495.57
2009-04-29,501.5,502,490,493.82
2009-04-28,498.5,505.47,497.44,498.63
2009-04-27,497,504.27,496,503.1
2009-04-24,502.5,503,492,495.12
2009-04-23,503.5,507.42,497.63,498.85
2009-04-22,505.5,508,501,504.11
2009-04-21,506.81,507.81,503,506.41
2009-04-20,500.5,508.37,499.18,507.66
2009-04-17,494.5,503.49,494.5,502.56
2009-04-16,497.5,499.31,494,497.26
2009-04-15,493.5,498.4,491,495.84
2009-04-14,496.5,497,487.94,494.41
2009-04-13,494.5,497,487.25,490.35
2009-04-10,497.37,500.84,496.54,497.08
2009-04-09,493.73,499.46,487.11,498.02
2009-04-08,493.65,499,491,494.34
2009-04-07,488.82,495.61,486.5,494.08
2009-04-06,482,490.79,482,489.03
2009-04-03,487.5,490.35,485,486.05
2009-04-02,494.5,495,484.69,486.99
2009-04-01,491.5,497,491.5,494.94
2009-03-31,497.5,498,490,494.82
2009-03-30,493.5,499.77,493.5,496.47
2009-03-27,482.5,494.19,481,493.3
2009-03-26,482.5,485.73,479,484.76
2009-03-25,483.5,487.5,479,482.62
2009-03-24,481.5,488.04,479,486.81
2009-03-23,482.5,484.6,476,480.95
2009-03-20,478.5,484.87,476,482.9
2009-03-19,502.5,503,476,479.72
2009-03-18,504.5,505,485.16,486.16
2009-03-17,502.5,507,502,503.68
2009-03-16,507.5,508,499.67,505.59
2009-03-13,507.13,514,504,507.07
2009-03-12,512.5,514.84,505.99,508.02
2009-03-11,512.5,519,509.14,510.83
2009-03-10,518.5,519.78,510,516.91
2009-03-09,516.5,522.27,512.91,520.03
2009-03-06,521.93,522.89,513,518.71
2009-03-05,517.43,525.28,516.3,521.81
2009-03-04,521.6,524,517,518.84
2009-03-03,520.69,523.56,516,521.64
2009-03-02,518.5,522.35,515.1,521.02
2009-02-27,513.9,520.07,508.17,517.57
2009-02-26,514.91,515.61,510,514.84
2009-02-25,514.5,516.63,507,515.9
2009-02-24,515.96,517.77,506.5,510.67
2009-02-23,512.5,516.55,503,515.81
2009-02-20,516.94,522.06,508.5,510.43
2009-02-19,522.64,523.31,512,517.69
2009-02-18,520.6,523.89,517,522.77
2009-02-17,512.05,521.89,510,520.69
2009-02-16,508.5,515,507.5,513.03
2009-02-13,508.94,515,505,509.88
2009-02-12,507.68,515.29,505,509.56
2009-02-11,507.09,510.87,503,508.33
2009-02-10,503.38,510.67,500,508.29
2009-02-09,507.5,509,499,503.92
2009-02-06,511.81,514,504.12,506.72
2009-02-05,509.57,513.71,504.59,512.79
2009-02-04,502.68,511.67,501,511.03
2009-02-03,509.61,512.8,501.56,502.68
2009-02-02,509.5,516,507.75,510.15
2009-01-30,505.75,513.03,499.5,512.63
2009-01-29,497.9,506.92,492.5,505.94
2009-01-28,497.52,500.38,491.54,499.04
2009-01-27,496.95,500,492.5,497.64
2009-01-26,510.5,511,496.01,497.98
2009-01-23,505.5,511.5,505.5,509.49
2009-01-22,502.03,510,498.31,510
2009-01-21,507.56,511.31,501.26,502.56
2009-01-20,492.5,510.11,492.5,508.81
2009-01-19,495.5,499.69,487.61,499.04
2009-01-16,499.5,500,491.35,492.89
2009-01-15,499.5,502,492.54,502
2009-01-14,494.5,502.5,492.25,502.5
2009-01-13,485.57,497,485.57,497
2009-01-12,482.5,492.5,476.5,492.5
2009-01-09,477.65,484.5,476.5,484.5
2009-01-08,479.5,486,476.5,481
2009-01-07,487.5,490.5,479.5,482.5
2009-01-06,474.2,492.02,474.2,490
2009-01-05,470.5,485.5,470.5,485
2009-01-02,466.5,473,466.5,473
2009-01-01,466.5,468,466.5,468
2008-12-31,461.5,468,459.3,468
2008-12-30,459.5,462.5,459.5,461.32
2008-12-29,468.5,471.5,459.5,462.5
2008-12-26,462.27,471.5,462.27,471.5
2008-12-25,468.5,471.5,468.5,471.5
2008-12-24,463.35,471.5,463.35,471.5
2008-12-23,469.5,472.5,463.57,471.5
2008-12-22,469.5,472.5,460.81,469.5
2008-12-19,450.5,472.5,450.5,472.5
2008-12-18,465.5,478.5,447.89,472.91
2008-12-17,477.5,479.5,465.5,467.5
2008-12-16,483.5,491,477.5,485
2008-12-15,515.5,520,482.06,488
2008-12-12,495.5,497,488,491.5
2008-12-11,505.5,507,492,493.5
2008-12-10,511.5,514,501,508
2008-12-09,508,513.5,504.43,513.5
2008-12-08,515.5,518,505,510
2008-12-05,519.5,523,511,519
2008-12-04,518.5,521.5,513,521
2008-12-03,515.5,520.5,514,520.5
2008-12-02,518.5,523.5,512,519
2008-12-01,514.5,520.5,511.21,518.5
2008-11-28,507.5,517.5,504,516.5
2008-11-27,506.5,509.5,504,508.5
2008-11-26,502.5,511,502,508.5
2008-11-25,512.5,516.5,500,506.5
2008-11-24,519.5,522,507,514.5
2008-11-21,521.5,525.5,517,523.5
2008-11-20,518.5,524.5,518.5,523
2008-11-19,517.5,523,510,521.5
2008-11-18,519,521.5,515,516.5
2008-11-17,516.5,521.5,513,519
2008-11-14,523.5,525.5,512,518.5
2008-11-13,523.5,529.5,519.54,526
2008-11-12,515.5,525.5,515.5,525
2008-11-11,508.5,524.5,508.5,518
2008-11-10,510.5,515,503.48,510.5
2008-11-07,515.19,516.02,509,514.68
2008-11-06,509.5,516.59,505,516.59
2008-11-05,511.5,512,499,506.29
2008-11-04,518.58,519.5,502,503.14
2008-11-03,508,520.65,505.35,518.3
2008-10-31,505.5,519.58,505.5,517.5
2008-10-30,513.5,514,491.65,507.86
2008-10-29,524.5,526,503,507.5
2008-10-28,525.5,526.93,514.14,516.63
2008-10-27,520,533.5,520,529
2008-10-24,511,523.5,511,519.49
2008-10-23,508,515.72,505.11,512.5
2008-10-22,498,512.43,498,509.95
2008-10-21,488,502.49,488,502.3
2008-10-20,489,493.41,480.58,491.23
2008-10-17,485,489.69,482.32,489.06
2008-10-16,481,489.94,476.68,487.25
2008-10-15,477,486.92,477,486.92
2008-10-14,481,481.7,475,481.45
2008-10-13,485,486.2,478,482.19
2008-10-10,479,486.5,479,486.5
2008-10-09,481,482.16,470.89,480
2008-10-08,482,485.5,476,484.5
2008-10-07,482,484.5,476,482.19
2008-10-06,472,489.67,472,484.5
2008-10-03,472,478.53,465.71,475.89
2008-10-02,467,476.06,467,474.62
2008-10-01,463,468.84,461,468.14
2008-09-30,457,467.11,453,465.28
2008-09-29,448,457.5,448,454.06
2008-09-26,446,450.5,444.72,448.41
2008-09-25,446.5,449.33,440.47,448.9
2008-09-24,445,448.62,443,448.5
2008-09-23,460.4,460.9,441,447.55
2008-09-22,450,451.5,440.9,443.52
2008-09-19,452.5,463.5,451.87,453.31
2008-09-18,459,459.5,449.91,457.01
2008-09-17,461,466.62,455.97,463.5
2008-09-16,461,464.3,458,464.3
2008-09-15,466,466.5,452,458.93
2008-09-12,465.23,470.5,460,461.45
2008-09-11,466,471.95,461.45,468.41
2008-09-10,463.5,468.37,461,468.37
2008-09-09,461,465.78,460,464
2008-09-08,459,466.41,453,464.33
2008-09-05,452,460.77,452,459.64
2008-09-04,453,457.97,445.67,457.81
2008-09-03,452.5,454.95,451,452.37
2008-09-02,449.2,453,448,451.56
2008-09-01,445,450.7,445,448.5
2008-08-29,445,447.74,442,447
2008-08-28,444.6,446.55,439.64,445.94
2008-08-27,449.4,449.9,442,445.24
2008-08-26,444.25,449.9,444,447.71
2008-08-25,442.6,445.6,438.96,444.52
2008-08-22,442.6,444.03,438,443.37
2008-08-21,445.25,445.75,437.68,440.07
2008-08-20,446.8,447.3,442,444.64
2008-08-19,446,448,440,443.76
2008-08-18,445.25,446.27,439.11,446.12
2008-08-15,440,447.25,440,446.39
2008-08-14,440,443.34,437,442.48
2008-08-13,440,441.67,436,439.69
2008-08-12,436.5,441.5,436.5,439.33
2008-08-11,433.5,440.16,433,439.8
2008-08-08,423.5,437.08,423.5,436.96
2008-08-07,423.5,428.19,418.16,428.03
2008-08-06,422.5,425.75,417.8,425.55
2008-08-05,420.5,424.37,420,424.29
2008-08-04,421.5,422,415,420.93
2008-08-01,421,421.5,421,421.5
2008-07-31,419.89,420.39,419.89,420.39
2008-07-30,420.46,420.96,420.46,420.96
2008-07-29,420.11,420.61,420.11,420.61
2008-07-28,415.97,416.47,415.97,416.47
2008-07-25,417.03,417.53,417.03,417.53
2008-07-24,417.69,418.19,417.69,418.19
2008-07-23,417.4,417.9,417.4,417.9
2008-07-22,414.88,415.38,414.88,415.38
2008-07-21,411.15,411.65,411.15,411.65
2008-07-18,413.26,413.76,413.26,413.76
2008-07-17,413.02,413.52,413.02,413.52
2008-07-16,413.89,414.39,413.89,414.39
2008-07-15,411.59,412.09,411.59,412.09
2008-07-14,411.62,412.12,411.62,412.12
2008-07-11,411,411.5,411,411.5
2008-07-10,414.8,415.3,414.8,415.3
2008-07-09,416.02,416.52,416.02,416.52
2008-07-08,417.96,418.46,417.96,418.46
2008-07-07,416.39,416.89,416.39,416.89
2008-07-04,418,419.5,418,419.5
2008-07-03,417.35,417.85,417.35,417.85
2008-07-02,412.4,412.9,412.4,412.9
2008-07-01,414.65,415.15,414.65,415.15
2008-06-30,415.94,416.44,415.94,416.44
2008-06-27,414.7,415.2,414.7,415.2
2008-06-26,415.6,416.1,415.6,416.1
2008-06-25,418.04,418.54,418.04,418.54
2008-06-24,420.78,421.28,420.78,421.28
2008-06-23,422.2,422.7,422.2,422.7
2008-06-20,419.65,420.15,419.65,420.15
2008-06-19,422.44,422.94,422.44,422.94
2008-06-18,421.54,422.04,421.54,422.04
2008-06-17,422.25,422.75,422.25,422.75
2008-06-16,423.37,423.87,423.37,423.87
2008-06-13,425.91,426.41,425.91,426.41
2008-06-12,424.34,424.84,424.34,424.84
2008-06-11,421.06,421.56,421.06,421.56
2008-06-10,423.46,423.96,423.46,423.96
2008-06-09,418.63,419.13,418.63,419.13
2008-06-06,415.23,415.73,415.23,415.73
2008-06-05,420.03,420.53,420.03,420.53
2008-06-04,424.2,424.7,424.2,424.7
2008-06-03,423.92,424.42,423.92,424.42
2008-06-02,421.41,421.91,421.41,421.91
2008-05-30,421.06,421.56,421.06,421.56
2008-05-29,422.23,422.73,422.23,422.73
2008-05-28,418.68,419.18,418.68,419.18
2008-05-27,417.45,417.95,417.45,417.95
2008-05-26,415.23,415.73,415.23,415.73
2008-05-23,415.17,415.67,415.17,415.67
2008-05-22,416.28,416.78,416.28,416.78
2008-05-21,414.75,415.25,414.75,415.25
2008-05-20,418.52,419.02,418.52,419.02
2008-05-19,422.28,422.78,422.28,422.78
2008-05-16,420.24,420.74,420.24,420.74
2008-05-15,423.98,424.48,423.98,424.48
2008-05-14,423.21,423.71,423.21,423.71
2008-05-13,423.29,423.79,423.29,423.79
2008-05-12,421.22,421.72,421.22,421.72
2008-05-09,423.1,423.6,423.1,423.6
2008-05-08,425.44,425.94,425.44,425.94
2008-05-07,425.38,425.88,425.38,425.88
2008-05-06,421.76,422.26,421.76,422.26
2008-05-05,422.61,423.11,422.61,423.11
2008-05-02,424.64,425.14,424.64,425.14
2008-05-01,423.26,423.76,423.26,423.76
2008-04-30,419.35,419.85,419.35,419.85
2008-04-29,420.46,420.96,420.46,420.96
2008-04-28,418.15,418.65,418.15,418.65
2008-04-25,419.14,419.64,419.14,419.64
2008-04-24,417.64,418.14,417.64,418.14
2008-04-23,412.29,412.79,412.29,412.79
2008-04-22,409.61,410.11,409.61,410.11
2008-04-21,411.59,412.09,411.59,412.09
2008-04-18,414.07,414.57,414.07,414.57
2008-04-17,412.03,412.53,412.03,412.53
2008-04-16,410.61,411.11,410.61,411.11
2008-04-15,414.78,415.28,414.78,415.28
2008-04-14,413.73,414.23,413.73,414.23
2008-04-11,414.1,414.6,414.1,414.6
2008-04-10,415.99,416.49,415.99,416.49
2008-04-09,413.7,414.2,413.7,414.2
2008-04-08,416.81,417.31,416.81,417.31
2008-04-07,417.16,417.66,417.16,417.66
2008-04-04,416.12,416.62,416.12,416.62
2008-04-03,417.59,418.09,417.59,418.09
2008-04-02,417.35,417.85,417.35,417.85
2008-04-01,419.54,420.04,419.54,420.04
2008-03-31,414.99,415.49,414.99,415.49
2008-03-28,414.54,415.04,414.54,415.04
2008-03-27,415.07,415.57,415.07,415.57
2008-03-26,413.28,413.78,413.28,413.78
2008-03-25,418.44,418.94,418.44,418.94
2008-03-24,424.64,425.14,424.64,425.14
2008-03-21,424.01,424.51,424.01,424.51
2008-03-20,424.42,424.92,424.42,424.92
2008-03-19,419.22,419.72,419.22,419.72
2008-03-18,419.09,419.59,419.09,419.59
2008-03-17,416.36,416.86,416.36,416.86
2008-03-14,417.85,418.35,417.85,418.35
2008-03-13,418.84,419.34,418.84,419.34
2008-03-12,421.71,422.21,421.71,422.21
2008-03-11,427.11,427.61,427.11,427.61
2008-03-10,426.88,427.38,426.88,427.38
2008-03-07,426.77,427.27,426.77,427.27
2008-03-06,425.61,426.11,425.61,426.11
2008-03-05,429.01,429.51,429.01,429.51
2008-03-04,430.48,430.98,430.48,430.98
2008-03-03,430.65,431.15,430.65,431.15
2008-02-29,431.42,431.92,431.42,431.92
2008-02-28,430.23,430.73,430.23,430.73
2008-02-27,433.08,433.58,433.08,433.58
2008-02-26,437.63,438.13,437.63,438.13
2008-02-25,441.77,442.27,441.77,442.27
2008-02-22,441.62,442.12,441.62,442.12
2008-02-21,442.16,442.66,442.16,442.66
2008-02-20,445.32,445.82,445.32,445.82
2008-02-19,444.74,445.24,444.74,445.24
2008-02-18,447.08,447.58,447.08,447.58
2008-02-15,446.02,446.52,446.02,446.52
2008-02-14,447.48,447.98,447.48,447.98
2008-02-13,449.54,450.04,449.54,450.04
2008-02-12,449.17,449.67,449.17,449.67
2008-02-11,450.94,451.44,450.94,451.44
2008-02-08,451.4,451.9,451.4,451.9
2008-02-07,452.18,452.68,452.18,452.68
2008-02-06,447.94,448.44,447.94,448.44
2008-02-05,447.02,447.52,447.02,447.52
2008-02-04,441.74,442.24,441.74,442.24
2008-02-01,440,441.5,440,441.5
2008-01-31,440.72,441.22,440.72,441.22
2008-01-30,440.28,440.78,440.28,440.78
2008-01-29,443.26,443.76,443.26,443.76
2008-01-28,443.02,443.52,443.02,443.52
2008-01-25,446.41,446.91,446.41,446.91
2008-01-24,443.47,443.97,443.47,443.97
2008-01-23,447.57,448.07,447.57,448.07
2008-01-22,447.45,447.95,447.45,447.95
2008-01-21,453.6,454.1,453.6,454.1
2008-01-18,448.34,448.84,448.34,448.84
2008-01-17,447.54,448.04,447.54,448.04
2008-01-16,446.78,447.28,446.78,447.28
2008-01-15,442.48,442.98,442.48,442.98
2008-01-14,440.58,441.08,440.58,441.08
2008-01-11,443.29,443.79,443.29,443.79
2008-01-10,442.45,442.95,442.45,442.95
2008-01-09,446.75,447.25,446.75,447.25
2008-01-08,445.32,445.82,445.32,445.82
2008-01-07,445.65,446.15,445.65,446.15
2008-01-04,444.2,444.7,444.2,444.7
2008-01-03,444.17,444.67,444.17,444.67
2008-01-02,444.8,445.3,444.8,445.3
2008-01-01,448,449.5,448,449.5
2007-12-31,448.65,449.15,448.65,449.15
2007-12-28,445.1,445.6,445.1,445.6
2007-12-27,448.31,448.81,448.31,448.81
2007-12-26,452.03,452.53,452.03,452.53
2007-12-25,454,455.5,454,455.5
2007-12-24,454.67,455.17,454.67,455.17
2007-12-21,456.13,456.63,456.13,456.63
2007-12-20,457.43,457.93,457.43,457.93
2007-12-19,455.59,456.09,455.59,456.09
2007-12-18,454.67,455.17,454.67,455.17
2007-12-17,454.92,455.42,454.92,455.42
2007-12-14,454.29,454.79,454.29,454.79
2007-12-13,447.76,448.26,447.76,448.26
2007-12-12,445.41,445.91,445.41,445.91
2007-12-11,447.3,447.8,447.3,447.8
2007-12-10,445.1,445.6,445.1,445.6
2007-12-07,446.9,447.4,446.9,447.4
2007-12-06,447.66,448.16,447.66,448.16
2007-12-05,448.55,449.05,448.55,449.05
2007-12-04,443.63,444.13,443.63,444.13
2007-12-03,446.62,447.12,446.62,447.12
2007-11-30,447.6,448.1,447.6,448.1
2007-11-29,444.38,444.88,444.38,444.88
2007-11-28,441.74,442.24,441.74,442.24
2007-11-27,441.71,442.21,441.71,442.21
2007-11-26,440.19,440.69,440.19,440.69
2007-11-23,441.41,441.91,441.41,441.91
2007-11-22,440,441.5,440,441.5
2007-11-21,440.96,441.46,440.96,441.46
2007-11-20,441.8,442.3,441.8,442.3
2007-11-19,446.69,447.19,446.69,447.19
2007-11-16,446.99,447.49,446.99,447.49
2007-11-15,447.94,448.44,447.94,448.44
2007-11-14,447.02,447.52,447.02,447.52
2007-11-13,448.49,448.99,448.49,448.99
2007-11-12,450.63,451.13,450.63,451.13
2007-11-09,446.44,446.94,446.44,446.94
2007-11-08,446.38,446.88,446.38,446.88
2007-11-07,447.45,447.95,447.45,447.95
2007-11-06,450.01,450.51,450.01,450.51
2007-11-05,452.68,453.18,452.68,453.18
2007-11-02,451.1,451.6,451.1,451.6
2007-11-01,453.75,454.25,453.75,454.25
2007-10-31,453.45,453.95,453.45,453.95
2007-10-30,453.82,454.32,453.82,454.32
2007-10-29,454,454.5,454,454.5
2007-10-26,455.08,455.58,455.08,455.58
2007-10-25,458.05,458.55,458.05,458.55
2007-10-24,459.14,459.64,459.14,459.64
2007-10-23,459.2,459.7,459.2,459.7
2007-10-22,461.7,462.2,461.7,462.2
2007-10-19,458.01,458.51,458.01,458.51
2007-10-18,458.14,458.64,458.14,458.64
2007-10-17,460.95,461.45,460.95,461.45
2007-10-16,462.4,462.9,462.4,462.9
2007-10-15,461.01,461.51,461.01,461.51
2007-10-12,462.15,462.65,462.15,462.65
2007-10-11,463,463.5,463,463.5
2007-10-10,463.05,463.55,463.05,463.55
2007-10-09,464.3,464.8,464.3,464.8
2007-10-08,466.47,466.97,466.47,466.97
2007-10-05,463.33,463.83,463.33,463.83
2007-10-04,463.25,463.75,463.25,463.75
2007-10-03,464.88,465.38,464.88,465.38
2007-10-02,462.81,463.31,462.81,463.31
2007-10-01,460.1,460.6,460.1,460.6
2007-09-28,459.17,459.67,459.17,459.67
2007-09-27,462.68,463.18,462.68,463.18
2007-09-26,463.75,464.25,463.75,464.25
2007-09-25,463.23,463.73,463.23,463.73
2007-09-24,465.05,465.55,465.05,465.55
2007-09-21,464.88,465.38,464.88,465.38
2007-09-20,465.55,466.05,465.55,466.05
2007-09-19,469.28,469.78,469.28,469.78
2007-09-18,468.31,468.81,468.31,468.81
2007-09-17,472.37,472.87,472.37,472.87
2007-09-14,472.13,472.63,472.13,472.63
2007-09-13,471.69,472.19,471.69,472.19
2007-09-12,471.08,471.58,471.08,471.58
2007-09-11,473.33,473.83,473.33,473.83
2007-09-10,474.6,475.1,474.6,475.1
2007-09-07,475.81,476.31,475.81,476.31
2007-09-06,478.38,478.88,478.38,478.88
2007-09-05,480.07,480.57,480.07,480.57
2007-09-04,481.41,481.91,481.41,481.91
2007-09-03,481.37,481.87,481.37,481.87
2007-08-31,480.74,481.24,480.74,481.24
2007-08-30,480.7,481.2,480.7,481.2
2007-08-29,478.98,479.48,478.98,479.48
2007-08-28,480.01,481.4,480.01,481.4
2007-08-27,479.93,480.43,479.93,480.43
2007-08-24,478.91,479.41,478.91,479.41
2007-08-23,482.9,483.4,482.9,483.4
2007-08-22,483.65,485.25,483.65,485.25
2007-08-21,486.53,487.03,486.53,487.03
2007-08-20,486.06,486.56,486.06,486.56
2007-08-17,486.13,486.63,486.13,486.63
2007-08-16,488.02,488.52,488.02,488.52
2007-08-15,487.25,487.75,487.25,487.75
2007-08-14,484.12,484.62,484.12,484.62
2007-08-13,481.37,481.87,481.37,481.87
2007-08-10,478.42,478.92,478.42,478.92
2007-08-09,478.91,479.41,478.91,479.41
2007-08-08,474.73,475.23,474.73,475.23
2007-08-07,476.88,477.38,476.88,477.38
2007-08-06,474.94,475.44,474.94,475.44
2007-08-03,475.56,476.06,475.56,476.06
2007-08-02,478.03,478.53,478.03,478.53
2007-08-01,479.36,479.86,479.36,479.86
2007-07-31,479.08,479.58,479.08,479.58
2007-07-30,478.28,478.78,478.28,478.78
2007-07-27,480.38,480.88,480.38,480.88
2007-07-26,476.71,477.21,476.71,477.21
2007-07-25,477.3,477.8,477.3,477.8
2007-07-24,473.87,474.37,473.87,474.37
2007-07-23,474.42,474.92,474.42,474.92
2007-07-20,473.7,474.2,473.7,474.2
2007-07-19,474.56,475.06,474.56,475.06
2007-07-18,474.49,474.99,474.49,474.99
2007-07-17,475.32,475.82,475.32,475.82
2007-07-16,475.6,476.1,475.6,476.1
2007-07-13,475.15,475.65,475.15,475.65
2007-07-12,475.11,475.61,475.11,475.61
2007-07-11,476.53,477.03,476.53,477.03
2007-07-10,476.5,477,476.5,477
2007-07-09,480.74,481.24,480.74,481.24
2007-07-06,480.7,481.2,480.7,481.2
2007-07-05,481.8,482.3,481.8,482.3
2007-07-04,481.27,481.77,481.27,481.77
2007-07-03,481.27,481.77,481.27,481.77
2007-07-02,480.81,481.31,480.81,481.31
2007-06-29,483.72,484.22,483.72,484.22
2007-06-28,487.25,487.75,487.25,487.75
2007-06-27,486.96,487.46,486.96,487.46
2007-06-26,486.86,487.36,486.86,487.36
2007-06-25,486.6,487.1,486.6,487.1
2007-06-22,486.35,486.85,486.35,486.85
2007-06-21,489.3,489.8,489.3,489.8
2007-06-20,488.71,489.21,488.71,489.21
2007-06-19,487.87,488.37,487.87,488.37
2007-06-18,488.27,488.77,488.27,488.77
2007-06-15,489.3,489.8,489.3,489.8
2007-06-14,492.17,492.67,492.17,492.67
2007-06-13,492.2,492.7,492.2,492.7
2007-06-12,492.46,492.96,492.46,492.96
2007-06-11,490.29,490.79,490.29,490.79
2007-06-08,489.99,490.49,489.99,490.49
2007-06-07,487.73,488.23,487.73,488.23
2007-06-06,485.12,485.62,485.12,485.62
2007-06-05,484.33,484.83,484.33,484.83
2007-06-04,485.59,486.09,485.59,486.09
2007-06-01,487.07,487.57,487.07,487.57
2007-05-31,486.93,487.43,486.93,487.43
2007-05-30,487.8,488.3,487.8,488.3
2007-05-29,487.07,487.57,487.07,487.57
2007-05-28,486.89,487.39,486.89,487.39
2007-05-25,487.36,487.86,487.36,487.86
2007-05-24,487.8,488.3,487.8,488.3
2007-05-23,486.64,487.14,486.64,487.14
2007-05-22,487.04,487.54,487.04,487.54
2007-05-21,486.42,486.92,486.42,486.92
2007-05-18,484.98,485.48,484.98,485.48
2007-05-17,485.48,485.98,485.48,485.98
2007-05-16,484.58,485.08,484.58,485.08
2007-05-15,481.87,482.37,481.87,482.37
2007-05-14,483.58,484.08,483.58,484.08
2007-05-11,484.33,484.83,484.33,484.83
2007-05-10,485.81,486.31,485.81,486.31
2007-05-09,484.22,484.72,484.22,484.72
2007-05-08,483.65,484.15,483.65,484.15
2007-05-07,481.59,482.09,481.59,482.09
2007-05-04,482.05,482.55,482.05,482.55
2007-05-03,483.44,483.94,483.44,483.94
2007-05-02,481.98,482.48,481.98,482.48
2007-05-01,481.66,482.16,481.66,482.16
2007-04-30,479.89,480.39,479.89,480.39
2007-04-27,479.89,480.39,479.89,480.39
2007-04-26,481.44,481.94,481.44,481.94
2007-04-25,480.38,480.88,480.38,480.88
2007-04-24,480.24,480.74,480.24,480.74
2007-04-23,482.47,482.97,482.47,482.97
2007-04-20,482.12,482.62,482.12,482.62
2007-04-19,481.27,481.77,481.27,481.77
2007-04-18,481.3,481.8,481.3,481.8
2007-04-17,482.87,483.37,482.87,483.37
2007-04-16,484.01,484.51,484.01,484.51
2007-04-13,484.12,484.62,484.12,484.62
2007-04-12,485.77,486.27,485.77,486.27
2007-04-11,487.8,488.3,487.8,488.3
2007-04-10,487.47,487.97,487.47,487.97
2007-04-09,490.51,491.01,490.51,491.01
2007-04-06,489.85,490.35,489.85,490.35
2007-04-05,487.8,488.3,487.8,488.3
2007-04-04,489.99,490.49,489.99,490.49
2007-04-03,491.43,491.93,491.43,491.93
2007-04-02,489.96,490.46,489.96,490.46
2007-03-30,490.54,491.04,490.54,491.04
2007-03-29,491.39,491.89,491.39,491.89
2007-03-28,491.98,492.48,491.98,492.48
2007-03-27,490.1,490.6,490.1,490.6
2007-03-26,491.46,491.96,491.46,491.96
2007-03-23,492.95,493.45,492.95,493.45
2007-03-22,491.39,491.89,491.39,491.89
2007-03-21,489.41,489.91,489.41,489.91
2007-03-20,491.83,492.33,491.83,492.33
2007-03-19,492.57,493.07,492.57,493.07
2007-03-16,492.13,492.63,492.13,492.63
2007-03-15,494.89,495.39,494.89,495.39
2007-03-14,495.37,495.87,495.37,495.87
2007-03-13,496.39,496.89,496.39,496.89
2007-03-12,496.58,497.08,496.58,497.08
2007-03-09,499.61,500.11,499.61,500.11
2007-03-08,498.92,499.42,498.92,499.42
2007-03-07,497.1,497.6,497.1,497.6
2007-03-06,499.08,499.58,499.08,499.58
2007-03-05,500.41,500.91,500.41,500.91
2007-03-02,496.54,497.04,496.54,497.04
2007-03-01,496.84,497.34,496.84,497.34
2007-02-28,495.04,495.54,495.04,495.54
2007-02-27,494.81,495.31,494.81,495.31
2007-02-26,496.88,497.38,496.88,497.38
2007-02-23,497.52,498.02,497.52,498.02
2007-02-22,499.15,499.65,499.15,499.65
2007-02-21,498.62,499.12,498.62,499.12
2007-02-20,498.62,499.12,498.62,499.12
2007-02-19,498.13,498.63,498.13,498.63
2007-02-16,498.62,499.12,498.62,499.12
2007-02-15,498.39,498.89,498.39,498.89
2007-02-14,499,499.5,499,499.5
2007-02-13,502.49,502.99,502.49,502.99
2007-02-12,505.32,505.82,505.32,505.82
2007-02-09,503.73,504.23,503.73,504.23
2007-02-08,502.37,502.87,502.37,502.87
2007-02-07,503.53,504.03,503.53,504.03
2007-02-06,504.7,505.2,504.7,505.2
2007-02-05,506.54,507.04,506.54,507.04
2007-02-02,505.21,505.71,505.21,505.71
2007-02-01,503.11,503.61,503.11,503.61
2007-01-31,502.6,503.1,502.6,503.1
2007-01-30,505.28,505.78,505.28,505.78
2007-01-29,505.75,506.25,505.75,506.25
2007-01-26,507.05,507.55,507.05,507.55
2007-01-25,506.57,507.07,506.57,507.07
2007-01-24,505.6,506.1,505.6,506.1
2007-01-23,503.07,503.57,503.07,503.57
2007-01-22,505.91,506.41,505.91,506.41
2007-01-19,505.24,505.74,505.24,505.74
2007-01-18,505.91,506.41,505.91,506.41
2007-01-17,505.91,506.41,505.91,506.41
2007-01-16,507.16,507.66,507.16,507.66
2007-01-15,506.57,507.07,506.57,507.07
2007-01-12,506.89,507.39,506.89,507.39
2007-01-11,507.64,508.14,507.64,508.14
2007-01-10,506.3,506.8,506.3,506.8
2007-01-09,503.57,504.07,503.57,504.07
2007-01-08,502.95,503.45,502.95,503.45
2007-01-05,503.77,504.27,503.77,504.27
2007-01-04,500.22,500.72,500.22,500.72
2007-01-03,497.71,498.21,497.71,498.21
2007-01-02,493.02,493.52,493.02,493.52
2007-01-01,496.58,497.08,496.58,497.08
2006-12-29,496.58,497.08,496.58,497.08
2006-12-28,497.41,497.91,497.41,497.91
2006-12-27,499.19,499.69,499.19,499.69
2006-12-26,499.88,500.38,499.88,500.38
2006-12-25,499,499.5,499,499.5
2006-12-22,499.34,499.84,499.34,499.84
2006-12-21,497.63,498.13,497.63,498.13
2006-12-20,497.56,498.06,497.56,498.06
2006-12-19,496.43,496.93,496.43,496.93
2006-12-18,501.14,501.64,501.14,501.64
2006-12-15,500.91,501.41,500.91,501.41
2006-12-14,498.09,498.59,498.09,498.59
2006-12-13,496.16,496.66,496.16,496.66
2006-12-12,494.96,495.46,494.96,495.46
2006-12-11,494.14,494.64,494.14,494.64
2006-12-08,495.3,495.8,495.3,495.8
2006-12-07,492.76,493.26,492.76,493.26
2006-12-06,492.5,493,492.5,493
2006-12-05,491.61,492.11,491.61,492.11
2006-12-04,491.54,492.04,491.54,492.04
2006-12-01,491.95,492.45,491.95,492.45
2006-11-30,494.25,494.75,494.25,494.75
2006-11-29,498.09,498.59,498.09,498.59
2006-11-28,497.97,498.47,497.97,498.47
2006-11-27,499.08,499.58,499.08,499.58
2006-11-24,500.57,501.07,500.57,501.07
2006-11-23,504.47,510.47,504.47,510.47
2006-11-22,506.5,507,506.5,507
2006-11-21,510.97,511.47,510.97,511.47
2006-11-20,511.29,511.79,511.29,511.79
2006-11-17,510.85,511.35,510.85,511.35
2006-11-16,512.01,512.51,512.01,512.51
2006-11-15,511.21,511.71,511.21,511.71
2006-11-14,511.25,511.75,511.25,511.75
2006-11-13,511.57,512.07,511.57,512.07
2006-11-10,509.73,510.23,509.73,510.23
2006-11-09,510.41,510.91,510.41,510.91
2006-11-08,513.21,513.71,513.21,513.71
2006-11-07,511.57,512.07,511.57,512.07
2006-11-06,514.99,515.49,514.99,515.49
2006-11-03,515.64,516.14,515.64,516.14
2006-11-02,513.17,513.67,513.17,513.67
2006-11-01,513.25,513.75,513.25,513.75
2006-10-31,513.05,513.55,513.05,513.55
2006-10-30,515.07,515.57,515.07,515.57
2006-10-27,514.58,515.08,514.58,515.08
2006-10-26,516.01,516.51,516.01,516.51
2006-10-25,520.69,521.19,520.69,521.19
2006-10-24,521.14,521.64,521.14,521.64
2006-10-23,522.31,522.81,522.31,522.81
2006-10-20,519.41,519.91,519.41,519.91
2006-10-19,518.95,519.45,518.95,519.45
2006-10-18,523.19,523.69,523.19,523.69
2006-10-17,521.97,522.47,521.97,522.47
2006-10-16,523.44,523.94,523.44,523.94
2006-10-13,523.48,523.98,523.48,523.98
2006-10-12,522.06,522.56,522.06,522.56
2006-10-11,522.06,522.56,522.06,522.56
2006-10-10,522.77,523.27,522.77,523.27
2006-10-09,519.78,520.28,519.78,520.28
2006-10-06,520.19,520.69,520.19,520.69
2006-10-05,516.17,516.67,516.17,516.67
2006-10-04,515.96,516.46,515.96,516.46
2006-10-03,514.83,515.33,514.83,515.33
2006-10-02,513.94,514.44,513.94,514.44
2006-09-29,516.45,516.95,516.45,516.95
2006-09-28,515.8,516.3,515.8,516.3
2006-09-27,515.76,516.26,515.76,516.26
2006-09-26,516.49,516.99,516.49,516.99
2006-09-25,513.61,514.11,513.61,514.11
2006-09-22,511.37,511.87,511.37,511.87
2006-09-21,512.81,513.31,512.81,513.31
2006-09-20,515.44,515.94,515.44,515.94
2006-09-19,516.82,517.32,516.82,517.32
2006-09-18,516.45,516.95,516.45,516.95
2006-09-15,517.97,518.47,517.97,518.47
2006-09-14,514.34,514.84,514.34,514.84
2006-09-13,516.05,516.55,516.05,516.55
2006-09-12,516.33,516.83,516.33,516.83
2006-09-11,516.25,516.75,516.25,516.75
2006-09-08,516.9,517.4,516.9,517.4
2006-09-07,513.9,514.4,513.9,514.4
2006-09-06,512.33,512.83,512.33,512.83
2006-09-05,511.37,511.87,511.37,511.87
2006-09-04,506.23,512.23,506.23,512.23
2006-09-01,510.77,511.27,510.77,511.27
2006-08-31,512.01,512.51,512.01,512.51
2006-08-30,510.61,511.11,510.61,511.11
2006-08-29,512.53,513.03,512.53,513.03
2006-08-28,512.05,512.55,512.05,512.55
2006-08-25,513.53,514.03,513.53,514.03
2006-08-24,513.21,513.71,513.21,513.71
2006-08-23,512.49,512.99,512.49,512.99
2006-08-22,512.09,512.59,512.09,512.59
2006-08-21,507.56,508.06,507.56,508.06
2006-08-18,511.13,511.63,511.13,511.63
2006-08-17,511.17,511.67,511.17,511.67
2006-08-16,510.05,510.55,510.05,510.55
2006-08-15,512.25,512.75,512.25,512.75
2006-08-14,515.07,515.57,515.07,515.57
2006-08-11,514.67,515.17,514.67,515.17
2006-08-10,512.73,513.23,512.73,513.23
2006-08-09,508.54,509.04,508.54,509.04
2006-08-08,510.41,510.91,510.41,510.91
2006-08-07,510.57,511.07,510.57,511.07
2006-08-04,508.46,508.96,508.46,508.96
2006-08-03,511.45,511.95,511.45,511.95
2006-08-02,511.93,512.43,511.93,512.43
2006-08-01,511.49,511.99,511.49,511.99
2006-07-31,512.85,513.35,512.85,513.35
2006-07-28,513.61,514.11,513.61,514.11
2006-07-27,515.4,515.9,515.4,515.9
2006-07-26,517.15,517.65,517.15,517.65
2006-07-25,521.14,521.64,521.14,521.64
2006-07-24,518.87,519.37,518.87,519.37
2006-07-21,516.37,516.87,516.37,516.87
2006-07-20,518.66,519.16,518.66,519.16
2006-07-19,519.78,520.28,519.78,520.28
2006-07-18,524.44,524.94,524.44,524.94
2006-07-17,523.19,523.69,523.19,523.69
2006-07-14,518.17,518.67,518.17,518.67
2006-07-13,516.58,517.08,516.58,517.08
2006-07-12,515.96,516.46,515.96,516.46
2006-07-11,513.33,513.83,513.33,513.83
2006-07-10,514.83,515.33,514.83,515.33
2006-07-07,510.93,511.43,510.93,511.43
2006-07-06,512.89,513.39,512.89,513.39
2006-07-05,514.79,515.29,514.79,515.29
2006-07-04,506,512,506,512
2006-07-03,511.41,511.91,511.41,511.91
2006-06-30,512.65,513.15,512.65,513.15
2006-06-29,522.73,523.23,522.73,523.23
2006-06-28,522.48,522.98,522.48,522.98
2006-06-27,520.65,521.15,520.65,521.15
2006-06-26,520.11,520.61,520.11,520.61
2006-06-23,523.44,523.94,523.44,523.94
2006-06-22,520.94,521.44,520.94,521.44
2006-06-21,516.94,517.44,516.94,517.44
2006-06-20,519.86,520.36,519.86,520.36
2006-06-19,521.39,521.89,521.39,521.89
2006-06-16,518.38,518.88,518.38,518.88
2006-06-15,519.16,519.66,519.16,519.66
2006-06-14,519.45,519.95,519.45,519.95
2006-06-13,522.43,522.93,522.43,522.93
2006-06-12,520.02,520.52,520.02,520.52
2006-06-09,518.34,518.84,518.34,518.84
2006-06-08,518.13,518.63,518.13,518.63
2006-06-07,511.73,512.23,511.73,512.23
2006-06-06,510.85,511.35,510.85,511.35
2006-06-05,505.56,506.06,505.56,506.06
2006-06-02,506.73,507.23,506.73,507.23
2006-06-01,511.69,512.19,511.69,512.19
2006-05-31,510.61,511.11,510.61,511.11
2006-05-30,508.86,509.36,508.86,509.36
2006-05-29,514.67,515.17,514.67,515.17
2006-05-26,514.67,515.17,514.67,515.17
2006-05-25,512.49,512.99,512.49,512.99
2006-05-24,513.33,513.83,513.33,513.83
2006-05-23,509.73,510.23,509.73,510.23
2006-05-22,509.93,510.43,509.93,510.43
2006-05-19,513.01,513.51,513.01,513.51
2006-05-18,511.13,511.63,511.13,511.63
2006-05-17,514.87,515.37,514.87,515.37
2006-05-16,510.17,510.67,510.17,510.67
2006-05-15,511.01,511.51,511.01,511.51
2006-05-12,508.07,508.57,508.07,508.57
2006-05-11,509.73,510.23,509.73,510.23
2006-05-10,512.09,512.59,512.09,512.59
2006-05-09,513.57,514.07,513.57,514.07
2006-05-08,515.72,516.22,515.72,516.22
2006-05-05,514.26,514.76,514.26,514.76
2006-05-04,516.53,517.03,516.53,517.03
2006-05-03,518.99,519.49,518.99,519.49
2006-05-02,519.24,519.74,519.24,519.74
2006-05-01,519.2,519.7,519.2,519.7
2006-04-28,518.71,519.21,518.71,519.21
2006-04-27,522.93,523.43,522.93,523.43
2006-04-26,526.55,527.05,526.55,527.05
2006-04-25,528.13,528.63,528.13,528.63
2006-04-24,528.78,529.03,528.78,529.03
2006-04-21,530.78,531.28,530.78,531.28
2006-04-20,531.86,532.36,531.86,532.36
2006-04-19,529.02,529.52,529.02,529.52
2006-04-18,533.34,533.84,533.34,533.84
2006-04-17,533.42,533.92,533.42,533.92
2006-04-14,541.1,541.6,541.1,541.6
2006-04-13,540.92,541.42,540.92,541.42
2006-04-12,541.28,541.78,541.28,541.78
2006-04-11,539.98,540.48,539.98,540.48
2006-04-10,542.09,542.59,542.09,542.59
2006-04-07,540.92,541.42,540.92,541.42
2006-04-06,536,536.5,536,536.5
2006-04-05,532.77,533.27,532.77,533.27
2006-04-04,534.6,535.1,534.6,535.1
2006-04-03,540.07,540.57,540.07,540.57
2006-03-31,540.25,540.75,540.25,540.75
2006-03-30,540.43,540.93,540.43,540.93
2006-03-29,544.02,544.52,544.02,544.52
2006-03-28,542.4,542.9,542.4,542.9
2006-03-27,545.25,545.75,545.25,545.75
2006-03-24,544.11,544.61,544.11,544.61
2006-03-23,546.75,547.25,546.75,547.25
2006-03-22,541.95,542.45,541.95,542.45
2006-03-21,541.95,542.45,541.95,542.45
2006-03-20,539.09,539.59,539.09,539.59
2006-03-17,537.54,538.04,537.54,538.04
2006-03-16,538.16,538.66,538.16,538.66
2006-03-15,543.8,544.3,543.8,544.3
2006-03-14,545.43,545.93,545.43,545.93
2006-03-13,549.09,549.59,549.09,549.59
2006-03-10,550.9,551.4,550.9,551.4
2006-03-09,550.06,550.56,550.06,550.56
2006-03-08,549.37,549.87,549.37,549.87
2006-03-07,550.99,551.49,550.99,551.49
2006-03-06,546.11,546.61,546.11,546.61
2006-03-03,544.75,545.25,544.75,545.25
2006-03-02,545.25,545.75,545.25,545.75
2006-03-01,549.97,550.47,549.97,550.47
2006-02-28,549.55,550.05,549.55,550.05
2006-02-27,553.13,553.63,553.13,553.63
2006-02-24,551.59,552.09,551.59,552.09
2006-02-23,549.46,549.96,549.46,549.96
2006-02-22,550.07,550.57,550.07,550.57
2006-02-21,549.92,550.42,549.92,550.42
2006-02-20,548.54,549.04,548.54,549.04
2006-02-17,549.92,550.42,549.92,550.42
2006-02-16,551.45,551.95,551.45,551.95
2006-02-15,551.27,551.77,551.27,551.77
2006-02-14,550.85,551.35,550.85,551.35
2006-02-13,550.52,551.02,550.52,551.02
2006-02-10,549.83,550.33,549.83,550.33
2006-02-09,547.58,548.08,547.58,548.08
2006-02-08,548.31,548.81,548.31,548.81
2006-02-07,547.07,547.57,547.07,547.57
2006-02-06,547.58,548.08,547.58,548.08
2006-02-03,545.52,546.02,545.52,546.02
2006-02-02,541.5,542,541.5,542
2006-02-01,542.45,542.95,542.45,542.95
2006-01-31,538.21,538.71,538.21,538.71
2006-01-30,541.86,542.36,541.86,542.36
2006-01-27,540.21,540.71,540.21,540.71
2006-01-26,535.56,536.06,535.56,536.06
2006-01-25,533.99,534.49,533.99,534.49
2006-01-24,532.86,533.36,532.86,533.36
2006-01-23,532.86,533.36,532.86,533.36
2006-01-20,541.37,541.87,541.37,541.87
2006-01-19,540.88,541.38,540.88,541.38
2006-01-18,542.36,542.86,542.36,542.86
2006-01-17,542.72,543.22,542.72,543.22
2006-01-16,539.45,539.95,539.45,539.95
2006-01-13,539.85,540.35,539.85,540.35
2006-01-12,544.7,545.2,544.7,545.2
2006-01-11,540.03,540.53,540.03,540.53
2006-01-10,542.94,543.44,542.94,543.44
2006-01-09,535.22,541.22,535.22,541.22
2006-01-06,539.05,539.55,539.05,539.55
2006-01-05,541.59,542.09,541.59,542.09
2006-01-04,540.25,540.75,540.25,540.75
2006-01-03,546.8,547.3,546.8,547.3
2006-01-02,553.32,553.82,553.32,553.82
2005-12-30,553.74,554.24,553.74,554.24
2005-12-29,553.22,553.72,553.22,553.72
2005-12-28,553.74,554.24,553.74,554.24
2005-12-27,552.94,553.44,552.94,553.44
2005-12-26,552.24,552.74,552.24,552.74
2005-12-23,552.24,552.74,552.24,552.74
2005-12-22,552.24,552.74,552.24,552.74
2005-12-21,554.91,555.41,554.91,555.41
2005-12-20,552.29,552.79,552.29,552.79
2005-12-19,546.07,546.57,546.07,546.57
2005-12-16,545.7,546.2,545.7,546.2
2005-12-15,548.03,548.53,548.03,548.53
2005-12-14,545.11,545.61,545.11,545.61
2005-12-13,549.05,549.55,549.05,549.55
2005-12-12,547.03,547.53,547.03,547.53
2005-12-09,554.21,554.71,554.21,554.71
2005-12-08,553.65,554.15,553.65,554.15
2005-12-07,559.37,559.87,559.37,559.87
2005-12-06,555.38,555.88,555.38,555.88
2005-12-05,554.87,555.37,554.87,555.37
2005-12-02,559.56,560.06,559.56,560.06
2005-12-01,559.32,559.82,559.32,559.82
2005-11-30,555.9,556.4,555.9,556.4
2005-11-29,555.86,556.36,555.86,556.36
2005-11-28,555.43,555.93,555.43,555.93
2005-11-25,548.72,554.72,548.72,554.72
2005-11-24,548,555,548,555
2005-11-23,555.38,555.88,555.38,555.88
2005-11-22,557.89,558.39,557.89,558.39
2005-11-21,558.47,558.97,558.47,558.97
2005-11-18,557.7,558.2,557.7,558.2
2005-11-17,559.23,559.73,559.23,559.73
2005-11-16,560.62,561.12,560.62,561.12
2005-11-15,560.52,561.02,560.52,561.02
2005-11-14,560.62,561.12,560.62,561.12
2005-11-11,559.85,560.35,559.85,560.35
2005-11-10,558.08,558.58,558.08,558.58
2005-11-09,558.27,558.77,558.27,558.77
2005-11-08,556.66,557.16,556.66,557.16
2005-11-07,556.19,556.69,556.19,556.69
2005-11-04,554.21,554.71,554.21,554.71
2005-11-03,547.85,548.35,547.85,548.35
2005-11-02,542.99,543.49,542.99,543.49
2005-11-01,545.7,546.2,545.7,546.2
2005-10-31,546.57,547.07,546.57,547.07
2005-10-28,543.26,543.76,543.26,543.76
2005-10-27,539.45,539.95,539.45,539.95
2005-10-26,542.63,543.13,542.63,543.13
2005-10-25,541.5,542,541.5,542
2005-10-24,546.8,547.3,546.8,547.3
2005-10-21,548.82,549.32,548.82,549.32
2005-10-20,546.75,547.25,546.75,547.25
2005-10-19,547.39,547.89,547.39,547.89
2005-10-18,547.71,548.21,547.71,548.21
2005-10-17,544.3,544.8,544.3,544.8
2005-10-14,541.68,542.18,541.68,542.18
2005-10-13,546.11,546.61,546.11,546.61
2005-10-12,545.02,545.52,545.02,545.52
2005-10-11,546.02,546.52,546.02,546.52
2005-10-10,543.39,543.89,543.39,543.89
2005-10-07,540.38,540.88,540.38,540.88
2005-10-06,537.94,538.44,537.94,538.44
2005-10-05,547.9,548.4,547.9,548.4
2005-10-04,549.55,550.05,549.55,550.05
2005-10-03,550.11,550.61,550.11,550.61
2005-09-30,545.07,545.57,545.07,545.57
2005-09-29,544.84,545.34,544.84,545.34
2005-09-28,544.43,544.93,544.43,544.93
2005-09-27,545.75,546.25,545.75,546.25
2005-09-26,543.48,543.98,543.48,543.98
2005-09-23,543.66,544.16,543.66,544.16
2005-09-22,539.49,539.99,539.49,539.99
2005-09-21,536.27,536.77,536.27,536.77
2005-09-20,538.61,539.11,538.61,539.11
2005-09-19,539.81,540.31,539.81,540.31
2005-09-16,527,534,527,534
2005-09-15,536.53,537.03,536.53,537.03
2005-09-14,533.34,533.84,533.34,533.84
2005-09-13,533.99,534.49,533.99,534.49
2005-09-12,533.38,533.88,533.38,533.88
2005-09-09,528.04,528.54,528.04,528.54
2005-09-08,528.77,529.27,528.77,529.27
2005-09-07,526.85,527.35,526.85,527.35
2005-09-06,524.91,525.41,524.91,525.41
2005-09-05,523.06,523.56,523.06,523.56
2005-09-02,522.52,523.02,522.52,523.02
2005-09-01,525.2,525.7,525.2,525.7
2005-08-31,531.21,531.71,531.21,531.71
2005-08-30,536.93,537.43,536.93,537.43
2005-08-29,525.61,531.61,525.61,531.61
2005-08-26,526.3,532.3,526.3,532.3
2005-08-25,532.25,532.75,532.25,532.75
2005-08-24,533.99,534.49,533.99,534.49
2005-08-23,535.43,535.93,535.43,535.93
2005-08-22,535.96,536.46,535.96,536.46
2005-08-19,538.38,538.88,538.38,538.88
2005-08-18,538.16,538.66,538.16,538.66
2005-08-17,533.68,534.18,533.68,534.18
2005-08-16,530.22,530.72,530.22,530.72
2005-08-15,529.97,530.47,529.97,530.47
2005-08-12,526.89,527.39,526.89,527.39
2005-08-11,526.81,527.31,526.81,527.31
2005-08-10,530.14,530.64,530.14,530.64
2005-08-09,530.74,531.24,530.74,531.24
2005-08-08,530.18,530.68,530.18,530.68
2005-08-05,531.17,531.67,531.17,531.67
2005-08-04,529.49,529.99,529.49,529.99
2005-08-03,531.13,531.63,531.13,531.63
2005-08-02,537.15,537.65,537.15,537.65
2005-08-01,536.88,537.38,536.88,537.38
2005-07-29,540.07,540.57,540.07,540.57
2005-07-28,539.81,540.31,539.81,540.31
2005-07-27,542.81,543.31,542.81,543.31
2005-07-26,544.79,545.29,544.79,545.29
2005-07-25,543.71,544.21,543.71,544.21
2005-07-22,542.58,543.08,542.58,543.08
2005-07-21,536.62,537.12,536.62,537.12
2005-07-20,540.97,541.47,540.97,541.47
2005-07-19,544.11,544.61,544.11,544.61
2005-07-18,543.03,543.53,543.03,543.53
2005-07-15,543.48,543.98,543.48,543.98
2005-07-14,542.04,542.54,542.04,542.54
2005-07-13,541.73,542.23,541.73,542.23
2005-07-12,535.34,535.84,535.34,535.84
2005-07-11,542.72,543.22,542.72,543.22
2005-07-08,548.77,549.27,548.77,549.27
2005-07-07,548.59,549.09,548.59,549.09
2005-07-06,549.51,550.01,549.51,550.01
2005-07-05,549.88,550.38,549.88,550.38
2005-07-04,535.84,541.84,535.84,541.84
2005-07-01,548.26,548.76,548.26,548.76
2005-06-30,541.95,542.45,541.95,542.45
2005-06-29,542.4,542.9,542.4,542.9
2005-06-28,542.9,543.4,542.9,543.4
2005-06-27,538.87,539.37,538.87,539.37
2005-06-24,542.31,542.81,542.31,542.81
2005-06-23,543.93,544.43,543.93,544.43
2005-06-22,540.83,541.33,540.83,541.33
2005-06-21,539.23,539.73,539.23,539.73
2005-06-20,539.4,539.9,539.4,539.9
2005-06-17,535.13,535.63,535.13,535.63
2005-06-16,542,542.5,542,542.5
2005-06-15,540.25,540.75,540.25,540.75
2005-06-14,543.66,544.16,543.66,544.16
2005-06-13,541.82,542.32,541.82,542.32
2005-06-10,540.43,540.93,540.43,540.93
2005-06-09,535.78,536.28,535.78,536.28
2005-06-08,535.26,535.76,535.26,535.76
2005-06-07,533.95,534.45,533.95,534.45
2005-06-06,533.73,534.23,533.73,534.23
2005-06-03,536.66,537.16,536.66,537.16
2005-06-02,533.86,534.36,533.86,534.36
2005-06-01,535.52,536.02,535.52,536.02
2005-05-31,532.04,532.54,532.04,532.54
2005-05-30,525.54,526.04,525.54,526.04
2005-05-27,520.98,521.48,520.98,521.48
2005-05-26,523.48,523.98,523.48,523.98
2005-05-25,519.78,520.28,519.78,520.28
2005-05-24,521.14,521.64,521.14,521.64
2005-05-23,520.89,521.39,520.89,521.39
2005-05-20,522.02,522.52,522.02,522.52
2005-05-19,518.46,518.96,518.46,518.96
2005-05-18,517.15,517.65,517.15,517.65
2005-05-17,518.29,518.79,518.29,518.79
2005-05-16,518.87,519.37,518.87,519.37
2005-05-13,518.75,519.25,518.75,519.25
2005-05-12,515.56,516.06,515.56,516.06
2005-05-11,511.45,511.95,511.45,511.95
2005-05-10,508.86,509.36,508.86,509.36
2005-05-09,510.81,511.31,510.81,511.31
2005-05-06,510.53,511.03,510.53,511.03
2005-05-05,506.18,506.68,506.18,506.68
2005-05-04,506.38,506.88,506.38,506.88
2005-05-03,508.35,508.85,508.35,508.85
2005-05-02,509.77,510.27,509.77,510.27
2005-04-29,507.95,508.45,507.95,508.45
2005-04-28,508.23,508.73,508.23,508.73
2005-04-27,505.95,506.45,505.95,506.45
2005-04-26,505.32,505.82,505.32,505.82
2005-04-25,504.78,505.28,504.78,505.28
2005-04-22,501.91,502.41,501.91,502.41
2005-04-21,502.18,502.68,502.18,502.68
2005-04-20,500.41,500.91,500.41,500.91
2005-04-19,502.95,503.45,502.95,503.45
2005-04-18,502.8,503.3,502.8,503.3
2005-04-15,507.6,508.1,507.6,508.1
2005-04-14,511.37,511.87,511.37,511.87
2005-04-13,507.48,507.98,507.48,507.98
2005-04-12,508.35,508.85,508.35,508.85
2005-04-11,504.54,505.04,504.54,505.04
2005-04-08,507.16,507.66,507.16,507.66
2005-04-07,509.65,510.15,509.65,510.15
2005-04-06,508.23,508.73,508.23,508.73
2005-04-05,509.93,510.43,509.93,510.43
2005-04-04,510.29,510.79,510.29,510.79
2005-04-01,507.91,508.41,507.91,508.41
2005-03-31,505.21,505.71,505.21,505.71
2005-03-30,505.64,506.14,505.64,506.14
2005-03-29,507.32,507.82,507.32,507.82
2005-03-28,508.5,509,508.5,509
2005-03-25,505.79,506.29,505.79,506.29
2005-03-24,505.64,506.14,505.64,506.14
2005-03-23,504.23,504.73,504.23,504.73
2005-03-22,496.43,496.93,496.43,496.93
2005-03-21,497.82,498.32,497.82,498.32
2005-03-18,491.95,492.45,491.95,492.45
2005-03-17,490.21,490.71,490.21,490.71
2005-03-16,488.49,488.99,488.49,488.99
2005-03-15,492.09,492.59,492.09,492.59
2005-03-14,490.62,491.12,490.62,491.12
2005-03-11,486.53,487.03,486.53,487.03
2005-03-10,488.2,488.7,488.2,488.7
2005-03-09,488.56,489.06,488.56,489.06
2005-03-08,491.35,491.85,491.35,491.85
2005-03-07,495.82,496.32,495.82,496.32
2005-03-04,494.51,495.01,494.51,495.01
2005-03-03,499.11,499.61,499.11,499.61
2005-03-02,499.08,499.58,499.08,499.58
2005-03-01,497.07,497.57,497.07,497.57
2005-02-28,494.29,494.79,494.29,494.79
2005-02-25,495.22,495.72,495.22,495.72
2005-02-24,495.79,496.29,495.79,496.29
2005-02-23,495.97,496.47,495.97,496.47
2005-02-22,495.04,495.54,495.04,495.54
2005-02-21,501.18,501.68,501.18,501.68
2005-02-18,501.45,501.95,501.45,501.95
2005-02-17,500.8,501.3,500.8,501.3
2005-02-16,503.26,503.76,503.26,503.76
2005-02-15,503.15,503.65,503.15,503.65
2005-02-14,504.93,505.43,504.93,505.43
2005-02-11,509.26,509.76,509.26,509.76
2005-02-10,508.03,508.53,508.03,508.53
2005-02-09,512.25,512.75,512.25,512.75
2005-02-08,512.33,512.83,512.33,512.83
2005-02-07,513.29,513.79,513.29,513.79
2005-02-04,508.35,508.85,508.35,508.85
2005-02-03,505.21,505.71,505.21,505.71
2005-02-02,502.91,503.41,502.91,503.41
2005-02-01,502.76,503.26,502.76,503.26
2005-01-31,502.1,502.6,502.1,502.6
2005-01-28,502.68,503.18,502.68,503.18
2005-01-27,502.84,503.34,502.84,503.34
2005-01-26,500.45,500.95,500.45,500.95
2005-01-25,505.36,505.86,505.36,505.86
2005-01-24,502.18,502.68,502.18,502.68
2005-01-21,501.83,502.33,501.83,502.33
2005-01-20,505.99,506.49,505.99,506.49
2005-01-19,503.8,504.3,503.8,504.3
2005-01-18,502.53,503.03,502.53,503.03
2005-01-17,501.03,501.53,501.03,501.53
2005-01-14,500.22,500.72,500.22,500.72
2005-01-13,495.67,496.17,495.67,496.17
2005-01-12,493.5,494,493.5,494
2005-01-11,498.77,499.27,498.77,499.27
2005-01-10,500.72,501.22,500.72,501.22
2005-01-07,502.76,503.26,502.76,503.26
2005-01-06,497.14,497.64,497.14,497.64
2005-01-05,493.43,493.93,493.43,493.93
2005-01-04,492.28,492.78,492.28,492.78
2005-01-03,486.06,486.56,486.06,486.56
2004-12-31,484.26,484.76,484.26,484.76
2004-12-30,480.63,481.13,480.63,481.13
2004-12-29,482.69,483.19,482.69,483.19
2004-12-28,481.05,481.55,481.05,481.55
2004-12-27,480.45,480.95,480.45,480.95
2004-12-24,483.94,484.44,483.94,484.44
2004-12-23,485.88,486.38,485.88,486.38
2004-12-22,489.74,490.24,489.74,490.24
2004-12-21,489.92,490.42,489.92,490.42
2004-12-20,489.33,489.83,489.33,489.83
2004-12-17,492.65,493.15,492.65,493.15
2004-12-16,494.25,494.75,494.25,494.75
2004-12-15,488.46,488.96,488.46,488.96
2004-12-14,493.17,493.67,493.17,493.67
2004-12-13,492.35,492.85,492.35,492.85
2004-12-10,494.85,495.35,494.85,495.35
2004-12-09,493.54,494.04,493.54,494.04
2004-12-08,491.95,492.45,491.95,492.45
2004-12-07,487.91,488.41,487.91,488.41
2004-12-06,487.25,487.75,487.25,487.75
2004-12-03,489.26,489.76,489.26,489.76
2004-12-02,493.5,494,493.5,494
2004-12-01,492.09,492.59,492.09,492.59
2004-11-30,493.5,494,493.5,494
2004-11-29,492.72,493.22,492.72,493.22
2004-11-26,492.83,493.33,492.83,493.33
2004-11-25,491,497,491,497
2004-11-24,497.37,497.87,497.37,497.87
2004-11-23,500.15,500.65,500.15,500.65
2004-11-22,502.3,502.8,502.3,502.8
2004-11-19,502.45,502.95,502.45,502.95
2004-11-18,505.48,505.98,505.48,505.98
2004-11-17,502.84,503.34,502.84,503.34
2004-11-16,504.85,505.35,504.85,505.35
2004-11-15,506.65,507.15,506.65,507.15
2004-11-12,505.05,505.55,505.05,505.55
2004-11-11,507.6,508.1,507.6,508.1
2004-11-10,508.31,508.81,508.31,508.81
2004-11-09,507.36,507.86,507.36,507.86
2004-11-08,506.89,507.39,506.89,507.39
2004-11-05,506.93,507.43,506.93,507.43
2004-11-04,508.86,509.36,508.86,509.36
2004-11-03,512.45,512.95,512.45,512.95
2004-11-02,516.01,516.51,516.01,516.51
2004-11-01,514.06,514.56,514.06,514.56
2004-10-29,512.57,513.07,512.57,513.07
2004-10-28,514.34,514.84,514.34,514.84
2004-10-27,515.4,515.9,515.4,515.9
2004-10-26,513.9,514.4,513.9,514.4
2004-10-25,511.73,512.23,511.73,512.23
2004-10-22,518.5,519,518.5,519
2004-10-21,518.79,519.29,518.79,519.29
2004-10-20,520.52,521.02,520.52,521.02
2004-10-19,523.44,523.94,523.44,523.94
2004-10-18,524.32,524.82,524.32,524.82
2004-10-15,525.54,526.04,525.54,526.04
2004-10-14,529.07,529.57,529.07,529.57
2004-10-13,530.91,531.41,530.91,531.41
2004-10-12,532.43,532.93,532.43,532.93
2004-10-11,529.11,529.61,529.11,529.61
2004-10-08,527.57,528.07,527.57,528.07
2004-10-07,532.99,533.49,532.99,533.49
2004-10-06,532.99,533.49,532.99,533.49
2004-10-05,531.82,532.32,531.82,532.32
2004-10-04,533.77,534.27,533.77,534.27
2004-10-01,528.25,528.75,528.25,528.75
2004-09-30,527.11,527.61,527.11,527.61
2004-09-29,531.56,532.06,531.56,532.06
2004-09-28,532.12,532.62,532.12,532.62
2004-09-27,532.99,533.49,532.99,533.49
2004-09-24,534.08,534.58,534.08,534.58
2004-09-23,531.78,532.28,531.78,532.28
2004-09-22,534.69,535.19,534.69,535.19
2004-09-21,533.9,534.4,533.9,534.4
2004-09-20,538.34,538.84,538.34,538.84
2004-09-17,537.94,538.44,537.94,538.44
2004-09-16,537.81,538.31,537.81,538.31
2004-09-15,539,539.5,539,539.5
2004-09-14,534.16,534.66,534.16,534.66
2004-09-13,534.12,534.62,534.12,534.62
2004-09-10,533.25,533.75,533.25,533.75
2004-09-09,537.23,537.73,537.23,537.73
2004-09-08,538.3,538.8,538.3,538.8
2004-09-07,542.04,542.54,542.04,542.54
2004-09-06,542.72,543.22,542.72,543.22
2004-09-03,543.48,543.98,543.48,543.98
2004-09-02,539.18,539.68,539.18,539.68
2004-09-01,537.54,538.04,537.54,538.04
2004-08-31,537.81,538.31,537.81,538.31
2004-08-30,543.48,543.98,543.48,543.98
2004-08-27,545.16,545.66,545.16,545.66
2004-08-26,541.28,541.78,541.28,541.78
2004-08-25,541.77,542.27,541.77,542.27
2004-08-24,541.95,542.45,541.95,542.45
2004-08-23,537.9,538.4,537.9,538.4
2004-08-20,532.04,532.54,532.04,532.54
2004-08-19,529.71,530.21,529.71,530.21
2004-08-18,531.04,531.54,531.04,531.54
2004-08-17,531.04,531.54,531.04,531.54
2004-08-16,530.65,531.15,530.65,531.15
2004-08-13,530.14,530.64,530.14,530.64
2004-08-12,535.21,535.71,535.21,535.71
2004-08-11,536.18,536.68,536.18,536.68
2004-08-10,535.39,535.89,535.39,535.89
2004-08-09,534.08,534.58,534.08,534.58
2004-08-06,533.73,534.23,533.73,534.23
2004-08-05,543.39,543.89,543.39,543.89
2004-08-04,544.25,544.75,544.25,544.75
2004-08-03,543.53,544.03,543.53,544.03
2004-08-02,544.7,545.2,544.7,545.2
2004-07-30,544.98,545.48,544.98,545.48
2004-07-29,544.39,544.89,544.39,544.89
2004-07-28,542.76,543.26,542.76,543.26
2004-07-27,543.98,544.48,543.98,544.48
2004-07-26,539.72,540.22,539.72,540.22
2004-07-23,540.7,541.2,540.7,541.2
2004-07-22,533.95,534.45,533.95,534.45
2004-07-21,535.48,535.98,535.48,535.98
2004-07-20,529.41,529.91,529.41,529.91
2004-07-19,526.6,527.1,526.6,527.1
2004-07-16,526.64,527.14,526.64,527.14
2004-07-15,530.87,531.37,530.87,531.37
2004-07-14,528.47,528.97,528.47,528.97
2004-07-13,532.12,532.62,532.12,532.62
2004-07-12,528.08,528.58,528.08,528.58
2004-07-09,528.17,528.67,528.17,528.67
2004-07-08,528.85,529.35,528.85,529.35
2004-07-07,529.58,530.08,529.58,530.08
2004-07-06,532.6,533.1,532.6,533.1
2004-07-05,532.24,538.24,532.24,538.24
2004-07-02,532.43,532.93,532.43,532.93
2004-07-01,538.25,538.75,538.25,538.75
2004-06-30,538.61,539.11,538.61,539.11
2004-06-29,540.52,541.02,540.52,541.02
2004-06-28,538.47,538.97,538.47,538.97
2004-06-25,539.23,539.73,539.23,539.73
2004-06-24,537.99,538.49,537.99,538.49
2004-06-23,542.22,542.72,542.22,542.72
2004-06-22,542.09,542.59,542.09,542.59
2004-06-21,541.1,541.6,541.1,541.6
2004-06-18,539.94,540.44,539.94,540.44
2004-06-17,543.17,543.67,543.17,543.67
2004-06-16,545.79,546.29,545.79,546.29
2004-06-15,539.4,539.9,539.4,539.9
2004-06-14,543.35,543.85,543.35,543.85
2004-06-11,545.61,546.11,545.61,546.11
2004-06-10,541.41,541.91,541.41,541.91
2004-06-09,543.17,543.67,543.17,543.67
2004-06-08,534.56,535.06,534.56,535.06
2004-06-07,531.56,532.06,531.56,532.06
2004-06-04,533.6,534.1,533.6,534.1
2004-06-03,536.22,536.72,536.22,536.72
2004-06-02,536.53,537.03,536.53,537.03
2004-06-01,535.69,536.19,535.69,536.19
2004-05-31,536.57,537.07,536.57,537.07
2004-05-28,536.62,537.12,536.62,537.12
2004-05-27,534.16,534.66,534.16,534.66
2004-05-26,540.7,541.2,540.7,541.2
2004-05-25,540.88,541.38,540.88,541.38
2004-05-24,545.43,545.93,545.43,545.93
2004-05-21,545.16,545.66,545.16,545.66
2004-05-20,550.52,551.02,550.52,551.02
2004-05-19,545.66,546.16,545.66,546.16
2004-05-18,547.94,548.44,547.94,548.44
2004-05-17,545.7,546.2,545.7,546.2
2004-05-14,551.22,551.72,551.22,551.72
2004-05-13,554.82,555.32,554.82,555.32
2004-05-12,549.78,550.28,549.78,550.28
2004-05-11,551.68,552.18,551.68,552.18
2004-05-10,552.76,553.26,552.76,553.26
2004-05-07,551.22,551.72,551.22,551.72
2004-05-06,542.27,542.77,542.27,542.77
2004-05-05,538.74,539.24,538.74,539.24
2004-05-04,542.31,542.81,542.31,542.81
2004-05-03,548.91,549.41,548.91,549.41
2004-04-30,546.84,547.34,546.84,547.34
2004-04-29,549.09,549.59,549.09,549.59
2004-04-28,553.79,554.29,553.79,554.29
2004-04-27,549.83,550.33,549.83,550.33
2004-04-26,552.62,553.12,552.62,553.12
2004-04-23,553.93,554.43,553.93,554.43
2004-04-22,552.57,553.07,552.57,553.07
2004-04-21,553.36,553.86,553.36,553.86
2004-04-20,549.14,549.64,549.14,549.64
2004-04-19,545.07,545.57,545.07,545.57
2004-04-16,545.7,546.2,545.7,546.2
2004-04-15,547.39,547.89,547.39,547.89
2004-04-14,548.45,548.95,548.45,548.95
2004-04-13,549.83,550.33,549.83,550.33
2004-04-12,542.67,543.17,542.67,543.17
2004-04-09,541.46,541.96,541.46,541.96
2004-04-08,542.36,542.86,542.36,542.86
2004-04-07,537.72,538.22,537.72,538.22
2004-04-06,541.37,541.87,541.37,541.87
2004-04-05,545.57,546.07,545.57,546.07
2004-04-02,540.92,541.42,540.92,541.42
2004-04-01,530.05,530.55,530.05,530.55
2004-03-31,532.86,533.36,532.86,533.36
2004-03-30,537.63,538.13,537.63,538.13
2004-03-29,538.96,539.46,538.96,539.46
2004-03-26,540.34,540.84,540.34,540.84
2004-03-25,537.68,538.18,537.68,538.18
2004-03-24,537.68,538.18,537.68,538.18
2004-03-23,530.74,531.24,530.74,531.24
2004-03-22,529.67,530.17,529.67,530.17
2004-03-19,533.29,533.79,533.29,533.79
2004-03-18,528.94,529.44,528.94,529.44
2004-03-17,536.05,536.55,536.05,536.55
2004-03-16,533.86,534.36,533.86,534.36
2004-03-15,533.77,534.27,533.77,534.27
2004-03-12,536.79,537.29,536.79,537.29
2004-03-11,533.55,534.05,533.55,534.05
2004-03-10,535.21,535.71,535.21,535.71
2004-03-09,526.68,527.18,526.68,527.18
2004-03-08,530.27,530.77,530.27,530.77
2004-03-05,528.64,529.14,528.64,529.14
2004-03-04,537.85,538.35,537.85,538.35
2004-03-03,539.67,540.17,539.67,540.17
2004-03-02,534.03,534.53,534.03,534.53
2004-03-01,526.38,526.88,526.38,526.88
2004-02-27,525.03,525.53,525.03,525.53
2004-02-26,526.51,527.01,526.51,527.01
2004-02-25,523.98,524.48,523.98,524.48
2004-02-24,515.76,516.26,515.76,516.26
2004-02-23,520.89,521.39,520.89,521.39
2004-02-20,523.69,524.19,523.69,524.19
2004-02-19,515.6,516.1,515.6,516.1
2004-02-18,512.49,512.99,512.49,512.99
2004-02-17,509.73,510.23,509.73,510.23
2004-02-16,513.05,513.55,513.05,513.55
2004-02-13,514.18,514.68,514.18,514.68
2004-02-12,510.73,511.23,510.73,511.23
2004-02-11,511.57,512.07,511.57,512.07
2004-02-10,515.8,516.3,515.8,516.3
2004-02-09,516.7,517.2,516.7,517.2
2004-02-06,515.72,516.22,515.72,516.22
2004-02-05,520.6,521.1,520.6,521.1
2004-02-04,522.39,522.89,522.39,522.89
2004-02-03,522.06,522.56,522.06,522.56
2004-02-02,528.43,528.93,528.43,528.93
2004-01-30,525.71,526.21,525.71,526.21
2004-01-29,529.11,529.61,529.11,529.61
2004-01-28,518.25,518.75,518.25,518.75
2004-01-27,519.08,519.58,519.08,519.58
2004-01-26,522.64,523.14,522.64,523.14
2004-01-23,519.78,520.28,519.78,520.28
2004-01-22,515.52,516.02,515.52,516.02
2004-01-21,518.29,518.79,518.29,518.79
2004-01-20,520.6,521.1,520.6,521.1
2004-01-19,529.28,529.78,529.28,529.78
2004-01-16,529.49,529.99,529.49,529.99
2004-01-15,519.94,520.44,519.94,520.44
2004-01-14,515.03,515.53,515.03,515.53
2004-01-13,514.42,514.92,514.42,514.92
2004-01-12,512.33,512.83,512.33,512.83
2004-01-09,509.89,510.39,509.89,510.39
2004-01-08,512.93,513.43,512.93,513.43
2004-01-07,517.27,517.77,517.27,517.77
2004-01-06,513.01,513.51,513.01,513.51
2004-01-05,516.58,517.08,516.58,517.08
2004-01-02,519.9,520.4,519.9,520.4
2003-12-31,519.98,520.48,519.98,520.48
2003-12-30,522.81,523.31,522.81,523.31
2003-12-29,524.23,524.73,524.23,524.73
2003-12-26,526.64,527.14,526.64,527.14
2003-12-25,525.54,526.04,525.54,526.04
2003-12-24,525.54,526.04,525.54,526.04
2003-12-23,528.34,528.84,528.34,528.84
2003-12-22,528,528.5,528,528.5
2003-12-19,528.9,529.4,528.9,529.4
2003-12-18,527.62,528.12,527.62,528.12
2003-12-17,528.08,528.58,528.08,528.58
2003-12-16,531.21,531.71,531.21,531.71
2003-12-15,532.17,532.67,532.17,532.67
2003-12-12,532.77,533.27,532.77,533.27
2003-12-11,538.87,539.37,538.87,539.37
2003-12-10,536.35,536.85,536.35,536.85
2003-12-09,536.62,537.12,536.62,537.12
2003-12-08,535.96,536.46,535.96,536.46
2003-12-05,539.05,539.55,539.05,539.55
2003-12-04,541.01,541.51,541.01,541.51
2003-12-03,542.31,542.81,542.31,542.81
2003-12-02,542.27,542.77,542.27,542.77
2003-12-01,547.62,548.12,547.62,548.12
2003-11-28,546.43,546.93,546.43,546.93
2003-11-27,544.2,551.2,544.2,551.2
2003-11-26,549.51,550.01,549.51,550.01
2003-11-25,555.57,556.07,555.57,556.07
2003-11-24,556.52,557.02,556.52,557.02
2003-11-21,549.6,550.1,549.6,550.1
2003-11-20,550.99,551.49,550.99,551.49
2003-11-19,550.76,551.26,550.76,551.26
2003-11-18,550.52,551.02,550.52,551.02
2003-11-17,558.61,559.11,558.61,559.11
2003-11-14,557.66,558.16,557.66,558.16
2003-11-13,559.9,560.4,559.9,560.4
2003-11-12,562.45,562.95,562.45,562.95
2003-11-11,569.1,569.6,569.1,569.6
2003-11-10,569.45,569.95,569.45,569.95
2003-11-07,568.41,568.91,568.41,568.91
2003-11-06,573.84,574.34,573.84,574.34
2003-11-05,571.84,572.34,571.84,572.34
2003-11-04,569.5,570,569.5,570
2003-11-03,571.94,572.44,571.94,572.44
2003-10-31,565.46,565.96,565.46,565.96
2003-10-30,562.98,563.48,562.98,563.48
2003-10-29,561.1,561.6,561.1,561.6
2003-10-28,561.34,561.84,561.34,561.84
2003-10-27,556.94,557.44,556.94,557.44
2003-10-24,550.01,557.01,550.01,557.01
2003-10-23,556.66,557.16,556.66,557.16
2003-10-22,554.4,554.9,554.4,554.9
2003-10-21,562.06,562.56,562.06,562.56
2003-10-20,561.82,562.32,561.82,562.32
2003-10-17,563.22,563.72,563.22,563.72
2003-10-16,562.93,563.43,562.93,563.43
2003-10-15,563.56,564.06,563.56,564.06
2003-10-14,557.99,558.49,557.99,558.49
2003-10-13,560.67,561.17,560.67,561.17
2003-10-10,555.1,555.6,555.1,555.6
2003-10-09,560.23,560.73,560.23,560.73
2003-10-08,554.91,555.41,554.91,555.41
2003-10-07,556.47,556.97,556.47,556.97
2003-10-06,559.66,560.16,559.66,560.16
2003-10-03,566.15,566.65,566.15,566.65
2003-10-02,560.47,560.97,560.47,560.97
2003-10-01,560.09,560.59,560.09,560.59
2003-09-30,562.84,563.34,562.84,563.34
2003-09-29,565.41,565.91,565.41,565.91
2003-09-26,571.04,571.54,571.04,571.54
2003-09-25,570.14,570.64,570.14,570.64
2003-09-24,570.84,571.34,570.84,571.34
2003-09-23,571.14,571.64,571.14,571.64
2003-09-22,570.59,571.09,570.59,571.09
2003-09-19,576.27,576.77,576.27,576.77
2003-09-18,582.58,583.08,582.58,583.08
2003-09-17,581.13,581.63,581.13,581.63
2003-09-16,586.34,586.84,586.34,586.84
2003-09-15,579.74,580.24,579.74,580.24
2003-09-12,579.18,579.68,579.18,579.68
2003-09-11,585.87,586.37,585.87,586.37
2003-09-10,584.19,584.69,584.19,584.69
2003-09-09,583.57,584.07,583.57,584.07
2003-09-08,590.63,591.13,590.63,591.13
2003-09-05,590.68,591.18,590.68,591.18
2003-09-04,600.32,600.82,600.32,600.82
2003-09-03,602.98,603.48,602.98,603.48
2003-09-02,604.43,604.93,604.43,604.93
2003-09-01,597.42,597.92,597.42,597.92
2003-08-29,597.36,597.86,597.36,597.86
2003-08-28,602.31,602.81,602.31,602.81
2003-08-27,602.42,602.92,602.42,602.92
2003-08-26,601.1,601.6,601.1,601.6
2003-08-25,602.15,602.65,602.15,602.65
2003-08-22,602.31,602.81,602.31,602.81
2003-08-21,600.65,601.15,600.65,601.15
2003-08-20,589.83,590.33,589.83,590.33
2003-08-19,588.77,589.27,588.77,589.27
2003-08-18,587.5,588,587.5,588
2003-08-15,582.27,582.77,582.27,582.77
2003-08-14,582.68,583.18,582.68,583.18
2003-08-13,578.92,579.42,578.92,579.42
2003-08-12,579.43,579.93,579.43,579.93
2003-08-11,576.52,577.02,576.52,577.02
2003-08-08,579.33,579.83,579.33,579.83
2003-08-07,575.91,576.41,575.91,576.41
2003-08-06,573,578,573,578
2003-08-05,577.54,578.04,577.54,578.04
2003-08-04,571,576,571,576
2003-08-01,582.63,583.13,582.63,583.13
2003-07-31,583.26,583.76,583.26,583.76
2003-07-30,576.57,577.07,576.57,577.07
2003-07-29,571.09,571.59,571.09,571.59
2003-07-28,569.8,570.3,569.8,570.3
2003-07-25,569.15,569.65,569.15,569.65
2003-07-24,571.89,572.39,571.89,572.39
2003-07-23,571.24,571.74,571.24,571.74
2003-07-22,578.46,578.96,578.46,578.96
2003-07-21,571.85,578.85,571.85,578.85
2003-07-18,580.15,580.65,580.15,580.65
2003-07-17,584.77,585.27,584.77,585.27
2003-07-16,585.55,586.05,585.55,586.05
2003-07-15,586.86,587.36,586.86,587.36
2003-07-14,580.56,581.06,580.56,581.06
2003-07-11,579.48,579.98,579.48,579.98
2003-07-10,575.61,576.11,575.61,576.11
2003-07-09,571.65,578.65,571.65,578.65
2003-07-08,579.84,580.34,579.84,580.34
2003-07-07,571.16,578.16,571.16,578.16
2003-07-04,566,571,566,571
2003-07-03,570.49,570.99,570.49,570.99
2003-07-02,568.95,569.45,568.95,569.45
2003-07-01,565.76,566.26,565.76,566.26
2003-06-30,570.69,571.19,570.69,571.19
2003-06-27,573.39,573.89,573.39,573.89
2003-06-26,572.99,573.49,572.99,573.49
2003-06-25,564.98,565.48,564.98,565.48
2003-06-24,570.24,570.74,570.24,570.74
2003-06-23,566.69,567.19,566.69,567.19
2003-06-20,555.04,562.04,555.04,562.04
2003-06-19,558.51,559.01,558.51,559.01
2003-06-18,560.71,561.21,560.71,561.21
2003-06-17,554.44,554.94,554.44,554.94
2003-06-16,553.18,553.68,553.18,553.68
2003-06-13,552.2,552.7,552.2,552.7
2003-06-12,557.09,557.59,557.09,557.59
2003-06-11,557.51,558.01,557.51,558.01
2003-06-10,560.47,560.97,560.47,560.97
2003-06-09,557.89,558.39,557.89,558.39
2003-06-06,550.24,557.24,550.24,557.24
2003-06-05,549.51,556.51,549.51,556.51
2003-06-04,553.67,560.67,553.67,560.67
2003-06-03,552.93,559.93,552.93,559.93
2003-06-02,554.08,561.08,554.08,561.08
2003-05-30,556.52,557.02,556.52,557.02
2003-05-29,551.17,551.67,551.17,551.67
2003-05-28,551.57,558.57,551.57,558.57
2003-05-27,552.1,552.6,552.1,552.6
2003-05-26,545.59,552.59,545.59,552.59
2003-05-23,554.07,554.57,554.07,554.57
2003-05-22,552.09,560.5,552.09,560.5
2003-05-21,553.86,560.86,553.86,560.86
2003-05-20,560.47,560.97,560.47,560.97
2003-05-19,561.87,562.37,561.87,562.37
2003-05-16,567.13,567.63,567.13,567.63
2003-05-15,574.9,575.4,574.9,575.4
2003-05-14,569.7,570.2,569.7,570.2
2003-05-13,568.66,569.16,568.66,569.16
2003-05-12,566.79,567.29,566.79,567.29
2003-05-09,570.39,570.89,570.39,570.89
2003-05-08,570.29,570.79,570.29,570.79
2003-05-07,577.08,577.58,577.08,577.58
2003-05-06,576.47,576.97,576.47,576.97
2003-05-05,580.62,581.12,580.62,581.12
2003-05-02,584.09,584.59,584.09,584.59
2003-05-01,583.36,583.86,583.36,583.86
2003-04-30,586.44,586.94,586.44,586.94
2003-04-29,592.82,593.32,592.82,593.32
2003-04-28,596.22,596.72,596.22,596.72
2003-04-25,593.73,594.23,593.73,594.23
2003-04-24,593.41,593.91,593.41,593.91
2003-04-23,598.29,598.79,598.29,598.79
2003-04-22,597.42,597.92,597.42,597.92
2003-04-21,603.48,603.98,603.48,603.98
2003-04-18,602.04,602.54,602.04,602.54
2003-04-17,602.53,603.03,602.53,603.03
2003-04-16,601.32,601.82,601.32,601.82
2003-04-15,605.83,606.33,605.83,606.33
2003-04-14,608.81,609.31,608.81,609.31
2003-04-11,608.81,609.31,608.81,609.31
2003-04-10,601.07,608.07,601.07,608.07
2003-04-09,602.29,609.29,602.29,609.29
2003-04-08,613.15,613.65,613.15,613.65
2003-04-07,616.96,617.46,616.96,617.46
2003-04-04,611.6,612.1,611.6,612.1
2003-04-03,610.35,610.85,610.35,610.85
2003-04-02,608.7,609.2,608.7,609.2
2003-04-01,602.09,602.59,602.09,602.59
2003-03-31,598.49,605.49,598.49,605.49
2003-03-28,608.02,608.52,608.02,608.52
2003-03-27,615.62,618.765,615.62,618.765
2003-03-26,613.95,614.45,613.95,614.45
2003-03-25,615.11,615.61,615.11,615.61
2003-03-24,612.94,619.94,612.94,619.94
2003-03-21,623.19,623.69,623.19,623.69
2003-03-20,616.85,617.35,616.85,617.35
2003-03-19,618.89,619.39,618.89,619.39
2003-03-18,616.44,616.94,616.44,616.94
2003-03-17,617.08,617.58,617.08,617.58
2003-03-14,604.61,611.61,604.61,611.61
2003-03-13,593.97,600.97,593.97,600.97
2003-03-12,587.62,594.62,587.62,594.62
2003-03-11,594,594.5,594,594.5
2003-03-10,588.05,595.05,588.05,595.05
2003-03-07,589.49,596.49,589.49,596.49
2003-03-06,589.81,596.81,589.81,596.81
2003-03-05,590.17,597.17,590.17,597.17
2003-03-04,601.37,601.87,601.37,601.87
2003-03-03,602.87,603.37,602.87,603.37
2003-02-28,607.57,608.07,607.57,608.07
2003-02-27,598.94,605.94,598.94,605.94
2003-02-26,600.65,607.65,600.65,607.65
2003-02-25,606.95,607.45,606.95,607.45
2003-02-24,603.02,610.02,603.02,610.02
2003-02-21,606.84,607.34,606.84,607.34
2003-02-20,605.21,605.71,605.21,605.71
2003-02-19,609.89,610.39,609.89,610.39
2003-02-18,613.03,613.53,613.03,613.53
2003-02-17,605,613,605,613
2003-02-14,601.75,608.75,601.75,608.75
2003-02-13,604.31,604.81,604.31,604.81
2003-02-12,610.91,611.41,610.91,611.41
2003-02-11,610.06,610.56,610.06,610.56
2003-02-10,610.17,610.67,610.17,610.67
2003-02-07,606.44,606.94,606.44,606.94
2003-02-06,604.65,605.15,604.65,605.15
2003-02-05,608.59,609.09,608.59,609.09
2003-02-04,602.15,602.65,602.15,602.65
2003-02-03,608.36,608.86,608.36,608.86
2003-01-31,610.29,610.79,610.29,610.79
2003-01-30,608.02,608.52,608.02,608.52
2003-01-29,604.26,604.76,604.26,604.76
2003-01-28,605.21,605.71,605.21,605.71
2003-01-27,604.09,604.59,604.09,604.59
2003-01-24,603,610.5,603,610.5
2003-01-23,606.53,613.53,606.53,613.53
2003-01-22,611.43,611.93,611.43,611.93
2003-01-21,611.14,611.64,611.14,611.64
2003-01-20,614.24,614.74,614.24,614.74
2003-01-17,614.99,615.49,614.99,615.49
2003-01-16,617.25,617.75,617.25,617.75
2003-01-15,620.06,620.56,620.06,620.56
2003-01-14,620.24,620.74,620.24,620.74
2003-01-13,620.71,621.21,620.71,621.21
2003-01-10,628.89,635.89,628.89,635.89
2003-01-09,624.91,625.41,624.91,625.41
2003-01-08,628.89,635.89,628.89,635.89
2003-01-07,628.89,635.89,628.89,635.89
2003-01-06,628.89,635.89,628.89,635.89
2003-01-03,628.89,635.89,628.89,635.89
2003-01-02,633.26,633.76,633.26,633.76
2003-01-01,628.89,635.89,628.89,635.89
