Date,Open,High,Low,Close
2022-03-01,1.2679,1.2752,1.2653,1.274
2022-02-28,1.2763,1.2811,1.2659,1.2675
2022-02-25,1.2816,1.2822,1.2695,1.2705
2022-02-24,1.2734,1.2879,1.2727,1.281
2022-02-23,1.2771,1.2773,1.2681,1.2731
2022-02-22,1.275,1.2784,1.2718,1.2769
2022-02-21,1.2752,1.2763,1.2721,1.2751
2022-02-18,1.2704,1.2761,1.2673,1.2749
2022-02-17,1.2688,1.2736,1.2675,1.2702
2022-02-16,1.272,1.2728,1.2664,1.2681
2022-02-15,1.2729,1.2776,1.27,1.2715
2022-02-14,1.2744,1.2785,1.2719,1.2728
2022-02-11,1.2719,1.2756,1.2668,1.2736
2022-02-10,1.2671,1.2729,1.2636,1.2719
2022-02-09,1.2712,1.2717,1.2664,1.267
2022-02-08,1.2668,1.2723,1.2663,1.2711
2022-02-07,1.2763,1.2763,1.2657,1.2667
2022-02-04,1.2679,1.2789,1.2662,1.2764
2022-02-03,1.267,1.2717,1.2657,1.2676
2022-02-02,1.2688,1.2707,1.2649,1.2667
2022-02-01,1.2708,1.2728,1.2655,1.2686
2022-01-31,1.2763,1.2779,1.2681,1.2705
2022-01-28,1.2743,1.2798,1.2712,1.2761
2022-01-27,1.267,1.2749,1.2649,1.274
2022-01-26,1.2623,1.269,1.2559,1.2665
2022-01-25,1.2637,1.2671,1.2597,1.2627
2022-01-24,1.2583,1.2703,1.2554,1.2634
2022-01-21,1.2504,1.259,1.2497,1.2581
2022-01-20,1.2514,1.2518,1.2452,1.2502
2022-01-19,1.2515,1.2526,1.245,1.2513
2022-01-18,1.2516,1.2565,1.2485,1.2512
2022-01-17,1.2556,1.2559,1.2499,1.2519
2022-01-14,1.2521,1.2572,1.2468,1.2553
2022-01-13,1.251,1.2523,1.2451,1.252
2022-01-12,1.2575,1.2582,1.2493,1.2507
2022-01-11,1.2681,1.2684,1.2565,1.2574
2022-01-10,1.2649,1.2699,1.261,1.2678
2022-01-07,1.2733,1.2733,1.2632,1.2644
2022-01-06,1.2757,1.2815,1.2706,1.273
2022-01-05,1.2707,1.2767,1.2691,1.2752
2022-01-04,1.2746,1.2767,1.2666,1.2706
2022-01-03,1.2634,1.278,1.263,1.2741
2021-12-31,1.2741,1.2752,1.262,1.2634
2021-12-30,1.2796,1.2814,1.2734,1.274
2021-12-29,1.282,1.2837,1.2788,1.2788
2021-12-28,1.2787,1.2833,1.278,1.2822
2021-12-27,1.2812,1.2849,1.2779,1.2783
2021-12-24,1.2809,1.2836,1.2786,1.281
2021-12-23,1.2836,1.2855,1.2798,1.2809
2021-12-22,1.2917,1.2925,1.2832,1.2833
2021-12-21,1.2941,1.2949,1.2911,1.291
2021-12-20,1.2893,1.2965,1.2883,1.2941
2021-12-17,1.2773,1.2903,1.277,1.2886
2021-12-16,1.2835,1.2859,1.2761,1.277
2021-12-15,1.2861,1.2938,1.2828,1.283
2021-12-14,1.2805,1.2866,1.2795,1.2861
2021-12-13,1.2725,1.2823,1.2705,1.2804
2021-12-10,1.2714,1.274,1.2679,1.272
2021-12-09,1.2656,1.2723,1.2649,1.2713
2021-12-08,1.2639,1.2668,1.2607,1.2651
2021-12-07,1.2753,1.2769,1.2635,1.2638
2021-12-06,1.2828,1.2843,1.2751,1.2754
2021-12-03,1.2804,1.2856,1.2741,1.2842
2021-12-02,1.2817,1.2839,1.2776,1.2808
2021-12-01,1.2778,1.2831,1.2711,1.2817
2021-11-30,1.2743,1.2838,1.2728,1.2776
2021-11-29,1.2793,1.2795,1.2718,1.2738
2021-11-26,1.2648,1.2801,1.2645,1.2786
2021-11-25,1.2666,1.2679,1.2638,1.2648
2021-11-24,1.2667,1.2712,1.2648,1.2666
2021-11-23,1.2702,1.2746,1.2658,1.2664
2021-11-22,1.2634,1.2706,1.2625,1.2698
2021-11-19,1.2601,1.2664,1.2582,1.2638
2021-11-18,1.2611,1.2648,1.259,1.26
2021-11-17,1.2559,1.2624,1.2538,1.2605
2021-11-16,1.2516,1.2569,1.249,1.256
2021-11-15,1.2551,1.2557,1.2499,1.2511
2021-11-12,1.2579,1.2605,1.2539,1.2542
2021-11-11,1.2492,1.2598,1.2474,1.2577
2021-11-10,1.2438,1.2504,1.2385,1.2489
2021-11-09,1.2443,1.2487,1.2426,1.2436
2021-11-08,1.2462,1.2467,1.2433,1.2441
2021-11-05,1.2457,1.2481,1.2433,1.2454
2021-11-04,1.2391,1.2473,1.2375,1.2455
2021-11-03,1.2405,1.2458,1.2379,1.2389
2021-11-02,1.237,1.2426,1.2365,1.2409
2021-11-01,1.2394,1.2405,1.2351,1.2367
2021-10-29,1.2346,1.2409,1.2328,1.2387
2021-10-28,1.2355,1.2384,1.233,1.2342
2021-10-27,1.2389,1.2433,1.2302,1.2356
2021-10-26,1.238,1.2397,1.235,1.2388
2021-10-25,1.2369,1.2401,1.2338,1.2381
2021-10-22,1.2363,1.2391,1.2321,1.2367
2021-10-21,1.2322,1.2385,1.2288,1.2364
2021-10-20,1.2363,1.237,1.2306,1.2319
2021-10-19,1.2378,1.2384,1.2311,1.2362
2021-10-18,1.2371,1.2411,1.2346,1.2374
2021-10-15,1.237,1.2399,1.2336,1.2366
2021-10-14,1.2443,1.2451,1.2354,1.2367
2021-10-13,1.2465,1.2479,1.243,1.2441
2021-10-12,1.2483,1.25,1.2432,1.2465
2021-10-11,1.2476,1.2493,1.2445,1.2482
2021-10-08,1.2549,1.2563,1.2449,1.2469
2021-10-07,1.2588,1.2601,1.2538,1.2546
2021-10-06,1.2582,1.2649,1.2574,1.2587
2021-10-05,1.2591,1.2631,1.2543,1.2581
2021-10-04,1.2651,1.2656,1.2555,1.2587
2021-10-01,1.2679,1.274,1.2626,1.2647
2021-09-30,1.2756,1.2764,1.2628,1.2678
2021-09-29,1.2687,1.2776,1.2666,1.2754
2021-09-28,1.2628,1.2708,1.2591,1.2685
2021-09-27,1.2655,1.2674,1.2608,1.2627
2021-09-24,1.2653,1.2732,1.2638,1.2652
2021-09-23,1.2772,1.2797,1.263,1.2655
2021-09-22,1.2824,1.2834,1.2696,1.277
2021-09-21,1.2826,1.2849,1.274,1.2815
2021-09-20,1.2765,1.2897,1.2759,1.2825
2021-09-17,1.268,1.2774,1.2636,1.2766
2021-09-16,1.2637,1.27,1.2614,1.2681
2021-09-15,1.2694,1.271,1.2622,1.2633
2021-09-14,1.2651,1.27,1.2598,1.2693
2021-09-13,1.2686,1.2696,1.2635,1.2651
2021-09-10,1.2664,1.2696,1.258,1.2689
2021-09-09,1.269,1.2729,1.262,1.2662
2021-09-08,1.2645,1.2763,1.2624,1.2689
2021-09-07,1.2536,1.2657,1.2517,1.2647
2021-09-06,1.2525,1.256,1.2516,1.2537
2021-09-03,1.2553,1.2563,1.2491,1.2526
2021-09-02,1.262,1.2639,1.2546,1.2551
2021-09-01,1.2622,1.2639,1.2578,1.2616
2021-08-31,1.2606,1.2655,1.2567,1.2614
2021-08-30,1.2622,1.2636,1.2571,1.2601
2021-08-27,1.2688,1.271,1.2603,1.2626
2021-08-26,1.2592,1.2697,1.2584,1.2682
2021-08-25,1.2587,1.2645,1.2584,1.2589
2021-08-24,1.2649,1.2662,1.2576,1.2589
2021-08-23,1.2821,1.2842,1.264,1.2645
2021-08-20,1.2825,1.295,1.2812,1.2821
2021-08-19,1.2656,1.2832,1.2646,1.2826
2021-08-18,1.263,1.2664,1.2595,1.2655
2021-08-17,1.2573,1.2649,1.2565,1.263
2021-08-16,1.2519,1.2586,1.251,1.2572
2021-08-13,1.2527,1.2535,1.2499,1.2513
2021-08-12,1.2506,1.2534,1.2498,1.2525
2021-08-11,1.2524,1.255,1.2486,1.2506
2021-08-10,1.2574,1.2591,1.2516,1.2519
2021-08-09,1.2553,1.2588,1.2529,1.2574
2021-08-06,1.2509,1.2582,1.2491,1.2552
2021-08-05,1.2536,1.2548,1.2472,1.2507
2021-08-04,1.2538,1.2563,1.2513,1.2534
2021-08-03,1.2512,1.2577,1.2487,1.2536
2021-08-02,1.2479,1.2517,1.245,1.2509
2021-07-30,1.2447,1.2492,1.242,1.247
2021-07-29,1.253,1.254,1.243,1.2444
2021-07-28,1.2602,1.2605,1.2513,1.2527
2021-07-27,1.255,1.2605,1.2536,1.26
2021-07-26,1.2563,1.2592,1.2525,1.254
2021-07-23,1.2567,1.2609,1.2553,1.2561
2021-07-22,1.256,1.2596,1.2527,1.2564
2021-07-21,1.2681,1.2732,1.2523,1.2552
2021-07-20,1.275,1.2788,1.2671,1.2677
2021-07-19,1.261,1.2809,1.2605,1.2748
2021-07-16,1.2593,1.2622,1.2559,1.2611
2021-07-15,1.2508,1.2615,1.2499,1.2592
2021-07-14,1.2511,1.2527,1.2429,1.2506
2021-07-13,1.2454,1.254,1.244,1.251
2021-07-12,1.2442,1.2515,1.2442,1.2451
2021-07-09,1.2532,1.2558,1.2441,1.2446
2021-07-08,1.2478,1.2592,1.2473,1.2532
2021-07-07,1.2463,1.2521,1.242,1.2477
2021-07-06,1.2342,1.2496,1.23,1.2462
2021-07-05,1.2321,1.2373,1.2309,1.2338
2021-07-02,1.2439,1.2451,1.2306,1.2319
2021-07-01,1.2399,1.2447,1.2362,1.2436
2021-06-30,1.2402,1.2425,1.2353,1.2394
2021-06-29,1.2337,1.2403,1.2329,1.2401
2021-06-28,1.2295,1.2349,1.2285,1.2335
2021-06-25,1.2326,1.233,1.2269,1.2294
2021-06-24,1.231,1.2342,1.228,1.2322
2021-06-23,1.2308,1.233,1.225,1.2305
2021-06-22,1.2363,1.2403,1.23,1.2305
2021-06-21,1.2465,1.2487,1.2351,1.2359
2021-06-18,1.236,1.2481,1.2336,1.2462
2021-06-17,1.2277,1.2379,1.226,1.2361
2021-06-16,1.2183,1.2285,1.2154,1.2276
2021-06-15,1.2144,1.2205,1.2127,1.218
2021-06-14,1.215,1.2172,1.2126,1.2141
2021-06-11,1.2093,1.2178,1.2078,1.2155
2021-06-10,1.2112,1.2126,1.2068,1.2094
2021-06-09,1.2111,1.2119,1.2056,1.2109
2021-06-08,1.2081,1.2119,1.2068,1.211
2021-06-07,1.2075,1.2108,1.2054,1.2079
2021-06-04,1.2107,1.2135,1.2068,1.2079
2021-06-03,1.2034,1.2121,1.2028,1.2102
2021-06-02,1.2071,1.2093,1.2027,1.2032
2021-06-01,1.2064,1.2079,1.2004,1.207
2021-05-31,1.207,1.2093,1.2044,1.2062
2021-05-28,1.2063,1.2121,1.2061,1.2068
2021-05-27,1.212,1.2142,1.2054,1.2064
2021-05-26,1.207,1.2129,1.2041,1.2117
2021-05-25,1.2045,1.2079,1.2027,1.2062
2021-05-24,1.2061,1.2087,1.2038,1.2039
2021-05-21,1.2061,1.2096,1.2025,1.2066
2021-05-20,1.2127,1.2146,1.2047,1.2058
2021-05-19,1.2066,1.2144,1.2052,1.2131
2021-05-18,1.2068,1.2082,1.2011,1.2064
2021-05-17,1.2098,1.2138,1.2058,1.2066
2021-05-14,1.2159,1.218,1.2078,1.2102
2021-05-13,1.2133,1.2204,1.2102,1.216
2021-05-12,1.2102,1.2138,1.2044,1.2131
2021-05-11,1.2097,1.2127,1.2077,1.2099
2021-05-10,1.2157,1.2157,1.2076,1.2097
2021-05-07,1.2148,1.2194,1.2123,1.213
2021-05-06,1.2268,1.229,1.2143,1.2148
2021-05-05,1.2307,1.2316,1.225,1.2264
2021-05-04,1.2277,1.2352,1.2272,1.2309
2021-05-03,1.2289,1.2319,1.2264,1.2276
2021-04-30,1.2282,1.2323,1.2264,1.2289
2021-04-29,1.2316,1.2326,1.2273,1.2279
2021-04-28,1.2399,1.2419,1.2308,1.2312
2021-04-27,1.2398,1.242,1.2386,1.2393
2021-04-26,1.2482,1.2492,1.2381,1.2395
2021-04-23,1.2508,1.2511,1.2459,1.2475
2021-04-22,1.2497,1.2536,1.247,1.2504
2021-04-21,1.2609,1.2654,1.2457,1.2496
2021-04-20,1.2533,1.2624,1.2476,1.2607
2021-04-19,1.2494,1.2546,1.2469,1.2532
2021-04-16,1.2542,1.2561,1.2492,1.2504
2021-04-15,1.2521,1.256,1.2474,1.2541
2021-04-14,1.2536,1.2577,1.2498,1.252
2021-04-13,1.2562,1.263,1.2525,1.2531
2021-04-12,1.2534,1.2575,1.2525,1.2561
2021-04-09,1.2563,1.2613,1.2523,1.2527
2021-04-08,1.2607,1.2628,1.2556,1.2562
2021-04-07,1.2566,1.2636,1.2562,1.2607
2021-04-06,1.2524,1.2584,1.2514,1.2563
2021-04-05,1.2576,1.2596,1.2499,1.2521
2021-04-02,1.2547,1.2582,1.2525,1.2573
2021-04-01,1.2562,1.2603,1.2541,1.2545
2021-03-31,1.2633,1.2637,1.2537,1.2558
2021-03-30,1.2591,1.2647,1.2578,1.2634
2021-03-29,1.2574,1.2628,1.2569,1.2588
2021-03-26,1.2611,1.2614,1.2558,1.2576
2021-03-25,1.2577,1.2631,1.2544,1.261
2021-03-24,1.2585,1.261,1.254,1.2575
2021-03-23,1.2519,1.2596,1.2514,1.2585
2021-03-22,1.2502,1.2542,1.2471,1.252
2021-03-19,1.2488,1.2548,1.2459,1.2497
2021-03-18,1.2405,1.2528,1.2363,1.2484
2021-03-17,1.2448,1.2495,1.2399,1.24
2021-03-16,1.2471,1.2502,1.2433,1.2443
2021-03-15,1.2471,1.2514,1.2441,1.2468
2021-03-12,1.2532,1.2575,1.2459,1.2471
2021-03-11,1.2617,1.2626,1.2518,1.2526
2021-03-10,1.2637,1.2685,1.2607,1.2617
2021-03-09,1.2663,1.2687,1.2588,1.2634
2021-03-08,1.2662,1.2701,1.262,1.266
2021-03-05,1.2665,1.2739,1.2643,1.2655
2021-03-04,1.2656,1.2695,1.2573,1.2665
2021-03-03,1.2633,1.2659,1.259,1.2653
2021-03-02,1.2647,1.27,1.2598,1.2631
2021-03-01,1.2723,1.274,1.2638,1.2645
2021-02-26,1.2603,1.2751,1.2585,1.2739
2021-02-25,1.2512,1.2616,1.2466,1.2599
2021-02-24,1.2586,1.2599,1.2503,1.2511
2021-02-23,1.2611,1.2648,1.2577,1.2587
2021-02-22,1.2623,1.2655,1.2578,1.261
2021-02-19,1.2679,1.2715,1.2592,1.261
2021-02-18,1.2704,1.2732,1.2663,1.2677
2021-02-17,1.2689,1.2746,1.2683,1.2699
2021-02-16,1.2645,1.2704,1.2608,1.2686
2021-02-15,1.2694,1.2694,1.2628,1.2638
2021-02-12,1.2702,1.2764,1.2674,1.2694
2021-02-11,1.2699,1.2713,1.2658,1.2702
2021-02-10,1.269,1.2714,1.2665,1.2699
2021-02-09,1.2739,1.2767,1.269,1.2693
2021-02-08,1.2767,1.2784,1.2733,1.2738
2021-02-05,1.2828,1.2834,1.2749,1.2751
2021-02-04,1.2785,1.2846,1.2775,1.2825
2021-02-03,1.2781,1.2813,1.2761,1.2781
2021-02-02,1.2851,1.2871,1.2778,1.278
2021-02-01,1.2777,1.2866,1.2759,1.2849
2021-01-29,1.283,1.2876,1.2736,1.2777
2021-01-28,1.2798,1.2883,1.2785,1.2828
2021-01-27,1.2694,1.2824,1.2683,1.2798
2021-01-26,1.2738,1.2784,1.2688,1.2689
2021-01-25,1.2719,1.278,1.2685,1.2738
2021-01-22,1.2637,1.2742,1.2631,1.2735
2021-01-21,1.2637,1.2649,1.2588,1.2633
2021-01-20,1.2737,1.2748,1.2604,1.2629
2021-01-19,1.2759,1.2765,1.2712,1.2731
2021-01-18,1.2734,1.2801,1.2724,1.2754
2021-01-15,1.2634,1.2765,1.2634,1.2732
2021-01-14,1.2699,1.2712,1.2623,1.2635
2021-01-13,1.2708,1.2748,1.2678,1.2694
2021-01-12,1.2782,1.2793,1.2706,1.2708
2021-01-11,1.2691,1.2837,1.269,1.2783
2021-01-08,1.2691,1.2744,1.2656,1.2683
2021-01-07,1.2677,1.2735,1.2661,1.2687
2021-01-06,1.2666,1.2724,1.2628,1.2674
2021-01-05,1.2777,1.2793,1.2654,1.267
2021-01-04,1.2725,1.2799,1.2663,1.2777
2021-01-01,1.2734,1.2739,1.2723,1.2727
2020-12-31,1.2761,1.2769,1.2712,1.273
2020-12-30,1.2818,1.2828,1.2747,1.2758
2020-12-29,1.285,1.2861,1.2777,1.2817
2020-12-28,1.2868,1.2878,1.2812,1.2845
2020-12-25,1.2876,1.2876,1.2852,1.2869
2020-12-24,1.2845,1.2881,1.2811,1.2873
2020-12-23,1.2908,1.2916,1.2831,1.2845
2020-12-22,1.2854,1.2935,1.2841,1.2907
2020-12-21,1.2782,1.2958,1.2782,1.2854
2020-12-18,1.2721,1.28,1.2714,1.2783
2020-12-17,1.2748,1.2752,1.2686,1.2719
2020-12-16,1.2703,1.279,1.2694,1.2742
2020-12-15,1.2766,1.2773,1.2686,1.2697
2020-12-14,1.2773,1.2791,1.2718,1.276
2020-12-11,1.2743,1.2793,1.2717,1.2772
2020-12-10,1.2817,1.2831,1.2704,1.2737
2020-12-09,1.2818,1.2835,1.2767,1.2814
2020-12-08,1.2799,1.2827,1.2765,1.2814
2020-12-07,1.278,1.2834,1.2774,1.2796
2020-12-04,1.2864,1.2875,1.277,1.278
2020-12-03,1.2918,1.2942,1.285,1.286
2020-12-02,1.2933,1.296,1.2908,1.2918
2020-12-01,1.3002,1.3008,1.2926,1.2932
2020-11-30,1.299,1.3011,1.2921,1.3
2020-11-27,1.3015,1.3026,1.297,1.299
2020-11-26,1.3006,1.3024,1.2988,1.3013
2020-11-25,1.2999,1.303,1.2984,1.3
2020-11-24,1.3079,1.3092,1.2992,1.2994
2020-11-23,1.3091,1.3114,1.3045,1.3077
2020-11-20,1.3072,1.3099,1.3037,1.3096
2020-11-19,1.3079,1.3125,1.305,1.3071
2020-11-18,1.3104,1.3119,1.3032,1.3081
2020-11-17,1.3076,1.3118,1.3061,1.3102
2020-11-16,1.3138,1.3143,1.3063,1.3072
2020-11-13,1.3142,1.3173,1.3114,1.3131
2020-11-12,1.306,1.315,1.3054,1.3139
2020-11-11,1.3032,1.3079,1.3006,1.3062
2020-11-10,1.3009,1.3052,1.2983,1.3029
2020-11-09,1.3062,1.307,1.2926,1.3007
2020-11-06,1.3049,1.3098,1.3017,1.3055
2020-11-05,1.314,1.3179,1.3026,1.3047
2020-11-04,1.313,1.3301,1.3093,1.3139
2020-11-03,1.3214,1.3236,1.3101,1.313
2020-11-02,1.3316,1.3371,1.3213,1.3215
2020-10-30,1.3323,1.335,1.3278,1.3317
2020-10-29,1.3324,1.3391,1.3275,1.3323
2020-10-28,1.3186,1.3335,1.3177,1.3319
2020-10-27,1.3209,1.3213,1.314,1.3184
2020-10-26,1.3137,1.3226,1.313,1.3207
2020-10-23,1.3133,1.3162,1.3107,1.3121
2020-10-22,1.3143,1.3179,1.3121,1.3133
2020-10-21,1.313,1.3153,1.3079,1.3145
2020-10-20,1.3192,1.3205,1.3102,1.3124
2020-10-19,1.3193,1.3196,1.3148,1.3192
2020-10-16,1.3219,1.3239,1.3175,1.3187
2020-10-15,1.3144,1.3261,1.3141,1.3219
2020-10-14,1.3139,1.3164,1.3114,1.3145
2020-10-13,1.3116,1.3148,1.3097,1.3137
2020-10-12,1.313,1.3144,1.3099,1.3111
2020-10-09,1.3197,1.3204,1.3107,1.3118
2020-10-08,1.3255,1.3271,1.3193,1.3194
2020-10-07,1.3312,1.3342,1.3252,1.3253
2020-10-06,1.3267,1.3318,1.324,1.3307
2020-10-05,1.3302,1.3304,1.3253,1.3265
2020-10-02,1.3289,1.3332,1.3275,1.3307
2020-10-01,1.3321,1.3329,1.3266,1.3287
2020-09-30,1.3386,1.3422,1.3299,1.3319
2020-09-29,1.337,1.342,1.335,1.3387
2020-09-28,1.3386,1.3405,1.3351,1.3372
2020-09-25,1.3361,1.342,1.3336,1.3384
2020-09-24,1.3386,1.3419,1.3323,1.3362
2020-09-23,1.3302,1.3387,1.3292,1.3385
2020-09-22,1.3308,1.3346,1.3281,1.3301
2020-09-21,1.3192,1.3322,1.3171,1.3306
2020-09-18,1.3168,1.321,1.3135,1.3204
2020-09-17,1.3179,1.3249,1.3147,1.3164
2020-09-16,1.3186,1.3202,1.3125,1.3176
2020-09-15,1.3174,1.3203,1.3132,1.3181
2020-09-14,1.3187,1.3198,1.3152,1.3174
2020-09-11,1.3192,1.3209,1.3149,1.3174
2020-09-10,1.3147,1.3203,1.3116,1.319
2020-09-09,1.3234,1.3261,1.3143,1.3141
2020-09-08,1.3099,1.324,1.3084,1.3232
2020-09-07,1.3054,1.3118,1.305,1.3096
2020-09-04,1.3126,1.3142,1.3042,1.3061
2020-09-03,1.3043,1.3163,1.3038,1.3126
2020-09-02,1.3064,1.3097,1.3035,1.3042
2020-09-01,1.3042,1.3088,1.2992,1.3062
2020-08-31,1.3102,1.3105,1.3018,1.3045
2020-08-28,1.3128,1.3133,1.3045,1.3097
2020-08-27,1.3143,1.3168,1.3099,1.3123
2020-08-26,1.3174,1.3207,1.313,1.3139
2020-08-25,1.3218,1.3241,1.3165,1.3168
2020-08-24,1.3185,1.3239,1.3132,1.3216
2020-08-21,1.3186,1.3236,1.3157,1.3175
2020-08-20,1.3215,1.3246,1.3166,1.3182
2020-08-19,1.3166,1.3228,1.3133,1.3213
2020-08-18,1.3216,1.3232,1.3149,1.3167
2020-08-17,1.3257,1.3264,1.319,1.3214
2020-08-14,1.3217,1.3272,1.3204,1.3266
2020-08-13,1.3244,1.3259,1.319,1.322
2020-08-12,1.3302,1.3348,1.3227,1.3244
2020-08-11,1.335,1.3363,1.3268,1.33
2020-08-10,1.3378,1.3396,1.3331,1.335
2020-08-07,1.3305,1.34,1.3282,1.3383
2020-08-06,1.3269,1.3324,1.3241,1.3304
2020-08-05,1.332,1.3333,1.3231,1.3264
2020-08-04,1.3391,1.3422,1.3315,1.3317
2020-08-03,1.3401,1.3452,1.3378,1.3389
2020-07-31,1.3421,1.3442,1.3369,1.3413
2020-07-30,1.3343,1.3461,1.3332,1.3422
2020-07-29,1.3374,1.3388,1.3331,1.334
2020-07-28,1.3356,1.3408,1.3329,1.3376
2020-07-27,1.3429,1.3432,1.3351,1.3354
2020-07-24,1.3411,1.3446,1.3375,1.3413
2020-07-23,1.3414,1.3428,1.3349,1.3408
2020-07-22,1.3457,1.3485,1.3398,1.3415
2020-07-21,1.3536,1.3539,1.3422,1.3457
2020-07-20,1.3578,1.3602,1.3523,1.3533
2020-07-17,1.3573,1.359,1.3562,1.3576
2020-07-16,1.3513,1.3582,1.35,1.357
2020-07-15,1.3615,1.3619,1.3503,1.3508
2020-07-14,1.3609,1.3647,1.3595,1.3612
2020-07-13,1.3594,1.3613,1.3534,1.3608
2020-07-10,1.3587,1.3632,1.3573,1.3591
2020-07-09,1.3512,1.3596,1.3489,1.3584
2020-07-08,1.3604,1.3625,1.3491,1.351
2020-07-07,1.3537,1.3611,1.3523,1.3602
2020-07-06,1.355,1.3567,1.3518,1.3536
2020-07-03,1.3568,1.3583,1.3543,1.3545
2020-07-02,1.3584,1.3625,1.3558,1.3563
2020-07-01,1.3576,1.3603,1.3543,1.3585
2020-06-30,1.3659,1.3701,1.3568,1.3573
2020-06-29,1.3674,1.3706,1.3644,1.3657
2020-06-26,1.3635,1.3716,1.3625,1.3688
2020-06-25,1.364,1.3672,1.3605,1.3636
2020-06-24,1.3547,1.3642,1.3525,1.3637
2020-06-23,1.3522,1.3571,1.3484,1.3545
2020-06-22,1.36,1.3631,1.3516,1.352
2020-06-19,1.3598,1.3619,1.3545,1.3603
2020-06-18,1.3567,1.3617,1.3519,1.3599
2020-06-17,1.3538,1.3595,1.351,1.3563
2020-06-16,1.3567,1.3624,1.3502,1.3542
2020-06-15,1.3593,1.3687,1.3543,1.357
2020-06-12,1.3628,1.3668,1.3525,1.3583
2020-06-11,1.3413,1.3634,1.3396,1.3624
2020-06-10,1.3417,1.3439,1.3313,1.3411
2020-06-09,1.3386,1.3489,1.3357,1.3414
2020-06-08,1.3426,1.3438,1.3354,1.3382
2020-06-05,1.3501,1.3514,1.3389,1.3424
2020-06-04,1.3495,1.3543,1.3466,1.3498
2020-06-03,1.3517,1.3573,1.3478,1.3493
2020-06-02,1.3569,1.3586,1.3481,1.3516
2020-06-01,1.3782,1.3802,1.3556,1.3571
2020-05-29,1.3761,1.3834,1.3712,1.3769
2020-05-28,1.3749,1.3792,1.3732,1.3761
2020-05-27,1.3776,1.3823,1.3725,1.375
2020-05-26,1.3985,1.399,1.3755,1.3777
2020-05-25,1.3998,1.4009,1.3966,1.3984
2020-05-22,1.3953,1.405,1.3939,1.3994
2020-05-21,1.3902,1.3971,1.3889,1.3952
2020-05-20,1.3941,1.3962,1.3866,1.39
2020-05-19,1.3937,1.3971,1.3864,1.3941
2020-05-18,1.4101,1.4118,1.3934,1.3934
2020-05-15,1.4051,1.4118,1.4016,1.4108
2020-05-14,1.4102,1.4141,1.4029,1.4048
2020-05-13,1.4077,1.4116,1.4004,1.4099
2020-05-12,1.4005,1.408,1.397,1.4077
2020-05-11,1.3937,1.4044,1.3899,1.4006
2020-05-08,1.3973,1.4001,1.3906,1.3925
2020-05-07,1.4146,1.4175,1.3951,1.397
2020-05-06,1.4047,1.4158,1.4021,1.4143
2020-05-05,1.4084,1.4095,1.4005,1.4045
2020-05-04,1.4073,1.4152,1.4049,1.4083
2020-05-01,1.3947,1.4111,1.3929,1.4084
2020-04-30,1.3881,1.396,1.3848,1.3941
2020-04-29,1.3998,1.4005,1.3874,1.3877
2020-04-28,1.4034,1.4074,1.3933,1.3993
2020-04-27,1.4108,1.4118,1.4026,1.4029
2020-04-24,1.4073,1.412,1.4021,1.4102
2020-04-23,1.4162,1.42,1.3998,1.4071
2020-04-22,1.4209,1.4239,1.4113,1.4159
2020-04-21,1.4149,1.4266,1.4111,1.4207
2020-04-20,1.4008,1.4152,1.4008,1.4145
2020-04-17,1.4083,1.4119,1.3998,1.3998
2020-04-16,1.4114,1.4184,1.406,1.4079
2020-04-15,1.3883,1.4133,1.3874,1.4111
2020-04-14,1.3902,1.3926,1.3861,1.3881
2020-04-13,1.3941,1.4003,1.3854,1.3902
2020-04-10,1.3978,1.401,1.3945,1.3952
2020-04-09,1.4015,1.4078,1.3929,1.3973
2020-04-08,1.3994,1.4083,1.3986,1.4012
2020-04-07,1.411,1.4144,1.3943,1.3993
2020-04-06,1.4194,1.4263,1.4083,1.4109
2020-04-03,1.4135,1.4227,1.4093,1.4201
2020-04-02,1.419,1.43,1.4078,1.4131
2020-04-01,1.406,1.4273,1.406,1.4188
2020-03-31,1.4167,1.435,1.401,1.4059
2020-03-30,1.3992,1.4185,1.3991,1.4169
2020-03-27,1.4019,1.4156,1.392,1.3977
2020-03-26,1.4193,1.4277,1.4008,1.4016
2020-03-25,1.4465,1.4485,1.4177,1.419
2020-03-24,1.4498,1.4534,1.4373,1.4459
2020-03-23,1.4349,1.4562,1.4335,1.4496
2020-03-20,1.451,1.4538,1.4149,1.4362
2020-03-19,1.4505,1.4669,1.4419,1.451
2020-03-18,1.4201,1.4653,1.4164,1.4503
2020-03-17,1.4015,1.4276,1.3961,1.4199
2020-03-16,1.3836,1.4019,1.3732,1.4016
2020-03-13,1.3926,1.3996,1.378,1.3803
2020-03-12,1.3777,1.3966,1.3704,1.3926
2020-03-11,1.3724,1.3796,1.3679,1.3776
2020-03-10,1.3701,1.3798,1.3606,1.3722
2020-03-09,1.3462,1.3761,1.3461,1.3701
2020-03-06,1.3407,1.344,1.3377,1.3423
2020-03-05,1.3386,1.344,1.3381,1.3405
2020-03-04,1.3384,1.3432,1.3328,1.3384
2020-03-03,1.3326,1.3392,1.3317,1.3385
2020-03-02,1.3413,1.3446,1.3314,1.3322
2020-02-28,1.3389,1.3466,1.3376,1.3396
2020-02-27,1.3333,1.3396,1.3314,1.3388
2020-02-26,1.328,1.3337,1.3269,1.333
2020-02-25,1.3294,1.3308,1.3265,1.3277
2020-02-24,1.3249,1.3308,1.3234,1.3292
2020-02-21,1.326,1.327,1.32,1.3222
2020-02-20,1.3221,1.327,1.3209,1.3259
2020-02-19,1.3262,1.3264,1.3213,1.3218
2020-02-18,1.3233,1.328,1.323,1.3256
2020-02-17,1.3251,1.3257,1.3224,1.3234
2020-02-14,1.3268,1.327,1.3233,1.3252
2020-02-13,1.3249,1.3272,1.3238,1.3267
2020-02-12,1.3286,1.3297,1.3233,1.3249
2020-02-11,1.3317,1.3322,1.3274,1.3286
2020-02-10,1.3304,1.3331,1.3287,1.3315
2020-02-07,1.3284,1.3321,1.3278,1.3311
2020-02-06,1.3281,1.331,1.3267,1.3284
2020-02-05,1.3275,1.3305,1.326,1.3278
2020-02-04,1.3286,1.3303,1.3261,1.3272
2020-02-03,1.3238,1.3305,1.3228,1.3284
2020-01-31,1.3207,1.3254,1.3193,1.3235
2020-01-30,1.32,1.3228,1.3188,1.3208
2020-01-29,1.3156,1.3211,1.3153,1.3196
2020-01-28,1.3194,1.3207,1.3152,1.3155
2020-01-27,1.3144,1.3201,1.3144,1.3192
2020-01-24,1.3128,1.3154,1.3118,1.3142
2020-01-23,1.3133,1.3173,1.3122,1.3122
2020-01-22,1.3067,1.3154,1.3034,1.3134
2020-01-21,1.3046,1.3081,1.3042,1.3067
2020-01-20,1.3063,1.3074,1.3042,1.3046
2020-01-17,1.3042,1.3077,1.3032,1.3063
2020-01-16,1.3039,1.3058,1.303,1.304
2020-01-15,1.3062,1.308,1.3033,1.3041
2020-01-14,1.3056,1.3081,1.3045,1.306
2020-01-13,1.3051,1.3068,1.3032,1.3056
2020-01-10,1.3056,1.3077,1.3027,1.305
2020-01-09,1.3039,1.3106,1.3024,1.3054
2020-01-08,1.3004,1.3045,1.2974,1.3037
2020-01-07,1.2962,1.3031,1.2954,1.3003
2020-01-06,1.2984,1.2992,1.2958,1.2963
2020-01-03,1.298,1.3009,1.2959,1.2999
2020-01-02,1.2986,1.3009,1.2967,1.2978
2020-01-01,1.2986,1.3001,1.2979,1.2986
2019-12-31,1.307,1.3071,1.2949,1.2986
2019-12-30,1.3076,1.3085,1.3047,1.3064
2019-12-27,1.3125,1.3125,1.3062,1.3076
2019-12-26,1.3164,1.3165,1.3101,1.3121
2019-12-25,1.3165,1.3171,1.315,1.316
2019-12-24,1.3145,1.317,1.314,1.3165
2019-12-23,1.3148,1.3178,1.3139,1.3143
2019-12-20,1.3127,1.3183,1.3119,1.3146
2019-12-19,1.3112,1.314,1.3106,1.3125
2019-12-18,1.316,1.3177,1.31,1.3113
2019-12-17,1.3154,1.3186,1.3143,1.3158
2019-12-16,1.3171,1.3187,1.3113,1.315
2019-12-13,1.3186,1.3206,1.3149,1.3165
2019-12-12,1.3175,1.3195,1.316,1.3182
2019-12-11,1.3231,1.3241,1.316,1.3171
2019-12-10,1.3237,1.3251,1.3222,1.3225
2019-12-09,1.3256,1.3266,1.322,1.3237
2019-12-06,1.3171,1.327,1.3169,1.3255
2019-12-05,1.3201,1.3205,1.3156,1.3173
2019-12-04,1.3296,1.3299,1.319,1.3199
2019-12-03,1.3306,1.3323,1.3281,1.3294
2019-12-02,1.3279,1.3311,1.3272,1.3308
2019-11-29,1.3282,1.3316,1.327,1.3275
2019-11-28,1.3281,1.3301,1.3274,1.3277
2019-11-27,1.3272,1.3291,1.3258,1.3281
2019-11-26,1.3299,1.3318,1.3266,1.327
2019-11-25,1.3302,1.332,1.3284,1.3297
2019-11-22,1.3286,1.3303,1.3252,1.3301
2019-11-21,1.3302,1.3327,1.3267,1.3285
2019-11-20,1.3268,1.3329,1.326,1.3303
2019-11-19,1.3205,1.3274,1.3188,1.3266
2019-11-18,1.3224,1.3237,1.3197,1.3206
2019-11-15,1.3247,1.3253,1.3215,1.3221
2019-11-14,1.3251,1.3272,1.3242,1.3245
2019-11-13,1.3232,1.327,1.3224,1.3249
2019-11-12,1.3233,1.3259,1.3214,1.3231
2019-11-11,1.3222,1.3236,1.3209,1.3231
2019-11-08,1.3174,1.3238,1.3164,1.3228
2019-11-07,1.3181,1.3201,1.3156,1.3169
2019-11-06,1.3156,1.3195,1.3139,1.318
2019-11-05,1.3151,1.318,1.311,1.3154
2019-11-04,1.3133,1.3162,1.3127,1.3149
2019-11-01,1.3164,1.3197,1.3136,1.3134
2019-10-31,1.3158,1.318,1.3133,1.3159
2019-10-30,1.3087,1.3209,1.307,1.3156
2019-10-29,1.3055,1.3101,1.3039,1.3085
2019-10-28,1.3062,1.308,1.3045,1.305
2019-10-25,1.3071,1.3078,1.3053,1.3058
2019-10-24,1.307,1.3095,1.3051,1.3071
2019-10-23,1.3096,1.311,1.3064,1.3067
2019-10-22,1.3088,1.3124,1.3068,1.3091
2019-10-21,1.3126,1.3144,1.3077,1.3084
2019-10-18,1.3137,1.3147,1.3117,1.3124
2019-10-17,1.3202,1.3213,1.3129,1.3135
2019-10-16,1.32,1.323,1.3182,1.3201
2019-10-15,1.3233,1.3241,1.3193,1.3197
2019-10-14,1.3198,1.3241,1.319,1.3231
2019-10-11,1.3293,1.3301,1.3168,1.3196
2019-10-10,1.3333,1.3346,1.3267,1.329
2019-10-09,1.3326,1.334,1.3293,1.333
2019-10-08,1.3308,1.3338,1.3286,1.3324
2019-10-07,1.3314,1.3332,1.3288,1.3307
2019-10-04,1.3335,1.334,1.3297,1.3313
2019-10-03,1.3325,1.3348,1.3308,1.3335
2019-10-02,1.322,1.3329,1.3203,1.3321
2019-10-01,1.3241,1.3291,1.3207,1.3218
2019-09-30,1.3246,1.3261,1.3223,1.3239
2019-09-27,1.3266,1.3279,1.3211,1.3244
2019-09-26,1.3267,1.3278,1.323,1.3268
2019-09-25,1.3239,1.3289,1.3233,1.3266
2019-09-24,1.3263,1.3276,1.323,1.324
2019-09-23,1.3257,1.3306,1.3252,1.3261
2019-09-20,1.3262,1.3302,1.3252,1.3259
2019-09-19,1.3289,1.3308,1.324,1.326
2019-09-18,1.3243,1.3311,1.3238,1.3284
2019-09-17,1.3237,1.33,1.3231,1.3241
2019-09-16,1.3226,1.3272,1.3205,1.3235
2019-09-13,1.3211,1.3289,1.3204,1.3283
2019-09-12,1.3193,1.3222,1.3174,1.3209
2019-09-11,1.3152,1.3215,1.3138,1.3191
2019-09-10,1.3168,1.3192,1.3131,1.3149
2019-09-09,1.3173,1.3184,1.3137,1.3166
2019-09-06,1.3228,1.3237,1.3156,1.317
2019-09-05,1.3223,1.3247,1.319,1.3227
2019-09-04,1.3336,1.3346,1.3216,1.3222
2019-09-03,1.3327,1.3384,1.3321,1.3332
2019-09-02,1.3314,1.3363,1.3311,1.3325
2019-08-30,1.3286,1.3335,1.3245,1.331
2019-08-29,1.3307,1.3321,1.327,1.3284
2019-08-28,1.3281,1.3319,1.3279,1.3305
2019-08-27,1.3254,1.3302,1.3223,1.328
2019-08-26,1.3294,1.332,1.3244,1.3253
2019-08-23,1.3302,1.334,1.3275,1.3278
2019-08-22,1.3291,1.3317,1.3273,1.3302
2019-08-21,1.3315,1.3329,1.3253,1.3289
2019-08-20,1.3325,1.3346,1.3306,1.3314
2019-08-19,1.3272,1.3339,1.325,1.3323
2019-08-16,1.3311,1.3326,1.3259,1.327
2019-08-15,1.332,1.334,1.3284,1.3308
2019-08-14,1.3222,1.3327,1.3208,1.3317
2019-08-13,1.3239,1.3294,1.3184,1.3221
2019-08-12,1.3226,1.3251,1.3202,1.3238
2019-08-09,1.3225,1.3276,1.3194,1.3226
2019-08-08,1.3301,1.3315,1.3219,1.3224
2019-08-07,1.3281,1.3346,1.3267,1.33
2019-08-06,1.3215,1.3293,1.3185,1.3278
2019-08-05,1.3209,1.3249,1.3175,1.3213
2019-08-02,1.3211,1.3266,1.3198,1.3204
2019-08-01,1.3192,1.3249,1.318,1.3211
2019-07-31,1.3152,1.3215,1.3103,1.3189
2019-07-30,1.3163,1.3192,1.3141,1.3146
2019-07-29,1.3167,1.3184,1.3147,1.3161
2019-07-26,1.3166,1.32,1.3155,1.3166
2019-07-25,1.3143,1.3169,1.3113,1.3161
2019-07-24,1.3133,1.3152,1.3117,1.3139
2019-07-23,1.312,1.3165,1.3114,1.3132
2019-07-22,1.3066,1.3122,1.304,1.3118
2019-07-19,1.3028,1.311,1.3014,1.306
2019-07-18,1.3052,1.3097,1.3023,1.3025
2019-07-17,1.3088,1.3095,1.3033,1.3047
2019-07-16,1.3049,1.3093,1.3021,1.3086
2019-07-15,1.3035,1.3054,1.3019,1.3047
2019-07-12,1.3072,1.3081,1.3016,1.3029
2019-07-11,1.3083,1.3093,1.304,1.3072
2019-07-10,1.3127,1.3145,1.306,1.308
2019-07-09,1.3097,1.3143,1.3086,1.3125
2019-07-08,1.3071,1.3104,1.3047,1.3092
2019-07-05,1.3053,1.3138,1.3043,1.3075
2019-07-04,1.3059,1.3081,1.3035,1.305
2019-07-03,1.3108,1.3121,1.3055,1.3053
2019-07-02,1.3135,1.314,1.3094,1.3104
2019-07-01,1.3093,1.3146,1.3063,1.3134
2019-06-28,1.3095,1.3105,1.3057,1.309
2019-06-27,1.3127,1.314,1.3089,1.3095
2019-06-26,1.3167,1.3195,1.3105,1.3125
2019-06-25,1.318,1.3209,1.315,1.3167
2019-06-24,1.3221,1.3223,1.3176,1.3177
2019-06-21,1.3189,1.323,1.316,1.3221
2019-06-20,1.3281,1.3288,1.3149,1.3189
2019-06-19,1.3377,1.3385,1.3277,1.3278
2019-06-18,1.3413,1.3434,1.3373,1.3376
2019-06-17,1.3405,1.3421,1.3391,1.3411
2019-06-14,1.3326,1.3424,1.3321,1.3411
2019-06-13,1.3343,1.3345,1.3298,1.3324
2019-06-12,1.3284,1.3346,1.3271,1.3341
2019-06-11,1.3269,1.331,1.3248,1.3279
2019-06-10,1.3249,1.3282,1.3224,1.3265
2019-06-07,1.3359,1.3369,1.326,1.3265
2019-06-06,1.3413,1.3432,1.3357,1.3361
2019-06-05,1.3394,1.343,1.3361,1.3412
2019-06-04,1.3439,1.3455,1.3379,1.339
2019-06-03,1.3522,1.3529,1.3433,1.3433
2019-05-31,1.3501,1.3566,1.3491,1.3512
2019-05-30,1.352,1.3522,1.3483,1.3498
2019-05-29,1.3494,1.3548,1.3479,1.3519
2019-05-28,1.3443,1.35,1.3431,1.349
2019-05-27,1.3433,1.3454,1.3428,1.3441
2019-05-24,1.3474,1.3484,1.3428,1.3436
2019-05-23,1.3436,1.3504,1.3429,1.3472
2019-05-22,1.3409,1.344,1.3355,1.3429
2019-05-21,1.3428,1.3437,1.3394,1.3405
2019-05-20,1.3462,1.3466,1.3414,1.3426
2019-05-17,1.3458,1.3515,1.3432,1.3455
2019-05-16,1.3437,1.3471,1.3398,1.3457
2019-05-15,1.3462,1.3495,1.3425,1.3437
2019-05-14,1.3477,1.3489,1.3453,1.3459
2019-05-13,1.3421,1.3486,1.3415,1.3475
2019-05-10,1.3478,1.3486,1.3378,1.3412
2019-05-09,1.3481,1.3506,1.3457,1.3477
2019-05-08,1.3474,1.3488,1.3442,1.3477
2019-05-07,1.3448,1.349,1.3408,1.3472
2019-05-06,1.3434,1.3495,1.3428,1.3446
2019-05-03,1.3476,1.3491,1.3404,1.342
2019-05-02,1.3443,1.3478,1.3428,1.3472
2019-05-01,1.3388,1.3463,1.3375,1.3441
2019-04-30,1.3458,1.3482,1.3379,1.3386
2019-04-29,1.3457,1.3481,1.3438,1.3456
2019-04-26,1.3486,1.3499,1.3449,1.3453
2019-04-25,1.3495,1.3518,1.348,1.3485
2019-04-24,1.3424,1.3523,1.3416,1.3489
2019-04-23,1.3347,1.3445,1.3341,1.3422
2019-04-22,1.3388,1.3397,1.3333,1.3342
2019-04-19,1.3374,1.3397,1.3364,1.339
2019-04-18,1.3341,1.3401,1.3334,1.3374
2019-04-17,1.3347,1.3373,1.3272,1.3338
2019-04-16,1.3367,1.3404,1.3344,1.3349
2019-04-15,1.3339,1.3391,1.3295,1.3362
2019-04-12,1.3386,1.3392,1.331,1.332
2019-04-11,1.3318,1.34,1.3311,1.3384
2019-04-10,1.333,1.3365,1.3304,1.332
2019-04-09,1.3312,1.3336,1.3279,1.3328
2019-04-08,1.3391,1.3394,1.3303,1.3313
2019-04-05,1.3356,1.3404,1.3346,1.3382
2019-04-04,1.335,1.3374,1.3335,1.3358
2019-04-03,1.3337,1.3356,1.3294,1.3343
2019-04-02,1.3305,1.3377,1.3303,1.3337
2019-04-01,1.3354,1.3373,1.3297,1.3306
2019-03-29,1.3436,1.3447,1.3339,1.3344
2019-03-28,1.3409,1.3453,1.3394,1.3437
2019-03-27,1.338,1.3442,1.3374,1.3409
2019-03-26,1.3404,1.3423,1.337,1.3381
2019-03-25,1.3432,1.3447,1.3397,1.3401
2019-03-22,1.3363,1.3434,1.335,1.3426
2019-03-21,1.3305,1.3404,1.3272,1.3358
2019-03-20,1.3317,1.3352,1.3255,1.3304
2019-03-19,1.3333,1.3348,1.3248,1.3319
2019-03-18,1.335,1.3371,1.3301,1.3334
2019-03-15,1.3335,1.3375,1.3287,1.3334
2019-03-14,1.33,1.3352,1.3285,1.3333
2019-03-13,1.3352,1.3373,1.3288,1.3304
2019-03-12,1.3391,1.342,1.335,1.3352
2019-03-11,1.3418,1.3443,1.339,1.3389
2019-03-08,1.3452,1.347,1.3389,1.3413
2019-03-07,1.3442,1.3472,1.3411,1.3453
2019-03-06,1.3347,1.3459,1.3347,1.344
2019-03-05,1.3303,1.3365,1.3299,1.3345
2019-03-04,1.3293,1.3342,1.3274,1.3302
2019-03-01,1.3172,1.3312,1.3128,1.3295
2019-02-28,1.3156,1.3209,1.3138,1.3166
2019-02-27,1.3168,1.318,1.3116,1.3154
2019-02-26,1.3192,1.3239,1.3152,1.3166
2019-02-25,1.3144,1.32,1.3112,1.3188
2019-02-22,1.3231,1.3245,1.3131,1.3136
2019-02-21,1.3176,1.3239,1.316,1.323
2019-02-20,1.3211,1.3222,1.3148,1.3174
2019-02-19,1.3244,1.3285,1.3203,1.3206
2019-02-18,1.3241,1.325,1.3224,1.3239
2019-02-15,1.3295,1.3317,1.3241,1.3243
2019-02-14,1.3252,1.3344,1.3227,1.3293
2019-02-13,1.3237,1.3264,1.3194,1.3252
2019-02-12,1.3303,1.3319,1.3231,1.3235
2019-02-11,1.3281,1.3322,1.326,1.3304
2019-02-08,1.3305,1.333,1.323,1.3276
2019-02-07,1.3213,1.3322,1.3203,1.3306
2019-02-06,1.3123,1.322,1.3122,1.3212
2019-02-05,1.311,1.3156,1.31,1.3124
2019-02-04,1.3112,1.3148,1.3085,1.311
2019-02-01,1.3123,1.3161,1.3066,1.3098
2019-01-31,1.315,1.3167,1.3118,1.3122
2019-01-30,1.327,1.3285,1.3116,1.3147
2019-01-29,1.3264,1.3289,1.324,1.3265
2019-01-28,1.3218,1.3287,1.3201,1.3262
2019-01-25,1.3349,1.3364,1.3212,1.3217
2019-01-24,1.3341,1.3377,1.3328,1.3347
2019-01-23,1.3355,1.3371,1.3303,1.3338
2019-01-22,1.3293,1.336,1.3291,1.3352
2019-01-21,1.3249,1.332,1.3249,1.329
2019-01-18,1.3278,1.3286,1.323,1.3257
2019-01-17,1.3254,1.3321,1.3245,1.3275
2019-01-16,1.3264,1.3286,1.3233,1.3253
2019-01-15,1.3282,1.3296,1.3224,1.3263
2019-01-14,1.3262,1.3299,1.325,1.3284
2019-01-11,1.3236,1.328,1.3181,1.3264
2019-01-10,1.3209,1.3261,1.3199,1.3234
2019-01-09,1.3275,1.3282,1.3178,1.3207
2019-01-08,1.3298,1.3323,1.3265,1.3272
2019-01-07,1.3376,1.3391,1.3276,1.3296
2019-01-04,1.3488,1.3498,1.3371,1.3372
2019-01-03,1.3577,1.3656,1.3467,1.3487
2019-01-02,1.3636,1.3664,1.3566,1.3577
2019-01-01,1.3636,1.3647,1.3634,1.3637
2018-12-31,1.3631,1.3666,1.3607,1.3637
2018-12-28,1.3619,1.3662,1.359,1.3637
2018-12-27,1.3574,1.3662,1.3564,1.3616
2018-12-26,1.3592,1.3619,1.3566,1.357
2018-12-25,1.3601,1.3622,1.3574,1.3588
2018-12-24,1.3599,1.3618,1.3564,1.3604
2018-12-21,1.351,1.3604,1.349,1.3598
2018-12-20,1.3485,1.3532,1.3444,1.3507
2018-12-19,1.3463,1.3508,1.3413,1.3483
2018-12-18,1.3406,1.3498,1.3388,1.3463
2018-12-17,1.3381,1.3422,1.3371,1.3403
2018-12-14,1.3354,1.3403,1.3345,1.3382
2018-12-13,1.335,1.3385,1.3336,1.335
2018-12-12,1.339,1.3401,1.332,1.3349
2018-12-11,1.3395,1.3426,1.3376,1.3388
2018-12-10,1.3322,1.3418,1.329,1.3393
2018-12-07,1.3385,1.3402,1.3251,1.3319
2018-12-06,1.3353,1.3446,1.3352,1.3378
2018-12-05,1.3261,1.3401,1.325,1.3352
2018-12-04,1.3197,1.3268,1.3162,1.3259
2018-12-03,1.3258,1.3269,1.3159,1.3195
2018-11-30,1.3282,1.3335,1.327,1.3293
2018-11-29,1.3276,1.3314,1.3251,1.3281
2018-11-28,1.3296,1.3361,1.324,1.3275
2018-11-27,1.3256,1.333,1.3233,1.3293
2018-11-26,1.3232,1.3263,1.3186,1.325
2018-11-23,1.3187,1.326,1.3182,1.3234
2018-11-22,1.3231,1.3247,1.318,1.3188
2018-11-21,1.3304,1.3319,1.3224,1.3229
2018-11-20,1.3171,1.332,1.3153,1.3304
2018-11-19,1.3146,1.3203,1.3141,1.317
2018-11-16,1.3182,1.3188,1.3125,1.3143
2018-11-15,1.3243,1.3251,1.3154,1.3175
2018-11-14,1.324,1.3265,1.3205,1.3237
2018-11-13,1.3246,1.3265,1.3213,1.3234
2018-11-12,1.3196,1.3251,1.318,1.3245
2018-11-09,1.3154,1.3234,1.3138,1.3209
2018-11-08,1.311,1.3185,1.3085,1.315
2018-11-07,1.3123,1.316,1.3054,1.311
2018-11-06,1.311,1.3146,1.3101,1.3122
2018-11-05,1.3105,1.3117,1.3069,1.3108
2018-11-02,1.3084,1.312,1.3046,1.3107
2018-11-01,1.3156,1.3171,1.3066,1.3086
2018-10-31,1.3107,1.3172,1.3104,1.3152
2018-10-30,1.3133,1.3149,1.3098,1.3105
2018-10-29,1.3108,1.3151,1.308,1.3133
2018-10-26,1.3072,1.3161,1.3066,1.3105
2018-10-25,1.3057,1.31,1.3013,1.3069
2018-10-24,1.3085,1.3102,1.2967,1.3052
2018-10-23,1.3101,1.3123,1.3073,1.3084
2018-10-22,1.3097,1.3128,1.3077,1.3099
2018-10-19,1.3083,1.3133,1.3025,1.3097
2018-10-18,1.3018,1.3089,1.3017,1.3085
2018-10-17,1.2934,1.3028,1.293,1.3016
2018-10-16,1.2991,1.3001,1.2914,1.2932
2018-10-15,1.3022,1.3053,1.2952,1.299
2018-10-12,1.3032,1.3053,1.3,1.3021
2018-10-11,1.3068,1.3073,1.3012,1.3027
2018-10-10,1.2946,1.3071,1.2924,1.3066
2018-10-09,1.2965,1.3005,1.2934,1.2945
2018-10-08,1.2944,1.3012,1.2936,1.2963
2018-10-05,1.2923,1.2956,1.2893,1.2935
2018-10-04,1.2869,1.2939,1.2855,1.2923
2018-10-03,1.2823,1.2885,1.2805,1.2867
2018-10-02,1.2813,1.2841,1.2797,1.2821
2018-10-01,1.2902,1.2902,1.278,1.281
2018-09-28,1.3042,1.3052,1.2903,1.2904
2018-09-27,1.302,1.3083,1.3013,1.304
2018-09-26,1.2953,1.3026,1.2942,1.3017
2018-09-25,1.2956,1.2974,1.2934,1.2951
2018-09-24,1.2915,1.2958,1.2907,1.2955
2018-09-21,1.2903,1.2945,1.2884,1.2913
2018-09-20,1.2917,1.2935,1.2883,1.2901
2018-09-19,1.2974,1.3003,1.2898,1.2912
2018-09-18,1.3043,1.3066,1.2969,1.2972
2018-09-17,1.3037,1.305,1.3,1.3042
2018-09-14,1.2997,1.3056,1.2981,1.3031
2018-09-13,1.2997,1.3027,1.2973,1.2996
2018-09-12,1.3067,1.308,1.2978,1.2995
2018-09-11,1.3164,1.3176,1.304,1.3065
2018-09-10,1.3173,1.32,1.3149,1.3162
2018-09-07,1.3142,1.3192,1.3108,1.3154
2018-09-06,1.3175,1.3228,1.3126,1.3138
2018-09-05,1.3188,1.3208,1.3157,1.3173
2018-09-04,1.3092,1.3209,1.3087,1.3186
2018-09-03,1.3039,1.3104,1.3039,1.309
2018-08-31,1.2983,1.309,1.2971,1.3037
2018-08-30,1.2906,1.3001,1.2901,1.2979
2018-08-29,1.2931,1.2963,1.29,1.2902
2018-08-28,1.2969,1.2984,1.2885,1.2928
2018-08-27,1.3028,1.3069,1.2952,1.2963
2018-08-24,1.3081,1.3105,1.3009,1.3027
2018-08-23,1.3,1.31,1.299,1.3079
2018-08-22,1.3034,1.3048,1.2984,1.2995
2018-08-21,1.3047,1.3059,1.3011,1.3034
2018-08-20,1.3061,1.3095,1.3038,1.3045
2018-08-17,1.3155,1.3171,1.3049,1.3058
2018-08-16,1.314,1.3176,1.3111,1.3151
2018-08-15,1.3056,1.3176,1.3047,1.314
2018-08-14,1.3134,1.3138,1.3054,1.3054
2018-08-13,1.3148,1.3177,1.3101,1.3131
2018-08-10,1.3051,1.3155,1.3041,1.3143
2018-08-09,1.3021,1.3065,1.2998,1.3048
2018-08-08,1.3053,1.3122,1.3004,1.3021
2018-08-07,1.3004,1.3077,1.296,1.305
2018-08-06,1.2991,1.3041,1.2986,1.3002
2018-08-03,1.3024,1.304,1.2966,1.2988
2018-08-02,1.3003,1.3041,1.299,1.3021
2018-08-01,1.3005,1.3034,1.2973,1.3003
2018-07-31,1.3035,1.3098,1.2983,1.3005
2018-07-30,1.3054,1.3081,1.2992,1.3033
2018-07-27,1.3072,1.3081,1.304,1.3051
2018-07-26,1.3043,1.3095,1.3022,1.3071
2018-07-25,1.3154,1.3167,1.3022,1.3044
2018-07-24,1.3172,1.3192,1.3134,1.3152
2018-07-23,1.3139,1.3181,1.3114,1.317
2018-07-20,1.3274,1.3291,1.3112,1.3147
2018-07-19,1.3168,1.3291,1.3158,1.3268
2018-07-18,1.319,1.3261,1.316,1.3169
2018-07-17,1.3139,1.3221,1.3108,1.3188
2018-07-16,1.3162,1.3164,1.3107,1.3133
2018-07-13,1.3155,1.3211,1.3148,1.3159
2018-07-12,1.3206,1.322,1.3147,1.3151
2018-07-11,1.3112,1.3216,1.3063,1.3204
2018-07-10,1.3105,1.3148,1.3098,1.3109
2018-07-09,1.3093,1.3124,1.3064,1.3107
2018-07-06,1.3135,1.3152,1.3074,1.308
2018-07-05,1.3144,1.3162,1.3113,1.3131
2018-07-04,1.3136,1.3163,1.3108,1.3139
2018-07-03,1.3186,1.3209,1.3129,1.3137
2018-07-02,1.3142,1.3226,1.3139,1.3184
2018-06-29,1.3249,1.3271,1.3128,1.313
2018-06-28,1.3342,1.3353,1.3239,1.3244
2018-06-27,1.3306,1.3387,1.3275,1.3337
2018-06-26,1.3297,1.3331,1.3278,1.3307
2018-06-25,1.3277,1.3326,1.3266,1.3292
2018-06-22,1.3314,1.3383,1.3258,1.3269
2018-06-21,1.331,1.3337,1.3283,1.3312
2018-06-20,1.3286,1.3323,1.3266,1.331
2018-06-19,1.3201,1.3293,1.3194,1.3282
2018-06-18,1.3196,1.3239,1.3159,1.3198
2018-06-15,1.3102,1.321,1.3097,1.3199
2018-06-14,1.2984,1.3111,1.2948,1.3101
2018-06-13,1.3016,1.3053,1.2953,1.2984
2018-06-12,1.2978,1.3031,1.2976,1.3013
2018-06-11,1.2973,1.3029,1.2953,1.2976
2018-06-08,1.2973,1.3042,1.2919,1.2924
2018-06-07,1.2945,1.3003,1.2933,1.297
2018-06-06,1.2969,1.2977,1.2857,1.2942
2018-06-05,1.2929,1.3068,1.2912,1.2968
2018-06-04,1.2951,1.2965,1.2898,1.2927
2018-06-01,1.2957,1.3009,1.2929,1.2947
2018-05-31,1.2873,1.2992,1.2816,1.2956
2018-05-30,1.3016,1.3042,1.2834,1.2873
2018-05-29,1.2994,1.3049,1.2968,1.3016
2018-05-28,1.2972,1.3023,1.296,1.2989
2018-05-25,1.2882,1.2989,1.2874,1.297
2018-05-24,1.2831,1.2922,1.2826,1.2882
2018-05-23,1.2819,1.2917,1.2809,1.2829
2018-05-22,1.2787,1.2824,1.274,1.2817
2018-05-21,1.2881,1.2891,1.278,1.2785
2018-05-18,1.2809,1.2912,1.2788,1.288
2018-05-17,1.279,1.2824,1.2747,1.2804
2018-05-16,1.2877,1.2879,1.2775,1.2784
2018-05-15,1.2812,1.2925,1.279,1.2872
2018-05-14,1.2791,1.2815,1.2748,1.2811
2018-05-11,1.2767,1.2803,1.2727,1.2791
2018-05-10,1.2854,1.2862,1.2741,1.2765
2018-05-09,1.295,1.2976,1.2823,1.2853
2018-05-08,1.2881,1.2999,1.2873,1.2948
2018-05-07,1.2845,1.2902,1.2839,1.2879
2018-05-04,1.2846,1.2919,1.2834,1.2844
2018-05-03,1.2884,1.291,1.2814,1.2844
2018-05-02,1.2847,1.2889,1.2801,1.2882
2018-05-01,1.2843,1.2916,1.2818,1.2846
2018-04-30,1.2836,1.2876,1.2803,1.2838
2018-04-27,1.2866,1.2902,1.2824,1.2826
2018-04-26,1.2846,1.2887,1.2819,1.2865
2018-04-25,1.2833,1.2899,1.2818,1.2841
2018-04-24,1.2847,1.2863,1.281,1.2833
2018-04-23,1.2756,1.286,1.2748,1.2847
2018-04-20,1.2671,1.277,1.2631,1.2757
2018-04-19,1.263,1.2678,1.2583,1.2669
2018-04-18,1.2548,1.2661,1.2546,1.2626
2018-04-17,1.2568,1.2581,1.2525,1.2545
2018-04-16,1.2605,1.2625,1.2561,1.2563
2018-04-13,1.2588,1.2619,1.255,1.261
2018-04-12,1.2582,1.2624,1.2559,1.2582
2018-04-11,1.2599,1.2625,1.2543,1.2578
2018-04-10,1.2698,1.2711,1.2586,1.2601
2018-04-09,1.2772,1.2821,1.2688,1.2696
2018-04-06,1.2747,1.2797,1.2731,1.2782
2018-04-05,1.277,1.2807,1.2742,1.2747
2018-04-04,1.2807,1.2849,1.2756,1.2768
2018-04-03,1.2913,1.2925,1.2779,1.2805
2018-04-02,1.2902,1.2944,1.286,1.291
2018-03-30,1.2881,1.2903,1.286,1.2891
2018-03-29,1.292,1.2937,1.2861,1.2882
2018-03-28,1.2884,1.2935,1.2861,1.2921
2018-03-27,1.2845,1.2904,1.2813,1.2881
2018-03-26,1.2893,1.2924,1.2838,1.2839
2018-03-23,1.294,1.2943,1.2821,1.2891
2018-03-22,1.2903,1.295,1.2828,1.2938
2018-03-21,1.3069,1.3081,1.2887,1.2901
2018-03-20,1.3079,1.3104,1.3051,1.3071
2018-03-19,1.31,1.3126,1.3046,1.3075
2018-03-16,1.3053,1.31,1.3043,1.3095
2018-03-15,1.2954,1.3069,1.2942,1.3052
2018-03-14,1.2967,1.2978,1.2919,1.2953
2018-03-13,1.2842,1.2986,1.2828,1.2963
2018-03-12,1.2826,1.2847,1.2803,1.2837
2018-03-09,1.2896,1.291,1.2807,1.281
2018-03-08,1.2909,1.2962,1.2864,1.2894
2018-03-07,1.2876,1.3003,1.2873,1.291
2018-03-06,1.2964,1.2996,1.2862,1.2875
2018-03-05,1.2875,1.3002,1.287,1.2963
2018-03-02,1.2838,1.2918,1.2817,1.2878
2018-03-01,1.2831,1.2897,1.2807,1.2836
2018-02-28,1.2776,1.2843,1.2759,1.283
2018-02-27,1.2681,1.2779,1.2666,1.2774
2018-02-26,1.2645,1.2713,1.2614,1.2679
2018-02-23,1.2706,1.2727,1.2626,1.2628
2018-02-22,1.2702,1.2759,1.267,1.2703
2018-02-21,1.2647,1.2705,1.2624,1.2701
2018-02-20,1.2561,1.2651,1.2555,1.2644
2018-02-19,1.255,1.2594,1.2527,1.2558
2018-02-16,1.2481,1.2569,1.2448,1.2555
2018-02-15,1.2492,1.2539,1.2462,1.2476
2018-02-14,1.2591,1.265,1.2488,1.2488
2018-02-13,1.2577,1.2626,1.2564,1.2591
2018-02-12,1.2586,1.2624,1.2555,1.2573
2018-02-09,1.2603,1.2685,1.2558,1.2576
2018-02-08,1.2566,1.2615,1.2544,1.2602
2018-02-07,1.2492,1.2579,1.2488,1.2567
2018-02-06,1.2539,1.2567,1.2489,1.2491
2018-02-05,1.2433,1.2545,1.2397,1.2537
2018-02-02,1.2266,1.2438,1.2254,1.2424
2018-02-01,1.2315,1.2333,1.2255,1.2266
2018-01-31,1.2334,1.235,1.2248,1.2313
2018-01-30,1.2341,1.238,1.2307,1.2332
2018-01-29,1.2317,1.2361,1.2304,1.2336
2018-01-26,1.2378,1.2393,1.2291,1.2309
2018-01-25,1.2349,1.2393,1.228,1.2379
2018-01-24,1.2421,1.243,1.2314,1.2347
2018-01-23,1.2443,1.2493,1.2416,1.2414
2018-01-22,1.2487,1.2519,1.2432,1.2443
2018-01-19,1.2416,1.2509,1.2397,1.2487
2018-01-18,1.2437,1.2488,1.2413,1.2416
2018-01-17,1.2436,1.254,1.237,1.2434
2018-01-16,1.243,1.2454,1.2394,1.2433
2018-01-15,1.2465,1.2472,1.24,1.2428
2018-01-12,1.2518,1.2558,1.2454,1.2455
2018-01-11,1.2544,1.2591,1.2513,1.2517
2018-01-10,1.2464,1.2585,1.2425,1.2545
2018-01-09,1.2422,1.2479,1.2395,1.2462
2018-01-08,1.2415,1.2451,1.2377,1.2419
2018-01-05,1.2486,1.2515,1.2353,1.2407
2018-01-04,1.2534,1.2557,1.2482,1.2485
2018-01-03,1.2512,1.2555,1.2498,1.2531
2018-01-02,1.2542,1.256,1.2498,1.251
2018-01-01,1.2579,1.2582,1.2543,1.2542
2017-12-29,1.2569,1.2586,1.2513,1.2577
2017-12-28,1.2655,1.2664,1.2564,1.2567
2017-12-27,1.2687,1.2697,1.2625,1.2653
2017-12-26,1.2729,1.2736,1.2684,1.2688
2017-12-25,1.2724,1.2742,1.2714,1.2727
2017-12-22,1.2741,1.2797,1.2695,1.2731
2017-12-21,1.2835,1.2841,1.2698,1.2738
2017-12-20,1.2875,1.2882,1.2816,1.2834
2017-12-19,1.286,1.2921,1.2848,1.2876
2017-12-18,1.2875,1.2883,1.2842,1.286
2017-12-15,1.2799,1.2892,1.2737,1.286
2017-12-14,1.2819,1.2867,1.2711,1.2794
2017-12-13,1.2865,1.2883,1.2791,1.2813
2017-12-12,1.2858,1.2893,1.2811,1.286
2017-12-11,1.2855,1.287,1.283,1.2854
2017-12-08,1.2851,1.2881,1.2803,1.2843
2017-12-07,1.279,1.287,1.2783,1.2849
2017-12-06,1.2688,1.2809,1.265,1.2788
2017-12-05,1.267,1.2706,1.2622,1.2686
2017-12-04,1.2687,1.2727,1.2654,1.2668
2017-12-01,1.2897,1.2904,1.2681,1.2681
2017-11-30,1.2865,1.2911,1.2848,1.2894
2017-11-29,1.2811,1.2875,1.2802,1.2863
2017-11-28,1.2769,1.2826,1.2752,1.2815
2017-11-27,1.2712,1.2773,1.2678,1.2767
2017-11-24,1.2712,1.2749,1.2691,1.2713
2017-11-23,1.2696,1.2728,1.267,1.2711
2017-11-22,1.2778,1.2789,1.2692,1.2691
2017-11-21,1.282,1.2838,1.2747,1.2776
2017-11-20,1.2767,1.2822,1.2753,1.2818
2017-11-17,1.2757,1.2825,1.2711,1.2761
2017-11-16,1.2763,1.2786,1.2726,1.2755
2017-11-15,1.2731,1.2791,1.2711,1.2761
2017-11-14,1.2733,1.2774,1.2698,1.2729
2017-11-13,1.2684,1.2743,1.2677,1.2731
2017-11-10,1.268,1.2697,1.2664,1.268
2017-11-09,1.2727,1.2742,1.2665,1.2681
2017-11-08,1.2773,1.2782,1.2713,1.2724
2017-11-07,1.2704,1.2821,1.2701,1.2772
2017-11-06,1.2765,1.2784,1.2701,1.2702
2017-11-03,1.2808,1.2838,1.2713,1.2761
2017-11-02,1.2866,1.2878,1.2798,1.2806
2017-11-01,1.2889,1.2912,1.2852,1.2865
2017-10-31,1.2833,1.2916,1.282,1.2884
2017-10-30,1.2818,1.2862,1.2811,1.2828
2017-10-27,1.2845,1.2918,1.2804,1.2805
2017-10-26,1.2792,1.2859,1.2779,1.2845
2017-10-25,1.2675,1.2818,1.2656,1.2794
2017-10-24,1.2653,1.2694,1.2619,1.2673
2017-10-23,1.2624,1.2662,1.2611,1.265
2017-10-20,1.2486,1.2631,1.2474,1.2624
2017-10-19,1.2465,1.2496,1.2448,1.2484
2017-10-18,1.2522,1.2535,1.2455,1.2465
2017-10-17,1.2515,1.2592,1.2511,1.2518
2017-10-16,1.2478,1.2558,1.2469,1.2516
2017-10-13,1.2474,1.2521,1.245,1.2466
2017-10-12,1.2457,1.2492,1.2431,1.2472
2017-10-11,1.2515,1.2532,1.245,1.2458
2017-10-10,1.255,1.2558,1.2481,1.2513
2017-10-09,1.2533,1.256,1.2525,1.2547
2017-10-06,1.2565,1.2599,1.2523,1.2534
2017-10-05,1.2475,1.2586,1.246,1.2563
2017-10-04,1.2489,1.2499,1.2446,1.2471
2017-10-03,1.2509,1.254,1.2478,1.2486
2017-10-02,1.2475,1.2526,1.2467,1.2507
2017-09-29,1.2429,1.2529,1.2414,1.2467
2017-09-28,1.2477,1.2521,1.2414,1.2424
2017-09-27,1.2349,1.2484,1.2333,1.2472
2017-09-26,1.2371,1.2415,1.2328,1.2345
2017-09-25,1.2335,1.2386,1.2311,1.2369
2017-09-22,1.2328,1.2353,1.2253,1.2336
2017-09-21,1.2326,1.2369,1.2318,1.2325
2017-09-20,1.2292,1.2392,1.22,1.2319
2017-09-19,1.2291,1.231,1.2252,1.2288
2017-09-18,1.2195,1.2339,1.2171,1.2288
2017-09-15,1.2164,1.222,1.2118,1.2192
2017-09-14,1.2171,1.2241,1.2154,1.2162
2017-09-13,1.2187,1.2221,1.2129,1.2171
2017-09-12,1.2109,1.2191,1.208,1.2182
2017-09-11,1.2159,1.2171,1.2096,1.2108
2017-09-08,1.2113,1.2167,1.2059,1.2152
2017-09-07,1.2227,1.2242,1.2108,1.2111
2017-09-06,1.2373,1.2417,1.2136,1.2223
2017-09-05,1.2418,1.2418,1.2334,1.237
2017-09-04,1.2401,1.243,1.2375,1.2415
2017-09-01,1.2479,1.2494,1.2339,1.2394
2017-08-31,1.2621,1.2664,1.2474,1.248
2017-08-30,1.2513,1.2638,1.2498,1.2619
2017-08-29,1.2506,1.2552,1.244,1.2511
2017-08-28,1.2475,1.2512,1.2441,1.2506
2017-08-25,1.2519,1.2541,1.2463,1.2479
2017-08-24,1.2555,1.2563,1.2512,1.2516
2017-08-23,1.2563,1.2599,1.2539,1.2555
2017-08-22,1.2556,1.2596,1.2524,1.2558
2017-08-21,1.2568,1.2609,1.2552,1.2557
2017-08-18,1.2682,1.2693,1.2555,1.2584
2017-08-17,1.2619,1.2685,1.2586,1.2677
2017-08-16,1.2754,1.2771,1.2611,1.2614
2017-08-15,1.2722,1.278,1.2716,1.2754
2017-08-14,1.2672,1.2732,1.267,1.2718
2017-08-11,1.2744,1.2754,1.265,1.2681
2017-08-10,1.27,1.2747,1.267,1.2741
2017-08-09,1.2666,1.2723,1.2663,1.2698
2017-08-08,1.2681,1.2706,1.2649,1.2665
2017-08-07,1.2649,1.2716,1.2628,1.2679
2017-08-04,1.2584,1.2669,1.2555,1.265
2017-08-03,1.257,1.262,1.2552,1.2584
2017-08-02,1.2538,1.2593,1.2532,1.2565
2017-08-01,1.2479,1.2555,1.245,1.2534
2017-07-31,1.244,1.253,1.2431,1.2477
2017-07-28,1.2555,1.2569,1.2418,1.2432
2017-07-27,1.2445,1.2576,1.2414,1.2551
2017-07-26,1.251,1.2544,1.2414,1.2443
2017-07-25,1.251,1.2534,1.248,1.2507
2017-07-24,1.2539,1.2554,1.2483,1.2507
2017-07-21,1.2591,1.2611,1.2521,1.2537
2017-07-20,1.2606,1.2641,1.2542,1.2588
2017-07-19,1.2627,1.2654,1.2578,1.2604
2017-07-18,1.2698,1.2703,1.258,1.2626
2017-07-17,1.2645,1.27,1.2626,1.2695
2017-07-14,1.2721,1.2749,1.2641,1.264
2017-07-13,1.275,1.2772,1.2719,1.272
2017-07-12,1.2915,1.2942,1.2684,1.2747
2017-07-11,1.2891,1.2945,1.2884,1.2912
2017-07-10,1.2879,1.2935,1.287,1.2888
2017-07-07,1.2978,1.2995,1.2859,1.2874
2017-07-06,1.2957,1.2985,1.2923,1.2976
2017-07-05,1.2936,1.3016,1.2928,1.2955
2017-07-04,1.3007,1.3017,1.2912,1.2935
2017-07-03,1.2966,1.3013,1.2963,1.3005
2017-06-30,1.3005,1.3014,1.2946,1.2962
2017-06-29,1.3039,1.3045,1.2985,1.3003
2017-06-28,1.3196,1.3199,1.3013,1.3037
2017-06-27,1.3245,1.3263,1.3146,1.3197
2017-06-26,1.3267,1.3274,1.3211,1.3241
2017-06-23,1.3234,1.3309,1.3209,1.3265
2017-06-22,1.3334,1.3339,1.3207,1.3232
2017-06-21,1.3268,1.3349,1.3263,1.3332
2017-06-20,1.3218,1.3287,1.3203,1.3264
2017-06-19,1.3217,1.3258,1.319,1.3216
2017-06-16,1.3269,1.3275,1.3209,1.321
2017-06-15,1.3245,1.331,1.3224,1.3268
2017-06-14,1.3241,1.3273,1.3165,1.3245
2017-06-13,1.3326,1.3327,1.3211,1.324
2017-06-12,1.3459,1.3472,1.3319,1.3322
2017-06-09,1.351,1.3542,1.3422,1.3468
2017-06-08,1.3508,1.3524,1.3484,1.3505
2017-06-07,1.3454,1.3527,1.3425,1.3508
2017-06-06,1.3473,1.3489,1.3436,1.3454
2017-06-05,1.3493,1.3503,1.3458,1.3471
2017-06-02,1.3514,1.3548,1.348,1.348
2017-06-01,1.3501,1.3529,1.3472,1.3513
2017-05-31,1.3459,1.3524,1.3436,1.3499
2017-05-30,1.3453,1.3508,1.345,1.3458
2017-05-29,1.3447,1.3469,1.3426,1.3452
2017-05-26,1.3484,1.3499,1.3432,1.3444
2017-05-25,1.3407,1.3495,1.3387,1.3483
2017-05-24,1.3514,1.3542,1.3405,1.3407
2017-05-23,1.3502,1.3526,1.3455,1.3513
2017-05-22,1.352,1.3542,1.3484,1.3501
2017-05-19,1.3603,1.3613,1.3509,1.3512
2017-05-18,1.3603,1.3671,1.3581,1.3601
2017-05-17,1.3606,1.3643,1.357,1.3601
2017-05-16,1.3632,1.3661,1.3573,1.3604
2017-05-15,1.3696,1.3724,1.36,1.363
2017-05-12,1.3697,1.3743,1.3666,1.3708
2017-05-11,1.3656,1.3771,1.3653,1.3695
2017-05-10,1.372,1.3734,1.3647,1.3653
2017-05-09,1.369,1.3754,1.367,1.3719
2017-05-08,1.3665,1.3735,1.3642,1.3688
2017-05-05,1.3748,1.3795,1.3642,1.365
2017-05-04,1.373,1.3776,1.3699,1.3747
2017-05-03,1.3708,1.3743,1.368,1.3727
2017-05-02,1.3681,1.3759,1.3649,1.3707
2017-05-01,1.3656,1.3688,1.3636,1.368
2017-04-28,1.3634,1.3699,1.3624,1.365
2017-04-27,1.3615,1.3672,1.353,1.3631
2017-04-26,1.3573,1.3625,1.3543,1.3613
2017-04-25,1.3502,1.3628,1.3498,1.3569
2017-04-24,1.3498,1.3523,1.341,1.3499
2017-04-21,1.347,1.3526,1.3457,1.3497
2017-04-20,1.3486,1.3501,1.3456,1.3468
2017-04-19,1.338,1.3491,1.3374,1.3483
2017-04-18,1.3317,1.3401,1.3312,1.3376
2017-04-17,1.3323,1.3324,1.3262,1.3315
2017-04-14,1.3329,1.3339,1.331,1.3325
2017-04-13,1.3255,1.3339,1.3222,1.3327
2017-04-12,1.3326,1.3341,1.324,1.3251
2017-04-11,1.3326,1.3359,1.3308,1.3323
2017-04-10,1.3402,1.3427,1.3321,1.3325
2017-04-07,1.3414,1.3433,1.3342,1.3404
2017-04-06,1.3433,1.3453,1.3397,1.3412
2017-04-05,1.3399,1.3443,1.3379,1.3434
2017-04-04,1.3381,1.3457,1.3373,1.3401
2017-04-03,1.3304,1.3401,1.3301,1.3378
2017-03-31,1.3342,1.3369,1.3283,1.3311
2017-03-30,1.3326,1.3354,1.3277,1.3341
2017-03-29,1.3382,1.3403,1.3323,1.3325
2017-03-28,1.3377,1.3416,1.3353,1.3382
2017-03-27,1.3377,1.3404,1.3321,1.3375
2017-03-24,1.335,1.3386,1.3346,1.3377
2017-03-23,1.3329,1.3359,1.3314,1.3349
2017-03-22,1.3353,1.3411,1.332,1.3326
2017-03-21,1.335,1.3365,1.3264,1.335
2017-03-20,1.3344,1.3374,1.3304,1.3347
2017-03-17,1.3319,1.3379,1.3304,1.3348
2017-03-16,1.3306,1.3354,1.3276,1.3317
2017-03-15,1.348,1.3487,1.3295,1.3302
2017-03-14,1.3446,1.3497,1.3439,1.3478
2017-03-13,1.3458,1.3477,1.343,1.3444
2017-03-10,1.351,1.3516,1.3421,1.3469
2017-03-09,1.3491,1.3536,1.3481,1.3508
2017-03-08,1.3414,1.3501,1.3397,1.3491
2017-03-07,1.3411,1.3437,1.3383,1.3413
2017-03-06,1.3375,1.3426,1.3371,1.3409
2017-03-03,1.3391,1.3438,1.3373,1.3375
2017-03-02,1.3326,1.3403,1.3322,1.3389
2017-03-01,1.3301,1.3359,1.3285,1.3325
2017-02-28,1.3177,1.3316,1.3164,1.3299
2017-02-27,1.3104,1.3183,1.3083,1.318
2017-02-24,1.3106,1.3121,1.3056,1.309
2017-02-23,1.3164,1.3172,1.3083,1.3103
2017-02-22,1.314,1.3211,1.311,1.3162
2017-02-21,1.3106,1.3166,1.3099,1.3139
2017-02-20,1.3105,1.3121,1.3074,1.3103
2017-02-17,1.3072,1.3127,1.3059,1.3097
2017-02-16,1.308,1.3085,1.3009,1.307
2017-02-15,1.3077,1.3121,1.3064,1.3077
2017-02-14,1.307,1.3108,1.3024,1.3075
2017-02-13,1.309,1.3122,1.3055,1.307
2017-02-10,1.3146,1.316,1.3063,1.3078
2017-02-09,1.3145,1.3169,1.3093,1.3143
2017-02-08,1.3183,1.3202,1.3134,1.3143
2017-02-07,1.3085,1.3214,1.3074,1.3181
2017-02-06,1.3024,1.3136,1.3006,1.308
2017-02-03,1.3027,1.308,1.2992,1.3022
2017-02-02,1.3048,1.3055,1.298,1.3025
2017-02-01,1.3032,1.3104,1.3028,1.3048
2017-01-31,1.3118,1.3125,1.2969,1.3028
2017-01-30,1.3148,1.3171,1.3076,1.3116
2017-01-27,1.3088,1.3155,1.3085,1.315
2017-01-26,1.3068,1.3133,1.3053,1.3088
2017-01-25,1.3159,1.3167,1.306,1.3069
2017-01-24,1.3238,1.3301,1.3106,1.3157
2017-01-23,1.3324,1.3336,1.3221,1.3237
2017-01-20,1.332,1.339,1.3284,1.3321
2017-01-19,1.3269,1.3354,1.3252,1.3318
2017-01-18,1.3042,1.3273,1.3038,1.3269
2017-01-17,1.3175,1.3191,1.3018,1.3041
2017-01-16,1.3111,1.3189,1.3107,1.3173
2017-01-13,1.3146,1.3169,1.3112,1.3111
2017-01-12,1.318,1.3189,1.303,1.3143
2017-01-11,1.3232,1.3296,1.312,1.3177
2017-01-10,1.3217,1.3259,1.3191,1.323
2017-01-09,1.3238,1.3279,1.3196,1.3214
2017-01-06,1.3225,1.327,1.3177,1.3235
2017-01-05,1.3302,1.3315,1.3192,1.3223
2017-01-04,1.3431,1.3459,1.3282,1.33
2017-01-03,1.3443,1.3462,1.3398,1.3427
2017-01-02,1.3436,1.3455,1.3388,1.3437
2016-12-30,1.3503,1.351,1.3401,1.343
2016-12-29,1.356,1.3566,1.348,1.35
2016-12-28,1.3577,1.36,1.3539,1.3558
2016-12-27,1.351,1.3581,1.3508,1.3573
2016-12-26,1.3531,1.3548,1.3476,1.3507
2016-12-23,1.3484,1.3559,1.3477,1.3534
2016-12-22,1.3412,1.3522,1.341,1.3482
2016-12-21,1.3368,1.3428,1.3356,1.3411
2016-12-20,1.3408,1.3436,1.3358,1.3367
2016-12-19,1.3339,1.3424,1.3317,1.3407
2016-12-16,1.3334,1.3394,1.3316,1.3331
2016-12-15,1.3282,1.3419,1.3266,1.3334
2016-12-14,1.3131,1.3297,1.3081,1.3279
2016-12-13,1.3131,1.3143,1.31,1.3127
2016-12-12,1.3152,1.3166,1.3106,1.3129
2016-12-09,1.3189,1.3215,1.315,1.3175
2016-12-08,1.3233,1.3253,1.3182,1.3189
2016-12-07,1.3278,1.3298,1.322,1.3228
2016-12-06,1.3271,1.3313,1.325,1.3275
2016-12-05,1.3296,1.3358,1.3233,1.3266
2016-12-02,1.3315,1.3323,1.3253,1.3292
2016-12-01,1.3439,1.3442,1.3298,1.3313
2016-11-30,1.3431,1.3466,1.3355,1.3433
2016-11-29,1.3412,1.3483,1.3398,1.3432
2016-11-28,1.352,1.3539,1.3395,1.3407
2016-11-25,1.3489,1.3537,1.3452,1.3528
2016-11-24,1.3491,1.3537,1.3474,1.3486
2016-11-23,1.3442,1.3518,1.3422,1.3486
2016-11-22,1.3419,1.347,1.3376,1.3441
2016-11-21,1.35,1.3517,1.3384,1.3417
2016-11-18,1.3522,1.3567,1.3491,1.3499
2016-11-17,1.3446,1.3529,1.3399,1.352
2016-11-16,1.3449,1.3508,1.3403,1.3442
2016-11-15,1.3555,1.3564,1.3441,1.3447
2016-11-14,1.3518,1.359,1.3493,1.3554
2016-11-11,1.347,1.355,1.3453,1.354
2016-11-10,1.3424,1.3512,1.3384,1.3468
2016-11-09,1.3288,1.3528,1.3262,1.3419
2016-11-08,1.3364,1.3393,1.3282,1.3287
2016-11-07,1.3405,1.342,1.331,1.3359
2016-11-04,1.3398,1.3466,1.3384,1.3402
2016-11-03,1.3393,1.3405,1.3359,1.3394
2016-11-02,1.339,1.3425,1.3357,1.3388
2016-11-01,1.3407,1.3428,1.3351,1.3388
2016-10-31,1.3396,1.3432,1.3373,1.3408
2016-10-28,1.3387,1.3433,1.3351,1.3397
2016-10-27,1.3381,1.3408,1.335,1.3385
2016-10-26,1.3351,1.3386,1.3313,1.3379
2016-10-25,1.3287,1.3373,1.3275,1.3349
2016-10-24,1.3333,1.3399,1.3283,1.3285
2016-10-21,1.323,1.3356,1.3223,1.3331
2016-10-20,1.3114,1.3234,1.3108,1.3228
2016-10-19,1.3105,1.3143,1.3004,1.3113
2016-10-18,1.3129,1.3141,1.3052,1.3107
2016-10-17,1.3139,1.3184,1.3109,1.3123
2016-10-14,1.3192,1.3221,1.3103,1.3138
2016-10-13,1.3276,1.3308,1.3184,1.3188
2016-10-12,1.3265,1.3289,1.3207,1.3274
2016-10-11,1.3175,1.3274,1.316,1.326
2016-10-10,1.3266,1.328,1.3137,1.3173
2016-10-07,1.3218,1.3314,1.3185,1.3296
2016-10-06,1.3177,1.325,1.3175,1.3216
2016-10-05,1.3192,1.3233,1.3159,1.3175
2016-10-04,1.312,1.3217,1.3108,1.3191
2016-10-03,1.3127,1.3146,1.3067,1.3117
2016-09-30,1.3144,1.3196,1.3085,1.3127
2016-09-29,1.308,1.3186,1.3046,1.3141
2016-09-28,1.3195,1.3271,1.3074,1.3078
2016-09-27,1.3226,1.3282,1.3162,1.3193
2016-09-26,1.317,1.3245,1.3137,1.3222
2016-09-23,1.3045,1.3183,1.3027,1.3167
2016-09-22,1.31,1.3104,1.2998,1.304
2016-09-21,1.3187,1.3239,1.3098,1.3099
2016-09-20,1.3203,1.3245,1.3183,1.3187
2016-09-19,1.321,1.3227,1.3136,1.3202
2016-09-16,1.316,1.3249,1.3139,1.3207
2016-09-15,1.3195,1.3237,1.3128,1.3161
2016-09-14,1.3176,1.321,1.3126,1.3193
2016-09-13,1.3038,1.3191,1.3027,1.3172
2016-09-12,1.3045,1.3125,1.3032,1.3035
2016-09-09,1.2939,1.3055,1.2908,1.3046
2016-09-08,1.2881,1.2941,1.2849,1.2932
2016-09-07,1.2844,1.2915,1.282,1.2882
2016-09-06,1.2928,1.2935,1.2825,1.2842
2016-09-05,1.2992,1.3001,1.2906,1.2925
2016-09-02,1.3102,1.3117,1.2979,1.2996
2016-09-01,1.3106,1.315,1.308,1.31
2016-08-31,1.3099,1.3147,1.3077,1.3104
2016-08-30,1.3008,1.3104,1.3007,1.3097
2016-08-29,1.2996,1.3049,1.2973,1.3006
2016-08-26,1.2922,1.3012,1.283,1.3001
2016-08-25,1.2928,1.2941,1.2896,1.292
2016-08-24,1.291,1.296,1.29,1.2924
2016-08-23,1.2946,1.2954,1.2856,1.2911
2016-08-22,1.2871,1.2966,1.287,1.2944
2016-08-19,1.2782,1.2893,1.277,1.287
2016-08-18,1.2844,1.2859,1.2761,1.278
2016-08-17,1.2863,1.2919,1.2829,1.2843
2016-08-16,1.2923,1.2935,1.2796,1.2858
2016-08-15,1.2955,1.2977,1.29,1.2919
2016-08-12,1.2991,1.2998,1.2922,1.2946
2016-08-11,1.3058,1.3081,1.2956,1.2989
2016-08-10,1.3115,1.3126,1.2989,1.3056
2016-08-09,1.315,1.3191,1.3107,1.3115
2016-08-08,1.3178,1.3192,1.3134,1.3152
2016-08-05,1.3019,1.3202,1.3007,1.3166
2016-08-04,1.3066,1.309,1.2995,1.3015
2016-08-03,1.3111,1.3148,1.3061,1.3065
2016-08-02,1.3125,1.3144,1.3003,1.3109
2016-08-01,1.3028,1.3129,1.3026,1.3121
2016-07-29,1.3156,1.3188,1.3,1.3028
2016-07-28,1.3191,1.3195,1.3099,1.3154
2016-07-27,1.3185,1.3253,1.3156,1.3187
2016-07-26,1.3217,1.3246,1.3173,1.3186
2016-07-25,1.3137,1.3243,1.3123,1.3213
2016-07-22,1.3088,1.3186,1.3054,1.3124
2016-07-21,1.3058,1.3103,1.3022,1.3084
2016-07-20,1.3021,1.3097,1.3011,1.3056
2016-07-19,1.2945,1.3056,1.2939,1.3018
2016-07-18,1.2945,1.3024,1.2925,1.2943
2016-07-15,1.2895,1.2988,1.2859,1.2968
2016-07-14,1.2977,1.2988,1.286,1.289
2016-07-13,1.3042,1.3085,1.2938,1.2976
2016-07-12,1.3118,1.3135,1.298,1.3041
2016-07-11,1.3047,1.3141,1.303,1.3111
2016-07-08,1.3002,1.3091,1.2987,1.3042
2016-07-07,1.2959,1.3022,1.2875,1.3001
2016-07-06,1.298,1.3058,1.2945,1.296
2016-07-05,1.2845,1.3018,1.2841,1.2978
2016-07-04,1.2916,1.2923,1.2829,1.2843
2016-07-01,1.2925,1.2978,1.2862,1.2915
2016-06-30,1.2936,1.3019,1.2912,1.2923
2016-06-29,1.3025,1.3045,1.2928,1.2929
2016-06-28,1.3072,1.311,1.2962,1.3021
2016-06-27,1.2978,1.3123,1.2955,1.3071
2016-06-24,1.2765,1.31,1.2717,1.3001
2016-06-23,1.2844,1.2848,1.2676,1.2755
2016-06-22,1.2814,1.2855,1.274,1.2842
2016-06-21,1.2805,1.2828,1.276,1.2815
2016-06-20,1.2889,1.2893,1.2771,1.2803
2016-06-17,1.2967,1.297,1.2828,1.2892
2016-06-16,1.2912,1.3087,1.2893,1.2966
2016-06-15,1.2873,1.2944,1.2824,1.2911
2016-06-14,1.2838,1.2875,1.2813,1.287
2016-06-13,1.2779,1.2841,1.2749,1.2833
2016-06-10,1.2724,1.2785,1.2658,1.2783
2016-06-09,1.2693,1.2767,1.2668,1.2719
2016-06-08,1.2735,1.2763,1.2653,1.2693
2016-06-07,1.2819,1.2841,1.2731,1.2734
2016-06-06,1.2938,1.2984,1.2801,1.2815
2016-06-03,1.3097,1.3108,1.2913,1.2932
2016-06-02,1.3079,1.3146,1.3054,1.3095
2016-06-01,1.3094,1.3124,1.3042,1.3075
2016-05-31,1.3053,1.3136,1.3014,1.3092
2016-05-30,1.3016,1.3097,1.3016,1.3047
2016-05-27,1.2979,1.3069,1.2966,1.3017
2016-05-26,1.3016,1.304,1.2909,1.2976
2016-05-25,1.3123,1.3135,1.3012,1.3018
2016-05-24,1.3145,1.319,1.3084,1.3119
2016-05-23,1.3114,1.3176,1.3098,1.3141
2016-05-20,1.3094,1.3163,1.3075,1.3111
2016-05-19,1.3034,1.3155,1.3008,1.3092
2016-05-18,1.2907,1.3038,1.2892,1.3032
2016-05-17,1.2895,1.2957,1.2836,1.2905
2016-05-16,1.2925,1.2964,1.2873,1.2893
2016-05-13,1.2846,1.2959,1.2833,1.294
2016-05-12,1.285,1.288,1.277,1.2845
2016-05-11,1.2907,1.2944,1.2828,1.2848
2016-05-10,1.2962,1.2981,1.2906,1.291
2016-05-09,1.2909,1.3017,1.2905,1.2961
2016-05-06,1.2853,1.2953,1.2833,1.2907
2016-05-05,1.287,1.2877,1.2784,1.2852
2016-05-04,1.2721,1.2887,1.2695,1.2867
2016-05-03,1.2529,1.2733,1.246,1.2719
2016-05-02,1.255,1.2564,1.2511,1.2527
2016-04-29,1.2555,1.2589,1.2497,1.2551
2016-04-28,1.2599,1.2609,1.2513,1.255
2016-04-27,1.2604,1.2695,1.2571,1.2597
2016-04-26,1.268,1.269,1.2594,1.2602
2016-04-25,1.2676,1.2719,1.2651,1.2677
2016-04-22,1.2735,1.276,1.262,1.2668
2016-04-21,1.2655,1.2751,1.2626,1.2734
2016-04-20,1.2668,1.2732,1.2592,1.2653
2016-04-19,1.2782,1.2801,1.263,1.2666
2016-04-18,1.294,1.2993,1.2776,1.278
2016-04-15,1.2847,1.2902,1.2795,1.2819
2016-04-14,1.2814,1.2898,1.278,1.2843
2016-04-13,1.2759,1.2828,1.2746,1.2815
2016-04-12,1.2896,1.2922,1.2748,1.2759
2016-04-11,1.2986,1.3017,1.2883,1.2897
2016-04-08,1.3146,1.3159,1.295,1.2986
2016-04-07,1.3089,1.3182,1.3017,1.3143
2016-04-06,1.3135,1.3188,1.3061,1.3087
2016-04-05,1.3085,1.322,1.3066,1.3135
2016-04-04,1.3013,1.3089,1.3,1.3085
2016-04-01,1.3004,1.3148,1.2967,1.3009
2016-03-31,1.2966,1.3013,1.2855,1.3004
2016-03-30,1.3074,1.3083,1.291,1.2964
2016-03-29,1.3184,1.3219,1.3049,1.3072
2016-03-28,1.3271,1.3287,1.3166,1.3182
2016-03-25,1.3247,1.3287,1.3224,1.3273
2016-03-24,1.3204,1.3298,1.3199,1.3245
2016-03-23,1.3049,1.3221,1.3036,1.3203
2016-03-22,1.31,1.3139,1.3026,1.3044
2016-03-21,1.3003,1.3104,1.2995,1.31
2016-03-18,1.2977,1.3043,1.2921,1.2999
2016-03-17,1.3096,1.3134,1.2943,1.2972
2016-03-16,1.3355,1.3406,1.3091,1.3095
2016-03-15,1.326,1.3403,1.3256,1.3353
2016-03-14,1.3211,1.3309,1.3211,1.3258
2016-03-11,1.3346,1.3369,1.3166,1.3208
2016-03-10,1.3251,1.3399,1.323,1.3344
2016-03-09,1.3409,1.3448,1.3226,1.3249
2016-03-08,1.3282,1.3427,1.3278,1.3407
2016-03-07,1.3317,1.3379,1.3261,1.3277
2016-03-04,1.3404,1.3472,1.3311,1.3313
2016-03-03,1.3417,1.3474,1.3369,1.3399
2016-03-02,1.3408,1.3501,1.3404,1.3415
2016-03-01,1.3542,1.3554,1.3385,1.3406
2016-02-29,1.3511,1.3589,1.3481,1.3538
2016-02-26,1.3531,1.3567,1.3503,1.351
2016-02-25,1.3699,1.3737,1.3515,1.3529
2016-02-24,1.3792,1.3862,1.3676,1.37
2016-02-23,1.3703,1.3822,1.3692,1.3792
2016-02-22,1.3765,1.3794,1.366,1.3705
2016-02-19,1.3727,1.3848,1.3716,1.3765
2016-02-18,1.3672,1.3754,1.3651,1.3724
2016-02-17,1.3861,1.39,1.3665,1.3667
2016-02-16,1.3834,1.3912,1.3708,1.3859
2016-02-15,1.3853,1.3864,1.3798,1.3833
2016-02-12,1.3938,1.3967,1.3811,1.3845
2016-02-11,1.3925,1.4017,1.3881,1.3933
2016-02-10,1.3865,1.4,1.3818,1.3923
2016-02-09,1.3925,1.3962,1.3785,1.3863
2016-02-08,1.391,1.3979,1.384,1.3922
2016-02-05,1.3754,1.392,1.3707,1.3913
2016-02-04,1.3778,1.38,1.3637,1.3751
2016-02-03,1.4056,1.4104,1.3755,1.3779
2016-02-02,1.3948,1.4082,1.3937,1.4051
2016-02-01,1.3973,1.4063,1.3906,1.3945
2016-01-29,1.4026,1.4111,1.3965,1.3971
2016-01-28,1.4096,1.4125,1.3948,1.4027
2016-01-27,1.4118,1.4158,1.4026,1.4091
2016-01-26,1.4292,1.4328,1.4043,1.4114
2016-01-25,1.4118,1.4294,1.4118,1.4289
2016-01-22,1.4268,1.4303,1.4113,1.4115
2016-01-21,1.4502,1.4541,1.4227,1.4261
2016-01-20,1.4581,1.4692,1.4472,1.4501
2016-01-19,1.456,1.4591,1.443,1.4576
2016-01-18,1.4543,1.464,1.4486,1.4561
2016-01-15,1.4366,1.4555,1.4341,1.4538
2016-01-14,1.4339,1.44,1.4333,1.4364
2016-01-13,1.4259,1.4381,1.4185,1.4337
2016-01-12,1.4213,1.4316,1.4174,1.4261
2016-01-11,1.4169,1.4247,1.4064,1.4214
2016-01-08,1.4114,1.4179,1.4057,1.4168
2016-01-07,1.4073,1.4172,1.4048,1.4113
2016-01-06,1.3994,1.411,1.3971,1.4071
2016-01-05,1.3951,1.4021,1.3895,1.3995
2016-01-04,1.3839,1.3985,1.3814,1.3951
2016-01-01,1.3841,1.3871,1.3836,1.3848
2015-12-31,1.3877,1.3905,1.3819,1.3839
2015-12-30,1.3844,1.3929,1.3826,1.3877
2015-12-29,1.3904,1.3942,1.3814,1.384
2015-12-28,1.3817,1.3918,1.3815,1.3904
2015-12-25,1.3818,1.3842,1.3795,1.382
2015-12-24,1.3847,1.3876,1.3815,1.3816
2015-12-23,1.392,1.3937,1.3833,1.3845
2015-12-22,1.3958,1.3968,1.3914,1.3918
2015-12-21,1.3937,1.3995,1.3912,1.3957
2015-12-18,1.3937,1.4001,1.3853,1.3953
2015-12-17,1.3777,1.3988,1.3776,1.3935
2015-12-16,1.3733,1.3849,1.3726,1.3778
2015-12-15,1.3733,1.3768,1.3671,1.3728
2015-12-14,1.375,1.3783,1.3676,1.3733
2015-12-11,1.3626,1.3758,1.3622,1.3754
2015-12-10,1.3581,1.3641,1.353,1.3621
2015-12-09,1.3586,1.3622,1.3515,1.3575
2015-12-08,1.3498,1.3623,1.3495,1.3583
2015-12-07,1.3367,1.3525,1.3365,1.3493
2015-12-04,1.3354,1.3417,1.3315,1.3361
2015-12-03,1.3345,1.3401,1.3291,1.3355
2015-12-02,1.3355,1.3409,1.331,1.3342
2015-12-01,1.3363,1.3389,1.3308,1.3353
2015-11-30,1.3367,1.3396,1.331,1.3362
2015-11-27,1.3294,1.3378,1.3288,1.337
2015-11-26,1.3291,1.3326,1.3282,1.3291
2015-11-25,1.3303,1.334,1.3278,1.3284
2015-11-24,1.3362,1.3379,1.3283,1.3301
2015-11-23,1.3338,1.3438,1.3327,1.3363
2015-11-20,1.3285,1.3357,1.3268,1.3341
2015-11-19,1.3303,1.3316,1.3244,1.328
2015-11-18,1.3319,1.3371,1.3296,1.3297
2015-11-17,1.3328,1.3346,1.3295,1.3317
2015-11-16,1.3323,1.3372,1.3289,1.3328
2015-11-13,1.3291,1.3351,1.3265,1.3322
2015-11-12,1.3262,1.3343,1.3223,1.329
2015-11-11,1.3274,1.3285,1.323,1.3259
2015-11-10,1.3287,1.3299,1.3243,1.3274
2015-11-09,1.3304,1.3312,1.3243,1.3283
2015-11-06,1.3171,1.3319,1.3155,1.3306
2015-11-05,1.3147,1.3188,1.3138,1.3165
2015-11-04,1.3062,1.3193,1.3043,1.3145
2015-11-03,1.3095,1.3167,1.3036,1.3058
2015-11-02,1.3077,1.3118,1.3064,1.3091
2015-10-30,1.3169,1.3193,1.3054,1.3076
2015-10-29,1.319,1.324,1.3131,1.317
2015-10-28,1.3266,1.3281,1.3088,1.319
2015-10-27,1.3154,1.3274,1.3151,1.3264
2015-10-26,1.3165,1.3186,1.3119,1.315
2015-10-23,1.3089,1.32,1.3039,1.3161
2015-10-22,1.3139,1.3162,1.3082,1.3087
2015-10-21,1.298,1.3144,1.2967,1.3137
2015-10-20,1.3019,1.3049,1.2933,1.2976
2015-10-19,1.2915,1.303,1.2899,1.3017
2015-10-16,1.2864,1.2941,1.285,1.2908
2015-10-15,1.2936,1.295,1.2829,1.2862
2015-10-14,1.3036,1.3042,1.2909,1.2936
2015-10-13,1.2998,1.3082,1.2955,1.3038
2015-10-12,1.2952,1.3013,1.2901,1.2994
2015-10-09,1.3018,1.3023,1.2899,1.2941
2015-10-08,1.3058,1.3076,1.2977,1.3015
2015-10-07,1.3034,1.3074,1.2971,1.3055
2015-10-06,1.3085,1.3137,1.3024,1.3032
2015-10-05,1.3157,1.3177,1.3064,1.3084
2015-10-02,1.3268,1.3271,1.3149,1.3147
2015-10-01,1.3312,1.3333,1.3217,1.3265
2015-09-30,1.3423,1.3432,1.3304,1.3312
2015-09-29,1.3398,1.3458,1.337,1.3419
2015-09-28,1.3333,1.34,1.3316,1.3398
2015-09-25,1.3304,1.3357,1.3296,1.3335
2015-09-24,1.3321,1.3419,1.3289,1.3299
2015-09-23,1.3272,1.3358,1.3231,1.3317
2015-09-22,1.3253,1.33,1.3217,1.3268
2015-09-21,1.3207,1.3266,1.3174,1.3254
2015-09-18,1.3183,1.323,1.3009,1.3223
2015-09-17,1.3169,1.3209,1.3071,1.3181
2015-09-16,1.3249,1.3261,1.316,1.3168
2015-09-15,1.3267,1.3274,1.3225,1.3246
2015-09-14,1.3261,1.3282,1.3224,1.3261
2015-09-11,1.3252,1.3311,1.3213,1.326
2015-09-10,1.326,1.3291,1.3176,1.3253
2015-09-09,1.3207,1.3262,1.3153,1.3255
2015-09-08,1.3309,1.331,1.3183,1.3204
2015-09-07,1.3277,1.3311,1.3244,1.3306
2015-09-04,1.3179,1.3291,1.3162,1.3281
2015-09-03,1.3271,1.3291,1.3135,1.3174
2015-09-02,1.3259,1.3325,1.3198,1.3263
2015-09-01,1.314,1.3262,1.3118,1.3259
2015-08-31,1.3202,1.3329,1.3115,1.3135
2015-08-28,1.3199,1.3302,1.3165,1.32
2015-08-27,1.3291,1.3307,1.3178,1.3197
2015-08-26,1.3337,1.335,1.3249,1.329
2015-08-25,1.3286,1.3355,1.3146,1.3331
2015-08-24,1.3186,1.3289,1.3159,1.3286
2015-08-21,1.3089,1.319,1.306,1.3184
2015-08-20,1.3126,1.3178,1.3058,1.3087
2015-08-19,1.306,1.3179,1.3022,1.3128
2015-08-18,1.308,1.3128,1.3039,1.3057
2015-08-17,1.3089,1.3154,1.3058,1.3077
2015-08-14,1.306,1.3099,1.3014,1.3086
2015-08-13,1.2974,1.3093,1.2957,1.3055
2015-08-12,1.3115,1.3159,1.295,1.2975
2015-08-11,1.3001,1.3152,1.2993,1.311
2015-08-10,1.3131,1.3184,1.2991,1.3
2015-08-07,1.3109,1.3185,1.3049,1.3128
2015-08-06,1.3177,1.3199,1.3094,1.3105
2015-08-05,1.3194,1.3215,1.3109,1.3178
2015-08-04,1.3153,1.3202,1.3104,1.3189
2015-08-03,1.3097,1.3179,1.308,1.3151
2015-07-31,1.2996,1.3094,1.2942,1.3086
2015-07-30,1.2946,1.3045,1.2941,1.2999
2015-07-29,1.2921,1.2969,1.2861,1.2943
2015-07-28,1.3037,1.3043,1.2909,1.2918
2015-07-27,1.3037,1.305,1.2979,1.3038
2015-07-24,1.3037,1.3104,1.3015,1.3048
2015-07-23,1.3034,1.3049,1.2948,1.3033
2015-07-22,1.2948,1.3055,1.2934,1.303
2015-07-21,1.2992,1.3015,1.2916,1.2944
2015-07-20,1.2973,1.3026,1.2952,1.2992
2015-07-17,1.2955,1.3009,1.2946,1.297
2015-07-16,1.2913,1.2971,1.2903,1.2952
2015-07-15,1.2728,1.296,1.2721,1.2912
2015-07-14,1.2741,1.2807,1.2717,1.2722
2015-07-13,1.2674,1.2792,1.2671,1.2739
2015-07-10,1.2706,1.2756,1.2654,1.2655
2015-07-09,1.2746,1.2751,1.2664,1.2703
2015-07-08,1.2706,1.277,1.2686,1.2744
2015-07-07,1.2652,1.2781,1.2643,1.2702
2015-07-06,1.2572,1.2665,1.2563,1.2651
2015-07-03,1.2538,1.2604,1.2536,1.2572
2015-07-02,1.2591,1.2636,1.2537,1.2536
2015-07-01,1.2494,1.2599,1.2474,1.2586
2015-06-30,1.2403,1.2502,1.2361,1.2491
2015-06-29,1.2342,1.2414,1.2304,1.24
2015-06-26,1.2328,1.2399,1.2311,1.2316
2015-06-25,1.2382,1.2401,1.231,1.2327
2015-06-24,1.2324,1.2424,1.2275,1.2382
2015-06-23,1.231,1.2384,1.2306,1.2324
2015-06-22,1.2268,1.2331,1.2217,1.2308
2015-06-19,1.2222,1.2297,1.2213,1.2264
2015-06-18,1.2228,1.2252,1.2126,1.222
2015-06-17,1.2294,1.2335,1.2219,1.2223
2015-06-16,1.2325,1.2348,1.2282,1.2291
2015-06-15,1.2319,1.2361,1.2295,1.2324
2015-06-12,1.2289,1.235,1.2275,1.232
2015-06-11,1.2254,1.2355,1.2251,1.229
2015-06-10,1.2338,1.2354,1.2201,1.2253
2015-06-09,1.2411,1.2443,1.2306,1.2336
2015-06-08,1.2441,1.2474,1.2381,1.241
2015-06-05,1.2502,1.2563,1.2426,1.2437
2015-06-04,1.2453,1.2505,1.2433,1.2502
2015-06-03,1.2401,1.2511,1.2382,1.2453
2015-06-02,1.2523,1.2537,1.2365,1.2399
2015-06-01,1.2441,1.2565,1.2438,1.2521
2015-05-29,1.2438,1.2529,1.2408,1.2445
2015-05-28,1.2452,1.254,1.2419,1.2435
2015-05-27,1.2434,1.2494,1.2393,1.245
2015-05-26,1.2318,1.2449,1.2303,1.2432
2015-05-25,1.2285,1.2319,1.2275,1.2309
2015-05-22,1.2195,1.2323,1.217,1.2277
2015-05-21,1.2209,1.2244,1.2169,1.2197
2015-05-20,1.2233,1.2258,1.2167,1.2206
2015-05-19,1.2161,1.2252,1.2129,1.2231
2015-05-18,1.2013,1.2173,1.2002,1.2158
2015-05-15,1.1984,1.2069,1.1978,1.201
2015-05-14,1.1957,1.2008,1.1918,1.198
2015-05-13,1.2016,1.2031,1.1929,1.1954
2015-05-12,1.2104,1.2109,1.1976,1.2014
2015-05-11,1.2078,1.2146,1.2063,1.2102
2015-05-08,1.213,1.2148,1.2044,1.2068
2015-05-07,1.2048,1.2164,1.203,1.2125
2015-05-06,1.2069,1.2089,1.194,1.2044
2015-05-05,1.2096,1.2134,1.2001,1.2064
2015-05-04,1.2157,1.2182,1.2085,1.2093
2015-05-01,1.2077,1.2206,1.2061,1.2158
2015-04-30,1.2018,1.2133,1.1995,1.2075
2015-04-29,1.2035,1.2075,1.1944,1.2019
2015-04-28,1.2087,1.2119,1.2013,1.2033
2015-04-27,1.2184,1.2197,1.208,1.2085
2015-04-24,1.2141,1.2188,1.2101,1.2178
2015-04-23,1.2237,1.227,1.2118,1.2141
2015-04-22,1.2281,1.2289,1.2209,1.2236
2015-04-21,1.222,1.2307,1.2212,1.2279
2015-04-20,1.2223,1.2261,1.218,1.2221
2015-04-17,1.2187,1.2273,1.2086,1.2247
2015-04-16,1.2291,1.2329,1.2141,1.2185
2015-04-15,1.2485,1.2571,1.228,1.2286
2015-04-14,1.2598,1.2605,1.2443,1.2484
2015-04-13,1.2577,1.2647,1.2557,1.2593
2015-04-10,1.2578,1.2668,1.2562,1.256
2015-04-09,1.2546,1.2615,1.2506,1.2577
2015-04-08,1.2504,1.256,1.2386,1.2541
2015-04-07,1.2481,1.2523,1.2453,1.2503
2015-04-06,1.2453,1.2507,1.2435,1.2477
2015-04-03,1.2559,1.2576,1.2428,1.2482
2015-04-02,1.2618,1.2657,1.2555,1.2555
2015-04-01,1.2684,1.2712,1.2574,1.2619
2015-03-31,1.2676,1.2785,1.265,1.2686
2015-03-30,1.2606,1.2708,1.2595,1.2673
2015-03-27,1.248,1.2624,1.2466,1.2608
2015-03-26,1.2521,1.2534,1.2408,1.2481
2015-03-25,1.2494,1.2541,1.2473,1.2514
2015-03-24,1.2523,1.2548,1.2428,1.2491
2015-03-23,1.2557,1.2617,1.2495,1.2522
2015-03-20,1.2718,1.2725,1.2546,1.2548
2015-03-19,1.2563,1.276,1.2508,1.2716
2015-03-18,1.2792,1.2835,1.2476,1.2563
2015-03-17,1.2773,1.2799,1.2749,1.2788
2015-03-16,1.2784,1.2819,1.2734,1.2772
2015-03-13,1.2685,1.2825,1.2681,1.2782
2015-03-12,1.275,1.277,1.2619,1.2685
2015-03-11,1.2689,1.2799,1.2664,1.275
2015-03-10,1.2603,1.2691,1.2598,1.2686
2015-03-09,1.2622,1.2627,1.2573,1.26
2015-03-06,1.2485,1.2628,1.2455,1.2619
2015-03-05,1.2427,1.252,1.2407,1.2484
2015-03-04,1.2497,1.254,1.2407,1.2425
2015-03-03,1.2535,1.2545,1.2432,1.2494
2015-03-02,1.2482,1.2566,1.2475,1.2535
2015-02-27,1.2515,1.2531,1.2448,1.2506
2015-02-26,1.2436,1.2536,1.2385,1.2513
2015-02-25,1.2487,1.25,1.24,1.2434
2015-02-24,1.2571,1.2665,1.2478,1.2481
2015-02-23,1.253,1.2626,1.2521,1.2571
2015-02-20,1.2496,1.2566,1.242,1.2526
2015-02-19,1.2455,1.2548,1.2433,1.2495
2015-02-18,1.2391,1.2468,1.2378,1.2454
2015-02-17,1.2466,1.248,1.2361,1.2387
2015-02-16,1.2448,1.2492,1.242,1.2465
2015-02-13,1.2508,1.2538,1.242,1.2447
2015-02-12,1.2632,1.2647,1.2438,1.2503
2015-02-11,1.2586,1.2699,1.257,1.263
2015-02-10,1.2467,1.2625,1.2449,1.2586
2015-02-09,1.254,1.2546,1.2427,1.2466
2015-02-06,1.2435,1.2548,1.2416,1.2523
2015-02-05,1.2575,1.2588,1.2392,1.2434
2015-02-04,1.2416,1.2593,1.2388,1.2573
2015-02-03,1.2564,1.2645,1.2353,1.2415
2015-02-02,1.2733,1.2775,1.2555,1.2566
2015-01-30,1.2616,1.28,1.2604,1.273
2015-01-29,1.2537,1.2679,1.2509,1.2616
2015-01-28,1.2396,1.2539,1.2385,1.2534
2015-01-27,1.2475,1.2501,1.2378,1.2399
2015-01-26,1.2444,1.2491,1.2402,1.2472
2015-01-23,1.2381,1.2457,1.2358,1.2418
2015-01-22,1.234,1.2421,1.2313,1.2379
2015-01-21,1.2113,1.2396,1.2062,1.2339
2015-01-20,1.1944,1.2116,1.1934,1.2111
2015-01-19,1.1976,1.1987,1.1932,1.1937
2015-01-16,1.196,1.2048,1.1949,1.1983
2015-01-15,1.1951,1.1997,1.1801,1.1958
2015-01-14,1.1959,1.2018,1.1927,1.1951
2015-01-13,1.1974,1.1995,1.1924,1.1955
2015-01-12,1.1864,1.1976,1.1835,1.1972
2015-01-09,1.1828,1.1891,1.1804,1.1866
2015-01-08,1.1813,1.1845,1.1794,1.1829
2015-01-07,1.1836,1.1875,1.1811,1.1812
2015-01-06,1.1763,1.1841,1.173,1.1835
2015-01-05,1.178,1.182,1.1741,1.1762
2015-01-02,1.1613,1.1787,1.1598,1.1783
2015-01-01,1.1622,1.1624,1.1611,1.1615
2014-12-31,1.1612,1.1629,1.1565,1.1618
2014-12-30,1.1634,1.1652,1.1595,1.161
2014-12-29,1.1618,1.165,1.1604,1.1632
2014-12-26,1.1624,1.1632,1.1603,1.1625
2014-12-25,1.1624,1.1634,1.161,1.1624
2014-12-24,1.1614,1.1643,1.1588,1.1623
2014-12-23,1.1628,1.1669,1.1597,1.1613
2014-12-22,1.1597,1.1647,1.1577,1.1625
2014-12-19,1.1576,1.1633,1.1565,1.1599
2014-12-18,1.1629,1.165,1.1567,1.1575
2014-12-17,1.163,1.1673,1.1559,1.1629
2014-12-16,1.1672,1.1675,1.1606,1.1625
2014-12-15,1.158,1.1675,1.1548,1.167
2014-12-12,1.1518,1.1593,1.1514,1.1581
2014-12-11,1.1481,1.1551,1.1446,1.152
2014-12-10,1.1447,1.1503,1.1433,1.1481
2014-12-09,1.1481,1.1502,1.1396,1.1442
2014-12-08,1.1446,1.1487,1.1424,1.1478
2014-12-05,1.1384,1.1477,1.1376,1.1438
2014-12-04,1.1365,1.1399,1.1338,1.1384
2014-12-03,1.1411,1.142,1.1345,1.1362
2014-12-02,1.133,1.1425,1.1315,1.1405
2014-12-01,1.1422,1.146,1.1312,1.1328
2014-11-28,1.133,1.1446,1.1325,1.1413
2014-11-27,1.1247,1.1356,1.1233,1.1327
2014-11-26,1.1261,1.1299,1.1226,1.1242
2014-11-25,1.1279,1.1318,1.123,1.1256
2014-11-24,1.1242,1.1314,1.1224,1.1277
2014-11-21,1.1307,1.1328,1.1191,1.1229
2014-11-20,1.1342,1.137,1.129,1.1298
2014-11-19,1.1296,1.1361,1.1293,1.134
2014-11-18,1.1307,1.1325,1.1257,1.1294
2014-11-17,1.1287,1.1329,1.1268,1.1303
2014-11-14,1.1367,1.1395,1.1262,1.1287
2014-11-13,1.1319,1.1393,1.1298,1.1365
2014-11-12,1.1336,1.1361,1.1279,1.1314
2014-11-11,1.1381,1.1403,1.1315,1.133
2014-11-10,1.133,1.1386,1.1299,1.1378
2014-11-07,1.1423,1.145,1.131,1.1326
2014-11-06,1.1386,1.1445,1.1377,1.1421
2014-11-05,1.141,1.1468,1.1369,1.1385
2014-11-04,1.1358,1.1428,1.1338,1.1408
2014-11-03,1.1266,1.1378,1.1263,1.1357
2014-10-31,1.1187,1.1334,1.1179,1.1265
2014-10-30,1.1183,1.1225,1.1162,1.1185
2014-10-29,1.1166,1.1225,1.112,1.1178
2014-10-28,1.1247,1.1254,1.1163,1.1164
2014-10-27,1.1237,1.1257,1.1212,1.1244
2014-10-24,1.1229,1.1245,1.1192,1.1229
2014-10-23,1.1239,1.1265,1.1205,1.1228
2014-10-22,1.1223,1.1295,1.1183,1.1236
2014-10-21,1.1284,1.1298,1.1201,1.1218
2014-10-20,1.1271,1.1295,1.125,1.1283
2014-10-17,1.1258,1.1284,1.1208,1.1275
2014-10-16,1.1254,1.1362,1.1227,1.1254
2014-10-15,1.1297,1.1387,1.1224,1.1253
2014-10-14,1.1198,1.1315,1.1186,1.1293
2014-10-13,1.1178,1.1221,1.117,1.1196
2014-10-10,1.1186,1.1223,1.116,1.1198
2014-10-09,1.1107,1.1189,1.1079,1.1183
2014-10-08,1.1174,1.1212,1.1092,1.1105
2014-10-07,1.1132,1.1198,1.1126,1.1172
2014-10-06,1.1254,1.1267,1.1109,1.113
2014-10-03,1.1158,1.1271,1.1153,1.1242
2014-10-02,1.1164,1.118,1.1069,1.1154
2014-10-01,1.1197,1.1225,1.1159,1.1162
2014-09-30,1.1165,1.1221,1.1132,1.1196
2014-09-29,1.1155,1.118,1.1128,1.1161
2014-09-26,1.111,1.117,1.109,1.115
2014-09-25,1.1058,1.1128,1.1054,1.1108
2014-09-24,1.1079,1.1123,1.1051,1.1055
2014-09-23,1.1043,1.1085,1.0983,1.1075
2014-09-22,1.0953,1.1045,1.0926,1.1043
2014-09-19,1.0936,1.0982,1.0886,1.0961
2014-09-18,1.0998,1.1025,1.0927,1.0932
2014-09-17,1.0974,1.1021,1.0925,1.0996
2014-09-16,1.1054,1.1073,1.0964,1.0967
2014-09-15,1.1093,1.1101,1.1034,1.1053
2014-09-12,1.1035,1.1099,1.1028,1.1092
2014-09-11,1.0937,1.106,1.0932,1.103
2014-09-10,1.0985,1.1016,1.0932,1.0932
2014-09-09,1.0974,1.1033,1.0963,1.0979
2014-09-08,1.0884,1.0984,1.088,1.0973
2014-09-05,1.0871,1.0903,1.0841,1.0878
2014-09-04,1.0888,1.0911,1.0819,1.0874
2014-09-03,1.0929,1.0944,1.0868,1.0886
2014-09-02,1.0871,1.0937,1.0866,1.0926
2014-09-01,1.0877,1.088,1.0855,1.087
2014-08-29,1.0862,1.0881,1.0809,1.0875
2014-08-28,1.0865,1.0871,1.0834,1.086
2014-08-27,1.0953,1.0958,1.0826,1.0863
2014-08-26,1.0986,1.0999,1.0939,1.0949
2014-08-25,1.0956,1.0988,1.0942,1.0982
2014-08-22,1.0941,1.0981,1.0926,1.0944
2014-08-21,1.097,1.0988,1.0938,1.0941
2014-08-20,1.0942,1.0975,1.093,1.0966
2014-08-19,1.0888,1.0951,1.0883,1.094
2014-08-18,1.0892,1.0901,1.0873,1.0885
2014-08-15,1.0904,1.092,1.0858,1.0893
2014-08-14,1.0913,1.0923,1.0885,1.0899
2014-08-13,1.0924,1.0942,1.0904,1.091
2014-08-12,1.0921,1.0955,1.0912,1.0923
2014-08-11,1.0972,1.0979,1.0916,1.0921
2014-08-08,1.0927,1.0986,1.0908,1.0971
2014-08-07,1.0915,1.094,1.0902,1.0925
2014-08-06,1.0962,1.0987,1.0909,1.0913
2014-08-05,1.0905,1.0978,1.0904,1.0958
2014-08-04,1.0917,1.0936,1.0904,1.0905
2014-08-01,1.0907,1.0945,1.0883,1.0914
2014-07-31,1.0903,1.0931,1.0875,1.0904
2014-07-30,1.085,1.0919,1.0846,1.0901
2014-07-29,1.0798,1.0867,1.0794,1.085
2014-07-28,1.0815,1.0823,1.0795,1.0794
2014-07-25,1.0745,1.0822,1.0735,1.081
2014-07-24,1.0728,1.0753,1.0715,1.0743
2014-07-23,1.0739,1.0747,1.0709,1.0726
2014-07-22,1.0739,1.0761,1.0728,1.0737
2014-07-21,1.0737,1.0754,1.0724,1.0734
2014-07-18,1.0761,1.0768,1.0708,1.0729
2014-07-17,1.0742,1.0766,1.0725,1.0761
2014-07-16,1.0759,1.0796,1.0722,1.074
2014-07-15,1.071,1.0771,1.0707,1.0756
2014-07-14,1.0734,1.0749,1.0707,1.0708
2014-07-11,1.065,1.0738,1.0628,1.0731
2014-07-10,1.0651,1.0678,1.0642,1.0647
2014-07-09,1.068,1.0685,1.0639,1.065
2014-07-08,1.0684,1.0696,1.066,1.0676
2014-07-07,1.0654,1.0686,1.0629,1.0682
2014-07-04,1.0635,1.0661,1.0628,1.0653
2014-07-03,1.0663,1.0682,1.0618,1.0633
2014-07-02,1.0631,1.0672,1.0624,1.0662
2014-07-01,1.0672,1.068,1.0628,1.0631
2014-06-30,1.0662,1.0698,1.0645,1.0667
2014-06-27,1.0686,1.0698,1.0658,1.0665
2014-06-26,1.072,1.0726,1.0681,1.0688
2014-06-25,1.0744,1.0753,1.0715,1.0715
2014-06-24,1.073,1.0747,1.0713,1.0743
2014-06-23,1.0763,1.0766,1.0716,1.0727
2014-06-20,1.0819,1.0827,1.0749,1.0757
2014-06-19,1.0837,1.0845,1.0807,1.0815
2014-06-18,1.0862,1.0888,1.0833,1.0836
2014-06-17,1.0843,1.0877,1.0838,1.0858
2014-06-16,1.0859,1.0884,1.0835,1.0842
2014-06-13,1.0857,1.0871,1.0845,1.0854
2014-06-12,1.0869,1.0871,1.0839,1.085
2014-06-11,1.0904,1.0909,1.0859,1.0865
2014-06-10,1.0905,1.0923,1.0888,1.0899
2014-06-09,1.0928,1.0943,1.0899,1.0902
2014-06-06,1.0925,1.0949,1.0907,1.0932
2014-06-05,1.0937,1.0962,1.0914,1.0923
2014-06-04,1.0909,1.0957,1.0905,1.0938
2014-06-03,1.09,1.0924,1.0888,1.0905
2014-06-02,1.0846,1.0913,1.0838,1.0899
2014-05-30,1.0837,1.087,1.082,1.0841
2014-05-29,1.0875,1.088,1.0823,1.0834
2014-05-28,1.0856,1.0888,1.084,1.0871
2014-05-27,1.086,1.0876,1.0833,1.0853
2014-05-26,1.0871,1.0876,1.085,1.0857
2014-05-23,1.089,1.091,1.086,1.0861
2014-05-22,1.0913,1.0932,1.0884,1.0886
2014-05-21,1.0908,1.0944,1.0892,1.0912
2014-05-20,1.0876,1.0918,1.0865,1.0906
2014-05-19,1.0861,1.0878,1.0849,1.0874
2014-05-16,1.0886,1.089,1.0853,1.0855
2014-05-15,1.0888,1.0892,1.085,1.0885
2014-05-14,1.0907,1.0923,1.0868,1.0887
2014-05-13,1.0895,1.0928,1.0885,1.0902
2014-05-12,1.0903,1.0909,1.0873,1.0894
2014-05-09,1.0833,1.0918,1.0814,1.0893
2014-05-08,1.09,1.0905,1.0812,1.083
2014-05-07,1.0892,1.0909,1.0875,1.0898
2014-05-06,1.0956,1.0963,1.0872,1.0891
2014-05-05,1.0978,1.0991,1.0947,1.0953
2014-05-02,1.0956,1.1007,1.0936,1.0973
2014-05-01,1.0962,1.0997,1.095,1.0954
2014-04-30,1.0944,1.0981,1.094,1.0958
2014-04-29,1.1029,1.1031,1.0941,1.0941
2014-04-28,1.1038,1.1044,1.1015,1.1027
2014-04-25,1.1021,1.1049,1.1013,1.1036
2014-04-24,1.1033,1.104,1.1012,1.102
2014-04-23,1.1027,1.1055,1.1015,1.1031
2014-04-22,1.101,1.1044,1.0998,1.1023
2014-04-21,1.102,1.1033,1.1006,1.1009
2014-04-18,1.1003,1.103,1.0996,1.1014
2014-04-17,1.101,1.1021,1.0982,1.1001
2014-04-16,1.0978,1.1036,1.0959,1.1008
2014-04-15,1.0962,1.1014,1.0957,1.0973
2014-04-14,1.0962,1.0994,1.094,1.096
2014-04-11,1.0936,1.0986,1.0916,1.0979
2014-04-10,1.0879,1.0938,1.0865,1.0933
2014-04-09,1.092,1.0944,1.0856,1.0877
2014-04-08,1.0976,1.0979,1.091,1.0921
2014-04-07,1.0979,1.1011,1.096,1.0971
2014-04-04,1.1037,1.1044,1.0955,1.0978
2014-04-03,1.1033,1.1047,1.1004,1.1031
2014-04-02,1.1024,1.1049,1.1002,1.1029
2014-04-01,1.105,1.1072,1.101,1.1021
2014-03-31,1.1065,1.107,1.1001,1.1048
2014-03-28,1.1033,1.1079,1.1,1.106
2014-03-27,1.1102,1.1108,1.1013,1.103
2014-03-26,1.1167,1.1172,1.108,1.1099
2014-03-25,1.1191,1.1212,1.1154,1.1165
2014-03-24,1.122,1.1248,1.1183,1.1191
2014-03-21,1.1243,1.1264,1.1173,1.1219
2014-03-20,1.124,1.128,1.1232,1.1239
2014-03-19,1.1136,1.1272,1.112,1.1234
2014-03-18,1.1052,1.1148,1.1025,1.1134
2014-03-17,1.1101,1.1109,1.1043,1.1051
2014-03-14,1.1071,1.1112,1.1062,1.1102
2014-03-13,1.1118,1.1124,1.1041,1.1073
2014-03-12,1.1106,1.1155,1.1089,1.1118
2014-03-11,1.1107,1.1133,1.1069,1.1103
2014-03-10,1.1078,1.1132,1.1071,1.1107
2014-03-07,1.0986,1.1102,1.0977,1.1081
2014-03-06,1.1029,1.1048,1.0953,1.0984
2014-03-05,1.109,1.1102,1.1027,1.1025
2014-03-04,1.1077,1.1119,1.106,1.1091
2014-03-03,1.1054,1.1111,1.1038,1.1076
2014-02-28,1.1121,1.1137,1.104,1.1064
2014-02-27,1.1128,1.1161,1.1116,1.1118
2014-02-26,1.1084,1.1146,1.1071,1.1126
2014-02-25,1.1062,1.1098,1.1052,1.1081
2014-02-24,1.1113,1.1144,1.1052,1.1055
2014-02-21,1.11,1.1181,1.109,1.1109
2014-02-20,1.108,1.1114,1.1058,1.1095
2014-02-19,1.0949,1.1088,1.0908,1.1076
2014-02-18,1.0963,1.0978,1.0938,1.0945
2014-02-17,1.0991,1.0999,1.0952,1.096
2014-02-14,1.0977,1.0991,1.0938,1.0977
2014-02-13,1.1003,1.1028,1.0952,1.0972
2014-02-12,1.1008,1.1027,1.0973,1.0999
2014-02-11,1.1053,1.1092,1.1,1.1004
2014-02-10,1.1034,1.1064,1.1017,1.1054
2014-02-07,1.1071,1.1081,1.0966,1.1031
2014-02-06,1.1083,1.1124,1.1048,1.1068
2014-02-05,1.1082,1.1123,1.1036,1.1082
2014-02-04,1.112,1.1125,1.1046,1.1081
2014-02-03,1.1132,1.1137,1.104,1.1116
2014-01-31,1.1157,1.1226,1.1086,1.1126
2014-01-30,1.117,1.12,1.1149,1.1155
2014-01-29,1.1154,1.1188,1.1101,1.117
2014-01-28,1.1117,1.1179,1.1076,1.1147
2014-01-27,1.1083,1.1119,1.1029,1.1113
2014-01-24,1.1101,1.1139,1.1052,1.1087
2014-01-23,1.1087,1.1175,1.108,1.11
2014-01-22,1.0968,1.1094,1.0951,1.1083
2014-01-21,1.0949,1.102,1.094,1.0965
2014-01-20,1.0963,1.0974,1.0929,1.0944
2014-01-17,1.093,1.0985,1.0924,1.096
2014-01-16,1.0935,1.0964,1.0903,1.0929
2014-01-15,1.0947,1.0993,1.0918,1.0933
2014-01-14,1.0863,1.0961,1.0857,1.0942
2014-01-13,1.0892,1.0931,1.0841,1.0861
2014-01-10,1.084,1.0947,1.0835,1.0891
2014-01-09,1.0817,1.0876,1.0816,1.0837
2014-01-08,1.0766,1.0831,1.0758,1.0818
2014-01-07,1.0656,1.0783,1.065,1.0764
2014-01-06,1.0636,1.0682,1.0608,1.0653
2014-01-03,1.0671,1.0674,1.0601,1.0632
2014-01-02,1.0644,1.0679,1.0587,1.0668
2014-01-01,1.0623,1.065,1.0619,1.0641
2013-12-31,1.065,1.0659,1.0612,1.062
2013-12-30,1.0702,1.073,1.0634,1.0645
2013-12-27,1.0648,1.072,1.0618,1.0703
2013-12-26,1.0631,1.0651,1.0615,1.0645
2013-12-25,1.0631,1.0641,1.0604,1.0633
2013-12-24,1.0606,1.0638,1.0604,1.0629
2013-12-23,1.064,1.0655,1.0579,1.0603
2013-12-20,1.0664,1.0739,1.0629,1.0634
2013-12-19,1.0703,1.0729,1.066,1.0662
2013-12-18,1.0607,1.0704,1.0601,1.07
2013-12-17,1.0597,1.062,1.0575,1.0605
2013-12-16,1.0587,1.06,1.0572,1.0594
2013-12-13,1.0639,1.0671,1.0578,1.0582
2013-12-12,1.0591,1.0658,1.0559,1.0638
2013-12-11,1.0602,1.0622,1.0583,1.0588
2013-12-10,1.0627,1.0647,1.06,1.0599
2013-12-09,1.0638,1.0671,1.0623,1.0627
2013-12-06,1.0654,1.0707,1.062,1.0634
2013-12-05,1.0684,1.0701,1.0624,1.0652
2013-12-04,1.065,1.0709,1.0635,1.068
2013-12-03,1.0644,1.0674,1.0629,1.0646
2013-12-02,1.0614,1.0655,1.0605,1.0641
2013-11-29,1.0581,1.063,1.0557,1.0614
2013-11-28,1.0596,1.06,1.0568,1.0578
2013-11-27,1.0542,1.0604,1.0529,1.0594
2013-11-26,1.0543,1.056,1.0519,1.0539
2013-11-25,1.0518,1.0585,1.0515,1.0542
2013-11-22,1.0517,1.057,1.0511,1.0513
2013-11-21,1.0454,1.0528,1.0444,1.0516
2013-11-20,1.0469,1.0476,1.0434,1.0453
2013-11-19,1.0429,1.0486,1.0414,1.0469
2013-11-18,1.044,1.0448,1.0414,1.0426
2013-11-15,1.0463,1.0486,1.0434,1.0438
2013-11-14,1.0455,1.0527,1.0439,1.0459
2013-11-13,1.0495,1.0498,1.045,1.0453
2013-11-12,1.0478,1.051,1.0463,1.0495
2013-11-11,1.0482,1.0489,1.0464,1.0475
2013-11-08,1.0462,1.0505,1.0443,1.0478
2013-11-07,1.0419,1.0465,1.0402,1.0457
2013-11-06,1.0456,1.0461,1.041,1.0418
2013-11-05,1.0425,1.0464,1.0415,1.0452
2013-11-04,1.0423,1.0432,1.0396,1.042
2013-11-01,1.0431,1.0455,1.0409,1.0419
2013-10-31,1.0481,1.0492,1.0409,1.0428
2013-10-30,1.047,1.0498,1.044,1.0478
2013-10-29,1.0446,1.0473,1.0427,1.0467
2013-10-28,1.045,1.0453,1.0428,1.0442
2013-10-25,1.0421,1.0463,1.0408,1.0447
2013-10-24,1.0382,1.0439,1.0365,1.0421
2013-10-23,1.0286,1.0399,1.028,1.0381
2013-10-22,1.0303,1.0312,1.0269,1.0284
2013-10-21,1.0294,1.0306,1.0285,1.03
2013-10-18,1.029,1.0303,1.0275,1.0285
2013-10-17,1.0326,1.0334,1.0279,1.0288
2013-10-16,1.0383,1.0387,1.0323,1.0326
2013-10-15,1.0354,1.0393,1.0329,1.0379
2013-10-14,1.0352,1.0377,1.0341,1.0352
2013-10-11,1.0399,1.0414,1.034,1.0347
2013-10-10,1.0395,1.0421,1.0369,1.0396
2013-10-09,1.0368,1.0409,1.0351,1.0391
2013-10-08,1.0313,1.0375,1.0305,1.0365
2013-10-07,1.029,1.0335,1.0286,1.0311
2013-10-04,1.0334,1.0342,1.0288,1.0294
2013-10-03,1.0337,1.0341,1.0311,1.0332
2013-10-02,1.0324,1.0358,1.032,1.0335
2013-10-01,1.0309,1.0338,1.0286,1.0322
2013-09-30,1.0303,1.0321,1.0274,1.0308
2013-09-27,1.0309,1.0334,1.0296,1.0303
2013-09-26,1.0314,1.0342,1.0301,1.0308
2013-09-25,1.0301,1.0321,1.0284,1.0312
2013-09-24,1.0284,1.0312,1.0271,1.03
2013-09-23,1.03,1.0319,1.0272,1.0281
2013-09-20,1.0266,1.0312,1.0261,1.0304
2013-09-19,1.0223,1.0269,1.0181,1.0261
2013-09-18,1.0297,1.0319,1.0201,1.0217
2013-09-17,1.0324,1.0336,1.0275,1.0294
2013-09-16,1.0353,1.0359,1.0281,1.0323
2013-09-13,1.0322,1.0358,1.0319,1.035
2013-09-12,1.032,1.0338,1.0304,1.0321
2013-09-11,1.0347,1.0367,1.0311,1.0319
2013-09-10,1.0371,1.0381,1.0328,1.0348
2013-09-09,1.0408,1.0423,1.0358,1.037
2013-09-06,1.0505,1.0507,1.038,1.0402
2013-09-05,1.0496,1.0518,1.0474,1.0503
2013-09-04,1.0535,1.0544,1.0473,1.0491
2013-09-03,1.0545,1.0562,1.0507,1.0531
2013-09-02,1.0522,1.0559,1.0513,1.0543
2013-08-30,1.0532,1.056,1.0507,1.0534
2013-08-29,1.0486,1.0543,1.0477,1.053
2013-08-28,1.0472,1.0513,1.0471,1.0484
2013-08-27,1.0501,1.0542,1.047,1.0473
2013-08-26,1.0498,1.0535,1.0494,1.0498
2013-08-23,1.0516,1.057,1.0494,1.0494
2013-08-22,1.0475,1.0532,1.0468,1.0515
2013-08-21,1.0392,1.0484,1.0386,1.0472
2013-08-20,1.0346,1.0403,1.0338,1.0389
2013-08-19,1.0335,1.035,1.0315,1.0344
2013-08-16,1.0305,1.0362,1.0291,1.0335
2013-08-15,1.0343,1.0366,1.0298,1.0304
2013-08-14,1.0343,1.0371,1.0316,1.0339
2013-08-13,1.0307,1.035,1.0301,1.0342
2013-08-12,1.0294,1.0318,1.028,1.0305
2013-08-09,1.0328,1.0355,1.0274,1.0286
2013-08-08,1.0423,1.0432,1.0302,1.0324
2013-08-07,1.0377,1.0447,1.0367,1.0422
2013-08-06,1.036,1.0392,1.0347,1.0374
2013-08-05,1.0385,1.0405,1.0358,1.0358
2013-08-02,1.0347,1.0404,1.0338,1.0385
2013-08-01,1.0277,1.0353,1.0265,1.0345
2013-07-31,1.0309,1.0337,1.0245,1.0275
2013-07-30,1.0266,1.0312,1.0257,1.0307
2013-07-29,1.0282,1.0288,1.0252,1.0264
2013-07-26,1.028,1.0305,1.026,1.028
2013-07-25,1.0317,1.0322,1.0253,1.0277
2013-07-24,1.0286,1.0327,1.026,1.0315
2013-07-23,1.0334,1.0351,1.0275,1.0285
2013-07-22,1.0366,1.0371,1.0319,1.0334
2013-07-19,1.0379,1.0395,1.0353,1.0365
2013-07-18,1.0404,1.0441,1.0373,1.0374
2013-07-17,1.0368,1.0441,1.0354,1.0402
2013-07-16,1.0429,1.0444,1.0361,1.0367
2013-07-15,1.039,1.0435,1.0377,1.0426
2013-07-12,1.0366,1.0406,1.0357,1.0392
2013-07-11,1.0467,1.0476,1.0322,1.0363
2013-07-10,1.0522,1.0542,1.0444,1.0464
2013-07-09,1.0561,1.0576,1.0511,1.052
2013-07-08,1.0567,1.059,1.0543,1.0555
2013-07-05,1.0511,1.061,1.0509,1.0577
2013-07-04,1.0505,1.0559,1.0469,1.051
2013-07-03,1.0541,1.0566,1.05,1.05
2013-07-02,1.0497,1.058,1.049,1.0543
2013-07-01,1.0516,1.0537,1.0486,1.0495
2013-06-28,1.0477,1.0555,1.045,1.0518
2013-06-27,1.0469,1.0506,1.0421,1.0476
2013-06-26,1.0515,1.053,1.0456,1.0467
2013-06-25,1.05,1.0549,1.0454,1.0511
2013-06-24,1.0451,1.0558,1.0449,1.0496
2013-06-21,1.0389,1.049,1.0361,1.0455
2013-06-20,1.0274,1.0396,1.0263,1.0388
2013-06-19,1.0211,1.0288,1.0172,1.0272
2013-06-18,1.0185,1.0219,1.0173,1.0209
2013-06-17,1.0169,1.0207,1.0147,1.0182
2013-06-14,1.0158,1.0188,1.0134,1.0167
2013-06-13,1.0213,1.0227,1.0145,1.0156
2013-06-12,1.0185,1.0219,1.0153,1.0207
2013-06-11,1.0191,1.0252,1.0173,1.0184
2013-06-10,1.0202,1.0226,1.0166,1.0191
2013-06-07,1.0261,1.0289,1.0166,1.0194
2013-06-06,1.0345,1.0368,1.0197,1.0261
2013-06-05,1.0341,1.0382,1.0326,1.0344
2013-06-04,1.0277,1.0363,1.0273,1.0339
2013-06-03,1.0363,1.0387,1.0261,1.0276
2013-05-31,1.0298,1.0383,1.0291,1.0375
2013-05-30,1.0352,1.0389,1.0292,1.0296
2013-05-29,1.0398,1.0422,1.0343,1.0351
2013-05-28,1.0341,1.041,1.0322,1.0397
2013-05-27,1.0312,1.0344,1.0299,1.0337
2013-05-24,1.0305,1.0358,1.0299,1.0317
2013-05-23,1.0368,1.0395,1.0286,1.0302
2013-05-22,1.0265,1.0389,1.025,1.0367
2013-05-21,1.0241,1.0323,1.0235,1.0263
2013-05-20,1.028,1.0298,1.0216,1.024
2013-05-17,1.0197,1.0314,1.0178,1.0276
2013-05-16,1.0154,1.0209,1.0147,1.0192
2013-05-15,1.0181,1.022,1.0155,1.0157
2013-05-14,1.0107,1.0185,1.0088,1.0179
2013-05-13,1.0092,1.0135,1.008,1.0104
2013-05-10,1.0068,1.0154,1.0061,1.0098
2013-05-09,1.0032,1.0091,1.0013,1.0067
2013-05-08,1.0042,1.006,1.0017,1.0028
2013-05-07,1.007,1.0084,1.0035,1.0042
2013-05-06,1.0081,1.0098,1.0063,1.0067
2013-05-03,1.0105,1.0134,1.0074,1.0079
2013-05-02,1.0084,1.0111,1.0057,1.0102
2013-05-01,1.0073,1.0102,1.0049,1.0083
2013-04-30,1.0112,1.0125,1.0055,1.0071
2013-04-29,1.0173,1.0174,1.0105,1.0108
2013-04-26,1.0199,1.0216,1.0156,1.0166
2013-04-25,1.0257,1.0262,1.0185,1.0196
2013-04-24,1.0254,1.028,1.0245,1.0255
2013-04-23,1.0257,1.0287,1.0249,1.0256
2013-04-22,1.0258,1.0287,1.0247,1.0252
2013-04-19,1.0261,1.0271,1.023,1.0262
2013-04-18,1.0267,1.0279,1.0228,1.0258
2013-04-17,1.0208,1.0295,1.0205,1.0261
2013-04-16,1.0256,1.0259,1.0201,1.0205
2013-04-15,1.0133,1.0261,1.0126,1.0254
2013-04-12,1.0105,1.0147,1.0092,1.0133
2013-04-11,1.0143,1.0158,1.0081,1.0102
2013-04-10,1.0162,1.0171,1.0138,1.0141
2013-04-09,1.0166,1.0177,1.0132,1.0163
2013-04-08,1.0172,1.0216,1.0154,1.0164
2013-04-05,1.013,1.0237,1.0122,1.0173
2013-04-04,1.0145,1.0168,1.0103,1.0124
2013-04-03,1.0147,1.0157,1.0123,1.0143
2013-04-02,1.017,1.0171,1.0123,1.0143
2013-04-01,1.0177,1.0184,1.0156,1.0167
2013-03-29,1.0162,1.0183,1.0154,1.0172
2013-03-28,1.016,1.0176,1.0144,1.0161
2013-03-27,1.0161,1.0197,1.0148,1.0159
2013-03-26,1.0213,1.0223,1.0157,1.0158
2013-03-25,1.0232,1.0238,1.0186,1.0212
2013-03-22,1.0251,1.0265,1.0219,1.0231
2013-03-21,1.026,1.0267,1.0199,1.0251
2013-03-20,1.0267,1.0281,1.0236,1.0259
2013-03-19,1.0221,1.0286,1.0211,1.0266
2013-03-18,1.0204,1.0252,1.0202,1.0219
2013-03-15,1.0223,1.0233,1.018,1.0193
2013-03-14,1.0276,1.0285,1.0211,1.0221
2013-03-13,1.0256,1.0297,1.0245,1.0274
2013-03-12,1.0259,1.0285,1.0248,1.0256
2013-03-11,1.029,1.0296,1.0254,1.0257
2013-03-08,1.0295,1.0316,1.0234,1.0283
2013-03-07,1.032,1.0331,1.0284,1.0293
2013-03-06,1.0269,1.0338,1.0254,1.0319
2013-03-05,1.0273,1.0295,1.0255,1.0269
2013-03-04,1.0272,1.0311,1.0263,1.0272
2013-03-01,1.0307,1.0343,1.0261,1.0267
2013-02-28,1.0229,1.0315,1.0216,1.0303
2013-02-27,1.0261,1.0279,1.0227,1.0225
2013-02-26,1.0261,1.0304,1.024,1.0258
2013-02-25,1.0217,1.0279,1.0208,1.026
2013-02-22,1.0185,1.0258,1.0158,1.0213
2013-02-21,1.0168,1.0209,1.0162,1.0182
2013-02-20,1.0114,1.0187,1.0109,1.0165
2013-02-19,1.0107,1.0139,1.0101,1.0112
2013-02-18,1.0064,1.0122,1.0057,1.0104
2013-02-15,1.001,1.0084,0.9999,1.0062
2013-02-14,1.0019,1.0025,0.9997,1.0007
2013-02-13,1.0023,1.0046,1.001,1.0016
2013-02-12,1.0048,1.0088,1.0019,1.002
2013-02-11,1.0023,1.0084,1.0023,1.0047
2013-02-08,0.9979,1.0037,0.9968,1.0023
2013-02-07,0.9958,0.9996,0.9931,0.9977
2013-02-06,0.9958,0.9991,0.9947,0.9956
2013-02-05,0.999,0.9996,0.9952,0.9953
2013-02-04,0.9968,0.9994,0.9947,0.9987
2013-02-01,0.9973,1.0006,0.9962,0.9963
2013-01-31,1.0012,1.0036,0.9955,0.9969
2013-01-30,1.0008,1.0054,1.0006,1.0012
2013-01-29,1.0063,1.0067,1.0005,1.0008
2013-01-28,1.0058,1.0101,1.0058,1.0059
2013-01-25,1.0027,1.0101,1.0019,1.0056
2013-01-24,0.9992,1.0037,0.9987,1.0024
2013-01-23,0.9919,1.0006,0.9902,0.9989
2013-01-22,0.9929,0.9948,0.9908,0.9915
2013-01-21,0.9919,0.994,0.9908,0.9926
2013-01-18,0.9859,0.9948,0.9851,0.9916
2013-01-17,0.986,0.9887,0.9841,0.9855
2013-01-16,0.9843,0.9879,0.9837,0.9856
2013-01-15,0.9837,0.9868,0.983,0.9839
2013-01-14,0.9843,0.9868,0.9831,0.9835
2013-01-11,0.9831,0.9855,0.9813,0.9846
2013-01-10,0.9876,0.9882,0.9829,0.983
2013-01-09,0.9867,0.9882,0.9853,0.9876
2013-01-08,0.986,0.9884,0.9841,0.9864
2013-01-07,0.9868,0.9889,0.9851,0.9855
2013-01-04,0.9879,0.9925,0.9847,0.987
2013-01-03,0.985,0.9886,0.984,0.9877
2013-01-02,0.9933,0.9946,0.9835,0.9848
2013-01-01,0.9922,0.994,0.9918,0.9928
2012-12-31,0.9967,0.9978,0.9915,0.9921
2012-12-28,0.9952,0.9972,0.9937,0.9969
2012-12-27,0.9943,0.996,0.9906,0.995
2012-12-26,0.9924,0.9953,0.9904,0.9941
2012-12-25,0.993,0.9944,0.9908,0.9921
2012-12-24,0.9932,0.9947,0.9905,0.9928
2012-12-21,0.9877,0.9955,0.9871,0.993
2012-12-20,0.9888,0.9898,0.9867,0.9872
2012-12-19,0.9857,0.989,0.9848,0.9887
2012-12-18,0.9835,0.9861,0.9829,0.9856
2012-12-17,0.9868,0.9883,0.9831,0.9833
2012-12-14,0.985,0.9868,0.983,0.9854
2012-12-13,0.9845,0.9858,0.9823,0.9848
2012-12-12,0.9862,0.9867,0.9824,0.9841
2012-12-11,0.9863,0.9881,0.9855,0.9861
2012-12-10,0.9883,0.989,0.9862,0.9865
2012-12-07,0.9915,0.9935,0.9874,0.9882
2012-12-06,0.9917,0.9928,0.9891,0.9911
2012-12-05,0.9928,0.9943,0.9906,0.9914
2012-12-04,0.9952,0.9956,0.9914,0.9926
2012-12-03,0.994,0.9955,0.9913,0.995
2012-11-30,0.9926,0.9953,0.9921,0.9942
2012-11-29,0.992,0.994,0.9911,0.9924
2012-11-28,0.9947,0.9963,0.9917,0.9918
2012-11-27,0.9935,0.995,0.9904,0.9945
2012-11-26,0.9934,0.9962,0.9916,0.9933
2012-11-23,0.9972,0.9984,0.9915,0.9927
2012-11-22,0.9964,0.9984,0.995,0.9968
2012-11-21,0.9968,0.9993,0.9956,0.996
2012-11-20,0.9964,0.9993,0.9954,0.9965
2012-11-19,1.0017,1.0019,0.9953,0.996
2012-11-16,1.001,1.0058,0.9994,1.0011
2012-11-15,1.004,1.0044,1.0002,1.0005
2012-11-14,1.0021,1.0043,0.9996,1.0039
2012-11-13,0.9999,1.0037,0.999,1.0018
2012-11-12,1.0013,1.0014,0.9984,0.9996
2012-11-09,1.0003,1.0035,0.9982,1.0015
2012-11-08,0.9966,1.0006,0.9946,1.0001
2012-11-07,0.9921,0.9985,0.9872,0.9965
2012-11-06,0.9965,0.997,0.9909,0.9918
2012-11-05,0.9959,0.9979,0.9939,0.9963
2012-11-02,0.9965,0.9986,0.992,0.9956
2012-11-01,0.9995,1.0016,0.9958,0.9964
2012-10-31,0.9993,1.0016,0.9958,0.9991
2012-10-30,1.0011,1.0021,0.9981,0.9993
2012-10-29,0.9977,1.0014,0.9971,1.0008
2012-10-26,0.9949,0.9996,0.994,0.9964
2012-10-25,0.9936,0.9956,0.99,0.9948
2012-10-24,0.9924,0.996,0.9887,0.9934
2012-10-23,0.9922,0.9978,0.9898,0.9921
2012-10-22,0.9939,0.9967,0.9916,0.9918
2012-10-19,0.9853,0.9941,0.9843,0.9935
2012-10-18,0.9779,0.9862,0.9762,0.9852
2012-10-17,0.9867,0.9874,0.9771,0.9775
2012-10-16,0.9807,0.988,0.98,0.9864
2012-10-15,0.9788,0.9813,0.9767,0.9805
2012-10-12,0.9786,0.9811,0.9766,0.9801
2012-10-11,0.9818,0.9837,0.9761,0.9783
2012-10-10,0.978,0.982,0.9766,0.9814
2012-10-09,0.9769,0.9809,0.9742,0.9782
2012-10-08,0.9786,0.9803,0.975,0.9766
2012-10-05,0.9805,0.9814,0.9733,0.9785
2012-10-04,0.9876,0.9881,0.9798,0.9804
2012-10-03,0.9842,0.9887,0.9837,0.9874
2012-10-02,0.9823,0.9846,0.981,0.9838
2012-10-01,0.9837,0.9856,0.9796,0.9821
2012-09-28,0.9806,0.9854,0.978,0.9835
2012-09-27,0.9856,0.9858,0.9789,0.9804
2012-09-26,0.9807,0.9862,0.9799,0.9852
2012-09-25,0.9788,0.9813,0.9756,0.9804
2012-09-24,0.9763,0.982,0.976,0.9786
2012-09-21,0.9769,0.9782,0.973,0.976
2012-09-20,0.9745,0.9818,0.9743,0.977
2012-09-19,0.9743,0.9766,0.9725,0.9744
2012-09-18,0.9748,0.9768,0.9731,0.9741
2012-09-17,0.9707,0.9763,0.9693,0.9746
2012-09-14,0.9683,0.9725,0.9632,0.9715
2012-09-13,0.9762,0.9776,0.9664,0.9682
2012-09-12,0.9731,0.9771,0.9714,0.976
2012-09-11,0.9777,0.978,0.9711,0.9727
2012-09-10,0.9781,0.9792,0.9753,0.9773
2012-09-07,0.9827,0.9837,0.9764,0.9783
2012-09-06,0.9907,0.9917,0.9807,0.9825
2012-09-05,0.9859,0.992,0.9854,0.9902
2012-09-04,0.9859,0.9877,0.9841,0.9858
2012-09-03,0.9871,0.9882,0.9851,0.9856
2012-08-31,0.9925,0.9933,0.985,0.9862
2012-08-30,0.9894,0.9934,0.9887,0.9922
2012-08-29,0.9883,0.9901,0.9864,0.9892
2012-08-28,0.9907,0.992,0.984,0.9882
2012-08-27,0.9919,0.9928,0.9888,0.9904
2012-08-24,0.9939,0.9949,0.9903,0.9922
2012-08-23,0.9914,0.995,0.9883,0.9938
2012-08-22,0.9892,0.9949,0.9888,0.9911
2012-08-21,0.9884,0.9901,0.984,0.9891
2012-08-20,0.989,0.9904,0.9874,0.9883
2012-08-17,0.9866,0.9903,0.9862,0.9889
2012-08-16,0.9894,0.9902,0.9858,0.9864
2012-08-15,0.9924,0.9937,0.9885,0.9893
2012-08-14,0.9927,0.9943,0.9906,0.9923
2012-08-13,0.9913,0.9942,0.9904,0.9922
2012-08-10,0.9908,0.9971,0.9904,0.9908
2012-08-09,0.994,0.9953,0.9908,0.9907
2012-08-08,0.9967,0.9991,0.9934,0.994
2012-08-07,1.0003,1.0014,0.996,0.9968
2012-08-06,1.002,1.0025,0.9981,1.0002
2012-08-03,1.0075,1.0081,0.9978,1.001
2012-08-02,1.0057,1.0087,1.0001,1.0072
2012-08-01,1.0033,1.006,1.0003,1.0053
2012-07-31,1.0017,1.0044,1.0002,1.0028
2012-07-30,1.004,1.0056,1.0012,1.0016
2012-07-27,1.0101,1.0107,1.003,1.0032
2012-07-26,1.0156,1.0168,1.0062,1.01
2012-07-25,1.022,1.0234,1.0138,1.0154
2012-07-24,1.0188,1.0229,1.0157,1.0221
2012-07-23,1.0138,1.0206,1.0131,1.0187
2012-07-20,1.0074,1.0133,1.0069,1.0123
2012-07-19,1.0103,1.0109,1.0064,1.0071
2012-07-18,1.012,1.0151,1.0099,1.0101
2012-07-17,1.0151,1.0171,1.0118,1.0116
2012-07-16,1.0143,1.0175,1.013,1.0146
2012-07-13,1.0192,1.0206,1.0127,1.0143
2012-07-12,1.0197,1.0252,1.0175,1.0186
2012-07-11,1.0226,1.0233,1.0172,1.0195
2012-07-10,1.0191,1.0231,1.0165,1.0222
2012-07-09,1.0196,1.0223,1.0182,1.019
2012-07-06,1.0141,1.021,1.0139,1.0192
2012-07-05,1.013,1.016,1.0098,1.0138
2012-07-04,1.0124,1.0143,1.0118,1.013
2012-07-03,1.0166,1.0175,1.0119,1.0121
2012-07-02,1.0164,1.0203,1.0155,1.0166
2012-06-29,1.0335,1.0343,1.0162,1.0165
2012-06-28,1.025,1.0364,1.0231,1.0336
2012-06-27,1.0242,1.0269,1.0235,1.0246
2012-06-26,1.0294,1.0299,1.0232,1.0241
2012-06-25,1.0258,1.032,1.0253,1.0286
2012-06-22,1.0288,1.0302,1.0239,1.0242
2012-06-21,1.0189,1.0299,1.0174,1.0289
2012-06-20,1.0177,1.0234,1.0157,1.018
2012-06-19,1.0235,1.0246,1.0164,1.0178
2012-06-18,1.0204,1.028,1.0191,1.0237
2012-06-15,1.0232,1.0258,1.0213,1.0216
2012-06-14,1.0295,1.0298,1.0221,1.023
2012-06-13,1.0261,1.0305,1.0241,1.0298
2012-06-12,1.032,1.0328,1.0253,1.0256
2012-06-11,1.0222,1.0322,1.02,1.0316
2012-06-08,1.0279,1.0357,1.0259,1.0262
2012-06-07,1.0277,1.0298,1.0208,1.0274
2012-06-06,1.0381,1.0385,1.0269,1.0277
2012-06-05,1.0396,1.0427,1.036,1.0375
2012-06-04,1.0396,1.0448,1.0368,1.0395
2012-06-01,1.0327,1.0444,1.032,1.0404
2012-05-31,1.0301,1.0368,1.026,1.0331
2012-05-30,1.0226,1.0313,1.022,1.0298
2012-05-29,1.0238,1.0272,1.0206,1.022
2012-05-28,1.027,1.0274,1.0222,1.0237
2012-05-25,1.0263,1.0313,1.0245,1.0292
2012-05-24,1.0247,1.0298,1.0225,1.0262
2012-05-23,1.0212,1.0298,1.0206,1.0246
2012-05-22,1.0174,1.0236,1.0151,1.0208
2012-05-21,1.0215,1.0248,1.0164,1.0172
2012-05-18,1.0197,1.0229,1.0137,1.022
2012-05-17,1.0125,1.0199,1.0103,1.0194
2012-05-16,1.0069,1.0134,1.0053,1.0122
2012-05-15,1.0035,1.0076,0.9988,1.0066
2012-05-14,1.0019,1.0055,0.9992,1.003
2012-05-11,1.0029,1.0056,0.9951,1.0006
2012-05-10,1.0026,1.0034,0.9976,1.0021
2012-05-09,0.9991,1.0065,0.9984,1.0022
2012-05-08,0.9929,1.0024,0.9923,0.9986
2012-05-07,0.995,0.9989,0.9924,0.9929
2012-05-04,0.9886,0.9965,0.986,0.9953
2012-05-03,0.9868,0.9895,0.9827,0.9884
2012-05-02,0.9858,0.9904,0.9848,0.9864
2012-05-01,0.987,0.9899,0.983,0.9858
2012-04-30,0.9807,0.9896,0.9801,0.987
2012-04-27,0.9858,0.9872,0.9798,0.9803
2012-04-26,0.9835,0.9857,0.9804,0.9851
2012-04-25,0.9874,0.9882,0.9822,0.9829
2012-04-24,0.9909,0.9931,0.9868,0.9869
2012-04-23,0.9927,0.9981,0.9903,0.9908
2012-04-20,0.9951,0.9961,0.9895,0.9915
2012-04-19,0.9909,0.9966,0.9879,0.9953
2012-04-18,0.9902,0.9925,0.988,0.991
2012-04-17,0.9998,1.0014,0.9863,0.9904
2012-04-16,0.9989,1.0035,0.9972,0.9996
2012-04-13,0.9946,0.9998,0.9925,0.9994
2012-04-12,1.0039,1.004,0.9938,0.9943
2012-04-11,1.0043,1.0054,1.0008,1.0036
2012-04-10,0.9975,1.0048,0.995,1.0041
2012-04-09,0.9975,1.0004,0.9944,0.9972
2012-04-06,0.9931,0.9988,0.9916,0.9972
2012-04-05,0.9961,1,0.9906,0.9932
2012-04-04,0.9911,0.9975,0.9906,0.996
2012-04-03,0.9906,0.9931,0.9887,0.9905
2012-04-02,0.9958,0.9992,0.9886,0.9905
2012-03-30,0.9965,1,0.9952,0.9978
2012-03-29,0.9983,1.0021,0.9962,0.9967
2012-03-28,0.9952,1.0002,0.9944,0.998
2012-03-27,0.9909,0.9959,0.9898,0.9952
2012-03-26,0.9982,1.0001,0.9903,0.9905
2012-03-23,0.9992,1.0036,0.9971,0.998
2012-03-22,0.9924,1.001,0.9911,0.9988
2012-03-21,0.9917,0.9937,0.9873,0.9921
2012-03-20,0.987,0.997,0.9868,0.9915
2012-03-19,0.9913,0.9933,0.9858,0.9867
2012-03-16,0.9918,0.9943,0.9898,0.9917
2012-03-15,0.993,0.9951,0.9903,0.9918
2012-03-14,0.9888,0.9947,0.988,0.9927
2012-03-13,0.9928,0.9931,0.9879,0.9882
2012-03-12,0.9909,0.9949,0.9898,0.9921
2012-03-09,0.9907,0.9938,0.987,0.991
2012-03-08,0.9979,0.9993,0.9891,0.9906
2012-03-07,1.001,1.0027,0.9973,0.9977
2012-03-06,0.9942,1.0031,0.9936,1.0009
2012-03-05,0.9893,0.9962,0.9884,0.9942
2012-03-02,0.9857,0.9896,0.9848,0.9889
2012-03-01,0.9894,0.9904,0.984,0.9856
2012-02-29,0.9952,0.996,0.9844,0.9894
2012-02-28,0.9989,0.9997,0.9941,0.9944
2012-02-27,0.9991,1.0051,0.9974,0.9989
2012-02-24,0.9975,1.0006,0.9964,0.9996
2012-02-23,1.0001,1.0012,0.9951,0.9975
2012-02-22,0.9967,1.0021,0.9952,1
2012-02-21,0.9936,0.9978,0.9924,0.9965
2012-02-20,0.9935,0.9945,0.9906,0.9936
2012-02-17,0.9967,0.9986,0.9939,0.9957
2012-02-16,0.9995,1.0054,0.9953,0.9962
2012-02-15,0.9994,1.0006,0.9936,0.999
2012-02-14,0.9994,1.0029,0.9978,0.9989
2012-02-13,1.001,1.0019,0.9971,0.9992
2012-02-10,0.9952,1.004,0.9941,1.0021
2012-02-09,0.996,0.9982,0.9924,0.9949
2012-02-08,0.9948,0.9992,0.9933,0.996
2012-02-07,0.9956,0.9997,0.9938,0.9944
2012-02-06,0.9948,0.9995,0.9928,0.9954
2012-02-03,0.9993,1.0035,0.9925,0.9929
2012-02-02,0.9988,1.0012,0.9966,0.9992
2012-02-01,1.0028,1.0051,0.9962,0.9988
2012-01-31,1.0022,1.0056,0.9964,1.0026
2012-01-30,1.0014,1.0072,1.001,1.0022
2012-01-27,1.0018,1.0044,0.9986,1.0009
2012-01-26,1.0041,1.0051,0.998,1.0014
2012-01-25,1.0097,1.0149,1.0027,1.004
2012-01-24,1.0076,1.0143,1.007,1.0097
2012-01-23,1.0145,1.0164,1.005,1.0074
2012-01-20,1.0116,1.0161,1.0106,1.0128
2012-01-19,1.0114,1.013,1.007,1.0112
2012-01-18,1.0155,1.0179,1.011,1.0114
2012-01-17,1.0179,1.0191,1.0112,1.0151
2012-01-16,1.0244,1.0255,1.0163,1.018
2012-01-13,1.0185,1.0286,1.0162,1.0223
2012-01-12,1.0191,1.0212,1.0138,1.0182
2012-01-11,1.0167,1.0212,1.0138,1.019
2012-01-10,1.0232,1.0242,1.0152,1.0168
2012-01-09,1.0282,1.0321,1.0224,1.0233
2012-01-06,1.0191,1.0274,1.0169,1.0271
2012-01-05,1.0124,1.0227,1.012,1.0197
2012-01-04,1.0111,1.0164,1.0103,1.0123
2012-01-03,1.0193,1.0198,1.0074,1.0109
2012-01-02,1.0209,1.0216,1.0179,1.0195
2011-12-30,1.0205,1.0222,1.0155,1.0193
2011-12-29,1.0244,1.0271,1.0202,1.0205
2011-12-28,1.0185,1.0253,1.0124,1.0242
2011-12-27,1.0203,1.0218,1.0176,1.0187
2011-12-26,1.0206,1.0237,1.018,1.02
2011-12-23,1.0209,1.0217,1.0179,1.0195
2011-12-22,1.0263,1.0282,1.0199,1.0208
2011-12-21,1.0301,1.0311,1.0208,1.0264
2011-12-20,1.0383,1.0391,1.0261,1.0302
2011-12-19,1.0364,1.0417,1.0332,1.0378
2011-12-16,1.0353,1.0408,1.0296,1.0378
2011-12-15,1.0394,1.0407,1.0318,1.0345
2011-12-14,1.034,1.0425,1.0326,1.0394
2011-12-13,1.026,1.0351,1.023,1.0338
2011-12-12,1.0195,1.0288,1.0183,1.0259
2011-12-09,1.0223,1.0265,1.0178,1.0183
2011-12-08,1.0097,1.0236,1.0051,1.0219
2011-12-07,1.0096,1.0135,1.0065,1.0092
2011-12-06,1.0173,1.0208,1.0085,1.0095
2011-12-05,1.0162,1.0195,1.012,1.017
2011-12-02,1.0143,1.0197,1.0078,1.018
2011-12-01,1.0195,1.0225,1.0135,1.0139
2011-11-30,1.0309,1.0364,1.0121,1.0192
2011-11-29,1.035,1.0366,1.0258,1.0303
2011-11-28,1.0436,1.045,1.0302,1.0355
2011-11-25,1.0471,1.0526,1.0438,1.0487
2011-11-24,1.048,1.0493,1.0437,1.0467
2011-11-23,1.0381,1.05,1.0374,1.0473
2011-11-22,1.0385,1.0414,1.0344,1.0379
2011-11-21,1.0277,1.042,1.0271,1.0379
2011-11-18,1.0282,1.0303,1.0197,1.0267
2011-11-17,1.0235,1.0297,1.0206,1.029
2011-11-16,1.0207,1.029,1.017,1.0235
2011-11-15,1.0165,1.0264,1.0157,1.0211
2011-11-14,1.0082,1.0197,1.008,1.0162
2011-11-11,1.0174,1.0234,1.0107,1.0122
2011-11-10,1.0227,1.0267,1.0163,1.0171
2011-11-09,1.0089,1.0235,1.0078,1.0225
2011-11-08,1.0125,1.0184,1.0075,1.009
2011-11-07,1.0174,1.0206,1.0122,1.013
2011-11-04,1.007,1.023,1.0071,1.0188
2011-11-03,1.0136,1.0218,1.0054,1.0072
2011-11-02,1.0198,1.0225,1.0105,1.0139
2011-11-01,1.0001,1.021,0.9972,1.0198
2011-10-31,0.9922,1.0029,0.9913,0.9995
2011-10-28,0.9915,0.9972,0.9894,0.9918
2011-10-27,1.0046,1.0053,0.989,0.9905
2011-10-26,1.0165,1.0179,1.0037,1.0039
2011-10-25,1.0037,1.0214,0.9989,1.0164
2011-10-24,1.0095,1.0103,1.002,1.0037
2011-10-21,1.0156,1.019,1.0065,1.0069
2011-10-20,1.0202,1.0248,1.013,1.016
2011-10-19,1.0149,1.0219,1.0083,1.0192
2011-10-18,1.0237,1.0266,1.011,1.0149
2011-10-17,1.0109,1.0244,1.0042,1.0232
2011-10-14,1.021,1.0237,1.0094,1.0094
2011-10-13,1.0177,1.0275,1.0161,1.0203
2011-10-12,1.0294,1.0331,1.0132,1.0174
2011-10-11,1.0263,1.0341,1.0256,1.0285
2011-10-10,1.0385,1.0389,1.025,1.0269
2011-10-07,1.0375,1.042,1.0233,1.0394
2011-10-06,1.0402,1.0484,1.0369,1.0374
2011-10-05,1.0513,1.0574,1.0394,1.0407
2011-10-04,1.0543,1.0659,1.0507,1.0524
2011-10-03,1.0488,1.0549,1.0432,1.0545
2011-09-30,1.0366,1.0505,1.0355,1.0499
2011-09-29,1.0341,1.0403,1.0255,1.0355
2011-09-28,1.02,1.034,1.0192,1.0329
2011-09-27,1.0254,1.0282,1.0141,1.0194
2011-09-26,1.028,1.0387,1.0243,1.0251
2011-09-23,1.0288,1.035,1.0225,1.0279
2011-09-22,1.0074,1.0362,1.0052,1.028
2011-09-21,0.9927,1.0091,0.9916,1.0075
2011-09-20,0.9908,0.995,0.9881,0.9919
2011-09-19,0.9815,0.9925,0.9805,0.9899
2011-09-16,0.9838,0.9863,0.9778,0.9777
2011-09-15,0.99,0.9952,0.9828,0.9835
2011-09-14,0.986,0.9942,0.9846,0.9901
2011-09-13,0.9924,0.9979,0.9849,0.9861
2011-09-12,0.9978,1.0028,0.9913,0.9922
2011-09-09,0.9894,0.9981,0.9868,0.9967
2011-09-08,0.9837,0.9899,0.9828,0.9886
2011-09-07,0.9903,0.991,0.983,0.9842
2011-09-06,0.9904,0.9958,0.9864,0.99
2011-09-05,0.9861,0.9935,0.9852,0.9901
2011-09-02,0.9766,0.986,0.9756,0.9855
2011-09-01,0.9782,0.9798,0.9735,0.9759
2011-08-31,0.9782,0.9804,0.9723,0.9777
2011-08-30,0.9767,0.9819,0.9757,0.9782
2011-08-29,0.9808,0.9835,0.9739,0.9766
2011-08-26,0.9879,0.9926,0.9808,0.9814
2011-08-25,0.9874,0.989,0.9791,0.9878
2011-08-24,0.9875,0.9907,0.9838,0.9873
2011-08-23,0.9904,0.9912,0.9849,0.9882
2011-08-22,0.9912,0.9921,0.9827,0.9897
2011-08-19,0.9909,0.9928,0.9825,0.9899
2011-08-18,0.9806,0.994,0.9799,0.9899
2011-08-17,0.9823,0.9848,0.9773,0.9801
2011-08-16,0.9793,0.9874,0.9796,0.9818
2011-08-15,0.9878,0.9908,0.9789,0.9798
2011-08-12,0.9846,0.9919,0.9833,0.9869
2011-08-11,0.9947,0.997,0.9838,0.9845
2011-08-10,0.9774,0.9955,0.9766,0.994
2011-08-09,0.9935,1.0011,0.9768,0.98
2011-08-08,0.9815,0.9947,0.9782,0.9927
2011-08-05,0.9808,0.9855,0.9742,0.9814
2011-08-04,0.9619,0.9818,0.9602,0.9806
2011-08-03,0.9614,0.9649,0.9566,0.9616
2011-08-02,0.9566,0.9621,0.9547,0.961
2011-08-01,0.9549,0.9607,0.9491,0.9566
2011-07-29,0.9493,0.9592,0.9485,0.9551
2011-07-28,0.9493,0.9525,0.9457,0.9487
2011-07-27,0.9443,0.9508,0.941,0.9491
2011-07-26,0.9472,0.9477,0.9405,0.9436
2011-07-25,0.9488,0.9527,0.9432,0.9471
2011-07-22,0.9436,0.9531,0.9426,0.948
2011-07-21,0.9477,0.9496,0.9422,0.9436
2011-07-20,0.9502,0.9515,0.9456,0.9476
2011-07-19,0.9598,0.9604,0.9481,0.95
2011-07-18,0.9544,0.9637,0.9537,0.9588
2011-07-15,0.9604,0.9626,0.952,0.9535
2011-07-14,0.958,0.9618,0.9547,0.9599
2011-07-13,0.966,0.9669,0.9571,0.9586
2011-07-12,0.9689,0.9781,0.9624,0.965
2011-07-11,0.962,0.9698,0.9615,0.9682
2011-07-08,0.959,0.9667,0.9572,0.9614
2011-07-07,0.9653,0.9669,0.9567,0.9586
2011-07-06,0.9634,0.9697,0.9612,0.9656
2011-07-05,0.9608,0.9645,0.9593,0.9624
2011-07-04,0.9594,0.962,0.9578,0.9606
2011-07-01,0.9637,0.9653,0.9579,0.9585
2011-06-30,0.9696,0.9703,0.9624,0.9633
2011-06-29,0.9812,0.9827,0.9687,0.9698
2011-06-28,0.9861,0.9888,0.981,0.9815
2011-06-27,0.9875,0.9915,0.9857,0.9862
2011-06-24,0.9788,0.9889,0.9769,0.9883
2011-06-23,0.974,0.9826,0.9713,0.9785
2011-06-22,0.9718,0.9756,0.9699,0.9733
2011-06-21,0.9798,0.9807,0.9708,0.9717
2011-06-20,0.9814,0.9852,0.9779,0.9793
2011-06-17,0.9815,0.987,0.9774,0.9793
2011-06-16,0.9792,0.99,0.9772,0.9818
2011-06-15,0.9685,0.983,0.967,0.9789
2011-06-14,0.976,0.9774,0.9673,0.9686
2011-06-13,0.9792,0.9801,0.975,0.9761
2011-06-10,0.9732,0.9803,0.9711,0.9796
2011-06-09,0.9794,0.9814,0.9723,0.9733
2011-06-08,0.9747,0.9823,0.9738,0.9795
2011-06-07,0.9808,0.9811,0.973,0.9742
2011-06-06,0.9782,0.9819,0.9767,0.9803
2011-06-03,0.9758,0.9854,0.9745,0.9779
2011-06-02,0.9776,0.9811,0.9744,0.9754
2011-06-01,0.9687,0.9784,0.9666,0.9773
2011-05-31,0.9771,0.9772,0.9654,0.9682
2011-05-30,0.9779,0.9789,0.9749,0.9769
2011-05-27,0.9782,0.9799,0.9752,0.9757
2011-05-26,0.9776,0.9817,0.9755,0.9781
2011-05-25,0.9767,0.9818,0.9742,0.9779
2011-05-24,0.9779,0.9795,0.9754,0.9764
2011-05-23,0.9739,0.9812,0.9735,0.9771
2011-05-20,0.9679,0.9773,0.964,0.9739
2011-05-19,0.9701,0.9716,0.9653,0.9672
2011-05-18,0.9722,0.9761,0.9696,0.9704
2011-05-17,0.9753,0.9795,0.9715,0.9722
2011-05-16,0.969,0.9773,0.9683,0.9752
2011-05-13,0.9629,0.9746,0.9604,0.9679
2011-05-12,0.9614,0.9697,0.9598,0.9622
2011-05-11,0.9571,0.964,0.9511,0.9612
2011-05-10,0.9627,0.9656,0.9562,0.9568
2011-05-09,0.9661,0.9698,0.9602,0.9619
2011-05-06,0.9668,0.9705,0.9571,0.9654
2011-05-05,0.959,0.9714,0.9566,0.9671
2011-05-04,0.9527,0.9605,0.9502,0.9583
2011-05-03,0.9508,0.9544,0.9456,0.9525
2011-05-02,0.9458,0.9521,0.9446,0.9502
2011-04-29,0.9508,0.9551,0.9438,0.9444
2011-04-28,0.9499,0.9522,0.9464,0.9507
2011-04-27,0.9513,0.9578,0.9487,0.95
2011-04-26,0.9543,0.9564,0.9494,0.9515
2011-04-25,0.9526,0.9563,0.9502,0.9543
2011-04-22,0.953,0.955,0.9519,0.9545
2011-04-21,0.9528,0.954,0.9454,0.9528
2011-04-20,0.956,0.9566,0.9495,0.9525
2011-04-19,0.9643,0.9669,0.9546,0.9557
2011-04-18,0.9591,0.9723,0.959,0.9642
2011-04-15,0.961,0.9651,0.9591,0.9595
2011-04-14,0.9625,0.9671,0.9593,0.9605
2011-04-13,0.9633,0.9657,0.9584,0.9622
2011-04-12,0.9566,0.9659,0.9556,0.9625
2011-04-11,0.9554,0.958,0.9542,0.9559
2011-04-08,0.9586,0.9597,0.9524,0.9556
2011-04-07,0.9607,0.9626,0.9568,0.9584
2011-04-06,0.964,0.9643,0.9567,0.9601
2011-04-05,0.967,0.9695,0.9625,0.9637
2011-04-04,0.9644,0.9689,0.9615,0.9668
2011-04-01,0.9704,0.9707,0.9624,0.9634
2011-03-31,0.9712,0.9731,0.9683,0.97
2011-03-30,0.9746,0.9755,0.9685,0.971
2011-03-29,0.978,0.9788,0.9738,0.9739
2011-03-28,0.9812,0.9825,0.9741,0.9774
2011-03-25,0.9757,0.9829,0.9741,0.9804
2011-03-24,0.9814,0.9827,0.9729,0.9762
2011-03-23,0.9805,0.9845,0.9789,0.9813
2011-03-22,0.9782,0.9816,0.9744,0.9807
2011-03-21,0.985,0.9855,0.9747,0.978
2011-03-18,0.9852,0.9868,0.9803,0.9843
2011-03-17,0.9926,0.9942,0.9834,0.9854
2011-03-16,0.9855,0.9969,0.9806,0.9903
2011-03-15,0.9738,0.9975,0.9733,0.9844
2011-03-14,0.9725,0.9767,0.9709,0.9736
2011-03-11,0.9756,0.9804,0.9703,0.9715
2011-03-10,0.9686,0.9769,0.9682,0.9751
2011-03-09,0.9714,0.9717,0.9666,0.9686
2011-03-08,0.9727,0.975,0.9706,0.9713
2011-03-07,0.9731,0.9745,0.9699,0.9723
2011-03-04,0.9721,0.9745,0.9698,0.9717
2011-03-03,0.9723,0.9755,0.9714,0.9719
2011-03-02,0.9745,0.9778,0.9706,0.9722
2011-03-01,0.9714,0.9757,0.9683,0.974
2011-02-28,0.9787,0.9792,0.9708,0.9715
2011-02-25,0.9832,0.9834,0.9775,0.9776
2011-02-24,0.9889,0.9903,0.9814,0.9827
2011-02-23,0.9904,0.9961,0.9857,0.9891
2011-02-22,0.9826,0.992,0.9823,0.9896
2011-02-21,0.9862,0.9874,0.9821,0.9825
2011-02-18,0.9848,0.9876,0.9818,0.986
2011-02-17,0.9849,0.9861,0.9815,0.9845
2011-02-16,0.9897,0.9906,0.9844,0.9848
2011-02-15,0.9889,0.9904,0.9848,0.9895
2011-02-14,0.9889,0.9904,0.9846,0.9891
2011-02-11,0.9957,0.9988,0.9862,0.9871
2011-02-10,0.9938,0.999,0.9931,0.9961
2011-02-09,0.995,0.9959,0.9913,0.9934
2011-02-08,0.9906,0.9979,0.9866,0.9946
2011-02-07,0.9891,0.9912,0.9835,0.9909
2011-02-04,0.9908,0.9936,0.983,0.9877
2011-02-03,0.9882,0.9924,0.9854,0.9908
2011-02-02,0.9908,0.9918,0.9858,0.9878
2011-02-01,1.0012,1.0015,0.9898,0.9903
2011-01-31,1.0016,1.0059,0.9961,1.001
2011-01-28,0.9933,1.0019,0.9931,1.0001
2011-01-27,0.9947,0.9988,0.9924,0.9931
2011-01-26,0.9972,0.9984,0.9935,0.995
2011-01-25,0.9941,1.0006,0.9908,0.9964
2011-01-24,0.9937,0.9984,0.9916,0.9935
2011-01-21,0.9971,0.9991,0.9906,0.9938
2011-01-20,0.9957,1.0032,0.9949,0.9966
2011-01-19,0.9921,0.9968,0.9887,0.9955
2011-01-18,0.9873,0.9937,0.983,0.9919
2011-01-17,0.9882,0.9904,0.9854,0.9868
2011-01-14,0.9894,0.9979,0.9884,0.9894
2011-01-13,0.9866,0.9911,0.9854,0.9888
2011-01-12,0.99,0.9915,0.9846,0.9859
2011-01-11,0.9932,0.9952,0.989,0.9899
2011-01-10,0.9931,0.9986,0.9911,0.9928
2011-01-07,0.9968,1.0006,0.9897,0.9912
2011-01-06,0.9964,0.9995,0.9919,0.9967
2011-01-05,0.9986,1.0025,0.9931,0.9962
2011-01-04,0.9938,1.0036,0.9914,0.9989
2011-01-03,0.9951,0.9952,0.9886,0.9932
2010-12-31,1,1.0009,0.9924,0.9967
2010-12-30,1.0005,1.0025,0.9971,0.9996
2010-12-29,1.0002,1.0057,0.9969,1.0003
2010-12-28,1.0071,1.0074,0.9974,1.0009
2010-12-27,1.0083,1.0112,1.0018,1.0066
2010-12-24,1.0091,1.0118,1.0048,1.0077
2010-12-23,1.0138,1.0168,1.0056,1.0092
2010-12-22,1.017,1.0181,1.011,1.0134
2010-12-21,1.0167,1.0208,1.0147,1.0172
2010-12-20,1.0125,1.0211,1.0098,1.017
2010-12-17,1.0061,1.0146,1.0037,1.0132
2010-12-16,1.0042,1.0077,1.0029,1.0056
2010-12-15,1.0066,1.0097,0.9999,1.004
2010-12-14,1.0079,1.0112,1.0027,1.0065
2010-12-13,1.0099,1.011,1.0025,1.008
2010-12-10,1.0103,1.0117,1.008,1.0096
2010-12-09,1.011,1.0128,1.0064,1.0101
2010-12-08,1.0119,1.0143,1.0061,1.0111
2010-12-07,1.0055,1.0122,1.0009,1.0117
2010-12-06,1.0037,1.0085,1.0022,1.0049
2010-12-03,1.0033,1.0082,1,1.0036
2010-12-02,1.0173,1.0191,1.0026,1.0034
2010-12-01,1.0265,1.0273,1.0139,1.0166
2010-11-30,1.0183,1.0288,1.0171,1.0263
2010-11-29,1.0167,1.026,1.0164,1.0178
2010-11-26,1.0096,1.0248,1.0084,1.0202
2010-11-25,1.011,1.0126,1.0062,1.0094
2010-11-24,1.0237,1.0249,1.009,1.0107
2010-11-23,1.0183,1.0266,1.0166,1.023
2010-11-22,1.0166,1.0219,1.0111,1.0183
2010-11-19,1.0206,1.0235,1.0154,1.0176
2010-11-18,1.0246,1.0251,1.0153,1.0203
2010-11-17,1.022,1.0263,1.0179,1.0252
2010-11-16,1.0094,1.0256,1.0067,1.0211
2010-11-15,1.0113,1.0141,1.0054,1.0092
2010-11-12,1.0031,1.0147,1.0025,1.009
2010-11-11,1.0002,1.0075,0.9974,1.0028
2010-11-10,1.0074,1.0094,0.9992,1
2010-11-09,1.0037,1.0096,0.9976,1.0071
2010-11-08,1.0008,1.0059,0.9994,1.0034
2010-11-05,1.0025,1.0082,0.9989,1.0003
2010-11-04,1.0051,1.0122,1.0008,1.0023
2010-11-03,1.0086,1.0157,1.0046,1.0047
2010-11-02,1.0155,1.0159,1.008,1.0082
2010-11-01,1.0193,1.0204,1.0126,1.0157
2010-10-29,1.021,1.025,1.0166,1.0187
2010-10-28,1.0279,1.0288,1.018,1.0206
2010-10-27,1.024,1.0341,1.0224,1.0276
2010-10-26,1.0197,1.0267,1.0172,1.0235
2010-10-25,1.0257,1.0271,1.0152,1.019
2010-10-22,1.0266,1.0305,1.0221,1.0258
2010-10-21,1.0213,1.0305,1.0166,1.0264
2010-10-20,1.0333,1.0351,1.0205,1.0213
2010-10-19,1.0173,1.0375,1.0162,1.0322
2010-10-18,1.0122,1.023,1.0117,1.0172
2010-10-15,1.004,1.0141,1.0011,1.0098
2010-10-14,1.0035,1.0077,0.9975,1.0039
2010-10-13,1.0101,1.0107,1.001,1.0033
2010-10-12,1.0138,1.0185,1.0087,1.0097
2010-10-11,1.0103,1.0153,1.0086,1.0138
2010-10-08,1.0179,1.023,1.0092,1.0107
2010-10-07,1.0113,1.0214,1.0074,1.0171
2010-10-06,1.0158,1.0168,1.0061,1.0112
2010-10-05,1.0237,1.0275,1.0152,1.0157
2010-10-04,1.0194,1.0246,1.0176,1.023
2010-10-01,1.0295,1.0316,1.0186,1.02
2010-09-30,1.0326,1.0348,1.0229,1.0287
2010-09-29,1.0303,1.0343,1.0239,1.0322
2010-09-28,1.0298,1.0364,1.0284,1.03
2010-09-27,1.0246,1.03,1.0221,1.0291
2010-09-24,1.0345,1.0357,1.0223,1.0242
2010-09-23,1.0305,1.0381,1.0277,1.0329
2010-09-22,1.0263,1.0361,1.019,1.03
2010-09-21,1.0291,1.0333,1.0216,1.0262
2010-09-20,1.0328,1.0349,1.0259,1.0279
2010-09-17,1.0266,1.0353,1.0211,1.0334
2010-09-16,1.0259,1.0293,1.0237,1.026
2010-09-15,1.0276,1.0322,1.025,1.0258
2010-09-14,1.0275,1.0307,1.0214,1.0272
2010-09-13,1.0338,1.0347,1.0264,1.0274
2010-09-10,1.0338,1.0376,1.0287,1.037
2010-09-09,1.0372,1.0397,1.03,1.034
2010-09-08,1.0475,1.0511,1.0344,1.0365
2010-09-07,1.0353,1.0487,1.0349,1.0479
2010-09-06,1.0397,1.0406,1.0336,1.0354
2010-09-03,1.0528,1.057,1.038,1.0387
2010-09-02,1.0502,1.0558,1.0471,1.053
2010-09-01,1.0652,1.0659,1.0484,1.0499
2010-08-31,1.06,1.0675,1.0574,1.064
2010-08-30,1.0493,1.0606,1.0472,1.0602
2010-08-27,1.0577,1.065,1.0505,1.0511
2010-08-26,1.0597,1.0604,1.052,1.0574
2010-08-25,1.0613,1.0669,1.0572,1.0594
2010-08-24,1.052,1.0665,1.0515,1.0608
2010-08-23,1.0494,1.0531,1.0443,1.052
2010-08-20,1.0402,1.0515,1.0381,1.0476
2010-08-19,1.0292,1.0417,1.0244,1.0398
2010-08-18,1.0325,1.0343,1.0269,1.0284
2010-08-17,1.0435,1.044,1.0307,1.0323
2010-08-16,1.0414,1.0467,1.0368,1.0435
2010-08-13,1.0423,1.0441,1.0349,1.0423
2010-08-12,1.0467,1.0496,1.0418,1.0421
2010-08-11,1.0311,1.0477,1.0302,1.0467
2010-08-10,1.0274,1.0391,1.0268,1.0305
2010-08-09,1.0272,1.0301,1.0254,1.027
2010-08-06,1.0169,1.0308,1.0143,1.0275
2010-08-05,1.018,1.019,1.0105,1.0167
2010-08-04,1.0238,1.0273,1.0162,1.0179
2010-08-03,1.0232,1.0276,1.0218,1.0236
2010-08-02,1.0291,1.03,1.0203,1.023
2010-07-30,1.0363,1.0378,1.0262,1.0296
2010-07-29,1.0385,1.0394,1.0297,1.0356
2010-07-28,1.0354,1.0392,1.0296,1.0382
2010-07-27,1.032,1.0397,1.0252,1.0353
2010-07-26,1.0378,1.0387,1.0301,1.0317
2010-07-23,1.0375,1.0437,1.0344,1.036
2010-07-22,1.0491,1.0505,1.0353,1.037
2010-07-21,1.0434,1.0503,1.0349,1.0489
2010-07-20,1.0552,1.0589,1.0422,1.0426
2010-07-19,1.0569,1.0583,1.0497,1.0545
2010-07-16,1.0383,1.0583,1.0379,1.0576
2010-07-15,1.0322,1.0444,1.028,1.038
2010-07-14,1.0305,1.0373,1.0286,1.0316
2010-07-13,1.0367,1.0387,1.0276,1.0306
2010-07-12,1.0322,1.0388,1.0299,1.0368
2010-07-09,1.0427,1.0457,1.0296,1.033
2010-07-08,1.0473,1.0486,1.0378,1.043
2010-07-07,1.0542,1.0608,1.0462,1.0473
2010-07-06,1.0637,1.0679,1.0484,1.0533
2010-07-05,1.0623,1.0679,1.0574,1.0635
2010-07-02,1.0593,1.0671,1.0555,1.0626
2010-07-01,1.0639,1.0677,1.0576,1.0588
2010-06-30,1.0556,1.065,1.0464,1.0642
2010-06-29,1.0362,1.0579,1.0341,1.0547
2010-06-28,1.0347,1.0374,1.0318,1.0354
2010-06-25,1.0432,1.0444,1.0339,1.0355
2010-06-24,1.0395,1.0471,1.0374,1.0432
2010-06-23,1.0294,1.0462,1.0272,1.0394
2010-06-22,1.0245,1.0298,1.018,1.029
2010-06-21,1.0193,1.0262,1.0136,1.0245
2010-06-18,1.0279,1.0315,1.0205,1.0215
2010-06-17,1.0248,1.034,1.0223,1.0278
2010-06-16,1.0251,1.0325,1.0222,1.0251
2010-06-15,1.0339,1.0362,1.0239,1.0255
2010-06-14,1.0336,1.0352,1.0223,1.034
2010-06-11,1.0303,1.0391,1.0296,1.0326
2010-06-10,1.0446,1.0454,1.0286,1.0304
2010-06-09,1.0475,1.0519,1.0363,1.0443
2010-06-08,1.0612,1.0617,1.0469,1.0474
2010-06-07,1.0618,1.0681,1.0513,1.0607
2010-06-04,1.0402,1.063,1.0366,1.0624
2010-06-03,1.0384,1.0464,1.0361,1.0396
2010-06-02,1.0556,1.0575,1.0369,1.0387
2010-06-01,1.0441,1.0564,1.042,1.0549
2010-05-31,1.0522,1.0554,1.0412,1.0449
2010-05-28,1.0486,1.0563,1.0442,1.0539
2010-05-27,1.0711,1.0719,1.0478,1.048
2010-05-26,1.0661,1.0748,1.0579,1.0704
2010-05-25,1.0625,1.0854,1.0621,1.0659
2010-05-24,1.0618,1.0661,1.0532,1.0638
2010-05-21,1.0707,1.0751,1.055,1.0591
2010-05-20,1.0428,1.0721,1.0417,1.0702
2010-05-19,1.04,1.0539,1.0385,1.0432
2010-05-18,1.032,1.0413,1.0242,1.04
2010-05-17,1.0347,1.044,1.031,1.031
2010-05-14,1.0207,1.0379,1.021,1.0351
2010-05-13,1.0194,1.0211,1.0107,1.0205
2010-05-12,1.021,1.0248,1.0152,1.0192
2010-05-11,1.0235,1.029,1.0149,1.0214
2010-05-10,1.0334,1.0394,1.0208,1.0231
2010-05-07,1.0526,1.0574,1.0339,1.0425
2010-05-06,1.0309,1.0743,1.0282,1.0503
2010-05-05,1.0252,1.0355,1.0231,1.0309
2010-05-04,1.0105,1.0259,1.0103,1.0243
2010-05-03,1.017,1.0189,1.0101,1.0106
2010-04-30,1.0056,1.0183,1.0015,1.0174
2010-04-29,1.0096,1.0116,1.0013,1.0058
2010-04-28,1.0171,1.0199,1.0074,1.0095
2010-04-27,1.0008,1.0183,0.999,1.0172
2010-04-26,0.9994,1.0025,0.9966,1.0005
2010-04-23,1.0003,1.0067,0.9967,0.9995
2010-04-22,0.9998,1.0041,0.9957,1.0002
2010-04-21,0.9983,1.0016,0.9929,0.9995
2010-04-20,1.0146,1.0166,0.9971,0.9981
2010-04-19,1.0149,1.0217,1.0136,1.0145
2010-04-16,1.0021,1.0166,0.9997,1.0124
2010-04-15,0.9987,1.0038,0.9956,1.0018
2010-04-14,1.0013,1.0023,0.9952,0.9988
2010-04-13,1.0027,1.0067,1.0004,1.0013
2010-04-12,1.004,1.0091,1.001,1.0027
2010-04-09,1.0022,1.0086,0.999,1.0027
2010-04-08,1.006,1.0107,1.0018,1.0018
2010-04-07,1.0014,1.0064,0.9977,1.0052
2010-04-06,1.0019,1.005,0.9987,1.0014
2010-04-05,1.0084,1.0091,1.001,1.0013
2010-04-02,1.0088,1.0132,1.0081,1.0112
2010-04-01,1.0153,1.0164,1.0066,1.0084
2010-03-31,1.02,1.0204,1.0128,1.0152
2010-03-30,1.0212,1.0225,1.0157,1.0196
2010-03-29,1.0255,1.0274,1.0175,1.0208
2010-03-26,1.0242,1.0305,1.0204,1.027
2010-03-25,1.026,1.0264,1.017,1.0245
2010-03-24,1.0164,1.0284,1.0157,1.0262
2010-03-23,1.0185,1.0231,1.0151,1.0158
2010-03-22,1.016,1.0245,1.0147,1.0178
2010-03-19,1.0143,1.019,1.0061,1.0172
2010-03-18,1.0103,1.0151,1.0089,1.0146
2010-03-17,1.0138,1.0149,1.007,1.0092
2010-03-16,1.0194,1.0204,1.0135,1.0135
2010-03-15,1.0177,1.0234,1.0164,1.0187
2010-03-12,1.0244,1.0254,1.0155,1.0184
2010-03-11,1.0256,1.0323,1.0229,1.0241
2010-03-10,1.0263,1.0293,1.0217,1.0256
2010-03-09,1.0278,1.0322,1.0235,1.0261
2010-03-08,1.0289,1.0295,1.0251,1.0277
2010-03-05,1.0309,1.0333,1.026,1.0299
2010-03-04,1.032,1.0341,1.027,1.0311
2010-03-03,1.036,1.0368,1.0273,1.0311
2010-03-02,1.0418,1.0444,1.0309,1.036
2010-03-01,1.0542,1.0575,1.041,1.0418
2010-02-26,1.0598,1.0619,1.0512,1.0528
2010-02-25,1.0539,1.0681,1.0514,1.0601
2010-02-24,1.0564,1.0595,1.0511,1.0543
2010-02-23,1.0429,1.0581,1.0381,1.0555
2010-02-22,1.0385,1.0442,1.037,1.0428
2010-02-19,1.0437,1.0533,1.0387,1.0397
2010-02-18,1.0459,1.05,1.0397,1.0413
2010-02-17,1.0437,1.0472,1.0411,1.0458
2010-02-16,1.0492,1.0501,1.0409,1.044
2010-02-15,1.0514,1.0535,1.0463,1.0488
2010-02-12,1.051,1.0581,1.0488,1.051
2010-02-11,1.063,1.0635,1.048,1.0506
2010-02-10,1.0673,1.0709,1.0597,1.0628
2010-02-09,1.0749,1.0777,1.0645,1.0674
2010-02-08,1.0684,1.0755,1.0656,1.0753
2010-02-05,1.0734,1.0782,1.0645,1.0685
2010-02-04,1.0627,1.0754,1.0596,1.0724
2010-02-03,1.0581,1.0633,1.0545,1.0621
2010-02-02,1.062,1.0642,1.0564,1.0579
2010-02-01,1.0711,1.0723,1.061,1.0616
2010-01-29,1.0664,1.07,1.0623,1.0696
2010-01-28,1.0652,1.0669,1.0556,1.0665
2010-01-27,1.0627,1.069,1.0608,1.0639
2010-01-26,1.0578,1.0694,1.0545,1.0623
2010-01-25,1.058,1.0615,1.0532,1.0581
2010-01-22,1.0517,1.0604,1.0463,1.0575
2010-01-21,1.0467,1.0526,1.0438,1.0519
2010-01-20,1.0309,1.0491,1.0303,1.046
2010-01-19,1.0264,1.035,1.0248,1.0305
2010-01-18,1.0303,1.0316,1.0247,1.0261
2010-01-15,1.0233,1.0316,1.0231,1.0287
2010-01-14,1.0306,1.0324,1.0224,1.0232
2010-01-13,1.0393,1.0413,1.0288,1.0307
2010-01-12,1.0335,1.0416,1.0313,1.0393
2010-01-11,1.0289,1.0345,1.0252,1.0333
2010-01-08,1.0345,1.0387,1.0295,1.03
2010-01-07,1.0323,1.0376,1.0291,1.0345
2010-01-06,1.0388,1.0411,1.0312,1.0316
2010-01-05,1.0416,1.0427,1.0336,1.0394
2010-01-04,1.0518,1.0521,1.0352,1.0414
2010-01-01,1.0527,1.054,1.052,1.0517
2009-12-31,1.0557,1.0563,1.0456,1.0518
2009-12-30,1.0438,1.058,1.0425,1.0545
2009-12-29,1.0426,1.0447,1.0366,1.0432
2009-12-28,1.0501,1.0501,1.0418,1.043
2009-12-25,1.0495,1.0507,1.0495,1.0499
2009-12-24,1.0482,1.0509,1.0448,1.0497
2009-12-23,1.0578,1.0583,1.0469,1.0484
2009-12-22,1.0621,1.0637,1.054,1.058
2009-12-21,1.0666,1.0701,1.0536,1.0622
2009-12-18,1.0709,1.0728,1.0628,1.0661
2009-12-17,1.061,1.0748,1.061,1.0706
2009-12-16,1.0617,1.0645,1.057,1.061
2009-12-15,1.0591,1.0654,1.0551,1.0612
2009-12-14,1.0602,1.0664,1.0566,1.0586
2009-12-11,1.0509,1.0624,1.0484,1.06
2009-12-10,1.0547,1.0584,1.0479,1.0505
2009-12-09,1.0635,1.0664,1.0515,1.0544
2009-12-08,1.0526,1.0672,1.0486,1.0634
2009-12-07,1.0559,1.0651,1.0482,1.0519
2009-12-04,1.056,1.0598,1.0434,1.0574
2009-12-03,1.0509,1.0585,1.0462,1.0547
2009-12-02,1.0464,1.0517,1.0431,1.0509
2009-12-01,1.0558,1.0581,1.0406,1.0465
2009-11-30,1.0577,1.062,1.0534,1.0554
2009-11-27,1.06,1.0751,1.0585,1.0619
2009-11-26,1.0454,1.0623,1.0448,1.0606
2009-11-25,1.0581,1.0589,1.0449,1.0451
2009-11-24,1.0559,1.0644,1.0553,1.0584
2009-11-23,1.0702,1.0714,1.0539,1.0557
2009-11-20,1.0634,1.0734,1.0614,1.0697
2009-11-19,1.0545,1.069,1.0543,1.0632
2009-11-18,1.051,1.0584,1.0449,1.0539
2009-11-17,1.0474,1.062,1.0465,1.0511
2009-11-16,1.0541,1.0543,1.0426,1.0472
2009-11-13,1.0564,1.057,1.0471,1.0502
2009-11-12,1.0457,1.0579,1.0416,1.0555
2009-11-11,1.0497,1.0506,1.0432,1.0454
2009-11-10,1.0566,1.061,1.0483,1.0495
2009-11-09,1.0724,1.0745,1.0542,1.0564
2009-11-06,1.0663,1.0782,1.0608,1.0741
2009-11-05,1.0632,1.0684,1.0605,1.066
2009-11-04,1.067,1.0684,1.0595,1.062
2009-11-03,1.0775,1.0854,1.0656,1.0673
2009-11-02,1.0846,1.0871,1.0713,1.0778
2009-10-30,1.0666,1.085,1.0652,1.0845
2009-10-29,1.0807,1.0822,1.0654,1.067
2009-10-28,1.0646,1.0814,1.0637,1.0811
2009-10-27,1.0692,1.0719,1.0627,1.0644
2009-10-26,1.0526,1.0699,1.0502,1.068
2009-10-23,1.0477,1.0546,1.0448,1.0535
2009-10-22,1.0431,1.0546,1.0416,1.047
2009-10-21,1.0495,1.0585,1.0378,1.0426
2009-10-20,1.028,1.0528,1.0266,1.0494
2009-10-19,1.0389,1.0423,1.0278,1.0281
2009-10-16,1.0339,1.0437,1.0288,1.0364
2009-10-15,1.024,1.0374,1.0206,1.0336
2009-10-14,1.0319,1.0328,1.0233,1.0239
2009-10-13,1.0348,1.0375,1.0266,1.0317
2009-10-12,1.0434,1.0454,1.0316,1.035
2009-10-09,1.0517,1.0554,1.041,1.0424
2009-10-08,1.0615,1.0633,1.0505,1.0512
2009-10-07,1.0594,1.0651,1.0527,1.0613
2009-10-06,1.0704,1.0717,1.0546,1.0594
2009-10-05,1.0801,1.0825,1.0692,1.0704
2009-10-02,1.0838,1.0961,1.0789,1.0794
2009-10-01,1.0695,1.0848,1.0673,1.0836
2009-09-30,1.0848,1.0857,1.0671,1.069
2009-09-29,1.085,1.0926,1.0793,1.0845
2009-09-28,1.0911,1.0995,1.0832,1.0849
2009-09-25,1.0891,1.0984,1.086,1.091
2009-09-24,1.0757,1.0948,1.0707,1.0892
2009-09-23,1.069,1.0779,1.0661,1.075
2009-09-22,1.0787,1.0791,1.066,1.0688
2009-09-21,1.0697,1.0855,1.0678,1.0783
2009-09-18,1.0653,1.077,1.0648,1.0688
2009-09-17,1.0663,1.0679,1.0592,1.0654
2009-09-16,1.0727,1.0738,1.0644,1.0663
2009-09-15,1.083,1.0873,1.0711,1.0724
2009-09-14,1.0775,1.0928,1.0768,1.0832
2009-09-11,1.0774,1.0793,1.0715,1.0765
2009-09-10,1.0789,1.0882,1.0768,1.0772
2009-09-09,1.0794,1.0836,1.0746,1.0783
2009-09-08,1.078,1.0824,1.0673,1.0795
2009-09-07,1.0866,1.087,1.0739,1.0774
2009-09-04,1.102,1.104,1.0823,1.088
2009-09-03,1.1052,1.1075,1.0966,1.1023
2009-09-02,1.1043,1.1105,1.1006,1.105
2009-09-01,1.0939,1.1069,1.0871,1.1035
2009-08-31,1.0917,1.1094,1.0903,1.0945
2009-08-28,1.0877,1.0938,1.0791,1.0914
2009-08-27,1.0981,1.1022,1.0831,1.0874
2009-08-26,1.0865,1.1002,1.083,1.0977
2009-08-25,1.0766,1.0873,1.0719,1.0869
2009-08-24,1.0806,1.0827,1.0726,1.0764
2009-08-21,1.0876,1.0945,1.0763,1.0809
2009-08-20,1.0952,1.0996,1.0864,1.0878
2009-08-19,1.1016,1.1115,1.0938,1.0945
2009-08-18,1.108,1.1108,1.1001,1.1013
2009-08-17,1.0996,1.1127,1.0991,1.1077
2009-08-14,1.0873,1.1024,1.0814,1.098
2009-08-13,1.0888,1.0911,1.0792,1.0863
2009-08-12,1.1017,1.1078,1.0848,1.0878
2009-08-11,1.0883,1.1048,1.0865,1.1015
2009-08-10,1.0831,1.093,1.0796,1.0882
2009-08-07,1.0779,1.0867,1.0756,1.0811
2009-08-06,1.0703,1.08,1.0676,1.0777
2009-08-05,1.073,1.0786,1.0678,1.07
2009-08-04,1.066,1.0767,1.0632,1.0714
2009-08-03,1.077,1.0793,1.0642,1.0657
2009-07-31,1.0841,1.0859,1.0763,1.0777
2009-07-30,1.09,1.0914,1.0804,1.083
2009-07-29,1.0812,1.0935,1.0799,1.0908
2009-07-28,1.0811,1.0907,1.0749,1.0801
2009-07-27,1.0855,1.088,1.0778,1.0807
2009-07-24,1.0891,1.0925,1.0794,1.0867
2009-07-23,1.1,1.1012,1.084,1.0899
2009-07-22,1.1039,1.1091,1.0949,1.0994
2009-07-21,1.1065,1.1115,1.0965,1.1038
2009-07-20,1.1159,1.1161,1.1019,1.1066
2009-07-17,1.1175,1.1202,1.1128,1.1133
2009-07-16,1.113,1.1227,1.1126,1.1173
2009-07-15,1.133,1.1351,1.1116,1.1124
2009-07-14,1.1507,1.1534,1.1322,1.133
2009-07-13,1.1623,1.1673,1.1503,1.1513
2009-07-10,1.162,1.1677,1.1597,1.1636
2009-07-09,1.1677,1.1682,1.1547,1.1617
2009-07-08,1.1664,1.1726,1.1587,1.1671
2009-07-07,1.1595,1.1675,1.1543,1.1656
2009-07-06,1.1619,1.1682,1.1587,1.1593
2009-07-03,1.1635,1.164,1.1562,1.1605
2009-07-02,1.1494,1.1637,1.1471,1.1634
2009-07-01,1.1627,1.1657,1.1438,1.1483
2009-06-30,1.1567,1.1641,1.151,1.1625
2009-06-29,1.1523,1.1602,1.1508,1.1566
2009-06-26,1.1544,1.1566,1.1444,1.1524
2009-06-25,1.1566,1.1639,1.1525,1.1543
2009-06-24,1.1498,1.1583,1.1418,1.1557
2009-06-23,1.1544,1.1583,1.1466,1.1496
2009-06-22,1.1354,1.1557,1.1336,1.1545
2009-06-19,1.1321,1.1365,1.125,1.1351
2009-06-18,1.1323,1.1366,1.1233,1.1324
2009-06-17,1.1355,1.145,1.1275,1.1313
2009-06-16,1.1329,1.1376,1.1222,1.1349
2009-06-15,1.1194,1.1378,1.1182,1.1322
2009-06-12,1.1031,1.1248,1.1008,1.1187
2009-06-11,1.1089,1.1105,1.0949,1.1023
2009-06-10,1.1039,1.1165,1.094,1.1086
2009-06-09,1.1163,1.1197,1.0982,1.1041
2009-06-08,1.1203,1.1292,1.114,1.1164
2009-06-05,1.0976,1.1208,1.0963,1.1189
2009-06-04,1.1123,1.1161,1.0928,1.0967
2009-06-03,1.0815,1.1132,1.0795,1.1128
2009-06-02,1.0929,1.0974,1.079,1.0816
2009-06-01,1.0905,1.0948,1.0784,1.0907
2009-05-29,1.1142,1.116,1.0891,1.0905
2009-05-28,1.1223,1.126,1.1107,1.114
2009-05-27,1.1163,1.123,1.1099,1.1216
2009-05-26,1.1241,1.1357,1.1153,1.1159
2009-05-25,1.1212,1.1283,1.1195,1.1238
2009-05-22,1.1369,1.1372,1.1188,1.1194
2009-05-21,1.1421,1.1484,1.1348,1.1357
2009-05-20,1.1559,1.1586,1.1363,1.1418
2009-05-19,1.1635,1.1663,1.1523,1.1558
2009-05-18,1.1784,1.1813,1.1607,1.1627
2009-05-15,1.17,1.1809,1.1648,1.1777
2009-05-14,1.1739,1.1788,1.1684,1.17
2009-05-13,1.1627,1.1778,1.1553,1.1732
2009-05-12,1.167,1.1699,1.1539,1.1622
2009-05-11,1.1498,1.1675,1.1476,1.1671
2009-05-08,1.1698,1.1734,1.149,1.1501
2009-05-07,1.1668,1.1766,1.1629,1.1693
2009-05-06,1.1757,1.1827,1.1652,1.1671
2009-05-05,1.1725,1.1792,1.1678,1.1756
2009-05-04,1.1869,1.1901,1.1723,1.1731
2009-05-01,1.1933,1.1954,1.183,1.1851
2009-04-30,1.2038,1.2051,1.1862,1.1937
2009-04-29,1.2196,1.222,1.199,1.2036
2009-04-28,1.2202,1.2268,1.2165,1.2204
2009-04-27,1.2112,1.2219,1.2075,1.221
2009-04-24,1.2231,1.2272,1.2073,1.2092
2009-04-23,1.24,1.2418,1.2222,1.2233
2009-04-22,1.2361,1.2478,1.2328,1.2406
2009-04-21,1.2387,1.2506,1.2326,1.2368
2009-04-20,1.2138,1.2398,1.2123,1.2386
2009-04-17,1.2086,1.218,1.2075,1.2136
2009-04-16,1.2041,1.2149,1.1982,1.21
2009-04-15,1.2153,1.2187,1.2014,1.2023
2009-04-14,1.22,1.2242,1.2062,1.2154
2009-04-13,1.2254,1.2302,1.2165,1.2198
2009-04-10,1.2237,1.23,1.2236,1.226
2009-04-09,1.2361,1.2403,1.2212,1.2244
2009-04-08,1.2375,1.2467,1.2308,1.2355
2009-04-07,1.2392,1.2485,1.2331,1.2373
2009-04-06,1.2295,1.2443,1.2224,1.2384
2009-04-03,1.2374,1.2458,1.2295,1.2295
2009-04-02,1.2597,1.2614,1.2337,1.2369
2009-04-01,1.2612,1.2718,1.2575,1.26
2009-03-31,1.262,1.2654,1.2502,1.2607
2009-03-30,1.24,1.265,1.2384,1.2617
2009-03-27,1.23,1.2446,1.2264,1.2418
2009-03-26,1.2323,1.2338,1.2241,1.2295
2009-03-25,1.2312,1.2357,1.2221,1.2318
2009-03-24,1.2228,1.2325,1.2202,1.2297
2009-03-23,1.2394,1.24,1.2201,1.2235
2009-03-20,1.2396,1.2448,1.2291,1.241
2009-03-19,1.2466,1.2505,1.2191,1.2395
2009-03-18,1.2697,1.2753,1.2431,1.2457
2009-03-17,1.2714,1.2769,1.2676,1.2689
2009-03-16,1.2727,1.2788,1.2635,1.2716
2009-03-13,1.2779,1.2845,1.2626,1.2719
2009-03-12,1.2851,1.2958,1.2767,1.2777
2009-03-11,1.28,1.2904,1.2752,1.285
2009-03-10,1.3011,1.3016,1.2726,1.2811
2009-03-09,1.2866,1.3066,1.2817,1.2995
2009-03-06,1.2886,1.2913,1.2765,1.2875
2009-03-05,1.2751,1.2914,1.2723,1.2888
2009-03-04,1.2921,1.2969,1.2714,1.2741
2009-03-03,1.2914,1.2977,1.2807,1.2931
2009-03-02,1.2774,1.2918,1.2725,1.2905
2009-02-27,1.2531,1.2733,1.2519,1.2729
2009-02-26,1.2559,1.2581,1.2397,1.2516
2009-02-25,1.243,1.2614,1.2399,1.2566
2009-02-24,1.251,1.2542,1.2394,1.2426
2009-02-23,1.2512,1.2557,1.2357,1.2498
2009-02-20,1.2587,1.2652,1.2422,1.2505
2009-02-19,1.2599,1.2623,1.2466,1.2589
2009-02-18,1.2643,1.2658,1.253,1.2602
2009-02-17,1.2439,1.2674,1.2415,1.2646
2009-02-16,1.2376,1.249,1.2392,1.2436
2009-02-13,1.2438,1.2464,1.2281,1.2343
2009-02-12,1.242,1.255,1.2382,1.2432
2009-02-11,1.2453,1.2533,1.2389,1.2415
2009-02-10,1.2165,1.2494,1.2149,1.246
2009-02-09,1.2219,1.2301,1.2131,1.2158
2009-02-06,1.2322,1.2542,1.2233,1.2254
2009-02-05,1.2323,1.2384,1.2227,1.2316
2009-02-04,1.2308,1.2439,1.2225,1.2323
2009-02-03,1.2436,1.2523,1.2294,1.2311
2009-02-02,1.2279,1.2467,1.226,1.2423
2009-01-30,1.2241,1.2418,1.2217,1.2267
2009-01-29,1.2135,1.2246,1.2093,1.2236
2009-01-28,1.2279,1.2309,1.2026,1.2148
2009-01-27,1.2239,1.2334,1.2152,1.2267
2009-01-26,1.2326,1.2391,1.2141,1.2226
2009-01-23,1.2533,1.2651,1.2269,1.231
2009-01-22,1.2561,1.2741,1.2517,1.2532
2009-01-21,1.2671,1.2767,1.2548,1.2556
2009-01-20,1.2538,1.2697,1.253,1.2666
2009-01-19,1.2455,1.2574,1.2374,1.2543
2009-01-16,1.2521,1.2578,1.2316,1.2481
2009-01-15,1.2485,1.2674,1.2414,1.2519
2009-01-14,1.2248,1.2493,1.2102,1.2477
2009-01-13,1.2172,1.234,1.2153,1.2243
2009-01-12,1.1879,1.2176,1.1873,1.2163
2009-01-09,1.1793,1.197,1.1793,1.1883
2009-01-08,1.1955,1.2075,1.1771,1.1791
2009-01-07,1.1835,1.2002,1.1774,1.1958
2009-01-06,1.1895,1.2001,1.1761,1.1845
2009-01-05,1.206,1.2226,1.1868,1.1886
2009-01-02,1.2197,1.2277,1.2066,1.2149
2009-01-01,1.2169,1.2226,1.2166,1.2204
2008-12-31,1.2192,1.2361,1.2107,1.2165
2008-12-30,1.2193,1.2342,1.2142,1.2199
2008-12-29,1.222,1.2224,1.2072,1.2177
2008-12-26,1.215,1.2226,1.2126,1.2219
2008-12-25,1.2128,1.2201,1.2121,1.2164
2008-12-24,1.2163,1.2212,1.2083,1.2141
2008-12-23,1.2192,1.2254,1.2049,1.2165
2008-12-22,1.2155,1.2215,1.1987,1.2194
2008-12-19,1.2064,1.2376,1.203,1.224
2008-12-18,1.1941,1.2118,1.1924,1.2047
2008-12-17,1.2031,1.2121,1.1933,1.1958
2008-12-16,1.2333,1.2378,1.1988,1.2046
2008-12-15,1.2464,1.2467,1.2231,1.2328
2008-12-12,1.2346,1.2516,1.2285,1.2488
2008-12-11,1.2592,1.2609,1.2158,1.235
2008-12-10,1.2649,1.2667,1.2487,1.2589
2008-12-09,1.2531,1.2746,1.2496,1.2652
2008-12-08,1.2702,1.2756,1.2447,1.2544
2008-12-05,1.2772,1.3009,1.2689,1.2698
2008-12-04,1.2535,1.28,1.2516,1.2775
2008-12-03,1.2508,1.2669,1.2443,1.2525
2008-12-02,1.2462,1.2584,1.2382,1.2522
2008-12-01,1.2366,1.2526,1.2306,1.2437
2008-11-28,1.2313,1.2469,1.2313,1.2355
2008-11-27,1.2307,1.2376,1.2236,1.2317
2008-11-26,1.2246,1.2415,1.216,1.2269
2008-11-25,1.2317,1.2479,1.2126,1.2251
2008-11-24,1.2676,1.2777,1.2243,1.2298
2008-11-21,1.2948,1.2986,1.2744,1.2747
2008-11-20,1.2536,1.295,1.2517,1.2936
2008-11-19,1.2306,1.2544,1.2286,1.2536
2008-11-18,1.225,1.2386,1.218,1.2278
2008-11-17,1.2385,1.2424,1.2112,1.2233
2008-11-14,1.2126,1.2318,1.2099,1.228
2008-11-13,1.2367,1.2448,1.2107,1.2127
2008-11-12,1.2059,1.2384,1.198,1.235
2008-11-11,1.1955,1.2098,1.1891,1.205
2008-11-10,1.178,1.1993,1.166,1.198
2008-11-07,1.1943,1.2026,1.167,1.1886
2008-11-06,1.1685,1.194,1.1616,1.1925
2008-11-05,1.1502,1.169,1.1466,1.167
2008-11-04,1.1808,1.1896,1.1479,1.1504
2008-11-03,1.2098,1.2118,1.1801,1.1815
2008-10-31,1.201,1.238,1.1943,1.2122
2008-10-30,1.222,1.2258,1.1901,1.2013
2008-10-29,1.272,1.2872,1.2126,1.2245
2008-10-28,1.2966,1.302,1.2717,1.2715
2008-10-27,1.2778,1.2973,1.2703,1.296
2008-10-24,1.2455,1.2843,1.2436,1.2773
2008-10-23,1.2543,1.2742,1.2432,1.2445
2008-10-22,1.2134,1.26,1.2106,1.2543
2008-10-21,1.1919,1.221,1.1911,1.2136
2008-10-20,1.1818,1.1984,1.174,1.19
2008-10-17,1.1786,1.1933,1.1774,1.1821
2008-10-16,1.1911,1.1997,1.1757,1.1755
2008-10-15,1.1622,1.192,1.1537,1.1902
2008-10-14,1.147,1.1652,1.1306,1.1615
2008-10-13,1.1681,1.1798,1.1451,1.1459
2008-10-10,1.1489,1.2123,1.1459,1.173
2008-10-09,1.1273,1.1507,1.1205,1.1464
2008-10-08,1.1046,1.1289,1.0997,1.1282
2008-10-07,1.1018,1.1088,1.0951,1.1039
2008-10-06,1.0829,1.1089,1.0814,1.1022
2008-10-03,1.0792,1.0846,1.0726,1.0826
2008-10-02,1.0628,1.081,1.0622,1.0798
2008-10-01,1.0637,1.0659,1.0547,1.0616
2008-09-30,1.0458,1.0665,1.0441,1.0642
2008-09-29,1.0351,1.0461,1.0334,1.0454
2008-09-26,1.0341,1.0375,1.0315,1.0333
2008-09-25,1.0385,1.039,1.0298,1.0335
2008-09-24,1.0385,1.0395,1.0313,1.0386
2008-09-23,1.0357,1.0401,1.0304,1.0372
2008-09-22,1.0469,1.0516,1.0315,1.0359
2008-09-19,1.0593,1.0669,1.0428,1.0465
2008-09-18,1.0721,1.0736,1.0577,1.0586
2008-09-17,1.0699,1.081,1.0617,1.0727
2008-09-16,1.07,1.075,1.0661,1.0708
2008-09-15,1.062,1.0752,1.0569,1.0686
2008-09-12,1.0746,1.0765,1.0587,1.0598
2008-09-11,1.0728,1.0824,1.0701,1.073
2008-09-10,1.0714,1.0745,1.0657,1.0731
2008-09-09,1.0655,1.0719,1.0603,1.0714
2008-09-08,1.0578,1.0715,1.0551,1.0656
2008-09-05,1.0704,1.073,1.0603,1.0621
2008-09-04,1.062,1.0716,1.0543,1.0712
2008-09-03,1.0673,1.078,1.0578,1.0613
2008-09-02,1.0671,1.0749,1.066,1.0671
2008-09-01,1.0619,1.0695,1.0613,1.0667
2008-08-29,1.0511,1.0646,1.047,1.0635
2008-08-28,1.0468,1.054,1.0431,1.0508
2008-08-27,1.0484,1.0498,1.0426,1.0468
2008-08-26,1.051,1.0563,1.041,1.048
2008-08-25,1.0489,1.0519,1.044,1.0511
2008-08-22,1.0437,1.049,1.042,1.0469
2008-08-21,1.0601,1.0609,1.0423,1.0432
2008-08-20,1.0612,1.0654,1.0576,1.0602
2008-08-19,1.0644,1.0671,1.0594,1.0604
2008-08-18,1.0596,1.0649,1.0544,1.0644
2008-08-15,1.0644,1.0695,1.0581,1.0589
2008-08-14,1.0627,1.0657,1.0563,1.0649
2008-08-13,1.0645,1.0717,1.0614,1.0624
2008-08-12,1.0693,1.073,1.0614,1.0645
2008-08-11,1.0676,1.0718,1.0612,1.069
2008-08-08,1.053,1.0698,1.0515,1.0665
2008-08-07,1.0487,1.0536,1.0448,1.0529
2008-08-06,1.0433,1.0496,1.04,1.048
2008-08-05,1.0368,1.0454,1.0361,1.0423
2008-08-04,1.027,1.0373,1.0262,1.0369
2008-08-01,1.0238,1.03,1.0227,1.0269
2008-07-31,1.0234,1.0267,1.0213,1.0233
2008-07-30,1.0239,1.0273,1.0219,1.0226
2008-07-29,1.0225,1.0275,1.0205,1.0237
2008-07-28,1.0193,1.0246,1.0174,1.0223
2008-07-25,1.0151,1.0208,1.0127,1.0196
2008-07-24,1.011,1.0164,1.0076,1.0156
2008-07-23,1.0081,1.012,1.0057,1.0109
2008-07-22,0.9997,1.0116,0.9997,1.0077
2008-07-21,1.0061,1.0074,0.9991,0.9992
2008-07-18,1.0053,1.0082,1.0021,1.0056
2008-07-17,1.0018,1.0082,0.9978,1.0058
2008-07-16,1.0016,1.005,0.9996,1.0017
2008-07-15,1.0066,1.0072,0.9975,1.001
2008-07-14,1.0077,1.0143,1.0042,1.0063
2008-07-11,1.0086,1.0181,1.0069,1.0094
2008-07-10,1.012,1.0138,1.0076,1.009
2008-07-09,1.0189,1.02,1.0098,1.0111
2008-07-08,1.017,1.0233,1.0156,1.0188
2008-07-07,1.0185,1.0234,1.0149,1.0164
2008-07-04,1.0182,1.0206,1.014,1.0195
2008-07-03,1.0118,1.0221,1.011,1.0181
2008-07-02,1.0221,1.0231,1.0089,1.0116
2008-07-01,1.0209,1.0242,1.0143,1.0222
2008-06-30,1.0105,1.0219,1.0062,1.0209
2008-06-27,1.0138,1.0143,1.0048,1.0104
2008-06-26,1.0092,1.0144,1.0081,1.0132
2008-06-25,1.0117,1.0145,1.0088,1.0089
2008-06-24,1.0158,1.0174,1.011,1.0118
2008-06-23,1.0166,1.0194,1.013,1.0155
2008-06-20,1.0154,1.0197,1.0101,1.0165
2008-06-19,1.0173,1.019,1.0109,1.0159
2008-06-18,1.0189,1.0215,1.0166,1.0173
2008-06-17,1.0242,1.025,1.0166,1.0188
2008-06-16,1.0286,1.0301,1.0197,1.0244
2008-06-13,1.024,1.0299,1.0217,1.0292
2008-06-12,1.02,1.0279,1.0193,1.0239
2008-06-11,1.022,1.0248,1.0153,1.0199
2008-06-10,1.0235,1.0324,1.0196,1.0218
2008-06-09,1.0186,1.0244,1.015,1.0232
2008-06-06,1.0174,1.0218,1.0162,1.0194
2008-06-05,1.017,1.0223,1.0142,1.0169
2008-06-04,1.0093,1.0192,1.008,1.017
2008-06-03,1.0015,1.0098,0.9968,1.0088
2008-06-02,0.9953,1.003,0.9928,1.0014
2008-05-30,0.9884,0.9982,0.9873,0.9932
2008-05-29,0.9898,0.9923,0.9824,0.9881
2008-05-28,0.9938,0.996,0.9889,0.9894
2008-05-27,0.9919,0.9951,0.9867,0.9944
2008-05-26,0.9889,0.9935,0.9861,0.9913
2008-05-23,0.9848,0.9902,0.9834,0.9894
2008-05-22,0.9835,0.9877,0.9827,0.9842
2008-05-21,0.9923,0.9929,0.9819,0.9832
2008-05-20,0.9916,0.9954,0.9874,0.9923
2008-05-19,0.9998,1.0002,0.9899,0.9914
2008-05-16,0.9999,1.0023,0.9944,0.999
2008-05-15,1.0032,1.0063,0.9992,0.9994
2008-05-14,1.0038,1.007,0.9963,1.0029
2008-05-13,1.005,1.0096,0.9986,1.0036
2008-05-12,1.0059,1.0109,1.0025,1.0049
2008-05-09,1.0175,1.0178,1.0046,1.0052
2008-05-08,1.0096,1.0179,1.008,1.0174
2008-05-07,1.0024,1.01,1.0006,1.0095
2008-05-06,1.0126,1.0147,0.9998,1.0026
2008-05-05,1.0195,1.02,1.012,1.0126
2008-05-02,1.0193,1.0244,1.0147,1.0194
2008-05-01,1.0073,1.0237,1.0061,1.0206
2008-04-30,1.013,1.0145,1.0037,1.007
2008-04-29,1.0131,1.0166,1.0109,1.0129
2008-04-28,1.0138,1.0185,1.0067,1.0123
2008-04-25,1.0145,1.0206,1.0122,1.0137
2008-04-24,1.017,1.0213,1.0121,1.0141
2008-04-23,1.0078,1.0216,1.006,1.0171
2008-04-22,1.0058,1.0154,1.0023,1.0068
2008-04-21,1.0052,1.0096,0.9999,1.0055
2008-04-18,1.0105,1.0145,1.0025,1.0042
2008-04-17,1.001,1.0144,0.9988,1.0098
2008-04-16,1.0179,1.0188,1.0001,1.0003
2008-04-15,1.019,1.024,1.0164,1.0175
2008-04-14,1.0269,1.0276,1.0176,1.0184
2008-04-11,1.0197,1.025,1.0132,1.0232
2008-04-10,1.0187,1.0226,1.0156,1.0197
2008-04-09,1.0135,1.022,1.0126,1.0188
2008-04-08,1.0143,1.0176,1.0105,1.0129
2008-04-07,1.0091,1.0154,1.004,1.0149
2008-04-04,1.0046,1.0105,1.0019,1.0081
2008-04-03,1.0154,1.0168,1.0027,1.0042
2008-04-02,1.0221,1.0246,1.013,1.0146
2008-04-01,1.0259,1.0328,1.0206,1.0223
2008-03-31,1.0225,1.0294,1.0191,1.0258
2008-03-28,1.0184,1.023,1.0143,1.0224
2008-03-27,1.0181,1.0235,1.0126,1.0183
2008-03-26,1.0173,1.0208,1.0094,1.0179
2008-03-25,1.0171,1.0224,1.0125,1.0169
2008-03-24,1.0255,1.031,1.0157,1.0173
2008-03-21,1.024,1.027,1.0223,1.0228
2008-03-20,1.0137,1.0296,1.0107,1.0242
2008-03-19,0.9926,1.0176,0.9876,1.0141
2008-03-18,0.9983,0.9988,0.9893,0.9922
2008-03-17,0.9886,1.0013,0.9858,0.997
2008-03-14,0.9837,0.9967,0.9815,0.989
2008-03-13,0.9896,0.9921,0.9797,0.9824
2008-03-12,0.992,0.9938,0.9837,0.9895
2008-03-11,0.9965,0.9974,0.9894,0.9912
2008-03-10,0.9897,0.9985,0.9856,0.9965
2008-03-07,0.9861,0.9925,0.9747,0.9896
2008-03-06,0.9852,0.9886,0.9818,0.9861
2008-03-05,0.9943,0.9956,0.9835,0.9849
2008-03-04,0.9893,0.9979,0.9853,0.9936
2008-03-03,0.9855,0.9935,0.9827,0.9891
2008-02-29,0.9759,0.9854,0.975,0.9843
2008-02-28,0.981,0.9824,0.9711,0.9748
2008-02-27,0.9821,0.9833,0.976,0.9803
2008-02-26,0.9956,0.9988,0.9783,0.9829
2008-02-25,1.0122,1.0131,0.9951,0.9951
2008-02-22,1.0112,1.017,1.0072,1.012
2008-02-21,1.0127,1.0143,1.0067,1.0109
2008-02-20,1.0173,1.02,1.0105,1.0125
2008-02-19,1.0076,1.0176,1.0021,1.0171
2008-02-18,1.0086,1.0101,1.0048,1.0074
2008-02-15,1.0002,1.0115,0.992,1.0071
2008-02-14,0.997,1.0018,0.9937,1.0004
2008-02-13,1.0015,1.0031,0.9965,0.9972
2008-02-12,1.0017,1.0046,0.9939,1.0008
2008-02-11,1.0002,1.0037,0.9956,1.0014
2008-02-08,1.0101,1.0107,0.9948,0.9998
2008-02-07,1.0059,1.0128,1.0044,1.0093
2008-02-06,1.0072,1.0104,1.0006,1.006
2008-02-05,0.9933,1.0082,0.9927,1.0068
2008-02-04,0.9946,1.0015,0.9922,0.9934
2008-02-01,1.0037,1.004,0.9918,0.9926
2008-01-31,0.9933,1.0089,0.9925,1.0036
2008-01-30,0.9989,1.0004,0.9873,0.9923
2008-01-29,1.0044,1.0072,0.9944,0.9982
2008-01-28,1.0096,1.012,1.0022,1.0042
2008-01-25,1.0044,1.0112,1.0016,1.0064
2008-01-24,1.0235,1.0259,1.0031,1.0031
2008-01-23,1.0285,1.0319,1.0223,1.0223
2008-01-22,1.0341,1.038,1.0206,1.0279
2008-01-21,1.0262,1.0349,1.026,1.0344
2008-01-18,1.0297,1.0309,1.0217,1.0269
2008-01-17,1.0253,1.0309,1.0181,1.0298
2008-01-16,1.0168,1.0285,1.0152,1.0241
2008-01-15,1.0176,1.0199,1.0124,1.0168
2008-01-14,1.0199,1.0214,1.0147,1.0176
2008-01-11,1.0082,1.0223,1.007,1.0196
2008-01-10,1.0101,1.0152,1.0052,1.008
2008-01-09,1.0058,1.0125,1.002,1.0095
2008-01-08,1.0054,1.0071,0.9967,1.0066
2008-01-07,1.0023,1.0082,0.9969,1.005
2008-01-04,0.9902,1.0037,0.9841,1.0034
2008-01-03,0.9928,0.9968,0.9873,0.989
2008-01-02,0.9922,0.9973,0.9861,0.9934
2008-01-01,0.9962,0.9989,0.9914,0.992
2007-12-31,0.9811,0.9968,0.9765,0.9964
2007-12-28,0.9816,0.985,0.9756,0.9805
2007-12-27,0.981,0.9856,0.9785,0.9805
2007-12-26,0.9852,0.9868,0.9803,0.9805
2007-12-25,0.9853,0.9871,0.9831,0.9849
2007-12-24,0.9918,0.9936,0.984,0.9859
2007-12-21,1.0004,1.0021,0.9911,0.9913
2007-12-20,1.0029,1.0051,0.9953,1.0005
2007-12-19,1.0055,1.0094,1.0017,1.0027
2007-12-18,1.0057,1.0143,1.0013,1.0054
2007-12-17,1.0178,1.023,1.0026,1.0058
2007-12-14,1.0204,1.0249,1.0128,1.017
2007-12-13,1.0127,1.0236,1.0094,1.0203
2007-12-12,1.0144,1.0178,1.0056,1.0128
2007-12-11,1.0065,1.0168,1.0042,1.015
2007-12-10,1.0041,1.0119,1.0005,1.0055
2007-12-07,1.0089,1.0152,1.0008,1.0046
2007-12-06,1.0141,1.0197,1.0074,1.0079
2007-12-05,1.0124,1.0217,1.0086,1.0135
2007-12-04,1.0001,1.0155,0.9988,1.0122
2007-12-03,0.9993,1.0043,0.9975,0.9999
2007-11-30,0.9977,1.0018,0.9922,0.9999
2007-11-29,0.9858,0.9996,0.9835,0.9969
2007-11-28,0.9958,1.0002,0.9846,0.9856
2007-11-27,0.9904,1.0004,0.9821,0.9951
2007-11-26,0.9874,0.9915,0.9799,0.9894
2007-11-23,0.9855,0.9901,0.9799,0.9891
2007-11-22,0.9874,0.9887,0.9788,0.9854
2007-11-21,0.9795,0.9927,0.9776,0.988
2007-11-20,0.9847,0.9867,0.9743,0.979
2007-11-19,0.9769,0.9851,0.9705,0.9846
2007-11-16,0.9851,0.9889,0.9705,0.9734
2007-11-15,0.967,0.9865,0.9606,0.9844
2007-11-14,0.9595,0.9677,0.9512,0.9665
2007-11-13,0.9695,0.9726,0.9523,0.9595
2007-11-12,0.9457,0.9707,0.9433,0.9687
2007-11-09,0.9353,0.9443,0.9252,0.943
2007-11-08,0.9291,0.9407,0.9236,0.9343
2007-11-07,0.921,0.9308,0.9059,0.9285
2007-11-06,0.9334,0.934,0.9208,0.9214
2007-11-05,0.9355,0.9371,0.9304,0.9329
2007-11-02,0.9512,0.9524,0.9326,0.9341
2007-11-01,0.9431,0.9523,0.9423,0.9509
2007-10-31,0.9534,0.9567,0.9419,0.9436
2007-10-30,0.9533,0.9578,0.9514,0.9528
2007-10-29,0.9614,0.963,0.9515,0.9534
2007-10-26,0.9663,0.9672,0.959,0.9612
2007-10-25,0.9686,0.9701,0.9613,0.9666
2007-10-24,0.9663,0.9736,0.9644,0.9682
2007-10-23,0.9786,0.9792,0.9627,0.9659
2007-10-22,0.9669,0.9827,0.9661,0.978
2007-10-19,0.9737,0.9757,0.9633,0.9661
2007-10-18,0.9745,0.9779,0.9718,0.9739
2007-10-17,0.9788,0.9823,0.9727,0.9744
2007-10-16,0.9765,0.9819,0.9744,0.979
2007-10-15,0.9719,0.978,0.9706,0.9756
2007-10-12,0.9765,0.9801,0.9711,0.971
2007-10-11,0.9818,0.983,0.9728,0.9766
2007-10-10,0.9816,0.9837,0.9791,0.9817
2007-10-09,0.9865,0.9898,0.9792,0.9806
2007-10-08,0.9806,0.9879,0.9802,0.9858
2007-10-05,0.9968,0.9986,0.9787,0.9805
2007-10-04,0.9984,1.0018,0.996,0.9964
2007-10-03,0.9981,0.9994,0.9936,0.998
2007-10-02,0.9918,1.0013,0.9914,0.9982
2007-10-01,0.9934,0.9959,0.991,0.9912
2007-09-28,1.0015,1.0023,0.9913,0.9913
2007-09-27,1.0042,1.0057,0.9977,1.0014
2007-09-26,1.0037,1.0097,1.0025,1.0042
2007-09-25,1.0019,1.0067,0.9998,1.005
2007-09-24,0.9999,1.0031,0.9968,1.0012
2007-09-21,1.0021,1.006,0.9937,1.001
2007-09-20,1.0148,1.0157,0.9992,1.0008
2007-09-19,1.0134,1.0179,1.0082,1.0149
2007-09-18,1.0276,1.0291,1.0121,1.0133
2007-09-17,1.0303,1.0314,1.0239,1.0268
2007-09-14,1.0353,1.0368,1.0277,1.0305
2007-09-13,1.0369,1.0382,1.0311,1.0354
2007-09-12,1.0423,1.0448,1.0353,1.037
2007-09-11,1.0519,1.0533,1.041,1.0421
2007-09-10,1.0547,1.0594,1.0505,1.0511
2007-09-07,1.052,1.0578,1.0476,1.0555
2007-09-06,1.054,1.0584,1.0507,1.0517
2007-09-05,1.0493,1.057,1.0486,1.054
2007-09-04,1.0528,1.057,1.0481,1.0483
2007-09-03,1.0557,1.056,1.0517,1.0521
2007-08-31,1.0581,1.0595,1.0506,1.0556
2007-08-30,1.0591,1.0664,1.0544,1.0574
2007-08-29,1.0648,1.0679,1.0579,1.059
2007-08-28,1.0545,1.0656,1.0534,1.0654
2007-08-27,1.052,1.0552,1.047,1.0545
2007-08-24,1.053,1.057,1.0493,1.0523
2007-08-23,1.0621,1.063,1.0474,1.0526
2007-08-22,1.0632,1.0667,1.0572,1.0621
2007-08-21,1.0553,1.0652,1.0543,1.0638
2007-08-20,1.0606,1.0627,1.0531,1.0544
2007-08-17,1.076,1.0797,1.0556,1.0601
2007-08-16,1.0792,1.0868,1.0673,1.075
2007-08-15,1.0676,1.0798,1.0674,1.079
2007-08-14,1.0543,1.0688,1.0541,1.0675
2007-08-13,1.054,1.0566,1.0485,1.0539
2007-08-10,1.0581,1.062,1.0515,1.0531
2007-08-09,1.0485,1.0644,1.0469,1.0583
2007-08-08,1.0546,1.0568,1.0462,1.0485
2007-08-07,1.0509,1.0577,1.0491,1.0544
2007-08-06,1.0567,1.0591,1.0503,1.0516
2007-08-03,1.0526,1.058,1.0501,1.057
2007-08-02,1.056,1.06,1.0509,1.0527
2007-08-01,1.0666,1.0699,1.0551,1.0558
2007-07-31,1.0667,1.0686,1.0585,1.067
2007-07-30,1.0644,1.0702,1.0639,1.067
2007-07-27,1.0553,1.065,1.0525,1.064
2007-07-26,1.0418,1.0559,1.0404,1.0555
2007-07-25,1.0365,1.045,1.0339,1.0425
2007-07-24,1.0469,1.0475,1.0341,1.0357
2007-07-23,1.0484,1.0486,1.0425,1.0464
2007-07-20,1.0433,1.05,1.0413,1.0485
2007-07-19,1.044,1.0467,1.0411,1.0432
2007-07-18,1.0435,1.0481,1.04,1.0444
2007-07-17,1.0439,1.0454,1.042,1.0436
2007-07-16,1.0484,1.0486,1.0415,1.0437
2007-07-13,1.0455,1.05,1.0446,1.0469
2007-07-12,1.0548,1.0558,1.0449,1.0456
2007-07-11,1.054,1.0614,1.0532,1.0545
2007-07-10,1.0494,1.0549,1.0478,1.0542
2007-07-09,1.0493,1.0503,1.0444,1.0494
2007-07-06,1.0564,1.057,1.0462,1.0491
2007-07-05,1.0579,1.0595,1.0554,1.0561
2007-07-04,1.0615,1.0618,1.0557,1.0571
2007-07-03,1.056,1.0637,1.0541,1.0612
2007-07-02,1.0633,1.0639,1.0526,1.0561
2007-06-29,1.0594,1.0661,1.0474,1.0651
2007-06-28,1.0704,1.0713,1.0574,1.0592
2007-06-27,1.0698,1.0737,1.0692,1.0703
2007-06-26,1.0702,1.0728,1.067,1.0693
2007-06-25,1.069,1.0736,1.068,1.0699
2007-06-22,1.0746,1.0753,1.0665,1.0695
2007-06-21,1.0663,1.0761,1.0644,1.0741
2007-06-20,1.0624,1.0689,1.0618,1.0656
2007-06-19,1.0711,1.0723,1.0615,1.0624
2007-06-18,1.0676,1.0753,1.0652,1.0717
2007-06-15,1.0684,1.0693,1.0604,1.0676
2007-06-14,1.0664,1.0692,1.0647,1.0686
2007-06-13,1.0675,1.0741,1.0646,1.0669
2007-06-12,1.0599,1.0682,1.059,1.0675
2007-06-11,1.0614,1.0637,1.0596,1.0597
2007-06-08,1.0653,1.0715,1.0594,1.061
2007-06-07,1.0582,1.0667,1.0562,1.0662
2007-06-06,1.0634,1.0638,1.0562,1.0577
2007-06-05,1.0585,1.064,1.0562,1.0635
2007-06-04,1.0613,1.0622,1.0549,1.0584
2007-06-01,1.0694,1.0712,1.0598,1.0606
2007-05-31,1.0743,1.0749,1.0665,1.0703
2007-05-30,1.0737,1.0761,1.0687,1.0743
2007-05-29,1.08,1.0838,1.0711,1.0737
2007-05-28,1.0794,1.0814,1.0788,1.08
2007-05-25,1.0844,1.0872,1.0776,1.0806
2007-05-24,1.0824,1.0855,1.0803,1.0838
2007-05-23,1.0867,1.0892,1.0813,1.0821
2007-05-22,1.0846,1.0881,1.0828,1.0863
2007-05-21,1.0896,1.0901,1.0825,1.0843
2007-05-18,1.0998,1.1003,1.0876,1.0883
2007-05-17,1.1044,1.1057,1.0968,1.0994
2007-05-16,1.0989,1.1064,1.0969,1.1033
2007-05-15,1.106,1.1074,1.0964,1.0981
2007-05-14,1.1105,1.1127,1.1055,1.1054
2007-05-11,1.1117,1.1171,1.1091,1.1104
2007-05-10,1.1053,1.1131,1.105,1.1112
2007-05-09,1.1058,1.1097,1.1043,1.1056
2007-05-08,1.102,1.1061,1.1006,1.1046
2007-05-07,1.1071,1.1076,1.1006,1.1018
2007-05-04,1.1076,1.1085,1.1031,1.1071
2007-05-03,1.1084,1.1096,1.1054,1.1076
2007-05-02,1.1111,1.1145,1.1063,1.1067
2007-05-01,1.1099,1.1118,1.1048,1.111
2007-04-30,1.1157,1.1199,1.1048,1.1089
2007-04-27,1.1218,1.1229,1.1129,1.1168
2007-04-26,1.1151,1.1226,1.1144,1.1221
2007-04-25,1.1214,1.1231,1.1136,1.1146
2007-04-24,1.1222,1.125,1.1192,1.1212
2007-04-23,1.123,1.1246,1.1216,1.1215
2007-04-20,1.1296,1.1304,1.1214,1.124
2007-04-19,1.1277,1.1311,1.1233,1.1296
2007-04-18,1.1313,1.1342,1.1263,1.1271
2007-04-17,1.1317,1.1346,1.1286,1.13
2007-04-16,1.1367,1.1375,1.1298,1.1316
2007-04-13,1.1346,1.1398,1.1327,1.1381
2007-04-12,1.1391,1.1414,1.1336,1.1344
2007-04-11,1.1473,1.1487,1.1385,1.1386
2007-04-10,1.1527,1.1532,1.1457,1.1471
2007-04-09,1.1509,1.1534,1.1501,1.1524
2007-04-06,1.1515,1.1537,1.1497,1.1512
2007-04-05,1.1593,1.1599,1.1486,1.1516
2007-04-04,1.1589,1.1597,1.1542,1.159
2007-04-03,1.1566,1.1602,1.1548,1.1584
2007-04-02,1.1519,1.1573,1.1512,1.1565
2007-03-30,1.1588,1.1595,1.1498,1.153
2007-03-29,1.1593,1.1617,1.1566,1.1589
2007-03-28,1.1572,1.1612,1.1557,1.1589
2007-03-27,1.1611,1.1622,1.1553,1.1569
2007-03-26,1.1606,1.164,1.1593,1.1615
2007-03-23,1.1574,1.1614,1.1559,1.1605
2007-03-22,1.1557,1.1595,1.1555,1.1571
2007-03-21,1.1616,1.1635,1.1529,1.1555
2007-03-20,1.1773,1.1792,1.1598,1.1611
2007-03-19,1.1772,1.1786,1.174,1.1773
2007-03-16,1.177,1.1774,1.1711,1.1757
2007-03-15,1.1765,1.1782,1.173,1.1763
2007-03-14,1.1747,1.178,1.1719,1.1765
2007-03-13,1.172,1.1757,1.1679,1.1741
2007-03-12,1.1729,1.1737,1.168,1.1721
2007-03-09,1.1803,1.1812,1.1702,1.1721
2007-03-08,1.1783,1.1819,1.1764,1.1798
2007-03-07,1.1768,1.1801,1.1744,1.178
2007-03-06,1.1809,1.1818,1.1729,1.176
2007-03-05,1.1766,1.1828,1.1756,1.1807
2007-03-02,1.1728,1.1776,1.1707,1.177
2007-03-01,1.1697,1.1752,1.1673,1.1721
2007-02-28,1.1667,1.174,1.1656,1.1688
2007-02-27,1.1605,1.1676,1.1588,1.1667
2007-02-26,1.1597,1.1612,1.1576,1.1607
2007-02-23,1.1616,1.1629,1.1561,1.1586
2007-02-22,1.1603,1.1635,1.159,1.1611
2007-02-21,1.1703,1.1715,1.1593,1.1602
2007-02-20,1.1642,1.1719,1.1633,1.1695
2007-02-19,1.1637,1.1662,1.1629,1.1642
2007-02-16,1.1629,1.1658,1.1619,1.1625
2007-02-15,1.1652,1.1673,1.162,1.1627
2007-02-14,1.1666,1.1692,1.1643,1.1648
2007-02-13,1.1752,1.1771,1.1659,1.1664
2007-02-12,1.1734,1.1765,1.1706,1.1748
2007-02-09,1.1826,1.1853,1.1713,1.1718
2007-02-08,1.1848,1.1879,1.1819,1.1821
2007-02-07,1.1823,1.1858,1.1814,1.1846
2007-02-06,1.1825,1.1847,1.1809,1.1823
2007-02-05,1.1835,1.1867,1.1807,1.1819
2007-02-02,1.1787,1.1873,1.1777,1.1847
2007-02-01,1.1766,1.1806,1.1734,1.1783
2007-01-31,1.1803,1.1847,1.1749,1.176
2007-01-30,1.1825,1.1845,1.179,1.1802
2007-01-29,1.1798,1.1849,1.179,1.1826
2007-01-26,1.1825,1.1846,1.178,1.1796
2007-01-25,1.1788,1.1833,1.1731,1.183
2007-01-24,1.1804,1.1838,1.1764,1.1781
2007-01-23,1.1825,1.1854,1.1787,1.1801
2007-01-22,1.1726,1.1839,1.1713,1.1819
2007-01-19,1.1736,1.1757,1.1698,1.1716
2007-01-18,1.173,1.1775,1.1713,1.1727
2007-01-17,1.1766,1.1774,1.1723,1.1727
2007-01-16,1.167,1.1778,1.1645,1.1761
2007-01-15,1.1692,1.1707,1.1659,1.1664
2007-01-12,1.1772,1.1783,1.1683,1.1691
2007-01-11,1.1754,1.1805,1.1692,1.1763
2007-01-10,1.1763,1.1797,1.1753,1.1755
2007-01-09,1.1753,1.1799,1.1729,1.1762
2007-01-08,1.1731,1.1787,1.1722,1.1756
2007-01-05,1.1776,1.1789,1.1719,1.1725
2007-01-04,1.1727,1.178,1.1715,1.1771
2007-01-03,1.164,1.1733,1.1637,1.1724
2007-01-02,1.1658,1.1663,1.1625,1.1637
2007-01-01,1.166,1.1663,1.1659,1.1657
2006-12-29,1.1603,1.1671,1.1584,1.165
2006-12-28,1.1616,1.1624,1.1579,1.1601
2006-12-27,1.1608,1.1641,1.1601,1.1615
2006-12-26,1.1574,1.163,1.1571,1.1604
2006-12-25,1.1578,1.1592,1.1573,1.1573
2006-12-22,1.155,1.159,1.152,1.1573
2006-12-21,1.1489,1.1566,1.1456,1.1546
2006-12-20,1.1528,1.1539,1.1428,1.1487
2006-12-19,1.1575,1.1581,1.1508,1.1522
2006-12-18,1.158,1.1588,1.1532,1.1571
2006-12-15,1.1575,1.1591,1.1528,1.1574
2006-12-14,1.157,1.1581,1.1534,1.1573
2006-12-13,1.1524,1.1575,1.1497,1.1566
2006-12-12,1.1477,1.1558,1.1454,1.1521
2006-12-11,1.1492,1.1508,1.1465,1.1476
2006-12-08,1.1494,1.152,1.1444,1.1488
2006-12-07,1.1478,1.1505,1.146,1.1488
2006-12-06,1.1418,1.149,1.1395,1.1473
2006-12-05,1.1404,1.1435,1.138,1.1415
2006-12-04,1.1447,1.1479,1.1397,1.1406
2006-12-01,1.1417,1.147,1.137,1.1447
2006-11-30,1.1379,1.1441,1.1368,1.1413
2006-11-29,1.1305,1.139,1.1296,1.1376
2006-11-28,1.1322,1.1337,1.1286,1.1301
2006-11-27,1.1321,1.1354,1.1301,1.1323
2006-11-24,1.1418,1.1429,1.1306,1.1348
2006-11-23,1.1409,1.1428,1.1395,1.1416
2006-11-22,1.146,1.1468,1.1379,1.1402
2006-11-21,1.1468,1.1496,1.1442,1.1456
2006-11-20,1.1464,1.1487,1.142,1.1473
2006-11-17,1.1421,1.1477,1.1405,1.1465
2006-11-16,1.1388,1.1425,1.1364,1.1419
2006-11-15,1.1378,1.1431,1.1359,1.1389
2006-11-14,1.138,1.1408,1.1343,1.1374
2006-11-13,1.1318,1.1399,1.1305,1.138
2006-11-10,1.1296,1.1327,1.1265,1.1315
2006-11-09,1.1297,1.1336,1.1282,1.1292
2006-11-08,1.1294,1.1328,1.1266,1.1297
2006-11-07,1.1295,1.1309,1.1254,1.1291
2006-11-06,1.1298,1.1366,1.1284,1.1295
2006-11-03,1.1334,1.1357,1.1267,1.1295
2006-11-02,1.1329,1.1376,1.1304,1.1338
2006-11-01,1.123,1.1355,1.121,1.133
2006-10-31,1.1258,1.1291,1.12,1.1222
2006-10-30,1.1195,1.1269,1.1179,1.1257
2006-10-27,1.1229,1.1263,1.1177,1.1191
2006-10-26,1.1239,1.1309,1.1212,1.1229
2006-10-25,1.1269,1.129,1.1231,1.1234
2006-10-24,1.1285,1.1326,1.1245,1.1267
2006-10-23,1.125,1.129,1.1242,1.1282
2006-10-20,1.1271,1.129,1.1202,1.125
2006-10-19,1.1364,1.1374,1.1263,1.1267
2006-10-18,1.1412,1.1416,1.1353,1.1356
2006-10-17,1.1374,1.1416,1.1349,1.1408
2006-10-16,1.1372,1.1395,1.1346,1.137
2006-10-13,1.1337,1.1387,1.1321,1.1373
2006-10-12,1.1379,1.1389,1.1332,1.1334
2006-10-11,1.1332,1.1387,1.133,1.1377
2006-10-10,1.1234,1.134,1.1227,1.1332
2006-10-09,1.1263,1.1269,1.1212,1.1227
2006-10-06,1.1252,1.1286,1.1201,1.1253
2006-10-05,1.1268,1.129,1.1239,1.1254
2006-10-04,1.1224,1.1309,1.1216,1.1265
2006-10-03,1.1157,1.1228,1.1147,1.1222
2006-10-02,1.1176,1.1223,1.1145,1.1154
2006-09-29,1.1111,1.1193,1.1101,1.118
2006-09-28,1.1115,1.1128,1.1085,1.1107
2006-09-27,1.1139,1.1168,1.1088,1.1111
2006-09-26,1.1172,1.1186,1.1124,1.1129
2006-09-25,1.1177,1.1191,1.1142,1.1166
2006-09-22,1.1185,1.1209,1.1119,1.118
2006-09-21,1.1276,1.1288,1.1163,1.1189
2006-09-20,1.1275,1.1298,1.1253,1.1283
2006-09-19,1.1179,1.1288,1.1172,1.1271
2006-09-18,1.1195,1.1226,1.1159,1.1173
2006-09-15,1.1172,1.1224,1.117,1.1193
2006-09-14,1.1197,1.1205,1.1119,1.1174
2006-09-13,1.1202,1.1238,1.117,1.1193
2006-09-12,1.1215,1.1224,1.1155,1.1198
2006-09-11,1.1206,1.1229,1.1174,1.1214
2006-09-08,1.1102,1.1211,1.1092,1.1206
2006-09-07,1.1061,1.1109,1.1042,1.1098
2006-09-06,1.1115,1.114,1.1044,1.1053
2006-09-05,1.1072,1.1141,1.1066,1.1114
2006-09-04,1.1042,1.1078,1.1041,1.1066
2006-09-01,1.1041,1.1075,1.1031,1.1033
2006-08-31,1.1092,1.1117,1.1033,1.1033
2006-08-30,1.108,1.1117,1.1054,1.1089
2006-08-29,1.1117,1.1129,1.1056,1.1074
2006-08-28,1.1088,1.1126,1.1062,1.1111
2006-08-25,1.1098,1.1108,1.1052,1.1092
2006-08-24,1.1127,1.1137,1.1073,1.1092
2006-08-23,1.1157,1.1164,1.1047,1.1125
2006-08-22,1.1176,1.1205,1.1146,1.1154
2006-08-21,1.1256,1.126,1.1164,1.1175
2006-08-18,1.1223,1.1276,1.1198,1.1244
2006-08-17,1.1196,1.1236,1.1152,1.1218
2006-08-16,1.1218,1.1242,1.1142,1.1189
2006-08-15,1.1276,1.1322,1.121,1.1212
2006-08-14,1.1256,1.1281,1.1206,1.1264
2006-08-11,1.1272,1.1284,1.117,1.1244
2006-08-10,1.1202,1.1287,1.1185,1.1269
2006-08-09,1.1237,1.1256,1.1173,1.12
2006-08-08,1.1197,1.1239,1.118,1.1227
2006-08-07,1.1271,1.1275,1.1174,1.1192
2006-08-04,1.1252,1.1349,1.1231,1.1267
2006-08-03,1.1266,1.1281,1.1226,1.1248
2006-08-02,1.1307,1.1322,1.1244,1.1266
2006-08-01,1.1319,1.1374,1.1292,1.1306
2006-07-31,1.1302,1.1323,1.1219,1.1315
2006-07-28,1.1349,1.1374,1.1283,1.1307
2006-07-27,1.1349,1.139,1.1286,1.1348
2006-07-26,1.1418,1.1431,1.1336,1.1354
2006-07-25,1.1405,1.1437,1.1376,1.1414
2006-07-24,1.1373,1.1461,1.1372,1.14
2006-07-21,1.1328,1.1398,1.1262,1.1375
2006-07-20,1.1348,1.1355,1.1287,1.1327
2006-07-19,1.1369,1.1409,1.1313,1.1346
2006-07-18,1.1363,1.138,1.1305,1.1366
2006-07-17,1.1281,1.1372,1.1275,1.136
2006-07-14,1.1313,1.133,1.1256,1.127
2006-07-13,1.1337,1.1355,1.1286,1.1304
2006-07-12,1.132,1.1403,1.1311,1.133
2006-07-11,1.1239,1.1348,1.1223,1.1315
2006-07-10,1.114,1.1265,1.1132,1.1236
2006-07-07,1.1131,1.1155,1.1084,1.1134
2006-07-06,1.1125,1.1155,1.1084,1.1131
2006-07-05,1.1074,1.1143,1.104,1.1123
2006-07-04,1.1117,1.1132,1.1055,1.1074
2006-07-03,1.1151,1.1191,1.1086,1.111
2006-06-30,1.1104,1.1182,1.1079,1.1169
2006-06-29,1.1235,1.1241,1.1094,1.1104
2006-06-28,1.1235,1.1271,1.1206,1.123
2006-06-27,1.1233,1.1256,1.1189,1.1231
2006-06-26,1.1194,1.1252,1.117,1.123
2006-06-23,1.1176,1.1291,1.1171,1.1222
2006-06-22,1.1084,1.1205,1.1069,1.1168
2006-06-21,1.1181,1.1187,1.103,1.1081
2006-06-20,1.1203,1.125,1.115,1.1179
2006-06-19,1.1224,1.1257,1.1184,1.1203
2006-06-16,1.1118,1.1254,1.1109,1.1217
2006-06-15,1.1135,1.1192,1.1109,1.1117
2006-06-14,1.1137,1.1177,1.1083,1.1136
2006-06-13,1.1,1.1145,1.0969,1.1129
2006-06-12,1.1066,1.1075,1.096,1.0994
2006-06-09,1.1225,1.1233,1.1049,1.1069
2006-06-08,1.1129,1.1248,1.1111,1.1221
2006-06-07,1.1137,1.1167,1.1096,1.112
2006-06-06,1.1074,1.1176,1.1049,1.1133
2006-06-05,1.1012,1.1087,1.0976,1.1073
2006-06-02,1.1029,1.1058,1.0973,1.101
2006-06-01,1.1012,1.1104,1.1,1.1036
2006-05-31,1.0985,1.104,1.0929,1.1008
2006-05-30,1.1064,1.1067,1.0972,1.0983
2006-05-29,1.1055,1.1077,1.1028,1.1063
2006-05-26,1.1071,1.1112,1.1047,1.1069
2006-05-25,1.1198,1.1232,1.1054,1.1068
2006-05-24,1.1245,1.1267,1.1179,1.1197
2006-05-23,1.1149,1.1256,1.1123,1.1246
2006-05-22,1.1205,1.1269,1.1123,1.1143
2006-05-19,1.1202,1.1277,1.1168,1.1187
2006-05-18,1.1147,1.1227,1.1097,1.1198
2006-05-17,1.1069,1.1153,1.1012,1.1145
2006-05-16,1.1128,1.1177,1.1061,1.1062
2006-05-15,1.109,1.1179,1.1077,1.113
2006-05-12,1.1033,1.1102,1.0995,1.1084
2006-05-11,1.101,1.1085,1.0975,1.1033
2006-05-10,1.0994,1.1033,1.0977,1.101
2006-05-09,1.1124,1.1168,1.0974,1.0994
2006-05-08,1.1064,1.1137,1.1023,1.1118
2006-05-05,1.1084,1.1111,1.105,1.105
2006-05-04,1.1086,1.1146,1.1051,1.1082
2006-05-03,1.1067,1.11,1.1012,1.1082
2006-05-02,1.1141,1.1168,1.1051,1.1065
2006-05-01,1.1171,1.1191,1.1111,1.1127
2006-04-28,1.1231,1.1256,1.116,1.1168
2006-04-27,1.1277,1.1317,1.1215,1.1225
2006-04-26,1.1312,1.1338,1.125,1.1276
2006-04-25,1.1371,1.1393,1.1301,1.1314
2006-04-24,1.1359,1.1402,1.134,1.1364
2006-04-21,1.1393,1.1418,1.1355,1.1378
2006-04-20,1.1355,1.1427,1.135,1.1392
2006-04-19,1.1404,1.1422,1.1348,1.1352
2006-04-18,1.1464,1.1472,1.1397,1.1406
2006-04-17,1.1511,1.1538,1.1433,1.1452
2006-04-14,1.1509,1.1524,1.1489,1.1513
2006-04-13,1.1471,1.1538,1.1449,1.1506
2006-04-12,1.1432,1.1496,1.1428,1.1467
2006-04-11,1.1486,1.15,1.1426,1.1427
2006-04-10,1.1493,1.15,1.1447,1.1484
2006-04-07,1.153,1.1566,1.1437,1.1489
2006-04-06,1.1618,1.1629,1.1517,1.1525
2006-04-05,1.1633,1.1652,1.1595,1.1617
2006-04-04,1.171,1.1759,1.1619,1.1626
2006-04-03,1.1684,1.1774,1.1679,1.1708
2006-03-31,1.1601,1.1694,1.1572,1.1678
2006-03-30,1.1717,1.1733,1.1588,1.1592
2006-03-29,1.1703,1.175,1.169,1.1715
2006-03-28,1.169,1.1724,1.1642,1.1708
2006-03-27,1.1677,1.1732,1.1662,1.1682
2006-03-24,1.1652,1.1712,1.1644,1.1683
2006-03-23,1.1662,1.1702,1.1644,1.1645
2006-03-22,1.1642,1.1725,1.1625,1.1657
2006-03-21,1.1608,1.1667,1.158,1.1635
2006-03-20,1.1588,1.1686,1.1571,1.1586
2006-03-17,1.1528,1.1618,1.1517,1.1576
2006-03-16,1.1545,1.1602,1.151,1.1524
2006-03-15,1.1568,1.158,1.1522,1.1541
2006-03-14,1.1577,1.1618,1.154,1.1562
2006-03-13,1.1601,1.1639,1.1565,1.1576
2006-03-10,1.161,1.1651,1.1583,1.1609
2006-03-09,1.1561,1.1629,1.1526,1.161
2006-03-08,1.1501,1.159,1.1471,1.1561
2006-03-07,1.1399,1.1518,1.1387,1.1497
2006-03-06,1.1343,1.1418,1.1332,1.1397
2006-03-03,1.1314,1.1368,1.1307,1.1346
2006-03-02,1.1353,1.1374,1.1296,1.1313
2006-03-01,1.1366,1.1398,1.1333,1.1352
2006-02-28,1.1404,1.1424,1.1349,1.1365
2006-02-27,1.1494,1.1511,1.1396,1.1399
2006-02-24,1.1529,1.1559,1.1473,1.1492
2006-02-23,1.1486,1.1543,1.1462,1.1527
2006-02-22,1.147,1.1513,1.1462,1.1481
2006-02-21,1.1475,1.1494,1.1448,1.1466
2006-02-20,1.1506,1.1517,1.146,1.1469
2006-02-17,1.1574,1.1597,1.1494,1.1498
2006-02-16,1.1575,1.1609,1.1561,1.1574
2006-02-15,1.1537,1.1597,1.1511,1.1582
2006-02-14,1.1552,1.1615,1.1513,1.1537
2006-02-13,1.1538,1.1574,1.1528,1.1557
2006-02-10,1.146,1.1562,1.1442,1.1534
2006-02-09,1.1497,1.1511,1.1437,1.1456
2006-02-08,1.1536,1.1565,1.1487,1.1488
2006-02-07,1.1464,1.1545,1.1454,1.1532
2006-02-06,1.1442,1.1479,1.1416,1.1463
2006-02-03,1.1445,1.1506,1.142,1.1453
2006-02-02,1.1411,1.1466,1.1395,1.1444
2006-02-01,1.1391,1.1431,1.1381,1.1407
2006-01-31,1.1464,1.1474,1.1372,1.1393
2006-01-30,1.1487,1.1505,1.1428,1.1466
2006-01-27,1.1503,1.152,1.1452,1.1492
2006-01-26,1.1508,1.1564,1.1482,1.1486
2006-01-25,1.1524,1.1539,1.1475,1.1497
2006-01-24,1.1494,1.1585,1.1487,1.1524
2006-01-23,1.1536,1.1555,1.1469,1.1489
2006-01-20,1.1637,1.1666,1.1517,1.1525
2006-01-19,1.1706,1.18,1.1622,1.1636
2006-01-18,1.1634,1.1741,1.1611,1.1707
2006-01-17,1.158,1.1658,1.1559,1.1635
2006-01-16,1.1594,1.1621,1.1568,1.1574
2006-01-13,1.1627,1.1642,1.1578,1.1597
2006-01-12,1.1589,1.1656,1.156,1.1627
2006-01-11,1.1652,1.1692,1.1568,1.1586
2006-01-10,1.168,1.1711,1.1619,1.1655
2006-01-09,1.1662,1.1752,1.1637,1.1671
2006-01-06,1.1629,1.1732,1.1616,1.1651
2006-01-05,1.1471,1.1655,1.146,1.1622
2006-01-04,1.1562,1.1582,1.1451,1.1474
2006-01-03,1.1642,1.1672,1.1529,1.1553
2006-01-02,1.1653,1.1675,1.1605,1.1656
2005-12-30,1.1647,1.1703,1.1606,1.1623
2005-12-29,1.1651,1.1682,1.1623,1.1642
2005-12-28,1.1742,1.1751,1.1612,1.1651
2005-12-27,1.1672,1.175,1.165,1.173
2005-12-26,1.1675,1.1702,1.1624,1.1684
2005-12-23,1.167,1.1704,1.1635,1.1656
2005-12-22,1.1666,1.1701,1.1631,1.1665
2005-12-21,1.1724,1.1751,1.1665,1.1673
2005-12-20,1.169,1.1759,1.166,1.1717
2005-12-19,1.1593,1.1706,1.1578,1.1698
2005-12-16,1.1593,1.1601,1.1543,1.1595
2005-12-15,1.1521,1.1616,1.1507,1.159
2005-12-14,1.1508,1.1538,1.1424,1.152
2005-12-13,1.1515,1.1541,1.1486,1.1511
2005-12-12,1.158,1.1592,1.1498,1.1515
2005-12-09,1.1585,1.1616,1.1559,1.157
2005-12-08,1.159,1.1632,1.1569,1.1583
2005-12-07,1.1572,1.1646,1.1561,1.1587
2005-12-06,1.1573,1.1595,1.1531,1.1569
2005-12-05,1.1623,1.163,1.1548,1.1565
2005-12-02,1.1656,1.1677,1.1601,1.1619
2005-12-01,1.1663,1.174,1.1622,1.1644
2005-11-30,1.1688,1.1701,1.164,1.1657
2005-11-29,1.1676,1.1715,1.1655,1.1685
2005-11-28,1.1691,1.1722,1.1642,1.1676
2005-11-25,1.1717,1.1739,1.1672,1.1691
2005-11-24,1.1717,1.174,1.1697,1.1715
2005-11-23,1.1745,1.1752,1.1702,1.1718
2005-11-22,1.1827,1.1862,1.1723,1.1736
2005-11-21,1.188,1.1915,1.1809,1.1828
2005-11-18,1.1868,1.1932,1.1861,1.189
2005-11-17,1.1934,1.1949,1.1852,1.1865
2005-11-16,1.1924,1.1976,1.1896,1.193
2005-11-15,1.1934,1.1982,1.1914,1.1923
2005-11-14,1.1899,1.1976,1.1879,1.1932
2005-11-11,1.1906,1.1932,1.1876,1.1894
2005-11-10,1.1864,1.1919,1.1799,1.191
2005-11-09,1.1855,1.1912,1.1824,1.1859
2005-11-08,1.1867,1.1977,1.1847,1.1855
2005-11-07,1.1853,1.1915,1.182,1.1865
2005-11-04,1.1822,1.1871,1.1715,1.1825
2005-11-03,1.179,1.184,1.175,1.1812
2005-11-02,1.1755,1.1827,1.1742,1.1786
2005-11-01,1.1815,1.1852,1.1733,1.1749
2005-10-31,1.1776,1.1839,1.1727,1.1815
2005-10-28,1.1723,1.1797,1.1689,1.1776
2005-10-27,1.1696,1.1733,1.1639,1.1722
2005-10-26,1.1755,1.1789,1.1683,1.1695
2005-10-25,1.1864,1.1885,1.1735,1.174
2005-10-24,1.1881,1.1927,1.1846,1.1868
2005-10-21,1.178,1.1886,1.1743,1.1873
2005-10-20,1.1752,1.1795,1.1706,1.1784
2005-10-19,1.1773,1.182,1.1733,1.1757
2005-10-18,1.1798,1.1881,1.1765,1.1772
2005-10-17,1.1861,1.1866,1.1772,1.1797
2005-10-14,1.1831,1.1896,1.1791,1.1863
2005-10-13,1.1711,1.1852,1.1698,1.1827
2005-10-12,1.1761,1.1784,1.1682,1.1707
2005-10-11,1.1759,1.1822,1.174,1.176
2005-10-10,1.1752,1.1775,1.1724,1.1761
2005-10-07,1.1806,1.1826,1.1728,1.1749
2005-10-06,1.1827,1.1869,1.177,1.1802
2005-10-05,1.1724,1.1845,1.1708,1.1823
2005-10-04,1.166,1.1739,1.1636,1.1724
2005-10-03,1.1624,1.1675,1.162,1.1658
2005-09-30,1.1717,1.1742,1.1585,1.163
2005-09-29,1.1742,1.1782,1.1688,1.1712
2005-09-28,1.178,1.182,1.172,1.1741
2005-09-27,1.1726,1.1811,1.1692,1.1779
2005-09-26,1.1732,1.1801,1.169,1.1721
2005-09-23,1.1719,1.1759,1.1681,1.1706
2005-09-22,1.1675,1.1734,1.1622,1.1732
2005-09-21,1.1701,1.1726,1.1644,1.1671
2005-09-20,1.1679,1.1717,1.1652,1.1701
2005-09-19,1.1819,1.1833,1.166,1.1677
2005-09-16,1.1852,1.1869,1.1778,1.1785
2005-09-15,1.1806,1.19,1.1795,1.1846
2005-09-14,1.182,1.1841,1.1778,1.1807
2005-09-13,1.1873,1.1885,1.1774,1.182
2005-09-12,1.1769,1.1882,1.1761,1.1866
2005-09-09,1.1814,1.183,1.1724,1.1778
2005-09-08,1.1881,1.1893,1.1805,1.1812
2005-09-07,1.1894,1.194,1.1839,1.188
2005-09-06,1.1893,1.1946,1.1851,1.1896
2005-09-05,1.1885,1.1913,1.1835,1.1895
2005-09-02,1.1829,1.1918,1.1817,1.1894
2005-09-01,1.188,1.1911,1.1806,1.183
2005-08-31,1.1915,1.1938,1.1833,1.1883
2005-08-30,1.1987,1.2033,1.1894,1.1914
2005-08-29,1.1973,1.2009,1.1894,1.1992
2005-08-26,1.1919,1.2009,1.1905,1.1999
2005-08-25,1.1905,1.1932,1.1861,1.1912
2005-08-24,1.1973,1.2025,1.1888,1.19
2005-08-23,1.2019,1.2049,1.1962,1.1975
2005-08-22,1.2111,1.2134,1.2011,1.2019
2005-08-19,1.2191,1.222,1.2092,1.211
2005-08-18,1.214,1.2221,1.2104,1.2185
2005-08-17,1.1982,1.2141,1.1981,1.2135
2005-08-16,1.1997,1.2048,1.1969,1.1983
2005-08-15,1.1964,1.2017,1.194,1.1991
2005-08-12,1.2013,1.2049,1.1921,1.1965
2005-08-11,1.2106,1.2121,1.1994,1.201
2005-08-10,1.2125,1.217,1.209,1.2105
2005-08-09,1.2146,1.2184,1.2114,1.2122
2005-08-08,1.2165,1.2193,1.2102,1.2143
2005-08-05,1.2135,1.2245,1.2118,1.2156
2005-08-04,1.2164,1.218,1.2098,1.2134
2005-08-03,1.2189,1.2197,1.2091,1.216
2005-08-02,1.2117,1.2193,1.2064,1.2185
2005-08-01,1.2225,1.2263,1.2087,1.2117
2005-07-29,1.2302,1.2321,1.2215,1.2219
2005-07-28,1.2361,1.2386,1.2289,1.2304
2005-07-27,1.2304,1.2429,1.2295,1.2358
2005-07-26,1.2182,1.2317,1.2167,1.2299
2005-07-25,1.2195,1.2218,1.2153,1.2184
2005-07-22,1.2169,1.2233,1.2121,1.217
2005-07-21,1.2209,1.225,1.2108,1.2171
2005-07-20,1.22,1.2251,1.2139,1.2208
2005-07-19,1.2163,1.2237,1.2157,1.2194
2005-07-18,1.2209,1.2228,1.2121,1.2165
2005-07-15,1.2127,1.222,1.2086,1.22
2005-07-14,1.2075,1.2137,1.2021,1.2134
2005-07-13,1.2037,1.2085,1.2024,1.2075
2005-07-12,1.2173,1.2176,1.202,1.2037
2005-07-11,1.2191,1.2199,1.2105,1.2162
2005-07-08,1.2276,1.2309,1.2171,1.2185
2005-07-07,1.2358,1.2379,1.2268,1.2282
2005-07-06,1.2431,1.2449,1.2347,1.2356
2005-07-05,1.24,1.2466,1.2382,1.2428
2005-07-04,1.2447,1.2481,1.2392,1.2398
2005-07-01,1.2251,1.2435,1.2247,1.2421
2005-06-30,1.2281,1.234,1.2235,1.225
2005-06-29,1.2323,1.2352,1.2231,1.2275
2005-06-28,1.2302,1.2359,1.2286,1.2321
2005-06-27,1.2338,1.2378,1.2274,1.2283
2005-06-24,1.2329,1.2352,1.2265,1.2328
2005-06-23,1.2346,1.2382,1.2295,1.2333
2005-06-22,1.2323,1.2389,1.2315,1.2339
2005-06-21,1.2353,1.2431,1.2285,1.2322
2005-06-20,1.2317,1.2373,1.2277,1.2353
2005-06-17,1.2361,1.2394,1.2284,1.2292
2005-06-16,1.237,1.2421,1.2348,1.2362
2005-06-15,1.2521,1.254,1.2347,1.2356
2005-06-14,1.2559,1.259,1.2513,1.2522
2005-06-13,1.2506,1.2594,1.2498,1.2554
2005-06-10,1.2566,1.2589,1.245,1.2512
2005-06-09,1.2512,1.2584,1.2498,1.2562
2005-06-08,1.2458,1.2537,1.2427,1.2509
2005-06-07,1.2441,1.2513,1.2424,1.246
2005-06-06,1.2472,1.2491,1.2433,1.2444
2005-06-03,1.2486,1.251,1.2422,1.2471
2005-06-02,1.2477,1.2518,1.2455,1.2494
2005-06-01,1.2547,1.2576,1.2445,1.2482
2005-05-31,1.2562,1.2634,1.2502,1.254
2005-05-30,1.257,1.2599,1.2547,1.2557
2005-05-27,1.2664,1.2671,1.2512,1.254
2005-05-26,1.2641,1.2697,1.2632,1.2664
2005-05-25,1.2594,1.2662,1.2575,1.263
2005-05-24,1.2584,1.2643,1.257,1.2588
2005-05-23,1.2662,1.2667,1.2559,1.2572
2005-05-20,1.2588,1.2682,1.2555,1.2655
2005-05-19,1.2594,1.265,1.258,1.2583
2005-05-18,1.2648,1.267,1.2588,1.2592
2005-05-17,1.2697,1.2732,1.2629,1.2643
2005-05-16,1.2654,1.2735,1.2645,1.2692
2005-05-13,1.2512,1.266,1.2499,1.265
2005-05-12,1.2477,1.2525,1.2471,1.2516
2005-05-11,1.2367,1.2501,1.2363,1.2475
2005-05-10,1.2375,1.239,1.2356,1.2361
2005-05-09,1.2421,1.2442,1.2365,1.2371
2005-05-06,1.2449,1.2481,1.2383,1.2421
2005-05-05,1.2462,1.2488,1.2428,1.2442
2005-05-04,1.2526,1.2546,1.2448,1.2456
2005-05-03,1.2543,1.258,1.2507,1.2529
2005-05-02,1.2594,1.2637,1.2533,1.2538
2005-04-29,1.2521,1.2622,1.246,1.2589
2005-04-28,1.2496,1.2542,1.2483,1.2522
2005-04-27,1.2445,1.2516,1.242,1.2495
2005-04-26,1.2371,1.2494,1.2365,1.2451
2005-04-25,1.2333,1.2417,1.233,1.2365
2005-04-22,1.2394,1.2405,1.2314,1.2349
2005-04-21,1.2418,1.2431,1.2354,1.239
2005-04-20,1.2365,1.2454,1.2357,1.2418
2005-04-19,1.2477,1.2493,1.2366,1.2367
2005-04-18,1.2456,1.25,1.2424,1.2478
2005-04-15,1.2417,1.2481,1.2395,1.2468
2005-04-14,1.2381,1.246,1.2374,1.242
2005-04-13,1.2377,1.2392,1.2331,1.2377
2005-04-12,1.2335,1.2425,1.2305,1.2372
2005-04-11,1.2287,1.2369,1.2237,1.2335
2005-04-08,1.2231,1.2321,1.2216,1.2288
2005-04-07,1.2222,1.224,1.2175,1.2228
2005-04-06,1.2184,1.2253,1.2163,1.2219
2005-04-05,1.2225,1.2259,1.2166,1.2183
2005-04-04,1.2157,1.2234,1.2149,1.2231
2005-04-01,1.2099,1.2189,1.2063,1.2143
2005-03-31,1.2167,1.2177,1.2081,1.2091
2005-03-30,1.2117,1.2188,1.2056,1.2163
2005-03-29,1.2182,1.2197,1.2079,1.2113
2005-03-28,1.2182,1.2268,1.2167,1.2186
2005-03-25,1.2153,1.2192,1.213,1.2183
2005-03-24,1.2163,1.22,1.2121,1.2155
2005-03-23,1.209,1.2184,1.2073,1.2156
2005-03-22,1.2113,1.2128,1.1982,1.208
2005-03-21,1.2032,1.2142,1.202,1.2105
2005-03-18,1.2015,1.2083,1.1997,1.2016
2005-03-17,1.2046,1.2095,1.1977,1.2011
2005-03-16,1.2068,1.2083,1.1997,1.2052
2005-03-15,1.2071,1.2091,1.1976,1.2079
2005-03-14,1.2058,1.2102,1.2031,1.2071
2005-03-11,1.2045,1.2117,1.202,1.2049
2005-03-10,1.206,1.2077,1.1993,1.204
2005-03-09,1.2138,1.2145,1.1994,1.2056
2005-03-08,1.2295,1.2302,1.2122,1.214
2005-03-07,1.2316,1.2355,1.2276,1.2294
2005-03-04,1.2438,1.2455,1.2287,1.231
2005-03-03,1.239,1.2497,1.2377,1.2437
2005-03-02,1.2409,1.2464,1.238,1.2384
2005-03-01,1.2335,1.2452,1.2325,1.2402
2005-02-28,1.2392,1.2397,1.2275,1.2331
2005-02-25,1.2394,1.2458,1.2376,1.2384
2005-02-24,1.2412,1.25,1.2378,1.2388
2005-02-23,1.2254,1.246,1.2243,1.2413
2005-02-22,1.2335,1.2356,1.2233,1.2244
2005-02-21,1.232,1.2366,1.2279,1.2335
2005-02-18,1.2289,1.2338,1.2274,1.2318
2005-02-17,1.2369,1.2386,1.226,1.2282
2005-02-16,1.2306,1.2455,1.2292,1.2364
2005-02-15,1.2333,1.2374,1.2283,1.2304
2005-02-14,1.2367,1.2391,1.2288,1.2337
2005-02-11,1.2422,1.2438,1.2357,1.2368
2005-02-10,1.2491,1.2559,1.2384,1.2415
2005-02-09,1.2468,1.2527,1.2454,1.2499
2005-02-08,1.2557,1.2577,1.2451,1.2463
2005-02-07,1.2495,1.2587,1.2488,1.2552
2005-02-04,1.2411,1.2504,1.2371,1.2478
2005-02-03,1.2382,1.2463,1.2368,1.2409
2005-02-02,1.2359,1.2419,1.2308,1.2374
2005-02-01,1.2407,1.244,1.2349,1.2356
2005-01-31,1.2395,1.2448,1.2359,1.2403
2005-01-28,1.2378,1.2472,1.2363,1.2392
2005-01-27,1.2328,1.2433,1.2312,1.2382
2005-01-26,1.2359,1.2389,1.2275,1.2331
2005-01-25,1.2245,1.2411,1.2215,1.2354
2005-01-24,1.2214,1.227,1.214,1.2242
2005-01-21,1.2332,1.2354,1.2182,1.2211
2005-01-20,1.2272,1.2367,1.2263,1.2328
2005-01-19,1.2236,1.2313,1.2168,1.2275
2005-01-18,1.2171,1.2264,1.2168,1.2236
2005-01-17,1.2174,1.2187,1.2122,1.2172
2005-01-14,1.202,1.2216,1.2012,1.2152
2005-01-13,1.2013,1.206,1.1993,1.2022
2005-01-12,1.2185,1.2216,1.1947,1.2004
2005-01-11,1.2229,1.2246,1.2138,1.218
2005-01-10,1.2327,1.2341,1.2181,1.2223
2005-01-07,1.2353,1.2384,1.2229,1.231
2005-01-06,1.2254,1.2397,1.2236,1.2359
2005-01-05,1.2237,1.2331,1.22,1.2257
2005-01-04,1.2073,1.2275,1.2057,1.2223
2005-01-03,1.2017,1.213,1.2001,1.2077
2004-12-31,1.2046,1.2084,1.1967,1.2028
2004-12-30,1.2113,1.2135,1.2011,1.2043
2004-12-29,1.217,1.2212,1.2096,1.21
2004-12-28,1.2189,1.2224,1.2137,1.2171
2004-12-27,1.2307,1.2332,1.2137,1.2186
2004-12-24,1.2322,1.2373,1.2274,1.2296
2004-12-23,1.2415,1.2455,1.2309,1.231
2004-12-22,1.231,1.2468,1.2268,1.2417
2004-12-21,1.2286,1.2315,1.222,1.2304
2004-12-20,1.2279,1.2319,1.2238,1.2287
2004-12-17,1.2338,1.2371,1.2232,1.2269
2004-12-16,1.2246,1.239,1.2228,1.233
2004-12-15,1.2357,1.2386,1.2217,1.2252
2004-12-14,1.2277,1.2409,1.2264,1.2353
2004-12-13,1.2255,1.234,1.2186,1.2275
2004-12-10,1.2215,1.2337,1.2202,1.2252
2004-12-09,1.215,1.2281,1.2134,1.2218
2004-12-08,1.2083,1.2346,1.2074,1.214
2004-12-07,1.2001,1.2114,1.1925,1.2078
2004-12-06,1.1914,1.2037,1.19,1.2005
2004-12-03,1.1942,1.2011,1.189,1.1902
2004-12-02,1.1835,1.1947,1.1795,1.1931
2004-12-01,1.1862,1.1923,1.1805,1.1829
2004-11-30,1.1859,1.1925,1.184,1.1854
2004-11-29,1.1775,1.1871,1.1771,1.1862
2004-11-26,1.1776,1.182,1.1716,1.1749
2004-11-25,1.18,1.1816,1.1748,1.1775
2004-11-24,1.1858,1.187,1.178,1.1799
2004-11-23,1.1858,1.1913,1.1832,1.1842
2004-11-22,1.1931,1.1976,1.1823,1.1862
2004-11-19,1.2058,1.2069,1.1903,1.193
2004-11-18,1.1942,1.2091,1.1905,1.2061
2004-11-17,1.1961,1.1971,1.1873,1.1949
2004-11-16,1.2001,1.2029,1.1909,1.1959
2004-11-15,1.1932,1.2049,1.1922,1.2005
2004-11-12,1.1959,1.1986,1.1909,1.1921
2004-11-11,1.1942,1.1998,1.1936,1.1958
2004-11-10,1.1995,1.2035,1.1927,1.194
2004-11-09,1.1945,1.2011,1.1915,1.1998
2004-11-08,1.195,1.1972,1.19,1.1936
2004-11-05,1.2071,1.2127,1.1964,1.1976
2004-11-04,1.2088,1.2108,1.203,1.207
2004-11-03,1.2249,1.2285,1.207,1.2086
2004-11-02,1.2223,1.2279,1.2213,1.2246
2004-11-01,1.218,1.2256,1.2175,1.2232
2004-10-29,1.2231,1.2253,1.2168,1.2178
2004-10-28,1.2258,1.2354,1.2155,1.2218
2004-10-27,1.2252,1.2292,1.2169,1.2254
2004-10-26,1.2212,1.228,1.2182,1.2251
2004-10-25,1.2328,1.2329,1.2171,1.2208
2004-10-22,1.2436,1.2449,1.2325,1.2341
2004-10-21,1.2455,1.2487,1.2408,1.2427
2004-10-20,1.2588,1.2593,1.2416,1.2457
2004-10-19,1.2569,1.2619,1.2526,1.259
2004-10-18,1.2534,1.2587,1.2511,1.2565
2004-10-15,1.2571,1.2623,1.2508,1.2533
2004-10-14,1.2566,1.2596,1.2506,1.2565
2004-10-13,1.255,1.2693,1.2544,1.2561
2004-10-12,1.2551,1.258,1.2531,1.256
2004-10-11,1.2508,1.2561,1.2502,1.2546
2004-10-08,1.261,1.2629,1.2497,1.2513
2004-10-07,1.2592,1.2626,1.2533,1.2599
2004-10-06,1.2612,1.2666,1.2572,1.2589
2004-10-05,1.272,1.2744,1.2597,1.2602
2004-10-04,1.2624,1.2757,1.2619,1.2716
2004-10-01,1.2617,1.2647,1.2598,1.2603
2004-09-30,1.2706,1.2741,1.259,1.2618
2004-09-29,1.2716,1.273,1.2675,1.2699
2004-09-28,1.2722,1.2771,1.269,1.2718
2004-09-27,1.275,1.2778,1.2708,1.2715
2004-09-24,1.2795,1.2817,1.2718,1.2733
2004-09-23,1.2826,1.2855,1.2758,1.2793
2004-09-22,1.2871,1.2894,1.2811,1.2826
2004-09-21,1.2941,1.2961,1.2856,1.2865
2004-09-20,1.2978,1.3026,1.2922,1.2935
2004-09-17,1.2902,1.3056,1.2887,1.2976
2004-09-16,1.2967,1.2977,1.2881,1.2899
2004-09-15,1.2935,1.3037,1.293,1.2965
2004-09-14,1.3018,1.302,1.2909,1.2936
2004-09-13,1.2911,1.3022,1.2885,1.3012
2004-09-10,1.2881,1.2938,1.2845,1.2909
2004-09-09,1.2904,1.2931,1.285,1.287
2004-09-08,1.2873,1.2944,1.2872,1.29
2004-09-07,1.2984,1.3011,1.2854,1.2877
2004-09-06,1.3003,1.3011,1.297,1.298
2004-09-03,1.3,1.3033,1.2963,1.2999
2004-09-02,1.3072,1.3089,1.2981,1.2997
2004-09-01,1.3123,1.3169,1.3053,1.3071
2004-08-31,1.3173,1.3251,1.31,1.3123
2004-08-30,1.3133,1.3199,1.3128,1.3166
2004-08-27,1.3074,1.315,1.3049,1.312
2004-08-26,1.3045,1.3156,1.3036,1.3075
2004-08-25,1.3073,1.3137,1.3019,1.3044
2004-08-24,1.3073,1.3097,1.3005,1.3067
2004-08-23,1.2978,1.3089,1.2972,1.3073
2004-08-20,1.297,1.3009,1.2956,1.2975
2004-08-19,1.3041,1.3052,1.2955,1.2965
2004-08-18,1.3072,1.3116,1.3012,1.3045
2004-08-17,1.3066,1.3096,1.3015,1.3065
2004-08-16,1.309,1.3129,1.3039,1.3063
2004-08-13,1.3312,1.3327,1.3074,1.3082
2004-08-12,1.3249,1.3337,1.3213,1.3309
2004-08-11,1.3209,1.3264,1.3195,1.3245
2004-08-10,1.3176,1.3224,1.3128,1.3207
2004-08-09,1.3115,1.3187,1.3106,1.3181
2004-08-06,1.3184,1.3232,1.3074,1.3122
2004-08-05,1.3159,1.3216,1.3135,1.3184
2004-08-04,1.318,1.3233,1.3125,1.3159
2004-08-03,1.3322,1.3348,1.3157,1.3173
2004-08-02,1.3303,1.3334,1.3254,1.3322
2004-07-30,1.3249,1.3325,1.3183,1.3314
2004-07-29,1.3291,1.337,1.3233,1.3256
2004-07-28,1.3324,1.3383,1.3259,1.329
2004-07-27,1.3326,1.3386,1.3266,1.3324
2004-07-26,1.3213,1.3346,1.3154,1.3314
2004-07-23,1.3168,1.3235,1.3156,1.3213
2004-07-22,1.3218,1.3259,1.3116,1.3173
2004-07-21,1.3138,1.3272,1.3118,1.3213
2004-07-20,1.3083,1.3174,1.3068,1.3133
2004-07-19,1.3104,1.312,1.3058,1.3069
2004-07-16,1.3236,1.3249,1.3058,1.3103
2004-07-15,1.323,1.3277,1.322,1.3233
2004-07-14,1.3186,1.3235,1.3164,1.3222
2004-07-13,1.3178,1.3307,1.3163,1.3187
2004-07-12,1.3177,1.3212,1.3147,1.3179
2004-07-09,1.3175,1.323,1.314,1.3179
2004-07-08,1.3214,1.3274,1.3155,1.3168
2004-07-07,1.3275,1.3281,1.3175,1.3212
2004-07-06,1.3263,1.3287,1.3192,1.3277
2004-07-05,1.3238,1.327,1.3204,1.3257
2004-07-02,1.3321,1.3362,1.3227,1.3234
2004-07-01,1.3333,1.3364,1.3256,1.3311
2004-06-30,1.3453,1.3502,1.3318,1.3327
2004-06-29,1.3484,1.3493,1.3387,1.345
2004-06-28,1.3497,1.3534,1.3421,1.3479
2004-06-25,1.3454,1.3511,1.3445,1.3503
2004-06-24,1.3601,1.3618,1.3407,1.3444
2004-06-23,1.3581,1.3633,1.3537,1.3594
2004-06-22,1.3652,1.367,1.3556,1.3577
2004-06-21,1.3637,1.3681,1.3604,1.365
2004-06-18,1.3718,1.3773,1.3619,1.364
2004-06-17,1.3733,1.3788,1.3682,1.3714
2004-06-16,1.3686,1.3785,1.366,1.3727
2004-06-15,1.375,1.3818,1.3668,1.369
2004-06-14,1.3658,1.3758,1.3627,1.3746
2004-06-11,1.3601,1.3695,1.3587,1.3655
2004-06-10,1.3595,1.3628,1.3554,1.3594
2004-06-09,1.3497,1.3607,1.3454,1.3591
2004-06-08,1.3466,1.3503,1.3394,1.3496
2004-06-07,1.3504,1.3517,1.3432,1.3463
2004-06-04,1.3627,1.3651,1.3477,1.351
2004-06-03,1.3619,1.3653,1.3568,1.3629
2004-06-02,1.3681,1.3687,1.3588,1.3607
2004-06-01,1.3626,1.3725,1.3606,1.3671
2004-05-31,1.3617,1.3645,1.359,1.3621
2004-05-28,1.3577,1.367,1.3558,1.3623
2004-05-27,1.3704,1.3719,1.3554,1.3577
2004-05-26,1.3716,1.3731,1.3628,1.3703
2004-05-25,1.3699,1.3783,1.3642,1.3716
2004-05-24,1.3726,1.3773,1.3651,1.3695
2004-05-21,1.3672,1.3754,1.3667,1.3735
2004-05-20,1.3756,1.3819,1.3664,1.3673
2004-05-19,1.3902,1.3921,1.3743,1.3749
2004-05-18,1.3969,1.4006,1.3885,1.3895
2004-05-17,1.389,1.4,1.3743,1.3968
2004-05-14,1.3933,1.3971,1.387,1.3867
2004-05-13,1.3872,1.3991,1.3868,1.3931
2004-05-12,1.3862,1.391,1.3828,1.3869
2004-05-11,1.3914,1.3922,1.3845,1.3853
2004-05-10,1.3843,1.3964,1.3839,1.3911
2004-05-07,1.3792,1.387,1.3745,1.3825
2004-05-06,1.3739,1.381,1.3702,1.3781
2004-05-05,1.3695,1.379,1.3674,1.3733
2004-05-04,1.3725,1.3735,1.363,1.37
2004-05-03,1.3721,1.3771,1.3698,1.3734
2004-04-30,1.3708,1.3796,1.3682,1.3697
2004-04-29,1.3753,1.3766,1.3667,1.3692
2004-04-28,1.3517,1.3765,1.3491,1.3755
2004-04-27,1.3491,1.3555,1.3466,1.3514
2004-04-26,1.3607,1.3629,1.3474,1.348
2004-04-23,1.3557,1.3634,1.351,1.3609
2004-04-22,1.359,1.3655,1.3541,1.3554
2004-04-21,1.3572,1.3638,1.3527,1.3578
2004-04-20,1.3447,1.3583,1.3443,1.3558
2004-04-19,1.3459,1.3486,1.3425,1.344
2004-04-16,1.3436,1.3491,1.3402,1.344
2004-04-15,1.3447,1.3496,1.3404,1.3429
2004-04-14,1.3354,1.3504,1.3331,1.344
2004-04-13,1.3356,1.3416,1.3322,1.3353
2004-04-12,1.3281,1.3407,1.3261,1.3356
2004-04-09,1.3273,1.33,1.3258,1.3268
2004-04-08,1.3095,1.33,1.3085,1.3272
2004-04-07,1.3088,1.3176,1.3059,1.309
2004-04-06,1.3142,1.3185,1.3037,1.309
2004-04-05,1.3143,1.3183,1.3102,1.3133
2004-04-02,1.307,1.3195,1.3043,1.3154
2004-04-01,1.3112,1.3194,1.3054,1.3061
2004-03-31,1.3068,1.3159,1.3009,1.3092
2004-03-30,1.3085,1.3104,1.3052,1.3063
2004-03-29,1.3186,1.3218,1.3057,1.3083
2004-03-26,1.3295,1.3319,1.3165,1.3187
2004-03-25,1.3418,1.3436,1.3263,1.3294
2004-03-24,1.3327,1.3436,1.3304,1.3416
2004-03-23,1.3337,1.3356,1.3291,1.3323
2004-03-22,1.334,1.3356,1.3239,1.3335
2004-03-19,1.3282,1.3346,1.3258,1.3329
2004-03-18,1.3384,1.342,1.3242,1.3284
2004-03-17,1.3331,1.3445,1.3304,1.338
2004-03-16,1.3344,1.3355,1.3243,1.3323
2004-03-15,1.3343,1.3358,1.3272,1.333
2004-03-12,1.3199,1.339,1.3167,1.3353
2004-03-11,1.3239,1.3301,1.3184,1.3194
2004-03-10,1.3238,1.331,1.3196,1.3244
2004-03-09,1.3197,1.327,1.3174,1.3241
2004-03-08,1.3208,1.3275,1.3181,1.3195
2004-03-05,1.3329,1.3366,1.3156,1.3216
2004-03-04,1.3392,1.3432,1.331,1.3331
2004-03-03,1.3428,1.359,1.3369,1.3383
2004-03-02,1.3382,1.3457,1.3365,1.342
2004-03-01,1.3354,1.3408,1.333,1.3381
2004-02-27,1.3419,1.3507,1.3344,1.335
2004-02-26,1.3344,1.3487,1.3331,1.3426
2004-02-25,1.3293,1.341,1.3252,1.3335
2004-02-24,1.3369,1.3401,1.3262,1.3287
2004-02-23,1.3376,1.3438,1.334,1.3365
2004-02-20,1.3306,1.3513,1.3278,1.3367
2004-02-19,1.3239,1.335,1.3224,1.3298
2004-02-18,1.3102,1.3276,1.308,1.3236
2004-02-17,1.3155,1.3176,1.3077,1.31
2004-02-16,1.3159,1.3198,1.3142,1.3154
2004-02-13,1.3191,1.3236,1.3068,1.3161
2004-02-12,1.3141,1.3221,1.3125,1.3187
2004-02-11,1.3312,1.3346,1.3123,1.3122
2004-02-10,1.328,1.3333,1.3215,1.3303
2004-02-09,1.3281,1.3315,1.3218,1.3276
2004-02-06,1.3384,1.3413,1.3251,1.3252
2004-02-05,1.333,1.3401,1.3285,1.3373
2004-02-04,1.3374,1.3441,1.3315,1.3326
2004-02-03,1.3384,1.3398,1.3276,1.3374
2004-02-02,1.3247,1.343,1.3245,1.3364
2004-01-30,1.3297,1.3358,1.3229,1.3243
2004-01-29,1.3258,1.3364,1.3242,1.3293
2004-01-28,1.3051,1.3272,1.3048,1.3246
2004-01-27,1.3144,1.3167,1.3037,1.3052
2004-01-26,1.3144,1.3166,1.3082,1.3135
2004-01-23,1.296,1.3198,1.2937,1.3128
2004-01-22,1.3006,1.306,1.2929,1.2942
2004-01-21,1.2911,1.3047,1.2866,1.3009
2004-01-20,1.3021,1.3036,1.2852,1.291
2004-01-19,1.299,1.3047,1.2986,1.3011
2004-01-16,1.2952,1.3028,1.2925,1.2988
2004-01-15,1.2891,1.2997,1.2871,1.2948
2004-01-14,1.274,1.2919,1.2714,1.2898
2004-01-13,1.2728,1.2782,1.2695,1.2707
2004-01-12,1.2694,1.2767,1.2685,1.2755
2004-01-09,1.2799,1.2837,1.2681,1.2705
2004-01-08,1.2891,1.2957,1.2753,1.279
2004-01-07,1.2857,1.2929,1.2839,1.2879
2004-01-06,1.282,1.287,1.2767,1.2855
2004-01-05,1.2878,1.2893,1.2773,1.28
2004-01-02,1.2965,1.2986,1.2864,1.2883
2004-01-01,1.2974,1.2988,1.2818,1.2828
2003-12-31,1.2937,1.3,1.2838,1.2967
2003-12-30,1.3104,1.3129,1.2908,1.2931
2003-12-29,1.3097,1.3156,1.3049,1.3105
2003-12-26,1.3097,1.3108,1.3035,1.3065
2003-12-25,1.3077,1.3129,1.3063,1.3097
2003-12-24,1.323,1.3236,1.3061,1.306
2003-12-23,1.3306,1.3324,1.3192,1.3225
2003-12-22,1.3348,1.3383,1.3281,1.3306
2003-12-19,1.329,1.3424,1.3281,1.3357
2003-12-18,1.3256,1.3334,1.3223,1.3294
2003-12-17,1.3275,1.3364,1.3234,1.3246
2003-12-16,1.3124,1.3294,1.3114,1.3271
2003-12-15,1.324,1.3261,1.3102,1.3126
2003-12-12,1.3181,1.3205,1.309,1.3158
2003-12-11,1.308,1.3304,1.3078,1.3167
2003-12-10,1.307,1.313,1.3048,1.3078
2003-12-09,1.2984,1.314,1.2961,1.3065
2003-12-08,1.3045,1.3068,1.2954,1.298
2003-12-05,1.3112,1.3148,1.3018,1.3047
2003-12-04,1.3001,1.315,1.2996,1.3104
2003-12-03,1.2976,1.3021,1.2944,1.2993
2003-12-02,1.3035,1.3087,1.2953,1.2971
2003-12-01,1.2997,1.3046,1.2972,1.3034
2003-11-28,1.3072,1.3102,1.2931,1.2995
2003-11-27,1.3041,1.3102,1.3033,1.3072
2003-11-26,1.3101,1.3129,1.3,1.3029
2003-11-25,1.3183,1.3199,1.3089,1.3088
2003-11-24,1.3026,1.3228,1.3015,1.3182
2003-11-21,1.3021,1.3103,1.3006,1.3027
2003-11-20,1.3048,1.3064,1.299,1.3021
2003-11-19,1.2988,1.3073,1.2971,1.3045
2003-11-18,1.3118,1.3161,1.2971,1.2976
2003-11-17,1.3028,1.3156,1.2994,1.3112
2003-11-14,1.2994,1.3047,1.2961,1.3021
2003-11-13,1.3041,1.3053,1.2952,1.2989
2003-11-12,1.3122,1.3138,1.298,1.3032
2003-11-11,1.3127,1.3158,1.3108,1.3109
2003-11-10,1.3227,1.3247,1.3085,1.3127
2003-11-07,1.339,1.342,1.3213,1.3225
2003-11-06,1.3333,1.3411,1.3318,1.338
2003-11-05,1.3291,1.3346,1.328,1.3338
2003-11-04,1.3347,1.3435,1.3282,1.3283
2003-11-03,1.32,1.3363,1.3199,1.3354
2003-10-31,1.3151,1.3228,1.3136,1.319
2003-10-30,1.3114,1.316,1.3052,1.3134
2003-10-29,1.3099,1.3135,1.3063,1.3119
2003-10-28,1.3112,1.3172,1.3067,1.3096
2003-10-27,1.3078,1.3138,1.3053,1.3087
2003-10-24,1.3068,1.3093,1.3035,1.306
2003-10-23,1.3048,1.3093,1.3037,1.3054
2003-10-22,1.3162,1.3184,1.3021,1.3033
2003-10-21,1.3209,1.3256,1.3125,1.3163
2003-10-20,1.3152,1.3224,1.3136,1.3201
2003-10-17,1.3188,1.3235,1.3112,1.3144
2003-10-16,1.3263,1.3276,1.3129,1.319
2003-10-15,1.3234,1.331,1.3223,1.3273
2003-10-14,1.3201,1.3318,1.3197,1.324
2003-10-13,1.3201,1.3264,1.3188,1.3195
2003-10-10,1.3388,1.3399,1.3185,1.3207
2003-10-09,1.3338,1.3422,1.328,1.3385
2003-10-08,1.3318,1.3354,1.326,1.3338
2003-10-07,1.3401,1.3415,1.327,1.3305
2003-10-06,1.3462,1.3483,1.3388,1.3404
2003-10-03,1.3403,1.3481,1.3371,1.3436
2003-10-02,1.3466,1.3521,1.3373,1.3396
2003-10-01,1.3521,1.353,1.3446,1.345
2003-09-30,1.3513,1.3555,1.3425,1.3523
2003-09-29,1.3539,1.3641,1.351,1.3519
2003-09-26,1.349,1.3586,1.3487,1.353
2003-09-25,1.3495,1.3522,1.3447,1.3484
2003-09-24,1.3563,1.359,1.3485,1.3503
2003-09-23,1.3525,1.3586,1.3458,1.3566
2003-09-22,1.3432,1.3544,1.3367,1.3528
2003-09-19,1.3617,1.3629,1.3463,1.3482
2003-09-18,1.3659,1.3685,1.3587,1.3621
2003-09-17,1.3691,1.3744,1.364,1.366
2003-09-16,1.3663,1.3714,1.3634,1.3683
2003-09-15,1.3647,1.3718,1.3631,1.3664
2003-09-12,1.3708,1.3745,1.3611,1.364
2003-09-11,1.3684,1.375,1.3651,1.3698
2003-09-10,1.3674,1.3718,1.3631,1.368
2003-09-09,1.3742,1.3749,1.3622,1.3665
2003-09-08,1.3719,1.3759,1.369,1.3732
2003-09-05,1.3724,1.3746,1.3651,1.3695
2003-09-04,1.3796,1.3848,1.3693,1.3726
2003-09-03,1.3939,1.398,1.3777,1.3785
2003-09-02,1.3792,1.395,1.3768,1.3936
2003-09-01,1.3855,1.3866,1.3761,1.3783
2003-08-29,1.3948,1.4015,1.3842,1.3862
2003-08-28,1.4026,1.4086,1.3937,1.3942
2003-08-27,1.3943,1.4066,1.3933,1.4021
2003-08-26,1.4011,1.4049,1.391,1.3941
2003-08-25,1.4018,1.4035,1.3966,1.4009
2003-08-22,1.4068,1.4167,1.4004,1.4005
2003-08-21,1.4016,1.4115,1.4014,1.4064
2003-08-20,1.3959,1.4084,1.3931,1.401
2003-08-19,1.3918,1.4031,1.3902,1.3954
2003-08-18,1.3868,1.3943,1.3849,1.3918
2003-08-15,1.3936,1.3939,1.3841,1.386
2003-08-14,1.3797,1.3974,1.3773,1.3933
2003-08-13,1.3851,1.3905,1.3783,1.3797
2003-08-12,1.3806,1.3858,1.3789,1.3845
2003-08-11,1.3915,1.3999,1.3762,1.38
2003-08-08,1.3928,1.3982,1.3893,1.3914
2003-08-07,1.4043,1.4065,1.3916,1.3926
2003-08-06,1.3993,1.407,1.3968,1.4039
2003-08-05,1.4038,1.4117,1.3985,1.398
2003-08-04,1.401,1.4057,1.3992,1.4028
2003-08-01,1.4051,1.4095,1.3916,1.3985
2003-07-31,1.4009,1.4111,1.4001,1.4045
2003-07-30,1.387,1.4029,1.3867,1.4007
2003-07-29,1.3851,1.3873,1.381,1.3868
2003-07-28,1.3813,1.3869,1.3771,1.3855
2003-07-25,1.3944,1.3969,1.3779,1.3807
2003-07-24,1.3973,1.3998,1.3904,1.394
2003-07-23,1.4161,1.4194,1.3935,1.3968
2003-07-22,1.406,1.4184,1.4007,1.4153
2003-07-21,1.4078,1.4129,1.4025,1.4055
2003-07-18,1.3973,1.4139,1.3966,1.4067
2003-07-17,1.3902,1.4015,1.3855,1.397
2003-07-16,1.3918,1.3978,1.384,1.3887
2003-07-15,1.3738,1.3967,1.3725,1.391
2003-07-14,1.3763,1.3827,1.371,1.3733
2003-07-11,1.3831,1.387,1.3732,1.3764
2003-07-10,1.3743,1.3885,1.3727,1.3824
2003-07-09,1.3638,1.3772,1.3607,1.3737
2003-07-08,1.3479,1.3713,1.3465,1.3635
2003-07-07,1.3402,1.3519,1.3373,1.3478
2003-07-04,1.3365,1.342,1.3362,1.3389
2003-07-03,1.3375,1.3447,1.3333,1.336
2003-07-02,1.3524,1.3538,1.335,1.3375
2003-07-01,1.3468,1.355,1.3436,1.3522
2003-06-30,1.3472,1.3623,1.3459,1.3466
2003-06-27,1.3574,1.3591,1.3453,1.3479
2003-06-26,1.3477,1.3577,1.3446,1.3565
2003-06-25,1.3595,1.3606,1.3386,1.3471
2003-06-24,1.3586,1.364,1.3527,1.3598
2003-06-23,1.3597,1.3672,1.3535,1.3582
2003-06-20,1.3443,1.3633,1.3415,1.3599
2003-06-19,1.3361,1.355,1.3349,1.3439
2003-06-18,1.3373,1.3454,1.3322,1.3353
2003-06-17,1.3442,1.3493,1.3356,1.3364
2003-06-16,1.3342,1.3458,1.3308,1.3432
2003-06-13,1.3489,1.3498,1.3335,1.3336
2003-06-12,1.3511,1.3546,1.3474,1.347
2003-06-11,1.3617,1.3655,1.3497,1.351
2003-06-10,1.3573,1.3674,1.3558,1.3631
2003-06-09,1.3595,1.3685,1.3552,1.3571
2003-06-06,1.3418,1.3623,1.3392,1.3583
2003-06-05,1.3617,1.3633,1.3386,1.3416
2003-06-04,1.3652,1.366,1.3537,1.3605
2003-06-03,1.3686,1.3788,1.3622,1.3642
2003-06-02,1.3723,1.3777,1.3665,1.3685
2003-05-30,1.3677,1.3754,1.3622,1.3663
2003-05-29,1.3847,1.3915,1.3677,1.3675
2003-05-28,1.3762,1.3928,1.3726,1.3844
2003-05-27,1.3729,1.3781,1.3671,1.3767
2003-05-26,1.3799,1.3802,1.3722,1.3721
2003-05-23,1.3728,1.383,1.3678,1.3727
2003-05-22,1.3512,1.3785,1.3485,1.3725
2003-05-21,1.3491,1.3557,1.3416,1.3521
2003-05-20,1.3634,1.3658,1.3438,1.3471
2003-05-19,1.3558,1.3649,1.3506,1.3619
2003-05-16,1.3806,1.3852,1.3623,1.3647
2003-05-15,1.3744,1.386,1.373,1.3801
2003-05-14,1.3866,1.3906,1.373,1.3731
2003-05-13,1.3884,1.394,1.3845,1.3853
2003-05-12,1.3905,1.392,1.3842,1.3885
2003-05-09,1.3946,1.4019,1.3877,1.3925
2003-05-08,1.3968,1.4076,1.3907,1.3934
2003-05-07,1.3927,1.4038,1.3825,1.3965
2003-05-06,1.4112,1.4131,1.3895,1.3919
2003-05-05,1.4187,1.4209,1.4089,1.4103
2003-05-02,1.4195,1.4248,1.4159,1.4192
2003-05-01,1.4316,1.4318,1.4161,1.4192
2003-04-30,1.4423,1.4426,1.431,1.433
2003-04-29,1.4476,1.4549,1.4415,1.441
2003-04-28,1.4467,1.4518,1.4435,1.4477
2003-04-25,1.455,1.4596,1.4443,1.446
2003-04-24,1.4519,1.467,1.4516,1.4557
2003-04-23,1.4476,1.4546,1.4448,1.451
2003-04-22,1.4546,1.4566,1.4429,1.4465
2003-04-21,1.4508,1.4559,1.4492,1.4539
2003-04-18,1.4506,1.4519,1.4472,1.45
2003-04-17,1.4547,1.4554,1.4485,1.4502
2003-04-16,1.4492,1.4584,1.4461,1.4546
2003-04-15,1.4544,1.4581,1.4468,1.4485
2003-04-14,1.4529,1.4595,1.4513,1.4535
2003-04-11,1.4541,1.4607,1.4494,1.4517
2003-04-10,1.4659,1.467,1.4527,1.4533
2003-04-09,1.4682,1.4709,1.465,1.4665
2003-04-08,1.4774,1.4816,1.4664,1.4674
2003-04-07,1.4746,1.4944,1.4744,1.4767
2003-04-04,1.474,1.4796,1.4713,1.4717
2003-04-03,1.4693,1.4794,1.4682,1.4732
2003-04-02,1.4734,1.4806,1.4685,1.4694
2003-04-01,1.4678,1.475,1.464,1.4735
2003-03-31,1.471,1.4749,1.4652,1.4676
2003-03-28,1.4632,1.4727,1.4619,1.4714
2003-03-27,1.4694,1.4696,1.4614,1.463
2003-03-26,1.4762,1.4774,1.4681,1.4688
2003-03-25,1.48,1.4818,1.4732,1.4754
2003-03-24,1.4914,1.493,1.4781,1.4797
2003-03-21,1.4815,1.495,1.4791,1.4943
2003-03-20,1.4832,1.488,1.4762,1.4809
2003-03-19,1.4739,1.4847,1.4724,1.482
2003-03-18,1.4799,1.4875,1.4732,1.4734
2003-03-17,1.4731,1.4854,1.4663,1.48
2003-03-14,1.4853,1.49,1.4727,1.4735
2003-03-13,1.4758,1.4872,1.4755,1.4838
2003-03-12,1.4715,1.4819,1.4699,1.475
2003-03-11,1.4644,1.4754,1.4605,1.4714
2003-03-10,1.4667,1.4675,1.4602,1.4642
2003-03-07,1.4707,1.4728,1.4605,1.4656
2003-03-06,1.4689,1.4751,1.4678,1.4703
2003-03-05,1.4778,1.4779,1.4683,1.4689
2003-03-04,1.4844,1.4885,1.4748,1.4782
2003-03-03,1.4833,1.4876,1.4826,1.4836
2003-02-28,1.4937,1.4958,1.4831,1.483
2003-02-27,1.4939,1.496,1.4875,1.4935
2003-02-26,1.4939,1.4973,1.4919,1.4929
2003-02-25,1.4916,1.4954,1.4874,1.4932
2003-02-24,1.5049,1.5051,1.4878,1.4915
2003-02-21,1.5052,1.508,1.5031,1.5044
2003-02-20,1.512,1.5128,1.5039,1.5052
2003-02-19,1.517,1.5174,1.5112,1.5119
2003-02-18,1.521,1.5242,1.5138,1.5168
2003-02-17,1.5227,1.5257,1.5205,1.5205
2003-02-14,1.5176,1.5244,1.5135,1.5226
2003-02-13,1.5303,1.5326,1.5162,1.5173
2003-02-12,1.529,1.53,1.5257,1.5286
2003-02-11,1.5293,1.5333,1.5274,1.5294
2003-02-10,1.5213,1.5321,1.521,1.529
2003-02-07,1.5174,1.5256,1.5162,1.5204
2003-02-06,1.5211,1.5269,1.5162,1.5163
2003-02-05,1.5147,1.524,1.5125,1.5205
2003-02-04,1.5165,1.5199,1.5135,1.5147
2003-02-03,1.5205,1.5239,1.5155,1.5171
2003-01-31,1.5283,1.5345,1.5202,1.5211
2003-01-30,1.5213,1.5326,1.5183,1.528
2003-01-29,1.529,1.5296,1.5192,1.521
2003-01-28,1.5255,1.5366,1.5242,1.5274
2003-01-27,1.5189,1.528,1.5174,1.5251
2003-01-24,1.5248,1.5258,1.518,1.5186
2003-01-23,1.5314,1.5324,1.5224,1.5246
2003-01-22,1.5336,1.5347,1.5289,1.5306
2003-01-21,1.5352,1.5371,1.5317,1.5322
2003-01-20,1.5347,1.5377,1.5326,1.5348
2003-01-17,1.5345,1.5365,1.5308,1.5353
2003-01-16,1.5366,1.539,1.5318,1.5347
2003-01-15,1.5406,1.544,1.5335,1.5363
2003-01-14,1.5418,1.5427,1.5372,1.5403
2003-01-13,1.5465,1.5467,1.5386,1.5409
2003-01-10,1.5516,1.5534,1.5444,1.5446
2003-01-09,1.561,1.5617,1.5505,1.5507
2003-01-08,1.5627,1.5661,1.559,1.5603
2003-01-07,1.5599,1.5633,1.5563,1.5626
2003-01-06,1.5641,1.5651,1.5588,1.5588
2003-01-03,1.5674,1.57,1.5633,1.5637
2003-01-02,1.574,1.5779,1.5669,1.567
2003-01-01,1.5741,1.5762,1.5711,1.5735
