Date,Open,High,Low,Close
2020-09-14,52.7,52.75,51.5,52.4
2020-09-11,52.4,52.775,51.5,52.4
2020-09-10,52.4,52.775,51.75,52.4
2020-09-09,52.4,52.75,51.5,52.4
2020-09-08,52.4,52.75,51.5,52.4
2020-09-07,52.8,52.8,51.5,52.4
2020-09-04,52.4,52.8,51.5,52.4
2020-09-03,52.4,52.75,52.3,52.4
2020-09-02,52.4,52.75,52.3,52.4
2020-09-01,52.4,52.8,52.3,52.4
2020-08-31,52.7,52.81,51.925,52.4
2020-08-28,52.4,52.75,52.3,52.4
2020-08-27,52.4,52.75,52.3,52.4
2020-08-26,52.7,52.8,52.35,52.4
2020-08-25,52.4,52.75,51.925,52.4
2020-08-24,52.7,52.75,51.25,52.4
2020-08-21,52.4,52.8,51.975,52.4
2020-08-20,52.6,52.8,51.25,52.4
2020-08-19,52.7,52.75,51.25,52.4
2020-08-18,52.4,52.8,51.75,52.7
2020-08-17,52.7,52.8,51.75,52.4
2020-08-14,52.4,52.75,51.925,52.4
2020-08-13,52.4,52.75,51.725,52.4
2020-08-12,52.4,52.75,51.75,52.4
2020-08-11,52.4,52.65,51.7,52.4
2020-08-10,52.6,52.75,51.75,52.4
2020-08-07,52.4,52.8,51.85,52.4
2020-08-06,52.375,52.85,51.775,52.4
2020-08-05,52.5,52.625,52.225,52.375
2020-08-04,52.375,52.625,52.225,52.375
2020-08-03,52.6,52.8,51.74,52.375
2020-07-31,52.35,52.7,52.255,52.35
2020-07-30,52.45,52.8,51.75,52.35
2020-07-29,52.45,52.8,51.75,52.635
2020-07-28,52.45,52.75,51.75,52.45
2020-07-27,52.68,52.85,51.8,52.45
2020-07-24,52.45,52.85,51.8,52.45
2020-07-23,52.45,52.85,51.8,52.45
2020-07-22,52.45,52.9,51.8,52.45
2020-07-21,52.45,52.85,51.75,52.45
2020-07-20,52.3,52.75,51.65,52.45
2020-07-17,52.45,52.65,51.65,52.45
2020-07-16,52.45,52.7,51.7,52.45
2020-07-15,52.4,52.7,51.75,52.45
2020-07-14,52.4,52.9,51.7,52.4
2020-07-13,52.5,52.9,51.75,52.4
2020-07-10,52.4,52.65,51.675,52.4
2020-07-09,52.4,52.825,51.685,52.4
2020-07-08,52.4,52.85,51.7,52.4
2020-07-07,52.4,52.85,51.7,52.4
2020-07-06,52.4,52.925,51.72,52.4
2020-07-03,52.8,52.95,51.55,52.4
2020-07-02,52.4,52.9,51.57,52.8
2020-07-01,52.4,53.025,51.6,52.4
2020-06-30,52.475,53.04,51.55,52.4
2020-06-29,52.475,52.975,51.55,52.475
2020-06-26,52.475,52.95,51.55,52.475
2020-06-25,52.475,52.79,51.445,52.475
2020-06-24,52.475,52.8,51.445,52.475
2020-06-23,52.35,52.8,51.2,52.475
2020-06-22,52.95,52.975,51.225,52.35
2020-06-19,52.5,52.99,51.6,52.5
2020-06-18,52.475,52.995,51.55,52.475
2020-06-17,52.475,52.95,51.625,52.475
2020-06-16,51.925,52.92,51.7,52.475
2020-06-15,51.925,52.88,51.7,51.85
2020-06-12,51.925,52.85,51.5,51.85
2020-06-11,51.925,52.85,51.5,51.85
2020-06-10,51.875,52.835,51.5,51.85
2020-06-09,51.875,52.725,51.5,51.75
2020-06-08,52.55,52.725,51.55,51.75
2020-06-05,51.85,52.7,51.45,51.8
2020-06-04,51.85,52.625,51.45,51.7
2020-06-03,51.825,52.56,51.45,51.7
2020-06-02,51.825,52.515,51.5,51.65
2020-06-01,52.1,52.525,51.4,51.65
2020-05-29,51.825,52.4,51.35,51.65
2020-05-28,51.825,52.375,51.335,51.65
2020-05-27,51.775,52.35,51.345,51.65
2020-05-26,51.775,52.325,51.345,52.04
2020-05-25,52.08,52.325,51.54,51.55
2020-05-22,51.775,52.5,51.375,51.55
2020-05-21,51.775,52.5,51.35,51.55
2020-05-20,52.45,52.525,51.35,51.55
2020-05-19,51.775,52.55,51.275,52.45
2020-05-18,52.25,52.45,51.37,51.55
2020-05-15,52.25,52.45,51.395,52.175
2020-05-14,52.22,52.43,51.45,52.3
2020-05-13,51.525,52.47,51.225,52.045
2020-05-12,51.775,52.315,51.365,52.115
2020-05-11,51.85,52.29,51.26,51.55
2020-05-08,51.92,52.315,51.08,51.85
2020-05-07,51.59,52.125,50.735,51.885
2020-05-06,51.8,51.89,50.885,51.625
2020-05-05,52.02,52.31,51,51.8
2020-05-04,52.04,52.315,51.05,51.55
2020-05-01,51.75,52.3,51.05,52.04
2020-04-30,51.75,52.335,51.05,51.5
2020-04-29,51.75,52.375,51.025,51.5
2020-04-28,51.75,52.26,51.05,51.5
2020-04-27,51.75,52.245,51,51.5
2020-04-24,51.65,52.245,51.05,51.5
2020-04-23,51.65,52.225,50.99,51.35
2020-04-22,51.65,52.22,51.025,51.45
2020-04-21,51.99,52.235,51,51.45
2020-04-20,51.99,52.245,50.975,51.45
2020-04-17,51.65,52.22,51,51.45
2020-04-16,51.65,52.22,51.015,51.45
2020-04-15,51.6,52.22,51,51.45
2020-04-14,51.25,52.17,51,51.35
2020-04-13,51.98,52.07,51.025,51
2020-04-10,51.25,51.995,51,51
2020-04-09,51.25,52.075,51,51
2020-04-08,51.25,52.07,51,51
2020-04-07,51.25,52.07,50.95,51
2020-04-06,51.99,52.07,50.9,51
2020-04-03,51.25,51.995,50.9,51
2020-04-02,51.25,52.005,50.955,51
2020-04-01,51.25,51.995,51.1,51
2020-03-31,51.25,51.995,50.9,51
2020-03-30,51.97,51.995,50.925,51
2020-03-27,51.25,51.995,50.9,51
2020-03-26,51.25,51.995,50.77,51
2020-03-25,51.25,51.995,50.95,51
2020-03-24,51.25,51.99,50.9,51
2020-03-23,51.95,51.99,50.825,51
2020-03-20,51.25,51.99,50.84,51
2020-03-19,51.25,51.99,50.925,51
2020-03-18,51.25,51.99,50.875,51
2020-03-17,51.44,51.99,50.77,51
2020-03-16,52,52.015,50.59,51.275
2020-03-14,52,52,52,52
2020-03-13,51.25,52.04,50.7,51
2020-03-12,51.25,52,50.75,51
2020-03-11,51.25,52,50.945,51
2020-03-10,51.25,52,50.9,51
2020-03-09,52,52,50.895,51
2020-03-07,51.25,51.25,51.25,51.25
2020-03-06,52,52.07,51,51
2020-03-05,51.25,52.04,51,51
2020-03-04,51.25,52,50.875,51
2020-03-03,51.25,52,50.95,51
2020-03-02,52,52.04,50.95,51
2020-02-29,52,52,52,52
2020-02-28,51.25,52.09,50.975,50.8
2020-02-27,51.25,52.05,51.05,51
2020-02-26,51.25,52.085,51,51
2020-02-25,51.25,52.05,51.1,51
2020-02-24,52,52.05,51,51
2020-02-22,52,52,52,52
2020-02-21,52,52.035,50.95,51
2020-02-20,51.25,52,50.87,51
2020-02-19,51.25,52,50.85,51
2020-02-18,51.25,52.015,50.84,51
2020-02-17,52,52,50.95,51
2020-02-15,52,52,52,52
2020-02-14,51.25,52,51.075,51
2020-02-13,51.25,52,51,52
2020-02-12,51.25,52.07,50.95,51
2020-02-11,51.25,52.045,50.9,51
2020-02-10,51.25,52.02,50.9,51
2020-02-08,52.02,52.02,52.02,52.02
2020-02-07,51.275,52.035,50.9,51
2020-02-06,51.275,52.035,50.85,51.05
2020-02-05,51.275,52.175,50.9,51.05
2020-02-04,51.98,52.165,50.95,51.05
2020-02-03,51.98,52.135,51.05,51.05
2020-02-01,51.98,51.98,51.98,51.98
2020-01-31,51.25,52.055,50.875,51.98
2020-01-30,51.25,51.99,51.125,51
2020-01-29,51.25,51.99,51.025,51
2020-01-28,51.25,51.99,50.975,51
2020-01-27,51.98,51.99,50.975,50.85
2020-01-25,51.91,51.91,51.91,51.91
2020-01-24,51.26,51.995,50.95,51.98
2020-01-23,51.25,52.02,50.95,51
2020-01-22,51.25,51.995,50.9,51
2020-01-21,51.25,51.99,51.05,51
2020-01-20,51.98,52.04,51.05,51
2020-01-18,51.95,51.95,51.95,51.95
2020-01-17,51.25,51.975,50.94,51
2020-01-16,51.25,51.84,50.89,51
2020-01-15,51.25,51.885,50.865,51
2020-01-14,51.25,51.925,50.875,51
2020-01-13,51.25,51.9,50.95,51
2020-01-11,51.25,51.25,51.25,51.25
2020-01-10,51.4,51.47,51,51
2020-01-09,51.4,51.445,51,51.3
2020-01-08,51.4,51.475,51.025,51.3
2020-01-07,51.4,52.14,51,51.3
2020-01-06,51.78,52.125,51.015,51.3
2020-01-04,51.78,51.78,51.78,51.78
2020-01-03,51.4,52.09,50.74,51.3
2020-01-02,51.4,51.825,50.74,51.3
2020-01-01,51.4,51.825,50.925,51.3
2019-12-31,51.4,51.875,50.9,51.3
2019-12-30,51.3,51.8,50.9,51.3
2019-12-28,51.3,51.3,51.3,51.3
2019-12-27,51.4,51.8,50.75,51.3
2019-12-26,51.4,51.65,50.75,51.3
2019-12-25,51.4,51.4,51.4,51.3
2019-12-24,51.4,51.68,51.2,51.3
2019-12-23,51.35,51.665,50.915,51.3
2019-12-21,51.35,51.35,51.35,51.35
2019-12-20,51.35,51.505,51.2,51.2
2019-12-19,51.35,51.685,51.2,51.2
2019-12-18,51.35,51.695,51.25,51.2
2019-12-17,51.35,51.69,51.25,51.2
2019-12-16,51.625,51.68,51.275,51.2
2019-12-14,51.4,51.4,51.4,51.4
2019-12-13,51.4,51.65,51.175,51.3
2019-12-12,51.4,52.255,51.175,51.3
2019-12-11,51.4,52.255,51.325,51.3
2019-12-10,51.4,52.155,51.2,51.3
2019-12-09,51.4,52.24,51.175,51.3
2019-12-07,51.4,51.4,51.4,51.4
2019-12-06,51.4,51.64,51.25,51.3
2019-12-05,51.4,51.55,51.25,51.3
2019-12-04,51.4,51.625,51.15,51.3
2019-12-03,51.4,52.39,51.15,51.3
2019-12-02,52.1,52.325,51.15,51.3
2019-11-30,51.4,51.4,51.4,51.4
2019-11-29,51.4,52.225,51.14,51.3
2019-11-28,51.4,52.15,51.25,51.3
2019-11-27,51.4,52.15,51.14,51.3
2019-11-26,51.4,52.14,51.15,51.3
2019-11-25,51.9,52.15,51.15,51.3
2019-11-24,51.9,51.9,51.9,51.9
2019-11-23,51.9,51.9,51.9,51.9
2019-11-22,51.4,52.275,50.99,51.3
2019-11-21,51.4,52.25,51.15,51.3
2019-11-20,51.4,52.23,51.15,51.3
2019-11-19,51.4,52.25,51.15,51.3
2019-11-18,51.99,52.275,51.15,51.3
2019-11-16,51.99,51.99,51.99,51.99
2019-11-15,51.4,52.145,51.15,51.3
2019-11-14,51.6,52.17,50.525,51.3
2019-11-13,51.4,52.455,50.525,51.6
2019-11-12,51.4,52.42,50.525,51.3
2019-11-11,51.45,51.875,50.92,51.3
2019-11-09,51.4,51.4,51.4,51.4
2019-11-08,51.4,52.38,50.5,51.3
2019-11-07,51.4,52.31,50.5,51.3
2019-11-06,51.4,52.245,50.5,51.3
2019-11-05,50.5,52.16,50.45,51.3
2019-11-04,50.9,51.99,50.475,50.5
2019-11-02,50.9,50.9,50.9,50.9
2019-11-01,51.52,51.67,50.825,50.9
2019-10-31,51.4,51.855,50.815,51.52
2019-10-30,51.51,51.97,50.825,51.4
2019-10-29,51.05,51.92,50.675,51.45
2019-10-28,52.25,52.25,50.43,51.305
2019-10-26,52.25,52.25,52.25,52.25
2019-10-25,52.16,52.355,50.655,52.25
2019-10-24,52.22,52.22,50.73,52.16
2019-10-23,51.4,52.305,50.73,52.19
2019-10-22,51.4,52.275,50.75,51.3
2019-10-21,52.25,52.34,50.73,51.3
2019-10-19,52.25,52.25,52.25,52.25
2019-10-18,52.28,52.38,50.73,51.3
2019-10-17,51.375,52.345,50.73,51.25
2019-10-16,51.375,52.31,50.73,51.25
2019-10-15,51.375,52.305,50.45,51.25
2019-10-14,52.25,52.25,51.075,51.25
2019-10-13,52.25,52.25,52.25,52.25
2019-10-12,52.25,52.25,52.25,52.25
2019-10-11,51.375,52.25,50.45,51.25
2019-10-10,51.375,52.235,50.5,51.25
2019-10-09,51.35,52.2,50.805,51.25
2019-10-08,51.35,52.175,51,51.2
2019-10-07,51.99,52.15,51,51.2
2019-10-05,51.35,51.35,51.35,51.35
2019-10-04,51.35,52.095,50.475,51.2
2019-10-03,51.3,52.09,50.5,51.2
2019-10-02,51.3,52.04,50.5,51.1
2019-10-01,51.94,52.025,50.45,51.1
2019-09-30,51.98,51.99,50.5,51
2019-09-28,51.98,51.98,51.98,51.98
2019-09-27,51.25,51.99,50.15,51
2019-09-26,51.25,51.995,50.1,51
2019-09-25,51.95,51.995,50.1,51
2019-09-24,51.25,51.99,50.1,51.95
2019-09-23,51.97,51.985,50.15,51
2019-09-21,51.25,51.25,51.25,51.25
2019-09-20,51.25,51.985,50.425,51
2019-09-19,51.25,51.975,50.4,51.92
2019-09-18,51.25,51.995,50.4,51
2019-09-17,50.875,51.975,50.4,51
2019-09-16,51.82,51.825,50.45,50.8
2019-09-14,51.82,51.82,51.82,51.82
2019-09-13,50.875,51.865,50.45,51.82
2019-09-12,50.875,51.8,50.45,50.8
2019-09-11,51.78,51.8,50.48,50.8
2019-09-10,50.875,51.82,50.43,51.725
2019-09-09,51.72,51.82,50.44,50.8
2019-09-08,51.72,51.72,51.72,51.72
2019-09-07,51.72,51.72,51.72,51.72
2019-09-06,50.825,51.76,50.485,51.72
2019-09-05,50.8,51.675,50.45,50.7
2019-09-04,50.8,51.65,50.45,50.65
2019-09-03,50.775,51.65,50.4,50.65
2019-09-02,51.6,51.6,50.65,51.6
2019-09-01,51.6,51.6,51.6,51.6
2019-08-31,51.6,51.6,51.6,51.6
2019-08-30,50.775,51.6,50.44,50.6
2019-08-29,50.775,51.6,50.45,50.6
2019-08-28,50.775,51.6,50.4,50.6
2019-08-27,50.775,51.575,50.375,50.6
2019-08-26,51.34,51.575,50.375,51.55
2019-08-24,51.34,51.34,51.34,51.34
2019-08-23,50.775,51.57,50.55,50.6
2019-08-22,50.725,51.575,50.5,50.6
2019-08-21,50.725,51.49,50.5,50.5
2019-08-20,50.7,51.475,50.65,50.5
2019-08-19,51.44,51.45,50.425,50.45
2019-08-18,51.44,51.44,51.44,51.44
2019-08-17,51.44,51.44,51.44,51.44
2019-08-16,51.44,51.455,50.375,51.44
2019-08-15,50.7,51.455,50.62,51.44
2019-08-14,50.7,51.45,50.445,50.45
2019-08-13,50.7,51.45,50.625,50.45
2019-08-12,51.15,51.45,50.55,50.45
2019-08-10,50.125,50.125,50.125,50.125
2019-08-09,50.7,51.445,50.1,51.15
2019-08-08,50.65,51.45,50.005,50.45
2019-08-07,50.65,51.38,50,50.35
2019-08-06,50.625,51.35,50,50.35
2019-08-05,51.29,51.32,50,50.3
2019-08-03,51.29,51.29,51.29,51.29
2019-08-02,50.625,51.305,49.955,51.29
2019-08-01,50.6,51.3,50,50.3
2019-07-31,50.6,51.25,49.9,50.25
2019-07-30,50.6,51.25,49.98,50.25
2019-07-29,51.13,51.225,50,50.25
2019-07-27,51.13,51.13,51.13,51.13
2019-07-26,50.6,51.215,49.925,50.25
2019-07-25,50.6,51.225,49.945,50.25
2019-07-24,51.08,51.19,49.95,50.25
2019-07-23,51.12,51.14,49.95,50.94
2019-07-22,51.15,51.15,49.95,51.12
2019-07-20,51.15,51.15,51.15,51.15
2019-07-19,50.55,51.15,49.95,50.55
2019-07-18,50.55,51.135,49.95,50.55
2019-07-17,50.55,51.14,49.95,50.55
2019-07-16,50.55,51.14,49.95,50.55
2019-07-15,51.12,51.135,49.97,50.55
2019-07-14,51.12,51.12,51.12,51.12
2019-07-13,51.12,51.12,51.12,51.12
2019-07-12,50.55,51.135,49.9,50.55
2019-07-11,50.55,51.135,49.9,50.55
2019-07-10,50.55,51.15,49.9,50.55
2019-07-09,50.55,51.15,49.85,50.55
2019-07-08,51.05,51.125,49.85,50.55
2019-07-06,51.05,51.05,51.05,51.05
2019-07-05,50.55,51.1,49.825,50.55
2019-07-04,50.55,51.065,50.15,50.55
2019-07-03,50.55,51.065,49.65,50.95
2019-07-02,50.55,51.065,49.65,50.55
2019-07-01,50.97,51.07,49.65,50.55
2019-06-29,50.97,50.97,50.97,50.97
2019-06-28,50.55,51.065,49.65,50.55
2019-06-27,50.525,51.065,49.675,50.55
2019-06-26,50.475,51.045,49.65,50.525
2019-06-25,50.475,50.995,49.65,50.475
2019-06-24,50.93,50.995,49.64,50.475
2019-06-22,50.93,50.93,50.93,50.93
2019-06-21,50.475,50.975,49.64,50.475
2019-06-20,50.475,50.995,49.64,50.475
2019-06-19,50.95,50.995,49.62,50.475
2019-06-18,50.475,51,49.5,50.95
2019-06-17,50.95,50.995,49.58,50.475
2019-06-15,50.455,50.455,50.455,50.455
2019-06-14,50.475,50.99,49.75,50.475
2019-06-13,50.475,50.99,49.75,50.475
2019-06-12,50.475,50.995,49.75,50.475
2019-06-11,50.475,50.995,49.75,50.475
2019-06-10,50.95,50.975,49.75,50.95
2019-06-09,50.95,50.95,50.95,50.95
2019-06-08,50.95,50.95,50.95,50.95
2019-06-07,50.475,50.98,49.29,50.95
2019-06-06,50.475,50.975,49.25,50.475
2019-06-05,50.475,50.975,49.25,50.475
2019-06-04,50.475,50.99,49.25,50.475
2019-06-03,50.95,50.99,49.25,50.475
2019-06-01,50.95,50.95,50.95,50.95
2019-05-31,50.475,50.975,49.69,50.475
2019-05-30,50.475,50.99,49.695,50.475
2019-05-29,50.475,50.99,49.69,50.475
2019-05-28,50.475,50.975,49.75,50.475
2019-05-27,50.95,50.975,49.95,50.475
2019-05-26,50.95,50.95,50.95,50.95
2019-05-25,50.95,50.95,50.95,50.95
2019-05-24,50.475,50.98,49.62,50.475
2019-05-23,50.45,50.975,49.6,50.475
2019-05-22,50.45,50.94,49.62,50.45
2019-05-21,50.9,50.94,49.85,50.45
2019-05-20,50.475,50.955,49.6,50.9
2019-05-19,50.9,50.9,50.9,50.9
2019-05-18,50.9,50.9,50.9,50.9
2019-05-17,50.9,50.96,49.6,50.9
2019-05-16,50.45,50.955,49.62,50.9
2019-05-15,50.425,50.935,49.62,50.9
2019-05-14,50.425,50.9,49.62,50.425
2019-05-13,50.425,50.9,49.62,50.425
2019-05-11,50.9,50.9,50.9,50.9
2019-05-10,50.425,50.9,49.62,50.425
2019-05-09,50.425,50.9,49.56,50.425
2019-05-08,50.425,50.9,49.62,50.425
2019-05-07,50.425,50.9,49.62,50.425
2019-05-06,50.9,50.9,49.62,50.425
2019-05-04,50.9,50.9,50.9,50.9
2019-05-03,50.425,50.9,49.62,50.425
2019-05-02,50.425,50.9,49.62,50.425
2019-05-01,50.425,50.9,50.4,50.425
2019-04-30,50.425,50.9,49.62,50.425
2019-04-29,50.9,50.9,49.7,50.425
2019-04-27,50.9,50.9,50.9,50.9
2019-04-26,50.9,50.9,49.6,50.425
2019-04-25,50.425,50.905,49.6,50.9
2019-04-24,50.425,50.925,49.55,50.425
2019-04-23,50.425,50.9,49.55,50.425
2019-04-22,50.425,50.9,49.6,50.425
2019-04-21,50.425,50.425,50.425,50.425
2019-04-20,50.9,50.9,50.9,50.9
2019-04-19,50.425,50.9,49.575,50.425
2019-04-18,50.425,50.9,49.55,50.425
2019-04-17,50.425,50.9,49.55,50.425
2019-04-16,50.425,50.9,49.5,50.425
2019-04-15,50.89,50.9,49.5,50.425
2019-04-13,50.89,50.89,50.89,50.89
2019-04-12,50.425,50.905,49.525,50.89
2019-04-11,50.425,50.9,49.55,50.425
2019-04-10,50.4,50.9,49.55,50.425
2019-04-09,50.4,50.905,49.55,50.4
2019-04-08,50.425,50.85,49.54,50.4
2019-04-06,50.79,50.79,50.79,50.79
2019-04-05,50.4,50.85,49.45,50.425
2019-04-04,50.375,50.825,49.5,50.4
2019-04-03,50.375,50.8,49.72,50.375
2019-04-02,50.375,50.85,49.6,50.375
2019-04-01,50.79,50.8,49.5,50.375
2019-03-31,50.79,50.79,50.79,50.79
2019-03-30,50.79,50.79,50.79,50.79
2019-03-29,50.375,50.795,49.36,50.375
2019-03-28,50.375,50.38,49.38,50.375
2019-03-27,50.375,50.38,49.38,50.375
2019-03-26,50.375,50.375,49.35,50.375
2019-03-25,49.8,50.38,49.355,50.375
2019-03-23,49.8,49.8,49.8,49.8
2019-03-22,50.375,50.38,49.375,50.375
2019-03-21,50.375,50.38,49.32,50.375
2019-03-20,50.375,50.38,49.375,50.375
2019-03-19,50.375,50.375,49.365,50.375
2019-03-18,49.77,50.38,49.35,50.375
2019-03-17,49.77,49.77,49.77,49.77
2019-03-16,49.77,49.77,49.77,49.77
2019-03-15,50.375,50.4,49.34,50.375
2019-03-14,50.375,50.385,49.345,50.375
2019-03-13,50.375,50.405,49.38,50.375
2019-03-12,50.375,50.405,49.295,50.375
2019-03-11,49.75,50.405,49.355,50.375
2019-03-09,50.35,50.35,50.35,50.35
2019-03-08,50.35,50.4,49.295,50.35
2019-03-07,49.74,50.405,49.295,50.35
2019-03-06,50.35,50.35,49.22,50.35
2019-03-05,50.325,50.355,49.275,50.35
2019-03-04,49.7,50.355,49.27,50.325
2019-03-02,49.7,49.7,49.7,49.7
2019-03-01,50.325,50.355,49.195,49.25
2019-02-28,50.325,50.33,49.22,50.325
2019-02-27,50.325,50.355,49.22,50.325
2019-02-26,50.325,50.355,49.22,50.325
2019-02-25,49.69,50.355,49.22,50.325
2019-02-24,49.69,49.69,49.69,49.69
2019-02-23,49.69,49.69,49.69,49.69
2019-02-22,50.325,50.35,49.22,50.325
2019-02-21,50.275,50.355,49.175,50.325
2019-02-20,50.275,50.35,49.145,50.275
2019-02-19,50.275,50.325,49.17,50.275
2019-02-18,49.62,50.325,49.4,50.275
2019-02-16,49.56,49.56,49.56,49.56
2019-02-15,50.275,50.325,49.175,50.275
2019-02-14,50.275,50.36,49.165,49.6
2019-02-13,50.275,50.28,49.165,50.275
2019-02-12,50.325,50.33,49.175,50.275
2019-02-11,49.68,50.455,49.24,50.325
2019-02-10,49.68,49.68,49.68,49.68
2019-02-09,50.325,50.325,50.325,50.325
2019-02-08,50.325,50.325,49.215,50.325
2019-02-07,50.325,50.33,49.24,50.325
2019-02-06,50.325,50.375,49.215,50.325
2019-02-05,50.275,50.455,49.2,50.325
2019-02-04,49.7,50.33,49.125,50.275
2019-02-02,49.7,49.7,49.7,49.7
2019-02-01,50.35,50.355,49.175,49.7
2019-01-31,50.35,50.35,49.195,50.35
2019-01-30,50.3,50.355,49.155,50.35
2019-01-29,50.375,50.38,49.15,50.3
2019-01-28,50.375,50.38,49.225,50.375
2019-01-27,50.375,50.375,49.82,50.375
2019-01-26,49.82,49.82,49.82,49.82
2019-01-25,50.375,50.455,49.225,50.375
2019-01-24,50.375,50.375,49.215,50.375
2019-01-23,50.425,50.43,49.215,50.375
2019-01-22,50.425,50.495,49.22,50.425
2019-01-21,50.05,50.525,49.225,50.425
2019-01-19,50.05,50.05,50.05,50.05
2019-01-18,50.475,50.525,47.925,50.475
2019-01-17,50.475,50.5,49.275,50.475
2019-01-16,50.5,50.55,49.4,50.475
2019-01-15,50.5,50.55,49.295,50.5
2019-01-14,50.525,50.595,49.295,50.5
2019-01-13,50.525,50.525,50.525,50.525
2019-01-12,50.09,50.09,50.09,50.09
2019-01-11,50.525,50.6,49.25,50.525
2019-01-10,50.09,50.6,49.25,50.525
2019-01-09,50.425,50.6,49.25,50.525
2019-01-08,50.425,50.51,49.25,50.425
2019-01-07,50.55,50.75,49.25,50.425
2019-01-06,50.55,50.55,50.55,50.25
2019-01-05,50.25,50.25,50.25,50.25
2019-01-04,50.55,50.75,49.25,50.25
2019-01-03,50.475,50.75,49.25,50.25
2019-01-02,50.475,50.6,49.25,50.1
2019-01-01,50.475,50.595,49.97,50.1
2018-12-31,50.475,50.6,49.25,50.1
2018-12-30,50.475,50.475,50.475,50.1
2018-12-29,50.475,50.475,50.475,50.475
2018-12-28,50.475,50.6,49.25,50.1
2018-12-27,50.5,50.645,49.42,50.1
2018-12-26,50.5,50.65,49.35,50.15
2018-12-25,50.5,50.645,49.995,50.15
2018-12-24,50.15,50.65,49.275,50.15
2018-12-22,49.3,49.3,49.3,49.3
2018-12-21,50.5,50.655,49.32,50.15
2018-12-20,50.5,50.65,49.38,50.15
2018-12-19,50.45,50.65,49.385,50.15
2018-12-18,50.45,50.6,49.425,50.1
2018-12-17,50.04,50.595,49.37,50.1
2018-12-14,50.425,50.55,49.405,50.05
2018-12-13,50.425,50.575,49.405,50.04
2018-12-12,50.425,50.55,49.395,50.05
2018-12-11,50.425,50.55,49.395,50.05
2018-12-10,50.05,50.555,49.41,50.05
2018-12-07,50.425,50.55,49.395,50.05
2018-12-06,50.425,50.55,49.405,50.05
2018-12-05,50.45,50.59,49.445,50.05
2018-12-04,50.425,50.605,49.375,50.1
2018-12-03,50.425,50.555,49.395,50.05
2018-12-02,50.425,50.545,49.92,50.05
2018-11-30,50.425,50.56,49.395,50.05
2018-11-29,50.425,50.575,49.265,50.05
2018-11-28,50.425,50.575,49.445,50.05
2018-11-27,50.4,50.55,49.375,50.05
2018-11-26,50.4,50.51,49.425,50.4
2018-11-25,50.4,50.4,50.4,50.4
2018-11-23,50.4,50.5,49.395,50.4
2018-11-22,50.4,50.475,49.4,50.4
2018-11-21,50.35,50.475,49.395,50.4
2018-11-20,50.35,50.425,49.375,50.35
2018-11-19,50.4,50.525,49.375,50.35
2018-11-18,50.4,50.4,50.4,50.4
2018-11-16,50.5,50.6,49.5,50.4
2018-11-15,50.5,50.6,49.49,50.5
2018-11-14,50.55,50.7,49.525,50.5
2018-11-13,50.55,50.7,49.21,50.2
2018-11-12,50.45,50.7,49.25,50.2
2018-11-11,50.45,50.45,49.6,50.45
2018-11-09,50.45,50.5,49.245,50.45
2018-11-08,50.45,50.5,48.99,50.45
2018-11-07,50.45,50.5,48.95,50.45
2018-11-06,50.4,50.49,49.375,50.45
2018-11-05,50.4,50.405,49.365,50.4
2018-11-04,50.4,50.4,50.4,50.4
2018-11-02,50.4,50.405,49.365,50.4
2018-11-01,50.4,50.405,49.3,50.4
2018-10-31,50.4,50.8,49.325,50.4
2018-10-30,50.275,50.795,49.415,50.4
2018-10-29,50.225,50.775,49.48,50.275
2018-10-28,50.225,50.595,50.07,50.225
2018-10-26,50.225,50.355,48.925,50.225
2018-10-25,50.225,50.475,48.425,50.225
2018-10-24,50.225,50.475,49.525,50.225
2018-10-23,50.125,50.475,49.475,50.225
2018-10-22,48.965,50.525,48.965,50.175
2018-10-19,48.945,50.525,48.945,50.175
2018-10-18,48.96,50.55,48.96,50.15
2018-10-17,50.015,50.315,48.725,50.115
2018-10-16,50.2,50.4,48.9,50.2
2018-10-15,48.98,50.35,48.9,50.2
2018-10-12,50,50.4,48.98,50
2018-10-11,50,50.3,48.95,50
2018-10-10,50,50.3,48.91,50
2018-10-09,49.9,50.3,48.9,50
2018-10-08,49.47,50.4,48.75,49.42
2018-10-05,48.96,49.95,48.96,49.9
2018-10-04,49.87,49.92,48.87,49.53
2018-10-03,49.95,49.95,48.85,49.9
2018-10-02,49.825,49.925,48.175,49.925
2018-10-01,49.825,49.875,47.945,49.875
2018-09-28,49.75,49.85,49.35,49.85
2018-09-27,49.5,49.55,47.5,49.55
2018-09-26,49.5,49.55,47.5,49.55
2018-09-25,49.575,49.575,47.505,49.525
2018-09-24,49.45,49.55,47.3,49.55
2018-09-21,49.5,49.5,47.35,49.5
2018-09-20,50.15,50.15,48,48
2018-09-19,49.4,49.5,47.58,49.5
2018-09-18,49.4,49.4,47.63,49.4
2018-09-17,49.4,49.4,47.24,49.4
2018-09-14,49.9,50.05,48.47,48.47
2018-09-13,47.79,49.25,47.79,49.25
2018-09-12,48.46,50,48.44,48.44
2018-09-11,50,50,48.46,48.46
2018-09-10,48.42,50,48.42,48.48
2018-09-07,49.275,49.275,47.775,49.275
2018-09-06,49.275,49.275,47.745,49.275
2018-09-05,49.125,49.275,47.745,49.275
2018-09-04,49.2,49.2,47.82,49.2
2018-09-03,49.25,49.25,47.83,49.2
2018-08-31,48.9,49,47.58,49
2018-08-30,48.9,48.95,47.63,48.95
2018-08-29,48.875,48.875,47.595,48.875
2018-08-28,48.875,48.875,47.555,48.875
2018-08-27,48.625,48.875,47.555,48.875
2018-08-24,47.74,48.75,47.7,48.75
2018-08-23,48.75,48.75,47.71,48.75
2018-08-22,48.75,48.75,47.71,48.75
2018-08-21,48.75,48.75,47.75,48.75
2018-08-20,47.73,48.75,47.73,48.75
2018-08-17,49.5,49.5,48.38,48.38
2018-08-16,48.65,48.8,47.65,48.8
2018-08-15,48.725,48.725,47.725,48.725
2018-08-14,48.725,48.725,47.705,48.725
2018-08-13,48.775,48.775,47.705,48.725
2018-08-10,48.725,48.775,47.705,48.775
2018-08-09,48.76,48.81,47.75,48.08
2018-08-08,48.725,48.775,47.705,48.725
2018-08-07,48.725,48.775,47.635,48.725
2018-08-06,48.725,48.775,47.425,48.725
2018-08-03,48.725,48.775,47.415,48.725
2018-08-02,48.725,48.775,47.395,48.725
2018-08-01,48.725,48.775,47.395,48.725
2018-07-31,48.575,48.725,47.395,48.725
2018-07-30,48.6,48.65,47.49,48.65
2018-07-27,48.65,48.75,48.5,48.65
2018-07-26,48.925,48.925,48.555,48.825
2018-07-25,48.775,48.875,48.465,48.875
2018-07-24,48.575,48.825,48.475,48.825
2018-07-23,48,48,46.98,48
2018-07-20,48,48,46.97,48
2018-07-19,48,48,46.97,48
2018-07-18,48,48,47,48
2018-07-17,48,48,47,48
2018-07-16,47,48,47,48
2018-07-13,47.95,48,46.98,48
2018-07-12,47.975,47.975,46.975,47.975
2018-07-11,47.975,47.975,46.995,47.975
2018-07-10,48.85,48.85,47.7,47.9
2018-07-09,46.275,47.975,46.275,47.975
2018-07-06,47.85,47.85,46.4,47.85
2018-07-05,48,48,46.38,47.85
2018-07-04,47.925,47.925,46.305,47.925
2018-07-03,47.725,47.925,46.305,47.925
2018-07-02,47.825,47.825,46.375,47.825
2018-06-29,47.825,47.825,46.375,47.825
2018-06-28,47.825,47.825,46.385,47.825
2018-06-27,47.775,47.825,46.395,47.825
2018-06-26,47.8,47.8,46.7,47.8
2018-06-25,47.8,47.8,46.65,47.8
2018-06-22,47.8,47.8,46.37,47.8
2018-06-21,47.8,47.8,46.2,47.8
2018-06-20,47.8,47.8,46.18,47.8
2018-06-19,47.8,47.8,46.17,47.8
2018-06-18,47.8,47.8,46.17,47.8
2018-06-15,47.8,47.8,46.18,47.8
2018-06-14,47.8,47.8,46.18,47.8
2018-06-13,47.8,47.8,46.18,47.8
2018-06-12,47.8,47.8,46.2,47.8
2018-06-11,47.25,47.8,46.23,47.8
2018-06-08,47.8,47.8,47.1,47.8
2018-06-07,47.8,47.8,47.11,47.8
2018-06-06,48.45,48.5,47.8,47.98
2018-06-05,47.775,47.775,47.135,47.775
2018-06-04,47.225,47.775,47.135,47.775
2018-06-01,47.775,47.775,47.135,47.775
2018-05-31,47.775,47.775,46.875,47.775
2018-05-30,48.45,48.45,47.55,47.55
2018-05-29,48.175,48.175,47.325,47.875
2018-05-28,47.88,48.45,47.88,48.02
2018-05-25,47.775,47.775,47.125,47.775
2018-05-24,47.775,47.775,47.125,47.775
2018-05-23,48.48,48.5,47.86,48.4
2018-05-22,47.85,47.85,47.08,47.17
2018-05-21,47.805,47.805,47.045,47.775
2018-05-18,47.775,47.805,47.525,47.775
2018-05-17,47.775,47.805,47.725,47.775
2018-05-16,47.745,47.805,47.325,47.775
2018-05-15,48.445,48.525,47.905,48.345
2018-05-14,48.45,48.45,47.85,48.37
2018-05-11,47.775,47.775,47.175,47.775
2018-05-10,47.775,47.775,47.165,47.775
2018-05-09,47.775,47.775,47.105,47.775
2018-05-08,47.775,47.775,47.105,47.775
2018-05-07,48.45,48.45,47.78,47.78
2018-05-04,47.775,47.775,47.105,47.775
2018-05-03,47.775,47.775,47.025,47.775
2018-05-02,47.775,47.775,46.805,47.775
2018-05-01,47.775,47.775,46.805,47.775
2018-04-30,47.775,47.775,46.805,47.775
2018-04-27,47.775,47.775,47.105,47.775
2018-04-26,47.775,47.775,47.105,47.775
2018-04-25,47.775,47.775,47.005,47.775
2018-04-24,47.775,47.775,47.005,47.775
2018-04-23,47.775,47.775,47.105,47.775
2018-04-20,47.275,47.775,47.125,47.775
2018-04-19,47.775,47.775,47.175,47.775
2018-04-18,47.775,47.775,47.165,47.775
2018-04-17,47.175,47.775,47.165,47.775
2018-04-16,46.925,47.775,46.925,47.775
2018-04-13,47.775,47.775,46.725,47.775
2018-04-12,47.775,47.775,46.655,47.775
2018-04-11,47.775,47.775,46.655,47.775
2018-04-10,47.775,47.775,46.655,47.775
2018-04-09,47.775,47.775,46.605,47.775
2018-04-06,47.775,47.775,47.095,47.775
2018-04-05,47.725,47.775,47.075,47.775
2018-04-04,47.75,47.75,46.95,47.75
2018-04-03,47.75,47.75,46.9,47.75
2018-04-02,47.14,47.75,47.02,47.75
2018-03-30,47.13,47.75,47.13,47.75
2018-03-29,47.13,47.75,47.12,47.75
2018-03-28,47.75,47.75,47.13,47.75
2018-03-27,47.12,47.75,47.12,47.75
2018-03-26,47.8,48.4,47.77,47.77
2018-03-23,47.05,47.75,47.05,47.75
2018-03-22,47.13,47.75,47.05,47.75
2018-03-21,47.05,47.75,47.05,47.75
2018-03-20,47.75,47.75,47.05,47.75
2018-03-19,46.7,47.75,46.7,47.75
2018-03-16,47.75,47.75,46.7,47.75
2018-03-15,47.75,47.75,47.18,47.75
2018-03-14,47.74,47.75,47.17,47.75
2018-03-13,48.37,48.4,46.82,48.39
2018-03-12,47.75,47.83,47.22,47.75
2018-03-09,47.75,47.83,47.2,47.75
2018-03-08,47.75,47.75,47.15,47.75
2018-03-07,47.75,47.75,47.15,47.75
2018-03-06,47.75,47.75,47.17,47.75
2018-03-05,47.75,47.75,47.15,47.75
2018-03-02,47.8,47.8,47.2,47.2
2018-03-01,48.4,48.4,47.79,48.4
2018-02-28,47.05,47.75,47.05,47.75
2018-02-27,46.65,47.75,46.65,47.75
2018-02-26,48.27,48.4,47.29,47.3
2018-02-23,48.45,48.45,47.82,48.27
2018-02-22,47.795,47.825,47.195,47.725
2018-02-21,47.2,47.8,47.2,47.75
2018-02-20,47.79,47.95,47.21,47.75
2018-02-19,48.39,48.45,48.39,48.44
2018-02-16,48.36,48.6,47.91,48.39
2018-02-15,47.75,47.95,47.25,47.75
2018-02-14,47.77,47.85,47.19,47.75
2018-02-13,47.78,47.8,47.13,47.8
2018-02-12,48.47,48.5,47.9,48.48
2018-02-09,47.79,48.5,47.71,48.47
2018-02-08,47.84,47.85,47.75,47.8
2018-02-07,47.825,47.825,47.165,47.825
2018-02-06,48.55,48.55,48.5,48.55
2018-02-05,47.84,47.85,47.11,47.8
2018-02-02,48.93,48.93,48.07,48.54
2018-02-01,48.55,48.93,48.09,48.57
2018-01-31,48.58,48.93,48.09,48.53
2018-01-30,47.97,48.22,47.46,48.22
2018-01-29,47.97,48.23,47.49,47.5
2018-01-26,48.93,48.93,48.41,48.67
2018-01-25,48.65,48.93,48.37,48.65
2018-01-24,47.875,48.575,47.745,47.875
2018-01-23,48.53,49.23,48.16,48.79
2018-01-22,47.94,48.57,47.8,47.9
2018-01-19,48.75,48.75,48.28,48.74
2018-01-18,47.925,47.925,47.555,47.925
2018-01-17,48.82,48.85,48.48,48.62
2018-01-16,48.74,48.75,48.17,48.72
2018-01-15,48.75,48.75,48.5,48.74
2018-01-12,48.72,48.75,48.24,48.75
2018-01-11,48.75,48.75,48.24,48.72
2018-01-10,48.01,48.8,48.01,48.72
2018-01-09,47.15,47.95,47.15,47.95
2018-01-08,47.2,47.95,47.15,47.95
2018-01-05,47.85,48.85,47.85,48.05
2018-01-04,46.245,47.975,46.245,47.975
2018-01-03,46.295,47.975,46.245,47.975
2018-01-02,46.625,48.025,46.295,47.975
2018-01-01,47.5,47.5,47.5,47.5
2017-12-29,48.88,48.9,47.5,47.5
2017-12-28,47.98,48,47.35,48
2017-12-27,48.77,48.9,48.15,48.88
2017-12-26,47.95,47.95,47.25,47.95
2017-12-25,48.78,48.78,48.78,48.78
2017-12-22,48.85,48.85,48.15,48.78
2017-12-21,48.195,48.925,48.195,48.695
2017-12-20,48.12,48.2,47.45,47.45
2017-12-19,47.915,47.975,47.165,47.975
2017-12-18,47.925,47.975,47.275,47.975
2017-12-15,48.84,48.85,48.04,48.8
2017-12-14,48.85,48.85,48.04,48.84
2017-12-13,48.85,48.85,48.04,48.84
2017-12-12,48.85,48.85,48.04,48.82
2017-12-11,48.64,48.85,48.1,48.85
2017-12-08,48.68,48.85,48.1,48.64
2017-12-07,48.65,48.7,48.04,48.68
2017-12-06,48.6,48.67,47.99,48.01
2017-12-05,48.63,48.7,48.15,48.68
2017-12-04,47.815,47.875,47.305,47.875
2017-12-01,48.09,48.65,48.02,48.59
2017-11-30,48.01,48.65,48.01,48.14
2017-11-29,47.94,48.61,47.94,48.02
2017-11-28,47.195,47.875,47.175,47.875
2017-11-27,47.48,48.65,47.48,47.97
2017-11-24,48.65,48.65,47.48,47.48
2017-11-23,46.705,47.875,46.705,47.875
2017-11-22,47.895,47.895,46.695,47.875
2017-11-21,48.095,48.095,47.275,47.875
2017-11-20,46.97,48.88,46.97,48.87
2017-11-17,48.65,48.7,46.93,46.97
2017-11-16,46.93,48.7,46.93,46.93
2017-11-15,47.8,47.9,45.98,47.9
2017-11-14,47.85,47.9,45.93,47.8
2017-11-13,48.6,48.6,46.63,46.63
2017-11-10,47.85,47.85,47.14,47.85
2017-11-09,47.49,48.32,47.47,47.72
2017-11-08,47.68,48.6,47.68,47.77
2017-11-07,48.22,48.32,47.2,47.72
2017-11-06,47.45,48.5,47.45,47.55
2017-11-03,47.47,48.5,47.45,47.45
2017-11-02,47.4,47.8,46.74,47.8
2017-11-01,48.05,48.5,47.44,47.44
2017-10-31,47.75,47.8,46.78,47.8
2017-10-30,46.7,47.8,46.7,47.8
2017-10-27,47.65,48.5,47.4,47.4
2017-10-26,48.5,48.5,47.07,47.65
2017-10-25,47.45,47.8,46.32,47.8
2017-10-24,46.58,48.03,46.55,47.49
2017-10-23,46.55,48.5,46.52,47.05
2017-10-20,48.45,48.5,45.88,46.55
2017-10-19,45.22,47.8,45.18,47.8
2017-10-18,45.95,48.5,45.92,45.92
2017-10-17,45.39,47.53,45.38,47.43
2017-10-16,45.98,48.14,45.95,45.95
2017-10-13,47.07,47.48,45.39,47.35
2017-10-12,45.49,46.25,44.97,44.97
2017-10-11,46.065,46.085,45.725,46.085
2017-10-10,45.085,46.095,45.085,46.075
2017-10-09,44.88,44.88,44.86,44.86
2017-10-06,44.95,45.88,44.88,44.88
2017-10-05,44.95,45.89,44.94,44.95
2017-10-04,45.195,46.095,45.175,46.055
2017-10-03,45.205,45.975,45.195,45.975
2017-10-02,44.98,45.87,44.95,44.98
2017-09-29,44.97,45.87,44.95,44.98
2017-09-28,44.95,44.97,44.95,44.97
2017-09-27,45.09,45.89,44.95,44.95
2017-09-26,45.175,46.085,45.175,45.975
2017-09-25,45.155,46.065,45.125,46.025
2017-09-22,45.85,45.87,44.95,44.98
2017-09-21,45.73,45.85,44.94,44.95
2017-09-20,45.77,45.85,44.95,44.95
2017-09-19,45.125,46.045,45.125,45.985
2017-09-18,44.96,45.93,44.95,44.95
2017-09-15,45.08,45.93,44.96,44.96
2017-09-14,45.08,45.95,45.05,45.08
2017-09-13,45.09,45.95,45.05,45.08
2017-09-12,45.64,46.65,45.63,45.64
2017-09-11,45.02,45.95,44.94,44.94
2017-09-08,45.01,45.95,45,45.02
2017-09-07,44.55,45.5,44.55,45.45
2017-09-06,44.55,45.5,44.55,45.45
2017-09-05,44.62,45.46,44.55,45.45
2017-09-04,45.05,45.07,45.04,45.07
2017-09-01,45.07,45.95,45.05,45.05
2017-08-31,45.2,46.15,45.2,46.1
2017-08-30,45.305,46.235,45.285,46.015
2017-08-29,44.98,45.95,44.95,45.02
2017-08-28,45,46.09,44.98,44.98
2017-08-25,46.125,46.175,45.225,46.075
2017-08-24,45,45.95,45,45
2017-08-23,45.235,46.125,45.175,46.085
2017-08-22,45.275,45.875,45.245,45.875
2017-08-21,45.45,45.87,45.28,45.87
2017-08-18,44.935,46.415,44.905,46.415
2017-08-17,45.48,46.75,44.5,46.28
2017-08-16,47.02,47.45,46.08,47.35
2017-08-15,47.2,47.2,45.47,46.92
2017-08-14,45.6,47.45,45.57,47.35
2017-08-11,47.47,47.47,45.5,45.5
2017-08-10,47.5,47.5,45.9,47.47
2017-08-09,47.525,47.575,47.375,47.375
2017-08-08,47.52,47.52,46.05,47.4
2017-08-07,47.47,47.5,46,47.47
2017-08-04,47.47,47.5,46.05,47.47
2017-08-03,47.425,47.575,46.035,47.325
2017-08-02,47.44,47.44,45.9,47.4
2017-08-01,45.65,47.5,45.65,47.44
2017-07-31,45.745,46.025,45.725,46.025
2017-07-28,45.69,45.85,45.67,45.67
2017-07-27,45.815,46.075,45.815,45.975
2017-07-26,45.805,46.075,45.805,45.975
2017-07-25,45.8,46.05,45.78,46
2017-07-24,45.8,46.05,45.79,46
2017-07-21,45.75,45.91,45.7,45.7
2017-07-20,45.13,46.05,45.13,46
2017-07-19,46.12,46.12,45.18,46.01
2017-07-18,47,47,45.86,45.97
2017-07-17,45.7,47.02,45.69,47
2017-07-14,45.75,45.95,45.7,45.7
2017-07-13,45.98,45.98,45.75,45.75
2017-07-12,45.93,46.02,45.9,45.98
2017-07-11,48.395,48.395,46.045,46.065
2017-07-10,48.345,48.375,48.225,48.225
2017-07-07,48.28,48.28,48.27,48.27
2017-07-06,46.48,48.3,46,48.28
2017-07-05,44.47,46.48,44.47,46.45
2017-07-04,44.97,44.97,44.97,44.97
2017-07-03,44.98,44.98,44.98,44.98
2017-06-30,44.9,45.96,44.88,44.98
2017-06-29,45.02,46.61,44.9,44.9
2017-06-28,45.06,45.97,45.02,45.02
2017-06-27,45.495,46.085,45.185,46.035
2017-06-26,45.525,46.135,45.515,46.095
2017-06-23,45.78,45.78,45.36,45.36
2017-06-22,45.68,46.11,45.65,46.07
2017-06-21,45.45,45.51,45.43,45.43
2017-06-20,45.48,45.98,45.45,45.45
2017-06-19,44.51,46.09,44.51,46.09
2017-06-16,45.02,45.51,45.01,45.01
2017-06-15,45.405,45.935,45.395,45.835
2017-06-14,45.03,46.29,44.52,46.29
2017-06-13,45.1,45.54,45.03,45.22
2017-06-12,45.495,46.335,45.475,45.845
2017-06-09,45.14,47.22,45.12,45.12
2017-06-08,45.18,47.27,45.14,45.14
2017-06-07,44.6,46.97,44.6,45.18
2017-06-06,45.06,45.96,45.05,45.1
2017-06-05,45.05,45.96,45.05,45.06
2017-06-02,45.05,45.96,45.02,45.02
2017-06-01,45.05,45.96,45.03,45.05
2017-05-31,45.4,45.91,45.05,45.05
2017-05-30,46.055,46.235,45.675,46.125
2017-05-29,45.8,46.3,45.78,45.78
2017-05-26,46.55,46.55,44.83,45.8
2017-05-25,46.55,46.55,45.9,46.55
2017-05-24,46.6,46.6,45.95,46.5
2017-05-23,46.605,47.075,45.975,46.525
2017-05-22,45.685,47.685,45.555,46.655
2017-05-19,45.61,46.71,45.45,46.08
2017-05-18,45.43,46.59,45.13,46.59
2017-05-17,45.73,45.96,45.63,45.63
2017-05-16,46.555,46.555,45.955,46.155
2017-05-15,45.87,46.85,45.87,46.33
2017-05-12,45.87,45.95,45.87,45.87
2017-05-11,45.74,45.95,44.87,45.87
2017-05-10,45.77,45.95,45.74,45.74
2017-05-09,45.28,46.6,45.28,45.77
2017-05-08,45.525,46.195,45.485,46.195
2017-05-05,45.55,46.15,45.08,46.1
2017-05-04,44.88,45.95,44.88,45.35
2017-05-03,45.145,46.175,44.925,46.075
2017-05-02,44.95,45.95,44.92,44.92
2017-05-01,44.97,45.4,44.95,44.95
2017-04-28,45.18,45.48,45.18,45.27
2017-04-27,44.97,45.25,44.94,44.95
2017-04-26,44.98,45.47,44.97,44.97
2017-04-25,45,45,44.73,44.98
2017-04-24,45.47,45.55,44.73,45
2017-04-21,45.5,45.5,44.7,45.47
2017-04-20,44.75,46.02,44.7,45.5
2017-04-19,44.94,45.08,44.94,45.03
2017-04-18,45.18,45.29,45.15,45.29
2017-04-17,45.16,45.46,45.16,45.29
2017-04-14,44.98,45.25,44.95,45
2017-04-13,44.95,45.45,44.95,44.98
2017-04-12,44.965,45.045,44.945,45.005
2017-04-11,44.665,45.045,44.665,45.005
2017-04-10,44.7,45.05,44.67,44.67
2017-04-07,44.72,45.33,44.7,44.7
2017-04-06,44.77,45.33,44.72,44.72
2017-04-05,44.8,45.25,44.77,44.77
2017-04-04,44.485,45.065,44.485,45.065
2017-04-03,44.49,45.04,44.46,45.04
2017-03-31,44.8,45.33,44.78,44.78
2017-03-30,44.74,45.7,44.74,44.8
2017-03-29,44.87,45.35,44.7,44.82
2017-03-28,44.7,45.68,44.21,44.87
2017-03-27,44.755,45.915,44.675,45.225
2017-03-24,44.82,45.32,44.71,44.78
2017-03-23,44.35,45.83,43.5,45.72
2017-03-22,44.87,45.94,44,44.85
2017-03-21,44.9,44.9,44.75,44.87
2017-03-20,44.93,45.94,44.7,44.9
2017-03-17,44.71,46.75,44.7,44.93
2017-03-16,46.76,47.26,46.75,46.75
2017-03-15,46.3,46.8,44.2,46.74
2017-03-14,46.78,47.3,45,46.8
2017-03-13,46.18,47.28,44.75,46.78
2017-03-10,46.2,46.26,44.55,46.18
2017-03-09,44.39,45.87,44.34,45.34
2017-03-08,46.54,46.54,44.7,46.23
2017-03-07,45.63,46.12,44.31,45.42
2017-03-06,43.87,45.8,43.86,45.44
2017-03-03,44.37,45.94,44.33,44.33
2017-03-02,44.22,45.46,43.89,45.46
2017-03-01,43.93,45.46,43.9,44.4
2017-02-28,45.44,45.46,43.93,44.43
2017-02-27,44.55,45.04,44.5,44.5
2017-02-24,44.54,45.94,44.54,44.55
2017-02-23,44.09,45.46,44.04,44.54
2017-02-22,44.07,45.46,44.04,45.46
2017-02-21,44.05,44.73,44.04,44.56
2017-02-20,45.1,46.26,44.55,44.55
2017-02-17,45.13,45.13,44.5,44.5
2017-02-16,44.68,45.63,44.48,45.13
2017-02-15,44.72,46.26,43.79,44.68
2017-02-14,44.25,44.75,43.27,44.65
2017-02-13,45.15,45.63,43.29,44.69
2017-02-10,44.3,46.14,43.77,45.65
2017-02-09,43.67,44.83,43.67,44.3
2017-02-08,43.87,44.37,43.17,44.33
2017-02-07,43.9,44.4,43.17,44.37
2017-02-06,43.55,45.61,43.54,44.38
2017-02-03,43.57,44.58,43.57,44.05
2017-02-02,44.05,44.64,43.57,44.08
2017-02-01,43.57,44.65,43.57,44.14
2017-01-31,45.07,46.18,45.07,45.63
2017-01-30,44.07,45.68,42.97,44.61
2017-01-27,44.6,45.1,43.47,44.57
2017-01-26,44.68,45.67,42.99,44.54
2017-01-25,44.1,45.2,42.97,44.54
2017-01-24,43.68,44.62,42.97,44.58
2017-01-23,44.16,44.96,42.97,43.93
2017-01-20,44.68,45.18,43.47,44.66
2017-01-19,43.25,44.68,42.9,43.7
2017-01-18,43.28,43.77,42.9,43.75
2017-01-17,43.79,44.88,43.4,43.75
2017-01-16,44.33,45.1,43.59,43.79
2017-01-13,43.975,45.725,43.625,43.675
2017-01-12,43.35,44.25,43.34,43.75
2017-01-11,44.05,45.05,42.9,43.48
2017-01-10,44.1,45.1,43.08,45.02
2017-01-09,42.85,45.1,42.83,45.06
2017-01-06,43.9,44.89,43.85,43.85
2017-01-05,43.95,44.47,43.9,43.9
2017-01-04,43.29,44.28,41.81,44.19
2017-01-03,43.52,43.52,41.07,41.07
2017-01-02,43.45,43.5,43.45,43.5
2016-12-30,43.38,43.45,42.05,43.45
2016-12-29,43.5,43.5,42.05,43.4
2016-12-28,44.5,44.5,42.05,43.48
2016-12-27,43.52,43.52,41.07,41.07
2016-12-26,44.5,44.5,44.5,44.5
2016-12-23,43.5,44.5,42.05,44.5
2016-12-22,43.5,43.5,42.05,43.5
2016-12-21,42.5,43.6,42.05,43.5
2016-12-20,42.5,42.5,42.5,42.5
2016-12-19,41.58,43.5,41.57,42.5
2016-12-16,41.45,43.35,41.45,41.58
2016-12-15,41.4,43.25,41.38,41.48
2016-12-14,40.43,42.3,40.24,40.25
2016-12-13,40.88,42.9,40.43,41.07
2016-12-12,40.92,42.45,40.58,40.73
2016-12-09,40.12,42.3,40.07,41.07
2016-12-08,40.17,41.07,40.12,41.07
2016-12-07,40.2,40.9,39.88,40
2016-12-06,40.38,40.38,40.2,40.2
2016-12-05,40.87,41.09,40.38,41.07
2016-12-02,40.91,40.92,40.58,40.72
2016-12-01,41.08,41.08,40.91,40.91
2016-11-30,41.3,41.3,40.95,41.09
2016-11-29,41.35,42.85,41.15,41.15
2016-11-28,41.4,42.7,41.05,41.2
2016-11-25,41.43,42.76,41.27,41.4
2016-11-24,41.45,41.45,41.28,41.43
2016-11-23,41.95,42.96,41.45,42.83
2016-11-22,42.18,42.94,41.8,42.9
2016-11-21,42.21,42.7,41.88,42.03
2016-11-18,42.4,42.65,42.08,42.21
2016-11-17,42.9,43.03,42.4,42.4
2016-11-16,41.62,43.15,40.98,42.75
2016-11-15,41.98,42.83,41.62,41.62
2016-11-14,42.2,42.65,41.68,41.83
2016-11-11,42.2,42.7,42.04,42.2
2016-11-10,42.18,42.5,42.17,42.2
2016-11-09,42.65,43.1,42.44,42.6
2016-11-08,41.83,42.7,41.65,42.25
2016-11-07,42.2,42.65,41.68,41.83
2016-11-05,41.84,42.19,41.84,42.19
2016-11-04,42.41,42.7,42.19,42.19
2016-11-03,42.83,42.85,42.4,42.85
2016-11-02,42.59,42.93,42.3,42.68
2016-11-01,42.59,42.93,42.48,42.82
2016-10-31,42.35,42.88,42.2,42.82
2016-10-29,41.85,42.2,41.85,42.2
2016-10-28,42.68,42.7,42.2,42.2
2016-10-27,43.07,43.1,42.61,42.61
2016-10-26,42.83,42.85,42.45,42.85
2016-10-25,42.67,42.7,42.02,42.68
2016-10-24,43.08,43.1,42.42,42.82
2016-10-22,42.33,42.68,42.33,42.68
2016-10-21,42.3,42.7,42.15,42.68
2016-10-20,42.83,42.85,42.3,42.85
2016-10-19,42.82,42.85,42.3,42.8
2016-10-18,42.57,42.85,42.3,42.85
2016-10-17,42.4,42.85,42.25,42.79
2016-10-15,41.9,42.25,41.9,42.25
2016-10-14,42.63,43.1,42.48,42.61
2016-10-13,42.57,42.85,42.23,42.85
2016-10-12,42.6,42.85,42.2,42.79
2016-10-11,42.83,42.85,42.36,42.85
2016-10-10,42.83,43.1,42.55,42.61
2016-10-08,42.08,42.43,42.08,42.43
2016-10-07,42.85,43.1,42.61,42.61
2016-10-06,42.56,42.85,42.48,42.84
2016-10-05,42.82,42.85,42.48,42.77
2016-10-04,42.59,42.9,42.48,42.85
2016-10-03,42.83,42.85,42.48,42.82
2016-10-01,42.33,42.68,42.33,42.68
2016-09-30,42.42,42.7,42.21,42.68
2016-09-29,42.6,42.85,42.36,42.79
2016-09-28,42.72,42.85,42.36,42.84
2016-09-27,43.07,43.1,42.61,42.7
2016-09-26,42.72,42.85,42.45,42.67
2016-09-24,42.22,42.57,42.22,42.57
2016-09-23,43.08,43.1,42.55,42.79
2016-09-22,42.48,42.85,42.48,42.85
2016-09-21,42.81,43.1,42.67,42.85
2016-09-20,42.82,42.86,42.35,42.76
2016-09-19,42.84,42.85,42.2,42.81
2016-09-17,42.34,42.69,42.34,42.69
2016-09-16,42.68,42.7,42.15,42.69
2016-09-15,42.83,42.85,42.3,42.85
2016-09-14,42.34,42.89,42.19,42.85
2016-09-13,42.35,42.85,42.19,42.85
2016-09-12,42.69,42.69,42.15,42.2
2016-09-10,42.34,42.69,42.34,42.69
2016-09-09,42.68,42.7,42.21,42.69
2016-09-08,42.09,43.1,41.8,42.61
2016-09-07,42.09,42.85,41.8,42.82
2016-09-06,42.32,42.85,41.8,42.82
2016-09-05,42.32,42.85,41.8,42.85
2016-09-03,42.32,42.67,42.32,42.67
2016-09-02,42.33,42.68,42.17,42.67
2016-09-01,42.33,42.7,41.8,42.68
2016-08-31,41.85,43.1,41.7,42.61
2016-08-30,42.33,42.7,41.85,42.2
2016-08-29,41.85,42.85,41.7,42.85
2016-08-27,41.85,42.2,41.85,42.2
2016-08-26,42.32,42.7,41.8,42.2
2016-08-25,42.33,42.85,41.8,42.85
2016-08-24,42.33,42.85,41.88,42.85
2016-08-23,42.1,42.85,41.8,42.85
2016-08-22,41.85,42.85,41.7,42.84
2016-08-20,41.15,42.25,41.15,42.25
2016-08-19,42.1,42.7,41.85,42.2
2016-08-18,42.33,42.98,41.98,42.84
2016-08-17,42.03,42.7,41.8,42.68
2016-08-16,40.62,43.03,40.62,42.7
2016-08-15,40.6,41.35,40.45,40.97
2016-08-13,42.05,42.8,42.05,42.8
2016-08-12,40.62,42.35,40.45,40.95
2016-08-11,42.34,42.84,40.47,42.8
2016-08-10,42.34,42.85,41.91,42.69
2016-08-09,42.33,42.85,40.63,42.85
2016-08-08,42.32,42.85,40.63,42.85
2016-08-06,42.32,42.67,42.32,42.67
2016-08-05,42.33,43.1,41.86,42.61
2016-08-04,41.83,42.85,41.68,42.85
2016-08-03,42.15,42.5,40.62,42.18
2016-08-02,42.32,43.1,40.47,42.6
2016-08-01,41.83,42.85,40.63,42.85
2016-07-30,41.83,42.18,41.83,42.18
2016-07-29,42.33,43.95,41.7,42.6
2016-07-28,42.28,42.85,41.95,42.85
2016-07-27,41.98,42.85,41.89,42.85
2016-07-26,42.08,43.1,41.75,42.85
2016-07-25,42.33,43.7,41.98,42.8
2016-07-23,42.33,42.68,42.33,42.68
2016-07-22,42.1,42.75,41.86,42.68
2016-07-21,42.09,42.88,41.8,42.85
2016-07-20,42.33,42.85,41.98,42.82
2016-07-19,41.95,42.85,41.95,42.85
2016-07-18,42.3,43.7,41.95,42.55
2016-07-16,42.3,42.65,42.3,42.65
2016-07-15,42.1,43.125,41.8,42.825
2016-07-14,42.1,42.85,41.96,42.85
2016-07-13,42.05,42.88,41.98,42.84
2016-07-12,42.04,42.85,41.98,42.74
2016-07-11,42.33,42.85,41.86,42.73
2016-07-09,42.33,42.68,42.33,42.68
2016-07-08,41.85,43.55,41.85,42.68
2016-07-07,41.85,42.7,41.7,42.2
2016-07-06,42,43.175,41.8,42.675
2016-07-05,42.33,42.85,41.85,42.85
2016-07-04,42.33,43.7,41.8,42.85
2016-07-02,42.33,42.68,42.33,42.68
2016-07-01,42.35,43.1,41.86,42.61
2016-06-30,42.33,43.7,41.98,42.85
2016-06-29,41.95,42.85,41.86,42.85
2016-06-28,42.33,43.1,41.8,42.61
2016-06-27,42.33,43.7,41.8,42.85
2016-06-25,42.33,42.68,42.33,42.68
2016-06-24,42.33,43.1,41.8,42.61
2016-06-23,42.33,42.85,41.98,42.85
2016-06-22,42.08,42.73,41.89,42.68
2016-06-21,42.28,42.7,41.8,42.43
2016-06-20,41.84,43.7,41.69,42.63
2016-06-18,41.84,42.19,41.84,42.19
2016-06-17,41.83,42.2,41.8,42.19
2016-06-16,41.85,42.5,41.83,42.18
2016-06-15,42.05,43.55,41.8,42.2
2016-06-14,42.08,42.7,41.8,42.43
2016-06-13,42.17,42.7,41.85,42.43
2016-06-11,42.17,42.52,42.17,42.52
2016-06-10,42.33,43.55,41.9,42.52
2016-06-09,41.85,43.55,41.8,42.68
2016-06-08,42.06,43.55,41.7,42.2
2016-06-07,42.08,43.7,41.89,42.87
2016-06-06,42.08,43.55,41.89,42.43
2016-06-04,42.07,42.42,42.07,42.42
2016-06-03,41.8,42.7,41.65,42.42
2016-06-02,42.2,42.7,41.8,42.15
2016-06-01,42.08,42.85,41.9,42.55
2016-05-31,42.08,42.7,41.89,42.43
2016-05-30,42.08,42.59,41.86,42.43
2016-05-28,42.08,42.43,42.08,42.43
2016-05-27,42.33,42.85,41.86,42.43
2016-05-26,41.9,43.55,41.88,42.68
2016-05-25,42.08,42.7,40.63,42.25
2016-05-24,42.18,42.7,41.89,42.43
2016-05-23,42.08,42.85,41.87,42.77
2016-05-21,42.08,42.43,42.08,42.43
2016-05-20,42.3,42.7,41.86,42.43
2016-05-19,42.15,42.85,40.63,42.65
2016-05-18,40.62,42.7,40.45,42.42
2016-05-17,42.1,42.7,40.47,40.97
2016-05-16,42.08,42.85,40.63,42.85
2016-05-14,42.08,42.43,42.08,42.43
2016-05-13,41.85,43.1,41.63,42.63
2016-05-12,42.27,43.1,41.7,42.8
2016-05-11,42.08,42.85,40.63,42.62
2016-05-10,42.07,42.7,41.89,42.43
2016-05-09,42.08,42.7,41,42.42
2016-05-07,42.08,42.43,42.08,42.43
2016-05-06,42.2,42.7,40.63,42.43
2016-05-05,41.8,42.86,41.8,42.55
2016-05-04,42.08,42.7,41,42.15
2016-05-03,41.85,42.7,41.85,42.43
2016-05-02,42.08,42.43,41.85,42.2
2016-04-30,42.08,42.43,42.08,42.43
2016-04-29,42.08,42.7,40.63,42.43
2016-04-28,41.83,42.8,41.83,42.43
2016-04-27,41.84,42.2,41.8,42.18
2016-04-26,41.85,42.7,41.69,42.19
2016-04-25,42.08,42.85,40.63,42.78
2016-04-23,42.07,42.42,42.07,42.42
2016-04-22,41.85,42.7,40.63,42.42
2016-04-21,42.08,42.43,41,42.2
2016-04-20,41.75,42.7,40.63,42.43
2016-04-19,41.92,42.27,40.63,42.1
2016-04-18,42.08,42.43,41.77,42.27
2016-04-16,42.08,42.43,42.08,42.43
2016-04-15,42.28,42.7,41.8,42.43
2016-04-14,41.88,42.7,41.73,42.63
2016-04-13,42.08,42.7,41.73,42.23
2016-04-12,42.07,42.73,41.8,42.43
2016-04-11,42.33,42.7,40.63,42.42
2016-04-09,42.33,42.68,42.33,42.68
2016-04-08,42.17,42.7,40.63,42.68
2016-04-07,42.07,42.85,41.96,42.52
2016-04-06,42.08,42.71,40.63,42.42
2016-04-05,42.08,42.7,40.63,42.43
2016-04-04,42.07,42.85,40.63,42.8
2016-04-02,42.07,42.42,42.07,42.42
2016-04-01,42.3,42.7,41.8,42.42
2016-03-31,41.85,43.1,41.7,42.85
2016-03-30,42.08,43.1,41.8,42.6
2016-03-29,41.85,43.11,41.83,42.85
2016-03-28,42.12,42.47,41.8,42.2
2016-03-26,42.13,42.48,42.13,42.48
2016-03-25,42.13,42.7,41.89,42.48
2016-03-24,42.08,42.86,41.63,42.82
2016-03-23,41.28,43.1,41.13,42.72
2016-03-22,39.33,43.1,39.18,42.6
2016-03-21,38.85,42.85,38.65,42.82
2016-03-19,38.85,39.2,38.85,39.2
2016-03-18,38.84,40.3,38.61,39.2
2016-03-17,38.85,39.6,38.63,39.57
2016-03-16,38.95,39.85,38.6,39.6
2016-03-15,38.84,39.45,38.61,39.3
2016-03-14,38.8,39.6,38.55,39.57
2016-03-12,38.8,39.15,38.8,39.15
2016-03-11,38.85,39.46,38.63,39.15
2016-03-10,38.85,39.6,38.55,39.59
2016-03-09,38.8,39.6,38.63,39.59
2016-03-08,38.77,39.85,38.61,39.6
2016-03-07,38.45,39.85,38.45,39.6
2016-03-05,38.6,38.95,38.6,38.95
2016-03-04,39.03,39.45,38.6,38.95
2016-03-03,38.95,39.45,38.61,39.38
2016-03-02,38.6,39.88,38.45,39.6
2016-03-01,38.92,39.27,38.4,38.95
2016-02-29,39.08,39.58,38.5,39.27
2016-02-27,39.08,39.43,39.08,39.43
2016-02-26,39.04,39.46,38.57,39.43
2016-02-25,38.79,39.85,38.65,39.54
2016-02-24,38.55,39.63,38.4,39.48
2016-02-23,38.85,39.61,38.3,38.9
2016-02-22,38.85,39.63,38.64,39.2
2016-02-20,38.85,39.2,38.85,39.2
2016-02-19,38.85,39.45,38.6,39.2
2016-02-18,39.03,39.61,38.65,39.2
2016-02-17,38.85,39.46,38.65,39.38
2016-02-16,39.03,42.05,38.5,39.2
2016-02-15,38.84,42.05,38.64,39.38
2016-02-13,38.84,39.19,38.84,39.19
2016-02-12,38.83,41.1,38.6,39.19
2016-02-11,38.8,39.45,38.65,39.18
2016-02-10,38.72,41.1,38.57,39.38
2016-02-09,38.85,39.45,38.61,39.07
2016-02-08,38.85,39.62,38.61,39.2
2016-02-06,38.85,39.2,38.85,39.2
2016-02-05,38.85,39.45,38.65,39.2
2016-02-04,38.95,39.5,38.64,39.2
2016-02-03,39.02,39.65,38.66,39.3
2016-02-02,38.83,40.35,38.61,39.37
2016-02-01,39.05,39.51,38.61,39.18
2016-01-30,38.9,39.4,38.9,39.4
2016-01-29,38.85,39.61,38.65,39.4
2016-01-28,38.66,39.45,38.51,39.2
2016-01-27,38.8,39.6,38.51,39.01
2016-01-26,39.08,39.65,38.61,39.15
2016-01-25,39.03,39.45,38.61,39.43
2016-01-23,39.03,39.38,39.03,39.38
2016-01-22,39.08,39.45,38.61,39.38
2016-01-21,38.78,39.6,38.62,39.43
2016-01-20,38.85,39.45,38.61,39.13
2016-01-19,38.85,39.85,38.65,39.2
2016-01-18,39.08,39.85,38.61,39.2
2016-01-16,39.08,39.43,39.08,39.43
2016-01-15,39.02,39.45,38.55,39.43
2016-01-14,38.85,39.6,38.7,39.37
2016-01-13,38.85,39.45,38.61,39.2
2016-01-12,38.85,39.45,38.61,39.2
2016-01-11,38.84,39.85,38.61,39.2
2016-01-09,38.84,39.19,38.84,39.19
2016-01-08,38.85,39.45,38.61,39.19
2016-01-07,38.82,39.46,38.61,39.18
2016-01-06,38.85,39.85,38.64,39.6
2016-01-05,38.83,39.6,38.64,39.53
2016-01-04,38.85,39.6,38.61,39.18
2016-01-02,38.85,39.2,38.85,39.2
2016-01-01,38.6,39.2,38.6,39.2
2015-12-31,38.85,39.45,38.6,39.2
2015-12-30,38.65,39.85,38.6,39.2
2015-12-29,38.85,39.6,38.6,39.36
2015-12-28,38.85,39.45,38.65,39.2
2015-12-26,38.85,39.2,38.85,39.2
2015-12-25,38.85,39.2,38.85,39.2
2015-12-24,38.85,39.875,38.7,39.575
2015-12-23,38.85,39.45,38.65,39.2
2015-12-22,38.8,39.45,38.63,39.2
2015-12-21,38.82,39.6,38.63,39.54
2015-12-19,38.82,39.17,38.82,39.17
2015-12-18,38.85,39.45,38.61,39.17
2015-12-17,38.9,39.45,38.61,39.2
2015-12-16,38.85,39.61,38.61,39.61
2015-12-15,38.88,39.45,38.62,39.2
2015-12-14,39.07,39.85,38.69,39.23
2015-12-12,39.07,39.42,39.07,39.42
2015-12-11,38.85,39.45,38.63,39.42
2015-12-10,38.85,39.6,38.63,39.59
2015-12-09,39.08,39.45,38.63,39.2
2015-12-08,38.83,39.45,38.63,39.43
2015-12-07,38.97,39.85,38.61,39.18
2015-12-05,38.97,39.32,38.97,39.32
2015-12-04,38.63,39.81,38.48,39.32
2015-12-03,39.08,39.6,38.48,39.58
2015-12-02,38.83,39.63,38.72,39.43
2015-12-01,38.85,39.45,38.65,39.18
2015-11-30,39.02,39.74,38.55,39.59
2015-11-28,39.05,39.4,39.05,39.4
2015-11-27,39.05,39.4,38.3,39.4
2015-11-26,38.79,39.85,38.61,39.41
2015-11-25,39.05,39.6,38.67,39.48
2015-11-24,38.82,39.85,38.55,39.6
2015-11-23,38.85,39.85,38.63,39.6
2015-11-21,38.85,39.2,38.85,39.2
2015-11-20,38.63,39.45,38.48,39.2
2015-11-19,38.8,39.45,38.48,38.98
2015-11-18,39.07,39.85,38.63,39.6
2015-11-17,38.99,40,38.62,39.57
2015-11-16,38.58,39.6,38.43,39.47
2015-11-14,38.58,38.93,38.58,38.93
2015-11-13,38.58,38.96,38.43,38.93
2015-11-12,39.35,40.05,38.43,38.93
2015-11-11,38.48,40.05,38.48,39.7
2015-11-10,38.55,39.4,38.33,38.83
2015-11-09,38.58,39.11,38.4,38.9
2015-11-07,38.58,38.93,38.58,38.93
2015-11-06,38.8,39.45,38.43,38.93
2015-11-05,38.58,39.85,38.58,39.6
2015-11-04,38.57,39.85,38.42,38.93
2015-11-03,38.55,38.96,38.4,38.92
2015-11-02,38.58,40,38.4,38.9
2015-10-31,38.58,38.93,38.58,38.93
2015-10-30,38.58,39.11,38.43,39.11
2015-10-29,38.55,40.05,38.4,38.93
2015-10-28,39.04,39.6,38.4,38.9
2015-10-27,38.5,40.45,38.35,39.54
2015-10-26,38.58,40.2,38.35,39.1
2015-10-24,38.58,38.93,38.58,38.93
2015-10-23,38.78,39.13,38.43,38.93
2015-10-22,39.48,40.1,38,39.11
2015-10-21,38.6,40.05,38.45,39.83
2015-10-20,38.73,40.05,38.45,38.95
2015-10-19,38.68,40.45,38.55,39.6
2015-10-17,38.83,39.18,38.83,39.18
2015-10-16,39.2,40.45,38.64,39.47
2015-10-15,38.8,40.2,38.63,39.55
2015-10-14,39.08,40.2,38.63,39.54
2015-10-13,38.83,40.45,38.64,39.6
2015-10-12,38.58,40.45,38.43,39.6
2015-10-10,38.58,38.93,38.58,38.93
2015-10-09,38.57,38.95,38.43,38.93
2015-10-08,38.55,38.96,38.23,38.92
2015-10-07,38.58,39.11,38.4,38.9
2015-10-06,38.58,38.96,38.43,38.93
2015-10-05,38.57,40.35,38,38.93
2015-10-03,38.57,38.92,38.57,38.92
2015-10-02,38.58,38.96,38.43,38.92
2015-10-01,38.6,38.96,38.43,38.93
2015-09-30,38.6,39.95,38.45,38.95
2015-09-29,38.55,39.95,38.23,38.95
2015-09-28,38.55,39.11,38.4,38.9
2015-09-26,38.55,38.9,38.55,38.9
2015-09-25,38.55,39.11,38.4,38.9
2015-09-24,38.58,39.11,38.4,38.9
2015-09-23,38.58,39.11,38.43,38.93
2015-09-22,38.57,39.13,38.42,38.93
2015-09-21,38.58,39,38.42,38.92
2015-09-19,38.58,38.93,38.58,38.93
2015-09-18,38.85,39.2,38.45,38.95
2015-09-17,38.55,39.95,38.4,39.2
2015-09-16,38.58,40.1,38.4,38.9
2015-09-15,38.6,40.1,38.43,39.1
2015-09-14,38.83,39.95,38.45,38.95
2015-09-12,38.83,39.18,38.83,39.18
2015-09-11,38.88,40.4,38.64,39.18
2015-09-10,39.3,39.95,38.6,39.23
2015-09-09,40.3,40.9,38.5,39.65
2015-09-08,38.9,40.88,38.75,40.65
2015-09-07,39.08,40.83,38.75,40.83
2015-09-05,39.08,39.43,39.08,39.43
2015-09-04,39.25,39.6,38.93,39.43
2015-09-03,39.25,39.6,39.25,39.6
2015-09-02,39.28,39.95,39.1,39.6
2015-09-01,39.38,39.95,39.13,39.63
2015-08-31,39.25,39.95,39.23,39.73
2015-08-29,39.25,39.6,39.25,39.6
2015-08-28,39.28,39.95,39.1,39.6
2015-08-27,38.88,39.95,38.88,39.63
2015-08-26,39.25,39.95,38.73,39.23
2015-08-25,39.12,39.95,39.1,39.6
2015-08-24,38.35,39.95,37.7,39.47
2015-08-22,38.35,38.7,38.35,38.7
2015-08-21,38.33,38.7,37.7,38.7
2015-08-20,38.35,38.7,37.7,38.68
2015-08-19,38.3,38.7,37.7,38.7
2015-08-18,39.3,40.15,37.7,38.65
2015-08-17,39.12,40.15,38.97,39.65
2015-08-15,39.12,39.47,39.12,39.47
2015-08-14,39.3,40.11,38.75,39.47
2015-08-13,39.27,40.38,38.8,40.33
2015-08-12,38.88,40.45,38.88,39.62
2015-08-11,38.6,40.1,38.45,39.23
2015-08-10,38.8,39.96,38.45,38.95
2015-08-08,38.65,39.15,38.65,39.15
2015-08-07,38.7,40.25,38.65,39.15
2015-08-06,39.03,40.1,38.7,39.2
2015-08-05,39.2,40.18,38.83,39.38
2015-08-04,39.25,40.25,38.71,39.55
2015-08-03,38.58,40.25,38.43,39.6
2015-08-01,38.58,38.93,38.58,38.93
2015-07-31,38.74,39.96,38.43,38.93
2015-07-30,38.88,40.08,38.7,39.09
2015-07-29,38.88,40.1,38.73,39.23
2015-07-28,39.08,39.8,38.4,39.23
2015-07-27,38.83,39.55,38.5,39.43
2015-07-25,38.83,39.18,38.83,39.18
2015-07-24,39.1,39.97,38.6,39.18
2015-07-23,38.61,39.98,38.6,39.45
2015-07-22,38.45,39.98,38.45,39.47
2015-07-21,38.9,40,38.4,39.43
2015-07-20,39.08,40.05,38.4,39.25
2015-07-18,39.08,39.43,39.08,39.43
2015-07-17,39.08,39.88,38.55,39.43
2015-07-16,38.73,39.85,38.45,39.43
2015-07-15,38.6,39.5,38.4,39.08
2015-07-14,38.8,39.48,38.4,38.95
2015-07-13,38.72,39.85,38.5,39.6
2015-07-11,38.57,39.07,38.57,39.07
2015-07-10,38.73,40.3,38.57,39.07
2015-07-09,38.7,39.6,38,39.08
2015-07-08,38.72,39.63,38.45,39.05
2015-07-07,38.6,39.88,38.45,39.07
2015-07-06,38.8,39.63,38.4,39.6
2015-07-04,38.8,39.15,38.8,39.15
2015-07-03,38.83,39.6,38.55,39.15
2015-07-02,38.8,39.93,38.64,39.6
2015-07-01,39.05,39.45,38.64,39.23
2015-06-30,38.82,39.63,38.64,39.5
2015-06-29,38.98,39.85,38.61,39.6
2015-06-27,39,40,39,40
2015-06-26,38.85,40.1,38.63,39.33
2015-06-25,42.61,43.11,38.11,39.57
2015-06-24,41.85,42.96,40,40.73
2015-06-23,41.85,42.96,41.7,42.2
2015-06-22,42.2,43.11,41.7,43.06
2015-06-20,42.6,43.05,42.6,43.05
2015-06-19,42.25,43.11,42.05,42.55
2015-06-18,42.58,42.96,42.1,42.6
2015-06-17,42.55,43.11,42.4,43.06
2015-06-16,42.42,43.11,42.27,42.9
2015-06-15,42.55,43.1,42.27,42.77
2015-06-13,42.55,42.9,42.55,42.9
2015-06-12,42.4,42.96,42.25,42.9
2015-06-11,42.58,42.96,42.25,42.75
2015-06-10,42.58,42.96,42.43,42.93
2015-06-09,42.6,42.96,42.43,42.93
2015-06-08,42.57,42.96,42.42,42.95
2015-06-06,42.57,42.92,42.57,42.92
2015-06-05,42.58,42.95,42.43,42.92
2015-06-04,42.57,42.96,42.4,42.93
2015-06-03,42.6,42.95,42.5,42.92
2015-06-02,42.6,42.95,42.5,42.95
2015-06-01,42.55,42.95,42.5,42.95
2015-05-30,42.55,42.9,42.55,42.9
2015-05-29,42.57,42.96,42.55,42.9
2015-05-28,42.61,43.11,42.57,43.1
2015-05-27,42.6,42.96,42.58,42.93
2015-05-26,42.6,42.95,42.58,42.95
2015-05-25,42.6,42.95,42.6,42.95
2015-05-23,42.6,42.95,42.6,42.95
2015-05-22,42.57,42.96,42.57,42.95
2015-05-21,42.58,42.96,42.57,42.92
2015-05-20,42.57,43.105,42.57,43.105
2015-05-19,42.55,42.96,42.55,42.92
2015-05-18,42.58,42.96,42.55,42.9
2015-05-16,42.58,42.93,42.58,42.93
2015-05-15,42.57,42.95,42.55,42.93
2015-05-14,42.58,43.1,42.55,43.09
2015-05-13,42.58,42.96,42.58,42.93
2015-05-12,42.57,42.96,42.17,42.93
2015-05-11,42.58,42.96,42.57,42.92
2015-05-09,42.58,42.93,42.58,42.93
2015-05-08,42.55,42.96,42.55,42.93
2015-05-07,42.6,42.95,42.52,42.9
2015-05-06,42.6,42.96,42.18,42.95
2015-05-05,42.57,42.96,42.57,42.95
2015-05-04,42.57,42.96,42.57,42.92
2015-05-02,42.57,42.92,42.57,42.92
2015-05-01,42.58,42.96,42.5,42.92
2015-04-30,42.58,42.95,42.5,42.93
2015-04-29,42.58,42.95,42.5,42.93
2015-04-28,42.58,43.11,42.57,43.11
2015-04-27,42.6,42.96,42.55,42.9
2015-04-25,42.6,42.95,42.6,42.95
2015-04-24,42.5,42.96,42.3,42.95
2015-04-23,42.55,43.11,42.4,42.9
2015-04-22,42.55,42.96,42.4,42.9
2015-04-21,42.6,42.96,42.4,42.9
2015-04-20,42.38,43.11,42.2,43.1
2015-04-18,42.38,42.73,42.38,42.73
2015-04-17,42.58,42.96,42.2,42.73
2015-04-16,42.55,42.96,42.4,42.93
2015-04-15,42.5,42.96,42.4,42.9
2015-04-14,42.58,42.96,42.4,42.85
2015-04-13,42.58,42.96,42.4,42.93
2015-04-11,42.58,42.93,42.58,42.93
2015-04-10,42.58,42.96,42.3,42.93
2015-04-09,42.48,42.96,42.3,42.93
2015-04-08,42.48,43.11,42.3,43.1
2015-04-07,42.55,43.11,42.3,43.1
2015-04-06,42.58,42.96,42.55,42.9
2015-04-04,42.58,42.93,42.58,42.93
2015-04-03,42.56,42.96,42.56,42.93
2015-04-02,42.58,42.96,42.4,42.91
2015-04-01,42.57,42.96,42.4,42.93
2015-03-31,42.58,43.11,42.4,43.1
2015-03-30,42.58,42.96,42.3,42.93
2015-03-28,42.58,42.93,42.58,42.93
2015-03-27,42.57,42.96,42.4,42.93
2015-03-26,42.55,42.96,42.4,42.92
2015-03-25,42.57,42.96,42.4,42.9
2015-03-24,42.55,42.96,42.4,42.92
2015-03-23,42.55,42.96,42.55,42.9
2015-03-21,42.55,42.9,42.55,42.9
2015-03-20,42.6,42.96,42.4,42.9
2015-03-19,42.55,42.96,42.4,42.95
2015-03-18,42.6,42.96,42.4,42.9
2015-03-17,42.57,42.96,42.5,42.95
2015-03-16,42.57,42.96,42.4,42.92
2015-03-14,42.57,42.92,42.57,42.92
2015-03-13,42.6,42.96,42.4,42.92
2015-03-12,42.55,42.96,42.4,42.95
2015-03-11,42.58,42.96,42.4,42.9
2015-03-10,42.58,42.96,42.4,42.93
2015-03-09,42.6,42.95,42.4,42.93
2015-03-07,42.6,42.95,42.6,42.95
2015-03-06,42.45,42.96,42.4,42.95
2015-03-05,42.6,42.96,42.3,42.8
2015-03-04,42.55,42.96,42.4,42.93
2015-03-03,42.58,42.96,42.4,42.9
2015-03-02,42.6,42.96,42.4,42.93
2015-02-28,42.6,42.95,42.6,42.95
2015-02-27,42.6,43.11,42.5,43.1
2015-02-26,42.6,42.95,42.5,42.95
2015-02-25,42.6,42.96,42.4,42.95
2015-02-24,42.6,42.96,42.4,42.95
2015-02-23,42.58,42.96,42.4,42.95
2015-02-21,42.58,42.93,42.58,42.93
2015-02-20,42.6,42.96,42.5,42.93
2015-02-19,42.57,45.35,42.4,42.95
2015-02-18,42.6,45.5,42.4,43.2
2015-02-17,43.78,44.13,42.4,42.95
2015-02-16,42.57,45.35,42.4,44.13
2015-02-14,42.57,42.92,42.57,42.92
2015-02-13,42.57,44.15,42.4,42.92
2015-02-12,42.98,43.48,42.4,43.1
2015-02-11,42.58,43.58,42.3,43.11
2015-02-10,42.58,43.3,42.4,43.09
2015-02-09,42.55,43.35,42.4,43.1
2015-02-07,42.55,42.9,42.55,42.9
2015-02-06,42.55,43.15,42.3,42.9
2015-02-05,43.32,43.85,42.3,43.08
2015-02-04,43.2,45.5,42.6,43.11
2015-02-03,45,45.5,42.6,43.67
2015-02-02,42.5,43.27,42.5,43.11
2015-01-31,42.4,42.9,42.4,42.9
2015-01-30,42.5,44.3,42.4,42.9
2015-01-29,41.9,43,41.9,42.85
2015-01-28,42,42.95,42,42.41
2015-01-27,41.9,42.95,41.9,42.46
2015-01-26,42,42.8,42,42.35
2015-01-24,42.31,42.47,42.31,42.47
2015-01-23,42.1,42.47,42.1,42.47
2015-01-22,42.55,42.79,42.4,42.64
2015-01-21,42.65,43.2,42.3,43
2015-01-20,42.6,43.15,42.6,43.1
2015-01-19,42.65,45.5,42.6,43.1
2015-01-17,42.7,43.05,42.7,43.05
2015-01-16,42.7,43.1,42.55,43.05
2015-01-15,42.8,43.18,42.55,43.15
2015-01-14,42.7,43.27,42.6,43.25
2015-01-13,42.61,43.2,42.61,43.2
2015-01-12,42.9,43.4,42.6,43.11
2015-01-10,42.9,43.4,42.9,43.4
2015-01-09,43,45.5,42.9,43.4
2015-01-08,42.5,43.5,42.5,43.5
2015-01-07,42.4,43.08,42.4,42.97
2015-01-06,42.3,44.25,42.3,42.92
2015-01-05,42.3,44.23,42.3,42.84
2015-01-03,42.41,42.805,42.41,42.805
2015-01-02,42.3,42.995,42.3,42.805
2015-01-01,42.41,42.755,42.41,42.755
2014-12-31,42.7,43.045,42.41,42.755
2014-12-30,42.49,43.25,42.49,43.15
2014-12-29,42.7,43.35,42.5,43.15
2014-12-27,42.5,43.15,42.5,43.15
2014-12-26,42.58,43.25,42.5,43.15
2014-12-25,42.55,43.15,42.55,43.15
2014-12-24,42.58,43.2,42.5,43.1
2014-12-23,42.6,43.16,42.55,43.1
2014-12-22,42.6,43.11,42.6,43.1
2014-12-20,42.6,43.125,42.6,43.125
2014-12-19,42.6,43.1,42.55,43.1
2014-12-18,42.6,43.11,42.6,43.1
2014-12-17,42.61,43.11,42.55,43.1
2014-12-16,42.61,43.11,42.6,43.11
2014-12-15,42.61,44.3,42.6,43.1
2014-12-13,42.61,43.11,42.61,43.11
2014-12-12,42.61,43.15,42.53,43.07
2014-12-11,42.62,44.3,42.5,43.1
2014-12-10,42.78,43.28,42.6,43.13
2014-12-09,42.61,43.29,42.55,43.29
2014-12-08,42.61,43.11,42.6,43.11
2014-12-06,42.61,43.105,42.61,43.105
2014-12-05,42.6,43.105,42.55,43.105
2014-12-04,42.61,43.125,42.5,43.105
2014-12-03,42.61,43.13,42.6,43.11
2014-12-02,42.62,43.12,42.6,43.11
2014-12-01,42.61,43.12,42.6,43.12
2014-11-29,42.61,43.11,42.61,43.11
2014-11-28,42.61,43.115,42.6,43.105
2014-11-27,42.61,43.11,42.61,43.11
2014-11-26,42.6,43.11,42.6,43.11
2014-11-25,42.6,43.14,42.59,43.1
2014-11-24,42.58,43.1,42.5,43.1
2014-11-22,42.55,43.1,42.55,43.1
2014-11-21,42.6,43.15,42.55,43.1
2014-11-20,42.58,43.15,42.58,43.1
2014-11-19,42.55,43.135,42.55,43.075
2014-11-18,42.5,43.1,42.5,43.1
2014-11-17,42.6,43.1,42.6,43.1
2014-11-15,42.6,43.1,42.6,43.1
2014-11-14,42.6,43.1,42.59,43.1
2014-11-13,42.58,43.1,42.58,43.1
2014-11-12,42.6,43.125,42.5,43.075
2014-11-11,42.5,43.1,42.5,43.1
2014-11-10,42.61,43.11,42.5,43.1
2014-11-08,42.61,43.105,42.61,43.105
2014-11-07,42.5,43.125,42.5,43.105
2014-11-06,42.6,43.13,42.6,43.11
2014-11-05,42.5,43.11,42.5,43.11
2014-11-04,42.55,43.15,42.5,43.1
2014-11-03,42.6,43.1,42.5,43.1
2014-11-01,42.6,43.1,42.6,43.1
2014-10-31,42.5,43.1,42.5,43.1
2014-10-30,42.5,43.1,42.5,43.1
2014-10-29,42.55,43.05,42.55,43.05
2014-10-28,42.5,43.05,42.5,43.05
2014-10-27,42.5,43.1,42.5,43.1
2014-10-25,42.89,43.18,42.89,43.18
2014-10-24,42.85,43.18,42.55,43.18
2014-10-23,42.83,43.37,42.5,43.24
2014-10-22,43,44,40.8,43.55
2014-10-21,42.7,43.5,42.7,43.3
2014-10-20,42.8,43.15,42.8,43.15
2014-10-18,42.8,43.3,42.8,43.3
2014-10-17,42.8,43.3,42.8,43.3
2014-10-16,42.8,43.3,42.8,43.3
2014-10-15,42.8,43.3,42.8,43.3
2014-10-14,43,43.5,42.8,43.3
2014-10-13,39.1,40,39,39.6
2014-10-11,39.1,39.6,39.1,39.6
2014-10-10,39.1,39.6,39.1,39.6
2014-10-09,39.1,40,39,39.6
2014-10-08,39.2,40.15,39,39.65
2014-10-07,39.1,40.1,39,39.7
2014-10-06,39.2,39.7,39,39.6
2014-10-04,39.1,39.65,39.1,39.65
2014-10-03,39.1,40.05,39,39.65
2014-10-02,39,40.1,39,39.6
2014-10-01,39.1,40.05,39,39.55
2014-09-30,39.5,40.4,39,39.6
2014-09-29,39.05,40.1,39,39.6
2014-09-27,39,39.55,39,39.55
2014-09-26,39.15,41.05,39,39.55
2014-09-25,39.1,39.7,39,39.7
2014-09-24,39.1,39.7,39,39.7
2014-09-23,39.2,39.7,39.1,39.6
2014-09-22,39.1,39.75,39,39.65
2014-09-20,39,39.6,39,39.6
2014-09-19,39.05,39.8,39,39.6
2014-09-18,39.1,39.7,39,39.6
2014-09-17,39.1,39.8,39,39.7
2014-09-16,39.1,39.75,39,39.65
2014-09-15,39.2,39.7,39,39.6
2014-09-13,39.1,39.65,39.1,39.65
2014-09-12,39.05,39.75,39,39.65
2014-09-11,39,39.7,39,39.6
2014-09-10,39.1,39.6,39.1,39.6
2014-09-09,39.2,39.9,39.1,39.7
2014-09-08,39.1,40.4,39.05,39.8
2014-09-06,39.1,39.6,39.1,39.6
2014-09-05,39.1,39.6,39.1,39.6
2014-09-04,39.2,40,39.1,39.6
2014-09-03,39.45,40,39.3,39.8
2014-09-02,39.9,41,39.1,40.3
2014-09-01,39.1,39.6,39.1,39.6
2014-08-30,39.1,39.6,39.1,39.6
2014-08-29,39.13,39.63,39.1,39.6
2014-08-28,39.15,39.65,39.15,39.65
2014-08-27,39.2,39.7,39.2,39.7
2014-08-26,39.9,40.4,39.1,39.7
2014-08-25,39.05,39.6,39.05,39.6
2014-08-23,39.11,39.61,39.11,39.61
2014-08-22,39.13,40,39.1,39.61
2014-08-21,39.5,40,39.15,39.65
2014-08-20,39.15,39.65,39.15,39.65
2014-08-19,39.5,40,39.2,39.7
2014-08-18,39.3,40,39.1,39.8
2014-08-16,39.06,39.805,39.06,39.805
2014-08-15,39.5,40.245,39.05,39.805
2014-08-14,39.9,40.4,39.1,39.6
2014-08-13,39.2,40,39,39.6
2014-08-12,39.5,40,39,39.8
2014-08-11,39.11,40,39.1,39.6
2014-08-09,39.11,39.61,39.11,39.61
2014-08-08,39.1,40,39.1,39.61
2014-08-07,39.1,39.7,39,39.6
2014-08-06,39.5,40,39,39.6
2014-08-05,39,40,39,39.6
2014-08-04,39.5,40,39.1,39.6
2014-08-02,39,39.625,39,39.625
2014-08-01,39.1,39.825,39,39.625
2014-07-31,39.05,40,39.05,39.61
2014-07-30,39.05,40,39.05,39.6
2014-07-29,39.1,39.7,39.05,39.58
2014-07-28,39.05,39.6,39,39.6
2014-07-26,39.09,39.59,39.09,39.59
2014-07-25,39.1,40,39,39.59
2014-07-24,39.3,39.8,39,39.6
2014-07-23,39,40,39,39.6
2014-07-22,39.5,40.025,39.1,39.625
2014-07-21,39.1,40,39.1,39.6
2014-07-19,39.1,39.625,39.1,39.625
2014-07-18,39.1,40.025,39.1,39.625
2014-07-17,39.05,40,39,39.6
2014-07-16,39.1,40,39,39.6
2014-07-15,39.2,40,39.1,39.6
2014-07-14,39.2,43.2,39,39.7
2014-07-12,39,39.7,39,39.7
2014-07-11,39.11,42,39.1,39.6
2014-07-10,39.1,41.95,39.1,39.76
2014-07-09,39.16,41,39,39.6
2014-07-08,39.1,41.9,38,39.81
2014-07-07,39.15,40.65,39.05,39.8
2014-07-05,39.2,39.7,39.2,39.7
2014-07-04,39.1,40.4,39.1,39.7
2014-07-03,39.05,40.4,39,39.6
2014-07-02,39.1,40.4,39,39.5
2014-07-01,39.1,39.65,39,39.55
2014-06-30,39.3,40.4,39.1,39.6
2014-06-28,39.1,39.8,39.1,39.8
2014-06-27,39.25,40.6,39,39.8
2014-06-26,39.9,40.4,39.1,39.9
2014-06-25,39,40.6,39,39.91
2014-06-24,39.2,40.4,39,39.9
2014-06-23,39.3,39.8,39,39.8
2014-06-21,39.1,39.8,39.1,39.8
2014-06-20,39.1,40.6,39,39.8
2014-06-19,39.1,40.45,39,39.55
2014-06-18,39.1,40.4,39,39.6
2014-06-17,39.1,40.4,39.05,39.6
2014-06-16,39.1,40.4,39,39.6
2014-06-14,39.1,39.6,39.1,39.6
2014-06-13,39.1,39.6,39.1,39.6
2014-06-12,39.9,40.4,39.1,39.6
2014-06-11,39.15,40.4,39.05,39.6
2014-06-10,39.2,40.4,39.1,39.7
2014-06-09,39,40.805,38.71,40.205
2014-06-07,38.96,39.46,38.96,39.46
2014-06-06,39.11,40.4,38.52,39.46
2014-06-05,39.9,40.4,39.1,39.62
2014-06-04,39.1,40.4,38.71,39.6
2014-06-03,39.9,40.4,38.71,39.6
2014-06-02,39.1,40.4,38.71,39.6
2014-05-31,39.1,39.6,39.1,39.6
2014-05-30,39.13,40.4,38.72,39.6
2014-05-29,39.13,41.41,38.42,40.22
2014-05-28,39.1,40.4,39.1,39.65
2014-05-27,39.9,40.4,38.42,39.6
2014-05-26,39.4,39.9,39.1,39.6
2014-05-24,39.21,39.86,39.21,39.86
2014-05-23,39.3,40.57,38.52,39.86
2014-05-22,39.2,41.005,38.7,39.805
2014-05-21,39.1,40.4,38.71,39.8
2014-05-20,39.7,40.4,38.71,39.6
2014-05-19,39.4,40.2,38.71,39.6
2014-05-17,38.73,39.92,38.73,39.92
2014-05-16,39.1,40.89,38.56,39.92
2014-05-15,39.1,40.2,38.56,39.6
2014-05-14,39.1,40,38.56,39.6
2014-05-13,39.1,40,38.7,39.6
2014-05-12,39.5,40.1,38.7,39.7
2014-05-10,38.7,40.01,38.7,40.01
2014-05-09,39.05,41.01,38.62,40.01
2014-05-08,39.1,40.2,38.62,39.36
2014-05-07,39.1,40.2,38.65,39.6
2014-05-06,39.05,40.2,38.65,39.6
2014-05-05,39.05,40.2,37.22,39.6
2014-05-03,39,39.5,39,39.5
2014-05-02,39.05,40.2,38.71,39.5
2014-05-01,39,39.8,38.62,39.6
2014-04-30,39.1,40.2,38.47,39.6
2014-04-29,39.7,40.2,38.62,39.6
2014-04-28,38.35,40.2,38.35,39.6
2014-04-26,37.6,38.1,37.6,38.1
2014-04-25,38.45,40,37.6,38.1
2014-04-24,38.45,40,37.6,39.8
2014-04-23,38.45,40,37.6,39.8
2014-04-22,39.4,40,37.6,39.8
2014-04-21,39.3,40.545,38.62,39.865
2014-04-19,39.3,39.8,39.3,39.8
2014-04-18,39.11,39.8,38.91,39.8
2014-04-17,39.5,40,38.91,39.6
2014-04-16,39,40,38.76,39.6
2014-04-15,39.1,40,38.71,39.6
2014-04-14,39.05,40.1,38.62,39.6
2014-04-12,39.1,39.6,39.1,39.6
2014-04-11,39.1,39.8,37.74,39.6
2014-04-10,37.6,39.8,37.42,39.6
2014-04-09,37.6,39.6,37.42,39.6
2014-04-08,37.6,38.3,37.42,38.1
2014-04-07,37.6,38.3,37.23,38.1
2014-04-05,37.6,38.1,37.6,38.1
2014-04-04,37.61,38.5,37.23,38.1
2014-04-03,37.8,38.5,37.22,38.5
2014-04-02,37.41,38.68,37.22,38.3
2014-04-01,37.65,39.285,37.22,38.105
2014-03-31,37.41,38.6,37.22,38.6
2014-03-29,37.22,38.105,37.22,38.105
2014-03-28,37.6,39.885,37.22,38.105
2014-03-27,37.6,38.49,37.23,38.11
2014-03-26,37.95,39.5,37.6,38.1
2014-03-25,39,39.5,37.6,38.1
2014-03-24,37.6,39.5,37.6,38.1
2014-03-22,37.6,38.1,37.6,38.1
2014-03-21,37.55,38.1,37.55,38.1
2014-03-20,37.6,39.5,36.6,38.2
2014-03-19,37.6,38.15,37.6,38.11
2014-03-18,37.6,38.11,37.6,38.1
2014-03-17,37.6,38.11,37.6,38.11
2014-03-15,37.6,38.1,37.6,38.1
2014-03-14,37.61,38.11,37.6,38.1
2014-03-13,37.6,38.1,37.55,38.1
2014-03-12,37.6,38.5,37.6,38.1
2014-03-11,37.6,38.5,37.55,38.1
2014-03-10,37.6,38.5,37.6,38.11
2014-03-08,37.6,38.1,37.6,38.1
2014-03-07,37.55,38.1,37.55,38.1
2014-03-06,37.6,38.1,37.55,38.1
2014-03-05,37.6,39.5,37.6,38.11
2014-03-04,37.55,39.525,37.55,38.075
2014-03-03,37.7,39.5,37.5,38
2014-03-01,37.7,38.2,37.7,38.2
2014-02-28,38,38.5,37.7,38.2
2014-02-27,38,38.5,37.6,38.1
2014-02-26,39,39.5,37.6,38.1
2014-02-25,37.6,38.1,37.55,38.08
2014-02-24,37.7,38.5,37.5,38.1
2014-02-22,37.65,38.15,37.65,38.15
2014-02-21,37.6,38.15,37.55,38.15
2014-02-20,37.6,38.1,37.55,38.1
2014-02-19,37.6,39.5,37.5,38.1
2014-02-18,37.55,38.1,37.55,38.1
2014-02-17,37.58,39.5,37,38.1
2014-02-15,37.55,38.05,37.55,38.05
2014-02-14,38,38.5,37.55,38.05
2014-02-13,37.8,39.3,37.6,38.5
2014-02-12,38,39.4,37.55,38.5
2014-02-11,38,38.5,37.6,38.5
2014-02-10,38,38.5,37.55,38.5
2014-02-08,37.8,38.3,37.8,38.3
2014-02-07,37.6,39.3,37.6,38.3
2014-02-06,37.65,38.5,37.6,38.1
2014-02-05,37.6,38.12,37.5,38.1
2014-02-04,37.59,38.1,37.55,38.1
2014-02-03,37.6,38.1,37.55,38.08
2014-02-01,37.6,38.1,37.6,38.1
2014-01-31,37.6,38.2,37.55,38.1
2014-01-30,37.55,38.1,37.55,38.1
2014-01-29,37.55,38.55,37.5,38.05
2014-01-28,37.6,38.3,37.5,38.1
2014-01-27,37.6,38.5,37.6,38.1
2014-01-25,37.6,38.145,37.6,38.145
2014-01-24,37.56,38.145,37.56,38.145
2014-01-23,38,38.59,37.5,38.1
2014-01-22,37.6,38.1,37.6,38.1
2014-01-21,38,38.5,37.5,38.09
2014-01-20,37.6,38.1,37.6,38.1
2014-01-18,37.6,38.1,37.6,38.1
2014-01-17,37.6,38.1,37,38.1
2014-01-16,37.55,38.1,37.55,38.09
2014-01-15,37.63,38.2,37.6,38.1
2014-01-14,37.55,38.2,37,38.15
2014-01-13,37.55,38.1,37.55,38.1
2014-01-11,37.35,38.05,37.35,38.05
2014-01-10,37.5,38.3,37.35,38.05
2014-01-09,37.63,38.13,37.55,38.08
2014-01-08,37.6,38.2,37.6,38.15
2014-01-07,37.6,38.2,37.6,38.1
2014-01-06,37.56,38.1,37.2,38.1
2014-01-04,37.51,38.005,37.51,38.005
2014-01-03,37.58,38.095,37,38.005
2014-01-02,37.61,38.11,37,38.05
2014-01-01,37.61,38.08,37.61,38.08
2013-12-31,37.27,38.08,37.27,38.08
2013-12-30,37.6,38.1,37.28,37.9
2013-12-28,37.6,38.1,37.6,38.1
2013-12-27,37.25,38.1,37.25,38.1
2013-12-26,37.6,38.11,37.6,38.11
2013-12-25,37.6,38.05,37.6,38.05
2013-12-24,37.61,38.06,37.6,38.05
2013-12-23,37.6,38.055,36.6,38.055
2013-12-21,37.6,38.1,37.6,38.1
2013-12-20,37.35,38.1,36.6,38.1
2013-12-19,37.35,38.1,36,37.6
2013-12-18,37.6,38.1,36.65,37.6
2013-12-17,37.5,38.1,36.6,38.1
2013-12-16,37.6,38.1,37.6,38.1
2013-12-14,37.6,38.1,37.6,38.1
2013-12-13,37.63,38.13,37.6,38.1
2013-12-12,37.55,38.125,37.55,38.125
2013-12-11,37.6,38.05,37.4,37.95
2013-12-10,37.55,38.1,36,38.1
2013-12-09,37.5,38,37.5,38
2013-12-07,37.6,38.1,37.6,38.1
2013-12-06,37.5,38.1,37.5,38.1
2013-12-05,37.4,38.1,37.4,38
2013-12-04,37.5,38.1,37.4,37.9
2013-12-03,37.1,38.1,37.1,38
2013-12-02,37.2,38.15,37.05,37.6
2013-11-30,37.1,37.7,37.1,37.7
2013-11-29,37.6,38.2,37.1,37.7
2013-11-28,37.2,38.1,37.2,38.1
2013-11-27,37.4,38.275,36.95,37.725
2013-11-26,37.6,38.4,37,37.86
2013-11-25,37.58,38.1,37.4,38.1
2013-11-23,37.55,38.025,37.55,38.025
2013-11-22,36.6,38.055,36.6,38.025
2013-11-21,37.6,38.1,36.65,37.6
2013-11-20,37.55,38.1,36.55,38.1
2013-11-19,37.55,38.05,36.5,37.6
2013-11-18,37.55,38.1,37.55,38.1
2013-11-16,37.1,37.6,37.1,37.6
2013-11-15,37.05,37.6,36.5,37.6
2013-11-14,37.55,38.1,37,37.9
2013-11-13,37.2,38.275,37.2,37.875
2013-11-12,37.25,37.9,37.25,37.9
2013-11-11,37.4,38,37.4,38
2013-11-09,37.5,38,37.5,38
2013-11-08,37.55,38.05,37.5,38
2013-11-07,37.6,38.1,37.6,38.1
2013-11-06,37.6,38.1,37.6,38.1
2013-11-05,37.6,38.1,37.6,38.1
2013-11-04,37.6,38.1,37.6,38.1
2013-11-02,37.6,38.1,37.6,38.1
2013-11-01,34.85,38.1,34.85,38.1
2013-10-31,32.1,32.55,32,32.55
2013-10-30,32.1,32.6,32,32.6
2013-10-29,32.01,32.6,32,32.6
2013-10-28,32.1,32.6,32,32.6
2013-10-26,32.1,32.6,32.1,32.6
2013-10-25,32,32.6,32,32.6
2013-10-24,32,32.75,32,32.65
2013-10-23,32.05,32.6,32,32.6
2013-10-22,32,32.6,32,32.6
2013-10-21,32.05,32.6,32,32.6
2013-10-19,32,32.5,32,32.5
2013-10-18,32,32.6,32,32.5
2013-10-17,32.05,32.6,32,32.6
2013-10-16,32.05,32.6,32,32.6
2013-10-15,32.05,32.6,32.05,32.6
2013-10-14,32.2,32.7,32.1,32.6
2013-10-12,32.3,32.8,32.3,32.8
2013-10-11,32.2,34.5,32,32.8
2013-10-10,32.05,33,32,32.8
2013-10-09,32.05,33.1,32,32.6
2013-10-08,34,34.5,32,32.6
2013-10-07,32.08,34.5,32,32.6
2013-10-05,32.05,33.025,32.05,33.025
2013-10-04,32,33.025,32,33.025
2013-10-03,32,33,32,33
2013-10-02,32.1,33,32,32.6
2013-10-01,32.11,34.5,32.05,32.6
2013-09-30,32.2,34.5,32.05,32.6
2013-09-28,32.3,32.8,32.3,32.8
2013-09-27,32.1,33.3,32.1,32.8
2013-09-26,32.1,32.6,32.1,32.6
2013-09-25,32.1,32.6,32.05,32.6
2013-09-24,32.05,33.4,32.05,32.6
2013-09-23,32.1,32.6,32.05,32.6
2013-09-21,32.1,32.6,32.1,32.6
2013-09-20,32.08,32.6,32.08,32.6
2013-09-19,32.05,32.55,32.05,32.55
2013-09-18,32.1,34.5,32.1,32.6
2013-09-17,34,34.5,32.1,32.6
2013-09-16,32.1,32.6,32.1,32.6
2013-09-14,32.1,32.6,32.1,32.6
2013-09-13,32.1,32.6,32.1,32.6
2013-09-12,32.1,32.6,32.1,32.6
2013-09-11,32.1,32.6,32.1,32.6
2013-09-10,32.05,32.6,32.05,32.6
2013-09-09,32.09,32.59,32.09,32.59
2013-09-07,32.08,32.58,32.08,32.58
2013-09-06,32.08,32.58,32.08,32.58
2013-09-05,32.08,32.58,32.08,32.58
2013-09-04,32.11,32.61,32.05,32.58
2013-09-03,32.11,32.61,32.11,32.61
2013-09-02,32.11,32.61,32.11,32.61
2013-08-31,32.11,33.12,32.11,33.12
2013-08-30,32.05,32.6,32.05,32.6
2013-08-29,32.12,32.63,32.11,32.61
2013-08-28,32.15,32.65,32.13,32.63
2013-08-27,32.1,33.37,32.1,33.35
2013-08-26,32.18,33.185,32.1,33.105
2013-08-24,32.25,33.75,32.25,33.75
2013-08-23,32.08,32.6,32,32.6
2013-08-22,32.11,32.62,32,32.55
2013-08-21,32.11,34.75,32,32.61
2013-08-20,34.25,34.8,32.11,32.61
2013-08-19,34.5,35.45,33.6,34.9
2013-08-17,33.5,34.5,33.5,34.5
2013-08-16,32.11,35.5,32.11,34.5
2013-08-15,34.5,34.99,32.11,32.62
2013-08-14,32.13,34.99,32.11,32.62
2013-08-13,32.11,32.61,32.11,32.61
2013-08-12,32.12,32.625,32.11,32.615
2013-08-10,32.11,32.615,32.11,32.615
2013-08-09,32.12,32.635,32.11,32.615
2013-08-08,32.13,32.62,32.13,32.62
2013-08-07,32.13,32.62,32.12,32.62
2013-08-06,32.13,32.63,32.11,32.61
2013-08-05,32.11,32.63,32.11,32.61
2013-08-03,32.12,32.625,32.12,32.625
2013-08-02,32.15,32.715,32,32.565
2013-08-01,32.15,32.67,32.11,32.61
2013-07-31,32,32.6,32,32.6
2013-07-30,32.1,32.61,32,32.6
2013-07-29,32.1,33,32,32.6
2013-07-27,32.1,32.6,32.1,32.6
2013-07-26,33,34.5,32,32.6
2013-07-25,32.5,34.5,32,32.61
2013-07-24,32.11,33,32.05,32.6
2013-07-23,32.5,33,32,32.61
2013-07-22,32.08,33,32,32.6
2013-07-20,32.05,33.025,32.05,33.025
2013-07-19,32.1,33.25,32,32.61
2013-07-18,32.5,33,32,32.6
2013-07-17,32.5,33,32.05,32.61
2013-07-16,32.5,33,32,32.6
2013-07-15,32.5,32.825,32.05,32.825
2013-07-13,32.1,32.6,32.1,32.6
2013-07-12,32.05,33,32,32.6
2013-07-11,32.05,32.6,32,32.58
2013-07-10,32.11,32.61,32,32.6
2013-07-09,32.1,32.63,32.1,32.61
2013-07-08,32.11,33.205,32.1,32.805
2013-07-06,32.11,32.61,32.11,32.61
2013-07-05,32.57,33.07,32.11,32.61
2013-07-04,32.55,33.05,32,32.61
2013-07-03,31.98,33,31.98,32.61
2013-07-02,34.4,34.9,31.86,32.36
2013-07-01,34,36.47,31.61,32.36
2013-06-29,35.97,35.985,35.97,35.985
2013-06-28,32.05,36.015,32.05,35.985
2013-06-27,33.5,35.055,32,35.025
2013-06-26,36,36.5,36,36.5
2013-06-25,36.05,36.725,36,36.525
2013-06-24,36.01,36.51,36,36.5
2013-06-22,36,36.5,36,36.5
2013-06-21,36.05,36.525,36,36.525
2013-06-20,36,36.5,36,36.5
2013-06-19,36.05,36.525,36,36.525
2013-06-18,36.05,36.55,36,36.5
2013-06-17,36.03,36.56,36,36.5
2013-06-15,36.01,36.51,36.01,36.51
2013-06-14,36.05,36.57,36.01,36.51
2013-06-13,36.09,36.57,36.07,36.55
2013-06-12,36.03,36.54,36.03,36.53
2013-06-11,36.05,36.545,36.03,36.535
2013-06-10,36.07,36.57,36.01,36.53
2013-06-08,36.09,36.56,36.09,36.56
2013-06-07,36.05,36.56,36.05,36.56
2013-06-06,35.11,36.54,35.11,36.53
2013-06-05,35.11,35.99,35.11,35.99
2013-06-04,33.5,35.99,33.5,35.99
2013-06-03,34.15,36.17,34.15,35.81
2013-06-01,32.2,33.85,32.2,33.85
2013-05-31,32.25,33.9,32.2,33.85
2013-05-30,32.2,33.9,32.2,33.85
2013-05-29,32,33.875,32,33.875
2013-05-28,34.41,34.96,34.41,34.96
2013-05-27,34.77,35.135,34.77,35.135
2013-05-25,34.43,34.97,34.43,34.97
2013-05-24,34.4,34.97,34.4,34.97
2013-05-23,34.4,35.3,34.4,35.3
2013-05-22,32,35.3,32,35.3
2013-05-21,32,33.05,32,33
2013-05-20,32,33.05,32,33
2013-05-18,32.05,33.025,32.05,33.025
2013-05-17,32.05,33.025,32,33.025
2013-05-16,32,33.05,32,33
2013-05-15,32.05,33.025,32,33.025
2013-05-14,32,33,32,33
2013-05-13,32.05,33.025,32,33.025
2013-05-11,32,33,32,33
2013-05-10,32,33.05,32,33
2013-05-09,33.5,34.475,32.05,33.025
2013-05-08,32.05,33.05,32,33
2013-05-07,32,33.05,32,33
2013-05-06,32,33.005,32,33.005
2013-05-04,32.01,33.01,32.01,33.01
2013-05-03,32,33.01,32,33.01
2013-05-02,32,33.025,32,33.025
2013-05-01,32.05,33.05,32,33
2013-04-30,32,33.05,32,33
2013-04-29,32,33.05,32,33
2013-04-27,32,33,32,33
2013-04-26,32,33.05,32,33
2013-04-25,32,33.05,32,33.05
2013-04-24,32,33.025,32,33.025
2013-04-23,32.05,33.05,32,33.05
2013-04-22,32,33.05,32,33
2013-04-20,32.05,33.025,32.05,33.025
2013-04-19,32.05,33.025,32,33.025
2013-04-18,32,33.05,32,33
2013-04-17,33.5,34.475,32,33.025
2013-04-16,32,33.025,32,33.025
2013-04-15,32,33.025,32,33.025
2013-04-13,32,33,32,33
2013-04-12,32.05,33.05,32,33
2013-04-11,32.05,33.05,32,33
2013-04-10,32,33.05,32,33
2013-04-09,32.05,33.025,32,33.025
2013-04-08,32,33.05,32,33
2013-04-06,32,33,32,33
2013-04-05,32,33.05,32,33
2013-04-04,32,33.025,32,33.025
2013-04-03,32.05,33.025,32,33.025
2013-04-02,32.05,34.5,32,33
2013-04-01,32,33.25,32,33
2013-03-30,32,33,32,33
2013-03-29,32,33,32,33
2013-03-28,32.05,33.05,32,33
2013-03-27,32,33.05,32,33
2013-03-26,32,33.05,32,33
2013-03-25,32,33.125,32,33.125
2013-03-23,32,33,32,33
2013-03-22,32.05,33.25,32,33
2013-03-21,32.05,33.25,32,33
2013-03-20,32,33.05,32,33
2013-03-19,32.05,34.5,32,33
2013-03-18,32,33.05,32,33
2013-03-16,32,33,32,33
2013-03-15,32,33.25,32,33
2013-03-14,32.25,33.125,32,33.125
2013-03-13,32,33,32,33
2013-03-12,32,34.375,32,33.125
2013-03-11,33.5,34.5,32,33.05
2013-03-09,32.25,33.25,32.25,33.25
2013-03-08,32,33.25,32,33.25
2013-03-07,33.5,34.5,32,33.25
2013-03-06,32.05,33.05,32,33
2013-03-05,32.05,33.05,32,33
2013-03-04,32,33.05,32,33
2013-03-02,32.2,33.25,32.2,33.25
2013-03-01,32,33.25,32,33.25
2013-02-28,32,33.375,32,33.375
2013-02-27,32,33.5,32,33.25
2013-02-26,32,33.25,32,33.25
2013-02-25,32,33.25,32,33.25
2013-02-23,32.7,33.45,32.7,33.45
2013-02-22,32.7,33.45,32.7,33.45
2013-02-21,32.5,34.45,32.5,33.45
2013-02-20,32,33.05,32,33
2013-02-19,33.5,34.5,32,33
2013-02-18,32,33,32,33
2013-02-16,32,33,32,33
2013-02-15,31.9,33,31.9,33
2013-02-14,32,33,32,33
2013-02-13,31.5,33,31.5,33
2013-02-12,31,33,31,33
2013-02-11,31.9,33,31.9,33
2013-02-09,32,33,32,33
2013-02-08,31.5,33.25,31.5,33
2013-02-07,31.5,33,31.5,33
2013-02-06,31.75,33,31.75,33
2013-02-05,32,33,32,33
2013-02-04,32,33,32,33
2013-02-02,33.5,34,33.5,34
2013-02-01,33.5,34,33.5,34
2013-01-31,33.5,34,33.5,34
2013-01-30,34,34.375,34,34.375
2013-01-29,34,34.375,34,34.375
2013-01-28,34,34.375,34,34.375
2013-01-26,34,34.375,34,34.375
2013-01-25,34,34.375,34,34.375
2013-01-24,33.5,34.125,33.5,34.125
2013-01-23,33.5,34.125,33.5,34.125
2013-01-22,32,33,32,33
2013-01-21,32,33,32,33
2013-01-19,32,33,32,33
2013-01-18,32,33,32,33
2013-01-17,32,33,32,33
2013-01-16,32,33,32,33
2013-01-15,32,33,32,33
2013-01-14,32,33,32,33
2013-01-12,32,33,32,33
2013-01-11,32,33,32,33
2013-01-10,32,33,32,33
2013-01-09,32,34,32,33
2013-01-08,33.5,34.125,33.5,34.125
2013-01-07,33.5,34.125,33.5,34.125
2013-01-05,33.5,34.125,33.5,34.125
2013-01-04,33.5,34.125,33.5,34.125
2013-01-03,33.5,34.125,33.5,34.125
2013-01-02,33.5,34.125,33.5,34.125
2013-01-01,33.5,34.125,33.5,34.125
2012-12-31,33.5,34.125,33.5,34.125
2012-12-29,33.5,34.125,33.5,34.125
2012-12-28,30.29,34.125,30.29,34.125
2012-12-27,30.27,32.52,30.27,32.52
2012-12-26,30.25,32.54,30.25,32.54
2012-12-25,30,32.5,30,32.5
2012-12-24,30,32.5,30,32.5
2012-12-22,29.95,31.55,29.95,31.55
2012-12-21,29.95,31.55,29.95,31.55
2012-12-20,29.95,31.57,29.93,31.55
2012-12-19,29.95,32.05,29.9,32
2012-12-18,30,32,30,32
2012-12-17,30,32,30,32
2012-12-15,29.29,30.43,29.29,30.43
2012-12-14,29.27,30.43,29.03,30.43
2012-12-13,32,33.16,29.27,30.42
2012-12-12,32.01,33.015,32,33.005
2012-12-11,29.03,33.01,29.03,33
2012-12-10,29.03,30.315,29.03,30.075
2012-12-08,29.29,30.4,29.29,30.4
2012-12-07,29.03,30.4,29.03,30.4
2012-12-06,29.03,30.19,29.03,30.03
2012-12-05,29.03,30.35,29.03,30.29
2012-12-04,29.03,30.315,29.03,30.265
2012-12-03,29.03,30.35,29.03,30.34
2012-12-01,29.03,30.295,29.03,30.295
2012-11-30,29.03,30.315,28,30.295
2012-11-29,29.03,30.28,29.03,30.27
2012-11-28,29.03,30.325,29.03,30.305
2012-11-27,30,31.29,29.03,30.31
2012-11-26,29.03,31.355,29.03,30.395
2012-11-24,30.27,31.39,30.27,31.39
2012-11-23,29.03,31.41,29.03,31.39
2012-11-22,29.03,31.25,29.03,30.27
2012-11-21,30.01,31.295,29.03,30.315
2012-11-20,29.03,31.05,29.03,31
2012-11-19,30.01,31.01,28.59,31
2012-11-17,29.03,30.335,29.03,30.335
2012-11-16,29.01,31.315,28.53,30.335
2012-11-15,29.03,30.03,28.51,30
2012-11-14,29.03,30.25,28.53,30.25
2012-11-13,29.03,30.27,29,30.27
2012-11-12,29.01,30.255,29,30.255
2012-11-10,29.01,30.01,29.01,30.01
2012-11-09,28.53,30.03,28.53,30.01
2012-11-08,29.01,30.01,28.51,30
2012-11-07,29.01,30.01,28.54,30.01
2012-11-06,29,30.01,29,30.01
2012-11-05,28.01,30.01,28,30
2012-11-03,28.55,29.26,28.55,29.26
2012-11-02,28,29.93,28,29.41
2012-11-01,28.01,29.41,28,29.4
2012-10-31,33.49,35.22,28,29.4
2012-10-30,33.49,34.075,33.49,34.075
2012-10-29,33.49,34.075,33.49,34.075
2012-10-27,33.49,34.075,33.49,34.075
2012-10-26,33.44,34.475,33.18,34.075
2012-10-25,33.49,34.08,33.05,33.52
2012-10-24,33.46,34.425,33.05,34.075
2012-10-23,33.48,34.065,33.48,34.065
2012-10-22,33.56,34.405,33.05,34.065
2012-10-20,33.77,34.02,33.77,34.02
2012-10-19,33.48,34.02,33.05,34.02
2012-10-18,33.48,34.07,33.48,34.07
2012-10-17,33.48,34.41,33.05,34.07
2012-10-16,32.35,34.435,32.35,34.065
2012-10-15,32.35,33.02,32.35,32.88
2012-10-13,32.37,32.87,32.37,32.87
2012-10-12,32.35,33.02,32.35,33.02
2012-10-11,33.11,34.845,33.11,34.155
2012-10-10,32.39,32.87,32.37,32.86
2012-10-09,33.1,33.66,32.35,33.51
2012-10-08,33.11,33.935,32.35,33.025
2012-10-06,32.61,32.86,32.61,32.86
2012-10-05,32.39,33.5,32.35,32.86
2012-10-04,33.11,33.755,32.35,32.865
2012-10-03,32.36,33.03,32.36,33
2012-10-02,32.42,32.94,32.42,32.93
2012-10-01,32.57,32.94,32.42,32.89
2012-09-29,32.7,32.95,32.7,32.95
2012-09-28,33.11,33.51,32.57,32.95
2012-09-27,33.11,33.51,32.57,32.94
2012-09-26,32.56,33.51,32.56,32.94
2012-09-25,32.53,32.91,32.53,32.91
2012-09-24,32.61,32.92,32.37,32.92
2012-09-22,32.37,32.86,32.37,32.86
2012-09-21,32.55,33.04,32.37,32.86
2012-09-20,32.53,32.92,32.53,32.91
2012-09-19,32.53,32.92,32.53,32.92
2012-09-18,32.54,32.92,32.35,32.85
2012-09-17,32.53,32.94,32.35,32.94
2012-09-15,32.65,32.9,32.65,32.9
2012-09-14,32.36,33.03,32.36,32.9
2012-09-13,31.55,33.51,31.55,32.95
2012-09-12,32.36,33.03,31.55,33.03
2012-09-11,32.78,33.455,32.36,33.035
2012-09-10,32.36,33.455,31.55,33.035
2012-09-08,33.11,33.51,33.11,33.51
2012-09-07,33.11,33.66,33.11,33.51
2012-09-06,32.78,33.03,32.78,33.03
2012-09-05,33.11,33.51,32.36,33.03
2012-09-04,33.11,33.785,32.36,33.035
2012-09-03,33.11,34.65,32.25,33.51
2012-09-01,33.11,33.51,33.11,33.51
2012-08-31,33.11,33.51,31.78,33.51
2012-08-30,30.78,33.51,30.74,33.51
2012-08-29,31.35,32.225,30.74,32.025
2012-08-28,31.35,32.8,30.74,31.99
2012-08-27,31.35,32.225,30.78,32.025
2012-08-25,30.74,31.99,30.74,31.99
2012-08-24,31.11,32.61,30.25,31.99
2012-08-23,31.11,32.225,30.25,32.025
2012-08-22,31.11,32.035,30.25,32.035
2012-08-21,31.11,31.76,30.26,31.5
2012-08-20,31.11,31.76,30.26,31.51
2012-08-18,31.11,31.51,31.11,31.51
2012-08-17,31.11,31.51,30.25,31.51
2012-08-16,31.11,31.51,30.25,31.51
2012-08-15,31.11,31.51,30.25,31.51
2012-08-14,31.11,31.76,30.25,31.51
2012-08-13,31.11,31.76,30.25,31.51
2012-08-11,31.35,32.025,31.35,32.025
2012-08-10,31.11,32.035,30.25,32.025
2012-08-09,31.11,32.035,30.25,32.035
2012-08-08,31.11,31.76,30.25,31.51
2012-08-07,31.11,31.76,30.25,31.51
2012-08-06,31.11,31.76,30.25,31.51
2012-08-04,31.11,31.51,31.11,31.51
2012-08-03,31.11,31.95,30.25,31.51
2012-08-02,31.11,31.95,30.25,31.51
2012-08-01,31.11,31.76,30.25,31.51
2012-07-31,31.11,31.79,30.25,31.51
2012-07-30,31.11,31.95,30.25,31.51
2012-07-28,30.86,31.715,30.86,31.715
2012-07-27,31.11,31.76,30.25,31.51
2012-07-26,31.1,31.76,30.25,31.51
2012-07-25,31.1,31.76,30.25,31.51
2012-07-24,31.11,32.205,30.25,31.725
2012-07-23,31.1,31.51,30.25,31.5
2012-07-21,31.11,31.51,31.11,31.51
2012-07-20,31.11,31.51,30.25,31.51
2012-07-19,30.41,31.91,30.26,31.65
2012-07-18,30.5,31.665,30.22,31.655
2012-07-17,30.56,31.81,30.25,31.5
2012-07-16,30.05,31.81,30.03,31.5
2012-07-14,30.5,31.3,30.5,31.3
2012-07-13,30.1,31.91,30.1,31.3
2012-07-12,30.53,31.61,30.11,31.35
2012-07-11,30.11,31.61,30.11,31.35
2012-07-10,30.1,31.855,30.1,31.355
2012-07-09,29.74,31.56,29.74,31.35
2012-07-07,30.51,31.56,30.51,31.56
2012-07-06,30.1,31.86,30.1,31.56
2012-07-05,30.21,31.81,30.11,31.35
2012-07-04,31.01,32.25,29.74,31.46
2012-07-03,30.35,31.26,29.74,31.25
2012-07-02,29.74,31.2,29.74,31.15
2012-06-30,30.15,31.075,30.15,31.075
2012-06-29,30.3,31.225,29.74,31.075
2012-06-28,30.3,31.3,29.74,31.25
2012-06-27,30.3,31.55,29.74,31.3
2012-06-26,30.1,31.36,29.74,31.25
2012-06-25,29.78,31.35,29.74,31.35
2012-06-23,30.3,31.025,30.3,31.025
2012-06-22,30.55,31.275,29.74,31.025
2012-06-21,30.06,31.305,29.74,31.305
2012-06-20,30.01,31.31,29.74,31.31
2012-06-19,30,31.55,29.74,31.26
2012-06-18,30,31.26,30,31.25
2012-06-16,30.25,31.25,30.25,31.25
2012-06-15,30.3,31.36,29.74,31.25
2012-06-14,30.55,31.275,29.78,31.025
2012-06-13,30.36,31.38,29.74,31.38
2012-06-12,30.13,31.385,29.74,31.375
2012-06-11,30.01,31.385,29,31.375
2012-06-09,30.3,31.025,30.3,31.025
2012-06-08,30,31.075,29,31.025
2012-06-07,30,30.56,29,30.25
2012-06-06,30.01,31.035,29,31.035
2012-06-05,30.01,30.8,29,30.25
2012-06-04,30.01,31.035,29,31.025
2012-06-02,30,30.25,30,30.25
2012-06-01,30.01,30.8,29,30.25
2012-05-31,30,31.275,29,31.035
2012-05-30,30,30.31,29,30.25
2012-05-29,30.01,30.31,29,30.25
2012-05-28,30.01,30.31,29,30.26
2012-05-26,30.05,30.695,30.05,30.695
2012-05-25,30.01,30.705,29,30.695
2012-05-24,30,30.705,29,30.695
2012-05-23,30,30.7,29,30.69
2012-05-22,29.25,30.31,28.44,30.26
2012-05-21,29.28,30.78,28.44,30.5
2012-05-19,29.05,30.525,29.05,30.525
2012-05-18,29.25,31.525,28.44,30.525
2012-05-17,29.3,30.81,29,30.5
2012-05-16,29.3,30.81,28.44,30.55
2012-05-15,29.05,31.78,28.44,30.55
2012-05-14,29.05,30.795,29.05,30.555
2012-05-12,29.05,29.69,29.05,29.69
2012-05-11,29.05,30.69,29.05,29.69
2012-05-10,29.05,29.69,29.05,29.69
2012-05-09,28.44,29.69,28.44,29.69
2012-05-08,30.05,30.92,29.05,29.69
2012-05-07,29.05,29.69,29.05,29.69
2012-05-05,29.05,29.69,29.05,29.69
2012-05-04,29.05,29.69,29.05,29.69
2012-05-03,29.05,30.3,28.44,29.69
2012-05-02,28.8,30.31,28.44,30.08
2012-05-01,29.06,30.11,29,30.05
2012-04-30,28.83,30.085,28.81,30.075
2012-04-28,29.05,30.075,29.05,30.075
2012-04-27,28.83,31.075,28.44,30.075
2012-04-26,28.83,30.08,28.44,30.08
2012-04-25,28.83,30.08,28.44,30.08
2012-04-24,29.05,31.075,28.44,30.075
2012-04-23,28.85,31.3,26.65,30.08
2012-04-21,29.05,30.1,29.05,30.1
2012-04-20,29.05,30.11,28.44,30.1
2012-04-19,29.05,31.28,28.44,30.05
2012-04-18,28.77,31.03,28.44,30.02
2012-04-17,28.51,30.03,28.5,30.02
2012-04-16,28.75,30.02,28.5,30.02
2012-04-14,29,30,29,30
2012-04-13,28.79,30.06,28.45,30
2012-04-12,28.79,31.06,28.45,30.04
2012-04-11,29.06,31.05,28.45,30.04
2012-04-10,29.06,30.69,27.6,29.7
2012-04-09,29.06,30.56,27.65,29.15
2012-04-07,27.55,28.9,27.55,28.9
2012-04-06,27.55,28.9,27.55,28.9
2012-04-05,27.85,29.35,27.5,29
2012-04-04,27.65,29.3,27.65,29.1
2012-04-03,27.63,28.9,27.61,28.9
2012-04-02,27.58,29.885,27.5,28.875
2012-03-31,27.55,28.825,27.55,28.825
2012-03-30,27.75,29.025,27.5,28.825
2012-03-29,30.25,30.8,28.5,29
2012-03-28,30.3,31.8,30,31.5
2012-03-27,28.5,31.55,27.5,31.55
2012-03-26,28.5,30.3,28.5,28.75
2012-03-24,29.06,29.7,29.06,29.7
2012-03-23,28.5,30.74,28.5,29.7
2012-03-22,28.51,30.3,28.5,28.75
2012-03-21,28.5,30.72,28.5,29.67
2012-03-20,28.5,30.925,28.5,30.135
2012-03-19,30,30.55,28.5,30.5
2012-03-17,30,31.5,30,31.5
2012-03-16,30,31.55,30,31.5
2012-03-15,30.01,31.6,30,31.55
2012-03-14,30,31.575,30,31.525
2012-03-13,30.01,30.6,30,30.51
2012-03-12,30.01,31.65,30.01,31.65
2012-03-10,30,31.5,30,31.5
2012-03-09,30,31.6,30,31.5
2012-03-08,30,31.525,30,31.525
2012-03-07,30.05,31.525,30,31.525
2012-03-06,30.01,31.55,30,31.5
2012-03-05,30.01,31.55,30,31.5
2012-03-03,30,31.5,30,31.5
2012-03-02,30.01,31.55,30,31.5
2012-03-01,30,31.55,30,31.5
2012-02-29,30,31.55,30,31.5
2012-02-28,30,31.525,30,31.525
2012-02-27,30,31.525,30,31.525
2012-02-25,30.05,31.55,30.05,31.55
2012-02-24,30,31.75,30,31.55
2012-02-23,30.01,31.575,30,31.525
2012-02-22,30,30.75,30,30.51
2012-02-21,30,31.625,30,31.625
2012-02-20,30.01,30.51,30,30.5
2012-02-18,30,31.5,30,31.5
2012-02-17,30.01,31.55,30,31.5
2012-02-16,30,31.55,30,31.5
2012-02-15,30.01,31.05,30,31.01
2012-02-14,30.01,30.55,30,30.5
2012-02-13,30.01,30.51,30,30.5
2012-02-11,29.45,30.675,29.45,30.675
2012-02-10,30.01,31.235,29.4,30.675
2012-02-09,29.2,30.51,29.2,30.51
2012-02-08,29.2,30.305,29.2,30.255
2012-02-07,29.21,30.305,29.2,30.255
2012-02-06,29.21,29.95,29.2,29.71
2012-02-04,29.3,30.6,29.3,30.6
2012-02-03,29.21,30.255,29.2,30.255
2012-02-02,29.21,30,29.2,29.71
2012-02-01,29.2,30,29,29.7
2012-01-31,29.21,30.3,29.1,30.1
2012-01-30,29.21,29.85,28.5,29.7
2012-01-28,29.35,30.55,29.35,30.55
2012-01-27,29.21,30.525,29,30.525
2012-01-26,29.25,30.5,29,30.5
2012-01-25,29.21,30.525,29.2,30.475
2012-01-24,29,30.525,29,30.475
2012-01-23,29.4,30.66,29,30.45
2012-01-21,29.05,30.4,29.05,30.4
2012-01-20,29.41,30.76,29,30.4
2012-01-19,29.41,29.91,29,29.9
2012-01-18,29.01,29.91,29,29.9
2012-01-17,29.01,29.53,29,29.5
2012-01-16,29.01,29.51,29,29.51
2012-01-14,29.01,29.51,29.01,29.51
2012-01-13,28.5,29.51,28.5,29.51
2012-01-12,28.65,29.65,28.6,29.6
2012-01-11,28.65,29.625,28.6,29.625
2012-01-10,28.65,29.8,27.88,29.6
2012-01-09,28.8,29.825,28.6,29.625
2012-01-07,28.65,29.65,28.65,29.65
2012-01-06,28.65,29.75,28.6,29.75
2012-01-05,28.65,29.675,28.6,29.625
2012-01-04,28.65,29.65,28.65,29.65
2012-01-03,27.68,30.025,27.68,29.625
2012-01-02,27.68,28.93,27.68,28.18
2011-12-31,28.65,29.65,28.65,29.65
2011-12-30,27.68,29.65,27.68,29.65
2011-12-29,27.68,29.575,27.68,29.575
2011-12-28,28.43,29.65,26.2,29.55
2011-12-27,28.53,29.625,26.85,29.625
2011-12-26,26.9,28.7,26.9,28.7
2011-12-24,26.9,28.7,26.9,28.7
2011-12-23,28.53,30.33,26.85,28.7
2011-12-22,28.43,30.305,26.7,28.725
2011-12-21,28.53,29.03,28.53,29.03
2011-12-20,26.85,30.38,26.8,28.65
2011-12-19,26.8,28.7,26.8,28.65
2011-12-17,26.85,28.675,26.85,28.675
2011-12-16,26.55,28.775,26.5,28.675
2011-12-15,28.53,29.03,28.43,29.03
2011-12-14,28.53,29.03,28.53,29.03
2011-12-13,28.53,29.05,28.5,29.03
2011-12-12,28.53,29.425,28.43,29.425
2011-12-10,28.55,29.425,28.55,29.425
2011-12-09,28.53,29.425,28.43,29.425
2011-12-08,28.53,29.43,28.5,29.4
2011-12-07,28.43,29.425,28.43,29.425
2011-12-06,28.43,29.425,28.43,29.425
2011-12-05,28.53,29.425,28.43,29.425
2011-12-03,28.5,29.4,28.5,29.4
2011-12-02,28.43,29.45,28.43,29.4
2011-12-01,28.53,29.425,28.5,29.425
2011-11-30,28.53,29.03,28.43,29.03
2011-11-29,28.43,29.425,28.43,29.425
2011-11-28,28.43,29.45,28.43,29.4
2011-11-26,28.55,29.425,28.55,29.425
2011-11-25,28.43,29.45,28.43,29.4
2011-11-24,28.43,29.03,28.43,29.03
2011-11-23,28.43,29.45,28.43,29.4
2011-11-22,28.43,29.425,28.43,29.425
2011-11-21,28.43,29.45,28.43,29.4
2011-11-19,28.55,29.425,28.55,29.425
2011-11-18,28.76,29.635,28.43,29.425
2011-11-17,28.75,29.01,28.43,29
2011-11-16,28.76,29.26,28.43,29.04
2011-11-15,28.76,29.01,28.5,29
2011-11-14,28.76,29.01,27.5,29.01
2011-11-12,28.76,29.01,28.76,29.01
2011-11-11,28.76,29.01,28.5,29.01
2011-11-10,28.76,29.01,28.5,29.01
2011-11-09,28.53,29.01,28.43,29.01
2011-11-08,28.5,29.425,28.43,29.375
2011-11-07,28.75,29.61,28.43,29.4
2011-11-05,28.54,29.04,28.54,29.04
2011-11-04,28.76,29.26,28.43,29.04
2011-11-03,28.76,29.26,28.4,29.03
2011-11-02,28.43,29.01,28.43,29
2011-11-01,28.45,28.95,28.45,28.95
2011-10-31,28.45,28.95,28.45,28.95
2011-10-29,28.45,29.35,28.45,29.35
2011-10-28,28.45,29.35,28.43,29.35
2011-10-27,28.45,29.025,28,28.975
2011-10-26,28.43,29,28.43,28.95
2011-10-25,28.51,29.01,28.43,28.95
2011-10-24,28.5,28.76,28.43,28.75
2011-10-22,28.51,28.76,28.51,28.76
2011-10-21,28.51,28.76,28.45,28.76
2011-10-20,28.51,28.8,28.43,28.76
2011-10-19,28.43,28.76,28.4,28.76
2011-10-18,28.51,29.985,26.7,28.225
2011-10-17,28.5,29.01,26.7,28.86
2011-10-15,28.51,28.76,28.51,28.76
2011-10-14,28.51,28.76,26.75,28.76
2011-10-13,28.5,28.76,26.75,28.76
2011-10-12,28.5,28.76,26.7,28.76
2011-10-11,28.5,28.76,28.5,28.76
2011-10-10,28.17,28.76,27.5,28.76
2011-10-08,26.7,28.2,26.7,28.2
2011-10-07,28.17,29.67,26.7,28.2
2011-10-06,28.17,28.67,26.7,28
2011-10-05,27.5,30.145,26.7,28.725
2011-10-04,27.5,30.17,26.7,28.7
2011-10-03,27.5,30.025,27.5,30.025
2011-10-01,28.17,28.67,28.17,28.67
2011-09-30,28.17,29,27.5,28.67
2011-09-29,27.5,30.025,27.5,30.025
2011-09-28,27.5,29,27.5,28.67
2011-09-27,28.99,30.465,27.5,30.025
2011-09-26,28.99,29.24,28.49,29.23
2011-09-24,28.99,29.24,28.99,29.24
2011-09-23,28.99,29.24,28.5,29.24
2011-09-22,28.98,29.24,28.98,29.23
2011-09-21,28.99,30.49,28.7,30.2
2011-09-20,28.99,30.49,28.05,30.3
2011-09-19,28.98,29.24,28.63,29.24
2011-09-17,28.99,29.24,28.99,29.24
2011-09-16,28.99,29.24,27.9,29.24
2011-09-15,27.82,29.66,27.81,29.24
2011-09-14,27.82,28.435,27.81,28.315
2011-09-13,27.81,28.57,27.81,28.32
2011-09-12,27.81,28.565,27.81,28.305
2011-09-10,27.95,29.275,27.95,29.275
2011-09-09,27.89,28.585,27.81,28.315
2011-09-08,28.09,28.59,27.85,28.59
2011-09-07,27.5,29.415,27.5,29.275
2011-09-06,27.9,28.4,27.5,28.4
2011-09-05,27.47,28.4,26.65,28.4
2011-09-03,27.47,27.97,27.47,27.97
2011-09-02,26.65,27.97,26.6,27.97
2011-09-01,26.65,29.295,26.6,28.425
2011-08-31,28.29,30.125,26.6,28.425
2011-08-30,28.29,28.81,26.6,28.79
2011-08-29,28.3,28.8,26.5,28.79
2011-08-27,28.3,28.8,28.3,28.8
2011-08-26,28.29,28.8,26.49,28.8
2011-08-25,28.3,28.8,26.49,28.79
2011-08-24,27.15,28.8,26.49,28.8
2011-08-23,27.59,29.7,26.5,28.5
2011-08-22,27.76,29.76,26.5,28.5
2011-08-20,26.5,28.5,26.5,28.5
2011-08-19,27.76,29.76,26.5,28.5
2011-08-18,27.72,28.26,27.72,28.26
2011-08-17,27.72,28.22,27.63,28.22
2011-08-16,27.79,28.3,27.63,28.22
2011-08-15,27.8,28.3,27.79,28.3
2011-08-13,27.8,28.3,27.8,28.3
2011-08-12,27.79,28.3,27.79,28.3
2011-08-11,27.79,28.3,26.75,28.3
2011-08-10,27.79,28.3,27.79,28.29
2011-08-09,27.79,28.32,26.75,28.29
2011-08-08,27.79,28.32,26,28.29
2011-08-06,27.79,28.29,27.79,28.29
2011-08-05,27.79,28.3,26.2,28.29
2011-08-04,27.79,28.3,27.79,28.3
2011-08-03,27.79,28.3,26,28.29
2011-08-02,27.79,28.3,27.79,28.29
2011-08-01,27.79,28.3,26,28.29
2011-07-30,27.8,28.3,27.8,28.3
2011-07-29,27.79,28.3,26.2,28.3
2011-07-28,27.82,28.32,26.2,28.3
2011-07-27,27.81,28.315,26.2,28.305
2011-07-26,27.81,28.315,26.2,28.305
2011-07-25,27.8,29.425,26.2,27.925
2011-07-23,26.2,27.85,26.2,27.85
2011-07-22,27.8,29.45,26,27.85
2011-07-21,26.2,27.875,26.2,27.875
2011-07-20,27.8,29.425,26.2,27.875
2011-07-19,27.82,29.55,26,27.85
2011-07-18,27.6,29.45,26,27.85
2011-07-16,26.2,27.85,26.2,27.85
2011-07-15,27.8,29.45,26,27.85
2011-07-14,27.8,29.45,26.2,27.85
2011-07-13,26.25,27.875,26.2,27.875
2011-07-12,26,27.9,26,27.85
2011-07-11,26.5,28.05,26.5,28
2011-07-09,26,27.75,26,27.75
2011-07-08,26,27.8,26,27.75
2011-07-07,26,27.8,26,27.75
2011-07-06,26,27.75,26,27.75
2011-07-05,27.8,29.525,26,27.775
2011-07-04,26,26.75,26,26.75
2011-07-02,26.5,28,26.5,28
2011-07-01,26.55,28.05,26.5,28
2011-06-30,26.5,28.05,26.5,28
2011-06-29,26.5,28.05,26.5,28
2011-06-28,26.55,28.025,26.5,28.025
2011-06-27,26,28.05,26,28
2011-06-25,26.25,27.875,26.25,27.875
2011-06-24,26.05,27.875,26,27.875
2011-06-23,26,27.75,26,27.75
2011-06-22,26.25,27.975,26,27.775
2011-06-21,26,29.55,26,27.75
2011-06-20,26.1,27.85,26,27.75
2011-06-18,26.05,27.775,26.05,27.775
2011-06-17,26.2,27.975,26,27.775
2011-06-16,26,29.525,26,27.875
2011-06-15,27.95,29.6,26,27.85
2011-06-14,26.55,28.55,26,26.75
2011-06-13,27.8,29.3,26.5,28
2011-06-11,26.5,28,26.5,28
2011-06-10,27.8,29.3,26.5,28
2011-06-09,26.55,28.05,26.5,28
2011-06-08,26.55,28.05,26.5,28
2011-06-07,26,29.3,26,28
2011-06-06,26,28.025,26,28.025
2011-06-04,26.55,28.025,26.55,28.025
2011-06-03,27.75,29.225,26.5,28.025
2011-06-02,26.55,28.05,26.5,28
2011-06-01,26.5,28.05,26.5,28
2011-05-31,27.5,28.975,26.55,28.025
2011-05-30,26.5,28,26.5,28
2011-05-28,26.5,28,26.5,28
2011-05-27,26,28.05,26,28
2011-05-26,26.55,28.05,26,28
2011-05-25,26.5,28,26.5,28
2011-05-24,26.25,27.875,26.25,27.875
2011-05-23,26.25,27.925,26.25,27.875
2011-05-21,26.2,27.85,26.2,27.85
2011-05-20,26,29.45,26,27.85
2011-05-19,27.75,29.35,26.25,27.9
2011-05-18,27.7,29.35,26.2,27.85
2011-05-17,27.55,29.2,26.2,27.85
2011-05-16,26,29.25,26,27.75
2011-05-14,26.05,27.775,26.05,27.775
2011-05-13,26.25,27.975,26,27.775
2011-05-12,26,28.05,26,28
2011-05-11,26.5,28,26.5,28
2011-05-10,26,28.025,26,28.025
2011-05-09,27.6,29.1,26.5,28
2011-05-07,26.5,28,26.5,28
2011-05-06,26.5,28.05,26.5,28
2011-05-05,26.2,27.875,26.2,27.875
2011-05-04,27.6,29.225,26.25,27.875
2011-05-03,27.5,29,26.5,28
2011-05-02,26.55,28.025,26.55,28.025
2011-04-30,26.5,28,26.5,28
2011-04-29,26.55,28.05,26.5,28
2011-04-28,26,29.325,26,28.025
2011-04-27,26.55,28.05,26.5,28.05
2011-04-26,27.75,29.275,26.5,28.025
2011-04-25,26.55,28.075,26.5,28.025
2011-04-23,26.5,28,26.5,28
2011-04-22,26.5,28,26.5,28
2011-04-21,26.55,28.05,26.5,28
2011-04-20,27.5,29,26.5,28
2011-04-19,27.65,29.15,26.5,28
2011-04-18,26.5,28.025,26.5,28.025
2011-04-16,26.55,28.025,26.55,28.025
2011-04-15,26,29.075,26,28.025
2011-04-14,26.05,29.5,26,28
2011-04-13,26.05,27.8,26,27.75
2011-04-12,26,28.5,26,28.5
2011-04-11,26,28,26,27.75
2011-04-09,26.05,27.775,26.05,27.775
2011-04-08,26,27.75,26,27.75
2011-04-07,26,27.775,26,27.775
2011-04-06,26,27.775,26,27.775
2011-04-05,26,27.775,26,27.775
2011-04-04,26,27.775,26,27.775
2011-04-02,26.05,27.775,26.05,27.775
2011-04-01,26.25,27.975,26,27.775
2011-03-31,26,27.8,26,27.75
2011-03-30,26.25,27.975,26,27.775
2011-03-29,26.25,28,26,27.75
2011-03-28,26,26.75,26,26.75
2011-03-26,26,27.75,26,27.75
2011-03-25,26.05,27.8,26,27.75
2011-03-24,26,28,26,27.75
2011-03-23,26,27.9,26,27.85
2011-03-22,26,26.75,26,26.75
2011-03-21,26.55,27.3,26,26.75
2011-03-19,26,26.75,26,26.75
2011-03-18,26.5,27.25,26,26.75
2011-03-17,26,28.275,26,28.275
2011-03-16,26,28.3,26,28.25
2011-03-15,26,28.3,26,28.25
2011-03-14,26,28.25,26,28.25
2011-03-12,26.55,28.275,26.55,28.275
2011-03-11,26.5,28.275,26.5,28.275
2011-03-10,26,28.275,26,28.275
2011-03-09,26,28.3,26,28.25
2011-03-08,26,28.3,26,28.25
2011-03-07,26.55,28.3,26,28.25
2011-03-05,26.5,28.25,26.5,28.25
2011-03-04,26.55,28.3,26,28.25
2011-03-03,26.5,28.25,26.5,28.25
2011-03-02,26.55,28.3,26.5,28.25
2011-03-01,26,27.3,26,26.75
2011-02-28,26.5,28.25,26.5,28.25
2011-02-26,26.55,28.275,26.55,28.275
2011-02-25,26.55,28.275,26.5,28.275
2011-02-24,26.55,28.3,26.5,28.25
2011-02-23,26.55,28.3,26.5,28.25
2011-02-22,26,28.25,26,28.25
2011-02-21,26,28.275,26,28.275
2011-02-19,26.5,28.25,26.5,28.25
2011-02-18,26.55,28.3,26.5,28.25
2011-02-17,26,28.3,26.5,28.25
2011-02-16,26.55,28.3,26.5,28.25
2011-02-15,26.5,28.25,26.5,28.25
2011-02-14,26,28.3,26.5,28.25
2011-02-12,26,26.75,26,26.75
2011-02-11,26.55,27.3,26,26.75
2011-02-10,26,28.3,26.5,28.25
2011-02-09,26.5,27.25,26,26.75
2011-02-08,26.55,28.275,26.55,28.275
2011-02-07,26.55,28.3,26.5,28.25
2011-02-05,26.5,28.25,26.5,28.25
2011-02-04,26.55,28.3,26.5,28.25
2011-02-03,26.55,28.3,26.5,28.25
2011-02-02,26.55,28.3,26.5,28.25
2011-02-01,26.55,28.3,26.5,28.25
2011-01-31,26,28.3,26.5,28.25
2011-01-29,26,26.75,26,26.75
2011-01-28,26,26.75,26,26.75
2011-01-27,26.5,28.25,26.5,28.25
2011-01-26,26.55,28.3,26.5,28.25
2011-01-25,26.5,28.25,26.5,28.25
2011-01-24,26.55,28.3,26.5,28.25
2011-01-22,26.5,28.25,26.5,28.25
2011-01-21,26.5,28.3,26.5,28.25
2011-01-20,26.5,28.25,26.5,28.25
2011-01-19,26.5,28.25,26.5,28.25
2011-01-18,26.5,28.25,26.5,28.25
2011-01-17,26.5,28.25,26.5,28.25
2011-01-14,26.5,28.25,26.5,28.25
2011-01-13,26.5,28.25,26.5,28.25
2011-01-12,26,28,26,28
2011-01-11,26,28,26,28
2011-01-10,26,28,26,28
2011-01-07,26,28,26,28
2011-01-06,26,28,26,28
2011-01-05,26.25,28.125,26.25,28.125
2011-01-04,26.25,28.125,26.25,28.125
2011-01-03,26,28,26,28
2010-12-31,26,28,26,28
2010-12-30,26,28,26,28
2010-12-29,27,28.5,27,28.5
2010-12-28,26.5,28.25,26.5,28.25
2010-12-27,26.5,28.25,26.5,28.25
2010-12-24,26.5,28.25,26.5,28.25
2010-12-23,26.5,28.25,26.5,28.25
2010-12-22,26.25,28.125,26.25,28.125
2010-12-21,26.25,28.125,26.25,28.125
2010-12-20,28,29,28,29
2010-12-17,27.9,28.95,27.9,28.95
2010-12-16,28,29,28,29
2010-12-15,27,28.5,27,28.5
2010-12-14,27,28.5,27,28.5
2010-12-13,27,28.5,27,28.5
2010-12-10,27,28.5,27,28.5
2010-12-09,27,28.5,27,28.5
2010-12-08,26.9,28.45,26.9,28.45
2010-12-07,27,28.5,27,28.5
2010-12-06,27,28.5,27,28.5
2010-12-03,27,28.5,27,28.5
2010-12-02,26.5,28.25,26.5,28.25
2010-12-01,26.9,28.45,26.9,28.45
2010-11-30,27,28.5,27,28.5
2010-11-29,27,28.5,27,28.5
2010-11-26,26.9,28.45,26.9,28.45
2010-11-25,26,26.75,26,26.75
2010-11-24,27,28.5,27,28.5
2010-11-23,27,28.5,27,28.5
2010-11-22,27,28.5,27,28.5
2010-11-19,26,26.6,26,26.6
2010-11-18,26,28,26,28
2010-11-17,26,28,26,28
2010-11-16,26,26.6,26,26.6
2010-11-15,26.25,28.25,26.25,28.25
2010-11-12,26,28,26,28
2010-11-11,27.5,28.75,27.5,28.75
2010-11-10,26,26.6,26,26.6
2010-11-09,26.25,28.125,26.25,28.125
2010-11-08,26.9,28.45,26.9,28.45
2010-11-05,27,28.5,27,28.5
2010-11-04,27,28.5,27,28.5
2010-11-03,28.1,29.1,28.1,29.1
2010-11-02,27,28.5,27,28.5
2010-11-01,26.95,28.475,26.95,28.475
2010-10-29,27.15,28.575,27.15,28.575
2010-10-28,27,28.5,27,28.5
2010-10-27,26,28,26,28
2010-10-26,26,28,26,28
2010-10-25,26,28,26,28
2010-10-22,26,28,26,28
2010-10-21,25.95,27.975,25.95,27.975
2010-10-20,26,28,26,28
2010-10-19,25.95,27.975,25.95,27.975
2010-10-18,26,28,26,28
2010-10-15,26,28,26,28
2010-10-14,26,28,26,28
2010-10-13,26,28,26,28
2010-10-12,26,28,26,28
2010-10-11,26,28,26,28
2010-10-08,26,28,26,28
2010-10-07,26,28,26,28
2010-10-06,25.95,27.975,25.95,27.975
2010-10-05,26,26.5,26,26.5
2010-10-04,26,28,26,28
2010-10-01,26,27.25,26,27.25
2010-09-30,25.75,27.125,25.75,27.125
2010-09-29,25.75,27.125,25.75,27.125
2010-09-28,25.5,27,25.5,27
2010-09-27,26.5,27.5,26.5,27.5
2010-09-24,26.5,27.5,26.5,27.5
2010-09-23,26.5,27.5,26.5,27.5
2010-09-22,29,30,29,30
2010-09-21,29,30,29,30
2010-09-20,29,30,29,30
2010-09-17,29,30,29,30
2010-09-16,29,30,29,30
2010-09-15,29,30,29,30
2010-09-14,29,30,29,30
2010-09-13,28.5,29.75,28.5,29.75
2010-09-10,28.25,29.4,28.25,29.4
2010-09-09,28.25,29.4,28.25,29.4
2010-09-08,28.25,29.4,28.25,29.4
2010-09-07,28.5,29.5,28.5,29.5
2010-09-06,29.5,29.75,29.5,29.75
2010-09-03,28,29,28,29
2010-09-02,28.05,29.025,28.05,29.025
2010-09-01,28,29,28,29
2010-08-31,29,29.5,29,29.5
2010-08-30,29,29.5,29,29.5
2010-08-27,28.9,29.075,28.9,29.075
2010-08-26,28.9,29.075,28.9,29.075
2010-08-25,28.9,29.075,28.9,29.075
2010-08-24,28.9,29.075,28.9,29.075
2010-08-23,28.9,29.075,28.9,29.075
2010-08-20,28.75,29,28.75,29
2010-08-19,28.75,29,28.75,29
2010-08-18,28.75,29,28.75,29
2010-08-17,28.75,29,28.75,29
2010-08-16,27.7,28.5,27.7,28.5
2010-08-13,27.75,28.5,27.75,28.5
2010-08-12,27.75,28.5,27.75,28.5
2010-08-11,27.7,28.5,27.7,28.5
2010-08-10,27.75,28.5,27.75,28.5
2010-08-09,26.8,27.1,26.8,27.1
2010-08-06,26.8,26.9,26.8,26.9
2010-08-05,26.9,26.95,26.9,26.95
2010-08-04,26.67,26.835,26.67,26.835
2010-08-03,26.7,26.85,26.7,26.85
2010-08-02,26.8,27.1,26.8,27.1
2010-07-30,26.75,27.525,26.75,27.525
2010-07-29,26.75,27.5,26.75,27.5
2010-07-28,26.7,27.475,26.7,27.475
2010-07-27,26.8,26.9,26.8,26.9
2010-07-26,26.75,27.375,26.75,27.375
2010-07-23,26.75,27.375,26.75,27.375
2010-07-22,27,27.75,27,27.75
2010-07-21,26.85,27.15,26.85,27.15
2010-07-20,28.55,29.525,28.55,29.525
2010-07-19,28.55,29.525,28.55,29.525
2010-07-16,28.5,29.525,28.5,29.525
2010-07-15,28.5,29.525,28.5,29.525
2010-07-14,28.55,29.525,28.55,29.525
2010-07-13,28.5,29.5,28.5,29.5
2010-07-12,26.8,27.1,26.8,27.1
2010-07-09,28.55,29.4,28.55,29.4
2010-07-08,28.4,29.325,28.4,29.325
2010-07-07,28,29,28,29
2010-07-06,28.55,29.275,28.55,29.275
2010-07-05,28.5,29.25,28.5,29.25
2010-07-02,28.5,29.25,28.5,29.25
2010-07-01,28.45,29.25,28.45,29.25
2010-06-30,28.5,29.25,28.5,29.25
2010-06-29,28.45,29.25,28.45,29.25
2010-06-28,28.6,29.3,28.6,29.3
2010-06-25,28.25,28.625,28.25,28.625
2010-06-24,28.05,29.05,28.05,29.05
2010-06-23,28,29,28,29
2010-06-22,28,29,28,29
2010-06-21,28.2,29.2,28.2,29.2
2010-06-18,28.2,29.25,28.2,29.25
2010-06-17,28.25,29.25,28.25,29.25
2010-06-16,28.25,29.25,28.25,29.25
2010-06-15,28.75,29.75,28.75,29.75
2010-06-14,28.7,29.7,28.7,29.7
2010-06-11,28.75,29.75,28.75,29.75
2010-06-10,28.7,29.7,28.7,29.7
2010-06-09,28.75,29.75,28.75,29.75
2010-06-08,28,29,28,29
2010-06-07,28,29,28,29
2010-06-04,28,29,28,29
2010-06-03,28.05,29.05,28.05,29.05
2010-06-02,28.25,29.25,28.25,29.25
2010-06-01,28,29,28,29
2010-05-31,28.05,29.05,28.05,29.05
2010-05-28,28.05,29.05,28.05,29.05
2010-05-27,28,29,28,29
2010-05-26,28.5,29.25,28.5,29.25
2010-05-25,27.3,28.3,27.3,28.3
2010-05-24,27.25,28.125,27.25,28.125
2010-05-21,27,28,27,28
2010-05-20,27,28,27,28
2010-05-19,27,28,27,28
2010-05-18,26,27,26,27
2010-05-17,26.05,27.025,26.05,27.025
2010-05-14,26,27,26,27
2010-05-13,26.05,27.025,26.05,27.025
2010-05-12,26.05,27.065,26.05,27.065
2010-05-11,26.05,27.05,26.05,27.05
2010-05-10,26,27,26,27
2010-05-07,26,27,26,27
2010-05-06,26,27,26,27
2010-05-05,26,26.875,26,26.875
2010-05-04,26.05,27,26.05,27
2010-05-03,26.8,26.9,26.8,26.9
2010-04-30,26.05,27.065,26.05,27.065
2010-04-29,26.05,27.05,26.05,27.05
2010-04-28,25.25,26,25.25,26
2010-04-27,25.25,26,25.25,26
2010-04-26,26.8,26.9,26.8,26.9
2010-04-23,25.8,26.8,25.8,26.8
2010-04-22,25.7,26.75,25.7,26.75
2010-04-21,25.8,26.8,25.8,26.8
2010-04-20,25.75,26.25,25.75,26.25
2010-04-19,25.75,26.25,25.75,26.25
2010-04-16,25.75,26.275,25.75,26.275
2010-04-15,25.8,26.275,25.8,26.275
2010-04-14,25.75,26.75,25.75,26.75
2010-04-13,25.8,26.775,25.8,26.775
2010-04-12,25.75,26.75,25.75,26.75
2010-04-09,25.7,26.75,25.7,26.75
2010-04-08,25.8,26.8,25.8,26.8
2010-04-07,25.75,26.75,25.75,26.75
2010-04-06,25.75,26.75,25.75,26.75
2010-04-05,25.7,26.7,25.7,26.7
2010-04-02,25.75,26.25,25.75,26.25
2010-04-01,25.75,26.25,25.75,26.25
2010-03-31,25.75,26.75,25.75,26.75
2010-03-30,25.7,26.7,25.7,26.7
2010-03-29,25.7,26.7,25.7,26.7
2010-03-26,25.8,26.8,25.8,26.8
2010-03-25,25.75,26.75,25.75,26.75
2010-03-24,26.8,26.9,26.8,26.9
2010-03-23,25.75,26.75,25.75,26.75
2010-03-22,25.75,26.75,25.75,26.75
2010-03-19,25.75,26.75,25.75,26.75
2010-03-18,25.8,26.8,25.8,26.8
2010-03-17,25.75,26.8,25.75,26.8
2010-03-16,25.75,26.8,25.75,26.8
2010-03-15,25.75,26.75,25.75,26.75
2010-03-12,25.75,26.75,25.75,26.75
2010-03-11,26.7,27.2,26.7,27.2
2010-03-10,26.7,27.2,26.7,27.2
2010-03-09,26.8,26.9,26.8,26.9
2010-03-08,25.75,26.75,25.75,26.75
2010-03-05,25.8,26.8,25.8,26.8
2010-03-04,25.75,26.75,25.75,26.75
2010-03-03,25.8,26.8,25.8,26.8
2010-03-02,26.8,26.9,26.8,26.9
2010-03-01,25.7,26.7,25.7,26.7
2010-02-26,25.75,26.75,25.75,26.75
2010-02-25,25.75,26.75,25.75,26.75
2010-02-24,25.8,26.65,25.8,26.65
2010-02-23,25.65,26.15,25.65,26.15
2010-02-22,25.5,26.5,25.5,26.5
2010-02-19,25.8,26.8,25.8,26.8
2010-02-18,25.8,26.8,25.8,26.8
2010-02-17,25.8,26.3,25.8,26.3
2010-02-16,25.75,26.8,25.75,26.8
2010-02-15,25.8,26.8,25.8,26.8
2010-02-12,25.8,26.8,25.8,26.8
2010-02-11,25.78,26.28,25.78,26.28
2010-02-10,25.75,26.8,25.75,26.8
2010-02-09,25.8,26.85,25.8,26.85
2010-02-08,25.8,26.85,25.8,26.85
2010-02-05,25.75,26.8,25.75,26.8
2010-02-04,25.8,26.8,25.8,26.8
2010-02-03,25.85,26.825,25.85,26.825
2010-02-02,25.85,26.825,25.85,26.825
2010-02-01,25.8,25.9,25.8,25.9
2010-01-29,25.8,26.8,25.8,26.8
2010-01-28,25.75,26.75,25.75,26.75
2010-01-27,25.8,25.9,25.8,25.9
2010-01-26,25.7,26.2,25.7,26.2
2010-01-25,25.7,26.7,25.7,26.7
2010-01-22,25.75,26.75,25.75,26.75
2010-01-21,25.7,26.7,25.7,26.7
2010-01-20,25.75,26.75,25.75,26.75
2010-01-19,25.8,25.9,25.8,25.9
2010-01-18,25.8,26.75,25.8,26.75
2010-01-15,25.8,26.75,25.8,26.75
2010-01-14,25.75,26.7,25.75,26.7
2010-01-13,25.8,26.7,25.8,26.7
2010-01-12,25.8,26.65,25.8,26.65
2010-01-11,25.8,25.9,25.8,25.9
2010-01-08,25.75,26.5,25.75,26.5
2010-01-07,25.5,26.5,25.5,26.5
2010-01-06,25.5,26.5,25.5,26.5
2010-01-05,25.55,26.55,25.55,26.55
2010-01-04,25.5,26.5,25.5,26.5
2010-01-01,25.75,26.75,25.75,26.75
2009-12-31,25.75,26.75,25.75,26.75
2009-12-30,25.7,26.7,25.7,26.7
2009-12-29,25.75,26.75,25.75,26.75
2009-12-28,25.9,26.4,25.9,26.4
2009-12-25,25.8,26.3,25.8,26.3
2009-12-24,25.8,26.3,25.8,26.3
2009-12-23,26,27,26,27
2009-12-22,26,27,26,27
2009-12-21,26,27,26,27
2009-12-18,26.05,27.05,26.05,27.05
2009-12-17,26,27,26,27
2009-12-16,26,27,26,27
2009-12-15,25.85,26.35,25.85,26.35
2009-12-14,26.05,27.05,26.05,27.05
2009-12-11,26.05,27.05,26.05,27.05
2009-12-10,26.8,26.9,26.8,26.9
2009-12-09,26,27,26,27
2009-12-08,26.8,26.9,26.8,26.9
2009-12-07,26,27,26,27
2009-12-04,26.05,27.065,26.05,27.065
2009-12-03,26,27,26,27
2009-12-02,26.05,27.05,26.05,27.05
2009-12-01,26,27,26,27
2009-11-30,26.8,26.9,26.8,26.9
2009-11-27,26.8,26.9,26.8,26.9
2009-11-26,26.05,27.05,26.05,27.05
2009-11-25,26,27,26,27
2009-11-24,26.05,27.05,26.05,27.05
2009-11-23,26.1,27.1,26.1,27.1
2009-11-20,26.05,27.05,26.05,27.05
2009-11-19,26.05,27.05,26.05,27.05
2009-11-18,26,27,26,27
2009-11-17,26.05,27.065,26.05,27.065
2009-11-16,26.01,27.01,26.01,27.01
2009-11-13,26.05,27,26.05,27
2009-11-12,26,27,26,27
2009-11-11,26.05,27,26.05,27
2009-11-10,26.05,27,26.05,27
2009-11-09,26,26.5,26,26.5
2009-11-06,26.15,27.15,26.15,27.15
2009-11-05,26.15,27.15,26.15,27.15
2009-11-04,26.1,27.125,26.1,27.125
2009-11-03,26.15,27.125,26.15,27.125
2009-11-02,26,27,26,27
2009-10-30,25.75,26.75,25.75,26.75
2009-10-29,25.7,26.7,25.7,26.7
2009-10-28,25.7,26.7,25.7,26.7
2009-10-27,25.75,26.75,25.75,26.75
2009-10-26,25.75,26.75,25.75,26.75
2009-10-23,25.75,26.75,25.75,26.75
2009-10-22,25.7,26.7,25.7,26.7
2009-10-21,25.7,26.7,25.7,26.7
2009-10-20,25.7,26.7,25.7,26.7
2009-10-19,25.7,26.7,25.7,26.7
2009-10-16,25.75,26.75,25.75,26.75
2009-10-15,25.7,26.7,25.7,26.7
2009-10-14,25.7,26.7,25.7,26.7
2009-10-13,25.75,26.75,25.75,26.75
2009-10-12,26,26.65,26,26.65
2009-10-09,25.7,26.7,25.7,26.7
2009-10-08,25.7,26.7,25.7,26.7
2009-10-07,26.8,26.9,26.8,26.9
2009-10-06,25.7,26.7,25.7,26.7
2009-10-05,25.65,26.65,25.65,26.65
2009-10-02,26.8,26.9,26.8,26.9
2009-10-01,25.65,26.65,25.65,26.65
2009-09-30,26.8,26.9,26.8,26.9
2009-09-29,25.65,26.65,25.65,26.65
2009-09-28,25.55,26.65,25.55,26.65
2009-09-25,25.5,26.65,25.5,26.65
2009-09-24,25.55,26.65,25.55,26.65
2009-09-23,25.7,26.625,25.7,26.625
2009-09-22,25.75,26.625,25.75,26.625
2009-09-21,25.25,25.75,25.25,25.75
2009-09-18,25.7,26.7,25.7,26.7
2009-09-17,25.7,26.7,25.7,26.7
2009-09-16,25.7,26.7,25.7,26.7
2009-09-15,25.7,26.7,25.7,26.7
2009-09-14,25.75,26.575,25.75,26.575
2009-09-11,25.75,26.575,25.75,26.575
2009-09-10,25.7,26.575,25.7,26.575
2009-09-09,25.7,26.575,25.7,26.575
2009-09-08,26.9,26.95,26.9,26.95
2009-09-07,25.7,26.625,25.7,26.625
2009-09-04,25.7,26.625,25.7,26.625
2009-09-03,25.75,26.675,25.75,26.675
2009-09-02,25.76,26.705,25.76,26.705
2009-09-01,26.85,26.925,26.85,26.925
2009-08-31,25.75,26.75,25.75,26.75
2009-08-28,25.75,26.75,25.75,26.75
2009-08-27,25.7,26.7,25.7,26.7
2009-08-26,25.7,26.7,25.7,26.7
2009-08-25,26.85,26.925,26.85,26.925
2009-08-24,26.85,26.925,26.85,26.925
2009-08-21,25.65,26.65,25.65,26.65
2009-08-20,25.7,26.65,25.7,26.65
2009-08-19,25.75,26.7,25.75,26.7
2009-08-18,25.75,26.7,25.75,26.7
2009-08-17,25.75,26.7,25.75,26.7
2009-08-14,25.76,26.66,25.76,26.66
2009-08-13,25.75,26.65,25.75,26.65
2009-08-12,25.75,26.65,25.75,26.65
2009-08-11,25.7,26.65,25.7,26.65
2009-08-10,25.75,26.7,25.75,26.7
2009-08-07,25.8,26.75,25.8,26.75
2009-08-06,25.85,26.8,25.85,26.8
2009-08-05,25.85,26.8,25.85,26.8
2009-08-04,25.77,26.745,25.77,26.745
2009-08-03,25.77,26.745,25.77,26.745
2009-07-31,25.75,26.725,25.75,26.725
2009-07-30,25.75,26.725,25.75,26.725
2009-07-29,25.7,26.725,25.7,26.725
2009-07-28,25.75,26.725,25.75,26.725
2009-07-27,25.75,26.725,25.75,26.725
2009-07-24,25.7,26.725,25.7,26.725
2009-07-23,25.7,26.725,25.7,26.725
2009-07-22,25.75,26.725,25.75,26.725
2009-07-21,26,26.875,26,26.875
2009-07-20,26.5,26.825,26.5,26.825
2009-07-17,26.5,26.825,26.5,26.825
2009-07-16,26.5,26.825,26.5,26.825
2009-07-15,26.5,26.825,26.5,26.825
2009-07-14,26.5,26.825,26.5,26.825
2009-07-13,26.5,26.825,26.5,26.825
2009-07-10,26.5,26.825,26.5,26.825
2009-07-09,25.05,26.1,25.05,26.1
2009-07-08,25.05,26.1,25.05,26.1
2009-07-07,25.05,26.1,25.05,26.1
2009-07-06,25.25,26.2,25.25,26.2
2009-07-03,25.4,26.275,25.4,26.275
2009-07-02,25.6,26.375,25.6,26.375
2009-07-01,25.6,26.375,25.6,26.375
2009-06-30,25.75,26.45,25.75,26.45
2009-06-29,25.75,26.45,25.75,26.45
2009-06-26,25.55,26.625,25.55,26.625
2009-06-25,25.75,26.45,25.75,26.45
2009-06-24,25.75,26.45,25.75,26.45
2009-06-23,25.75,26.45,25.75,26.45
2009-06-22,25.75,26.45,25.75,26.45
2009-06-19,25.55,26.55,25.55,26.55
2009-06-18,25.75,26.45,25.75,26.45
2009-06-17,25.75,26.45,25.75,26.45
2009-06-16,25.55,26.525,25.55,26.525
2009-06-15,25.75,26.45,25.75,26.45
2009-06-12,25.55,26.525,25.55,26.525
2009-06-11,25.5,26.475,25.5,26.475
2009-06-10,25.55,26.525,25.55,26.525
2009-06-09,25.5,26.475,25.5,26.475
2009-06-08,25.55,26.475,25.55,26.475
2009-06-05,25.5,26.475,25.5,26.475
2009-06-04,25.75,26.45,25.75,26.45
2009-06-03,25.75,26.45,25.75,26.45
2009-06-02,25.7,26.65,25.7,26.65
2009-06-01,25.75,26.65,25.75,26.65
2009-05-29,25.75,26.45,25.75,26.45
2009-05-28,25.75,26.45,25.75,26.45
2009-05-27,25.75,26.45,25.75,26.45
2009-05-26,25.15,26.35,25.15,26.35
2009-05-25,25.1,26.425,25.1,26.425
2009-05-22,25.75,26.45,25.75,26.45
2009-05-21,25.75,26.45,25.75,26.45
2009-05-20,25.75,26.45,25.75,26.45
2009-05-19,25.75,26.45,25.75,26.45
2009-05-18,25.25,26.5,25.25,26.5
2009-05-15,26,27,26,27
2009-05-14,25.75,26.45,25.75,26.45
2009-05-13,26,27,26,27
2009-05-12,25.75,26.45,25.75,26.45
2009-05-11,25.5,26.75,25.5,26.75
2009-05-08,25.8,26.8,25.8,26.8
2009-05-07,25.75,26.45,25.75,26.45
2009-05-06,25.75,26.45,25.75,26.45
2009-05-05,25.75,26.45,25.75,26.45
2009-05-04,25.75,26.45,25.75,26.45
2009-05-01,25.75,26.725,25.75,26.725
2009-04-30,25.75,26.45,25.75,26.45
2009-04-29,25.75,26.45,25.75,26.45
2009-04-28,25.75,26.45,25.75,26.45
2009-04-27,25.75,26.45,25.75,26.45
2009-04-24,25.75,26.45,25.75,26.45
2009-04-23,25.8,26.775,25.8,26.775
2009-04-22,25.75,26.45,25.75,26.45
2009-04-21,25.2,26.55,25.2,26.55
2009-04-20,25.95,26.55,25.95,26.55
2009-04-17,25.95,26.55,25.95,26.55
2009-04-16,24.75,26.25,24.75,26.25
2009-04-15,25.95,26.55,25.95,26.55
2009-04-14,25.95,26.55,25.95,26.55
2009-04-13,25.95,26.55,25.95,26.55
2009-04-10,25.4,26.55,25.4,26.55
2009-04-09,25.4,26.55,25.4,26.55
2009-04-08,26.05,26.6,26.05,26.6
2009-04-07,26.05,26.6,26.05,26.6
2009-04-06,25.25,26.5,25.25,26.5
2009-04-03,25.95,26.55,25.95,26.55
2009-04-02,25.2,26.45,25.2,26.45
2009-04-01,25.95,26.55,25.95,26.55
2009-03-31,25.95,26.55,25.95,26.55
2009-03-30,25.95,26.55,25.95,26.55
2009-03-27,25.05,26.3,25.05,26.3
2009-03-26,25,26.25,25,26.25
2009-03-25,25.05,26.35,25.05,26.35
2009-03-24,25,26.25,25,26.25
2009-03-23,25.95,26.55,25.95,26.55
2009-03-20,25.95,26.55,25.95,26.55
2009-03-19,25.95,26.55,25.95,26.55
2009-03-18,25.95,26.55,25.95,26.55
2009-03-17,25.95,26.55,25.95,26.55
2009-03-16,26.05,26.6,26.05,26.6
2009-03-13,26.05,26.6,26.05,26.6
2009-03-12,24.75,25.875,24.75,25.875
2009-03-11,25,26.25,25,26.25
2009-03-10,25,26.25,25,26.25
2009-03-09,25.85,26.5,25.85,26.5
2009-03-06,25.85,26.5,25.85,26.5
2009-03-05,24.75,26,24.75,26
2009-03-04,25.75,26,25.75,26
2009-03-03,24.75,26,24.75,26
2009-03-02,25.65,25.95,25.65,25.95
2009-02-27,25.65,25.95,25.65,25.95
2009-02-26,25.05,26.05,25.05,26.05
2009-02-25,25.65,25.95,25.65,25.95
2009-02-24,25.65,25.95,25.65,25.95
2009-02-23,25.65,25.95,25.65,25.95
2009-02-20,25.65,25.95,25.65,25.95
2009-02-19,25.65,25.95,25.65,25.95
2009-02-18,25.65,25.95,25.65,25.95
2009-02-17,25.65,25.95,25.65,25.95
2009-02-16,25.55,25.825,25.55,25.825
2009-02-13,25,26,25,26
2009-02-12,25.55,25.825,25.55,25.825
2009-02-11,25,25.85,25,25.85
2009-02-10,25.55,25.825,25.55,25.825
2009-02-09,25.55,25.825,25.55,25.825
2009-02-06,25.55,25.825,25.55,25.825
2009-02-05,25.55,25.825,25.55,25.825
2009-02-04,25.55,25.825,25.55,25.825
2009-02-03,25.55,25.825,25.55,25.825
2009-02-02,25.55,25.825,25.55,25.825
2009-01-30,25.6,25.85,25.6,25.85
2009-01-29,25.6,25.85,25.6,25.85
2009-01-28,25.45,25.775,25.45,25.775
2009-01-27,25.65,25.875,25.65,25.875
2009-01-26,25.65,25.875,25.65,25.875
2009-01-23,25.5,26.5,25.5,26.5
2009-01-22,25.55,25.825,25.55,25.825
2009-01-21,25.75,26.65,25.75,26.65
2009-01-20,25.55,25.825,25.55,25.825
2009-01-19,25.55,25.825,25.55,25.825
2009-01-16,24.7,26.375,24.7,26.375
2009-01-15,25.45,25.75,25.45,25.75
2009-01-14,25.85,26.05,25.85,26.05
2009-01-13,24.9,26.425,24.9,26.425
2009-01-12,26.25,26.6,26.25,26.6
2009-01-09,26,26.5,26,26.5
2009-01-08,26.25,26.6,26.25,26.6
2009-01-07,24.9,26.275,24.9,26.275
2009-01-06,26.1,26.7,26.1,26.7
2009-01-05,26.5,26.9,26.5,26.9
2009-01-02,25.7,26.775,25.7,26.775
2009-01-01,25.8,26.775,25.8,26.775
2008-12-31,26.5,26.9,26.5,26.9
2008-12-30,25.55,26.775,25.55,26.775
2008-12-29,25.5,26.775,25.5,26.775
2008-12-26,26.8,27.05,26.8,27.05
2008-12-25,26.1,26.8,26.1,26.8
2008-12-24,25.7,26.8,25.7,26.8
2008-12-23,26.8,27.05,26.8,27.05
2008-12-22,25.75,26.75,25.75,26.75
2008-12-19,26,26.75,26,26.75
2008-12-18,26.1,26.8,26.1,26.8
2008-12-17,26.6,26.85,26.6,26.85
2008-12-16,26.6,26.85,26.6,26.85
2008-12-15,26.6,26.85,26.6,26.85
2008-12-12,26.8,27.025,26.8,27.025
2008-12-11,25.5,26.5,25.5,26.5
2008-12-10,26.6,26.85,26.6,26.85
2008-12-09,26.6,26.85,26.6,26.85
2008-12-08,26.6,26.85,26.6,26.85
2008-12-05,25.5,26.5,25.5,26.5
2008-12-04,26.62,26.86,26.62,26.86
2008-12-03,26.62,26.86,26.62,26.86
2008-12-02,26.1,26.525,26.1,26.525
2008-12-01,25.75,26.55,25.75,26.55
2008-11-28,25.8,26.55,25.8,26.55
2008-11-27,26.25,26.525,26.25,26.525
2008-11-26,26.25,26.525,26.25,26.525
2008-11-25,26.1,26.45,26.1,26.45
2008-11-24,26.1,26.45,26.1,26.45
2008-11-21,25.5,26.125,25.5,26.125
2008-11-20,25.7,26.275,25.7,26.275
2008-11-19,26.2,26.525,26.2,26.525
2008-11-18,26.2,26.525,26.2,26.525
2008-11-17,25.3,25.55,25.3,25.55
2008-11-14,25.3,25.55,25.3,25.55
2008-11-13,24.2,24.4,24.2,24.4
2008-11-12,24.2,24.4,24.2,24.4
2008-11-11,24.2,24.4,24.2,24.4
2008-11-10,24.2,24.4,24.2,24.4
2008-11-07,24.05,24.45,24.05,24.45
2008-11-06,24.05,24.45,24.05,24.45
2008-11-05,24.05,24.45,24.05,24.45
2008-11-04,24.05,24.45,24.05,24.45
2008-11-03,23.6,23.9,23.6,23.9
2008-10-31,23.6,23.9,23.6,23.9
2008-10-30,23.6,23.9,23.6,23.9
2008-10-29,23.7,24,23.7,24
2008-10-28,23.6,23.9,23.6,23.9
2008-10-27,23.5,23.85,23.5,23.85
2008-10-24,23.5,23.85,23.5,23.85
2008-10-23,23.5,23.85,23.5,23.85
2008-10-22,23.5,23.85,23.5,23.85
2008-10-21,23.5,23.85,23.5,23.85
2008-10-20,23.55,23.925,23.55,23.925
2008-10-17,23.5,23.875,23.5,23.875
2008-10-16,23.5,23.85,23.5,23.85
2008-10-15,23.5,23.85,23.5,23.85
2008-10-14,23.5,23.85,23.5,23.85
2008-10-13,22.5,23.5,22.5,23.5
2008-10-10,23.3,23.75,23.3,23.75
2008-10-09,23.3,23.75,23.3,23.75
2008-10-08,23.3,23.75,23.3,23.75
2008-10-07,23.35,23.7,23.35,23.7
2008-10-06,23.25,23.6,23.25,23.6
2008-10-03,23.2,23.55,23.2,23.55
2008-10-02,23.5,23.85,23.5,23.85
2008-10-01,23.5,23.85,23.5,23.85
2008-09-30,23.5,23.85,23.5,23.85
2008-09-29,23.5,23.85,23.5,23.85
2008-09-26,23.5,23.85,23.5,23.85
2008-09-25,22.6,22.9,22.6,22.9
2008-09-24,22.15,22.55,22.15,22.55
2008-09-23,22.6,22.9,22.6,22.9
2008-09-22,22.1,22.35,22.1,22.35
2008-09-19,21.85,22.65,21.85,22.65
2008-09-18,22.6,22.9,22.6,22.9
2008-09-17,21.67,21.985,21.67,21.985
2008-09-16,21.67,21.985,21.67,21.985
2008-09-15,21.5,22,21.5,22
2008-09-12,21.67,21.985,21.67,21.985
2008-09-11,21.67,21.985,21.67,21.985
2008-09-10,21.53,22.02,21.53,22.02
2008-09-09,21.67,21.985,21.67,21.985
2008-09-08,21.67,21.985,21.67,21.985
2008-09-05,21.3,21.8,21.3,21.8
2008-09-04,21.35,21.85,21.35,21.85
2008-09-03,21.35,21.825,21.35,21.825
2008-09-02,21.35,21.85,21.35,21.85
2008-09-01,21.35,21.825,21.35,21.825
2008-08-29,21.35,21.825,21.35,21.825
2008-08-28,21.35,21.825,21.35,21.825
2008-08-27,21.2,21.75,21.2,21.75
2008-08-26,21.35,21.825,21.35,21.825
2008-08-25,21.8,22.05,21.8,22.05
2008-08-22,21.8,22.05,21.8,22.05
2008-08-21,21.8,22.05,21.8,22.05
2008-08-20,20.95,21.45,20.95,21.45
2008-08-19,20,20.7,20,20.7
2008-08-18,20.85,21.325,20.85,21.325
2008-08-15,21.3,21.55,21.3,21.55
2008-08-14,21.3,21.55,21.3,21.55
2008-08-13,21.3,21.55,21.3,21.55
2008-08-12,20.75,21.05,20.75,21.05
2008-08-11,20.77,21.07,20.77,21.07
2008-08-08,20.6,21,20.6,21
2008-08-07,20.6,21,20.6,21
2008-08-06,20.55,20.95,20.55,20.95
2008-08-05,20.5,20.9,20.5,20.9
2008-08-04,20.55,20.95,20.55,20.95
2008-08-01,20.95,21.125,20.95,21.125
2008-07-31,20.75,20.95,20.75,20.95
2008-07-30,20.6,21,20.6,21
2008-07-29,20.6,21,20.6,21
2008-07-28,20.55,20.95,20.55,20.95
2008-07-25,20.6,20.95,20.6,20.95
2008-07-24,20.75,20.95,20.75,20.95
2008-07-23,20.8,20.975,20.8,20.975
2008-07-22,20.8,20.975,20.8,20.975
2008-07-21,20.6,20.95,20.6,20.95
2008-07-18,20.6,20.925,20.6,20.925
2008-07-17,21,21.075,21,21.075
2008-07-16,20.7,21,20.7,21
2008-07-15,21,21.075,21,21.075
2008-07-14,20.55,21.05,20.55,21.05
2008-07-11,20.15,20.325,20.15,20.325
2008-07-10,20.15,20.325,20.15,20.325
2008-07-09,20.5,21,20.5,21
2008-07-08,20.15,20.325,20.15,20.325
2008-07-07,20.15,20.325,20.15,20.325
2008-07-04,20.5,21,20.5,21
2008-07-03,20.5,21,20.5,21
2008-07-02,20.45,20.55,20.45,20.55
2008-07-01,20.2,20.345,20.2,20.345
2008-06-30,20.55,21.05,20.55,21.05
2008-06-27,20.75,21.125,20.75,21.125
2008-06-26,20.25,20.975,20.25,20.975
2008-06-25,20.15,20.95,20.15,20.95
2008-06-24,19.5,20.325,19.5,20.325
2008-06-23,20.25,21.025,20.25,21.025
2008-06-20,20.15,20.95,20.15,20.95
2008-06-19,20.15,20.95,20.15,20.95
2008-06-18,20.15,20.325,20.15,20.325
2008-06-17,20.1,20.95,20.1,20.95
2008-06-16,20.3,21.1,20.3,21.1
2008-06-13,20.35,21.15,20.35,21.15
2008-06-12,20.7,20.975,20.7,20.975
2008-06-11,20.4,20.45,20.4,20.45
2008-06-10,20.45,21.25,20.45,21.25
2008-06-09,20.45,21.2,20.45,21.2
2008-06-06,20.05,21.05,20.05,21.05
2008-06-05,20.4,21.15,20.4,21.15
2008-06-04,20.5,21,20.5,21
2008-06-03,20.5,21,20.5,21
2008-06-02,20.2,20.345,20.2,20.345
2008-05-30,20.2,20.345,20.2,20.345
2008-05-29,20.2,20.345,20.2,20.345
2008-05-28,19.55,20.325,19.55,20.325
2008-05-27,19.65,20.375,19.65,20.375
2008-05-26,20.75,21.125,20.75,21.125
2008-05-23,19.5,20.275,19.5,20.275
2008-05-22,19.8,20.6,19.8,20.6
2008-05-21,19.85,20.6,19.85,20.6
2008-05-20,20.5,20.85,20.5,20.85
2008-05-19,19.45,20.2,19.45,20.2
2008-05-16,19.45,20.175,19.45,20.175
2008-05-15,20.45,20.475,20.45,20.475
2008-05-14,19.23,19.98,19.23,19.98
2008-05-13,19.25,19.975,19.25,19.975
2008-05-12,19.5,20.35,19.5,20.35
2008-05-09,19.2,19.95,19.2,19.95
2008-05-08,19.25,20,19.25,20
2008-05-07,19.2,19.95,19.2,19.95
2008-05-06,19.25,20,19.25,20
2008-05-05,19,19.9,19,19.9
2008-05-02,19.2,19.975,19.2,19.975
2008-05-01,19.25,20,19.25,20
2008-04-30,19.25,20,19.25,20
2008-04-29,19.2,19.95,19.2,19.95
2008-04-28,19,19.9,19,19.9
2008-04-25,19.3,20.05,19.3,20.05
2008-04-24,19.25,20,19.25,20
2008-04-23,19.25,20,19.25,20
2008-04-22,19.5,20,19.5,20
2008-04-21,19.25,20,19.25,20
2008-04-18,19.3,20.025,19.3,20.025
2008-04-17,19.25,20.025,19.25,20.025
2008-04-16,19.2,19.975,19.2,19.975
2008-04-15,19.2,19.975,19.2,19.975
2008-04-14,19.35,20.05,19.35,20.05
2008-04-11,19.1,20,19.1,20
2008-04-10,19.1,20,19.1,20
2008-04-09,19.15,20.05,19.15,20.05
2008-04-08,19.1,20,19.1,20
2008-04-07,19.05,20,19.05,20
2008-04-04,18.9,19.2,18.9,19.2
2008-04-03,19.15,20,19.15,20
2008-04-02,19.05,20,19.05,20
2008-04-01,19,20,19,20
2008-03-31,18.85,19.85,18.85,19.85
2008-03-28,18.5,19.625,18.5,19.625
2008-03-27,19.05,20.05,19.05,20.05
2008-03-26,19.75,20.75,19.75,20.75
2008-03-25,18.7,20.2,18.7,20.2
2008-03-24,21.05,22.2,21.05,22.2
2008-03-21,20.85,22.05,20.85,22.05
2008-03-20,20.8,22,20.8,22
2008-03-19,20.8,22,20.8,22
2008-03-18,20.8,22.3,20.8,22.3
2008-03-17,20.75,21.9,20.75,21.9
2008-03-14,20.7,21.925,20.7,21.925
2008-03-13,20.7,22.25,20.7,22.25
2008-03-12,20.45,21.75,20.45,21.75
2008-03-11,20.3,21.6,20.3,21.6
2008-03-10,20.25,21.6,20.25,21.6
2008-03-07,20.55,21.95,20.55,21.95
2008-03-06,20.55,21.95,20.55,21.95
2008-03-05,20.06,21.56,20.06,21.56
2008-03-04,20.05,21.55,20.05,21.55
2008-03-03,20.25,21.75,20.25,21.75
2008-02-29,20.35,22.075,20.35,22.075
2008-02-28,20.45,21.4,20.45,21.4
2008-02-27,20.15,21.8,20.15,21.8
2008-02-26,20.25,21.9,20.25,21.9
2008-02-25,20.25,21.95,20.25,21.95
2008-02-22,20.45,22,20.45,22
2008-02-21,20.8,22.3,20.8,22.3
2008-02-20,20.75,22.25,20.75,22.25
2008-02-19,21.06,22.46,21.06,22.46
2008-02-18,21.05,22.425,21.05,22.425
2008-02-15,21.05,22.425,21.05,22.425
2008-02-14,21.25,22.55,21.25,22.55
2008-02-13,21.3,22.55,21.3,22.55
2008-02-12,21.25,22.5,21.25,22.5
2008-02-11,20.8,22.3,20.8,22.3
2008-02-08,21.05,22.5,21.05,22.5
2008-02-07,20.8,22.3,20.8,22.3
2008-02-06,20.8,22.3,20.8,22.3
2008-02-05,21.15,22.475,21.15,22.475
2008-02-04,21.05,22.5,21.05,22.5
2008-02-01,21.15,22.65,21.15,22.65
2008-01-31,21.2,22.5,21.2,22.5
2008-01-30,21.25,22.6,21.25,22.6
2008-01-29,20.85,22.4,20.85,22.4
2008-01-28,20.85,22.4,20.85,22.4
2008-01-25,20.85,22.35,20.85,22.35
2008-01-24,20.8,22.3,20.8,22.3
2008-01-23,20.9,22.4,20.9,22.4
2008-01-22,20.85,22.35,20.85,22.35
2008-01-21,20.95,22.45,20.95,22.45
2008-01-18,21.05,22.45,21.05,22.45
2008-01-17,20.8,22.3,20.8,22.3
2008-01-16,20.8,22.3,20.8,22.3
2008-01-15,20.8,22.3,20.8,22.3
2008-01-14,20.75,22.25,20.75,22.25
2008-01-11,20.8,22.3,20.8,22.3
2008-01-10,20.75,22.25,20.75,22.25
2008-01-09,20.15,22,20.15,22
2008-01-08,21.25,22.6,21.25,22.6
2008-01-07,21.25,22.6,21.25,22.6
2008-01-04,20.7,22.2,20.7,22.2
2008-01-03,20.75,22.25,20.75,22.25
2008-01-02,20.7,22.2,20.7,22.2
2008-01-01,20.75,22.25,20.75,22.25
2007-12-31,20.75,22.25,20.75,22.25
2007-12-28,20.75,22.25,20.75,22.25
2007-12-27,22,22.875,22,22.875
2007-12-26,20.75,22.2,20.75,22.2
2007-12-25,20.65,22.15,20.65,22.15
2007-12-24,20.65,22.15,20.65,22.15
2007-12-21,20.7,22.2,20.7,22.2
2007-12-20,20.75,22.2,20.75,22.2
2007-12-19,20.75,22.2,20.75,22.2
2007-12-18,20.95,22.25,20.95,22.25
2007-12-17,20.75,22.1,20.75,22.1
2007-12-14,20.75,22.05,20.75,22.05
2007-12-13,20.65,21.9,20.65,21.9
2007-12-12,20.75,21.95,20.75,21.95
2007-12-11,21,22,21,22
2007-12-10,20.75,21.75,20.75,21.75
2007-12-07,20.81,21.51,20.81,21.51
2007-12-06,20.55,21.525,20.55,21.525
2007-12-05,20.55,21.525,20.55,21.525
2007-12-04,21.24,22.29,21.24,22.29
2007-12-03,21.24,22.29,21.24,22.29
2007-11-30,20.5,22,20.5,22
2007-11-29,19.5,20.5,19.5,20.5
2007-11-28,19.5,20.5,19.5,20.5
2007-11-27,19.5,20.5,19.5,20.5
2007-11-26,19.5,20.5,19.5,20.5
2007-11-23,19.5,20.5,19.5,20.5
2007-11-22,19.5,20.5,19.5,20.5
2007-11-21,19.5,20.5,19.5,20.5
2007-11-20,19.5,21,19.5,21
2007-11-19,19.5,21,19.5,21
2007-11-16,18.5,20.5,18.5,20.5
2007-11-15,18.5,20.5,18.5,20.5
2007-11-14,18.5,20.5,18.5,20.5
2007-11-13,18.5,20.5,18.5,20.5
2007-11-12,19,19.75,19,19.75
2007-11-09,19,19.75,19,19.75
2007-11-08,19,19.75,19,19.75
2007-11-07,19,19.75,19,19.75
2007-11-06,19,19.5,19,19.5
2007-11-05,19,19.5,19,19.5
2007-11-02,19,19.5,19,19.5
2007-11-01,19,19.5,19,19.5
2007-10-31,19,19.5,19,19.5
2007-10-30,19,19.5,19,19.5
2007-10-29,19,19.5,19,19.5
2007-10-26,18,19,18,19
2007-10-25,18,19,18,19
2007-10-24,18,19,18,19
2007-10-23,18,19,18,19
2007-10-22,18,19,18,19
2007-10-19,18,19,18,19
2007-10-18,18,19,18,19
2007-10-17,18,19,18,19
2007-10-16,18,19,18,19
2007-10-15,18,19,18,19
2007-10-12,18,19,18,19
2007-10-11,18,19,18,19
2007-10-10,18,18.75,18,18.75
2007-10-09,18,18.75,18,18.75
2007-10-08,18,18.6,18,18.6
2007-10-05,18,18.6,18,18.6
2007-10-04,18,18.6,18,18.6
2007-10-03,18,18.6,18,18.6
2007-10-02,18,18.6,18,18.6
2007-10-01,19,20.75,19,20.75
2007-09-28,18.5,19.75,18.5,19.75
2007-09-27,18.3,18.75,18.3,18.75
2007-09-26,17,17.5,17,17.5
2007-09-25,19,19.4,19,19.4
2007-09-24,19,19.4,19,19.4
2007-09-21,19,19.4,19,19.4
2007-09-20,19,19.4,19,19.4
2007-09-19,21.5,21.9,21.5,21.9
2007-09-18,21.5,21.9,21.5,21.9
2007-09-17,21.5,21.9,21.5,21.9
2007-09-14,21.5,21.9,21.5,21.9
2007-09-13,21.5,21.9,21.5,21.9
2007-09-12,21.5,21.9,21.5,21.9
2007-09-11,21.5,21.9,21.5,21.9
2007-09-10,22.6,23.3,22.6,23.3
2007-09-07,22.6,23.3,22.6,23.3
2007-09-06,22.6,23.3,22.6,23.3
2007-09-05,23.2,23.85,23.2,23.85
2007-09-04,23.2,23.85,23.2,23.85
2007-09-03,23.2,23.85,23.2,23.85
2007-08-31,23.2,23.85,23.2,23.85
2007-08-30,23.2,23.85,23.2,23.85
2007-08-29,23.2,23.85,23.2,23.85
2007-08-28,23.2,23.85,23.2,23.85
2007-08-27,23.5,24.25,23.5,24.25
2007-08-24,23.5,24.25,23.5,24.25
2007-08-23,23.6,24.1,23.6,24.1
2007-08-22,23.6,24.1,23.6,24.1
2007-08-21,23.6,24.1,23.6,24.1
2007-08-20,23.6,24.1,23.6,24.1
2007-08-17,24,24.75,24,24.75
2007-08-16,24,24.75,24,24.75
2007-08-15,24,24.75,24,24.75
2007-08-14,24,24.75,24,24.75
2007-08-13,24.1,24.5,24.1,24.5
2007-08-10,24.1,24.5,24.1,24.5
2007-08-09,24.1,24.5,24.1,24.5
2007-08-08,24.1,24.5,24.1,24.5
2007-08-07,24.45,25.1,24.45,25.1
2007-08-06,24.75,25.5,24.75,25.5
2007-08-03,24.75,25.5,24.75,25.5
2007-08-02,24.75,25.5,24.75,25.5
2007-08-01,24.75,25.5,24.75,25.5
2007-07-31,24.75,25.5,24.75,25.5
2007-07-30,24.75,25.5,24.75,25.5
2007-07-27,24.75,25.5,24.75,25.5
2007-07-26,24.75,25.5,24.75,25.5
2007-07-25,25,25.5,25,25.5
2007-07-24,25.5,26,25.5,26
2007-07-23,25.5,26,25.5,26
2007-07-20,25.5,26,25.5,26
2007-07-19,25.5,26,25.5,26
2007-07-18,25.5,26,25.5,26
2007-07-17,25.5,26,25.5,26
2007-07-16,26.5,26.75,26.5,26.75
2007-07-13,26.5,26.75,26.5,26.75
2007-07-12,26.5,26.75,26.5,26.75
2007-07-11,26.1,26.6,26.1,26.6
2007-07-10,26.1,26.6,26.1,26.6
2007-07-09,25.8,26.3,25.8,26.3
2007-07-06,26,26.25,26,26.25
2007-07-05,26.5,26.75,26.5,26.75
2007-07-04,26.7,26.95,26.7,26.95
2007-07-03,26.7,26.95,26.7,26.95
2007-07-02,26.7,26.95,26.7,26.95
2007-06-29,26.4,26.9,26.4,26.9
2007-06-28,26.4,26.9,26.4,26.9
2007-06-27,26.4,26.9,26.4,26.9
2007-06-26,26.4,26.9,26.4,26.9
2007-06-25,26.4,26.9,26.4,26.9
2007-06-22,26.4,26.9,26.4,26.9
2007-06-21,26.4,26.9,26.4,26.9
2007-06-20,26.4,26.9,26.4,26.9
2007-06-19,26.4,26.9,26.4,26.9
2007-06-18,26.7,26.95,26.7,26.95
2007-06-15,26.7,26.95,26.7,26.95
2007-06-14,26.7,26.95,26.7,26.95
2007-06-13,26.7,26.95,26.7,26.95
2007-06-12,26.7,26.95,26.7,26.95
2007-06-11,26.7,26.95,26.7,26.95
2007-06-08,26.7,26.95,26.7,26.95
2007-06-07,27.4,27.7,27.4,27.7
2007-06-06,27,27.5,27,27.5
2007-06-05,27,27.5,27,27.5
2007-06-04,27,27.5,27,27.5
2007-06-01,27,27.5,27,27.5
2007-05-31,27,27.5,27,27.5
2007-05-30,27,27.5,27,27.5
2007-05-29,27,27.5,27,27.5
2007-05-28,26.7,27.15,26.7,27.15
2007-05-25,26.7,27.15,26.7,27.15
2007-05-24,26.7,27.15,26.7,27.15
2007-05-23,27,27.25,27,27.25
2007-05-22,27,27.25,27,27.25
2007-05-21,27,27.25,27,27.25
2007-05-18,27,27.25,27,27.25
2007-05-17,27,27.25,27,27.25
2007-05-16,27,27.25,27,27.25
2007-05-15,27,27.25,27,27.25
2007-05-14,27,27.25,27,27.25
2007-05-11,27,27.25,27,27.25
2007-05-10,27,27.25,27,27.25
2007-05-09,27,27.25,27,27.25
2007-05-08,27,27.25,27,27.25
2007-05-07,27,27.25,27,27.25
2007-05-04,27.1,27.375,27.1,27.375
2007-05-03,27.1,27.375,27.1,27.375
2007-05-02,27.1,27.375,27.1,27.375
2007-05-01,27.12,27.385,27.12,27.385
2007-04-30,27.12,27.385,27.12,27.385
2007-04-27,27.12,27.385,27.12,27.385
2007-04-26,27.12,27.385,27.12,27.385
2007-04-25,27.12,27.385,27.12,27.385
2007-04-24,27.12,27.385,27.12,27.385
2007-04-23,27.15,27.4,27.15,27.4
2007-04-20,27.15,27.4,27.15,27.4
2007-04-19,27.15,27.4,27.15,27.4
2007-04-18,27.15,27.4,27.15,27.4
2007-04-17,27.15,27.4,27.15,27.4
2007-04-16,27.15,27.4,27.15,27.4
2007-04-13,27.15,27.4,27.15,27.4
2007-04-12,27.15,27.4,27.15,27.4
2007-04-11,27.15,27.4,27.15,27.4
2007-04-10,27.15,27.4,27.15,27.4
2007-04-09,27.15,27.4,27.15,27.4
2007-04-06,27.15,27.4,27.15,27.4
2007-04-05,27.15,27.4,27.15,27.4
2007-04-04,27.15,27.4,27.15,27.4
2007-04-03,27.15,27.4,27.15,27.4
2007-04-02,27.15,27.4,27.15,27.4
2007-03-30,27.15,27.4,27.15,27.4
2007-03-29,27.15,27.4,27.15,27.4
2007-03-28,27.15,27.4,27.15,27.4
2007-03-27,27.15,27.4,27.15,27.4
2007-03-26,27.15,27.4,27.15,27.4
2007-03-23,27.15,27.4,27.15,27.4
2007-03-22,27.15,27.4,27.15,27.4
2007-03-21,27.15,27.4,27.15,27.4
2007-03-20,27.15,27.4,27.15,27.4
2007-03-19,27.15,27.4,27.15,27.4
2007-03-16,27.15,27.4,27.15,27.4
2007-03-15,27.15,27.4,27.15,27.4
2007-03-14,27.15,27.4,27.15,27.4
2007-03-13,27.15,27.4,27.15,27.4
2007-03-12,27.15,27.4,27.15,27.4
2007-03-09,27.15,27.4,27.15,27.4
2007-03-08,27.15,27.4,27.15,27.4
2007-03-07,27.15,27.4,27.15,27.4
2007-03-06,27.15,27.4,27.15,27.4
2007-03-05,27.15,27.4,27.15,27.4
2007-03-02,27,27.525,27,27.525
2007-03-01,27,27.525,27,27.525
2007-02-28,27,27.525,27,27.525
2007-02-27,27,27.525,27,27.525
2007-02-26,27,27.525,27,27.525
2007-02-23,27,27.525,27,27.525
2007-02-22,27,27.525,27,27.525
2007-02-21,27.2,27.325,27.2,27.325
2007-02-20,27.2,27.325,27.2,27.325
2007-02-19,27.2,27.325,27.2,27.325
2007-02-16,27.15,27.3,27.15,27.3
2007-02-15,27.15,27.3,27.15,27.3
2007-02-14,27.15,27.3,27.15,27.3
2007-02-13,27.15,27.3,27.15,27.3
2007-02-12,27.15,27.3,27.15,27.3
2007-02-09,27.15,27.3,27.15,27.3
2007-02-08,27.2,27.35,27.2,27.35
2007-02-07,27.2,27.35,27.2,27.35
2007-02-06,27.2,27.35,27.2,27.35
2007-02-05,27.2,27.35,27.2,27.35
2007-02-02,27.6,27.8,27.6,27.8
2007-02-01,27.6,27.8,27.6,27.8
2007-01-31,27.6,27.8,27.6,27.8
2007-01-30,27.6,27.8,27.6,27.8
2007-01-29,27.6,27.8,27.6,27.8
2007-01-26,27.6,27.8,27.6,27.8
2007-01-25,27.6,27.8,27.6,27.8
2007-01-24,27.6,27.8,27.6,27.8
2007-01-23,27.6,27.8,27.6,27.8
2007-01-22,27.75,28.25,27.75,28.25
2007-01-19,27.75,28.25,27.75,28.25
2007-01-18,27.75,28.25,27.75,28.25
2007-01-17,27.75,28.25,27.75,28.25
2007-01-16,27.75,28.25,27.75,28.25
2007-01-15,27.75,28.25,27.75,28.25
2007-01-12,27.75,28.25,27.75,28.25
2007-01-11,27.75,28.25,27.75,28.25
2007-01-10,27.75,28.25,27.75,28.25
2007-01-09,27.4,27.8,27.4,27.8
2007-01-08,27.4,27.8,27.4,27.8
2007-01-05,27.6,27.8,27.6,27.8
2007-01-04,27.6,27.8,27.6,27.8
2007-01-03,27.6,27.8,27.6,27.8
2007-01-02,27.6,27.8,27.6,27.8
2007-01-01,27.3,27.725,27.3,27.725
2006-12-29,27.3,27.725,27.3,27.725
2006-12-28,27.3,27.725,27.3,27.725
2006-12-27,27.3,27.725,27.3,27.725
2006-12-26,27.3,27.725,27.3,27.725
2006-12-25,27.5,27.875,27.5,27.875
2006-12-22,27.5,27.875,27.5,27.875
2006-12-21,27.5,27.875,27.5,27.875
2006-12-20,27.5,27.875,27.5,27.875
2006-12-19,27.5,27.875,27.5,27.875
2006-12-18,27.5,27.875,27.5,27.875
2006-12-15,27.5,27.875,27.5,27.875
2006-12-14,27.5,27.875,27.5,27.875
2006-12-13,27.5,27.875,27.5,27.875
2006-12-12,27.5,27.875,27.5,27.875
2006-12-11,27.65,27.825,27.65,27.825
2006-12-08,27.65,27.825,27.65,27.825
2006-12-07,27.65,27.825,27.65,27.825
2006-12-06,27.65,27.825,27.65,27.825
2006-12-05,27.65,27.825,27.65,27.825
2006-12-04,27.65,27.825,27.65,27.825
2006-12-01,27.65,27.825,27.65,27.825
2006-11-30,27.65,27.825,27.65,27.825
2006-11-29,27.65,27.825,27.65,27.825
2006-11-28,27.65,27.825,27.65,27.825
2006-11-27,27.65,27.825,27.65,27.825
2006-11-24,27.65,27.825,27.65,27.825
2006-11-23,27.65,27.825,27.65,27.825
2006-11-22,27.65,27.825,27.65,27.825
2006-11-21,27.65,27.825,27.65,27.825
2006-11-20,27.65,27.825,27.65,27.825
2006-11-17,27.65,27.825,27.65,27.825
2006-11-16,27.65,27.825,27.65,27.825
2006-11-15,27.65,27.825,27.65,27.825
2006-11-14,27.65,27.825,27.65,27.825
2006-11-13,27.65,27.825,27.65,27.825
2006-11-10,27.65,27.825,27.65,27.825
2006-11-09,27.65,27.825,27.65,27.825
2006-11-08,27.65,27.825,27.65,27.825
2006-11-07,27.65,27.825,27.65,27.825
2006-11-06,27.65,27.825,27.65,27.825
2006-11-03,27.65,27.825,27.65,27.825
2006-11-02,27.65,27.825,27.65,27.825
2006-11-01,27.65,27.825,27.65,27.825
2006-10-31,27.65,27.825,27.65,27.825
2006-10-30,27.65,27.825,27.65,27.825
2006-10-27,27.65,27.825,27.65,27.825
2006-10-26,27.65,27.825,27.65,27.825
2006-10-25,27.65,27.825,27.65,27.825
2006-10-24,27.65,27.825,27.65,27.825
2006-10-23,27.65,27.825,27.65,27.825
2006-10-20,27.5,27.95,27.5,27.95
2006-10-19,27.5,27.95,27.5,27.95
2006-10-18,27.5,27.95,27.5,27.95
2006-10-17,27.5,27.95,27.5,27.95
2006-10-16,27.5,27.95,27.5,27.95
2006-10-13,27.5,27.95,27.5,27.95
2006-10-12,27.6,27.8,27.6,27.8
2006-10-11,27.5,27.95,27.5,27.95
2006-10-10,27.5,27.95,27.5,27.95
2006-10-09,27.5,27.95,27.5,27.95
2006-10-06,27.5,27.95,27.5,27.95
2006-10-05,27.5,27.95,27.5,27.95
2006-10-04,27.5,27.95,27.5,27.95
2006-10-03,27.5,27.95,27.5,27.95
2006-10-02,27.5,27.95,27.5,27.95
2006-09-29,27.5,27.95,27.5,27.95
2006-09-28,27.5,27.95,27.5,27.95
2006-09-27,27.5,27.95,27.5,27.95
2006-09-26,27.5,27.95,27.5,27.95
2006-09-25,27.75,28.25,27.75,28.25
2006-09-22,27.75,28.25,27.75,28.25
2006-09-21,27.75,28.25,27.75,28.25
2006-09-20,27.75,28.25,27.75,28.25
2006-09-19,27.75,28.25,27.75,28.25
2006-09-18,27.75,28.25,27.75,28.25
2006-09-15,27.75,28.25,27.75,28.25
2006-09-14,27.75,28.25,27.75,28.25
2006-09-13,27.75,28.25,27.75,28.25
2006-09-12,27.75,28.25,27.75,28.25
2006-09-11,27.75,28.25,27.75,28.25
2006-09-08,27.75,28.25,27.75,28.25
2006-09-07,27.75,28.25,27.75,28.25
2006-09-06,27.75,28.25,27.75,28.25
2006-09-05,27.75,28.25,27.75,28.25
2006-09-04,27.75,28.25,27.75,28.25
2006-09-01,27.75,28.25,27.75,28.25
2006-08-31,27.75,28.25,27.75,28.25
2006-08-30,27.85,28.35,27.85,28.35
2006-08-29,27.85,28.35,27.85,28.35
2006-08-28,27.85,28.35,27.85,28.35
2006-08-25,27.85,28.35,27.85,28.35
2006-08-24,27.85,28.35,27.85,28.35
2006-08-23,27.85,28.35,27.85,28.35
2006-08-22,27.85,28.35,27.85,28.35
2006-08-21,27.85,28.35,27.85,28.35
2006-08-18,27.7,28.2,27.7,28.2
2006-08-17,27.7,28.2,27.7,28.2
2006-08-16,27.7,28.2,27.7,28.2
2006-08-15,27.7,28.2,27.7,28.2
2006-08-14,27.7,28.2,27.7,28.2
2006-08-11,27.5,27.9,27.5,27.9
2006-08-10,27.5,27.9,27.5,27.9
2006-08-09,27.5,27.9,27.5,27.9
2006-08-08,27.5,27.9,27.5,27.9
2006-08-07,27.5,27.9,27.5,27.9
2006-08-04,28,28.15,28,28.15
2006-08-03,28,28.15,28,28.15
2006-08-02,28,28.15,28,28.15
2006-08-01,28,28.15,28,28.15
2006-07-31,28,28.15,28,28.15
2006-07-28,28,28.15,28,28.15
2006-07-27,27.65,28.15,27.65,28.15
2006-07-26,27.7,28.2,27.7,28.2
2006-07-25,27.7,28.2,27.7,28.2
2006-07-24,27.7,28.2,27.7,28.2
2006-07-21,27.65,28.15,27.65,28.15
2006-07-20,27.75,28.25,27.75,28.25
2006-07-19,27.75,28.25,27.75,28.25
2006-07-18,27.95,28.25,27.95,28.25
2006-07-17,27.95,28.25,27.95,28.25
2006-07-14,27.95,28.25,27.95,28.25
2006-07-13,27.95,28.25,27.95,28.25
2006-07-12,27.75,28.25,27.75,28.25
2006-07-11,27.75,28.25,27.75,28.25
2006-07-10,27.5,27.95,27.5,27.95
2006-07-07,27.5,27.95,27.5,27.95
2006-07-06,27.5,27.95,27.5,27.95
2006-07-05,27.5,28,27.5,28
2006-07-04,27.5,28,27.5,28
2006-07-03,27.5,28,27.5,28
2006-06-30,27.5,28,27.5,28
2006-06-29,27.5,28,27.5,28
2006-06-28,27.5,28,27.5,28
2006-06-27,27.5,28,27.5,28
2006-06-26,27.5,28,27.5,28
2006-06-23,27.7,28.2,27.7,28.2
2006-06-22,27.85,28.1,27.85,28.1
2006-06-21,27.85,28.1,27.85,28.1
2006-06-20,27.85,28.1,27.85,28.1
2006-06-19,27.7,28.2,27.7,28.2
2006-06-16,27.8,28.3,27.8,28.3
2006-06-15,27.8,28.3,27.8,28.3
2006-06-14,27.8,28.3,27.8,28.3
2006-06-13,27.8,28.3,27.8,28.3
2006-06-12,27.8,28.3,27.8,28.3
2006-06-09,27.8,28.3,27.8,28.3
2006-06-08,27.8,28.3,27.8,28.3
2006-06-07,27.5,27.95,27.5,27.95
2006-06-06,27.5,27.95,27.5,27.95
2006-06-05,27.5,27.95,27.5,27.95
2006-06-02,27.5,27.95,27.5,27.95
2006-06-01,27.5,27.95,27.5,27.95
2006-05-31,27.5,27.95,27.5,27.95
2006-05-30,27.5,27.95,27.5,27.95
2006-05-29,27.5,27.95,27.5,27.95
2006-05-26,27.5,27.95,27.5,27.95
2006-05-25,27.5,27.95,27.5,27.95
2006-05-24,27.5,27.95,27.5,27.95
2006-05-23,27.5,27.95,27.5,27.95
2006-05-22,27.5,27.95,27.5,27.95
2006-05-19,27.85,28.35,27.85,28.35
2006-05-18,27.85,28.35,27.85,28.35
2006-05-17,27.85,28.35,27.85,28.35
2006-05-16,27.5,28,27.5,28
2006-05-15,27.5,28,27.5,28
2006-05-12,27.5,27.95,27.5,27.95
2006-05-11,27.5,27.95,27.5,27.95
2006-05-10,27.5,27.95,27.5,27.95
2006-05-09,27.5,27.95,27.5,27.95
2006-05-08,27.5,27.95,27.5,27.95
2006-05-05,27.9,28.4,27.9,28.4
2006-05-04,27.9,28.4,27.9,28.4
2006-05-03,27.9,28.4,27.9,28.4
2006-05-02,27.9,28.4,27.9,28.4
2006-05-01,27.95,28.45,27.95,28.45
2006-04-28,27.95,28.45,27.95,28.45
2006-04-27,27.89,28.39,27.89,28.39
2006-04-26,27.9,28.4,27.9,28.4
2006-04-25,27.9,28.4,27.9,28.4
2006-04-24,28.2,28.7,28.2,28.7
2006-04-21,28.2,28.7,28.2,28.7
2006-04-20,28.3,28.8,28.3,28.8
2006-04-19,27.75,28.25,27.75,28.25
2006-04-18,27.9,28.4,27.9,28.4
2006-04-17,27.8,28.3,27.8,28.3
2006-04-14,27.8,28.3,27.8,28.3
2006-04-13,27.8,28.3,27.8,28.3
2006-04-12,27.85,28.35,27.85,28.35
2006-04-11,27.9,28.4,27.9,28.4
2006-04-10,27.5,28.05,27.5,28.05
2006-04-07,27.95,28.45,27.95,28.45
2006-04-06,27.95,28.45,27.95,28.45
2006-04-05,27.95,28.45,27.95,28.45
2006-04-04,27.9,28.4,27.9,28.4
2006-04-03,27.9,28.4,27.9,28.4
2006-03-31,27.85,28.35,27.85,28.35
2006-03-30,28,28.5,28,28.5
2006-03-29,28,28.5,28,28.5
2006-03-28,27.97,28.47,27.97,28.47
2006-03-27,27.97,28.47,27.97,28.47
2006-03-24,27.75,28.25,27.75,28.25
2006-03-23,27.75,28.25,27.75,28.25
2006-03-22,27.75,28.25,27.75,28.25
2006-03-21,27.8,27.9,27.8,27.9
2006-03-20,27.8,27.9,27.8,27.9
2006-03-17,27.8,27.9,27.8,27.9
2006-03-16,27.8,27.9,27.8,27.9
2006-03-15,27.8,27.9,27.8,27.9
2006-03-14,28,28.5,28,28.5
2006-03-13,28,28.5,28,28.5
2006-03-10,27.95,28.45,27.95,28.45
2006-03-09,27.95,28.45,27.95,28.45
2006-03-08,27.95,28.45,27.95,28.45
2006-03-07,27.95,28.45,27.95,28.45
2006-03-06,28.05,28.55,28.05,28.55
2006-03-03,27.75,28.25,27.75,28.25
2006-03-02,27.75,28.25,27.75,28.25
2006-03-01,27.75,28.25,27.75,28.25
2006-02-28,28.1,28.6,28.1,28.6
2006-02-27,27.9,28.4,27.9,28.4
2006-02-24,27.7,28.2,27.7,28.2
2006-02-23,27.7,28.2,27.7,28.2
2006-02-22,28.25,28.75,28.25,28.75
2006-02-21,27.85,28.35,27.85,28.35
2006-02-20,27.85,28.35,27.85,28.35
2006-02-17,27.85,28.35,27.85,28.35
2006-02-16,27.85,28.35,27.85,28.35
2006-02-15,27.9,28.4,27.9,28.4
2006-02-14,27.9,28.4,27.9,28.4
2006-02-13,27.9,28.4,27.9,28.4
2006-02-10,27.8,28.3,27.8,28.3
2006-02-09,27.8,28.3,27.8,28.3
2006-02-08,27.95,28.45,27.95,28.45
2006-02-07,27.95,28.45,27.95,28.45
2006-02-06,27.6,28.1,27.6,28.1
2006-02-03,27.6,28.1,27.6,28.1
2006-02-02,27.6,28.1,27.6,28.1
2006-02-01,27.6,28.1,27.6,28.1
2006-01-31,27.65,28.15,27.65,28.15
2006-01-30,27.2,27.975,27.2,27.975
2006-01-27,27.2,27.975,27.2,27.975
2006-01-26,27.2,27.975,27.2,27.975
2006-01-25,27.2,27.975,27.2,27.975
2006-01-24,28.1,28.6,28.1,28.6
2006-01-23,28.1,28.6,28.1,28.6
2006-01-20,28.1,28.6,28.1,28.6
2006-01-19,28.1,28.6,28.1,28.6
2006-01-18,28.1,28.6,28.1,28.6
2006-01-17,28.1,28.6,28.1,28.6
2006-01-16,28.1,28.6,28.1,28.6
2006-01-13,28.1,28.6,28.1,28.6
2006-01-12,28.1,28.6,28.1,28.6
2006-01-11,28.1,28.6,28.1,28.6
2006-01-10,28.1,28.6,28.1,28.6
2006-01-09,28.1,28.6,28.1,28.6
2006-01-06,28.2,28.7,28.2,28.7
2006-01-05,28.2,28.7,28.2,28.7
2006-01-04,28.2,28.7,28.2,28.7
2006-01-03,28.2,28.7,28.2,28.7
2006-01-02,28.2,28.7,28.2,28.7
2005-12-30,28.2,28.7,28.2,28.7
2005-12-29,28.2,28.7,28.2,28.7
2005-12-28,28.2,28.7,28.2,28.7
2005-12-27,28.2,28.7,28.2,28.7
2005-12-26,28.2,28.7,28.2,28.7
2005-12-23,28.2,28.7,28.2,28.7
2005-12-22,28.2,28.7,28.2,28.7
2005-12-21,28.2,28.7,28.2,28.7
2005-12-20,28.2,28.7,28.2,28.7
2005-12-19,28.2,28.7,28.2,28.7
2005-12-16,28,28.5,28,28.5
2005-12-15,28,28.5,28,28.5
2005-12-14,28,28.5,28,28.5
2005-12-13,28,28.5,28,28.5
2005-12-12,28,28.5,28,28.5
2005-12-09,28,28.5,28,28.5
2005-12-08,28,28.5,28,28.5
2005-12-07,28,28.5,28,28.5
2005-12-06,28,28.5,28,28.5
2005-12-05,28,28.5,28,28.5
2005-12-02,28,28.5,28,28.5
2005-12-01,28,28.5,28,28.5
2005-11-30,28,28.5,28,28.5
2005-11-29,28,28.5,28,28.5
2005-11-28,28,28.5,28,28.5
2005-11-25,28,28.5,28,28.5
2005-11-24,28,28.5,28,28.5
2005-11-23,28,28.5,28,28.5
2005-11-22,28,28.5,28,28.5
2005-11-21,28,28.5,28,28.5
2005-11-18,28,28.5,28,28.5
2005-11-17,28,28.75,28,28.75
2005-11-16,28,28.75,28,28.75
2005-11-15,28,28.75,28,28.75
2005-11-14,28,28.75,28,28.75
2005-11-11,28,28.75,28,28.75
2005-11-10,28,28.75,28,28.75
2005-11-09,28,28.75,28,28.75
2005-11-08,28,28.3,28,28.3
2005-11-07,28,28.3,28,28.3
2005-11-04,27.9,28.25,27.9,28.25
2005-11-03,27.25,28,27.25,28
2005-11-02,27.25,28,27.25,28
2005-11-01,27.25,28,27.25,28
2005-10-31,27.9,28.25,27.9,28.25
2005-10-28,27.9,28.25,27.9,28.25
2005-10-27,27.9,28.25,27.9,28.25
2005-10-26,27.9,28.25,27.9,28.25
2005-10-25,28.06,28.33,28.06,28.33
2005-10-24,28.06,28.33,28.06,28.33
2005-10-21,28.06,28.33,28.06,28.33
2005-10-20,28.1,28.35,28.1,28.35
2005-10-19,28,28.3,28,28.3
2005-10-18,28,28.3,28,28.3
2005-10-17,28.05,28.325,28.05,28.325
2005-10-14,27.8,28.2,27.8,28.2
2005-10-13,27.8,28.2,27.8,28.2
2005-10-12,27.8,28.2,27.8,28.2
2005-10-11,27.8,28.2,27.8,28.2
2005-10-10,27.75,28.175,27.75,28.175
2005-10-07,27.75,28.175,27.75,28.175
2005-10-06,27.75,28.175,27.75,28.175
2005-10-05,27.8,28.2,27.8,28.2
2005-10-04,28,28.3,28,28.3
2005-10-03,28.05,28.325,28.05,28.325
2005-09-30,28,28.3,28,28.3
2005-09-29,27.7,28.15,27.7,28.15
2005-09-28,27.7,28.15,27.7,28.15
2005-09-27,27.75,28.175,27.75,28.175
2005-09-26,27.85,28.225,27.85,28.225
2005-09-23,27.85,28.225,27.85,28.225
2005-09-22,27.6,28.1,27.6,28.1
2005-09-21,27.5,27.85,27.5,27.85
2005-09-20,27.5,27.85,27.5,27.85
2005-09-19,27.5,27.85,27.5,27.85
2005-09-16,27.5,27.85,27.5,27.85
2005-09-15,27.5,27.85,27.5,27.85
2005-09-14,27.5,27.85,27.5,27.85
2005-09-13,27.5,27.85,27.5,27.85
2005-09-12,27.5,27.85,27.5,27.85
2005-09-09,27.5,27.85,27.5,27.85
2005-09-08,27.5,27.85,27.5,27.85
2005-09-07,27.5,27.85,27.5,27.85
2005-09-06,27.5,27.85,27.5,27.85
2005-09-05,27.5,27.85,27.5,27.85
2005-09-02,27.5,27.85,27.5,27.85
2005-09-01,27.5,27.85,27.5,27.85
2005-08-31,27.5,27.85,27.5,27.85
2005-08-30,27.35,27.775,27.35,27.775
2005-08-29,27.65,27.925,27.65,27.925
2005-08-26,27.65,27.925,27.65,27.925
2005-08-25,27.65,27.925,27.65,27.925
2005-08-24,27.65,27.925,27.65,27.925
2005-08-23,27.65,27.925,27.65,27.925
2005-08-22,27.65,27.925,27.65,27.925
2005-08-19,27.5,27.85,27.5,27.85
2005-08-18,27.5,27.85,27.5,27.85
2005-08-17,26.95,27.725,26.95,27.725
2005-08-16,26.95,27.725,26.95,27.725
2005-08-15,26.95,27.725,26.95,27.725
2005-08-12,26.95,27.725,26.95,27.725
2005-08-11,27.2,27.7,27.2,27.7
2005-08-10,27.25,27.75,27.25,27.75
2005-08-09,27.25,27.75,27.25,27.75
2005-08-08,27.2,27.7,27.2,27.7
2005-08-05,27.2,27.7,27.2,27.7
2005-08-04,27.2,27.7,27.2,27.7
2005-08-03,27.2,27.7,27.2,27.7
2005-08-02,27.2,27.7,27.2,27.7
2005-08-01,27.2,27.7,27.2,27.7
2005-07-29,27.5,28,27.5,28
2005-07-28,27.35,27.925,27.35,27.925
2005-07-27,27.3,27.9,27.3,27.9
2005-07-26,27.25,27.875,27.25,27.875
2005-07-25,27.5,28,27.5,28
2005-07-22,27.5,28,27.5,28
2005-07-21,27.5,28,27.5,28
2005-07-20,27.5,28.1,27.5,28.1
2005-07-19,27.5,28.1,27.5,28.1
2005-07-18,27.5,28.1,27.5,28.1
2005-07-15,27.2,27.725,27.2,27.725
2005-07-14,27.2,27.725,27.2,27.725
2005-07-13,27.25,28.375,27.25,28.375
2005-07-12,27.25,28.375,27.25,28.375
2005-07-11,27.25,28.375,27.25,28.375
2005-07-08,27.25,28.375,27.25,28.375
2005-07-07,27,28.25,27,28.25
2005-07-06,27,28.25,27,28.25
2005-07-05,27.6,28.2,27.6,28.2
2005-07-04,27.3,28.4,27.3,28.4
2005-07-01,27.3,28.4,27.3,28.4
2005-06-30,27.3,28.4,27.3,28.4
2005-06-29,27.25,28.375,27.25,28.375
2005-06-28,27.3,28.4,27.3,28.4
2005-06-27,27.8,28.3,27.8,28.3
2005-06-24,27.25,28.375,27.25,28.375
2005-06-23,27.25,28.375,27.25,28.375
2005-06-22,27.25,28.375,27.25,28.375
2005-06-21,27.5,28.5,27.5,28.5
2005-06-20,27.75,28.25,27.75,28.25
2005-06-17,27,27.5,27,27.5
2005-06-16,27,27.5,27,27.5
2005-06-15,27,27.5,27,27.5
2005-06-14,29.25,29.75,29.25,29.75
2005-06-13,27.8,28.3,27.8,28.3
2005-06-10,27.5,28,27.5,28
2005-06-09,27.5,28,27.5,28
2005-06-08,27.25,27.75,27.25,27.75
2005-06-07,27.5,28,27.5,28
2005-06-06,27.5,28.25,27.5,28.25
2005-06-03,27.5,28.25,27.5,28.25
2005-06-02,27.25,27.325,27.25,27.325
2005-06-01,27.3,27.35,27.3,27.35
2005-05-31,27.21,27.71,27.21,27.71
2005-05-30,27.21,28.255,27.21,28.255
2005-05-27,27.21,28.255,27.21,28.255
2005-05-26,27.2,28.25,27.2,28.25
2005-05-25,27.2,28.25,27.2,28.25
2005-05-24,27.15,28.225,27.15,28.225
2005-05-23,27.1,28.2,27.1,28.2
2005-05-20,27.3,28.3,27.3,28.3
2005-05-19,27.8,27.9,27.8,27.9
2005-05-18,27.8,27.9,27.8,27.9
2005-05-17,27.22,28.21,27.22,28.21
2005-05-16,27.2,28.2,27.2,28.2
2005-05-13,27.4,28.45,27.4,28.45
2005-05-12,27.5,28.5,27.5,28.5
2005-05-11,28.85,29.425,28.85,29.425
2005-05-10,28.9,29.7,28.9,29.7
2005-05-09,27.8,28.35,27.8,28.35
2005-05-06,28,28.95,28,28.95
2005-05-05,28,28.95,28,28.95
2005-05-04,28,28.95,28,28.95
2005-05-03,27.75,28.5,27.75,28.5
2005-05-02,27.75,28.5,27.75,28.5
2005-04-29,27.75,28.5,27.75,28.5
2005-04-28,27.75,28.5,27.75,28.5
2005-04-27,27.75,28.5,27.75,28.5
2005-04-26,27.75,28.5,27.75,28.5
2005-04-25,27.75,28.5,27.75,28.5
2005-04-22,27.75,28.5,27.75,28.5
2005-04-21,27.75,28.5,27.75,28.5
2005-04-20,27.75,28.5,27.75,28.5
2005-04-19,27.75,28.5,27.75,28.5
2005-04-18,28.1,28.6,28.1,28.6
2005-04-15,28.4,29.1,28.4,29.1
2005-04-14,28.4,29.1,28.4,29.1
2005-04-13,28.4,29.1,28.4,29.1
2005-04-12,28.4,29.1,28.4,29.1
2005-04-11,28.4,28.85,28.4,28.85
2005-04-08,28.4,28.85,28.4,28.85
2005-04-07,28.4,28.85,28.4,28.85
2005-04-06,28.4,28.85,28.4,28.85
2005-04-05,28.4,28.85,28.4,28.85
2005-04-04,28.4,28.85,28.4,28.85
2005-04-01,28.4,28.85,28.4,28.85
2005-03-31,28.4,28.85,28.4,28.85
2005-03-30,28.4,28.85,28.4,28.85
2005-03-29,28.4,28.85,28.4,28.85
2005-03-28,28.4,28.85,28.4,28.85
2005-03-25,28.4,28.85,28.4,28.85
2005-03-24,28.4,28.85,28.4,28.85
2005-03-23,28.4,28.85,28.4,28.85
2005-03-22,28.4,28.85,28.4,28.85
2005-03-21,28.4,28.85,28.4,28.85
2005-03-18,28.4,28.85,28.4,28.85
2005-03-17,28.4,28.85,28.4,28.85
2005-03-16,28.4,28.85,28.4,28.85
2005-03-15,28.4,28.85,28.4,28.85
2005-03-14,28.4,28.85,28.4,28.85
2005-03-11,28.6,29.1,28.6,29.1
2005-03-10,28.6,29.1,28.6,29.1
2005-03-09,28.6,29.1,28.6,29.1
2005-03-08,28.6,29.1,28.6,29.1
2005-03-07,29,29.5,29,29.5
2005-03-04,29,29.5,29,29.5
2005-03-03,29,29.5,29,29.5
2005-03-02,29,29.5,29,29.5
2005-03-01,28.25,29.375,28.25,29.375
2005-02-28,28.25,29.375,28.25,29.375
2005-02-25,28.8,29.4,28.8,29.4
2005-02-24,28.8,29.4,28.8,29.4
2005-02-23,28.8,29.4,28.8,29.4
2005-02-22,28.8,29.4,28.8,29.4
2005-02-21,28.8,29.4,28.8,29.4
2005-02-18,28.8,29.4,28.8,29.4
2005-02-17,28.8,29.4,28.8,29.4
2005-02-16,28.8,29.4,28.8,29.4
2005-02-15,28.8,29.4,28.8,29.4
2005-02-14,28,29.125,28,29.125
2005-02-11,28,29.125,28,29.125
2005-02-10,28,29.125,28,29.125
2005-02-09,28,29.125,28,29.125
2005-02-08,28,29.125,28,29.125
2005-02-07,28,29.125,28,29.125
2005-02-04,28,29.125,28,29.125
2005-02-03,28,29.125,28,29.125
2005-02-02,28,29.125,28,29.125
2005-02-01,28,29.125,28,29.125
2005-01-31,28,29.125,28,29.125
2005-01-28,28,29.125,28,29.125
2005-01-27,28,29.125,28,29.125
2005-01-26,28,29.125,28,29.125
2005-01-25,28,29.125,28,29.125
2005-01-24,28,29.125,28,29.125
2005-01-21,28,29.125,28,29.125
2005-01-20,28,29.125,28,29.125
2005-01-19,28.9,29.3,28.9,29.3
2005-01-18,28.9,29.3,28.9,29.3
2005-01-17,28.9,29.3,28.9,29.3
2005-01-14,28.9,29.3,28.9,29.3
2005-01-13,28.9,29.3,28.9,29.3
2005-01-12,28.9,29.3,28.9,29.3
2005-01-11,28.5,29.5,28.5,29.5
2005-01-10,28.5,29.5,28.5,29.5
2005-01-07,28.5,29.5,28.5,29.5
2005-01-06,28.5,29.5,28.5,29.5
2005-01-05,28.5,29.5,28.5,29.5
2005-01-04,28.5,29.5,28.5,29.5
2005-01-03,28.5,29.5,28.5,29.5
2004-12-31,28.5,29.5,28.5,29.5
2004-12-30,28.5,29.5,28.5,29.5
2004-12-29,28.5,29.5,28.5,29.5
2004-12-28,28.5,29.5,28.5,29.5
2004-12-27,28.5,29.5,28.5,29.5
2004-12-24,28.5,29.5,28.5,29.5
2004-12-23,28.5,29.5,28.5,29.5
2004-12-22,28.5,29.5,28.5,29.5
2004-12-21,28.5,29.5,28.5,29.5
2004-12-20,28.5,29.5,28.5,29.5
2004-12-17,28.5,29.5,28.5,29.5
2004-12-16,28.5,29.5,28.5,29.5
2004-12-15,29,29.4,29,29.4
2004-12-14,29,29.4,29,29.4
2004-12-13,29,29.4,29,29.4
2004-12-10,29,29.6,29,29.6
2004-12-09,29,29.6,29,29.6
2004-12-08,29,29.6,29,29.6
2004-12-07,29,29.6,29,29.6
2004-12-06,29,29.6,29,29.6
2004-12-03,29,29.45,29,29.45
2004-12-02,29,29.45,29,29.45
2004-12-01,29,29.45,29,29.45
2004-11-30,29,29.45,29,29.45
2004-11-29,29,29.5,29,29.5
2004-11-26,29,29.5,29,29.5
2004-11-25,29,29.5,29,29.5
2004-11-24,29,29.5,29,29.5
2004-11-23,29,29.5,29,29.5
2004-11-22,29,29.5,29,29.5
2004-11-19,29,29.5,29,29.5
2004-11-18,29,29.5,29,29.5
2004-11-17,29,29.5,29,29.5
2004-11-16,28.5,29.25,28.5,29.25
2004-11-15,28.5,29.25,28.5,29.25
2004-11-12,28.5,29.25,28.5,29.25
2004-11-11,28.5,29.25,28.5,29.25
2004-11-10,28.5,29.25,28.5,29.25
2004-11-09,28.5,29.25,28.5,29.25
2004-11-08,28.5,29.25,28.5,29.25
2004-11-05,28.5,29.25,28.5,29.25
2004-11-04,28.5,29.25,28.5,29.25
2004-11-03,28.5,29.25,28.5,29.25
2004-11-02,29.5,29.8,29.5,29.8
2004-11-01,29.5,29.8,29.5,29.8
2004-10-29,29.5,29.8,29.5,29.8
2004-10-28,29.5,29.8,29.5,29.8
2004-10-27,28.97,28.97,28.97,28.97
2004-10-26,28.97,28.97,28.97,28.97
2004-10-25,28.5,29.25,28.5,29.25
2004-10-22,28.5,29.25,28.5,29.25
2004-10-21,28.9,28.9,28.9,28.9
2004-10-20,28.9,28.9,28.9,28.9
2004-10-19,28.9,28.9,28.9,28.9
2004-10-18,28.86,28.86,28.86,28.86
2004-10-15,28.86,28.86,28.86,28.86
2004-10-14,28.86,28.86,28.86,28.86
2004-10-13,28.86,28.86,28.86,28.86
2004-10-12,28.86,28.86,28.86,28.86
2004-10-11,28.86,28.86,28.86,28.86
2004-10-08,28.85,28.85,28.85,28.85
2004-10-07,28.85,28.85,28.85,28.85
2004-10-06,28.81,28.81,28.81,28.81
2004-10-05,28.8,28.8,28.8,28.8
2004-10-04,28.5,29.5,28.5,29.5
2004-10-01,28.5,29.5,28.5,29.5
2004-09-30,28.5,29.5,28.5,29.5
2004-09-29,28.5,29.5,28.5,29.5
2004-09-28,28.5,29.5,28.5,29.5
2004-09-27,28.5,29.5,28.5,29.5
2004-09-24,28.5,29.5,28.5,29.5
2004-09-23,28.5,29.5,28.5,29.5
2004-09-22,28,29.25,28,29.25
2004-09-21,28,29.25,28,29.25
2004-09-20,28,29.25,28,29.25
2004-09-17,28,29.25,28,29.25
2004-09-16,28,29.25,28,29.25
2004-09-15,28,29.25,28,29.25
2004-09-14,28,29.25,28,29.25
2004-09-13,28,29.25,28,29.25
2004-09-10,29.25,29.875,29.25,29.875
2004-09-09,29.25,29.875,29.25,29.875
2004-09-08,29.25,29.875,29.25,29.875
2004-09-07,29.25,29.875,29.25,29.875
2004-09-06,29.25,29.875,29.25,29.875
2004-09-03,29.25,29.875,29.25,29.875
2004-09-02,29.25,29.875,29.25,29.875
2004-09-01,29.25,29.875,29.25,29.875
2004-08-31,29.25,29.875,29.25,29.875
2004-08-30,29.25,29.875,29.25,29.875
2004-08-27,28,29,28,29
2004-08-26,28,29,28,29
2004-08-25,28,29,28,29
2004-08-24,28,29,28,29
2004-08-23,28,29.25,28,29.25
2004-08-20,28,29.25,28,29.25
2004-08-19,29,29.75,29,29.75
2004-08-18,29,29.75,29,29.75
2004-08-17,28,29,28,29
2004-08-16,28,29,28,29
2004-08-13,28,29,28,29
2004-08-12,28,29,28,29
2004-08-11,28,29,28,29
2004-08-10,28,29,28,29
2004-08-09,28,29,28,29
2004-08-06,28,29,28,29
2004-08-05,28,29,28,29
2004-08-04,29,29.75,29,29.75
2004-08-03,29,29.75,29,29.75
2004-08-02,29,29.75,29,29.75
2004-07-30,29,29.75,29,29.75
2004-07-29,29,29.75,29,29.75
2004-07-28,29,29.75,29,29.75
2004-07-27,29,29.75,29,29.75
2004-07-26,29,29.75,29,29.75
2004-07-23,29,29.75,29,29.75
2004-07-22,29,29.75,29,29.75
2004-07-21,29,29.75,29,29.75
2004-07-20,29,29.75,29,29.75
2004-07-19,29,29.75,29,29.75
2004-07-16,29,29.75,29,29.75
2004-07-15,29,29.75,29,29.75
2004-07-14,29,29.75,29,29.75
2004-07-13,29,29.75,29,29.75
2004-07-12,29,29.75,29,29.75
2004-07-09,29,29.75,29,29.75
2004-07-08,29,29.75,29,29.75
2004-07-07,29,29.75,29,29.75
2004-07-06,29,29.75,29,29.75
2004-07-05,29,29.75,29,29.75
2004-07-02,29,29.75,29,29.75
2004-07-01,29,29.75,29,29.75
2004-06-30,29,29.75,29,29.75
2004-06-29,29,29.75,29,29.75
2004-06-28,29,29.75,29,29.75
2004-06-25,28,29.25,28,29.25
2004-06-24,28,29.25,28,29.25
2004-06-23,28,29.25,28,29.25
2004-06-22,28,29.25,28,29.25
2004-06-21,28,29.25,28,29.25
2004-06-18,28,29.25,28,29.25
2004-06-17,28,29.25,28,29.25
2004-06-16,28,29.25,28,29.25
2004-06-15,28,29.25,28,29.25
2004-06-14,28,29.25,28,29.25
2004-06-11,28,29.25,28,29.25
2004-06-10,28,29.25,28,29.25
2004-06-09,28,29.25,28,29.25
2004-06-08,28,29.25,28,29.25
2004-06-07,28,29.25,28,29.25
2004-06-04,28,29.25,28,29.25
2004-06-03,28,29.25,28,29.25
2004-06-02,28,29.25,28,29.25
2004-06-01,28,29.25,28,29.25
2004-05-31,28,29.25,28,29.25
2004-05-28,28,29.25,28,29.25
2004-05-27,28,29.25,28,29.25
2004-05-26,28,29.25,28,29.25
2004-05-25,29.75,30.125,29.75,30.125
2004-05-24,29.75,30.125,29.75,30.125
2004-05-21,28,29.25,28,29.25
2004-05-20,28,29.25,28,29.25
2004-05-19,28,29.25,28,29.25
2004-05-18,28,29.25,28,29.25
2004-05-17,29,29.5,29,29.5
2004-05-14,29,29.5,29,29.5
2004-05-13,29,29.5,29,29.5
2004-05-12,28,29.25,28,29.25
2004-05-11,28,29.25,28,29.25
2004-05-10,28,29.25,28,29.25
2004-05-07,28,29.25,28,29.25
2004-05-06,28,29.25,28,29.25
2004-05-05,28,29.25,28,29.25
2004-05-04,28,29,28,29
2004-05-03,28,29,28,29
2004-04-30,28,29,28,29
2004-04-29,28,29,28,29
2004-04-28,28,29,28,29
2004-04-27,28,29,28,29
2004-04-26,28,29,28,29
2004-04-23,28,29,28,29
2004-04-22,28,29,28,29
2004-04-21,28,29,28,29
2004-04-20,28,29,28,29
2004-04-19,28,29,28,29
2004-04-16,28,29,28,29
2004-04-15,28,29,28,29
2004-04-14,28,29,28,29
2004-04-13,28,29,28,29
2004-04-12,28,29,28,29
2004-04-09,28,29,28,29
2004-04-08,28,29,28,29
2004-04-07,28,29,28,29
2004-04-06,28,29,28,29
2004-04-05,28,29,28,29
2004-04-02,28,29,28,29
2004-04-01,28,29,28,29
2004-03-31,28,29,28,29
2004-03-30,28,29,28,29
2004-03-29,28,29,28,29
2004-03-26,28,29,28,29
2004-03-25,28,29,28,29
2004-03-24,28,29,28,29
2004-03-23,28,29,28,29
2004-03-22,28,29,28,29
2004-03-19,28,29,28,29
2004-03-18,28,29,28,29
2004-03-17,28,29,28,29
2004-03-16,28,29,28,29
2004-03-15,28,29,28,29
2004-03-12,28,29,28,29
2004-03-11,28,29,28,29
2004-03-10,28,29,28,29
2004-03-09,28,29,28,29
2004-03-08,28,29,28,29
2004-03-05,28,29,28,29
2004-03-04,28,29,28,29
2004-03-03,28,29,28,29
2004-03-02,28,29,28,29
2004-03-01,28,29,28,29
2004-02-27,28.5,29.75,28.5,29.75
2004-02-26,28.5,29.75,28.5,29.75
2004-02-25,28.5,29.75,28.5,29.75
2004-02-24,28.5,29.75,28.5,29.75
2004-02-23,28.5,29.75,28.5,29.75
2004-02-20,28.5,29.75,28.5,29.75
2004-02-19,28.5,29.75,28.5,29.75
2004-02-18,28.5,29.75,28.5,29.75
2004-02-17,28.5,29.75,28.5,29.75
2004-02-16,28.5,29.75,28.5,29.75
2004-02-13,28.5,29.75,28.5,29.75
2004-02-12,28.5,29.75,28.5,29.75
2004-02-11,28.5,29.75,28.5,29.75
2004-02-10,28.5,29.75,28.5,29.75
2004-02-09,28.5,29.75,28.5,29.75
2004-02-06,28.5,29.75,28.5,29.75
2004-02-05,28.5,29.75,28.5,29.75
2004-02-04,28.5,29.75,28.5,29.75
2004-02-03,28.5,29.75,28.5,29.75
2004-02-02,28.5,29.75,28.5,29.75
2004-01-30,28.5,29.75,28.5,29.75
2004-01-29,28.5,29.75,28.5,29.75
2004-01-28,28.5,29.75,28.5,29.75
2004-01-27,28.5,29.75,28.5,29.75
2004-01-26,28.5,29.75,28.5,29.75
2004-01-23,28.5,29.75,28.5,29.75
2004-01-22,28.5,29.75,28.5,29.75
2004-01-21,28.5,29.75,28.5,29.75
2004-01-20,28.5,29.75,28.5,29.75
2004-01-19,28.5,29.75,28.5,29.75
2004-01-16,28.5,29.75,28.5,29.75
2004-01-15,28.5,29.75,28.5,29.75
2004-01-14,28.5,29.75,28.5,29.75
2004-01-13,28.5,29.75,28.5,29.75
2004-01-12,28.5,29.75,28.5,29.75
2004-01-09,29,30,29,30
2004-01-08,29,30,29,30
2004-01-07,29,30,29,30
2004-01-06,29,30,29,30
2004-01-05,29,30,29,30
2004-01-02,29,30,29,30
2003-12-31,29,30,29,30
2003-12-30,29,30,29,30
2003-12-29,29,30,29,30
2003-12-26,29,30,29,30
2003-12-25,29,30,29,30
2003-12-24,29,30,29,30
2003-12-23,29,30,29,30
2003-12-22,29,30,29,30
2003-12-19,29,30,29,30
2003-12-18,29,30,29,30
2003-12-17,29,30,29,30
2003-12-16,29,30,29,30
2003-12-15,29,30,29,30
2003-12-12,29,30,29,30
2003-12-11,29,30,29,30
2003-12-10,29,30,29,30
2003-12-09,29,30,29,30
2003-12-08,29,30,29,30
2003-12-05,29,30,29,30
2003-12-04,29,30,29,30
2003-12-03,29,30,29,30
2003-12-02,29,30,29,30
2003-12-01,29,30,29,30
2003-11-28,29,30,29,30
2003-11-27,29,30,29,30
2003-11-26,29,30,29,30
2003-11-25,30,31,30,31
2003-11-24,30.6,31.45,30.6,31.45
2003-11-21,30.6,31.45,30.6,31.45
2003-11-20,30.6,31.45,30.6,31.45
2003-11-19,30.6,31.45,30.6,31.45
2003-11-18,30.5,31.75,30.5,31.75
2003-11-17,30.5,31.75,30.5,31.75
2003-11-14,30.5,31.75,30.5,31.75
2003-11-13,30.5,31.75,30.5,31.75
2003-11-12,30.5,31.75,30.5,31.75
2003-11-11,30.5,31.75,30.5,31.75
2003-11-10,30.5,31.75,30.5,31.75
2003-11-07,30.5,31.75,30.5,31.75
2003-11-06,30.5,31.75,30.5,31.75
2003-11-05,30.5,31.75,30.5,31.75
2003-11-04,30.5,31.75,30.5,31.75
2003-11-03,30.5,31.75,30.5,31.75
2003-10-31,30.5,31.75,30.5,31.75
2003-10-30,30.5,31.75,30.5,31.75
2003-10-29,28.5,29.75,28.5,29.75
2003-10-28,28.5,29.75,28.5,29.75
2003-10-27,28.5,29.75,28.5,29.75
2003-10-24,28.5,29.75,28.5,29.75
2003-10-23,28.5,29.75,28.5,29.75
2003-10-22,28.5,29.75,28.5,29.75
2003-10-21,28.5,29.75,28.5,29.75
2003-10-20,28.5,29.75,28.5,29.75
2003-10-17,28.5,29.75,28.5,29.75
2003-10-16,28.5,29.75,28.5,29.75
2003-10-15,28.5,29.75,28.5,29.75
2003-10-14,28.5,29.75,28.5,29.75
2003-10-13,28.5,29.75,28.5,29.75
2003-10-10,28.5,29.75,28.5,29.75
2003-10-09,28.5,29.75,28.5,29.75
2003-10-08,28.5,29.75,28.5,29.75
2003-10-07,28.5,29.75,28.5,29.75
2003-10-06,28.5,29.75,28.5,29.75
2003-10-03,28.5,29.75,28.5,29.75
2003-10-02,28.5,29.75,28.5,29.75
2003-10-01,28.5,29.75,28.5,29.75
2003-09-30,28.5,29.75,28.5,29.75
2003-09-29,28.5,29.75,28.5,29.75
2003-09-26,28.5,29.75,28.5,29.75
2003-09-25,28.5,29.75,28.5,29.75
2003-09-24,28.5,29.75,28.5,29.75
2003-09-23,28.5,29.75,28.5,29.75
2003-09-22,28.5,29.75,28.5,29.75
2003-09-19,28.5,29.75,28.5,29.75
2003-09-18,28.5,29.75,28.5,29.75
2003-09-17,28.5,29.75,28.5,29.75
2003-09-16,28.5,29.75,28.5,29.75
2003-09-15,28.5,29.75,28.5,29.75
2003-09-12,27,27,27,27
2003-09-11,27,27,27,27
2003-09-10,27,27,27,27
2003-09-09,28,28,28,28
2003-09-08,28,28,28,28
2003-09-05,28,28,28,28
2003-09-04,28,28,28,28
2003-09-03,28,28,28,28
2003-09-02,28,28,28,28
2003-09-01,28,28,28,28
2003-08-29,28,28,28,28
2003-08-28,28,28,28,28
2003-08-27,28,28,28,28
2003-08-26,28,28,28,28
2003-08-25,28,28,28,28
2003-08-22,28,28,28,28
2003-08-21,28,28,28,28
2003-08-20,28,28,28,28
2003-08-19,28,28,28,28
2003-08-18,28,28,28,28
2003-08-15,28,28,28,28
2003-08-14,28,28,28,28
2003-08-13,28,28,28,28
2003-08-12,25.75,25.75,25.75,25.75
2003-08-11,28,28,28,28
2003-08-08,28.25,28.25,28.25,28.25
2003-08-07,28.5,28.5,28.5,28.5
2003-08-06,28.5,28.5,28.5,28.5
2003-08-05,26.25,26.25,26.25,26.25
2003-08-04,26.25,26.25,26.25,26.25
2003-08-01,26,26,26,26
2003-07-31,25,25,25,25
2003-07-30,24.5,24.5,24.5,24.5
2003-07-29,27.5,27.5,27.5,27.5
2003-07-28,24.5,24.5,24.5,24.5
2003-07-25,24.5,24.5,24.5,24.5
2003-07-24,24.5,24.5,24.5,24.5
2003-07-23,24.5,24.5,24.5,24.5
2003-07-22,25.5,25.5,25.5,25.5
2003-07-21,25.5,25.5,25.5,25.5
2003-07-18,24,24,24,24
2003-07-17,24,24,24,24
2003-07-16,24,24,24,24
2003-07-15,24,24,24,24
2003-07-14,24.5,24.5,24.5,24.5
2003-07-11,24.5,24.5,24.5,24.5
2003-07-10,24.5,24.5,24.5,24.5
2003-07-09,25,25,25,25
2003-07-08,25,25,25,25
2003-07-07,25,25,25,25
2003-07-04,25,25,25,25
2003-07-03,25,25,25,25
2003-07-02,24.5,24.5,24.5,24.5
2003-07-01,24.5,24.5,24.5,24.5
2003-06-30,25,25,25,25
2003-06-27,25,25,25,25
2003-06-26,25,25,25,25
2003-06-25,25,25,25,25
2003-06-24,25,25,25,25
2003-06-23,26,26,26,26
2003-06-20,25,26,25,26
2003-06-19,25,26,25,26
2003-06-18,25,26,25,26
2003-06-17,25,26,25,26
2003-06-16,25,26,25,26
2003-06-13,25,26,25,26
2003-06-12,25,26,25,26
2003-06-11,25.5,26.5,25.5,26.5
2003-06-10,25.5,26.5,25.5,26.5
2003-06-09,24,25,24,25
2003-06-06,24,25,24,25
2003-06-05,26,26,26,26
2003-06-04,24,25,24,25
2003-06-03,24,25,24,25
2003-06-02,24,25,24,25
2003-05-30,24,25,24,25
2003-05-29,24,25,24,25
2003-05-28,24,25,24,25
2003-05-27,24,25,24,25
2003-05-26,24,25,24,25
2003-05-23,24,25,24,25
2003-05-22,24,25,24,25
2003-05-21,24,25,24,25
2003-05-20,24,25,24,25
2003-05-19,24,25,24,25
2003-05-16,24,25,24,25
2003-05-15,24,25,24,25
2003-05-14,24,25,24,25
2003-05-13,24,25,24,25
2003-05-12,24,24.5,24,24.5
2003-05-09,24,24.5,24,24.5
2003-05-08,24,24.5,24,24.5
2003-05-07,24,24.5,24,24.5
2003-05-06,24,24.5,24,24.5
2003-05-05,24,24.5,24,24.5
2003-05-02,24,24.5,24,24.5
2003-05-01,24,24.5,24,24.5
2003-04-30,25.9,25.9,25.9,25.9
2003-04-29,24,24.5,24,24.5
2003-04-28,24,24.5,24,24.5
2003-04-25,24,24.5,24,24.5
2003-04-24,24,24.5,24,24.5
2003-04-23,24,24.5,24,24.5
2003-04-22,24,24.5,24,24.5
2003-04-21,25.5,26.5,25.5,26.5
2003-04-18,25.5,26.5,25.5,26.5
2003-04-17,25.5,26.5,25.5,26.5
2003-04-16,25.9,25.9,25.9,25.9
2003-04-15,25.9,25.9,25.9,25.9
2003-04-14,25.9,25.9,25.9,25.9
2003-04-11,25.9,25.9,25.9,25.9
2003-04-10,24,25,24,25
2003-04-09,24,25,24,25
2003-04-08,24,25,24,25
2003-04-07,24,25,24,25
2003-04-04,24,25,24,25
2003-04-03,24,25,24,25
2003-04-02,24,25,24,25
2003-04-01,24,25,24,25
2003-03-31,24,25,24,25
2003-03-28,24,25,24,25
2003-03-27,24,25,24,25
2003-03-26,24,25,24,25
2003-03-25,24,25,24,25
2003-03-24,24,25,24,25
2003-03-21,24,25,24,25
2003-03-20,24,25,24,25
2003-03-19,24,25,24,25
2003-03-18,23.5,24.5,23.5,24.5
2003-03-17,23.5,24.5,23.5,24.5
2003-03-14,23.5,24.5,23.5,24.5
2003-03-13,23.5,24.5,23.5,24.5
2003-03-12,26,26.5,26,26.5
2003-03-11,25,25.5,25,25.5
2003-03-10,25,25.5,25,25.5
2003-03-07,25,26,25,26
2003-03-06,23.5,24.5,23.5,24.5
2003-03-05,26.5,26.5,26.5,26.5
2003-03-04,23,24.125,23,24.125
2003-03-03,23,24.125,23,24.125
2003-02-28,23,24.125,23,24.125
2003-02-18,23.5,24.5,23.5,24.5
2003-02-17,23.5,24.5,23.5,24.5
2003-02-14,23.5,24.5,23.5,24.5
2003-02-13,23.5,24.5,23.5,24.5
2003-02-12,23.5,24.5,23.5,24.5
2003-02-11,23.5,24.5,23.5,24.5
2003-02-05,23,24,23,24
2003-02-04,23,24,23,24
2003-02-03,23,24,23,24
2003-01-31,23,24,23,24
2003-01-30,23,24,23,24
2003-01-29,23,24,23,24
2003-01-28,23,24,23,24
2003-01-27,23,24,23,24
2003-01-24,23,24,23,24
2003-01-23,23,24,23,24
2003-01-22,23,24,23,24
2003-01-21,23,24,23,24
2003-01-20,23,24,23,24
2003-01-17,23,24,23,24
2003-01-16,23,24,23,24
2003-01-15,23,24,23,24
2003-01-14,23,24,23,24
2003-01-13,23,24,23,24
2003-01-10,23,24,23,24
2003-01-09,24,24.5,24,24.5
2003-01-08,24,24.5,24,24.5
2003-01-07,24,24.5,24,24.5
2003-01-06,22.75,23,22.75,23
2003-01-03,22.75,23,22.75,23
2003-01-02,22.75,23,22.75,23
2003-01-01,22.75,23,22.75,23
