Date,Open,High,Low,Close
2022-03-02,15.4232,15.5666,15.2869,15.3071
2022-03-01,15.3892,15.5,15.2513,15.4224
2022-02-28,15.1456,15.503,15.1456,15.3614
2022-02-25,15.3632,15.3905,15.1047,15.1381
2022-02-24,15.135,15.5363,15.0867,15.3554
2022-02-23,15.0442,15.1421,14.9726,15.1071
2022-02-22,15.1417,15.234,15.0131,15.0558
2022-02-21,15.1073,15.2054,15.0394,15.1232
2022-02-18,14.9752,15.1773,14.9299,15.0784
2022-02-17,14.9971,15.1044,14.9095,14.9874
2022-02-16,15.1029,15.1575,14.9785,14.9878
2022-02-15,15.1325,15.251,14.9916,15.1081
2022-02-14,15.2096,15.2874,15.088,15.1185
2022-02-11,15.1678,15.2761,15.0565,15.2007
2022-02-10,15.2051,15.271,14.9779,15.1614
2022-02-09,15.3579,15.3946,15.1634,15.2068
2022-02-08,15.5036,15.5926,15.3368,15.3385
2022-02-07,15.4707,15.5595,15.3941,15.51
2022-02-04,15.2925,15.534,15.2229,15.4836
2022-02-03,15.3343,15.4035,15.2384,15.2541
2022-02-02,15.2721,15.4029,15.2135,15.334
2022-02-01,15.3788,15.428,15.2039,15.2578
2022-01-31,15.61,15.6321,15.3278,15.3808
2022-01-28,15.4584,15.7075,15.4208,15.5804
2022-01-27,15.3373,15.5355,15.21,15.4596
2022-01-26,15.2504,15.3699,15.1184,15.3311
2022-01-25,15.285,15.3693,15.2079,15.2183
2022-01-24,15.0919,15.3991,15.081,15.2643
2022-01-21,15.2154,15.2838,15.0599,15.0941
2022-01-20,15.3306,15.3517,15.0961,15.2016
2022-01-19,15.518,15.5413,15.2739,15.3263
2022-01-18,15.4168,15.5752,15.3579,15.5021
2022-01-17,15.3896,15.4572,15.3231,15.3797
2022-01-14,15.4104,15.4518,15.2664,15.3846
2022-01-13,15.3117,15.4463,15.2609,15.3996
2022-01-12,15.576,15.5773,15.2899,15.294
2022-01-11,15.6312,15.6939,15.5079,15.525
2022-01-10,15.6267,15.7429,15.5635,15.6589
2022-01-07,15.7333,15.7958,15.5523,15.5875
2022-01-06,15.8868,15.992,15.6642,15.7275
2022-01-05,16.0184,16.0644,15.7076,15.8962
2022-01-04,15.9092,16.0803,15.8076,16.0047
2022-01-03,16.0038,16.0091,15.7614,15.8728
2021-12-31,15.9066,16.0003,15.8712,15.9921
2021-12-30,15.9388,16.0266,15.8805,15.922
2021-12-29,15.7382,15.9745,15.7308,15.9299
2021-12-28,15.54,15.8392,15.5198,15.7554
2021-12-27,15.561,15.576,15.4974,15.5338
2021-12-24,15.6667,15.6886,15.5062,15.5535
2021-12-23,15.6986,15.8201,15.6102,15.6553
2021-12-22,15.8525,15.9219,15.6725,15.687
2021-12-21,15.7714,15.8995,15.7318,15.8433
2021-12-20,15.8807,15.9676,15.7276,15.7566
2021-12-17,15.9376,15.9805,15.799,15.874
2021-12-16,16.0001,16.0423,15.8971,15.9343
2021-12-15,16.1208,16.2696,15.946,15.9704
2021-12-14,16.0312,16.1748,15.9841,16.0892
2021-12-13,15.9761,16.0702,15.8648,16.0215
2021-12-10,15.9275,16.0933,15.8667,15.9741
2021-12-09,15.717,16.0174,15.6804,15.92
2021-12-08,15.8482,15.8999,15.6669,15.6948
2021-12-07,15.9054,16.0425,15.8347,15.8396
2021-12-06,16.082,16.083,15.8294,15.8821
2021-12-03,15.9479,16.1505,15.7944,16.0768
2021-12-02,16.0246,16.0623,15.7696,15.9287
2021-12-01,15.909,16.0582,15.7355,16.0296
2021-11-30,16.1479,16.251,15.8504,15.8735
2021-11-29,16.3079,16.3079,16.0715,16.1421
2021-11-26,15.945,16.3683,15.945,16.3027
2021-11-25,15.8881,15.9833,15.8083,15.958
2021-11-24,15.8167,15.9821,15.7997,15.8932
2021-11-23,15.8438,15.944,15.7553,15.8284
2021-11-22,15.7227,15.8668,15.685,15.8503
2021-11-19,15.644,15.7894,15.5341,15.7177
2021-11-18,15.5057,15.7705,15.4486,15.5728
2021-11-17,15.5094,15.5829,15.4446,15.4933
2021-11-16,15.2488,15.5616,15.1796,15.5051
2021-11-15,15.3321,15.3636,15.1511,15.2289
2021-11-12,15.2929,15.3788,15.2228,15.3329
2021-11-11,15.4204,15.4922,15.1812,15.2979
2021-11-10,15.0333,15.4756,15.0264,15.4143
2021-11-09,14.9142,15.1144,14.861,15.0092
2021-11-08,15.0579,15.1208,14.8949,14.9083
2021-11-05,15.2109,15.3142,15.0136,15.0504
2021-11-04,15.2615,15.3536,15.1413,15.2075
2021-11-03,15.4385,15.4946,15.2302,15.2589
2021-11-02,15.4057,15.4944,15.3498,15.4318
2021-11-01,15.2088,15.4526,15.2079,15.4172
2021-10-29,15.1431,15.3313,15.1112,15.2038
2021-10-28,15.0871,15.1838,15.0448,15.1315
2021-10-27,14.8342,15.0907,14.8095,15.0775
2021-10-26,14.7031,14.8713,14.6518,14.8011
2021-10-25,14.825,14.8905,14.6739,14.7046
2021-10-22,14.6855,14.8444,14.5614,14.8175
2021-10-21,14.3981,14.7037,14.3793,14.6675
2021-10-20,14.5297,14.5781,14.3503,14.3925
2021-10-19,14.6818,14.6953,14.5023,14.5224
2021-10-18,14.64,14.8052,14.6081,14.6816
2021-10-15,14.7787,14.803,14.5935,14.5943
2021-10-14,14.8069,14.8361,14.7009,14.7846
2021-10-13,14.9771,14.9891,14.784,14.8039
2021-10-12,15.0594,15.0922,14.9099,14.9755
2021-10-11,14.9607,15.081,14.8966,15.0543
2021-10-08,14.9565,15.0112,14.7861,14.9532
2021-10-07,15.0013,15.0341,14.8182,14.93
2021-10-06,14.9973,15.2022,14.9542,14.9638
2021-10-05,15.0338,15.1131,14.9531,14.9884
2021-10-04,14.9067,15.0786,14.8505,15.0238
2021-10-01,15.0892,15.1498,14.8391,14.8682
2021-09-30,15.1831,15.2551,14.983,15.0884
2021-09-29,15.095,15.2266,14.9659,15.1756
2021-09-28,14.9708,15.1719,14.9109,15.0925
2021-09-27,14.9492,15.1057,14.8594,14.9563
2021-09-24,14.745,15.0405,14.7345,14.9417
2021-09-23,14.7778,14.8679,14.5662,14.7388
2021-09-22,14.8417,14.8833,14.6543,14.7902
2021-09-21,14.7888,14.9023,14.6569,14.8246
2021-09-20,14.7188,14.8632,14.7188,14.785
2021-09-17,14.5882,14.7923,14.534,14.6825
2021-09-16,14.4342,14.6292,14.3806,14.5915
2021-09-15,14.3121,14.4892,14.2447,14.4067
2021-09-14,14.1491,14.343,14.1247,14.3192
2021-09-13,14.2093,14.2601,14.1258,14.1496
2021-09-10,14.1981,14.2348,14.0612,14.1983
2021-09-09,14.1996,14.2499,14.0969,14.1998
2021-09-08,14.311,14.3671,14.1611,14.1806
2021-09-07,14.247,14.3586,14.2241,14.3022
2021-09-06,14.3013,14.3717,14.2263,14.2245
2021-09-03,14.4558,14.4905,14.2481,14.3098
2021-09-02,14.4167,14.4976,14.3117,14.4516
2021-09-01,14.5166,14.5477,14.3619,14.4083
2021-08-31,14.6396,14.6933,14.4463,14.5112
2021-08-30,14.7432,14.7488,14.5915,14.6622
2021-08-27,14.8985,14.9559,14.6877,14.7163
2021-08-26,14.9556,15.0122,14.8776,14.9214
2021-08-25,15.0104,15.0591,14.9011,14.9494
2021-08-24,15.1553,15.1877,14.9763,15.0016
2021-08-23,15.3015,15.3394,15.1082,15.1167
2021-08-20,15.2166,15.3964,15.1536,15.2943
2021-08-19,14.9254,15.2738,14.9005,15.2013
2021-08-18,14.9086,15.0027,14.837,14.9385
2021-08-17,14.8271,14.9934,14.7842,14.8933
2021-08-16,14.7291,14.8636,14.6875,14.8318
2021-08-13,14.7721,14.8788,14.6851,14.7207
2021-08-12,14.6637,14.8095,14.6307,14.778
2021-08-11,14.814,14.9074,14.6152,14.6511
2021-08-10,14.7503,14.8576,14.7303,14.7916
2021-08-09,14.5898,14.7966,14.5743,14.7783
2021-08-06,14.5091,14.7033,14.4471,14.5927
2021-08-05,14.365,14.7236,14.3323,14.5029
2021-08-04,14.32,14.4184,14.2223,14.3652
2021-08-03,14.4725,14.4744,14.2942,14.3088
2021-08-02,14.5604,14.6551,14.3724,14.4546
2021-07-30,14.5571,14.6665,14.5219,14.5622
2021-07-29,14.782,14.7822,14.5282,14.5494
2021-07-28,14.8126,14.8936,14.7095,14.7745
2021-07-27,14.7983,14.9581,14.7604,14.7791
2021-07-26,14.7875,14.9989,14.7636,14.8069
2021-07-23,14.6983,14.8667,14.6758,14.8425
2021-07-22,14.6033,14.7601,14.5092,14.683
2021-07-21,14.5959,14.7398,14.5366,14.5958
2021-07-20,14.5708,14.6804,14.504,14.6004
2021-07-19,14.3637,14.6069,14.3637,14.5648
2021-07-16,14.5721,14.586,14.3349,14.3858
2021-07-15,14.535,14.6223,14.4432,14.557
2021-07-14,14.7328,14.7917,14.4427,14.5071
2021-07-13,14.4104,14.7673,14.3804,14.7279
2021-07-12,14.196,14.5062,14.196,14.4058
2021-07-09,14.3391,14.3578,14.1619,14.1746
2021-07-08,14.3179,14.4435,14.2853,14.3317
2021-07-07,14.3816,14.4161,14.2487,14.3046
2021-07-06,14.2637,14.4201,14.164,14.3791
2021-07-05,14.3188,14.3188,14.2019,14.2581
2021-07-02,14.4224,14.5198,14.2182,14.2503
2021-07-01,14.2826,14.4805,14.2339,14.4174
2021-06-30,14.3483,14.3596,14.2142,14.2676
2021-06-29,14.2248,14.3765,14.215,14.3466
2021-06-28,14.1723,14.281,14.1362,14.235
2021-06-25,14.2038,14.2177,14.0197,14.1412
2021-06-24,14.2286,14.2878,14.1549,14.1913
2021-06-23,14.2717,14.2913,14.1408,14.2075
2021-06-22,14.2392,14.3909,14.1459,14.2625
2021-06-21,14.3881,14.4031,14.2077,14.2296
2021-06-18,14.0795,14.4005,14.0583,14.3806
2021-06-17,14.0042,14.1634,13.9393,14.072
2021-06-16,13.7729,14.0434,13.6778,14.0092
2021-06-15,13.787,13.8581,13.7088,13.7607
2021-06-14,13.6925,13.8072,13.6854,13.765
2021-06-11,13.5968,13.7651,13.5206,13.6758
2021-06-10,13.7461,13.7685,13.5694,13.5947
2021-06-09,13.5479,13.7679,13.5191,13.7506
2021-06-08,13.4975,13.6093,13.4876,13.5656
2021-06-07,13.4,13.5428,13.4,13.49
2021-06-04,13.6317,13.6903,13.4139,13.4346
2021-06-03,13.5254,13.6587,13.4959,13.6301
2021-06-02,13.7481,13.821,13.5082,13.5117
2021-06-01,13.7258,13.8008,13.6781,13.7459
2021-05-31,13.775,13.805,13.7132,13.7183
2021-05-28,13.7692,13.8794,13.7255,13.7579
2021-05-27,13.7731,13.8067,13.6758,13.752
2021-05-26,13.8671,13.8806,13.7407,13.7656
2021-05-25,13.9192,13.9363,13.8138,13.8541
2021-05-24,13.955,14.0303,13.9047,13.9167
2021-05-21,13.9954,14.0128,13.8906,13.956
2021-05-20,14.1063,14.1184,13.9615,13.9692
2021-05-19,14.0002,14.1319,13.9709,14.1005
2021-05-18,14.0994,14.1174,13.9638,13.9875
2021-05-17,14.1183,14.1883,14.088,14.1079
2021-05-14,14.1053,14.1843,14.0209,14.1108
2021-05-13,14.1305,14.2019,14.0556,14.1075
2021-05-12,14.0258,14.1454,13.9576,14.1138
2021-05-11,14.0346,14.0848,13.9492,13.9943
2021-05-10,14.0593,14.1256,13.9622,14.039
2021-05-07,14.2205,14.2701,14.0492,14.0541
2021-05-06,14.3763,14.3853,14.1832,14.2401
2021-05-05,14.5,14.533,14.3412,14.3617
2021-05-04,14.3946,14.5446,14.3884,14.4541
2021-05-03,14.5321,14.5321,14.3674,14.3913
2021-04-30,14.3117,14.5188,14.286,14.4938
2021-04-29,14.2479,14.3637,14.1463,14.3008
2021-04-28,14.3496,14.4397,14.2062,14.2275
2021-04-27,14.2725,14.3923,14.2546,14.3629
2021-04-26,14.3073,14.3073,14.2218,14.2722
2021-04-23,14.307,14.3573,14.2354,14.2685
2021-04-22,14.2463,14.3665,14.2008,14.2975
2021-04-21,14.3033,14.3401,14.2254,14.2408
2021-04-20,14.2246,14.3399,14.184,14.2971
2021-04-19,14.3421,14.3421,14.1704,14.2144
2021-04-16,14.2,14.3519,14.1457,14.3009
2021-04-15,14.3976,14.4394,14.1509,14.1556
2021-04-14,14.5308,14.5363,14.368,14.3872
2021-04-13,14.5817,14.6882,14.5009,14.5233
2021-04-12,14.625,14.6692,14.5447,14.5651
2021-04-09,14.52,14.6294,14.5001,14.5937
2021-04-08,14.5667,14.5933,14.4445,14.5041
2021-04-07,14.5333,14.6044,14.4833,14.5546
2021-04-06,14.5567,14.6224,14.4882,14.5168
2021-04-05,14.6819,14.7109,14.5213,14.5457
2021-04-02,14.6583,14.6875,14.6038,14.6712
2021-04-01,14.7767,14.8479,14.6112,14.6145
2021-03-31,14.9172,14.9684,14.7206,14.7665
2021-03-30,14.915,15.0007,14.8669,14.9129
2021-03-29,15.0045,15.0714,14.8704,14.9042
2021-03-26,15.0475,15.1033,14.9323,14.997
2021-03-25,14.9204,15.0966,14.858,15.0196
2021-03-24,14.9098,14.9985,14.7512,14.9699
2021-03-23,14.7196,14.9445,14.6901,14.9023
2021-03-22,14.8467,14.9559,14.6737,14.7088
2021-03-19,14.7879,14.8253,14.6446,14.7002
2021-03-18,14.6532,14.8225,14.6082,14.7673
2021-03-17,14.8699,14.9805,14.6125,14.6463
2021-03-16,14.8575,14.9578,14.7733,14.8563
2021-03-15,14.9,15.0325,14.829,14.8558
2021-03-12,14.8297,15.0449,14.8038,14.9323
2021-03-11,15.0886,15.1202,14.7869,14.8229
2021-03-10,15.2934,15.3771,15.0528,15.0649
2021-03-09,15.515,15.5555,15.2685,15.295
2021-03-08,15.3554,15.5731,15.3099,15.5316
2021-03-05,15.2742,15.4415,15.2272,15.3479
2021-03-04,15.0873,15.3462,14.996,15.2918
2021-03-03,14.9633,15.1135,14.8559,15.0785
2021-03-02,15.0175,15.1192,14.92,14.9326
2021-03-01,15.1001,15.1394,14.8952,15.01
2021-02-26,15.0276,15.1977,14.8081,15.0926
2021-02-25,14.4981,15.1094,14.4513,15.0625
2021-02-24,14.5393,14.6619,14.396,14.4887
2021-02-23,14.6763,14.7516,14.5324,14.5343
2021-02-22,14.6533,14.9251,14.6195,14.6659
2021-02-19,14.5917,14.7395,14.5213,14.6449
2021-02-18,14.6308,14.7232,14.5027,14.5984
2021-02-17,14.67,14.8273,14.6155,14.6427
2021-02-16,14.4546,14.7092,14.4023,14.6496
2021-02-15,14.5438,14.5594,14.4144,14.4432
2021-02-12,14.6683,14.6975,14.5205,14.5492
2021-02-11,14.7475,14.7731,14.6053,14.6286
2021-02-10,14.7335,14.7665,14.6365,14.7454
2021-02-09,14.883,14.8834,14.7147,14.7234
2021-02-08,14.8777,15.0134,14.8349,14.8763
2021-02-05,15.0031,15.0349,14.8216,14.8664
2021-02-04,14.9388,15.1279,14.924,14.9963
2021-02-03,14.9674,15.0246,14.8824,14.9354
2021-02-02,15.0625,15.084,14.8911,14.9576
2021-02-01,15.165,15.2223,14.9676,15.0665
2021-01-29,15.2067,15.2925,14.9525,15.1575
2021-01-28,15.2612,15.383,15.0537,15.175
2021-01-27,15.0521,15.3271,15.0305,15.2578
2021-01-26,15.2161,15.3764,15.0454,15.0613
2021-01-25,15.1168,15.2793,15.0613,15.2341
2021-01-22,14.9525,15.1683,14.9017,15.1093
2021-01-21,14.8983,15.0154,14.76,14.9347
2021-01-20,14.9579,15.0298,14.8538,14.8954
2021-01-19,15.1613,15.2056,14.9144,14.9747
2021-01-18,15.2,15.3818,15.1523,15.1498
2021-01-15,15.0942,15.3056,15.0259,15.2191
2021-01-14,15.2588,15.302,15.0285,15.0691
2021-01-13,15.2725,15.3327,15.1559,15.2476
2021-01-12,15.5204,15.6088,15.2052,15.251
2021-01-11,15.3013,15.6658,15.2925,15.5472
2021-01-08,15.4208,15.4964,15.205,15.2838
2021-01-07,15.07,15.477,14.9955,15.4285
2021-01-06,14.9816,15.1479,14.8845,15.0525
2021-01-05,14.7183,15.0664,14.6269,14.9676
2021-01-04,14.6775,14.7501,14.5063,14.7149
2021-01-01,14.695,14.6993,14.6613,14.6538
2020-12-31,14.6078,14.7204,14.5707,14.6878
2020-12-30,14.7078,14.7301,14.5768,14.6003
2020-12-29,14.6503,14.733,14.5549,14.7076
2020-12-28,14.6325,14.6738,14.5398,14.6368
2020-12-25,14.6357,14.6407,14.5625,14.5675
2020-12-24,14.5987,14.6898,14.5624,14.6088
2020-12-23,14.6806,14.7108,14.5463,14.5891
2020-12-22,14.5997,14.6987,14.5504,14.6481
2020-12-21,14.545,14.9137,14.5318,14.5974
2020-12-18,14.6546,14.7255,14.5108,14.5255
2020-12-17,14.8238,14.8287,14.6334,14.6378
2020-12-16,14.8812,14.9215,14.8068,14.8128
2020-12-15,15.025,15.0662,14.8743,14.8755
2020-12-14,15.13,15.13,14.9637,15.0285
2020-12-11,15.0567,15.1733,14.9958,15.1225
2020-12-10,14.9719,15.0983,14.8916,15.0179
2020-12-09,15.0075,15.0573,14.8772,14.9671
2020-12-08,15.1707,15.2021,14.9664,14.9776
2020-12-07,15.2135,15.2987,15.0968,15.1632
2020-12-04,15.1721,15.2361,15.1253,15.2085
2020-12-03,15.2843,15.3702,15.1432,15.1551
2020-12-02,15.249,15.4318,15.2054,15.2733
2020-12-01,15.4737,15.4842,15.2052,15.2443
2020-11-30,15.2608,15.4999,15.2306,15.4662
2020-11-27,15.1848,15.3424,15.1499,15.2533
2020-11-26,15.1297,15.2449,15.0963,15.1773
2020-11-25,15.2068,15.2902,15.1063,15.1237
2020-11-24,15.4463,15.4503,15.1843,15.1922
2020-11-23,15.4323,15.4672,15.2566,15.4388
2020-11-20,15.41,15.4829,15.281,15.4111
2020-11-19,15.4504,15.5863,15.3735,15.4095
2020-11-18,15.4025,15.4841,15.2899,15.4471
2020-11-17,15.3375,15.4402,15.3064,15.397
2020-11-16,15.5263,15.5433,15.3008,15.3295
2020-11-13,15.6263,15.6908,15.4883,15.4841
2020-11-12,15.6331,15.7415,15.52,15.639
2020-11-11,15.6499,15.7325,15.5272,15.6204
2020-11-10,15.3625,15.7062,15.3625,15.625
2020-11-09,15.6413,15.6413,15.2072,15.3625
2020-11-06,15.6863,15.8122,15.5702,15.5832
2020-11-05,15.8725,15.9886,15.6676,15.6793
2020-11-04,16.0738,16.4372,15.816,15.873
2020-11-03,16.2127,16.2372,15.9961,16.0583
2020-11-02,16.2513,16.3346,16.1903,16.2106
2020-10-30,16.3974,16.4646,16.1823,16.2438
2020-10-29,16.3953,16.4935,16.2604,16.3873
2020-10-28,16.2024,16.5035,16.1652,16.3819
2020-10-27,16.2017,16.2587,16.0883,16.1954
2020-10-26,16.2156,16.3305,16.1505,16.2257
2020-10-23,16.215,16.2952,16.1492,16.1871
2020-10-22,16.327,16.4089,16.1921,16.1975
2020-10-21,16.4815,16.4993,16.2541,16.2938
2020-10-20,16.5181,16.5793,16.4201,16.4748
2020-10-19,16.53,16.5547,16.4194,16.5075
2020-10-16,16.6538,16.6827,16.498,16.5491
2020-10-15,16.5167,16.7225,16.5098,16.6538
2020-10-14,16.472,16.5858,16.4423,16.5225
2020-10-13,16.4925,16.5878,16.432,16.4594
2020-10-12,16.41,16.5853,16.41,16.505
2020-10-09,16.5876,16.6024,16.3968,16.4573
2020-10-08,16.63,16.6806,16.5484,16.5799
2020-10-07,16.6958,16.7425,16.536,16.6189
2020-10-06,16.5613,16.7451,16.458,16.7245
2020-10-05,16.5275,16.6165,16.3588,16.5706
2020-10-02,16.6246,16.8036,16.4372,16.5424
2020-10-01,16.7493,16.7697,16.5453,16.5997
2020-09-30,16.9586,17.032,16.6409,16.7339
2020-09-29,17.0564,17.215,16.8738,16.9417
2020-09-28,17.1311,17.2227,16.9777,17.044
2020-09-25,16.9328,17.268,16.8024,17.1186
2020-09-24,17.0543,17.2287,16.8567,16.9113
2020-09-23,16.7938,17.1084,16.7637,17.0668
2020-09-22,16.7813,16.9693,16.556,16.7926
2020-09-21,16.3429,16.9447,16.2465,16.7762
2020-09-18,16.1649,16.3515,16.0807,16.3163
2020-09-17,16.2351,16.4519,16.1499,16.1534
2020-09-16,16.4429,16.4826,16.2068,16.2281
2020-09-15,16.6773,16.7053,16.3857,16.4317
2020-09-14,16.7474,16.7627,16.6033,16.6577
2020-09-11,16.8683,16.9164,16.7019,16.735
2020-09-10,16.6048,16.9428,16.5895,16.8949
2020-09-09,16.9312,17.0194,16.5772,16.6012
2020-09-08,16.7416,17.0054,16.6924,16.9013
2020-09-07,16.6294,16.7713,16.5829,16.7343
2020-09-04,16.7475,16.8302,16.5481,16.6068
2020-09-03,16.8408,16.913,16.65,16.7225
2020-09-02,16.6663,16.9295,16.6167,16.7988
2020-09-01,16.9275,16.9751,16.5517,16.6363
2020-08-31,16.6313,16.9809,16.5454,16.9361
2020-08-28,17.0183,17.0693,16.5563,16.5827
2020-08-27,16.92,17.1106,16.8085,17.0403
2020-08-26,16.8381,16.9864,16.7533,16.87
2020-08-25,16.9171,16.9816,16.7199,16.8433
2020-08-24,17.1798,17.1798,16.8965,16.9396
2020-08-21,17.2676,17.3196,17.096,17.1452
2020-08-20,17.2467,17.351,17.1863,17.2658
2020-08-19,17.34,17.3445,17.1155,17.2675
2020-08-18,17.5075,17.541,17.2863,17.3325
2020-08-17,17.3866,17.5437,17.3135,17.511
2020-08-14,17.4254,17.5072,17.3227,17.3749
2020-08-13,17.4033,17.5072,17.3627,17.4211
2020-08-12,17.4899,17.5843,17.3356,17.4557
2020-08-11,17.6977,17.7422,17.4169,17.4779
2020-08-10,17.6163,17.7901,17.5974,17.6835
2020-08-07,17.4213,17.6906,17.4118,17.6317
2020-08-06,17.3148,17.6684,17.2396,17.4214
2020-08-05,17.3843,17.4363,17.1672,17.3208
2020-08-04,17.1931,17.5384,17.1146,17.415
2020-08-03,17.0475,17.3533,17.0176,17.1831
2020-07-31,16.8217,17.1039,16.6908,17.0088
2020-07-30,16.5,16.9506,16.487,16.7565
2020-07-29,16.5263,16.627,16.3807,16.5486
2020-07-28,16.4323,16.6094,16.3525,16.5102
2020-07-27,16.6814,16.7215,16.3914,16.4146
2020-07-24,16.6645,16.8107,16.5797,16.6705
2020-07-23,16.481,16.7072,16.4034,16.6523
2020-07-22,16.4102,16.5261,16.3409,16.4683
2020-07-21,16.6318,16.6463,16.3605,16.4075
2020-07-20,16.6588,16.7664,16.5989,16.6221
2020-07-17,16.7775,16.7703,16.6347,16.6788
2020-07-16,16.6013,16.791,16.5748,16.7848
2020-07-15,16.7331,16.7551,16.5061,16.579
2020-07-14,16.8563,16.8945,16.7006,16.7306
2020-07-13,16.775,16.8905,16.6577,16.8369
2020-07-10,16.8581,16.9785,16.7374,16.7665
2020-07-09,16.9382,16.9764,16.7909,16.8344
2020-07-08,17.1662,17.2178,16.9175,16.9262
2020-07-07,16.9631,17.195,16.9224,17.1546
2020-07-06,17.035,17.09,16.8858,16.9726
2020-07-03,16.9853,17.112,16.9121,16.9994
2020-07-02,17.0508,17.0725,16.8719,16.9892
2020-07-01,17.3456,17.382,17.0205,17.045
2020-06-30,17.2762,17.4134,17.2484,17.321
2020-06-29,17.2927,17.3449,17.1835,17.2747
2020-06-26,17.1463,17.3774,17.1206,17.23
2020-06-25,17.3838,17.5349,17.1099,17.1388
2020-06-24,17.215,17.4345,17.1718,17.3835
2020-06-23,17.3419,17.48,17.1801,17.2332
2020-06-22,17.3221,17.5048,17.241,17.3163
2020-06-19,17.46,17.4998,17.2714,17.3113
2020-06-18,17.2006,17.5159,17.1344,17.4576
2020-06-17,17.2434,17.2968,17.0775,17.183
2020-06-16,17.0713,17.2934,16.8932,17.2496
2020-06-15,17.067,17.3456,17.0163,17.108
2020-06-12,17.1792,17.3061,16.9277,17.062
2020-06-11,16.5144,17.2213,16.4829,17.1635
2020-06-10,16.6265,16.6711,16.335,16.4978
2020-06-09,16.6783,16.9027,16.5975,16.6324
2020-06-08,16.85,16.8792,16.6739,16.669
2020-06-05,16.9057,16.939,16.7324,16.869
2020-06-04,16.9385,17.0815,16.8348,16.8971
2020-06-03,17.165,17.1901,16.881,16.916
2020-06-02,17.361,17.4791,17.0883,17.1548
2020-06-01,17.565,17.619,17.3276,17.3555
2020-05-29,17.5245,17.6671,17.4179,17.5405
2020-05-28,17.387,17.5427,17.2931,17.4973
2020-05-27,17.402,17.5385,17.3457,17.376
2020-05-26,17.6475,17.659,17.323,17.3881
2020-05-25,17.6105,17.7312,17.532,17.6351
2020-05-22,17.5841,17.8828,17.5533,17.6298
2020-05-21,17.9264,18.0516,17.5152,17.5794
2020-05-20,18.343,18.3621,17.8823,17.9189
2020-05-19,18.3535,18.3807,18.1752,18.3258
2020-05-18,18.6313,18.6313,18.3297,18.3475
2020-05-15,18.443,18.6213,18.3419,18.5599
2020-05-14,18.4995,18.7598,18.4219,18.4214
2020-05-13,18.4527,18.5967,18.257,18.4889
2020-05-12,18.422,18.5328,18.1662,18.4222
2020-05-11,18.3818,18.4653,18.2145,18.4102
2020-05-08,18.579,18.6229,18.2953,18.337
2020-05-07,18.7815,18.8362,18.5157,18.5875
2020-05-06,18.5178,18.8385,18.3398,18.7242
2020-05-05,18.5742,18.6086,18.2895,18.5153
2020-05-04,18.7723,18.9618,18.5566,18.5586
2020-05-01,18.5296,18.8906,18.452,18.8378
2020-04-30,18.151,18.6258,18.0106,18.5166
2020-04-29,18.67,18.6767,18.1006,18.1304
2020-04-28,18.7849,18.8854,18.5499,18.6534
2020-04-27,19.05,19.1138,18.7533,18.7678
2020-04-24,19.08,19.1976,18.8281,19.0213
2020-04-23,19.02,19.1863,18.8688,19.0946
2020-04-22,18.9713,19.0733,18.7133,19.011
2020-04-21,18.859,19.1214,18.7687,18.9639
2020-04-20,18.8217,18.9588,18.7063,18.8381
2020-04-17,18.88,18.9378,18.6065,18.7333
2020-04-16,18.702,18.971,18.4887,18.8675
2020-04-15,18.313,18.8292,18.2884,18.6896
2020-04-14,18.1204,18.4473,17.9727,18.2979
2020-04-13,17.983,18.1987,17.983,18.1157
2020-04-10,18.0306,18.0728,17.9488,17.9539
2020-04-09,18.1931,18.283,17.8443,18.0067
2020-04-08,18.3095,18.451,18.1227,18.1735
2020-04-07,18.6682,18.7531,18.0735,18.2942
2020-04-06,19.049,19.3547,18.5262,18.6736
2020-04-03,18.4672,19.1013,18.462,19.034
2020-04-02,18.2265,18.6688,18.0768,18.455
2020-04-01,17.837,18.2751,17.8037,18.2188
2020-03-31,17.935,18.0463,17.6726,17.8402
2020-03-30,17.825,18.0893,17.7659,17.9243
2020-03-27,17.3243,17.676,17.2944,17.625
2020-03-26,17.3355,17.609,17.2355,17.3108
2020-03-25,17.527,17.6315,17.1722,17.325
2020-03-24,17.8326,17.8565,17.4386,17.5032
2020-03-23,17.545,17.9093,17.4994,17.8203
2020-03-20,17.4695,17.6322,17.1471,17.5981
2020-03-19,17.101,17.5525,17.0578,17.4525
2020-03-18,16.618,17.4197,16.5052,17.0862
2020-03-17,16.7047,16.7404,16.4256,16.59
2020-03-16,16.2176,16.7499,16.0387,16.6922
2020-03-13,16.5376,16.624,16.0099,16.2721
2020-03-12,16.2087,16.5958,16.056,16.5251
2020-03-11,15.9426,16.3032,15.9231,16.204
2020-03-10,16.0985,16.1264,15.7544,15.9291
2020-03-09,15.6723,16.9704,15.6723,16.081
2020-03-06,15.5984,15.775,15.5465,15.6598
2020-03-05,15.2638,15.6456,15.24,15.6202
2020-03-04,15.4126,15.4392,15.2242,15.2515
2020-03-03,15.3785,15.6324,15.2111,15.4008
2020-03-02,15.6531,15.8993,15.3781,15.3675
2020-02-28,15.484,15.8357,15.4688,15.6619
2020-02-27,15.3181,15.5028,15.2326,15.48
2020-02-26,15.2178,15.351,15.0781,15.3006
2020-02-25,15.1506,15.2772,15.0499,15.2069
2020-02-24,14.971,15.1903,14.971,15.1375
2020-02-21,15.0951,15.1913,14.941,14.9945
2020-02-20,14.9838,15.1736,14.9765,15.1173
2020-02-19,15.0005,15.0247,14.9241,14.973
2020-02-18,14.9929,15.0914,14.9662,15.0031
2020-02-17,14.875,15.0264,14.8439,14.9782
2020-02-14,14.9627,14.9676,14.8271,14.8967
2020-02-13,14.8501,14.9664,14.8258,14.944
2020-02-12,14.8216,14.8957,14.732,14.8492
2020-02-11,14.9787,15,14.774,14.8063
2020-02-10,15.0825,15.1025,14.9366,14.9457
2020-02-07,14.911,15.1246,14.8752,15.0574
2020-02-06,14.7504,14.9512,14.7061,14.9027
2020-02-05,14.7829,14.8463,14.6652,14.7706
2020-02-04,14.887,14.9282,14.7163,14.7785
2020-02-03,15,15.0269,14.839,14.8672
2020-01-31,14.7644,15.0455,14.7364,14.9958
2020-01-30,14.6159,14.8538,14.5977,14.759
2020-01-29,14.5511,14.6524,14.5171,14.6287
2020-01-28,14.61,14.7151,14.5321,14.5454
2020-01-27,14.408,14.6618,14.4076,14.6008
2020-01-24,14.3985,14.4652,14.3062,14.3826
2020-01-23,14.33,14.4487,14.2704,14.3893
2020-01-22,14.4983,14.5153,14.3101,14.3247
2020-01-21,14.5098,14.6021,14.447,14.493
2020-01-20,14.4422,14.5768,14.4332,14.4866
2020-01-17,14.413,14.4957,14.3518,14.4519
2020-01-16,14.3867,14.4461,14.3495,14.408
2020-01-15,14.4082,14.4375,14.3301,14.3797
2020-01-14,14.4065,14.5024,14.3568,14.3951
2020-01-13,14.3222,14.4802,14.2872,14.397
2020-01-10,14.2117,14.375,14.1695,14.3578
2020-01-09,14.1655,14.2596,14.1099,14.2026
2020-01-08,14.3115,14.4564,14.1315,14.1508
2020-01-07,14.215,14.3528,14.1333,14.2956
2020-01-06,14.3148,14.3765,14.1954,14.1967
2020-01-03,14.0866,14.3753,14.0827,14.3114
2020-01-02,14.0089,14.136,13.9308,14.0823
2020-01-01,14.0095,14.0095,14.0095,14.0064
2019-12-31,14.1166,14.1426,13.9596,13.9937
2019-12-30,14.0326,14.1344,13.9632,14.1111
2019-12-27,14.1353,14.1506,13.9775,14.0276
2019-12-26,14.1605,14.1831,14.1245,14.1215
2019-12-25,14.1631,14.1924,14.1524,14.153
2019-12-24,14.2115,14.2483,14.1185,14.1523
2019-12-23,14.2522,14.2857,14.1832,14.2077
2019-12-20,14.2204,14.2864,14.1625,14.2651
2019-12-19,14.3117,14.3647,14.2039,14.2149
2019-12-18,14.3855,14.4643,14.2604,14.3018
2019-12-17,14.3695,14.4476,14.3418,14.3806
2019-12-16,14.515,14.5372,14.3348,14.362
2019-12-13,14.512,14.5599,14.3679,14.5151
2019-12-12,14.6927,14.7099,14.4855,14.4858
2019-12-11,14.7894,14.8247,14.663,14.6698
2019-12-10,14.6731,14.873,14.6215,14.7839
2019-12-09,14.623,14.6949,14.5706,14.6629
2019-12-06,14.6465,14.6769,14.6078,14.617
2019-12-05,14.5935,14.7009,14.552,14.6422
2019-12-04,14.639,14.6614,14.5312,14.584
2019-12-03,14.5377,14.7014,14.5217,14.628
2019-12-02,14.6432,14.7183,14.5257,14.5404
2019-11-29,14.7126,14.7704,14.616,14.6385
2019-11-28,14.7562,14.8153,14.6888,14.6955
2019-11-27,14.804,14.8384,14.6854,14.7452
2019-11-26,14.7767,14.8575,14.7426,14.7963
2019-11-25,14.6774,14.7967,14.6482,14.7728
2019-11-22,14.6933,14.765,14.5892,14.7075
2019-11-21,14.7785,14.8036,14.6453,14.6788
2019-11-20,14.7634,14.8726,14.7331,14.7754
2019-11-19,14.813,14.8412,14.713,14.7578
2019-11-18,14.7,14.8329,14.685,14.8077
2019-11-15,14.813,14.8419,14.6617,14.7002
2019-11-14,14.9117,14.9736,14.7777,14.8136
2019-11-13,14.9428,15.0102,14.8766,14.9076
2019-11-12,14.9207,14.9594,14.7992,14.9361
2019-11-11,14.8541,14.9662,14.842,14.8787
2019-11-08,14.744,14.8724,14.6911,14.8511
2019-11-07,14.8093,14.8518,14.6634,14.7341
2019-11-06,14.7515,14.8754,14.7263,14.8026
2019-11-05,14.7964,14.8346,14.6731,14.7442
2019-11-04,15.0055,15.02,14.7279,14.8034
2019-11-01,15.0983,15.1705,14.9828,15.0268
2019-10-31,15.0079,15.1909,14.9384,15.093
2019-10-30,14.6265,15.1365,14.5988,14.992
2019-10-29,14.5625,14.7245,14.5271,14.622
2019-10-28,14.6329,14.6608,14.5115,14.5537
2019-10-25,14.7017,14.7106,14.5661,14.6254
2019-10-24,14.6485,14.7135,14.5797,14.6975
2019-10-23,14.5864,14.7136,14.5734,14.6385
2019-10-22,14.7554,14.7777,14.5682,14.5795
2019-10-21,14.81,14.8464,14.7289,14.7508
2019-10-18,14.8368,14.8595,14.7359,14.7805
2019-10-17,14.9672,14.9677,14.765,14.8219
2019-10-16,14.8892,15.0576,14.864,14.936
2019-10-15,14.8275,14.9185,14.7573,14.8815
2019-10-14,14.8055,14.8681,14.7238,14.8207
2019-10-11,15.0497,15.0562,14.7032,14.8005
2019-10-10,15.1725,15.2502,15.0115,15.0452
2019-10-09,15.2804,15.3052,15.1263,15.1685
2019-10-08,15.1831,15.3212,15.0838,15.2822
2019-10-07,15.0725,15.2021,15.0238,15.1731
2019-10-04,15.1468,15.1975,15.0195,15.04
2019-10-03,15.295,15.3037,15.1163,15.1352
2019-10-02,15.3345,15.4063,15.1983,15.2852
2019-10-01,15.1438,15.3739,15.1222,15.3221
2019-09-30,15.1563,15.2231,15.1249,15.133
2019-09-27,15.0148,15.199,15.0089,15.1513
2019-09-26,14.9843,15.0885,14.9293,15.0157
2019-09-25,14.8998,15.0695,14.8564,14.977
2019-09-24,14.9013,14.9568,14.8406,14.86
2019-09-23,14.9225,14.9686,14.8338,14.8948
2019-09-20,14.8148,14.9919,14.7212,14.9193
2019-09-19,14.6673,14.8396,14.6038,14.8119
2019-09-18,14.6961,14.7309,14.5779,14.6811
2019-09-17,14.6618,14.8483,14.6505,14.7045
2019-09-16,14.5903,14.7175,14.5812,14.6535
2019-09-13,14.6,14.6226,14.4989,14.5628
2019-09-12,14.6863,14.7113,14.5514,14.593
2019-09-11,14.6575,14.7688,14.6044,14.6688
2019-09-10,14.7665,14.7883,14.6324,14.6336
2019-09-09,14.8112,14.8179,14.6637,14.7571
2019-09-06,14.8826,14.907,14.7156,14.7982
2019-09-05,14.7975,14.9064,14.7302,14.8732
2019-09-04,15.0961,15.1514,14.7489,14.7913
2019-09-03,15.2535,15.2932,15.0783,15.0908
2019-09-02,15.2301,15.258,15.1304,15.239
2019-08-30,15.32,15.3537,15.1567,15.18
2019-08-29,15.4114,15.4911,15.2492,15.2973
2019-08-28,15.3175,15.4414,15.243,15.3971
2019-08-27,15.2845,15.4099,15.2299,15.3028
2019-08-26,15.3649,15.4483,15.1882,15.2774
2019-08-23,15.2395,15.3047,15.0726,15.2369
2019-08-22,15.1908,15.2745,15.1301,15.242
2019-08-21,15.3663,15.3817,15.1477,15.1619
2019-08-20,15.4698,15.4785,15.3081,15.3535
2019-08-19,15.3125,15.5061,15.1961,15.4568
2019-08-16,15.2796,15.3326,15.1501,15.2946
2019-08-15,15.4182,15.44,15.1978,15.2646
2019-08-14,15.1314,15.4457,15.1047,15.4067
2019-08-13,15.3025,15.4032,15.0828,15.1239
2019-08-12,15.2613,15.4726,15.2145,15.282
2019-08-09,15.0388,15.3039,15.0063,15.2545
2019-08-08,15.0643,15.2049,14.9593,15.0198
2019-08-07,14.9325,15.1879,14.8187,15.0519
2019-08-06,14.9188,15.0205,14.7587,14.913
2019-08-05,14.7731,14.9673,14.7299,14.9098
2019-08-02,14.662,14.7988,14.5667,14.7795
2019-08-01,14.3447,14.6934,14.3308,14.6536
2019-07-31,14.2079,14.3894,14.0858,14.3364
2019-07-30,14.165,14.2424,14.1352,14.2025
2019-07-29,14.2538,14.3213,14.1535,14.1584
2019-07-26,14.0843,14.3202,14.0669,14.2913
2019-07-25,13.8806,14.1145,13.8538,14.0675
2019-07-24,13.93,13.9596,13.8467,13.8726
2019-07-23,13.8616,13.954,13.8497,13.9204
2019-07-22,13.9425,13.9788,13.8248,13.8546
2019-07-19,13.845,13.9683,13.8095,13.9359
2019-07-18,14.0163,14.0465,13.8134,13.835
2019-07-17,13.9513,14.0203,13.9376,14.0066
2019-07-16,13.9107,13.9625,13.8304,13.9376
2019-07-15,13.9825,13.995,13.8533,13.8972
2019-07-12,13.961,14.0464,13.8873,13.9782
2019-07-11,13.9823,13.9982,13.8525,13.9585
2019-07-10,14.1838,14.2368,13.9609,13.9793
2019-07-09,14.1723,14.2681,14.1263,14.1725
2019-07-08,14.2063,14.2429,14.0973,14.1737
2019-07-05,14.0338,14.2821,14.0177,14.1684
2019-07-04,14.0535,14.0929,13.9551,14.0275
2019-07-03,14.0994,14.1599,14.0373,14.0431
2019-07-02,14.1379,14.2172,14.0747,14.0936
2019-07-01,14.0676,14.1783,14.037,14.1267
2019-06-28,14.165,14.1999,14.07,14.0733
2019-06-27,14.2264,14.2716,14.1271,14.1627
2019-06-26,14.3521,14.378,14.2019,14.2223
2019-06-25,14.3703,14.385,14.263,14.3398
2019-06-24,14.325,14.4057,14.2309,14.3641
2019-06-21,14.3233,14.4475,14.2975,14.32
2019-06-20,14.3226,14.3824,14.191,14.3115
2019-06-19,14.5188,14.59,14.2991,14.3164
2019-06-18,14.8179,14.8321,14.4848,14.5088
2019-06-17,14.8225,14.8386,14.7671,14.8009
2019-06-14,14.865,14.8868,14.751,14.8343
2019-06-13,14.8759,14.9375,14.8165,14.8571
2019-06-12,14.6658,14.8961,14.628,14.8646
2019-06-11,14.8241,14.8326,14.6501,14.6611
2019-06-10,14.9149,14.987,14.7644,14.8192
2019-06-07,14.9973,15.1734,14.89,14.9485
2019-06-06,14.8835,15.0136,14.8383,14.9928
2019-06-05,14.6618,14.9221,14.618,14.87
2019-06-04,14.455,14.7812,14.3984,14.65
2019-06-03,14.595,14.6258,14.4389,14.4498
2019-05-31,14.7291,14.8575,14.5319,14.58
2019-05-30,14.654,14.7457,14.5675,14.7215
2019-05-29,14.7324,14.8952,14.635,14.6445
2019-05-28,14.4338,14.7537,14.4099,14.727
2019-05-27,14.4183,14.49,14.3816,14.412
2019-05-24,14.4662,14.5075,14.3806,14.39
2019-05-23,14.375,14.5417,14.3568,14.4702
2019-05-22,14.4013,14.4482,14.3308,14.3631
2019-05-21,14.3855,14.4942,14.348,14.4
2019-05-20,14.415,14.4415,14.3396,14.3799
2019-05-17,14.2869,14.4591,14.2775,14.4113
2019-05-16,14.2205,14.3063,14.1245,14.2847
2019-05-15,14.2421,14.3028,14.1738,14.2141
2019-05-14,14.3345,14.364,14.1936,14.238
2019-05-13,14.165,14.3863,14.1563,14.331
2019-05-10,14.3448,14.3866,14.1352,14.1523
2019-05-09,14.3754,14.4703,14.2945,14.3385
2019-05-08,14.4316,14.4652,14.2991,14.354
2019-05-07,14.4615,14.5263,14.3884,14.4224
2019-05-06,14.3925,14.5387,14.3496,14.46
2019-05-03,14.5213,14.5901,14.3375,14.3407
2019-05-02,14.4557,14.5738,14.4086,14.5157
2019-05-01,14.2962,14.4774,14.2676,14.4513
2019-04-30,14.32,14.3925,14.2682,14.2935
2019-04-29,14.3807,14.3809,14.2832,14.31
2019-04-26,14.407,14.475,14.2766,14.3757
2019-04-25,14.4306,14.5586,14.3936,14.4092
2019-04-24,14.2572,14.4775,14.2523,14.4228
2019-04-23,14.1611,14.3397,14.1371,14.2483
2019-04-22,14.055,14.1885,14.055,14.1481
2019-04-19,14.0739,14.0821,14.0465,14.05
2019-04-18,13.985,14.1257,13.9696,14.0457
2019-04-17,14.0326,14.0573,13.9201,13.9737
2019-04-16,14.047,14.1259,14.0042,14.0287
2019-04-15,13.9681,14.0722,13.8926,14.0365
2019-04-12,14.0115,14.1029,13.9107,13.9493
2019-04-11,13.9065,14.0566,13.8688,13.9976
2019-04-10,14.0865,14.0988,13.8941,13.91
2019-04-09,14.11,14.1413,14.005,14.0838
2019-04-08,14.0763,14.1824,14.0628,14.1005
2019-04-05,14.1184,14.155,14.018,14.091
2019-04-04,14.1458,14.2293,14.0842,14.12
2019-04-03,14.2114,14.2281,14.1027,14.14
2019-04-02,14.2014,14.2889,14.0723,14.2
2019-04-01,14.493,14.493,14.13,14.1455
2019-03-29,14.6059,14.6209,14.3682,14.4825
2019-03-28,14.6016,14.7546,14.56,14.5897
2019-03-27,14.4165,14.6752,14.3893,14.5892
2019-03-26,14.3165,14.4554,14.285,14.4025
2019-03-25,14.5,14.5409,14.2685,14.3045
2019-03-22,14.1918,14.5526,14.1764,14.486
2019-03-21,14.2626,14.3117,14.1355,14.2
2019-03-20,14.5059,14.5435,14.1568,14.2535
2019-03-19,14.4509,14.5325,14.3313,14.5
2019-03-18,14.4146,14.4908,14.3542,14.4496
2019-03-15,14.5359,14.5487,14.3759,14.4096
2019-03-14,14.4182,14.5463,14.4069,14.5346
2019-03-13,14.3526,14.4566,14.2936,14.4142
2019-03-12,14.3383,14.3766,14.2219,14.3398
2019-03-11,14.4454,14.4605,14.3175,14.33
2019-03-08,14.5099,14.5874,14.3824,14.428
2019-03-07,14.2651,14.565,14.2048,14.5
2019-03-06,14.1634,14.2758,14.155,14.2628
2019-03-05,14.2178,14.23,14.1104,14.1602
2019-03-04,14.19,14.2903,14.1437,14.2091
2019-03-01,14.0803,14.2423,14.065,14.2216
2019-02-28,13.935,14.0978,13.915,14.0797
2019-02-27,13.839,13.975,13.8212,13.9313
2019-02-26,13.8311,13.8951,13.8212,13.8323
2019-02-25,13.9691,13.9993,13.798,13.8251
2019-02-22,14.0265,14.057,13.9443,13.9903
2019-02-21,14.0146,14.0626,13.8673,14.0148
2019-02-20,14.0478,14.38,13.9287,14.0168
2019-02-19,14.12,14.2101,14.0001,14.0335
2019-02-18,14.0972,14.1646,14.028,14.1091
2019-02-15,14.1326,14.2058,14.0441,14.0753
2019-02-14,14.0578,14.2776,13.9559,14.131
2019-02-13,13.775,14.0714,13.7028,14.059
2019-02-12,13.805,13.8539,13.7252,13.7619
2019-02-11,13.6213,13.8518,13.5774,13.8035
2019-02-08,13.6225,13.7075,13.5711,13.6182
2019-02-07,13.5388,13.6813,13.5178,13.6132
2019-02-06,13.3715,13.5983,13.3676,13.5384
2019-02-05,13.4237,13.4467,13.3343,13.3685
2019-02-04,13.3233,13.4456,13.3186,13.414
2019-02-01,13.2535,13.3827,13.2386,13.3083
2019-01-31,13.3265,13.4,13.2289,13.2477
2019-01-30,13.5949,13.6495,13.3066,13.3184
2019-01-29,13.6665,13.7296,13.5799,13.5832
2019-01-28,13.6441,13.7263,13.5847,13.659
2019-01-25,13.7236,13.752,13.5821,13.6078
2019-01-24,13.8165,13.8612,13.667,13.7124
2019-01-23,13.9706,13.983,13.8039,13.8123
2019-01-22,13.827,13.9852,13.8182,13.9631
2019-01-21,13.843,13.9101,13.8133,13.8218
2019-01-18,13.7248,13.8748,13.6875,13.838
2019-01-17,13.6807,13.8376,13.6657,13.7185
2019-01-16,13.7338,13.7674,13.6415,13.6829
2019-01-15,13.7725,13.8438,13.717,13.731
2019-01-14,13.887,13.968,13.753,13.7675
2019-01-11,13.8603,13.8984,13.7717,13.8229
2019-01-10,13.8605,13.9615,13.8148,13.8484
2019-01-09,13.9588,14.0255,13.8154,13.8434
2019-01-08,13.8768,14.0556,13.86,13.9596
2019-01-07,13.9623,14.0143,13.8257,13.8631
2019-01-04,14.3018,14.3824,13.9173,13.9548
2019-01-03,14.4623,14.6863,14.24,14.2902
2019-01-02,14.3893,14.5455,14.3068,14.4569
2019-01-01,14.3615,14.4062,14.3221,14.38
2018-12-31,14.4375,14.457,14.3374,14.3473
2018-12-28,14.5209,14.53,14.338,14.4192
2018-12-27,14.5223,14.5834,14.4353,14.4788
2018-12-26,14.6238,14.6383,14.4753,14.5459
2018-12-25,14.5886,14.6588,14.5574,14.6063
2018-12-24,14.6275,14.662,14.4909,14.5723
2018-12-21,14.4145,14.6996,14.2863,14.6222
2018-12-20,14.3892,14.4281,14.17,14.3925
2018-12-19,14.3443,14.4375,14.1058,14.3741
2018-12-18,14.3967,14.4105,14.236,14.34
2018-12-17,14.4086,14.4512,14.2889,14.3822
2018-12-14,14.1936,14.4737,14.1726,14.3866
2018-12-13,14.1129,14.24,14.0615,14.1689
2018-12-12,14.344,14.3688,14.0383,14.0952
2018-12-11,14.3932,14.4744,14.2409,14.3276
2018-12-10,14.1413,14.4792,14.0846,14.3748
2018-12-07,14.0488,14.2055,13.9219,14.1565
2018-12-06,13.8485,14.2165,13.835,14.037
2018-12-05,13.8288,13.89,13.7219,13.84
2018-12-04,13.6913,13.8886,13.5394,13.85
2018-12-03,13.7259,13.7723,13.5744,13.6775
2018-11-30,13.6656,13.9349,13.6327,13.8592
2018-11-29,13.7728,13.7948,13.5973,13.6581
2018-11-28,13.9285,13.9963,13.7327,13.7641
2018-11-27,13.9045,14.0022,13.7813,13.9161
2018-11-26,13.8217,13.9239,13.7105,13.8951
2018-11-23,13.765,13.9153,13.73,13.8488
2018-11-22,13.9197,13.9703,13.7125,13.7463
2018-11-21,14.0946,14.1378,13.8313,13.9169
2018-11-20,14.035,14.1729,13.9822,14.0919
2018-11-19,14.0491,14.0742,13.916,14.0156
2018-11-16,14.1772,14.257,13.947,14.0177
2018-11-15,14.3978,14.4068,14.1275,14.2078
2018-11-14,14.4585,14.47,14.2654,14.3848
2018-11-13,14.4777,14.5723,14.3456,14.4417
2018-11-12,14.2825,14.5004,14.2757,14.48
2018-11-09,14.1351,14.4204,14.1056,14.3109
2018-11-08,13.9056,14.183,13.8724,14.1236
2018-11-07,14.1085,14.2033,13.8605,13.898
2018-11-06,14.1553,14.2861,14.1058,14.102
2018-11-05,14.2688,14.4164,14.1373,14.1447
2018-11-02,14.41,14.4706,14.2189,14.2898
2018-11-01,14.7729,14.7954,14.3593,14.3979
2018-10-31,14.5963,14.8557,14.5686,14.7848
2018-10-30,14.722,14.74,14.5478,14.5897
2018-10-29,14.57,14.7509,14.4138,14.7134
2018-10-26,14.614,14.7594,14.541,14.5871
2018-10-25,14.5629,14.6466,14.447,14.6099
2018-10-24,14.2528,14.6141,14.141,14.555
2018-10-23,14.3203,14.445,14.2192,14.2473
2018-10-22,14.4182,14.4338,14.2538,14.3137
2018-10-19,14.4508,14.4736,14.3139,14.4113
2018-10-18,14.2482,14.4953,14.1733,14.4362
2018-10-17,14.1573,14.29,14.101,14.2396
2018-10-16,14.365,14.4169,14.13,14.1537
2018-10-15,14.5236,14.5771,14.3172,14.3638
2018-10-12,14.6335,14.6414,14.4158,14.5144
2018-10-11,14.755,14.7873,14.518,14.6276
2018-10-10,14.5607,14.8,14.5174,14.7527
2018-10-09,14.8488,15.0675,14.55,14.5524
2018-10-08,14.7663,14.9891,14.7444,14.8371
2018-10-05,14.8681,14.8901,14.6712,14.7633
2018-10-04,14.65,14.9405,14.5925,14.8607
2018-10-03,14.3583,14.6702,14.2784,14.6396
2018-10-02,14.2233,14.4517,14.2014,14.3498
2018-10-01,14.1473,14.2404,14.0578,14.212
2018-09-28,14.125,14.2634,14.0763,14.1398
2018-09-27,14.1393,14.2373,13.9991,14.1102
2018-09-26,14.3544,14.3901,14.0813,14.12
2018-09-25,14.3763,14.4537,14.3156,14.3448
2018-09-24,14.2884,14.4315,14.1964,14.3601
2018-09-21,14.301,14.4418,14.1781,14.2986
2018-09-20,14.675,14.6903,14.27,14.2779
2018-09-19,14.9092,14.9277,14.6107,14.6748
2018-09-18,14.9183,15.0025,14.8068,14.8984
2018-09-17,14.935,15.0765,14.8488,14.9082
2018-09-14,14.7888,14.967,14.6583,14.9195
2018-09-13,14.9527,14.98,14.616,14.7684
2018-09-12,15.0563,15.1819,14.9142,14.9412
2018-09-11,15.1938,15.2314,15.0046,15.046
2018-09-10,15.2329,15.3305,15.1088,15.1787
2018-09-07,15.3225,15.3663,15.0538,15.2222
2018-09-06,15.4408,15.5435,15.2375,15.3186
2018-09-05,15.3431,15.6967,15.25,15.43
2018-09-04,14.8543,15.3939,14.8474,15.3306
2018-09-03,14.6875,14.9448,14.6462,14.8404
2018-08-31,14.727,14.803,14.5959,14.68
2018-08-30,14.3525,14.84,14.3213,14.7077
2018-08-29,14.2281,14.504,14.1693,14.34
2018-08-28,14.17,14.2514,13.955,14.225
2018-08-27,14.2488,14.3533,14.1063,14.1612
2018-08-24,14.3931,14.4423,14.1715,14.2037
2018-08-23,14.1643,14.4518,14.1457,14.39
2018-08-22,14.391,14.463,14.1411,14.1608
2018-08-21,14.5188,14.5349,14.2713,14.3793
2018-08-20,14.6397,14.81,14.4475,14.5217
2018-08-17,14.7371,15.0301,14.6126,14.6363
2018-08-16,14.576,14.8872,14.3202,14.7182
2018-08-15,14.245,14.7481,14.1562,14.5571
2018-08-14,14.4203,14.4747,14.0167,14.2299
2018-08-13,14.1366,15.4813,14.1317,14.406
2018-08-10,13.7073,14.1537,13.6553,14.099
2018-08-09,13.386,13.7214,13.358,13.7038
2018-08-08,13.3398,13.4814,13.2589,13.388
2018-08-07,13.4465,13.459,13.2744,13.3282
2018-08-06,13.3514,13.4672,13.3121,13.4323
2018-08-03,13.4472,13.5103,13.2673,13.3148
2018-08-02,13.2286,13.515,13.2,13.4413
2018-08-01,13.2726,13.3861,13.1714,13.22
2018-07-31,13.1575,13.2826,13.0751,13.27
2018-07-30,13.2063,13.2294,13.1257,13.1522
2018-07-27,13.2304,13.2871,13.1287,13.1643
2018-07-26,13.1094,13.2669,13.0963,13.2279
2018-07-25,13.2846,13.33,13.0975,13.1019
2018-07-24,13.4823,13.5305,13.26,13.28
2018-07-23,13.4013,13.577,13.3918,13.45
2018-07-20,13.5398,13.6301,13.3843,13.3901
2018-07-19,13.265,13.6037,13.2526,13.5234
2018-07-18,13.2696,13.375,13.205,13.2604
2018-07-17,13.2222,13.2979,13.185,13.2631
2018-07-16,13.314,13.314,13.1621,13.2096
2018-07-13,13.2978,13.4,13.2229,13.2609
2018-07-12,13.5453,13.5778,13.2293,13.2957
2018-07-11,13.2961,13.5793,13.288,13.5541
2018-07-10,13.413,13.5313,13.247,13.3245
2018-07-09,13.4693,13.4865,13.3024,13.3978
2018-07-06,13.546,13.6349,13.4448,13.4552
2018-07-05,13.6799,13.735,13.5008,13.5313
2018-07-04,13.6754,13.75,13.6033,13.6741
2018-07-03,13.8385,13.905,13.655,13.6684
2018-07-02,13.7254,13.9251,13.7127,13.82
2018-06-29,13.7647,13.846,13.6734,13.7225
2018-06-28,13.8575,14.0001,13.7566,13.758
2018-06-27,13.5386,13.9434,13.5138,13.851
2018-06-26,13.5461,13.618,13.4725,13.536
2018-06-25,13.4325,13.645,13.4071,13.54
2018-06-22,13.5782,13.595,13.4,13.4333
2018-06-21,13.6588,13.7897,13.555,13.572
2018-06-20,13.7437,13.7725,13.5574,13.6476
2018-06-19,13.6438,13.92,13.6263,13.742
2018-06-18,13.4388,13.7304,13.3902,13.6355
2018-06-15,13.4559,13.4998,13.3586,13.4294
2018-06-14,13.3103,13.4779,13.0997,13.4482
2018-06-13,13.3363,13.4418,13.1893,13.3018
2018-06-12,13.1628,13.3502,13.136,13.3286
2018-06-11,13.12,13.1782,12.9926,13.1579
2018-06-08,12.9777,13.2877,12.9425,13.058
2018-06-07,12.7098,13.056,12.6772,12.9887
2018-06-06,12.773,12.8828,12.6648,12.7015
2018-06-05,12.5678,12.8373,12.5224,12.764
2018-06-04,12.6946,12.6998,12.5119,12.5538
2018-06-01,12.7006,12.7664,12.5789,12.6756
2018-05-31,12.5238,12.7414,12.4478,12.695
2018-05-30,12.6873,12.7426,12.5071,12.5068
2018-05-29,12.4676,12.7086,12.44,12.6803
2018-05-28,12.5086,12.53,12.4156,12.4527
2018-05-25,12.4145,12.543,12.4094,12.4835
2018-05-24,12.4631,12.5491,12.3817,12.4154
2018-05-23,12.5803,12.7098,12.405,12.4457
2018-05-22,12.6788,12.6952,12.4922,12.5652
2018-05-21,12.7819,12.8966,12.6575,12.6713
2018-05-18,12.6088,12.8194,12.5112,12.755
2018-05-17,12.4403,12.625,12.4028,12.5964
2018-05-16,12.5668,12.6182,12.3906,12.4305
2018-05-15,12.3275,12.6515,12.3223,12.5607
2018-05-14,12.2648,12.3388,12.1786,12.323
2018-05-11,12.2975,12.3739,12.1786,12.249
2018-05-10,12.5575,12.588,12.2663,12.2925
2018-05-09,12.5705,12.7238,12.5237,12.552
2018-05-08,12.5442,12.665,12.495,12.565
2018-05-07,12.5028,12.595,12.4819,12.5374
2018-05-04,12.5853,12.6876,12.4462,12.485
2018-05-03,12.71,12.7413,12.5602,12.5718
2018-05-02,12.649,12.74,12.546,12.7007
2018-05-01,12.465,12.6975,12.4378,12.66
2018-04-30,12.3335,12.4923,12.2922,12.4638
2018-04-27,12.406,12.4462,12.2986,12.3217
2018-04-26,12.4373,12.4665,12.3507,12.3985
2018-04-25,12.321,12.535,12.3143,12.4333
2018-04-24,12.3575,12.4045,12.2547,12.3185
2018-04-23,12.0848,12.3654,12.084,12.35
2018-04-20,11.9575,12.1165,11.9538,12.0881
2018-04-19,11.9335,11.9969,11.915,11.9535
2018-04-18,11.9863,12.0478,11.9088,11.9245
2018-04-17,12.0575,12.0635,11.965,11.975
2018-04-16,12.063,12.1113,12.0342,12.05
2018-04-13,12.0601,12.0991,12.012,12.0615
2018-04-12,11.9424,12.077,11.9375,12.0528
2018-04-11,12.038,12.1269,11.9218,11.9344
2018-04-10,12.091,12.1396,12.0149,12.0313
2018-04-09,12.0328,12.1592,11.97,12.0835
2018-04-06,11.9715,12.0967,11.9575,12.02
2018-04-05,11.8835,11.9909,11.8642,11.97
2018-04-04,11.8263,11.9423,11.7947,11.875
2018-04-03,11.8438,11.8753,11.7875,11.8173
2018-04-02,11.8738,11.8792,11.7887,11.8405
2018-03-30,11.8378,11.8468,11.8116,11.831
2018-03-29,11.7773,11.8984,11.7478,11.8318
2018-03-28,11.6663,11.8042,11.642,11.7678
2018-03-27,11.6418,11.6962,11.6207,11.6655
2018-03-26,11.6796,11.7121,11.602,11.6174
2018-03-23,11.839,11.9065,11.6672,11.7353
2018-03-22,11.8325,11.9133,11.7595,11.8367
2018-03-21,11.965,12.0283,11.805,11.82
2018-03-20,12.015,12.055,11.9163,11.9585
2018-03-19,11.9696,12.1118,11.969,12.0095
2018-03-16,11.9122,12.0082,11.8785,11.9695
2018-03-15,11.772,11.9274,11.7623,11.8923
2018-03-14,11.8265,11.8283,11.7344,11.7628
2018-03-13,11.8288,11.8605,11.7473,11.8075
2018-03-12,11.8284,11.8762,11.7776,11.8148
2018-03-09,11.9043,11.9409,11.7773,11.8078
2018-03-08,11.831,11.955,11.8263,11.8968
2018-03-07,11.7675,11.9265,11.7663,11.8292
2018-03-06,11.8303,11.8575,11.7073,11.767
2018-03-05,11.931,12.0295,11.8234,11.8243
2018-03-02,11.8521,12.0302,11.821,11.8891
2018-03-01,11.7988,11.9476,11.7838,11.8443
2018-02-28,11.7202,11.825,11.6728,11.7883
2018-02-27,11.5435,11.777,11.5422,11.7167
2018-02-26,11.5699,11.6481,11.505,11.5497
2018-02-23,11.6575,11.7,11.5349,11.54
2018-02-22,11.6642,11.7398,11.6312,11.6472
2018-02-21,11.7301,11.7857,11.5815,11.6574
2018-02-20,11.6825,11.775,11.665,11.7252
2018-02-19,11.6803,11.708,11.5987,11.6613
2018-02-16,11.6181,11.6908,11.5605,11.63
2018-02-15,11.72,11.7488,11.5977,11.6088
2018-02-14,11.9638,11.9742,11.6569,11.7093
2018-02-13,11.8968,12.0041,11.8737,11.9575
2018-02-12,12.081,12.081,11.8731,11.8867
2018-02-09,12.156,12.1754,12.0113,12.0302
2018-02-08,12.0598,12.202,12.015,12.1589
2018-02-07,11.922,12.0738,11.8732,12.0615
2018-02-06,12.125,12.185,11.8845,11.9198
2018-02-05,12.0394,12.149,11.9822,12.12
2018-02-02,11.8505,12.1042,11.8384,12.0766
2018-02-01,11.865,11.9525,11.8238,11.8378
2018-01-31,11.965,11.997,11.8123,11.8575
2018-01-30,11.9428,12.059,11.8676,11.9488
2018-01-29,11.8385,12.0261,11.8272,11.94
2018-01-26,11.915,11.945,11.8082,11.8522
2018-01-25,11.8557,11.946,11.795,11.91
2018-01-24,12.0318,12.0563,11.8471,11.8455
2018-01-23,12.0475,12.1629,12.0229,12.025
2018-01-22,12.1212,12.155,12.0122,12.0462
2018-01-19,12.1275,12.2517,12.0634,12.1783
2018-01-18,12.305,12.3725,12.1001,12.1275
2018-01-17,12.2725,12.3506,12.2149,12.295
2018-01-16,12.3029,12.3665,12.1897,12.2715
2018-01-15,12.313,12.4,12.2608,12.2907
2018-01-12,12.3922,12.4698,12.3552,12.3458
2018-01-11,12.4323,12.5061,12.3574,12.3765
2018-01-10,12.3398,12.5573,12.3293,12.4296
2018-01-09,12.3848,12.4673,12.2786,12.34
2018-01-08,12.3328,12.4776,12.2852,12.37
2018-01-05,12.3127,12.4102,12.2825,12.2894
2018-01-04,12.356,12.4074,12.2312,12.3052
2018-01-03,12.4613,12.5183,12.3107,12.3569
2018-01-02,12.3724,12.475,12.2609,12.4508
2018-01-01,12.3724,12.3734,12.3714,12.3654
2017-12-29,12.37,12.4338,12.2774,12.3574
2017-12-28,12.2725,12.4502,12.2325,12.3625
2017-12-27,12.5048,12.5305,12.2572,12.2541
2017-12-26,12.6156,12.6303,12.4954,12.52
2017-12-25,12.6438,12.665,12.5831,12.6225
2017-12-22,12.764,12.7826,12.5737,12.5837
2017-12-21,12.7053,12.7854,12.6757,12.7565
2017-12-20,12.7047,12.808,12.564,12.7028
2017-12-19,12.7607,12.873,12.6583,12.7095
2017-12-18,13.1238,13.3475,12.5439,12.7657
2017-12-15,13.5137,13.5291,13.1219,13.1389
2017-12-14,13.4513,13.535,13.3794,13.4978
2017-12-13,13.6756,13.6825,13.4243,13.446
2017-12-12,13.6078,13.7265,13.569,13.6715
2017-12-11,13.7003,13.7378,13.559,13.5983
2017-12-08,13.7375,13.7618,13.5479,13.65
2017-12-07,13.5125,13.75,13.5096,13.7325
2017-12-06,13.446,13.5913,13.4435,13.5015
2017-12-05,13.52,13.5773,13.4331,13.436
2017-12-04,13.765,13.8084,13.4938,13.5057
2017-12-01,13.684,13.7974,13.6527,13.6947
2017-11-30,13.6612,13.7288,13.555,13.691
2017-11-29,13.6575,13.755,13.575,13.6541
2017-11-28,13.755,13.8125,13.5643,13.655
2017-11-27,14.0903,14.1403,13.6725,13.75
2017-11-24,13.8897,14.1588,13.8192,14.153
2017-11-23,13.8335,13.9238,13.8221,13.8672
2017-11-22,13.966,13.9981,13.8039,13.8242
2017-11-21,14.0465,14.1538,13.9534,13.97
2017-11-20,14.0341,14.0878,13.9736,14.0368
2017-11-17,14.1562,14.2425,13.9533,13.9715
2017-11-16,14.3885,14.4321,14.143,14.1413
2017-11-15,14.371,14.4525,14.3079,14.381
2017-11-14,14.4744,14.528,14.3423,14.3558
2017-11-13,14.375,14.5791,14.3375,14.4614
2017-11-10,14.2482,14.4238,14.215,14.3563
2017-11-09,14.1515,14.3223,14.1022,14.2429
2017-11-08,14.2273,14.261,14.1076,14.1378
2017-11-07,14.096,14.2665,14.0871,14.2213
2017-11-06,14.2178,14.2949,14.0739,14.0869
2017-11-03,13.975,14.2643,13.9659,14.2089
2017-11-02,14.061,14.088,13.9025,13.9688
2017-11-01,14.1258,14.1746,14.009,14.055
2017-10-31,14.049,14.1895,14.0105,14.1239
2017-10-30,14.1125,14.1442,14.0207,14.0415
2017-10-27,14.2413,14.3579,14.0566,14.0566
2017-10-26,14.0575,14.3005,14.001,14.23
2017-10-25,13.7668,14.1366,13.7047,14.0361
2017-10-24,13.7033,13.7857,13.6754,13.7285
2017-10-23,13.6875,13.7701,13.6479,13.703
2017-10-20,13.4999,13.7465,13.4975,13.6342
2017-10-19,13.585,13.6001,13.4694,13.48
2017-10-18,13.395,13.5987,13.3863,13.5722
2017-10-17,13.3227,13.4736,13.2903,13.39
2017-10-16,13.2825,13.3544,13.2612,13.3117
2017-10-13,13.4835,13.4953,13.25,13.2576
2017-10-12,13.5288,13.5526,13.401,13.4742
2017-10-11,13.6988,13.727,13.5081,13.5178
2017-10-10,13.81,13.8175,13.6187,13.697
2017-10-09,13.7438,13.8663,13.7035,13.7932
2017-10-06,13.6902,13.816,13.6551,13.7675
2017-10-05,13.5714,13.7025,13.5546,13.6832
2017-10-04,13.645,13.6971,13.5438,13.5575
2017-10-03,13.604,13.7733,13.575,13.6484
2017-10-02,13.5641,13.6638,13.5547,13.6
2017-09-29,13.5173,13.5832,13.4233,13.5461
2017-09-28,13.5881,13.7137,13.4995,13.52
2017-09-27,13.3725,13.6066,13.3563,13.5809
2017-09-26,13.3294,13.4303,13.2699,13.3707
2017-09-25,13.2775,13.365,13.2257,13.3211
2017-09-22,13.2717,13.3353,13.1624,13.2388
2017-09-21,13.339,13.4072,13.2328,13.2721
2017-09-20,13.3277,13.3841,13.1909,13.328
2017-09-19,13.2993,13.3538,13.2648,13.3192
2017-09-18,13.1665,13.3211,13.1298,13.3017
2017-09-15,13.1238,13.2243,13.0816,13.1508
2017-09-14,13.134,13.2709,13.1012,13.1163
2017-09-13,13.0177,13.1838,12.9663,13.1182
2017-09-12,12.9813,13.0538,12.8717,12.995
2017-09-11,12.9324,12.997,12.8646,12.9645
2017-09-08,12.795,12.9859,12.7595,12.9326
2017-09-07,12.7877,12.8777,12.7578,12.799
2017-09-06,12.9075,12.9531,12.7345,12.76
2017-09-05,12.9391,12.9955,12.8529,12.9017
2017-09-04,12.9312,12.9889,12.9162,12.97
2017-09-01,13.0052,13.0295,12.8512,12.9267
2017-08-31,13.02,13.0893,12.9813,12.9902
2017-08-30,12.9802,13.1083,12.9659,12.9901
2017-08-29,13.0415,13.1271,12.9435,12.9772
2017-08-28,13.0174,13.0874,13.0033,13.0527
2017-08-25,13.205,13.2233,12.9915,13.033
2017-08-24,13.1587,13.2409,13.1275,13.1953
2017-08-23,13.2247,13.2801,13.1388,13.1529
2017-08-22,13.1975,13.245,13.135,13.2168
2017-08-21,13.155,13.2513,13.1458,13.1788
2017-08-18,13.2629,13.32,13.1392,13.1464
2017-08-17,13.1787,13.2735,13.1244,13.2534
2017-08-16,13.315,13.34,13.1629,13.1649
2017-08-15,13.33,13.4217,13.278,13.3023
2017-08-14,13.475,13.475,13.2632,13.3175
2017-08-11,13.4625,13.5215,13.3947,13.4297
2017-08-10,13.445,13.4751,13.3106,13.4474
2017-08-09,13.3778,13.5393,13.3488,13.4189
2017-08-08,13.2327,13.425,13.1108,13.3664
2017-08-07,13.425,13.4615,13.1757,13.2134
2017-08-04,13.3973,13.4904,13.3033,13.45
2017-08-03,13.2077,13.4307,13.1975,13.3925
2017-08-02,13.273,13.326,13.1882,13.2005
2017-08-01,13.216,13.3125,13.1493,13.2574
2017-07-31,13.019,13.2491,12.9587,13.1653
2017-07-28,13.005,13.0738,12.9741,13.0021
2017-07-27,12.8975,13.0625,12.8571,12.9911
2017-07-26,13.0825,13.0965,12.8857,12.8984
2017-07-25,12.9607,13.1033,12.9172,13.0767
2017-07-24,12.916,13.015,12.8775,12.9457
2017-07-21,13.0362,13.055,12.865,12.9008
2017-07-20,12.9035,13.0698,12.8843,13.034
2017-07-19,12.909,12.9722,12.8843,12.92
2017-07-18,12.95,12.9707,12.8785,12.8929
2017-07-17,13.0323,13.0866,12.8894,12.9337
2017-07-14,13.21,13.2714,12.9861,13.0182
2017-07-13,13.2577,13.2825,13.1428,13.1952
2017-07-12,13.5583,13.5752,13.2207,13.2517
2017-07-11,13.4663,13.6339,13.402,13.5592
2017-07-10,13.395,13.5337,13.2819,13.48
2017-07-07,13.4398,13.5379,13.2982,13.39
2017-07-06,13.3848,13.515,13.3467,13.428
2017-07-05,13.1872,13.4991,13.1448,13.3728
2017-07-04,13.2062,13.2823,13.1534,13.1817
2017-07-03,13.0737,13.2538,13.0187,13.2075
2017-06-30,13.0168,13.1454,12.9674,13.0476
2017-06-29,12.93,13.088,12.8624,13.0093
2017-06-28,13.0198,13.0778,12.9162,12.92
2017-06-27,12.8635,13.0451,12.8032,13.0252
2017-06-26,12.9312,12.9498,12.8179,12.856
2017-06-23,12.9724,13.0235,12.9018,12.9168
2017-06-22,13.0802,13.09,12.9375,12.97
2017-06-21,13.065,13.1433,13.0138,13.0754
2017-06-20,13.005,13.1192,12.923,13.054
2017-06-19,12.8028,13.0578,12.7535,13
2017-06-16,12.8809,12.9298,12.7924,12.809
2017-06-15,12.6254,12.9114,12.58,12.8643
2017-06-14,12.7625,12.7927,12.5476,12.626
2017-06-13,12.825,12.84,12.7397,12.7565
2017-06-12,12.9508,12.951,12.7785,12.8068
2017-06-09,12.915,12.9654,12.8296,12.9435
2017-06-08,12.84,12.9425,12.7947,12.9017
2017-06-07,12.8276,12.8938,12.7887,12.8294
2017-06-06,12.7093,12.8981,12.6903,12.8215
2017-06-05,12.8165,12.86,12.6794,12.6985
2017-06-02,12.8901,12.9656,12.7648,12.7965
2017-06-01,13.125,13.1525,12.8538,12.88
2017-05-31,13.1312,13.215,12.985,13.1015
2017-05-30,12.9645,13.175,12.9358,13.1173
2017-05-29,12.874,13.0166,12.6375,12.9501
2017-05-26,12.9325,12.9927,12.81,12.8549
2017-05-25,12.8962,12.9527,12.835,12.922
2017-05-24,13.08,13.1679,12.8835,12.8918
2017-05-23,13.225,13.3181,13.0162,13.07
2017-05-22,13.2575,13.2799,13.1363,13.2145
2017-05-19,13.4217,13.4345,13.1988,13.2265
2017-05-18,13.208,13.5921,13.1808,13.42
2017-05-17,13.06,13.225,13.0429,13.197
2017-05-16,13.18,13.201,13.0357,13.0588
2017-05-15,13.3825,13.3984,13.1489,13.1725
2017-05-12,13.372,13.487,13.3119,13.351
2017-05-11,13.4804,13.5289,13.3104,13.3607
2017-05-10,13.6362,13.6474,13.425,13.4665
2017-05-09,13.6245,13.7125,13.561,13.62
2017-05-08,13.435,13.6504,13.4151,13.6145
2017-05-05,13.6563,13.7138,13.4031,13.4165
2017-05-04,13.4385,13.6833,13.4019,13.6462
2017-05-03,13.3517,13.4462,13.3107,13.4323
2017-05-02,13.4106,13.43,13.2625,13.34
2017-05-01,13.3663,13.4425,13.2892,13.4062
2017-04-28,13.3488,13.3982,13.2262,13.3618
2017-04-27,13.2818,13.399,13.1711,13.3438
2017-04-26,13.06,13.3751,13.0414,13.2675
2017-04-25,13.0185,13.1328,12.9669,13.05
2017-04-24,13.1186,13.1186,12.8725,13
2017-04-21,13.1538,13.2015,13.0944,13.1238
2017-04-20,13.28,13.2987,13.1125,13.14
2017-04-19,13.2734,13.3836,13.2566,13.27
2017-04-18,13.3338,13.4269,13.238,13.259
2017-04-17,13.42,13.448,13.2726,13.2797
2017-04-14,13.4631,13.4824,13.3977,13.404
2017-04-13,13.4614,13.5938,13.3993,13.4449
2017-04-12,13.802,13.8325,13.4534,13.453
2017-04-11,13.9563,13.9607,13.7563,13.79
2017-04-10,13.7579,13.9627,13.7459,13.9386
2017-04-07,13.78,13.8465,13.6994,13.7525
2017-04-06,13.8008,13.8901,13.7063,13.75
2017-04-05,13.6288,13.8698,13.4668,13.7942
2017-04-04,13.6775,13.9479,13.4963,13.6163
2017-04-03,13.4234,13.7558,13.3463,13.6893
2017-03-31,13.275,13.6225,13.2627,13.4197
2017-03-30,13.0399,13.2975,12.7913,13.29
2017-03-29,12.9912,13.1597,12.9,13.0355
2017-03-28,12.73,13.104,12.7288,12.99
2017-03-27,12.4238,12.8481,12.3085,12.745
2017-03-24,12.4575,12.519,12.3972,12.4246
2017-03-23,12.575,12.6038,12.4291,12.4406
2017-03-22,12.6817,12.7359,12.5304,12.559
2017-03-21,12.6405,12.7114,12.52,12.6704
2017-03-20,12.7163,12.7464,12.6104,12.6336
2017-03-17,12.7665,12.8034,12.6876,12.7088
2017-03-16,12.8075,12.8734,12.6726,12.7515
2017-03-15,13.156,13.1804,12.7591,12.785
2017-03-14,13.1345,13.2488,13.105,13.1377
2017-03-13,13.2025,13.2092,13.0728,13.14
2017-03-10,13.3348,13.3428,13.1256,13.1492
2017-03-09,13.13,13.3775,13.1105,13.3283
2017-03-08,12.972,13.1564,12.9396,13.13
2017-03-07,13.015,13.0469,12.9263,12.9698
2017-03-06,13.05,13.0767,12.9273,13
2017-03-03,13.158,13.1801,13.0051,13.01
2017-03-02,13.0249,13.1864,12.9966,13.1488
2017-03-01,13.1263,13.1625,12.9498,13.0097
2017-02-28,13.01,13.144,12.9499,13.1149
2017-02-27,12.96,13.0446,12.8762,13.0009
2017-02-24,12.872,12.9981,12.85,12.955
2017-02-23,12.973,13.035,12.7901,12.86
2017-02-22,13.1361,13.1795,12.9364,12.9658
2017-02-21,13.045,13.1938,13.0225,13.1228
2017-02-20,13.0925,13.1858,13.0173,13.0358
2017-02-17,13.0188,13.165,12.965,13.06
2017-02-16,12.9157,13.0666,12.8982,13.03
2017-02-15,13.1075,13.16,12.8988,12.901
2017-02-14,13.3388,13.35,13.071,13.0914
2017-02-13,13.3325,13.4111,13.2714,13.3315
2017-02-10,13.4075,13.4459,13.3043,13.35
2017-02-09,13.4144,13.4913,13.3488,13.39
2017-02-08,13.451,13.5327,13.3478,13.4062
2017-02-07,13.2984,13.475,13.291,13.45
2017-02-06,13.255,13.4208,13.2365,13.2835
2017-02-03,13.3905,13.4967,13.205,13.2675
2017-02-02,13.4725,13.49,13.316,13.3938
2017-02-01,13.4758,13.5363,13.3545,13.46
2017-01-31,13.5066,13.6118,13.349,13.4601
2017-01-30,13.4225,13.6915,13.422,13.4983
2017-01-27,13.355,13.6023,13.326,13.465
2017-01-26,13.245,13.4355,13.1948,13.3502
2017-01-25,13.3829,13.4025,13.2179,13.23
2017-01-24,13.485,13.51,13.2863,13.38
2017-01-23,13.575,13.6612,13.4684,13.4703
2017-01-20,13.5598,13.6463,13.5031,13.59
2017-01-19,13.6315,13.6781,13.5325,13.5441
2017-01-18,13.4674,13.6422,13.4517,13.6248
2017-01-17,13.6705,13.7025,13.4102,13.457
2017-01-16,13.52,13.7202,13.5043,13.6705
2017-01-13,13.5105,13.6023,13.4377,13.5
2017-01-12,13.7457,13.7857,13.4063,13.4915
2017-01-11,13.7421,13.9825,13.6414,13.7293
2017-01-10,13.6625,13.7701,13.5837,13.7264
2017-01-09,13.7063,13.8043,13.6255,13.66
2017-01-06,13.5803,13.786,13.56,13.73
2017-01-05,13.6276,13.7463,13.4875,13.58
2017-01-04,13.8325,13.8401,13.5773,13.6075
2017-01-03,13.7344,13.8573,13.6875,13.8238
2017-01-02,13.7275,13.785,13.6825,13.74
2016-12-30,13.6175,13.8163,13.5509,13.7311
2016-12-29,13.8558,13.8863,13.59,13.61
2016-12-28,13.9349,13.9582,13.8259,13.8399
2016-12-27,14.0117,14.0275,13.8845,13.919
2016-12-26,14.01,14.065,13.94,13.9954
2016-12-23,14.0355,14.0722,13.938,14.0024
2016-12-22,14.0031,14.0948,13.9163,14.031
2016-12-21,13.9988,14.0259,13.9133,14
2016-12-20,14.139,14.1819,13.909,13.9799
2016-12-19,14.065,14.1545,13.9505,14.124
2016-12-16,13.965,14.1363,13.8836,14.075
2016-12-15,13.9327,14.1823,13.9161,13.964
2016-12-14,13.6155,13.9804,13.58,13.9183
2016-12-13,13.6153,13.7738,13.5341,13.6105
2016-12-12,13.805,13.8985,13.5883,13.6012
2016-12-09,13.645,13.8495,13.636,13.8146
2016-12-08,13.475,13.8325,13.4569,13.64
2016-12-07,13.6535,13.695,13.4634,13.4601
2016-12-06,13.7258,13.7858,13.5807,13.6332
2016-12-05,13.809,13.9883,13.7057,13.7168
2016-12-02,14.105,14.175,13.7802,13.7911
2016-12-01,14.0896,14.164,13.9344,14.1
2016-11-30,13.8773,14.1638,13.8538,14.08
2016-11-29,13.7325,14.087,13.705,13.8725
2016-11-28,14.075,14.0894,13.6941,13.7235
2016-11-25,14.1628,14.2155,14.0363,14.1047
2016-11-24,14.1512,14.2563,14.0824,14.1478
2016-11-23,14.0865,14.2997,14.0112,14.1362
2016-11-22,14.225,14.2569,14.0063,14.06
2016-11-21,14.4747,14.49,14.1612,14.245
2016-11-18,14.435,14.6525,14.3216,14.4705
2016-11-17,14.3038,14.4425,14.2319,14.43
2016-11-16,14.1773,14.388,14.116,14.3
2016-11-15,14.435,14.4508,14.1034,14.17
2016-11-14,14.405,14.5188,14.1473,14.4252
2016-11-11,14.1315,14.4728,13.9645,14.3695
2016-11-10,13.45,14.1976,13.3246,14.12
2016-11-09,13.1871,13.8359,13.1725,13.44
2016-11-08,13.3625,13.4513,13.1675,13.18
2016-11-07,13.5725,13.6729,13.3175,13.3437
2016-11-04,13.4648,13.6452,13.4325,13.57
2016-11-03,13.465,13.5434,13.365,13.4498
2016-11-02,13.61,13.6794,13.3114,13.4583
2016-11-01,13.4747,13.6876,13.4597,13.6
2016-10-31,13.8263,13.8782,13.46,13.46
2016-10-28,13.8724,13.9563,13.7874,13.8215
2016-10-27,13.8863,13.9963,13.8078,13.8658
2016-10-26,13.7588,13.945,13.685,13.8747
2016-10-25,13.91,13.9439,13.75,13.7431
2016-10-24,14,14.03,13.8363,13.9068
2016-10-21,13.9515,14.086,13.8949,13.9684
2016-10-20,13.8335,13.9791,13.82,13.9364
2016-10-19,13.8938,13.9593,13.8132,13.83
2016-10-18,14.1475,14.1645,13.8594,13.8934
2016-10-17,14.3251,14.3742,14.1133,14.141
2016-10-14,14.2525,14.335,14.0775,14.3118
2016-10-13,14.2291,14.3981,14.109,14.25
2016-10-12,14.3744,14.4991,14.0145,14.2141
2016-10-11,13.8091,14.4425,13.7817,14.3609
2016-10-10,13.8613,13.9075,13.7319,13.805
2016-10-07,13.8844,14.0138,13.7231,13.8542
2016-10-06,13.7163,13.933,13.7088,13.8694
2016-10-05,13.8314,13.8512,13.6878,13.7132
2016-10-04,13.5963,13.8517,13.5688,13.82
2016-10-03,13.7625,13.7684,13.5459,13.5823
2016-09-30,13.9188,14.0695,13.6973,13.71
2016-09-29,13.6179,13.9955,13.5875,13.88
2016-09-28,13.45,13.7393,13.3927,13.61
2016-09-27,13.6908,13.7398,13.4334,13.44
2016-09-26,13.7274,13.7826,13.6175,13.6808
2016-09-23,13.6563,13.7383,13.5334,13.7089
2016-09-22,13.58,13.68,13.3736,13.63
2016-09-21,13.915,13.9525,13.5409,13.5671
2016-09-20,14.0164,14.0312,13.8305,13.91
2016-09-19,14.1819,14.2663,13.9532,14.0007
2016-09-16,14.2533,14.3269,14.0963,14.1681
2016-09-15,14.325,14.3956,14.1038,14.2399
2016-09-14,14.3922,14.4768,14.2263,14.3164
2016-09-13,14.2302,14.531,14.2131,14.3853
2016-09-12,14.4218,14.5933,14.2133,14.22
2016-09-09,14.1313,14.4744,14.1075,14.4046
2016-09-08,14.0211,14.1738,13.825,14.1239
2016-09-07,13.9796,14.0899,13.9049,14.01
2016-09-06,14.3831,14.4112,13.9613,13.9696
2016-09-05,14.4975,14.515,14.3288,14.373
2016-09-02,14.6168,14.689,14.3565,14.47
2016-09-01,14.7285,14.7565,14.5613,14.59
2016-08-31,14.4917,14.7474,14.3963,14.73
2016-08-30,14.4095,14.5721,14.3335,14.48
2016-08-29,14.3475,14.5484,14.2577,14.4
2016-08-26,14.205,14.3863,13.965,14.37
2016-08-25,14.1975,14.3266,13.9557,14.2
2016-08-24,14.0072,14.2863,13.888,14.16
2016-08-23,13.5787,14.0064,13.4319,13.995
2016-08-22,13.494,13.655,13.4418,13.5687
2016-08-19,13.364,13.5538,13.3511,13.5025
2016-08-18,13.3831,13.4063,13.2463,13.3634
2016-08-17,13.42,13.5441,13.3591,13.37
2016-08-16,13.3012,13.4406,13.2063,13.4175
2016-08-15,13.4735,13.5065,13.2475,13.2937
2016-08-12,13.4136,13.5578,13.3173,13.4687
2016-08-11,13.2823,13.455,13.2511,13.4
2016-08-10,13.41,13.445,13.1963,13.265
2016-08-09,13.5775,13.6578,13.3975,13.4
2016-08-08,13.7195,13.7709,13.5675,13.58
2016-08-05,13.7065,13.8458,13.6278,13.7175
2016-08-04,13.908,13.97,13.6627,13.7
2016-08-03,13.9982,14.0738,13.8964,13.9023
2016-08-02,13.925,14.035,13.8975,13.9912
2016-08-01,13.8713,13.9627,13.7738,13.92
2016-07-29,14.1445,14.2122,13.8243,13.875
2016-07-28,14.2664,14.29,14.128,14.13
2016-07-27,14.3632,14.425,14.2021,14.24
2016-07-26,14.3531,14.4688,14.2543,14.34
2016-07-25,14.285,14.4348,14.2692,14.34
2016-07-22,14.2312,14.3863,14.1638,14.28
2016-07-21,14.35,14.365,14.1624,14.22
2016-07-20,14.3373,14.4065,14.2403,14.33
2016-07-19,14.2436,14.465,14.23,14.32
2016-07-18,14.5766,14.5766,14.2197,14.23
2016-07-15,14.225,14.61,14.2171,14.575
2016-07-14,14.4821,14.4978,14.1744,14.21
2016-07-13,14.3315,14.51,14.2963,14.47
2016-07-12,14.4475,14.4736,14.2658,14.3202
2016-07-11,14.5295,14.6723,14.4125,14.4329
2016-07-08,14.7826,14.82,14.503,14.5183
2016-07-07,14.7313,14.8083,14.5938,14.7388
2016-07-06,14.7468,14.9557,14.7077,14.73
2016-07-05,14.5658,14.8598,14.5434,14.745
2016-07-04,14.6149,14.6312,14.4539,14.5586
2016-07-01,14.705,14.814,14.4865,14.5528
2016-06-30,14.785,14.9873,14.5937,14.68
2016-06-29,15.1849,15.2263,14.7678,14.7845
2016-06-28,15.445,15.49,15.1061,15.17
2016-06-27,15.0499,15.5783,15.01,15.454
2016-06-24,14.4126,15.6862,14.3019,15.06
2016-06-23,14.6118,14.6364,14.3523,14.4
2016-06-22,14.7224,14.7762,14.5616,14.6005
2016-06-21,14.8394,14.8636,14.619,14.7074
2016-06-20,15.1389,15.1389,14.7455,14.8244
2016-06-17,15.3341,15.3631,15.107,15.1136
2016-06-16,15.2452,15.5483,15.1698,15.336
2016-06-15,15.3175,15.3621,15.1603,15.2351
2016-06-14,15.1543,15.4105,15.1152,15.2871
2016-06-13,15.2452,15.265,15.0226,15.1561
2016-06-10,14.8014,15.3078,14.7973,15.225
2016-06-09,14.739,14.8981,14.7283,14.7925
2016-06-08,14.9149,14.9853,14.6508,14.7309
2016-06-07,14.8948,14.9638,14.795,14.9018
2016-06-06,15.0837,15.1853,14.8829,14.8923
2016-06-03,15.5768,15.6198,15.0583,15.088
2016-06-02,15.6024,15.6693,15.5115,15.5592
2016-06-01,15.7115,15.7405,15.5372,15.5892
2016-05-31,15.8157,15.8698,15.652,15.7081
2016-05-30,15.6833,15.8775,15.6686,15.8026
2016-05-27,15.5147,15.7449,15.4991,15.7012
2016-05-26,15.6679,15.707,15.492,15.5164
2016-05-25,15.6591,15.7865,15.4913,15.6685
2016-05-24,15.7222,15.8649,15.6004,15.644
2016-05-23,15.6934,15.7901,15.5213,15.7074
2016-05-20,15.8013,15.8308,15.6095,15.6173
2016-05-19,15.8868,15.9845,15.7405,15.7863
2016-05-18,15.556,15.937,15.5472,15.8626
2016-05-17,15.6385,15.701,15.4915,15.5312
2016-05-16,15.47,15.7466,15.3774,15.6475
2016-05-13,15,15.4252,14.9988,15.39
2016-05-12,15.034,15.1695,14.8928,15.035
2016-05-11,15.1178,15.3088,15.0102,15.019
2016-05-10,15.1635,15.3857,15.0818,15.1022
2016-05-09,14.901,15.215,14.7236,15.1712
2016-05-06,14.9687,15.1764,14.8367,14.8679
2016-05-05,14.9807,15.1602,14.7639,14.9527
2016-05-04,14.6352,15.1055,14.6118,14.9763
2016-05-03,14.27,14.6733,14.2085,14.6356
2016-05-02,14.21,14.3587,14.1716,14.2615
2016-04-29,14.29,14.3037,14.1027,14.2295
2016-04-28,14.4034,14.5728,14.2361,14.2623
2016-04-27,14.3875,14.6198,14.3579,14.3983
2016-04-26,14.453,14.5456,14.3573,14.3978
2016-04-25,14.4243,14.5596,14.3772,14.4442
2016-04-22,14.3258,14.4466,14.2559,14.395
2016-04-21,14.2,14.3596,14.1641,14.308
2016-04-20,14.2778,14.3763,14.1604,14.1928
2016-04-19,14.485,14.5046,14.1893,14.2566
2016-04-18,14.616,14.7517,14.4526,14.476
2016-04-15,14.538,14.652,14.4701,14.5597
2016-04-14,14.5339,14.7307,14.4433,14.5448
2016-04-13,14.7063,14.8027,14.5043,14.519
2016-04-12,14.736,14.7843,14.6312,14.6887
2016-04-11,14.9808,15.01,14.6265,14.721
2016-04-08,15.2578,15.2739,14.9164,14.975
2016-04-07,15.0825,15.2878,15.0017,15.2513
2016-04-06,15.1025,15.2998,14.9855,15.0741
2016-04-05,14.7898,15.1733,14.7583,15.0761
2016-04-04,14.6825,14.8202,14.6283,14.7748
2016-04-01,14.7548,14.9481,14.6205,14.687
2016-03-31,14.9356,14.9763,14.6293,14.7637
2016-03-30,15.185,15.2256,14.8117,14.9206
2016-03-29,15.4728,15.5603,15.1037,15.164
2016-03-28,15.4608,15.6274,15.3881,15.4336
2016-03-25,15.453,15.5151,15.4136,15.4473
2016-03-24,15.355,15.5799,15.3264,15.444
2016-03-23,15.2175,15.4165,15.1878,15.343
2016-03-22,15.2023,15.3863,15.1715,15.2112
2016-03-21,15.2828,15.4547,15.145,15.214
2016-03-18,15.1698,15.4193,15.1188,15.2525
2016-03-17,15.67,15.7475,15.0643,15.1625
2016-03-16,15.9185,16.2453,15.6246,15.6579
2016-03-15,15.5256,16.04,15.5127,15.9191
2016-03-14,15.2212,15.5865,15.165,15.5127
2016-03-11,15.4181,15.4315,15.1445,15.2452
2016-03-10,15.2159,15.4649,15.0254,15.3957
2016-03-09,15.4425,15.4961,15.1343,15.1967
2016-03-08,15.2626,15.4745,15.2315,15.4234
2016-03-07,15.3501,15.4174,15.232,15.246
2016-03-04,15.6573,15.6918,15.2545,15.3444
2016-03-03,15.5484,15.7353,15.518,15.642
2016-03-02,15.5873,15.7478,15.5346,15.5332
2016-03-01,15.868,15.8912,15.526,15.5739
2016-02-29,16.1657,16.2513,15.7416,15.8565
2016-02-26,15.5868,16.3179,15.516,16.1488
2016-02-25,15.5968,15.7702,15.5078,15.5662
2016-02-24,15.2301,15.7694,15.2052,15.5958
2016-02-23,15.1937,15.2983,15.0593,15.2182
2016-02-22,15.415,15.4622,15.1624,15.1782
2016-02-19,15.4236,15.5275,15.3477,15.378
2016-02-18,15.4777,15.5286,15.249,15.39
2016-02-17,15.795,15.8792,15.4382,15.462
2016-02-16,15.7232,15.8269,15.698,15.7805
2016-02-15,15.8822,15.9275,15.7042,15.708
2016-02-12,15.835,15.9613,15.7308,15.8625
2016-02-11,15.885,16.0534,15.6517,15.8669
2016-02-10,16.0645,16.0961,15.768,15.8704
2016-02-09,16.1343,16.2741,15.9719,16.0546
2016-02-08,16.0341,16.2274,15.8935,16.1485
2016-02-05,15.8599,16.029,15.7653,16.0075
2016-02-04,15.9262,16.0371,15.7493,15.8466
2016-02-03,16.2225,16.4413,15.9166,15.9241
2016-02-02,15.8998,16.2384,15.8859,16.2067
2016-02-01,15.8462,16.1218,15.8462,15.8997
2016-01-29,16.2044,16.2341,15.8588,15.871
2016-01-28,16.448,16.4905,16.1304,16.1892
2016-01-27,16.392,16.4985,16.3032,16.4329
2016-01-26,16.5432,16.6551,16.3361,16.3736
2016-01-25,16.485,16.5638,16.3945,16.528
2016-01-22,16.5619,16.6347,16.3938,16.45
2016-01-21,16.7694,16.8772,16.4825,16.5488
2016-01-20,16.7823,16.9614,16.7106,16.745
2016-01-19,16.8747,16.8937,16.5732,16.7684
2016-01-18,16.7885,16.9869,16.6657,16.8664
2016-01-15,16.4413,16.8535,16.4237,16.8083
2016-01-14,16.57,16.6873,16.3777,16.4329
2016-01-13,16.672,16.6956,16.3569,16.5589
2016-01-12,16.782,16.9535,16.4471,16.659
2016-01-11,16.3039,17.8409,16.3039,16.7667
2016-01-08,16.0705,16.3203,15.9316,16.3082
2016-01-07,15.8597,16.2032,15.8392,16.072
2016-01-06,15.6363,15.8765,15.6199,15.844
2016-01-05,15.5642,15.689,15.4956,15.6287
2016-01-04,15.4937,15.6953,15.4458,15.5722
2016-01-01,15.471,15.4954,15.461,15.4685
2015-12-31,15.5468,15.6541,15.4454,15.4615
2015-12-30,15.3024,15.5938,15.2796,15.5363
2015-12-29,15.3092,15.3332,15.2595,15.2875
2015-12-28,15.2259,15.3293,15.1563,15.2938
2015-12-25,15.2783,15.2895,15.2101,15.2686
2015-12-24,15.2168,15.3045,15.1527,15.2708
2015-12-23,15.1593,15.2838,15.1416,15.208
2015-12-22,15.0984,15.2209,15.0596,15.1565
2015-12-21,15.0775,15.1294,14.9857,15.0937
2015-12-18,15.232,15.2474,14.9899,15.0854
2015-12-17,14.9447,15.2733,14.8679,15.221
2015-12-16,14.93,15.1106,14.8008,14.9287
2015-12-15,15.1072,15.169,14.849,14.924
2015-12-14,15.235,15.4912,14.9344,15.0937
2015-12-11,15.4655,16.0264,15.3609,15.877
2015-12-10,14.979,15.4909,14.8561,15.4615
2015-12-09,14.6029,15.2777,14.5048,14.9748
2015-12-08,14.5145,14.7022,14.4933,14.5929
2015-12-07,14.3552,14.574,14.3337,14.5351
2015-12-04,14.3592,14.477,14.2711,14.3363
2015-12-03,14.35,14.4026,14.2464,14.3623
2015-12-02,14.4355,14.4708,14.3099,14.345
2015-12-01,14.4477,14.5005,14.3626,14.423
2015-11-30,14.3972,14.499,14.3514,14.4479
2015-11-27,14.2893,14.4273,14.2558,14.3961
2015-11-26,14.1405,14.2985,14.0993,14.2855
2015-11-25,14.0388,14.1732,13.9981,14.1201
2015-11-24,14.0867,14.1663,13.9678,14.0388
2015-11-23,13.9525,14.115,13.9488,14.0808
2015-11-20,14.0282,14.0481,13.8879,13.935
2015-11-19,14.1672,14.2253,13.9966,14.017
2015-11-18,14.2725,14.322,14.1543,14.1623
2015-11-17,14.315,14.4038,14.2043,14.265
2015-11-16,14.4075,14.4442,14.3063,14.3088
2015-11-13,14.309,14.4301,14.2691,14.3967
2015-11-12,14.1522,14.3488,14.0715,14.3055
2015-11-11,14.2674,14.2808,14.1447,14.1475
2015-11-10,14.3002,14.3883,14.2356,14.2637
2015-11-09,14.2147,14.3378,14.106,14.2952
2015-11-06,13.8913,14.209,13.8763,14.1558
2015-11-05,13.9607,14.001,13.8613,13.8844
2015-11-04,13.74,13.9955,13.7273,13.9553
2015-11-03,13.7963,13.9298,13.7264,13.7246
2015-11-02,13.82,13.8433,13.7229,13.7782
2015-10-30,13.8927,13.9099,13.764,13.8185
2015-10-29,13.719,13.9217,13.687,13.89
2015-10-28,13.671,13.8079,13.5167,13.703
2015-10-27,13.639,13.7623,13.6088,13.6603
2015-10-26,13.6414,13.6922,13.5619,13.6239
2015-10-23,13.4046,13.7025,13.3169,13.631
2015-10-22,13.5235,13.6033,13.3821,13.3905
2015-10-21,13.2981,13.5452,13.2463,13.5135
2015-10-20,13.2915,13.3317,13.174,13.2821
2015-10-19,13.0662,13.3025,13.0095,13.2757
2015-10-16,13.0479,13.1692,13.0347,13.0764
2015-10-15,13.2356,13.2426,13.0232,13.0337
2015-10-14,13.5595,13.5745,13.2075,13.2319
2015-10-13,13.3287,13.5703,13.3045,13.5467
2015-10-12,13.3305,13.3826,13.2506,13.3048
2015-10-09,13.3123,13.381,13.2382,13.3372
2015-10-08,13.4658,13.5353,13.2988,13.2939
2015-10-07,13.5205,13.5589,13.3391,13.4508
2015-10-06,13.6173,13.7222,13.5063,13.5033
2015-10-05,13.7253,13.7952,13.5238,13.5976
2015-10-02,13.9198,14.0203,13.72,13.717
2015-10-01,13.8555,13.9428,13.7156,13.9059
2015-09-30,13.9811,14.0088,13.7958,13.8406
2015-09-29,14.0606,14.1603,13.8834,13.9586
2015-09-28,13.9132,14.1054,13.8005,14.0641
2015-09-25,13.8433,13.9473,13.7212,13.8985
2015-09-24,13.8645,14.083,13.8189,13.8363
2015-09-23,13.6777,13.882,13.6328,13.859
2015-09-22,13.4721,13.7484,13.4109,13.6624
2015-09-21,13.3135,13.5013,13.2788,13.4644
2015-09-18,13.3527,13.3641,13.1698,13.3205
2015-09-17,13.2692,13.4059,13.1663,13.3371
2015-09-16,13.4686,13.4988,13.2563,13.2519
2015-09-15,13.4899,13.5483,13.4089,13.4538
2015-09-14,13.5567,13.6234,13.4715,13.48
2015-09-11,13.6269,13.6989,13.5325,13.576
2015-09-10,13.7934,13.9659,13.551,13.6485
2015-09-09,13.7229,13.8178,13.5448,13.7784
2015-09-08,13.9599,14.0045,13.6868,13.7096
2015-09-07,13.8424,14.0203,13.8282,13.9629
2015-09-04,13.5628,13.8953,13.5485,13.8395
2015-09-03,13.445,13.6513,13.3928,13.549
2015-09-02,13.4477,13.515,13.3888,13.4347
2015-09-01,13.2778,13.4663,13.2374,13.4311
2015-08-31,13.2999,13.3733,13.23,13.261
2015-08-28,13.1464,13.348,13.11,13.2894
2015-08-27,13.1305,13.1973,12.9866,13.1328
2015-08-26,13.1959,13.2053,13.0362,13.1179
2015-08-25,13.2312,13.2428,12.9804,13.1796
2015-08-24,12.9682,13.6706,12.9638,13.2249
2015-08-21,12.9362,12.987,12.8865,12.9655
2015-08-20,12.8882,13.0053,12.8477,12.9327
2015-08-19,12.9037,12.9793,12.8181,12.8804
2015-08-18,12.9097,12.9742,12.8802,12.8965
2015-08-17,12.8262,12.9298,12.8036,12.902
2015-08-14,12.8085,12.8907,12.7598,12.8216
2015-08-13,12.7616,12.8434,12.7214,12.806
2015-08-12,12.7807,12.8767,12.7089,12.7525
2015-08-11,12.6528,12.8273,12.6425,12.7865
2015-08-10,12.625,12.7498,12.625,12.6617
2015-08-07,12.7177,12.793,12.5968,12.622
2015-08-06,12.7891,12.8062,12.7074,12.7148
2015-08-05,12.7405,12.8315,12.7065,12.793
2015-08-04,12.6843,12.7443,12.6198,12.734
2015-08-03,12.6808,12.7553,12.6605,12.6827
2015-07-31,12.6985,12.778,12.5796,12.671
2015-07-30,12.5355,12.7578,12.5335,12.6961
2015-07-29,12.5535,12.6043,12.4697,12.5265
2015-07-28,12.6191,12.6582,12.5217,12.566
2015-07-27,12.6225,12.6941,12.5763,12.6151
2015-07-24,12.4674,12.6845,12.4263,12.6183
2015-07-23,12.4065,12.492,12.375,12.441
2015-07-22,12.3302,12.4408,12.3107,12.4045
2015-07-21,12.4335,12.465,12.3209,12.3233
2015-07-20,12.3678,12.4801,12.3575,12.4305
2015-07-17,12.3906,12.4066,12.297,12.355
2015-07-16,12.4169,12.4489,12.3442,12.3867
2015-07-15,12.3243,12.4645,12.3212,12.4144
2015-07-14,12.4445,12.4793,12.3206,12.3208
2015-07-13,12.4933,12.5212,12.3894,12.447
2015-07-10,12.5095,12.5123,12.3712,12.447
2015-07-09,12.5742,12.5879,12.4416,12.507
2015-07-08,12.4625,12.585,12.4313,12.5725
2015-07-07,12.392,12.5417,12.3708,12.4478
2015-07-06,12.4288,12.4613,12.3205,12.387
2015-07-03,12.2465,12.3633,12.2018,12.3155
2015-07-02,12.2534,12.3608,12.2324,12.245
2015-07-01,12.169,12.2792,12.1453,12.2425
2015-06-30,12.2165,12.2828,12.1178,12.1649
2015-06-29,12.3875,12.4075,12.1945,12.237
2015-06-26,12.1047,12.2432,12.0994,12.1975
2015-06-25,12.1405,12.1592,12.0523,12.0995
2015-06-24,12.1685,12.2084,12.116,12.1495
2015-06-23,12.099,12.2467,12.0975,12.167
2015-06-22,12.1559,12.1934,12.0815,12.0955
2015-06-19,12.2425,12.2851,12.1443,12.159
2015-06-18,12.2661,12.3173,12.1401,12.2423
2015-06-17,12.3695,12.4551,12.2368,12.2614
2015-06-16,12.4037,12.4796,12.3598,12.366
2015-06-15,12.3809,12.4618,12.3809,12.3992
2015-06-12,12.3561,12.4702,12.3426,12.3759
2015-06-11,12.3116,12.486,12.3065,12.3454
2015-06-10,12.4305,12.4855,12.2907,12.3054
2015-06-09,12.4754,12.5551,12.3962,12.426
2015-06-08,12.615,12.6393,12.468,12.4719
2015-06-05,12.3808,12.6342,12.3699,12.5755
2015-06-04,12.31,12.4043,12.2922,12.3758
2015-06-03,12.2076,12.3263,12.1802,12.3045
2015-06-02,12.2725,12.3504,12.1809,12.1976
2015-06-01,12.1725,12.2939,12.1444,12.2575
2015-05-29,12.133,12.1863,12.1152,12.1531
2015-05-28,12.025,12.2103,11.9813,12.135
2015-05-27,12.079,12.1709,12.0186,12.0251
2015-05-26,11.9379,12.0953,11.9275,12.08
2015-05-25,11.9115,11.981,11.8946,11.9555
2015-05-22,11.8336,11.9035,11.7674,11.891
2015-05-21,11.8356,11.8758,11.7297,11.817
2015-05-20,11.9125,11.9743,11.807,11.829
2015-05-19,11.878,11.9457,11.8336,11.906
2015-05-18,11.7791,11.8985,11.7791,11.873
2015-05-15,11.7905,11.8882,11.7563,11.789
2015-05-14,11.8875,11.9341,11.7728,11.7809
2015-05-13,12.0675,12.0678,11.8358,11.8825
2015-05-12,12.0815,12.1518,12.0319,12.0615
2015-05-11,11.9076,12.0948,11.9056,12.0804
2015-05-08,12.015,12.0798,11.9065,11.921
2015-05-07,12.0173,12.1268,11.9821,12.01
2015-05-06,11.9777,12.0682,11.9147,12.013
2015-05-05,12.0598,12.0781,11.9418,11.9765
2015-05-04,12.0551,12.081,12.0154,12.056
2015-05-01,11.913,12.0833,11.862,12.0577
2015-04-30,11.7857,11.9802,11.7695,11.909
2015-04-29,11.8645,11.9033,11.7097,11.7863
2015-04-28,12.006,12.0346,11.799,11.861
2015-04-27,12.1326,12.148,11.9509,12.001
2015-04-24,12.1498,12.2401,12.0986,12.1205
2015-04-23,12.2205,12.3053,12.1282,12.143
2015-04-22,12.122,12.2511,12.0681,12.2169
2015-04-21,12.1437,12.1991,12.0747,12.1152
2015-04-20,12.0566,12.155,11.9816,12.13
2015-04-17,11.964,12.1012,11.8732,12.062
2015-04-16,12.063,12.1002,11.9325,11.959
2015-04-15,12.0081,12.2093,11.9985,12.059
2015-04-14,12.1386,12.1663,11.9528,12.005
2015-04-13,11.9926,12.1938,11.9926,12.1336
2015-04-10,11.949,12.0622,11.9243,11.9903
2015-04-09,11.8175,11.9664,11.7737,11.945
2015-04-08,11.8837,11.8917,11.7707,11.8125
2015-04-07,11.8,11.8906,11.7734,11.8795
2015-04-06,11.7748,11.8293,11.6923,11.806
2015-04-03,11.947,11.9758,11.7511,11.794
2015-04-02,11.9865,12.0483,11.9202,11.9415
2015-04-01,12.1305,12.1503,11.9578,11.9815
2015-03-31,12.1541,12.2341,12.1056,12.1255
2015-03-30,12.0323,12.1686,12.0276,12.145
2015-03-27,11.9963,12.0558,11.9563,12.041
2015-03-26,11.8523,12.0003,11.833,11.9945
2015-03-25,11.7997,11.8852,11.7538,11.849
2015-03-24,11.9017,11.9563,11.7709,11.7967
2015-03-23,12.0416,12.1383,11.8829,11.898
2015-03-20,12.3115,12.3167,12.0037,12.01
2015-03-19,12.059,12.3593,12.038,12.307
2015-03-18,12.357,12.4028,11.9603,12.057
2015-03-17,12.3931,12.425,12.3485,12.352
2015-03-16,12.4953,12.4953,12.3665,12.3915
2015-03-13,12.297,12.5279,12.2615,12.474
2015-03-12,12.2785,12.3395,12.1467,12.294
2015-03-11,12.3655,12.3843,12.2348,12.2735
2015-03-10,12.0885,12.368,12.0885,12.363
2015-03-09,12.0443,12.1358,12.0102,12.087
2015-03-06,11.8425,12.1068,11.7669,12.0345
2015-03-05,11.8155,11.8783,11.7294,11.8407
2015-03-04,11.756,11.862,11.7235,11.8105
2015-03-03,11.772,11.8199,11.7039,11.752
2015-03-02,11.6525,11.78,11.6525,11.768
2015-02-27,11.5345,11.695,11.4905,11.663
2015-02-26,11.4375,11.5453,11.3612,11.5295
2015-02-25,11.475,11.528,11.4064,11.4455
2015-02-24,11.636,11.6759,11.4643,11.474
2015-02-23,11.623,11.75,11.6115,11.632
2015-02-20,11.678,11.6888,11.6103,11.6166
2015-02-19,11.599,11.6938,11.5448,11.6735
2015-02-18,11.677,11.7449,11.5823,11.594
2015-02-17,11.6475,11.692,11.579,11.67
2015-02-16,11.6495,11.693,11.615,11.6425
2015-02-13,11.715,11.7825,11.6245,11.6657
2015-02-12,11.82,11.8805,11.6853,11.7075
2015-02-11,11.6835,11.8983,11.663,11.815
2015-02-10,11.584,11.7243,11.547,11.68
2015-02-09,11.505,11.6115,11.4915,11.579
2015-02-06,11.268,11.5422,11.2675,11.5082
2015-02-05,11.4755,11.4948,11.257,11.265
2015-02-04,11.3805,11.4958,11.3707,11.4705
2015-02-03,11.5005,11.556,11.364,11.3755
2015-02-02,11.6485,11.6485,11.4865,11.496
2015-01-30,11.5555,11.678,11.5255,11.6435
2015-01-29,11.581,11.6728,11.5106,11.55
2015-01-28,11.5865,11.5993,11.4945,11.576
2015-01-27,11.4612,11.6155,11.4435,11.5815
2015-01-26,11.4425,11.4983,11.4055,11.457
2015-01-23,11.3985,11.4838,11.3751,11.4115
2015-01-22,11.52,11.564,11.3618,11.396
2015-01-21,11.589,11.6143,11.4753,11.5119
2015-01-20,11.6295,11.6859,11.572,11.585
2015-01-19,11.544,11.6683,11.542,11.636
2015-01-16,11.5655,11.6143,11.5045,11.545
2015-01-15,11.4445,11.5701,11.4178,11.56
2015-01-14,11.529,11.6237,11.4231,11.4395
2015-01-13,11.5263,11.5385,11.4717,11.527
2015-01-12,11.4861,11.547,11.4709,11.5213
2015-01-09,11.5815,11.6304,11.4678,11.491
2015-01-08,11.6788,11.7128,11.5518,11.5805
2015-01-07,11.718,11.7503,11.675,11.6738
2015-01-06,11.708,11.7853,11.6615,11.711
2015-01-05,11.735,11.7572,11.6731,11.703
2015-01-02,11.5526,11.7393,11.5476,11.699
2015-01-01,11.576,11.576,11.5395,11.5438
2014-12-31,11.5635,11.6006,11.5373,11.566
2014-12-30,11.624,11.657,11.5467,11.56
2014-12-29,11.5906,11.674,11.5811,11.619
2014-12-26,11.6271,11.6447,11.5784,11.6
2014-12-25,11.62,11.662,11.6118,11.6126
2014-12-24,11.6475,11.7028,11.6063,11.635
2014-12-23,11.5745,11.6635,11.5609,11.6442
2014-12-22,11.5945,11.6213,11.5288,11.569
2014-12-19,11.5825,11.6578,11.532,11.5668
2014-12-18,11.6225,11.6825,11.4875,11.5775
2014-12-17,11.658,11.7723,11.4453,11.6135
2014-12-16,11.7595,11.7817,11.5836,11.656
2014-12-15,11.585,11.8182,11.5298,11.7545
2014-12-12,11.6325,11.7267,11.584,11.606
2014-12-11,11.539,11.6583,11.4722,11.63
2014-12-10,11.4523,11.6057,11.4238,11.534
2014-12-09,11.5415,11.5728,11.3938,11.45
2014-12-08,11.3745,11.5776,11.343,11.537
2014-12-05,11.2003,11.3873,11.1795,11.3515
2014-12-04,11.221,11.2513,11.1563,11.1957
2014-12-03,11.1255,11.2458,11.1013,11.216
2014-12-02,10.9915,11.145,10.9775,11.1205
2014-12-01,11.0848,11.155,10.9614,10.9865
2014-11-28,10.976,11.0913,10.976,11.076
2014-11-27,10.954,10.9943,10.9293,10.971
2014-11-26,10.9659,11.0235,10.9426,10.949
2014-11-25,11.022,11.0719,10.9343,10.962
2014-11-24,10.9595,11.0563,10.926,11.017
2014-11-21,10.961,10.9948,10.9051,10.959
2014-11-20,11.056,11.0913,10.9358,10.959
2014-11-19,11.034,11.0833,11.0004,11.053
2014-11-18,11.1342,11.1342,10.9977,11.029
2014-11-17,11.0863,11.1458,11.0596,11.1278
2014-11-14,11.2091,11.2457,11.0703,11.074
2014-11-13,11.1953,11.2483,11.1605,11.2075
2014-11-12,11.22,11.2564,11.1552,11.1903
2014-11-11,11.2748,11.3352,11.2068,11.215
2014-11-10,11.2485,11.2813,11.1632,11.27
2014-11-07,11.2603,11.3623,11.219,11.255
2014-11-06,11.1462,11.2775,11.11,11.2553
2014-11-05,11.0346,11.1854,11.0343,11.1426
2014-11-04,11.076,11.0798,11.019,11.0296
2014-11-03,11.0458,11.0929,11.0115,11.071
2014-10-31,10.8687,11.0755,10.8254,11.0345
2014-10-30,10.949,10.9983,10.8548,10.8647
2014-10-29,10.848,10.9686,10.8258,10.944
2014-10-28,10.9415,10.9593,10.8373,10.843
2014-10-27,10.936,10.996,10.919,10.9375
2014-10-24,10.975,10.9989,10.9238,10.9275
2014-10-23,11.0005,11.0236,10.923,10.975
2014-10-22,11.05,11.0508,10.9737,10.9955
2014-10-21,11.019,11.0605,10.96,11.0444
2014-10-20,11.0975,11.1055,11.0123,11.014
2014-10-17,11.1129,11.1413,11.0596,11.0755
2014-10-16,11.075,11.202,11.0582,11.1079
2014-10-15,11.05,11.1848,10.968,11.07
2014-10-14,11.0415,11.1276,11.0125,11.0485
2014-10-13,11.1211,11.1248,11.0063,11.0365
2014-10-10,11.0625,11.1493,11.0493,11.114
2014-10-09,11.04,11.0978,10.9608,11.0575
2014-10-08,11.186,11.2475,11.0265,11.035
2014-10-07,11.2125,11.264,11.1593,11.1834
2014-10-06,11.339,11.357,11.2015,11.2075
2014-10-03,11.183,11.3852,11.1795,11.3402
2014-10-02,11.2642,11.2747,11.1649,11.1805
2014-10-01,11.2825,11.3568,11.2349,11.262
2014-09-30,11.2792,11.3493,11.234,11.2805
2014-09-29,11.2151,11.3158,11.2145,11.275
2014-09-26,11.2057,11.2623,11.1577,11.224
2014-09-25,11.1337,11.2267,11.129,11.2013
2014-09-24,11.1711,11.1777,11.1068,11.1232
2014-09-23,11.173,11.1808,11.0825,11.169
2014-09-22,11.0701,11.1893,11.0422,11.168
2014-09-19,11.0785,11.1125,10.9867,11.0745
2014-09-18,11.0275,11.11,10.9648,11.0735
2014-09-17,10.9025,11.0485,10.8948,11.022
2014-09-16,10.9655,11.0046,10.8693,10.9
2014-09-15,11.0101,11.0766,10.9613,10.9625
2014-09-12,10.9655,11.0329,10.9503,11.018
2014-09-11,10.93,10.9964,10.9025,10.959
2014-09-10,10.925,11.0172,10.9078,10.923
2014-09-09,10.8111,10.9551,10.7925,10.9205
2014-09-08,10.703,10.8149,10.6938,10.803
2014-09-05,10.73,10.7618,10.6625,10.6888
2014-09-04,10.6862,10.7328,10.6017,10.7287
2014-09-03,10.7405,10.7488,10.6698,10.6815
2014-09-02,10.6757,10.7503,10.6705,10.7355
2014-09-01,10.665,10.6863,10.6433,10.672
2014-08-29,10.6276,10.6758,10.5881,10.6595
2014-08-28,10.6095,10.6878,10.6035,10.6184
2014-08-27,10.6795,10.6917,10.5991,10.6045
2014-08-26,10.709,10.7215,10.6657,10.6745
2014-08-25,10.6846,10.7295,10.6765,10.703
2014-08-22,10.7075,10.7372,10.6728,10.6907
2014-08-21,10.7372,10.7505,10.6571,10.7025
2014-08-20,10.6488,10.746,10.6438,10.7305
2014-08-19,10.6035,10.6654,10.5944,10.6437
2014-08-18,10.6025,10.641,10.5691,10.5985
2014-08-15,10.5478,10.63,10.5301,10.588
2014-08-14,10.5702,10.6025,10.5206,10.5443
2014-08-13,10.6275,10.6451,10.5652,10.5653
2014-08-12,10.6283,10.681,10.6124,10.6219
2014-08-11,10.6725,10.7188,10.6194,10.6236
2014-08-08,10.7677,10.8353,10.6505,10.654
2014-08-07,10.7024,10.7916,10.6871,10.7627
2014-08-06,10.7567,10.825,10.6886,10.695
2014-08-05,10.6562,10.7779,10.6199,10.7338
2014-08-04,10.665,10.71,10.6393,10.6512
2014-08-01,10.7075,10.7733,10.6337,10.6737
2014-07-31,10.671,10.7413,10.6473,10.702
2014-07-30,10.6017,10.7182,10.5695,10.666
2014-07-29,10.565,10.6292,10.5535,10.5967
2014-07-28,10.506,10.587,10.4873,10.5587
2014-07-25,10.527,10.5503,10.4849,10.5075
2014-07-24,10.513,10.5455,10.4647,10.5225
2014-07-23,10.569,10.5778,10.4835,10.5035
2014-07-22,10.603,10.6413,10.5591,10.564
2014-07-21,10.6511,10.6675,10.5977,10.601
2014-07-18,10.76,10.7635,10.6392,10.6413
2014-07-17,10.6797,10.7671,10.6453,10.7575
2014-07-16,10.712,10.7318,10.6617,10.6747
2014-07-15,10.678,10.7302,10.6348,10.708
2014-07-14,10.7197,10.7517,10.6748,10.6748
2014-07-11,10.698,10.7413,10.6943,10.709
2014-07-10,10.6682,10.7559,10.6605,10.6891
2014-07-09,10.6845,10.7196,10.6522,10.664
2014-07-08,10.7788,10.7853,10.6735,10.6795
2014-07-07,10.7475,10.8281,10.7475,10.7738
2014-07-04,10.746,10.7705,10.7155,10.7595
2014-07-03,10.758,10.8476,10.7328,10.741
2014-07-02,10.6682,10.7768,10.6585,10.7547
2014-07-01,10.6398,10.6885,10.6126,10.6654
2014-06-30,10.605,10.6495,10.5706,10.634
2014-06-27,10.6305,10.649,10.5808,10.585
2014-06-26,10.5937,10.6825,10.5603,10.626
2014-06-25,10.6424,10.6544,10.5473,10.5887
2014-06-24,10.6,10.6497,10.5295,10.6372
2014-06-23,10.6615,10.6805,10.5564,10.596
2014-06-20,10.748,10.7665,10.6453,10.6405
2014-06-19,10.6525,10.7548,10.6101,10.743
2014-06-18,10.8423,10.8633,10.6401,10.6475
2014-06-17,10.7527,10.8491,10.7158,10.8363
2014-06-16,10.7,10.7704,10.6853,10.7474
2014-06-13,10.6655,10.8086,10.6615,10.6635
2014-06-12,10.7555,10.7682,10.6569,10.667
2014-06-11,10.703,10.7933,10.6925,10.7505
2014-06-10,10.645,10.7445,10.623,10.698
2014-06-09,10.575,10.6513,10.554,10.64
2014-06-06,10.7,10.7158,10.5587,10.5827
2014-06-05,10.7785,10.7787,10.6197,10.682
2014-06-04,10.7603,10.8065,10.7148,10.7635
2014-06-03,10.685,10.792,10.6304,10.757
2014-06-02,10.5745,10.6983,10.5503,10.681
2014-05-30,10.417,10.5953,10.4153,10.566
2014-05-29,10.4637,10.5087,10.351,10.413
2014-05-28,10.457,10.5483,10.4213,10.4574
2014-05-27,10.3505,10.5038,10.3141,10.4395
2014-05-26,10.3139,10.39,10.28,10.308
2014-05-23,10.3275,10.4017,10.2632,10.2878
2014-05-22,10.3688,10.4254,10.2859,10.3222
2014-05-21,10.4471,10.5025,10.3334,10.3672
2014-05-20,10.3554,10.5008,10.3293,10.4
2014-05-19,10.3451,10.466,10.31,10.304
2014-05-16,10.4062,10.4555,10.3167,10.305
2014-05-15,10.2915,10.4653,10.2587,10.3563
2014-05-14,10.309,10.3852,10.2497,10.241
2014-05-13,10.3581,10.4025,10.246,10.259
2014-05-12,10.3471,10.4257,10.3063,10.308
2014-05-09,10.3355,10.4166,10.3025,10.304
2014-05-08,10.453,10.5007,10.2868,10.286
2014-05-07,10.5,10.5594,10.4263,10.403
2014-05-06,10.5465,10.5735,10.4408,10.495
2014-05-05,10.4697,10.5765,10.4208,10.496
2014-05-02,10.4825,10.5995,10.4228,10.43
2014-05-01,10.523,10.5584,10.4489,10.436
2014-04-30,10.569,10.6046,10.4771,10.473
2014-04-29,10.6309,10.664,10.5,10.519
2014-04-28,10.6597,10.7009,10.5854,10.625
2014-04-25,10.6234,10.6983,10.576,10.6622
2014-04-24,10.601,10.6883,10.5215,10.551
2014-04-23,10.5565,10.654,10.5044,10.596
2014-04-22,10.4949,10.6002,10.454,10.506
2014-04-21,10.4995,10.5708,10.4517,10.4601
2014-04-18,10.485,10.5335,10.4543,10.452
2014-04-17,10.566,10.5925,10.4455,10.435
2014-04-16,10.563,10.6085,10.4871,10.516
2014-04-15,10.5145,10.6125,10.4636,10.56
2014-04-14,10.475,10.5974,10.4284,10.4605
2014-04-11,10.4734,10.5558,10.4072,10.443
2014-04-10,10.378,10.5015,10.3378,10.424
2014-04-09,10.465,10.5193,10.3423,10.328
2014-04-08,10.527,10.5565,10.3907,10.415
2014-04-07,10.5475,10.5994,10.4805,10.479
2014-04-04,10.641,10.6894,10.472,10.51
2014-04-03,10.6105,10.7112,10.5706,10.591
2014-04-02,10.5828,10.6646,10.5467,10.5505
2014-04-01,10.5345,10.6429,10.4914,10.5625
2014-03-31,10.6017,10.6415,10.4863,10.5225
2014-03-28,10.582,10.6562,10.545,10.566
2014-03-27,10.708,10.7563,10.5414,10.5748
2014-03-26,10.738,10.7944,10.6436,10.703
2014-03-25,10.83,10.8875,10.7045,10.688
2014-03-24,10.905,10.9425,10.7923,10.78
2014-03-21,10.8903,10.9626,10.8035,10.846
2014-03-20,10.8705,11.0019,10.8106,10.839
2014-03-19,10.732,10.9285,10.6548,10.866
2014-03-18,10.7755,10.8155,10.6747,10.682
2014-03-17,10.7,10.799,10.6396,10.726
2014-03-14,10.805,10.8595,10.6345,10.628
2014-03-13,10.804,10.8598,10.674,10.757
2014-03-12,10.857,10.9873,10.7778,10.7985
2014-03-11,10.746,10.9005,10.6932,10.805
2014-03-10,10.7407,10.84,10.6898,10.7452
2014-03-07,10.6011,10.7705,10.57,10.714
2014-03-06,10.665,10.7427,10.5623,10.551
2014-03-05,10.7565,10.8135,10.6337,10.66
2014-03-04,10.895,10.9303,10.724,10.705
2014-03-03,10.74,10.9609,10.7079,10.846
2014-02-28,10.701,10.794,10.6332,10.7565
2014-02-27,10.821,10.891,10.6618,10.652
2014-02-26,10.728,10.8807,10.6603,10.771
2014-02-25,10.796,10.8804,10.6746,10.678
2014-02-24,10.964,11.0208,10.7245,10.744
2014-02-21,11.0097,11.0775,10.8887,10.9305
2014-02-20,11.04,11.132,10.9618,10.957
2014-02-19,10.877,11.0895,10.8409,11.035
2014-02-18,10.8235,10.9248,10.796,10.87
2014-02-17,10.8679,10.9093,10.7895,10.775
2014-02-14,10.9665,11.0468,10.815,10.8205
2014-02-13,11.0048,11.1463,10.9363,10.9627
2014-02-12,10.967,11.0688,10.906,10.985
2014-02-11,11.141,11.1893,10.9323,10.917
2014-02-10,11.0675,11.1895,11.0099,11.137
2014-02-07,11.0353,11.1483,10.9165,11.057
2014-02-06,11.1353,11.1962,10.9532,11.029
2014-02-05,11.0964,11.2065,11.0373,11.085
2014-02-04,11.28,11.3056,11.0434,11.049
2014-02-03,11.13,11.3058,11.0368,11.23
2014-01-31,11.2103,11.3657,11.053,11.109
2014-01-30,11.3194,11.4127,11.101,11.16
2014-01-29,11.04,11.409,10.8809,11.268
2014-01-28,11.115,11.165,10.9804,10.974
2014-01-27,11.13,11.2793,11.0667,11.066
2014-01-24,10.9925,11.2175,10.9545,11.069
2014-01-23,10.875,11.0733,10.8434,10.989
2014-01-22,10.8265,10.9205,10.7802,10.825
2014-01-21,10.8513,10.9033,10.7658,10.777
2014-01-20,10.8515,10.9263,10.7873,10.804
2014-01-17,10.8865,10.9398,10.797,10.861
2014-01-16,10.881,10.9838,10.8279,10.836
2014-01-15,10.835,10.9568,10.8015,10.8687
2014-01-14,10.825,10.921,10.764,10.7845
2014-01-13,10.6625,10.8675,10.613,10.771
2014-01-10,10.8,10.8363,10.6172,10.639
2014-01-09,10.771,10.8595,10.7113,10.748
2014-01-08,10.646,10.816,10.5938,10.721
2014-01-07,10.65,10.6987,10.5645,10.596
2014-01-06,10.655,10.7608,10.602,10.6
2014-01-03,10.686,10.7112,10.5502,10.6508
2014-01-02,10.505,10.7229,10.4511,10.634
2014-01-01,10.49,10.532,10.4163,10.455
2013-12-31,10.4225,10.5958,10.383,10.447
2013-12-30,10.524,10.5707,10.3855,10.371
2013-12-27,10.3585,10.5663,10.3074,10.51
2013-12-26,10.327,10.394,10.2821,10.308
2013-12-25,10.33,10.3745,10.275,10.277
2013-12-24,10.345,10.3938,10.2968,10.28
2013-12-23,10.339,10.3995,10.275,10.295
2013-12-20,10.3878,10.5002,10.2933,10.35
2013-12-19,10.3435,10.462,10.2913,10.3395
2013-12-18,10.328,10.4175,10.1918,10.315
2013-12-17,10.283,10.3988,10.2494,10.278
2013-12-16,10.294,10.369,10.2353,10.2785
2013-12-13,10.3882,10.4585,10.253,10.284
2013-12-12,10.3763,10.4767,10.3201,10.337
2013-12-11,10.3612,10.4381,10.3013,10.326
2013-12-10,10.3944,10.4183,10.2479,10.311
2013-12-09,10.3128,10.4248,10.2719,10.339
2013-12-06,10.45,10.6028,10.2801,10.3013
2013-12-05,10.436,10.5635,10.3818,10.4
2013-12-04,10.332,10.5173,10.3038,10.41
2013-12-03,10.275,10.4178,10.2463,10.32
2013-12-02,10.1925,10.3128,10.104,10.2687
2013-11-29,10.206,10.263,10.1355,10.155
2013-11-28,10.235,10.2868,10.1615,10.1909
2013-11-27,10.1315,10.2685,10.0873,10.2287
2013-11-26,10.0945,10.1932,10.0415,10.0811
2013-11-25,10.075,10.1516,10,10.046
2013-11-22,10.126,10.1835,10.0364,10.059
2013-11-21,10.1502,10.2176,10.0789,10.078
2013-11-20,10.1804,10.251,10.0225,10.1451
2013-11-19,10.1453,10.2473,10.0585,10.133
2013-11-18,10.199,10.2171,10.0559,10.139
2013-11-15,10.1871,10.2604,10.0953,10.1525
2013-11-14,10.2793,10.3827,10.15,10.1833
2013-11-13,10.37,10.403,10.2496,10.229
2013-11-12,10.359,10.483,10.319,10.32
2013-11-11,10.3341,10.4343,10.2825,10.309
2013-11-08,10.301,10.4307,10.1982,10.319
2013-11-07,10.27,10.3517,10.1998,10.296
2013-11-06,10.244,10.3221,10.1555,10.22
2013-11-05,10.133,10.2928,10.1041,10.194
2013-11-04,10.198,10.2401,10.0868,10.1287
2013-11-01,10.0499,10.2373,9.9901,10.14
2013-10-31,9.947,10.1113,9.8837,9.9999
2013-10-30,9.8918,10.0036,9.8065,9.896
2013-10-29,9.8275,9.922,9.796,9.8417
2013-10-28,9.81,9.8807,9.7512,9.7787
2013-10-25,9.7545,9.8823,9.727,9.777
2013-10-24,9.7938,9.8236,9.7201,9.7045
2013-10-23,9.7375,9.8506,9.7047,9.7438
2013-10-22,9.8433,9.9127,9.6925,9.6875
2013-10-21,9.785,9.8791,9.73,9.838
2013-10-18,9.8253,9.892,9.7162,9.74
2013-10-17,9.8653,9.9088,9.7718,9.7752
2013-10-16,9.9795,10.0127,9.831,9.8148
2013-10-15,9.915,10.007,9.865,9.9282
2013-10-14,9.9097,9.9858,9.8663,9.865
2013-10-11,9.907,9.9661,9.8455,9.844
2013-10-10,9.961,10.0227,9.8584,9.857
2013-10-09,9.9968,10.0435,9.9266,9.957
2013-10-08,10.005,10.0361,9.9022,9.947
2013-10-07,10.0043,10.0736,9.9413,9.955
2013-10-04,10.034,10.115,9.954,9.9735
2013-10-03,10.014,10.1239,9.9615,9.985
2013-10-02,10.1225,10.1714,9.987,9.9693
2013-10-01,10.028,10.1645,9.945,10.072
2013-09-30,10.0575,10.1751,9.9857,10.0205
2013-09-27,9.991,10.1937,9.942,10.043
2013-09-26,9.9912,10.052,9.9182,9.9825
2013-09-25,9.8732,10.0218,9.8113,9.9413
2013-09-24,9.8438,9.9169,9.7886,9.8217
2013-09-23,9.8809,9.9247,9.7934,9.7938
2013-09-20,9.7057,9.9536,9.6492,9.8306
2013-09-19,9.588,9.768,9.5291,9.6555
2013-09-18,9.8038,9.8715,9.531,9.568
2013-09-17,9.8113,9.8812,9.7703,9.7538
2013-09-16,9.94,9.9604,9.7238,9.7603
2013-09-13,9.9713,10.0194,9.89,9.9247
2013-09-12,9.8693,10.0008,9.8402,9.9208
2013-09-11,9.9831,10.0563,9.8334,9.8195
2013-09-10,9.956,10.0768,9.9169,9.979
2013-09-09,10.0175,10.0724,9.9225,9.906
2013-09-06,10.238,10.268,9.9755,9.965
2013-09-05,10.244,10.3416,10.1672,10.188
2013-09-04,10.3347,10.3666,10.1875,10.194
2013-09-03,10.2808,10.3688,10.2238,10.285
2013-09-02,10.2708,10.311,10.1388,10.233
2013-08-30,10.3625,10.3995,10.1891,10.23
2013-08-29,10.3101,10.3965,10.2548,10.313
2013-08-28,10.3824,10.5254,10.2476,10.3052
2013-08-27,10.327,10.4593,10.2848,10.3774
2013-08-26,10.235,10.3785,10.18,10.277
2013-08-23,10.281,10.3078,10.1455,10.191
2013-08-22,10.3903,10.4606,10.2176,10.232
2013-08-21,10.159,10.4285,10.1176,10.3412
2013-08-20,10.206,10.2508,10.0888,10.11
2013-08-19,10.07,10.237,10.0135,10.156
2013-08-16,9.9815,10.1175,9.9427,10.0402
2013-08-15,9.9725,10.08,9.8711,9.9868
2013-08-14,9.997,10.0404,9.9043,9.9609
2013-08-13,9.8891,10.0223,9.8398,9.947
2013-08-12,9.815,9.9215,9.7531,9.8375
2013-08-09,9.8675,9.8918,9.7137,9.797
2013-08-08,9.9624,9.9913,9.7813,9.8577
2013-08-07,9.9348,9.989,9.862,9.9111
2013-08-06,9.8435,9.9704,9.8044,9.8848
2013-08-05,9.845,9.9053,9.7818,9.7935
2013-08-02,9.975,10.0693,9.8068,9.785
2013-08-01,9.875,10.0178,9.8275,9.925
2013-07-31,9.8003,9.9669,9.764,9.818
2013-07-30,9.7943,9.9117,9.7523,9.7953
2013-07-29,9.76,9.8669,9.7366,9.7442
2013-07-26,9.72,9.8358,9.6605,9.73
2013-07-25,9.785,9.8628,9.6572,9.67
2013-07-24,9.6825,9.8416,9.5919,9.775
2013-07-23,9.8255,9.8751,9.6579,9.6325
2013-07-22,9.8725,9.898,9.767,9.8144
2013-07-19,9.931,9.9691,9.8199,9.8205
2013-07-18,9.826,9.978,9.7825,9.9245
2013-07-17,9.8595,9.9815,9.7738,9.776
2013-07-16,9.8712,9.9553,9.7562,9.85
2013-07-15,9.975,10.0138,9.8465,9.8662
2013-07-12,9.99,10.1225,9.9212,9.9784
2013-07-11,9.9794,10.0968,9.8403,9.94
2013-07-10,10.0277,10.1196,9.9395,9.98
2013-07-09,10.167,10.2008,9.9748,9.9731
2013-07-08,10.19,10.3125,10.1282,10.117
2013-07-05,10.038,10.2383,9.9635,10.156
2013-07-04,10.093,10.1215,9.9628,9.988
2013-07-03,9.999,10.1466,9.9608,10.0401
2013-07-02,9.9365,10.04,9.8465,9.949
2013-07-01,9.8897,9.9702,9.8345,9.8865
2013-06-28,9.943,10.0583,9.838,9.83
2013-06-27,10.1104,10.1525,9.8873,9.938
2013-06-26,10.1,10.1763,10,10.06
2013-06-25,10.0715,10.1534,9.9077,10.0501
2013-06-24,10.169,10.3243,10.0109,10.0657
2013-06-21,10.214,10.2976,10.1193,10.1101
2013-06-20,10.1819,10.3483,10.154,10.1675
2013-06-19,9.9912,10.2147,9.8901,10.1308
2013-06-18,9.9748,10.12,9.935,9.9411
2013-06-17,9.9726,10.0106,9.8374,9.9251
2013-06-14,9.8492,10.0205,9.8074,9.895
2013-06-13,10.115,10.1653,9.8024,9.8442
2013-06-12,10.0705,10.2306,9.9055,10.0735
2013-06-11,10.182,10.3895,10.0035,10.0212
2013-06-10,9.9925,10.26,9.989,10.132
2013-06-07,9.8627,10.1113,9.8368,9.9131
2013-06-06,10.005,10.1225,9.8225,9.8127
2013-06-05,9.8255,10.0646,9.7668,10.007
2013-06-04,9.8173,9.8889,9.6468,9.7755
2013-06-03,10.0625,10.139,9.7787,9.8125
2013-05-31,10.0431,10.3038,9.9956,10.043
2013-05-30,9.8284,10.1102,9.756,10.0382
2013-05-29,9.7814,9.8773,9.7395,9.8203
2013-05-28,9.5995,9.8314,9.5675,9.7568
2013-05-27,9.5975,9.6547,9.5318,9.5875
2013-05-24,9.5278,9.6273,9.4895,9.5262
2013-05-23,9.5725,9.7124,9.4863,9.5228
2013-05-22,9.535,9.6162,9.4138,9.5675
2013-05-21,9.4403,9.6395,9.3994,9.5386
2013-05-20,9.4135,9.5019,9.3675,9.4353
2013-05-17,9.3195,9.4653,9.2825,9.3979
2013-05-16,9.2575,9.4042,9.2225,9.314
2013-05-15,9.2375,9.3387,9.1951,9.2075
2013-05-14,9.1597,9.2694,9.1046,9.1875
2013-05-13,9.1223,9.1933,9.0628,9.1097
2013-05-10,9.0262,9.1607,8.9852,9.0731
2013-05-09,9.0057,9.0953,8.9413,8.9778
2013-05-08,9.0314,9.11,8.9647,8.9557
2013-05-07,8.999,9.0908,8.9535,9.0261
2013-05-06,8.9102,9.0472,8.8781,8.949
2013-05-03,8.948,8.9992,8.8774,8.9052
2013-05-02,9.0233,9.081,8.9015,8.898
2013-05-01,8.9688,9.0888,8.9265,8.9733
2013-04-30,8.995,9.0544,8.9289,8.9653
2013-04-29,9.115,9.1436,8.925,8.9875
2013-04-26,9.095,9.1922,9.0432,9.0855
2013-04-25,9.135,9.1758,9.027,9.0907
2013-04-24,9.2045,9.2525,9.096,9.13
2013-04-23,9.2372,9.3242,9.1721,9.1545
2013-04-22,9.2312,9.3286,9.1796,9.1872
2013-04-19,9.1937,9.2807,9.1238,9.1754
2013-04-18,9.175,9.24,9.1063,9.1874
2013-04-17,9.125,9.2407,9.0848,9.17
2013-04-16,9.204,9.2748,9.0832,9.0755
2013-04-15,8.935,9.2511,8.9152,9.1986
2013-04-12,8.8956,9.0014,8.8649,8.8937
2013-04-11,8.9057,8.963,8.8408,8.8906
2013-04-10,8.9233,8.9828,8.8604,8.8553
2013-04-09,8.9883,9.0205,8.8821,8.9225
2013-04-08,9.1,9.1358,8.9584,8.9873
2013-04-05,9.1673,9.2224,9.05,9.0925
2013-04-04,9.2277,9.2924,9.1117,9.1225
2013-04-03,9.2527,9.2816,9.1788,9.1775
2013-04-02,9.1932,9.2862,9.1544,9.2028
2013-04-01,9.237,9.279,9.1529,9.1432
2013-03-29,9.207,9.2755,9.1775,9.2175
2013-03-28,9.2618,9.2949,9.156,9.1985
2013-03-27,9.245,9.3304,9.2125,9.2125
2013-03-26,9.294,9.3283,9.2131,9.2225
2013-03-25,9.315,9.3437,9.1925,9.244
2013-03-22,9.3255,9.3771,9.2687,9.2505
2013-03-21,9.3313,9.3862,9.2575,9.2755
2013-03-20,9.246,9.362,9.196,9.2813
2013-03-19,9.1717,9.3113,9.1347,9.2435
2013-03-18,9.1832,9.2751,9.1261,9.1217
2013-03-15,9.176,9.23,9.1266,9.1819
2013-03-14,9.261,9.3154,9.1406,9.126
2013-03-13,9.1695,9.2991,9.1146,9.2111
2013-03-12,9.0911,9.2354,9.0632,9.1195
2013-03-11,9.08,9.2013,9.0475,9.0411
2013-03-08,9.1439,9.1925,9.0382,9.066
2013-03-07,9.1245,9.2079,9.0659,9.0942
2013-03-06,9.035,9.1774,8.9885,9.0745
2013-03-05,9.078,9.131,8.9975,8.985
2013-03-04,9.0686,9.1533,9.0392,9.0723
2013-03-01,9.025,9.1278,8.9815,9.0385
2013-02-28,8.8175,9.0542,8.7946,8.975
2013-02-27,8.8225,8.9073,8.7902,8.8151
2013-02-26,8.8652,8.8957,8.7585,8.7725
2013-02-25,8.8615,8.9213,8.7862,8.8152
2013-02-22,8.9,8.9313,8.822,8.845
2013-02-21,8.9107,8.9813,8.8513,8.8488
2013-02-20,8.853,8.9425,8.8108,8.9064
2013-02-19,8.8898,8.9701,8.8225,8.848
2013-02-18,8.8573,8.9319,8.8032,8.8873
2013-02-15,8.7874,8.8782,8.747,8.835
2013-02-14,8.8673,8.9293,8.744,8.7375
2013-02-13,8.9173,8.934,8.8233,8.8602
2013-02-12,8.9099,9.0032,8.8721,8.9155
2013-02-11,8.888,8.9485,8.8575,8.9078
2013-02-08,8.911,8.9587,8.8538,8.8623
2013-02-07,8.9048,8.9553,8.845,8.9063
2013-02-06,8.8449,8.9567,8.7983,8.8978
2013-02-05,8.9162,8.9694,8.7825,8.7949
2013-02-04,8.85,8.9711,8.7957,8.9112
2013-02-01,8.9558,9.0133,8.8077,8.8
2013-01-31,9.0381,9.0843,8.8981,8.9528
2013-01-30,9.026,9.1012,8.9877,9.0347
2013-01-29,9.1015,9.1505,8.9992,9.02
2013-01-28,8.9385,9.173,8.9165,9.0965
2013-01-25,9.0613,9.1042,8.9095,8.925
2013-01-24,9.0625,9.1046,8.9957,8.995
2013-01-23,8.8549,9.0883,8.8125,9.013
2013-01-22,8.8593,8.8913,8.7907,8.8049
2013-01-21,8.8994,8.9227,8.8313,8.8545
2013-01-18,8.8024,8.9586,8.7725,8.856
2013-01-17,8.7971,8.8525,8.7362,8.7531
2013-01-16,8.82,8.9037,8.7538,8.7908
2013-01-15,8.7,8.8485,8.665,8.815
2013-01-14,8.7258,8.7634,8.6588,8.695
2013-01-11,8.6503,8.7844,8.6188,8.7
2013-01-10,8.594,8.7125,8.5479,8.5998
2013-01-09,8.58,8.6331,8.5404,8.5895
2013-01-08,8.5688,8.6339,8.5287,8.53
2013-01-07,8.576,8.6438,8.5335,8.5187
2013-01-04,8.59,8.695,8.525,8.5501
2013-01-03,8.4893,8.6214,8.448,8.5415
2013-01-02,8.458,8.5525,8.3974,8.4392
2013-01-01,8.4575,8.4996,8.4289,8.453
2012-12-31,8.485,8.5358,8.4273,8.4512
2012-12-28,8.4797,8.5453,8.4455,8.4685
2012-12-27,8.5711,8.6118,8.4529,8.4722
2012-12-26,8.5725,8.6204,8.5238,8.521
2012-12-25,8.5813,8.6451,8.52,8.5225
2012-12-24,8.5535,8.616,8.525,8.5312
2012-12-21,8.475,8.6115,8.4533,8.562
2012-12-20,8.484,8.5551,8.4525,8.47
2012-12-19,8.4505,8.5446,8.4209,8.434
2012-12-18,8.54,8.594,8.4131,8.449
2012-12-17,8.6305,8.6637,8.5132,8.4925
2012-12-14,8.6628,8.7042,8.5918,8.596
2012-12-13,8.652,8.7031,8.6033,8.6128
2012-12-12,8.659,8.7154,8.5972,8.6023
2012-12-11,8.6695,8.7242,8.6075,8.6088
2012-12-10,8.6603,8.7294,8.6281,8.6195
2012-12-07,8.6793,8.7352,8.6238,8.6511
2012-12-06,8.7711,8.8152,8.6442,8.6751
2012-12-05,8.7972,8.8273,8.7339,8.7673
2012-12-04,8.869,8.9089,8.7509,8.7472
2012-12-03,8.906,8.9474,8.8058,8.866
2012-11-30,8.7872,8.9625,8.7288,8.8854
2012-11-29,8.8128,8.8625,8.7234,8.7815
2012-11-28,8.84,8.9229,8.7849,8.8106
2012-11-27,8.8685,8.8925,8.782,8.8115
2012-11-26,8.945,8.9539,8.8285,8.8633
2012-11-23,8.9469,8.9744,8.8384,8.8469
2012-11-22,8.9524,9.0067,8.8967,8.9419
2012-11-21,8.842,9.0234,8.8085,8.9468
2012-11-20,8.8283,8.9076,8.7985,8.8392
2012-11-19,8.8915,8.9181,8.7838,8.7782
2012-11-16,8.9275,8.9632,8.8313,8.8385
2012-11-15,8.9221,9.0022,8.8658,8.924
2012-11-14,8.7998,8.953,8.7248,8.8717
2012-11-13,8.74,8.8469,8.715,8.7931
2012-11-12,8.703,8.7952,8.6612,8.7
2012-11-09,8.7237,8.7907,8.6574,8.7036
2012-11-08,8.6318,8.768,8.605,8.72
2012-11-07,8.6265,8.6873,8.5678,8.6268
2012-11-06,8.7238,8.7737,8.575,8.623
2012-11-05,8.7675,8.8171,8.6606,8.6738
2012-11-02,8.6424,8.8164,8.62,8.72
2012-11-01,8.6732,8.7227,8.6193,8.6374
2012-10-31,8.653,8.7342,8.5967,8.6692
2012-10-30,8.6778,8.7163,8.6076,8.645
2012-10-29,8.69,8.7446,8.6172,8.6278
2012-10-26,8.7374,8.7975,8.5956,8.6381
2012-10-25,8.7839,8.8125,8.6325,8.7382
2012-10-24,8.7644,8.8473,8.7038,8.7794
2012-10-23,8.6418,8.8345,8.5974,8.7608
2012-10-22,8.6625,8.6957,8.5756,8.6376
2012-10-19,8.6513,8.6955,8.5824,8.6362
2012-10-18,8.605,8.698,8.5339,8.6013
2012-10-17,8.6953,8.7462,8.5566,8.5985
2012-10-16,8.7995,8.848,8.6631,8.6926
2012-10-15,8.7798,8.8637,8.7071,8.7936
2012-10-12,8.6625,8.7933,8.5598,8.6815
2012-10-11,8.7458,8.7832,8.6288,8.6562
2012-10-10,8.755,8.8071,8.6043,8.7265
2012-10-09,8.895,8.94,8.7094,8.705
2012-10-08,8.7542,9.0065,8.7336,8.89
2012-10-05,8.52,8.8678,8.4567,8.7292
2012-10-04,8.4325,8.573,8.3748,8.51
2012-10-03,8.3641,8.4881,8.3331,8.4288
2012-10-02,8.3818,8.4108,8.301,8.3441
2012-10-01,8.3036,8.4164,8.195,8.357
2012-09-28,8.2326,8.3547,8.1825,8.3047
2012-09-27,8.23,8.3036,8.1518,8.2266
2012-09-26,8.22,8.2943,8.1733,8.225
2012-09-25,8.2415,8.3272,8.1333,8.21
2012-09-24,8.265,8.3459,8.2015,8.1915
2012-09-21,8.306,8.3575,8.2092,8.227
2012-09-20,8.2724,8.404,8.2247,8.256
2012-09-19,8.1793,8.3135,8.1337,8.2692
2012-09-18,8.265,8.3008,8.1348,8.1722
2012-09-17,8.24,8.3156,8.1688,8.26
2012-09-14,8.2383,8.2975,8.1632,8.185
2012-09-13,8.3345,8.4738,8.1871,8.2331
2012-09-12,8.181,8.4056,8.1242,8.3315
2012-09-11,8.1913,8.2519,8.105,8.131
2012-09-10,8.182,8.2381,8.1101,8.1413
2012-09-07,8.3055,8.3574,8.1425,8.1659
2012-09-06,8.4125,8.4525,8.2556,8.3008
2012-09-05,8.4164,8.502,8.3475,8.4075
2012-09-04,8.39,8.4641,8.316,8.4103
2012-09-03,8.4025,8.4702,8.3548,8.3805
2012-08-31,8.4748,8.5335,8.3446,8.395
2012-08-30,8.4086,8.5236,8.3609,8.4673
2012-08-29,8.4124,8.4633,8.3583,8.4024
2012-08-28,8.448,8.4768,8.3575,8.4105
2012-08-27,8.3798,8.4797,8.355,8.4412
2012-08-24,8.3173,8.451,8.2855,8.3965
2012-08-23,8.2375,8.3575,8.1809,8.3123
2012-08-22,8.26,8.3621,8.2031,8.2345
2012-08-21,8.3349,8.3603,8.1902,8.2617
2012-08-20,8.32,8.3981,8.2745,8.3324
2012-08-17,8.22,8.3853,8.1825,8.3187
2012-08-16,8.2398,8.3093,8.1607,8.2099
2012-08-15,8.1942,8.2826,8.1435,8.2348
2012-08-14,8.1523,8.2243,8.0797,8.1905
2012-08-13,8.0925,8.1958,8.0521,8.133
2012-08-10,8.084,8.1868,8.0356,8.06
2012-08-09,8.085,8.1404,8.0462,8.075
2012-08-08,8.17,8.2462,8.0525,8.08
2012-08-07,8.1632,8.2194,8.1048,8.1612
2012-08-06,8.1736,8.2236,8.1001,8.16
2012-08-03,8.3476,8.4175,8.1013,8.145
2012-08-02,8.3523,8.4536,8.2231,8.3426
2012-08-01,8.2588,8.3869,8.2004,8.345
2012-07-31,8.198,8.3136,8.1516,8.2088
2012-07-30,8.1775,8.2436,8.135,8.205
2012-07-27,8.2375,8.3013,8.1237,8.15
2012-07-26,8.3979,8.4826,8.2025,8.225
2012-07-25,8.517,8.5691,8.3654,8.3729
2012-07-24,8.4605,8.574,8.3978,8.512
2012-07-23,8.28,8.5102,8.2526,8.451
2012-07-20,8.1678,8.314,8.1378,8.2825
2012-07-19,8.1627,8.2385,8.0997,8.1605
2012-07-18,8.1694,8.2222,8.1285,8.1495
2012-07-17,8.2028,8.2559,8.1412,8.1644
2012-07-16,8.2525,8.3032,8.1626,8.1995
2012-07-13,8.3267,8.3816,8.2339,8.2325
2012-07-12,8.2474,8.4037,8.2063,8.3259
2012-07-11,8.22,8.3125,8.1422,8.2262
2012-07-10,8.2204,8.2925,8.1344,8.2155
2012-07-09,8.245,8.3268,8.185,8.2118
2012-07-06,8.1425,8.3125,8.1127,8.2354
2012-07-05,8.1349,8.1968,8.0658,8.1375
2012-07-04,8.0766,8.1796,8.0374,8.13
2012-07-03,8.1575,8.1958,8.0361,8.0673
2012-07-02,8.1615,8.217,8.0838,8.1542
2012-06-29,8.4218,8.4368,8.1324,8.16
2012-06-28,8.445,8.477,8.3584,8.4003
2012-06-27,8.45,8.4843,8.3532,8.434
2012-06-26,8.479,8.5218,8.385,8.453
2012-06-25,8.4242,8.5499,8.3697,8.4753
2012-06-22,8.3867,8.4638,8.3225,8.3947
2012-06-21,8.1972,8.4162,8.1649,8.3806
2012-06-20,8.2083,8.2635,8.136,8.1899
2012-06-19,8.2972,8.3501,8.1715,8.2025
2012-06-18,8.2575,8.399,8.2185,8.2877
2012-06-15,8.3662,8.4247,8.322,8.3341
2012-06-14,8.4014,8.4753,8.3448,8.3631
2012-06-13,8.4275,8.4522,8.3349,8.3875
2012-06-12,8.4721,8.5025,8.3576,8.3855
2012-06-11,8.32,8.5025,8.2469,8.4688
2012-06-08,8.3861,8.5216,8.3526,8.3823
2012-06-07,8.3113,8.4425,8.2,8.3768
2012-06-06,8.4369,8.4737,8.2845,8.3078
2012-06-05,8.4961,8.5733,8.3918,8.435
2012-06-04,8.5875,8.655,8.4477,8.4884
2012-06-01,8.5,8.7328,8.4721,8.575
2012-05-31,8.5409,8.6021,8.4413,8.503
2012-05-30,8.3129,8.59,8.2868,8.5321
2012-05-29,8.3439,8.4013,8.2668,8.3073
2012-05-28,8.3575,8.4125,8.2583,8.3375
2012-05-25,8.3604,8.4901,8.2893,8.4
2012-05-24,8.3782,8.45,8.2739,8.32
2012-05-23,8.3301,8.4858,8.2975,8.376
2012-05-22,8.23,8.3625,8.195,8.322
2012-05-21,8.336,8.3787,8.19,8.21
2012-05-18,8.3485,8.4707,8.2561,8.3001
2012-05-17,8.3227,8.3979,8.2357,8.345
2012-05-16,8.3073,8.4153,8.2446,8.3154
2012-05-15,8.2077,8.3351,8.1354,8.3054
2012-05-14,8.1097,8.2345,8.0751,8.2075
2012-05-11,8.0325,8.1537,8.0048,8.0775
2012-05-10,7.9996,8.0742,7.9363,8.0288
2012-05-09,7.8895,8.0813,7.8647,7.9875
2012-05-08,7.808,7.9571,7.7775,7.8868
2012-05-07,7.8428,7.9133,7.7804,7.8009
2012-05-04,7.7299,7.8638,7.6915,7.805
2012-05-03,7.7175,7.7701,7.665,7.7339
2012-05-02,7.735,7.7857,7.6846,7.7
2012-05-01,7.7759,7.8141,7.6984,7.7318
2012-04-30,7.765,7.8133,7.6962,7.7604
2012-04-27,7.8049,7.8705,7.7156,7.7395
2012-04-26,7.7448,7.8278,7.6975,7.7825
2012-04-25,7.784,7.8178,7.7172,7.7418
2012-04-24,7.8424,7.8911,7.7497,7.7888
2012-04-23,7.8142,7.9128,7.8007,7.8325
2012-04-20,7.8486,7.885,7.7726,7.806
2012-04-19,7.8427,7.9008,7.78,7.8508
2012-04-18,7.8103,7.8963,7.765,7.838
2012-04-17,7.937,8.0003,7.7621,7.815
2012-04-16,7.9336,8.043,7.905,7.9261
2012-04-13,7.8688,7.9806,7.8463,7.9397
2012-04-12,7.9925,8.019,7.837,7.867
2012-04-11,7.994,8.0752,7.934,7.9983
2012-04-10,7.8788,8.057,7.8438,7.987
2012-04-09,7.8744,7.9323,7.8488,7.8639
2012-04-06,7.8295,7.9205,7.7893,7.8575
2012-04-05,7.8252,7.8922,7.755,7.8238
2012-04-04,7.7422,7.8644,7.6994,7.8196
2012-04-03,7.6494,7.7926,7.6038,7.735
2012-04-02,7.6386,7.6963,7.59,7.6476
2012-03-30,7.7149,7.7435,7.6113,7.65
2012-03-29,7.6775,7.8034,7.6359,7.7111
2012-03-28,7.6035,7.7286,7.57,7.6685
2012-03-27,7.5898,7.6325,7.5218,7.56
2012-03-26,7.6931,7.7351,7.5561,7.5783
2012-03-23,7.7081,7.7713,7.6348,7.6747
2012-03-22,7.647,7.7742,7.6189,7.6988
2012-03-21,7.6146,7.6938,7.5531,7.6488
2012-03-20,7.5384,7.6748,7.5235,7.603
2012-03-19,7.5677,7.6117,7.4998,7.5447
2012-03-16,7.6172,7.7016,7.5313,7.555
2012-03-15,7.6959,7.7244,7.5754,7.625
2012-03-14,7.5352,7.7552,7.5072,7.688
2012-03-13,7.5547,7.6028,7.498,7.5246
2012-03-12,7.5658,7.6333,7.4961,7.5531
2012-03-09,7.4818,7.585,7.4638,7.531
2012-03-08,7.6002,7.6301,7.4698,7.4696
2012-03-07,7.6554,7.6954,7.5665,7.5941
2012-03-06,7.5507,7.7006,7.5277,7.653
2012-03-05,7.5089,7.6079,7.4862,7.5472
2012-03-02,7.4352,7.5636,7.4157,7.4973
2012-03-01,7.497,7.5298,7.4145,7.3953
2012-02-29,7.4783,7.5558,7.3738,7.4848
2012-02-28,7.5459,7.5835,7.4477,7.4635
2012-02-27,7.5867,7.6719,7.5028,7.5476
2012-02-24,7.6356,7.6998,7.5538,7.5675
2012-02-23,7.7373,7.7645,7.6075,7.6365
2012-02-22,7.7365,7.7766,7.6828,7.7187
2012-02-21,7.6848,7.7836,7.6308,7.718
2012-02-20,7.6917,7.7211,7.6289,7.6726
2012-02-17,7.7663,7.8105,7.6878,7.714
2012-02-16,7.7564,7.914,7.7264,7.7125
2012-02-15,7.7245,7.788,7.6438,7.7512
2012-02-14,7.6858,7.7882,7.6592,7.6782
2012-02-13,7.6893,7.7413,7.623,7.6775
2012-02-10,7.5995,7.8172,7.5595,7.7475
2012-02-09,7.5591,7.6789,7.5164,7.5845
2012-02-08,7.5666,7.6275,7.5005,7.5572
2012-02-07,7.5519,7.627,7.5063,7.5506
2012-02-06,7.5438,7.6765,7.512,7.5485
2012-02-03,7.6445,7.6899,7.5046,7.5348
2012-02-02,7.6802,7.7478,7.5963,7.6505
2012-02-01,7.793,7.8743,7.6347,7.6808
2012-01-31,7.8487,7.8713,7.7328,7.81
2012-01-30,7.7566,7.9145,7.7285,7.8395
2012-01-27,7.8207,7.8655,7.7183,7.7415
2012-01-26,7.8814,7.9434,7.7527,7.7765
2012-01-25,7.9464,8.0821,7.8545,7.8428
2012-01-24,7.9253,8.0518,7.8978,7.89
2012-01-23,7.9447,8.0035,7.884,7.924
2012-01-20,7.9399,8.0152,7.8914,7.9125
2012-01-19,7.9684,8.0461,7.8754,7.9158
2012-01-18,8.0605,8.0841,7.9169,7.9525
2012-01-17,8.1014,8.1261,7.9673,8.0363
2012-01-16,8.1602,8.1951,8.0484,8.1001
2012-01-13,8.0511,8.2403,8.0025,8.1176
2012-01-12,8.0932,8.1263,7.9852,8.0408
2012-01-11,8.1105,8.1883,8.0623,8.0885
2012-01-10,8.1565,8.1888,8.0401,8.0619
2012-01-09,8.1644,8.2192,8.1151,8.1313
2012-01-06,8.1655,8.2366,8.0934,8.1637
2012-01-05,8.1194,8.2635,8.0948,8.19
2012-01-04,8.0696,8.2084,8.0213,8.0925
2012-01-03,8.068,8.1139,7.9957,8.036
2012-01-02,8.0795,8.116,8.0406,8.0606
2011-12-30,8.1874,8.5258,8.0575,8.065
2011-12-29,8.2115,8.2418,8.0981,8.1573
2011-12-28,8.1398,8.2446,8.0765,8.1976
2011-12-27,8.1667,8.2038,8.0969,8.1238
2011-12-26,8.1344,8.1977,8.1064,8.1446
2011-12-23,8.1823,8.2291,8.1003,8.136
2011-12-22,8.2241,8.285,8.0955,8.179
2011-12-21,8.2072,8.3043,8.0454,8.2
2011-12-20,8.394,8.4194,8.1589,8.214
2011-12-19,8.3825,8.4385,8.3163,8.3805
2011-12-16,8.4038,8.4435,8.3018,8.3571
2011-12-15,8.4342,8.4728,8.3124,8.4027
2011-12-14,8.362,8.478,8.2587,8.425
2011-12-13,8.2856,8.3984,8.1715,8.3021
2011-12-12,8.08,8.3159,8.0508,8.2625
2011-12-09,8.2516,8.3464,8.0638,8.077
2011-12-08,8.0163,8.3051,7.9822,8.265
2011-12-07,8.0227,8.1345,7.9328,7.9986
2011-12-06,8.0421,8.1489,7.9925,8.0227
2011-12-05,8.0295,8.0907,7.9476,8.0429
2011-12-02,8.0761,8.116,7.9569,8.0351
2011-12-01,8.1331,8.2008,8.0309,8.075
2011-11-30,8.3293,8.4826,8.0646,8.1115
2011-11-29,8.3975,8.4409,8.2464,8.3148
2011-11-28,8.4713,8.5018,8.2816,8.3809
2011-11-25,8.4941,8.622,8.4467,8.498
2011-11-24,8.5789,8.6068,8.4095,8.4434
2011-11-23,8.3868,8.6313,8.3638,8.5717
2011-11-22,8.3453,8.4853,8.242,8.3815
2011-11-21,8.1891,8.3734,8.161,8.33
2011-11-18,8.2237,8.2671,8.1133,8.1851
2011-11-17,8.1759,8.2904,8.1033,8.168
2011-11-16,8.1944,8.2646,8.0975,8.138
2011-11-15,8.0148,8.2329,7.9785,8.1614
2011-11-14,7.8775,8.0667,7.8372,7.9916
2011-11-11,7.9855,8.0377,7.8417,7.8701
2011-11-10,8.0688,8.123,7.895,7.975
2011-11-09,7.8183,8.0983,7.7956,8.0091
2011-11-08,7.9396,8.0011,7.7882,7.8108
2011-11-07,7.8907,8.0538,7.8515,7.9245
2011-11-04,7.8485,7.9477,7.7643,7.8855
2011-11-03,8.0009,8.1132,7.7944,7.807
2011-11-02,8.1142,8.1388,7.9282,7.9847
2011-11-01,7.9463,8.2302,7.9262,8.0473
2011-10-31,7.7215,7.9925,7.7011,7.9406
2011-10-28,7.7165,7.7941,7.6663,7.71
2011-10-27,7.9518,7.9879,7.6559,7.68
2011-10-26,7.917,8.0478,7.8776,7.9375
2011-10-25,7.8713,8.0031,7.8315,7.913
2011-10-24,8.0665,8.1007,7.828,7.82
2011-10-21,8.1541,8.2514,7.9838,7.99
2011-10-20,8.0444,8.3226,8.0226,8.155
2011-10-19,7.97,8.102,7.9153,8.0326
2011-10-18,7.992,8.1226,7.9151,7.9592
2011-10-17,7.841,8.0222,7.7486,7.9925
2011-10-14,7.8608,7.9184,7.7953,7.826
2011-10-13,7.8437,7.961,7.7695,7.8278
2011-10-12,7.9302,7.9885,7.7449,7.8255
2011-10-11,7.8607,8.0438,7.8149,7.8987
2011-10-10,7.9775,8.0194,7.787,7.8416
2011-10-07,7.9294,8.0577,7.8434,7.975
2011-10-06,7.9787,8.105,7.8547,7.9303
2011-10-05,8.1047,8.1853,7.9367,7.93
2011-10-04,8.2922,8.3719,8.0336,8.0973
2011-10-03,8.105,8.3188,8.0442,8.2826
2011-09-30,7.9894,8.2135,7.9464,8.0463
2011-09-29,7.9456,8.0295,7.7555,7.935
2011-09-28,7.8625,7.9825,7.7169,7.8977
2011-09-27,8.0381,8.0787,7.7558,7.86
2011-09-26,8.0851,8.3823,7.9331,8.02
2011-09-23,8.4083,8.4574,8.0438,8.1
2011-09-22,8.2437,8.51,8.1088,8.39
2011-09-21,7.7219,8.3555,7.6788,8.22
2011-09-20,7.6842,7.7728,7.5838,7.735
2011-09-19,7.4678,7.7667,7.4488,7.62
2011-09-16,7.3841,7.509,7.3363,7.472
2011-09-15,7.3992,7.4963,7.2933,7.385
2011-09-14,7.3026,7.4815,7.2648,7.3925
2011-09-13,7.4046,7.4705,7.2617,7.2957
2011-09-12,7.2931,7.4962,7.2583,7.405
2011-09-09,7.1788,7.3248,7.1427,7.262
2011-09-08,7.1289,7.2158,7.0967,7.172
2011-09-07,7.1587,7.2129,7.0476,7.1182
2011-09-06,7.1216,7.2277,7.036,7.155
2011-09-05,7.0668,7.1629,7.0383,7.1125
2011-09-02,6.9976,7.1055,6.9654,7.0387
2011-09-01,6.988,7.0603,6.9437,6.9965
2011-08-31,7.0756,7.1062,6.9527,6.9865
2011-08-30,7.0508,7.1276,6.9988,7.0294
2011-08-29,7.1456,7.1708,7.0079,7.0495
2011-08-26,7.2324,7.2597,7.1038,7.134
2011-08-25,7.2588,7.3006,7.1534,7.207
2011-08-24,7.1718,7.3025,7.1483,7.259
2011-08-23,7.2146,7.2706,7.1254,7.1522
2011-08-22,7.1834,7.2608,7.1555,7.2005
2011-08-19,7.2118,7.2869,7.1152,7.115
2011-08-18,7.0944,7.2773,7.066,7.1413
2011-08-17,7.1449,7.1936,7.0349,7.088
2011-08-16,7.0755,7.212,7.0462,7.1472
2011-08-15,7.1512,7.2352,7.0134,7.01
2011-08-12,7.2017,7.3143,7.1301,7.1736
2011-08-11,7.2759,7.3653,7.0918,7.185
2011-08-10,7.1095,7.3153,7.0549,7.2555
2011-08-09,7.1954,7.534,7.065,7.105
2011-08-08,6.9281,7.2303,6.8935,7.199
2011-08-05,6.9354,6.9816,6.8235,6.9206
2011-08-04,6.7253,6.9715,6.7025,6.8664
2011-08-03,6.7915,6.858,6.7005,6.716
2011-08-02,6.7259,6.8381,6.6902,6.7812
2011-08-01,6.6796,6.7708,6.6259,6.6808
2011-07-29,6.7339,6.806,6.6368,6.6725
2011-07-28,6.6705,6.8088,6.6083,6.7388
2011-07-27,6.6691,6.708,6.6066,6.67
2011-07-26,6.7667,6.7981,6.6412,6.6773
2011-07-25,6.7837,6.8702,6.7286,6.7616
2011-07-22,6.7753,6.829,6.7175,6.7714
2011-07-21,6.8625,6.9101,6.7466,6.7695
2011-07-20,6.916,6.9632,6.8292,6.8621
2011-07-19,6.9743,7.013,6.8891,6.9112
2011-07-18,6.887,7.0399,6.878,6.99
2011-07-15,6.8356,6.9444,6.8251,6.8655
2011-07-14,6.805,6.901,6.7828,6.8271
2011-07-13,6.8652,6.9409,6.779,6.7941
2011-07-12,6.8422,6.9716,6.8234,6.8208
2011-07-11,6.7214,6.8711,6.6954,6.82
2011-07-08,6.6724,6.7448,6.6467,6.6895
2011-07-07,6.738,6.7676,6.6533,6.6682
2011-07-06,6.7446,6.8055,6.709,6.7371
2011-07-05,6.7174,6.7872,6.7056,6.7329
2011-07-04,6.7393,6.765,6.6838,6.7125
2011-07-01,6.771,6.7988,6.7118,6.71
2011-06-30,6.796,6.8407,6.7353,6.743
2011-06-29,6.8516,6.8835,6.7777,6.77
2011-06-28,6.8703,6.912,6.8076,6.8525
2011-06-27,6.8849,6.965,6.8462,6.865
2011-06-24,6.84,6.94,6.8004,6.88
2011-06-23,6.7825,6.9138,6.7522,6.82
2011-06-22,6.7215,6.8125,6.6751,6.7737
2011-06-21,6.7872,6.8105,6.6953,6.7119
2011-06-20,6.7646,6.8436,6.7387,6.7822
2011-06-17,6.8417,6.8958,6.7393,6.743
2011-06-16,6.8424,6.9172,6.8149,6.8425
2011-06-15,6.7697,6.8623,6.7275,6.844
2011-06-14,6.7867,6.8116,6.7225,6.7534
2011-06-13,6.7931,6.8366,6.7504,6.7823
2011-06-10,6.7471,6.8205,6.7222,6.7902
2011-06-09,6.7195,6.7931,6.672,6.74
2011-06-08,6.714,6.7964,6.6891,6.695
2011-06-07,6.7788,6.8108,6.6909,6.685
2011-06-06,6.7024,6.8606,6.661,6.7324
2011-06-03,6.7198,6.7851,6.6685,6.6937
2011-06-02,6.8291,6.8561,6.6912,6.715
2011-06-01,6.8077,6.8618,6.7524,6.835
2011-05-31,6.9225,6.9563,6.7927,6.8042
2011-05-30,6.9318,6.9709,6.886,6.9225
2011-05-27,6.9408,6.9927,6.8795,6.8795
2011-05-26,7.0479,7.059,6.9347,6.932
2011-05-25,6.9749,7.0914,6.9702,7.0283
2011-05-24,7.0279,7.0551,6.9625,6.9625
2011-05-23,6.9239,7.0608,6.8988,7.0167
2011-05-20,6.8587,6.957,6.8427,6.8956
2011-05-19,6.9088,6.9688,6.8491,6.86
2011-05-18,6.9587,6.9673,6.8917,6.889
2011-05-17,6.989,7.0594,6.9388,6.9576
2011-05-16,7.0322,7.0623,6.9509,6.99
2011-05-13,6.8947,7.0608,6.8623,6.995
2011-05-12,6.8794,6.9854,6.86,6.883
2011-05-11,6.7404,6.9085,6.7233,6.8724
2011-05-10,6.7236,6.8288,6.7035,6.7337
2011-05-09,6.6988,6.7891,6.6376,6.715
2011-05-06,6.7185,6.7869,6.6382,6.69
2011-05-05,6.6731,6.7826,6.6244,6.7177
2011-05-04,6.6351,6.7064,6.5884,6.6775
2011-05-03,6.619,6.6794,6.5915,6.612
2011-05-02,6.5688,6.633,6.5446,6.5889
2011-04-29,6.6013,6.6502,6.5503,6.5656
2011-04-28,6.5999,6.6566,6.5592,6.5925
2011-04-27,6.6724,6.6967,6.5818,6.5901
2011-04-26,6.7251,6.7713,6.6608,6.671
2011-04-25,6.7068,6.7833,6.6815,6.725
2011-04-22,6.7049,6.7486,6.6912,6.7005
2011-04-21,6.788,6.7907,6.6935,6.7001
2011-04-20,6.8078,6.8314,6.7449,6.75
2011-04-19,6.8405,6.8863,6.7973,6.8075
2011-04-18,6.7995,6.9192,6.7938,6.83
2011-04-15,6.8351,6.912,6.7838,6.777
2011-04-14,6.807,6.8935,6.7501,6.815
2011-04-13,6.7445,6.8431,6.7074,6.8005
2011-04-12,6.6843,6.7673,6.6518,6.735
2011-04-11,6.6369,6.7085,6.6236,6.6303
2011-04-08,6.6664,6.6871,6.6123,6.619
2011-04-07,6.6755,6.7378,6.6264,6.6644
2011-04-06,6.7151,6.7347,6.6535,6.66
2011-04-05,6.7252,6.7715,6.6908,6.702
2011-04-04,6.6989,6.7516,6.6688,6.7025
2011-04-01,6.7819,6.7977,6.6818,6.6781
2011-03-31,6.8265,6.8537,6.734,6.7656
2011-03-30,6.8619,6.8965,6.7663,6.8225
2011-03-29,6.883,6.9238,6.8238,6.8503
2011-03-28,6.8531,6.9238,6.8263,6.8677
2011-03-25,6.8635,6.9339,6.8063,6.872
2011-03-24,6.9469,6.9859,6.8259,6.81
2011-03-23,6.8989,6.9772,6.8668,6.9488
2011-03-22,6.9495,6.975,6.8555,6.8927
2011-03-21,7.0133,7.0312,6.9159,6.94
2011-03-18,7.0936,7.1268,6.9555,6.965
2011-03-17,7.1488,7.2075,7.0137,7.07
2011-03-16,6.9717,7.1906,6.925,7.0705
2011-03-15,6.8309,7.0555,6.8,6.961
2011-03-14,6.8878,6.9499,6.7928,6.817
2011-03-11,6.8975,6.9838,6.8434,6.868
2011-03-10,6.8639,6.9597,6.8337,6.9015
2011-03-09,6.8803,6.9638,6.8263,6.8574
2011-03-08,6.8725,6.9638,6.8301,6.8686
2011-03-07,6.8716,6.9364,6.8175,6.8728
2011-03-04,6.9268,6.9643,6.8548,6.866
2011-03-03,6.8585,6.9559,6.8317,6.9015
2011-03-02,6.9887,7.0271,6.832,6.8773
2011-03-01,6.9682,7.0276,6.9037,6.995
2011-02-28,7.0005,7.0526,6.9113,6.9135
2011-02-25,7.0542,7.0935,6.9375,7.001
2011-02-24,7.1096,7.1841,7.0175,7.045
2011-02-23,7.1492,7.183,7.0263,7.111
2011-02-22,7.1514,7.2729,7.0933,7.1545
2011-02-21,7.136,7.1953,7.0933,7.146
2011-02-18,7.17,7.2531,7.1159,7.097
2011-02-17,7.2699,7.2794,7.1409,7.165
2011-02-16,7.3325,7.3701,7.2054,7.2015
2011-02-15,7.2888,7.3707,7.2408,7.332
2011-02-14,7.2884,7.3653,7.16,7.305
2011-02-11,7.2814,7.3759,7.2263,7.255
2011-02-10,7.22,7.3255,7.1886,7.2726
2011-02-09,7.1938,7.2735,7.1477,7.2147
2011-02-08,7.2253,7.2851,7.127,7.171
2011-02-07,7.2421,7.3161,7.1488,7.2317
2011-02-04,7.2581,7.3435,7.175,7.2123
2011-02-03,7.1485,7.3256,7.1245,7.252
2011-02-02,7.1235,7.2038,7.0731,7.16
2011-02-01,7.1859,7.2093,7.0875,7.1207
2011-01-31,7.1725,7.2247,7.1346,7.1755
2011-01-28,7.0621,7.2226,7.0248,7.155
2011-01-27,7.0715,7.1259,6.9929,7.012
2011-01-26,7.0497,7.1453,7.018,7.064
2011-01-25,7.01,7.1231,6.9621,7.0428
2011-01-24,7.061,7.1048,6.975,6.9989
2011-01-21,7.0777,7.1645,7.0243,7.04
2011-01-20,6.9913,7.1415,6.9293,7.072
2011-01-19,6.9137,7.0237,6.8169,6.9892
2011-01-18,6.8867,6.9525,6.8221,6.8975
2011-01-17,6.9364,6.9919,6.8497,6.84
2011-01-14,6.8418,6.9943,6.775,6.91
2011-01-13,6.8323,6.8825,6.777,6.825
2011-01-12,6.8563,6.9054,6.7866,6.8281
2011-01-11,6.8151,6.9225,6.7894,6.8693
2011-01-10,6.8039,6.9082,6.7785,6.8062
2011-01-07,6.7926,6.8783,6.7435,6.7858
2011-01-06,6.7146,6.8446,6.68,6.7833
2011-01-05,6.6675,6.7825,6.6471,6.6725
2011-01-04,6.6266,6.743,6.597,6.6657
2011-01-03,6.6056,6.6711,6.561,6.6241
2010-12-31,6.6413,6.7053,6.5475,6.5995
2010-12-30,6.6402,6.7023,6.5638,6.5978
2010-12-29,6.6739,6.724,6.6094,6.6262
2010-12-28,6.7339,6.7588,6.6175,6.6741
2010-12-27,6.7415,6.7771,6.6823,6.7235
2010-12-24,6.7551,6.814,6.7048,6.711
2010-12-23,6.7809,6.8253,6.7152,6.7094
2010-12-22,6.832,6.8625,6.7545,6.7998
2010-12-21,6.8391,6.87,6.771,6.8184
2010-12-20,6.8497,6.9155,6.7873,6.8396
2010-12-17,6.8415,6.9115,6.7675,6.847
2010-12-16,6.8597,6.8956,6.799,6.8242
2010-12-15,6.8332,6.8913,6.7567,6.858
2010-12-14,6.8359,6.8721,6.7735,6.82
2010-12-13,6.8554,6.9012,6.7974,6.8364
2010-12-10,6.8735,6.9355,6.8152,6.8438
2010-12-09,6.9252,6.9705,6.8376,6.864
2010-12-08,6.9159,7.0139,6.8735,6.903
2010-12-07,6.9005,6.9525,6.8363,6.9033
2010-12-06,6.8622,6.9703,6.8216,6.86
2010-12-03,6.8988,6.9623,6.8241,6.8358
2010-12-02,7.0208,7.0623,6.8444,6.8475
2010-12-01,7.1031,7.1383,6.9763,7.0076
2010-11-30,7.1282,7.1868,7.0557,7.0588
2010-11-29,7.12,7.2043,7.0782,7.064
2010-11-26,7.0413,7.197,7.0179,7.123
2010-11-25,7.0671,7.1133,7.0016,7.0198
2010-11-24,7.106,7.1536,7.0244,7.066
2010-11-23,7.0041,7.1425,6.9784,7.1055
2010-11-22,7.005,7.0558,6.9275,6.995
2010-11-19,6.9671,7.0609,6.916,6.97
2010-11-18,7.0183,7.044,6.9275,6.9675
2010-11-17,7.0453,7.1057,6.9838,7.015
2010-11-16,6.9919,7.1044,6.9345,6.9916
2010-11-15,6.9545,7.0381,6.9155,6.9834
2010-11-12,6.9384,7.044,6.868,6.948
2010-11-11,6.9065,6.9738,6.8374,6.915
2010-11-10,6.8739,6.9634,6.8159,6.8595
2010-11-09,6.8564,6.9103,6.7663,6.862
2010-11-08,6.804,6.9138,6.7635,6.82
2010-11-05,6.8041,6.8751,6.7387,6.772
2010-11-04,6.8659,6.903,6.7439,6.7538
2010-11-03,6.8854,6.9633,6.8346,6.815
2010-11-02,6.9804,7.017,6.856,6.842
2010-11-01,6.9656,7.0466,6.9163,6.9656
2010-10-29,6.9922,7.0638,6.916,6.9817
2010-10-28,7.0575,7.0993,6.9453,6.9823
2010-10-27,6.9653,7.1084,6.9203,7.068
2010-10-26,6.9124,6.99,6.8638,6.9313
2010-10-25,6.9526,6.9749,6.8497,6.9219
2010-10-22,6.9843,7.0137,6.8835,6.915
2010-10-21,6.941,7.0225,6.845,6.93
2010-10-20,6.9803,7.0015,6.8826,6.9382
2010-10-19,6.8696,7.0211,6.8355,6.9455
2010-10-18,6.8137,6.9338,6.799,6.8673
2010-10-15,6.799,6.9027,6.7442,6.835
2010-10-14,6.8172,6.846,6.7422,6.73
2010-10-13,6.8412,6.8925,6.7724,6.804
2010-10-12,6.8689,6.9725,6.8175,6.845
2010-10-11,6.8402,6.9219,6.8074,6.8523
2010-10-08,6.8867,6.9628,6.8077,6.8362
2010-10-07,6.8606,6.953,6.8145,6.835
2010-10-06,6.9022,6.935,6.8143,6.8497
2010-10-05,7.0013,7.0543,6.8604,6.85
2010-10-04,6.9316,7.0559,6.9072,6.9787
2010-10-01,6.972,7.0052,6.8963,6.9212
2010-09-30,6.9618,7.0325,6.925,6.955
2010-09-29,6.961,7.0146,6.8949,6.922
2010-09-28,7.0175,7.0755,6.917,6.9
2010-09-27,7.0187,7.0735,6.9534,6.9996
2010-09-24,7.0524,7.1135,6.9757,6.999
2010-09-23,7.0312,7.1315,6.9913,7.067
2010-09-22,7.0607,7.0913,6.956,7.033
2010-09-21,7.1249,7.1657,7.024,7.05
2010-09-20,7.1449,7.1762,7.076,7.1312
2010-09-17,7.1462,7.22,7.0814,7.1396
2010-09-16,7.1031,7.203,7.0572,7.136
2010-09-15,7.0884,7.1725,7.037,7.0498
2010-09-14,7.1337,7.1863,7.034,7.0823
2010-09-13,7.1773,7.2025,7.0955,7.1115
2010-09-10,7.2194,7.2668,7.1458,7.1665
2010-09-09,7.2391,7.2748,7.135,7.18
2010-09-08,7.2807,7.3225,7.1939,7.2166
2010-09-07,7.2354,7.3151,7.2105,7.2685
2010-09-06,7.177,7.26,7.1382,7.2262
2010-09-03,7.2481,7.2739,7.1273,7.1847
2010-09-02,7.2938,7.3428,7.2014,7.2311
2010-09-01,7.3788,7.413,7.2507,7.241
2010-08-31,7.3531,7.4607,7.3119,7.3645
2010-08-30,7.3057,7.3801,7.2654,7.3475
2010-08-27,7.3069,7.4265,7.2574,7.2952
2010-08-26,7.3352,7.3648,7.2514,7.2625
2010-08-25,7.3577,7.4317,7.2974,7.298
2010-08-24,7.3646,7.446,7.3213,7.36
2010-08-23,7.3284,7.3958,7.256,7.358
2010-08-20,7.3094,7.3976,7.2615,7.3077
2010-08-19,7.2773,7.3381,7.2045,7.287
2010-08-18,7.2763,7.3425,7.2139,7.2225
2010-08-17,7.2802,7.3265,7.2064,7.2642
2010-08-16,7.3257,7.3719,7.2186,7.2825
2010-08-13,7.2948,7.3546,7.2046,7.3047
2010-08-12,7.3276,7.3658,7.2514,7.3019
2010-08-11,7.2175,7.3553,7.1907,7.305
2010-08-10,7.1989,7.3035,7.1629,7.195
2010-08-09,7.2404,7.2725,7.1504,7.1845
2010-08-06,7.2588,7.3048,7.1752,7.2234
2010-08-05,7.2714,7.3225,7.177,7.242
2010-08-04,7.2724,7.3526,7.2261,7.22
2010-08-03,7.3075,7.3629,7.2389,7.265
2010-08-02,7.3012,7.3309,7.2247,7.2775
2010-07-30,7.3288,7.4207,7.2629,7.2905
2010-07-29,7.3592,7.395,7.2597,7.3271
2010-07-28,7.3372,7.4082,7.2972,7.345
2010-07-27,7.3423,7.3933,7.2675,7.315
2010-07-26,7.4148,7.4858,7.2978,7.3274
2010-07-23,7.4437,7.5125,7.3763,7.39
2010-07-22,7.5444,7.5976,7.4079,7.438
2010-07-21,7.5627,7.6152,7.4836,7.49
2010-07-20,7.6492,7.6743,7.5249,7.5113
2010-07-19,7.6122,7.6991,7.5503,7.6355
2010-07-16,7.5751,7.6333,7.5061,7.561
2010-07-15,7.5241,7.6288,7.4975,7.5483
2010-07-14,7.5318,7.6253,7.485,7.48
2010-07-13,7.6361,7.6813,7.499,7.5279
2010-07-12,7.5857,7.6648,7.5259,7.6102
2010-07-09,7.576,7.6276,7.5211,7.5837
2010-07-08,7.6187,7.6524,7.5107,7.5665
2010-07-07,7.662,7.7348,7.5819,7.5755
2010-07-06,7.7426,7.7878,7.5773,7.6325
2010-07-05,7.74,7.7925,7.6675,7.747
2010-07-02,7.7315,7.7914,7.6375,7.7215
2010-07-01,7.6685,7.8075,7.6413,7.7365
2010-06-30,7.6812,7.7113,7.5861,7.665
2010-06-29,7.5706,7.7072,7.5482,7.6725
2010-06-28,7.6175,7.6512,7.5052,7.5285
2010-06-25,7.6126,7.7139,7.5613,7.575
2010-06-24,7.5316,7.7025,7.4846,7.5937
2010-06-23,7.56,7.633,7.4881,7.52
2010-06-22,7.5087,7.6113,7.4625,7.526
2010-06-21,7.4764,7.5543,7.3875,7.5015
2010-06-18,7.5895,7.63,7.4764,7.5005
2010-06-17,7.595,7.677,7.5175,7.52
2010-06-16,7.5835,7.6825,7.5343,7.6002
2010-06-15,7.6859,7.7336,7.5464,7.5706
2010-06-14,7.66,7.7297,7.5852,7.685
2010-06-11,7.6997,7.7991,7.654,7.63
2010-06-10,7.7814,7.8488,7.6413,7.655
2010-06-09,7.7462,7.8444,7.677,7.795
2010-06-08,7.8166,7.8577,7.7073,7.7325
2010-06-07,7.8003,7.8813,7.7233,7.8125
2010-06-04,7.6645,7.8435,7.6052,7.7625
2010-06-03,7.6656,7.7559,7.5728,7.69
2010-06-02,7.7415,7.7675,7.6305,7.6405
2010-06-01,7.6912,7.8051,7.6345,7.735
2010-05-31,7.619,7.7434,7.5518,7.65
2010-05-28,7.5697,7.674,7.4981,7.623
2010-05-27,7.787,7.8067,7.5182,7.55
2010-05-26,7.8506,7.9095,7.6178,7.77
2010-05-25,7.8618,8.0436,7.7865,7.8207
2010-05-24,7.879,7.939,7.7734,7.841
2010-05-21,7.96,8.0522,7.8056,7.831
2010-05-20,7.7798,8.1088,7.7348,7.945
2010-05-19,7.6875,7.9127,7.6012,7.77
2010-05-18,7.5675,7.7472,7.4703,7.665
2010-05-17,7.5767,7.6778,7.5046,7.5561
2010-05-14,7.4915,7.6225,7.432,7.5175
2010-05-13,7.461,7.5556,7.4069,7.49
2010-05-12,7.5241,7.6,7.4275,7.455
2010-05-11,7.5113,7.6355,7.4325,7.517
2010-05-10,7.6117,7.6535,7.4023,7.47
2010-05-07,7.7525,7.875,7.5917,7.636
2010-05-06,7.6425,7.98,7.5242,7.772
2010-05-05,7.5725,7.7291,7.5259,7.63
2010-05-04,7.4191,7.6252,7.3864,7.565
2010-05-03,7.36,7.4687,7.34,7.41
2010-04-30,7.3671,7.4225,7.285,7.3795
2010-04-29,7.4313,7.4935,7.3159,7.369
2010-04-28,7.4648,7.5518,7.3973,7.425
2010-04-27,7.3458,7.5156,7.3096,7.4675
2010-04-26,7.424,7.4676,7.2944,7.34
2010-04-23,7.4688,7.5433,7.3785,7.4036
2010-04-22,7.4,7.5438,7.3675,7.45
2010-04-21,7.3878,7.4634,7.3171,7.393
2010-04-20,7.4288,7.4925,7.347,7.38
2010-04-19,7.4065,7.5147,7.385,7.4363
2010-04-16,7.315,7.4452,7.283,7.385
2010-04-15,7.2939,7.4296,7.2785,7.3
2010-04-14,7.284,7.3997,7.235,7.28
2010-04-13,7.2756,7.3518,7.2442,7.26
2010-04-12,7.2336,7.351,7.1838,7.2732
2010-04-09,7.2593,7.3185,7.1776,7.2518
2010-04-08,7.2933,7.394,7.2273,7.2138
2010-04-07,7.24,7.3135,7.1719,7.27
2010-04-06,7.2248,7.313,7.1857,7.236
2010-04-05,7.2562,7.2956,7.1871,7.2069
2010-04-02,7.2403,7.3074,7.2091,7.2263
2010-04-01,7.285,7.326,7.1892,7.2225
2010-03-31,7.3538,7.4148,7.236,7.28
2010-03-30,7.3798,7.4454,7.3334,7.361
2010-03-29,7.4012,7.4588,7.3475,7.4025
2010-03-26,7.481,7.5221,7.395,7.4242
2010-03-25,7.3859,7.5229,7.3416,7.465
2010-03-24,7.33,7.4238,7.2989,7.3955
2010-03-23,7.3248,7.4064,7.2887,7.3144
2010-03-22,7.369,7.4325,7.2875,7.3198
2010-03-19,7.314,7.3969,7.2633,7.2843
2010-03-18,7.3075,7.3648,7.2175,7.31
2010-03-17,7.3584,7.3961,7.2468,7.29
2010-03-16,7.405,7.4527,7.3269,7.3431
2010-03-15,7.3992,7.4626,7.3577,7.3925
2010-03-12,7.4251,7.4665,7.345,7.3775
2010-03-11,7.4122,7.5013,7.3835,7.4195
2010-03-10,7.3895,7.467,7.3586,7.41
2010-03-09,7.4,7.4925,7.3483,7.383
2010-03-08,7.4296,7.4766,7.335,7.381
2010-03-05,7.481,7.5309,7.3644,7.3845
2010-03-04,7.5083,7.5602,7.4172,7.4675
2010-03-03,7.6098,7.6305,7.4563,7.4695
2010-03-02,7.6327,7.6925,7.5361,7.6
2010-03-01,7.7017,7.7465,7.5763,7.6275
2010-02-26,7.755,7.8161,7.6148,7.696
2010-02-25,7.7357,7.9194,7.6815,7.7785
2010-02-24,7.7771,7.827,7.7092,7.7005
2010-02-23,7.7175,7.8401,7.6297,7.7851
2010-02-22,7.6594,7.7624,7.613,7.7148
2010-02-19,7.6567,7.7525,7.614,7.6325
2010-02-18,7.6223,7.6994,7.5531,7.565
2010-02-17,7.6576,7.7113,7.5454,7.601
2010-02-16,7.725,7.7703,7.6301,7.655
2010-02-15,7.6868,7.7679,7.6664,7.72
2010-02-12,7.6503,7.7718,7.6025,7.685
2010-02-11,7.7319,7.7646,7.5908,7.6357
2010-02-10,7.685,7.791,7.625,7.749
2010-02-09,7.7456,7.7785,7.6193,7.6325
2010-02-08,7.7805,7.815,7.6824,7.7542
2010-02-05,7.6882,7.8888,7.6281,7.7335
2010-02-04,7.523,7.7225,7.4855,7.675
2010-02-03,7.4749,7.565,7.3963,7.5
2010-02-02,7.4845,7.5457,7.413,7.4715
2010-02-01,7.5997,7.6425,7.4583,7.4392
2010-01-29,7.6111,7.6705,7.5078,7.6038
2010-01-28,7.594,7.6657,7.5136,7.6042
2010-01-27,7.576,7.6798,7.5213,7.6005
2010-01-26,7.5733,7.6943,7.5175,7.575
2010-01-25,7.6053,7.6636,7.525,7.56
2010-01-22,7.5853,7.7212,7.5078,7.6038
2010-01-21,7.5375,7.6416,7.4571,7.549
2010-01-20,7.402,7.6004,7.3709,7.5165
2010-01-19,7.3945,7.4732,7.345,7.384
2010-01-18,7.4117,7.4606,7.3514,7.3812
2010-01-15,7.3913,7.4684,7.3461,7.3915
2010-01-14,7.404,7.5125,7.335,7.3838
2010-01-13,7.4415,7.4791,7.3138,7.3872
2010-01-12,7.3739,7.5389,7.3384,7.43
2010-01-11,7.3202,7.4125,7.26,7.375
2010-01-08,7.4263,7.4832,7.2892,7.3383
2010-01-07,7.3175,7.4843,7.266,7.42
2010-01-06,7.3228,7.4152,7.267,7.261
2010-01-05,7.3015,7.3679,7.2259,7.3172
2010-01-04,7.442,7.5413,7.256,7.28
2010-01-01,7.389,7.3965,7.374,7.369
2009-12-31,7.3953,7.4425,7.3338,7.39
2009-12-30,7.4201,7.4675,7.347,7.3883
2009-12-29,7.4897,7.5347,7.3473,7.41
2009-12-28,7.5258,7.5953,7.4375,7.483
2009-12-25,7.5107,7.5325,7.5003,7.513
2009-12-24,7.606,7.6305,7.4411,7.5055
2009-12-23,7.7125,7.7743,7.5638,7.601
2009-12-22,7.7365,7.7913,7.6675,7.71
2009-12-21,7.5638,7.84,7.5388,7.749
2009-12-18,7.534,7.6435,7.4785,7.5575
2009-12-17,7.409,7.6064,7.4053,7.51
2009-12-16,7.445,7.5,7.3074,7.411
2009-12-15,7.405,7.5266,7.3575,7.43
2009-12-14,7.5326,7.604,7.3234,7.408
2009-12-11,7.5413,7.6175,7.4283,7.4975
2009-12-10,7.5957,7.6264,7.4579,7.515
2009-12-09,7.5678,7.6526,7.5033,7.57
2009-12-08,7.4565,7.597,7.4042,7.5205
2009-12-07,7.4237,7.5425,7.3826,7.476
2009-12-04,7.4074,7.5082,7.2785,7.405
2009-12-03,7.3244,7.4274,7.2479,7.38
2009-12-02,7.32,7.39,7.2554,7.32
2009-12-01,7.4246,7.4725,7.2674,7.2825
2009-11-30,7.3725,7.4704,7.31,7.381
2009-11-27,7.539,7.6725,7.3712,7.385
2009-11-26,7.3207,7.5753,7.3093,7.445
2009-11-25,7.4663,7.491,7.297,7.28
2009-11-24,7.5021,7.5758,7.415,7.42
2009-11-23,7.6136,7.6166,7.4427,7.448
2009-11-20,7.5395,7.6401,7.4675,7.58
2009-11-19,7.444,7.6171,7.4334,7.486
2009-11-18,7.4687,7.5065,7.3819,7.405
2009-11-17,7.37,7.565,7.3315,7.397
2009-11-16,7.4425,7.49,7.3174,7.3073
2009-11-13,7.4941,7.5457,7.3638,7.39
2009-11-12,7.3945,7.5134,7.3343,7.43
2009-11-11,7.3805,7.454,7.3072,7.3138
2009-11-10,7.4414,7.4843,7.348,7.339
2009-11-09,7.5165,7.5725,7.3646,7.4155
2009-11-06,7.6003,7.6445,7.479,7.525
2009-11-05,7.64,7.721,7.527,7.5596
2009-11-04,7.7979,7.8608,7.556,7.6275
2009-11-03,7.9375,7.9953,7.7874,7.825
2009-11-02,7.9597,8.1843,7.7896,7.9625
2009-10-30,7.7342,7.8863,7.6138,7.765
2009-10-29,7.829,7.886,7.6634,7.7125
2009-10-28,7.6725,7.92,7.63,7.823
2009-10-27,7.6074,7.7225,7.527,7.6188
2009-10-26,7.4745,7.6224,7.433,7.5775
2009-10-23,7.4105,7.5194,7.3651,7.4515
2009-10-22,7.4203,7.5729,7.3385,7.38
2009-10-21,7.4003,7.4725,7.3193,7.3425
2009-10-20,7.3176,7.4471,7.269,7.359
2009-10-19,7.345,7.4175,7.2589,7.2875
2009-10-16,7.2538,7.4337,7.2194,7.3
2009-10-15,7.219,7.3633,7.2068,7.208
2009-10-14,7.3258,7.3803,7.2074,7.23
2009-10-13,7.326,7.4225,7.2755,7.3195
2009-10-12,7.4012,7.516,7.2717,7.328
2009-10-09,7.3275,7.4618,7.3119,7.3935
2009-10-08,7.4135,7.436,7.2788,7.324
2009-10-07,7.4295,7.5351,7.3769,7.4245
2009-10-06,7.4637,7.525,7.3488,7.422
2009-10-05,7.6435,7.6763,7.4194,7.45
2009-10-02,7.7037,7.8113,7.5735,7.61
2009-10-01,7.5142,7.7421,7.4826,7.6625
2009-09-30,7.4255,7.6346,7.3468,7.465
2009-09-29,7.4275,7.4726,7.3558,7.3688
2009-09-28,7.4076,7.4938,7.3539,7.4277
2009-09-25,7.4719,7.506,7.3643,7.4037
2009-09-24,7.4563,7.5054,7.345,7.43
2009-09-23,7.365,7.5125,7.337,7.363
2009-09-22,7.472,7.4973,7.3475,7.331
2009-09-21,7.4653,7.5625,7.4218,7.4475
2009-09-18,7.418,7.5139,7.3728,7.38
2009-09-17,7.3238,7.4429,7.2729,7.346
2009-09-16,7.4075,7.4323,7.2731,7.27
2009-09-15,7.4605,7.514,7.326,7.333
2009-09-14,7.4643,7.5631,7.4198,7.4093
2009-09-11,7.5704,7.6425,7.408,7.42
2009-09-10,7.5498,7.6559,7.3775,7.56
2009-09-09,7.5245,7.604,7.37,7.531
2009-09-08,7.5733,7.6257,7.4365,7.474
2009-09-07,7.5935,7.6661,7.5456,7.571
2009-09-04,7.6341,7.7276,7.5584,7.593
2009-09-03,7.802,7.8315,7.6087,7.6325
2009-09-02,7.9018,7.942,7.7688,7.7735
2009-09-01,7.7806,7.9543,7.7026,7.9
2009-08-31,7.778,7.8526,7.7379,7.7695
2009-08-28,7.7848,7.8525,7.645,7.7305
2009-08-27,7.868,7.9625,7.7569,7.74
2009-08-26,7.8055,7.9635,7.7382,7.841
2009-08-25,7.8508,7.9025,7.7137,7.82
2009-08-24,7.8073,7.87,7.7367,7.78
2009-08-21,7.9105,8.0075,7.7234,7.76
2009-08-20,8.0125,8.08,7.8678,7.8665
2009-08-19,8.022,8.1425,7.9401,7.97
2009-08-18,8.1273,8.1649,7.9844,7.9663
2009-08-17,8.0825,8.2365,8.05,8.1475
2009-08-14,7.9985,8.1416,7.958,8.0775
2009-08-13,8.0588,8.1016,7.9175,7.951
2009-08-12,8.0979,8.2256,8,8.063
2009-08-11,8.0938,8.213,8.0274,8.1
2009-08-10,8.0008,8.1606,7.9515,8.04
2009-08-07,8.0625,8.1725,7.9419,7.95
2009-08-06,7.9059,8.1332,7.8775,8.06
2009-08-05,7.851,8.0137,7.8165,7.85
2009-08-04,7.7564,7.9141,7.7229,7.8
2009-08-03,7.7525,7.834,7.6875,7.7107
2009-07-31,7.7733,7.8826,7.6906,7.751
2009-07-30,7.8981,7.9464,7.7376,7.817
2009-07-29,7.85,7.9725,7.8282,7.8765
2009-07-28,7.772,7.939,7.6875,7.81
2009-07-27,7.7526,7.8138,7.7038,7.7293
2009-07-24,7.721,7.8225,7.6578,7.7395
2009-07-23,7.7264,7.775,7.5874,7.724
2009-07-22,7.8033,7.8835,7.6543,7.6748
2009-07-21,7.8693,7.9491,7.7375,7.7915
2009-07-20,8.055,8.09,7.7974,7.8215
2009-07-17,8.0678,8.1655,7.9952,8.0375
2009-07-16,8.1088,8.1953,8.0236,8.0615
2009-07-15,8.2485,8.2813,8.0652,8.1115
2009-07-14,8.2263,8.3505,8.1239,8.23
2009-07-13,8.2083,8.3863,8.1825,8.221
2009-07-10,8.1198,8.2995,8.099,8.2275
2009-07-09,8.2068,8.2315,8.0432,8.11
2009-07-08,8.11,8.2618,8.0742,8.1945
2009-07-07,7.9378,8.1258,7.9159,8.03
2009-07-06,7.9203,8.0712,7.8975,7.9302
2009-07-03,7.8613,7.99,7.8267,7.913
2009-07-02,7.7455,7.8979,7.6875,7.82
2009-07-01,7.7243,7.8295,7.6425,7.7275
2009-06-30,7.821,7.859,7.649,7.715
2009-06-29,7.8965,7.9979,7.7621,7.8125
2009-06-26,8.0153,8.05,7.8249,7.883
2009-06-25,8.0712,8.1235,7.9736,8.005
2009-06-24,8.1795,8.2325,7.9913,8.05
2009-06-23,8.2093,8.3068,8.1249,8.141
2009-06-22,8.1008,8.25,8.0621,8.2035
2009-06-19,8.1578,8.1913,8.0425,8.05
2009-06-18,8.0505,8.1947,8.0015,8.1475
2009-06-17,8.0855,8.1695,7.9975,8.045
2009-06-16,8.0998,8.1675,7.9325,8.06
2009-06-15,8.022,8.14,7.98,8.04
2009-06-12,7.9445,8.0961,7.9163,8.03
2009-06-11,8.0633,8.125,7.89,7.9385
2009-06-10,8.0865,8.1555,7.9975,8.061
2009-06-09,8.1573,8.2183,8.0245,8.033
2009-06-08,8.0697,8.2625,8.0392,8.141
2009-06-05,7.9978,8.1325,7.8817,8.03
2009-06-04,8.078,8.1325,7.94,7.9855
2009-06-03,7.9688,8.1423,7.8986,8.071
2009-06-02,7.962,8.1725,7.9,7.9365
2009-06-01,7.8875,8.05,7.861,7.97
2009-05-29,8.054,8.1153,7.8785,7.929
2009-05-28,8.1668,8.26,7.9758,7.996
2009-05-27,8.2748,8.3803,8.0419,8.1895
2009-05-26,8.261,8.452,8.221,8.242
2009-05-25,8.2955,8.3828,8.17,8.233
2009-05-22,8.327,8.4034,8.184,8.27
2009-05-21,8.359,8.5115,8.2819,8.316
2009-05-20,8.4485,8.5225,8.24,8.363
2009-05-19,8.5335,8.5889,8.3934,8.44
2009-05-18,8.7353,8.7998,8.4966,8.5
2009-05-15,8.5395,8.8144,8.4225,8.656
2009-05-14,8.5262,8.6845,8.4594,8.541
2009-05-13,8.4423,8.591,8.3169,8.513
2009-05-12,8.4735,8.5619,8.3694,8.433
2009-05-11,8.322,8.5625,8.2375,8.4695
2009-05-08,8.415,8.491,8.25,8.2551
2009-05-07,8.32,8.4661,8.2646,8.38
2009-05-06,8.4175,8.5889,8.2252,8.313
2009-05-05,8.2963,8.4629,8.2388,8.405
2009-05-04,8.419,8.4564,8.26,8.255
2009-05-01,8.4718,8.525,8.3653,8.41
2009-04-30,8.5245,8.5942,8.3931,8.448
2009-04-29,8.6375,8.7153,8.4444,8.484
2009-04-28,8.7838,8.9325,8.5652,8.625
2009-04-27,8.735,8.9525,8.6875,8.76
2009-04-24,8.919,8.9845,8.681,8.665
2009-04-23,8.9065,9.0235,8.8475,8.9055
2009-04-22,8.985,9.1113,8.824,8.8907
2009-04-21,9.1089,9.1763,8.888,8.9675
2009-04-20,8.9372,9.1309,8.92,9.057
2009-04-17,8.9306,9.022,8.8175,8.878
2009-04-16,9.0346,9.164,8.8532,8.865
2009-04-15,9.091,9.2548,8.99,9.015
2009-04-14,9.0102,9.15,8.9491,9.085
2009-04-13,9.0653,9.0905,8.9425,8.959
2009-04-10,9.1061,9.1193,9.0079,9.01
2009-04-09,9.1416,9.2064,8.944,9.036
2009-04-08,9.2173,9.3083,9.0645,9.105
2009-04-07,9.108,9.2455,9.0733,9.157
2009-04-06,9.0493,9.1644,8.9435,9.05
2009-04-03,9.0618,9.2157,8.9923,9.001
2009-04-02,9.3622,9.4203,8.9836,9.04
2009-04-01,9.555,9.6462,9.3158,9.335
2009-03-31,9.6855,9.7194,9.4148,9.5282
2009-03-30,9.5805,9.8643,9.5788,9.6842
2009-03-27,9.36,9.7013,9.3288,9.5647
2009-03-26,9.5109,9.5293,9.3112,9.303
2009-03-25,9.485,9.6513,9.3728,9.455
2009-03-24,9.4213,9.5405,9.3655,9.43
2009-03-23,9.5846,9.6642,9.3983,9.381
2009-03-20,9.651,9.7443,9.546,9.54
2009-03-19,9.6436,9.7588,9.5113,9.56
2009-03-18,9.8704,9.9819,9.5605,9.585
2009-03-17,9.917,10.0287,9.814,9.825
2009-03-16,9.96,10.0515,9.8271,9.915
2009-03-13,9.9406,10.083,9.8558,9.925
2009-03-12,10.072,10.3065,9.8489,9.87
2009-03-11,10.2513,10.3965,10.0325,10.035
2009-03-10,10.6593,10.6875,10.2303,10.24
2009-03-09,10.4463,10.7165,10.366,10.588
2009-03-06,10.6296,10.6869,10.3855,10.405
2009-03-05,10.4016,10.733,10.29,10.605
2009-03-04,10.5595,10.6725,10.2813,10.31
2009-03-03,10.5333,10.5875,10.3075,10.47
2009-03-02,10.1433,10.571,10.0688,10.5175
2009-02-27,9.9,10.199,9.8435,10.055
2009-02-26,9.9444,10.0528,9.8037,9.86
2009-02-25,9.873,10.0325,9.8329,9.89
2009-02-24,10.0616,10.1307,9.8298,9.826
2009-02-23,10.1375,10.1925,9.9052,10.03
2009-02-20,10.1151,10.274,10.0284,10.03
2009-02-19,10.2059,10.2315,9.9183,10.1
2009-02-18,10.2685,10.3385,10.0955,10.15
2009-02-17,10.0275,10.31,9.9838,10.218
2009-02-16,9.9443,10.143,9.9125,9.9987
2009-02-13,9.8988,10.1108,9.8475,9.9087
2009-02-12,9.8175,10.2244,9.7868,9.935
2009-02-11,9.9275,10.0006,9.7922,9.805
2009-02-10,9.6143,9.9725,9.5778,9.875
2009-02-09,9.6164,9.805,9.5061,9.583
2009-02-06,9.8541,10.0336,9.5351,9.545
2009-02-05,10.0331,10.0925,9.7613,9.799
2009-02-04,10.0388,10.1625,9.8775,9.986
2009-02-03,10.1513,10.2633,9.975,9.973
2009-02-02,10.214,10.3725,10.1169,10.135
2009-01-30,10.0268,10.2819,9.9794,10.18
2009-01-29,9.8793,10.0825,9.831,9.953
2009-01-28,9.9833,10.052,9.8294,9.81
2009-01-27,10.087,10.1665,9.9258,9.93
2009-01-26,10.2405,10.3348,10.031,10.021
2009-01-23,10.0745,10.4894,10,10.203
2009-01-22,10.0153,10.155,9.8977,10.03
2009-01-21,10.269,10.349,9.94,9.95
2009-01-20,10.0979,10.3955,10.0645,10.278
2009-01-19,9.9863,10.1615,9.8958,10.116
2009-01-16,9.9688,10.1265,9.8058,9.952
2009-01-15,10.1595,10.2655,9.935,9.92
2009-01-14,10.0225,10.2992,9.844,10.12
2009-01-13,10.1325,10.216,9.9179,9.97
2009-01-12,9.8271,10.1725,9.795,10.119
2009-01-09,9.6575,9.8435,9.5659,9.734
2009-01-08,9.6767,9.7911,9.5462,9.61
2009-01-07,9.3485,9.71,9.2474,9.61
2009-01-06,9.2938,9.4655,9.2138,9.325
2009-01-05,9.383,9.5243,9.2401,9.249
2009-01-02,9.4753,9.5468,9.2458,9.275
2009-01-01,9.5512,9.5512,9.4676,9.4852
2008-12-31,9.381,9.55,9.1921,9.44
2008-12-30,9.4665,9.5548,9.3096,9.323
2008-12-29,9.6878,9.7218,9.3858,9.415
2008-12-26,9.78,9.805,9.6548,9.67
2008-12-25,9.7225,9.8125,9.7123,9.7
2008-12-24,9.6675,9.7812,9.5358,9.7205
2008-12-23,9.7192,9.8375,9.5959,9.635
2008-12-22,9.675,9.8083,9.5619,9.661
2008-12-19,9.6695,9.8303,9.5708,9.77
2008-12-18,9.81,9.9112,9.482,9.64
2008-12-17,10.0325,10.0995,9.7548,9.785
2008-12-16,10.1469,10.3935,9.9923,10.035
2008-12-15,10.0875,10.265,9.9515,10.125
2008-12-12,9.975,10.2825,9.9225,10.125
2008-12-11,10.18,10.2105,9.8943,9.9851
2008-12-10,10.21,10.292,10.07,10.135
2008-12-09,10.145,10.253,10.0355,10.175
2008-12-08,10.2975,10.325,9.982,10.09
2008-12-05,10.245,10.551,10.119,10.265
2008-12-04,10.1875,10.3645,10.0675,10.24
2008-12-03,10.245,10.4413,10.0855,10.135
2008-12-02,10.59,10.7125,10.2425,10.306
2008-12-01,10.0825,10.63,10.0205,10.495
2008-11-28,9.8939,10.194,9.8354,10.115
2008-11-27,9.9097,9.9943,9.7841,9.85
2008-11-26,9.8255,10.0755,9.7304,9.87
2008-11-25,10.09,10.175,9.675,9.698
2008-11-24,10.505,10.6311,10.0285,10.02
2008-11-21,10.775,10.805,10.3175,10.435
2008-11-20,10.4975,10.794,10.448,10.713
2008-11-19,10.2425,10.555,10.1623,10.48
2008-11-18,10.1962,10.4275,10.11,10.22
2008-11-17,10.17,10.2583,9.9658,10.136
2008-11-14,10.1925,10.4223,9.9165,9.96
2008-11-13,10.455,10.7055,10.146,10.17
2008-11-12,10.3385,10.586,10.1555,10.44
2008-11-11,10.0051,10.454,9.9781,10.293
2008-11-10,9.8395,10.114,9.7773,9.965
2008-11-07,10.273,10.3018,9.9508,10.1175
2008-11-06,9.7876,10.3155,9.633,10.248
2008-11-05,9.7263,9.8654,9.4475,9.755
2008-11-04,10.0433,10.1121,9.5708,9.67
2008-11-03,9.7326,10.56,9.56,9.99
2008-10-31,9.8937,10.26,9.7,9.76
2008-10-30,9.7963,10.18,9.4157,9.865
2008-10-29,10.322,10.4875,9.1775,9.77
2008-10-28,11.0035,11.07,10.1555,10.22
2008-10-27,11.1955,11.509,10.7072,10.94
2008-10-24,10.9521,11.8225,10.7325,11.155
2008-10-23,11.7304,11.8513,10.7451,11.02
2008-10-22,10.6449,11.8925,10.4662,11.62
2008-10-21,10.1307,10.7385,9.9792,10.61
2008-10-20,10.0126,10.275,9.7958,10.13
2008-10-17,10.0504,10.495,9.8633,9.97
2008-10-16,10.7308,10.8865,9.8,9.975
2008-10-15,9.1118,10.775,9.0658,10.69
2008-10-14,9.0678,9.2076,8.8067,9.09
2008-10-13,9.2184,9.3068,9.067,9.0751
2008-10-10,9.3707,9.4938,9.2078,9.4494
2008-10-09,9.1968,9.4135,8.9048,9.36
2008-10-08,8.9328,9.4595,8.8898,9.165
2008-10-07,8.842,8.9928,8.7175,8.89
2008-10-06,8.5242,8.9893,8.5083,8.83
2008-10-03,8.5043,9.0523,8.3661,8.465
2008-10-02,8.2554,8.5382,8.2369,8.484
2008-10-01,8.2737,8.3096,8.2132,8.2165
2008-09-30,8.3421,8.3968,8.2532,8.2746
2008-09-29,8.0905,8.3966,8.066,8.31
2008-09-26,8.1138,8.1933,8.0288,8.0601
2008-09-25,8.1744,8.2271,8.0813,8.093
2008-09-24,8.1888,8.2168,8.0711,8.155
2008-09-23,7.983,8.2275,7.9233,8.172
2008-09-22,8.0395,8.0725,7.9318,7.986
2008-09-19,8.1689,8.1918,7.8514,7.895
2008-09-18,8.2804,8.369,8.115,8.155
2008-09-17,8.0913,8.2922,8.0466,8.245
2008-09-16,8.0807,8.285,8.054,8.1116
2008-09-15,8.106,8.2669,8.0148,8.0626
2008-09-12,8.137,8.2267,7.9453,7.9713
2008-09-11,8.2151,8.365,8.0776,8.11
2008-09-10,8.0146,8.2376,7.959,8.1953
2008-09-09,7.9178,8.0478,7.8413,8.0052
2008-09-08,7.8936,7.9653,7.7633,7.896
2008-09-05,8.0456,8.0921,7.9233,7.938
2008-09-04,7.8738,8.0528,7.8213,8.01
2008-09-03,7.7852,7.9247,7.7591,7.84
2008-09-02,7.7476,7.8468,7.735,7.7575
2008-09-01,7.69,7.7813,7.6846,7.725
2008-08-29,7.733,7.7408,7.6433,7.6846
2008-08-28,7.745,7.7553,7.6608,7.72
2008-08-27,7.814,7.8235,7.7252,7.7408
2008-08-26,7.7641,7.8563,7.7279,7.7875
2008-08-25,7.6681,7.776,7.655,7.761
2008-08-22,7.6586,7.7068,7.6333,7.6736
2008-08-21,7.7718,7.7828,7.6355,7.6529
2008-08-20,7.7404,7.7975,7.7112,7.7525
2008-08-19,7.7254,7.8589,7.6917,7.7249
2008-08-18,7.8905,7.9001,7.6852,7.695
2008-08-15,7.848,8.0148,7.8148,7.8666
2008-08-14,7.869,7.8954,7.765,7.82
2008-08-13,7.8175,7.945,7.768,7.855
2008-08-12,7.8265,7.861,7.7255,7.805
2008-08-11,7.7558,7.8869,7.6479,7.795
2008-08-08,7.5146,7.7675,7.4974,7.7125
2008-08-07,7.4443,7.5418,7.4084,7.473
2008-08-06,7.3932,7.4722,7.3452,7.4275
2008-08-05,7.2411,7.4348,7.2028,7.3743
2008-08-04,7.214,7.2778,7.1713,7.24
2008-08-01,7.3125,7.3668,7.1952,7.2025
2008-07-31,7.3878,7.4243,7.285,7.3105
2008-07-30,7.3885,7.4425,7.3433,7.3907
2008-07-29,7.5439,7.5622,7.3433,7.3451
2008-07-28,7.5835,7.6066,7.4781,7.5352
2008-07-25,7.665,7.6811,7.5548,7.5849
2008-07-24,7.5535,7.7075,7.5233,7.6705
2008-07-23,7.4835,7.587,7.4575,7.55
2008-07-22,7.5668,7.597,7.464,7.4802
2008-07-21,7.6066,7.6453,7.5318,7.555
2008-07-18,7.552,7.6468,7.515,7.5796
2008-07-17,7.6205,7.6492,7.5133,7.549
2008-07-16,7.6545,7.7131,7.5855,7.6075
2008-07-15,7.6588,7.7093,7.5916,7.6502
2008-07-14,7.6775,7.6938,7.5998,7.6577
2008-07-11,7.7097,7.7876,7.6327,7.6523
2008-07-10,7.7351,7.765,7.6533,7.7025
2008-07-09,7.7372,7.7683,7.635,7.7349
2008-07-08,7.7386,7.8363,7.7185,7.7351
2008-07-07,7.7352,7.7841,7.6833,7.7499
2008-07-04,7.747,7.7773,7.6858,7.706
2008-07-03,7.8463,7.8976,7.6928,7.73
2008-07-02,7.8898,7.9093,7.7833,7.835
2008-07-01,7.8343,7.9568,7.795,7.8744
2008-06-30,7.9151,7.937,7.7848,7.8298
2008-06-27,7.9506,7.9758,7.8607,7.895
2008-06-26,7.8665,7.9829,7.8339,7.9347
2008-06-25,8.0227,8.0383,7.8353,7.8409
2008-06-24,8.0753,8.1002,7.9655,8.0104
2008-06-23,7.9973,8.115,7.9533,8.0516
2008-06-20,7.9675,8.04,7.8933,7.9832
2008-06-19,8.021,8.0789,7.9273,7.945
2008-06-18,8.025,8.125,7.9512,7.987
2008-06-17,8.0819,8.11,7.9733,8.0097
2008-06-16,8.1262,8.1567,8.0535,8.0796
2008-06-13,8.1461,8.1898,8.0633,8.1
2008-06-12,8.0168,8.1688,7.925,8.1446
2008-06-11,7.9699,8.0643,7.9009,8.0055
2008-06-10,7.8933,8.0025,7.8738,7.957
2008-06-09,7.8781,7.9622,7.8213,7.8675
2008-06-06,7.8348,7.8972,7.7943,7.8724
2008-06-05,7.7926,7.905,7.7158,7.816
2008-06-04,7.7554,7.8293,7.7042,7.7849
2008-06-03,7.7281,7.803,7.6733,7.755
2008-06-02,7.6227,7.7588,7.5922,7.7049
2008-05-30,7.5819,7.6704,7.5215,7.605
2008-05-29,7.6813,7.705,7.5342,7.5725
2008-05-28,7.7414,7.785,7.6374,7.6773
2008-05-27,7.6953,7.7978,7.6533,7.7125
2008-05-26,7.7038,7.7268,7.6473,7.6876
2008-05-23,7.6338,7.705,7.605,7.6615
2008-05-22,7.7219,7.775,7.5963,7.61
2008-05-21,7.6682,7.7538,7.585,7.7151
2008-05-20,7.5385,7.6963,7.5198,7.64
2008-05-19,7.4777,7.575,7.4513,7.53
2008-05-16,7.5537,7.5966,7.4488,7.453
2008-05-15,7.6484,7.675,7.5273,7.52
2008-05-14,7.591,7.7068,7.5433,7.6399
2008-05-13,7.6112,7.6625,7.5283,7.56
2008-05-12,7.7121,7.7331,7.585,7.6009
2008-05-09,7.6027,7.7553,7.5613,7.7301
2008-05-08,7.5887,7.6733,7.555,7.6002
2008-05-07,7.5015,7.6061,7.4782,7.55
2008-05-06,7.5686,7.615,7.475,7.4924
2008-05-05,7.5748,7.635,7.54,7.5597
2008-05-02,7.6075,7.6276,7.5,7.575
2008-05-01,7.5662,7.6646,7.5255,7.585
2008-04-30,7.6011,7.6475,7.5211,7.51
2008-04-29,7.5382,7.6276,7.5133,7.59
2008-04-28,7.6135,7.6292,7.4925,7.5113
2008-04-25,7.6956,7.7649,7.5742,7.6074
2008-04-24,7.6741,7.8111,7.6345,7.6951
2008-04-23,7.6325,7.7002,7.5825,7.665
2008-04-22,7.7709,7.8043,7.6033,7.6325
2008-04-21,7.8056,7.8401,7.7345,7.7625
2008-04-18,7.7963,7.8668,7.7133,7.7797
2008-04-17,7.8612,7.9376,7.773,7.76
2008-04-16,7.9351,8.026,7.85,7.844
2008-04-15,7.8911,7.9768,7.8573,7.9105
2008-04-14,7.8215,7.9068,7.7678,7.8494
2008-04-11,7.8515,7.8781,7.7333,7.8021
2008-04-10,7.8565,7.9575,7.7527,7.8301
2008-04-09,7.7693,7.8938,7.7133,7.8301
2008-04-08,7.8036,7.845,7.7383,7.7536
2008-04-07,7.8526,7.8601,7.717,7.7725
2008-04-04,7.789,7.9057,7.7333,7.8601
2008-04-03,7.825,7.8625,7.6959,7.7775
2008-04-02,7.9888,8.0186,7.7546,7.805
2008-04-01,8.1124,8.1743,7.9635,7.95
2008-03-31,8.1226,8.1736,8.061,8.115
2008-03-28,7.9878,8.1625,7.955,8.1374
2008-03-27,8.0662,8.091,7.938,7.96
2008-03-26,8.0538,8.0938,8.037,8.0475
2008-03-25,8.1261,8.1335,8.0022,8.013
2008-03-24,8.1651,8.1998,8.0812,8.1226
2008-03-21,8.1814,8.235,8.1315,8.1501
2008-03-20,8.1075,8.2318,8.043,8.16
2008-03-19,7.9331,8.1482,7.9182,8.07
2008-03-18,8.1263,8.1698,7.9101,7.905
2008-03-17,7.9545,8.254,7.924,8.0966
2008-03-14,7.92,7.9925,7.8354,7.91
2008-03-13,7.8803,7.9993,7.823,7.9044
2008-03-12,7.8198,7.8888,7.754,7.8586
2008-03-11,8.0278,8.081,7.7983,7.8
2008-03-10,8.0185,8.132,7.9148,8.01
2008-03-07,8.062,8.0885,7.8913,7.982
2008-03-06,7.7815,8.0975,7.655,8.0335
2008-03-05,7.8913,7.945,7.733,7.78
2008-03-04,7.7643,7.9675,7.728,7.87
2008-03-03,7.894,8.015,7.7325,7.743
2008-02-29,7.5744,7.8567,7.555,7.8075
2008-02-28,7.4372,7.5832,7.4219,7.548
2008-02-27,7.5401,7.5623,7.4048,7.4339
2008-02-26,7.6464,7.7118,7.5063,7.526
2008-02-25,7.7485,7.7648,7.6399,7.6516
2008-02-22,7.8083,7.8267,7.6733,7.7175
2008-02-21,7.8115,7.8668,7.739,7.775
2008-02-20,7.6768,7.942,7.655,7.79
2008-02-19,7.6075,7.705,7.5418,7.67
2008-02-18,7.6551,7.6753,7.5658,7.63
2008-02-15,7.6901,7.7076,7.558,7.649
2008-02-14,7.733,7.7528,7.6032,7.67
2008-02-13,7.726,7.7768,7.62,7.695
2008-02-12,7.773,7.837,7.6585,7.7
2008-02-11,7.768,7.8675,7.7223,7.7651
2008-02-08,7.7008,7.8843,7.6247,7.766
2008-02-07,7.6923,7.8699,7.6223,7.6826
2008-02-06,7.6795,7.726,7.6053,7.699
2008-02-05,7.4621,7.7118,7.4033,7.6708
2008-02-04,7.3478,7.4888,7.2916,7.4601
2008-02-01,7.4674,7.4963,7.3308,7.34
2008-01-31,7.3525,7.5708,7.2718,7.46
2008-01-30,7.209,7.3773,7.1485,7.34
2008-01-29,7.1965,7.2322,7.0933,7.192
2008-01-28,7.1544,7.2568,7.14,7.1789
2008-01-25,6.9982,7.1836,6.9333,7.1151
2008-01-24,7.0458,7.1201,6.9694,6.9975
2008-01-23,7.0838,7.21,7.0363,7.0363
2008-01-22,7.236,7.3479,7.0638,7.06
2008-01-21,7.0725,7.2543,7.0483,7.208
2008-01-18,7.1025,7.117,6.991,7.045
2008-01-17,6.955,7.128,6.8994,7.0675
2008-01-16,6.837,6.9796,6.803,6.93
2008-01-15,6.7413,6.8608,6.7033,6.8291
2008-01-14,6.7522,6.7773,6.6962,6.72
2008-01-11,6.8135,6.8802,6.7223,6.735
2008-01-10,6.854,6.9073,6.784,6.8087
2008-01-09,6.9165,6.9315,6.7953,6.835
2008-01-08,6.9116,6.9365,6.8414,6.886
2008-01-07,6.8649,6.949,6.8225,6.9003
2008-01-04,6.8578,6.9003,6.7845,6.865
2008-01-03,6.8275,6.8918,6.7812,6.8252
2008-01-02,6.8551,6.89,6.7833,6.807
2008-01-01,6.839,6.8658,6.8083,6.8399
2007-12-31,6.8075,6.8856,6.7633,6.84
2007-12-28,6.875,6.9018,6.7723,6.785
2007-12-27,6.9831,6.9987,6.7993,6.8614
2007-12-26,6.9779,7.0417,6.9363,6.945
2007-12-25,6.9748,6.9927,6.9448,6.9597
2007-12-24,7.0192,7.0508,6.9415,6.9696
2007-12-21,7.0528,7.0713,6.965,7.013
2007-12-20,6.9373,7.0838,6.9117,7.0375
2007-12-19,6.9155,6.962,6.871,6.92
2007-12-18,6.913,6.9568,6.8583,6.8775
2007-12-17,6.8763,6.9584,6.8342,6.92
2007-12-14,6.7302,6.9068,6.7115,6.86
2007-12-13,6.724,6.7951,6.6891,6.727
2007-12-12,6.801,6.8327,6.6275,6.7
2007-12-11,6.6743,6.8195,6.6358,6.775
2007-12-10,6.7053,6.7388,6.6458,6.655
2007-12-07,6.7295,6.7568,6.6658,6.682
2007-12-06,6.7728,6.819,6.6985,6.7
2007-12-05,6.8165,6.837,6.7241,6.76
2007-12-04,6.8115,6.8568,6.7481,6.8
2007-12-03,6.7888,6.87,6.7583,6.8089
2007-11-30,6.817,6.8645,6.7163,6.78
2007-11-29,6.8583,6.9304,6.785,6.8013
2007-11-28,6.9937,7.0505,6.8375,6.82
2007-11-27,6.9966,7.125,6.905,6.96
2007-11-26,6.816,7.0356,6.7433,6.9825
2007-11-23,6.7852,6.8843,6.7408,6.795
2007-11-22,6.8311,6.8431,6.7523,6.76
2007-11-21,6.6816,6.8568,6.67,6.796
2007-11-20,6.7806,6.8203,6.67,6.6813
2007-11-19,6.7072,6.8051,6.6433,6.7636
2007-11-16,6.7226,6.7823,6.6428,6.691
2007-11-15,6.6063,6.7595,6.5542,6.7331
2007-11-14,6.68,6.7125,6.5428,6.5763
2007-11-13,6.8308,6.8476,6.6593,6.6631
2007-11-12,6.6285,6.8556,6.614,6.8329
2007-11-09,6.5095,6.6676,6.4275,6.6
2007-11-08,6.533,6.5948,6.4496,6.4935
2007-11-07,6.5095,6.5678,6.4157,6.5053
2007-11-06,6.5718,6.597,6.4782,6.49
2007-11-05,6.5527,6.6318,6.52,6.5716
2007-11-02,6.5992,6.6388,6.5178,6.54
2007-11-01,6.4975,6.6454,6.475,6.581
2007-10-31,6.5685,6.592,6.477,6.4775
2007-10-30,6.526,6.6118,6.5083,6.54
2007-10-29,6.5041,6.576,6.4449,6.52
2007-10-26,6.5425,6.578,6.475,6.4765
2007-10-25,6.6643,6.6745,6.5233,6.5213
2007-10-24,6.689,6.7389,6.6217,6.63
2007-10-23,6.8,6.8425,6.6638,6.67
2007-10-22,6.8357,6.9403,6.7751,6.83
2007-10-19,6.8015,6.8418,6.738,6.78
2007-10-18,6.8425,6.8568,6.7568,6.78
2007-10-17,6.8677,6.9038,6.7633,6.82
2007-10-16,6.839,6.921,6.8033,6.84
2007-10-15,6.7568,6.8913,6.6933,6.81
2007-10-12,6.731,6.7883,6.6973,6.74
2007-10-11,6.8749,6.9068,6.6688,6.71
2007-10-10,6.8382,6.9582,6.8114,6.85
2007-10-09,6.861,6.9055,6.8183,6.8
2007-10-08,6.8075,6.8823,6.785,6.84
2007-10-05,6.9145,6.9268,6.785,6.78
2007-10-04,6.9381,6.9791,6.86,6.88
2007-10-03,6.93,6.9613,6.8675,6.9
2007-10-02,6.8369,6.9568,6.8153,6.9128
2007-10-01,6.8825,6.9109,6.8175,6.8185
2007-09-28,6.879,6.9148,6.8383,6.8525
2007-09-27,6.9455,6.9768,6.8395,6.87
2007-09-26,6.9802,7.0118,6.8947,6.92
2007-09-25,6.963,7.0359,6.9378,6.9625
2007-09-24,6.9963,7.0199,6.9342,6.93
2007-09-21,7.0515,7.0768,6.9799,6.9755
2007-09-20,7.083,7.1014,7.0133,7.035
2007-09-19,7.1065,7.1293,7.0439,7.061
2007-09-18,7.2188,7.2452,7.0918,7.09
2007-09-17,7.1709,7.2361,7.1458,7.21
2007-09-14,7.1765,7.2255,7.1318,7.1338
2007-09-13,7.1443,7.2036,7.0958,7.165
2007-09-12,7.168,7.2168,7.1145,7.15
2007-09-11,7.2148,7.253,7.1464,7.1638
2007-09-10,7.2593,7.2953,7.185,7.1896
2007-09-07,7.1947,7.2893,7.1583,7.22
2007-09-06,7.2563,7.2773,7.1723,7.16
2007-09-05,7.2125,7.2943,7.195,7.21
2007-09-04,7.192,7.3225,7.1669,7.19
2007-09-03,7.1663,7.2474,7.105,7.1753
2007-08-31,7.1436,7.2256,7.0745,7.12
2007-08-30,7.1685,7.2292,7.1078,7.1295
2007-08-29,7.3155,7.3271,7.1373,7.129
2007-08-28,7.228,7.3273,7.2033,7.289
2007-08-27,7.1668,7.253,7.085,7.19
2007-08-24,7.2498,7.325,7.1345,7.14
2007-08-23,7.2488,7.3098,7.1784,7.2
2007-08-22,7.373,7.3988,7.215,7.2082
2007-08-21,7.426,7.5008,7.3445,7.39
2007-08-20,7.3788,7.458,7.3183,7.39
2007-08-17,7.4525,7.6192,7.3058,7.33
2007-08-16,7.433,7.6265,7.39,7.432
2007-08-15,7.3165,7.505,7.295,7.402
2007-08-14,7.188,7.3725,7.1683,7.29
2007-08-13,7.175,7.2338,7.08,7.16
2007-08-10,7.1625,7.278,7.1334,7.1555
2007-08-09,7.0185,7.215,6.977,7.15
2007-08-08,7.0563,7.0926,6.9658,6.9901
2007-08-07,7.041,7.133,7.005,7.04
2007-08-06,7.18,7.2105,6.9996,7
2007-08-03,7.0925,7.1763,6.9833,7.105
2007-08-02,7.1095,7.1725,7,7.06
2007-08-01,7.154,7.2603,7.0805,7.07
2007-07-31,7.096,7.1925,7.0533,7.15
2007-07-30,7.0932,7.235,7.0611,7.0805
2007-07-27,7.0725,7.1655,7.0388,7.0826
2007-07-26,6.8778,7.1323,6.8583,7.055
2007-07-25,6.869,6.9508,6.8103,6.8605
2007-07-24,6.816,6.9203,6.77,6.8563
2007-07-23,6.8886,6.9176,6.7878,6.7955
2007-07-20,6.8625,6.955,6.8158,6.8738
2007-07-19,6.9402,6.98,6.83,6.839
2007-07-18,6.9585,7.0351,6.9188,6.9166
2007-07-17,6.9698,7.0245,6.9275,6.92
2007-07-16,6.9624,7.0133,6.9379,6.95
2007-07-13,6.9583,7.0218,6.9366,6.9378
2007-07-12,7.0309,7.0513,6.9456,6.94
2007-07-11,7.0151,7.0758,6.9881,6.9953
2007-07-10,6.9583,7.0413,6.9451,6.98
2007-07-09,7,7.0074,6.9433,6.939
2007-07-06,7.0203,7.0601,6.9656,6.966
2007-07-05,6.9655,7.0422,6.9333,7.009
2007-07-04,6.9652,7.0183,6.9383,6.9416
2007-07-03,6.9555,7.0093,6.915,6.94
2007-07-02,7.0364,7.0668,6.9413,6.93
2007-06-29,7.0663,7.1173,7.0133,7.0143
2007-06-28,7.1285,7.1543,7.0435,7.0596
2007-06-27,7.1915,7.245,7.1125,7.1038
2007-06-26,7.1745,7.215,7.1333,7.16
2007-06-25,7.1383,7.1963,7.1182,7.17
2007-06-22,7.1345,7.1774,7.0983,7.1318
2007-06-21,7.144,7.2068,7.1063,7.1115
2007-06-20,7.061,7.1786,7.055,7.1213
2007-06-19,7.102,7.136,7.0533,7.065
2007-06-18,7.128,7.15,7.0633,7.0627
2007-06-15,7.1955,7.222,7.0973,7.11
2007-06-14,7.245,7.2775,7.1563,7.1718
2007-06-13,7.295,7.3359,7.1993,7.2116
2007-06-12,7.2354,7.3108,7.1748,7.27
2007-06-11,7.2347,7.2975,7.2033,7.2
2007-06-08,7.2728,7.3768,7.2013,7.195
2007-06-07,7.2018,7.2929,7.1433,7.257
2007-06-06,7.1734,7.2337,7.1233,7.1813
2007-06-05,7.129,7.1908,7.1025,7.1431
2007-06-04,7.0993,7.173,7.0788,7.108
2007-06-01,7.1148,7.15,7.0633,7.07
2007-05-31,7.138,7.1868,7.0933,7.0926
2007-05-30,7.141,7.2367,7.12,7.115
2007-05-29,7.0999,7.1768,7.0633,7.1268
2007-05-28,7.0748,7.1268,7.0583,7.075
2007-05-25,7.1438,7.1738,7.04,7.0738
2007-05-24,7.0543,7.1851,7.0383,7.1338
2007-05-23,7.0695,7.1066,7.0146,7.0601
2007-05-22,7.0194,7.0908,6.9833,7.0513
2007-05-21,7.0187,7.0656,6.965,6.989
2007-05-18,7.033,7.0931,6.9716,6.98
2007-05-17,6.9637,7.075,6.9332,7.01
2007-05-16,6.9172,7.0093,6.8832,6.9365
2007-05-15,6.9614,7.0049,6.8744,6.89
2007-05-14,6.9367,7.0003,6.8833,6.9325
2007-05-11,7.0363,7.0769,6.915,6.919
2007-05-10,6.8979,7.055,6.8733,7.006
2007-05-09,6.9101,6.9474,6.8633,6.8825
2007-05-08,6.8979,6.9574,6.8433,6.888
2007-05-07,6.9374,6.9586,6.8533,6.86
2007-05-04,6.959,7.0349,6.8968,6.9131
2007-05-03,7.0245,7.046,6.9354,6.9385
2007-05-02,7.0363,7.0769,6.9975,6.9966
2007-05-01,7.0544,7.085,6.9953,7
2007-04-30,7.098,7.1769,6.9958,7.03
2007-04-27,7.0424,7.0981,6.977,7.01
2007-04-26,6.9555,7.056,6.9133,6.99
2007-04-25,7.0188,7.0575,6.921,6.928
2007-04-24,7.0825,7.1351,6.9983,7
2007-04-23,7.0475,7.1133,6.992,7.065
2007-04-20,7.0516,7.1089,6.983,7.0275
2007-04-19,7.0312,7.1776,7.0055,7.01
2007-04-18,7.0282,7.0986,7.0043,7.0096
2007-04-17,7.105,7.1564,7.0038,7.0063
2007-04-16,7.1867,7.2107,7.0733,7.082
2007-04-13,7.158,7.2556,7.113,7.1602
2007-04-12,7.1396,7.2202,7.1075,7.12
2007-04-11,7.1362,7.1781,7.088,7.119
2007-04-10,7.1282,7.1839,7.1039,7.125
2007-04-09,7.1297,7.1663,7.097,7.1113
2007-04-06,7.122,7.1532,7.0958,7.09
2007-04-05,7.1522,7.1699,7.1058,7.1075
2007-04-04,7.1859,7.2086,7.128,7.1293
2007-04-03,7.2494,7.2668,7.1533,7.16
2007-04-02,7.2646,7.3063,7.2135,7.22
2007-03-30,7.2707,7.3266,7.2145,7.24
2007-03-29,7.3212,7.3568,7.22,7.23
2007-03-28,7.2799,7.4053,7.24,7.305
2007-03-27,7.2209,7.2963,7.1765,7.25
2007-03-26,7.2125,7.2588,7.184,7.19
2007-03-23,7.215,7.2509,7.1645,7.1825
2007-03-22,7.2744,7.3252,7.1477,7.18
2007-03-21,7.3895,7.4163,7.2565,7.255
2007-03-20,7.4313,7.4499,7.3474,7.365
2007-03-19,7.447,7.4757,7.3947,7.425
2007-03-16,7.4143,7.5069,7.3833,7.461
2007-03-15,7.4318,7.4668,7.3833,7.39
2007-03-14,7.5059,7.5413,7.4025,7.405
2007-03-13,7.3447,7.535,7.32,7.49
2007-03-12,7.3193,7.3943,7.2733,7.325
2007-03-09,7.3573,7.4297,7.288,7.3332
2007-03-08,7.4388,7.4573,7.336,7.3637
2007-03-07,7.38,7.4604,7.328,7.39
2007-03-06,7.4959,7.5125,7.3645,7.36
2007-03-05,7.4195,7.5544,7.3938,7.47
2007-03-02,7.2655,7.428,7.2433,7.3512
2007-03-01,7.2444,7.3838,7.189,7.2438
2007-02-28,7.2582,7.327,7.1975,7.215
2007-02-27,7.0837,7.2815,7.0533,7.1962
2007-02-26,7.0757,7.1315,7.038,7.0617
2007-02-23,7.0723,7.1168,7.0433,7.0702
2007-02-22,7.0914,7.1468,7.028,7.0514
2007-02-21,7.1095,7.162,7.058,7.1317
2007-02-20,7.1167,7.1515,7.048,7.0956
2007-02-19,7.1457,7.16,7.048,7.086
2007-02-16,7.1989,7.2356,7.1342,7.137
2007-02-15,7.2054,7.2255,7.1254,7.164
2007-02-14,7.245,7.265,7.158,7.166
2007-02-13,7.2938,7.3168,7.2033,7.221
2007-02-12,7.1855,7.3169,7.1333,7.26
2007-02-09,7.1567,7.2155,7.108,7.1713
2007-02-08,7.1849,7.2091,7.1175,7.112
2007-02-07,7.1663,7.2183,7.1433,7.14
2007-02-06,7.2064,7.2543,7.146,7.15
2007-02-05,7.2025,7.2724,7.1755,7.2137
2007-02-02,7.1872,7.2494,7.1367,7.1655
2007-02-01,7.2174,7.2568,7.1433,7.137
2007-01-31,7.3061,7.3284,7.19,7.189
2007-01-30,7.3226,7.3744,7.268,7.282
2007-01-29,7.2886,7.3636,7.2533,7.3148
2007-01-26,7.253,7.3391,7.218,7.2585
2007-01-25,7.1406,7.2982,7.098,7.2
2007-01-24,7.1163,7.2035,7.0778,7.1143
2007-01-23,7.1505,7.1588,7.0733,7.077
2007-01-22,7.1514,7.1664,7.068,7.0988
2007-01-19,7.166,7.1879,7.1075,7.1402
2007-01-18,7.172,7.1968,7.1133,7.1612
2007-01-17,7.246,7.2976,7.135,7.1714
2007-01-16,7.2228,7.2688,7.1633,7.2347
2007-01-15,7.2327,7.2548,7.168,7.193
2007-01-12,7.2679,7.3083,7.178,7.235
2007-01-11,7.2932,7.3322,7.218,7.2708
2007-01-10,7.3163,7.4115,7.2733,7.2685
2007-01-09,7.2243,7.3668,7.1533,7.2862
2007-01-08,7.2335,7.3068,7.1868,7.2063
2007-01-05,7.0971,7.281,7.0568,7.2367
2007-01-04,7.009,7.1244,6.9533,7.0503
2007-01-03,6.9205,7.0425,6.8633,6.97
2007-01-02,6.9925,7.015,6.8627,6.9075
2007-01-01,6.977,7.0368,6.971,6.9995
2006-12-29,6.997,7.0768,6.9487,6.99
2006-12-28,7.0938,7.0993,6.9705,6.966
2006-12-27,7.0603,7.109,6.9528,7.05
2006-12-26,7.0221,7.0821,6.9848,7.0392
2006-12-25,7.0301,7.0539,7.005,7.0375
2006-12-22,7.015,7.06,6.9433,6.995
2006-12-21,6.9275,7.0438,6.8933,6.995
2006-12-20,7.0245,7.0448,6.8928,6.905
2006-12-19,7.0345,7.0868,6.9772,7.0155
2006-12-18,6.9981,7.0585,6.959,7.0097
2006-12-15,6.9833,7.0769,6.9433,6.95
2006-12-14,6.9765,7.0419,6.9383,6.96
2006-12-13,6.9675,7.0424,6.9232,6.95
2006-12-12,7.0171,7.0694,6.95,6.97
2006-12-11,7.0899,7.138,7.0068,7.007
2006-12-08,7.0545,7.1073,7.001,7.062
2006-12-07,7.0879,7.1184,6.99,7.01
2006-12-06,7.0863,7.1451,7.0557,7.055
2006-12-05,7.175,7.1934,7.057,7.0625
2006-12-04,7.2023,7.235,7.1133,7.14
2006-12-01,7.1428,7.2525,7.0933,7.2175
2006-11-30,7.1298,7.3143,7.0983,7.127
2006-11-29,7.1275,7.1818,7.0767,7.1527
2006-11-28,7.1312,7.2468,7.0905,7.1063
2006-11-27,7.0962,7.1745,7.0564,7.08
2006-11-24,7.209,7.3155,7.1148,7.1088
2006-11-23,7.1665,7.223,7.1165,7.16
2006-11-22,7.2185,7.2442,7.1233,7.14
2006-11-21,7.2465,7.2868,7.1762,7.1975
2006-11-20,7.289,7.3209,7.1957,7.21
2006-11-17,7.2565,7.34,7.1762,7.255
2006-11-16,7.2045,7.295,7.1075,7.2335
2006-11-15,7.2314,7.3599,7.154,7.1851
2006-11-14,7.266,7.2881,7.2082,7.221
2006-11-13,7.2275,7.3069,7.1983,7.2857
2006-11-10,7.2465,7.2744,7.1882,7.2157
2006-11-09,7.3197,7.3937,7.1925,7.2325
2006-11-08,7.307,7.4159,7.2686,7.3013
2006-11-07,7.3537,7.3658,7.252,7.26
2006-11-06,7.3781,7.4269,7.3333,7.34
2006-11-03,7.4225,7.4943,7.3133,7.365
2006-11-02,7.3944,7.485,7.3369,7.41
2006-11-01,7.3866,7.4268,7.2769,7.375
2006-10-31,7.541,7.6184,7.3468,7.351
2006-10-30,7.4094,7.5595,7.3883,7.4957
2006-10-27,7.4897,7.5768,7.3869,7.4182
2006-10-26,7.5655,7.597,7.4633,7.45
2006-10-25,7.7208,7.7543,7.541,7.5343
2006-10-24,7.6778,7.818,7.6659,7.7
2006-10-23,7.5345,7.7305,7.5121,7.67
2006-10-20,7.5194,7.567,7.4768,7.545
2006-10-19,7.5952,7.6156,7.4839,7.49
2006-10-18,7.612,7.6486,7.5433,7.59
2006-10-17,7.5117,7.6604,7.4732,7.6055
2006-10-16,7.4877,7.5498,7.445,7.47
2006-10-13,7.5365,7.5764,7.4425,7.4817
2006-10-12,7.6934,7.7275,7.5015,7.52
2006-10-11,7.7429,7.7875,7.635,7.6857
2006-10-10,7.841,7.8671,7.6988,7.7417
2006-10-09,7.817,7.865,7.7514,7.829
2006-10-06,7.8181,7.8774,7.7415,7.8235
2006-10-05,7.8635,7.9063,7.7719,7.797
2006-10-04,7.877,7.9943,7.8425,7.8725
2006-10-03,7.748,7.906,7.6517,7.876
2006-10-02,7.7586,7.7918,7.6887,7.698
2006-09-29,7.6681,7.815,7.6383,7.7652
2006-09-28,7.643,7.728,7.5484,7.65
2006-09-27,7.654,7.6769,7.5704,7.63
2006-09-26,7.6708,7.7106,7.6182,7.635
2006-09-25,7.6532,7.7375,7.5645,7.63
2006-09-22,7.5669,7.7168,7.5435,7.6387
2006-09-21,7.4043,7.6365,7.3495,7.59
2006-09-20,7.3605,7.4674,7.334,7.3942
2006-09-19,7.3198,7.4068,7.283,7.358
2006-09-18,7.3876,7.407,7.2551,7.28
2006-09-15,7.4189,7.4633,7.3495,7.3937
2006-09-14,7.3089,7.4781,7.2791,7.4002
2006-09-13,7.3203,7.3918,7.282,7.289
2006-09-12,7.37,7.4168,7.2964,7.322
2006-09-11,7.4058,7.4996,7.332,7.34
2006-09-08,7.349,7.4368,7.3198,7.4052
2006-09-07,7.3194,7.4566,7.2831,7.3757
2006-09-06,7.1818,7.3425,7.1487,7.2977
2006-09-05,7.1773,7.2175,7.1414,7.155
2006-09-04,7.2245,7.2362,7.143,7.1525
2006-09-01,7.2028,7.2728,7.1624,7.2024
2006-08-31,7.0964,7.2368,7.0419,7.18
2006-08-30,7.1113,7.1316,7.0532,7.077
2006-08-29,7.1849,7.1992,7.083,7.1
2006-08-28,7.1854,7.2086,7.123,7.17
2006-08-25,7.159,7.2088,7.073,7.1812
2006-08-24,7.1623,7.1875,7.0882,7.138
2006-08-23,7.1383,7.185,7.0444,7.15
2006-08-22,7.039,7.1668,7.0185,7.124
2006-08-21,7.0332,7.0868,6.9735,7.033
2006-08-18,6.8195,7.0725,6.805,7.0285
2006-08-17,6.7609,6.8445,6.7329,6.806
2006-08-16,6.8575,6.8968,6.7225,6.753
2006-08-15,6.875,6.9268,6.8244,6.84
2006-08-14,6.7944,6.893,6.7565,6.86
2006-08-11,6.7663,6.8414,6.7317,6.79
2006-08-10,6.7344,6.8388,6.7144,6.745
2006-08-09,6.8128,6.845,6.7112,6.715
2006-08-08,6.7919,6.8593,6.771,6.796
2006-08-07,6.8204,6.8664,6.7544,6.78
2006-08-04,6.855,6.9268,6.7875,6.8112
2006-08-03,6.9138,6.9368,6.8314,6.85
2006-08-02,6.9438,6.9723,6.8428,6.895
2006-08-01,6.9402,7.0103,6.895,6.923
2006-07-31,6.8705,6.9638,6.8294,6.915
2006-07-28,6.8441,6.9668,6.825,6.8715
2006-07-27,6.9625,6.9815,6.8026,6.82
2006-07-26,7.0145,7.0858,6.944,6.95
2006-07-25,7.0219,7.0487,6.9263,6.998
2006-07-24,7.0335,7.1107,6.9833,6.9955
2006-07-21,6.9725,7.0619,6.9081,7.037
2006-07-20,7.0579,7.1006,6.9405,6.97
2006-07-19,7.1541,7.2633,7.0408,7.049
2006-07-18,7.245,7.2643,7.119,7.16
2006-07-17,7.2125,7.2993,7.183,7.247
2006-07-14,7.206,7.2743,7.1601,7.2102
2006-07-13,7.1539,7.2783,7.1295,7.255
2006-07-12,7.1185,7.195,7.0611,7.153
2006-07-11,7.1148,7.1788,7.0786,7.09
2006-07-10,7.115,7.1688,7.0488,7.1088
2006-07-07,7.1797,7.1973,7.0629,7.115
2006-07-06,7.2734,7.3067,7.1505,7.16
2006-07-05,7.0461,7.2968,7.003,7.263
2006-07-04,7.0255,7.0687,6.9817,7.026
2006-07-03,7.1559,7.1779,7.01,7.015
2006-06-30,7.1246,7.2477,7.086,7.164
2006-06-29,7.241,7.3675,7.104,7.11
2006-06-28,7.3016,7.3577,7.1925,7.23
2006-06-27,7.3771,7.4003,7.2238,7.281
2006-06-26,7.4095,7.523,7.341,7.375
2006-06-23,7.3506,7.5475,7.31,7.4165
2006-06-22,7.135,7.425,7.0713,7.335
2006-06-21,7.08,7.2319,7.0458,7.115
2006-06-20,6.9983,7.1196,6.976,7.057
2006-06-19,6.881,7.0263,6.8625,6.995
2006-06-16,6.8736,6.9187,6.8093,6.8777
2006-06-15,6.8591,6.9568,6.7873,6.8575
2006-06-14,6.8468,6.9128,6.7938,6.83
2006-06-13,6.7806,6.8815,6.7758,6.83
2006-06-12,6.736,6.8044,6.6705,6.75
2006-06-09,6.742,6.7925,6.6324,6.7577
2006-06-08,6.7475,6.8568,6.7125,6.72
2006-06-07,6.772,6.8048,6.6833,6.72
2006-06-06,6.6732,6.8189,6.6415,6.75
2006-06-05,6.6531,6.695,6.5937,6.64
2006-06-02,6.6196,6.7193,6.555,6.6565
2006-06-01,6.7203,6.7889,6.553,6.585
2006-05-31,6.7028,6.754,6.603,6.713
2006-05-30,6.5146,6.7774,6.4515,6.6815
2006-05-29,6.5266,6.56,6.4551,6.4988
2006-05-26,6.5114,6.6098,6.4815,6.5192
2006-05-25,6.5675,6.6438,6.483,6.5
2006-05-24,6.6213,6.713,6.5575,6.59
2006-05-23,6.5425,6.6525,6.4429,6.625
2006-05-22,6.4898,6.6878,6.474,6.51
2006-05-19,6.445,6.5861,6.3755,6.4627
2006-05-18,6.4376,6.5275,6.3514,6.454
2006-05-17,6.3782,6.4557,6.2043,6.44
2006-05-16,6.4153,6.4598,6.3227,6.35
2006-05-15,6.265,6.5143,6.265,6.4112
2006-05-12,6.095,6.2675,6.051,6.243
2006-05-11,6.0672,6.1575,6.0216,6.0845
2006-05-10,6.0294,6.0975,6.013,6.0425
2006-05-09,6.057,6.129,6.0125,6.024
2006-05-08,6.0612,6.1125,6.0135,6.04
2006-05-05,6.0322,6.0939,6.0032,6.0462
2006-05-04,6.0435,6.1507,6.0112,6.016
2006-05-03,6.05,6.0973,5.9848,6.035
2006-05-02,6.0119,6.0913,5.9988,6.02
2006-05-01,6.0227,6.046,5.9611,6.0115
2006-04-28,6.154,6.1878,5.9938,5.9975
2006-04-27,6.1488,6.2176,6.131,6.145
2006-04-26,6.093,6.2033,6.0745,6.14
2006-04-25,6.0519,6.1088,6.0211,6.075
2006-04-24,5.9912,6.0863,5.9488,6.0325
2006-04-21,6.0585,6.1043,5.9643,5.9687
2006-04-20,5.9678,6.1083,5.9503,6.05
2006-04-19,5.9868,6.0268,5.942,5.945
2006-04-18,6.0888,6.0992,5.97,5.965
2006-04-17,6.1219,6.1316,6.0433,6.0475
2006-04-14,6.1273,6.1495,6.105,6.11
2006-04-13,6.1189,6.175,6.0917,6.1205
2006-04-12,6.1195,6.1655,6.0874,6.095
2006-04-11,6.154,6.181,6.0804,6.1127
2006-04-10,6.1048,6.1801,6.083,6.1475
2006-04-07,6.0853,6.1575,6.0254,6.1395
2006-04-06,6.0255,6.0966,5.963,6.04
2006-04-05,6.0538,6.078,6.0013,6
2006-04-04,6.1108,6.1343,6.003,6.024
2006-04-03,6.161,6.217,6.0825,6.1033
2006-03-31,6.1836,6.2293,6.1235,6.146
2006-03-30,6.2973,6.3118,6.1615,6.156
2006-03-29,6.2885,6.3633,6.2569,6.268
2006-03-28,6.2853,6.3119,6.2333,6.26
2006-03-27,6.2576,6.3058,6.2333,6.255
2006-03-24,6.3168,6.3668,6.249,6.242
2006-03-23,6.2903,6.3527,6.2531,6.32
2006-03-22,6.3491,6.4042,6.275,6.2925
2006-03-21,6.2982,6.3797,6.2773,6.33
2006-03-20,6.196,6.3489,6.1869,6.2975
2006-03-17,6.175,6.245,6.163,6.195
2006-03-16,6.1996,6.2608,6.1585,6.1625
2006-03-15,6.2201,6.2517,6.163,6.175
2006-03-14,6.2617,6.3182,6.2051,6.2045
2006-03-13,6.27,6.2946,6.1804,6.225
2006-03-10,6.2642,6.3462,6.2231,6.2278
2006-03-09,6.3062,6.325,6.2269,6.265
2006-03-08,6.2531,6.3528,6.212,6.2838
2006-03-07,6.2358,6.3622,6.2035,6.2301
2006-03-06,6.1942,6.2655,6.1557,6.2025
2006-03-03,6.0984,6.2265,6.0546,6.1513
2006-03-02,6.1725,6.1866,6.085,6.0875
2006-03-01,6.1757,6.1963,6.1333,6.1505
2006-02-28,6.1824,6.222,6.1407,6.1483
2006-02-27,6.104,6.2148,6.0866,6.1725
2006-02-24,6.1116,6.1633,6.0775,6.0855
2006-02-23,6.0663,6.1276,6.03,6.0798
2006-02-22,6.0726,6.1265,6.0399,6.0513
2006-02-21,6.007,6.0913,6.0045,6.04
2006-02-20,6.02,6.0566,5.995,5.9933
2006-02-17,6.066,6.0933,5.9878,5.9923
2006-02-16,6.0825,6.126,6.0409,6.0375
2006-02-15,6.1271,6.1752,6.05,6.0503
2006-02-14,6.162,6.1968,6.105,6.123
2006-02-13,6.1446,6.2108,6.114,6.1415
2006-02-10,6.1145,6.1653,6.0633,6.11
2006-02-09,6.1689,6.2037,6.088,6.098
2006-02-08,6.1961,6.2744,6.1591,6.156
2006-02-07,6.119,6.2082,6.0838,6.1688
2006-02-06,6.0816,6.1619,6.0516,6.1
2006-02-03,6.0854,6.1368,6.0527,6.0576
2006-02-02,6.1151,6.1568,6.0558,6.05
2006-02-01,6.0551,6.1381,6.0451,6.08
2006-01-31,6.1227,6.1368,6.045,6.04
2006-01-30,6.1465,6.1968,6.0827,6.1077
2006-01-27,6.0997,6.1654,6.0731,6.122
2006-01-26,6.0383,6.1379,6.029,6.085
2006-01-25,6.0109,6.0693,5.9933,6.03
2006-01-24,5.97,6.0844,5.9466,5.9988
2006-01-23,6.0077,6.025,5.9445,5.9475
2006-01-20,5.9912,6.0419,5.9586,5.98
2006-01-19,6.0478,6.0793,5.9584,5.9408
2006-01-18,6.0332,6.0944,6.0103,6.0323
2006-01-17,6.012,6.0711,5.9702,6.0033
2006-01-16,6.016,6.038,5.9611,5.9809
2006-01-13,6.065,6.1143,5.9862,6.0025
2006-01-12,5.9994,6.0997,5.9681,6.0345
2006-01-11,6.0875,6.1608,5.985,5.97
2006-01-10,6.0472,6.1382,6.029,6.0548
2006-01-09,6.0774,6.1339,6.0283,6.0223
2006-01-06,6.1591,6.1935,6.0627,6.0575
2006-01-05,6.1419,6.2157,6.1229,6.1401
2006-01-04,6.2102,6.2364,6.1333,6.1208
2006-01-03,6.3351,6.368,6.2003,6.206
2006-01-02,6.3651,6.3671,6.3086,6.3175
2005-12-30,6.327,6.3743,6.2984,6.3075
2005-12-29,6.3506,6.3643,6.3048,6.305
2005-12-28,6.3663,6.3858,6.3155,6.3215
2005-12-27,6.371,6.3973,6.3229,6.3451
2005-12-26,6.3773,6.391,6.3316,6.33
2005-12-23,6.3639,6.4024,6.3205,6.3463
2005-12-22,6.3697,6.415,6.3269,6.3376
2005-12-21,6.3687,6.4177,6.345,6.355
2005-12-20,6.3606,6.3865,6.3033,6.34
2005-12-19,6.4388,6.4636,6.3421,6.3475
2005-12-16,6.4507,6.4837,6.43,6.4
2005-12-15,6.3349,6.4664,6.3195,6.435
2005-12-14,6.3033,6.3599,6.2413,6.32
2005-12-13,6.3179,6.3682,6.2655,6.2875
2005-12-12,6.3948,6.3963,6.3094,6.2963
2005-12-09,6.352,6.4048,6.3218,6.36
2005-12-08,6.3451,6.4015,6.3033,6.325
2005-12-07,6.2728,6.3492,6.2677,6.3121
2005-12-06,6.3408,6.3605,6.2629,6.263
2005-12-05,6.3649,6.4125,6.2833,6.305
2005-12-02,6.4489,6.4643,6.3403,6.3336
2005-12-01,6.4674,6.4994,6.4359,6.435
2005-11-30,6.4978,6.5145,6.4411,6.447
2005-11-29,6.4823,6.5238,6.449,6.466
2005-11-28,6.5083,6.5569,6.473,6.4639
2005-11-25,6.53,6.568,6.4825,6.49
2005-11-24,6.5352,6.5718,6.4931,6.51
2005-11-23,6.589,6.6262,6.5178,6.5175
2005-11-22,6.6421,6.6625,6.5803,6.581
2005-11-21,6.6794,6.7135,6.6043,6.6128
2005-11-18,6.7055,6.7468,6.6538,6.6618
2005-11-17,6.731,6.7691,6.6815,6.6873
2005-11-16,6.7903,6.8003,6.7079,6.7013
2005-11-15,6.7835,6.8238,6.7525,6.7625
2005-11-14,6.7643,6.806,6.6997,6.7575
2005-11-11,6.7671,6.8155,6.7343,6.7375
2005-11-10,6.7553,6.7873,6.7243,6.7413
2005-11-09,6.7376,6.7857,6.6975,6.7403
2005-11-08,6.7401,6.7871,6.7144,6.711
2005-11-07,6.7176,6.7957,6.67,6.725
2005-11-04,6.6488,6.7175,6.5875,6.6725
2005-11-03,6.637,6.6724,6.5645,6.619
2005-11-02,6.6828,6.6968,6.6141,6.6218
2005-11-01,6.7098,6.741,6.6248,6.6575
2005-10-31,6.7094,6.7525,6.6725,6.6825
2005-10-28,6.717,6.7386,6.6688,6.6875
2005-10-27,6.6866,6.751,6.645,6.6896
2005-10-26,6.6078,6.7193,6.564,6.6825
2005-10-25,6.6313,6.685,6.5843,6.5886
2005-10-24,6.6323,6.6662,6.5645,6.6028
2005-10-21,6.6248,6.6598,6.5633,6.59
2005-10-20,6.5911,6.6448,6.525,6.61
2005-10-19,6.5776,6.6373,6.549,6.55
2005-10-18,6.5258,6.615,6.5213,6.56
2005-10-17,6.528,6.5643,6.4803,6.5206
2005-10-14,6.589,6.6438,6.5248,6.52
2005-10-13,6.5678,6.6735,6.5388,6.57
2005-10-12,6.5268,6.6035,6.515,6.557
2005-10-11,6.5015,6.5683,6.4837,6.5285
2005-10-10,6.5388,6.5623,6.4803,6.47
2005-10-07,6.5308,6.6179,6.5045,6.53
2005-10-06,6.5172,6.5838,6.4716,6.5113
2005-10-05,6.4308,6.568,6.4219,6.51
2005-10-04,6.427,6.4814,6.3955,6.424
2005-10-03,6.3585,6.4565,6.3425,6.42
2005-09-30,6.3485,6.4138,6.325,6.3485
2005-09-29,6.3825,6.4138,6.3375,6.347
2005-09-28,6.4478,6.4738,6.3558,6.3655
2005-09-27,6.375,6.4886,6.355,6.4255
2005-09-26,6.3628,6.4475,6.34,6.3455
2005-09-23,6.3441,6.4091,6.314,6.3455
2005-09-22,6.35,6.382,6.3088,6.3085
2005-09-21,6.4073,6.4158,6.3343,6.3401
2005-09-20,6.4065,6.4353,6.345,6.38
2005-09-19,6.4026,6.4956,6.3743,6.3985
2005-09-16,6.3828,6.4191,6.3036,6.341
2005-09-15,6.363,6.4334,6.3185,6.3425
2005-09-14,6.3685,6.3986,6.3245,6.3301
2005-09-13,6.4018,6.4128,6.3453,6.3555
2005-09-12,6.312,6.4201,6.2913,6.364
2005-09-09,6.3334,6.363,6.2725,6.2685
2005-09-08,6.3317,6.3675,6.2691,6.3108
2005-09-07,6.3385,6.3804,6.2575,6.3206
2005-09-06,6.265,6.3538,6.2441,6.317
2005-09-05,6.2598,6.3184,6.1868,6.2391
2005-09-02,6.2858,6.3617,6.2231,6.22
2005-09-01,6.3628,6.4061,6.265,6.27
2005-08-31,6.5404,6.5648,6.344,6.36
2005-08-30,6.466,6.5676,6.4525,6.539
2005-08-29,6.475,6.4902,6.41,6.4476
2005-08-26,6.478,6.4938,6.4434,6.4695
2005-08-25,6.4813,6.5063,6.4194,6.4538
2005-08-24,6.4863,6.535,6.44,6.4601
2005-08-23,6.5095,6.5413,6.4498,6.4851
2005-08-22,6.5297,6.5548,6.451,6.475
2005-08-19,6.5284,6.5899,6.5021,6.5473
2005-08-18,6.4839,6.5575,6.4538,6.53
2005-08-17,6.4368,6.5125,6.41,6.4706
2005-08-16,6.4324,6.48,6.405,6.43
2005-08-15,6.355,6.4663,6.339,6.4101
2005-08-12,6.3522,6.4011,6.2972,6.3338
2005-08-11,6.3716,6.4225,6.3101,6.3163
2005-08-10,6.4575,6.4908,6.3443,6.365
2005-08-09,6.4521,6.4944,6.4225,6.4343
2005-08-08,6.461,6.5132,6.4359,6.4376
2005-08-05,6.4516,6.4961,6.4076,6.46
2005-08-04,6.446,6.4961,6.4027,6.44
2005-08-03,6.5363,6.5752,6.4125,6.4251
2005-08-02,6.5378,6.563,6.4763,6.51
2005-08-01,6.579,6.6071,6.4905,6.52
2005-07-29,6.6303,6.6662,6.5463,6.555
2005-07-28,6.641,6.6646,6.585,6.597
2005-07-27,6.7033,6.7203,6.6113,6.6201
2005-07-26,6.6516,6.7503,6.615,6.6686
2005-07-25,6.6316,6.705,6.595,6.635
2005-07-22,6.5698,6.6541,6.5338,6.6156
2005-07-21,6.5891,6.6399,6.4996,6.5463
2005-07-20,6.685,6.7223,6.5656,6.5827
2005-07-19,6.6599,6.76,6.6143,6.665
2005-07-18,6.6451,6.7025,6.596,6.6363
2005-07-15,6.631,6.6804,6.5586,6.6176
2005-07-14,6.6634,6.7309,6.564,6.61
2005-07-13,6.5475,6.6928,6.504,6.6601
2005-07-12,6.6869,6.7225,6.5063,6.51
2005-07-11,6.8493,6.8888,6.6533,6.6875
2005-07-08,6.8521,6.9625,6.8275,6.84
2005-07-07,6.8573,6.8998,6.7628,6.8313
2005-07-06,6.8601,6.8954,6.7782,6.83
2005-07-05,6.8306,6.9188,6.8093,6.8415
2005-07-04,6.8291,6.8867,6.8,6.815
2005-07-01,6.6516,6.874,6.6365,6.835
2005-06-30,6.6644,6.7138,6.6193,6.655
2005-06-29,6.6455,6.7763,6.6325,6.6559
2005-06-28,6.6223,6.6785,6.6094,6.6275
2005-06-27,6.6759,6.7048,6.6034,6.615
2005-06-24,6.7626,6.795,6.6505,6.695
2005-06-23,6.7115,6.8039,6.7072,6.7503
2005-06-22,6.7075,6.7793,6.6654,6.7113
2005-06-21,6.7175,6.81,6.6828,6.71
2005-06-20,6.666,6.75,6.618,6.7001
2005-06-17,6.7088,6.758,6.6,6.6851
2005-06-16,6.7728,6.8233,6.6805,6.69
2005-06-15,6.8925,6.9338,6.7461,6.7538
2005-06-14,6.8349,6.9438,6.7882,6.873
2005-06-13,6.752,6.9075,6.7288,6.83
2005-06-10,6.771,6.8055,6.6901,6.71
2005-06-09,6.7723,6.8563,6.7166,6.7338
2005-06-08,6.64,6.799,6.5938,6.7551
2005-06-07,6.731,6.7431,6.5908,6.63
2005-06-06,6.8258,6.8511,6.6952,6.6923
2005-06-03,6.8113,6.9232,6.7515,6.8158
2005-06-02,6.8825,6.9538,6.777,6.795
2005-06-01,6.8248,6.9698,6.7579,6.89
2005-05-31,6.6583,6.8413,6.64,6.7876
2005-05-30,6.5851,6.6815,6.5512,6.6375
2005-05-27,6.6305,6.6738,6.544,6.55
2005-05-26,6.4998,6.6478,6.474,6.6076
2005-05-25,6.579,6.5913,6.4621,6.48
2005-05-24,6.5234,6.5979,6.4748,6.5518
2005-05-23,6.5422,6.5873,6.5013,6.5175
2005-05-20,6.411,6.5729,6.3558,6.5165
2005-05-19,6.4026,6.436,6.3167,6.3676
2005-05-18,6.4374,6.4645,6.3675,6.37
2005-05-17,6.363,6.464,6.3475,6.41
2005-05-16,6.3346,6.4095,6.2994,6.3613
2005-05-13,6.2775,6.3663,6.257,6.3
2005-05-12,6.22,6.3086,6.169,6.2596
2005-05-11,6.1629,6.237,6.1358,6.1563
2005-05-10,6.1146,6.2238,6.1038,6.13
2005-05-09,6.0289,6.16,5.974,6.1046
2005-05-06,5.9605,6.0803,5.9369,5.9988
2005-05-05,5.9853,6.0188,5.905,5.93
2005-05-04,6.095,6.1104,5.9696,5.9851
2005-05-03,6.0928,6.1562,6.0679,6.0788
2005-05-02,6.0883,6.1248,6.0569,6.0651
2005-04-29,6.1365,6.1507,6.0478,6.0563
2005-04-28,6.08,6.1574,6.0465,6.103
2005-04-27,6.0863,6.1376,6.0408,6.0481
2005-04-26,6.0665,6.1423,6.0507,6.0713
2005-04-25,6.0453,6.1019,6.0116,6.0613
2005-04-22,6.096,6.1236,6.0131,6.03
2005-04-21,6.0936,6.1269,6.0407,6.06
2005-04-20,6.181,6.2048,6.055,6.0568
2005-04-19,6.2578,6.285,6.1516,6.1525
2005-04-18,6.2672,6.3033,6.2344,6.2665
2005-04-15,6.2694,6.3454,6.2336,6.25
2005-04-14,6.127,6.3238,6.1046,6.2513
2005-04-13,6.1325,6.1737,6.0816,6.113
2005-04-12,6.1566,6.2016,6.1168,6.115
2005-04-11,6.155,6.18,6.0501,6.142
2005-04-08,6.13,6.2148,6.099,6.1326
2005-04-07,6.1295,6.1585,6.0745,6.115
2005-04-06,6.1913,6.2223,6.074,6.1075
2005-04-05,6.2351,6.2982,6.1703,6.1701
2005-04-04,6.2245,6.2848,6.1712,6.2066
2005-04-01,6.244,6.2593,6.1159,6.228
2005-03-31,6.2985,6.3191,6.1792,6.2405
2005-03-30,6.347,6.361,6.2496,6.2646
2005-03-29,6.3371,6.398,6.2916,6.3175
2005-03-28,6.2288,6.3901,6.1988,6.3151
2005-03-25,6.2206,6.2506,6.1988,6.195
2005-03-24,6.2275,6.2598,6.1503,6.2075
2005-03-23,6.212,6.2779,6.121,6.1993
2005-03-22,6.1233,6.2263,6.034,6.165
2005-03-21,6.0524,6.1736,6.0266,6.095
2005-03-18,6.0688,6.1516,5.9989,6.0343
2005-03-17,6.0657,6.1999,6.0186,6.0168
2005-03-16,6.1115,6.1505,6.0268,6.0463
2005-03-15,5.9744,6.1346,5.9525,6.1075
2005-03-14,5.8355,6.0069,5.8115,5.9476
2005-03-11,5.8399,5.8848,5.7753,5.8263
2005-03-10,5.7733,5.9068,5.7316,5.8225
2005-03-09,5.7925,5.826,5.7228,5.7375
2005-03-08,5.8634,5.8843,5.7533,5.7775
2005-03-07,5.8636,5.9181,5.8295,5.8263
2005-03-04,5.955,6.0068,5.8138,5.8113
2005-03-03,5.9205,5.9868,5.8901,5.9376
2005-03-02,5.8529,5.9481,5.8303,5.8855
2005-03-01,5.8283,5.8797,5.7966,5.8221
2005-02-28,5.8211,5.8419,5.7613,5.7863
2005-02-25,5.8226,5.8828,5.7808,5.7726
2005-02-24,5.7951,5.8553,5.7688,5.8
2005-02-23,5.7851,5.8463,5.7547,5.775
2005-02-22,5.9459,5.9516,5.7394,5.76
2005-02-21,5.9299,5.9756,5.9011,5.9075
2005-02-18,5.9267,5.9918,5.9016,5.8921
2005-02-17,5.9628,6.0041,5.9206,5.9151
2005-02-16,5.9678,6.0313,5.9353,5.958
2005-02-15,6.0337,6.1038,5.9383,5.9495
2005-02-14,6.1018,6.1098,6.0015,6.001
2005-02-11,6.1308,6.159,6.0617,6.0875
2005-02-10,6.2324,6.271,6.1075,6.101
2005-02-09,6.2725,6.2863,6.205,6.2225
2005-02-08,6.2288,6.2937,6.2006,6.2665
2005-02-07,6.1849,6.2413,6.144,6.2225
2005-02-04,6.1283,6.1963,6.0882,6.15
2005-02-03,6.034,6.1913,5.9712,6.1075
2005-02-02,6.0451,6.0638,5.9712,6.005
2005-02-01,5.9911,6.0813,5.9625,5.9976
2005-01-31,5.963,6.0223,5.9216,5.9875
2005-01-28,5.9345,5.9811,5.9143,5.94
2005-01-27,5.9391,5.973,5.8862,5.915
2005-01-26,5.9663,5.9979,5.9213,5.92
2005-01-25,5.941,5.9991,5.9044,5.9476
2005-01-24,5.9669,5.9932,5.9045,5.9226
2005-01-21,6.0725,6.0981,5.9419,5.95
2005-01-20,6.0526,6.145,6.0213,6.0401
2005-01-19,6.0875,6.1044,5.9702,6.0326
2005-01-18,6.0181,6.1234,5.9712,6.0725
2005-01-17,6.0488,6.0881,5.9712,6.0151
2005-01-14,6.0461,6.1623,5.9615,6.032
2005-01-13,5.9563,6.0603,5.922,6.02
2005-01-12,5.9586,6.0924,5.9115,5.93
2005-01-11,6.0099,6.021,5.9215,5.945
2005-01-10,6.0985,6.1038,5.9555,5.989
2005-01-07,6.09,6.142,5.9712,6.085
2005-01-06,5.9138,6.1563,5.9025,6.1026
2005-01-05,5.8373,6.006,5.8,5.915
2005-01-04,5.6515,5.8953,5.626,5.83
2005-01-03,5.6601,5.7095,5.6085,5.643
2004-12-31,5.6514,5.6825,5.6043,5.6401
2004-12-30,5.6862,5.7068,5.62,5.6325
2004-12-29,5.6283,5.7519,5.585,5.6375
2004-12-28,5.6126,5.6568,5.6,5.5955
2004-12-27,5.6388,5.6794,5.6007,5.5888
2004-12-24,5.6527,5.6939,5.6089,5.6426
2004-12-23,5.6256,5.6678,5.59,5.61
2004-12-22,5.6731,5.7138,5.61,5.608
2004-12-21,5.7212,5.7369,5.6453,5.6388
2004-12-20,5.7907,5.7963,5.6856,5.6875
2004-12-17,5.8012,5.8228,5.7331,5.7525
2004-12-16,5.7315,5.8451,5.6911,5.755
2004-12-15,5.7321,5.7804,5.696,5.7076
2004-12-14,5.7393,5.7608,5.6775,5.7
2004-12-13,5.8221,5.8346,5.6808,5.7116
2004-12-10,5.8088,5.9429,5.7657,5.7825
2004-12-09,5.8287,5.9056,5.7759,5.78
2004-12-08,5.7717,5.9062,5.7551,5.82
2004-12-07,5.7551,5.8012,5.7018,5.7675
2004-12-06,5.7025,5.7798,5.6741,5.736
2004-12-03,5.8469,5.905,5.684,5.6801
2004-12-02,5.7738,5.9024,5.6973,5.815
2004-12-01,5.8104,5.8397,5.7563,5.755
2004-11-30,5.791,5.8358,5.7517,5.785
2004-11-29,5.83,5.8806,5.7455,5.77
2004-11-26,5.9025,5.9344,5.8032,5.8
2004-11-25,5.9388,5.9656,5.8679,5.8925
2004-11-24,5.9875,6.01,5.914,5.915
2004-11-23,6.0069,6.0435,5.9595,5.9555
2004-11-22,6.0093,6.0546,5.964,5.98
2004-11-19,6.0369,6.0763,5.9552,5.9775
2004-11-18,5.97,6.0619,5.9332,6.01
2004-11-17,6.0578,6.0678,5.9521,5.9426
2004-11-16,6.0683,6.1025,6.0232,6.0475
2004-11-15,6.121,6.14,5.9985,6.02
2004-11-12,6.1967,6.204,6.0916,6.091
2004-11-11,6.2088,6.2469,6.1796,6.1681
2004-11-10,6.1963,6.2441,6.1425,6.18
2004-11-09,6.1928,6.2601,6.1456,6.175
2004-11-08,6.09,6.2075,6.0875,6.1775
2004-11-05,6.0943,6.2113,6.0813,6.076
2004-11-04,6.0763,6.1275,6.0634,6.0671
2004-11-03,6.1191,6.1938,6.0519,6.0725
2004-11-02,6.1113,6.2057,6.0912,6.1
2004-11-01,6.103,6.1551,6.0805,6.08
2004-10-29,6.0825,6.1757,6.0594,6.0911
2004-10-28,6.1663,6.255,6.0538,6.065
2004-10-27,6.2438,6.2688,6.1307,6.1575
2004-10-26,6.205,6.2882,6.1862,6.225
2004-10-25,6.1313,6.2438,6.0863,6.1901
2004-10-22,6.2438,6.2496,6.1351,6.1101
2004-10-21,6.3033,6.3294,6.2128,6.225
2004-10-20,6.2958,6.3317,6.2446,6.29
2004-10-19,6.3637,6.4001,6.2763,6.2708
2004-10-18,6.425,6.438,6.3294,6.335
2004-10-15,6.4945,6.5093,6.4144,6.4036
2004-10-14,6.555,6.6126,6.485,6.495
2004-10-13,6.5725,6.6682,6.5412,6.537
2004-10-12,6.52,6.575,6.49,6.5616
2004-10-11,6.5413,6.5723,6.51,6.529
2004-10-08,6.605,6.6443,6.5219,6.526
2004-10-07,6.527,6.6214,6.505,6.585
2004-10-06,6.515,6.5541,6.47,6.504
2004-10-05,6.4551,6.5759,6.4399,6.4746
2004-10-04,6.46,6.5018,6.435,6.4348
2004-10-01,6.46,6.5125,6.44,6.4501
2004-09-30,6.425,6.4938,6.4057,6.4266
2004-09-29,6.4101,6.4738,6.375,6.4151
2004-09-28,6.4101,6.4377,6.365,6.3876
2004-09-27,6.4151,6.4419,6.38,6.38
2004-09-24,6.43,6.4801,6.3683,6.4001
2004-09-23,6.485,6.515,6.3876,6.3938
2004-09-22,6.4455,6.5534,6.3706,6.4726
2004-09-21,6.465,6.5134,6.4132,6.43
2004-09-20,6.5451,6.565,6.455,6.4738
2004-09-17,6.557,6.5904,6.5196,6.5326
2004-09-16,6.57,6.6151,6.53,6.545
2004-09-15,6.47,6.6091,6.465,6.5511
2004-09-14,6.525,6.5588,6.4701,6.4713
2004-09-13,6.545,6.605,6.515,6.5288
2004-09-10,6.6435,6.7089,6.5256,6.53
2004-09-09,6.6233,6.7194,6.6032,6.6376
2004-09-08,6.6155,6.7237,6.6133,6.6235
2004-09-07,6.6251,6.6631,6.5967,6.6023
2004-09-06,6.615,6.6578,6.5933,6.6076
2004-09-03,6.565,6.665,6.5441,6.64
2004-09-02,6.615,6.6449,6.5093,6.54
2004-09-01,6.6475,6.6763,6.5762,6.5926
2004-08-31,6.705,6.7294,6.6113,6.62
2004-08-30,6.7175,6.7766,6.6812,6.6801
2004-08-27,6.61,6.7778,6.5639,6.68
2004-08-26,6.665,6.7131,6.5675,6.59
2004-08-25,6.725,6.7457,6.6499,6.65
2004-08-24,6.6625,6.757,6.655,6.7
2004-08-23,6.5851,6.7124,6.5519,6.65
2004-08-20,6.569,6.6494,6.5431,6.55
2004-08-19,6.519,6.6502,6.4533,6.603
2004-08-18,6.47,6.5611,6.4515,6.5
2004-08-17,6.6045,6.655,6.4478,6.5
2004-08-16,6.475,6.6565,6.455,6.583
2004-08-13,6.4355,6.579,6.415,6.4523
2004-08-12,6.2025,6.4804,6.1675,6.42
2004-08-11,6.1775,6.2555,6.1555,6.1901
2004-08-10,6.0988,6.2012,6.0649,6.185
2004-08-09,6.1326,6.1606,6.0691,6.0656
2004-08-06,6.2476,6.2744,6.1063,6.0838
2004-08-05,6.2475,6.29,6.206,6.24
2004-08-04,6.265,6.3299,6.23,6.2201
2004-08-03,6.3175,6.36,6.2345,6.255
2004-08-02,6.27,6.345,6.1912,6.3
2004-07-30,6.2569,6.2905,6.1687,6.24
2004-07-29,6.271,6.3108,6.22,6.241
2004-07-28,6.315,6.3489,6.2382,6.2455
2004-07-27,6.225,6.3531,6.202,6.304
2004-07-26,6.2125,6.2706,6.1475,6.21
2004-07-23,6.055,6.2517,6.035,6.18
2004-07-22,6.055,6.1005,6.02,6.0276
2004-07-21,5.965,6.1212,5.9205,6.06
2004-07-20,5.925,5.9898,5.9011,5.94
2004-07-19,5.965,5.9692,5.8681,5.8776
2004-07-16,6.1,6.1056,5.9051,5.9311
2004-07-15,6.0675,6.1301,6.0425,6.0776
2004-07-14,6.11,6.1518,6.0007,6.0378
2004-07-13,6.05,6.1365,6.0425,6.09
2004-07-12,6.0965,6.1225,6.0144,6.0201
2004-07-09,6.0385,6.1394,6.0125,6.078
2004-07-08,6.1151,6.1265,5.9955,6.048
2004-07-07,6.215,6.2365,6.053,6.1
2004-07-06,6.175,6.2782,6.1516,6.2176
2004-07-05,6.11,6.2006,6.0947,6.155
2004-07-02,6.18,6.26,6.0738,6.12
2004-07-01,6.1463,6.3,6.118,6.18
2004-06-30,6.255,6.3225,6.1232,6.1475
2004-06-29,6.1783,6.2788,6.165,6.245
2004-06-28,6.3228,6.3458,6.1305,6.14
2004-06-25,6.2828,6.3675,6.2669,6.28
2004-06-24,6.2413,6.3806,6.2363,6.29
2004-06-23,6.3095,6.32,6.2119,6.22
2004-06-22,6.305,6.35,6.2634,6.2845
2004-06-21,6.3572,6.425,6.2725,6.3
2004-06-18,6.5175,6.5473,6.3378,6.3938
2004-06-17,6.502,6.5426,6.4694,6.49
2004-06-16,6.475,6.5525,6.4488,6.5075
2004-06-15,6.615,6.64,6.4406,6.4705
2004-06-14,6.53,6.6445,6.5038,6.6147
2004-06-11,6.45,6.5819,6.45,6.4876
2004-06-10,6.65,6.7007,6.3951,6.4226
2004-06-09,6.5738,6.6675,6.57,6.65
2004-06-08,6.4655,6.6119,6.43,6.5581
2004-06-07,6.4351,6.5244,6.4125,6.44
2004-06-04,6.4687,6.5063,6.405,6.43
2004-06-03,6.55,6.565,6.4281,6.4411
2004-06-02,6.4251,6.5775,6.3301,6.52
2004-06-01,6.5191,6.5263,6.3794,6.4
2004-05-31,6.4963,6.5464,6.4606,6.47
2004-05-28,6.5466,6.5713,6.4712,6.4861
2004-05-27,6.5729,6.5848,6.5373,6.5445
2004-05-26,6.615,6.6451,6.5563,6.5651
2004-05-25,6.6683,6.6979,6.5791,6.58
2004-05-24,6.7551,6.7751,6.6485,6.6543
2004-05-21,6.775,6.7976,6.6964,6.7088
2004-05-20,6.76,6.8361,6.7238,6.74
2004-05-19,6.7875,6.8069,6.6921,6.7351
2004-05-18,6.8263,6.8713,6.7381,6.7875
2004-05-17,6.7375,6.8352,6.6656,6.77
2004-05-14,6.955,6.9756,6.7013,6.73
2004-05-13,6.885,6.9863,6.855,6.9351
2004-05-12,6.8313,6.9157,6.7625,6.86
2004-05-11,7.005,7.0438,6.815,6.81
2004-05-10,7.0475,7.1651,6.9301,7
2004-05-07,6.915,7.0691,6.8125,7.025
2004-05-06,6.7975,6.9454,6.7569,6.91
2004-05-05,6.8975,6.915,6.7313,6.76
2004-05-04,6.9875,7.0282,6.84,6.8926
2004-05-03,6.965,7.0326,6.875,6.96
2004-04-30,6.885,7.0134,6.8188,6.9671
2004-04-29,6.925,7.0195,6.8219,6.8613
2004-04-28,6.6525,6.9748,6.645,6.9126
2004-04-27,6.705,6.7501,6.6306,6.64
2004-04-26,6.745,6.7976,6.6525,6.69
2004-04-23,6.775,6.83,6.695,6.7501
2004-04-22,6.785,6.8895,6.7426,6.8126
2004-04-21,6.5425,6.8327,6.5325,6.7601
2004-04-20,6.5251,6.5801,6.4781,6.5101
2004-04-19,6.425,6.5651,6.4025,6.515
2004-04-16,6.465,6.57,6.4076,6.4076
2004-04-15,6.615,6.6876,6.3682,6.455
2004-04-14,6.5551,6.6519,6.4901,6.5878
2004-04-13,6.305,6.6157,6.27,6.5326
2004-04-12,6.285,6.335,6.28,6.3026
2004-04-09,6.2458,6.3451,6.2104,6.23
2004-04-08,6.3251,6.3651,6.2458,6.2451
2004-04-07,6.3301,6.36,6.2719,6.29
2004-04-06,6.415,6.48,6.31,6.3038
2004-04-05,6.4001,6.4503,6.3825,6.3851
2004-04-02,6.31,6.4688,6.275,6.3626
2004-04-01,6.28,6.3763,6.27,6.28
2004-03-31,6.325,6.3863,6.2594,6.2675
2004-03-30,6.36,6.4,6.2044,6.3063
2004-03-29,6.56,6.56,6.3526,6.33
2004-03-26,6.5776,6.6275,6.53,6.54
2004-03-25,6.5901,6.645,6.5266,6.5651
2004-03-24,6.5287,6.6175,6.485,6.5751
2004-03-23,6.4875,6.5794,6.46,6.4911
2004-03-22,6.655,6.6601,6.4463,6.48
2004-03-19,6.6651,6.6953,6.586,6.62
2004-03-18,6.6938,6.7151,6.6275,6.64
2004-03-17,6.7332,6.7913,6.665,6.66
2004-03-16,6.7051,6.7682,6.6426,6.71
2004-03-15,6.7525,6.765,6.6543,6.68
2004-03-12,6.6449,6.7882,6.625,6.7451
2004-03-11,6.6544,6.7781,6.615,6.6088
2004-03-10,6.5581,6.7113,6.5538,6.6226
2004-03-09,6.54,6.6441,6.5088,6.5201
2004-03-08,6.6051,6.6603,6.5213,6.5201
2004-03-05,6.8051,6.8601,6.5512,6.5763
2004-03-04,6.8154,6.8973,6.7476,6.7876
2004-03-03,6.8444,6.9569,6.8113,6.84
2004-03-02,6.6263,6.8513,6.6,6.8026
2004-03-01,6.625,6.6575,6.5758,6.6026
2004-02-27,6.6501,6.6838,6.5801,6.5963
2004-02-26,6.6401,6.7207,6.595,6.6288
2004-02-25,6.5799,6.6613,6.524,6.6276
2004-02-24,6.645,6.7025,6.5401,6.5651
2004-02-23,6.7301,6.81,6.5638,6.61
2004-02-20,6.635,6.7913,6.62,6.69
2004-02-19,6.6326,6.7026,6.5875,6.62
2004-02-18,6.5246,6.6626,6.495,6.6151
2004-02-17,6.6563,6.6851,6.5019,6.4878
2004-02-16,6.62,6.6769,6.58,6.6251
2004-02-13,6.6288,6.6475,6.515,6.5863
2004-02-12,6.7513,6.79,6.5938,6.5901
2004-02-11,6.8598,6.9344,6.7076,6.72
2004-02-10,6.8938,6.9426,6.8175,6.82
2004-02-09,7.01,7.0126,6.8893,6.8763
2004-02-06,6.9751,7.1107,6.9226,6.9751
2004-02-05,6.8516,7.0101,6.8138,6.9651
2004-02-04,6.9257,6.9588,6.7976,6.8218
2004-02-03,6.9902,6.995,6.87,6.8951
2004-02-02,7.095,7.125,6.9832,6.9626
2004-01-30,7.0263,7.15,6.9675,7.07
2004-01-29,7.0094,7.1051,6.9476,7.0026
2004-01-28,7.0451,7.0975,6.951,6.9626
2004-01-27,7.115,7.1994,7.0301,7.035
2004-01-26,7.225,7.2975,7.0729,7.07
2004-01-23,7.0832,7.236,7.0675,7.19
2004-01-22,7.1151,7.2594,7.05,7.0526
2004-01-21,7.0538,7.2048,7.0175,7.0863
2004-01-20,7.2759,7.3375,7.0441,7.03
2004-01-19,7.255,7.3301,7.1675,7.26
2004-01-16,7.3758,7.5751,7.166,7.1801
2004-01-15,7.1226,7.3875,7.075,7.3501
2004-01-14,6.8803,7.2388,6.845,7.1276
2004-01-13,6.9538,7.0378,6.8126,6.8676
2004-01-12,6.68,6.9775,6.6063,6.94
2004-01-09,6.58,6.8395,6.545,6.667
2004-01-08,6.5685,6.7581,6.5125,6.57
2004-01-07,6.45,6.6215,6.3925,6.545
2004-01-06,6.3001,6.5438,6.215,6.418
2004-01-05,6.5,6.515,6.28,6.2661
2004-01-02,6.675,6.735,6.4991,6.53
2003-12-31,6.6125,6.7068,6.5494,6.675
2003-12-30,6.7226,6.735,6.525,6.6275
2003-12-29,6.675,6.777,6.66,6.7013
2003-12-26,6.7051,6.7588,6.655,6.6618
2003-12-25,6.685,6.7,6.6636,6.66
2003-12-24,6.9,6.9331,6.6514,6.66
2003-12-23,6.9175,6.9451,6.8426,6.89
2003-12-22,6.9403,7.0113,6.7801,6.8851
2003-12-19,6.6439,6.9713,6.575,6.94
2003-12-18,6.5257,6.7551,6.5,6.6178
2003-12-17,6.385,6.5535,6.36,6.515
2003-12-16,6.3176,6.4125,6.2726,6.37
2003-12-15,6.385,6.4203,6.2891,6.3051
2003-12-12,6.3726,6.447,6.3401,6.35
2003-12-11,6.5001,6.5131,6.2801,6.36
2003-12-10,6.4001,6.5425,6.39,6.4601
2003-12-09,6.43,6.4563,6.3701,6.3976
2003-12-08,6.255,6.4882,6.245,6.4167
2003-12-05,6.3701,6.4087,6.2488,6.2626
2003-12-04,6.2078,6.3776,6.1576,6.3426
2003-12-03,6.3169,6.3485,6.09,6.1688
2003-12-02,6.4001,6.4163,6.295,6.2813
2003-12-01,6.395,6.4226,6.3325,6.3423
2003-11-28,6.43,6.444,6.345,6.3676
2003-11-27,6.42,6.4675,6.385,6.4131
2003-11-26,6.5513,6.5513,6.3888,6.3951
2003-11-25,6.5776,6.6163,6.5294,6.5276
2003-11-24,6.53,6.6163,6.5025,6.55
2003-11-21,6.5501,6.5875,6.4884,6.5096
2003-11-20,6.6263,6.6363,6.534,6.5188
2003-11-19,6.5506,6.6515,6.515,6.6013
2003-11-18,6.705,6.7576,6.525,6.5276
2003-11-17,6.69,6.7588,6.6321,6.7
2003-11-14,6.7501,6.7863,6.6675,6.67
2003-11-13,6.8741,6.8976,6.685,6.7301
2003-11-12,6.92,6.9663,6.845,6.8513
2003-11-11,6.9501,6.9771,6.8862,6.8858
2003-11-10,6.9551,7,6.9206,6.9288
2003-11-07,6.9976,7.0825,6.9119,6.9451
2003-11-06,6.9413,7.0332,6.915,6.9801
2003-11-05,6.9313,6.9729,6.8695,6.9013
2003-11-04,6.9325,6.975,6.8838,6.8876
2003-11-03,6.905,6.9567,6.8138,6.9193
2003-10-31,6.9276,6.945,6.8563,6.8636
2003-10-30,6.904,6.955,6.8503,6.9
2003-10-29,6.9495,6.9863,6.8576,6.8563
2003-10-28,6.8794,6.9735,6.8676,6.9326
2003-10-27,6.92,6.97,6.8538,6.875
2003-10-24,6.9753,7.0013,6.8688,6.89
2003-10-23,6.975,7.0251,6.9325,6.9463
2003-10-22,7.13,7.1675,6.925,6.9626
2003-10-21,7.205,7.2075,7.0832,7.1113
2003-10-20,7.1875,7.2468,7.1501,7.18
2003-10-17,7.02,7.3019,7,7.1671
2003-10-16,7.0187,7.0494,6.9625,6.99
2003-10-15,6.9375,7.04,6.915,6.9976
2003-10-14,7.02,7.0976,6.9138,6.944
2003-10-13,6.965,7.0668,6.9538,6.9976
2003-10-10,6.935,6.9913,6.8713,6.9426
2003-10-09,6.865,6.9826,6.8175,6.9188
2003-10-08,6.8972,6.9251,6.825,6.8451
2003-10-07,6.92,6.94,6.7794,6.8775
2003-10-06,6.9525,7.0376,6.8838,6.8941
2003-10-03,6.88,6.9839,6.8141,6.9391
2003-10-02,6.915,6.9275,6.8088,6.8426
2003-10-01,6.95,7.0146,6.8881,6.91
2003-09-30,7.115,7.1301,6.8657,6.9309
2003-09-29,7.195,7.2265,7.1002,7.0888
2003-09-26,7.095,7.2282,7.08,7.13
2003-09-25,7.1,7.1475,7.0588,7.0691
2003-09-24,7.1906,7.205,7.0813,7.0821
2003-09-23,7.245,7.245,7.1091,7.1596
2003-09-22,7.32,7.335,7.17,7.2061
2003-09-19,7.3525,7.4145,7.305,7.32
2003-09-18,7.395,7.436,7.2888,7.3301
2003-09-17,7.5175,7.55,7.3719,7.3643
2003-09-16,7.425,7.5463,7.42,7.5078
2003-09-15,7.37,7.445,7.345,7.4
2003-09-12,7.4025,7.43,7.3282,7.3463
2003-09-11,7.38,7.4405,7.3163,7.39
2003-09-10,7.5051,7.5169,7.3488,7.36
2003-09-09,7.555,7.59,7.4357,7.4598
2003-09-08,7.465,7.6651,7.4475,7.5626
2003-09-05,7.3,7.4906,7.275,7.4551
2003-09-04,7.2475,7.3451,7.2127,7.27
2003-09-03,7.32,7.3488,7.2375,7.2326
2003-09-02,7.355,7.4101,7.265,7.31
2003-09-01,7.36,7.382,7.31,7.3346
2003-08-29,7.3551,7.3913,7.2926,7.33
2003-08-28,7.35,7.3913,7.2769,7.3675
2003-08-27,7.3376,7.395,7.28,7.3196
2003-08-26,7.485,7.5085,7.2901,7.32
2003-08-25,7.465,7.5051,7.4414,7.4646
2003-08-22,7.525,7.5675,7.4376,7.4491
2003-08-21,7.3725,7.5369,7.3438,7.515
2003-08-20,7.3375,7.4218,7.305,7.3286
2003-08-19,7.26,7.3788,7.255,7.3176
2003-08-18,7.36,7.3675,7.2413,7.2278
2003-08-15,7.3351,7.41,7.31,7.3176
2003-08-14,7.4263,7.4425,7.3101,7.31
2003-08-13,7.4,7.4788,7.3651,7.4199
2003-08-12,7.365,7.435,7.3269,7.3851
2003-08-11,7.375,7.4504,7.3313,7.36
2003-08-08,7.2675,7.4457,7.1825,7.32
2003-08-07,7.35,7.3863,7.2275,7.2351
2003-08-06,7.3763,7.3925,7.315,7.34
2003-08-05,7.4621,7.5175,7.38,7.3851
2003-08-04,7.4671,7.5021,7.425,7.42
2003-08-01,7.3658,7.5178,7.34,7.45
2003-07-31,7.3575,7.5188,7.3181,7.3466
2003-07-30,7.355,7.4401,7.3438,7.33
2003-07-29,7.345,7.3881,7.2113,7.3176
2003-07-28,7.425,7.4501,7.285,7.327
2003-07-25,7.515,7.5775,7.395,7.3951
2003-07-24,7.495,7.58,7.4582,7.49
2003-07-23,7.575,7.6163,7.4816,7.48
2003-07-22,7.6165,7.635,7.5475,7.5476
2003-07-21,7.669,7.7063,7.5601,7.58
2003-07-18,7.7325,7.746,7.6138,7.6276
2003-07-17,7.745,7.76,7.645,7.71
2003-07-16,7.7063,7.8369,7.68,7.7276
2003-07-15,7.615,7.7415,7.594,7.65
2003-07-14,7.5575,7.6475,7.4805,7.59
2003-07-11,7.57,7.6625,7.53,7.53
2003-07-10,7.5963,7.6275,7.428,7.56
2003-07-09,7.625,7.745,7.5263,7.5576
2003-07-08,7.5125,7.7463,7.47,7.6001
2003-07-07,7.505,7.54,7.45,7.4888
2003-07-04,7.505,7.5615,7.46,7.495
2003-07-03,7.42,7.5663,7.41,7.48
2003-07-02,7.435,7.4739,7.31,7.419
2003-07-01,7.4906,7.5313,7.395,7.43
2003-06-30,7.5,7.5794,7.3638,7.47
2003-06-27,7.605,7.6181,7.4194,7.4676
2003-06-26,7.695,7.7457,7.5201,7.6
2003-06-25,7.775,7.815,7.6301,7.6751
2003-06-24,7.9481,7.9863,7.735,7.7601
2003-06-23,7.8875,7.98,7.865,7.92
2003-06-20,7.93,7.98,7.8346,7.86
2003-06-19,7.945,8.0513,7.88,7.89
2003-06-18,7.8225,7.9775,7.8075,7.8938
2003-06-17,7.82,7.945,7.775,7.8101
2003-06-16,7.8,7.8601,7.73,7.78
2003-06-13,7.8,7.8801,7.77,7.82
2003-06-12,7.94,8.0754,7.7526,7.8025
2003-06-11,7.925,7.975,7.8851,7.95
2003-06-10,7.935,8.0626,7.9013,7.9026
2003-06-09,8.125,8.125,7.8532,7.94
2003-06-06,7.93,8.1176,7.89,8.087
2003-06-05,8.195,8.2813,7.8826,7.9001
2003-06-04,8.0045,8.2526,8.0035,8.1738
2003-06-03,8.025,8.1032,7.9903,8.0226
2003-06-02,8.1375,8.1838,7.9913,8.0061
2003-05-30,7.975,8.2088,7.885,8.1
2003-05-29,8.195,8.2863,7.9326,8.0351
2003-05-28,8.11,8.3519,8.1,8.1801
2003-05-27,7.9,8.1513,7.88,8.1
2003-05-26,7.865,7.9326,7.835,7.86
2003-05-23,7.815,7.93,7.7698,7.86
2003-05-22,7.84,7.9676,7.7646,7.8
2003-05-21,7.78,7.8405,7.6719,7.765
2003-05-20,7.955,8.085,7.7188,7.7401
2003-05-19,7.6663,7.9963,7.6,7.9201
2003-05-16,8.01,8.0626,7.6351,7.7051
2003-05-15,7.66,8.1576,7.645,8.01
2003-05-14,7.37,7.6701,7.365,7.6286
2003-05-13,7.3238,7.4132,7.275,7.38
2003-05-12,7.265,7.4527,7.195,7.32
2003-05-09,7.2,7.3039,7.195,7.252
2003-05-08,7.225,7.378,7.19,7.19
2003-05-07,7.275,7.3918,7.1925,7.1955
2003-05-06,7.1925,7.4319,7.1725,7.2451
2003-05-05,7.48,7.565,7.1763,7.22
2003-05-02,7.275,7.5528,7.2473,7.49
2003-05-01,7.2825,7.3676,7.2261,7.2451
2003-04-30,7.1025,7.3657,7.0351,7.26
2003-04-29,7.21,7.319,7.0775,7.1
2003-04-28,7.225,7.255,7.0576,7.1713
2003-04-25,7.27,7.3533,7.1914,7.189
2003-04-24,7.385,7.4318,7.248,7.237
2003-04-23,7.5625,7.6355,7.3701,7.3726
2003-04-22,7.635,7.66,7.5131,7.5363
2003-04-21,7.615,7.655,7.61,7.65
2003-04-18,7.6338,7.6475,7.5876,7.5913
2003-04-17,7.6613,7.6825,7.5588,7.6038
2003-04-16,7.6755,7.7232,7.6175,7.6451
2003-04-15,7.815,7.859,7.6488,7.6776
2003-04-14,7.78,7.8566,7.765,7.8001
2003-04-11,7.78,7.8476,7.7104,7.7801
2003-04-10,7.8769,7.8957,7.7519,7.7703
2003-04-09,8.0438,8.0663,7.8675,7.9003
2003-04-08,7.9688,8.0689,7.925,8.0275
2003-04-07,8.0016,8.11,7.9325,7.96
2003-04-04,7.9088,7.9913,7.85,7.9207
2003-04-03,7.9663,7.9838,7.8563,7.8713
2003-04-02,7.88,7.9948,7.83,7.945
2003-04-01,7.8842,7.9351,7.847,7.8551
2003-03-31,7.9988,7.9988,7.8513,7.8783
2003-03-28,7.9601,8.0226,7.9338,7.9576
2003-03-27,7.8901,8.0076,7.875,7.9338
2003-03-26,8.025,8.0727,7.875,7.89
2003-03-25,8.1337,8.1412,7.9888,7.9951
2003-03-24,8.215,8.2501,8.1099,8.1038
2003-03-21,8.125,8.258,8.1,8.218
2003-03-20,8.1795,8.2051,8.095,8.102
2003-03-19,8.189,8.2342,8.0775,8.158
2003-03-18,8.2335,8.2738,8.1535,8.156
2003-03-17,8.1466,8.2875,8.065,8.2475
2003-03-14,8.1588,8.2831,8.1369,8.1825
2003-03-13,8.0419,8.1926,8.0319,8.1376
2003-03-12,7.8963,8.0657,7.89,8.0101
2003-03-11,7.8971,7.9628,7.8569,7.8813
2003-03-10,7.945,7.975,7.8602,7.8601
2003-03-07,7.9888,8.04,7.9126,7.9163
2003-03-06,7.981,8.0838,7.94,7.9651
2003-03-05,7.9862,8.0051,7.8513,7.9414
2003-03-04,7.9413,8.0413,7.895,7.9601
2003-03-03,8.095,8.1388,7.885,7.9076
2003-02-28,7.9876,8.2019,7.95,8.0626
2003-02-27,8.18,8.18,7.96,7.9676
2003-02-26,8.0925,8.1851,7.9393,8.17
2003-02-25,8.0944,8.1363,8.05,8.0526
2003-02-24,8.055,8.1588,8.025,8.0721
2003-02-21,8.0975,8.1275,8.025,8.0326
2003-02-20,8.2443,8.2825,8.065,8.0701
2003-02-19,8.395,8.4192,8.2363,8.2313
2003-02-18,8.3825,8.4475,8.3207,8.3801
2003-02-17,8.32,8.4186,8.315,8.37
2003-02-14,8.2875,8.3669,8.2731,8.3001
2003-02-13,8.399,8.44,8.2883,8.3003
2003-02-12,8.355,8.43,8.3175,8.355
2003-02-11,8.5263,8.6,8.345,8.3551
2003-02-10,8.39,8.5557,8.37,8.4976
2003-02-07,8.3726,8.47,8.3526,8.3626
2003-02-06,8.4,8.4843,8.2869,8.3463
2003-02-05,8.3238,8.4351,8.2613,8.3651
2003-02-04,8.5306,8.5525,8.2844,8.2913
2003-02-03,8.485,8.5819,8.485,8.4971
2003-01-31,8.57,8.6214,8.4605,8.482
2003-01-30,8.5578,8.675,8.5285,8.54
2003-01-29,8.7591,8.78,8.525,8.532
2003-01-28,8.726,8.7894,8.7125,8.743
2003-01-27,8.7575,8.8075,8.665,8.702
2003-01-24,8.7375,8.806,8.66,8.716
2003-01-23,8.9425,8.9705,8.69,8.722
2003-01-22,9.0425,9.0908,8.9375,8.932
2003-01-21,8.83,9.06,8.825,9.02
2003-01-20,8.845,8.898,8.7945,8.84
2003-01-17,8.828,8.8872,8.7825,8.802
2003-01-16,8.755,8.8815,8.729,8.775
2003-01-15,8.8134,8.9876,8.7147,8.732
2003-01-14,8.6505,8.8751,8.5794,8.7976
2003-01-13,8.4975,8.68,8.45,8.6238
2003-01-10,8.56,8.5715,8.4599,8.467
2003-01-09,8.5435,8.6045,8.48,8.56
2003-01-08,8.656,8.6974,8.5235,8.527
2003-01-07,8.5343,8.6735,8.4431,8.635
2003-01-06,8.4225,8.544,8.3549,8.5141
2003-01-03,8.494,8.575,8.3994,8.4
2003-01-02,8.5675,8.5899,8.4581,8.468
2003-01-01,8.5798,8.5798,8.569,8.547
