Date,Open,High,Low,Close
2022-03-02,2.9116,2.9365,2.897,2.905
2022-03-01,2.8947,2.9299,2.882,2.9236
2022-02-28,2.904,2.9169,2.8733,2.9069
2022-02-25,2.9092,2.9142,2.8739,2.904
2022-02-24,2.8785,2.9248,2.8571,2.8992
2022-02-23,2.8785,2.8913,2.86,2.8874
2022-02-22,2.8777,2.8967,2.8609,2.8757
2022-02-21,2.8647,2.8917,2.8599,2.8786
2022-02-18,2.8695,2.8921,2.8581,2.8863
2022-02-17,2.872,2.886,2.8545,2.8695
2022-02-16,2.8792,2.8848,2.8542,2.872
2022-02-15,2.88,2.8965,2.8623,2.8792
2022-02-14,2.8542,2.8957,2.8542,2.88
2022-02-11,2.858,2.887,2.8542,2.8832
2022-02-10,2.8584,2.882,2.8282,2.8697
2022-02-09,2.8768,2.882,2.8353,2.8699
2022-02-08,2.8532,2.8804,2.8467,2.8598
2022-02-07,2.8595,2.88,2.8437,2.8536
2022-02-04,2.8521,2.882,2.8396,2.8626
2022-02-03,2.8706,2.9084,2.8451,2.8523
2022-02-02,2.8766,2.9023,2.8651,2.8709
2022-02-01,2.8953,2.9109,2.8752,2.8764
2022-01-31,2.9028,2.924,2.8703,2.8833
2022-01-28,2.9333,2.9373,2.8734,2.9099
2022-01-27,2.8823,2.936,2.865,2.9334
2022-01-26,2.88,2.9105,2.8717,2.8909
2022-01-25,2.9006,2.9118,2.865,2.8891
2022-01-24,2.8836,2.9076,2.87,2.901
2022-01-21,2.8705,2.9036,2.86,2.8726
2022-01-20,2.8727,2.904,2.86,2.8705
2022-01-19,2.8698,2.8989,2.86,2.8976
2022-01-18,2.8746,2.8927,2.8534,2.8706
2022-01-17,2.8705,2.882,2.86,2.8755
2022-01-14,2.8577,2.888,2.84,2.8845
2022-01-13,2.8725,2.882,2.8429,2.8471
2022-01-12,2.8947,2.897,2.8478,2.8808
2022-01-11,2.902,2.9035,2.8583,2.8944
2022-01-10,2.8764,2.9044,2.8657,2.9013
2022-01-07,2.8751,2.899,2.8628,2.8635
2022-01-06,2.8719,2.9063,2.865,2.8744
2022-01-05,2.8765,2.9,2.8638,2.8719
2022-01-04,2.8728,2.9,2.8689,2.8767
2022-01-03,2.8745,2.9094,2.8608,2.8728
2021-12-31,2.8717,2.9,2.8625,2.8701
2021-12-30,2.8676,2.9,2.8612,2.8717
2021-12-29,2.8705,2.9,2.8597,2.8678
2021-12-28,2.867,2.898,2.8661,2.8707
2021-12-27,2.8815,2.89,2.8665,2.867
2021-12-24,2.882,2.89,2.8653,2.8702
2021-12-23,2.8852,2.9064,2.8675,2.8684
2021-12-22,2.877,2.9,2.8668,2.8785
2021-12-21,2.877,2.9,2.872,2.877
2021-12-20,2.882,2.905,2.8726,2.8768
2021-12-17,2.8682,2.882,2.839,2.8587
2021-12-16,2.8802,2.9062,2.8412,2.8689
2021-12-15,2.8843,2.9,2.873,2.8802
2021-12-14,2.877,2.9134,2.8689,2.8843
2021-12-13,2.882,2.9,2.873,2.877
2021-12-10,2.8756,2.8902,2.8702,2.8714
2021-12-09,2.8638,2.907,2.8636,2.8756
2021-12-08,2.89,2.8986,2.8619,2.8638
2021-12-07,2.8765,2.9103,2.8737,2.8799
2021-12-06,2.8785,2.905,2.8725,2.8767
2021-12-03,2.8762,2.9,2.8689,2.8793
2021-12-02,2.8699,2.895,2.8394,2.8758
2021-12-01,2.8666,2.895,2.8342,2.8697
2021-11-30,2.886,2.9,2.84,2.8779
2021-11-29,2.8931,2.9,2.8512,2.8747
2021-11-26,2.8921,2.915,2.8773,2.8803
2021-11-25,2.8939,2.915,2.88,2.8921
2021-11-24,2.8853,2.915,2.87,2.8935
2021-11-23,2.8585,2.8966,2.853,2.8848
2021-11-22,2.8685,2.8855,2.8497,2.8592
2021-11-19,2.8591,2.89,2.8344,2.8501
2021-11-18,2.8686,2.8827,2.8342,2.8585
2021-11-17,2.8696,2.888,2.8395,2.8686
2021-11-16,2.8595,2.8801,2.8305,2.8699
2021-11-15,2.8388,2.8708,2.82,2.8357
2021-11-12,2.8524,2.8601,2.8195,2.8219
2021-11-11,2.8158,2.862,2.8142,2.8532
2021-11-10,2.7962,2.8487,2.7957,2.816
2021-11-09,2.7967,2.84,2.7938,2.7958
2021-11-08,2.8283,2.845,2.7962,2.797
2021-11-05,2.8247,2.8437,2.7998,2.8131
2021-11-04,2.8279,2.848,2.7919,2.8361
2021-11-03,2.8375,2.844,2.792,2.8279
2021-11-02,2.8079,2.84,2.7943,2.8325
2021-11-01,2.8185,2.8398,2.7934,2.8079
2021-10-29,2.8183,2.8387,2.7837,2.8141
2021-10-28,2.8203,2.837,2.785,2.8023
2021-10-27,2.8251,2.841,2.7924,2.829
2021-10-26,2.8201,2.84,2.8048,2.8251
2021-10-25,2.8126,2.8308,2.7862,2.8201
2021-10-22,2.8176,2.8332,2.8007,2.8017
2021-10-21,2.8127,2.8251,2.8011,2.8174
2021-10-20,2.8157,2.83,2.7893,2.8015
2021-10-19,2.8128,2.835,2.7986,2.8188
2021-10-18,2.8155,2.8225,2.8137,2.8137
2021-10-15,2.8089,2.8299,2.7914,2.7948
2021-10-14,2.83,2.8318,2.7926,2.8299
2021-10-13,2.8394,2.8394,2.8087,2.8306
2021-10-12,2.8295,2.843,2.8129,2.8394
2021-10-11,2.8251,2.837,2.8107,2.8153
2021-10-08,2.8385,2.8407,2.8105,2.8339
2021-10-07,2.8358,2.845,2.8008,2.8297
2021-10-06,2.8217,2.8426,2.8105,2.8358
2021-10-05,2.8193,2.835,2.7952,2.8218
2021-10-04,2.808,2.8265,2.8028,2.8193
2021-10-01,2.8098,2.8324,2.7941,2.8291
2021-09-30,2.805,2.8338,2.7936,2.8311
2021-09-29,2.8119,2.8206,2.7794,2.8067
2021-09-28,2.7951,2.82,2.7772,2.797
2021-09-27,2.792,2.81,2.7755,2.7952
2021-09-24,2.798,2.8065,2.7706,2.7923
2021-09-23,2.8068,2.813,2.7692,2.7918
2021-09-22,2.7736,2.8071,2.7684,2.7799
2021-09-21,2.8064,2.812,2.7697,2.8018
2021-09-20,2.7991,2.812,2.7729,2.8064
2021-09-17,2.7962,2.8059,2.78,2.8002
2021-09-16,2.7856,2.8021,2.7621,2.7959
2021-09-15,2.789,2.7946,2.7556,2.787
2021-09-14,2.7926,2.7944,2.7731,2.7872
2021-09-13,2.7722,2.7957,2.7583,2.7859
2021-09-10,2.7923,2.7942,2.768,2.7933
2021-09-09,2.7901,2.7955,2.768,2.7873
2021-09-08,2.786,2.7976,2.77,2.7852
2021-09-07,2.7939,2.7946,2.7661,2.7912
2021-09-06,2.7625,2.7961,2.76,2.7939
2021-09-03,2.7832,2.7875,2.7476,2.7817
2021-09-02,2.7813,2.7935,2.7526,2.7832
2021-09-01,2.7864,2.7968,2.7522,2.7879
2021-08-31,2.781,2.7935,2.7695,2.7864
2021-08-30,2.7905,2.8015,2.7794,2.7809
2021-08-27,2.8061,2.8082,2.7615,2.7811
2021-08-26,2.786,2.8072,2.7658,2.8061
2021-08-25,2.7952,2.8082,2.7652,2.7858
2021-08-24,2.7993,2.8143,2.781,2.8006
2021-08-23,2.7975,2.8172,2.7872,2.7994
2021-08-20,2.811,2.8126,2.7937,2.7949
2021-08-19,2.7931,2.8113,2.7785,2.8109
2021-08-18,2.8062,2.8083,2.7857,2.7931
2021-08-17,2.7914,2.8064,2.7638,2.7931
2021-08-16,2.7915,2.7934,2.7628,2.7834
2021-08-13,2.7997,2.7997,2.7871,2.7884
2021-08-12,2.7979,2.8006,2.78,2.7901
2021-08-11,2.7883,2.8064,2.78,2.789
2021-08-10,2.7851,2.7966,2.7819,2.7881
2021-08-09,2.7855,2.795,2.7697,2.7893
2021-08-06,2.7856,2.7999,2.76,2.7988
2021-08-05,2.7688,2.7885,2.75,2.7859
2021-08-04,2.7844,2.7888,2.7584,2.7882
2021-08-03,2.7678,2.7858,2.75,2.7714
2021-08-02,2.768,2.7833,2.7462,2.7625
2021-07-30,2.7604,2.7829,2.7439,2.7638
2021-07-29,2.7676,2.79,2.7479,2.7606
2021-07-28,2.7782,2.7972,2.7527,2.7741
2021-07-27,2.7947,2.7999,2.7539,2.791
2021-07-26,2.7835,2.8054,2.7616,2.793
2021-07-23,2.7847,2.8052,2.7636,2.7972
2021-07-22,2.7821,2.805,2.7613,2.7847
2021-07-21,2.7868,2.8044,2.78,2.7817
2021-07-20,2.7933,2.8079,2.7803,2.7868
2021-07-19,2.7875,2.8078,2.7625,2.7803
2021-07-16,2.7785,2.8036,2.7579,2.7794
2021-07-15,2.792,2.8064,2.7522,2.7917
2021-07-14,2.7968,2.8133,2.7623,2.7882
2021-07-13,2.7506,2.8,2.7481,2.7838
2021-07-12,2.7715,2.805,2.7484,2.7506
2021-07-09,2.7742,2.805,2.7687,2.7752
2021-07-08,2.7892,2.7984,2.7704,2.7741
2021-07-07,2.7837,2.805,2.7558,2.7816
2021-07-06,2.7773,2.7867,2.7449,2.7837
2021-07-05,2.773,2.7869,2.7472,2.7771
2021-07-02,2.7794,2.8,2.7697,2.7711
2021-07-01,2.7854,2.7878,2.7664,2.7794
2021-06-30,2.7812,2.7878,2.7448,2.7854
2021-06-29,2.7757,2.782,2.7408,2.7812
2021-06-28,2.7585,2.7789,2.7566,2.7756
2021-06-25,2.7749,2.7798,2.7506,2.7747
2021-06-24,2.7756,2.7798,2.736,2.7619
2021-06-23,2.7598,2.7789,2.7518,2.7789
2021-06-22,2.7768,2.79,2.7428,2.76
2021-06-21,2.7835,2.8,2.7602,2.7768
2021-06-18,2.7667,2.7938,2.7399,2.7726
2021-06-17,2.7509,2.7858,2.7284,2.7654
2021-06-16,2.7446,2.7657,2.7238,2.7652
2021-06-15,2.7453,2.755,2.7061,2.7449
2021-06-14,2.7282,2.7481,2.7253,2.7455
2021-06-11,2.7384,2.763,2.7144,2.7469
2021-06-10,2.7369,2.7557,2.7149,2.7281
2021-06-09,2.7367,2.754,2.71,2.7371
2021-06-08,2.7333,2.7461,2.7142,2.7225
2021-06-07,2.7282,2.7499,2.7136,2.7275
2021-06-04,2.7278,2.76,2.7159,2.7308
2021-06-03,2.7226,2.7462,2.7106,2.7446
2021-06-02,2.731,2.7399,2.7086,2.7227
2021-06-01,2.7117,2.7317,2.7044,2.731
2021-05-31,2.7288,2.747,2.7082,2.7117
2021-05-28,2.723,2.7478,2.7,2.7231
2021-05-27,2.7218,2.7353,2.7085,2.7228
2021-05-26,2.7168,2.7322,2.7,2.7216
2021-05-25,2.7196,2.73,2.7026,2.7121
2021-05-24,2.7205,2.7331,2.709,2.7193
2021-05-21,2.7111,2.7336,2.7065,2.7183
2021-05-20,2.7199,2.7314,2.7083,2.7175
2021-05-19,2.7178,2.735,2.7059,2.7193
2021-05-18,2.7278,2.74,2.7003,2.7181
2021-05-17,2.7282,2.7478,2.7185,2.7288
2021-05-14,2.7344,2.7401,2.7193,2.7233
2021-05-13,2.7359,2.7452,2.728,2.7341
2021-05-12,2.7237,2.7434,2.721,2.7355
2021-05-11,2.7276,2.7358,2.7128,2.7236
2021-05-10,2.7445,2.7445,2.7128,2.7266
2021-05-07,2.7367,2.7548,2.7199,2.7222
2021-05-06,2.7548,2.758,2.7282,2.7442
2021-05-05,2.7461,2.7588,2.7282,2.7482
2021-05-04,2.7443,2.7549,2.7282,2.7463
2021-05-03,2.7395,2.7511,2.7263,2.7373
2021-04-30,2.7328,2.753,2.7114,2.7473
2021-04-29,2.7402,2.7402,2.706,2.7261
2021-04-28,2.7398,2.755,2.7165,2.7347
2021-04-27,2.7278,2.756,2.7216,2.7398
2021-04-26,2.732,2.7438,2.7182,2.7278
2021-04-23,2.74,2.7515,2.7203,2.7248
2021-04-22,2.747,2.7545,2.7225,2.7508
2021-04-21,2.7302,2.7534,2.7282,2.7467
2021-04-20,2.7402,2.75,2.7196,2.7403
2021-04-19,2.759,2.7602,2.7343,2.7406
2021-04-16,2.7594,2.7628,2.7283,2.759
2021-04-15,2.729,2.7633,2.7258,2.7591
2021-04-14,2.734,2.7642,2.7263,2.7289
2021-04-13,2.7398,2.774,2.7282,2.7343
2021-04-12,2.7655,2.778,2.7381,2.7645
2021-04-09,2.7655,2.775,2.7609,2.7655
2021-04-08,2.7649,2.7859,2.7374,2.7655
2021-04-07,2.7746,2.7885,2.7395,2.7659
2021-04-06,2.7878,2.7885,2.7477,2.7677
2021-04-05,2.7822,2.7942,2.7572,2.7836
2021-04-02,2.7588,2.7986,2.7575,2.7822
2021-04-01,2.7848,2.8053,2.7586,2.7867
2021-03-31,2.7848,2.7965,2.76,2.7905
2021-03-30,2.7778,2.798,2.7631,2.7848
2021-03-29,2.7745,2.7815,2.7609,2.7778
2021-03-26,2.7804,2.781,2.7539,2.7561
2021-03-25,2.7534,2.7813,2.7513,2.7808
2021-03-24,2.7681,2.7767,2.742,2.7534
2021-03-23,2.7354,2.7699,2.7282,2.747
2021-03-22,2.7545,2.7637,2.7282,2.741
2021-03-19,2.7475,2.7617,2.7282,2.7475
2021-03-18,2.7475,2.7576,2.7244,2.7385
2021-03-17,2.7475,2.7604,2.7254,2.7263
2021-03-16,2.7475,2.7617,2.7282,2.7382
2021-03-15,2.7433,2.7577,2.7282,2.7393
2021-03-12,2.7475,2.7558,2.7282,2.7365
2021-03-11,2.7615,2.7615,2.7239,2.7475
2021-03-10,2.738,2.7628,2.7282,2.7361
2021-03-09,2.7475,2.7632,2.7282,2.7379
2021-03-08,2.7464,2.7577,2.7282,2.7475
2021-03-05,2.7255,2.7606,2.7227,2.7355
2021-03-04,2.7258,2.7487,2.713,2.7467
2021-03-03,2.7258,2.7352,2.7064,2.7258
2021-03-02,2.7197,2.7401,2.7062,2.7258
2021-03-01,2.706,2.7373,2.6988,2.734
2021-02-26,2.7,2.7302,2.6914,2.7154
2021-02-25,2.7,2.713,2.68,2.7
2021-02-24,2.7,2.72,2.6844,2.7003
2021-02-23,2.7075,2.7282,2.6937,2.7
2021-02-22,2.705,2.7338,2.6949,2.6982
2021-02-19,2.726,2.7282,2.6782,2.705
2021-02-18,2.7085,2.7282,2.6898,2.6979
2021-02-17,2.6854,2.7366,2.6849,2.6951
2021-02-16,2.712,2.7338,2.6757,2.6856
2021-02-15,2.6951,2.7282,2.6798,2.694
2021-02-12,2.694,2.721,2.693,2.716
2021-02-11,2.7046,2.7212,2.6906,2.7039
2021-02-10,2.7087,2.7315,2.6917,2.6986
2021-02-09,2.7167,2.741,2.6847,2.7058
2021-02-08,2.7136,2.7408,2.6927,2.7067
2021-02-05,2.7354,2.7428,2.697,2.7098
2021-02-04,2.7117,2.7364,2.7003,2.7234
2021-02-03,2.7105,2.7258,2.7,2.7121
2021-02-02,2.7127,2.7277,2.688,2.7108
2021-02-01,2.688,2.7184,2.688,2.7007
2021-01-29,2.6956,2.7145,2.6818,2.7
2021-01-28,2.701,2.7145,2.6839,2.7026
2021-01-27,2.7,2.7145,2.6795,2.7019
2021-01-26,2.6928,2.7145,2.6787,2.6943
2021-01-25,2.689,2.7145,2.6792,2.6975
2021-01-22,2.6889,2.7145,2.6767,2.6858
2021-01-21,2.698,2.7145,2.6793,2.6884
2021-01-20,2.6924,2.7154,2.6818,2.7108
2021-01-19,2.7022,2.7313,2.6839,2.6945
2021-01-18,2.708,2.7402,2.694,2.7124
2021-01-15,2.7032,2.7361,2.6842,2.7155
2021-01-14,2.7028,2.7308,2.696,2.7061
2021-01-13,2.6928,2.7251,2.6707,2.7008
2021-01-12,2.7041,2.7268,2.673,2.6953
2021-01-11,2.685,2.7277,2.6758,2.7021
2021-01-08,2.6832,2.7177,2.6629,2.6972
2021-01-07,2.6765,2.7088,2.6524,2.6772
2021-01-06,2.6842,2.6902,2.6513,2.6745
2021-01-05,2.6869,2.6942,2.6583,2.681
2021-01-04,2.6894,2.7064,2.6624,2.688
2021-01-01,2.6737,2.7058,2.6737,2.6737
2020-12-31,2.6791,2.7037,2.657,2.6937
2020-12-30,2.6806,2.7055,2.6572,2.6811
2020-12-29,2.6922,2.7145,2.6629,2.6884
2020-12-28,2.6941,2.7145,2.6682,2.6917
2020-12-25,2.6983,2.7145,2.6741,2.6942
2020-12-24,2.689,2.7145,2.673,2.7006
2020-12-23,2.7001,2.7145,2.6717,2.6891
2020-12-22,2.6874,2.7124,2.6656,2.689
2020-12-21,2.6877,2.7145,2.6669,2.6916
2020-12-18,2.6942,2.708,2.663,2.689
2020-12-17,2.6871,2.7145,2.6627,2.6878
2020-12-16,2.706,2.7145,2.6727,2.6869
2020-12-15,2.7122,2.72,2.68,2.6946
2020-12-14,2.705,2.7145,2.679,2.6988
2020-12-11,2.7082,2.72,2.6806,2.7125
2020-12-10,2.7172,2.7183,2.6835,2.7062
2020-12-09,2.7135,2.729,2.6844,2.7075
2020-12-08,2.7032,2.725,2.6871,2.7136
2020-12-07,2.6963,2.7204,2.6845,2.7108
2020-12-04,2.7087,2.7221,2.678,2.7032
2020-12-03,2.7023,2.727,2.6785,2.703
2020-12-02,2.7342,2.7342,2.6876,2.7021
2020-12-01,2.7328,2.7342,2.695,2.7342
2020-11-30,2.727,2.7328,2.7071,2.7226
2020-11-27,2.7298,2.7387,2.7107,2.7255
2020-11-26,2.7389,2.7405,2.7092,2.7243
2020-11-25,2.7398,2.7409,2.711,2.7299
2020-11-24,2.7435,2.747,2.7145,2.7332
2020-11-23,2.739,2.7523,2.7145,2.7255
2020-11-20,2.7278,2.7454,2.7149,2.7427
2020-11-19,2.739,2.7505,2.7145,2.7442
2020-11-18,2.7488,2.7488,2.712,2.743
2020-11-17,2.7434,2.7518,2.7141,2.7416
2020-11-16,2.7243,2.7534,2.7184,2.7432
2020-11-13,2.7492,2.7534,2.7242,2.7379
2020-11-12,2.7536,2.76,2.7283,2.7392
2020-11-11,2.7474,2.7624,2.7265,2.7534
2020-11-10,2.7497,2.7563,2.72,2.7375
2020-11-09,2.7395,2.7531,2.7104,2.7495
2020-11-06,2.7354,2.755,2.7139,2.7403
2020-11-05,2.7551,2.7712,2.7224,2.7478
2020-11-04,2.7538,2.7808,2.7386,2.7523
2020-11-03,2.7828,2.7828,2.7427,2.7556
2020-11-02,2.7565,2.785,2.75,2.766
2020-10-30,2.7512,2.7802,2.745,2.7747
2020-10-29,2.7488,2.7785,2.7462,2.761
2020-10-28,2.7526,2.7669,2.74,2.7522
2020-10-27,2.7518,2.7538,2.7336,2.7512
2020-10-26,2.731,2.7595,2.72,2.7516
2020-10-23,2.7414,2.7621,2.7277,2.7499
2020-10-22,2.7265,2.758,2.7257,2.7564
2020-10-21,2.7602,2.7602,2.7231,2.7469
2020-10-20,2.7414,2.7657,2.7295,2.7444
2020-10-19,2.756,2.7686,2.7372,2.7602
2020-10-16,2.7422,2.7676,2.74,2.7493
2020-10-15,2.7535,2.7646,2.7422,2.752
2020-10-14,2.745,2.7695,2.7376,2.7536
2020-10-13,2.7419,2.7676,2.7336,2.7553
2020-10-12,2.753,2.7667,2.7333,2.7421
2020-10-09,2.7631,2.7667,2.73,2.7419
2020-10-08,2.7624,2.7672,2.7393,2.7431
2020-10-07,2.767,2.7686,2.7391,2.7426
2020-10-06,2.7391,2.768,2.7349,2.768
2020-10-05,2.7645,2.7687,2.7365,2.7391
2020-10-02,2.7597,2.7687,2.7444,2.7649
2020-10-01,2.7493,2.766,2.7411,2.7602
2020-09-30,2.7457,2.7706,2.74,2.7645
2020-09-29,2.7734,2.7755,2.745,2.751
2020-09-28,2.7628,2.78,2.7562,2.7584
2020-09-25,2.7569,2.7836,2.75,2.7638
2020-09-24,2.7599,2.78,2.7546,2.7574
2020-09-23,2.7664,2.777,2.7431,2.7592
2020-09-22,2.7561,2.7691,2.7368,2.7525
2020-09-21,2.7355,2.7626,2.7252,2.7411
2020-09-18,2.7432,2.7521,2.7229,2.7299
2020-09-17,2.7486,2.7615,2.7261,2.7434
2020-09-16,2.731,2.7543,2.7188,2.7336
2020-09-15,2.7414,2.7468,2.7189,2.7436
2020-09-14,2.736,2.7452,2.7199,2.7348
2020-09-11,2.7339,2.7498,2.724,2.7287
2020-09-10,2.7478,2.7478,2.7174,2.7428
2020-09-09,2.7425,2.7564,2.73,2.7449
2020-09-08,2.7334,2.7538,2.725,2.7441
2020-09-07,2.7313,2.7474,2.7264,2.7317
2020-09-04,2.7278,2.7525,2.7243,2.73
2020-09-03,2.7278,2.751,2.72,2.7279
2020-09-02,2.7228,2.7456,2.707,2.7404
2020-09-01,2.7241,2.7308,2.7,2.7281
2020-08-31,2.731,2.7452,2.7094,2.7141
2020-08-28,2.7375,2.7452,2.7164,2.7292
2020-08-27,2.7313,2.759,2.7198,2.7326
2020-08-26,2.7505,2.7604,2.7297,2.7315
2020-08-25,2.7448,2.756,2.7239,2.7506
2020-08-24,2.7383,2.7566,2.7236,2.7379
2020-08-21,2.7265,2.7508,2.7078,2.7357
2020-08-20,2.7299,2.7404,2.712,2.7263
2020-08-19,2.716,2.7402,2.6986,2.7302
2020-08-18,2.7478,2.7478,2.6958,2.7189
2020-08-17,2.7395,2.7498,2.7045,2.7478
2020-08-14,2.7124,2.7602,2.707,2.7395
2020-08-13,2.7174,2.7446,2.7043,2.7127
2020-08-12,2.7242,2.7654,2.7148,2.7172
2020-08-11,2.7519,2.7668,2.7217,2.7247
2020-08-10,2.709,2.7664,2.709,2.7522
2020-08-07,2.7036,2.7418,2.7008,2.7185
2020-08-06,2.7062,2.738,2.6966,2.7039
2020-08-05,2.7545,2.7576,2.6979,2.7048
2020-08-04,2.7474,2.7683,2.7135,2.7557
2020-08-03,2.7545,2.7642,2.7172,2.7209
2020-07-31,2.7545,2.7634,2.7412,2.7545
2020-07-30,2.7545,2.7673,2.7243,2.7545
2020-07-29,2.7642,2.7694,2.73,2.7545
2020-07-28,2.742,2.7747,2.715,2.7642
2020-07-27,2.772,2.7937,2.73,2.7509
2020-07-24,2.7942,2.7952,2.7547,2.7695
2020-07-23,2.784,2.8098,2.7625,2.7795
2020-07-22,2.8175,2.8175,2.77,2.7849
2020-07-21,2.8097,2.8214,2.7877,2.7908
2020-07-20,2.8232,2.835,2.7971,2.8207
2020-07-17,2.8207,2.8302,2.8082,2.8214
2020-07-16,2.8228,2.8317,2.8105,2.8291
2020-07-15,2.841,2.841,2.8079,2.8179
2020-07-14,2.8344,2.8488,2.8151,2.8179
2020-07-13,2.8356,2.8488,2.8198,2.8348
2020-07-10,2.8428,2.8499,2.8288,2.835
2020-07-09,2.8482,2.8488,2.8223,2.8436
2020-07-08,2.8498,2.8498,2.8248,2.83
2020-07-07,2.8525,2.8541,2.8293,2.8397
2020-07-06,2.8488,2.8585,2.8272,2.8417
2020-07-03,2.8455,2.8557,2.84,2.8485
2020-07-02,2.8578,2.8633,2.825,2.8489
2020-07-01,2.8522,2.8741,2.8425,2.8568
2020-06-30,2.8554,2.8707,2.8449,2.8556
2020-06-29,2.8541,2.8785,2.8409,2.8557
2020-06-26,2.8425,2.8677,2.8425,2.8505
2020-06-25,2.8548,2.8712,2.8317,2.8496
2020-06-24,2.8335,2.862,2.8305,2.8438
2020-06-23,2.8533,2.8582,2.8265,2.8527
2020-06-22,2.8582,2.8685,2.8404,2.8534
2020-06-19,2.8582,2.8692,2.8434,2.8638
2020-06-18,2.8542,2.8662,2.8417,2.8587
2020-06-17,2.8432,2.869,2.83,2.8541
2020-06-16,2.841,2.8586,2.826,2.8469
2020-06-15,2.8531,2.861,2.8293,2.842
2020-06-12,2.8359,2.8543,2.8283,2.8427
2020-06-11,2.8243,2.8483,2.8072,2.8464
2020-06-10,2.8284,2.852,2.8007,2.8239
2020-06-09,2.8513,2.8568,2.805,2.8291
2020-06-08,2.835,2.8556,2.8145,2.8363
2020-06-05,2.8135,2.854,2.8022,2.8516
2020-06-04,2.8427,2.8619,2.805,2.8245
2020-06-03,2.8425,2.8616,2.8248,2.8317
2020-06-02,2.86,2.8724,2.8362,2.8539
2020-06-01,2.8555,2.8768,2.8439,2.8487
2020-05-29,2.87,2.8899,2.8458,2.8552
2020-05-28,2.8925,2.8967,2.8556,2.859
2020-05-27,2.9,2.9098,2.8602,2.872
2020-05-26,2.8853,2.9,2.8602,2.8922
2020-05-25,2.8853,2.889,2.8807,2.8853
2020-05-22,2.887,2.9048,2.8705,2.8958
2020-05-21,2.8676,2.9,2.8624,2.873
2020-05-20,2.892,2.8932,2.862,2.8677
2020-05-19,2.8798,2.915,2.867,2.8778
2020-05-18,2.8979,2.916,2.8771,2.8938
2020-05-15,2.8993,2.9164,2.89,2.9108
2020-05-14,2.9109,2.9193,2.8897,2.8995
2020-05-13,2.8915,2.9134,2.8827,2.912
2020-05-12,2.8991,2.917,2.8826,2.9036
2020-05-11,2.8892,2.9144,2.88,2.911
2020-05-08,2.8942,2.9144,2.882,2.9047
2020-05-07,2.9075,2.9185,2.8849,2.8944
2020-05-06,2.8935,2.9157,2.8881,2.9133
2020-05-05,2.8927,2.9077,2.8764,2.8935
2020-05-04,2.8995,2.8998,2.8697,2.8927
2020-05-01,2.8998,2.8998,2.8811,2.8998
2020-04-30,2.8978,2.9035,2.8679,2.8998
2020-04-29,2.9082,2.9091,2.875,2.8865
2020-04-28,2.9073,2.9112,2.865,2.8969
2020-04-27,2.9063,2.9185,2.88,2.9112
2020-04-24,2.9078,2.9272,2.8865,2.8966
2020-04-23,2.9012,2.918,2.892,2.9133
2020-04-22,2.8946,2.9087,2.8832,2.9052
2020-04-21,2.9068,2.9178,2.88,2.8896
2020-04-20,2.8936,2.9068,2.8763,2.8941
2020-04-17,2.9035,2.9149,2.8763,2.8919
2020-04-16,2.8906,2.9158,2.8763,2.8985
2020-04-15,2.8726,2.9084,2.8619,2.889
2020-04-14,2.8955,2.9036,2.8625,2.8847
2020-04-13,2.8798,2.9055,2.8701,2.8966
2020-04-10,2.8817,2.9061,2.8778,2.8928
2020-04-09,2.895,2.9101,2.8778,2.8939
2020-04-08,2.9105,2.9121,2.8796,2.9068
2020-04-07,2.9185,2.9206,2.8763,2.9008
2020-04-06,2.9033,2.925,2.89,2.9187
2020-04-03,2.9017,2.925,2.8763,2.8925
2020-04-02,2.8826,2.9088,2.8652,2.9018
2020-04-01,2.8642,2.8938,2.855,2.8706
2020-03-31,2.8554,2.8927,2.8488,2.8642
2020-03-30,2.857,2.8745,2.8452,2.8676
2020-03-27,2.8586,2.893,2.8381,2.8509
2020-03-26,2.899,2.913,2.85,2.8584
2020-03-25,2.8805,2.9264,2.8711,2.8978
2020-03-24,2.9198,2.9227,2.866,2.8805
2020-03-23,2.9385,2.9476,2.8856,2.8943
2020-03-20,2.9423,2.953,2.9048,2.9421
2020-03-19,2.871,2.9496,2.8641,2.9425
2020-03-18,2.8819,2.9223,2.851,2.9016
2020-03-17,2.8371,2.8895,2.8232,2.8817
2020-03-16,2.8434,2.8646,2.816,2.8489
2020-03-13,2.8317,2.8647,2.8019,2.8557
2020-03-12,2.8172,2.8546,2.7936,2.8197
2020-03-11,2.8036,2.8201,2.78,2.7988
2020-03-10,2.7951,2.8161,2.773,2.8151
2020-03-09,2.801,2.81,2.7643,2.7741
2020-03-06,2.81,2.8396,2.7837,2.8153
2020-03-05,2.8498,2.8515,2.8063,2.823
2020-03-04,2.8417,2.856,2.8125,2.8435
2020-03-03,2.8287,2.8535,2.8059,2.8308
2020-03-02,2.846,2.8634,2.8061,2.8377
2020-02-28,2.86,2.8763,2.8311,2.8626
2020-02-27,2.8556,2.891,2.8253,2.8524
2020-02-26,2.8436,2.8843,2.8412,2.8558
2020-02-25,2.8727,2.882,2.8419,2.844
2020-02-24,2.8385,2.8895,2.8385,2.8502
2020-02-21,2.8744,2.88,2.8341,2.8451
2020-02-20,2.8521,2.88,2.842,2.8731
2020-02-19,2.8548,2.8788,2.8364,2.8518
2020-02-18,2.8678,2.8704,2.8315,2.8546
2020-02-17,2.843,2.8735,2.8301,2.8471
2020-02-14,2.8493,2.8675,2.8281,2.8474
2020-02-13,2.8549,2.8693,2.8221,2.8586
2020-02-12,2.8366,2.8691,2.8159,2.8399
2020-02-11,2.8438,2.8527,2.8155,2.8328
2020-02-10,2.819,2.849,2.8116,2.8441
2020-02-07,2.8276,2.8457,2.81,2.8386
2020-02-06,2.8179,2.8428,2.8037,2.8271
2020-02-05,2.81,2.8373,2.8019,2.8356
2020-02-04,2.8143,2.8335,2.7987,2.8248
2020-02-03,2.8105,2.8338,2.8026,2.814
2020-01-31,2.8156,2.8348,2.8004,2.8082
2020-01-30,2.8348,2.8348,2.8049,2.8258
2020-01-29,2.8182,2.8375,2.8064,2.8348
2020-01-28,2.8176,2.839,2.8056,2.8179
2020-01-27,2.816,2.8352,2.8143,2.8247
2020-01-24,2.8273,2.8398,2.805,2.8256
2020-01-23,2.8181,2.839,2.8007,2.8203
2020-01-22,2.8228,2.8329,2.8,2.8208
2020-01-21,2.8208,2.8323,2.8,2.8158
2020-01-20,2.8137,2.8329,2.8,2.8086
2020-01-17,2.813,2.8308,2.7914,2.821
2020-01-16,2.815,2.8225,2.79,2.8006
2020-01-15,2.8198,2.8252,2.795,2.8158
2020-01-14,2.8069,2.8297,2.7999,2.8144
2020-01-13,2.805,2.8266,2.7861,2.8133
2020-01-10,2.8297,2.8335,2.7884,2.8104
2020-01-09,2.8062,2.832,2.799,2.8298
2020-01-08,2.8062,2.8169,2.7769,2.8158
2020-01-07,2.7779,2.8062,2.7721,2.8062
2020-01-06,2.783,2.798,2.7695,2.7847
2020-01-03,2.7822,2.8083,2.7686,2.7884
2020-01-02,2.7693,2.7998,2.7655,2.782
2020-01-01,2.7751,2.7899,2.7693,2.7805
2019-12-31,2.8132,2.8208,2.7665,2.7888
2019-12-30,2.82,2.8208,2.7661,2.8015
2019-12-27,2.8231,2.8327,2.7914,2.7993
2019-12-26,2.8327,2.8343,2.8116,2.8231
2019-12-25,2.8372,2.8475,2.8102,2.8306
2019-12-24,2.8331,2.8487,2.8183,2.845
2019-12-23,2.8465,2.8557,2.815,2.8329
2019-12-20,2.8459,2.8547,2.8187,2.8529
2019-12-19,2.8485,2.8498,2.8137,2.8498
2019-12-18,2.845,2.854,2.8169,2.8313
2019-12-17,2.845,2.8523,2.8163,2.8404
2019-12-16,2.8445,2.8503,2.8163,2.8457
2019-12-13,2.8479,2.8502,2.818,2.8384
2019-12-12,2.8478,2.8622,2.8279,2.8499
2019-12-11,2.8556,2.8622,2.8308,2.8372
2019-12-10,2.8485,2.8643,2.835,2.8437
2019-12-09,2.861,2.863,2.8277,2.8486
2019-12-06,2.8414,2.8647,2.8389,2.8493
2019-12-05,2.8331,2.8625,2.8235,2.8416
2019-12-04,2.832,2.8584,2.8225,2.8478
2019-12-03,2.8473,2.8645,2.8255,2.8517
2019-12-02,2.8442,2.8711,2.826,2.8383
2019-11-29,2.8453,2.8659,2.8347,2.8437
2019-11-28,2.8467,2.8647,2.836,2.8647
2019-11-27,2.8432,2.8691,2.8357,2.8469
2019-11-26,2.8453,2.8665,2.8352,2.8428
2019-11-25,2.842,2.8612,2.83,2.8448
2019-11-22,2.8416,2.8563,2.8291,2.8428
2019-11-21,2.8416,2.8518,2.8291,2.8506
2019-11-20,2.8405,2.8587,2.825,2.8479
2019-11-19,2.8403,2.855,2.8271,2.8427
2019-11-18,2.8505,2.8535,2.8248,2.8342
2019-11-15,2.8426,2.8594,2.8291,2.8436
2019-11-14,2.852,2.8639,2.8347,2.843
2019-11-13,2.8523,2.8631,2.8357,2.8528
2019-11-12,2.8488,2.8616,2.8291,2.8536
2019-11-11,2.8425,2.86,2.8291,2.8483
2019-11-08,2.834,2.8586,2.8254,2.8524
2019-11-07,2.8312,2.8539,2.8208,2.8338
2019-11-06,2.841,2.8489,2.8174,2.831
2019-11-05,2.8332,2.8498,2.8172,2.8404
2019-11-04,2.815,2.8346,2.805,2.8335
2019-11-01,2.8159,2.8371,2.8088,2.8153
2019-10-31,2.8163,2.8363,2.8073,2.8218
2019-10-30,2.8229,2.8463,2.81,2.8287
2019-10-29,2.8247,2.8471,2.8155,2.8231
2019-10-28,2.833,2.8446,2.8171,2.8246
2019-10-25,2.8239,2.8479,2.814,2.8276
2019-10-24,2.8204,2.8442,2.8157,2.8242
2019-10-23,2.8339,2.849,2.8098,2.8204
2019-10-22,2.8179,2.8399,2.8131,2.8212
2019-10-21,2.816,2.8346,2.8089,2.8177
2019-10-18,2.821,2.8441,2.8112,2.8148
2019-10-17,2.8285,2.8494,2.8145,2.8256
2019-10-16,2.8424,2.8557,2.8249,2.8355
2019-10-15,2.8347,2.8639,2.8303,2.837
2019-10-14,2.8345,2.859,2.825,2.8432
2019-10-11,2.838,2.8616,2.82,2.8355
2019-10-10,2.8428,2.8679,2.825,2.8475
2019-10-09,2.845,2.8719,2.83,2.8532
2019-10-08,2.8428,2.8732,2.83,2.8559
2019-10-07,2.8566,2.8683,2.835,2.8575
2019-10-04,2.8488,2.8707,2.835,2.8419
2019-10-03,2.8545,2.8758,2.835,2.8495
2019-10-02,2.8584,2.8812,2.8467,2.8502
2019-10-01,2.8722,2.8861,2.8515,2.855
2019-09-30,2.8715,2.8848,2.8435,2.8629
2019-09-27,2.8749,2.8825,2.85,2.8724
2019-09-26,2.8612,2.8817,2.8481,2.879
2019-09-25,2.8546,2.8772,2.8373,2.87
2019-09-24,2.8602,2.8749,2.839,2.8588
2019-09-23,2.8645,2.8816,2.84,2.8604
2019-09-20,2.8611,2.8735,2.84,2.8644
2019-09-19,2.8632,2.8686,2.834,2.8609
2019-09-18,2.8391,2.8686,2.8383,2.8625
2019-09-17,2.8572,2.8733,2.8387,2.8511
2019-09-16,2.8686,2.8729,2.8299,2.8597
2019-09-13,2.8406,2.8686,2.8248,2.8507
2019-09-12,2.8658,2.886,2.83,2.8496
2019-09-11,2.8642,2.8745,2.84,2.8706
2019-09-10,2.8634,2.8721,2.835,2.8647
2019-09-09,2.8705,2.8818,2.8398,2.8666
2019-09-06,2.8785,2.8785,2.8417,2.8467
2019-09-05,2.8632,2.8785,2.8449,2.8648
2019-09-04,2.8591,2.881,2.8451,2.8551
2019-09-03,2.8683,2.9022,2.8556,2.877
2019-09-02,2.878,2.8966,2.854,2.8776
2019-08-30,2.8657,2.883,2.8551,2.8781
2019-08-29,2.8416,2.8807,2.8399,2.8653
2019-08-28,2.8639,2.875,2.8402,2.862
2019-08-27,2.8574,2.8735,2.8551,2.8615
2019-08-26,2.8585,2.8735,2.83,2.8614
2019-08-23,2.87,2.8875,2.8401,2.85
2019-08-22,2.8727,2.8875,2.8555,2.8704
2019-08-21,2.8629,2.8875,2.8433,2.8676
2019-08-20,2.8679,2.8875,2.8617,2.8628
2019-08-19,2.8735,2.8829,2.8376,2.8677
2019-08-16,2.8733,2.8875,2.8426,2.8456
2019-08-15,2.8693,2.8875,2.8561,2.8731
2019-08-14,2.8362,2.8756,2.82,2.8695
2019-08-13,2.8328,2.8535,2.8163,2.8362
2019-08-12,2.8575,2.8575,2.8265,2.8435
2019-08-09,2.8686,2.8771,2.8491,2.8579
2019-08-08,2.8642,2.8822,2.848,2.8688
2019-08-07,2.8649,2.8822,2.8513,2.8644
2019-08-06,2.8593,2.8822,2.856,2.8647
2019-08-05,2.891,2.8998,2.8454,2.8593
2019-08-02,2.879,2.8971,2.8735,2.8878
2019-08-01,2.8888,2.907,2.879,2.8911
2019-07-31,2.8783,2.8911,2.8679,2.8887
2019-07-30,2.8822,2.8901,2.8685,2.8784
2019-07-29,2.8901,2.8902,2.8699,2.8817
2019-07-26,2.8718,2.9011,2.8718,2.8821
2019-07-25,2.8826,2.8901,2.8718,2.8718
2019-07-24,2.8817,2.8981,2.8604,2.8802
2019-07-23,2.8766,2.8926,2.8562,2.8817
2019-07-22,2.8901,2.8901,2.8521,2.8766
2019-07-19,2.8601,2.8831,2.8441,2.8727
2019-07-18,2.8737,2.8886,2.8552,2.86
2019-07-17,2.8899,2.8917,2.86,2.8734
2019-07-16,2.8765,2.8915,2.86,2.8899
2019-07-15,2.8925,2.8925,2.86,2.8675
2019-07-12,2.8845,2.8925,2.876,2.8829
2019-07-11,2.8826,2.8925,2.875,2.8851
2019-07-10,2.8937,2.9075,2.8803,2.8826
2019-07-09,2.8926,2.9089,2.8744,2.8938
2019-07-08,2.8915,2.9056,2.8699,2.8922
2019-07-05,2.8888,2.8971,2.8813,2.893
2019-07-04,2.8855,2.8992,2.8737,2.8879
2019-07-03,2.8881,2.893,2.8634,2.8888
2019-07-02,2.8777,2.8896,2.8615,2.8769
2019-07-01,2.8705,2.8853,2.8705,2.8727
2019-06-28,2.8755,2.8837,2.8628,2.8758
2019-06-27,2.8756,2.8864,2.86,2.8756
2019-06-26,2.8477,2.8955,2.8465,2.8766
2019-06-25,2.897,2.9137,2.842,2.8575
2019-06-24,2.9325,2.9389,2.8819,2.8971
2019-06-21,2.9419,2.9547,2.9212,2.9308
2019-06-20,2.9705,2.9706,2.9203,2.9418
2019-06-19,2.9559,2.9847,2.95,2.9689
2019-06-18,2.9702,2.9889,2.9559,2.9736
2019-06-17,2.9608,2.9841,2.9502,2.9701
2019-06-14,2.9586,2.9835,2.948,2.9693
2019-06-13,2.9635,2.9695,2.946,2.9589
2019-06-12,2.9621,2.9682,2.9421,2.9676
2019-06-11,2.964,2.9655,2.9418,2.962
2019-06-10,2.96,2.9674,2.9418,2.9641
2019-06-07,2.988,3.0009,2.9402,2.9612
2019-06-06,2.9609,2.9944,2.9609,2.988
2019-06-05,2.9609,2.9917,2.9609,2.9795
2019-06-04,2.964,2.9897,2.9609,2.9845
2019-06-03,2.983,2.9955,2.964,2.9797
2019-05-31,2.983,3.0004,2.9743,2.9948
2019-05-30,2.983,2.9988,2.9793,2.9958
2019-05-29,2.9948,2.9971,2.9763,2.992
2019-05-28,2.9877,2.9969,2.9725,2.9945
2019-05-27,2.9877,2.9969,2.9741,2.988
2019-05-24,2.9909,3.0025,2.972,2.9854
2019-05-23,2.9964,3.0047,2.9801,2.9911
2019-05-22,2.9832,2.9985,2.98,2.9967
2019-05-21,2.993,2.9985,2.9726,2.992
2019-05-20,2.9875,2.9964,2.9726,2.9939
2019-05-17,2.9922,3.0042,2.9711,2.9954
2019-05-16,2.9674,2.9961,2.9579,2.9903
2019-05-15,2.9702,2.9975,2.9674,2.978
2019-05-14,2.9912,2.9961,2.9661,2.977
2019-05-13,2.9702,2.993,2.9621,2.9815
2019-05-10,2.9937,2.9953,2.9694,2.9899
2019-05-09,2.998,3.0016,2.9724,2.9938
2019-05-08,2.9851,3.0094,2.9751,2.9978
2019-05-07,2.9837,3.0139,2.9792,2.9985
2019-05-06,3.003,3.0127,2.9763,2.9965
2019-05-03,2.988,3.0125,2.9818,3.003
2019-05-02,2.9899,3.0225,2.9763,2.991
2019-05-01,3.009,3.0225,2.9899,3.004
2019-04-30,2.9914,3.0245,2.9875,3.0165
2019-04-29,3.0225,3.0295,3.0004,3.0095
2019-04-26,3.0233,3.0343,2.9936,3.0066
2019-04-25,3.0165,3.0374,2.9986,3.0139
2019-04-24,3.0157,3.033,2.9894,3.03
2019-04-23,2.9908,3.023,2.9831,2.9998
2019-04-22,3.0115,3.02,2.9901,2.991
2019-04-19,3.021,3.0227,2.9917,3.0187
2019-04-18,2.9906,3.0232,2.9869,3.0143
2019-04-17,2.9946,3.0107,2.9827,2.9909
2019-04-16,2.9949,3.0197,2.9836,2.9992
2019-04-15,3.0055,3.0151,2.9807,2.9949
2019-04-12,3.0047,3.0088,2.9854,2.9958
2019-04-11,2.9931,3.0141,2.9918,3.0021
2019-04-10,3.0085,3.0177,2.9926,3.0005
2019-04-09,3.003,3.0103,2.9933,3.0083
2019-04-08,3.0023,3.0181,2.9944,2.9955
2019-04-05,3.0125,3.0205,3.0005,3.0155
2019-04-04,3.0093,3.0209,2.999,3.011
2019-04-03,3.0113,3.021,2.9985,3.0078
2019-04-02,3.012,3.0346,3.0051,3.013
2019-04-01,3.0255,3.0321,3.0005,3.0061
2019-03-29,3.0059,3.0353,3.0011,3.0193
2019-03-28,3.0151,3.0299,2.9983,3.0182
2019-03-27,3.0126,3.0242,2.9972,3.0153
2019-03-26,2.9977,3.0202,2.9906,3.0066
2019-03-25,3.0035,3.0226,2.9905,2.9994
2019-03-22,2.9962,3.0177,2.9865,3.006
2019-03-21,2.9879,3.0057,2.9794,2.9898
2019-03-20,3.0006,3.0187,2.9812,2.9879
2019-03-19,3.0026,3.0187,2.9911,3.0025
2019-03-18,3.005,3.0187,2.9942,3.0022
2019-03-15,3.0063,3.036,2.9966,3.0047
2019-03-14,3.019,3.0361,3.0008,3.0337
2019-03-13,3.018,3.0384,3.003,3.015
2019-03-12,3.026,3.048,3.0089,3.0202
2019-03-11,3.0388,3.0516,3.0219,3.0229
2019-03-08,3.0459,3.0586,3.0274,3.0359
2019-03-07,3.0347,3.0557,3.0141,3.0459
2019-03-06,3.0402,3.0474,3.0152,3.0341
2019-03-05,3.017,3.0459,3.0146,3.0202
2019-03-04,3.019,3.0474,3.0122,3.0169
2019-03-01,3.0263,3.0474,3.0106,3.0339
2019-02-28,3.0282,3.0502,3.013,3.0283
2019-02-27,3.0411,3.0494,3.0148,3.0278
2019-02-26,3.0345,3.0569,3.0245,3.0413
2019-02-25,3.0475,3.0587,3.0302,3.035
2019-02-22,3.0457,3.0648,3.0356,3.0382
2019-02-21,3.0514,3.06,3.0394,3.0409
2019-02-20,3.0469,3.0638,3.0396,3.0446
2019-02-19,3.0539,3.0689,3.043,3.0455
2019-02-18,3.059,3.0654,3.0479,3.0628
2019-02-15,3.0556,3.0797,3.0475,3.0644
2019-02-14,3.0647,3.075,3.0531,3.055
2019-02-13,3.0495,3.073,3.0461,3.0657
2019-02-12,3.0601,3.0739,3.0467,3.05
2019-02-11,3.045,3.0724,3.045,3.059
2019-02-08,3.0494,3.0551,3.043,3.0489
2019-02-07,3.0437,3.0546,3.0398,3.0467
2019-02-06,3.0344,3.0507,3.0224,3.0465
2019-02-05,3.0285,3.0399,3.0123,3.0334
2019-02-04,3.019,3.0354,3.0119,3.0283
2019-02-01,3.0218,3.0341,3.005,3.019
2019-01-31,3.0158,3.0338,3.0006,3.0127
2019-01-30,3.0208,3.0452,3.0033,3.0158
2019-01-29,3.021,3.0295,3.0129,3.0159
2019-01-28,3.029,3.0355,3.0134,3.0253
2019-01-25,3.0316,3.0435,3.0144,3.0144
2019-01-24,3.0252,3.0436,3.0192,3.033
2019-01-23,3.0298,3.0362,3.0134,3.0248
2019-01-22,3.0188,3.0393,3.0134,3.0286
2019-01-21,3.0134,3.0348,3.0134,3.032
2019-01-18,3.0142,3.0337,3.0096,3.0196
2019-01-17,3.0124,3.0274,3.0089,3.0142
2019-01-16,3.0129,3.039,3.0065,3.0132
2019-01-15,3.0115,3.0297,2.9951,3.0135
2019-01-14,3.005,3.0148,2.9892,3.012
2019-01-11,3.0116,3.0137,2.9844,2.9984
2019-01-10,2.9875,3.014,2.9786,2.9964
2019-01-09,3.0053,3.0225,2.9817,2.9875
2019-01-08,3.0009,3.0239,2.9991,3.0057
2019-01-07,3.011,3.0283,2.9987,3.0019
2019-01-04,3.0264,3.0545,2.9924,3.0068
2019-01-03,3.0179,3.0279,2.9934,3.026
2019-01-02,3.0004,3.0222,2.9778,3.0174
2019-01-01,2.9883,3.0075,2.9735,2.9885
2018-12-31,2.974,3.0131,2.9679,2.9883
2018-12-28,2.9893,3.0064,2.9636,2.9788
2018-12-27,3.0034,3.0117,2.9659,2.9891
2018-12-26,2.9957,3.0147,2.9675,3.0031
2018-12-25,2.9909,3.0054,2.9662,2.986
2018-12-24,2.9695,3.0017,2.9646,2.9718
2018-12-21,2.986,2.9933,2.9612,2.9757
2018-12-20,2.9751,2.9942,2.9476,2.9742
2018-12-19,2.9842,3.0388,2.9238,2.9812
2018-12-18,2.9789,3.0263,2.9476,2.9772
2018-12-17,2.986,3.0307,2.9589,2.9761
2018-12-14,2.9712,3.0302,2.9476,2.9814
2018-12-13,2.965,3.0261,2.9255,2.9625
2018-12-12,2.9744,3.0353,2.9064,2.9695
2018-12-11,2.955,3.0318,2.9464,2.9742
2018-12-10,2.9575,3.0139,2.9329,2.9609
2018-12-07,2.9502,3.0288,2.9354,2.9597
2018-12-06,2.9523,2.9979,2.9238,2.9559
2018-12-05,2.9443,2.9646,2.9238,2.9602
2018-12-04,2.9364,2.9612,2.9005,2.9567
2018-12-03,2.9268,2.9535,2.9245,2.9503
2018-11-30,2.9299,2.9503,2.9215,2.948
2018-11-29,2.9285,2.9482,2.9137,2.9228
2018-11-28,2.943,2.9497,2.8963,2.9324
2018-11-27,2.9276,2.9499,2.9167,2.9402
2018-11-26,2.9198,2.939,2.9116,2.9341
2018-11-23,2.9163,2.9331,2.8963,2.9293
2018-11-22,2.915,2.9209,2.8986,2.9123
2018-11-21,2.9194,2.9245,2.895,2.9129
2018-11-20,2.9007,2.9217,2.8809,2.9154
2018-11-19,2.9082,2.9245,2.8828,2.9007
2018-11-16,2.9118,2.9291,2.891,2.8975
2018-11-15,2.9152,2.9386,2.896,2.9158
2018-11-14,2.9181,2.9404,2.8998,2.9141
2018-11-13,2.9325,2.9489,2.9093,2.9184
2018-11-12,2.9108,2.9743,2.9034,2.9369
2018-11-09,2.9036,2.9684,2.8752,2.9114
2018-11-08,2.8901,2.959,2.8634,2.8927
2018-11-07,2.8855,2.9373,2.8531,2.8901
2018-11-06,2.8864,2.9377,2.85,2.8895
2018-11-05,2.8752,2.9341,2.854,2.8906
2018-11-02,2.8609,2.9268,2.8455,2.8872
2018-11-01,2.8809,2.9272,2.8519,2.8613
2018-10-31,2.8765,2.9379,2.8586,2.8655
2018-10-30,2.87,2.9242,2.8558,2.8607
2018-10-29,2.8624,2.9156,2.8506,2.8569
2018-10-26,2.8569,2.9165,2.8504,2.8611
2018-10-25,2.8582,2.9131,2.8468,2.8624
2018-10-24,2.8439,2.9043,2.8413,2.8571
2018-10-23,2.8443,2.8887,2.7965,2.8449
2018-10-22,2.8354,2.8888,2.8282,2.844
2018-10-19,2.8457,2.8735,2.8306,2.8369
2018-10-18,2.8371,2.8805,2.8293,2.8613
2018-10-17,2.8248,2.8757,2.7967,2.8377
2018-10-16,2.8586,2.8769,2.8148,2.8249
2018-10-15,2.824,2.8702,2.7968,2.8585
2018-10-12,2.8197,2.8588,2.8123,2.8253
2018-10-11,2.8298,2.8626,2.783,2.8201
2018-10-10,2.8306,2.8643,2.7812,2.8287
2018-10-09,2.8274,2.8704,2.783,2.8316
2018-10-08,2.8228,2.8704,2.783,2.8285
2018-10-05,2.8146,2.8561,2.7835,2.8114
2018-10-04,2.8235,2.8547,2.7835,2.8148
2018-10-03,2.8066,2.8497,2.783,2.8228
2018-10-02,2.8255,2.8418,2.783,2.8133
2018-10-01,2.7835,2.8375,2.7835,2.805
2018-09-28,2.8152,2.835,2.783,2.8022
2018-09-27,2.7814,2.8173,2.7692,2.795
2018-09-26,2.7799,2.806,2.7656,2.7763
2018-09-25,2.7753,2.7994,2.763,2.779
2018-09-24,2.7711,2.8076,2.7595,2.7736
2018-09-21,2.7607,2.8001,2.7553,2.7713
2018-09-20,2.7791,2.7987,2.7587,2.7621
2018-09-19,2.7803,2.7982,2.7718,2.7876
2018-09-18,2.7691,2.7873,2.7641,2.7763
2018-09-17,2.7795,2.8032,2.7663,2.7702
2018-09-14,2.7673,2.7936,2.7567,2.7784
2018-09-13,2.7788,2.7982,2.7607,2.7681
2018-09-12,2.775,2.794,2.7704,2.7742
2018-09-11,2.7754,2.7913,2.7661,2.7747
2018-09-10,2.7931,2.7976,2.7649,2.7887
2018-09-07,2.7809,2.7915,2.7574,2.7818
2018-09-06,2.7664,2.7902,2.7556,2.767
2018-09-05,2.7681,2.7803,2.7569,2.766
2018-09-04,2.7652,2.7915,2.7449,2.7679
2018-09-03,2.7611,2.7835,2.7399,2.7645
2018-08-31,2.7462,2.7788,2.7201,2.7597
2018-08-30,2.7403,2.7704,2.7338,2.7502
2018-08-29,2.7449,2.7622,2.7313,2.7439
2018-08-28,2.741,2.7973,2.721,2.7563
2018-08-27,2.7359,2.7681,2.7254,2.7435
2018-08-24,2.7622,2.7633,2.7351,2.738
2018-08-23,2.7327,2.7639,2.7264,2.7571
2018-08-22,2.7318,2.7618,2.7242,2.7327
2018-08-21,2.7505,2.7643,2.7272,2.7364
2018-08-20,2.7761,2.7927,2.7551,2.7607
2018-08-17,2.7692,2.7797,2.7553,2.7609
2018-08-16,2.7791,2.7842,2.7555,2.7734
2018-08-15,2.7719,2.791,2.7555,2.7757
2018-08-14,2.7633,2.7803,2.7395,2.7744
2018-08-13,2.7668,2.7708,2.7271,2.763
2018-08-10,2.7388,2.7706,2.7058,2.7628
2018-08-09,2.7167,2.7426,2.6946,2.7388
2018-08-08,2.7207,2.7363,2.6809,2.7169
2018-08-07,2.718,2.7496,2.6822,2.7134
2018-08-06,2.7195,2.753,2.6972,2.7439
2018-08-03,2.7218,2.7424,2.682,2.71
2018-08-02,2.7001,2.7306,2.6732,2.7149
2018-08-01,2.6724,2.7083,2.6401,2.6959
2018-07-31,2.6845,2.7018,2.6389,2.6912
2018-07-30,2.6922,2.7027,2.6321,2.6858
2018-07-27,2.6502,2.6997,2.6372,2.6921
2018-07-26,2.6346,2.6942,2.6285,2.6408
2018-07-25,2.6415,2.6764,2.6331,2.6348
2018-07-24,2.6395,2.685,2.6328,2.6418
2018-07-23,2.6466,2.6947,2.6314,2.6417
2018-07-20,2.6473,2.6917,2.6307,2.6366
2018-07-19,2.6618,2.7231,2.6305,2.6469
2018-07-18,2.6347,2.6946,2.6143,2.6488
2018-07-17,2.6286,2.6837,2.6204,2.6511
2018-07-16,2.6463,2.6858,2.6216,2.628
2018-07-13,2.6305,2.6845,2.6187,2.6326
2018-07-12,2.6766,2.6841,2.6336,2.6772
2018-07-11,2.6475,2.6631,2.6094,2.6315
2018-07-10,2.6186,2.6614,2.6087,2.6149
2018-07-09,2.6191,2.6614,2.5846,2.6132
2018-07-06,2.6187,2.6614,2.5846,2.6103
2018-07-05,2.6197,2.6614,2.5846,2.6149
2018-07-04,2.6414,2.6631,2.6092,2.6208
2018-07-03,2.6337,2.6688,2.6183,2.6548
2018-07-02,2.6239,2.6582,2.5846,2.6206
2018-06-29,2.6265,2.6616,2.5953,2.6488
2018-06-28,2.6195,2.6418,2.5848,2.6182
2018-06-27,2.6042,2.6522,2.5957,2.6187
2018-06-26,2.6212,2.6443,2.5721,2.6053
2018-06-25,2.6145,2.644,2.5849,2.5958
2018-06-22,2.6061,2.6493,2.5856,2.5971
2018-06-21,2.6059,2.6482,2.5753,2.5997
2018-06-20,2.6023,2.6713,2.5688,2.6075
2018-06-19,2.5924,2.6383,2.5707,2.616
2018-06-18,2.6128,2.6389,2.564,2.5928
2018-06-15,2.6707,2.6765,2.578,2.6613
2018-06-14,2.5783,2.6721,2.5689,2.6707
2018-06-13,2.5707,2.6206,2.5575,2.5785
2018-06-12,2.6105,2.6214,2.5537,2.5703
2018-06-11,2.547,2.6122,2.547,2.5595
2018-06-08,2.6009,2.6126,2.5466,2.5592
2018-06-07,2.5568,2.6098,2.5485,2.5807
2018-06-06,2.5924,2.6128,2.5492,2.5553
2018-06-05,2.605,2.6165,2.5504,2.5604
2018-06-04,2.6094,2.6105,2.5455,2.5581
2018-06-01,2.5532,2.6136,2.5356,2.5638
2018-05-31,2.5709,2.6262,2.5577,2.611
2018-05-30,2.5856,2.632,2.5577,2.6091
2018-05-29,2.6033,2.6248,2.5454,2.5703
2018-05-28,2.5589,2.6354,2.5353,2.5585
2018-05-25,2.5375,2.5989,2.5206,2.5528
2018-05-24,2.5552,2.6035,2.5348,2.6006
2018-05-23,2.5831,2.606,2.5348,2.6013
2018-05-22,2.5392,2.5881,2.5328,2.5833
2018-05-21,2.5349,2.5899,2.5159,2.5247
2018-05-18,2.5196,2.5838,2.5119,2.5188
2018-05-17,2.5156,2.5694,2.5008,2.5196
2018-05-16,2.556,2.5726,2.496,2.5162
2018-05-15,2.5389,2.5735,2.4851,2.5706
2018-05-14,2.4974,2.5468,2.4761,2.497
2018-05-11,2.4929,2.5492,2.4842,2.4918
2018-05-10,2.5006,2.5525,2.4761,2.4935
2018-05-09,2.5121,2.5702,2.497,2.5638
2018-05-08,2.4693,2.5522,2.4668,2.4966
2018-05-07,2.4795,2.5578,2.4607,2.5487
2018-05-04,2.4981,2.5262,2.4557,2.4652
2018-05-03,2.5069,2.5217,2.4526,2.4578
2018-05-02,2.4569,2.5113,2.4443,2.4633
2018-05-01,2.4442,2.5044,2.4411,2.4575
2018-04-30,2.45,2.5076,2.3997,2.498
2018-04-27,2.4388,2.4939,2.4257,2.4341
2018-04-26,2.4665,2.4834,2.3935,2.431
2018-04-25,2.4219,2.4726,2.3855,2.4318
2018-04-24,2.4208,2.484,2.3851,2.413
2018-04-23,2.4535,2.4724,2.3855,2.4232
2018-04-20,2.3916,2.4581,2.3855,2.4108
2018-04-19,2.4257,2.4472,2.379,2.4022
2018-04-18,2.4316,2.4543,2.3794,2.3958
2018-04-17,2.4212,2.4425,2.3768,2.3936
2018-04-16,2.3963,2.4428,2.38,2.3914
2018-04-13,2.3986,2.454,2.3884,2.4322
2018-04-12,2.3918,2.4497,2.3824,2.3973
2018-04-11,2.4204,2.4388,2.38,2.3916
2018-04-10,2.4137,2.4377,2.3817,2.3853
2018-04-09,2.402,2.415,2.402,2.414
2018-04-06,2.419,2.4571,2.4048,2.4307
2018-04-05,2.4297,2.4442,2.3933,2.407
2018-04-04,2.4301,2.4398,2.387,2.3994
2018-04-03,2.4234,2.4352,2.3828,2.4019
2018-04-02,2.4045,2.4437,2.3782,2.4356
2018-03-30,2.4236,2.4293,2.3826,2.3988
2018-03-29,2.3897,2.4318,2.3828,2.3971
2018-03-28,2.3904,2.4535,2.3836,2.4394
2018-03-27,2.4045,2.43,2.365,2.4098
2018-03-26,2.4198,2.4308,2.3653,2.3752
2018-03-23,2.3912,2.4234,2.3761,2.3862
2018-03-22,2.3914,2.423,2.3731,2.3967
2018-03-21,2.4047,2.4285,2.3834,2.3918
2018-03-20,2.3921,2.4278,2.3891,2.4049
2018-03-19,2.4297,2.4444,2.3807,2.3918
2018-03-16,2.4301,2.447,2.3927,2.4331
2018-03-15,2.4129,2.4425,2.3869,2.4299
2018-03-14,2.3859,2.4305,2.375,2.4096
2018-03-13,2.4037,2.4345,2.377,2.4075
2018-03-12,2.4213,2.4378,2.3841,2.4141
2018-03-09,2.3939,2.4367,2.3737,2.3958
2018-03-08,2.3761,2.427,2.371,2.3904
2018-03-07,2.379,2.4166,2.3705,2.4051
2018-03-06,2.4133,2.4255,2.3807,2.4024
2018-03-05,2.4015,2.4494,2.3759,2.4144
2018-03-02,2.4064,2.4358,2.3914,2.421
2018-03-01,2.4049,2.4365,2.3937,2.3963
2018-02-28,2.4205,2.4318,2.3883,2.4053
2018-02-27,2.3883,2.428,2.3771,2.4013
2018-02-26,2.4007,2.419,2.3758,2.388
2018-02-23,2.407,2.4255,2.3851,2.4043
2018-02-22,2.3942,2.4264,2.3773,2.3874
2018-02-21,2.3866,2.4207,2.3773,2.3946
2018-02-20,2.3915,2.4165,2.3732,2.414
2018-02-19,2.3737,2.4129,2.3611,2.3779
2018-02-16,2.357,2.4025,2.3477,2.374
2018-02-15,2.3751,2.4135,2.363,2.4027
2018-02-14,2.3866,2.431,2.3603,2.3735
2018-02-13,2.408,2.4519,2.389,2.4086
2018-02-12,2.4175,2.4581,2.394,2.4161
2018-02-09,2.4178,2.4405,2.3852,2.406
2018-02-08,2.4026,2.4337,2.3853,2.4003
2018-02-07,2.3918,2.4316,2.3718,2.4011
2018-02-06,2.3878,2.4228,2.3727,2.3857
2018-02-05,2.3845,2.436,2.361,2.4099
2018-02-02,2.4098,2.4339,2.3538,2.373
2018-02-01,2.3876,2.4337,2.3611,2.3685
2018-01-31,2.3928,2.4354,2.3634,2.4222
2018-01-30,2.398,2.4454,2.3779,2.4026
2018-01-29,2.412,2.4439,2.3746,2.4025
2018-01-26,2.4067,2.4285,2.3613,2.4005
2018-01-25,2.392,2.4474,2.3605,2.3866
2018-01-24,2.4417,2.4428,2.3826,2.392
2018-01-23,2.4093,2.5055,2.3996,2.4074
2018-01-22,2.441,2.4615,2.3787,2.4456
2018-01-19,2.4462,2.4687,2.4015,2.4395
2018-01-18,2.4284,2.4737,2.4055,2.4211
2018-01-17,2.453,2.4833,2.4141,2.4678
2018-01-16,2.4443,2.487,2.415,2.4528
2018-01-15,2.4928,2.4928,2.4013,2.4198
2018-01-12,2.4905,2.5171,2.4172,2.493
2018-01-11,2.5044,2.5118,2.4345,2.4529
2018-01-10,2.5067,2.5095,2.4404,2.4642
2018-01-09,2.4638,2.5217,2.4457,2.4682
2018-01-08,2.5,2.5265,2.4414,2.5132
2018-01-05,2.4504,2.5085,2.4313,2.4885
2018-01-04,2.4954,2.5156,2.4303,2.4484
2018-01-03,2.4617,2.5274,2.4469,2.5073
2018-01-02,2.457,2.5174,2.433,2.48
2018-01-01,2.4555,2.5159,2.4555,2.4555
2017-12-29,2.4952,2.5159,2.4493,2.4555
2017-12-28,2.4966,2.5194,2.4523,2.4775
2017-12-27,2.514,2.5299,2.4697,2.5073
2017-12-26,2.4768,2.5159,2.4605,2.5
2017-12-25,2.5156,2.5156,2.4594,2.4775
2017-12-22,2.4748,2.5159,2.4626,2.4805
2017-12-21,2.508,2.5299,2.4726,2.5098
2017-12-20,2.4998,2.5301,2.4566,2.4756
2017-12-19,2.5156,2.5166,2.4487,2.4796
2017-12-18,2.5002,2.5191,2.4663,2.4878
2017-12-15,2.4859,2.521,2.4696,2.5005
2017-12-14,2.5093,2.5166,2.4623,2.4857
2017-12-13,2.5276,2.54,2.4822,2.5095
2017-12-12,2.4987,2.5403,2.4817,2.5274
2017-12-11,2.5105,2.5402,2.4771,2.5215
2017-12-08,2.5069,2.53,2.4749,2.4965
2017-12-07,2.5316,2.5337,2.4837,2.5207
2017-12-06,2.518,2.5338,2.4797,2.52
2017-12-05,2.501,2.5322,2.4745,2.5178
2017-12-04,2.495,2.5367,2.4743,2.501
2017-12-01,2.4813,2.5159,2.4576,2.481
2017-11-30,2.515,2.5299,2.4669,2.4942
2017-11-29,2.4794,2.5156,2.4594,2.4785
2017-11-28,2.4842,2.5156,2.4543,2.4781
2017-11-27,2.509,2.5299,2.4626,2.498
2017-11-24,2.4987,2.5267,2.4617,2.4914
2017-11-23,2.4834,2.5156,2.4588,2.4754
2017-11-22,2.5147,2.5293,2.4823,2.4964
2017-11-21,2.4986,2.5224,2.4787,2.5191
2017-11-20,2.5072,2.5391,2.4809,2.5156
2017-11-17,2.4903,2.5085,2.4723,2.4965
2017-11-16,2.5038,2.5107,2.4762,2.4903
2017-11-15,2.505,2.5076,2.4676,2.488
2017-11-14,2.5036,2.5326,2.4846,2.4993
2017-11-13,2.5038,2.5356,2.4977,2.5189
2017-11-10,2.5154,2.5271,2.4885,2.5
2017-11-09,2.5065,2.5358,2.4905,2.5025
2017-11-08,2.5167,2.545,2.5069,2.5303
2017-11-07,2.5175,2.5375,2.4897,2.5101
2017-11-06,2.503,2.5382,2.4933,2.4937
2017-11-03,2.5123,2.5317,2.4944,2.5273
2017-11-02,2.521,2.5247,2.4857,2.4913
2017-11-01,2.4975,2.5316,2.4951,2.5251
2017-10-31,2.4964,2.5417,2.4849,2.4954
2017-10-30,2.5053,2.5271,2.4676,2.4971
2017-10-27,2.513,2.525,2.4611,2.503
2017-10-26,2.4914,2.5149,2.46,2.4973
2017-10-25,2.4869,2.5109,2.4728,2.4875
2017-10-24,2.4925,2.5105,2.4707,2.4983
2017-10-23,2.4955,2.5062,2.4774,2.5013
2017-10-20,2.4703,2.5006,2.4694,2.4962
2017-10-19,2.4928,2.4966,2.4647,2.4795
2017-10-18,2.4878,2.4963,2.4606,2.4862
2017-10-17,2.4808,2.4907,2.4637,2.4777
2017-10-16,2.4663,2.5278,2.3775,2.4735
2017-10-13,2.4785,2.4923,2.4537,2.4902
2017-10-12,2.4575,2.4794,2.4379,2.4686
2017-10-11,2.487,2.4919,2.4485,2.4763
2017-10-10,2.4826,2.5022,2.4637,2.4893
2017-10-09,2.4792,2.4985,2.4607,2.4809
2017-10-06,2.4907,2.5162,2.4675,2.4908
2017-10-05,2.4771,2.4966,2.4461,2.483
2017-10-04,2.4771,2.4905,2.4451,2.4747
2017-10-03,2.4774,2.4931,2.4482,2.4911
2017-10-02,2.4653,2.4888,2.4358,2.4764
2017-09-29,2.4825,2.4874,2.45,2.478
2017-09-28,2.4745,2.4855,2.4358,2.4461
2017-09-27,2.4678,2.4865,2.4358,2.4699
2017-09-26,2.4592,2.4802,2.4358,2.4672
2017-09-25,2.4392,2.4689,2.4318,2.4594
2017-09-22,2.4417,2.4628,2.4198,2.4447
2017-09-21,2.4516,2.4661,2.4308,2.4428
2017-09-20,2.4335,2.4715,2.4173,2.4639
2017-09-19,2.4306,2.4743,2.4152,2.423
2017-09-18,2.4392,2.4792,2.4213,2.4272
2017-09-15,2.4545,2.4925,2.4341,2.4551
2017-09-14,2.4432,2.4737,2.4266,2.4407
2017-09-13,2.449,2.4795,2.429,2.4633
2017-09-12,2.4416,2.4731,2.4318,2.4461
2017-09-11,2.432,2.4731,2.4036,2.4532
2017-09-08,2.4198,2.4588,2.4011,2.4188
2017-09-07,2.4483,2.4731,2.4174,2.439
2017-09-06,2.4478,2.4731,2.4322,2.4481
2017-09-05,2.449,2.4731,2.4336,2.4489
2017-09-04,2.4308,2.4588,2.4177,2.4324
2017-09-01,2.4396,2.4588,2.4207,2.4373
2017-08-31,2.4348,2.4659,2.4207,2.4318
2017-08-30,2.4209,2.4592,2.4011,2.4365
2017-08-29,2.423,2.4731,2.4025,2.4574
2017-08-28,2.4348,2.4588,2.3767,2.4215
2017-08-25,2.4375,2.4621,2.4083,2.428
2017-08-24,2.4501,2.4741,2.4471,2.4517
2017-08-23,2.4436,2.4686,2.4068,2.4423
2017-08-22,2.399,2.4773,2.387,2.4497
2017-08-21,2.4032,2.5008,2.388,2.3992
2017-08-18,2.4632,2.4766,2.4021,2.4554
2017-08-17,2.4062,2.4623,2.3853,2.4087
2017-08-16,2.4248,2.485,2.4024,2.4542
2017-08-15,2.4187,2.4721,2.3946,2.4567
2017-08-14,2.38,2.4539,2.3726,2.4515
2017-08-11,2.4381,2.4436,2.3775,2.3988
2017-08-10,2.4085,2.4675,2.3775,2.4529
2017-08-09,2.4426,2.456,2.3824,2.3918
2017-08-08,2.4013,2.4503,2.3755,2.4083
2017-08-07,2.3915,2.4531,2.3767,2.3866
2017-08-04,2.3908,2.4474,2.3671,2.4009
2017-08-03,2.3695,2.4607,2.3667,2.3977
2017-08-02,2.3985,2.4419,2.3627,2.3935
2017-08-01,2.4009,2.4432,2.3664,2.4003
2017-07-31,2.4045,2.4457,2.3625,2.3721
2017-07-28,2.4509,2.4622,2.3814,2.4449
2017-07-27,2.4393,2.4596,2.3812,2.419
2017-07-26,2.4562,2.4747,2.3904,2.4491
2017-07-25,2.4589,2.4859,2.3911,2.4479
2017-07-24,2.41,2.5097,2.3859,2.4675
2017-07-21,2.4473,2.4958,2.3893,2.4213
2017-07-20,2.4247,2.4904,2.4015,2.458
2017-07-19,2.4099,2.4748,2.4095,2.4284
2017-07-18,2.458,2.4937,2.4063,2.4242
2017-07-17,2.426,2.496,2.4166,2.4709
2017-07-14,2.4717,2.4964,2.4075,2.4685
2017-07-13,2.4318,2.5016,2.4198,2.4838
2017-07-12,2.4606,2.4783,2.4179,2.4379
2017-07-11,2.4385,2.4803,2.405,2.4289
2017-07-10,2.4826,2.4834,2.401,2.4392
2017-07-07,2.4365,2.4794,2.3988,2.427
2017-07-06,2.4369,2.5002,2.4017,2.4318
2017-07-05,2.4653,2.5017,2.4057,2.4419
2017-07-04,2.4398,2.4827,2.4043,2.4426
2017-07-03,2.4606,2.4781,2.398,2.4322
2017-06-30,2.4152,2.4847,2.3962,2.465
2017-06-29,2.4539,2.475,2.3935,2.4156
2017-06-28,2.4235,2.5011,2.356,2.4666
2017-06-27,2.4699,2.488,2.4175,2.4368
2017-06-26,2.4695,2.4981,2.448,2.4876
2017-06-23,2.4351,2.5195,2.429,2.4833
2017-06-22,2.4591,2.5264,2.4048,2.4914
2017-06-21,2.4677,2.5114,2.4328,2.4604
2017-06-20,2.4629,2.5326,2.432,2.463
2017-06-19,2.4595,2.508,2.3163,2.4653
2017-06-16,2.4628,2.5034,2.4004,2.4562
2017-06-15,2.4504,2.5034,2.3876,2.4642
2017-06-14,2.4534,2.4987,2.3864,2.4531
2017-06-13,2.4707,2.4985,2.3843,2.4543
2017-06-12,2.445,2.4995,2.3843,2.4544
2017-06-09,2.4391,2.5042,2.3843,2.448
2017-06-08,2.4344,2.4958,2.3843,2.4421
2017-06-07,2.4314,2.4979,2.3661,2.4483
2017-06-06,2.4347,2.499,2.3661,2.4437
2017-06-05,2.435,2.4802,2.404,2.4316
2017-06-02,2.436,2.4808,2.3668,2.4255
2017-06-01,2.4151,2.4785,2.3733,2.4358
2017-05-31,2.4276,2.5102,2.3747,2.4507
2017-05-30,2.4328,2.5074,2.3774,2.4478
2017-05-29,2.426,2.4993,2.38,2.4641
2017-05-26,2.3426,2.4796,2.2341,2.4268
2017-05-25,2.4066,2.4809,2.3324,2.4727
2017-05-24,2.4343,2.4957,2.3363,2.4406
2017-05-23,2.4268,2.5396,2.3466,2.4295
2017-05-22,2.421,2.5488,2.3163,2.433
2017-05-19,2.4396,2.522,2.2388,2.4345
2017-05-18,2.4365,2.58,2.3747,2.4302
2017-05-17,2.418,2.5301,2.3116,2.5031
2017-05-16,2.4389,2.6094,2.3836,2.4173
2017-05-15,2.4185,2.5387,2.2662,2.4895
2017-05-12,2.4508,2.5226,2.3418,2.4782
2017-05-11,2.4191,2.4773,2.3388,2.4215
2017-05-10,2.4086,2.6337,2.2764,2.4277
2017-05-09,2.4082,2.4757,2.2506,2.4136
2017-05-08,2.416,2.4598,2.2653,2.4192
2017-05-05,2.4104,2.5,2.264,2.4102
2017-05-04,2.4141,2.4956,2.27,2.3918
2017-05-03,2.3844,2.4966,2.3025,2.3923
2017-05-02,2.4283,2.6056,2.2445,2.3853
2017-05-01,2.4268,2.515,2.381,2.4488
2017-04-28,2.375,2.4907,2.3283,2.4638
2017-04-27,2.3838,2.6037,2.2896,2.3939
2017-04-26,2.3726,2.5244,2.2669,2.3876
2017-04-25,2.2812,2.609,2.263,2.3733
2017-04-24,2.516,2.6141,2.2763,2.2875
2017-04-21,2.3927,2.5589,2.294,2.5166
2017-04-20,2.3047,2.5029,2.2852,2.4082
2017-04-19,2.301,2.3752,2.2785,2.3138
2017-04-18,2.3522,2.3822,2.2786,2.3049
2017-04-17,2.316,2.3826,2.2922,2.3138
2017-04-14,2.3453,2.3592,2.2814,2.3072
2017-04-13,2.3563,2.3709,2.2788,2.3461
2017-04-12,2.3015,2.3733,2.2791,2.3346
2017-04-11,2.2944,2.3754,2.2822,2.2887
2017-04-10,2.3328,2.3514,2.2827,2.3007
2017-04-07,2.2834,2.3479,2.267,2.3013
2017-04-06,2.2728,2.3448,2.267,2.2848
2017-04-05,2.2672,2.3438,2.2647,2.2738
2017-04-04,2.2837,2.3408,2.2583,2.2805
2017-04-03,2.2775,2.3562,2.2668,2.3366
2017-03-31,2.2798,2.3457,2.2662,2.2835
2017-03-30,2.2661,2.3457,2.2573,2.2814
2017-03-29,2.2603,2.3223,2.2436,2.2691
2017-03-28,2.285,2.3125,2.2372,2.2508
2017-03-27,2.2611,2.3104,2.2368,2.253
2017-03-24,2.2535,2.3098,2.2457,2.2618
2017-03-23,2.287,2.3083,2.2481,2.2546
2017-03-22,2.2824,2.3024,2.249,2.263
2017-03-21,2.2875,2.2952,2.2507,2.2597
2017-03-20,2.2865,2.3079,2.2592,2.2976
2017-03-17,2.29,2.308,2.2581,2.3014
2017-03-16,2.2691,2.3037,2.2594,2.2654
2017-03-15,2.2862,2.3198,2.2606,2.2918
2017-03-14,2.2826,2.3242,2.2727,2.3151
2017-03-13,2.2795,2.3162,2.2619,2.3042
2017-03-10,2.2909,2.3233,2.2697,2.2805
2017-03-09,2.2998,2.3224,2.2781,2.295
2017-03-08,2.29,2.3274,2.2838,2.2921
2017-03-07,2.3034,2.3146,2.2782,2.2931
2017-03-06,2.2915,2.3067,2.2745,2.2928
2017-03-03,2.3172,2.3315,2.281,2.2925
2017-03-02,2.3121,2.3301,2.2858,2.3227
2017-03-01,2.2897,2.3239,2.2808,2.2934
2017-02-28,2.2883,2.3136,2.2756,2.3082
2017-02-27,2.2885,2.3196,2.2734,2.2877
2017-02-24,2.3039,2.3115,2.2752,2.2895
2017-02-23,2.2847,2.3163,2.2795,2.2887
2017-02-22,2.2945,2.3208,2.2784,2.3016
2017-02-21,2.2811,2.3146,2.2754,2.3086
2017-02-20,2.2825,2.3036,2.2724,2.2816
2017-02-17,2.2745,2.2923,2.264,2.2845
2017-02-16,2.2848,2.299,2.2675,2.2833
2017-02-15,2.2886,2.3214,2.2738,2.2855
2017-02-14,2.2856,2.3023,2.2725,2.2886
2017-02-13,2.2799,2.2975,2.2717,2.2864
2017-02-10,2.28,2.2996,2.2659,2.282
2017-02-09,2.2753,2.3006,2.2659,2.2811
2017-02-08,2.2828,2.3113,2.2654,2.2741
2017-02-07,2.2769,2.311,2.2654,2.2849
2017-02-06,2.2783,2.3017,2.2583,2.2772
2017-02-03,2.2876,2.3108,2.255,2.2808
2017-02-02,2.2855,2.3098,2.2461,2.2872
2017-02-01,2.2979,2.3127,2.2553,2.2893
2017-01-31,2.2796,2.3192,2.2574,2.2923
2017-01-30,2.3065,2.3256,2.2678,2.2805
2017-01-27,2.2813,2.3205,2.2688,2.3075
2017-01-26,2.2695,2.319,2.2589,2.3098
2017-01-25,2.2744,2.3089,2.2598,2.2725
2017-01-24,2.268,2.3106,2.2584,2.3053
2017-01-23,2.283,2.3146,2.2565,2.271
2017-01-20,2.313,2.325,2.2665,2.284
2017-01-19,2.3151,2.3277,2.2711,2.2847
2017-01-18,2.2899,2.322,2.2646,2.3213
2017-01-17,2.3271,2.3415,2.2664,2.3054
2017-01-16,2.305,2.3397,2.2834,2.2936
2017-01-13,2.2913,2.3405,2.2757,2.3235
2017-01-12,2.305,2.3392,2.2709,2.2925
2017-01-11,2.3102,2.3543,2.2825,2.3046
2017-01-10,2.2966,2.3473,2.2822,2.3438
2017-01-09,2.2955,2.3489,2.2881,2.3371
2017-01-06,2.3241,2.3436,2.2809,2.2965
2017-01-05,2.3496,2.3505,2.2802,2.2926
2017-01-04,2.3223,2.3693,2.304,2.3079
2017-01-03,2.3112,2.3767,2.3024,2.3569
2017-01-02,2.3005,2.3527,2.2964,2.3129
2016-12-30,2.3065,2.3449,2.2787,2.3015
2016-12-29,2.3482,2.3525,2.2999,2.3092
2016-12-28,2.3379,2.3609,2.3033,2.3445
2016-12-27,2.3067,2.3463,2.3067,2.3134
2016-12-26,2.312,2.3441,2.3029,2.3125
2016-12-23,2.3148,2.3393,2.2961,2.3132
2016-12-22,2.3174,2.3394,2.3003,2.3165
2016-12-21,2.3211,2.3403,2.3091,2.3152
2016-12-20,2.3217,2.3428,2.311,2.3205
2016-12-19,2.3145,2.3443,2.3013,2.3182
2016-12-16,2.322,2.3316,2.3014,2.3155
2016-12-15,2.3055,2.3375,2.2976,2.3224
2016-12-14,2.2967,2.326,2.2797,2.306
2016-12-13,2.3031,2.3154,2.2816,2.2974
2016-12-12,2.3152,2.323,2.2924,2.3041
2016-12-09,2.3097,2.3277,2.3023,2.3165
2016-12-08,2.3021,2.3241,2.2666,2.3117
2016-12-07,2.3039,2.3117,2.2677,2.2973
2016-12-06,2.2937,2.316,2.2613,2.3077
2016-12-05,2.2935,2.3224,2.2585,2.2999
2016-12-02,2.302,2.3146,2.2729,2.2933
2016-12-01,2.3128,2.3238,2.2774,2.307
2016-11-30,2.2847,2.3283,2.2774,2.3124
2016-11-29,2.291,2.3169,2.2792,2.2861
2016-11-28,2.3032,2.3167,2.274,2.2906
2016-11-25,2.309,2.314,2.2854,2.294
2016-11-24,2.3136,2.323,2.2884,2.3117
2016-11-23,2.2895,2.3241,2.2803,2.2989
2016-11-22,2.2857,2.3022,2.2766,2.2883
2016-11-21,2.2974,2.3018,2.2784,2.2919
2016-11-18,2.2933,2.3141,2.2809,2.2984
2016-11-17,2.2876,2.3062,2.2708,2.2936
2016-11-16,2.2828,2.2997,2.2713,2.2917
2016-11-15,2.2825,2.2992,2.2697,2.2832
2016-11-14,2.2638,2.3018,2.2615,2.2887
2016-11-11,2.2608,2.2806,2.2469,2.2625
2016-11-10,2.2625,2.274,2.2462,2.2611
2016-11-09,2.2417,2.2654,2.1843,2.2613
2016-11-08,2.2378,2.2531,2.2277,2.2438
2016-11-07,2.2259,2.2494,2.2226,2.2428
2016-11-04,2.2268,2.2385,2.2113,2.2277
2016-11-03,2.2313,2.2441,2.2149,2.23
2016-11-02,2.2316,2.2437,2.2167,2.2313
2016-11-01,2.2441,2.254,2.224,2.2378
2016-10-31,2.2475,2.2585,2.234,2.2472
2016-10-28,2.258,2.2645,2.2397,2.2475
2016-10-27,2.2596,2.2662,2.2426,2.2555
2016-10-26,2.2608,2.27,2.2417,2.2541
2016-10-25,2.2564,2.2738,2.2468,2.2565
2016-10-24,2.2604,2.2659,2.2456,2.2574
2016-10-21,2.2522,2.2693,2.2437,2.2636
2016-10-20,2.2484,2.2606,2.2293,2.258
2016-10-19,2.2411,2.2559,2.2337,2.2443
2016-10-18,2.2405,2.2519,2.228,2.2447
2016-10-17,2.2434,2.25,2.23,2.2424
2016-10-14,2.2309,2.2481,2.22,2.2439
2016-10-13,2.2287,2.2442,2.2208,2.2322
2016-10-12,2.2273,2.2454,2.2181,2.2376
2016-10-11,2.2155,2.2397,2.2058,2.2328
2016-10-10,2.21,2.2214,2.2,2.2168
2016-10-07,2.2133,2.2262,2.1969,2.2071
2016-10-06,2.2033,2.2204,2.196,2.2157
2016-10-05,2.2044,2.2148,2.192,2.2062
2016-10-04,2.202,2.2223,2.192,2.2062
2016-10-03,2.1983,2.2071,2.1904,2.2056
2016-09-30,2.2001,2.2147,2.1924,2.1955
2016-09-29,2.2011,2.2095,2.1885,2.2006
2016-09-28,2.2012,2.2135,2.1927,2.1998
2016-09-27,2.1967,2.2112,2.1878,2.2058
2016-09-26,2.2035,2.2089,2.1842,2.1995
2016-09-23,2.2036,2.2111,2.1928,2.2016
2016-09-22,2.2058,2.2094,2.1876,2.2058
2016-09-21,2.2116,2.2218,2.196,2.2039
2016-09-20,2.2077,2.2168,2.194,2.2134
2016-09-19,2.212,2.2144,2.195,2.2075
2016-09-16,2.1984,2.2156,2.1908,2.2128
2016-09-15,2.1978,2.2042,2.1864,2.1983
2016-09-14,2.2019,2.2054,2.1825,2.197
2016-09-13,2.1996,2.2068,2.189,2.2042
2016-09-12,2.2001,2.2062,2.1889,2.2017
2016-09-09,2.1961,2.21,2.1859,2.2016
2016-09-08,2.1986,2.2018,2.1796,2.1978
2016-09-07,2.1979,2.2028,2.1879,2.1985
2016-09-06,2.2087,2.214,2.1882,2.1959
2016-09-05,2.205,2.2142,2.1967,2.2121
2016-09-02,2.201,2.22,2.1886,2.2104
2016-09-01,2.2096,2.2205,2.1955,2.2022
2016-08-31,2.2078,2.2203,2.2023,2.209
2016-08-30,2.2041,2.2157,2.195,2.212
2016-08-29,2.2022,2.214,2.1931,2.2072
2016-08-26,2.1917,2.2168,2.1804,2.2069
2016-08-25,2.1931,2.1987,2.18,2.1934
2016-08-24,2.188,2.2016,2.178,2.1981
2016-08-23,2.1853,2.199,2.172,2.1881
2016-08-22,2.183,2.2024,2.1758,2.1871
2016-08-19,2.1817,2.1936,2.1711,2.186
2016-08-18,2.1879,2.1972,2.1713,2.1808
2016-08-17,2.1899,2.2004,2.18,2.1906
2016-08-16,2.2051,2.2081,2.1789,2.1934
2016-08-15,2.2059,2.2157,2.1905,2.2051
2016-08-12,2.2105,2.2134,2.1909,2.2069
2016-08-11,2.2062,2.2146,2.1938,2.213
2016-08-10,2.213,2.2244,2.194,2.2019
2016-08-09,2.2076,2.2234,2.2039,2.2139
2016-08-08,2.219,2.2315,2.2049,2.2138
2016-08-05,2.2051,2.228,2.1993,2.2215
2016-08-04,2.2121,2.2205,2.201,2.2156
2016-08-03,2.2006,2.221,2.1917,2.2155
2016-08-02,2.2098,2.2165,2.1913,2.2013
2016-08-01,2.2084,2.2237,2.1848,2.2131
2016-07-29,2.225,2.2313,2.1998,2.2134
2016-07-28,2.2258,2.2332,2.2091,2.226
2016-07-27,2.2293,2.2439,2.2106,2.2336
2016-07-26,2.2348,2.2419,2.2095,2.2372
2016-07-25,2.2255,2.2475,2.222,2.2428
2016-07-22,2.2285,2.2447,2.2146,2.2404
2016-07-21,2.2214,2.2397,2.2084,2.2251
2016-07-20,2.2238,2.241,2.2102,2.2235
2016-07-19,2.2068,2.2311,2.1969,2.2264
2016-07-18,2.2155,2.2277,2.1973,2.217
2016-07-15,2.201,2.2293,2.1879,2.2195
2016-07-14,2.2047,2.2239,2.1859,2.2043
2016-07-13,2.2104,2.2191,2.189,2.1993
2016-07-12,2.2,2.2168,2.184,2.2008
2016-07-11,2.1975,2.2199,2.1934,2.201
2016-07-08,2.1996,2.218,2.1883,2.21
2016-07-07,2.1972,2.2134,2.1876,2.2077
2016-07-06,2.2008,2.212,2.1865,2.1966
2016-07-05,2.1872,2.2169,2.177,2.2103
2016-07-04,2.19,2.2065,2.1755,2.1938
2016-07-01,2.1831,2.2043,2.174,2.1906
2016-06-30,2.1854,2.2068,2.1691,2.1872
2016-06-29,2.1847,2.2266,2.1703,2.1797
2016-06-28,2.2033,2.2342,2.1659,2.2095
2016-06-27,2.1835,2.2362,2.15,2.216
2016-06-24,2.1355,2.2216,2.1267,2.1751
2016-06-23,2.1618,2.1649,2.1299,2.143
2016-06-22,2.1588,2.1755,2.1416,2.1532
2016-06-21,2.1566,2.1745,2.138,2.1635
2016-06-20,2.1588,2.1652,2.1351,2.1483
2016-06-17,2.1604,2.1742,2.1453,2.154
2016-06-16,2.156,2.189,2.1453,2.1667
2016-06-15,2.1637,2.1831,2.1498,2.1564
2016-06-14,2.1461,2.1738,2.1416,2.1635
2016-06-13,2.1776,2.1848,2.1409,2.1524
2016-06-10,2.1557,2.2018,2.1017,2.1566
2016-06-09,2.0992,2.1719,2.0837,2.1561
2016-06-08,2.1349,2.1396,2.0912,2.0998
2016-06-07,2.1276,2.1418,2.1029,2.1367
2016-06-06,2.1237,2.1372,2.0964,2.1262
2016-06-03,2.1397,2.1606,2.1021,2.1267
2016-06-02,2.1168,2.1556,2.0907,2.14
2016-06-01,2.123,2.1289,2.0922,2.1158
2016-05-31,2.1004,2.1277,2.0901,2.1151
2016-05-30,2.093,2.1066,2.0788,2.1021
2016-05-27,2.0837,2.1112,2.0728,2.101
2016-05-26,2.085,2.0948,2.0733,2.0893
2016-05-25,2.0833,2.0947,2.0728,2.088
2016-05-24,2.0699,2.0871,2.0634,2.0842
2016-05-23,2.0802,2.084,2.0571,2.0705
2016-05-20,2.0733,2.084,2.0599,2.0722
2016-05-19,2.0673,2.0843,2.0562,2.0755
2016-05-18,2.0579,2.0779,2.0512,2.068
2016-05-17,2.0583,2.0698,2.0463,2.0641
2016-05-16,2.0455,2.0686,2.0378,2.0606
2016-05-13,2.0272,2.0568,2.0166,2.053
2016-05-12,2.0141,2.0415,2.0048,2.0368
2016-05-11,2.0193,2.0279,2.0063,2.0181
2016-05-10,2.0175,2.0273,2.0093,2.0235
2016-05-09,2.0115,2.0227,2.0013,2.0189
2016-05-06,2.0088,2.0185,1.9971,2.0152
2016-05-05,1.9987,2.0158,1.9908,2.0107
2016-05-04,1.9993,2.0046,1.9868,2.0002
2016-05-03,1.9922,2,1.9746,1.9987
2016-05-02,2.005,2.0137,1.9835,1.9943
2016-04-29,2.0178,2.0212,1.993,1.9944
2016-04-28,2.0143,2.0262,1.9969,2.0145
2016-04-27,2.0158,2.0244,2.0058,2.0157
2016-04-26,2.0204,2.024,2.0053,2.0164
2016-04-25,2.0268,2.0333,2.0087,2.0202
2016-04-22,2.01,2.0353,2.0048,2.0257
2016-04-21,2.0142,2.0236,1.9947,2.017
2016-04-20,2.0057,2.0216,1.9951,2.0168
2016-04-19,2.01,2.0177,1.9937,2.0063
2016-04-18,2.0109,2.0175,1.9963,2.0114
2016-04-15,2.0153,2.0219,2.0034,2.013
2016-04-14,2.0169,2.0272,2.0055,2.0154
2016-04-13,1.9965,2.024,1.9902,2.0149
2016-04-12,2.0003,2.0166,1.9813,1.9996
2016-04-11,2.02,2.0248,1.9775,2.0011
2016-04-08,2.0097,2.0264,1.9952,2.0183
2016-04-07,2.0012,2.0229,1.9815,2.0185
2016-04-06,2.0076,2.0175,1.987,2.0061
2016-04-05,2.0056,2.0162,1.9956,2.0078
2016-04-04,2.004,2.0145,1.9873,2.0069
2016-04-01,2.0097,2.0222,1.9873,2.0043
2016-03-31,1.9985,2.0267,1.9889,2.016
2016-03-30,2.0084,2.0289,1.9924,2.0149
2016-03-29,2.0201,2.0377,1.9975,2.0151
2016-03-28,2.0224,2.0431,2.0104,2.0168
2016-03-25,2.0282,2.0398,2.0053,2.0344
2016-03-24,2.0227,2.0362,1.9973,2.0272
2016-03-23,2.011,2.0294,2.005,2.0242
2016-03-22,2.0079,2.0299,1.9963,2.0196
2016-03-21,2.0035,2.0179,1.9955,2.0162
2016-03-18,1.9975,2.0106,1.987,2.0065
2016-03-17,2.0067,2.0168,1.9867,2.0006
2016-03-16,2.0215,2.0305,1.9867,2.0076
2016-03-15,2.0231,2.0315,2.0082,2.0194
2016-03-14,2.0199,2.0326,2.0092,2.0157
2016-03-11,2.0122,2.0288,1.9999,2.0209
2016-03-10,2.0289,2.0678,1.9864,2.0095
2016-03-09,2.0322,2.0455,2.0215,2.0358
2016-03-08,2.0301,2.0423,2.0213,2.0345
2016-03-07,2.0354,2.0501,2.0238,2.0354
2016-03-04,2.0388,2.0529,2.0193,2.0355
2016-03-03,2.0488,2.0554,2.0294,2.0371
2016-03-02,2.0503,2.0642,2.0388,2.0503
2016-03-01,2.0479,2.0587,2.0358,2.0511
2016-02-29,2.0465,2.0583,2.0309,2.0515
2016-02-26,2.0303,2.0547,2.0158,2.0475
2016-02-25,2.0315,2.0454,2.0205,2.0305
2016-02-24,2.0349,2.0457,2.0203,2.0313
2016-02-23,2.0309,2.0436,2.0183,2.0319
2016-02-22,2.0235,2.0389,2.013,2.0347
2016-02-19,2.0148,2.0306,2.0088,2.0245
2016-02-18,2.0181,2.0353,2.0094,2.0198
2016-02-17,2.014,2.024,2.0023,2.0172
2016-02-16,2.0147,2.0213,2.0025,2.0166
2016-02-15,2.0005,2.0234,1.9953,2.0177
2016-02-12,1.9948,2.0155,1.9888,2.0015
2016-02-11,1.9922,2.0091,1.9836,2.0006
2016-02-10,2.0021,2.0274,1.9862,2.0025
2016-02-09,2.0059,2.0229,1.9895,2.0028
2016-02-08,2.019,2.0307,2.0023,2.0131
2016-02-05,2.0074,2.0263,1.997,2.02
2016-02-04,2.0126,2.0284,1.993,2.0075
2016-02-03,2.0408,2.0442,1.9983,2.0152
2016-02-02,2.0417,2.0452,2.0227,2.0396
2016-02-01,2.0473,2.052,2.0288,2.0428
2016-01-29,2.0326,2.0587,2.0241,2.0487
2016-01-28,2.0393,2.0497,2.024,2.0313
2016-01-27,2.0401,2.0505,2.0286,2.039
2016-01-26,2.0461,2.054,2.0308,2.0417
2016-01-25,2.053,2.0561,2.0391,2.0508
2016-01-22,2.0394,2.058,2.0344,2.054
2016-01-21,2.0408,2.0622,2.0298,2.0422
2016-01-20,2.0377,2.0454,2.021,2.0427
2016-01-19,2.0391,2.048,2.0265,2.0371
2016-01-18,2.03,2.0508,2.0266,2.0412
2016-01-15,2.0428,2.047,2.0192,2.031
2016-01-14,2.0406,2.0495,2.0219,2.0414
2016-01-13,2.0403,2.0568,2.0323,2.0396
2016-01-12,2.0422,2.0546,2.0315,2.0409
2016-01-11,2.0415,2.0491,2.0223,2.0415
2016-01-08,2.0274,2.0545,2.0232,2.041
2016-01-07,2.053,2.0595,2.0219,2.0295
2016-01-06,2.0541,2.0676,2.0391,2.0547
2016-01-05,2.0428,2.0642,2.0312,2.0539
2016-01-04,2.0298,2.0531,2.0133,2.0421
2016-01-01,2.0363,2.0436,2.0335,2.0376
2015-12-31,2.0247,2.0425,2.0178,2.0377
2015-12-30,2.0254,2.0328,2.0173,2.027
2015-12-29,2.0193,2.033,2.0109,2.0255
2015-12-28,2.0255,2.0292,2.0111,2.0214
2015-12-25,2.0175,2.0336,2.0135,2.0225
2015-12-24,2.0306,2.0348,2.0146,2.0226
2015-12-23,2.0303,2.0405,2.0202,2.0324
2015-12-22,2.023,2.0332,2.0127,2.0287
2015-12-21,2.03,2.0385,2.0144,2.0289
2015-12-18,2.0323,2.0434,2.0175,2.031
2015-12-17,2.0261,2.0413,2.0175,2.0303
2015-12-16,2.0236,2.0339,2.0084,2.0215
2015-12-15,2.0121,2.0309,1.9964,2.0231
2015-12-14,2.0115,2.0209,1.9979,2.0149
2015-12-11,2.0167,2.0231,2.001,2.013
2015-12-10,2.0048,2.0208,1.9981,2.0173
2015-12-09,2.0202,2.0257,1.9959,2.0057
2015-12-08,2.0274,2.0334,2.0105,2.0214
2015-12-07,2.0205,2.0371,2.0142,2.0295
2015-12-04,2.0112,2.035,1.9982,2.0245
2015-12-03,2.0576,2.0686,1.9946,2.0108
2015-12-02,2.057,2.0738,2.0522,2.0591
2015-12-01,2.0612,2.0742,2.0519,2.058
2015-11-30,2.0652,2.0755,2.0565,2.0622
2015-11-27,2.0629,2.0755,2.0478,2.0615
2015-11-26,2.056,2.0708,2.0475,2.0649
2015-11-25,2.0532,2.0713,2.0406,2.0614
2015-11-24,2.0517,2.0609,2.0385,2.053
2015-11-23,2.05,2.0609,2.0389,2.0524
2015-11-20,2.0338,2.052,2.0289,2.047
2015-11-19,2.0444,2.0487,2.0252,2.0359
2015-11-18,2.048,2.0538,2.0355,2.0467
2015-11-17,2.0418,2.0556,2.0294,2.0487
2015-11-16,2.029,2.0463,2.0196,2.0424
2015-11-13,2.0179,2.0403,2.0082,2.03
2015-11-12,2.0246,2.0347,2.0072,2.0213
2015-11-11,2.0163,2.0331,2.0104,2.0236
2015-11-10,2.0243,2.0369,2.0107,2.0286
2015-11-09,2.0202,2.033,2.0069,2.0192
2015-11-06,2.0067,2.0389,2.0003,2.03
2015-11-05,2.0121,2.0198,1.9981,2.0075
2015-11-04,1.9985,2.0197,1.9889,2.0093
2015-11-03,1.993,2.007,1.9802,1.9939
2015-11-02,1.989,2.0032,1.982,1.9981
2015-10-30,1.9955,2.0058,1.9792,1.9939
2015-10-29,2.0077,2.0183,1.9899,2.003
2015-10-28,1.9876,2.0197,1.9763,2.0098
2015-10-27,1.989,1.9958,1.9756,1.9937
2015-10-26,1.996,2.0005,1.9832,1.9918
2015-10-23,1.9838,2.0034,1.9734,1.9969
2015-10-22,1.9559,1.9931,1.9488,1.9851
2015-10-21,1.9549,1.9605,1.9426,1.9563
2015-10-20,1.9534,1.9647,1.9411,1.9575
2015-10-19,1.9518,1.9632,1.9424,1.9584
2015-10-16,1.9497,1.9606,1.938,1.9535
2015-10-15,1.9361,1.9543,1.9296,1.9468
2015-10-14,1.9489,1.9551,1.9304,1.9393
2015-10-13,1.9498,1.959,1.9365,1.9526
2015-10-12,1.9502,1.9552,1.9405,1.9518
2015-10-09,1.9575,1.9644,1.9397,1.9504
2015-10-08,1.9625,1.968,1.9455,1.963
2015-10-07,1.955,1.9726,1.9474,1.9637
2015-10-06,1.9647,1.9719,1.9481,1.9549
2015-10-05,1.958,1.9716,1.9478,1.9669
2015-10-02,1.9636,1.975,1.94,1.9645
2015-10-01,1.9647,1.9759,1.9568,1.9656
2015-09-30,1.9538,1.9733,1.949,1.9698
2015-09-29,1.9587,1.9674,1.943,1.9589
2015-09-28,1.9685,1.9751,1.9513,1.9574
2015-09-25,1.9543,1.9793,1.9523,1.9654
2015-09-24,1.9624,1.9741,1.9413,1.9561
2015-09-23,1.9742,1.9795,1.9532,1.9687
2015-09-22,1.964,1.9775,1.9533,1.9732
2015-09-21,1.956,1.9692,1.942,1.9659
2015-09-18,1.9353,1.9642,1.9268,1.9583
2015-09-17,1.9526,1.962,1.9276,1.9368
2015-09-16,1.9514,1.966,1.943,1.9537
2015-09-15,1.9474,1.9602,1.9378,1.9564
2015-09-14,1.9459,1.9567,1.9378,1.9501
2015-09-11,1.9509,1.961,1.9378,1.9448
2015-09-10,1.9566,1.9724,1.9446,1.9548
2015-09-09,1.9543,1.977,1.9515,1.9616
2015-09-08,1.9642,1.9723,1.9499,1.9618
2015-09-07,1.9636,1.9733,1.9564,1.966
2015-09-04,1.965,1.9802,1.9548,1.9649
2015-09-03,1.9517,1.9743,1.9386,1.9673
2015-09-02,1.9384,1.9575,1.9292,1.9513
2015-09-01,1.9526,1.9573,1.9288,1.9434
2015-08-31,1.9622,1.9642,1.9417,1.9546
2015-08-28,1.9599,1.9754,1.9395,1.9591
2015-08-27,1.9518,1.9689,1.9378,1.9615
2015-08-26,1.9168,1.9636,1.9093,1.9596
2015-08-25,1.9008,1.95,1.891,1.9269
2015-08-24,1.9335,1.9385,1.8808,1.9012
2015-08-21,1.9423,1.9505,1.9177,1.9297
2015-08-20,1.9555,1.9648,1.9341,1.9435
2015-08-19,1.9619,1.973,1.9437,1.9511
2015-08-18,1.9599,1.975,1.9502,1.9722
2015-08-17,1.9522,1.9652,1.9463,1.9611
2015-08-14,1.9452,1.9617,1.9399,1.9605
2015-08-13,1.9472,1.9613,1.9395,1.9502
2015-08-12,1.9574,1.9676,1.9354,1.9512
2015-08-11,1.9562,1.972,1.9473,1.9617
2015-08-10,1.972,1.9788,1.949,1.9594
2015-08-07,1.9723,1.9844,1.9573,1.9643
2015-08-06,1.9736,1.9821,1.9646,1.9747
2015-08-05,1.9841,1.9943,1.9666,1.9785
2015-08-04,1.9713,1.9881,1.9617,1.9873
2015-08-03,1.96,1.9773,1.9583,1.9708
2015-07-31,1.9722,1.9815,1.9482,1.9693
2015-07-30,1.9673,1.9849,1.9598,1.9777
2015-07-29,1.958,1.9743,1.9473,1.9676
2015-07-28,1.9539,1.9654,1.9466,1.9595
2015-07-27,1.9725,1.978,1.943,1.9558
2015-07-24,1.9674,1.9783,1.9544,1.9695
2015-07-23,1.9727,1.9781,1.9512,1.9689
2015-07-22,1.9736,1.9832,1.9602,1.9737
2015-07-21,1.9831,1.9916,1.9607,1.9695
2015-07-20,1.98,1.9918,1.9713,1.9844
2015-07-17,1.9776,1.9878,1.967,1.9837
2015-07-16,1.969,1.9822,1.9608,1.978
2015-07-15,1.9621,1.9763,1.9525,1.9692
2015-07-14,1.9697,1.9784,1.9478,1.9649
2015-07-13,1.9539,1.9793,1.9367,1.9661
2015-07-10,1.9714,1.9758,1.9326,1.9489
2015-07-09,1.9619,1.9811,1.9517,1.9718
2015-07-08,1.9729,1.9815,1.9551,1.9667
2015-07-07,1.964,1.9894,1.9531,1.9733
2015-07-06,1.9588,1.9746,1.9498,1.9583
2015-07-03,1.9574,1.9686,1.9455,1.9587
2015-07-02,1.9616,1.9706,1.9457,1.9578
2015-07-01,1.9441,1.9743,1.9402,1.9619
2015-06-30,1.9319,1.9628,1.9277,1.9558
2015-06-29,1.9485,1.9647,1.9244,1.9407
2015-06-26,1.9315,1.9592,1.9298,1.949
2015-06-25,1.9417,1.9517,1.9308,1.9387
2015-06-24,1.9464,1.9503,1.9307,1.9432
2015-06-23,1.9268,1.9557,1.9205,1.9468
2015-06-22,1.9422,1.9442,1.9112,1.9275
2015-06-19,1.9254,1.939,1.9167,1.9261
2015-06-18,1.9257,1.932,1.9106,1.926
2015-06-17,1.9382,1.9459,1.919,1.9284
2015-06-16,1.9335,1.9476,1.9196,1.9388
2015-06-15,1.9475,1.9509,1.9229,1.9358
2015-06-12,1.9324,1.9553,1.9247,1.9373
2015-06-11,1.9225,1.9497,1.919,1.9374
2015-06-10,1.9326,1.9387,1.9118,1.9275
2015-06-09,1.925,1.9489,1.9136,1.9335
2015-06-08,1.9458,1.9552,1.9194,1.9329
2015-06-05,1.932,1.9648,1.9217,1.946
2015-06-04,1.9253,1.939,1.9086,1.9335
2015-06-03,1.9395,1.9639,1.9164,1.9359
2015-06-02,1.9669,1.9792,1.9312,1.946
2015-06-01,1.9574,1.9821,1.9527,1.9698
2015-05-29,1.9608,1.9742,1.9513,1.9614
2015-05-28,1.9698,1.9813,1.956,1.9653
2015-05-27,1.9728,1.9837,1.9597,1.9693
2015-05-26,1.9594,1.9779,1.9535,1.9741
2015-05-25,1.957,1.966,1.9446,1.9612
2015-05-22,1.9387,1.9603,1.9264,1.956
2015-05-21,1.9467,1.9527,1.9317,1.947
2015-05-20,1.9416,1.9584,1.9345,1.9485
2015-05-19,1.9187,1.9484,1.9123,1.9415
2015-05-18,1.904,1.9281,1.8981,1.9217
2015-05-15,1.9108,1.9271,1.8948,1.9063
2015-05-14,1.9128,1.9215,1.8958,1.9131
2015-05-13,1.9256,1.9314,1.9028,1.9135
2015-05-12,1.9272,1.9352,1.9098,1.9251
2015-05-11,1.922,1.9355,1.9165,1.9316
2015-05-08,1.913,1.9341,1.9014,1.9289
2015-05-07,1.894,1.9189,1.885,1.9155
2015-05-06,1.9137,1.9191,1.8866,1.8985
2015-05-05,1.9188,1.9315,1.9063,1.9166
2015-05-04,1.9068,1.9263,1.9042,1.9169
2015-05-01,1.9079,1.9188,1.8962,1.9115
2015-04-30,1.9182,1.9272,1.8961,1.908
2015-04-29,1.9288,1.9429,1.9023,1.9149
2015-04-28,1.9425,1.952,1.9221,1.9334
2015-04-27,1.9363,1.9552,1.932,1.9457
2015-04-24,1.9435,1.9637,1.9328,1.9444
2015-04-23,1.9641,1.9751,1.9402,1.9494
2015-04-22,1.9637,1.9701,1.9444,1.9593
2015-04-21,1.9586,1.9764,1.9484,1.9575
2015-04-20,1.9554,1.9695,1.9469,1.9608
2015-04-17,1.9614,1.9706,1.941,1.9482
2015-04-16,1.9702,1.9832,1.9476,1.9634
2015-04-15,1.9703,1.9885,1.959,1.9673
2015-04-14,1.9831,1.9902,1.9595,1.9707
2015-04-13,1.9766,1.9931,1.9676,1.9815
2015-04-10,1.971,1.9843,1.9569,1.9786
2015-04-09,1.9541,1.9762,1.9471,1.973
2015-04-08,1.9494,1.9647,1.937,1.9576
2015-04-07,1.9397,1.961,1.9271,1.9575
2015-04-06,1.926,1.9445,1.9185,1.9412
2015-04-03,1.9445,1.9511,1.9216,1.9345
2015-04-02,1.9569,1.9626,1.9351,1.942
2015-04-01,1.9567,1.967,1.9475,1.9583
2015-03-31,1.9475,1.968,1.9429,1.9654
2015-03-30,1.941,1.9599,1.9389,1.9516
2015-03-27,1.948,1.9606,1.9309,1.9436
2015-03-26,1.9342,1.9577,1.9181,1.9521
2015-03-25,1.9375,1.9439,1.9185,1.935
2015-03-24,1.9337,1.9446,1.9157,1.9394
2015-03-23,1.938,1.9551,1.9227,1.9357
2015-03-20,1.9611,1.972,1.926,1.9483
2015-03-19,1.9339,1.9767,1.9237,1.9682
2015-03-18,1.9589,1.9689,1.9162,1.9453
2015-03-17,1.9649,1.9727,1.9414,1.9556
2015-03-16,1.9788,1.9881,1.9472,1.9649
2015-03-13,1.9875,2.004,1.9698,1.9819
2015-03-12,2.0018,2.0195,1.9763,1.9925
2015-03-11,1.9898,2.0189,1.9806,2.0059
2015-03-10,1.9776,2.0039,1.9694,1.9908
2015-03-09,1.9825,1.9879,1.9657,1.9748
2015-03-06,1.9615,1.9867,1.955,1.9835
2015-03-05,1.9582,1.9761,1.9464,1.9654
2015-03-04,1.951,1.9693,1.942,1.9638
2015-03-03,1.9485,1.9566,1.9385,1.9535
2015-03-02,1.9398,1.9589,1.9364,1.953
2015-02-27,1.9523,1.9571,1.9353,1.9501
2015-02-26,1.923,1.9561,1.9199,1.954
2015-02-25,1.9343,1.9395,1.9194,1.9349
2015-02-24,1.9353,1.9438,1.9233,1.9379
2015-02-23,1.92,1.9428,1.9181,1.935
2015-02-20,1.9336,1.9448,1.9162,1.9325
2015-02-19,1.9242,1.937,1.9108,1.9334
2015-02-18,1.9202,1.9364,1.9135,1.9266
2015-02-17,1.9266,1.9383,1.9131,1.9249
2015-02-16,1.9195,1.9386,1.9119,1.9282
2015-02-13,1.9182,1.9255,1.9101,1.9205
2015-02-12,1.9274,1.937,1.9141,1.9213
2015-02-11,1.9328,1.9401,1.9241,1.9334
2015-02-10,1.9318,1.9406,1.9219,1.9347
2015-02-09,1.9219,1.9421,1.9158,1.9333
2015-02-06,1.9178,1.9355,1.9088,1.93
2015-02-05,1.9284,1.9448,1.9073,1.9149
2015-02-04,1.908,1.9421,1.9074,1.9301
2015-02-03,1.9297,1.9371,1.9006,1.9137
2015-02-02,1.9285,1.9443,1.9248,1.9313
2015-01-30,1.9323,1.94,1.9241,1.9355
2015-01-29,1.9366,1.9447,1.9234,1.9329
2015-01-28,1.9253,1.9421,1.919,1.9391
2015-01-27,1.9443,1.9488,1.9166,1.9243
2015-01-26,1.9614,1.9748,1.9331,1.9469
2015-01-23,1.938,1.9728,1.9136,1.9543
2015-01-22,1.9106,1.9595,1.8997,1.9465
2015-01-21,1.915,1.9223,1.8972,1.9126
2015-01-20,1.9088,1.9213,1.9027,1.916
2015-01-19,1.9081,1.9221,1.9004,1.9127
2015-01-16,1.9052,1.9395,1.899,1.915
2015-01-15,1.8956,1.9249,1.8809,1.9106
2015-01-14,1.8963,1.9057,1.8772,1.8957
2015-01-13,1.8848,1.9021,1.8772,1.8987
2015-01-12,1.8816,1.8984,1.8772,1.8902
2015-01-09,1.8873,1.901,1.88,1.891
2015-01-08,1.886,1.9043,1.8812,1.895
2015-01-07,1.8846,1.9036,1.8779,1.8914
2015-01-06,1.881,1.8922,1.8694,1.8844
2015-01-05,1.8689,1.8923,1.8685,1.8832
2015-01-02,1.8643,1.8818,1.855,1.8745
2015-01-01,1.867,1.8696,1.8586,1.8685
2014-12-31,1.8601,1.87,1.853,1.8667
2014-12-30,1.8629,1.871,1.8526,1.8623
2014-12-29,1.8627,1.8683,1.8489,1.8641
2014-12-26,1.8584,1.8738,1.8512,1.864
2014-12-25,1.8717,1.874,1.8496,1.8626
2014-12-24,1.866,1.8753,1.857,1.8646
2014-12-23,1.8693,1.875,1.8549,1.8677
2014-12-22,1.8677,1.8734,1.8548,1.8688
2014-12-19,1.8615,1.8718,1.8515,1.862
2014-12-18,1.8556,1.873,1.8454,1.8627
2014-12-17,1.8407,1.8644,1.8333,1.8521
2014-12-16,1.8464,1.8532,1.8254,1.8403
2014-12-15,1.8501,1.8574,1.8382,1.8495
2014-12-12,1.8526,1.8591,1.8359,1.8465
2014-12-11,1.8467,1.8611,1.836,1.8538
2014-12-10,1.8595,1.8631,1.8424,1.8522
2014-12-09,1.8571,1.8632,1.84,1.8581
2014-12-08,1.8549,1.869,1.8512,1.86
2014-12-05,1.8559,1.8687,1.8416,1.8592
2014-12-04,1.8563,1.8629,1.8357,1.8572
2014-12-03,1.8477,1.8605,1.8422,1.8577
2014-12-02,1.8399,1.8536,1.8319,1.8508
2014-12-01,1.8339,1.849,1.8292,1.8426
2014-11-28,1.8405,1.8485,1.8274,1.8409
2014-11-27,1.8349,1.8429,1.8229,1.8419
2014-11-26,1.837,1.8447,1.8228,1.8363
2014-11-25,1.8393,1.847,1.8301,1.8403
2014-11-24,1.8448,1.8498,1.8305,1.8407
2014-11-21,1.8282,1.849,1.8193,1.8422
2014-11-20,1.8261,1.8362,1.8185,1.8287
2014-11-19,1.8275,1.8349,1.8167,1.8271
2014-11-18,1.8282,1.8397,1.8199,1.8294
2014-11-17,1.8239,1.8399,1.8152,1.8367
2014-11-14,1.8332,1.8455,1.821,1.8285
2014-11-13,1.8365,1.8403,1.8246,1.8339
2014-11-12,1.8303,1.8411,1.8216,1.8379
2014-11-11,1.8372,1.8488,1.8214,1.8297
2014-11-10,1.829,1.8422,1.8192,1.8386
2014-11-07,1.8391,1.8467,1.8227,1.8348
2014-11-06,1.822,1.8446,1.815,1.8391
2014-11-05,1.8185,1.8332,1.8129,1.8266
2014-11-04,1.8235,1.827,1.8091,1.819
2014-11-03,1.819,1.828,1.8124,1.8259
2014-10-31,1.8073,1.8301,1.8036,1.8262
2014-10-30,1.8081,1.8226,1.7971,1.8106
2014-10-29,1.7913,1.8152,1.7869,1.8097
2014-10-28,1.8021,1.8052,1.7889,1.799
2014-10-27,1.7939,1.8077,1.7913,1.8025
2014-10-24,1.8069,1.8106,1.7942,1.8057
2014-10-23,1.8059,1.813,1.7944,1.8078
2014-10-22,1.7986,1.8102,1.7846,1.8087
2014-10-21,1.7842,1.8018,1.7778,1.7999
2014-10-20,1.7843,1.7998,1.783,1.7914
2014-10-17,1.7857,1.7993,1.7812,1.7958
2014-10-16,1.7794,1.8041,1.7779,1.7897
2014-10-15,1.8022,1.8108,1.7699,1.7881
2014-10-14,1.7934,1.8104,1.7849,1.8058
2014-10-13,1.7953,1.8064,1.7852,1.7923
2014-10-10,1.7946,1.8112,1.7856,1.8064
2014-10-09,1.7897,1.8045,1.7784,1.7958
2014-10-08,1.7951,1.8035,1.7842,1.7904
2014-10-07,1.7922,1.811,1.7878,1.798
2014-10-06,1.8094,1.8217,1.7898,1.7962
2014-10-03,1.799,1.8222,1.7904,1.8172
2014-10-02,1.8018,1.8126,1.7882,1.8016
2014-10-01,1.8002,1.8118,1.7912,1.8048
2014-09-30,1.7955,1.8106,1.7856,1.8026
2014-09-29,1.7856,1.8038,1.7824,1.7978
2014-09-26,1.7884,1.7998,1.7774,1.7967
2014-09-25,1.7864,1.7975,1.7774,1.7895
2014-09-24,1.7806,1.789,1.7696,1.7872
2014-09-23,1.7802,1.7833,1.7667,1.7818
2014-09-22,1.7776,1.7855,1.766,1.7815
2014-09-19,1.771,1.7881,1.7588,1.7822
2014-09-18,1.7739,1.786,1.7626,1.7718
2014-09-17,1.7679,1.7831,1.7565,1.7782
2014-09-16,1.7658,1.7733,1.7589,1.7662
2014-09-15,1.7634,1.7761,1.7536,1.7683
2014-09-12,1.7672,1.7712,1.7533,1.7643
2014-09-11,1.7647,1.7701,1.7513,1.7651
2014-09-10,1.7561,1.771,1.7506,1.7663
2014-09-09,1.7668,1.7724,1.7546,1.7655
2014-09-08,1.7523,1.7704,1.7507,1.7664
2014-09-05,1.7488,1.7687,1.7466,1.761
2014-09-04,1.735,1.7687,1.7318,1.7538
2014-09-03,1.7422,1.7469,1.731,1.743
2014-09-02,1.7432,1.7551,1.7335,1.7447
2014-09-01,1.7325,1.7467,1.7297,1.7446
2014-08-29,1.7331,1.7469,1.7272,1.7413
2014-08-28,1.7316,1.7431,1.7244,1.7387
2014-08-27,1.7343,1.7447,1.7233,1.7341
2014-08-26,1.7288,1.74,1.7256,1.7389
2014-08-25,1.7256,1.7435,1.7256,1.737
2014-08-22,1.7217,1.7352,1.7156,1.7333
2014-08-21,1.7364,1.7395,1.7166,1.7226
2014-08-20,1.7167,1.7378,1.7145,1.7371
2014-08-19,1.7125,1.7325,1.7087,1.7217
2014-08-18,1.718,1.7235,1.7049,1.7221
2014-08-15,1.7204,1.7248,1.7056,1.7186
2014-08-14,1.7149,1.725,1.7038,1.7213
2014-08-13,1.7206,1.7239,1.7119,1.7219
2014-08-12,1.7154,1.726,1.7072,1.7218
2014-08-11,1.7152,1.7224,1.7044,1.7111
2014-08-08,1.7126,1.7249,1.7039,1.7158
2014-08-07,1.7113,1.7222,1.7056,1.7185
2014-08-06,1.7148,1.7228,1.7066,1.7146
2014-08-05,1.7053,1.7228,1.7017,1.7121
2014-08-04,1.708,1.7202,1.701,1.7149
2014-08-01,1.7158,1.7244,1.7027,1.7112
2014-07-31,1.7214,1.7295,1.7079,1.7231
2014-07-30,1.7078,1.7325,1.7074,1.7223
2014-07-29,1.7134,1.7292,1.7058,1.7242
2014-07-28,1.7137,1.7292,1.7131,1.7222
2014-07-25,1.7202,1.7278,1.7086,1.7205
2014-07-24,1.7247,1.7322,1.7047,1.7254
2014-07-23,1.7266,1.7288,1.7058,1.7253
2014-07-22,1.7245,1.7293,1.7156,1.7278
2014-07-21,1.7157,1.7277,1.7144,1.7257
2014-07-18,1.7227,1.7298,1.7121,1.7246
2014-07-17,1.7192,1.727,1.7123,1.7245
2014-07-16,1.7043,1.7248,1.6924,1.7239
2014-07-15,1.7083,1.7162,1.6866,1.7149
2014-07-14,1.6896,1.7123,1.6841,1.71
2014-07-11,1.7019,1.7132,1.6854,1.7088
2014-07-10,1.6983,1.7094,1.686,1.6962
2014-07-09,1.6879,1.7057,1.6818,1.6925
2014-07-08,1.6927,1.6999,1.683,1.695
2014-07-07,1.6916,1.6971,1.6842,1.6947
2014-07-04,1.6905,1.7006,1.684,1.6943
2014-07-03,1.6849,1.694,1.6781,1.6917
2014-07-02,1.6797,1.6885,1.6685,1.6866
2014-07-01,1.6752,1.6861,1.6737,1.6808
2014-06-30,1.6768,1.6904,1.6668,1.6824
2014-06-27,1.6834,1.6909,1.6744,1.6842
2014-06-26,1.6819,1.6921,1.6735,1.6861
2014-06-25,1.687,1.697,1.6713,1.6833
2014-06-24,1.6704,1.6936,1.6634,1.6814
2014-06-23,1.6692,1.6817,1.6592,1.6759
2014-06-20,1.6568,1.6775,1.6446,1.6704
2014-06-19,1.6635,1.6705,1.6455,1.656
2014-06-18,1.6635,1.6687,1.6521,1.6626
2014-06-17,1.6599,1.6682,1.6496,1.6622
2014-06-16,1.6524,1.6682,1.6503,1.6623
2014-06-13,1.6504,1.6684,1.6323,1.6655
2014-06-12,1.6526,1.6631,1.6391,1.6489
2014-06-11,1.6526,1.6581,1.6405,1.657
2014-06-10,1.6411,1.6547,1.6323,1.652
2014-06-09,1.6342,1.6485,1.6178,1.642
2014-06-06,1.6272,1.6462,1.6186,1.6401
2014-06-05,1.6333,1.6517,1.6219,1.6318
2014-06-04,1.6284,1.6413,1.6203,1.6344
2014-06-03,1.6349,1.6401,1.6195,1.6293
2014-06-02,1.6289,1.6393,1.6196,1.6362
2014-05-30,1.6328,1.6362,1.6186,1.6323
2014-05-29,1.6312,1.6375,1.6211,1.6345
2014-05-28,1.6307,1.6369,1.6192,1.6359
2014-05-27,1.6294,1.6341,1.6162,1.6278
2014-05-26,1.6299,1.6338,1.618,1.6306
2014-05-23,1.6284,1.6358,1.6164,1.6311
2014-05-22,1.6247,1.6317,1.6132,1.6256
2014-05-21,1.6229,1.6312,1.6097,1.6252
2014-05-20,1.6211,1.6285,1.6093,1.6236
2014-05-19,1.6129,1.6257,1.6096,1.6222
2014-05-16,1.6214,1.6281,1.6105,1.625
2014-05-15,1.6155,1.6285,1.6075,1.622
2014-05-14,1.6166,1.6233,1.6061,1.6205
2014-05-13,1.6163,1.6238,1.6024,1.6177
2014-05-12,1.615,1.6192,1.603,1.6172
2014-05-09,1.609,1.6214,1.598,1.6196
2014-05-08,1.6027,1.6147,1.5904,1.61
2014-05-07,1.6005,1.6053,1.5886,1.603
2014-05-06,1.6006,1.6039,1.589,1.6021
2014-05-05,1.6,1.6064,1.5905,1.6015
2014-05-02,1.5978,1.6108,1.5885,1.6027
2014-05-01,1.5984,1.6066,1.5853,1.5992
2014-04-30,1.6045,1.6124,1.588,1.5996
2014-04-29,1.5901,1.6079,1.5718,1.6068
2014-04-28,1.5946,1.6009,1.5719,1.5978
2014-04-25,1.5918,1.5976,1.5795,1.5948
2014-04-24,1.5941,1.5987,1.5791,1.5931
2014-04-23,1.5908,1.5963,1.5751,1.5958
2014-04-22,1.5909,1.5944,1.577,1.592
2014-04-21,1.5801,1.593,1.5759,1.5924
2014-04-18,1.5895,1.592,1.5761,1.5903
2014-04-17,1.5856,1.5908,1.5725,1.5866
2014-04-16,1.5861,1.5912,1.5729,1.5882
2014-04-15,1.5852,1.5896,1.5724,1.5827
2014-04-14,1.5747,1.5878,1.568,1.585
2014-04-11,1.5774,1.5833,1.5647,1.5797
2014-04-10,1.5787,1.588,1.5686,1.5795
2014-04-09,1.5887,1.5922,1.5735,1.5835
2014-04-08,1.5866,1.5922,1.5734,1.5871
2014-04-07,1.5842,1.596,1.5739,1.588
2014-04-04,1.5856,1.6005,1.5767,1.5916
2014-04-03,1.5822,1.5975,1.5762,1.5867
2014-04-02,1.5767,1.594,1.5763,1.582
2014-04-01,1.5806,1.5915,1.5744,1.581
2014-03-31,1.581,1.594,1.5744,1.5853
2014-03-28,1.5845,1.5935,1.575,1.5849
2014-03-27,1.5795,1.5913,1.57,1.5858
2014-03-26,1.5778,1.5875,1.57,1.5802
2014-03-25,1.5731,1.5892,1.5693,1.5792
2014-03-24,1.5789,1.589,1.5698,1.5744
2014-03-21,1.5826,1.5881,1.5736,1.5833
2014-03-20,1.5826,1.5856,1.57,1.584
2014-03-19,1.5698,1.5787,1.5653,1.5765
2014-03-18,1.5706,1.5779,1.5668,1.5709
2014-03-17,1.5661,1.5767,1.5642,1.5719
2014-03-14,1.5768,1.5841,1.5629,1.5757
2014-03-13,1.5645,1.5805,1.5569,1.5753
2014-03-12,1.5686,1.5792,1.5615,1.5656
2014-03-11,1.5714,1.5771,1.565,1.5697
2014-03-10,1.5697,1.5764,1.5629,1.568
2014-03-07,1.5688,1.5805,1.5634,1.5715
2014-03-06,1.5809,1.586,1.5677,1.5698
2014-03-05,1.5841,1.5873,1.5754,1.582
2014-03-04,1.5809,1.5882,1.5743,1.5819
2014-03-03,1.579,1.5863,1.5737,1.5818
2014-02-28,1.5834,1.5905,1.5702,1.5751
2014-02-27,1.5857,1.5916,1.579,1.5843
2014-02-26,1.5799,1.5909,1.5754,1.5865
2014-02-25,1.5808,1.591,1.5748,1.5807
2014-02-24,1.5795,1.588,1.5754,1.5819
2014-02-21,1.5825,1.592,1.5752,1.5818
2014-02-20,1.5809,1.591,1.5754,1.5833
2014-02-19,1.5764,1.5843,1.571,1.582
2014-02-18,1.583,1.592,1.575,1.5785
2014-02-17,1.5758,1.5935,1.5727,1.5845
2014-02-14,1.586,1.595,1.5754,1.5853
2014-02-13,1.5948,1.6032,1.583,1.587
2014-02-12,1.5925,1.6055,1.5851,1.5957
2014-02-11,1.5926,1.6032,1.5822,1.5894
2014-02-10,1.5958,1.6037,1.589,1.5941
2014-02-07,1.599,1.6055,1.588,1.595
2014-02-06,1.6039,1.614,1.5913,1.5991
2014-02-05,1.6037,1.61,1.5975,1.6047
2014-02-04,1.6035,1.612,1.599,1.6068
2014-02-03,1.6041,1.6155,1.5978,1.6038
2014-01-31,1.6076,1.6108,1.5922,1.6055
2014-01-30,1.6069,1.6149,1.5956,1.607
2014-01-29,1.6095,1.6198,1.5965,1.6058
2014-01-28,1.6238,1.629,1.6025,1.6154
2014-01-27,1.6172,1.6286,1.6131,1.6248
2014-01-24,1.6213,1.6304,1.6117,1.6242
2014-01-23,1.6378,1.6417,1.6175,1.6225
2014-01-22,1.642,1.652,1.6304,1.6374
2014-01-21,1.6497,1.6565,1.639,1.6459
2014-01-20,1.6513,1.6615,1.6448,1.6513
2014-01-17,1.6501,1.6638,1.6446,1.6636
2014-01-16,1.6589,1.6635,1.6427,1.6513
2014-01-15,1.6512,1.6628,1.6478,1.655
2014-01-14,1.652,1.6598,1.6475,1.6523
2014-01-13,1.6523,1.6605,1.6472,1.6517
2014-01-10,1.6557,1.665,1.6477,1.6575
2014-01-09,1.6573,1.6657,1.6507,1.6543
2014-01-08,1.6522,1.6614,1.65,1.6577
2014-01-07,1.6566,1.6607,1.6493,1.6536
2014-01-06,1.6606,1.6649,1.6491,1.6536
2014-01-03,1.6521,1.6637,1.6475,1.655
2014-01-02,1.6435,1.6585,1.6392,1.6497
2014-01-01,1.6445,1.6483,1.6422,1.6474
2013-12-31,1.6385,1.651,1.631,1.6454
2013-12-30,1.6448,1.6504,1.634,1.6434
2013-12-27,1.6515,1.6555,1.6287,1.6476
2013-12-26,1.6512,1.6615,1.642,1.6509
2013-12-25,1.6504,1.6625,1.6463,1.6542
2013-12-24,1.65,1.6615,1.6448,1.6524
2013-12-23,1.6559,1.6615,1.6433,1.6515
2013-12-20,1.6493,1.6653,1.644,1.651
2013-12-19,1.6577,1.671,1.6475,1.66
2013-12-18,1.6574,1.6695,1.6402,1.6598
2013-12-17,1.6709,1.6733,1.6478,1.6606
2013-12-16,1.6728,1.6761,1.6568,1.6652
2013-12-13,1.6655,1.677,1.6595,1.6746
2013-12-12,1.6623,1.6758,1.6574,1.6699
2013-12-11,1.6648,1.6735,1.6583,1.6676
2013-12-10,1.662,1.672,1.6541,1.6659
2013-12-09,1.6579,1.6738,1.655,1.6579
2013-12-06,1.6674,1.6753,1.6586,1.665
2013-12-05,1.6635,1.6814,1.6583,1.665
2013-12-04,1.6638,1.6801,1.661,1.6716
2013-12-03,1.6688,1.6778,1.6613,1.6715
2013-12-02,1.6639,1.6796,1.6612,1.6764
2013-11-29,1.6675,1.674,1.6595,1.6654
2013-11-28,1.6648,1.676,1.6609,1.6687
2013-11-27,1.6681,1.6756,1.6577,1.6721
2013-11-26,1.6744,1.6796,1.6653,1.6713
2013-11-25,1.6681,1.6815,1.6633,1.6725
2013-11-22,1.6787,1.6822,1.6636,1.669
2013-11-21,1.6806,1.6915,1.657,1.678
2013-11-20,1.6641,1.6903,1.6494,1.6807
2013-11-19,1.6699,1.6791,1.6516,1.6732
2013-11-18,1.67,1.6753,1.6513,1.6675
2013-11-15,1.6682,1.6757,1.6541,1.6657
2013-11-14,1.6655,1.6748,1.6549,1.6648
2013-11-13,1.6614,1.6771,1.6552,1.6634
2013-11-12,1.6644,1.677,1.6593,1.6691
2013-11-11,1.6692,1.6763,1.6632,1.6708
2013-11-08,1.6605,1.6806,1.6519,1.6742
2013-11-07,1.6532,1.681,1.6491,1.6654
2013-11-06,1.6602,1.6633,1.6486,1.6551
2013-11-05,1.6554,1.6665,1.6494,1.659
2013-11-04,1.6568,1.6636,1.6485,1.6541
2013-11-01,1.6491,1.6647,1.6416,1.6557
2013-10-31,1.6366,1.6521,1.6274,1.6511
2013-10-30,1.6335,1.6474,1.6181,1.6342
2013-10-29,1.6278,1.6459,1.6144,1.6315
2013-10-28,1.6273,1.6419,1.6157,1.6302
2013-10-25,1.6278,1.6347,1.62,1.6306
2013-10-24,1.6308,1.6345,1.621,1.6305
2013-10-23,1.627,1.6456,1.6245,1.6321
2013-10-22,1.6377,1.6521,1.6224,1.6316
2013-10-21,1.6367,1.6488,1.6285,1.6385
2013-10-18,1.6324,1.6454,1.6279,1.6402
2013-10-17,1.6467,1.654,1.6279,1.6333
2013-10-16,1.6479,1.6591,1.6413,1.6478
2013-10-15,1.6474,1.6581,1.6402,1.6527
2013-10-14,1.6459,1.6514,1.6371,1.6481
2013-10-11,1.6445,1.6532,1.6323,1.6477
2013-10-10,1.6428,1.6557,1.6402,1.646
2013-10-09,1.6433,1.6566,1.6392,1.6452
2013-10-08,1.646,1.6497,1.6376,1.6442
2013-10-07,1.6455,1.6518,1.6354,1.6471
2013-10-04,1.6391,1.6528,1.6347,1.6476
2013-10-03,1.6424,1.6515,1.6312,1.6417
2013-10-02,1.6469,1.6524,1.6318,1.6436
2013-10-01,1.6481,1.6517,1.6324,1.6493
2013-09-30,1.6556,1.6586,1.64,1.6483
2013-09-27,1.6533,1.6592,1.6268,1.6452
2013-09-26,1.6453,1.658,1.6346,1.6519
2013-09-25,1.6501,1.6542,1.6326,1.6418
2013-09-24,1.6398,1.6539,1.631,1.6527
2013-09-23,1.6334,1.6482,1.6276,1.6374
2013-09-20,1.6349,1.6452,1.6276,1.6375
2013-09-19,1.633,1.6435,1.6224,1.6341
2013-09-18,1.6487,1.6529,1.6257,1.634
2013-09-17,1.6388,1.6625,1.6329,1.6373
2013-09-16,1.6503,1.6541,1.628,1.652
2013-09-13,1.6425,1.6627,1.6386,1.6441
2013-09-12,1.6406,1.6544,1.6354,1.6436
2013-09-11,1.6513,1.6664,1.6357,1.6456
2013-09-10,1.653,1.6643,1.6393,1.6541
2013-09-09,1.6553,1.6625,1.6438,1.6482
2013-09-06,1.6663,1.6682,1.6511,1.6564
2013-09-05,1.6522,1.6702,1.6476,1.6659
2013-09-04,1.6505,1.663,1.6462,1.6533
2013-09-03,1.653,1.6643,1.642,1.6606
2013-09-02,1.655,1.6614,1.6419,1.6554
2013-08-30,1.6511,1.6649,1.6393,1.6549
2013-08-29,1.642,1.6563,1.6317,1.654
2013-08-28,1.6322,1.6488,1.6285,1.6366
2013-08-27,1.6473,1.6553,1.627,1.6366
2013-08-26,1.6307,1.6497,1.6279,1.648
2013-08-23,1.6335,1.6475,1.6253,1.6392
2013-08-22,1.6336,1.6485,1.6268,1.64
2013-08-21,1.6318,1.6486,1.6212,1.6392
2013-08-20,1.6354,1.6514,1.6209,1.628
2013-08-19,1.6514,1.6555,1.6297,1.6366
2013-08-16,1.6494,1.6558,1.6305,1.6521
2013-08-15,1.6557,1.6672,1.6452,1.6556
2013-08-14,1.6562,1.6631,1.6435,1.6599
2013-08-13,1.654,1.6638,1.6436,1.6534
2013-08-12,1.6353,1.6614,1.6325,1.6553
2013-08-09,1.6336,1.6545,1.6278,1.6361
2013-08-08,1.6463,1.6556,1.6272,1.645
2013-08-07,1.6493,1.663,1.6326,1.6491
2013-08-06,1.6556,1.6635,1.6365,1.6534
2013-08-05,1.6448,1.6638,1.6358,1.6557
2013-08-02,1.655,1.6621,1.6407,1.645
2013-08-01,1.642,1.6647,1.6409,1.6579
2013-07-31,1.6552,1.6642,1.6374,1.6501
2013-07-30,1.6536,1.6624,1.6399,1.6471
2013-07-29,1.6448,1.6629,1.6394,1.6541
2013-07-26,1.6443,1.6537,1.6401,1.6507
2013-07-25,1.6576,1.6644,1.6425,1.6513
2013-07-24,1.6503,1.6644,1.6448,1.659
2013-07-23,1.655,1.6658,1.6479,1.6549
2013-07-22,1.6544,1.6638,1.6489,1.6574
2013-07-19,1.6592,1.6653,1.6508,1.657
2013-07-18,1.6547,1.6665,1.6513,1.6603
2013-07-17,1.6512,1.6654,1.647,1.6576
2013-07-16,1.6604,1.6672,1.6477,1.6522
2013-07-15,1.6605,1.6718,1.6528,1.6607
2013-07-12,1.6565,1.6713,1.6486,1.6603
2013-07-11,1.6622,1.6724,1.6322,1.6501
2013-07-10,1.6871,1.6916,1.6525,1.6678
2013-07-09,1.6729,1.6952,1.6702,1.6887
2013-07-08,1.6803,1.6861,1.6712,1.6751
2013-07-05,1.6743,1.6865,1.6681,1.6772
2013-07-04,1.659,1.6807,1.6474,1.6753
2013-07-03,1.6644,1.6725,1.6483,1.6643
2013-07-02,1.6468,1.6677,1.6412,1.6644
2013-07-01,1.6517,1.6628,1.6418,1.6561
2013-06-28,1.6534,1.665,1.6347,1.6532
2013-06-27,1.6524,1.661,1.6408,1.6492
2013-06-26,1.6395,1.6585,1.6345,1.6555
2013-06-25,1.6396,1.6513,1.6296,1.6477
2013-06-24,1.6432,1.6503,1.6331,1.6438
2013-06-21,1.6296,1.6463,1.622,1.6433
2013-06-20,1.6224,1.6409,1.6154,1.6298
2013-06-19,1.6158,1.6341,1.6072,1.63
2013-06-18,1.6186,1.6248,1.6058,1.6143
2013-06-17,1.6203,1.6281,1.6093,1.6191
2013-06-14,1.6092,1.6284,1.6025,1.6204
2013-06-13,1.6152,1.6266,1.6075,1.6182
2013-06-12,1.6205,1.629,1.6104,1.6166
2013-06-11,1.6181,1.6348,1.6108,1.6219
2013-06-10,1.6243,1.6367,1.6157,1.6232
2013-06-07,1.6167,1.6334,1.615,1.6235
2013-06-06,1.629,1.6394,1.6108,1.6241
2013-06-05,1.6378,1.6425,1.6245,1.6326
2013-06-04,1.6296,1.6466,1.6246,1.6332
2013-06-03,1.6416,1.6522,1.6257,1.6362
2013-05-31,1.6335,1.648,1.6293,1.6414
2013-05-30,1.6515,1.657,1.6273,1.6382
2013-05-29,1.6495,1.6643,1.6356,1.6479
2013-05-28,1.6504,1.6644,1.6407,1.6543
2013-05-27,1.6498,1.6643,1.6434,1.6492
2013-05-24,1.6518,1.664,1.6404,1.6506
2013-05-23,1.6532,1.6707,1.6439,1.6563
2013-05-22,1.6442,1.6686,1.6373,1.6572
2013-05-21,1.6554,1.6653,1.6403,1.653
2013-05-20,1.6616,1.6665,1.6445,1.6527
2013-05-17,1.6518,1.6692,1.6457,1.6612
2013-05-16,1.6548,1.6683,1.6422,1.6566
2013-05-15,1.6643,1.6699,1.6471,1.6562
2013-05-14,1.6626,1.6657,1.6398,1.6563
2013-05-13,1.6494,1.666,1.6408,1.6626
2013-05-10,1.6708,1.689,1.6427,1.6522
2013-05-09,1.623,1.6751,1.6188,1.6724
2013-05-08,1.6311,1.6357,1.6157,1.6247
2013-05-07,1.6141,1.6378,1.6077,1.6289
2013-05-06,1.6102,1.6296,1.6048,1.6236
2013-05-03,1.6104,1.6274,1.6041,1.6191
2013-05-02,1.6034,1.6282,1.5956,1.6178
2013-05-01,1.6068,1.6122,1.5923,1.6038
2013-04-30,1.6101,1.6166,1.5968,1.6061
2013-04-29,1.6097,1.6131,1.5916,1.6095
2013-04-26,1.6093,1.6171,1.5989,1.6129
2013-04-25,1.6066,1.6163,1.5943,1.6124
2013-04-24,1.6089,1.6174,1.6009,1.6083
2013-04-23,1.6068,1.6168,1.5953,1.609
2013-04-22,1.5984,1.6137,1.5924,1.6083
2013-04-19,1.6037,1.6087,1.5863,1.6047
2013-04-18,1.6022,1.6121,1.5925,1.603
2013-04-17,1.5918,1.613,1.5835,1.6061
2013-04-16,1.6017,1.609,1.584,1.6007
2013-04-15,1.5736,1.609,1.5734,1.5991
2013-04-12,1.5867,1.6046,1.5745,1.5806
2013-04-11,1.5876,1.596,1.5735,1.5932
2013-04-10,1.5845,1.5947,1.5741,1.5912
2013-04-09,1.5915,1.5986,1.576,1.5832
2013-04-08,1.5955,1.6013,1.5819,1.5938
2013-04-05,1.5896,1.6007,1.5799,1.5925
2013-04-04,1.5973,1.6136,1.5869,1.5923
2013-04-03,1.5949,1.6076,1.5896,1.5993
2013-04-02,1.5923,1.6047,1.5837,1.5965
2013-04-01,1.5942,1.6037,1.585,1.5926
2013-03-29,1.5959,1.6003,1.5882,1.5963
2013-03-28,1.5943,1.6023,1.587,1.5974
2013-03-27,1.5876,1.6029,1.5832,1.5965
2013-03-26,1.5857,1.5959,1.5806,1.5901
2013-03-25,1.5767,1.6012,1.565,1.588
2013-03-22,1.5837,1.5945,1.5715,1.5766
2013-03-21,1.5816,1.5972,1.5754,1.5848
2013-03-20,1.5862,1.5932,1.5737,1.5808
2013-03-19,1.5807,1.5932,1.5739,1.5887
2013-03-18,1.5749,1.5951,1.5706,1.5812
2013-03-15,1.57,1.5896,1.5595,1.5681
2013-03-14,1.5904,1.5972,1.5656,1.5718
2013-03-13,1.5796,1.5953,1.5695,1.586
2013-03-12,1.5786,1.59,1.5713,1.5776
2013-03-11,1.5867,1.5916,1.5754,1.5818
2013-03-08,1.5734,1.5941,1.5692,1.577
2013-03-07,1.5906,1.5931,1.57,1.5778
2013-03-06,1.5793,1.5932,1.5752,1.589
2013-03-05,1.5846,1.5877,1.5754,1.5807
2013-03-04,1.5857,1.5915,1.5754,1.5848
2013-03-01,1.5804,1.5941,1.5728,1.588
2013-02-28,1.5742,1.5843,1.565,1.5835
2013-02-27,1.5774,1.5868,1.5708,1.575
2013-02-26,1.5752,1.5951,1.5675,1.5803
2013-02-25,1.5687,1.5933,1.5574,1.5854
2013-02-22,1.5717,1.5791,1.5588,1.5722
2013-02-21,1.564,1.5782,1.5535,1.5696
2013-02-20,1.5538,1.5682,1.5456,1.565
2013-02-19,1.5565,1.5673,1.5498,1.5562
2013-02-18,1.5547,1.5675,1.5514,1.5608
2013-02-15,1.5529,1.5683,1.5481,1.5586
2013-02-14,1.547,1.5658,1.5449,1.5607
2013-02-13,1.551,1.5583,1.541,1.5488
2013-02-12,1.5536,1.5665,1.5448,1.5508
2013-02-11,1.5517,1.5649,1.5449,1.5548
2013-02-08,1.5527,1.5598,1.5441,1.5585
2013-02-07,1.5448,1.5606,1.5366,1.5522
2013-02-06,1.5369,1.551,1.5317,1.545
2013-02-05,1.5435,1.5521,1.5352,1.5414
2013-02-04,1.5309,1.5462,1.5277,1.5436
2013-02-01,1.5371,1.5425,1.5252,1.5419
2013-01-31,1.5381,1.5494,1.5291,1.5369
2013-01-30,1.5424,1.5523,1.5304,1.5395
2013-01-29,1.5479,1.5557,1.5366,1.5434
2013-01-28,1.5459,1.5576,1.5373,1.5488
2013-01-25,1.5532,1.5636,1.543,1.5489
2013-01-24,1.5576,1.5665,1.5476,1.5568
2013-01-23,1.5552,1.5675,1.548,1.5631
2013-01-22,1.5603,1.5717,1.5422,1.5582
2013-01-21,1.5518,1.5652,1.5452,1.5555
2013-01-18,1.5557,1.5679,1.5399,1.5591
2013-01-17,1.5468,1.5692,1.5405,1.5549
2013-01-16,1.5533,1.5665,1.544,1.5568
2013-01-15,1.5439,1.5666,1.5394,1.5548
2013-01-14,1.5461,1.5651,1.5417,1.546
2013-01-11,1.554,1.5661,1.5423,1.5508
2013-01-10,1.5655,1.5769,1.5489,1.5506
2013-01-09,1.5642,1.5731,1.5615,1.5702
2013-01-08,1.5609,1.5715,1.5589,1.566
2013-01-07,1.5638,1.5724,1.5567,1.5632
2013-01-04,1.566,1.5745,1.5573,1.5652
2013-01-03,1.5498,1.5685,1.5437,1.5632
2013-01-02,1.5504,1.5575,1.5386,1.553
2013-01-01,1.551,1.5534,1.5457,1.5518
2012-12-31,1.5494,1.5544,1.5429,1.552
2012-12-28,1.5473,1.5557,1.5418,1.5514
2012-12-27,1.5458,1.5548,1.5405,1.5496
2012-12-26,1.5488,1.559,1.5424,1.5497
2012-12-25,1.5501,1.5606,1.546,1.5591
2012-12-24,1.549,1.5573,1.5456,1.5527
2012-12-21,1.5477,1.5609,1.5383,1.5507
2012-12-20,1.558,1.5623,1.537,1.5493
2012-12-19,1.5516,1.5623,1.542,1.5552
2012-12-18,1.5584,1.562,1.5502,1.5538
2012-12-17,1.5541,1.567,1.5532,1.5599
2012-12-14,1.5654,1.573,1.5539,1.5584
2012-12-13,1.5645,1.5796,1.5586,1.5669
2012-12-12,1.567,1.5812,1.5606,1.5672
2012-12-11,1.5777,1.5817,1.56,1.5708
2012-12-10,1.5803,1.5864,1.5626,1.5775
2012-12-07,1.5763,1.584,1.5642,1.5785
2012-12-06,1.5638,1.5824,1.5594,1.5716
2012-12-05,1.5622,1.5756,1.5573,1.5676
2012-12-04,1.5604,1.5729,1.5576,1.5641
2012-12-03,1.5743,1.5806,1.5582,1.5683
2012-11-30,1.5717,1.5816,1.5622,1.577
2012-11-29,1.5746,1.5814,1.5636,1.5734
2012-11-28,1.5702,1.5871,1.569,1.5776
2012-11-27,1.5726,1.5827,1.5644,1.5763
2012-11-26,1.5676,1.5814,1.5665,1.5724
2012-11-23,1.5779,1.5891,1.566,1.5745
2012-11-22,1.5835,1.5884,1.574,1.5827
2012-11-21,1.5811,1.5975,1.5792,1.5841
2012-11-20,1.5872,1.5951,1.5793,1.5846
2012-11-19,1.5856,1.5987,1.5793,1.5886
2012-11-16,1.5889,1.6008,1.5829,1.5948
2012-11-15,1.5853,1.6016,1.5814,1.5907
2012-11-14,1.5867,1.5988,1.5812,1.5932
2012-11-13,1.5923,1.6028,1.583,1.5978
2012-11-12,1.5906,1.5962,1.5781,1.5903
2012-11-09,1.5866,1.5974,1.5775,1.5943
2012-11-08,1.5838,1.5961,1.5773,1.5879
2012-11-07,1.5835,1.5978,1.5703,1.592
2012-11-06,1.5834,1.5898,1.5751,1.5854
2012-11-05,1.582,1.5915,1.5731,1.5859
2012-11-02,1.5694,1.5864,1.5635,1.5783
2012-11-01,1.5726,1.5763,1.5617,1.5685
2012-10-31,1.5643,1.5748,1.5588,1.5702
2012-10-30,1.5711,1.5769,1.562,1.5669
2012-10-29,1.5698,1.578,1.5636,1.5751
2012-10-26,1.5668,1.5786,1.5613,1.5711
2012-10-25,1.5655,1.5789,1.5575,1.5703
2012-10-24,1.5634,1.5748,1.5597,1.5671
2012-10-23,1.56,1.5749,1.556,1.5672
2012-10-22,1.5599,1.5668,1.5546,1.5611
2012-10-19,1.5568,1.5677,1.5538,1.5629
2012-10-18,1.5558,1.5642,1.5505,1.5581
2012-10-17,1.5586,1.5622,1.5499,1.5563
2012-10-16,1.5674,1.5724,1.5544,1.5617
2012-10-15,1.569,1.5779,1.5615,1.5675
2012-10-12,1.5666,1.5736,1.5599,1.5686
2012-10-11,1.5762,1.5838,1.5629,1.5729
2012-10-10,1.5716,1.5812,1.5649,1.5743
2012-10-09,1.5668,1.5812,1.5609,1.5734
2012-10-08,1.5617,1.5737,1.5562,1.5695
2012-10-05,1.5641,1.5685,1.5543,1.5639
2012-10-04,1.5705,1.576,1.5581,1.5638
2012-10-03,1.5646,1.5796,1.563,1.5737
2012-10-02,1.5724,1.5806,1.5604,1.5735
2012-10-01,1.5775,1.584,1.5618,1.5746
2012-09-28,1.5696,1.583,1.5624,1.5766
2012-09-27,1.5734,1.5807,1.5646,1.5725
2012-09-26,1.57,1.5827,1.5639,1.5735
2012-09-25,1.5712,1.5794,1.559,1.5724
2012-09-24,1.5635,1.5801,1.5609,1.5712
2012-09-21,1.5652,1.5714,1.5534,1.569
2012-09-20,1.5574,1.574,1.5529,1.5661
2012-09-19,1.5586,1.5676,1.5501,1.5577
2012-09-18,1.5532,1.5627,1.5485,1.5574
2012-09-17,1.5523,1.5615,1.5426,1.5545
2012-09-14,1.5665,1.5707,1.542,1.5525
2012-09-13,1.5733,1.5834,1.5573,1.5665
2012-09-12,1.5767,1.5839,1.5627,1.5722
2012-09-11,1.5811,1.5889,1.5683,1.5742
2012-09-10,1.5745,1.5885,1.5724,1.5808
2012-09-07,1.5925,1.6019,1.5726,1.5806
2012-09-06,1.5898,1.6033,1.5858,1.5939
2012-09-05,1.5973,1.6073,1.5867,1.5962
2012-09-04,1.5962,1.6051,1.5879,1.5994
2012-09-03,1.5937,1.6019,1.5888,1.5979
2012-08-31,1.6049,1.6081,1.5862,1.5988
2012-08-30,1.6014,1.6082,1.5924,1.6058
2012-08-29,1.5969,1.6057,1.5894,1.5983
2012-08-28,1.6032,1.6112,1.5927,1.5992
2012-08-27,1.5976,1.6092,1.5894,1.6028
2012-08-24,1.5959,1.6061,1.5894,1.6019
2012-08-23,1.5991,1.6023,1.5872,1.5972
2012-08-22,1.6048,1.6109,1.5908,1.5979
2012-08-21,1.6122,1.618,1.5931,1.6056
2012-08-20,1.6107,1.624,1.6088,1.6176
2012-08-17,1.6147,1.6246,1.6071,1.619
2012-08-16,1.6183,1.6258,1.6073,1.616
2012-08-15,1.6172,1.6262,1.6082,1.6197
2012-08-14,1.6186,1.6231,1.6033,1.6183
2012-08-13,1.6126,1.6259,1.6034,1.62
2012-08-10,1.6179,1.6284,1.6094,1.6232
2012-08-09,1.6102,1.6246,1.6035,1.6156
2012-08-08,1.6079,1.6204,1.6,1.61
2012-08-07,1.6075,1.6144,1.599,1.6101
2012-08-06,1.6055,1.6208,1.5991,1.6084
2012-08-03,1.6256,1.6359,1.6021,1.6103
2012-08-02,1.622,1.6404,1.6043,1.6271
2012-08-01,1.6168,1.6305,1.6106,1.6244
2012-07-31,1.6188,1.6253,1.6106,1.6193
2012-07-30,1.6104,1.6275,1.6102,1.6216
2012-07-27,1.6156,1.6275,1.6054,1.6162
2012-07-26,1.6264,1.6365,1.6098,1.619
2012-07-25,1.635,1.6441,1.6216,1.6277
2012-07-24,1.6326,1.6468,1.6262,1.6387
2012-07-23,1.629,1.6466,1.6266,1.635
2012-07-20,1.6185,1.64,1.615,1.6285
2012-07-19,1.6197,1.631,1.6115,1.6222
2012-07-18,1.6188,1.6309,1.6134,1.6221
2012-07-17,1.6154,1.6359,1.6103,1.6214
2012-07-16,1.6179,1.6406,1.6132,1.6239
2012-07-13,1.6286,1.6404,1.6171,1.629
2012-07-12,1.6222,1.6364,1.619,1.6254
2012-07-11,1.628,1.6347,1.6132,1.6323
2012-07-10,1.6224,1.6335,1.611,1.63
2012-07-09,1.618,1.6319,1.608,1.6229
2012-07-06,1.6118,1.6277,1.5986,1.6145
2012-07-05,1.5989,1.6207,1.5894,1.6119
2012-07-04,1.5916,1.6067,1.5838,1.6021
2012-07-03,1.5936,1.5986,1.5832,1.5926
2012-07-02,1.5804,1.5976,1.5776,1.594
2012-06-29,1.5979,1.6023,1.5703,1.5827
2012-06-28,1.5957,1.6056,1.5831,1.6008
2012-06-27,1.5942,1.6029,1.586,1.5973
2012-06-26,1.588,1.6071,1.5831,1.594
2012-06-25,1.5921,1.6082,1.5822,1.5975
2012-06-22,1.5932,1.6056,1.5835,1.593
2012-06-21,1.5798,1.6036,1.5772,1.5951
2012-06-20,1.5812,1.5941,1.5751,1.5882
2012-06-19,1.5895,1.6011,1.576,1.5831
2012-06-18,1.5836,1.6025,1.5754,1.5917
2012-06-15,1.5889,1.6039,1.581,1.5929
2012-06-14,1.5984,1.611,1.5857,1.5899
2012-06-13,1.6019,1.614,1.5926,1.6013
2012-06-12,1.6098,1.6178,1.6011,1.6087
2012-06-11,1.5916,1.6162,1.5904,1.6157
2012-06-08,1.6056,1.6196,1.595,1.6123
2012-06-07,1.6031,1.6116,1.5918,1.6092
2012-06-06,1.6158,1.6213,1.5933,1.5984
2012-06-05,1.6113,1.6233,1.5996,1.6163
2012-06-04,1.6129,1.6215,1.6023,1.6086
2012-06-01,1.6187,1.6312,1.6031,1.6132
2012-05-31,1.6155,1.623,1.6029,1.6207
2012-05-30,1.6055,1.6193,1.5997,1.6187
2012-05-29,1.6024,1.6133,1.5901,1.6091
2012-05-28,1.5938,1.609,1.5857,1.6038
2012-05-25,1.6029,1.6117,1.5888,1.6035
2012-05-24,1.5969,1.6082,1.5862,1.6058
2012-05-23,1.5896,1.6035,1.5796,1.5979
2012-05-22,1.5779,1.5955,1.5671,1.5913
2012-05-21,1.5722,1.5877,1.5639,1.5766
2012-05-18,1.5884,1.5974,1.5676,1.5842
2012-05-17,1.588,1.5933,1.5725,1.5801
2012-05-16,1.5831,1.5966,1.5709,1.5906
2012-05-15,1.567,1.5888,1.5618,1.5857
2012-05-14,1.575,1.5809,1.5597,1.5708
2012-05-11,1.5606,1.5741,1.5542,1.5625
2012-05-10,1.5602,1.5661,1.5523,1.5648
2012-05-09,1.5544,1.5656,1.5474,1.5626
2012-05-08,1.5512,1.5635,1.5465,1.558
2012-05-07,1.556,1.5662,1.54,1.55
2012-05-04,1.5435,1.5612,1.535,1.5547
2012-05-03,1.5403,1.5523,1.5348,1.5431
2012-05-02,1.5318,1.5491,1.5272,1.5419
2012-05-01,1.531,1.5471,1.5254,1.5333
2012-04-30,1.532,1.5428,1.5258,1.5324
2012-04-27,1.5332,1.5542,1.5244,1.5381
2012-04-26,1.5284,1.556,1.5235,1.5379
2012-04-25,1.5284,1.5387,1.5145,1.5349
2012-04-24,1.5307,1.5374,1.5166,1.5331
2012-04-23,1.5278,1.5426,1.518,1.527
2012-04-20,1.5222,1.5369,1.509,1.5185
2012-04-19,1.5239,1.5405,1.5117,1.5238
2012-04-18,1.5273,1.537,1.5146,1.5281
2012-04-17,1.526,1.5335,1.5076,1.527
2012-04-16,1.5315,1.5404,1.5129,1.526
2012-04-13,1.513,1.5344,1.5098,1.5318
2012-04-12,1.5251,1.5297,1.5086,1.5235
2012-04-11,1.5261,1.531,1.5092,1.525
2012-04-10,1.5215,1.5315,1.5105,1.5277
2012-04-09,1.5196,1.5295,1.5106,1.5211
2012-04-06,1.5181,1.5328,1.5122,1.5245
2012-04-05,1.5188,1.5309,1.5092,1.5195
2012-04-04,1.5095,1.5275,1.502,1.5184
2012-04-03,1.5061,1.5193,1.4924,1.5135
2012-04-02,1.501,1.5159,1.4904,1.5048
2012-03-30,1.5058,1.5118,1.4902,1.5023
2012-03-29,1.5017,1.5126,1.4953,1.5027
2012-03-28,1.5024,1.5083,1.4927,1.5024
2012-03-27,1.4975,1.5093,1.4934,1.5008
2012-03-26,1.5008,1.5186,1.4964,1.5007
2012-03-23,1.5116,1.5167,1.4914,1.5082
2012-03-22,1.5137,1.5238,1.5033,1.511
2012-03-21,1.5077,1.5186,1.4991,1.5128
2012-03-20,1.5069,1.515,1.5028,1.5086
2012-03-19,1.5126,1.522,1.5022,1.5071
2012-03-16,1.5187,1.5298,1.5075,1.5117
2012-03-15,1.5145,1.5291,1.5106,1.5201
2012-03-14,1.5161,1.5312,1.5103,1.5196
2012-03-13,1.5117,1.5244,1.5007,1.5181
2012-03-12,1.5163,1.5215,1.5025,1.5124
2012-03-09,1.4951,1.5203,1.495,1.5153
2012-03-08,1.5078,1.5177,1.494,1.5009
2012-03-07,1.5121,1.5187,1.5041,1.5097
2012-03-06,1.5036,1.5159,1.5013,1.5128
2012-03-05,1.5035,1.5119,1.4953,1.5064
2012-03-02,1.4955,1.5112,1.4941,1.5073
2012-03-01,1.5014,1.5044,1.4865,1.4977
2012-02-29,1.4868,1.5041,1.4814,1.4993
2012-02-28,1.4908,1.4969,1.4766,1.4888
2012-02-27,1.4868,1.5007,1.4848,1.4945
2012-02-24,1.4914,1.502,1.4778,1.4911
2012-02-23,1.5037,1.5122,1.4907,1.4992
2012-02-22,1.5037,1.5149,1.4936,1.505
2012-02-21,1.4993,1.5127,1.4918,1.5108
2012-02-20,1.5029,1.5137,1.4918,1.5034
2012-02-17,1.5039,1.5181,1.4996,1.5113
2012-02-16,1.5096,1.5254,1.4996,1.5055
2012-02-15,1.506,1.5184,1.4995,1.5152
2012-02-14,1.5008,1.5174,1.4935,1.5042
2012-02-13,1.4984,1.5051,1.49,1.503
2012-02-10,1.4895,1.5114,1.4893,1.5064
2012-02-09,1.4934,1.503,1.4879,1.4953
2012-02-08,1.4939,1.5046,1.4889,1.497
2012-02-07,1.502,1.5134,1.4903,1.4978
2012-02-06,1.5076,1.5163,1.4965,1.5022
2012-02-03,1.5017,1.5149,1.4942,1.508
2012-02-02,1.5001,1.5126,1.4936,1.5063
2012-02-01,1.51,1.5199,1.4916,1.5042
2012-01-31,1.4957,1.5165,1.4873,1.5122
2012-01-30,1.4927,1.5159,1.4842,1.5049
2012-01-27,1.5015,1.5118,1.4851,1.5017
2012-01-26,1.499,1.5108,1.4869,1.5087
2012-01-25,1.5056,1.5248,1.4931,1.5011
2012-01-24,1.5052,1.5233,1.4975,1.5046
2012-01-23,1.518,1.5273,1.4969,1.5067
2012-01-20,1.5099,1.5274,1.5037,1.5198
2012-01-19,1.5185,1.5301,1.5063,1.5191
2012-01-18,1.5278,1.5371,1.5129,1.5272
2012-01-17,1.5277,1.5388,1.5153,1.5275
2012-01-16,1.5372,1.5418,1.5231,1.5299
2012-01-13,1.5174,1.5421,1.5069,1.5346
2012-01-12,1.5227,1.5352,1.511,1.5158
2012-01-11,1.5149,1.5323,1.5119,1.5251
2012-01-10,1.516,1.5288,1.5096,1.5172
2012-01-09,1.5204,1.5297,1.5103,1.5176
2012-01-06,1.5088,1.5312,1.5058,1.5166
2012-01-05,1.4971,1.5249,1.4955,1.5147
2012-01-04,1.4899,1.511,1.4847,1.4986
2012-01-03,1.5007,1.5054,1.4802,1.4905
2012-01-02,1.4967,1.5086,1.485,1.5051
2011-12-30,1.4931,1.505,1.481,1.4978
2011-12-29,1.4976,1.5128,1.4828,1.4979
2011-12-28,1.485,1.509,1.4731,1.4963
2011-12-27,1.4842,1.4955,1.4737,1.4862
2011-12-26,1.488,1.4904,1.4781,1.4884
2011-12-23,1.4855,1.4962,1.4733,1.4878
2011-12-22,1.4864,1.4959,1.4685,1.4853
2011-12-21,1.4818,1.496,1.4682,1.4888
2011-12-20,1.4911,1.4962,1.4726,1.4867
2011-12-19,1.4878,1.499,1.4831,1.4937
2011-12-16,1.4907,1.5008,1.4812,1.4905
2011-12-15,1.4956,1.5033,1.4843,1.4926
2011-12-14,1.493,1.5059,1.4863,1.4945
2011-12-13,1.4766,1.4993,1.4722,1.4938
2011-12-12,1.468,1.4916,1.4625,1.4798
2011-12-09,1.4721,1.4842,1.4627,1.4754
2011-12-08,1.4697,1.4797,1.4589,1.4738
2011-12-07,1.4684,1.4785,1.4622,1.4668
2011-12-06,1.467,1.4809,1.4598,1.4699
2011-12-05,1.4673,1.4727,1.4588,1.4675
2011-12-02,1.4586,1.4777,1.4553,1.4674
2011-12-01,1.4607,1.4768,1.4563,1.4647
2011-11-30,1.4717,1.481,1.4562,1.4632
2011-11-29,1.4691,1.4817,1.46,1.4735
2011-11-28,1.4663,1.4751,1.4604,1.4736
2011-11-25,1.4674,1.4874,1.461,1.4759
2011-11-24,1.4613,1.4727,1.455,1.4689
2011-11-23,1.4493,1.4734,1.4453,1.4636
2011-11-22,1.4485,1.4595,1.4387,1.4512
2011-11-21,1.4448,1.4655,1.4417,1.4527
2011-11-18,1.4466,1.4615,1.4359,1.4561
2011-11-17,1.4468,1.464,1.4423,1.4491
2011-11-16,1.4448,1.4628,1.4399,1.4536
2011-11-15,1.4377,1.4587,1.4344,1.4493
2011-11-14,1.4232,1.4449,1.4163,1.4385
2011-11-11,1.4397,1.443,1.4188,1.431
2011-11-10,1.4436,1.4512,1.4312,1.441
2011-11-09,1.4243,1.4514,1.4189,1.4448
2011-11-08,1.4286,1.4361,1.4194,1.4292
2011-11-07,1.4224,1.4399,1.4222,1.4306
2011-11-04,1.4317,1.446,1.418,1.4292
2011-11-03,1.4252,1.4469,1.4097,1.4217
2011-11-02,1.4316,1.4391,1.4057,1.4319
2011-11-01,1.4107,1.4419,1.4089,1.4268
2011-10-31,1.3994,1.424,1.3943,1.4203
2011-10-28,1.3933,1.4018,1.3832,1.3975
2011-10-27,1.4126,1.4161,1.3811,1.3952
2011-10-26,1.4072,1.421,1.3927,1.4042
2011-10-25,1.4078,1.4184,1.3927,1.4103
2011-10-24,1.416,1.4207,1.3917,1.3954
2011-10-21,1.4205,1.429,1.3987,1.4125
2011-10-20,1.4151,1.4338,1.4018,1.4204
2011-10-19,1.4227,1.4313,1.4,1.422
2011-10-18,1.4217,1.4347,1.4146,1.4263
2011-10-17,1.4103,1.43,1.4045,1.4217
2011-10-14,1.4138,1.429,1.4056,1.4101
2011-10-13,1.4205,1.4311,1.4038,1.4218
2011-10-12,1.4252,1.4341,1.4034,1.4179
2011-10-11,1.4248,1.4348,1.416,1.4271
2011-10-10,1.4451,1.4486,1.4147,1.429
2011-10-07,1.4329,1.4531,1.4257,1.4398
2011-10-06,1.442,1.4574,1.4314,1.4381
2011-10-05,1.4419,1.4551,1.4355,1.4412
2011-10-04,1.4525,1.4689,1.433,1.4431
2011-10-03,1.4416,1.4657,1.4363,1.453
2011-09-30,1.4257,1.446,1.416,1.4384
2011-09-29,1.4286,1.4371,1.4139,1.4276
2011-09-28,1.426,1.4395,1.4093,1.4306
2011-09-27,1.4303,1.4406,1.4087,1.4279
2011-09-26,1.4298,1.4474,1.4158,1.4337
2011-09-23,1.4329,1.4424,1.4163,1.432
2011-09-22,1.4279,1.4447,1.4163,1.4342
2011-09-21,1.4221,1.4316,1.4025,1.4273
2011-09-20,1.4194,1.428,1.4058,1.419
2011-09-19,1.4219,1.4301,1.407,1.4193
2011-09-16,1.4085,1.4202,1.3999,1.4127
2011-09-15,1.4162,1.4252,1.4001,1.4113
2011-09-14,1.4213,1.4355,1.4059,1.4192
2011-09-13,1.4224,1.4345,1.4097,1.4234
2011-09-12,1.4273,1.4388,1.4086,1.4235
2011-09-09,1.407,1.4268,1.3947,1.4239
2011-09-08,1.3841,1.4126,1.3839,1.4009
2011-09-07,1.3956,1.4087,1.3806,1.3904
2011-09-06,1.3896,1.4077,1.3727,1.4031
2011-09-05,1.3835,1.3967,1.3794,1.3926
2011-09-02,1.376,1.388,1.3713,1.3837
2011-09-01,1.3713,1.3852,1.3662,1.3797
2011-08-31,1.3665,1.3816,1.3612,1.3731
2011-08-30,1.3658,1.38,1.3559,1.3686
2011-08-29,1.3642,1.3724,1.3547,1.3643
2011-08-26,1.3687,1.3833,1.3584,1.3609
2011-08-25,1.37,1.3831,1.3583,1.3785
2011-08-24,1.3681,1.3774,1.3578,1.3714
2011-08-23,1.3706,1.3801,1.3546,1.3641
2011-08-22,1.3696,1.3789,1.3596,1.3708
2011-08-19,1.3781,1.3889,1.3574,1.3697
2011-08-18,1.3636,1.3849,1.3601,1.3795
2011-08-17,1.364,1.3788,1.3556,1.369
2011-08-16,1.367,1.3782,1.3593,1.3707
2011-08-15,1.3789,1.3849,1.3568,1.3693
2011-08-12,1.3759,1.3883,1.3693,1.3815
2011-08-11,1.3847,1.4003,1.369,1.3763
2011-08-10,1.3636,1.3968,1.3619,1.3863
2011-08-09,1.3864,1.3904,1.3626,1.3752
2011-08-08,1.3657,1.3917,1.3594,1.3882
2011-08-05,1.3903,1.4026,1.366,1.3756
2011-08-04,1.3738,1.3995,1.3613,1.3924
2011-08-03,1.3827,1.3885,1.3622,1.3766
2011-08-02,1.3784,1.3897,1.3655,1.3842
2011-08-01,1.37,1.3956,1.3572,1.3803
2011-07-29,1.3734,1.3842,1.3582,1.369
2011-07-28,1.369,1.3808,1.3619,1.369
2011-07-27,1.3645,1.3778,1.3523,1.3658
2011-07-26,1.3721,1.3772,1.3535,1.3585
2011-07-25,1.3688,1.3814,1.362,1.3725
2011-07-22,1.3616,1.3808,1.3571,1.3731
2011-07-21,1.3814,1.3939,1.3569,1.3702
2011-07-20,1.3784,1.3914,1.3715,1.382
2011-07-19,1.3876,1.396,1.3724,1.3874
2011-07-18,1.3907,1.3994,1.3786,1.3883
2011-07-15,1.3925,1.3972,1.3751,1.3873
2011-07-14,1.3849,1.3963,1.369,1.382
2011-07-13,1.3957,1.4045,1.3733,1.387
2011-07-12,1.3932,1.4178,1.3814,1.3995
2011-07-11,1.3815,1.4028,1.3775,1.3987
2011-07-08,1.368,1.3882,1.3673,1.3802
2011-07-07,1.3775,1.3894,1.3659,1.376
2011-07-06,1.3658,1.3846,1.3626,1.3795
2011-07-05,1.3616,1.3764,1.3568,1.367
2011-07-04,1.3622,1.368,1.3555,1.3587
2011-07-01,1.3611,1.3742,1.3567,1.3599
2011-06-30,1.369,1.3734,1.3574,1.3652
2011-06-29,1.3733,1.3791,1.364,1.3679
2011-06-28,1.3774,1.3842,1.3655,1.375
2011-06-27,1.381,1.3923,1.3732,1.3794
2011-06-24,1.3772,1.3895,1.3709,1.3849
2011-06-23,1.3739,1.3896,1.3693,1.3749
2011-06-22,1.3688,1.378,1.362,1.3728
2011-06-21,1.3718,1.3782,1.3645,1.3678
2011-06-20,1.3775,1.3911,1.3661,1.378
2011-06-17,1.3797,1.3903,1.3674,1.3779
2011-06-16,1.3837,1.3968,1.3747,1.3797
2011-06-15,1.3725,1.3904,1.3605,1.3888
2011-06-14,1.3698,1.3765,1.3571,1.3701
2011-06-13,1.3727,1.3803,1.3616,1.3707
2011-06-10,1.3623,1.3814,1.3546,1.3748
2011-06-09,1.3592,1.3708,1.3436,1.3588
2011-06-08,1.3521,1.3624,1.3464,1.3596
2011-06-07,1.3586,1.3617,1.3454,1.3482
2011-06-06,1.3505,1.3634,1.3484,1.3604
2011-06-03,1.3681,1.3728,1.3494,1.3606
2011-06-02,1.3691,1.3818,1.3562,1.36
2011-06-01,1.3743,1.3834,1.3579,1.3789
2011-05-31,1.3816,1.3841,1.3605,1.3662
2011-05-30,1.3787,1.3861,1.3694,1.3733
2011-05-27,1.3891,1.3957,1.3669,1.3768
2011-05-26,1.3919,1.397,1.3753,1.39
2011-05-25,1.3838,1.4017,1.3799,1.3937
2011-05-24,1.3863,1.3998,1.38,1.3927
2011-05-23,1.389,1.4075,1.3846,1.3958
2011-05-20,1.3799,1.3949,1.3687,1.3912
2011-05-19,1.3742,1.3907,1.3702,1.3805
2011-05-18,1.385,1.3908,1.3706,1.3757
2011-05-17,1.3866,1.3977,1.3748,1.3866
2011-05-16,1.3855,1.4036,1.3731,1.3813
2011-05-13,1.3814,1.4029,1.3659,1.3842
2011-05-12,1.3862,1.3927,1.3703,1.3829
2011-05-11,1.3709,1.3916,1.3619,1.3846
2011-05-10,1.3753,1.3843,1.3627,1.3644
2011-05-09,1.3671,1.3867,1.3621,1.3733
2011-05-06,1.3619,1.3858,1.3519,1.3771
2011-05-05,1.3452,1.3708,1.3359,1.3628
2011-05-04,1.3467,1.3539,1.3322,1.3469
2011-05-03,1.3407,1.3552,1.3355,1.3471
2011-05-02,1.3462,1.3552,1.3351,1.348
2011-04-29,1.34,1.3515,1.3368,1.3496
2011-04-28,1.3477,1.3555,1.3355,1.3463
2011-04-27,1.3569,1.3608,1.3414,1.3439
2011-04-26,1.3597,1.3704,1.3494,1.3594
2011-04-25,1.362,1.3694,1.3515,1.3605
2011-04-22,1.3559,1.3688,1.3532,1.3634
2011-04-21,1.364,1.3692,1.3502,1.3654
2011-04-20,1.3759,1.3779,1.3551,1.3653
2011-04-19,1.3825,1.3891,1.3668,1.3746
2011-04-18,1.3691,1.3931,1.3654,1.3864
2011-04-15,1.3611,1.3785,1.3597,1.366
2011-04-14,1.3713,1.3826,1.3599,1.3685
2011-04-13,1.364,1.3791,1.3594,1.3714
2011-04-12,1.3669,1.3786,1.358,1.3692
2011-04-11,1.3651,1.3749,1.3605,1.3682
2011-04-08,1.3789,1.3817,1.3625,1.3693
2011-04-07,1.3767,1.3846,1.3715,1.3773
2011-04-06,1.3832,1.3886,1.3706,1.3786
2011-04-05,1.3827,1.3916,1.3739,1.3846
2011-04-04,1.3815,1.3883,1.3687,1.3848
2011-04-01,1.3856,1.3989,1.3709,1.3786
2011-03-31,1.3875,1.391,1.3705,1.3872
2011-03-30,1.3828,1.3938,1.3787,1.3865
2011-03-29,1.3869,1.3958,1.3797,1.3854
2011-03-28,1.3877,1.3994,1.3787,1.3863
2011-03-25,1.3832,1.3965,1.3723,1.3861
2011-03-24,1.3875,1.3959,1.3744,1.3843
2011-03-23,1.3804,1.3931,1.3738,1.3893
2011-03-22,1.3756,1.3889,1.3714,1.3769
2011-03-21,1.3794,1.3869,1.3737,1.3765
2011-03-18,1.389,1.3987,1.374,1.3763
2011-03-17,1.4009,1.4054,1.3822,1.3929
2011-03-16,1.393,1.4068,1.3881,1.3981
2011-03-15,1.3894,1.4114,1.3871,1.3925
2011-03-14,1.3899,1.4061,1.3879,1.3912
2011-03-11,1.401,1.4141,1.3943,1.3974
2011-03-10,1.3996,1.4125,1.3924,1.41
2011-03-09,1.3996,1.4085,1.3912,1.4018
2011-03-08,1.3963,1.4067,1.3896,1.4033
2011-03-07,1.3898,1.4021,1.3823,1.3981
2011-03-04,1.3902,1.4029,1.3844,1.3989
2011-03-03,1.3999,1.4082,1.3887,1.3965
2011-03-02,1.4076,1.414,1.3942,1.3976
2011-03-01,1.4059,1.4121,1.3972,1.411
2011-02-28,1.3946,1.4122,1.3945,1.4027
2011-02-25,1.406,1.4147,1.3978,1.4112
2011-02-24,1.4104,1.4167,1.3991,1.4079
2011-02-23,1.4117,1.4207,1.4016,1.4062
2011-02-22,1.4143,1.4301,1.4076,1.418
2011-02-21,1.4071,1.4208,1.4056,1.4171
2011-02-18,1.4195,1.4276,1.4088,1.4169
2011-02-17,1.4168,1.4295,1.4132,1.4208
2011-02-16,1.4273,1.4327,1.4122,1.4244
2011-02-15,1.4284,1.4324,1.4116,1.4298
2011-02-14,1.4271,1.435,1.4096,1.4294
2011-02-11,1.413,1.4296,1.4077,1.4257
2011-02-10,1.4116,1.4245,1.4011,1.4151
2011-02-09,1.4128,1.4201,1.4004,1.4129
2011-02-08,1.415,1.4233,1.4034,1.4171
2011-02-07,1.4228,1.4296,1.41,1.4199
2011-02-04,1.4168,1.4283,1.4069,1.4236
2011-02-03,1.4005,1.4273,1.3973,1.4201
2011-02-02,1.4023,1.4123,1.3942,1.4078
2011-02-01,1.4097,1.4204,1.3971,1.4058
2011-01-31,1.418,1.4314,1.4037,1.4185
2011-01-28,1.4147,1.4308,1.4048,1.4181
2011-01-27,1.4086,1.4214,1.4041,1.4096
2011-01-26,1.4095,1.421,1.4069,1.4154
2011-01-25,1.4187,1.425,1.4057,1.4106
2011-01-24,1.4182,1.4264,1.4057,1.412
2011-01-21,1.4231,1.4345,1.4129,1.4151
2011-01-20,1.4305,1.4395,1.4191,1.4317
2011-01-19,1.4283,1.4407,1.4176,1.4321
2011-01-18,1.4354,1.4509,1.4157,1.4296
2011-01-17,1.4352,1.4493,1.4248,1.4371
2011-01-14,1.4338,1.448,1.4187,1.4383
2011-01-13,1.4541,1.4598,1.4251,1.4392
2011-01-12,1.4654,1.4715,1.4443,1.4541
2011-01-11,1.4624,1.4732,1.4565,1.4669
2011-01-10,1.4715,1.4778,1.4586,1.4682
2011-01-07,1.4625,1.4742,1.456,1.471
2011-01-06,1.4506,1.4646,1.4457,1.4631
2011-01-05,1.4458,1.4559,1.4355,1.4517
2011-01-04,1.437,1.4489,1.4237,1.4473
2011-01-03,1.4,1.4568,1.4,1.4396
2010-12-31,1.4406,1.4444,1.401,1.403
2010-12-30,1.4407,1.4505,1.4259,1.4425
2010-12-29,1.4579,1.4632,1.4394,1.4488
2010-12-28,1.4508,1.4614,1.4319,1.4549
2010-12-27,1.4498,1.4615,1.4357,1.4524
2010-12-24,1.4551,1.4592,1.4389,1.4511
2010-12-23,1.4567,1.4602,1.4382,1.4565
2010-12-22,1.457,1.463,1.4411,1.4576
2010-12-21,1.4551,1.4638,1.4393,1.4575
2010-12-20,1.4511,1.4599,1.4387,1.457
2010-12-17,1.4447,1.4593,1.4268,1.4509
2010-12-16,1.447,1.4552,1.4336,1.4474
2010-12-15,1.4322,1.4544,1.4245,1.4484
2010-12-14,1.4314,1.4407,1.4162,1.4339
2010-12-13,1.4428,1.4531,1.4233,1.4364
2010-12-10,1.4493,1.4547,1.43,1.4497
2010-12-09,1.4413,1.4561,1.4283,1.4448
2010-12-08,1.4389,1.4532,1.4336,1.4433
2010-12-07,1.438,1.4459,1.4197,1.4431
2010-12-06,1.4033,1.4484,1.4234,1.4369
2010-12-03,1.4468,1.4521,1.4222,1.433
2010-12-02,1.4513,1.4654,1.4284,1.4435
2010-12-01,1.4627,1.4673,1.4407,1.4547
2010-11-30,1.4551,1.4689,1.4418,1.4657
2010-11-29,1.4347,1.4597,1.433,1.4546
2010-11-26,1.4343,1.4492,1.4272,1.4439
2010-11-25,1.4344,1.4418,1.4252,1.4345
2010-11-24,1.4351,1.4424,1.4216,1.4363
2010-11-23,1.4108,1.4375,1.41,1.4369
2010-11-22,1.4097,1.4248,1.3983,1.42
2010-11-19,1.4118,1.4209,1.4018,1.4178
2010-11-18,1.4169,1.429,1.4054,1.4183
2010-11-17,1.4217,1.4352,1.4135,1.4173
2010-11-16,1.4125,1.4274,1.4068,1.4171
2010-11-15,1.4086,1.4236,1.3985,1.419
2010-11-12,1.4118,1.4244,1.3963,1.4141
2010-11-11,1.4098,1.418,1.396,1.4143
2010-11-10,1.4043,1.4162,1.3953,1.4045
2010-11-09,1.3951,1.4126,1.3836,1.405
2010-11-08,1.3805,1.4001,1.3768,1.3908
2010-11-05,1.3736,1.3948,1.3647,1.3769
2010-11-04,1.3733,1.3854,1.3622,1.3766
2010-11-03,1.3823,1.3934,1.3723,1.3804
2010-11-02,1.3953,1.3984,1.3788,1.3875
2010-11-01,1.3858,1.3996,1.3822,1.3923
2010-10-29,1.3894,1.406,1.3866,1.394
2010-10-28,1.4016,1.4094,1.3876,1.3952
2010-10-27,1.3987,1.4115,1.3935,1.4034
2010-10-26,1.3922,1.403,1.3875,1.3987
2010-10-25,1.3889,1.3967,1.3789,1.3925
2010-10-22,1.3924,1.4038,1.3864,1.3912
2010-10-21,1.391,1.4016,1.3796,1.3946
2010-10-20,1.4057,1.4133,1.3853,1.3889
2010-10-19,1.3894,1.4119,1.3847,1.4058
2010-10-18,1.3868,1.4029,1.3843,1.3923
2010-10-15,1.3821,1.3935,1.3745,1.3894
2010-10-14,1.3919,1.3962,1.3735,1.3865
2010-10-13,1.3893,1.3974,1.378,1.3884
2010-10-12,1.3955,1.4082,1.3864,1.394
2010-10-11,1.3879,1.3993,1.381,1.3987
2010-10-08,1.3969,1.4043,1.3852,1.3922
2010-10-07,1.3972,1.4038,1.386,1.3978
2010-10-06,1.4052,1.4105,1.3945,1.3978
2010-10-05,1.4153,1.4223,1.4007,1.4086
2010-10-04,1.4076,1.4209,1.4076,1.4189
2010-10-01,1.4215,1.4236,1.4062,1.4111
2010-09-30,1.4215,1.429,1.4134,1.422
2010-09-29,1.4219,1.4291,1.4151,1.4225
2010-09-28,1.4344,1.441,1.4192,1.4222
2010-09-27,1.4308,1.438,1.4251,1.4308
2010-09-24,1.4428,1.4474,1.4291,1.4313
2010-09-23,1.4391,1.4458,1.431,1.4448
2010-09-22,1.4472,1.4502,1.4313,1.4377
2010-09-21,1.4601,1.4688,1.439,1.447
2010-09-20,1.4579,1.471,1.4509,1.4604
2010-09-17,1.4567,1.47,1.449,1.4599
2010-09-16,1.4609,1.4733,1.452,1.4582
2010-09-15,1.4611,1.4728,1.4559,1.4623
2010-09-14,1.4772,1.4835,1.4565,1.4629
2010-09-13,1.4886,1.4901,1.4697,1.4763
2010-09-10,1.488,1.4932,1.4838,1.4906
2010-09-09,1.4834,1.4951,1.4813,1.4897
2010-09-08,1.4917,1.4966,1.4785,1.4851
2010-09-07,1.4768,1.4951,1.4727,1.491
2010-09-06,1.4758,1.4809,1.468,1.4741
2010-09-03,1.4797,1.4855,1.4689,1.4718
2010-09-02,1.4847,1.4896,1.4709,1.4842
2010-09-01,1.4888,1.4956,1.4698,1.4846
2010-08-31,1.4893,1.4964,1.4805,1.4903
2010-08-30,1.4823,1.4925,1.4785,1.4918
2010-08-27,1.4825,1.4933,1.4771,1.4897
2010-08-26,1.491,1.4966,1.4778,1.4864
2010-08-25,1.4924,1.4981,1.4808,1.4927
2010-08-24,1.488,1.4984,1.4797,1.4919
2010-08-23,1.4825,1.4939,1.4756,1.4905
2010-08-20,1.4714,1.491,1.4678,1.4836
2010-08-19,1.468,1.4814,1.4612,1.4744
2010-08-18,1.4679,1.4746,1.4551,1.4717
2010-08-17,1.4701,1.4752,1.4556,1.4692
2010-08-16,1.4755,1.4801,1.4599,1.4691
2010-08-13,1.4683,1.4789,1.4565,1.478
2010-08-12,1.4708,1.4798,1.4569,1.4692
2010-08-11,1.4411,1.4796,1.44,1.4673
2010-08-10,1.4407,1.4576,1.4369,1.4426
2010-08-09,1.4363,1.4443,1.4311,1.442
2010-08-06,1.4443,1.454,1.4303,1.4389
2010-08-05,1.4481,1.4554,1.4398,1.4473
2010-08-04,1.4429,1.4538,1.4391,1.4488
2010-08-03,1.449,1.4542,1.4364,1.4441
2010-08-02,1.4492,1.4597,1.4417,1.4504
2010-07-30,1.455,1.4657,1.4458,1.4579
2010-07-29,1.4618,1.4647,1.4439,1.4575
2010-07-28,1.4547,1.4659,1.4508,1.4631
2010-07-27,1.4565,1.4684,1.4491,1.4611
2010-07-26,1.4686,1.4737,1.4544,1.4594
2010-07-23,1.4686,1.4834,1.4555,1.4672
2010-07-22,1.4793,1.4878,1.46,1.4682
2010-07-21,1.4668,1.4884,1.4609,1.4775
2010-07-20,1.466,1.4771,1.4537,1.4702
2010-07-19,1.4702,1.479,1.4545,1.4644
2010-07-16,1.4643,1.4745,1.4515,1.4636
2010-07-15,1.4809,1.4867,1.4553,1.4611
2010-07-14,1.4809,1.4893,1.4681,1.4797
2010-07-13,1.4905,1.5008,1.4674,1.4825
2010-07-12,1.4858,1.4996,1.4823,1.495
2010-07-09,1.4805,1.4962,1.4658,1.4871
2010-07-08,1.4817,1.4875,1.4706,1.4815
2010-07-07,1.4814,1.4961,1.471,1.4811
2010-07-06,1.4954,1.5021,1.4719,1.4832
2010-07-05,1.4903,1.5,1.4829,1.4971
2010-07-02,1.4945,1.5019,1.4794,1.496
2010-07-01,1.5187,1.5288,1.4848,1.496
2010-06-30,1.5228,1.5261,1.5052,1.5194
2010-06-29,1.5158,1.5275,1.511,1.5201
2010-06-28,1.5034,1.5187,1.4931,1.5155
2010-06-25,1.5101,1.5214,1.4987,1.5064
2010-06-24,1.5094,1.5213,1.4994,1.51
2010-06-23,1.5149,1.5239,1.4999,1.5106
2010-06-22,1.5071,1.5192,1.5003,1.5144
2010-06-21,1.4949,1.5124,1.4878,1.5113
2010-06-18,1.5022,1.507,1.4904,1.5028
2010-06-17,1.5076,1.5143,1.4906,1.5037
2010-06-16,1.5064,1.5143,1.4956,1.5048
2010-06-15,1.5204,1.5273,1.4966,1.5031
2010-06-14,1.5214,1.5259,1.502,1.5209
2010-06-11,1.5209,1.5325,1.5106,1.5259
2010-06-10,1.5313,1.5412,1.5128,1.5208
2010-06-09,1.5291,1.5385,1.5159,1.529
2010-06-08,1.5391,1.5425,1.5239,1.5314
2010-06-07,1.5372,1.5479,1.5242,1.5407
2010-06-04,1.5206,1.5381,1.505,1.532
2010-06-03,1.5097,1.523,1.4927,1.5185
2010-06-02,1.5086,1.5219,1.4982,1.5095
2010-06-01,1.5037,1.5272,1.4899,1.5099
2010-05-31,1.5096,1.5142,1.4997,1.5085
2010-05-28,1.4994,1.5145,1.4866,1.5115
2010-05-27,1.5201,1.5221,1.4933,1.5001
2010-05-26,1.4982,1.5208,1.491,1.5208
2010-05-25,1.5021,1.5204,1.4915,1.4994
2010-05-24,1.4871,1.506,1.4751,1.5045
2010-05-21,1.4903,1.4978,1.4652,1.4864
2010-05-20,1.4965,1.5137,1.4735,1.4944
2010-05-19,1.5196,1.5288,1.4907,1.4981
2010-05-18,1.4967,1.5269,1.489,1.5195
2010-05-17,1.5027,1.5166,1.4904,1.5004
2010-05-14,1.487,1.5093,1.4801,1.5006
2010-05-13,1.4796,1.4917,1.4632,1.4908
2010-05-12,1.4787,1.4865,1.4586,1.4833
2010-05-11,1.4704,1.485,1.4578,1.4796
2010-05-10,1.4475,1.4757,1.4216,1.473
2010-05-07,1.4829,1.4955,1.462,1.4791
2010-05-06,1.461,1.5004,1.4589,1.4824
2010-05-05,1.4525,1.4732,1.4465,1.4712
2010-05-04,1.4345,1.4553,1.4315,1.4517
2010-05-03,1.4232,1.4419,1.4147,1.4365
2010-04-30,1.4313,1.4366,1.414,1.4298
2010-04-29,1.433,1.44,1.4216,1.4345
2010-04-28,1.4334,1.4443,1.4172,1.4337
2010-04-27,1.4065,1.4392,1.4051,1.4341
2010-04-26,1.4168,1.4274,1.4052,1.4149
2010-04-23,1.422,1.4335,1.4064,1.4179
2010-04-22,1.4118,1.4261,1.4014,1.4226
2010-04-21,1.4079,1.4182,1.396,1.4134
2010-04-20,1.4034,1.4121,1.393,1.4111
2010-04-19,1.4052,1.4117,1.3937,1.4053
2010-04-16,1.398,1.4071,1.3866,1.4034
2010-04-15,1.3913,1.4051,1.3845,1.3987
2010-04-14,1.3953,1.3993,1.3782,1.3929
2010-04-13,1.3973,1.4028,1.3794,1.3918
2010-04-12,1.3933,1.4068,1.3776,1.3982
2010-04-09,1.4116,1.4155,1.3945,1.4038
2010-04-08,1.4141,1.4223,1.4046,1.4129
2010-04-07,1.4088,1.4182,1.4034,1.4116
2010-04-06,1.4026,1.4164,1.3985,1.41
2010-04-05,1.4024,1.4075,1.3963,1.4054
2010-04-02,1.393,1.4067,1.39,1.4027
2010-04-01,1.3995,1.4071,1.3916,1.3945
2010-03-31,1.4055,1.4118,1.3939,1.4009
2010-03-30,1.4007,1.4108,1.3931,1.4095
2010-03-29,1.3969,1.4078,1.3955,1.4034
2010-03-26,1.4164,1.42,1.4006,1.4076
2010-03-25,1.4115,1.42,1.4042,1.4168
2010-03-24,1.3941,1.4142,1.3925,1.4128
2010-03-23,1.389,1.3985,1.3858,1.3948
2010-03-22,1.3921,1.3997,1.3858,1.3899
2010-03-19,1.3862,1.3955,1.3824,1.3934
2010-03-18,1.3787,1.391,1.3716,1.3877
2010-03-17,1.3734,1.3808,1.3687,1.376
2010-03-16,1.3834,1.3863,1.3721,1.3746
2010-03-15,1.3766,1.3879,1.3701,1.3846
2010-03-12,1.3832,1.3857,1.3682,1.3782
2010-03-11,1.3837,1.3901,1.3758,1.3849
2010-03-10,1.3856,1.3926,1.3761,1.3849
2010-03-09,1.3841,1.3932,1.3788,1.3882
2010-03-08,1.3833,1.3893,1.3722,1.3857
2010-03-05,1.3818,1.3924,1.3779,1.3833
2010-03-04,1.3845,1.3935,1.3728,1.3858
2010-03-03,1.3907,1.3966,1.3711,1.3759
2010-03-02,1.3943,1.4082,1.3878,1.3929
2010-03-01,1.3855,1.4067,1.3829,1.3973
2010-02-26,1.3933,1.4026,1.3794,1.391
2010-02-25,1.3967,1.4076,1.391,1.396
2010-02-24,1.3997,1.4017,1.3882,1.3985
2010-02-23,1.3939,1.4022,1.3849,1.4013
2010-02-22,1.3882,1.3971,1.3863,1.3953
2010-02-19,1.3937,1.4052,1.3906,1.3955
2010-02-18,1.3869,1.3961,1.3811,1.3942
2010-02-17,1.3755,1.3921,1.3711,1.3904
2010-02-16,1.3883,1.3912,1.3713,1.3765
2010-02-15,1.3866,1.3918,1.3823,1.3884
2010-02-12,1.3784,1.396,1.3766,1.3878
2010-02-11,1.3761,1.3891,1.368,1.3805
2010-02-10,1.3717,1.383,1.367,1.3752
2010-02-09,1.3797,1.385,1.3649,1.3706
2010-02-08,1.3806,1.3865,1.3735,1.381
2010-02-05,1.3765,1.3903,1.367,1.3821
2010-02-04,1.3608,1.3781,1.3571,1.375
2010-02-03,1.353,1.3623,1.348,1.3617
2010-02-02,1.3549,1.3603,1.3519,1.355
2010-02-01,1.3574,1.363,1.3524,1.3567
2010-01-29,1.349,1.3622,1.3459,1.3577
2010-01-28,1.3436,1.3537,1.341,1.3513
2010-01-27,1.3401,1.3484,1.3382,1.3452
2010-01-26,1.3354,1.3451,1.3331,1.3416
2010-01-25,1.3344,1.3406,1.3309,1.3365
2010-01-22,1.3389,1.3431,1.3301,1.3422
2010-01-21,1.3332,1.3453,1.3311,1.3367
2010-01-20,1.32,1.3386,1.3194,1.3368
2010-01-19,1.3166,1.3293,1.3085,1.3213
2010-01-18,1.3182,1.322,1.3085,1.3182
2010-01-15,1.3084,1.3217,1.3021,1.3186
2010-01-14,1.3075,1.3138,1.2964,1.3078
2010-01-13,1.3096,1.315,1.2939,1.3108
2010-01-12,1.2997,1.3168,1.2964,1.3092
2010-01-11,1.3109,1.3156,1.2956,1.3069
2010-01-08,1.3195,1.3261,1.3033,1.3135
2010-01-07,1.3134,1.3237,1.3043,1.3202
2010-01-06,1.3172,1.3272,1.307,1.3156
2010-01-05,1.3166,1.3214,1.3094,1.3198
2010-01-04,1.3173,1.3306,1.3103,1.3174
2010-01-01,1.3226,1.326,1.321,1.3239
2009-12-31,1.3212,1.3269,1.3134,1.3263
2009-12-30,1.3203,1.3302,1.3155,1.3225
2009-12-29,1.3184,1.3274,1.3133,1.3178
2009-12-28,1.3166,1.3232,1.3054,1.3202
2009-12-25,1.3171,1.3228,1.3125,1.3184
2009-12-24,1.3215,1.3259,1.3145,1.3202
2009-12-23,1.3268,1.331,1.3169,1.3227
2009-12-22,1.3252,1.3322,1.319,1.3283
2009-12-21,1.3249,1.3291,1.3172,1.3267
2009-12-18,1.3222,1.3307,1.3154,1.3234
2009-12-17,1.3088,1.3267,1.3081,1.3207
2009-12-16,1.3087,1.3131,1.3035,1.3111
2009-12-15,1.3,1.3138,1.2996,1.3085
2009-12-14,1.3035,1.3098,1.2971,1.3038
2009-12-11,1.2969,1.3114,1.2905,1.3003
2009-12-10,1.296,1.3019,1.2829,1.2992
2009-12-09,1.2977,1.3035,1.2926,1.2976
2009-12-08,1.2919,1.3028,1.2865,1.2986
2009-12-07,1.2941,1.3017,1.2821,1.2937
2009-12-04,1.2781,1.2984,1.2713,1.2935
2009-12-03,1.2797,1.2814,1.2594,1.2782
2009-12-02,1.2751,1.2818,1.2691,1.2805
2009-12-01,1.2797,1.2842,1.2684,1.2757
2009-11-30,1.277,1.2858,1.2704,1.2811
2009-11-27,1.2785,1.2969,1.2717,1.2839
2009-11-26,1.2687,1.2866,1.2682,1.2806
2009-11-25,1.2832,1.2846,1.2679,1.2736
2009-11-24,1.2831,1.2898,1.2784,1.2842
2009-11-23,1.2874,1.2918,1.2775,1.2834
2009-11-20,1.2813,1.2955,1.2803,1.2886
2009-11-19,1.2825,1.2943,1.28,1.2832
2009-11-18,1.2896,1.2915,1.2784,1.2837
2009-11-17,1.2804,1.2933,1.2782,1.2916
2009-11-16,1.2803,1.2893,1.2686,1.2816
2009-11-13,1.2856,1.2939,1.2797,1.2879
2009-11-12,1.2802,1.2944,1.2764,1.2913
2009-11-11,1.2772,1.2857,1.2742,1.2814
2009-11-10,1.2767,1.2851,1.2666,1.2813
2009-11-09,1.2829,1.2899,1.2666,1.2805
2009-11-06,1.2868,1.2943,1.2819,1.2898
2009-11-05,1.2877,1.2944,1.282,1.2896
2009-11-04,1.2924,1.3015,1.283,1.2886
2009-11-03,1.2955,1.3071,1.2886,1.2996
2009-11-02,1.2987,1.3026,1.2825,1.2964
2009-10-30,1.2928,1.3032,1.2895,1.3
2009-10-29,1.2966,1.3005,1.2822,1.2944
2009-10-28,1.29,1.2999,1.2797,1.2973
2009-10-27,1.2917,1.2964,1.2767,1.2902
2009-10-26,1.2801,1.2964,1.2704,1.2931
2009-10-23,1.279,1.2857,1.2739,1.2843
2009-10-22,1.2797,1.2855,1.2748,1.28
2009-10-21,1.2846,1.2918,1.2715,1.2796
2009-10-20,1.2819,1.2923,1.27,1.2845
2009-10-19,1.2874,1.2922,1.2712,1.2833
2009-10-16,1.2812,1.2916,1.2718,1.2854
2009-10-15,1.2755,1.2927,1.2721,1.2832
2009-10-14,1.2871,1.2933,1.2738,1.2844
2009-10-13,1.2911,1.2944,1.2781,1.2885
2009-10-12,1.2931,1.299,1.2839,1.2905
2009-10-09,1.2821,1.299,1.2817,1.2942
2009-10-08,1.2953,1.2973,1.2804,1.2838
2009-10-07,1.2897,1.3003,1.2863,1.296
2009-10-06,1.2916,1.3004,1.2849,1.2909
2009-10-05,1.2978,1.3053,1.2901,1.2985
2009-10-02,1.3014,1.3103,1.2907,1.303
2009-10-01,1.2938,1.3053,1.2897,1.3027
2009-09-30,1.2976,1.3028,1.2893,1.2957
2009-09-29,1.295,1.3069,1.2923,1.2968
2009-09-28,1.29,1.3029,1.2877,1.2959
2009-09-25,1.2921,1.3012,1.2867,1.2918
2009-09-24,1.2921,1.3004,1.2817,1.294
2009-09-23,1.2846,1.292,1.2799,1.2895
2009-09-22,1.2931,1.2962,1.2825,1.2889
2009-09-21,1.2926,1.3013,1.2907,1.2947
2009-09-18,1.2892,1.2974,1.2878,1.2935
2009-09-17,1.2917,1.2986,1.2867,1.2909
2009-09-16,1.2965,1.3006,1.2898,1.2941
2009-09-15,1.2969,1.3042,1.2925,1.2957
2009-09-14,1.2993,1.3085,1.2932,1.2972
2009-09-11,1.2983,1.3045,1.2942,1.3011
2009-09-10,1.3007,1.3083,1.2954,1.3003
2009-09-09,1.3074,1.3111,1.2968,1.3017
2009-09-08,1.3165,1.3193,1.3031,1.3093
2009-09-07,1.315,1.3196,1.3099,1.3174
2009-09-04,1.3203,1.3277,1.3138,1.3191
2009-09-03,1.3183,1.3266,1.3128,1.3237
2009-09-02,1.327,1.331,1.3156,1.3202
2009-09-01,1.3172,1.3323,1.3118,1.3284
2009-08-31,1.3221,1.3285,1.3132,1.3196
2009-08-28,1.3122,1.326,1.3093,1.3238
2009-08-27,1.3229,1.3283,1.3073,1.3138
2009-08-26,1.3202,1.3291,1.313,1.3243
2009-08-25,1.3205,1.3249,1.3122,1.3196
2009-08-24,1.3153,1.324,1.3141,1.3206
2009-08-21,1.3183,1.328,1.3116,1.3179
2009-08-20,1.3205,1.3314,1.3163,1.3229
2009-08-19,1.3279,1.3357,1.3171,1.3209
2009-08-18,1.3321,1.3375,1.3212,1.3312
2009-08-17,1.3306,1.3396,1.3206,1.334
2009-08-14,1.3205,1.3349,1.3147,1.3282
2009-08-13,1.3259,1.3314,1.3128,1.3179
2009-08-12,1.3272,1.3362,1.3202,1.3276
2009-08-11,1.3289,1.335,1.3202,1.3314
2009-08-10,1.3285,1.3365,1.3213,1.33
2009-08-07,1.3167,1.3341,1.3093,1.3296
2009-08-06,1.3112,1.3226,1.3099,1.3178
2009-08-05,1.3148,1.3195,1.3087,1.315
2009-08-04,1.3126,1.3189,1.3091,1.3141
2009-08-03,1.3232,1.3283,1.3082,1.3114
2009-07-31,1.3353,1.3392,1.3171,1.3252
2009-07-30,1.3413,1.345,1.3271,1.3344
2009-07-29,1.3286,1.3455,1.3201,1.3365
2009-07-28,1.3257,1.337,1.3191,1.3295
2009-07-27,1.3253,1.3315,1.3191,1.3255
2009-07-24,1.3284,1.3344,1.3208,1.3272
2009-07-23,1.3233,1.3356,1.3185,1.3306
2009-07-22,1.3232,1.3306,1.3187,1.3251
2009-07-21,1.3228,1.33,1.3181,1.3264
2009-07-20,1.3331,1.3344,1.3202,1.325
2009-07-17,1.327,1.3371,1.3257,1.334
2009-07-16,1.3302,1.3387,1.3242,1.3297
2009-07-15,1.3358,1.3455,1.3261,1.3317
2009-07-14,1.3395,1.3468,1.3317,1.3411
2009-07-13,1.3385,1.3458,1.3324,1.3405
2009-07-10,1.3353,1.3479,1.3304,1.3434
2009-07-09,1.3445,1.3525,1.3291,1.3363
2009-07-08,1.3473,1.3549,1.3386,1.3507
2009-07-07,1.3409,1.3497,1.335,1.3467
2009-07-06,1.3446,1.3533,1.3381,1.3413
2009-07-03,1.3452,1.3523,1.3365,1.3432
2009-07-02,1.3352,1.3519,1.3298,1.3465
2009-07-01,1.3426,1.352,1.3263,1.3415
2009-06-30,1.3445,1.3522,1.3344,1.3438
2009-06-29,1.3451,1.3553,1.3393,1.3444
2009-06-26,1.3475,1.3549,1.3395,1.3483
2009-06-25,1.3548,1.359,1.3421,1.3435
2009-06-24,1.3446,1.3626,1.3378,1.3549
2009-06-23,1.3573,1.3628,1.3391,1.3485
2009-06-22,1.3562,1.3643,1.3524,1.3588
2009-06-19,1.3566,1.3612,1.347,1.357
2009-06-18,1.3481,1.3635,1.3452,1.3587
2009-06-17,1.3602,1.3699,1.345,1.3585
2009-06-16,1.3655,1.3708,1.3524,1.3628
2009-06-15,1.3516,1.3699,1.35,1.3647
2009-06-12,1.345,1.3602,1.3419,1.3545
2009-06-11,1.3495,1.3604,1.3381,1.3457
2009-06-10,1.3479,1.3659,1.338,1.3555
2009-06-09,1.3595,1.3672,1.3449,1.3499
2009-06-08,1.3585,1.3741,1.3543,1.3618
2009-06-05,1.3413,1.3631,1.3333,1.3583
2009-06-04,1.3462,1.3534,1.3318,1.3427
2009-06-03,1.3295,1.3506,1.3249,1.3468
2009-06-02,1.3417,1.3538,1.325,1.3314
2009-06-01,1.3448,1.3522,1.3291,1.3428
2009-05-29,1.3569,1.3642,1.3363,1.3464
2009-05-28,1.3586,1.3737,1.349,1.362
2009-05-27,1.3501,1.3712,1.3421,1.3652
2009-05-26,1.3473,1.3632,1.3456,1.3553
2009-05-25,1.347,1.356,1.3387,1.3506
2009-05-22,1.3538,1.3607,1.3377,1.3515
2009-05-21,1.3634,1.374,1.3448,1.3555
2009-05-20,1.3764,1.3792,1.3514,1.3677
2009-05-19,1.3781,1.3832,1.3667,1.3756
2009-05-18,1.3827,1.3937,1.3741,1.3825
2009-05-15,1.3673,1.3901,1.3659,1.3832
2009-05-14,1.3775,1.3853,1.3625,1.3726
2009-05-13,1.3697,1.3817,1.3617,1.3771
2009-05-12,1.3774,1.3804,1.3622,1.3709
2009-05-11,1.371,1.3815,1.3647,1.374
2009-05-08,1.3893,1.3954,1.3664,1.3732
2009-05-07,1.3909,1.3997,1.3761,1.3907
2009-05-06,1.3941,1.4022,1.3839,1.3915
2009-05-05,1.383,1.3975,1.3796,1.3935
2009-05-04,1.395,1.408,1.3819,1.386
2009-05-01,1.3999,1.4049,1.3886,1.3981
2009-04-30,1.4008,1.4179,1.3862,1.4011
2009-04-29,1.4088,1.417,1.3897,1.4013
2009-04-28,1.4152,1.4257,1.4018,1.4153
2009-04-27,1.3981,1.4239,1.3978,1.4209
2009-04-24,1.4155,1.4212,1.3937,1.409
2009-04-23,1.418,1.4289,1.405,1.4116
2009-04-22,1.4269,1.4354,1.4145,1.4226
2009-04-21,1.426,1.4308,1.4127,1.4246
2009-04-20,1.4096,1.4334,1.4094,1.4231
2009-04-17,1.3985,1.4198,1.3974,1.4171
2009-04-16,1.3965,1.4095,1.388,1.4017
2009-04-15,1.3955,1.4055,1.3876,1.3997
2009-04-14,1.3891,1.4029,1.383,1.3972
2009-04-13,1.4025,1.4093,1.3818,1.3905
2009-04-10,1.4044,1.4162,1.3996,1.4022
2009-04-09,1.3958,1.4126,1.3874,1.4052
2009-04-08,1.3996,1.4104,1.3899,1.3978
2009-04-07,1.3885,1.4044,1.387,1.3931
2009-04-06,1.3801,1.3951,1.3705,1.389
2009-04-03,1.3871,1.3947,1.3794,1.3836
2009-04-02,1.3967,1.4032,1.3779,1.3847
2009-04-01,1.4023,1.4124,1.3935,1.3999
2009-03-31,1.3985,1.4099,1.3886,1.4039
2009-03-30,1.3987,1.4146,1.3943,1.4024
2009-03-27,1.3804,1.411,1.3736,1.4022
2009-03-26,1.38,1.3876,1.369,1.3819
2009-03-25,1.3891,1.3994,1.3679,1.3799
2009-03-24,1.3762,1.4033,1.3705,1.3933
2009-03-23,1.3764,1.3974,1.3694,1.3799
2009-03-20,1.3791,1.3938,1.3673,1.3877
2009-03-19,1.39,1.3992,1.3616,1.3751
2009-03-18,1.4254,1.4321,1.385,1.3907
2009-03-17,1.4287,1.4378,1.4221,1.4265
2009-03-16,1.439,1.4446,1.419,1.4327
2009-03-13,1.4329,1.4429,1.4266,1.4347
2009-03-12,1.4415,1.4546,1.4279,1.4345
2009-03-11,1.4532,1.4647,1.4326,1.4417
2009-03-10,1.4585,1.4658,1.4371,1.4548
2009-03-09,1.4504,1.4677,1.4434,1.455
2009-03-06,1.4579,1.4665,1.4377,1.4532
2009-03-05,1.4501,1.4691,1.4457,1.4578
2009-03-04,1.4611,1.4736,1.4464,1.454
2009-03-03,1.4565,1.4673,1.4453,1.4614
2009-03-02,1.4528,1.4678,1.446,1.4587
2009-02-27,1.4432,1.46,1.4361,1.4526
2009-02-26,1.4469,1.4535,1.4329,1.4481
2009-02-25,1.4352,1.4523,1.4304,1.4497
2009-02-24,1.4436,1.4547,1.4311,1.4407
2009-02-23,1.4365,1.4522,1.4185,1.4473
2009-02-20,1.4464,1.4678,1.4278,1.4341
2009-02-19,1.4556,1.4654,1.4393,1.4478
2009-02-18,1.4547,1.4673,1.446,1.4597
2009-02-17,1.4312,1.4592,1.4294,1.4517
2009-02-16,1.435,1.4425,1.4278,1.4337
2009-02-13,1.4226,1.4342,1.4145,1.4302
2009-02-12,1.4185,1.4405,1.4157,1.4263
2009-02-11,1.424,1.431,1.4124,1.4204
2009-02-10,1.4109,1.4381,1.404,1.427
2009-02-09,1.4121,1.4282,1.4039,1.4108
2009-02-06,1.4275,1.4362,1.409,1.4174
2009-02-05,1.4208,1.437,1.4127,1.4303
2009-02-04,1.4153,1.4356,1.4052,1.4298
2009-02-03,1.425,1.4373,1.4057,1.4085
2009-02-02,1.4288,1.4414,1.4181,1.4291
2009-01-30,1.4182,1.4293,1.4059,1.4252
2009-01-29,1.3919,1.4216,1.3882,1.415
2009-01-28,1.3908,1.3996,1.3763,1.3959
2009-01-27,1.3887,1.3963,1.3773,1.3901
2009-01-26,1.3978,1.4162,1.3837,1.3896
2009-01-23,1.3948,1.4212,1.3887,1.3982
2009-01-22,1.3887,1.408,1.3873,1.3973
2009-01-21,1.3997,1.415,1.3873,1.3915
2009-01-20,1.3822,1.411,1.3811,1.4029
2009-01-19,1.3618,1.3863,1.3541,1.3838
2009-01-16,1.3754,1.3783,1.3575,1.3634
2009-01-15,1.3696,1.3868,1.3638,1.3724
2009-01-14,1.3724,1.3828,1.3592,1.3735
2009-01-13,1.3579,1.3801,1.3531,1.3733
2009-01-12,1.3467,1.3663,1.3404,1.3579
2009-01-09,1.3314,1.3544,1.3255,1.3454
2009-01-08,1.3359,1.3462,1.316,1.3308
2009-01-07,1.3381,1.3512,1.3246,1.3358
2009-01-06,1.3361,1.3626,1.3293,1.3451
2009-01-05,1.32,1.3445,1.3122,1.3384
2009-01-02,1.3094,1.3259,1.305,1.3248
2009-01-01,1.311,1.319,1.3042,1.3106
2008-12-31,1.3064,1.3233,1.2995,1.3109
2008-12-30,1.3143,1.3177,1.2939,1.3073
2008-12-29,1.3056,1.3145,1.2838,1.3134
2008-12-26,1.3097,1.3148,1.3014,1.3073
2008-12-25,1.3095,1.3158,1.3066,1.3107
2008-12-24,1.3155,1.3189,1.3056,1.3132
2008-12-23,1.3154,1.3179,1.3041,1.315
2008-12-22,1.312,1.3196,1.2971,1.3169
2008-12-19,1.2978,1.3242,1.2881,1.3178
2008-12-18,1.2812,1.2995,1.2651,1.2946
2008-12-17,1.307,1.3141,1.2788,1.2828
2008-12-16,1.3291,1.3413,1.2998,1.3059
2008-12-15,1.3509,1.355,1.3278,1.3325
2008-12-12,1.3541,1.3646,1.3465,1.3539
2008-12-11,1.3777,1.3834,1.3465,1.3527
2008-12-10,1.386,1.3904,1.3717,1.3797
2008-12-09,1.3839,1.3965,1.3781,1.3885
2008-12-08,1.3996,1.4017,1.3803,1.3832
2008-12-05,1.3947,1.4138,1.387,1.3991
2008-12-04,1.3987,1.4163,1.3866,1.3929
2008-12-03,1.3957,1.4101,1.3931,1.398
2008-12-02,1.4016,1.4114,1.3908,1.3987
2008-12-01,1.3918,1.4094,1.391,1.4044
2008-11-28,1.3795,1.4031,1.3744,1.3944
2008-11-27,1.384,1.3865,1.3741,1.382
2008-11-26,1.3692,1.3905,1.3634,1.3824
2008-11-25,1.3716,1.3906,1.3628,1.366
2008-11-24,1.3948,1.4064,1.3716,1.3836
2008-11-21,1.4119,1.4158,1.3897,1.4063
2008-11-20,1.4058,1.4134,1.3949,1.4058
2008-11-19,1.3956,1.4067,1.3766,1.4059
2008-11-18,1.3929,1.4048,1.3884,1.4007
2008-11-17,1.399,1.403,1.3859,1.3945
2008-11-14,1.3785,1.3992,1.3734,1.3916
2008-11-13,1.3989,1.4127,1.3714,1.3776
2008-11-12,1.3936,1.4048,1.3843,1.4036
2008-11-11,1.3857,1.3966,1.3721,1.3951
2008-11-10,1.3735,1.3896,1.3664,1.3885
2008-11-07,1.3829,1.3937,1.3695,1.3787
2008-11-06,1.3663,1.39,1.3656,1.3854
2008-11-05,1.3655,1.3834,1.3534,1.3683
2008-11-04,1.3836,1.3985,1.3567,1.3636
2008-11-03,1.372,1.3933,1.3579,1.3839
2008-10-31,1.36,1.3798,1.3571,1.3757
2008-10-30,1.344,1.3681,1.3157,1.3594
2008-10-29,1.3617,1.3733,1.3405,1.3487
2008-10-28,1.3798,1.3968,1.3618,1.367
2008-10-27,1.3778,1.3994,1.3673,1.3872
2008-10-24,1.3434,1.3871,1.342,1.3737
2008-10-23,1.3536,1.3667,1.34,1.3435
2008-10-22,1.3359,1.3624,1.3353,1.357
2008-10-21,1.314,1.339,1.3091,1.3388
2008-10-20,1.3076,1.3202,1.2965,1.3143
2008-10-17,1.3024,1.3101,1.2966,1.3083
2008-10-16,1.2999,1.313,1.2935,1.3034
2008-10-15,1.2929,1.3038,1.2828,1.303
2008-10-14,1.2926,1.2978,1.2813,1.2932
2008-10-13,1.292,1.305,1.2846,1.2954
2008-10-10,1.2922,1.3034,1.2898,1.2928
2008-10-09,1.2895,1.2975,1.2789,1.2935
2008-10-08,1.2908,1.2995,1.2793,1.2924
2008-10-07,1.3018,1.3063,1.2796,1.2937
2008-10-06,1.2851,1.3058,1.2849,1.3008
2008-10-03,1.2803,1.2897,1.2708,1.281
2008-10-02,1.2641,1.2855,1.2641,1.2795
2008-10-01,1.2615,1.2721,1.2585,1.2685
2008-09-30,1.2439,1.2773,1.2428,1.2628
2008-09-29,1.2383,1.2569,1.2355,1.2446
2008-09-26,1.2338,1.2376,1.2287,1.2346
2008-09-25,1.2337,1.2381,1.2221,1.2346
2008-09-24,1.2312,1.2352,1.2241,1.2347
2008-09-23,1.2236,1.2349,1.2209,1.2326
2008-09-22,1.2406,1.2451,1.2193,1.2255
2008-09-19,1.2544,1.2707,1.2373,1.2439
2008-09-18,1.2484,1.2595,1.2342,1.2512
2008-09-17,1.2617,1.2667,1.245,1.2518
2008-09-16,1.2538,1.2681,1.2503,1.2625
2008-09-15,1.2517,1.2676,1.245,1.2547
2008-09-12,1.2678,1.2719,1.2518,1.2587
2008-09-11,1.2709,1.2815,1.2666,1.2688
2008-09-10,1.2616,1.2782,1.258,1.2772
2008-09-09,1.2617,1.2693,1.2538,1.2631
2008-09-08,1.246,1.271,1.2422,1.2636
2008-09-05,1.2654,1.2676,1.2473,1.2546
2008-09-04,1.2415,1.2667,1.2341,1.2657
2008-09-03,1.2387,1.2495,1.2356,1.2394
2008-09-02,1.2349,1.2441,1.2314,1.2397
2008-09-01,1.2291,1.2381,1.2266,1.2352
2008-08-29,1.229,1.2353,1.2223,1.2326
2008-08-28,1.2275,1.2331,1.2198,1.2286
2008-08-27,1.2317,1.2339,1.2207,1.2299
2008-08-26,1.2268,1.2373,1.2252,1.2296
2008-08-25,1.2244,1.233,1.2222,1.2283
2008-08-22,1.217,1.2277,1.212,1.225
2008-08-21,1.2244,1.2303,1.2113,1.2179
2008-08-20,1.2234,1.2335,1.2183,1.2265
2008-08-19,1.2292,1.2352,1.2181,1.225
2008-08-18,1.225,1.2307,1.2211,1.2299
2008-08-15,1.2173,1.2331,1.212,1.2259
2008-08-14,1.2127,1.2213,1.2094,1.2179
2008-08-13,1.2129,1.2197,1.2063,1.2126
2008-08-12,1.2159,1.2214,1.2065,1.2114
2008-08-11,1.2041,1.2171,1.1962,1.217
2008-08-08,1.1911,1.208,1.1844,1.2072
2008-08-07,1.1834,1.1932,1.1752,1.1924
2008-08-06,1.1768,1.1863,1.1739,1.185
2008-08-05,1.1766,1.1819,1.1709,1.181
2008-08-04,1.1748,1.1785,1.1679,1.177
2008-08-01,1.1731,1.179,1.1688,1.1764
2008-07-31,1.1741,1.1759,1.1638,1.1739
2008-07-30,1.1772,1.1799,1.168,1.1752
2008-07-29,1.166,1.1808,1.1611,1.1783
2008-07-28,1.1673,1.1713,1.1608,1.1671
2008-07-25,1.1689,1.1717,1.1609,1.165
2008-07-24,1.1697,1.1735,1.1632,1.1668
2008-07-23,1.1616,1.1722,1.1591,1.1656
2008-07-22,1.1569,1.1711,1.1525,1.1633
2008-07-21,1.1591,1.1647,1.1534,1.1599
2008-07-18,1.1587,1.1653,1.1554,1.1601
2008-07-17,1.1625,1.1665,1.154,1.1579
2008-07-16,1.1579,1.1656,1.1509,1.1589
2008-07-15,1.1555,1.163,1.1475,1.1543
2008-07-14,1.151,1.1634,1.1507,1.1563
2008-07-11,1.161,1.1667,1.1526,1.1551
2008-07-10,1.1638,1.1694,1.16,1.1639
2008-07-09,1.1697,1.1726,1.1624,1.1649
2008-07-08,1.1666,1.1736,1.1641,1.1711
2008-07-07,1.1682,1.1758,1.1639,1.1676
2008-07-04,1.1695,1.1729,1.1632,1.1683
2008-07-03,1.1573,1.1732,1.1569,1.1706
2008-07-02,1.1618,1.1669,1.1572,1.1607
2008-07-01,1.1618,1.1692,1.1595,1.1637
2008-06-30,1.1637,1.1689,1.1575,1.1662
2008-06-27,1.1635,1.1703,1.1593,1.1642
2008-06-26,1.1667,1.1753,1.1603,1.1635
2008-06-25,1.1796,1.1814,1.1652,1.1702
2008-06-24,1.181,1.184,1.1722,1.1769
2008-06-23,1.175,1.1869,1.1738,1.1812
2008-06-20,1.1816,1.1855,1.1733,1.1789
2008-06-19,1.1797,1.188,1.1756,1.1846
2008-06-18,1.1818,1.1863,1.1774,1.1816
2008-06-17,1.1805,1.1862,1.1746,1.1806
2008-06-16,1.1845,1.1898,1.1759,1.1816
2008-06-13,1.182,1.193,1.1791,1.1868
2008-06-12,1.1758,1.1869,1.1737,1.1839
2008-06-11,1.1798,1.1842,1.1725,1.1759
2008-06-10,1.1696,1.1845,1.1681,1.1807
2008-06-09,1.1613,1.1754,1.1572,1.1703
2008-06-06,1.1707,1.1772,1.1586,1.1646
2008-06-05,1.1797,1.1865,1.1693,1.1744
2008-06-04,1.1793,1.1829,1.175,1.1805
2008-06-03,1.1741,1.1831,1.1678,1.1803
2008-06-02,1.1712,1.1804,1.1701,1.1747
2008-05-30,1.1747,1.1802,1.1698,1.1734
2008-05-29,1.1674,1.1802,1.1657,1.1778
2008-05-28,1.1674,1.1738,1.1606,1.1688
2008-05-27,1.1604,1.1689,1.1564,1.1686
2008-05-26,1.1607,1.1649,1.158,1.162
2008-05-23,1.1609,1.1667,1.1571,1.1623
2008-05-22,1.1581,1.1676,1.1546,1.1648
2008-05-21,1.1669,1.1718,1.156,1.158
2008-05-20,1.1759,1.1783,1.1629,1.1678
2008-05-19,1.1704,1.1804,1.1638,1.1752
2008-05-16,1.1793,1.1849,1.1656,1.1705
2008-05-15,1.1787,1.1864,1.171,1.1813
2008-05-14,1.1782,1.1855,1.176,1.1793
2008-05-13,1.1738,1.1817,1.1694,1.1792
2008-05-12,1.1776,1.1872,1.1702,1.1746
2008-05-09,1.1798,1.1841,1.174,1.1784
2008-05-08,1.1806,1.1941,1.1767,1.1808
2008-05-07,1.1732,1.1885,1.1696,1.1847
2008-05-06,1.1761,1.1814,1.1685,1.1757
2008-05-05,1.1777,1.1832,1.1714,1.1782
2008-05-02,1.1735,1.1874,1.1691,1.1788
2008-05-01,1.1648,1.1824,1.1616,1.1753
2008-04-30,1.1661,1.174,1.1622,1.1647
2008-04-29,1.1614,1.1719,1.1601,1.1684
2008-04-28,1.164,1.1677,1.158,1.1628
2008-04-25,1.1616,1.1705,1.1564,1.1637
2008-04-24,1.1484,1.1658,1.147,1.1602
2008-04-23,1.1448,1.1571,1.1424,1.1489
2008-04-22,1.1503,1.1578,1.1413,1.1475
2008-04-21,1.1564,1.1571,1.1453,1.1508
2008-04-18,1.1504,1.1651,1.1435,1.1544
2008-04-17,1.1472,1.1559,1.1429,1.1491
2008-04-16,1.1555,1.16,1.143,1.147
2008-04-15,1.1519,1.16,1.1473,1.1554
2008-04-14,1.1623,1.1658,1.1462,1.1511
2008-04-11,1.1565,1.1611,1.1475,1.1569
2008-04-10,1.1513,1.1619,1.1472,1.1567
2008-04-09,1.1611,1.1639,1.1487,1.1552
2008-04-08,1.1618,1.166,1.1528,1.163
2008-04-07,1.1599,1.1671,1.1542,1.1622
2008-04-04,1.1573,1.1643,1.1501,1.1587
2008-04-03,1.1566,1.171,1.1514,1.159
2008-04-02,1.1568,1.1663,1.1509,1.1566
2008-04-01,1.1501,1.1621,1.146,1.1578
2008-03-31,1.1487,1.1528,1.1391,1.149
2008-03-28,1.1469,1.1537,1.1426,1.1467
2008-03-27,1.1471,1.154,1.14,1.1515
2008-03-26,1.154,1.1613,1.14,1.1448
2008-03-25,1.1631,1.1702,1.1527,1.1566
2008-03-24,1.1629,1.1751,1.1615,1.1677
2008-03-21,1.163,1.1742,1.1608,1.1639
2008-03-20,1.1547,1.1751,1.1517,1.1724
2008-03-19,1.1591,1.1623,1.1446,1.1536
2008-03-18,1.1481,1.1616,1.1406,1.1604
2008-03-17,1.1502,1.1572,1.1356,1.1496
2008-03-14,1.1553,1.1654,1.1509,1.1542
2008-03-13,1.1621,1.1702,1.1537,1.1572
2008-03-12,1.1785,1.1806,1.1587,1.1609
2008-03-11,1.1774,1.1832,1.1647,1.1785
2008-03-10,1.1773,1.1803,1.1725,1.1771
2008-03-07,1.1769,1.1852,1.1712,1.1816
2008-03-06,1.1859,1.1893,1.1752,1.1777
2008-03-05,1.1889,1.1963,1.1832,1.1864
2008-03-04,1.1899,1.1933,1.1852,1.1911
2008-03-03,1.1881,1.1945,1.1838,1.19
2008-02-29,1.1889,1.1959,1.1837,1.1915
2008-02-28,1.1936,1.1996,1.1849,1.1892
2008-02-27,1.1989,1.2033,1.1907,1.1944
2008-02-26,1.2081,1.2146,1.198,1.204
2008-02-25,1.2073,1.2162,1.2067,1.2096
2008-02-22,1.2088,1.2163,1.2054,1.2108
2008-02-21,1.2152,1.2199,1.206,1.2111
2008-02-20,1.2152,1.2254,1.2135,1.2162
2008-02-19,1.2196,1.223,1.2116,1.2182
2008-02-18,1.2192,1.2257,1.2154,1.2203
2008-02-15,1.2197,1.2228,1.2142,1.2202
2008-02-14,1.2246,1.2284,1.2183,1.221
2008-02-13,1.2218,1.2306,1.2205,1.2262
2008-02-12,1.2299,1.2327,1.2184,1.2239
2008-02-11,1.2309,1.2327,1.2237,1.2285
2008-02-08,1.2329,1.2367,1.2264,1.2323
2008-02-07,1.2239,1.237,1.2189,1.2339
2008-02-06,1.2243,1.2301,1.2174,1.2252
2008-02-05,1.2118,1.2284,1.2082,1.226
2008-02-04,1.2107,1.216,1.2065,1.2137
2008-02-01,1.206,1.216,1.2,1.2136
2008-01-31,1.2078,1.2146,1.1987,1.2098
2008-01-30,1.2104,1.2153,1.1992,1.2045
2008-01-29,1.2123,1.2161,1.2066,1.2095
2008-01-28,1.2147,1.2195,1.2065,1.2125
2008-01-25,1.2107,1.2201,1.2078,1.2175
2008-01-24,1.2208,1.2241,1.2078,1.2111
2008-01-23,1.2183,1.2286,1.2132,1.2213
2008-01-22,1.2288,1.2374,1.2161,1.2206
2008-01-21,1.2181,1.2339,1.218,1.2315
2008-01-18,1.2155,1.2239,1.213,1.2167
2008-01-17,1.2157,1.2234,1.2075,1.219
2008-01-16,1.2068,1.2227,1.2023,1.2169
2008-01-15,1.2034,1.2128,1.1991,1.2124
2008-01-14,1.2083,1.211,1.1995,1.2067
2008-01-11,1.2044,1.2134,1.2037,1.2099
2008-01-10,1.2163,1.2198,1.2039,1.2062
2008-01-09,1.2124,1.2192,1.2088,1.2155
2008-01-08,1.2144,1.2178,1.209,1.2153
2008-01-07,1.2137,1.226,1.2104,1.2163
2008-01-04,1.2166,1.2225,1.2072,1.215
2008-01-03,1.2178,1.2267,1.2132,1.2155
2008-01-02,1.2293,1.2342,1.2127,1.2195
2008-01-01,1.2262,1.2343,1.2234,1.2303
2007-12-31,1.2182,1.2412,1.2127,1.2275
2007-12-28,1.2243,1.2309,1.2079,1.2241
2007-12-27,1.2313,1.2373,1.2128,1.2288
2007-12-26,1.2387,1.2425,1.2296,1.233
2007-12-25,1.2399,1.2434,1.2375,1.2401
2007-12-24,1.2407,1.2442,1.2369,1.2424
2007-12-21,1.2444,1.2469,1.2367,1.241
2007-12-20,1.2406,1.2477,1.2371,1.2459
2007-12-19,1.2366,1.2463,1.2333,1.2414
2007-12-18,1.2357,1.242,1.2297,1.2382
2007-12-17,1.2326,1.2419,1.2283,1.2332
2007-12-14,1.2165,1.2374,1.2128,1.2328
2007-12-13,1.211,1.2266,1.2078,1.2193
2007-12-12,1.2209,1.2227,1.2073,1.217
2007-12-11,1.2148,1.2235,1.2083,1.2157
2007-12-10,1.2216,1.2251,1.2095,1.2178
2007-12-07,1.2239,1.2293,1.2158,1.2219
2007-12-06,1.2254,1.2324,1.2147,1.2236
2007-12-05,1.2141,1.2281,1.213,1.2272
2007-12-04,1.2207,1.225,1.2134,1.217
2007-12-03,1.2239,1.2291,1.2182,1.223
2007-11-30,1.2152,1.2298,1.212,1.2249
2007-11-29,1.2103,1.2221,1.2082,1.2182
2007-11-28,1.2137,1.2224,1.2075,1.2122
2007-11-27,1.2099,1.2162,1.2052,1.214
2007-11-26,1.2108,1.215,1.2066,1.21
2007-11-23,1.2095,1.2166,1.1995,1.2111
2007-11-22,1.2103,1.2143,1.2056,1.2102
2007-11-21,1.2112,1.2171,1.2058,1.2107
2007-11-20,1.2203,1.2257,1.2091,1.2122
2007-11-19,1.2184,1.2272,1.2167,1.2208
2007-11-16,1.2238,1.2293,1.2179,1.2224
2007-11-15,1.2229,1.228,1.2158,1.2248
2007-11-14,1.2233,1.2281,1.2143,1.2207
2007-11-13,1.2294,1.2317,1.2197,1.226
2007-11-12,1.2216,1.2311,1.2188,1.2299
2007-11-09,1.2236,1.2257,1.2136,1.222
2007-11-08,1.225,1.2283,1.2171,1.223
2007-11-07,1.2263,1.2324,1.2149,1.2247
2007-11-06,1.2342,1.2366,1.2256,1.23
2007-11-05,1.2328,1.2377,1.228,1.2355
2007-11-02,1.2368,1.2389,1.2279,1.231
2007-11-01,1.2318,1.2405,1.2303,1.2383
2007-10-31,1.2369,1.2401,1.2297,1.2344
2007-10-30,1.2382,1.2422,1.233,1.239
2007-10-29,1.2387,1.2422,1.2335,1.2381
2007-10-26,1.2403,1.2461,1.2358,1.2393
2007-10-25,1.2461,1.2488,1.2383,1.2439
2007-10-24,1.2451,1.2535,1.2424,1.2475
2007-10-23,1.2515,1.2541,1.2422,1.247
2007-10-22,1.2405,1.2577,1.2376,1.2529
2007-10-19,1.2441,1.2492,1.2403,1.2432
2007-10-18,1.2489,1.2521,1.2408,1.2461
2007-10-17,1.2517,1.2547,1.2456,1.2502
2007-10-16,1.249,1.2565,1.2459,1.2536
2007-10-15,1.2521,1.2546,1.2453,1.2522
2007-10-12,1.2507,1.256,1.247,1.2527
2007-10-11,1.2538,1.256,1.2456,1.2521
2007-10-10,1.2537,1.2586,1.249,1.2547
2007-10-09,1.2575,1.2648,1.2526,1.2547
2007-10-08,1.2531,1.2633,1.2507,1.2589
2007-10-05,1.2527,1.2629,1.25,1.2548
2007-10-04,1.2579,1.2611,1.2507,1.254
2007-10-03,1.2537,1.2603,1.248,1.2599
2007-10-02,1.2483,1.2559,1.2455,1.2532
2007-10-01,1.2436,1.2519,1.2396,1.249
2007-09-28,1.2519,1.2554,1.2399,1.2451
2007-09-27,1.2514,1.2577,1.248,1.2548
2007-09-26,1.2494,1.2563,1.248,1.2542
2007-09-25,1.2548,1.2595,1.2487,1.2551
2007-09-24,1.2559,1.2583,1.2483,1.2562
2007-09-21,1.2541,1.2602,1.249,1.2551
2007-09-20,1.2593,1.2651,1.2501,1.2546
2007-09-19,1.259,1.266,1.2539,1.2623
2007-09-18,1.2657,1.2702,1.2538,1.256
2007-09-17,1.2639,1.2692,1.2617,1.2669
2007-09-14,1.264,1.2679,1.2605,1.2662
2007-09-13,1.2609,1.2671,1.2582,1.2666
2007-09-12,1.2649,1.2701,1.258,1.2623
2007-09-11,1.2646,1.2713,1.2619,1.267
2007-09-10,1.2668,1.2728,1.2641,1.2679
2007-09-07,1.2719,1.2805,1.2651,1.2697
2007-09-06,1.2782,1.2815,1.2709,1.2757
2007-09-05,1.2807,1.2853,1.2733,1.2786
2007-09-04,1.2794,1.2872,1.2763,1.2815
2007-09-03,1.2797,1.2832,1.2748,1.2808
2007-08-31,1.278,1.283,1.2713,1.2819
2007-08-30,1.2763,1.284,1.2736,1.2781
2007-08-29,1.2827,1.2871,1.2734,1.2778
2007-08-28,1.2783,1.2845,1.2736,1.282
2007-08-27,1.2746,1.282,1.2732,1.2807
2007-08-24,1.2832,1.2873,1.2737,1.2778
2007-08-23,1.284,1.2883,1.2795,1.2845
2007-08-22,1.2889,1.2919,1.2811,1.2832
2007-08-21,1.2884,1.2937,1.283,1.2884
2007-08-20,1.288,1.2925,1.2835,1.2893
2007-08-17,1.2914,1.2965,1.28,1.2891
2007-08-16,1.2905,1.2992,1.287,1.2911
2007-08-15,1.2845,1.2953,1.2822,1.2911
2007-08-14,1.2799,1.2881,1.2776,1.286
2007-08-13,1.275,1.2855,1.2728,1.2848
2007-08-10,1.276,1.2838,1.273,1.2769
2007-08-09,1.2688,1.2836,1.2667,1.2768
2007-08-08,1.2732,1.2781,1.266,1.2708
2007-08-07,1.2702,1.2772,1.266,1.277
2007-08-06,1.2663,1.2782,1.262,1.2721
2007-08-03,1.28,1.2813,1.2642,1.2712
2007-08-02,1.2768,1.2839,1.2739,1.2777
2007-08-01,1.2748,1.2857,1.2706,1.2809
2007-07-31,1.2776,1.2834,1.2734,1.2821
2007-07-30,1.2826,1.2886,1.2739,1.2789
2007-07-27,1.2747,1.2881,1.273,1.2824
2007-07-26,1.2763,1.2881,1.2715,1.2757
2007-07-25,1.2703,1.2884,1.2681,1.2856
2007-07-24,1.2709,1.2785,1.2665,1.2759
2007-07-23,1.2718,1.2791,1.2693,1.274
2007-07-20,1.275,1.2805,1.2693,1.277
2007-07-19,1.275,1.2804,1.2709,1.2764
2007-07-18,1.2787,1.2823,1.2716,1.2765
2007-07-17,1.2789,1.2822,1.2748,1.28
2007-07-16,1.28,1.283,1.2741,1.2798
2007-07-13,1.2799,1.2859,1.2743,1.28
2007-07-12,1.2814,1.2835,1.2741,1.2782
2007-07-11,1.2795,1.2862,1.2745,1.2827
2007-07-10,1.2894,1.2961,1.2784,1.2806
2007-07-09,1.2893,1.2948,1.2861,1.2921
2007-07-06,1.2924,1.2998,1.286,1.2909
2007-07-05,1.2881,1.3007,1.2836,1.2904
2007-07-04,1.2905,1.2958,1.2854,1.2901
2007-07-03,1.2911,1.2969,1.2856,1.2896
2007-07-02,1.293,1.299,1.2853,1.2888
2007-06-29,1.301,1.3061,1.2932,1.2967
2007-06-28,1.2993,1.3067,1.2968,1.3024
2007-06-27,1.3015,1.3057,1.298,1.3022
2007-06-26,1.3017,1.3061,1.2971,1.3023
2007-06-25,1.3015,1.3049,1.2978,1.3023
2007-06-22,1.3064,1.3083,1.2981,1.3007
2007-06-21,1.3056,1.3097,1.3013,1.3068
2007-06-20,1.3016,1.3078,1.2996,1.3058
2007-06-19,1.3045,1.3091,1.3001,1.3023
2007-06-18,1.3046,1.3132,1.2998,1.3052
2007-06-15,1.3104,1.3128,1.3019,1.3056
2007-06-14,1.3096,1.3152,1.3063,1.3089
2007-06-13,1.3094,1.3146,1.3049,1.3107
2007-06-12,1.3061,1.3127,1.3027,1.3116
2007-06-11,1.3059,1.3102,1.3019,1.3076
2007-06-08,1.3012,1.3111,1.2986,1.306
2007-06-07,1.2964,1.3038,1.2926,1.3016
2007-06-06,1.2958,1.3008,1.2917,1.3001
2007-06-05,1.2981,1.2998,1.2899,1.2954
2007-06-04,1.2992,1.3033,1.2943,1.3
2007-06-01,1.3005,1.3075,1.2972,1.3003
2007-05-31,1.3005,1.3051,1.2963,1.3014
2007-05-30,1.301,1.3062,1.2971,1.3019
2007-05-29,1.2993,1.305,1.2933,1.302
2007-05-28,1.3015,1.3034,1.2971,1.302
2007-05-25,1.3026,1.3064,1.2977,1.3025
2007-05-24,1.3018,1.3058,1.2981,1.303
2007-05-23,1.3016,1.3066,1.2939,1.3015
2007-05-22,1.3007,1.3056,1.2951,1.3016
2007-05-21,1.2963,1.3065,1.2937,1.3006
2007-05-18,1.2979,1.3031,1.294,1.2989
2007-05-17,1.2979,1.3028,1.2921,1.2997
2007-05-16,1.2935,1.3014,1.2887,1.2988
2007-05-15,1.2941,1.2995,1.2888,1.2927
2007-05-14,1.2943,1.2988,1.2896,1.2971
2007-05-11,1.2987,1.3023,1.291,1.2974
2007-05-10,1.2953,1.3012,1.2897,1.299
2007-05-09,1.2944,1.2974,1.2884,1.2952
2007-05-08,1.2917,1.2984,1.288,1.2934
2007-05-07,1.29,1.2936,1.2875,1.291
2007-05-04,1.294,1.2972,1.2884,1.2925
2007-05-03,1.2917,1.2966,1.288,1.293
2007-05-02,1.2884,1.2961,1.2882,1.2927
2007-05-01,1.2879,1.2943,1.2836,1.2907
2007-04-30,1.288,1.295,1.283,1.289
2007-04-27,1.291,1.2965,1.2839,1.2885
2007-04-26,1.2868,1.2947,1.2855,1.2914
2007-04-25,1.285,1.2929,1.2836,1.2893
2007-04-24,1.292,1.2953,1.2845,1.2893
2007-04-23,1.2904,1.296,1.2868,1.2919
2007-04-20,1.2866,1.2937,1.284,1.2917
2007-04-19,1.2871,1.2935,1.2841,1.2898
2007-04-18,1.2887,1.2955,1.2845,1.2908
2007-04-17,1.2931,1.2963,1.2846,1.2901
2007-04-16,1.2903,1.2963,1.2873,1.2958
2007-04-13,1.2933,1.2988,1.2859,1.296
2007-04-12,1.2983,1.3019,1.2893,1.2978
2007-04-11,1.2981,1.3014,1.2916,1.2999
2007-04-10,1.3031,1.3054,1.2934,1.2989
2007-04-09,1.301,1.3068,1.2942,1.3013
2007-04-06,1.2979,1.3049,1.2928,1.3026
2007-04-05,1.2976,1.3032,1.292,1.2962
2007-04-04,1.2999,1.3054,1.2918,1.2999
2007-04-03,1.2984,1.3057,1.2958,1.3022
2007-04-02,1.2985,1.3056,1.2952,1.2986
2007-03-30,1.3019,1.3068,1.2925,1.299
2007-03-29,1.3036,1.3058,1.2971,1.3024
2007-03-28,1.3001,1.3052,1.2955,1.3033
2007-03-27,1.2994,1.3098,1.291,1.3013
2007-03-26,1.305,1.3097,1.2904,1.2977
2007-03-23,1.2972,1.3075,1.295,1.307
2007-03-22,1.296,1.3055,1.2888,1.3029
2007-03-21,1.2977,1.3036,1.291,1.2947
2007-03-20,1.3019,1.3054,1.2908,1.3005
2007-03-19,1.299,1.3054,1.2911,1.2994
2007-03-16,1.303,1.3061,1.2905,1.3005
2007-03-15,1.3034,1.3084,1.2966,1.3042
2007-03-14,1.3054,1.3087,1.2969,1.3052
2007-03-13,1.3052,1.3112,1.2993,1.3063
2007-03-12,1.308,1.3143,1.302,1.3067
2007-03-09,1.31,1.3171,1.3041,1.3126
2007-03-08,1.3055,1.3135,1.3023,1.3105
2007-03-07,1.3085,1.3126,1.3022,1.3072
2007-03-06,1.3103,1.3145,1.2975,1.3087
2007-03-05,1.2994,1.315,1.2928,1.3087
2007-03-02,1.3042,1.31,1.2922,1.3031
2007-03-01,1.3016,1.3096,1.2912,1.3061
2007-02-28,1.2977,1.308,1.2912,1.303
2007-02-27,1.3054,1.31,1.2905,1.3043
2007-02-26,1.2978,1.311,1.2954,1.307
2007-02-23,1.3098,1.3156,1.296,1.3055
2007-02-22,1.3066,1.3158,1.2991,1.3091
2007-02-21,1.3054,1.3133,1.2967,1.3079
2007-02-20,1.3063,1.3124,1.294,1.309
2007-02-19,1.3044,1.3117,1.2969,1.3072
2007-02-16,1.3066,1.3127,1.2969,1.3078
2007-02-15,1.3077,1.3112,1.2961,1.3059
2007-02-14,1.3131,1.3163,1.2977,1.301
2007-02-13,1.3175,1.3203,1.3044,1.3152
2007-02-12,1.3167,1.3233,1.3061,1.3189
2007-02-09,1.311,1.3201,1.3033,1.3165
2007-02-08,1.3145,1.3195,1.3033,1.3127
2007-02-07,1.314,1.318,1.3017,1.3137
2007-02-06,1.3169,1.3205,1.3068,1.3153
2007-02-05,1.3126,1.3224,1.3082,1.318
2007-02-02,1.3098,1.3209,1.3024,1.3172
2007-02-01,1.3056,1.3148,1.3031,1.3125
2007-01-31,1.3119,1.3187,1.3048,1.3093
2007-01-30,1.3123,1.317,1.308,1.3147
2007-01-29,1.3145,1.3195,1.3086,1.3128
2007-01-26,1.3126,1.3213,1.3109,1.3169
2007-01-25,1.3118,1.3171,1.3059,1.3161
2007-01-24,1.3083,1.3154,1.3044,1.314
2007-01-23,1.3133,1.3168,1.303,1.3094
2007-01-22,1.3096,1.3173,1.3086,1.3144
2007-01-19,1.3156,1.3198,1.3087,1.3135
2007-01-18,1.317,1.3217,1.308,1.3179
2007-01-17,1.3194,1.3233,1.3091,1.3191
2007-01-16,1.3167,1.3245,1.3087,1.317
2007-01-15,1.3175,1.3229,1.3109,1.3188
2007-01-12,1.3241,1.3285,1.3097,1.3164
2007-01-11,1.3175,1.3268,1.3064,1.3237
2007-01-10,1.3147,1.3212,1.3069,1.3197
2007-01-09,1.3116,1.3178,1.3033,1.3164
2007-01-08,1.3112,1.318,1.3041,1.3069
2007-01-05,1.3063,1.3201,1.3,1.3117
2007-01-04,1.3009,1.309,1.296,1.3069
2007-01-03,1.2912,1.3035,1.2879,1.2996
2007-01-02,1.2986,1.3023,1.2863,1.2907
2007-01-01,1.2947,1.3043,1.293,1.2958
2006-12-29,1.3004,1.3067,1.2929,1.3003
2006-12-28,1.3023,1.3084,1.2929,1.3019
2006-12-27,1.3073,1.3097,1.2953,1.305
2006-12-26,1.299,1.3096,1.2976,1.3063
2006-12-25,1.3049,1.3085,1.2958,1.299
2006-12-22,1.3021,1.3082,1.2929,1.3057
2006-12-21,1.3,1.3067,1.2929,1.3017
2006-12-20,1.3011,1.3046,1.2907,1.3011
2006-12-19,1.3071,1.3091,1.2925,1.3017
2006-12-18,1.3064,1.3125,1.2986,1.3057
2006-12-15,1.3035,1.3104,1.2942,1.3056
2006-12-14,1.2983,1.3053,1.2897,1.3013
2006-12-13,1.2931,1.3031,1.2873,1.2993
2006-12-12,1.2934,1.2998,1.2872,1.294
2006-12-11,1.2944,1.3077,1.2893,1.2961
2006-12-08,1.2909,1.3026,1.2819,1.3019
2006-12-07,1.2906,1.2953,1.2841,1.2922
2006-12-06,1.2877,1.2961,1.2835,1.2915
2006-12-05,1.2875,1.2943,1.2819,1.2911
2006-12-04,1.2873,1.2947,1.2813,1.2911
2006-12-01,1.2941,1.2988,1.2823,1.288
2006-11-30,1.3002,1.3027,1.2874,1.2955
2006-11-29,1.295,1.305,1.291,1.3011
2006-11-28,1.2989,1.3033,1.2917,1.2938
2006-11-27,1.2924,1.3035,1.2917,1.3001
2006-11-24,1.3102,1.3126,1.2964,1.3008
2006-11-23,1.3097,1.3148,1.3052,1.3119
2006-11-22,1.3183,1.3199,1.3077,1.3111
2006-11-21,1.3183,1.3234,1.3146,1.3179
2006-11-20,1.3166,1.3236,1.3141,1.3216
2006-11-17,1.3202,1.325,1.3136,1.3192
2006-11-16,1.3155,1.3237,1.314,1.3219
2006-11-15,1.3188,1.3262,1.3151,1.3191
2006-11-14,1.3201,1.3246,1.3127,1.3204
2006-11-13,1.3183,1.3237,1.3132,1.323
2006-11-10,1.3185,1.3202,1.3115,1.3187
2006-11-09,1.3247,1.3279,1.3138,1.3174
2006-11-08,1.3233,1.3283,1.3175,1.3251
2006-11-07,1.3277,1.33,1.3161,1.3243
2006-11-06,1.3247,1.3327,1.3241,1.3267
2006-11-03,1.3215,1.3339,1.3197,1.3289
2006-11-02,1.3227,1.327,1.3197,1.3228
2006-11-01,1.3236,1.3273,1.3181,1.3247
2006-10-31,1.3266,1.3332,1.3188,1.3248
2006-10-30,1.3261,1.3316,1.324,1.328
2006-10-27,1.3301,1.3339,1.3224,1.3268
2006-10-26,1.3366,1.3381,1.3264,1.3295
2006-10-25,1.3394,1.3429,1.3335,1.3378
2006-10-24,1.3397,1.346,1.3356,1.3406
2006-10-23,1.3322,1.3451,1.3318,1.34
2006-10-20,1.333,1.3395,1.3311,1.3359
2006-10-19,1.3384,1.3418,1.331,1.3339
2006-10-18,1.339,1.3442,1.3348,1.3406
2006-10-17,1.3389,1.3434,1.3342,1.3405
2006-10-16,1.3445,1.347,1.3369,1.3405
2006-10-13,1.3377,1.3477,1.3342,1.343
2006-10-12,1.3433,1.3449,1.3352,1.3395
2006-10-11,1.3426,1.3462,1.3363,1.3445
2006-10-10,1.3369,1.3456,1.3343,1.3433
2006-10-09,1.3379,1.3405,1.334,1.3381
2006-10-06,1.3296,1.3423,1.3271,1.337
2006-10-05,1.3293,1.334,1.3243,1.3317
2006-10-04,1.325,1.3325,1.3231,1.331
2006-10-03,1.3293,1.333,1.3215,1.326
2006-10-02,1.3313,1.3339,1.3221,1.3256
2006-09-29,1.3278,1.336,1.3268,1.3285
2006-09-28,1.3285,1.3349,1.3235,1.3285
2006-09-27,1.328,1.3337,1.3239,1.3274
2006-09-26,1.3235,1.3337,1.32,1.3295
2006-09-25,1.3187,1.3294,1.3163,1.3249
2006-09-22,1.3217,1.3256,1.3149,1.325
2006-09-21,1.3259,1.3303,1.317,1.3235
2006-09-20,1.3301,1.3322,1.3224,1.3285
2006-09-19,1.3286,1.335,1.3203,1.3287
2006-09-18,1.3295,1.3347,1.3219,1.3244
2006-09-15,1.3249,1.3365,1.3213,1.3296
2006-09-14,1.3268,1.3338,1.32,1.3249
2006-09-13,1.3279,1.3346,1.3223,1.3284
2006-09-12,1.3274,1.3341,1.3227,1.3292
2006-09-11,1.3323,1.3351,1.3228,1.3283
2006-09-08,1.3225,1.3351,1.3217,1.332
2006-09-07,1.3205,1.3336,1.3175,1.3268
2006-09-06,1.3194,1.3269,1.3168,1.3225
2006-09-05,1.3161,1.3251,1.3141,1.322
2006-09-04,1.3178,1.3231,1.3134,1.3171
2006-09-01,1.3234,1.3292,1.3159,1.3207
2006-08-31,1.3203,1.3266,1.3138,1.3245
2006-08-30,1.3205,1.3253,1.3159,1.3209
2006-08-29,1.3243,1.3304,1.3171,1.3226
2006-08-28,1.3237,1.3294,1.3185,1.328
2006-08-25,1.3209,1.3322,1.3206,1.3279
2006-08-24,1.3205,1.3309,1.3171,1.3276
2006-08-23,1.3236,1.3273,1.316,1.324
2006-08-22,1.3159,1.3276,1.3136,1.3232
2006-08-21,1.32,1.3219,1.3102,1.317
2006-08-18,1.32,1.3271,1.3151,1.3218
2006-08-17,1.3178,1.3249,1.3125,1.3198
2006-08-16,1.3215,1.3253,1.313,1.3173
2006-08-15,1.3241,1.3292,1.3171,1.3225
2006-08-14,1.3279,1.3301,1.3182,1.3263
2006-08-11,1.3221,1.3305,1.3161,1.3272
2006-08-10,1.3138,1.3284,1.3093,1.3233
2006-08-09,1.3172,1.3243,1.3097,1.3156
2006-08-08,1.3161,1.321,1.3098,1.317
2006-08-07,1.3093,1.3183,1.3084,1.3177
2006-08-04,1.3172,1.3239,1.3067,1.3144
2006-08-03,1.3196,1.3278,1.3142,1.3179
2006-08-02,1.3169,1.3241,1.3132,1.3228
2006-08-01,1.3208,1.3273,1.3137,1.3172
2006-07-31,1.3194,1.3251,1.3152,1.3221
2006-07-28,1.3216,1.33,1.315,1.3184
2006-07-27,1.3227,1.3296,1.3153,1.3249
2006-07-26,1.3336,1.3377,1.316,1.3203
2006-07-25,1.3281,1.3384,1.324,1.3346
2006-07-24,1.3238,1.3343,1.3226,1.3301
2006-07-21,1.3302,1.3339,1.3234,1.3257
2006-07-20,1.3338,1.3374,1.3264,1.3318
2006-07-19,1.3401,1.3472,1.3274,1.3343
2006-07-18,1.3373,1.3456,1.3339,1.3416
2006-07-17,1.3295,1.3442,1.3284,1.3385
2006-07-14,1.3273,1.3348,1.324,1.3307
2006-07-13,1.3246,1.3316,1.3204,1.329
2006-07-12,1.3194,1.3304,1.3179,1.3277
2006-07-11,1.3217,1.3286,1.3171,1.3213
2006-07-10,1.3185,1.3291,1.3151,1.3236
2006-07-07,1.3172,1.3266,1.313,1.321
2006-07-06,1.3234,1.3273,1.3168,1.3226
2006-07-05,1.3201,1.3278,1.3122,1.3249
2006-07-04,1.3189,1.3228,1.3134,1.3196
2006-07-03,1.3185,1.3232,1.3136,1.3191
2006-06-30,1.3287,1.3317,1.3157,1.3207
2006-06-29,1.3362,1.3419,1.3265,1.3296
2006-06-28,1.3352,1.343,1.3321,1.338
2006-06-27,1.3357,1.3409,1.3314,1.3364
2006-06-26,1.3416,1.3432,1.3324,1.3366
2006-06-23,1.3346,1.3456,1.3309,1.3411
2006-06-22,1.3277,1.3399,1.3262,1.3356
2006-06-21,1.3338,1.3372,1.3257,1.3303
2006-06-20,1.3349,1.3407,1.3287,1.3337
2006-06-19,1.329,1.3392,1.3277,1.3348
2006-06-16,1.3312,1.3357,1.3243,1.3299
2006-06-15,1.3315,1.3384,1.3257,1.331
2006-06-14,1.3381,1.3401,1.3258,1.334
2006-06-13,1.3351,1.3407,1.3272,1.3357
2006-06-12,1.3317,1.3379,1.3254,1.3317
2006-06-09,1.3274,1.3362,1.3222,1.329
2006-06-08,1.316,1.3335,1.3142,1.3278
2006-06-07,1.3094,1.3222,1.3091,1.3176
2006-06-06,1.3074,1.321,1.304,1.3138
2006-06-05,1.3058,1.3122,1.2997,1.3076
2006-06-02,1.3133,1.3191,1.3018,1.3059
2006-06-01,1.3126,1.3242,1.3098,1.316
2006-05-31,1.3082,1.3187,1.3046,1.3148
2006-05-30,1.3183,1.3243,1.304,1.3095
2006-05-29,1.3176,1.3251,1.3132,1.3197
2006-05-26,1.3122,1.3263,1.3064,1.3205
2006-05-25,1.3159,1.3193,1.3073,1.3142
2006-05-24,1.3098,1.3191,1.3034,1.3175
2006-05-23,1.3062,1.3129,1.3016,1.3125
2006-05-22,1.3122,1.3207,1.3009,1.3069
2006-05-19,1.3052,1.3208,1.3033,1.312
2006-05-18,1.3088,1.3226,1.3027,1.3085
2006-05-17,1.3032,1.3248,1.2993,1.3109
2006-05-16,1.3089,1.3156,1.3021,1.306
2006-05-15,1.299,1.3164,1.2938,1.3111
2006-05-12,1.3061,1.3096,1.296,1.3026
2006-05-11,1.3075,1.3211,1.3005,1.3085
2006-05-10,1.3106,1.3159,1.3039,1.3087
2006-05-09,1.3153,1.3217,1.306,1.3121
2006-05-08,1.3107,1.3182,1.306,1.3165
2006-05-05,1.3133,1.3212,1.3074,1.3157
2006-05-04,1.3188,1.3281,1.3086,1.3165
2006-05-03,1.3178,1.3259,1.3131,1.3213
2006-05-02,1.3223,1.3253,1.3132,1.3236
2006-05-01,1.3175,1.3263,1.3082,1.3211
2006-04-28,1.3214,1.3307,1.3126,1.3174
2006-04-27,1.33,1.3382,1.3197,1.3265
2006-04-26,1.3287,1.3385,1.326,1.3311
2006-04-25,1.33,1.3364,1.3261,1.3296
2006-04-24,1.3327,1.3382,1.327,1.3345
2006-04-21,1.3373,1.3437,1.3308,1.335
2006-04-20,1.3307,1.3422,1.3292,1.3387
2006-04-19,1.3316,1.344,1.328,1.3333
2006-04-18,1.3407,1.3464,1.3289,1.3316
2006-04-17,1.3511,1.3534,1.3352,1.34
2006-04-14,1.3519,1.3555,1.3487,1.3524
2006-04-13,1.3506,1.3572,1.3481,1.3527
2006-04-12,1.3492,1.3598,1.3413,1.3522
2006-04-11,1.3506,1.3565,1.3428,1.3497
2006-04-10,1.3509,1.3615,1.3463,1.351
2006-04-07,1.3428,1.3616,1.342,1.3552
2006-04-06,1.3402,1.3509,1.3338,1.3486
2006-04-05,1.3423,1.3468,1.3353,1.3382
2006-04-04,1.353,1.3549,1.336,1.3435
2006-04-03,1.3495,1.3613,1.3469,1.3528
2006-03-31,1.3455,1.3588,1.3436,1.3533
2006-03-30,1.3563,1.3598,1.342,1.3462
2006-03-29,1.3586,1.3643,1.3527,1.3565
2006-03-28,1.3577,1.3644,1.3478,1.3585
2006-03-27,1.3529,1.3604,1.35,1.357
2006-03-24,1.359,1.3672,1.3518,1.3554
2006-03-23,1.3527,1.367,1.3491,1.3607
2006-03-22,1.3502,1.3563,1.3469,1.3517
2006-03-21,1.3464,1.3544,1.3422,1.3514
2006-03-20,1.3419,1.3497,1.3401,1.3448
2006-03-17,1.3463,1.3531,1.34,1.3441
2006-03-16,1.3526,1.3562,1.3408,1.3461
2006-03-15,1.3524,1.3584,1.347,1.352
2006-03-14,1.3573,1.3626,1.35,1.3536
2006-03-13,1.3594,1.3641,1.3545,1.3586
2006-03-10,1.3596,1.3689,1.3574,1.3627
2006-03-09,1.3572,1.3638,1.355,1.361
2006-03-08,1.3609,1.3675,1.3557,1.3614
2006-03-07,1.3514,1.3678,1.3507,1.3641
2006-03-06,1.3453,1.3573,1.3411,1.3539
2006-03-03,1.3482,1.3586,1.3448,1.3518
2006-03-02,1.3595,1.3615,1.3446,1.3462
2006-03-01,1.356,1.364,1.3514,1.3597
2006-02-28,1.3635,1.3675,1.3535,1.3586
2006-02-27,1.362,1.3692,1.3595,1.3636
2006-02-24,1.3592,1.3653,1.3548,1.3636
2006-02-23,1.3583,1.3621,1.3457,1.3581
2006-02-22,1.3581,1.3656,1.3497,1.3615
2006-02-21,1.3559,1.3625,1.3486,1.3533
2006-02-20,1.3566,1.3619,1.3454,1.3569
2006-02-17,1.3594,1.3647,1.3483,1.3575
2006-02-16,1.3599,1.3659,1.3513,1.3599
2006-02-15,1.3574,1.3649,1.347,1.3618
2006-02-14,1.3597,1.3649,1.3494,1.3592
2006-02-13,1.3595,1.3668,1.3501,1.3592
2006-02-10,1.3551,1.3653,1.3417,1.3606
2006-02-09,1.3486,1.3588,1.3444,1.3547
2006-02-08,1.3524,1.3604,1.3445,1.3556
2006-02-07,1.3528,1.3588,1.3431,1.355
2006-02-06,1.3416,1.3572,1.3403,1.3547
2006-02-03,1.3424,1.3559,1.3349,1.3496
2006-02-02,1.3432,1.3496,1.3353,1.3436
2006-02-01,1.3346,1.3461,1.3309,1.3451
2006-01-31,1.3395,1.3452,1.329,1.3363
2006-01-30,1.3355,1.3457,1.3321,1.3425
2006-01-27,1.3291,1.3446,1.3254,1.3413
2006-01-26,1.3251,1.3329,1.3221,1.3294
2006-01-25,1.3216,1.3291,1.315,1.327
2006-01-24,1.3216,1.328,1.3152,1.3236
2006-01-23,1.3384,1.3407,1.3154,1.3202
2006-01-20,1.3352,1.3427,1.3301,1.3321
2006-01-19,1.3347,1.3428,1.332,1.3365
2006-01-18,1.3359,1.3449,1.33,1.3367
2006-01-17,1.3328,1.3433,1.331,1.3361
2006-01-16,1.3362,1.341,1.3251,1.3361
2006-01-13,1.3388,1.3478,1.3287,1.3314
2006-01-12,1.3306,1.3499,1.3269,1.3395
2006-01-11,1.3352,1.3455,1.3289,1.3352
2006-01-10,1.3349,1.346,1.3318,1.339
2006-01-09,1.3331,1.3447,1.3311,1.3378
2006-01-06,1.3371,1.3433,1.329,1.3338
2006-01-05,1.3383,1.3445,1.3337,1.3395
2006-01-04,1.3404,1.3522,1.3319,1.3357
2006-01-03,1.3596,1.367,1.3388,1.3449
2006-01-02,1.364,1.3672,1.3529,1.3614
2005-12-30,1.3587,1.3689,1.352,1.3569
2005-12-29,1.358,1.3673,1.351,1.3598
2005-12-28,1.3573,1.3686,1.3479,1.3603
2005-12-27,1.3599,1.3657,1.3523,1.3601
2005-12-26,1.3529,1.3666,1.3498,1.3574
2005-12-23,1.3528,1.3649,1.3512,1.3544
2005-12-22,1.361,1.366,1.3485,1.3545
2005-12-21,1.355,1.3672,1.3487,1.3584
2005-12-20,1.35,1.364,1.3411,1.3613
2005-12-19,1.3423,1.3539,1.3383,1.3465
2005-12-16,1.3465,1.3563,1.3377,1.347
2005-12-15,1.3465,1.3568,1.3372,1.3478
2005-12-14,1.3507,1.3568,1.3386,1.3514
2005-12-13,1.3492,1.362,1.3451,1.3561
2005-12-12,1.3622,1.3685,1.3451,1.3549
2005-12-09,1.3583,1.3694,1.356,1.3595
2005-12-08,1.3678,1.3752,1.355,1.3612
2005-12-07,1.3631,1.3785,1.3604,1.3728
2005-12-06,1.3622,1.3748,1.3563,1.3641
2005-12-05,1.3727,1.3841,1.3598,1.3691
2005-12-02,1.3713,1.3823,1.3625,1.3741
2005-12-01,1.368,1.382,1.364,1.3722
2005-11-30,1.3691,1.3786,1.3627,1.3677
2005-11-29,1.3615,1.3815,1.3593,1.3693
2005-11-28,1.3796,1.3842,1.3547,1.3663
2005-11-25,1.3725,1.3821,1.3688,1.3765
2005-11-24,1.3672,1.3799,1.3651,1.3727
2005-11-23,1.3667,1.379,1.361,1.3703
2005-11-22,1.3755,1.3851,1.3646,1.368
2005-11-21,1.3647,1.3851,1.36,1.3788
2005-11-18,1.3701,1.3849,1.3631,1.3708
2005-11-17,1.3825,1.3863,1.3656,1.3716
2005-11-16,1.3737,1.3861,1.3668,1.3824
2005-11-15,1.377,1.3835,1.3674,1.376
2005-11-14,1.3727,1.3808,1.3628,1.3774
2005-11-11,1.3754,1.3823,1.3663,1.3736
2005-11-10,1.3692,1.3822,1.3579,1.3811
2005-11-09,1.3616,1.3755,1.3565,1.3703
2005-11-08,1.3608,1.3754,1.3558,1.3588
2005-11-07,1.3552,1.3656,1.353,1.3619
2005-11-04,1.3475,1.3704,1.3402,1.3561
2005-11-03,1.3395,1.3561,1.3331,1.3511
2005-11-02,1.3386,1.3495,1.3326,1.3415
2005-11-01,1.3395,1.3523,1.3368,1.3397
2005-10-31,1.3367,1.3482,1.3318,1.3457
2005-10-28,1.328,1.3442,1.3249,1.336
2005-10-27,1.3349,1.34,1.324,1.3287
2005-10-26,1.3309,1.3415,1.3267,1.3351
2005-10-25,1.3419,1.3478,1.328,1.3315
2005-10-24,1.3454,1.3494,1.3356,1.342
2005-10-21,1.3368,1.3506,1.3306,1.3447
2005-10-20,1.342,1.3474,1.3357,1.34
2005-10-19,1.3441,1.3547,1.3377,1.3431
2005-10-18,1.338,1.3513,1.3377,1.3453
2005-10-17,1.3348,1.3465,1.3266,1.3391
2005-10-14,1.3361,1.3464,1.3285,1.334
2005-10-13,1.3365,1.3524,1.3347,1.3374
2005-10-12,1.3406,1.3489,1.3336,1.3401
2005-10-11,1.3371,1.3461,1.3324,1.3412
2005-10-10,1.3353,1.3412,1.3267,1.3358
2005-10-07,1.3294,1.339,1.323,1.3358
2005-10-06,1.3436,1.3452,1.3242,1.3306
2005-10-05,1.3486,1.3525,1.342,1.3455
2005-10-04,1.3457,1.3517,1.3442,1.3498
2005-10-03,1.3388,1.3529,1.3376,1.348
2005-09-30,1.3388,1.3455,1.333,1.3407
2005-09-29,1.339,1.3444,1.3315,1.3402
2005-09-28,1.3416,1.345,1.333,1.3386
2005-09-27,1.3328,1.3459,1.3312,1.3426
2005-09-26,1.337,1.3426,1.3312,1.3365
2005-09-23,1.3267,1.3415,1.3233,1.3361
2005-09-22,1.3201,1.3325,1.3155,1.3282
2005-09-21,1.3302,1.3327,1.3178,1.3237
2005-09-20,1.3267,1.3327,1.3207,1.3301
2005-09-19,1.3234,1.3344,1.3187,1.3287
2005-09-16,1.3197,1.3248,1.3091,1.3181
2005-09-15,1.3135,1.3277,1.3114,1.3212
2005-09-14,1.313,1.3171,1.308,1.3148
2005-09-13,1.3119,1.3183,1.3054,1.3154
2005-09-12,1.3022,1.3151,1.2995,1.3108
2005-09-09,1.308,1.3114,1.2965,1.303
2005-09-08,1.3029,1.3108,1.2971,1.3045
2005-09-07,1.2995,1.3093,1.2913,1.3049
2005-09-06,1.2961,1.3071,1.293,1.304
2005-09-05,1.2933,1.3036,1.289,1.296
2005-09-02,1.2961,1.3063,1.2886,1.3
2005-09-01,1.307,1.3152,1.2943,1.2999
2005-08-31,1.3209,1.3266,1.305,1.308
2005-08-30,1.3241,1.3281,1.3176,1.321
2005-08-29,1.3157,1.3254,1.3093,1.3214
2005-08-26,1.3144,1.319,1.3095,1.3182
2005-08-25,1.3168,1.321,1.3067,1.3157
2005-08-24,1.3209,1.3278,1.3118,1.3181
2005-08-23,1.3157,1.3262,1.3115,1.3224
2005-08-22,1.3178,1.3261,1.3138,1.3202
2005-08-19,1.3203,1.3288,1.3151,1.3262
2005-08-18,1.3087,1.3247,1.3072,1.3184
2005-08-17,1.3056,1.3157,1.3014,1.3145
2005-08-16,1.3049,1.3132,1.3011,1.3039
2005-08-15,1.2967,1.3097,1.2967,1.3042
2005-08-12,1.2959,1.3089,1.295,1.3012
2005-08-11,1.3068,1.3092,1.2953,1.2983
2005-08-10,1.3048,1.3134,1.3002,1.3082
2005-08-09,1.309,1.3143,1.3017,1.3076
2005-08-08,1.3076,1.3174,1.3031,1.3106
2005-08-05,1.3056,1.3179,1.3023,1.3094
2005-08-04,1.306,1.3163,1.3017,1.3063
2005-08-03,1.3198,1.3283,1.3051,1.31
2005-08-02,1.323,1.3257,1.3121,1.322
2005-08-01,1.3266,1.3293,1.3135,1.3237
2005-07-29,1.3271,1.3331,1.3191,1.3275
2005-07-28,1.3262,1.3373,1.3187,1.329
2005-07-27,1.328,1.3387,1.3228,1.3319
2005-07-26,1.3295,1.3388,1.3211,1.3327
2005-07-25,1.3314,1.34,1.321,1.3306
2005-07-22,1.3231,1.3346,1.3165,1.3308
2005-07-21,1.3227,1.3321,1.3123,1.3245
2005-07-20,1.3311,1.3401,1.3184,1.3239
2005-07-19,1.3292,1.342,1.3282,1.3313
2005-07-18,1.3363,1.338,1.3262,1.3325
2005-07-15,1.3271,1.339,1.3203,1.3365
2005-07-14,1.3293,1.3335,1.3204,1.3298
2005-07-13,1.3137,1.3319,1.3119,1.3281
2005-07-12,1.3225,1.3287,1.3105,1.3144
2005-07-11,1.3329,1.3399,1.3208,1.3236
2005-07-08,1.3342,1.3443,1.3296,1.3354
2005-07-07,1.3345,1.3396,1.3244,1.3352
2005-07-06,1.3367,1.3419,1.3322,1.3378
2005-07-05,1.3381,1.3432,1.3331,1.3365
2005-07-04,1.335,1.3439,1.3274,1.3401
2005-07-01,1.3177,1.3387,1.317,1.3324
2005-06-30,1.3206,1.3287,1.3115,1.3213
2005-06-29,1.3224,1.3292,1.3115,1.3215
2005-06-28,1.311,1.3255,1.31,1.323
2005-06-27,1.3188,1.3223,1.3089,1.3164
2005-06-24,1.3215,1.3314,1.3153,1.3199
2005-06-23,1.3165,1.3283,1.31,1.3242
2005-06-22,1.3072,1.321,1.3038,1.3165
2005-06-21,1.3104,1.3236,1.3057,1.3087
2005-06-20,1.3099,1.3198,1.3025,1.3156
2005-06-17,1.3145,1.321,1.2981,1.3035
2005-06-16,1.3129,1.3235,1.3091,1.3158
2005-06-15,1.3192,1.325,1.311,1.3149
2005-06-14,1.3096,1.325,1.3021,1.3209
2005-06-13,1.3135,1.3207,1.3015,1.3131
2005-06-10,1.301,1.3154,1.297,1.3135
2005-06-09,1.2989,1.3088,1.2958,1.3023
2005-06-08,1.2992,1.3105,1.289,1.3072
2005-06-07,1.2971,1.3032,1.289,1.2999
2005-06-06,1.3051,1.3067,1.2939,1.2994
2005-06-03,1.2967,1.3088,1.292,1.3024
2005-06-02,1.3013,1.3069,1.2925,1.2989
2005-06-01,1.2931,1.3077,1.2872,1.2995
2005-05-31,1.2807,1.2988,1.2791,1.292
2005-05-30,1.2767,1.2847,1.274,1.283
2005-05-27,1.2745,1.2891,1.2708,1.2753
2005-05-26,1.2721,1.2902,1.2706,1.2795
2005-05-25,1.2768,1.2848,1.2706,1.2748
2005-05-24,1.2828,1.2854,1.2705,1.2841
2005-05-23,1.2795,1.2867,1.2743,1.2836
2005-05-20,1.2745,1.2865,1.2715,1.2851
2005-05-19,1.2754,1.2808,1.2691,1.2757
2005-05-18,1.2759,1.2832,1.2691,1.2775
2005-05-17,1.2745,1.282,1.2719,1.2812
2005-05-16,1.2727,1.2823,1.2722,1.2764
2005-05-13,1.2725,1.2798,1.2665,1.2792
2005-05-12,1.2629,1.2748,1.2577,1.2705
2005-05-11,1.2557,1.2674,1.2502,1.2644
2005-05-10,1.2518,1.2687,1.2518,1.26
2005-05-09,1.2584,1.2677,1.246,1.2552
2005-05-06,1.248,1.2624,1.245,1.2584
2005-05-05,1.2491,1.2528,1.2426,1.2475
2005-05-04,1.2513,1.257,1.2413,1.2506
2005-05-03,1.245,1.2581,1.245,1.2513
2005-05-02,1.2501,1.259,1.245,1.2555
2005-04-29,1.2508,1.2585,1.2418,1.249
2005-04-28,1.2517,1.2559,1.245,1.2524
2005-04-27,1.247,1.2559,1.2419,1.2515
2005-04-26,1.2471,1.2553,1.2403,1.246
2005-04-25,1.2431,1.2517,1.2397,1.2457
2005-04-22,1.2446,1.2489,1.2401,1.2446
2005-04-21,1.2409,1.2486,1.2376,1.2456
2005-04-20,1.2432,1.2533,1.2395,1.2429
2005-04-19,1.2476,1.2537,1.2417,1.2485
2005-04-18,1.2513,1.2582,1.242,1.2486
2005-04-15,1.2608,1.2643,1.2497,1.2551
2005-04-14,1.2509,1.2675,1.2495,1.2606
2005-04-13,1.2525,1.2607,1.2474,1.2534
2005-04-12,1.2485,1.2591,1.2445,1.2525
2005-04-11,1.2517,1.2563,1.2455,1.25
2005-04-08,1.2585,1.2674,1.2476,1.2528
2005-04-07,1.2556,1.2642,1.2498,1.2592
2005-04-06,1.2557,1.2615,1.2525,1.2582
2005-04-05,1.2557,1.2641,1.2533,1.2571
2005-04-04,1.2559,1.2623,1.2469,1.2591
2005-04-01,1.2484,1.2605,1.2392,1.2563
2005-03-31,1.2553,1.2574,1.2413,1.2494
2005-03-30,1.2527,1.2571,1.2461,1.2527
2005-03-29,1.2526,1.2578,1.2463,1.2531
2005-03-28,1.2477,1.2595,1.2476,1.2542
2005-03-25,1.2504,1.2542,1.2464,1.25
2005-03-24,1.2462,1.2531,1.2423,1.2511
2005-03-23,1.2451,1.2503,1.2307,1.2483
2005-03-22,1.2382,1.2486,1.2293,1.2416
2005-03-21,1.2236,1.2412,1.2221,1.2336
2005-03-18,1.2181,1.2322,1.2171,1.2255
2005-03-17,1.2155,1.2252,1.2138,1.2208
2005-03-16,1.2194,1.2272,1.2111,1.2174
2005-03-15,1.2194,1.2277,1.215,1.2262
2005-03-14,1.2128,1.2247,1.2115,1.2204
2005-03-11,1.2153,1.2212,1.2106,1.2155
2005-03-10,1.2162,1.2233,1.2104,1.218
2005-03-09,1.2173,1.2267,1.2141,1.2185
2005-03-08,1.2288,1.2313,1.2157,1.2209
2005-03-07,1.2273,1.2352,1.2246,1.2286
2005-03-04,1.234,1.239,1.2224,1.2265
2005-03-03,1.2302,1.2388,1.228,1.2362
2005-03-02,1.2308,1.2374,1.2264,1.231
2005-03-01,1.2246,1.2336,1.2194,1.2308
2005-02-28,1.223,1.2301,1.2192,1.226
2005-02-25,1.2258,1.2338,1.222,1.2249
2005-02-24,1.2251,1.2309,1.2202,1.2279
2005-02-23,1.2259,1.2291,1.2188,1.226
2005-02-22,1.2341,1.2408,1.2199,1.2256
2005-02-21,1.2353,1.2389,1.2319,1.2355
2005-02-18,1.2331,1.2402,1.2314,1.2349
2005-02-17,1.2366,1.2405,1.2305,1.2355
2005-02-16,1.2358,1.2454,1.2292,1.2374
2005-02-15,1.2381,1.2435,1.228,1.2351
2005-02-14,1.244,1.2457,1.2316,1.2392
2005-02-11,1.2502,1.2528,1.2378,1.2451
2005-02-10,1.2476,1.2545,1.2355,1.2518
2005-02-09,1.2507,1.2562,1.2444,1.2518
2005-02-08,1.2514,1.2567,1.2411,1.253
2005-02-07,1.2426,1.2577,1.2392,1.247
2005-02-04,1.2385,1.2498,1.2291,1.2439
2005-02-03,1.2321,1.2428,1.23,1.2387
2005-02-02,1.2323,1.2394,1.2267,1.2335
2005-02-01,1.2331,1.2386,1.2289,1.2365
2005-01-31,1.2332,1.2403,1.229,1.2348
2005-01-28,1.2316,1.2425,1.2275,1.2375
2005-01-27,1.2297,1.242,1.2245,1.2335
2005-01-26,1.2357,1.2407,1.2257,1.231
2005-01-25,1.231,1.2435,1.2275,1.2407
2005-01-24,1.2305,1.2375,1.2246,1.2314
2005-01-21,1.238,1.2439,1.226,1.2327
2005-01-20,1.2347,1.2444,1.2302,1.2394
2005-01-19,1.2334,1.2404,1.2231,1.2346
2005-01-18,1.2344,1.2412,1.228,1.2346
2005-01-17,1.2295,1.2351,1.2249,1.2348
2005-01-14,1.2216,1.2361,1.2182,1.2279
2005-01-13,1.2204,1.2285,1.2164,1.2229
2005-01-12,1.2276,1.2345,1.2144,1.221
2005-01-11,1.2323,1.2376,1.2229,1.2295
2005-01-10,1.2321,1.2394,1.224,1.2319
2005-01-07,1.227,1.2417,1.2191,1.2315
2005-01-06,1.2206,1.2319,1.2173,1.2283
2005-01-05,1.2174,1.2274,1.2151,1.2215
2005-01-04,1.2089,1.2241,1.2045,1.219
2005-01-03,1.2038,1.2158,1.1968,1.2098
2004-12-31,1.1977,1.2073,1.1938,1.2047
2004-12-30,1.1996,1.2052,1.1938,1.1988
2004-12-29,1.1999,1.2067,1.1949,1.2024
2004-12-28,1.1977,1.2035,1.195,1.2016
2004-12-27,1.2046,1.2075,1.1952,1.1991
2004-12-24,1.205,1.2112,1.201,1.2044
2004-12-23,1.2117,1.2151,1.2027,1.2064
2004-12-22,1.2152,1.2195,1.2091,1.2132
2004-12-21,1.2123,1.2181,1.2062,1.2167
2004-12-20,1.2199,1.2211,1.2082,1.2132
2004-12-17,1.2232,1.2255,1.2105,1.2168
2004-12-16,1.2078,1.2278,1.2063,1.2236
2004-12-15,1.2151,1.223,1.2059,1.2095
2004-12-14,1.2156,1.2225,1.2122,1.2161
2004-12-13,1.2203,1.2253,1.2117,1.2175
2004-12-10,1.2158,1.2292,1.2122,1.2225
2004-12-09,1.2092,1.2218,1.2066,1.2154
2004-12-08,1.2068,1.2269,1.2032,1.2175
2004-12-07,1.2037,1.2121,1.199,1.2087
2004-12-06,1.2085,1.2141,1.1973,1.2052
2004-12-03,1.2139,1.221,1.1967,1.21
2004-12-02,1.2096,1.2224,1.2044,1.2149
2004-12-01,1.2122,1.2195,1.2082,1.2117
2004-11-30,1.2142,1.2197,1.209,1.2132
2004-11-29,1.2148,1.2198,1.2088,1.2153
2004-11-26,1.213,1.222,1.2029,1.2128
2004-11-25,1.2153,1.2219,1.2116,1.2155
2004-11-24,1.2209,1.2246,1.214,1.22
2004-11-23,1.2218,1.2311,1.2167,1.2222
2004-11-22,1.2225,1.2298,1.2209,1.2255
2004-11-19,1.2289,1.2368,1.2195,1.2297
2004-11-18,1.2251,1.236,1.213,1.2299
2004-11-17,1.2296,1.2319,1.2148,1.2237
2004-11-16,1.2295,1.2334,1.2186,1.231
2004-11-15,1.225,1.2333,1.2183,1.231
2004-11-12,1.2332,1.237,1.2182,1.2279
2004-11-11,1.2311,1.2389,1.2229,1.2311
2004-11-10,1.2304,1.2399,1.218,1.2328
2004-11-09,1.2307,1.2359,1.222,1.2351
2004-11-08,1.2187,1.2346,1.2174,1.2331
2004-11-05,1.225,1.2414,1.219,1.2218
2004-11-04,1.2242,1.2389,1.2216,1.227
2004-11-03,1.2328,1.2422,1.2235,1.2306
2004-11-02,1.2365,1.2415,1.2312,1.235
2004-11-01,1.2303,1.2389,1.228,1.2385
2004-10-29,1.2354,1.242,1.2269,1.2333
2004-10-28,1.241,1.2474,1.2274,1.2345
2004-10-27,1.2385,1.2426,1.2247,1.2413
2004-10-26,1.2311,1.2422,1.2226,1.2312
2004-10-25,1.2344,1.2405,1.2226,1.2328
2004-10-22,1.2443,1.2483,1.2327,1.2409
2004-10-21,1.2449,1.2508,1.2361,1.2439
2004-10-20,1.2506,1.2541,1.2378,1.2462
2004-10-19,1.2534,1.2594,1.245,1.251
2004-10-18,1.2471,1.2585,1.244,1.2523
2004-10-15,1.2613,1.2674,1.245,1.2528
2004-10-14,1.2648,1.2742,1.2494,1.2559
2004-10-13,1.2627,1.2762,1.2539,1.2573
2004-10-12,1.2627,1.2685,1.2579,1.2647
2004-10-11,1.2532,1.2641,1.2514,1.2608
2004-10-08,1.2679,1.2701,1.2504,1.2561
2004-10-07,1.2634,1.2703,1.2601,1.2667
2004-10-06,1.2612,1.2697,1.2578,1.2643
2004-10-05,1.2629,1.2728,1.2587,1.2619
2004-10-04,1.2542,1.2681,1.2539,1.2645
2004-10-01,1.2534,1.2584,1.2498,1.2547
2004-09-30,1.2573,1.2634,1.2472,1.2528
2004-09-29,1.2598,1.2651,1.2533,1.2593
2004-09-28,1.26,1.2658,1.2536,1.2603
2004-09-27,1.263,1.2695,1.2583,1.2612
2004-09-24,1.2622,1.2703,1.254,1.263
2004-09-23,1.2608,1.2695,1.2543,1.2656
2004-09-22,1.2589,1.273,1.2496,1.2622
2004-09-21,1.2665,1.2717,1.2486,1.257
2004-09-20,1.2646,1.275,1.2597,1.2684
2004-09-17,1.2657,1.2699,1.257,1.265
2004-09-16,1.2673,1.2759,1.258,1.2628
2004-09-15,1.259,1.2734,1.2547,1.2652
2004-09-14,1.2563,1.2626,1.2517,1.2599
2004-09-13,1.2575,1.2626,1.2522,1.2566
2004-09-10,1.2604,1.2673,1.2506,1.2568
2004-09-09,1.2614,1.2685,1.252,1.2578
2004-09-08,1.2636,1.2759,1.2561,1.263
2004-09-07,1.2686,1.2748,1.263,1.2667
2004-09-06,1.2697,1.2746,1.2645,1.2705
2004-09-03,1.2621,1.2745,1.2582,1.2723
2004-09-02,1.2602,1.2677,1.2569,1.2651
2004-09-01,1.2615,1.2672,1.2541,1.26
2004-08-31,1.2686,1.2737,1.2543,1.2628
2004-08-30,1.2738,1.2784,1.2648,1.2688
2004-08-27,1.2675,1.2773,1.2609,1.2717
2004-08-26,1.2646,1.2773,1.2615,1.2689
2004-08-25,1.2699,1.2774,1.2606,1.2669
2004-08-24,1.2663,1.2758,1.2554,1.2713
2004-08-23,1.2522,1.2698,1.2489,1.2678
2004-08-20,1.2498,1.2571,1.244,1.2535
2004-08-19,1.248,1.2539,1.2447,1.2485
2004-08-18,1.2489,1.2571,1.2454,1.2496
2004-08-17,1.2472,1.2557,1.2437,1.2523
2004-08-16,1.2446,1.2553,1.2444,1.2517
2004-08-13,1.2562,1.265,1.245,1.2484
2004-08-12,1.2601,1.2623,1.2516,1.2591
2004-08-11,1.2582,1.2635,1.2545,1.2613
2004-08-10,1.2529,1.261,1.2451,1.2588
2004-08-09,1.2503,1.2613,1.2419,1.2572
2004-08-06,1.2693,1.2732,1.242,1.2536
2004-08-05,1.2696,1.2754,1.2641,1.2716
2004-08-04,1.2721,1.2793,1.2648,1.2696
2004-08-03,1.2743,1.2792,1.2642,1.2738
2004-08-02,1.2646,1.2769,1.2625,1.2723
2004-07-30,1.2715,1.2797,1.2602,1.2707
2004-07-29,1.2661,1.2829,1.2628,1.2755
2004-07-28,1.2627,1.2826,1.2611,1.2697
2004-07-27,1.2661,1.2783,1.2563,1.2637
2004-07-26,1.2708,1.2742,1.2582,1.2625
2004-07-23,1.2537,1.2742,1.252,1.2672
2004-07-22,1.2538,1.2602,1.25,1.2548
2004-07-21,1.2518,1.2635,1.2425,1.2554
2004-07-20,1.2439,1.2552,1.2384,1.2466
2004-07-19,1.2421,1.251,1.2355,1.2432
2004-07-16,1.2493,1.2529,1.2388,1.2498
2004-07-15,1.247,1.2534,1.2417,1.2501
2004-07-14,1.2505,1.2547,1.2394,1.2443
2004-07-13,1.2396,1.2561,1.2394,1.2475
2004-07-12,1.2394,1.2481,1.2361,1.246
2004-07-09,1.2456,1.249,1.2384,1.2456
2004-07-08,1.2434,1.2514,1.2389,1.2452
2004-07-07,1.25,1.2568,1.2407,1.2453
2004-07-06,1.2535,1.2569,1.2463,1.2556
2004-07-05,1.2453,1.2563,1.2447,1.2549
2004-07-02,1.2618,1.2653,1.2446,1.2467
2004-07-01,1.2587,1.2656,1.2556,1.2633
2004-06-30,1.2679,1.271,1.2554,1.2614
2004-06-29,1.2584,1.2713,1.257,1.2683
2004-06-28,1.2594,1.2651,1.2539,1.2607
2004-06-25,1.2592,1.2679,1.2576,1.2607
2004-06-24,1.2642,1.2738,1.2565,1.2605
2004-06-23,1.2578,1.2706,1.2498,1.2685
2004-06-22,1.2609,1.27,1.2566,1.2647
2004-06-21,1.2609,1.2629,1.2608,1.2626
2004-06-18,1.2668,1.2762,1.2577,1.2603
2004-06-17,1.2668,1.2691,1.2654,1.2677
2004-06-16,1.259,1.2758,1.2557,1.2711
2004-06-15,1.259,1.2606,1.2565,1.2605
2004-06-14,1.2738,1.2811,1.2641,1.2699
2004-06-11,1.2603,1.2855,1.2594,1.2701
2004-06-10,1.2689,1.2825,1.2587,1.2657
2004-06-09,1.2541,1.2812,1.2525,1.2715
2004-06-08,1.2522,1.261,1.2449,1.2561
2004-06-07,1.2505,1.258,1.2448,1.253
2004-06-04,1.2575,1.2662,1.2487,1.2575
2004-06-03,1.2619,1.2664,1.2488,1.2602
2004-06-02,1.2537,1.2639,1.2446,1.2603
2004-06-01,1.2599,1.2677,1.246,1.2531
2004-05-31,1.2595,1.2662,1.2467,1.2591
2004-05-28,1.2509,1.2524,1.2509,1.2524
2004-05-27,1.2575,1.2597,1.2517,1.2586
2004-05-26,1.2677,1.2708,1.2653,1.2683
2004-05-25,1.2719,1.2785,1.2579,1.2694
2004-05-24,1.2721,1.2813,1.2656,1.2729
2004-05-21,1.2722,1.2794,1.2616,1.2735
2004-05-20,1.2733,1.2832,1.2631,1.2756
2004-05-19,1.2736,1.282,1.2624,1.2706
2004-05-18,1.2666,1.2824,1.2631,1.2765
2004-05-17,1.2787,1.2874,1.2587,1.2709
2004-05-14,1.2852,1.2962,1.2747,1.2801
2004-05-13,1.2765,1.2954,1.2735,1.2894
2004-05-12,1.286,1.2896,1.2722,1.278
2004-05-11,1.2831,1.2934,1.2748,1.2845
2004-05-10,1.2761,1.2912,1.2746,1.2897
2004-05-07,1.2657,1.2854,1.2562,1.2787
2004-05-06,1.2615,1.2721,1.2512,1.2691
2004-05-05,1.2586,1.2677,1.2507,1.2632
2004-05-04,1.2733,1.2787,1.256,1.2651
2004-05-03,1.2686,1.2795,1.2671,1.2759
2004-04-30,1.2699,1.2788,1.264,1.2709
2004-04-29,1.2803,1.2867,1.267,1.2718
2004-04-28,1.2745,1.2841,1.27,1.2826
2004-04-27,1.2794,1.2849,1.2719,1.2758
2004-04-26,1.2834,1.2888,1.2749,1.2809
2004-04-23,1.2758,1.2886,1.268,1.2812
2004-04-22,1.2829,1.2897,1.269,1.2825
2004-04-21,1.2772,1.2867,1.2681,1.2821
2004-04-20,1.2653,1.2843,1.2579,1.2784
2004-04-19,1.2669,1.2694,1.2554,1.2663
2004-04-16,1.2698,1.2756,1.258,1.2691
2004-04-15,1.2676,1.2793,1.2619,1.2687
2004-04-14,1.2658,1.2801,1.2628,1.2687
2004-04-13,1.256,1.273,1.2532,1.2692
2004-04-12,1.254,1.2627,1.2524,1.2563
2004-04-09,1.2544,1.2599,1.2505,1.254
2004-04-08,1.248,1.2616,1.2411,1.257
2004-04-07,1.2496,1.2623,1.2437,1.2479
2004-04-06,1.2603,1.2683,1.247,1.253
2004-04-05,1.2516,1.2685,1.2494,1.2595
2004-04-02,1.2354,1.2576,1.2323,1.252
2004-04-01,1.2361,1.2473,1.2305,1.2353
2004-03-31,1.248,1.2536,1.2341,1.2384
2004-03-30,1.2478,1.2558,1.2396,1.251
2004-03-29,1.2514,1.2596,1.2456,1.2474
2004-03-26,1.2494,1.2584,1.2425,1.257
2004-03-25,1.2494,1.2607,1.2419,1.2536
2004-03-24,1.2373,1.2592,1.2318,1.2516
2004-03-23,1.2344,1.2465,1.2311,1.2368
2004-03-22,1.2386,1.2548,1.2309,1.2397
2004-03-19,1.2335,1.2509,1.2309,1.249
2004-03-18,1.2469,1.2544,1.2295,1.2344
2004-03-17,1.2476,1.2585,1.2399,1.2476
2004-03-16,1.2496,1.2532,1.2369,1.2475
2004-03-15,1.2545,1.2584,1.2419,1.2462
2004-03-12,1.2395,1.259,1.2378,1.253
2004-03-11,1.2526,1.2609,1.239,1.2412
2004-03-10,1.2435,1.2585,1.2394,1.2545
2004-03-09,1.2392,1.253,1.2289,1.2403
2004-03-08,1.2366,1.2479,1.2339,1.2409
2004-03-05,1.2538,1.2592,1.2331,1.2413
2004-03-04,1.2471,1.2638,1.2405,1.2506
2004-03-03,1.2466,1.2638,1.2415,1.2484
2004-03-02,1.229,1.2577,1.2232,1.2499
2004-03-01,1.231,1.2384,1.217,1.2316
2004-02-27,1.2296,1.24,1.2211,1.2281
2004-02-26,1.2247,1.2374,1.2231,1.2312
2004-02-25,1.213,1.2323,1.205,1.2281
2004-02-24,1.2199,1.2263,1.2046,1.2154
2004-02-23,1.2252,1.2324,1.2145,1.224
2004-02-20,1.2125,1.2282,1.2001,1.2246
2004-02-19,1.2061,1.2174,1.1986,1.2075
2004-02-18,1.1972,1.2191,1.1895,1.2135
2004-02-17,1.2002,1.2073,1.1911,1.2045
2004-02-16,1.2085,1.2127,1.1986,1.2047
2004-02-13,1.2,1.2137,1.1926,1.2089
2004-02-12,1.2013,1.2055,1.1891,1.2004
2004-02-11,1.2151,1.217,1.1907,1.2012
2004-02-10,1.2087,1.2159,1.1999,1.2115
2004-02-09,1.2175,1.2196,1.2023,1.21
2004-02-06,1.218,1.226,1.2034,1.2092
2004-02-05,1.2185,1.2262,1.2084,1.2202
2004-02-04,1.2184,1.227,1.2111,1.222
2004-02-03,1.2276,1.231,1.2098,1.2209
2004-02-02,1.2275,1.2305,1.2147,1.2275
2004-01-30,1.2239,1.2335,1.2151,1.229
2004-01-29,1.2134,1.2329,1.2105,1.2276
2004-01-28,1.2048,1.2278,1.1994,1.2238
2004-01-27,1.2227,1.2346,1.1996,1.2077
2004-01-26,1.2152,1.2348,1.2055,1.2313
2004-01-23,1.2145,1.2209,1.2144,1.2168
2004-01-22,1.2131,1.2153,1.1998,1.2063
2004-01-21,1.2096,1.2193,1.2055,1.2106
2004-01-20,1.2274,1.2305,1.2077,1.2151
2004-01-19,1.2252,1.2327,1.2165,1.2283
2004-01-16,1.2271,1.2329,1.2266,1.2294
2004-01-15,1.2054,1.2168,1.2028,1.2115
2004-01-14,1.198,1.213,1.1959,1.2072
2004-01-13,1.1999,1.2079,1.1955,1.1997
2004-01-12,1.1938,1.2056,1.1891,1.2045
2004-01-09,1.1983,1.2054,1.1897,1.1965
2004-01-08,1.2089,1.2153,1.1935,1.1969
2004-01-07,1.1985,1.211,1.1981,1.2094
2004-01-06,1.2045,1.2085,1.1941,1.206
2004-01-05,1.2141,1.2157,1.2008,1.2064
2004-01-02,1.2214,1.2244,1.2063,1.2133
2004-01-01,1.2137,1.2238,1.2069,1.2234
2003-12-31,1.216,1.2253,1.2034,1.214
2003-12-30,1.2202,1.2223,1.2111,1.2138
2003-12-29,1.2202,1.2262,1.2146,1.2217
2003-12-26,1.1939,1.2255,1.1929,1.2246
2003-12-25,1.222,1.2245,1.1937,1.1959
2003-12-24,1.223,1.2295,1.2117,1.2206
2003-12-23,1.2234,1.229,1.2194,1.2271
2003-12-22,1.227,1.232,1.2182,1.2271
2003-12-19,1.2241,1.2327,1.2203,1.2298
2003-12-18,1.2227,1.2328,1.2171,1.226
2003-12-17,1.2264,1.2337,1.2172,1.225
2003-12-16,1.2289,1.2334,1.2182,1.228
2003-12-15,1.2391,1.2416,1.2213,1.2303
2003-12-12,1.2302,1.2383,1.2228,1.226
2003-12-11,1.2329,1.2431,1.2292,1.2324
2003-12-10,1.2247,1.2412,1.2216,1.2342
2003-12-09,1.2316,1.2376,1.2257,1.231
2003-12-08,1.2364,1.2408,1.2294,1.2335
2003-12-05,1.2419,1.2481,1.2332,1.2384
2003-12-04,1.2405,1.2492,1.2344,1.2441
2003-12-03,1.2412,1.2455,1.2343,1.242
2003-12-02,1.2488,1.2551,1.2361,1.2418
2003-12-01,1.2455,1.2571,1.2405,1.2485
2003-11-28,1.2509,1.2564,1.2413,1.2509
2003-11-27,1.2475,1.259,1.2362,1.2553
2003-11-26,1.2631,1.2662,1.2417,1.2483
2003-11-25,1.2585,1.2693,1.2545,1.2612
2003-11-24,1.2531,1.2687,1.2478,1.2612
2003-11-21,1.2497,1.2624,1.2461,1.2547
2003-11-20,1.2556,1.2577,1.2426,1.2514
2003-11-19,1.2453,1.2575,1.2356,1.2484
2003-11-18,1.2642,1.267,1.2362,1.2477
2003-11-17,1.2598,1.2675,1.2516,1.2658
2003-11-14,1.2563,1.2654,1.2522,1.2565
2003-11-13,1.2693,1.2721,1.2568,1.2635
2003-11-12,1.277,1.2819,1.2642,1.2715
2003-11-11,1.2834,1.2869,1.2744,1.28
2003-11-10,1.2778,1.2866,1.2752,1.2843
2003-11-07,1.2858,1.2938,1.2743,1.2771
2003-11-06,1.2837,1.2923,1.2781,1.2873
2003-11-05,1.2811,1.2903,1.2771,1.2871
2003-11-04,1.283,1.2933,1.2756,1.2805
2003-11-03,1.274,1.2909,1.2673,1.2846
2003-10-31,1.2635,1.2778,1.2614,1.273
2003-10-30,1.2675,1.2727,1.2556,1.2707
2003-10-29,1.2678,1.2695,1.2577,1.2689
2003-10-28,1.2618,1.2707,1.2574,1.2675
2003-10-27,1.2612,1.2683,1.2548,1.2632
2003-10-24,1.2561,1.2646,1.251,1.2618
2003-10-23,1.2561,1.2595,1.2531,1.2561
2003-10-22,1.265,1.2734,1.2512,1.2552
2003-10-21,1.2708,1.2747,1.26,1.2662
2003-10-20,1.2666,1.2755,1.2603,1.2691
2003-10-17,1.265,1.2819,1.2622,1.2637
2003-10-16,1.2704,1.2804,1.2595,1.2665
2003-10-15,1.2663,1.2778,1.2586,1.2753
2003-10-14,1.2644,1.2771,1.2591,1.2685
2003-10-13,1.2557,1.2718,1.2553,1.2655
2003-10-10,1.2618,1.2696,1.2508,1.2578
2003-10-09,1.2581,1.2707,1.2494,1.264
2003-10-08,1.2582,1.2626,1.2494,1.2569
2003-10-07,1.2642,1.2685,1.2509,1.2582
2003-10-06,1.2622,1.2788,1.256,1.2673
2003-10-03,1.263,1.2736,1.2494,1.2639
2003-10-02,1.2628,1.27,1.2487,1.263
2003-10-01,1.2626,1.2733,1.252,1.263
2003-09-30,1.2653,1.2721,1.2508,1.2693
2003-09-29,1.2733,1.287,1.2581,1.266
2003-09-26,1.2715,1.2773,1.266,1.273
2003-09-25,1.2691,1.2757,1.2635,1.2716
2003-09-24,1.2758,1.2782,1.2675,1.2698
2003-09-23,1.273,1.278,1.2667,1.2763
2003-09-22,1.282,1.2874,1.2676,1.274
2003-09-19,1.2913,1.2959,1.2782,1.2865
2003-09-18,1.2944,1.2983,1.2812,1.294
2003-09-17,1.2986,1.3047,1.286,1.2918
2003-09-16,1.2917,1.3032,1.2871,1.2994
2003-09-15,1.2917,1.2974,1.2852,1.2928
2003-09-12,1.2961,1.305,1.2831,1.2913
2003-09-11,1.2967,1.3036,1.2875,1.2971
2003-09-10,1.2959,1.3026,1.2903,1.2971
2003-09-09,1.3069,1.3097,1.2895,1.2959
2003-09-08,1.3069,1.3082,1.2998,1.3079
2003-09-05,1.319,1.3211,1.2973,1.3085
2003-09-04,1.3195,1.3289,1.3095,1.3177
2003-09-03,1.3263,1.3319,1.3163,1.3205
2003-09-02,1.3113,1.3281,1.3113,1.3274
2003-09-01,1.3079,1.3188,1.3034,1.3146
2003-08-29,1.3163,1.3215,1.3049,1.3078
2003-08-28,1.3184,1.3259,1.3131,1.3177
2003-08-27,1.3181,1.326,1.3124,1.3189
2003-08-26,1.32,1.3295,1.3135,1.3216
2003-08-25,1.3173,1.3224,1.3104,1.3205
2003-08-22,1.3083,1.324,1.3059,1.309
2003-08-21,1.2897,1.3196,1.2887,1.3105
2003-08-20,1.2977,1.3054,1.2941,1.2979
2003-08-19,1.2977,1.3066,1.2922,1.2991
2003-08-18,1.2853,1.3013,1.2844,1.299
2003-08-15,1.2848,1.2902,1.2826,1.2883
2003-08-14,1.2817,1.2912,1.2791,1.2864
2003-08-13,1.2859,1.293,1.2804,1.283
2003-08-12,1.2772,1.2876,1.2733,1.2872
2003-08-11,1.2826,1.2904,1.2733,1.279
2003-08-08,1.278,1.2877,1.2764,1.286
2003-08-07,1.2816,1.2859,1.2739,1.279
2003-08-06,1.2828,1.2857,1.2734,1.2834
2003-08-05,1.2842,1.2916,1.2793,1.281
2003-08-04,1.2842,1.2908,1.2796,1.2839
2003-08-01,1.2959,1.3066,1.2884,1.2904
2003-07-31,1.2867,1.2995,1.2829,1.2977
2003-07-30,1.2796,1.2901,1.276,1.2855
2003-07-29,1.2776,1.2826,1.2691,1.282
2003-07-28,1.2742,1.2812,1.2708,1.2756
2003-07-25,1.2768,1.2847,1.2686,1.2739
2003-07-24,1.2823,1.2848,1.2719,1.2787
2003-07-23,1.2876,1.2917,1.2735,1.2756
2003-07-22,1.2894,1.2924,1.2834,1.2897
2003-07-21,1.2929,1.2972,1.2849,1.2915
2003-07-18,1.2962,1.303,1.2847,1.2934
2003-07-17,1.2935,1.3031,1.2865,1.298
2003-07-16,1.2968,1.3054,1.2881,1.2955
2003-07-15,1.2875,1.3057,1.2819,1.2976
2003-07-14,1.289,1.2935,1.2843,1.289
2003-07-11,1.2815,1.291,1.2788,1.2894
2003-07-10,1.282,1.2885,1.2765,1.2797
2003-07-09,1.2863,1.2938,1.279,1.284
2003-07-08,1.287,1.2944,1.2801,1.2847
2003-07-07,1.2735,1.2886,1.2673,1.2885
2003-07-04,1.2692,1.2784,1.2673,1.2723
2003-07-03,1.2698,1.281,1.2652,1.2713
2003-07-02,1.2688,1.2759,1.2662,1.2713
2003-07-01,1.2694,1.2792,1.2628,1.269
2003-06-30,1.2798,1.2826,1.2696,1.2716
2003-06-27,1.2766,1.2828,1.2715,1.2778
2003-06-26,1.2685,1.2814,1.2623,1.2785
2003-06-25,1.2684,1.2759,1.2553,1.27
2003-06-24,1.2662,1.2786,1.262,1.2728
2003-06-23,1.2671,1.2748,1.2616,1.2679
2003-06-20,1.2534,1.2723,1.2511,1.2665
2003-06-19,1.2579,1.2696,1.2505,1.2548
2003-06-18,1.2479,1.264,1.2429,1.2585
2003-06-17,1.2491,1.2576,1.2388,1.2522
2003-06-16,1.2425,1.2577,1.2386,1.2506
2003-06-13,1.2523,1.2598,1.2348,1.2446
2003-06-12,1.2538,1.2605,1.2477,1.2534
2003-06-11,1.2605,1.264,1.2502,1.255
2003-06-10,1.2574,1.2642,1.2548,1.2618
2003-06-09,1.2579,1.2661,1.2481,1.2608
2003-06-06,1.2446,1.2643,1.2328,1.2622
2003-06-05,1.2638,1.2708,1.2322,1.2443
2003-06-04,1.26,1.2716,1.2427,1.2664
2003-06-03,1.2561,1.271,1.2527,1.2639
2003-06-02,1.2613,1.2723,1.2526,1.2601
2003-05-30,1.2432,1.2693,1.2414,1.2594
2003-05-29,1.2567,1.2693,1.2421,1.2444
2003-05-28,1.2548,1.27,1.248,1.2562
2003-05-27,1.2501,1.2565,1.2408,1.2563
2003-05-26,1.2508,1.2555,1.2461,1.2504
2003-05-23,1.2618,1.2659,1.2489,1.2525
2003-05-22,1.2641,1.2708,1.2551,1.2631
2003-05-21,1.2588,1.2694,1.2556,1.2662
2003-05-20,1.2655,1.2774,1.2543,1.2601
2003-05-19,1.2547,1.2772,1.2424,1.2674
2003-05-16,1.2861,1.2906,1.2548,1.2624
2003-05-15,1.277,1.2888,1.2641,1.2823
2003-05-14,1.2709,1.2841,1.2627,1.2752
2003-05-13,1.27,1.2841,1.2601,1.2734
2003-05-12,1.2696,1.2782,1.2527,1.2694
2003-05-09,1.2754,1.2821,1.2594,1.2769
2003-05-08,1.2754,1.2851,1.2684,1.2712
2003-05-07,1.2782,1.2897,1.2623,1.2868
2003-05-06,1.2879,1.2947,1.2702,1.2808
2003-05-05,1.292,1.2988,1.2791,1.2891
2003-05-02,1.2894,1.3006,1.2821,1.2967
2003-05-01,1.2946,1.3028,1.2805,1.2931
2003-04-30,1.3042,1.3067,1.2863,1.2973
2003-04-29,1.3114,1.3181,1.297,1.3056
2003-04-28,1.3068,1.3155,1.2949,1.3133
2003-04-25,1.3068,1.3173,1.2999,1.3094
2003-04-24,1.3137,1.3167,1.3056,1.3101
2003-04-23,1.3146,1.3202,1.31,1.3151
2003-04-22,1.3206,1.3248,1.3079,1.3161
2003-04-21,1.3174,1.3265,1.3128,1.3219
2003-04-18,1.319,1.3219,1.3107,1.3215
2003-04-17,1.3133,1.3254,1.3045,1.3218
2003-04-16,1.3261,1.3301,1.3083,1.317
2003-04-15,1.3246,1.3352,1.3157,1.3272
2003-04-14,1.3305,1.3359,1.3192,1.3266
2003-04-11,1.3259,1.3372,1.3222,1.332
2003-04-10,1.3258,1.331,1.3176,1.3276
2003-04-09,1.3299,1.3394,1.3195,1.33
2003-04-08,1.3259,1.3432,1.3232,1.3346
2003-04-07,1.3287,1.3487,1.3267,1.3334
2003-04-04,1.3245,1.3361,1.3163,1.3296
2003-04-03,1.3218,1.335,1.3168,1.3245
2003-04-02,1.3056,1.3333,1.2998,1.3224
2003-04-01,1.3114,1.3208,1.3034,1.3131
2003-03-31,1.3201,1.323,1.3051,1.312
2003-03-28,1.3262,1.3319,1.3171,1.3226
2003-03-27,1.3287,1.3323,1.3158,1.3277
2003-03-26,1.3269,1.3369,1.3195,1.3303
2003-03-25,1.3323,1.3346,1.3165,1.3331
2003-03-24,1.3343,1.3399,1.3215,1.3348
2003-03-21,1.3337,1.3475,1.3262,1.3424
2003-03-20,1.3388,1.3431,1.3279,1.3322
2003-03-19,1.3307,1.3463,1.3159,1.3394
2003-03-18,1.3302,1.3409,1.3151,1.3354
2003-03-14,1.3167,1.3279,1.2989,1.3173
2003-03-13,1.3017,1.3238,1.2953,1.3146
2003-03-12,1.2932,1.3042,1.2761,1.2997
2003-03-11,1.2924,1.3047,1.2765,1.2812
2003-03-10,1.2958,1.3022,1.2851,1.2954
2003-03-07,1.2992,1.3058,1.2766,1.2798
2003-03-06,1.3015,1.3091,1.2838,1.29
2003-03-05,1.2837,1.3079,1.2837,1.3045
2003-03-04,1.2964,1.3116,1.2821,1.2871
2003-03-03,1.3155,1.3226,1.2883,1.3054
2003-02-28,1.3185,1.3247,1.308,1.3167
2003-02-27,1.3116,1.3222,1.3035,1.3197
2003-02-26,1.3165,1.3244,1.3057,1.3157
2003-02-25,1.3106,1.3228,1.3027,1.3215
2003-02-24,1.3209,1.3274,1.3064,1.3142
2003-02-21,1.3103,1.3202,1.2946,1.2988
2003-02-20,1.3053,1.3211,1.264,1.312
2003-02-19,1.3028,1.3269,1.2429,1.3156
2003-02-18,1.3005,1.3271,1.2982,1.3135
2003-02-17,1.3165,1.3274,1.3004,1.3034
2003-02-14,1.3075,1.3205,1.2972,1.3001
2003-02-13,1.319,1.3213,1.3003,1.3105
2003-02-12,1.317,1.3224,1.3089,1.319
2003-02-11,1.3173,1.3266,1.3094,1.3184
2003-02-10,1.3103,1.3205,1.2968,1.3182
2003-02-07,1.3077,1.3216,1.2427,1.308
2003-02-06,1.3166,1.3203,1.295,1.3115
2003-02-05,1.3043,1.3216,1.2533,1.3179
2003-02-04,1.31,1.3186,1.2908,1.3047
2003-02-03,1.3087,1.3215,1.3003,1.3122
2003-01-31,1.3014,1.3189,1.2995,1.3114
2003-01-30,1.3022,1.3153,1.3001,1.305
2003-01-29,1.305,1.3175,1.2935,1.303
2003-01-28,1.3018,1.3205,1.292,1.3115
2003-01-27,1.306,1.3136,1.2939,1.3043
2003-01-24,1.3083,1.3175,1.2892,1.3089
2003-01-23,1.3124,1.3207,1.303,1.3135
2003-01-22,1.3162,1.3238,1.3013,1.3168
2003-01-21,1.3225,1.3301,1.3087,1.3166
2003-01-20,1.3231,1.3306,1.309,1.3177
2003-01-17,1.3278,1.3335,1.315,1.318
2003-01-16,1.3324,1.3375,1.32,1.3228
2003-01-15,1.327,1.3415,1.3229,1.3324
2003-01-14,1.3349,1.3385,1.3218,1.3382
2003-01-13,1.3327,1.3412,1.3225,1.336
2003-01-10,1.3378,1.3435,1.3224,1.3345
2003-01-09,1.334,1.3441,1.3198,1.3411
2003-01-08,1.3434,1.3517,1.3275,1.3377
2003-01-07,1.3367,1.3478,1.3301,1.3446
2003-01-06,1.3403,1.3447,1.3247,1.3393
2003-01-03,1.3462,1.3519,1.338,1.3415
2003-01-02,1.3341,1.3519,1.3252,1.348
2003-01-01,1.3376,1.3388,1.3376,1.3388
