Date,Open,High,Low,Close
2025-02-17,105.029,105.029,104.961,104.961
2025-02-16,105.029,105.029,105.029,105.029
2025-02-14,106.05,106.05,105.055,105.5
2025-02-13,106.75,106.75,106.019,106.05
2025-02-12,106.85,106.85,106.295,106.75
2025-02-11,107.375,107.375,106.798,106.85
2025-02-10,106.686,107.375,106.686,107.375
2025-02-09,106.686,106.686,106.686,106.686
2025-02-07,106.75,107.05,106.188,107.05
2025-02-06,106.25,106.75,105.998,106.75
2025-02-05,107.125,107.125,105.912,106.25
2025-02-04,107.6,107.6,106.811,107.125
2025-02-03,107.944,107.944,107.503,107.6
2025-02-02,107.944,107.944,107.944,107.944
2025-01-31,106.15,106.23,106.139,106.23
2025-01-30,106.3,106.3,105.819,106.15
2025-01-29,106.15,106.3,105.707,106.3
2025-01-28,105.25,106.15,105.25,106.15
2025-01-27,104.959,105.38,9.785,105.25
2025-01-26,104.959,104.959,104.959,104.959
2025-01-24,106.25,106.25,105.188,105.188
2025-01-23,106.3,106.3,105.984,106.25
2025-01-22,107.625,107.625,105.607,106.3
2025-01-21,106.841,107.625,106.328,107.625
2025-01-20,106.996,107.146,106.841,106.841
2025-01-19,106.996,106.996,106.996,106.996
2025-01-17,107.41,107.625,106.997,107.625
2025-01-16,107.45,107.45,107.162,107.41
2025-01-15,107.4,107.45,107.026,107.45
2025-01-14,108.3,108.3,107.4,107.4
2025-01-13,107.507,108.3,107.375,108.3
2025-01-12,107.507,107.507,107.507,107.507
2025-01-10,107.375,107.375,107.027,107.027
2025-01-09,107.225,107.375,106.904,107.375
2025-01-08,106.7,107.225,106.506,107.225
2025-01-07,107.2,107.2,105.933,106.7
2025-01-06,106.903,107.85,105.902,107.2
2025-01-05,106.903,106.903,106.903,106.903
2025-01-03,107.85,107.85,107.102,107.102
2025-01-02,105.468,107.85,105.468,107.85
2025-01-01,105.763,105.763,105.468,105.468
2024-12-31,105.468,105.932,105.468,105.763
2024-12-30,105.755,105.763,105.468,105.468
2024-12-29,105.755,105.755,105.755,105.755
2024-12-27,105.907,105.907,105.636,105.636
2024-12-26,105.907,105.907,105.907,105.907
2024-12-25,106.009,106.009,105.907,105.907
2024-12-24,106.152,106.152,105.995,106.009
2024-12-23,105.684,106.152,105.658,106.152
2024-12-22,105.684,105.684,105.684,105.684
2024-12-20,106.008,106.397,106.008,106.08
2024-12-19,105.049,106.24,105.049,106.008
2024-12-18,105.098,105.098,104.99,105.049
2024-12-17,105.039,105.109,104.8,105.098
2024-12-16,104.939,105.039,104.826,105.039
2024-12-15,104.939,104.939,104.939,104.939
2024-12-13,105.063,105.38,105.063,105.078
2024-12-12,105.25,105.25,104.95,105.063
2024-12-11,105.25,105.25,104.668,104.862
2024-12-10,104.483,105.25,104.483,105.25
2024-12-09,104.265,104.675,104.265,104.483
2024-12-08,104.265,104.265,104.265,104.265
2024-12-06,104.375,104.375,104.177,104.177
2024-12-05,105.25,105.25,104.375,104.375
2024-12-04,105,105.25,104.954,105.25
2024-12-03,105.4,105.4,104.858,105
2024-12-02,104.196,105.4,104.196,105.4
2024-12-01,104.196,104.196,104.196,104.196
2024-11-29,104.502,104.95,104.418,104.95
2024-11-28,105.675,105.675,104.438,104.502
2024-11-27,105.675,105.675,104.789,104.789
2024-11-26,105.45,105.675,104.576,105.675
2024-11-25,105.826,106.3,105.238,105.45
2024-11-24,105.826,105.826,105.826,105.826
2024-11-22,105.625,106.3,105.297,106.3
2024-11-21,105.15,105.625,104.558,105.625
2024-11-20,104.625,105.15,104.023,105.15
2024-11-19,104.55,104.625,104.091,104.625
2024-11-18,104.561,104.85,104.117,104.55
2024-11-17,104.561,104.561,104.561,104.561
2024-11-15,104.9,104.9,104.317,104.85
2024-11-14,104.85,104.9,104.457,104.9
2024-11-13,104.35,104.85,103.724,104.85
2024-11-12,103.429,104.35,103.429,104.35
2024-11-11,102.826,103.429,102.826,103.429
2024-11-10,102.826,102.826,102.826,102.826
2024-11-08,105.062,105.062,102.22,102.5
2024-11-07,101.35,111.375,101.35,105.062
2024-11-06,101.3,102.968,101.3,101.35
2024-11-05,101.65,101.65,101.189,101.3
2024-11-04,101.333,101.95,101.1,101.65
2024-11-03,101.333,101.333,101.333,101.333
2024-11-01,101.95,101.95,101.348,101.474
2024-10-31,101.875,101.95,101.396,101.95
2024-10-30,102.475,102.475,101.86,101.875
2024-10-29,102.425,102.475,101.948,102.475
2024-10-28,102.084,102.425,101.856,102.425
2024-10-27,102.084,102.084,102.084,102.084
2024-10-25,102.4,102.4,101.868,102.084
2024-10-24,102.45,102.45,102.115,102.4
2024-10-23,102.45,102.45,102.09,102.289
2024-10-22,102.3,102.45,101.838,102.45
2024-10-21,101.379,102.3,101.379,102.3
2024-10-20,101.379,101.379,101.379,101.379
2024-10-18,102.25,102.25,101.684,101.875
2024-10-17,101.65,102.25,101.47,102.25
2024-10-16,101.575,101.68,101.234,101.65
2024-10-15,100.973,101.575,100.973,101.575
2024-10-14,100.703,100.973,100.703,100.973
2024-10-13,100.703,100.703,100.703,100.703
2024-10-11,101.4,101.4,100.812,101.29
2024-10-10,101.25,101.4,100.786,101.4
2024-10-09,100.95,101.25,100.472,101.25
2024-10-08,100.85,100.95,100.4,100.95
2024-10-07,100.401,101.05,100.401,100.85
2024-10-06,100.401,100.401,100.401,100.401
2024-10-04,99.935,101.05,99.924,101.05
2024-10-03,100.25,100.3,99.886,99.935
2024-10-02,100,100.25,99.595,100.25
2024-10-01,99.2,100,98.994,100
2024-09-30,99.25,99.25,98.517,99.2
2024-09-29,99.25,99.25,99.25,99.25
2024-09-27,98.867,99.425,98.724,99.25
2024-09-26,99.425,99.425,98.867,98.867
2024-09-25,99.34,99.425,98.506,99.425
2024-09-24,99.25,99.5,99.119,99.34
2024-09-23,98.658,99.25,98.658,99.25
2024-09-22,98.658,98.658,98.658,98.658
2024-09-20,99.25,99.25,98.796,98.842
2024-09-19,99.5,99.507,98.855,99.25
2024-09-18,99.197,99.5,99.096,99.5
2024-09-17,99.55,99.55,99.057,99.197
2024-09-16,99.562,99.925,99.191,99.55
2024-09-15,99.562,99.562,99.562,99.562
2024-09-13,100.05,100.05,99.432,99.925
2024-09-12,100.5,100.5,100.05,100.05
2024-09-11,100.45,100.5,99.775,100.5
2024-09-10,99.909,100.45,99.909,100.45
2024-09-09,99.387,100.125,99.387,99.909
2024-09-08,99.387,99.387,99.387,99.387
2024-09-06,99.231,99.75,99.219,99.75
2024-09-05,99.511,99.95,99.231,99.231
2024-09-04,100.3,100.3,99.511,99.511
2024-09-03,99.636,100.3,99.636,100.3
2024-09-02,99.666,99.666,99.636,99.636
2024-09-01,99.666,99.666,99.666,99.666
2024-08-30,99.875,100.225,99.514,100.225
2024-08-29,99.137,99.875,99.056,99.875
2024-08-28,99.2,99.6,99.084,99.137
2024-08-27,99.225,99.225,98.729,99.2
2024-08-26,98.376,99.225,98.376,99.225
2024-08-25,98.376,98.376,98.376,98.376
2024-08-23,99.55,99.55,99.05,99.05
2024-08-22,99.375,99.55,98.917,99.55
2024-08-21,99.6,99.6,99.089,99.375
2024-08-20,100,100,99.248,99.6
2024-08-19,99.918,100.625,99.913,100
2024-08-18,99.918,99.918,99.918,99.918
2024-08-16,100.492,101.25,100.312,100.625
2024-08-15,100.5,101.25,100.135,100.492
2024-08-14,101.1,101.1,100.038,100.5
2024-08-13,101.25,101.25,100.883,101.1
2024-08-12,101.35,101.35,100.934,101.25
2024-08-11,101.35,101.35,101.35,101.35
2024-08-09,101.375,101.375,101.006,101.35
2024-08-08,100.977,101.375,100.901,101.375
2024-08-07,101.2,101.2,100.886,100.977
2024-08-06,100.85,101.2,100.582,101.2
2024-08-05,100.961,101.45,100.657,100.85
2024-08-04,100.961,100.961,100.961,100.961
2024-08-02,102.55,102.55,101.45,101.45
2024-08-01,102.375,102.55,101.837,102.55
2024-07-31,102.25,102.375,101.751,102.375
2024-07-30,102.275,102.275,101.82,102.25
2024-07-29,101.583,102.275,101.499,102.275
2024-07-28,101.416,101.583,101.416,101.583
2024-07-26,101.63,101.63,101.519,101.519
2024-07-25,102.13,102.13,101.63,101.63
2024-07-24,102.05,102.13,101.656,102.13
2024-07-23,101.67,102.05,101.253,102.05
2024-07-22,101.294,101.67,101.216,101.67
2024-07-21,101.24,101.294,101.24,101.294
2024-07-19,100.872,101.272,100.872,101.272
2024-07-18,100.829,100.872,100.818,100.872
2024-07-17,101.177,101.54,100.829,100.829
2024-07-16,101.54,101.54,101.177,101.177
2024-07-15,100.961,101.54,100.961,101.54
2024-07-14,100.961,100.961,100.961,100.961
2024-07-12,101.875,101.875,101.253,101.45
2024-07-11,102.25,102.25,101.618,101.875
2024-07-10,101.959,102.25,101.878,102.25
2024-07-09,101.847,101.959,101.823,101.959
2024-07-08,101.956,102.25,101.812,101.847
2024-07-07,101.956,101.956,101.956,101.956
2024-07-05,102.112,102.6,101.711,101.718
2024-07-04,102.6,102.6,102.112,102.112
2024-07-03,102.881,103.05,102.465,102.6
2024-07-02,103.05,103.05,102.714,102.881
2024-07-01,102.864,103.325,102.589,103.05
2024-06-30,102.864,102.864,102.864,102.864
2024-06-28,103.325,103.325,102.968,102.968
2024-06-27,103.3,103.325,103.064,103.325
2024-06-26,103.3,103.3,102.942,103.221
2024-06-25,103.25,103.3,102.722,103.3
2024-06-24,103.018,103.45,102.768,103.25
2024-06-23,103.018,103.018,103.018,103.018
2024-06-21,103.4,103.45,102.989,103.45
2024-06-20,102.95,103.4,102.608,103.4
2024-06-19,103.05,103.05,102.582,102.95
2024-06-18,103.225,103.225,102.702,103.05
2024-06-17,102.983,103.225,102.934,103.225
2024-06-16,102.826,103.001,102.826,102.983
2024-06-14,103.1,103.4,102.702,103.4
2024-06-13,102.475,103.1,101.977,103.1
2024-06-12,103.125,103.125,102.472,102.475
2024-06-11,102.624,103.125,102.441,103.125
2024-06-10,101.932,102.624,101.932,102.624
2024-06-09,101.932,101.932,101.932,101.932
2024-06-07,101.23,101.6,101.23,101.6
2024-06-06,101.65,101.65,101.23,101.23
2024-06-05,101.675,101.675,101.306,101.65
2024-06-04,101.6,101.675,101.042,101.675
2024-06-03,101.557,102.05,101.557,101.6
2024-06-02,101.557,101.557,101.557,101.557
2024-05-31,102.25,102.25,101.586,102.05
2024-05-30,102.36,102.36,101.935,102.25
2024-05-29,101.557,102.36,101.557,102.36
2024-05-28,101.513,101.65,101.277,101.557
2024-05-27,101.594,101.639,101.513,101.513
2024-05-26,101.594,101.594,101.594,101.594
2024-05-24,102.375,102.375,101.637,101.637
2024-05-23,102.15,102.375,101.675,102.375
2024-05-22,102.05,102.15,101.528,102.15
2024-05-21,101.536,102.05,101.489,102.05
2024-05-20,101.202,101.95,101.202,101.536
2024-05-19,101.202,101.202,101.202,101.202
2024-05-17,101.83,101.925,101.505,101.925
2024-05-16,101.83,101.83,101.219,101.416
2024-05-15,102.3,102.3,101.83,101.83
2024-05-14,102.55,102.55,102.12,102.3
2024-05-13,102.383,103.05,102.225,102.55
2024-05-12,102.206,102.383,102.206,102.383
2024-05-10,103.05,103.05,102.293,102.294
2024-05-09,103.05,103.05,102.638,102.738
2024-05-08,102.65,103.05,102.59,103.05
2024-05-07,104,111.225,102.332,102.65
2024-05-06,102.453,104,102.366,104
2024-05-05,102.453,102.453,102.453,102.453
2024-05-03,103.25,104,102.597,104
2024-05-02,103.75,103.75,102.941,103.25
2024-05-01,103.55,103.75,103.336,103.75
2024-04-30,103.25,103.55,102.823,103.55
2024-04-29,103.037,103.25,102.864,103.25
2024-04-28,103.037,103.037,103.037,103.037
2024-04-26,103.225,103.225,102.725,102.725
2024-04-25,103.7,103.7,102.822,103.225
2024-04-24,103.75,103.75,100.25,103.7
2024-04-23,103.75,103.75,103.362,103.362
2024-04-22,103.336,103.875,103.336,103.75
2024-04-21,103.336,103.336,103.336,103.336
2024-04-19,103.95,103.95,103.57,103.875
2024-04-18,103.559,103.95,102.25,103.95
2024-04-17,102.25,103.807,102.25,103.559
2024-04-16,103.875,103.875,102.25,102.25
2024-04-15,103.317,103.875,103.317,103.875
2024-04-14,103.317,103.317,103.317,103.317
2024-04-12,102.758,103.511,101.85,101.85
2024-04-11,101.85,102.758,101.85,102.758
2024-04-10,101.85,101.85,101.547,101.547
2024-04-09,101.519,101.875,101.443,101.85
2024-04-08,101.72,102.3,101.519,101.519
2024-04-07,101.72,101.72,101.72,101.72
2024-04-05,101.95,102.3,101.705,102.3
2024-04-04,102.15,102.15,101.513,101.95
2024-04-03,102.65,102.65,102.15,102.15
2024-04-02,103.125,103.125,102.617,102.65
2024-04-01,102.083,103.125,102.083,103.125
2024-03-31,102.083,102.083,102.083,102.083
2024-03-29,102.3,102.45,102.216,102.45
2024-03-28,102.3,102.3,101.92,102.225
2024-03-27,102.2,102.3,101.818,102.3
2024-03-26,102.25,102.25,101.563,102.2
2024-03-25,101.491,102.41,101.491,102.25
2024-03-24,101.491,101.491,101.491,101.491
2024-03-22,101.066,102.41,101.066,102.41
2024-03-21,102.05,102.05,100.823,101.066
2024-03-20,101.85,102.05,101.493,102.05
2024-03-19,101.419,101.85,101.419,101.85
2024-03-18,101.244,101.85,101.134,101.419
2024-03-17,101.244,101.244,101.244,101.244
2024-03-15,101.65,101.65,101.225,101.625
2024-03-14,101.15,101.65,100.801,101.65
2024-03-13,101.4,101.4,100.752,101.15
2024-03-12,101.35,101.4,100.823,101.4
2024-03-11,100.74,101.35,100.74,101.35
2024-03-10,100.74,100.74,100.74,100.74
2024-03-08,101.225,101.225,100.717,101.125
2024-03-07,101.55,101.55,100.77,101.225
2024-03-06,101.652,101.9,101.379,101.55
2024-03-05,101.9,101.9,101.626,101.652
2024-03-04,101.585,101.9,101.585,101.9
2024-03-03,101.585,101.585,101.585,101.585
2024-03-01,102.3,102.3,101.877,102.25
2024-02-29,101.735,102.3,101.735,102.3
2024-02-28,102,102,101.725,101.735
2024-02-27,102,102,101.523,101.523
2024-02-26,101.753,102.25,101.59,102
2024-02-25,101.753,101.753,101.753,101.753
2024-02-23,102.25,102.25,101.841,101.864
2024-02-22,102.35,102.35,101.593,102.25
2024-02-21,102.375,102.375,101.982,102.35
2024-02-20,102.296,102.85,102.121,102.375
2024-02-19,102.31,102.31,102.284,102.296
2024-02-18,102.31,102.31,102.31,102.31
2024-02-16,102.875,102.875,102.341,102.85
2024-02-15,103.125,103.125,102.668,102.875
2024-02-14,103.3,103.3,102.939,103.125
2024-02-13,102.6,103.3,102.309,103.3
2024-02-12,102.272,102.6,102.135,102.6
2024-02-11,102.272,102.272,102.272,102.272
2024-02-09,102.65,102.65,102.34,102.45
2024-02-08,102.65,102.65,102.299,102.507
2024-02-07,103.05,103.05,102.387,102.65
2024-02-06,102.641,103.05,102.613,103.05
2024-02-05,102.241,103,102.241,102.641
2024-02-04,102.45,102.45,102.241,102.241
2024-02-02,102.1,102.45,101.333,102.45
2024-02-01,101.975,102.1,101.951,102.1
2024-01-31,102.15,102.15,101.547,101.975
2024-01-30,102.5,102.5,101.694,102.15
2024-01-29,101.491,102.5,101.491,102.5
2024-01-28,101.491,101.491,101.491,101.491
2024-01-26,101.85,101.875,101.416,101.875
2024-01-25,101.5,101.85,101.253,101.85
2024-01-24,102.125,102.125,101.208,101.5
2024-01-23,101.58,102.125,101.268,102.125
2024-01-22,101.2,101.6,101.142,101.58
2024-01-21,101.017,101.2,101.017,101.2
2024-01-19,101.7,101.7,101.291,101.6
2024-01-18,101.875,101.9,101.194,101.7
2024-01-17,101.374,101.875,101.354,101.875
2024-01-16,100.639,101.374,100.639,101.374
2024-01-15,100.556,100.735,100.556,100.639
2024-01-14,100.556,100.556,100.556,100.556
2024-01-12,100.875,101.125,100.399,100.64
2024-01-11,100.875,100.875,100.435,100.452
2024-01-10,100.83,101.25,100.728,100.875
2024-01-09,101,101,100.587,100.83
2024-01-08,100.745,101.45,100.724,101
2024-01-07,100.745,100.745,100.745,100.745
2024-01-05,101.2,101.45,100.686,101.45
2024-01-04,101.15,101.2,100.708,101.2
2024-01-03,100.15,101.15,100.15,101.15
2024-01-02,99.828,100.553,99.828,100.15
2024-01-01,99.738,99.882,99.738,99.828
2023-12-31,99.738,99.738,99.738,99.738
2023-12-29,100.15,100.15,99.556,99.556
2023-12-28,99.67,100.15,99.141,100.15
2023-12-27,100.35,100.35,99.67,99.67
2023-12-26,100.184,100.5,100.184,100.35
2023-12-25,100.116,100.2,100.116,100.184
2023-12-24,99.991,100.116,99.991,100.116
2023-12-22,100.8,100.8,99.988,100.112
2023-12-21,100.875,100.875,100.399,100.8
2023-12-20,100.85,100.875,100.515,100.875
2023-12-19,101.4,101.4,100.733,100.85
2023-12-18,101.072,101.4,101.031,101.4
2023-12-17,101.072,101.072,101.072,101.072
2023-12-15,103.375,103.375,100.38,101.375
2023-12-14,102.263,103.375,100.852,103.375
2023-12-13,102.134,102.263,102.134,102.263
2023-12-12,102.85,103.375,102.098,102.134
2023-12-11,102.432,102.85,102.395,102.85
2023-12-10,102.432,102.432,102.432,102.432
2023-12-08,102.5,102.8,102.212,102.8
2023-12-07,102.55,102.55,102.395,102.5
2023-12-06,102.55,102.55,102.173,102.339
2023-12-05,102.25,102.55,101.727,102.55
2023-12-04,101.252,102.25,101.252,102.25
2023-12-03,101.212,101.252,101.212,101.252
2023-12-01,101.02,101.5,101.02,101.5
2023-11-30,100.545,101.02,100.526,101.02
2023-11-29,100.65,100.65,100.184,100.545
2023-11-28,101.05,101.05,100.628,100.65
2023-11-27,100.694,101.3,100.676,101.05
2023-11-26,100.694,100.694,100.694,100.694
2023-11-24,101.09,101.35,100.961,101.3
2023-11-23,101.091,101.206,101.09,101.09
2023-11-22,101.35,101.35,101.034,101.091
2023-11-21,101.65,101.65,100.636,101.35
2023-11-20,100.98,101.65,100.914,101.65
2023-11-19,100.98,100.98,100.98,100.98
2023-11-17,102,102,101.51,101.51
2023-11-16,102.05,102.05,101.669,102
2023-11-15,103.4,103.4,101.421,102.05
2023-11-14,103.4,103.4,102.819,102.819
2023-11-13,102.902,103.4,102.902,103.4
2023-11-12,102.902,102.902,102.902,102.902
2023-11-10,103.35,103.35,103.249,103.249
2023-11-09,103.3,103.35,102.938,103.35
2023-11-08,103.625,103.625,103.3,103.3
2023-11-07,103.25,103.625,102.951,103.625
2023-11-06,102.715,103.25,102.575,103.25
2023-11-05,102.715,102.715,102.715,102.715
2023-11-03,103.514,104.95,103.5,104.09
2023-11-02,104.95,104.95,103.514,103.514
2023-11-01,104.85,104.95,104.535,104.95
2023-10-31,104.51,104.85,103.443,104.85
2023-10-30,104.225,104.575,104.09,104.51
2023-10-29,104.225,104.225,104.225,104.225
2023-10-27,104.625,104.625,104.44,104.575
2023-10-26,104.625,104.658,104.42,104.658
2023-10-25,103.625,104.625,103.625,104.625
2023-10-24,103.625,103.785,103.196,103.785
2023-10-23,103.979,104.575,103.625,103.625
2023-10-22,103.979,103.979,103.979,103.979
2023-10-20,104.65,104.65,104.152,104.575
2023-10-19,104.469,105.1,104.469,104.65
2023-10-18,104.75,104.75,104.373,104.469
2023-10-17,104.95,104.95,104.347,104.75
2023-10-16,104.879,104.95,104.724,104.95
2023-10-15,104.879,104.879,104.879,104.879
2023-10-13,104.945,104.945,104.611,104.835
2023-10-12,104.2,104.945,103.8,104.945
2023-10-11,104.5,104.5,103.92,104.2
2023-10-10,104.711,104.711,104.155,104.5
2023-10-09,103.999,104.711,103.999,104.711
2023-10-08,103.999,103.999,103.999,103.999
2023-10-06,104.533,105.1,104.489,105.1
2023-10-05,105.375,105.375,104.533,104.533
2023-10-04,105.65,105.65,104.876,105.375
2023-10-03,105.45,105.65,105.27,105.65
2023-10-02,104.156,105.45,104.156,105.45
2023-10-01,104.156,104.156,104.156,104.156
2023-09-29,104.95,104.95,104.045,104.7
2023-09-28,105.35,105.35,104.637,104.95
2023-09-27,104.65,105.35,104.419,105.35
2023-09-26,104.45,104.65,104.06,104.65
2023-09-25,103.307,104.45,103.307,104.45
2023-09-24,103.307,103.307,103.307,103.307
2023-09-22,103.7,103.7,103.462,103.658
2023-09-21,103.225,103.723,103.225,103.7
2023-09-20,103.58,103.58,103.068,103.225
2023-09-19,103.55,103.58,103.056,103.58
2023-09-18,103.307,103.65,103.307,103.55
2023-09-17,103.307,103.307,103.307,103.307
2023-09-15,103.875,103.875,103.48,103.65
2023-09-14,103.225,103.875,102.662,103.875
2023-09-13,103.225,103.225,102.462,102.719
2023-09-12,102.59,103.225,102.59,103.225
2023-09-11,102.922,103.375,102.59,102.59
2023-09-10,102.922,102.922,102.922,102.922
2023-09-08,103.47,103.47,102.915,103.375
2023-09-07,103.25,103.47,102.837,103.47
2023-09-06,102.831,103.25,102.607,103.25
2023-09-05,102.121,103.25,102.121,102.831
2023-09-04,102.121,102.299,102.026,102.026
2023-09-03,102.121,102.121,102.121,102.121
2023-09-01,101.418,101.742,101.418,101.666
2023-08-31,101.323,101.418,100.854,101.418
2023-08-30,102.012,102.012,101.323,101.323
2023-08-29,101.997,102.012,101.871,102.012
2023-08-28,102.13,102.13,101.997,101.997
2023-08-27,102.13,102.13,102.13,102.13
2023-08-25,102.25,102.25,102.017,102.017
2023-08-24,102,102.25,101.443,102.25
2023-08-23,102,102.016,101.654,102.016
2023-08-22,101.65,102,101.156,102
2023-08-21,101.24,101.65,101.105,101.65
2023-08-20,101.24,101.24,101.24,101.24
2023-08-18,101.78,101.78,101.78,101.78
2023-08-17,101.4,101.78,101.296,101.78
2023-08-16,101.4,101.4,100.998,100.998
2023-08-15,101.5,101.5,100.851,101.4
2023-08-14,100.678,101.5,100.678,101.5
2023-08-13,100.565,100.678,100.565,100.678
2023-08-11,99.987,100.349,99.987,100.3
2023-08-10,100.456,100.506,99.987,99.987
2023-08-09,100.638,100.638,100.456,100.456
2023-08-08,100.428,100.638,100.317,100.638
2023-08-07,100.104,100.44,100.104,100.428
2023-08-06,100,100.104,100,100.104
2023-08-04,101.15,101.15,100.649,100.779
2023-08-03,100.575,101.3,100.575,101.15
2023-08-02,100.85,100.85,100.275,100.575
2023-08-01,100.65,100.85,100.343,100.85
2023-07-31,99.909,100.65,99.909,100.65
2023-07-30,99.909,99.909,99.909,99.909
2023-07-28,99.875,100.85,99.875,100.3
2023-07-27,99.875,99.875,99.012,99.012
2023-07-26,100.25,100.25,99.543,99.875
2023-07-25,100.1,100.25,99.63,100.25
2023-07-24,99.043,100.1,99.043,100.1
2023-07-23,99.043,99.043,99.043,99.043
2023-07-21,99.5,99.5,98.998,99.4
2023-07-20,98.9,99.5,98.291,99.5
2023-07-19,97.974,98.9,97.974,98.9
2023-07-18,98.4,98.4,97.974,97.974
2023-07-17,98.022,98.4,98.022,98.4
2023-07-16,98.022,98.022,98.022,98.022
2023-07-14,98.85,98.85,98.212,98.4
2023-07-13,100,100,98.685,98.85
2023-07-12,100.625,100.625,99.101,100
2023-07-11,100.7,100.7,100.184,100.625
2023-07-10,100.451,101,100.451,100.7
2023-07-09,100.451,100.451,100.451,100.451
2023-07-07,101.675,101.675,101,101
2023-07-06,101.875,101.875,101.293,101.675
2023-07-05,101.233,101.875,101.233,101.875
2023-07-04,101.45,101.45,101.065,101.233
2023-07-03,100.948,101.45,100.948,101.45
2023-07-02,100.948,100.948,100.948,100.948
2023-06-30,101.78,101.78,101.375,101.375
2023-06-29,101.6,101.78,100.882,101.78
2023-06-28,101.625,101.625,100.658,101.6
2023-06-27,101.625,101.625,100.726,100.726
2023-06-26,100.837,101.625,100.837,101.625
2023-06-25,100.837,100.837,100.837,100.837
2023-06-23,101.13,101.55,100.655,101.55
2023-06-22,101.1,101.13,100.195,101.13
2023-06-21,101.375,101.375,100.984,101.1
2023-06-20,101.3,101.375,100.882,101.375
2023-06-19,100.561,101.3,100.561,101.3
2023-06-18,100.561,100.561,100.561,100.561
2023-06-16,101.2,101.25,100.662,101.25
2023-06-15,101.95,101.95,101.2,101.2
2023-06-14,104.8,104.8,101.95,101.95
2023-06-13,105,105,102.165,104.8
2023-06-12,102.429,105.05,102.373,105
2023-06-11,102.429,102.429,102.429,102.429
2023-06-09,102.65,102.85,102.271,102.85
2023-06-08,103.5,103.5,102.65,102.65
2023-06-07,103.47,103.5,102.862,103.5
2023-06-06,102.932,103.47,102.888,103.47
2023-06-05,102.801,103.39,102.801,102.932
2023-06-04,102.801,102.801,102.801,102.801
2023-06-02,102.931,103.39,102.429,103.39
2023-06-01,104,104,102.931,102.931
2023-05-31,103.3,104,102.719,104
2023-05-30,102.887,103.325,102.728,103.3
2023-05-29,102.82,102.887,102.753,102.887
2023-05-28,102.82,102.82,102.82,102.82
2023-05-26,103.4,103.4,102.617,103.3
2023-05-25,102.87,103.4,102.563,103.4
2023-05-24,102.85,102.87,102.361,102.87
2023-05-23,102.4,102.85,101.991,102.85
2023-05-22,102.55,102.55,101.863,102.4
2023-05-21,102.55,102.55,102.55,102.55
2023-05-19,102.75,102.75,102.154,102.55
2023-05-18,102.125,102.75,101.709,102.75
2023-05-17,101.211,102.125,101.211,102.125
2023-05-16,101.8,101.8,101.211,101.211
2023-05-15,100.8,102.025,100.8,101.8
2023-05-14,100.8,100.8,100.8,100.8
2023-05-12,101.47,102.025,100.956,102.025
2023-05-11,100.85,101.47,100.301,101.47
2023-05-10,101.125,101.125,100.524,100.85
2023-05-09,100.45,101.125,100.327,101.125
2023-05-08,100.35,100.45,99.803,100.45
2023-05-07,100.35,100.35,100.35,100.35
2023-05-05,100.45,100.45,100.002,100.35
2023-05-04,100.25,100.45,99.547,100.45
2023-05-03,100.65,100.65,99.914,100.25
2023-05-02,100.95,100.95,100.486,100.65
2023-05-01,100.475,100.95,100.19,100.95
2023-04-30,100.475,100.475,100.475,100.475
2023-04-28,100.375,100.475,100.375,100.475
2023-04-27,100.25,100.375,99.824,100.375
2023-04-26,100.85,100.85,99.893,100.25
2023-04-25,99.778,100.85,99.701,100.85
2023-04-24,100.875,100.875,99.778,99.778
2023-04-23,100.875,100.875,100.875,100.875
2023-04-21,100.875,100.875,100.514,100.875
2023-04-20,100.871,101,100.503,100.875
2023-04-19,101,101,100.398,100.871
2023-04-18,100.55,102.35,100.479,101
2023-04-17,99.293,100.55,99.293,100.55
2023-04-16,99.293,99.293,99.293,99.293
2023-04-14,100.225,100.55,99.784,100.55
2023-04-13,100.625,100.625,100.095,100.225
2023-04-12,101.375,101.375,100.625,100.625
2023-04-11,102.15,102.15,100.999,101.375
2023-04-10,100.259,102.15,100.259,102.15
2023-04-09,100.259,100.259,100.259,100.259
2023-04-07,101.078,101.5,100.975,101.5
2023-04-06,101.47,101.47,101.078,101.078
2023-04-05,101.1,101.47,100.809,101.47
2023-04-04,101.62,101.62,101.1,101.1
2023-04-03,101.57,101.62,101.476,101.62
2023-04-02,101.57,101.57,101.57,101.57
2023-03-31,101.525,101.57,101.236,101.57
2023-03-30,102,102,101.365,101.525
2023-03-29,101.728,102,101.528,102
2023-03-28,102.55,102.55,101.728,101.728
2023-03-27,102.771,102.771,102.334,102.55
2023-03-26,102.771,102.771,102.771,102.771
2023-03-24,101.261,102.771,101.261,102.771
2023-03-23,102.124,102.124,101.261,101.261
2023-03-22,102.3,102.3,102.124,102.124
2023-03-21,102.977,102.977,102.3,102.3
2023-03-20,102.277,103.285,102.277,102.977
2023-03-19,102.277,102.277,102.277,102.277
2023-03-17,104.25,104.25,103.721,103.721
2023-03-16,103.25,104.875,103.25,104.25
2023-03-15,103.25,104.259,102.686,104.259
2023-03-14,103.32,103.32,102.798,103.25
2023-03-13,103.613,103.95,103.32,103.32
2023-03-12,103.613,103.613,103.613,103.613
2023-03-10,104.5,104.5,103.618,103.618
2023-03-09,104.65,104.65,104.354,104.5
2023-03-08,103.65,104.65,103.65,104.65
2023-03-07,104.3,104.3,103.177,103.65
2023-03-06,104.3,104.3,103.618,103.618
2023-03-05,104.3,104.3,104.3,104.3
2023-03-03,104.45,104.45,103.909,104.3
2023-03-02,103.65,104.45,103.519,104.45
2023-03-01,104.45,104.45,103.335,103.65
2023-02-28,104.45,104.45,103.912,103.912
2023-02-27,104.166,104.875,104.166,104.45
2023-02-26,104.166,104.166,104.166,104.166
2023-02-24,103.964,104.875,103.964,104.875
2023-02-23,103.71,103.964,103.71,103.964
2023-02-22,103.543,103.71,103.458,103.71
2023-02-21,103.224,104.05,103.224,103.543
2023-02-20,103.186,103.285,103.186,103.224
2023-02-19,102.845,103.186,102.845,103.186
2023-02-17,103.225,103.85,103.225,103.625
2023-02-16,103.183,103.225,102.997,103.225
2023-02-15,103.225,103.65,102.672,103.183
2023-02-14,103.25,103.25,102.494,103.225
2023-02-13,103.027,103.5,103.027,103.25
2023-02-12,103.027,103.027,103.027,103.027
2023-02-10,102.95,103.5,102.728,103.5
2023-02-09,103.15,103.15,102.348,102.95
2023-02-08,103.45,103.45,102.667,103.15
2023-02-07,103.3,103.45,102.653,103.45
2023-02-06,101.829,103.35,101.829,103.3
2023-02-05,101.829,101.829,101.829,101.829
2023-02-03,101.35,101.35,100.885,100.885
2023-02-02,101.375,101.375,100.119,101.35
2023-02-01,101.875,101.875,101.222,101.375
2023-01-31,101.92,101.92,101.554,101.875
2023-01-30,101.407,102,101.168,101.92
2023-01-29,101.407,101.407,101.407,101.407
2023-01-27,101.625,102,101.259,102
2023-01-26,101.45,101.625,100.982,101.625
2023-01-25,101.625,101.625,101.222,101.45
2023-01-24,101.875,101.875,101.336,101.625
2023-01-23,101.842,102.425,101.208,101.875
2023-01-22,101.842,101.842,101.842,101.842
2023-01-20,102.425,102.425,101.755,101.842
2023-01-19,102.55,102.55,101.891,102.425
2023-01-18,102.85,102.85,101.892,102.55
2023-01-17,101.846,102.85,101.846,102.85
2023-01-16,101.641,101.846,101.641,101.846
2023-01-15,101.641,101.641,101.641,101.641
2023-01-13,102.04,102.32,101.583,102.32
2023-01-12,102.875,102.875,102.04,102.04
2023-01-11,103.075,103.075,102.642,102.875
2023-01-10,104.325,104.325,102.704,103.075
2023-01-09,104.325,104.325,103.177,103.177
2023-01-08,104.325,104.325,104.325,104.325
2023-01-06,105.25,105.25,104.325,104.325
2023-01-05,104.46,105.25,103.829,105.25
2023-01-04,103.3,104.675,103.3,104.46
2023-01-03,103.21,104.73,103.21,103.3
2023-01-02,103.3,103.3,103.037,103.21
2023-01-01,103.3,103.3,103.3,103.3
2022-12-30,104.05,104.05,103.292,103.3
2022-12-29,104.25,104.25,103.644,104.05
2022-12-28,103.95,104.25,103.618,104.25
2022-12-27,104.225,104.225,103.515,103.95
2022-12-26,104.225,104.225,103.857,103.857
2022-12-25,104.225,104.225,104.225,104.225
2022-12-23,104.54,104.54,103.878,104.225
2022-12-22,103.34,104.55,103.34,104.54
2022-12-21,104.28,104.28,103.34,103.34
2022-12-20,104.5,104.5,103.663,104.28
2022-12-19,104.028,104.5,103.965,104.5
2022-12-18,104.028,104.028,104.028,104.028
2022-12-16,103.95,104.5,103.606,104.5
2022-12-15,103.85,103.95,103.409,103.95
2022-12-14,104.25,104.25,103.566,103.85
2022-12-13,104.304,105,104.25,104.25
2022-12-12,104.551,104.898,104.304,104.304
2022-12-11,104.551,104.551,104.551,104.551
2022-12-09,104.95,105,104.223,105
2022-12-08,105.375,105.375,104.918,104.95
2022-12-07,104.8,105.85,104.8,105.375
2022-12-06,104.8,104.906,104.8,104.857
2022-12-05,104.641,105.15,104.329,104.8
2022-12-04,104.641,104.641,104.641,104.641
2022-12-02,107.41,107.41,104.71,105.15
2022-12-01,107.41,107.41,105.582,105.582
2022-11-30,107.15,107.41,106.416,107.41
2022-11-29,106.5,107.15,106.303,107.15
2022-11-28,106.375,106.561,105.373,106.5
2022-11-27,106.375,106.375,106.375,106.375
2022-11-25,106.007,106.85,105.929,106.375
2022-11-24,106.85,106.85,105.79,106.007
2022-11-23,107.63,107.63,106.85,106.85
2022-11-22,108.125,108.125,107.418,107.63
2022-11-21,106.85,108.125,106.85,108.125
2022-11-20,106.85,106.85,106.85,106.85
2022-11-18,106.338,107,106.284,106.85
2022-11-17,106.7,107,106.248,107
2022-11-16,106.65,106.7,105.844,106.7
2022-11-15,107.875,107.875,105.968,106.65
2022-11-14,106.305,108.875,106.305,107.875
2022-11-13,106.305,106.305,106.305,106.305
2022-11-11,110.3,110.3,107.122,108.875
2022-11-10,110.3,110.838,110.005,110.838
2022-11-09,109.95,110.3,109.552,110.3
2022-11-08,111.45,111.45,109.95,109.95
2022-11-07,111.236,111.45,110.48,111.45
2022-11-06,111.236,111.236,111.236,111.236
2022-11-04,112.1,113.55,111.45,111.45
2022-11-03,112.1,113.013,112.1,112.1
2022-11-02,111.9,112.1,111.351,112.1
2022-11-01,116.875,116.875,110.97,111.9
2022-10-31,111.35,116.875,110.839,116.875
2022-10-30,111.35,111.35,111.35,111.35
2022-10-28,109.57,111.35,109.57,111.35
2022-10-27,111.15,111.15,109.407,109.57
2022-10-26,111.15,111.15,109.948,109.948
2022-10-25,112.15,112.15,111.15,111.15
2022-10-24,111.824,112.275,111.708,112.15
2022-10-23,111.824,111.824,111.824,111.824
2022-10-21,112.58,113.066,112.45,112.45
2022-10-20,113.125,113.125,112.339,112.58
2022-10-19,112.675,113.125,111.818,113.125
2022-10-18,112.675,112.675,112.053,112.675
2022-10-17,113.69,113.69,112.675,112.675
2022-10-16,113.69,113.69,113.69,113.69
2022-10-14,113.265,113.69,112.878,113.69
2022-10-13,114.15,114.15,113.265,113.265
2022-10-12,113.4,114.15,113.4,114.15
2022-10-11,114.15,114.15,113.4,113.4
2022-10-10,113.196,114.15,113.196,114.15
2022-10-09,113.196,113.196,113.196,113.196
2022-10-07,112.85,112.85,112.484,112.85
2022-10-06,111.508,112.85,111.195,112.85
2022-10-05,112.45,112.45,110.493,111.508
2022-10-04,112.45,112.45,111.526,112.45
2022-10-03,113,113,112.425,112.45
2022-10-02,113,113,113,113
2022-09-30,114.875,114.875,112.227,113
2022-09-29,114.875,114.875,113.53,113.53
2022-09-28,115.25,115.382,114.875,114.875
2022-09-27,113.5,115.25,113.5,115.25
2022-09-26,113.798,115.203,113.5,113.5
2022-09-25,113.798,113.798,113.798,113.798
2022-09-23,112.3,113.001,111,111
2022-09-22,106.3,112.324,106.3,112.3
2022-09-21,110.85,111.214,106.3,106.3
2022-09-20,110.675,110.85,109.89,110.85
2022-09-19,110.094,110.675,11,110.675
2022-09-18,110.094,110.094,110.094,110.094
2022-09-16,110.65,110.675,110.182,110.675
2022-09-15,110.725,110.725,110.437,110.65
2022-09-14,109.17,110.725,109.17,110.725
2022-09-13,109.735,109.735,108.283,109.17
2022-09-12,108.609,110.25,108.609,109.735
2022-09-11,108.609,108.609,108.609,108.609
2022-09-09,110.123,111.6,109.563,110.25
2022-09-08,111.6,111.6,110.123,110.123
2022-09-07,111.6,111.6,111.3,111.3
2022-09-06,111.5,111.6,110.3,111.6
2022-09-05,110.3,111.5,110.3,111.5
2022-09-04,110.3,110.3,110.3,110.3
2022-09-02,111.15,111.15,110.3,110.3
2022-09-01,110.1,111.15,109.996,111.15
2022-08-31,110.375,110.404,109.955,110.1
2022-08-30,110.7,110.7,109.791,110.375
2022-08-29,110.647,111.1,110.487,110.7
2022-08-28,110.647,110.647,110.647,110.647
2022-08-26,110.8,111.1,110.176,111.1
2022-08-25,110.95,110.95,110.365,110.8
2022-08-24,111.116,111.116,110.773,110.95
2022-08-23,110.23,111.116,110.23,111.116
2022-08-22,109.807,110.23,109.807,110.23
2022-08-21,109.807,109.807,109.807,109.807
2022-08-19,109.3,110.23,109.3,110.23
2022-08-18,108.455,109.3,108.228,109.3
2022-08-17,108.65,108.65,108.432,108.455
2022-08-16,108.625,108.803,108.595,108.65
2022-08-15,107.875,108.625,107.403,108.625
2022-08-14,107.875,107.875,107.875,107.875
2022-08-12,107.15,107.875,106.904,107.875
2022-08-11,107.775,107.775,106.648,107.15
2022-08-10,108.35,108.35,107.713,107.775
2022-08-09,108.3,108.35,107.822,108.35
2022-08-08,108.278,108.448,108,108.3
2022-08-07,108.278,108.278,108.278,108.278
2022-08-05,108.595,108.85,107.762,108.85
2022-08-04,109.24,109.24,108.328,108.595
2022-08-03,108.48,109.24,108.153,109.24
2022-08-02,107.675,108.48,107.217,108.48
2022-08-01,104.35,107.885,104.35,107.675
2022-07-31,104.35,104.35,104.35,104.35
2022-07-29,109.05,109.05,104.35,104.35
2022-07-28,109.375,109.375,104.35,109.05
2022-07-27,108.611,109.375,108.47,109.375
2022-07-26,107.709,108.611,107.709,108.611
2022-07-25,107.944,108.281,107.709,107.709
2022-07-24,107.944,107.944,107.944,107.944
2022-07-22,108.178,108.481,108.054,108.481
2022-07-21,108.015,108.242,108.015,108.178
2022-07-20,107.442,108.015,107.442,108.015
2022-07-19,108.562,108.857,107.442,107.442
2022-07-18,109.444,109.444,108.562,108.562
2022-07-17,109.444,109.444,109.444,109.444
2022-07-15,110.096,110.096,109.659,109.659
2022-07-14,109.594,110.096,109.594,110.096
2022-07-13,109.971,109.971,109.594,109.594
2022-07-12,109.226,109.971,109.226,109.971
2022-07-11,108.262,109.226,108.262,109.226
2022-07-10,108.262,108.262,108.262,108.262
2022-07-08,108.195,108.7,108.195,108.349
2022-07-07,108.172,108.236,108.172,108.195
2022-07-06,107.051,108.172,107.051,108.172
2022-07-05,105.483,107.051,105.483,107.051
2022-07-04,105.481,105.676,105.481,105.483
2022-07-03,105.481,105.481,105.481,105.481
2022-07-01,105.994,105.994,105.3,105.481
2022-06-30,104.746,105.994,104.746,105.994
2022-06-29,104.255,104.804,104.255,104.746
2022-06-28,104.35,104.35,104.255,104.255
2022-06-27,104.95,104.95,104.2,104.35
2022-06-26,104.95,104.95,104.95,104.95
2022-06-24,105.25,105.25,104.683,104.95
2022-06-23,104.8,105.25,104.275,105.25
2022-06-22,105.775,105.775,104.795,104.8
2022-06-21,104.739,105.775,104.492,105.775
2022-06-20,105.024,105.066,104.739,104.739
2022-06-19,105.024,105.024,105.024,105.024
2022-06-17,106.031,106.15,104.607,105.7
2022-06-16,106.15,106.15,105.479,106.031
2022-06-15,106.225,106.225,105.166,106.15
2022-06-14,105.27,106.225,105.27,106.225
2022-06-13,104.835,105.371,104.835,105.27
2022-06-12,104.835,104.835,104.835,104.835
2022-06-10,103.875,105.27,103.793,105.27
2022-06-09,102.836,103.875,102.836,103.875
2022-06-08,103.4,103.4,102.836,102.836
2022-06-07,103.375,103.4,103.209,103.4
2022-06-06,102.862,103.375,102.792,103.375
2022-06-05,102.862,102.862,102.862,102.862
2022-06-03,103.18,103.3,102.472,103.3
2022-06-02,104.05,104.05,103.12,103.18
2022-06-01,103.23,104.05,102.783,104.05
2022-05-31,102.292,103.35,102.292,103.23
2022-05-30,103.35,103.35,102.292,102.292
2022-05-29,103.35,103.35,103.35,103.35
2022-05-27,103.3,103.35,102.998,103.35
2022-05-26,103.8,103.8,102.916,103.3
2022-05-25,103.12,103.8,102.831,103.8
2022-05-24,103.52,103.52,103.019,103.12
2022-05-23,104.65,104.65,103.291,103.52
2022-05-22,104.65,104.65,104.65,104.65
2022-05-20,104.55,104.65,104.221,104.65
2022-05-19,104.45,104.794,104.45,104.55
2022-05-18,104.875,104.875,104.45,104.45
2022-05-17,106.325,106.325,99.95,104.875
2022-05-16,106.3,106.325,105.688,106.325
2022-05-15,106.3,106.3,106.3,106.3
2022-05-13,106.65,106.65,106.069,106.3
2022-05-12,105.125,106.65,104.77,106.65
2022-05-11,105.15,105.15,104.488,105.125
2022-05-10,104.875,105.15,104.389,105.15
2022-05-09,104.875,104.875,104.655,104.655
2022-05-08,104.875,104.875,104.875,104.875
2022-05-06,105.33,105.33,104.121,104.121
2022-05-05,105.05,105.33,103.887,105.33
2022-05-04,105.25,105.25,104.688,105.05
2022-05-03,105.15,105.25,104.483,105.25
2022-05-02,104.75,105.15,104.75,105.15
2022-05-01,104.75,104.75,104.75,104.75
2022-04-29,105.4,105.4,104.37,104.75
2022-04-28,103.8,105.4,103.8,105.4
2022-04-27,102.55,104.003,102.55,103.8
2022-04-26,102.1,103.22,102.1,102.55
2022-04-25,102.223,845.125,102.074,102.1
2022-04-24,102.223,102.223,102.223,102.223
2022-04-22,101.745,101.884,101.67,101.67
2022-04-21,101.92,101.92,101.323,101.745
2022-04-20,102.4,102.4,101.583,101.92
2022-04-19,102.15,102.4,102.15,102.4
2022-04-18,102.375,102.375,102.086,102.15
2022-04-17,102.375,102.375,102.375,102.375
2022-04-15,102.58,102.58,102.006,102.375
2022-04-14,102.05,102.58,101.119,102.58
2022-04-13,102.15,102.15,101.792,102.05
2022-04-12,101.625,102.15,101.406,102.15
2022-04-11,101.65,101.65,101.137,101.625
2022-04-10,101.65,101.65,101.65,101.65
2022-04-08,101.5,101.65,101.327,101.65
2022-04-07,101.5,101.5,101.049,101.5
2022-04-06,99.95,101.5,99.95,101.5
2022-04-05,100.85,100.85,99.95,99.95
2022-04-04,99.813,100.85,99.796,100.85
2022-04-03,99.813,99.813,99.813,99.813
2022-04-01,99.95,100.25,99.631,100.25
2022-03-31,99.25,99.95,98.677,99.95
2022-03-30,99.95,99.95,99.077,99.25
2022-03-29,100.625,100.625,99.762,99.95
2022-03-28,100.378,100.675,100.309,100.625
2022-03-27,100.378,100.378,100.378,100.378
2022-03-25,100.55,100.675,100.133,100.675
2022-03-24,100.625,100.625,100.143,100.55
2022-03-23,100.5,100.625,100.005,100.625
2022-03-22,100.25,100.5,99.942,100.5
2022-03-21,100.15,100.25,99.83,100.25
2022-03-20,100.15,100.15,100.15,100.15
2022-03-18,99.55,100.15,99.447,100.15
2022-03-17,100.236,100.5,99.55,99.55
2022-03-16,101.225,101.225,100.236,100.236
2022-03-15,100.875,101.225,100.322,101.225
2022-03-14,101.3,101.3,100.65,100.875
2022-03-13,101.3,101.3,101.3,101.3
2022-03-11,100.65,101.3,99.962,101.3
2022-03-10,101.57,101.57,99.775,100.65
2022-03-09,101.57,101.57,100.532,100.532
2022-03-08,101.675,101.675,101.075,101.57
2022-03-07,100.947,101.675,100.947,101.675
2022-03-06,100.947,100.947,100.947,100.947
2022-03-04,99.642,101.375,99.642,100.943
2022-03-03,99.875,100,99.392,99.642
2022-03-02,98.635,99.875,98.635,99.875
2022-03-01,98.6,98.635,98.6,98.635
2022-02-28,97.857,98.701,97.857,98.6
2022-02-27,97.857,97.857,97.857,97.857
2022-02-25,99.3,99.3,98.36,98.85
2022-02-24,97.8,99.3,97.638,99.3
2022-02-23,97.9,97.9,97.221,97.8
2022-02-22,97.161,97.9,97.161,97.9
2022-02-21,97.7,97.7,97.122,97.161
2022-02-20,97.7,97.7,97.7,97.7
2022-02-18,97.35,97.7,96.997,97.7
2022-02-17,97.4,97.4,96.878,97.35
2022-02-16,97.35,97.4,96.886,97.4
2022-02-15,97.08,97.488,97.08,97.35
2022-02-14,97.156,97.48,97.08,97.08
2022-02-13,97.156,97.156,97.156,97.156
2022-02-11,96.47,97.08,96.47,97.08
2022-02-10,96.65,96.65,96.454,96.47
2022-02-09,96.501,96.95,96.433,96.65
2022-02-08,96.875,96.875,96.425,96.501
2022-02-07,97.4,97.4,96.337,96.875
2022-02-06,97.4,97.4,97.4,97.4
2022-02-04,97.425,97.425,96.092,97.4
2022-02-03,98,98,97.425,97.425
2022-02-02,98.375,98.375,97.444,98
2022-02-01,98.875,98.875,97.824,98.375
2022-01-31,98.898,99.25,98.7,98.875
2022-01-30,98.898,98.898,98.898,98.898
2022-01-28,99.3,99.3,98.913,99.25
2022-01-27,98.225,99.3,98.163,99.3
2022-01-26,98.15,98.225,97.533,98.225
2022-01-25,98,98.15,97.437,98.15
2022-01-24,97.45,98,97.257,98
2022-01-23,97.45,97.45,97.45,97.45
2022-01-21,97.61,97.61,97.347,97.45
2022-01-20,97.6,97.61,97.063,97.61
2022-01-19,97,97.6,97,97.6
2022-01-18,96.596,97,96.559,97
2022-01-17,96.7,96.7,96.596,96.596
2022-01-16,96.7,96.7,96.7,96.7
2022-01-14,96.5,96.7,96.167,96.7
2022-01-13,97,97,96.232,96.5
2022-01-12,97.5,97.5,96.978,97
2022-01-11,98.1,98.1,97.229,97.5
2022-01-10,97.063,98.1,97.063,98.1
2022-01-09,97.063,97.063,97.063,97.063
2022-01-07,96.75,97.574,95.875,97.5
2022-01-06,97.65,97.65,96.75,96.75
2022-01-05,98.15,98.15,97.449,97.65
2022-01-04,97.875,98.15,97.523,98.15
2022-01-03,97.25,97.875,97.075,97.875
2022-01-02,97.25,97.25,97.25,97.25
2021-12-31,97.75,97.75,97.25,97.25
2021-12-30,97.55,97.75,97.187,97.75
2021-12-29,97.9,97.9,97.55,97.55
2021-12-28,97.7,97.9,97.303,97.9
2021-12-27,97.9,97.9,97.42,97.7
2021-12-26,97.9,97.9,97.9,97.9
2021-12-24,97.89,97.9,97.326,97.9
2021-12-23,97.73,97.89,97.22,97.89
2021-12-22,98.2,98.2,97.568,97.73
2021-12-21,98.15,98.2,97.69,98.2
2021-12-20,98.101,98.3,97.833,98.15
2021-12-19,98.101,98.101,98.101,98.101
2021-12-17,97.875,98.3,97.4,98.3
2021-12-16,98.375,98.375,97.53,97.875
2021-12-15,98.2,98.375,97.841,98.375
2021-12-14,98.15,98.2,97.458,98.2
2021-12-13,97.45,98.15,97.45,98.15
2021-12-12,97.45,97.45,97.45,97.45
2021-12-10,97.627,98.375,97.627,97.875
2021-12-09,97.65,98.375,97.28,97.627
2021-12-08,98.375,98.375,97.65,97.65
2021-12-07,98,98.375,97.734,98.375
2021-12-06,97.45,98,97.45,98
2021-12-05,97.45,97.45,97.45,97.45
2021-12-03,97.64,98.2,97.49,98.2
2021-12-02,98.2,98.2,97.269,97.64
2021-12-01,98.2,98.2,97.364,97.364
2021-11-30,98.15,98.2,97.174,98.2
2021-11-29,97.95,98.15,97.657,98.15
2021-11-28,97.95,97.95,97.95,97.95
2021-11-26,98.258,98.875,97.778,97.95
2021-11-25,98.875,98.875,98.258,98.258
2021-11-24,98.15,98.875,98.105,98.875
2021-11-23,98.37,98.375,98.044,98.15
2021-11-22,97.61,98.37,97.5,98.37
2021-11-21,97.61,97.61,97.61,97.61
2021-11-19,97.5,97.61,97.094,97.61
2021-11-18,97.65,97.65,97.198,97.5
2021-11-17,97.57,97.65,97.347,97.65
2021-11-16,96.875,97.57,96.875,97.57
2021-11-15,96.675,96.875,96.329,96.875
2021-11-14,96.675,96.675,96.675,96.675
2021-11-12,96.104,96.675,96.104,96.675
2021-11-11,95.42,96.104,95.42,96.104
2021-11-10,95.42,95.47,95.121,95.47
2021-11-09,95.5,95.5,95.216,95.42
2021-11-08,95.75,95.75,95.228,95.5
2021-11-07,95.75,95.75,95.75,95.75
2021-11-05,95.875,95.875,95.464,95.75
2021-11-04,95.375,95.875,95.024,95.875
2021-11-03,95.5,95.625,95.153,95.375
2021-11-02,95.7,95.7,95.043,95.5
2021-11-01,94.7,95.7,94.7,95.7
2021-10-31,94.7,94.7,94.7,94.7
2021-10-29,94.7,94.7,94.372,94.648
2021-10-28,95.3,95.3,94.7,94.7
2021-10-27,95.375,95.375,95.036,95.3
2021-10-26,95.3,95.375,94.868,95.375
2021-10-25,94.686,95.3,94.681,95.3
2021-10-24,94.686,94.686,94.686,94.686
2021-10-22,95.1,95.3,94.709,95.3
2021-10-21,95.15,95.15,94.594,95.1
2021-10-20,95,95.15,94.775,95.15
2021-10-19,95.35,95.35,94.575,95
2021-10-18,95.46,95.46,95.118,95.35
2021-10-17,95.46,95.46,95.46,95.46
2021-10-15,95.49,95.49,94.99,95.46
2021-10-14,95.375,95.69,94.949,95.49
2021-10-13,95.65,95.65,95.375,95.375
2021-10-12,95.342,95.65,95.342,95.65
2021-10-11,95.308,95.342,95.264,95.342
2021-10-10,95.308,95.308,95.308,95.308
2021-10-08,95.8,95.8,95.375,95.65
2021-10-07,95.419,95.875,95.365,95.8
2021-10-06,95.5,95.875,95.107,95.419
2021-10-05,95.3,95.5,94.961,95.5
2021-10-04,95.45,95.45,94.881,95.3
2021-10-03,95.45,95.45,95.45,95.45
2021-10-01,95.45,95.45,95.179,95.35
2021-09-30,94.85,95.45,94.85,95.45
2021-09-29,94.85,94.85,94.394,94.586
2021-09-28,94.6,94.85,94.333,94.85
2021-09-27,94.55,94.6,94.1,94.6
2021-09-26,94.55,94.55,94.55,94.55
2021-09-24,94.3,94.55,93.873,94.55
2021-09-23,94.4,94.4,94.138,94.3
2021-09-22,94.35,94.45,93.987,94.4
2021-09-21,94.35,94.35,2,2
2021-09-20,94.375,94.375,94.053,94.35
2021-09-19,94.375,94.375,94.375,94.375
2021-09-17,94.15,94.375,93.635,94.375
2021-09-16,93.6,94.15,93.292,94.15
2021-09-15,93.59,93.6,93.219,93.6
2021-09-14,93.65,93.65,93.37,93.59
2021-09-13,93.188,93.65,93.188,93.65
2021-09-12,93.188,93.188,93.188,93.188
2021-09-10,93.214,93.214,93.188,93.188
2021-09-09,93.294,93.294,93.214,93.214
2021-09-08,92.866,93.294,92.866,93.294
2021-09-07,92.931,92.931,92.866,92.866
2021-09-06,92.872,92.931,92.83,92.931
2021-09-05,92.872,92.872,92.872,92.872
2021-09-03,93.035,93.035,92.799,92.872
2021-09-02,93.29,93.29,93.035,93.035
2021-09-01,93.107,93.426,93.107,93.29
2021-08-31,93.479,93.479,93.107,93.107
2021-08-30,93.766,93.766,93.405,93.479
2021-08-29,93.766,93.766,93.766,93.766
2021-08-27,94.15,94.15,93.766,93.766
2021-08-26,94.2,94.2,93.642,94.15
2021-08-25,94.2,94.25,93.884,94.25
2021-08-24,94.3,94.3,93.92,94.2
2021-08-23,94.268,94.625,94.031,94.3
2021-08-22,94.268,94.268,94.268,94.268
2021-08-20,94.267,94.85,94.267,94.625
2021-08-19,94.143,94.267,94.143,94.267
2021-08-18,93.715,94.143,93.715,94.143
2021-08-17,93.592,93.736,93.592,93.715
2021-08-16,93.836,93.836,93.48,93.592
2021-08-15,93.836,93.836,93.836,93.836
2021-08-13,93.938,93.952,93.836,93.836
2021-08-12,94.151,94.151,93.92,93.938
2021-08-11,94.054,94.151,94.054,94.151
2021-08-10,93.795,94.054,93.795,94.054
2021-08-09,93.74,93.831,93.74,93.795
2021-08-08,93.74,93.74,93.74,93.74
2021-08-06,93.375,93.404,93.238,93.404
2021-08-05,93.15,93.375,93.097,93.375
2021-08-04,92.754,93.15,92.754,93.15
2021-08-03,93.25,93.25,92.754,92.754
2021-08-02,92.643,93.75,92.643,93.25
2021-08-01,92.643,92.643,92.643,92.643
2021-07-30,92.869,92.869,92.643,92.643
2021-07-29,93.75,93.75,92.869,92.869
2021-07-28,94.225,94.225,93.328,93.75
2021-07-27,94.25,94.25,93.382,94.225
2021-07-26,93.673,94.25,93.518,94.25
2021-07-25,93.673,93.673,93.673,93.673
2021-07-23,94.21,94.21,93.615,94.15
2021-07-22,93.75,94.21,93.539,94.21
2021-07-21,94,94,93.603,93.75
2021-07-20,93.47,94,93.47,94
2021-07-19,93.402,93.75,93.402,93.47
2021-07-18,93.402,93.402,93.402,93.402
2021-07-16,93.625,93.625,93.352,93.435
2021-07-15,93.625,93.625,93.18,93.6
2021-07-14,93.75,93.75,93.419,93.625
2021-07-13,93.25,93.75,93.117,93.75
2021-07-12,92.839,93.3,92.839,93.25
2021-07-11,92.839,92.839,92.839,92.839
2021-07-09,93.375,93.375,92.978,93.3
2021-07-08,93.63,93.63,93.091,93.375
2021-07-07,93.63,93.63,93.271,93.271
2021-07-06,92.829,93.63,92.829,93.63
2021-07-05,92.933,92.975,92.829,92.829
2021-07-04,92.933,92.933,92.933,92.933
2021-07-02,93.44,93.45,93.206,93.45
2021-07-01,93.35,93.44,92.927,93.44
2021-06-30,94.5,94.5,92.777,93.35
2021-06-29,95.85,95.85,92.639,94.5
2021-06-28,92.336,95.875,92.336,95.85
2021-06-27,92.393,92.393,92.336,92.336
2021-06-25,92.7,92.81,92.313,92.81
2021-06-24,92.58,92.7,92.299,92.7
2021-06-23,92.93,92.93,92.311,92.58
2021-06-22,92.97,92.97,92.597,92.93
2021-06-21,92.675,92.97,92.675,92.97
2021-06-20,92.675,92.675,92.675,92.675
2021-06-18,92.675,93.25,92.553,93.25
2021-06-17,91.375,92.675,91.375,92.675
2021-06-16,91.55,91.55,90.955,91.375
2021-06-15,91.38,91.55,90.98,91.55
2021-06-14,90.875,91.38,90.875,91.38
2021-06-13,90.875,90.875,90.875,90.875
2021-06-11,90.9,91.45,90.542,90.875
2021-06-10,90.6,90.9,90.598,90.9
2021-06-09,90.875,90.875,90.437,90.6
2021-06-08,90.8,90.875,90.513,90.875
2021-06-07,91.03,91.03,90.623,90.8
2021-06-06,91.03,91.03,91.03,91.03
2021-06-04,91.35,91.35,90.927,91.03
2021-06-03,90.65,91.35,90.29,91.35
2021-06-02,90.375,90.65,90.234,90.65
2021-06-01,90.462,91.07,90.158,90.375
2021-05-31,91.07,91.07,90.437,90.462
2021-05-30,91.07,91.07,91.07,91.07
2021-05-28,90.85,91.07,90.496,91.07
2021-05-27,90.45,90.85,90.349,90.85
2021-05-26,90.375,90.45,90.047,90.45
2021-05-25,90.6,90.875,89.984,90.375
2021-05-24,90.875,90.875,90.288,90.6
2021-05-23,90.875,90.875,90.875,90.875
2021-05-21,90.6,90.875,90.257,90.875
2021-05-20,90.55,90.65,90.383,90.6
2021-05-19,90.65,90.65,90.355,90.55
2021-05-18,91.175,91.175,90.32,90.65
2021-05-17,91.31,91.6,90.643,91.175
2021-05-16,91.31,91.31,91.31,91.31
2021-05-14,91.6,91.6,91.016,91.31
2021-05-13,91.49,91.6,91.263,91.6
2021-05-12,90.749,91.49,90.749,91.49
2021-05-11,91.15,91.155,90.66,90.749
2021-05-10,90.654,91.2,90.654,91.15
2021-05-09,90.654,90.654,90.654,90.654
2021-05-07,91.7,92.34,91.2,91.2
2021-05-06,92.34,92.34,91.576,91.7
2021-05-05,92.05,92.34,91.731,92.34
2021-05-04,91.86,92.05,91.46,92.05
2021-05-03,91.735,91.95,91.449,91.86
2021-05-02,91.735,91.735,91.735,91.735
2021-04-30,91.4,91.95,90.959,91.95
2021-04-29,91.45,91.45,90.817,91.4
2021-04-28,91.55,91.55,91.291,91.45
2021-04-27,91.5,91.55,91.274,91.55
2021-04-26,91.15,91.8,91.15,91.5
2021-04-25,91.15,91.15,91.15,91.15
2021-04-23,91.9,91.9,91.472,91.8
2021-04-22,92.2,92.2,91.464,91.9
2021-04-21,92.07,92.2,91.814,92.2
2021-04-20,92.15,92.15,91.49,92.07
2021-04-19,92.063,92.26,91.549,92.15
2021-04-18,92.079,92.079,92.063,92.063
2021-04-16,92.375,92.4,91.973,92.4
2021-04-15,92.575,92.575,92.146,92.375
2021-04-14,92.8,92.8,92.25,92.575
2021-04-13,92.9,92.9,92.724,92.8
2021-04-12,93.5,93.5,92.594,92.9
2021-04-11,93.5,93.5,93.5,93.5
2021-04-09,92.953,92.953,92.513,92.724
2021-04-08,92.92,92.953,92.92,92.953
2021-04-07,93.386,93.386,92.762,92.762
2021-04-06,93.847,93.847,93.333,93.386
2021-04-05,94.05,94.05,93.727,93.847
2021-04-04,94.05,94.05,94.05,94.05
2021-04-02,94.05,94.1,93.655,94.1
2021-04-01,94.3,94.3,93.96,94.05
2021-03-31,94.375,94.375,93.952,94.3
2021-03-30,94.05,94.375,93.68,94.375
2021-03-29,94.025,94.05,93.598,94.05
2021-03-28,94.025,94.025,94.025,94.025
2021-03-26,94.05,94.05,93.57,94.025
2021-03-25,93.59,94.05,93.347,94.05
2021-03-24,93.3,93.59,92.65,93.59
2021-03-23,92.65,93.3,92.427,93.3
2021-03-22,92.757,93.1,20.45,92.65
2021-03-21,93.1,93.1,92.757,92.757
2021-03-19,92.95,93.15,92.584,93.1
2021-03-18,93.07,93.07,92.306,92.95
2021-03-17,92.9,93.07,92.684,93.07
2021-03-16,92.65,92.9,92.3,92.9
2021-03-15,92.247,92.65,92.247,92.65
2021-03-14,92.247,92.247,92.247,92.247
2021-03-12,92.6,92.65,92.489,92.65
2021-03-11,93.15,93.15,92.177,92.6
2021-03-10,93.2,93.35,92.727,93.15
2021-03-09,93.35,93.35,92.635,93.2
2021-03-08,93,93.375,92.444,93.35
2021-03-07,93,93,93,93
2021-03-05,92.4,93,92.18,93
2021-03-04,91.875,92.4,91.419,92.4
2021-03-03,91.9,91.9,91.192,91.875
2021-03-02,91.75,91.9,91.651,91.9
2021-03-01,91.05,91.75,91.05,91.75
2021-02-28,91.05,91.05,91.05,91.05
2021-02-26,90.134,91.05,90.134,91.05
2021-02-25,91.38,91.38,90.134,90.134
2021-02-24,91.175,91.38,90.635,91.38
2021-02-23,91.225,91.225,90.548,91.175
2021-02-22,90.991,91.25,90.85,91.225
2021-02-21,90.991,90.991,90.991,90.991
2021-02-19,91.625,91.625,90.847,91.25
2021-02-18,92.1,92.1,91.37,91.625
2021-02-17,91.4,92.1,91.178,92.1
2021-02-16,90.929,91.4,90.634,91.4
2021-02-15,91.35,91.35,90.914,90.929
2021-02-14,91.35,91.35,91.35,91.35
2021-02-12,91.3,91.375,90.927,91.35
2021-02-11,91.31,91.31,90.913,91.3
2021-02-10,91.48,91.48,90.993,91.31
2021-02-09,91.65,91.65,91.112,91.48
2021-02-08,92.15,92.15,91.6,91.65
2021-02-07,92.15,92.15,92.15,92.15
2021-02-05,92.475,92.475,91.75,92.15
2021-02-04,92.21,92.475,91.614,92.475
2021-02-03,91.75,92.21,91.526,92.21
2021-02-02,91.75,91.75,91.245,91.631
2021-02-01,91.125,91.75,90.937,91.75
2021-01-31,91.125,91.125,91.125,91.125
2021-01-29,91.5,91.5,90.816,91.125
2021-01-28,91.5,91.5,91.112,91.112
2021-01-27,91,91.5,90.671,91.5
2021-01-26,91.4,91.4,90.791,91
2021-01-25,91,91.4,90.641,91.4
2021-01-24,91,91,91,91
2021-01-22,91.15,91.405,90.583,91
2021-01-21,91.405,91.405,90.773,91.15
2021-01-20,91.3,91.405,90.821,91.405
2021-01-19,91.409,91.409,90.942,91.3
2021-01-18,91.283,91.409,91.265,91.409
2021-01-17,91.283,91.283,91.283,91.283
2021-01-15,91.27,91.5,90.744,91.5
2021-01-14,91.04,91.27,90.63,91.27
2021-01-13,91.04,91.04,90.248,90.635
2021-01-12,91.15,91.15,90.723,91.04
2021-01-11,90.196,91.15,90.196,91.15
2021-01-10,90.196,90.196,90.196,90.196
2021-01-08,90.37,90.5,90.006,90.5
2021-01-07,90.25,90.37,89.425,90.37
2021-01-06,90.35,90.55,89.31,90.25
2021-01-05,90.125,90.55,89.836,90.35
2021-01-04,90.274,90.274,89.657,90.125
2021-01-03,90.274,90.274,90.274,90.274
2021-01-01,90.55,90.55,90.274,90.274
2020-12-31,90.05,90.55,89.598,90.55
2020-12-30,90.375,90.375,89.711,90.05
2020-12-29,90.4,90.575,90.008,90.375
2020-12-28,90.455,90.575,90.34,90.4
2020-12-27,90.455,90.455,90.455,90.455
2020-12-25,90.7,90.7,90.455,90.455
2020-12-24,90.625,90.7,90.32,90.7
2020-12-23,91.05,91.05,90.447,90.625
2020-12-22,90.375,91.05,90.077,91.05
2020-12-21,90.375,90.625,90.318,90.625
2020-12-20,90.375,90.375,90.375,90.375
2020-12-18,90.25,90.695,89.947,90.375
2020-12-17,90.695,90.695,90.112,90.25
2020-12-16,91.15,91.19,90.432,90.695
2020-12-15,91.2,91.2,90.683,91.15
2020-12-14,91.38,91.38,90.734,91.2
2020-12-13,91.38,91.38,91.38,91.38
2020-12-11,91.375,91.38,90.71,91.38
2020-12-10,91.625,91.625,91.243,91.375
2020-12-09,91.35,91.625,91.008,91.625
2020-12-08,91.2,91.35,91.02,91.35
2020-12-07,91.2,91.2,90.868,91.069
2020-12-06,91.2,91.2,91.2,91.2
2020-12-04,91.05,91.375,90.622,91.2
2020-12-03,91.375,91.375,90.93,91.05
2020-12-02,91.95,92.25,91.316,91.375
2020-12-01,92.25,92.276,91.95,91.95
2020-11-30,92.82,92.82,91.999,92.25
2020-11-29,92.82,92.82,92.82,92.82
2020-11-27,92.649,93,92.48,92.82
2020-11-26,93,93,92.454,92.649
2020-11-25,93.35,93.35,92.672,93
2020-11-24,93.25,93.375,92.915,93.35
2020-11-23,93.375,93.375,92.662,93.25
2020-11-22,93.375,93.375,93.375,93.375
2020-11-20,93.51,93.51,92.841,93.375
2020-11-19,93.3,93.51,93.107,93.51
2020-11-18,93.35,93.35,92.917,93.3
2020-11-17,93.45,93.45,92.853,93.35
2020-11-16,93.4,93.6,93.055,93.45
2020-11-15,93.4,93.4,93.4,93.4
2020-11-13,93.775,93.775,93.349,93.55
2020-11-12,93.719,93.775,93.367,93.775
2020-11-11,93.625,93.719,93.228,93.719
2020-11-10,93.625,93.625,93.254,93.5
2020-11-09,93.3,93.625,92.756,93.625
2020-11-08,93.3,93.3,93.3,93.3
2020-11-06,93.965,93.965,92.791,93.3
2020-11-05,94.48,94.48,93.368,93.965
2020-11-04,94.56,94.56,94.135,94.48
2020-11-03,95.05,95.05,94.175,94.56
2020-11-02,94.65,95.05,94.649,95.05
2020-11-01,94.65,94.65,94.65,94.65
2020-10-30,94.49,94.65,94.373,94.65
2020-10-29,94.25,94.65,93.783,94.49
2020-10-28,93.63,94.25,93.602,94.25
2020-10-27,93.63,93.63,93.222,93.222
2020-10-26,93.4,93.63,93.133,93.63
2020-10-25,93.4,93.4,93.4,93.4
2020-10-23,94.065,94.065,93.095,93.4
2020-10-22,93.2,94.45,93.083,94.065
2020-10-21,94,94.5,92.96,93.2
2020-10-20,94.5,94.5,93.338,94
2020-10-19,94.5,94.5,93.708,94.05
2020-10-18,94.5,94.5,94.5,94.5
2020-10-16,94.675,94.675,94.077,94.5
2020-10-15,94.15,94.675,93.853,94.675
2020-10-14,94.3,94.3,93.87,94.15
2020-10-13,93.481,94.3,93.448,94.3
2020-10-12,93.625,93.625,93.346,93.481
2020-10-11,93.625,93.625,93.625,93.625
2020-10-09,94.05,94.05,93.433,93.625
2020-10-08,93.702,94.25,93.702,94.05
2020-10-07,94,94.18,93.702,93.702
2020-10-06,94.05,94.05,93.511,94
2020-10-05,94.45,94.45,93.798,94.05
2020-10-04,94.45,94.45,94.45,94.45
2020-10-02,94.5,94.5,93.965,94.45
2020-10-01,94.6,94.6,93.823,94.5
2020-09-30,94.875,94.875,93.946,94.6
2020-09-29,94.875,94.875,94.203,94.375
2020-09-28,95.25,95.25,94.556,94.875
2020-09-27,95.25,95.25,95.25,95.25
2020-09-25,94.677,95.25,94.502,95.25
2020-09-24,94.3,94.677,94.3,94.677
2020-09-23,94.57,94.57,94.177,94.3
2020-09-22,94.3,94.57,93.696,94.57
2020-09-21,93.5,94.3,92.962,94.3
2020-09-20,93.5,93.5,93.5,93.5
2020-09-18,93.625,93.625,93.02,93.5
2020-09-17,93.47,93.626,93.47,93.625
2020-09-16,93.3,93.47,92.897,93.47
2020-09-15,93.35,93.35,92.691,93.3
2020-09-14,93.65,93.65,92.879,93.35
2020-09-13,93.65,93.65,93.65,93.65
2020-09-11,93.14,93.65,92.967,93.65
2020-09-10,93.53,93.53,93.14,93.14
2020-09-09,93.86,93.86,93.53,93.53
2020-09-08,93.294,93.86,93.294,93.86
2020-09-07,93.35,93.35,93.163,93.294
2020-09-06,93.35,93.35,93.35,93.35
2020-09-04,93.55,93.65,93.026,93.35
2020-09-03,92.949,93.55,92.949,93.55
2020-09-02,91.95,92.949,91.95,92.949
2020-09-01,92.423,92.423,91.95,91.95
2020-08-31,92.629,92.629,92.423,92.423
2020-08-30,92.629,92.629,92.629,92.629
2020-08-28,93.415,93.415,92.629,92.629
2020-08-27,93.31,93.493,93.129,93.415
2020-08-26,93.22,93.31,93.204,93.31
2020-08-25,93.211,93.452,93.211,93.22
2020-08-24,93.468,93.483,93.211,93.211
2020-08-23,93.468,93.468,93.468,93.468
2020-08-21,93.193,93.468,92.852,93.468
2020-08-20,92.338,93.193,92.338,93.193
2020-08-19,92.411,92.411,92.292,92.338
2020-08-18,93.35,93.35,92.411,92.411
2020-08-17,93.347,93.35,93.047,93.35
2020-08-16,93.347,93.347,93.347,93.347
2020-08-14,93.35,93.367,93.347,93.347
2020-08-13,93.89,93.89,93.082,93.35
2020-08-12,94.1,94.1,93.647,93.89
2020-08-11,94.3,94.3,93.575,94.1
2020-08-10,93.533,94.3,93.498,94.3
2020-08-09,93.533,93.533,93.533,93.533
2020-08-07,93.6,94.37,92.851,94.37
2020-08-06,93.15,94.37,92.825,93.6
2020-08-05,94.37,94.37,93.15,93.15
2020-08-04,94.17,94.37,93.706,94.37
2020-08-03,93.85,94.32,93.802,94.17
2020-08-02,93.85,93.85,93.85,93.85
2020-07-31,93.95,93.95,92.937,93.85
2020-07-30,94.15,94.375,93.606,93.95
2020-07-29,94.375,94.375,93.828,94.15
2020-07-28,95.441,95.441,93.713,94.375
2020-07-27,95.56,100.35,94.051,95.441
2020-07-26,95.56,95.56,95.56,95.56
2020-07-24,95.55,95.56,94.943,95.56
2020-07-23,95.56,95.56,95.208,95.55
2020-07-22,96.04,96.04,95.29,95.56
2020-07-21,96.7,96.7,96.04,96.04
2020-07-20,96.8,97.15,96.185,96.7
2020-07-19,96.8,96.8,96.8,96.8
2020-07-17,96.78,97.15,96.496,96.8
2020-07-16,96.85,97.15,96.599,96.78
2020-07-15,97.25,97.25,96.351,96.85
2020-07-14,97.575,97.575,96.978,97.25
2020-07-13,97.623,97.65,97.329,97.575
2020-07-12,97.623,97.623,97.623,97.623
2020-07-10,97.875,97.875,97.584,97.65
2020-07-09,97.625,98.04,97.287,97.875
2020-07-08,97.9,97.9,97.625,97.625
2020-07-07,97.8,97.95,97.343,97.9
2020-07-06,98.45,98.45,97.614,97.8
2020-07-05,98.45,98.45,98.45,98.45
2020-07-03,98.25,98.45,98.094,98.45
2020-07-02,98.4,98.4,97.774,98.25
2020-07-01,98.65,98.65,98.087,98.4
2020-06-30,98.225,98.65,98.114,98.65
2020-06-29,98.45,98.45,97.774,98.225
2020-06-28,98.45,98.45,98.45,98.45
2020-06-26,98.625,98.625,98.184,98.45
2020-06-25,98.375,98.65,97.962,98.625
2020-06-24,98.45,98.45,97.43,98.375
2020-06-23,98.45,98.45,97.5,97.9
2020-06-22,99.125,99.125,98.25,98.45
2020-06-21,99.125,99.125,99.125,99.125
2020-06-19,98.69,99.125,98.25,99.125
2020-06-18,98.67,98.69,98.25,98.69
2020-06-17,98.17,98.67,97.863,98.67
2020-06-16,98.25,98.25,97.29,98.17
2020-06-15,98.4,98.4,98.046,98.25
2020-06-14,98.4,98.4,98.4,98.4
2020-06-12,97.18,98.425,97.18,98.4
2020-06-11,97.41,97.725,96.835,97.18
2020-06-10,97.725,97.725,96.993,97.41
2020-06-09,98.05,98.05,97.544,97.725
2020-06-08,98.15,98.15,97.597,98.05
2020-06-07,98.15,98.15,98.15,98.15
2020-06-05,97.6,98.05,97.29,98.05
2020-06-04,98.48,98.48,97.6,97.6
2020-06-03,99.05,99.05,98.436,98.48
2020-06-02,99.46,99.46,98.768,99.05
2020-06-01,99.5,99.5,99.151,99.46
2020-05-31,99.5,99.5,99.5,99.5
2020-05-29,99.95,99.95,99.019,99.5
2020-05-28,100.6,101,99.95,99.95
2020-05-27,100.8,101,100.051,100.6
2020-05-26,101.175,101.175,100.641,100.8
2020-05-25,101.25,101.25,101.147,101.175
2020-05-24,101.25,101.25,101.25,101.25
2020-05-22,101,101.59,100.721,101.25
2020-05-21,101.225,101.225,100.372,101
2020-05-20,101.25,101.25,100.634,101.225
2020-05-19,101.54,101.54,100.563,101.25
2020-05-18,102.15,102.15,101.54,101.54
2020-05-17,102.15,102.15,102.15,102.15
2020-05-15,102.55,102.55,101.96,102.15
2020-05-14,102.15,102.55,101.897,102.55
2020-05-13,101.99,102.15,101.514,102.15
2020-05-12,102.25,102.25,101.75,101.99
2020-05-11,102,102.65,101.677,102.25
2020-05-10,102,102,102,102
2020-05-08,102.65,102.65,101.643,102
2020-05-07,102.3,102.65,102.152,102.65
2020-05-06,102.1,102.3,101.742,102.3
2020-05-05,101.5,102.1,101.061,102.1
2020-05-04,100.75,101.5,100.713,101.5
2020-05-03,100.75,100.75,100.75,100.75
2020-05-01,101.15,101.15,100.65,100.75
2020-04-30,101.65,101.65,101.15,101.15
2020-04-29,102.23,102.55,101.65,101.65
2020-04-28,102.28,102.55,101.343,102.23
2020-04-27,102.55,102.55,101.642,102.28
2020-04-26,102.55,102.55,102.55,102.55
2020-04-24,102.6,102.6,102.256,102.55
2020-04-23,102.3,102.6,101.989,102.6
2020-04-22,102.05,102.3,101.438,102.3
2020-04-21,101.7,102.05,101.563,102.05
2020-04-20,101.393,101.75,101.393,101.7
2020-04-19,101.393,101.393,101.393,101.393
2020-04-17,101.7,101.75,101.504,101.75
2020-04-16,101.8,101.8,101.289,101.7
2020-04-15,101.45,101.8,100.365,101.8
2020-04-14,101.45,101.45,100.712,101.05
2020-04-13,101.15,101.45,100.664,101.45
2020-04-12,101.15,101.15,101.15,101.15
2020-04-10,101.3,101.3,100.942,101.15
2020-04-09,101.65,101.65,101.3,101.3
2020-04-08,102.55,102.55,101.444,101.65
2020-04-07,102.55,102.55,101.387,101.387
2020-04-06,102.46,102.55,101.964,102.55
2020-04-05,102.46,102.46,102.46,102.46
2020-04-03,101.875,102.099,101.35,101.35
2020-04-02,101.35,101.875,100.764,101.875
2020-04-01,100.65,101.35,99.948,101.35
2020-03-31,100.35,100.893,100.112,100.65
2020-03-30,99.115,101.05,99.115,100.35
2020-03-29,99.115,99.115,99.115,99.115
2020-03-27,100.95,101.05,99.967,101.05
2020-03-26,101.65,101.65,100.787,100.95
2020-03-25,102.5,102.5,101.65,101.65
2020-03-24,103,103.1,101.814,102.5
2020-03-23,103.1,103.1,102.436,103
2020-03-22,103.1,103.1,103.1,103.1
2020-03-20,103.55,103.55,102.749,103.1
2020-03-19,101.1,103.55,101.083,103.55
2020-03-18,100.046,101.1,100.046,101.1
2020-03-17,99.375,100.75,98.717,100.046
2020-03-16,99.65,99.65,98.492,99.375
2020-03-15,99.65,99.65,99.65,99.65
2020-03-13,97.8,99.65,97.8,99.65
2020-03-12,97.922,98.019,97.412,97.8
2020-03-11,97.25,97.922,97.191,97.922
2020-03-10,97.25,97.43,96.665,97.43
2020-03-09,98.875,98.875,96.47,97.25
2020-03-08,98.875,98.875,98.875,98.875
2020-03-06,99.35,99.35,97.358,98.875
2020-03-05,99.725,99.725,98.543,99.35
2020-03-04,99.25,99.725,98.746,99.725
2020-03-03,100.9,100.9,99.059,99.25
2020-03-02,100.9,100.9,99.105,99.105
2020-03-01,100.9,100.9,100.9,100.9
2020-02-28,100.8,100.9,100.255,100.9
2020-02-27,101.65,101.65,100.74,100.8
2020-02-26,101.65,101.9,101.234,101.9
2020-02-25,101.9,102.15,101.544,101.65
2020-02-24,102.49,102.49,101.826,101.9
2020-02-23,102.49,102.49,102.49,102.49
2020-02-21,102.3,102.49,102.087,102.49
2020-02-20,102.52,102.52,102.095,102.3
2020-02-19,102.35,102.52,102.071,102.52
2020-02-18,102.2,102.35,101.84,102.35
2020-02-17,101.95,102.2,101.716,102.2
2020-02-16,101.95,101.95,101.95,101.95
2020-02-14,102.15,102.15,101.748,101.95
2020-02-13,101.61,102.15,101.398,102.15
2020-02-12,101.525,101.61,100.989,101.61
2020-02-11,101.35,101.525,101.033,101.525
2020-02-10,101.05,101.35,100.65,101.35
2020-02-09,101.05,101.05,101.05,101.05
2020-02-07,100.65,101.05,100.397,101.05
2020-02-06,100.6,100.65,100.253,100.65
2020-02-05,100.25,100.6,99.874,100.6
2020-02-04,99.662,100.25,99.662,100.25
2020-02-03,100.15,100.15,99.485,99.662
2020-02-02,100.15,100.15,100.15,100.15
2020-01-31,100.5,100.5,99.892,100.175
2020-01-30,100.6,100.6,100.039,100.5
2020-01-29,100.45,100.65,100.091,100.6
2020-01-28,100.35,100.6,100.06,100.45
2020-01-27,100.45,100.45,99.918,100.35
2020-01-26,100.45,100.45,100.45,100.45
2020-01-24,100.05,100.45,99.65,100.45
2020-01-23,99.65,100.05,99.405,100.05
2020-01-22,99.65,99.65,99.504,99.515
2020-01-21,99.875,99.875,99.283,99.65
2020-01-20,99.221,99.875,99.15,99.875
2020-01-19,99.221,99.221,99.221,99.221
2020-01-17,99.375,99.375,99.005,99.221
2020-01-16,99.15,99.375,98.79,99.375
2020-01-15,99.5,99.5,98.881,99.15
2020-01-14,99.45,99.5,99.006,99.5
2020-01-13,99.159,99.55,99.148,99.45
2020-01-12,99.159,99.159,99.159,99.159
2020-01-10,99.6,99.6,99.273,99.55
2020-01-09,99.55,99.65,99.217,99.6
2020-01-08,99.3,99.55,98.811,99.55
2020-01-07,98.95,99.3,98.54,99.3
2020-01-06,99.3,99.3,98.461,98.95
2020-01-05,99.3,99.3,99.3,99.3
2020-01-03,98.95,99.3,98.65,99.3
2020-01-02,98.711,98.95,98.292,98.95
2020-01-01,98.65,98.711,98.65,98.711
2019-12-31,98.8,98.8,98.184,98.65
2019-12-30,99.13,99.13,98.531,98.8
2019-12-29,99.13,99.13,99.13,99.13
2019-12-27,99.7,99.7,98.91,99.13
2019-12-26,99.472,99.85,99.433,99.7
2019-12-25,99.85,99.85,99.472,99.472
2019-12-24,99.8,99.85,99.42,99.85
2019-12-23,99.75,99.8,99.515,99.8
2019-12-22,99.75,99.75,99.75,99.75
2019-12-20,99.55,99.75,99.164,99.75
2019-12-19,99.55,99.55,99.053,99.053
2019-12-18,98.876,99.55,98.876,99.55
2019-12-17,99.85,99.85,98.804,98.876
2019-12-16,99.25,99.85,98.932,99.85
2019-12-15,99.25,99.25,99.25,99.25
2019-12-13,99.625,99.625,98.64,99.25
2019-12-12,99.75,99.75,99.004,99.625
2019-12-11,99.95,99.95,99.411,99.75
2019-12-10,100,100,99.507,99.95
2019-12-09,100.15,100.15,99.574,100
2019-12-08,100.15,100.15,100.15,100.15
2019-12-06,99.61,100.15,99.305,100.15
2019-12-05,99.9,99.9,99.398,99.61
2019-12-04,99.875,99.9,99.498,99.9
2019-12-03,100.15,100.15,99.562,99.875
2019-12-02,100.076,100.55,100.054,100.15
2019-12-01,100.076,100.076,100.076,100.076
2019-11-29,100.228,101.025,100.145,101.025
2019-11-28,100.7,100.7,100.18,100.228
2019-11-27,100.15,101,100.079,100.7
2019-11-26,100.375,100.375,100.091,100.15
2019-11-25,100.15,100.375,100.029,100.375
2019-11-24,100.15,100.15,100.15,100.15
2019-11-22,99.9,100.15,99.642,100.15
2019-11-21,99.95,99.95,99.486,99.9
2019-11-20,99.526,100.2,99.526,99.95
2019-11-19,99.95,99.95,99.526,99.526
2019-11-18,99.776,99.95,99.677,99.95
2019-11-17,99.776,99.776,99.776,99.776
2019-11-15,100.4,100.4,99.966,100.2
2019-11-14,100.196,100.4,100.182,100.4
2019-11-13,100.45,100.53,100.151,100.196
2019-11-12,100.4,100.45,99.928,100.45
2019-11-11,100.3,100.4,99.906,100.4
2019-11-10,100.3,100.3,100.3,100.3
2019-11-08,100,100.3,99.811,100.3
2019-11-07,99.885,100,99.544,100
2019-11-06,99.75,99.885,99.496,99.885
2019-11-05,99.375,99.75,99.067,99.75
2019-11-04,98.841,99.425,98.737,99.375
2019-11-03,98.841,98.841,98.841,98.841
2019-11-01,99.425,99.425,98.841,98.841
2019-10-31,99.58,99.58,98.782,99.425
2019-10-30,99.63,99.63,99.227,99.58
2019-10-29,99.65,99.65,99.357,99.63
2019-10-28,99.65,99.65,99.342,99.342
2019-10-27,99.65,99.65,99.65,99.65
2019-10-25,99.55,99.675,99.217,99.65
2019-10-24,99.4,99.55,99.05,99.55
2019-10-23,99.375,99.5,99.079,99.4
2019-10-22,99.15,99.375,98.877,99.375
2019-10-21,99.35,99.35,98.77,99.15
2019-10-20,99.35,99.35,99.35,99.35
2019-10-18,99.52,99.52,99.064,99.35
2019-10-17,100.25,100.25,99.146,99.52
2019-10-16,100.35,100.35,99.929,100.25
2019-10-15,99.986,100.6,99.986,100.35
2019-10-14,99.986,99.986,99.986,99.986
2019-10-11,100.375,100.375,99.89,100.3
2019-10-10,100.65,100.65,100.01,100.375
2019-10-09,100.55,100.65,100.42,100.65
2019-10-08,100.5,100.55,100.31,100.55
2019-10-07,100.5,100.5,100.5,100.5
2019-10-04,101,101,100.39,100.85
2019-10-03,100.61,101,100.58,101
2019-10-02,100.86,100.98,100.59,100.61
2019-10-01,101.17,101.52,100.84,100.86
2019-09-30,100.79,101.375,100.77,101.17
2019-09-29,100.79,100.79,100.79,100.79
2019-09-27,101,101.25,100.8,100.94
2019-09-26,101.125,101.125,100.69,101
2019-09-25,100.6,101.125,100.119,101.125
2019-09-24,100.031,101.15,100.031,100.6
2019-09-23,99.853,100.575,99.853,100.031
2019-09-22,99.853,99.853,99.853,99.853
2019-09-20,99.793,100.45,99.793,99.853
2019-09-19,100.4,100.4,99.672,99.793
2019-09-18,99.865,100.4,99.576,100.4
2019-09-17,100.45,100.45,99.811,99.865
2019-09-16,99.827,100.45,99.494,100.45
2019-09-15,99.827,99.827,99.827,99.827
2019-09-13,100.077,100.6,99.391,99.827
2019-09-12,100.6,100.6,100.077,100.077
2019-09-11,99.769,100.625,99.769,100.6
2019-09-10,99.823,100.25,99.743,99.769
2019-09-09,99.052,100.25,99.052,99.823
2019-09-08,99.052,99.052,99.052,99.052
2019-09-06,100.43,100.43,99.875,100.127
2019-09-05,100.6,100.6,99.751,100.43
2019-09-04,100.72,100.88,100.086,100.6
2019-09-03,100.42,100.81,100.42,100.72
2019-09-02,100.65,100.65,100.33,100.42
2019-09-01,100.65,100.65,100.65,100.65
2019-08-30,100.15,100.375,99.71,100.281
2019-08-29,99.6,100.185,99.472,100.15
2019-08-28,99.629,99.685,99.418,99.6
2019-08-27,99.65,99.65,99.278,99.629
2019-08-26,98.101,99.65,98.101,99.65
2019-08-25,98.101,98.101,98.101,98.101
2019-08-23,99.54,99.745,99.489,99.745
2019-08-22,99.315,99.54,99.315,99.54
2019-08-21,99.509,99.509,99.315,99.315
2019-08-20,99.49,99.511,99.49,99.509
2019-08-19,99.535,99.535,99.284,99.35
2019-08-18,99.535,99.535,99.535,99.535
2019-08-16,98.896,99.535,98.896,99.535
2019-08-15,98.609,98.956,98.609,98.896
2019-08-14,98.314,98.662,98.314,98.609
2019-08-13,98.446,98.446,98.31,98.314
2019-08-12,98.75,98.75,98.392,98.446
2019-08-11,98.75,98.75,98.75,98.75
2019-08-09,98.815,98.815,98.442,98.781
2019-08-08,98.8,98.825,98.419,98.815
2019-08-07,98.85,98.85,98.407,98.8
2019-08-06,98.85,99,98.094,98.641
2019-08-05,99.6,99.6,98.691,98.85
2019-08-04,99.6,99.6,99.6,99.6
2019-08-02,99.299,99.652,99.299,99.6
2019-08-01,99.002,99.959,99.002,99.299
2019-07-31,99.25,99.3,98.822,99.002
2019-07-30,99.134,99.4,98.927,99.25
2019-07-29,99.45,99.45,99.075,99.134
2019-07-28,99.45,99.45,99.45,99.45
2019-07-26,99.3,99.45,98.947,99.45
2019-07-25,99.259,99.6,98.97,99.3
2019-07-24,98.618,99.295,98.618,99.259
2019-07-23,98.223,98.62,98.223,98.618
2019-07-22,98.162,98.299,98.162,98.223
2019-07-21,98.162,98.162,98.162,98.162
2019-07-19,98.095,98.632,97.923,98.615
2019-07-18,98.023,98.63,98.023,98.095
2019-07-17,98.65,98.65,97.99,98.023
2019-07-16,97.901,98.65,97.897,98.65
2019-07-15,97.877,98.257,97.79,97.901
2019-07-14,97.877,97.877,97.877,97.877
2019-07-12,97.877,98.4,97.877,98.4
2019-07-11,97.877,98.75,97.794,98.3
2019-07-10,97.877,98.75,97.877,98.75
2019-07-09,97.877,98.75,97.877,98.75
2019-07-08,97.877,98.6,97.877,98.6
2019-07-07,97.877,97.877,97.877,97.877
2019-07-05,97.718,98.6,97.71,97.877
2019-07-04,97.966,97.966,97.683,97.718
2019-07-03,97.666,98.05,97.6,97.966
2019-07-02,97.666,98.05,97.593,97.666
2019-07-01,97.35,97.666,97.073,97.666
2019-06-30,97.35,97.35,97.35,97.35
2019-06-28,97.322,97.35,96.88,97.35
2019-06-27,97.3,97.35,96.936,97.322
2019-06-26,97.243,97.45,96.988,97.3
2019-06-25,97.476,97.476,96.668,97.243
2019-06-24,97.801,97.963,96.768,97.476
2019-06-23,97.801,97.801,97.801,97.801
2019-06-21,98.136,98.136,97.518,97.801
2019-06-20,98.678,98.678,97.545,98.136
2019-06-19,98.691,99.025,98.404,98.678
2019-06-18,98.14,99.025,98.14,98.691
2019-06-17,98.127,98.5,98.127,98.14
2019-06-16,98.127,98.127,98.127,98.127
2019-06-14,98.225,98.501,97.763,98.501
2019-06-13,97.878,98.225,97.648,98.225
2019-06-12,97.6,97.88,97.337,97.878
2019-06-11,97.721,97.912,97.423,97.6
2019-06-10,98.415,98.415,97.428,97.721
2019-06-09,98.415,98.415,98.415,98.415
2019-06-07,98.73,98.73,97.794,98.58
2019-06-06,98.148,98.73,98.144,98.73
2019-06-05,98.837,98.837,97.933,98.148
2019-06-04,98.994,98.994,97.92,98.837
2019-06-03,98.469,99.2,98.469,98.994
2019-06-02,98.469,98.469,98.469,98.469
2019-05-31,99.425,99.425,98.965,99.15
2019-05-30,99.5,99.504,98.997,99.425
2019-05-29,98.771,99.5,98.74,99.5
2019-05-28,98.424,99,98.424,98.771
2019-05-27,98.398,98.424,98.398,98.424
2019-05-26,98.398,98.398,98.398,98.398
2019-05-24,99.05,99.05,98.589,98.991
2019-05-23,98.866,99.399,98.849,99.05
2019-05-22,99.262,99.302,98.727,98.866
2019-05-21,99.198,99.265,98.743,99.262
2019-05-20,99.15,99.24,98.768,99.198
2019-05-19,99.15,99.15,99.15,99.15
2019-05-17,99.1,99.201,98.692,99.15
2019-05-16,98.782,99.1,98.387,99.1
2019-05-15,98.706,98.789,98.424,98.782
2019-05-14,98.45,98.709,98.132,98.706
2019-05-13,98.434,98.45,98.127,98.45
2019-05-12,98.434,98.434,98.434,98.434
2019-05-10,98.55,98.6,98.173,98.434
2019-05-09,98.811,98.811,98.478,98.55
2019-05-08,98.902,98.902,98.429,98.811
2019-05-07,98.905,98.95,98.445,98.902
2019-05-06,98.927,98.95,98.47,98.905
2019-05-05,98.927,98.927,98.927,98.927
2019-05-03,98.7,98.938,98.671,98.927
2019-05-02,98.7,98.7,98.402,98.404
2019-05-01,98.7,98.7,98.314,98.314
2019-04-30,99.288,99.288,98.357,98.7
2019-04-29,98.777,99.3,98.777,99.288
2019-04-28,98.777,98.777,98.777,98.777
2019-04-26,99.106,99.351,99.028,99.3
2019-04-25,98.762,99.35,98.762,99.106
2019-04-24,98.524,98.875,98.243,98.762
2019-04-23,98.226,98.65,97.941,98.524
2019-04-22,98.3,98.3,98.057,98.226
2019-04-21,98.3,98.3,98.3,98.3
2019-04-19,98.397,98.4,98.146,98.3
2019-04-18,98.007,98.4,97.613,98.397
2019-04-17,98.07,98.07,97.515,98.007
2019-04-16,97.882,98.07,97.537,98.07
2019-04-15,97.416,97.9,97.416,97.882
2019-04-14,97.416,97.416,97.416,97.416
2019-04-12,97.944,98.118,97.428,98.029
2019-04-11,98.316,98.316,97.779,97.944
2019-04-10,98.25,98.375,97.799,98.316
2019-04-09,98.399,98.399,97.774,98.25
2019-04-08,98.59,98.59,98.076,98.399
2019-04-07,98.59,98.59,98.59,98.59
2019-04-05,98.482,98.65,98.197,98.59
2019-04-04,98.398,98.535,98.066,98.482
2019-04-03,98.768,98.768,98.079,98.398
2019-04-02,98.56,98.799,98.41,98.768
2019-04-01,98.586,98.625,98.215,98.56
2019-03-31,98.586,98.586,98.586,98.586
2019-03-29,98.471,98.625,98.174,98.586
2019-03-28,98.118,98.625,98.022,98.471
2019-03-27,97.815,98.25,97.761,98.118
2019-03-26,97.625,98,97.429,97.815
2019-03-25,97.407,97.661,97.407,97.625
2019-03-24,97.407,97.407,97.407,97.407
2019-03-22,97.3,97.875,96.971,97.875
2019-03-21,97.179,97.38,96.453,97.3
2019-03-20,97.215,97.45,97.043,97.179
2019-03-19,97.274,97.709,97.097,97.215
2019-03-18,97.698,97.799,97.081,97.274
2019-03-17,97.698,97.698,97.698,97.698
2019-03-15,97.85,97.851,97.437,97.698
2019-03-14,97.65,97.983,97.345,97.85
2019-03-13,98.092,98.15,97.548,97.65
2019-03-12,98.177,98.4,97.944,98.092
2019-03-11,98.109,98.5,98.088,98.177
2019-03-10,98.109,98.109,98.109,98.109
2019-03-08,98.002,98.534,97.936,98.399
2019-03-07,97.95,98.3,97.468,98.002
2019-03-06,97.875,97.95,97.545,97.95
2019-03-05,97.475,97.875,97.286,97.875
2019-03-04,97.25,97.487,96.991,97.475
2019-03-03,97.25,97.25,97.25,97.25
2019-03-01,97.239,97.25,96.851,97.25
2019-02-28,97.375,97.375,96.579,97.239
2019-02-27,97.2,97.375,96.791,97.375
2019-02-26,97.495,97.521,97.04,97.2
2019-02-25,97.227,97.52,97.038,97.495
2019-02-24,97.227,97.227,97.227,97.227
2019-02-22,97.518,97.56,97.246,97.423
2019-02-21,97.621,97.707,97.117,97.518
2019-02-20,97.625,97.905,97.154,97.621
2019-02-19,97.802,98.101,97.537,97.625
2019-02-18,98.1,98.1,97.334,97.802
2019-02-17,98.1,98.1,98.1,98.1
2019-02-15,97.875,98.375,97.647,98.1
2019-02-14,97.605,97.95,97.604,97.875
2019-02-13,97.8,98.375,97.347,97.605
2019-02-12,97.408,97.875,97.408,97.8
2019-02-11,97.278,97.6,97.278,97.408
2019-02-10,97.278,97.278,97.278,97.278
2019-02-08,97.202,97.6,97.202,97.6
2019-02-07,96.932,97.375,96.899,97.202
2019-02-06,96.95,96.95,96.671,96.932
2019-02-05,96.589,97,96.424,96.95
2019-02-04,96.4,96.6,96.263,96.589
2019-02-03,96.4,96.4,96.4,96.4
2019-02-01,96.345,96.897,96.17,96.423
2019-01-31,96.875,99.2,95.988,96.345
2019-01-30,96.905,96.906,96.415,96.875
2019-01-29,97.3,97.3,96.457,96.905
2019-01-28,96.724,97.3,96.626,97.3
2019-01-27,96.724,96.724,96.724,96.724
2019-01-25,97.875,97.88,96.95,96.95
2019-01-24,97.3,97.875,96.833,97.875
2019-01-23,97.467,97.467,97.032,97.3
2019-01-22,97.044,97.49,96.997,97.467
2019-01-21,92.125,97.044,92.125,97.044
2019-01-20,92.125,92.125,92.125,92.125
2019-01-18,96.95,96.999,92.125,92.125
2019-01-17,97.001,97.003,96.711,96.95
2019-01-16,96.875,97.003,96.489,97.001
2019-01-15,96.502,97.15,96.08,96.875
2019-01-14,96.076,96.52,96.075,96.502
2019-01-13,96.076,96.076,96.076,96.076
2019-01-11,96.015,96.385,95.613,96.076
2019-01-10,96.285,96.285,95.422,96.015
2019-01-09,96.454,96.454,96.255,96.285
2019-01-08,96.42,96.465,96.109,96.454
2019-01-07,97.352,97.352,96.109,96.42
2019-01-06,97.352,97.352,97.352,97.352
2019-01-04,97.15,97.55,96.64,97.352
2019-01-03,97.188,97.399,97.15,97.15
2019-01-02,96.455,97.189,96.254,97.188
2019-01-01,96.572,96.572,96.05,96.455
2018-12-31,96.593,96.6,96.327,96.572
2018-12-30,96.593,96.593,96.593,96.593
2018-12-28,96.881,96.888,96.192,96.593
2018-12-27,97.25,97.25,96.774,96.881
2018-12-26,96.885,97.25,96.687,97.25
2018-12-25,96.927,96.927,96.622,96.885
2018-12-24,96.85,96.93,96.796,96.927
2018-12-23,96.85,96.85,96.85,96.85
2018-12-21,96.775,96.85,96.293,96.85
2018-12-20,97.125,97.125,96.211,96.775
2018-12-19,97.25,97.512,96.714,97.125
2018-12-18,97.53,97.625,96.789,97.25
2018-12-17,98.15,98.15,97.159,97.53
2018-12-16,98.15,98.15,98.15,98.15
2018-12-14,97.35,98.1,97.065,97.746
2018-12-13,97.3,97.352,96.884,97.35
2018-12-12,97.75,97.76,97.29,97.3
2018-12-11,97.3,97.75,96.766,97.75
2018-12-10,97.175,97.3,96.604,97.3
2018-12-09,97.175,97.175,97.175,97.175
2018-12-07,97.24,97.516,96.905,97.175
2018-12-06,97.618,97.618,97.167,97.24
2018-12-05,97.65,97.651,97.13,97.618
2018-12-04,97.397,97.65,96.771,97.65
2018-12-03,97.433,97.67,97.262,97.397
2018-12-02,97.433,97.433,97.433,97.433
2018-11-30,97.224,97.261,96.826,97.17
2018-11-29,97.3,98.07,96.974,97.224
2018-11-28,97.499,98.1,97.3,97.3
2018-11-27,97.5,97.5,97.3,97.499
2018-11-26,97.218,97.5,97.054,97.5
2018-11-25,97.218,97.218,97.218,97.218
2018-11-23,96.605,97.55,96.605,97.55
2018-11-22,97.119,97.119,96.59,96.605
2018-11-21,97.118,97.12,96.706,97.119
2018-11-20,96.65,97.119,96.309,97.118
2018-11-19,96.554,96.724,96.554,96.65
2018-11-18,96.554,96.554,96.554,96.554
2018-11-16,97.822,97.822,96.875,97.291
2018-11-15,97.882,97.882,97.415,97.822
2018-11-14,98.02,98.02,97.547,97.882
2018-11-13,97.356,98.211,97.356,98.02
2018-11-12,97.172,97.874,97.172,97.356
2018-11-11,97.172,97.172,97.172,97.172
2018-11-09,96.71,97.188,96.609,97.172
2018-11-08,96.549,96.875,96.446,96.71
2018-11-07,96.95,96.95,96.039,96.549
2018-11-06,97.126,97.156,96.63,96.95
2018-11-05,97.238,97.249,96.776,97.126
2018-11-04,97.238,97.238,97.238,97.238
2018-11-02,97.2,97.379,96.327,97.238
2018-11-01,97.7,97.7,96.757,97.2
2018-10-31,97.55,97.75,97.217,97.7
2018-10-30,97.41,97.55,96.928,97.55
2018-10-29,96.707,97.49,96.707,97.41
2018-10-28,97.368,97.368,96.707,96.707
2018-10-26,97.25,97.49,96.94,97.368
2018-10-25,97.05,97.25,96.697,97.25
2018-10-24,96.125,97.15,96.125,97.05
2018-10-23,96.5,96.521,96.167,96.521
2018-10-22,96.313,96.5,95.794,96.5
2018-10-21,96.313,96.313,96.313,96.313
2018-10-19,95.399,96.38,95.399,96.313
2018-10-18,95.595,95.882,95.399,95.399
2018-10-17,95.399,95.613,95.253,95.595
2018-10-16,95.32,95.4,95.199,95.399
2018-10-15,95.724,95.724,95.11,95.32
2018-10-14,95.724,95.724,95.724,95.724
2018-10-12,95.749,95.75,95.146,95.724
2018-10-11,96.365,96.365,95.283,95.749
2018-10-10,96.523,96.619,95.857,96.365
2018-10-09,96.1,96.62,95.939,96.523
2018-10-08,95.6,96.129,95.6,96.1
2018-10-07,95.6,95.6,95.6,95.6
2018-10-05,96.125,96.15,95.743,96.15
2018-10-04,95.811,96.125,95.8,96.125
2018-10-03,95.623,95.85,95.471,95.811
2018-10-02,95.45,95.681,95.247,95.623
2018-10-01,95.098,95.45,94.983,95.45
2018-09-30,95.098,95.098,95.098,95.098
2018-09-28,94.535,95.249,94.535,95.098
2018-09-27,94.096,94.549,93.878,94.535
2018-09-26,93.9,94.29,93.744,94.096
2018-09-25,93.846,94.15,93.826,93.9
2018-09-24,93.691,94.149,93.691,93.846
2018-09-23,93.691,93.691,93.691,93.691
2018-09-21,94.398,94.398,93.641,94.213
2018-09-20,94.4,94.465,94.116,94.398
2018-09-19,94.506,94.549,94.328,94.4
2018-09-18,95.1,95.1,94.355,94.506
2018-09-17,95.2,95.2,94.591,95.1
2018-09-16,95.2,95.2,95.2,95.2
2018-09-14,95.499,95.499,94.234,95.2
2018-09-13,95.479,95.499,94.805,95.499
2018-09-12,95.178,95.499,95.099,95.479
2018-09-11,95.45,95.502,95.114,95.178
2018-09-10,94.912,95.45,94.912,95.45
2018-09-09,94.912,94.912,94.912,94.912
2018-09-07,94.825,94.912,94.825,94.912
2018-09-06,95.117,95.117,94.77,94.825
2018-09-05,95.43,95.43,95.116,95.117
2018-09-04,95.007,95.43,94.948,95.43
2018-09-03,95.076,95.076,94.932,95.007
2018-09-02,94.547,94.547,94.547,94.547
2018-08-31,94.526,94.547,94.526,94.547
2018-08-30,94.66,94.666,94.178,94.285
2018-08-29,94.751,94.751,94.308,94.66
2018-08-28,94.848,94.848,94.256,94.751
2018-08-27,94.858,94.935,94.693,94.848
2018-08-26,94.858,94.858,94.858,94.858
2018-08-24,95.9,95.9,94.819,94.858
2018-08-23,95.709,95.9,95.176,95.9
2018-08-22,95.263,95.92,95.102,95.709
2018-08-21,96.4,96.4,95.725,95.834
2018-08-20,96.407,97.033,96.4,96.4
2018-08-17,97.3,97.398,96.808,97.182
2018-08-16,97.45,97.45,96.984,97.3
2018-08-15,97.55,97.55,97.184,97.45
2018-08-14,97.182,97.55,96.719,97.55
2018-08-13,95.422,97.27,95.422,97.182
2018-08-12,95.422,95.422,95.422,95.422
2018-08-10,95.425,96.198,95.42,95.422
2018-08-09,95.29,95.65,94.979,95.425
2018-08-08,95.45,95.45,95.039,95.29
2018-08-07,95.8,95.8,95.079,95.45
2018-08-06,95.317,95.8,95.317,95.8
2018-08-05,95.317,95.317,95.317,95.317
2018-08-03,95.061,95.318,95.061,95.317
2018-08-02,94.9,95.22,94.543,95.061
2018-08-01,94.625,94.9,94.338,94.9
2018-07-31,94.56,94.625,93.95,94.625
2018-07-30,94.578,94.578,94.45,94.56
2018-07-29,94.83,94.83,94.83,94.83
2018-07-27,94.159,94.832,94.159,94.83
2018-07-26,94.295,94.295,93.946,94.159
2018-07-25,94.23,94.37,94.23,94.294
2018-07-24,94.003,94.298,94.003,94.23
2018-07-23,94.003,94.005,93.927,94.003
2018-07-22,94.003,94.003,94.003,94.003
2018-07-20,95.217,95.217,94.45,94.45
2018-07-19,95,95.375,94.696,95.217
2018-07-18,94.875,95.125,94.616,95
2018-07-17,94.55,94.875,94.123,94.875
2018-07-16,94.647,94.88,94.09,94.55
2018-07-15,94.647,94.647,94.647,94.647
2018-07-13,94.55,94.838,94.535,94.647
2018-07-12,94.397,94.75,93.965,94.55
2018-07-11,93.964,94.625,93.964,94.397
2018-07-10,93.85,93.964,93.799,93.964
2018-07-09,93.811,93.85,93.624,93.85
2018-07-08,93.811,93.811,93.811,93.811
2018-07-06,94.648,94.65,94.2,94.2
2018-07-05,94.748,94.748,94.327,94.648
2018-07-04,94.9,94.9,94.572,94.748
2018-07-03,95.125,95.125,94.66,94.9
2018-07-02,95.6,95.6,94.421,95.125
2018-07-01,95.6,95.6,95.6,95.6
2018-06-29,95.6,95.6,94.668,95
2018-06-28,95.65,95.65,95.148,95.6
2018-06-27,95.15,95.65,94.658,95.65
2018-06-26,94.761,95.15,94.232,95.15
2018-06-25,94.95,94.95,94.535,94.761
2018-06-24,94.95,94.95,94.95,94.95
2018-06-22,95.28,95.28,94.698,94.95
2018-06-21,95.507,95.579,95.243,95.28
2018-06-20,95.55,95.55,95.148,95.503
2018-06-19,95.315,95.55,94.807,95.55
2018-06-18,95.3,95.32,95.002,95.315
2018-06-17,95.3,95.3,95.3,95.3
2018-06-15,94.85,95.359,94.85,95.299
2018-06-14,93.875,94.85,93.249,94.85
2018-06-13,94.19,94.19,93.761,93.875
2018-06-12,93.521,94.19,93.521,94.19
2018-06-11,93.592,93.592,93.521,93.521
2018-06-10,93.592,93.592,93.592,93.592
2018-06-08,93.65,94.08,93.502,93.92
2018-06-07,94.08,94.08,93.226,93.65
2018-06-06,94.5,94.5,93.707,94.08
2018-06-05,94.625,94.9,94.245,94.5
2018-06-04,94.514,94.688,94.055,94.625
2018-06-01,94.55,94.875,94.185,94.656
2018-05-31,95.25,95.25,94.426,94.55
2018-05-30,95.2,95.578,94.766,95.25
2018-05-29,94.477,95.5,94.477,95.2
2018-05-28,95.05,95.05,94.337,94.476
2018-05-27,95.05,95.05,95.05,95.05
2018-05-25,94.244,94.85,94.063,94.799
2018-05-24,94.499,94.499,94.09,94.249
2018-05-23,93.882,94.499,93.543,94.499
2018-05-22,93.9,93.9,93.342,93.88
2018-05-21,93.725,93.9,93.575,93.9
2018-05-20,93.52,93.52,93.52,93.52
2018-05-18,93.529,93.607,93.521,93.604
2018-05-17,93.559,93.559,93.327,93.527
2018-05-16,93.576,93.576,93.269,93.558
2018-05-15,92.263,93.578,92.263,93.578
2018-05-14,92.191,92.375,91.984,92.263
2018-05-13,92.191,92.191,92.191,92.191
2018-05-11,92.8,92.8,92.38,92.649
2018-05-10,92.715,93.172,92.715,92.8
2018-05-09,93.5,93.5,92.585,92.715
2018-05-08,92.186,93.5,92.186,93.5
2018-05-07,92.06,92.8,92.06,92.186
2018-05-06,92.06,92.06,92.06,92.06
2018-05-04,92.35,92.749,91.969,92.749
2018-05-03,92.65,92.65,92.055,92.35
2018-05-02,91.829,92.65,91.829,92.65
2018-05-01,91.515,91.829,91.277,91.829
2018-04-30,91.3,91.6,90.959,91.516
2018-04-29,91.3,91.3,91.3,91.3
2018-04-27,91.5,91.5,91.062,91.3
2018-04-26,90.85,91.5,90.526,91.5
2018-04-25,90.6,90.85,90.089,90.85
2018-04-24,90.5,90.6,90.29,90.6
2018-04-23,89.555,90.5,89.555,90.5
2018-04-22,89.555,89.555,89.555,89.555
2018-04-20,89.9,90.13,89.335,90.13
2018-04-19,89.45,89.9,89.076,89.9
2018-04-18,89.4,89.45,89.083,89.45
2018-04-17,89.45,89.625,89.043,89.4
2018-04-16,89.65,89.65,89.16,89.45
2018-04-15,89.65,89.65,89.65,89.65
2018-04-13,89.8,89.8,89.441,89.65
2018-04-12,89.42,89.9,89.125,89.8
2018-04-11,89.85,89.85,89.094,89.42
2018-04-10,89.483,89.9,89.439,89.85
2018-04-09,90.08,90.45,89.483,89.483
2018-04-08,90.08,90.08,90.08,90.08
2018-04-06,90.45,90.45,90.017,90.08
2018-04-05,89.95,90.45,89.744,90.45
2018-04-04,90.2,90.2,89.757,89.95
2018-04-03,89.85,90.2,89.703,90.2
2018-04-02,89.425,89.875,89.425,89.85
2018-04-01,89.425,89.425,89.425,89.425
2018-03-30,89.9,89.9,89.503,89.875
2018-03-29,89.6,89.9,89.497,89.9
2018-03-28,89.1,89.6,88.864,89.6
2018-03-27,88.8,89.1,88.522,89.1
2018-03-26,89.252,89.66,88.8,88.8
2018-03-25,89.229,89.229,89.229,89.229
2018-03-23,89.577,89.675,89.301,89.675
2018-03-22,89.675,89.675,89.155,89.577
2018-03-21,90.17,90.17,89.675,89.675
2018-03-20,89.875,90.17,89.343,90.17
2018-03-19,90.05,90.05,89.486,89.875
2018-03-18,90.05,90.05,90.05,90.05
2018-03-16,89.85,90.125,89.473,90.05
2018-03-15,89.52,89.85,89.057,89.85
2018-03-14,89.375,89.54,88.964,89.52
2018-03-13,89.75,89.75,89.25,89.375
2018-03-12,89.8,89.9,89.494,89.75
2018-03-11,89.8,89.8,89.8,89.8
2018-03-09,89.95,89.95,89.575,89.75
2018-03-08,89.05,89.95,88.868,89.95
2018-03-07,89.15,89.15,88.789,89.05
2018-03-06,89.75,89.75,88.965,89.15
2018-03-05,89.725,89.875,89.413,89.75
2018-03-04,89.725,89.725,89.725,89.725
2018-03-02,90.73,90.73,89.6,89.725
2018-03-01,90.75,90.8,90.46,90.73
2018-02-28,90.5,90.8,90.15,90.75
2018-02-27,90.25,90.5,89.41,90.5
2018-02-26,89.686,90.25,89.396,90.25
2018-02-25,89.686,89.686,89.686,89.686
2018-02-23,89.66,89.9,89.455,89.9
2018-02-22,90.05,90.05,89.66,89.66
2018-02-21,89.68,90.05,89.386,90.05
2018-02-20,88.75,89.68,88.75,89.68
2018-02-19,88.79,88.986,88.75,88.75
2018-02-18,88.79,88.79,88.79,88.79
2018-02-16,88.7,88.845,88.174,88.79
2018-02-15,88.9,88.9,88.379,88.7
2018-02-14,89.55,89.55,88.9,88.9
2018-02-13,90.26,90.26,89.33,89.55
2018-02-12,90.375,90.4,89.917,90.26
2018-02-11,90.375,90.375,90.375,90.375
2018-02-09,90.4,90.4,89.977,90.376
2018-02-08,90.25,90.4,89.848,90.4
2018-02-07,89.875,90.25,89.02,90.25
2018-02-06,89.25,89.875,89.043,89.875
2018-02-05,88.875,89.25,88.518,89.25
2018-02-04,88.875,88.875,88.875,88.875
2018-02-02,88.5,88.95,88.152,88.95
2018-02-01,89.15,89.15,88.5,88.5
2018-01-31,89.3,89.3,88.428,89.15
2018-01-30,89.55,89.55,88.741,89.3
2018-01-29,89.1,89.55,88.731,89.55
2018-01-28,89.1,89.1,89.1,89.1
2018-01-26,88.55,89.15,88.55,89.15
2018-01-25,89.29,89.29,88.51,88.55
2018-01-24,90.125,90.125,89.14,89.29
2018-01-23,90.3,90.3,89.885,90.125
2018-01-22,90.203,90.45,89.98,90.3
2018-01-21,90.203,90.203,90.203,90.203
2018-01-19,90.08,90.55,89.935,90.45
2018-01-18,90.496,90.6,90.071,90.08
2018-01-17,89.928,90.6,89.619,90.496
2018-01-16,89.893,90.6,89.893,89.928
2018-01-15,90.359,90.452,89.893,89.893
2018-01-14,90.359,90.359,90.359,90.359
2018-01-12,91.615,91.9,90.875,90.875
2018-01-11,92.276,98.245,91.615,91.615
2018-01-10,92.371,92.6,91.807,92.276
2018-01-09,92.122,92.85,92.104,92.371
2018-01-08,91.657,92.45,91.561,92.122
2018-01-07,91.657,91.657,91.657,91.657
2018-01-05,91.358,92.1,91.293,92
2018-01-04,92.1,92.1,91.358,91.358
2018-01-03,91.459,92.575,91.435,92.1
2018-01-02,91.774,91.9,91.411,91.459
2018-01-01,91.852,91.853,91.774,91.774
2017-12-31,91.852,91.852,91.852,91.852
2017-12-29,92.351,92.6,91.951,92.2
2017-12-28,92.687,93.05,92.351,92.351
2017-12-27,92.984,93.1,92.687,92.687
2017-12-26,92.873,93.4,92.873,92.984
2017-12-25,92.953,93.07,92.862,92.873
2017-12-24,92.953,92.953,92.953,92.953
2017-12-22,92.911,93.4,92.911,93.4
2017-12-21,92.877,93.4,92.857,92.911
2017-12-20,93.133,93.45,92.877,92.877
2017-12-19,93.85,93.85,93.133,93.133
2017-12-18,93.849,94.09,93.375,93.85
2017-12-17,93.849,93.849,93.849,93.849
2017-12-15,93.658,94.09,93.483,94.09
2017-12-14,93.237,93.83,93.131,93.658
2017-12-13,93.934,94.1,93.237,93.237
2017-12-12,93.663,94.5,93.637,93.934
2017-12-11,93.65,93.92,93.503,93.663
2017-12-10,93.65,93.65,93.65,93.65
2017-12-08,93.631,93.959,93.631,93.75
2017-12-07,93.425,93.92,93.425,93.631
2017-12-06,93.234,93.825,93.234,93.425
2017-12-05,92.918,93.45,92.888,93.234
2017-12-04,92.681,93.3,92.681,92.918
2017-12-03,92.681,92.681,92.681,92.681
2017-12-01,92.717,93.15,92.588,92.9
2017-11-30,93.044,93.625,92.717,92.717
2017-11-29,93.076,93.625,93.044,93.044
2017-11-28,92.656,93.15,92.594,93.076
2017-11-27,92.412,92.875,92.371,92.656
2017-11-26,92.412,92.412,92.412,92.412
2017-11-24,93.055,93.107,92.675,92.675
2017-11-23,93.29,93.338,93.055,93.055
2017-11-22,93.959,94.2,93.29,93.29
2017-11-21,93.967,94.25,93.897,93.959
2017-11-20,93.513,94.15,93.513,93.967
2017-11-19,93.513,93.513,93.513,93.513
2017-11-17,93.674,93.9,93.488,93.8
2017-11-16,93.637,93.95,93.584,93.674
2017-11-15,93.444,93.875,93.115,93.637
2017-11-14,94.526,94.875,93.444,93.444
2017-11-13,94.528,94.95,94.526,94.526
2017-11-12,94.528,94.528,94.528,94.528
2017-11-10,94.721,95.05,94.628,94.95
2017-11-09,95.101,95.45,94.721,94.721
2017-11-08,95.159,95.47,95.093,95.101
2017-11-07,94.943,95.5,94.943,95.159
2017-11-06,94.996,95.375,94.943,94.943
2017-11-05,94.996,94.996,94.996,94.996
2017-11-03,94.583,95.375,94.583,95.375
2017-11-02,94.918,95.1,94.523,94.583
2017-11-01,94.654,95.1,94.654,94.918
2017-10-31,94.69,95.1,94.654,94.654
2017-10-30,94.989,95.3,94.69,94.69
2017-10-29,94.989,94.989,94.989,94.989
2017-10-27,94.63,95.53,94.63,95.5
2017-10-26,93.338,94.63,93.29,94.63
2017-10-25,93.736,94,93.338,93.338
2017-10-24,93.849,94.09,93.726,93.736
2017-10-23,93.563,94.09,93.563,93.849
2017-10-22,93.563,93.563,93.563,93.563
2017-10-20,93.082,93.875,93.064,93.8
2017-10-19,93.495,93.9,93.082,93.082
2017-10-18,93.711,94,93.495,93.495
2017-10-17,93.457,94.1,93.457,93.711
2017-10-16,93.285,93.457,93.285,93.457
2017-10-15,93.285,93.285,93.285,93.285
2017-10-13,93.199,93.625,93.199,93.625
2017-10-12,92.979,93.43,92.941,93.199
2017-10-11,93.373,93.5,92.979,92.979
2017-10-10,93.92,94.375,93.373,93.373
2017-10-09,93.975,93.975,93.887,93.92
2017-10-08,93.975,93.975,93.975,93.975
2017-10-06,94.14,94.65,94.135,94.375
2017-10-05,93.781,94.25,93.781,94.14
2017-10-04,93.934,94.05,93.678,93.781
2017-10-03,93.91,93.981,93.795,93.934
2017-10-02,93.91,93.91,93.382,93.903
2017-10-01,93.91,93.91,93.91,93.91
2017-09-29,93.576,93.87,93.332,93.7
2017-09-28,93.863,94,93.576,93.576
2017-09-27,93.85,94.15,93.574,93.863
2017-09-26,93.055,93.925,93.002,93.85
2017-09-25,92.29,93.47,92.29,93.055
2017-09-24,92.29,92.29,92.29,92.29
2017-09-22,92.65,92.675,92.136,92.675
2017-09-21,92.3,92.89,92.3,92.65
2017-09-20,91.928,92.733,91.848,92.3
2017-09-19,92.241,92.55,91.928,91.928
2017-09-18,92.298,92.55,92.156,92.241
2017-09-17,92.298,92.298,92.298,92.298
2017-09-15,92.526,92.875,92.218,92.5
2017-09-14,92.745,93.125,92.526,92.526
2017-09-13,92.18,93.125,92.005,92.745
2017-09-12,92.245,92.5,92.18,92.18
2017-09-11,91.622,92.45,91.622,92.245
2017-09-10,91.622,91.622,91.622,91.622
2017-09-08,91.724,92.05,91.39,91.925
2017-09-07,92.492,92.85,91.724,91.724
2017-09-06,92.567,92.9,92.446,92.492
2017-09-05,92.682,92.9,92.567,92.567
2017-09-04,92.962,92.962,92.606,92.682
2017-09-03,92.962,92.962,92.962,92.962
2017-09-01,92.529,93.45,92.529,93.3
2017-08-31,92.721,93.1,92.529,92.529
2017-08-30,92.05,93.1,92.05,92.721
2017-08-29,92.067,92.156,91.607,92.05
2017-08-28,92.487,92.6,92.067,92.067
2017-08-27,92.487,92.487,92.487,92.487
2017-08-25,93.448,93.65,92.8,92.8
2017-08-24,93.55,93.7,93.325,93.448
2017-08-23,93.754,94.1,93.362,93.55
2017-08-22,93.342,93.794,93.342,93.754
2017-08-21,93.76,93.886,93.342,93.342
2017-08-20,93.76,93.76,93.76,93.76
2017-08-18,94.046,94.113,93.841,93.841
2017-08-17,93.667,94.312,93.652,94.046
2017-08-16,93.948,94.203,93.667,93.667
2017-08-15,93.612,93.948,93.612,93.948
2017-08-14,93.275,93.612,93.245,93.612
2017-08-13,93.275,93.275,93.275,93.275
2017-08-11,93.689,93.728,93.689,93.728
2017-08-10,93.767,94.079,93.689,93.689
2017-08-09,93.834,93.944,93.767,93.767
2017-08-08,93.484,94.25,93.338,93.834
2017-08-07,93.657,94,93.415,93.484
2017-08-06,93.657,93.657,93.657,93.657
2017-08-04,92.881,94,92.796,94
2017-08-03,92.996,93.35,92.881,92.881
2017-08-02,93.406,93.55,92.996,92.996
2017-08-01,93.133,93.55,93.133,93.406
2017-07-31,93.85,93.993,93.133,93.133
2017-07-30,93.85,93.85,93.85,93.85
2017-07-28,94.417,94.417,94.147,94.147
2017-07-27,95.05,95.05,94.016,94.417
2017-07-26,94.668,95.05,94.668,95.05
2017-07-25,94.72,95,94.585,94.668
2017-07-24,94.544,95,94.401,94.72
2017-07-23,94.544,94.544,94.544,94.544
2017-07-21,94.786,95.15,94.7,94.7
2017-07-20,95.729,95.793,94.575,94.786
2017-07-19,95.425,95.9,95.425,95.729
2017-07-18,96.075,96.4,95.416,95.425
2017-07-17,96.136,96.525,96.068,96.075
2017-07-16,96.136,96.136,96.136,96.136
2017-07-14,96.728,96.728,96.525,96.525
2017-07-13,96.613,96.964,96.566,96.728
2017-07-12,96.178,96.84,96.101,96.613
2017-07-11,96.744,96.8,96.178,96.178
2017-07-10,96.711,96.801,96.7,96.744
2017-07-09,96.711,96.711,96.711,96.711
2017-07-07,96.8,96.95,96.556,96.8
2017-07-06,97.157,97.65,96.8,96.8
2017-07-05,97.172,97.675,97.078,97.157
2017-07-04,97.051,97.201,96.971,97.172
2017-07-03,96.515,97.375,96.515,97.051
2017-07-02,96.515,96.515,96.515,96.515
2017-06-30,96.386,96.775,96.386,96.725
2017-06-29,96.911,97.3,96.386,96.386
2017-06-28,97.259,98.603,96.911,96.911
2017-06-27,98.596,98.875,97.259,98.603
2017-06-26,98.501,98.875,98.453,98.596
2017-06-25,98.479,98.501,98.479,98.501
2017-06-23,98.877,99.3,98.738,98.75
2017-06-22,98.745,99.3,98.737,98.877
2017-06-21,99.04,99.375,98.745,98.745
2017-06-20,98.905,99.3,98.894,99.04
2017-06-19,98.975,99.15,98.349,98.905
2017-06-18,98.975,98.975,98.975,98.975
2017-06-16,99.2,99.2,98.679,98.975
2017-06-15,98.1,99.275,98.1,99.2
2017-06-14,98.359,98.48,97.85,98.1
2017-06-13,98.414,98.875,98.359,98.359
2017-06-12,98.485,99.025,98.247,98.414
2017-06-11,98.485,98.485,98.485,98.485
2017-06-09,98.424,99.025,98.424,99.025
2017-06-08,97.936,98.825,97.936,98.42
2017-06-07,97.773,98.35,97.773,97.936
2017-06-06,97.962,98.4,97.773,97.773
2017-06-05,97.733,98.4,97.733,97.962
2017-06-04,97.733,97.733,97.733,97.733
2017-06-02,98.331,98.7,98.175,98.175
2017-06-01,98.097,98.331,98.097,98.331
2017-05-31,98.587,98.925,98.059,98.097
2017-05-30,98.773,99.073,98.587,98.587
2017-05-29,98.613,98.773,98.579,98.773
2017-05-28,98.613,98.613,98.613,98.613
2017-05-26,98.375,98.95,98.268,98.9
2017-05-25,98.294,98.65,98.186,98.357
2017-05-24,98.614,98.975,98.284,98.284
2017-05-23,98.105,99,98.105,98.614
2017-05-22,98.386,98.95,98.105,98.105
2017-05-21,98.386,98.386,98.386,98.386
2017-05-19,99.345,99.345,98.738,98.95
2017-05-18,98.773,99.875,98.773,99.345
2017-05-17,99.393,99.75,98.773,98.773
2017-05-16,100.45,100.975,99.393,99.393
2017-05-15,100.87,101.55,100.45,100.45
2017-05-14,100.87,100.87,100.87,100.87
2017-05-12,101.53,101.9,101.39,101.55
2017-05-11,101.45,101.975,101.43,101.53
2017-05-10,101.42,101.85,101.29,101.45
2017-05-09,100.95,101.75,100.91,101.42
2017-05-08,100.25,101.1,100.25,100.95
2017-05-07,100.25,100.25,100.25,100.25
2017-05-05,100.41,100.67,100.41,100.625
2017-05-04,101.3,101.45,100.38,100.41
2017-05-03,100.9,101.5,100.84,101.3
2017-05-02,101.15,101.5,100.9,100.9
2017-05-01,101.2,105.175,101.1,101.15
2017-04-30,101.2,101.2,101.2,101.2
2017-04-28,101.41,101.65,100.88,101.45
2017-04-27,101.12,101.68,101.08,101.41
2017-04-26,100.91,101.675,100.9,101.12
2017-04-25,101.47,101.95,100.91,100.91
2017-04-24,102.8,102.8,101.42,101.47
2017-04-23,102.8,102.8,102.8,102.8
2017-04-21,102.89,103.375,102.89,103.375
2017-04-20,103.25,103.25,102.56,102.89
2017-04-19,103.125,103.35,102.76,103.25
2017-04-18,103.58,103.95,102.76,103.125
2017-04-17,103.9,104.1,103.58,103.58
2017-04-16,103.9,103.9,103.9,103.9
2017-04-14,103.87,104.125,103.87,104.125
2017-04-13,103.65,104.15,103.34,104.125
2017-04-12,104.225,104.4,103.65,103.65
2017-04-11,104.05,104.4,103.9,104.2
2017-04-10,104.12,104.5,104.12,104.4
2017-04-09,104.12,104.12,104.12,104.12
2017-04-07,103.6,104.5,103.6,104.5
2017-04-06,103.38,103.8,103.33,103.6
2017-04-05,103.28,103.75,103.26,103.38
2017-04-04,103.35,103.705,103.28,103.28
2017-04-03,103.49,103.9,103.31,103.35
2017-04-02,103.49,103.49,103.49,103.49
2017-03-31,103.24,103.55,103.17,103.475
2017-03-30,102.42,103.55,102.42,103.24
2017-03-29,101.97,102.9,101.94,102.42
2017-03-28,101.49,102.4,101.151,101.97
2017-03-27,102.1,102.1,101.44,101.49
2017-03-26,102.1,102.1,102.1,102.1
2017-03-24,102.26,102.55,102.07,102.55
2017-03-23,102.16,102.6,102.16,102.26
2017-03-22,102.04,102.475,102.04,102.16
2017-03-21,102.7,103.05,102.04,102.04
2017-03-20,102.68,103.15,102.34,102.7
2017-03-19,102.68,102.68,102.68,102.68
2017-03-17,102.37,102.935,102.37,102.75
2017-03-16,102.74,103.125,102.37,102.37
2017-03-15,103.95,104.25,102.74,102.74
2017-03-14,103.5,103.95,103.47,103.95
2017-03-13,103.29,103.75,102.96,103.5
2017-03-12,103.29,103.29,103.29,103.29
2017-03-10,104.25,104.3,103.7,103.7
2017-03-09,104.6,104.68,104.25,104.25
2017-03-08,104.37,104.68,104.3,104.6
2017-03-07,104.475,104.575,104.27,104.37
2017-03-06,103.79,104.755,103.79,104.45
2017-03-05,103.79,103.79,103.79,103.79
2017-03-03,104.96,105.175,104.58,104.75
2017-03-02,104.53,105.2,104.53,104.96
2017-03-01,104.6,104.85,104.4,104.53
2017-02-28,104.475,104.6,104.01,104.6
2017-02-27,104.41,104.475,104.2,104.475
2017-02-26,104.41,104.41,104.41,104.41
2017-02-24,104.65,104.675,103.97,104.625
2017-02-23,104.46,104.8,103.575,104.625
2017-02-22,104.67,105.01,104.46,104.46
2017-02-21,103.91,104.875,103.91,104.67
2017-02-20,103.86,103.91,103.76,103.91
2017-02-19,103.86,103.86,103.86,103.86
2017-02-17,103.32,104.2,103.32,104.15
2017-02-16,104.06,104.4,103.32,103.32
2017-02-15,104.26,104.49,104.06,104.06
2017-02-14,104.08,104.625,103.75,104.26
2017-02-13,103.62,104.45,103.59,104.08
2017-02-12,103.62,103.62,103.62,103.62
2017-02-10,103.47,104.2,103.47,104.2
2017-02-09,103.425,103.8,103.17,103.47
2017-02-08,103.21,103.6,103.09,103.425
2017-02-07,102.6,103.6,102.6,103.21
2017-02-06,102.23,102.9,102.23,102.6
2017-02-05,102.23,102.23,102.23,102.23
2017-02-03,2,102.73,2,102.3
2017-02-02,102.42,102.9,2,2
2017-02-01,102.15,102.905,102.07,102.42
2017-01-31,103.06,103.45,102.15,102.15
2017-01-30,103.06,103.69,102.83,103.06
2017-01-29,103.06,103.06,103.06,103.06
2017-01-27,103.25,103.575,103.18,103.575
2017-01-26,102.58,103.475,102.44,103.25
2017-01-25,102.925,103.125,102.57,102.58
2017-01-24,102.4,103.025,102.4,102.925
2017-01-23,103.03,103.03,102.4,102.4
2017-01-22,103.03,103.03,103.03,103.03
2017-01-20,103.42,103.61,103.42,103.45
2017-01-19,103.69,104.35,103.41,103.42
2017-01-18,102.95,103.69,102.95,103.69
2017-01-17,103.98,104.45,102.95,102.95
2017-01-16,103.61,104.45,103.61,103.98
2017-01-15,103.61,103.61,103.61,103.61
2017-01-13,103.86,103.91,103.57,103.875
2017-01-12,104.22,104.22,103.44,103.86
2017-01-11,104.44,104.94,104.22,104.22
2017-01-10,104.2,104.48,104.12,104.44
2017-01-09,104.69,104.77,104.2,104.2
2017-01-08,104.69,104.69,104.69,104.69
2017-01-06,103.96,104.475,103.96,104.475
2017-01-05,105.14,105.351,103.96,103.96
2017-01-04,105.97,106.07,105.14,105.14
2017-01-03,105.32,106.14,105.32,105.97
2017-01-02,104.77,105.32,103.963,105.32
2017-01-01,104.77,104.77,104.77,104.77
2016-12-30,105.11,105.11,104.078,104.299
2016-12-29,105.87,105.9,105.11,105.11
2016-12-28,105.44,105.87,102.831,105.87
2016-12-27,105.44,105.609,104.289,105.44
2016-12-26,105.9,105.9,105.015,105.44
2016-12-23,105.65,105.925,105.41,105.925
2016-12-22,105.74,106.149,105.507,105.65
2016-12-21,106.11,106.649,105.647,105.74
2016-12-20,106.04,106.648,105.846,106.11
2016-12-19,105.5,106.35,105.308,106.04
2016-12-16,105.87,106.149,105.348,105.925
2016-12-15,104.69,106.05,104.69,105.87
2016-12-14,103.75,104.69,103.377,104.69
2016-12-13,103.68,104.2,103.401,103.75
2016-12-12,104.4,104.824,103.68,103.68
2016-12-09,103.89,104.875,103.85,104.825
2016-12-08,102.51,103.89,102.24,103.89
2016-12-07,102.875,102.91,102.51,102.51
2016-12-06,102.293,102.9,101.716,102.86
2016-12-05,103.4,104.33,101.882,102.31
2016-12-02,103.4,103.85,103.32,103.85
2016-12-01,104.825,104.825,103.4,103.4
2016-11-30,103.54,104.84,103.54,104.84
2016-11-29,103.91,104.04,103.53,103.54
2016-11-28,104.08,104.45,103.53,103.91
2016-11-25,104.45,104.46,104.11,104.27
2016-11-24,104.49,104.6,104.3,104.47
2016-11-23,103.76,105.075,103.76,104.49
2016-11-22,103.7,104.455,103.65,103.76
2016-11-21,104.13,104.145,103.4,103.7
2016-11-18,103.78,103.88,103.35,103.4
2016-11-17,103.13,103.78,102.482,103.78
2016-11-16,102.83,103.359,102.31,103.13
2016-11-15,102.67,103.15,101.39,102.83
2016-11-14,101.56,102.67,101.27,102.67
2016-11-11,101.29,101.38,101.29,101.38
2016-11-10,101,101.29,100.475,101.29
2016-11-09,100.12,101,99.705,101
2016-11-08,99.81,100.44,99.81,100.12
2016-11-07,98.97,99.81,98.97,99.81
2016-11-04,99.262,99.4,99.262,99.4
2016-11-03,99.343,99.603,99.262,99.262
2016-11-02,99.716,100.11,99.27,99.343
2016-11-01,100.5,100.55,99.716,99.716
2016-10-31,100.37,100.72,100.37,100.5
2016-10-28,101.17,101.18,101,101
2016-10-27,101.08,101.17,100.9,101.17
2016-10-26,101.27,101.29,100.96,101.08
2016-10-25,101.36,101.41,101.27,101.27
2016-10-24,101.3,101.36,101.22,101.36
2016-10-21,100.45,101.25,100.45,101.21
2016-10-20,100.49,100.9,100.4,100.45
2016-10-19,100.44,100.49,100.1,100.49
2016-10-18,100.25,100.44,100.025,100.44
2016-10-17,100.5,100.55,100.025,100.25
2016-10-14,99.738,100.08,99.738,100.05
2016-10-13,100.14,100.14,99.738,99.738
2016-10-12,99.772,100.14,99.325,100.14
2016-10-11,98.976,99.772,98.75,99.772
2016-10-10,98.448,98.976,98.448,98.976
2016-10-07,98.897,98.999,98.725,98.75
2016-10-06,98.36,98.897,98.36,98.897
2016-10-05,98.403,98.425,98.227,98.36
2016-10-04,98.349,98.696,98.115,98.403
2016-10-03,98.085,98.349,98.085,98.349
2016-09-30,98.289,98.729,98.03,98.03
2016-09-29,98.297,98.298,98.125,98.289
2016-09-28,98.303,98.4,98.125,98.297
2016-09-27,97.989,98.435,97.989,98.303
2016-09-26,98.22,98.425,97.65,97.989
2016-09-23,98.365,98.376,98.22,98.22
2016-09-22,98.5,98.51,97.9,98.365
2016-09-21,98.385,98.939,98.385,98.5
2016-09-20,98.633,98.861,98.275,98.385
2016-09-19,98.828,98.828,98.15,98.633
2016-09-16,98.07,98.289,97.75,98.175
2016-09-15,98.035,98.087,97.65,98.07
2016-09-14,97.625,98.299,97.5,98.035
2016-09-13,98.137,98.65,97.6,97.625
2016-09-12,98.128,98.825,98.128,98.137
2016-09-09,97.878,98.825,97.861,98.825
2016-09-08,98.112,98.31,97.674,97.878
2016-09-07,98.012,98.46,97.6,98.112
2016-09-06,98.897,98.897,98.012,98.012
2016-09-05,98.839,98.897,97.58,98.897
2016-09-02,98.464,98.552,98.464,98.552
2016-09-01,98.84,98.897,98.464,98.464
2016-08-31,98.899,99,98.84,98.84
2016-08-30,98.537,98.968,98.537,98.899
2016-08-29,98.517,98.623,98.464,98.537
2016-08-26,97.723,97.723,97.56,97.56
2016-08-25,97.895,98.05,97.55,97.723
2016-08-24,97.544,98.05,97.544,97.895
2016-08-23,97.374,97.544,96.955,97.544
2016-08-22,97.38,97.597,97.31,97.374
2016-08-19,97.169,97.395,97.169,97.395
2016-08-18,97.85,97.85,97.137,97.169
2016-08-17,97.789,98.05,97.65,97.85
2016-08-16,98.588,99.1,97.617,97.789
2016-08-15,98.769,99.15,98.588,98.588
2016-08-12,98.994,99.55,98.859,99.15
2016-08-11,98.615,99.5,98.56,98.994
2016-08-10,99.202,99.65,98.615,98.615
2016-08-09,99.472,99.65,99.202,99.202
2016-08-08,99.451,100.46,99.451,99.472
2016-08-05,99.95,99.95,99.036,99.95
2016-08-04,98.899,99.95,98.575,99.95
2016-08-03,98.286,98.899,98.225,98.899
2016-08-02,98.78,98.78,98.15,98.268
2016-08-01,98.671,98.791,98.671,98.78
2016-07-29,99.546,99.546,98.5,98.75
2016-07-28,99.743,100.2,99.4,99.546
2016-07-27,100.37,100.37,99.743,99.743
2016-07-26,100.3,100.375,100.16,100.37
2016-07-25,100.46,100.5,100.225,100.3
2016-07-22,100.02,100.32,99.974,100.225
2016-07-21,100.12,100.34,100.02,100.02
2016-07-20,100.07,100.35,100.07,100.12
2016-07-19,99.539,100.07,99.539,100.07
2016-07-18,99.932,99.932,99.539,99.539
2016-07-15,99.184,99.375,99.025,99.375
2016-07-14,99.388,99.705,99.184,99.184
2016-07-13,99.684,99.95,99.388,99.388
2016-07-12,99.684,100,99.684,99.684
2016-07-11,99.78,99.935,99.684,99.684
2016-07-08,99.657,99.775,50.025,99.775
2016-07-07,99.347,99.85,99.347,99.657
2016-07-06,99.589,99.65,99.347,99.347
2016-07-05,98.888,99.589,98.625,99.589
2016-07-04,98.987,99.11,98.888,98.888
2016-07-01,99.311,99.585,98.88,98.93
2016-06-30,99.124,99.7,98.907,99.311
2016-06-29,99.648,99.81,99.124,99.124
2016-06-28,100.06,100.1,99.414,99.648
2016-06-27,99.168,100.19,99.168,100.06
2016-06-24,96.872,99.594,96.8,99.45
2016-06-23,97.184,97.403,96.69,96.872
2016-06-22,98.005,98.044,97.184,97.184
2016-06-21,97.452,98.005,97.385,98.005
2016-06-20,97.205,98.77,97.205,97.452
2016-06-17,98.05,98.77,97.892,98.77
2016-06-16,97.896,99.025,97.883,98.05
2016-06-15,97.79,98.38,97.79,97.896
2016-06-14,97.62,97.79,97.62,97.79
2016-06-13,97.9,98.031,97.57,97.62
2016-06-10,97.4,97.9,97.4,97.9
2016-06-09,96.48,97.4,96.48,97.4
2016-06-08,97.225,97.225,96.48,96.48
2016-06-07,97.06,97.225,97.03,97.225
2016-06-06,97.275,97.275,97.025,97.06
2016-06-03,98.75,98.972,97.275,97.275
2016-06-02,98.45,98.888,98.45,98.75
2016-06-01,99.3,99.3,98.375,98.45
2016-05-31,98.982,99.3,98.7,99.3
2016-05-30,98.7,99.262,98.7,98.982
2016-05-27,98.3,98.725,98.3,98.7
2016-05-26,98.95,98.95,98.3,98.3
2016-05-25,99.025,99.025,98.45,98.95
2016-05-24,97.8,99.025,97.8,99.025
2016-05-23,97.85,98.359,97.8,97.8
2016-05-22,97.85,97.85,97.85,97.85
2016-05-20,98.35,98.429,97.8,98.347
2016-05-19,97.725,98.411,97.725,98.35
2016-05-18,96.89,97.725,96.89,97.725
2016-05-17,97.446,97.446,96.75,96.89
2016-05-16,96.75,97.446,96.75,97.446
2016-05-15,96.75,96.75,96.75,96.75
2016-05-13,96.625,97.154,96.625,96.725
2016-05-12,96.66,96.707,96.487,96.625
2016-05-11,96.95,96.95,96.625,96.66
2016-05-10,96.6,96.996,96.4,96.95
2016-05-09,96.4,96.847,96.4,96.6
2016-05-08,96.4,96.4,96.4,96.4
2016-05-06,96.647,96.719,96.4,96.4
2016-05-05,95.75,96.647,95.75,96.647
2016-05-04,95.887,95.933,95.65,95.75
2016-05-03,96.094,96.094,95.233,95.887
2016-05-02,96.321,96.321,96.071,96.094
2016-05-01,96.321,96.321,96.321,96.321
2016-04-29,97.25,97.25,96.36,96.36
2016-04-28,97.351,97.351,97.184,97.25
2016-04-27,97.775,97.775,97.25,97.351
2016-04-26,97.5,97.878,97.5,97.775
2016-04-25,98.175,98.175,97.5,97.5
2016-04-24,98.175,98.175,98.175,98.175
2016-04-22,97.653,98.15,97.653,98.15
2016-04-21,96,97.653,96,97.653
2016-04-20,97.45,97.45,96,96
2016-04-19,97.85,97.85,97.3,97.45
2016-04-18,97.775,97.85,97.524,97.85
2016-04-15,97.6,97.775,97.6,97.775
2016-04-14,96.65,97.865,96.65,97.6
2016-04-13,96.872,97.6,96.65,96.65
2016-04-12,96.6,96.69,96.5,96.625
2016-04-11,96.5,96.804,96.5,96.6
2016-04-08,96.958,97.022,96.5,96.5
2016-04-07,96.749,97.525,96.749,96.958
2016-04-06,97.2,97.38,96.749,96.749
2016-04-05,96.91,97.2,96.792,97.2
2016-04-04,97.76,97.76,96.75,96.91
2016-04-01,97.275,97.76,96.647,97.76
2016-03-31,97.291,97.291,96.79,97.275
2016-03-30,98.5,98.5,97.291,97.291
2016-03-29,98.46,98.5,98.315,98.5
2016-03-28,98.325,98.83,98.325,98.46
2016-03-25,98.725,98.744,98.3,98.325
2016-03-24,98.65,98.775,98.604,98.725
2016-03-23,98.375,98.65,98.328,98.65
2016-03-22,98.4,98.4,98.101,98.375
2016-03-21,97.84,98.4,97.774,98.4
2016-03-18,97.433,97.705,97.431,97.55
2016-03-17,98.346,98.346,97.065,97.433
2016-03-16,99.5,99.73,98.346,98.346
2016-03-15,99.307,99.9,99.307,99.5
2016-03-14,98.918,99.85,98.879,99.307
2016-03-11,100.44,100.44,98.58,99.217
2016-03-10,100.49,100.49,100.39,100.44
2016-03-09,100.16,100.49,100.16,100.49
2016-03-08,100.64,100.64,100.08,100.16
2016-03-07,100.18,100.64,100.18,100.64
2016-03-04,100.67,100.69,100.17,100.69
2016-03-03,101.55,101.575,100.67,100.67
2016-03-02,101.47,101.7,101.42,101.55
2016-03-01,101.635,101.8,101.39,101.47
2016-02-29,100.88,101.64,100.535,101.635
2016-02-26,100.02,100.5,99.749,100.5
2016-02-25,100.09,100.55,99.937,100.02
2016-02-24,100.45,100.58,100.09,100.09
2016-02-23,99.991,100.45,99.93,100.45
2016-02-22,99.06,100.4,99.06,99.991
2016-02-19,99.266,99.35,99.15,99.32
2016-02-18,99.11,99.392,99.008,99.266
2016-02-17,98.65,99.11,98.65,99.11
2016-02-16,98.375,98.804,98.375,98.65
2016-02-15,97.969,98.498,97.969,98.375
2016-02-12,97.05,97.85,97.05,97.85
2016-02-11,98.2,98.2,97.05,97.05
2016-02-10,97.678,98.2,97.627,98.2
2016-02-09,99.175,99.175,97.678,97.678
2016-02-08,99.1,99.2,98.946,99.175
2016-02-05,98.04,99.15,98.04,99.1
2016-02-04,99.504,99.504,98.03,98.04
2016-02-03,100.97,101.05,99.504,99.504
2016-02-02,101.23,101.9,100.95,100.97
2016-02-01,101.8,101.9,101.23,101.23
2016-01-29,101.15,101.75,100.85,101.75
2016-01-28,101.17,101.21,100.79,101.15
2016-01-27,101.48,101.58,101,101.17
2016-01-26,101.65,102.05,101.48,101.48
2016-01-25,102.12,102.13,101.65,101.65
2016-01-22,101.44,101.85,101.44,101.56
2016-01-21,101.25,101.44,101,101.44
2016-01-20,101.08,101.25,100.92,101.25
2016-01-19,101.24,101.41,101.08,101.08
2016-01-18,101.05,101.24,101.01,101.24
2016-01-15,100.92,101.45,100.92,101.09
2016-01-14,101.2,101.2,100.92,100.92
2016-01-13,101.56,101.9,101.37,101.37
2016-01-12,101.54,101.65,101.54,101.56
2016-01-11,100.93,101.54,100.85,101.54
2016-01-08,101.65,101.65,101,101.44
2016-01-07,102.425,102.425,100.95,101.65
2016-01-06,102.61,102.62,102.29,102.425
2016-01-05,101.83,102.61,101.79,102.61
2016-01-04,101.52,101.83,100.98,101.83
2016-01-01,101.55,101.55,101.51,101.51
2015-12-31,100.93,101.55,100.74,101.55
2015-12-30,100.96,100.96,100.5,100.93
2015-12-29,100.52,100.96,100.31,100.96
2015-12-28,100.45,100.59,99.98,100.52
2015-12-25,100.57,100.62,100.57,100.62
2015-12-24,101.08,101.08,100.25,100.57
2015-12-23,100.6,101.08,100.575,101.08
2015-12-22,101.04,101.1,100.3,100.6
2015-12-21,101.5,101.5,100.7,101.04
2015-12-18,101.8,101.8,101.1,101.5
2015-12-17,101.07,101.8,101.07,101.8
2015-12-16,100.89,101.07,100.35,101.07
2015-12-15,100.25,100.89,100,100.89
2015-12-14,100.29,100.41,100,100.25
2015-12-11,100.15,100.86,99.5,99.5
2015-12-10,100.04,100.67,100.04,100.125
2015-12-09,101.19,101.32,100.025,100.04
2015-12-08,101.78,101.78,100.76,101.19
2015-12-07,101.36,102.04,101.36,101.78
2015-12-04,100.92,101.21,100.7,100.725
2015-12-03,103.5,104.57,100.92,100.92
2015-12-02,103.2,104.05,103.2,103.5
2015-12-01,103.55,104.34,103.2,103.2
2015-11-30,104.1,104.26,103.5,103.55
2015-11-27,103.95,104.725,103.95,104.55
2015-11-26,103.84,103.95,103.84,103.95
2015-11-25,103.56,104.07,103.53,103.84
2015-11-24,103.67,103.7,103.56,103.56
2015-11-23,103.56,103.75,103.56,103.67
2015-11-20,102.94,103.26,102.91,103.26
2015-11-19,102.8,103.21,102.8,102.94
2015-11-18,103.59,103.66,102.8,102.8
2015-11-17,102.35,103.59,102.35,103.59
2015-11-16,102.6,102.83,102.35,102.35
2015-11-13,101.99,102.65,101.99,102.6
2015-11-12,102.59,102.87,101.99,101.99
2015-11-11,103.64,103.64,102.59,102.59
2015-11-10,102.56,103.64,102.5,103.64
2015-11-09,103.15,103.15,102.24,102.56
2015-11-06,100.725,103.19,100.725,103.15
2015-11-05,101.35,101.71,100.72,100.725
2015-11-04,101.05,101.4,100.65,101.35
2015-11-03,100.4,101.1,100.14,101.05
2015-11-02,100.4,100.425,100.05,100.4
2015-10-30,101.05,101.05,100.12,100.4
2015-10-29,99.95,101.25,99.95,101.05
2015-10-28,99.4,99.95,99.375,99.95
2015-10-27,100.4,100.4,99.35,99.4
2015-10-26,100.375,100.41,99.93,100.4
2015-10-23,99.1,100.375,99.1,100.375
2015-10-22,97.75,99.1,97.381,99.1
2015-10-21,97.5,97.775,97.12,97.75
2015-10-20,96.85,97.55,96.85,97.5
2015-10-19,96.65,97.369,96.65,96.85
2015-10-16,96.525,97.111,96.5,96.65
2015-10-15,96.05,96.525,96,96.525
2015-10-14,96.525,96.847,96,96.05
2015-10-13,96.958,97.099,96.525,96.525
2015-10-12,96.996,96.996,96.958,96.958
2015-10-09,98.25,98.25,97.036,97.4
2015-10-08,98.65,98.65,97.676,98.25
2015-10-07,97.865,98.65,97.865,98.65
2015-10-06,98.42,98.75,97.865,97.865
2015-10-05,98.1,98.42,98.048,98.42
2015-10-02,99.155,99.155,98.1,98.1
2015-10-01,99.05,99.155,98.702,99.155
2015-09-30,98.7,99.075,98.254,99.05
2015-09-29,98.875,98.875,97.844,98.7
2015-09-28,99.075,99.075,98.504,98.875
2015-09-25,98.125,99.085,98.125,99.075
2015-09-24,99.1,99.1,98.125,98.125
2015-09-23,99.625,99.625,98.799,99.1
2015-09-22,98.75,99.625,98.548,99.625
2015-09-21,97.05,98.75,97.05,98.75
2015-09-18,96.85,97.05,96.487,97.05
2015-09-17,98.25,98.25,96.85,96.85
2015-09-16,97.95,98.35,97.831,98.25
2015-09-15,97.95,98,97.528,97.95
2015-09-14,98.1,98.1,97.011,97.95
2015-09-11,98.95,98.95,97.744,98.1
2015-09-10,99.3,99.3,98.248,98.95
2015-09-09,99.1,99.35,98.403,99.3
2015-09-08,99.3,99.3,98.782,99.1
2015-09-07,99.015,99.3,98.897,99.3
2015-09-04,99.115,99.115,99.015,99.015
2015-09-03,97.922,99.115,97.922,99.115
2015-09-02,97.625,97.922,97.625,97.922
2015-09-01,98.38,98.38,97.625,97.625
2015-08-31,97.761,98.38,97.761,98.38
2015-08-28,97.706,98.066,97.706,97.761
2015-08-27,96.533,97.706,96.533,97.706
2015-08-26,95.82,96.533,95.418,96.533
2015-08-25,95.911,95.911,95.252,95.82
2015-08-24,97.692,97.692,95.911,95.911
2015-08-21,98.712,98.712,97.692,97.692
2015-08-20,99.185,99.185,98.712,98.712
2015-08-19,99.666,99.969,99.185,99.185
2015-08-18,99.49,99.666,99.49,99.666
2015-08-17,99.4,99.49,99.39,99.49
2015-08-14,99.6,99.6,98.673,99.4
2015-08-13,99.25,99.8,98.848,99.6
2015-08-12,100.6,100.6,98.901,99.25
2015-08-11,100.9,100.9,99.937,100.6
2015-08-10,101.95,101.95,100.56,100.9
2015-08-07,101.75,102,100.88,101.95
2015-08-06,101.1,101.85,101.1,101.75
2015-08-05,101,101.85,101,101.1
2015-08-04,100.9,101.05,100.41,101
2015-08-03,99.9,100.61,99.9,100.9
2015-07-31,101.725,101.75,99.9,99.9
2015-07-30,100.3,101.725,100.3,101.725
2015-07-29,100.5,100.5,99.653,100.3
2015-07-28,100.025,100.55,99.427,100.5
2015-07-27,100.8,100.8,99.54,100.025
2015-07-24,100.9,100.9,100.34,100.8
2015-07-23,101.6,101.6,100.29,100.9
2015-07-22,100.55,101.625,100.55,101.6
2015-07-21,101,101.79,100.55,100.55
2015-07-20,101.83,101.83,100.95,101
2015-07-17,100.7,101.625,100.7,101.625
2015-07-16,100.45,101.24,100.45,100.7
2015-07-15,100.075,100.45,100.06,100.45
2015-07-14,99.85,100.36,99.85,100.075
2015-07-13,99.25,99.85,98.968,99.85
2015-07-10,99.4,99.696,98.399,99.25
2015-07-09,99.05,99.816,99.05,99.4
2015-07-08,100.275,100.275,99.05,99.05
2015-07-07,98.95,101.025,98.95,100.275
2015-07-06,98.775,100.1,98.775,98.95
2015-07-03,99.459,99.459,98.7,98.775
2015-07-02,98.275,99.882,98.275,99.459
2015-07-01,97.7,99.226,97.7,98.275
2015-06-30,98.3,98.638,97.7,97.7
2015-06-29,98.575,100.39,98.225,98.3
2015-06-26,98.35,98.65,98.325,98.575
2015-06-25,98.65,98.65,98.35,98.35
2015-06-24,98.6,98.825,98.46,98.65
2015-06-23,96.2,98.75,94.85,98.6
2015-06-22,97.098,97.158,96.2,96.2
2015-06-19,97.225,97.519,96.625,96.85
2015-06-18,98,98,96.681,97.225
2015-06-17,97.36,98.125,97.36,98
2015-06-16,97.35,97.918,97.35,97.36
2015-06-15,98.15,98.335,97.35,97.35
2015-06-12,97.5,98.556,97.45,98.15
2015-06-11,97.5,97.878,97.433,97.5
2015-06-10,98.55,98.55,97.5,97.5
2015-06-09,97.85,98.55,97.796,98.55
2015-06-08,98.75,99.408,97.85,97.85
2015-06-05,97.25,98.775,97.25,98.75
2015-06-04,98.85,98.85,97.107,97.25
2015-06-03,99.1,99.155,98.85,98.85
2015-06-02,100.75,100.775,99.075,99.1
2015-06-01,100.75,100.95,100.63,100.75
2015-05-29,101.35,101.35,100.57,100.75
2015-05-28,101.625,101.625,100.95,101.35
2015-05-27,101.34,101.625,100.525,101.625
2015-05-26,100.43,101.04,100.43,101.04
2015-05-25,98.975,100.44,98.975,100.43
2015-05-22,99.244,99.244,98.61,98.975
2015-05-21,98.4,99.291,98.4,98.6
2015-05-20,98,99.292,98,98.4
2015-05-19,96.1,98.367,96.1,98
2015-05-18,96.475,96.618,96.1,96.1
2015-05-15,96.545,97.072,96.475,96.475
2015-05-14,97.2,97.2,96.545,96.545
2015-05-13,98,98.301,97.2,97.2
2015-05-12,99,99,97.225,98
2015-05-11,97.35,99,97.35,99
2015-05-08,98.175,98.275,97.35,97.35
2015-05-07,97.05,98.2,97,98.175
2015-05-06,98.25,98.6,97.05,97.05
2015-05-05,98.975,99.088,98.25,98.25
2015-05-04,97.225,99,97.225,98.975
2015-05-01,98.4,98.4,97.2,97.225
2015-04-30,99.325,99.325,97.975,98.4
2015-04-29,100.025,100.49,99.3,99.325
2015-04-28,101.75,101.75,100.025,100.025
2015-04-27,101.44,101.775,101.44,101.75
2015-04-24,102.25,102.25,101.125,101.125
2015-04-23,102.875,102.875,102.25,102.25
2015-04-22,102.05,102.9,101.85,102.875
2015-04-21,101.75,103.25,101.75,102.05
2015-04-20,102.05,102.73,101.75,101.75
2015-04-17,102.4,102.85,101.98,102.7
2015-04-16,102.35,103.25,101.85,102.4
2015-04-15,103.525,104.1,102.3,102.35
2015-04-14,102.875,104.32,102.875,103.525
2015-04-13,102.775,104.74,102.775,102.875
2015-04-10,102.25,104.18,102.25,102.775
2015-04-09,100.75,102.39,100.75,102.25
2015-04-08,100.45,101.86,100.45,100.75
2015-04-07,100.225,101.51,100.225,100.45
2015-04-06,99.975,100.52,99.975,100.225
2015-04-03,101.43,101.46,99.975,99.975
2015-04-02,101.575,102.38,100.7,101.43
2015-04-01,102.69,102.69,101.55,101.575
2015-03-31,101.05,102.69,101,102.69
2015-03-30,100.525,101.73,100.525,101.05
2015-03-27,100.5,101.51,100.5,100.525
2015-03-26,100.505,100.505,100.27,100.5
2015-03-25,101.275,101.275,100.5,100.505
2015-03-24,100.55,101.4,100.38,101.275
2015-03-23,101.425,102.04,100.55,100.55
2015-03-20,102.6,103.41,101.375,101.425
2015-03-19,103.085,103.2,101.18,102.6
2015-03-18,103.15,103.97,103.05,103.085
2015-03-17,103.27,104.39,103.05,103.15
2015-03-16,104.3,105.02,103.25,103.27
2015-03-13,103.4,104.405,103.4,104.3
2015-03-12,104.1,104.51,103.4,103.4
2015-03-11,103.025,104.3,103.025,104.1
2015-03-10,100.61,103.025,100.61,103.025
2015-03-09,100.6,101.66,100.6,100.61
2015-03-06,99.3,102.1,99.3,100.6
2015-03-05,98.95,99.792,98.95,99.3
2015-03-04,97.97,99.081,97.97,98.95
2015-03-03,97.9,98.802,97.875,97.97
2015-03-02,98.05,98.725,97.875,97.9
2015-02-27,97.07,98.5,97.07,98.05
2015-02-26,96.615,97.188,96.615,97.07
2015-02-25,96.99,97.2,96.57,96.615
2015-02-24,96.555,97.367,96.46,96.99
2015-02-23,96.8,97.469,96.55,96.555
2015-02-20,96.2,97.304,96.2,96.8
2015-02-19,96.35,96.792,96.15,96.2
2015-02-18,96.3,96.945,96.3,96.35
2015-02-17,96.58,97.296,95.8,96.3
2015-02-16,96.5,96.658,96.5,96.58
2015-02-13,95.8,96.621,95.8,96.5
2015-02-12,96.95,97.472,95.8,95.8
2015-02-11,97.3,97.468,96.85,96.95
2015-02-10,97.25,97.71,96.74,97.3
2015-02-09,97.15,97.55,97.15,97.25
2015-02-06,96.31,97.15,96.135,97.15
2015-02-05,96.55,97.323,95.75,96.31
2015-02-04,96.55,96.6,96.217,96.55
2015-02-03,97.15,97.224,96.525,96.55
2015-02-02,97.709,97.875,97.15,97.15
2015-01-30,96.95,98,96.9,98
2015-01-29,97.53,97.648,96.925,96.95
2015-01-28,96.9,97.53,96.9,97.53
2015-01-27,98.05,98.135,96.875,96.9
2015-01-26,98.399,98.639,98.05,98.05
2015-01-23,96.02,99.199,96.02,96.03
2015-01-22,94.6,96.02,94.6,96.02
2015-01-21,95.52,95.52,94.59,94.6
2015-01-20,95.081,95.52,95.081,95.52
2015-01-19,95.26,95.377,95.081,95.081
2015-01-16,95.2,95.26,94.876,95.26
2015-01-15,93.04,95.225,93.04,95.2
2015-01-14,93.05,93.777,92.9,93.04
2015-01-13,92.8,93.499,92.8,93.05
2015-01-12,93.29,93.515,92.3,92.8
2015-01-09,93.5,93.5,93.29,93.29
2015-01-08,92.41,93.719,92.41,93.5
2015-01-07,92.24,93.2,92.24,92.41
2015-01-06,91.89,92.715,91.875,92.24
2015-01-05,91.1,92.576,91.1,91.89
2015-01-02,91.146,91.495,90.575,91.08
2015-01-01,90.065,91.146,90.065,91.146
2014-12-31,90.01,90.734,90.01,90.065
2014-12-30,89.89,90.723,89.89,90.01
2014-12-29,90.1,90.496,89.86,89.89
2014-12-24,89.66,90.476,89.66,89.75
2014-12-23,89.365,90.223,89.365,89.66
2014-12-22,88.97,90.182,88.97,89.365
2014-12-19,89.17,89.91,89.17,89.45
2014-12-18,88.04,89.599,88.04,89.17
2014-12-17,87.42,88.488,87.42,88.04
2014-12-16,87.96,88.616,87.42,87.42
2014-12-15,88.24,88.691,87.95,87.96
2014-12-12,88.61,88.61,88.3,88.3
2014-12-11,88.31,88.64,88.29,88.61
2014-12-10,88.33,89.15,88.31,88.31
2014-12-09,88.83,89.603,88.33,88.33
2014-12-08,89.02,89.902,88.83,88.83
2014-12-05,88.55,89.269,88.55,89.02
2014-12-04,88.98,89.581,88.435,88.55
2014-12-03,89.04,89.468,88.975,88.98
2014-12-02,87.72,89.04,87.72,89.04
2014-12-01,88.556,88.673,87.72,87.72
2014-11-28,88.447,88.569,87.89,87.92
2014-11-27,88.194,88.447,88.194,88.447
2014-11-26,88.404,88.501,88.194,88.194
2014-11-25,88.634,88.691,87.91,88.404
2014-11-24,88.175,89.061,88.06,88.634
2014-11-21,87.912,88.671,87.7,88.175
2014-11-20,87.36,87.97,87.23,87.912
2014-11-19,87.485,88.092,87.36,87.36
2014-11-18,88.566,88.566,87.485,87.485
2014-11-17,88.036,88.566,87.92,88.566
2014-11-14,88.394,88.588,88.165,88.175
2014-11-13,88.687,88.687,88.394,88.394
2014-11-12,88.396,88.687,87.93,88.687
2014-11-11,88.754,88.769,88.396,88.396
2014-11-10,88.524,88.754,88.01,88.754
2014-11-07,89.084,89.084,88.36,88.37
2014-11-06,88.325,89.084,88.099,89.084
2014-11-05,87.876,88.393,87.665,88.325
2014-11-04,87.67,88.205,87.15,87.876
2014-11-03,88.041,88.41,87.67,87.67
2014-10-31,87.681,87.681,87.477,87.657
2014-10-30,87.264,87.681,87.264,87.681
2014-10-29,86.572,87.264,86.572,87.264
2014-10-28,86.837,86.837,86.572,86.572
2014-10-27,87.025,87.025,86.837,86.837
2014-10-24,87.187,87.187,86.55,86.56
2014-10-23,86.17,87.204,86.17,87.187
2014-10-22,86.719,86.757,86.15,86.17
2014-10-21,85.675,86.719,85.675,86.719
2014-10-20,85.87,86.476,85.67,85.675
2014-10-17,86.123,86.123,85.87,85.87
2014-10-16,85.983,86.465,85.895,86.123
2014-10-15,87.126,87.217,85.983,85.983
2014-10-14,86.515,87.135,86.34,87.126
2014-10-13,87.318,87.318,85.765,86.515
2014-10-10,86.898,87.042,86.759,87.042
2014-10-09,86.45,86.898,85.765,86.898
2014-10-08,87.042,87.09,86.45,86.45
2014-10-07,87.15,87.58,86.79,87.042
2014-10-06,88.113,88.113,87.15,87.15
2014-10-03,86.515,87.565,86.515,87.565
2014-10-02,87.38,87.38,86.4,86.515
2014-10-01,87.307,87.588,86.25,87.38
2014-09-30,86.89,87.668,86.235,87.307
2014-09-29,86.932,86.97,86.23,86.89
2014-09-26,86.418,86.55,86.15,86.315
2014-09-25,86.281,86.671,85.55,86.418
2014-09-24,85.831,86.281,85.54,86.281
2014-09-23,85.84,85.84,85.23,85.831
2014-09-22,84.6,85.37,84.59,85.37
2014-09-19,84.27,85.38,84.17,85.27
2014-09-18,84.29,85.235,83.99,84.825
2014-09-17,83.86,84.68,83.67,84.52
2014-09-16,84.02,84.765,83.71,84.635
2014-09-15,83.84,84.895,83.82,84.715
2014-09-12,84.01,84.875,83.8,84.875
2014-09-11,84.08,84.88,83.84,84.67
2014-09-10,85.219,85.38,84.4,85.38
2014-09-09,84.65,85.567,84.65,85.219
2014-09-08,85.128,85.247,84.6,84.65
2014-09-05,83.75,84.59,83.66,84.57
2014-09-04,82.58,83.42,82.56,83.42
2014-09-03,82.69,83.49,82.52,83.33
2014-09-02,82.73,83.59,82.69,83.56
2014-09-01,82.71,83.48,82.61,83.48
2014-08-29,83.636,83.636,83.626,83.626
2014-08-28,83.577,83.636,83.577,83.636
2014-08-27,83.537,83.731,83.537,83.577
2014-08-26,83.577,83.616,83.537,83.537
2014-08-25,83.09,83.577,83.09,83.577
2014-08-22,83.134,83.134,83.048,83.09
2014-08-21,83.034,83.159,83.034,83.134
2014-08-20,82.614,83.034,82.614,83.034
2014-08-19,82.355,82.614,82.355,82.614
2014-08-18,82.354,82.355,82.354,82.355
2014-08-15,81.87,82.527,81.825,81.825
2014-08-14,82.035,82.515,81.425,81.87
2014-08-13,82.08,82.547,82.035,82.035
2014-08-12,81.23,82.06,81.22,82.06
2014-08-11,81.1,81.88,81.08,81.88
2014-08-08,81.26,81.73,80.86,81.73
2014-08-07,81.15,82.03,81.08,82.03
2014-08-06,81.19,81.89,81.14,81.89
2014-08-05,80.92,81.94,80.9,81.94
2014-08-04,80.88,82.16,80.88,81.66
2014-08-01,81.11,81.9,80.78,81.9
2014-07-31,81.07,81.86,81.04,81.86
2014-07-30,80.99,81.82,80.94,81.82
2014-07-29,80.81,81.73,80.78,81.73
2014-07-28,80.84,81.56,80.78,81.56
2014-07-25,80.65,81.61,80.61,81.61
2014-07-24,80.66,81.42,80.54,81.42
2014-07-23,80.63,81.42,80.6,81.42
2014-07-22,80.3,81.39,80.28,81.39
2014-07-21,80.33,81.06,80.26,81.06
2014-07-18,80.29,81.125,80.23,81.125
2014-07-17,80.29,81.04,80.21,81.04
2014-07-16,80.03,81.04,80.01,81.04
2014-07-15,79.74,80.79,79.7,80.79
2014-07-14,79.8,81.28,79.79,80.55
2014-07-11,79.8,80.63,79.71,80.63
2014-07-10,79.66,80.65,79.63,80.65
2014-07-09,79.77,80.42,79.6,80.42
2014-07-08,79.83,80.615,79.76,80.615
2014-07-07,79.97,80.565,79.81,80.565
2014-07-04,79.79,80.63,79.78,80.63
2014-07-03,79.55,80.55,79.31,80.55
2014-07-02,79.33,80.095,79.31,80.095
2014-07-01,79.32,80.085,79.28,80.085
2014-06-30,79.55,80.07,79.29,80.07
2014-06-27,79.7,80.8,79.62,80.8
2014-06-26,79.91,80.635,79.75,80.635
2014-06-25,79.77,80.375,79.56,80.375
2014-06-24,79.74,80.89,79.7,80.89
2014-06-23,79.88,80.92,79.84,80.92
2014-06-20,79.76,80.685,79.75,80.685
2014-06-19,79.74,80.475,79.61,80.475
2014-06-18,80.19,80.805,79.95,80.805
2014-06-17,80.01,80.97,79.98,80.97
2014-06-16,80.17,80.76,79.98,80.76
2014-06-13,80.14,81.02,79.98,81.02
2014-06-12,80.14,80.88,80.02,80.88
2014-06-11,80.21,81.005,80.11,81.005
2014-06-10,79.89,80.6,79.88,80.6
2014-06-09,79.59,81.595,79.59,81.595
2014-06-06,79.49,80.6,79.41,80.35
2014-06-05,79.86,81.35,79.46,80.25
2014-06-04,79.68,80.64,79.48,80.61
2014-06-03,79.87,80.6,79.59,80.45
2014-06-02,79.84,80.64,79.69,80.62
2014-05-30,79.77,80.61,79.56,80.61
2014-05-29,79.9,81.51,79.71,81.51
2014-05-28,79.64,80.65,79.63,80.65
2014-05-27,79.59,80.46,79.52,80.4
2014-05-26,79.63,80.34,79.53,80.34
2014-05-23,79.73,80.46,79.62,80.405
2014-05-22,79.5,81.065,79.35,81.065
2014-05-21,79.18,81.045,79.18,81.045
2014-05-20,79.22,80.93,79.19,80.93
2014-05-19,79.13,80.3,79.13,79.96
2014-05-16,79.21,80.925,79.12,80.925
2014-05-15,79.19,80.22,79.09,79.96
2014-05-14,79.24,80.2,78.2,79.94
2014-05-13,78.93,80.27,78.85,79.99
2014-05-12,78.89,80.16,78.84,79.69
2014-05-09,78.46,80.605,78.27,80.605
2014-05-08,78.06,79.52,77.63,79.21
2014-05-07,77.97,79.06,77.95,78.81
2014-05-06,78.27,79.27,77.85,78.72
2014-05-05,78.28,79.64,78.2,79.02
2014-05-02,78.31,79.32,78.23,79.03
2014-05-01,78.32,79.4,78.25,79.06
2014-04-30,78.62,79.4,78.26,79.05
2014-04-29,78.41,79.63,78.27,79.38
2014-04-28,78.32,79.4,78.25,79.16
2014-04-25,79.685,79.733,79.685,79.725
2014-04-24,78.55,80.355,78.46,80.355
2014-04-23,78.65,80.4,78.39,80.4
2014-04-22,78.66,80.36,78.66,80.36
2014-04-21,78.62,80.465,78.61,80.465
2014-04-18,78.62,80.27,78.57,80.27
2014-04-17,78.6,79.62,78.33,79.36
2014-04-16,78.62,79.78,78.41,79.35
2014-04-15,78.58,79.63,78.5,79.36
2014-04-14,78.57,79.58,78.5,79.33
2014-04-11,78.2,79.27,78.13,78.97
2014-04-10,78.37,79.73,78.14,78.95
2014-04-09,78.72,79.73,78.35,79.13
2014-04-08,79.04,80.28,78.64,79.46
2014-04-07,79.19,80.28,78.99,79.79
2014-04-04,79.23,80.53,79.1,80
2014-04-03,78.88,80.855,78.7,80.855
2014-04-02,78.61,80.57,78.61,80.57
2014-04-01,78.71,80.35,78.69,80.35
2014-03-31,78.99,80.485,78.67,80.485
2014-03-28,79,80.615,78.86,80.615
2014-03-27,78.79,80.695,78,80.695
2014-03-26,78.54,79.79,78.53,79.55
2014-03-25,78.48,79.64,78.44,79.29
2014-03-24,78.69,79.84,78.32,79.22
2014-03-21,78.79,79.84,78.63,79.49
2014-03-20,78.875,80.081,78.875,79.86
2014-03-19,78.4,79.185,78.395,78.875
2014-03-18,77.95,79.64,77.93,78.69
2014-03-17,79.242,79.5,78.75,78.9
2014-03-14,78.4,79.552,77,77
2014-03-13,78.95,79.316,78.4,78.4
2014-03-12,78.33,79.3,78.05,78.86
2014-03-11,79,79.3,78,79.1
2014-03-10,79.442,79.5,79.025,79.5
2014-03-07,79.425,79.554,79,79
2014-03-06,80.3,80.3,79.425,79.425
2014-03-05,79.57,80.625,79.57,80.3
2014-03-04,80.17,80.305,79.51,79.57
2014-03-03,79.896,80.17,79.37,80.17
2014-02-28,79.97,80.418,79.37,79.37
2014-02-27,79.35,80.21,79.14,79.96
2014-02-26,79.01,80.37,78.94,80.09
2014-02-25,79.07,79.75,78.89,79.75
2014-02-24,78.98,79.82,78.88,79.82
2014-02-21,79.91,80.443,79.86,79.87
2014-02-20,79.08,79.92,79.08,79.92
2014-02-19,79.7,80.21,79.7,79.83
2014-02-18,79.22,79.89,78.88,79.68
2014-02-17,79.24,79.98,79.21,79.98
2014-02-14,80.614,80.614,80.09,80.09
2014-02-13,80.7,81.09,80.2,80.614
2014-02-12,79.4,80.63,79.4,80.63
2014-02-11,80.4,80.797,80.15,80.15
2014-02-10,80.869,80.957,80.4,80.4
2014-02-07,80.605,81.255,80.415,80.45
2014-02-06,80.25,80.66,79.75,80.66
2014-02-05,80.33,80.99,80.14,80.99
2014-02-04,80.3,81.5,80.25,81.08
2014-02-03,80.54,81.14,80.24,81.05
2014-01-31,81.65,81.65,81.358,81.36
2014-01-30,80.225,81.65,80.225,81.65
2014-01-29,81.15,81.15,80.225,80.225
2014-01-28,80.16,81.15,80.16,81.15
2014-01-27,79.39,80.16,79.18,80.16
2014-01-24,81.005,81.05,80.365,81.05
2014-01-23,80.825,81.417,80.825,81.005
2014-01-22,80.08,80.91,79.97,80.91
2014-01-21,80.14,81.35,80.05,80.83
2014-01-20,80.12,80.88,80.03,80.88
2014-01-17,79.73,81.5,79.73,81.04
2014-01-16,79.81,80.95,79.57,80.49
2014-01-15,79.39,81,79.38,80.56
2014-01-14,79.42,80.2,79.33,80.13
2014-01-13,79.48,80.17,79.41,80.17
2014-01-10,81,81,79.78,80.61
2014-01-09,79.98,81.1,79.67,80.69
2014-01-08,80.37,81,79.74,80.75
2014-01-07,79.68,80.51,79.52,80.51
2014-01-06,79.83,80.75,79.55,80.44
2014-01-03,81,81.525,80.692,81.5
2014-01-02,80.234,81.05,79.25,81
2014-01-01,79.25,80.234,79.25,80.234
2013-12-31,80.35,80.35,79.25,79.25
2013-12-30,80.239,80.5,80.058,80.35
2013-12-27,79.31,80,78.7,79.8
2013-12-26,79.33,80.55,79.27,80.06
2013-12-24,79.87,80.95,79.87,80.95
2013-12-23,80.65,81,79.87,79.87
2013-12-20,81.05,81.05,80.762,81
2013-12-19,80.6,81.05,80.567,81.05
2013-12-18,80.5,80.6,80.091,80.6
2013-12-17,78.85,80,78.82,79.63
2013-12-16,80.239,80.65,79.978,80.65
2013-12-13,80.545,80.775,80.205,80.775
2013-12-12,80.2,80.545,80.004,80.545
2013-12-11,79.73,80.225,79.73,80.2
2013-12-10,78.99,79.67,78.73,79.67
2013-12-09,80.462,81,80.382,80.725
2013-12-06,81.15,81.15,80.641,81
2013-12-05,80.38,81.5,80.38,81.15
2013-12-04,80.48,81.172,80.38,80.38
2013-12-03,81.725,81.725,80.48,80.48
2013-12-02,81.119,81.725,81.066,81.725
2013-11-29,81.114,81.7,81.009,81.5
2013-11-28,79.81,80.61,79.77,80.61
2013-11-27,81.75,81.75,81.7,81.7
2013-11-26,82.05,82.05,81.399,81.75
2013-11-25,81.334,82.05,80.89,82.05
2013-11-22,82.25,82.25,80.89,80.89
2013-11-21,82.5,82.5,81.884,82.25
2013-11-20,80.26,82.1,80.17,81.56
2013-11-19,82.05,82.05,81.85,81.905
2013-11-18,81.7,82.2,81.614,82.05
2013-11-15,81.965,82.3,81.956,82.2
2013-11-14,81.734,82.425,81.734,81.965
2013-11-13,81.443,82.425,81.443,81.734
2013-11-12,81.795,82.5,81.443,81.443
2013-11-11,81.887,82.25,80.9,81.795
2013-11-08,81.935,81.935,80.9,80.9
2013-11-07,81.194,81.935,81.194,81.935
2013-11-06,81.091,82.25,81.091,81.194
2013-11-05,81.091,82.275,80.982,81.091
2013-11-04,81.272,82.05,81.091,81.091
2013-11-01,80.715,81.12,80.715,81.12
2013-10-31,79.06,81.1,79.05,80.71
2013-10-30,79.03,79.81,78.8,79.81
2013-10-29,78.78,80,78.62,79.76
2013-10-28,78.64,79.54,78.62,79.54
2013-10-25,79.479,80.225,79.41,80.2
2013-10-24,78.84,79.44,78.56,79.44
2013-10-23,78.79,79.99,78.74,79.59
2013-10-22,79.38,80.4,78.74,79.56
2013-10-21,79.43,80.5,79.25,80.13
2013-10-18,80.803,81.2,80.09,80.395
2013-10-17,80.24,80.96,79.39,80.16
2013-10-16,80.29,81.53,80.05,81
2013-10-15,80.07,81.05,80.05,81.05
2013-10-14,80.07,80.92,79.88,80.83
2013-10-11,81.038,81.5,80.8,81.5
2013-10-10,80.32,81.51,80.19,81.07
2013-10-09,80.01,81.55,79.83,81.05
2013-10-08,79.96,81.05,79.81,80.76
2013-10-07,79.94,80.76,79.9,80.71
2013-10-04,80.435,81.5,80.435,81.5
2013-10-03,80.716,81.5,80.435,80.435
2013-10-02,80.29,81.05,79.83,80.73
2013-10-01,80.27,81.4,79.98,81.04
2013-09-30,80.47,81.5,80.12,81.04
2013-09-27,80.52,81.55,80.07,81.05
2013-09-26,80.29,81.5,80.27,81.27
2013-09-25,80.61,81.24,80.24,81.04
2013-09-24,80.48,81.7,80.34,81.36
2013-09-23,80.42,81.6,80.31,81.24
2013-09-20,80.24,81.04,80.16,81.04
2013-09-19,81.105,81.105,80.879,80.995
2013-09-18,81.34,81.42,80.2,81.05
2013-09-17,82.192,82.192,82.034,82.034
2013-09-16,81.36,82.28,81.13,82.19
2013-09-13,81.66,82.98,81.53,82.43
2013-09-12,81.58,82.41,81.51,82.41
2013-09-11,81.85,82.33,81.52,82.33
2013-09-10,81.93,82.61,81.81,82.61
2013-09-09,82.39,82.68,81.78,82.68
2013-09-06,82.77,83.14,82.36,83.14
2013-09-05,82.23,83.51,82.14,83.51
2013-09-04,82.46,82.98,82.16,82.98
2013-09-03,82.31,83.2,82.29,83.2
2013-09-02,82.12,83.06,82.11,83.06
2013-08-30,82.02,82.88,82,82.88
2013-08-29,81.42,83.3,81.39,82.78
2013-08-28,81.09,82.6,81.08,82.17
2013-08-27,81.2,81.83,81.07,81.83
2013-08-26,81.901,83,81.901,81.94
2013-08-23,81.31,81.9,81,81.9
2013-08-22,81.32,82.5,81.21,82.06
2013-08-21,80.94,82.1,80.9,82.06
2013-08-20,81.39,82.05,80.74,81.69
2013-08-19,82.641,83.075,82.249,82.394
2013-08-16,82.105,83.125,82.105,82.975
2013-08-15,82.203,83.05,82.105,82.105
2013-08-14,82.915,83.145,82.203,82.203
2013-08-13,82.494,82.975,82.494,82.915
2013-08-12,82.95,83.15,82.491,82.494
2013-08-09,81.919,83.225,81.919,83
2013-08-08,82.703,83.225,81.919,81.919
2013-08-07,82.729,83.375,82.703,82.703
2013-08-06,83.033,83.375,82.729,82.729
2013-08-05,82.45,83.525,82.45,83.033
2013-08-02,82.998,83.85,82.927,83.5
2013-08-01,81.63,82.98,81.58,82.98
2013-07-31,81.91,82.39,81.38,82.39
2013-07-30,81.88,82.63,81.66,82.63
2013-07-29,81.87,83.18,81.68,82.64
2013-07-26,82.62,82.65,81.69,82.54
2013-07-25,83.1,83.37,82.51,83.37
2013-07-24,82.96,83.86,82.76,83.86
2013-07-23,83.19,83.71,82.87,83.71
2013-07-22,83.39,83.95,83,83.95
2013-07-19,83.68,84.21,83.41,84.21
2013-07-18,83.58,84.43,83.56,84.43
2013-07-17,83.35,84.34,83.27,84.34
2013-07-16,83.82,84.08,83.28,84.08
2013-07-15,84.701,85.025,84.441,84.455
2013-07-12,83.97,84.69,83.8,84.69
2013-07-11,84.53,84.62,83.09,84.52
2013-07-10,85.83,85.87,84.49,85.28
2013-07-09,85.25,86.58,85.12,86.58
2013-07-08,85.52,85.99,85.16,85.99
2013-07-05,84.95,86.25,84.92,86.25
2013-07-04,84.33,85.71,84.28,85.71
2013-07-03,84.52,85.08,84.19,85.08
2013-07-02,83.98,85.28,83.9,85.28
2013-07-01,83.88,84.73,83.88,84.73
2013-06-28,84.15,85.07,83.73,85.07
2013-06-27,82.75,84.89,82.75,84.89
2013-06-26,82.78,83,82.75,83
2013-06-25,82.82,83.03,82.78,83.03
2013-06-24,82.87,83.07,82.82,83.07
2013-06-21,82.98,83.12,82.78,83.12
2013-06-20,81.8,83.73,81.8,83.73
2013-06-19,81.92,82.05,81.79,82.05
2013-06-18,82.07,82.66,81.77,82.66
2013-06-17,82.4,82.82,81.98,82.82
2013-06-14,82.02,82.94,82.02,82.94
2013-06-13,82.25,82.77,82,82.77
2013-06-12,82.4,83.01,82.11,83.01
2013-06-11,82.75,83.15,82.37,83.15
2013-06-10,82.77,83.5,82.68,83.5
2013-06-07,82.82,83.71,82.59,83.71
2013-06-06,83.78,83.83,82.45,83.57
2013-06-05,83.92,84.53,83.66,84.53
2013-06-04,83.9,84.17,83.74,84.17
2013-06-03,84.58,84.68,83.73,84.64
2013-05-31,84.06,85.145,83.99,85.145
2013-05-30,84.76,84.82,83.99,84.8
2013-05-29,85.31,85.54,84.54,85.54
2013-05-28,84.82,86.08,84.72,86.08
2013-05-27,84.48,85.57,84.48,85.57
2013-05-24,84.81,85.01,84.47,84.73
2013-05-23,85.32,85.56,84.68,85.56
2013-05-22,84.99,86.06,84.4,86.06
2013-05-21,85.14,85.75,84.82,85.75
2013-05-20,85.55,85.91,85.03,85.91
2013-05-17,85.14,86.2,85.05,86.2
2013-05-16,83.65,85.9,83.65,85.9
2013-05-15,83.66,83.9,83.65,83.9
2013-05-14,83.7,83.91,83.66,83.91
2013-05-13,83.75,83.95,83.7,83.95
2013-05-10,83.78,84.02,83.77,84.02
2013-05-09,83.82,84.03,83.78,84.03
2013-05-08,83.85,84.07,83.82,84.07
2013-05-07,83.9,84.1,83.85,84.1
2013-05-06,84.05,84.65,83.61,84.65
2013-05-03,83.97,84.38,83.12,84.38
2013-05-02,82.95,84.71,82.95,84.71
2013-05-01,83.32,83.36,82.93,83.2
2013-04-30,83.74,84.07,83.2,84.07
2013-04-29,84.25,84.49,83.68,84.49
2013-04-26,84.31,84.94,84.1,84.94
2013-04-25,84.28,85.05,83.78,85.05
2013-04-24,83.7,85.02,83.7,85.02
2013-04-23,83.7,83.95,83.7,83.95
2013-04-22,83.77,83.95,83.7,83.95
2013-04-19,84.05,84.08,83.77,84.02
2013-04-18,84.18,84.8,83.77,84.8
2013-04-17,83.25,84.92,83.12,84.92
2013-04-16,84.17,84.21,83.1,84.01
2013-04-15,83.8,84.92,83.69,84.92
2013-04-12,83.73,84.41,83.57,84.41
2013-04-11,83.94,84.48,83.5,84.48
2013-04-10,83.85,84.69,83.61,84.69
2013-04-09,84.33,84.6,83.72,84.6
2013-04-08,84.2,85.07,84.15,85.07
2013-04-05,85.75,85.75,84.13,85.17
2013-04-04,85.36,86,85.34,86
2013-04-03,85.58,86.13,85.27,86.13
2013-04-02,85.5,86.33,85.29,86.33
2013-04-01,85.52,85.77,85.52,85.77
2013-03-29,85.59,86.32,85.45,86.32
2013-03-28,85.83,86.35,85.41,86.35
2013-03-27,85.29,86.59,85.25,86.59
2013-03-26,85.36,86.05,85.11,86.05
2013-03-25,84.68,86.105,84.25,86.105
2013-03-22,85.05,85.11,84.34,84.93
2013-03-21,84.83,85.8,84.68,85.8
2013-03-20,85.15,85.57,84.54,85.57
2013-03-19,84.68,85.91,84.6,85.91
2013-03-18,83.92,85.41,83.92,85.41
2013-03-15,84.36,84.4,83.7,84.17
2013-03-14,84.64,85.1,84.19,85.1
2013-03-13,84.16,85.39,83.98,85.39
2013-03-12,84.09,84.91,83.9,84.91
2013-03-11,84.5,84.85,84.05,84.85
2013-03-08,83.71,85.15,83.52,85.15
2013-03-07,84.6,84.6,83.62,84.44
2013-03-06,82.96,85.35,82.96,85.35
2013-03-05,84.22,85.02,83.9,85.02
2013-03-04,82.93,84.96,82.93,84.96
2013-03-01,82.95,83.18,82.93,83.18
2013-02-28,82.97,83.2,82.95,83.2
2013-02-27,82.98,83.22,82.97,83.22
2013-02-26,83,83.23,82.98,83.23
2013-02-25,83.04,83.25,83,83.25
2013-02-22,83.17,83.29,83.04,83.29
2013-02-21,82.6,83.93,82.2,83.93
2013-02-20,81.94,83.34,81.69,83.34
2013-02-19,82.18,82.69,81.89,82.69
2013-02-18,82.2,82.92,82.01,82.92
2013-02-15,82.2,82.45,82.02,82.35
2013-02-14,81.4,82.45,81.4,82.45
2013-02-13,81.54,81.7,81.13,81.65
2013-02-12,81.83,82.29,81.41,82.29
2013-02-11,82.12,82.58,81.71,82.58
2013-02-08,81.89,82.37,81.42,82.37
2013-02-07,81.12,82.63,80.8,82.63
2013-02-06,80.77,81.87,80.75,81.87
2013-02-05,80.5,81.26,80.5,81.02
2013-02-04,80.28,80.75,80.28,80.75
2013-02-01,80.8,81.08,80.02,81.08
2013-01-31,80.86,81.52,80.7,81.52
2013-01-30,81.3,81.61,80.74,81.61
2013-01-29,81.53,82.06,81.27,82.06
2013-01-28,81.48,82.28,81.4,82.28
2013-01-25,82.28,82.28,81.39,82.26
2013-01-24,82.45,82.53,81.92,82.53
2013-01-23,82.34,82.7,82.25,82.7
2013-01-22,82.4,83.09,82.07,83.09
2013-01-21,82.33,83.14,82.29,83.14
2013-01-18,82.01,83.5,81.97,83.5
2013-01-17,82.55,82.79,81.95,82.79
2013-01-16,82.45,83.3,82.32,83.3
2013-01-15,81.97,83.2,81.9,83.2
2013-01-14,82.7,82.72,81.91,82.72
2013-01-11,82.66,83.12,82,82.95
2013-01-10,83.98,84.08,82.65,83.4
2013-01-09,82.95,84.72,82.95,84.72
2013-01-08,82.95,83.95,82.95,83.2
2013-01-07,82.95,84,82.95,83.2
2013-01-04,82.95,84.05,82.95,83.2
2013-01-03,82.95,83.34,82.95,83.2
2013-01-02,82.95,83.5,82.95,83.2
2013-01-01,83.5,83.5,82.983,83.03
2012-12-31,82.95,83.25,82.95,83.2
2012-12-28,83,83.2,82.95,83.2
2012-12-27,82.95,83.2,82.95,83.2
2012-12-26,82.95,83.2,82.95,83.2
2012-12-25,83.744,83.757,83.744,83.757
2012-12-24,83.28,83.52,83,83.52
2012-12-21,83.28,83.53,83.28,83.53
2012-12-20,83.28,83.53,83,83.53
2012-12-19,83.28,83.53,82.5,83.53
2012-12-18,83.3,83.75,83,83.75
2012-12-17,83.3,83.55,83.3,83.55
2012-12-14,83.87,83.95,83.28,83.55
2012-12-13,84.78,84.78,83.74,84.12
2012-12-12,84.8,85.03,84,85.03
2012-12-11,84.77,85,84.5,85
2012-12-10,84.18,85.52,84.18,85.52
2012-12-07,84.6,85.06,84.18,84.43
2012-12-06,83.94,85.35,83.83,85.35
2012-12-05,83.78,84.7,83.63,84.7
2012-12-04,84.03,84.53,83.69,84.53
2012-12-03,84.33,84.8,83.9,84.8
2012-11-30,84.53,84.6,84.23,84.58
2012-11-29,84.69,85.28,84.3,85.28
2012-11-28,84.75,85.45,84.68,85.45
2012-11-27,84.58,85.5,84.58,85.5
2012-11-26,84.75,85.265,84.51,85.265
2012-11-23,85.15,85.53,84.45,85.5
2012-11-22,85.51,85.895,85.05,85.895
2012-11-21,85.57,86.26,85.49,86.26
2012-11-20,86.1,86.34,85.53,86.34
2012-11-19,86.12,86.35,86,86.35
2012-11-16,85.84,86.86,85.8,86.86
2012-11-15,86.13,86.58,85.69,86.58
2012-11-14,86.35,86.89,85.87,86.89
2012-11-13,86.31,87.1,86.19,87.1
2012-11-12,86.32,87.065,86.14,87.065
2012-11-09,86.06,87.07,86,87.07
2012-11-08,85.89,86.81,85.83,86.81
2012-11-07,85.61,86.65,85.25,86.65
2012-11-06,85.73,86.35,85.51,86.35
2012-11-05,85.1,86.49,85.1,86.49
2012-11-02,84.77,86.19,84.55,86.19
2012-11-01,84.64,85.51,84.5,85.51
2012-10-31,84.95,85.395,84.25,85.395
2012-10-30,84.97,85.2,84.95,85.2
2012-10-29,84.98,85.22,84.97,85.22
2012-10-26,84.45,85.51,84.45,85.51
2012-10-25,84.55,85,84.24,84.7
2012-10-24,84.47,85.3,84.43,85.3
2012-10-23,84.01,85.24,83.89,85.24
2012-10-22,84,84.76,83.85,84.76
2012-10-19,83.95,84.3,83.72,84.25
2012-10-18,83.63,84.71,83.56,84.71
2012-10-17,84,84.37,83.5,84.37
2012-10-16,84.72,84.85,83.99,84.85
2012-10-15,84.55,85.46,84.51,85.46
2012-10-12,84.86,85.44,84.45,85.44
2012-10-11,85.19,85.6,84.71,85.6
2012-10-10,85.14,85.95,84.93,85.95
2012-10-09,84.58,85.89,84.46,85.89
2012-10-08,84.75,85.33,84.53,85.33
2012-10-05,84.69,85.34,84.35,85.34
2012-10-04,85.44,85.46,84.6,85.43
2012-10-03,84.1,86.185,84.1,86.185
2012-10-02,84.1,85.8,84.1,85.8
2012-10-01,84.1,85,84.1,84.35
2012-09-28,84.1,85.25,84.1,84.35
2012-09-27,84.1,85,84.1,84.35
2012-09-26,84.1,85.5,84.1,84.35
2012-09-25,84.11,84.75,84.1,84.35
2012-09-24,84.12,85,84.11,84.36
2012-09-21,84.15,84.9,84.1,84.9
2012-09-20,84.15,85.75,84.15,85.75
2012-09-19,84.15,84.4,84,84.4
2012-09-18,84.15,84.75,84.1,84.75
2012-09-17,84.18,84.4,84,84.4
2012-09-14,85.52,85.52,83.85,84.725
2012-09-13,85.47,85.77,85.26,85.77
2012-09-12,86.2,86.225,85.23,86.225
2012-09-11,86.2,86.45,85.66,86.45
2012-09-10,86.42,86.45,86.11,86.45
2012-09-07,87.28,87.55,86.02,86.78
2012-09-06,87.48,88.03,87.17,88.03
2012-09-05,87.58,88.24,87.34,88.24
2012-09-04,87.68,87.83,87.34,87.83
2012-09-03,87.85,87.93,87.44,87.93
2012-08-31,87.85,88.15,87.24,88.1
2012-08-30,87.85,88.29,87.75,88.1
2012-08-29,87.72,88.1,87.68,88.1
2012-08-28,88,88.3,87.66,87.97
2012-08-27,88.08,88.28,87.95,88.25
2012-08-24,87.74,88.86,87.71,88.86
2012-08-23,88,88.6,87.58,88.49
2012-08-22,88.68,88.745,87.94,88.745
2012-08-21,89.6,89.6,88.38,88.93
2012-08-20,89.25,89.85,89.14,89.85
2012-08-17,89.25,89.5,89.25,89.5
2012-08-16,89.5,89.75,89,89.75
2012-08-15,89.25,89.5,89.25,89.5
2012-08-14,89.3,89.52,89,89.5
2012-08-13,89.83,89.83,89.1,89.55
2012-08-10,89.59,90.45,89.52,90.45
2012-08-09,89.15,90.35,89,90.35
2012-08-08,88.91,89.91,88.68,89.91
2012-08-07,88.91,89.67,88.6,89.67
2012-08-06,89.93,89.93,88.5,89.66
2012-08-03,89.48,90.42,88.97,89.75
2012-08-02,89.48,90.86,88.89,89.73
2012-08-01,89.61,89.82,89.38,89.73
2012-07-31,89.93,90.37,89,90.37
2012-07-30,89.48,90.69,89.48,90.69
2012-07-27,89.5,90.06,89,89.75
2012-07-26,90.68,90.99,89.44,89.75
2012-07-25,91.42,91.47,90.62,91.43
2012-07-24,91.2,92.165,90.96,92.165
2012-07-23,90.7,91.35,90.5,91.125
2012-07-20,89.78,91.44,89.76,91.44
2012-07-19,89.93,90.52,89.25,90.52
2012-07-18,89.8,90.25,89.68,90.18
2012-07-17,89.84,90.45,89.4,90.05
2012-07-16,90.45,90.59,89.5,90.59
2012-07-13,90.38,90.7,89.75,90.7
2012-07-12,89.95,91.13,89.95,91.13
2012-07-11,90.01,90.84,89.66,90.84
2012-07-10,89.53,90.75,89.38,90.75
2012-07-09,89.08,90.24,89,90.24
2012-07-06,88.95,89.87,88.9,89.33
2012-07-05,88.01,89.2,87.8,89.2
2012-07-04,87.65,88.78,87.44,88.78
2012-07-03,87.63,88.2,87,88.2
2012-07-02,87,88.36,87,88.36
2012-06-29,88.63,88.75,86.75,87.25
2012-06-28,88.45,89.39,88.17,89.39
2012-06-27,88.26,88.75,88,88.75
2012-06-26,88.19,89.02,87.9,89.02
2012-06-25,87.92,88.92,87.92,88.92
2012-06-22,87.87,88.17,87.62,88.17
2012-06-21,86.75,88.65,86.75,88.65
2012-06-20,86.95,87.23,86.5,87
2012-06-19,87.4,87.66,86.5,87.15
2012-06-18,87.35,87.65,87.35,87.65
2012-06-15,87.3,87.75,87,87.75
2012-06-14,87.74,88.04,86.95,88.04
2012-06-13,88.17,88.525,87.25,88.525
2012-06-12,88.44,88.87,87.85,88.87
2012-06-11,88.55,89.15,87.23,89.15
2012-06-08,87.76,88.83,87.55,88.83
2012-06-07,87.66,88.55,87.25,88.51
2012-06-06,88.55,88.55,86.95,88.45
2012-06-05,88.35,88.8,88.35,88.8
2012-06-04,88.8,88.8,86.7,87.75
2012-06-01,88,88.75,88,88.75
2012-05-31,88.634,89.5,88.189,88.455
2012-05-30,87.95,88.2,87.95,88.2
2012-05-29,87.65,88.2,85.2,88.2
2012-05-28,87.65,87.9,87.65,87.9
2012-05-25,87.65,87.9,87.65,87.9
2012-05-24,87.05,87.9,87.05,87.9
2012-05-23,86.5,87.3,86.5,87.3
2012-05-22,86.1,86.75,85.5,86.75
2012-05-21,86.85,86.85,83.8,84.7
2012-05-18,86.85,87.1,86,87.1
2012-05-17,86.2,87.1,86,87.1
2012-05-16,86.2,86.85,86.1,86.85
2012-05-15,85.9,86.45,85.5,86.45
2012-05-14,85.2,86.15,83.25,86.15
2012-05-11,85,85.45,85,85.45
2012-05-10,85.2,85.25,84.7,85.25
2012-05-09,84.75,85.45,84.75,85.45
2012-05-08,84.55,85,84.55,85
2012-05-07,84.1,84.8,84.1,84.8
2012-05-04,83.7,84.35,83.7,84.35
2012-05-03,83.9,83.95,83.5,83.95
2012-05-02,83.05,84.15,83.05,84.15
2012-05-01,83.4,83.4,83.05,83.3
2012-04-30,83.24,83.65,83.24,83.65
2012-04-27,83.45,83.49,83.24,83.49
2012-04-26,83.7,83.7,83.45,83.7
2012-04-25,83.7,83.95,83.7,83.95
2012-04-24,83.95,83.95,83.7,83.95
2012-04-23,84.02,84.2,83.95,84.2
2012-04-20,84.25,84.5,84.25,84.5
2012-04-19,84.35,84.5,84.25,84.5
2012-04-18,84.25,84.6,84.25,84.6
2012-04-17,84.26,84.5,84.25,84.5
2012-04-16,84.05,84.51,84.05,84.51
2012-04-13,83.85,84.3,83.65,84.3
2012-04-12,83.95,84.1,83.85,84.1
2012-04-11,83.97,84.2,83.95,84.2
2012-04-10,84.4,84.4,83.97,84.22
2012-04-09,84.25,84.65,84.25,84.65
2012-04-06,84.45,84.5,84.25,84.5
2012-04-05,84,84.7,84,84.7
2012-04-04,82.8,84.25,82.8,84.25
2012-04-03,82.8,83.05,82.8,83.05
2012-04-02,82.6,83.05,82.6,83.05
2012-03-30,82.95,82.95,82.6,82.85
2012-03-29,82.8,83.2,82.8,83.2
2012-03-28,82.75,83.75,82.75,83.05
2012-03-27,82.75,83,82.75,83
2012-03-26,83.32,83.32,82.75,83
2012-03-23,83.75,83.75,83.32,83.57
2012-03-22,83.5,84,83.5,84
2012-03-21,83.75,83.8,83.729,83.8
2012-03-20,83.625,83.767,83.625,83.75
2012-03-19,84.008,84.008,83.625,83.625
2012-03-16,84.45,84.642,83.875,83.875
2012-03-15,84.75,84.75,84.45,84.45
2012-03-14,84,84.75,84,84.75
2012-03-13,82.75,84.252,82.75,84
2012-03-12,84,84.5,82.75,82.75
2012-03-09,84.025,84.025,83.5,84
2012-03-08,84.375,84.375,84.025,84.025
2012-03-07,84.375,84.375,84.062,84.375
2012-03-06,83.75,84.5,83.576,84.375
2012-03-05,83.288,84,83.282,83.75
2012-03-02,82.85,84,82.85,84
2012-03-01,82.45,83.836,82.45,82.85
2012-02-29,82.45,83.784,82.45,82.45
2012-02-28,82.75,83.828,82.45,82.45
2012-02-27,83.629,83.82,82.75,82.75
2012-02-24,83.25,83.835,83.25,83.835
2012-02-23,83.35,83.836,83.25,83.25
2012-02-22,84,84,83.35,83.35
2012-02-21,84.016,84.036,83.817,84
2012-02-20,83.805,84.016,83.805,84.016
2012-02-17,83.896,84.25,83.882,84.25
2012-02-16,84.75,84.75,83.896,83.896
2012-02-15,84.25,84.75,83.839,84.75
2012-02-14,83.65,84.25,83.65,84.25
2012-02-13,84.136,84.136,83.65,83.65
2012-02-10,83.35,84.125,83.35,84.075
2012-02-09,84.054,84.054,83.35,83.35
2012-02-08,83.5,84.054,83.5,84.054
2012-02-07,82.25,84.009,82.25,83.5
2012-02-06,83.995,83.995,82.25,82.25
2012-02-03,84.325,84.5,83.98,84.375
2012-02-02,84.05,84.325,84.05,84.325
2012-02-01,84.85,84.85,84.005,84.05
2012-01-31,84.229,84.85,84.229,84.85
2012-01-30,83.472,84.75,83.472,84.229
2012-01-27,84.85,84.85,83.999,84.25
2012-01-26,85.375,85.375,84.85,84.85
2012-01-25,85.25,85.375,85.25,85.375
2012-01-24,84.215,85.25,84.215,85.25
2012-01-23,85.364,85.74,84.215,84.215
2012-01-20,85.75,85.8,85.65,85.65
2012-01-19,86.375,86.375,85.75,85.75
2012-01-18,84.75,86.449,84.75,86.375
2012-01-17,86.531,86.573,84.75,84.75
2012-01-16,86.954,86.954,86.531,86.531
2012-01-13,86.8,87.625,86.3,87.625
2012-01-12,87,87,85.773,86.8
2012-01-11,86.625,87,86.299,87
2012-01-10,87,87,86.27,86.625
2012-01-09,86.851,87,86.282,87
2012-01-06,86.75,87.125,85.74,87.125
2012-01-05,84.811,86.75,84.811,86.75
2012-01-04,84.75,84.811,84.75,84.811
2012-01-03,85.211,85.503,84.75,84.75
2012-01-02,85.701,85.701,85.211,85.211
2011-12-30,85.25,85.75,85.25,85.75
2011-12-29,85.75,85.75,85.25,85.25
2011-12-28,84.625,85.75,84.6,85.75
2011-12-27,84.502,84.625,84.386,84.625
2011-12-26,84.502,84.502,84.502,84.502
2011-12-23,85.025,85.125,84.373,85.125
2011-12-22,84.24,85.025,84.24,85.025
2011-12-21,84.725,84.725,84.24,84.24
2011-12-20,85.1,85.1,84.725,84.725
2011-12-19,84.771,85.1,84.771,85.1
2011-12-16,85.25,85.25,85.175,85.175
2011-12-15,85.25,85.25,84.725,85.25
2011-12-14,84.85,85.25,84.85,85.25
2011-12-13,84,84.85,83.458,84.85
2011-12-12,83.025,84,83.025,84
2011-12-09,83.35,83.35,82.784,82.784
2011-12-08,82.8,83.35,82.371,83.35
2011-12-07,82.75,82.8,82.209,82.8
2011-12-06,82.25,82.75,82.25,82.75
2011-12-05,82.376,82.376,82.25,82.25
2011-12-02,82.2,82.2,81.05,81.05
2011-12-01,82.5,82.5,82.2,82.2
2011-11-30,82.704,82.925,82.5,82.5
2011-11-29,82.833,82.833,82.704,82.704
2011-11-28,83.3,83.3,82.833,82.833
2011-11-25,82.309,83.257,82.309,83.257
2011-11-24,82.34,82.34,82.309,82.309
2011-11-23,81.423,82.34,81.423,82.34
2011-11-22,82.03,82.03,81.423,81.423
2011-11-21,81.543,82.03,81.543,82.03
2011-11-18,81.997,81.997,81.224,81.224
2011-11-17,81.818,81.997,81.818,81.997
2011-11-16,81.431,81.818,81.431,81.818
2011-11-15,80.74,81.431,80.74,81.431
2011-11-14,80.201,80.74,80.201,80.74
2011-11-11,81.25,81.25,80.875,80.875
2011-11-10,80.825,81.25,80.825,81.25
2011-11-09,80.3,80.825,80.3,80.825
2011-11-08,80.25,80.3,80.101,80.3
2011-11-07,79.929,80.25,79.525,80.25
2011-11-04,80.118,80.75,79.78,80.75
2011-11-03,80.034,80.118,80.034,80.118
2011-11-02,80.671,80.671,80.034,80.034
2011-11-01,78.715,80.671,78.715,80.671
2011-10-31,77.938,78.715,77.938,78.715
2011-10-28,78.875,78.875,78.15,78.15
2011-10-27,79.625,79.625,78.875,78.875
2011-10-26,79.8,79.8,79.625,79.625
2011-10-25,79.75,79.8,79.078,79.8
2011-10-24,79.296,79.75,79.296,79.75
2011-10-21,79.958,80,79.958,80
2011-10-20,79.644,79.958,79.644,79.958
2011-10-19,80.175,80.175,79.644,79.644
2011-10-18,80.5,80.513,80.175,80.175
2011-10-17,80.115,80.5,79.964,80.5
2011-10-14,80.75,80.75,79.875,79.875
2011-10-13,80.75,80.75,80.321,80.75
2011-10-12,80.956,81.285,80.75,80.75
2011-10-11,81.152,81.75,80.956,80.956
2011-10-10,81.607,81.607,81.152,81.152
2011-10-07,82.75,82.75,82.25,82.25
2011-10-06,83,83,82.75,82.75
2011-10-05,82.618,83,82.576,83
2011-10-04,84,84,82.618,82.618
2011-10-03,82.375,84,82.375,84
2011-09-30,80.997,82.375,80.997,82.375
2011-09-29,81.5,81.5,80.997,80.997
2011-09-28,82,82,81.5,81.5
2011-09-27,82.35,82.35,82,82
2011-09-26,81.675,82.35,81.641,82.35
2011-09-23,82.057,82.057,81.899,81.899
2011-09-22,80.65,82.057,80.65,82.057
2011-09-21,80.75,80.75,80.65,80.65
2011-09-20,80.703,80.75,79.525,80.75
2011-09-19,80.4,80.703,80.4,80.703
2011-09-16,79.75,80.4,79.75,80.4
2011-09-15,80.17,80.17,79.75,79.75
2011-09-14,80.848,81.025,80.17,80.17
2011-09-13,81.05,81.05,80.848,80.848
2011-09-12,80.762,81.05,80.762,81.05
2011-09-09,78.481,81,78.481,81
2011-09-08,78.5,78.5,78.481,78.481
2011-09-07,77.9,78.5,77.9,78.5
2011-09-06,78.063,78.063,77.9,77.9
2011-09-05,77.606,78.063,77.606,78.063
2011-09-02,77.65,78.125,77.337,78.125
2011-09-01,77.175,77.65,77.175,77.65
2011-08-31,76.875,77.175,76.365,77.175
2011-08-30,76.35,76.875,76.35,76.875
2011-08-29,76.061,76.35,76.043,76.35
2011-08-26,77.05,77.05,76.575,76.575
2011-08-25,76.8,77.05,76.344,77.05
2011-08-24,76.875,76.875,76.8,76.8
2011-08-23,77,77,76.875,76.875
2011-08-22,76.548,77,76.441,77
2011-08-19,76.709,76.75,76.709,76.75
2011-08-18,76.337,76.709,76.337,76.709
2011-08-17,76.671,76.696,76.337,76.337
2011-08-16,76.366,76.695,76.302,76.671
2011-08-15,77.448,77.448,76.366,76.366
2011-08-12,77.646,77.646,77.449,77.449
2011-08-11,76.692,77.646,76.692,77.646
2011-08-10,77.292,77.292,76.692,76.692
2011-08-09,76.939,77.292,76.939,77.292
2011-08-08,77.23,77.23,76.939,76.939
2011-08-05,77.954,77.954,77.872,77.872
2011-08-04,77.063,77.954,76.82,77.954
2011-08-03,77.511,77.618,77.063,77.063
2011-08-02,76.382,77.715,76.382,77.511
2011-08-01,76.589,76.589,76.382,76.382
2011-07-29,77.625,77.625,77.25,77.25
2011-07-28,76.775,77.625,76.775,77.625
2011-07-27,76.875,76.875,76.775,76.775
2011-07-26,77.25,77.25,76.875,76.875
2011-07-25,76.763,77.25,76.729,77.25
2011-07-22,77.625,77.625,77.3,77.3
2011-07-21,78.188,78.188,77.625,77.625
2011-07-20,78.25,78.25,78.188,78.188
2011-07-19,78.75,78.75,78.25,78.25
2011-07-18,77.881,78.75,77.881,78.75
2011-07-15,78.5,78.5,78.425,78.425
2011-07-14,78.25,78.5,77.713,78.5
2011-07-13,79.25,79.25,78.25,78.25
2011-07-12,78.75,79.25,78.75,79.25
2011-07-11,77.381,78.75,77.381,78.75
2011-07-08,77.25,77.75,77.25,77.75
2011-07-07,76.825,77.25,76.825,77.25
2011-07-06,75.85,76.825,75.85,76.825
2011-07-05,75.947,76.193,75.85,75.85
2011-07-04,76.491,76.491,75.947,75.947
2011-07-01,76.625,76.696,76.375,76.375
2011-06-30,76.75,76.875,76.625,76.625
2011-06-29,77.25,77.748,76.75,76.75
2011-06-28,77.75,77.75,77.25,77.25
2011-06-27,77.703,77.75,77.281,77.75
2011-06-24,77.525,77.72,77.525,77.72
2011-06-23,76.9,77.525,76.9,77.525
2011-06-22,76.75,76.9,76.75,76.9
2011-06-21,77.525,77.525,76.75,76.75
2011-06-20,77.067,77.525,77.067,77.525
2011-06-17,78,78,77,77
2011-06-16,77.107,78,77.107,78
2011-06-15,76.447,77.107,76.447,77.107
2011-06-14,77.275,77.275,76.447,76.447
2011-06-13,76.15,77.275,76.15,77.275
2011-06-10,76.425,76.85,75.619,76.85
2011-06-09,76.125,76.425,75.652,76.425
2011-06-08,75.565,76.125,75.212,76.125
2011-06-07,75.975,75.975,75.565,75.565
2011-06-06,75.419,75.975,75.38,75.975
2011-06-03,76.5,76.5,75.875,75.875
2011-06-02,77.225,77.225,76.5,76.5
2011-06-01,76.558,77.225,76.558,77.225
2011-05-31,77.197,77.197,76.558,76.558
2011-05-30,77.088,77.197,77.088,77.197
2011-05-27,78.5,78.5,78.05,78.05
2011-05-26,78.725,78.725,78.5,78.5
2011-05-25,78.234,78.725,78.234,78.725
2011-05-24,78.625,78.625,78.234,78.234
2011-05-23,77.868,78.625,77.868,78.625
2011-05-20,77.5,78.15,77.366,78.15
2011-05-19,78.135,78.135,77.5,77.5
2011-05-18,77.577,78.135,77.413,78.135
2011-05-17,78.125,78.325,77.577,77.577
2011-05-16,78.108,78.125,78.108,78.125
2011-05-13,77.775,78.615,77.208,78.615
2011-05-12,77.98,77.98,77.775,77.775
2011-05-11,77.225,77.98,76.721,77.98
2011-05-10,77.5,77.5,77.225,77.225
2011-05-09,76.92,77.5,76.639,77.5
2011-05-06,74.406,77.215,74.406,77.215
2011-05-05,74.7,74.7,74.406,74.406
2011-05-04,74.8,74.8,74.7,74.7
2011-05-03,74.83,74.83,74.8,74.8
2011-05-02,75.031,75.031,74.83,74.83
2011-04-29,75,75.596,74.8,74.8
2011-04-28,75.725,75.73,75,75
2011-04-27,75.825,75.825,75.725,75.725
2011-04-26,76.075,76.075,75.825,75.825
2011-04-25,75.746,76.075,75.746,76.075
2011-04-22,76.125,76.125,76.125,76.125
2011-04-21,76.975,76.975,76.125,76.125
2011-04-20,77.5,77.5,76.975,76.975
2011-04-19,77.95,77.95,77.5,77.5
2011-04-18,76.39,77.95,76.39,77.95
2011-04-15,76.525,76.775,76.282,76.775
2011-04-14,77.2,77.2,76.525,76.525
2011-04-13,76.133,77.2,76.133,77.2
2011-04-12,76.775,76.775,76.133,76.133
2011-04-11,76.505,76.775,76.269,76.775
2011-04-08,77.625,77.625,76.505,76.505
2011-04-07,77.375,77.625,77.209,77.625
2011-04-06,78,78,77.375,77.375
2011-04-05,78.138,78.259,78,78
2011-04-04,77.437,78.138,77.437,78.138
2011-04-01,78.15,78.675,77.75,77.75
2011-03-31,78.8,78.8,78.15,78.15
2011-03-30,78.8,78.8,78.2,78.8
2011-03-29,78.675,78.8,78.281,78.8
2011-03-28,78.295,78.675,78.295,78.675
2011-03-25,78.175,78.775,77.885,78.775
2011-03-24,78.5,78.5,78.175,78.175
2011-03-23,77.663,78.5,77.663,78.5
2011-03-22,77.634,77.663,77.445,77.663
2011-03-21,77.747,77.835,77.634,77.634
2011-03-18,79.175,79.175,78.725,78.725
2011-03-17,79.825,79.825,79.175,79.175
2011-03-16,79.4,79.825,79.08,79.825
2011-03-15,79.225,79.4,79.225,79.4
2011-03-14,79.27,79.27,79.225,79.225
2011-03-11,80.5,80.5,79.925,79.925
2011-03-10,79.75,80.5,79.701,80.5
2011-03-09,79.775,79.775,79.75,79.75
2011-03-08,79.4,79.775,79.184,79.775
2011-03-07,78.872,79.4,78.584,79.4
2011-03-04,79.45,79.45,79.31,79.31
2011-03-03,79.975,79.975,79.45,79.45
2011-03-02,80.275,80.275,79.975,79.975
2011-03-01,80.375,80.375,80.275,80.275
2011-02-28,80.625,80.625,80.375,80.375
2011-02-25,80.4,80.625,79.962,80.625
2011-02-24,80.58,80.58,80.4,80.4
2011-02-23,81.225,81.225,80.58,80.58
2011-02-22,80.67,81.225,80.66,81.225
2011-02-21,80.485,80.67,80.485,80.67
2011-02-18,81.675,81.675,81.05,81.05
2011-02-17,81.8,81.8,81.675,81.675
2011-02-16,82.225,82.225,81.8,81.8
2011-02-15,81.77,82.225,81.445,82.225
2011-02-14,81.404,81.77,81.404,81.77
2011-02-11,81.55,81.65,81.55,81.65
2011-02-10,80.875,81.55,80.875,81.55
2011-02-09,81.225,81.225,80.875,80.875
2011-02-08,81.675,81.675,81.225,81.225
2011-02-07,81.196,81.675,81.141,81.675
2011-02-04,81.4,81.575,80.924,81.575
2011-02-03,80.525,81.4,80.148,81.4
2011-02-02,80.225,80.525,79.782,80.525
2011-02-01,80.651,80.725,80.12,80.225
2011-01-31,80.989,80.989,80.651,80.651
2011-01-28,80.283,80.304,80.283,80.304
2011-01-27,81.05,81.05,80.283,80.283
2011-01-26,81.1,81.1,81.05,81.05
2011-01-25,81.3,81.3,80.893,81.1
2011-01-24,81.206,81.322,81.206,81.3
2011-01-21,81.91,81.971,80.995,80.995
2011-01-20,82.18,82.325,81.91,81.91
2011-01-19,82.725,82.725,82.18,82.18
2011-01-18,83.425,83.425,82.725,82.725
2011-01-17,82.733,83.425,82.733,83.425
2011-01-14,83.65,83.65,82.652,83.025
2011-01-13,84.425,84.425,83.65,83.65
2011-01-12,84.98,85.175,84.425,84.425
2011-01-11,85.575,85.625,84.98,84.98
2011-01-10,85.358,85.575,85.358,85.575
2011-01-07,85.125,85.75,84.98,85.75
2011-01-06,83.675,85.125,83.675,85.125
2011-01-05,83.225,83.675,83.225,83.675
2011-01-04,83,83.225,82.381,83.225
2011-01-03,82.338,83,82.338,83
2010-12-31,83.575,83.575,82.925,82.925
2010-12-30,83.965,83.965,83.575,83.575
2010-12-29,84.68,84.68,83.965,83.965
2010-12-28,84.225,84.68,83.091,84.68
2010-12-27,84.58,84.58,84.225,84.225
2010-12-24,84.5,84.58,84.038,84.58
2010-12-23,84.7,84.7,84.5,84.5
2010-12-22,84.725,84.725,84.7,84.7
2010-12-21,84.55,84.725,83.811,84.725
2010-12-20,83.647,84.55,83.647,84.55
2010-12-17,84,84.1,83.112,84.1
2010-12-16,83.275,84,83.271,84
2010-12-15,82.9,83.275,82.727,83.275
2010-12-14,83.3,83.3,82.9,82.9
2010-12-13,83.775,83.775,83.3,83.3
2010-12-10,83.825,83.825,83.775,83.775
2010-12-09,83.675,83.825,83.479,83.825
2010-12-08,83.4,83.675,83.351,83.675
2010-12-07,83.375,83.4,83.175,83.4
2010-12-06,82.141,83.375,82.141,83.375
2010-12-03,83.875,83.875,82.625,82.625
2010-12-02,84.45,84.45,83.875,83.875
2010-12-01,85.275,85.275,84.45,84.45
2010-11-30,84.725,85.275,84.725,85.275
2010-11-29,83.375,84.725,83.375,84.725
2010-11-26,82.748,83.375,82.748,83.375
2010-11-25,82.95,82.95,82.748,82.748
2010-11-24,82.875,82.95,82.705,82.95
2010-11-23,81.375,82.875,81.369,82.875
2010-11-22,80.907,81.375,80.666,81.375
2010-11-19,81.425,81.425,81.075,81.075
2010-11-18,81.848,82.007,81.425,81.425
2010-11-17,82.025,82.025,81.848,81.848
2010-11-16,81.625,82.025,81.178,82.025
2010-11-15,80.891,81.625,80.688,81.625
2010-11-12,81.175,81.175,80.915,80.915
2010-11-11,80.4,81.175,79.295,81.175
2010-11-10,80,80.4,79.274,80.4
2010-11-09,79.525,80,79.5,80
2010-11-08,78.925,79.525,78.913,79.525
2010-11-05,78.075,78.925,77.745,78.925
2010-11-04,78.625,78.625,78.075,78.075
2010-11-03,79,79,78.625,78.625
2010-11-02,79.825,79.825,79,79
2010-11-01,79.534,79.825,79.534,79.825
2010-10-29,79.5,79.75,79.5,79.5
2010-10-28,81.225,81.225,79.5,79.5
2010-10-27,80,81.225,80,81.225
2010-10-26,79.41,80,78.879,80
2010-10-25,78.074,79.41,78.074,79.41
2010-10-22,80.1,80.1,79.625,79.625
2010-10-21,79.775,80.1,79.768,80.1
2010-10-20,80.825,80.825,79.775,79.775
2010-10-19,78.548,80.825,78.548,80.825
2010-10-18,78.916,79.5,78.548,78.548
2010-10-15,79.342,79.342,79.225,79.225
2010-10-14,79.4,79.4,79.342,79.342
2010-10-13,80.1,80.1,79.4,79.4
2010-10-12,79.19,80.1,79.19,80.1
2010-10-11,79.351,79.875,79.19,79.19
2010-10-08,79.7,79.75,79.502,79.7
2010-10-07,79.625,79.7,79.625,79.7
2010-10-06,80.175,82.229,79.625,79.625
2010-10-05,81.025,82.056,80.175,80.175
2010-10-04,81.623,82.032,81.025,81.025
2010-10-01,82.007,82.007,80.91,80.91
2010-09-30,81.325,82.007,81.325,82.007
2010-09-29,81.625,81.886,81.325,81.325
2010-09-28,82.225,82.225,81.625,81.625
2010-09-27,82.277,82.277,82.225,82.225
2010-09-24,82.486,82.762,82.375,82.375
2010-09-23,83.928,83.928,82.486,82.486
2010-09-22,83.675,83.928,83.675,83.928
2010-09-21,84.9,84.9,83.675,83.675
2010-09-20,84.665,84.9,84.442,84.9
2010-09-17,84.725,85.025,84.276,85.025
2010-09-16,85.175,85.175,84.725,84.725
2010-09-15,85.675,85.751,85.175,85.175
2010-09-14,86.625,86.625,85.675,85.675
2010-09-13,87.058,87.058,86.625,86.625
2010-09-10,86.84,87.125,86.715,87.125
2010-09-09,87.075,87.075,86.84,86.84
2010-09-08,87.125,87.125,87.075,87.075
2010-09-07,85.929,87.125,85.675,87.125
2010-09-06,85.741,85.929,85.741,85.929
2010-09-03,86.6,86.6,85.95,85.95
2010-09-02,86.605,86.605,86.6,86.6
2010-09-01,86.826,86.966,86.605,86.605
2010-08-31,86.699,86.826,86.699,86.826
2010-08-30,86.515,86.699,86.515,86.699
2010-08-27,87.449,87.449,86.852,86.852
2010-08-26,87.479,87.479,87.449,87.449
2010-08-25,86.809,87.479,86.809,87.479
2010-08-24,86.82,87.271,86.809,86.809
2010-08-23,85.748,86.82,85.748,86.82
2010-08-20,85.601,85.842,85.601,85.842
2010-08-19,85.73,85.73,85.601,85.601
2010-08-18,86.03,86.03,85.73,85.73
2010-08-17,86.13,86.13,86.03,86.03
2010-08-16,86.448,86.448,86.13,86.13
2010-08-13,86.225,86.225,86.208,86.208
2010-08-12,86.075,86.225,84.707,86.225
2010-08-11,84.15,86.075,83.976,86.075
2010-08-10,83.725,84.15,83.183,84.15
2010-08-09,82.853,83.725,82.853,83.725
2010-08-06,83.485,83.645,83.4,83.4
2010-08-05,84.325,84.325,83.485,83.485
2010-08-04,84.325,84.325,84.325,84.325
2010-08-03,84.643,84.643,84.325,84.325
2010-08-02,84.132,84.643,84.132,84.643
2010-07-30,84.725,84.9,84.383,84.9
2010-07-27,85.497,85.497,85.244,85.244
2010-07-26,86.451,86.451,85.497,85.497
2010-07-23,86.768,86.768,86.225,86.225
2010-07-22,86.5,86.768,86.5,86.768
2010-07-21,86.05,86.5,86.05,86.5
2010-07-20,85.65,86.05,85.65,86.05
2010-07-19,86.989,86.989,85.65,85.65
2010-07-16,86.475,86.617,85.7,85.7
2010-07-15,87.075,87.075,86.475,86.475
2010-07-14,87.2,87.2,87.075,87.075
2010-07-13,86.831,87.2,86.831,87.2
2010-07-12,87.019,87.019,86.831,86.831
2010-07-09,87.625,87.625,86.843,86.843
2010-07-08,87.75,87.625,86.838,87.625
2010-07-07,87.625,87.75,86.865,87.75
2010-07-06,89.868,89.868,86.858,87.625
2010-07-05,89.377,89.868,89.377,89.868
2010-07-02,88.517,89.801,88.5,88.5
2010-06-07,81.09,81.09,81.09,81.09
2010-06-04,80.47,80.47,80.47,80.47
2010-06-03,79.948,80.47,79.948,80.47
2010-06-02,79.918,79.948,79.918,79.948
2010-06-01,79.941,79.941,79.827,79.918
2010-05-31,80.888,80.888,79.941,79.941
2010-05-28,79.883,80.109,79.883,80.109
2010-05-27,80.798,80.798,79.883,79.883
2010-05-26,79.945,80.798,79.945,80.798
2010-05-25,79.972,79.972,79.945,79.945
2010-05-24,81.248,81.248,79.945,79.972
2010-05-21,78.814,88.2,78.814,88.2
2010-05-20,78.365,79.943,78.365,78.814
2010-05-19,79.898,79.898,78.365,78.365
2010-05-18,79.991,79.991,79.898,79.898
2010-05-17,80.707,80.707,79.935,79.991
2010-05-14,88.225,88.225,79.944,79.944
2010-05-13,87.775,88.225,81.219,88.225
2010-05-12,87.05,87.775,81.192,87.775
2010-05-11,81.304,87.05,81.248,87.05
2010-05-10,81.659,81.659,81.304,81.304
2010-05-07,87.825,87.825,81.342,87.4
2010-05-06,86.175,87.825,81.328,87.825
2010-05-05,85.025,86.175,81.331,86.175
2010-05-04,83.975,85.025,81.215,85.025
2010-05-03,81.334,83.975,81.27,83.975
2010-04-30,83.725,83.725,83.375,83.375
2010-04-29,84.31,84.31,83.725,83.725
2010-04-28,83.875,84.31,81.291,84.31
2010-04-27,82.7,83.875,81.28,83.875
2010-04-26,83.1,83.1,82.7,82.7
2010-04-23,83.225,83.225,83.1,83.1
2010-04-22,81.274,83.225,81.274,83.225
2010-03-08,73.831,73.954,73.954,73.954
2010-03-05,73.934,73.995,73.934,73.995
2010-03-04,73.965,73.965,73.934,73.934
2010-03-03,73.912,73.965,73.912,73.965
2010-03-02,74.3,74.3,73.912,73.912
2010-03-01,73.549,74.3,73.549,74.3
2010-02-26,73.943,73.943,73.887,73.887
2010-02-25,73.942,73.943,73.942,73.943
2010-02-24,73.954,73.954,73.854,73.923
2010-02-23,73.974,73.974,73.905,73.953
2010-02-22,73.79,73.974,73.79,73.974
2010-02-19,73.978,73.978,73.953,73.953
2010-02-18,74.023,74.023,73.978,73.978
2010-02-17,73.966,74.023,73.966,74.023
2010-02-16,73.99,73.99,73.966,73.966
2010-02-15,73.992,73.992,73.99,73.99
2010-02-12,74.021,74.021,73.992,73.992
2010-02-11,73.981,74.021,73.981,74.021
2010-02-10,73.986,73.986,73.981,73.981
2010-02-09,73.982,73.986,73.982,73.986
2010-02-08,74.159,74.159,73.982,73.982
2010-02-05,73.991,73.992,73.991,73.992
2010-02-04,74.022,74.022,73.991,73.991
2010-02-03,73.969,74.022,73.913,74.022
2010-02-02,74.01,74.01,73.969,73.969
2010-02-01,74.513,74.513,74.01,74.01
2010-01-29,73.984,74.022,73.984,74.022
2010-01-28,73.982,73.984,73.982,73.984
2010-01-27,74.037,74.037,73.982,73.982
2010-01-26,74.1,74.1,74.037,74.037
2010-01-25,73.791,74.16,73.76,74.1
2010-01-22,73.979,73.998,73.813,73.998
2010-01-21,74.035,74.124,73.979,73.979
2010-01-20,73.988,74.035,73.988,74.035
2010-01-19,74.023,74.023,73.988,73.988
2010-01-18,73.99,74.023,73.99,74.023
2010-01-15,74.038,74.038,74.01,74.01
2010-01-14,74.007,74.038,73.976,74.038
2010-01-13,73.993,74.007,73.993,74.007
2010-01-12,73.999,73.999,73.993,73.993
2010-01-11,74.044,74.044,73.999,73.999
2010-01-08,73.969,74.044,73.969,74.044
2010-01-07,73.995,74.02,73.629,73.969
2010-01-06,74.01,74.396,73.993,73.995
2010-01-05,73.879,74.01,73.879,74.01
2010-01-04,73.98,74.573,73.876,73.879
2010-01-01,73.98,73.98,73.98,73.98
2009-12-31,73.964,73.98,73.964,73.98
2009-12-30,74.022,74.606,73.964,73.964
2009-12-29,74.001,74.022,74.001,74.022
2009-12-28,73.996,74.001,73.996,74.001
2009-12-25,73.996,73.996,73.996,73.996
2009-12-24,73.991,73.996,73.991,73.996
2009-12-23,73.965,74.071,73.965,73.991
2009-12-22,73.987,74.299,73.965,73.965
2009-12-21,73.976,73.987,73.976,73.987
2009-12-18,74.007,74.007,73.976,73.976
2009-12-17,73.98,74.007,73.98,74.007
2009-12-16,73.993,73.993,73.98,73.98
2009-12-15,73.998,73.998,73.993,73.993
2009-12-14,74.882,74.882,73.998,73.998
2009-12-11,74.058,74.821,74.049,74.821
2009-12-10,74.043,74.058,74.043,74.058
2009-12-09,74.063,74.063,74.043,74.043
2009-12-08,74.039,74.063,74.039,74.063
2009-12-07,75.09,75.09,74.039,74.039
2009-12-04,74.054,74.054,74.031,74.031
2009-12-03,74.253,74.253,74.054,74.054
2009-12-02,73.95,74.253,73.95,74.253
2009-12-01,74.08,74.08,73.94,73.95
2009-11-30,73.785,74.08,73.785,74.08
2009-11-27,74.068,74.075,74.068,74.075
2009-11-26,74.03,74.068,73.795,74.068
2009-11-25,74.074,74.078,74.03,74.03
2009-11-24,74.058,74.074,74.058,74.074
2009-11-23,79.05,79.05,74.058,74.058
2009-11-20,79.108,79.141,79.108,79.141
2009-11-19,79.12,79.12,79.108,79.108
2009-11-18,79.238,79.238,79.093,79.12
2009-11-17,79.101,79.238,79.101,79.238
2009-11-16,78.991,79.101,78.991,79.101
2009-11-13,79.077,79.08,78.991,78.991
2009-11-12,79.092,79.092,79.077,79.077
2009-11-11,79.069,79.092,79.069,79.092
2009-11-10,79.098,79.098,79.069,79.069
2009-11-09,79.115,79.115,79.098,79.098
2009-11-06,79.145,79.145,79.115,79.115
2009-11-05,78.444,79.145,78.444,79.145
2009-11-04,79.071,79.071,78.444,78.444
2009-11-03,79.123,79.123,79.031,79.071
2009-11-02,79.506,79.506,79.123,79.123
2009-10-30,78.494,79.086,78.494,79.086
2009-10-29,79.415,79.526,78.494,78.494
2009-10-28,79.151,79.475,79.096,79.415
2009-10-27,79.076,79.151,79.076,79.151
2009-10-26,79.272,79.272,79.076,79.076
2009-10-23,79.09,79.272,79.09,79.272
2009-10-22,79.119,79.119,79.09,79.09
2009-10-21,79.102,79.119,79.102,79.119
2009-10-20,79.093,79.102,79.093,79.102
2009-10-19,79.19,79.19,79.093,79.093
2009-10-16,79.114,79.185,79.114,79.185
2009-10-15,79.092,79.114,79.092,79.114
2009-10-14,78.954,79.092,78.954,79.092
2009-10-13,79.104,79.104,78.954,78.954
2009-10-12,79.254,79.254,79.104,79.104
2009-10-09,79.115,79.141,79.024,79.024
2009-10-08,79.137,79.137,79.115,79.115
2009-10-07,79.094,79.137,79.094,79.137
2009-10-06,79.116,79.116,78.908,79.094
2009-10-05,78.811,79.116,78.811,79.116
2009-10-02,79.195,79.195,79.107,79.107
2009-10-01,79.121,79.195,79.075,79.195
2009-09-30,79.137,79.137,79.121,79.121
2009-09-29,79.14,79.14,78.953,79.137
2009-09-28,79.16,79.16,79.098,79.14
2009-09-25,79.701,79.701,79.132,79.132
2009-09-24,79.085,79.701,79.085,79.701
2009-09-23,79.165,79.171,79.085,79.085
2009-09-22,79.033,79.165,79.033,79.165
2009-09-21,79.177,79.177,79.033,79.033
2009-09-18,79.079,79.141,79.079,79.141
2009-09-17,79.138,79.138,79.072,79.079
2009-09-16,79.121,79.138,79.121,79.138
2009-09-15,79.142,79.16,78.878,79.121
2009-09-14,79.144,79.144,79.142,79.142
2009-09-11,78.938,79.144,78.938,79.144
2009-09-10,79.193,79.193,78.913,78.938
2009-09-09,79.149,79.193,79.149,79.193
2009-09-08,79.159,79.159,79.149,79.149
2009-09-07,79.063,79.159,78.726,79.159
2009-09-04,77.762,77.762,77.705,77.705
2009-09-03,77.759,77.762,77.759,77.762
2009-09-02,77.696,77.759,77.696,77.759
2009-09-01,77.744,77.744,77.426,77.696
2009-08-31,77.746,77.746,77.744,77.744
2009-08-28,77.734,78.048,77.734,78.048
2009-08-27,77.751,78.037,77.734,77.734
2009-08-26,77.733,77.751,77.716,77.751
2009-08-25,77.821,77.821,77.733,77.733
2009-08-24,77.882,77.882,77.754,77.821
2009-08-21,77.806,77.806,77.767,77.767
2009-08-20,77.043,77.806,77.043,77.806
2009-08-19,77.754,77.754,77.043,77.043
2009-08-18,77.743,77.769,77.743,77.754
2009-08-17,78.126,78.126,77.743,77.743
2009-08-14,77.765,77.765,77.667,77.667
2009-08-13,77.742,77.765,77.453,77.765
2009-08-12,77.687,77.854,77.687,77.742
2009-08-11,77.761,77.761,77.687,77.687
2009-08-10,78.771,78.771,77.761,77.761
2009-08-07,77.784,77.8,77.784,77.8
2009-08-06,77.661,77.784,77.661,77.784
2009-08-05,77.727,77.727,77.661,77.661
2009-08-04,77.725,77.727,77.725,77.727
2009-08-03,77.762,77.762,77.725,77.725
2009-07-31,77.742,77.762,77.621,77.762
2009-07-30,77.729,77.742,77.729,77.742
2009-07-29,77.735,78.383,77.729,77.729
2009-07-28,77.739,77.739,77.735,77.735
2009-07-27,77.904,77.904,77.739,77.739
2009-07-24,77.73,78.109,77.73,77.743
2009-07-23,77.765,77.765,77.73,77.73
2009-07-22,77.736,77.765,77.736,77.765
2009-07-21,77.748,77.748,77.736,77.736
2009-07-20,77.683,77.748,77.683,77.748
2009-07-17,77.68,77.815,77.68,77.815
2009-07-16,77.866,77.927,77.639,77.68
2009-07-15,77.787,77.866,77.787,77.866
2009-07-14,77.843,77.843,77.787,77.787
2009-07-13,77.691,77.929,77.691,77.843
2009-07-10,77.835,77.835,77.802,77.814
2009-07-09,77.859,78.116,77.835,77.835
2009-07-08,77.88,77.88,77.859,77.859
2009-07-07,76.97,77.88,76.97,77.88
2009-07-06,77.025,77.025,76.97,76.97
2009-07-03,76.975,76.996,76.975,76.996
2009-07-02,77.378,77.378,76.975,76.975
2009-07-01,77.367,77.378,77.367,77.378
2009-06-30,77.242,77.367,77.242,77.367
2009-06-29,77.479,77.479,77.242,77.242
2009-06-26,77.994,77.994,77.24,77.24
2009-06-25,77.976,78.737,77.976,77.994
2009-06-24,77.997,77.997,77.327,77.976
2009-06-23,77.996,77.997,77.945,77.997
2009-06-22,77.647,77.996,77.647,77.996
2009-06-19,78.183,78.183,77.985,77.985
2009-06-18,78.128,78.22,77.377,78.183
2009-06-17,78.152,78.152,78.128,78.128
2009-06-16,78.378,78.378,78.152,78.152
2009-06-15,76.26,78.378,76.26,78.378
2009-06-12,77.734,77.734,76.26,76.26
2009-06-11,77.666,77.734,77.666,77.734
2009-06-10,77.758,77.758,77.666,77.666
2009-06-09,78.061,78.061,77.758,77.758
2009-06-08,77.539,78.061,77.539,78.061
2009-06-05,76.723,76.723,76.493,76.493
2009-06-04,76.57,76.723,76.57,76.723
2009-06-03,76.692,76.692,76.57,76.57
2009-06-02,77.823,77.823,76.692,76.692
2009-06-01,77.823,77.823,77.823,77.823
2009-05-29,78.073,78.073,77.847,77.847
2009-05-28,77.803,78.073,77.803,78.073
2009-05-27,77.697,77.803,77.697,77.803
2009-05-26,77.784,77.784,77.697,77.697
2009-05-25,77.829,77.829,77.784,77.784
2009-05-22,78.932,78.932,77.829,77.829
2009-05-21,79.613,79.613,78.846,78.932
2009-05-20,79.497,79.613,79.497,79.613
2009-05-19,80.408,80.408,79.488,79.497
2009-05-18,79.634,80.429,79.634,80.408
2009-05-15,79.582,79.582,79.487,79.487
2009-05-14,79.967,79.967,79.582,79.582
2009-05-13,79.792,79.967,79.571,79.967
2009-05-12,80.394,80.394,79.792,79.792
