Date,Open,High,Low,Close
2018-12-20,364.55,365.43,363.64,365
2018-12-19,365,367.21,363.71,365
2018-12-18,365,365.57,363.14,365.13
2018-12-17,363.58,367.45,363.24,365
2018-12-16,364,364,364,364
2018-12-15,364,364,364,364
2018-12-14,365,365.86,363.32,364.03
2018-12-13,367.25,367.29,363.75,364.5
2018-12-12,367.25,367.89,364,367.25
2018-12-11,367.25,367.31,364.5,367.25
2018-12-10,365,367.96,364.75,367.25
2018-12-09,365,365,365,365
2018-12-08,365,365,365,365
2018-12-07,367.45,367.51,364.5,367.45
2018-12-06,367.35,367.54,364.5,367.45
2018-12-05,367.35,367.58,364.75,367.35
2018-12-04,368,368.2,364.57,367.35
2018-12-03,368,368.52,366,368.34
2018-12-02,368,368,368,368
2018-12-01,368,368,368,368
2018-11-30,368,368.11,365.75,368
2018-11-29,368,368,366,368
2018-11-28,368.1,368.12,366,368
2018-11-27,368.1,368.17,366,368.1
2018-11-26,368.1,368.14,366,368.1
2018-11-25,368.1,368.1,368.1,368.1
2018-11-24,368.1,368.1,368.1,368.1
2018-11-23,367.85,368.1,366.2,368.1
2018-11-22,367.85,367.85,366.7,367.85
2018-11-21,367.9,367.99,365.87,367.85
2018-11-20,367.9,367.99,366.05,367.9
2018-11-19,367.9,367.96,366,367.9
2018-11-18,367.9,367.9,367.9,367.9
2018-11-17,367.9,367.9,367.9,367.9
2018-11-16,367.9,367.9,366.5,367.9
2018-11-15,367.9,367.92,365.82,367.9
2018-11-14,367.9,367.96,366,367.9
2018-11-13,367.9,368.03,365.5,367.9
2018-11-12,367.9,367.9,367.9,367.9
2018-11-11,367.9,367.9,367.9,367.9
2018-11-10,367.9,367.9,367.9,367.9
2018-11-09,364.35,368.01,364.35,367.9
2018-11-08,364.8,364.86,364.26,364.35
2018-11-07,364.8,364.91,360.37,364.8
2018-11-06,364.8,364.93,359.82,364.8
2018-11-05,364.75,364.84,360.87,364.8
2018-11-04,364.75,364.75,364.75,364.75
2018-11-03,364.75,364.75,364.75,364.75
2018-11-02,364.75,364.81,360.82,364.75
2018-11-01,364.75,364.88,360.5,364.75
2018-10-31,364.75,364.84,360.82,364.75
2018-10-30,364.75,364.79,360,364.75
2018-10-29,364.75,364.86,359.7,364.75
2018-10-28,364.75,364.75,364.75,364.75
2018-10-27,364.75,364.75,364.75,364.75
2018-10-26,364.65,364.81,359.5,364.75
2018-10-25,364.65,364.72,359.97,364.65
2018-10-24,364.65,364.72,359.55,364.65
2018-10-23,364.65,364.71,359.5,364.65
2018-10-22,364.65,364.69,358,364.65
2018-10-21,364.65,364.65,364.65,364.65
2018-10-20,364.65,364.65,364.65,364.65
2018-10-19,364.6,364.69,358.55,364.65
2018-10-18,364.45,364.66,358.55,364.6
2018-10-17,364.45,364.52,358.47,364.29
2018-10-16,364.45,364.51,364.27,364.45
2018-10-15,364.45,364.52,355.5,364.45
2018-10-14,364.45,364.45,364.45,364.45
2018-10-13,364.45,364.45,364.45,364.45
2018-10-12,364.45,364.45,358.1,364.45
2018-10-11,364.45,364.45,358.1,364.45
2018-10-10,364.45,364.45,358.1,364.45
2018-10-09,364.35,364.45,358.1,364.45
2018-10-08,364.35,364.35,364.35,364.35
2018-10-07,358,358,358,358
2018-10-06,358,358,358,358
2018-10-05,364.2,364.39,358.1,364.35
2018-10-04,364.2,364.22,358.1,358.1
2018-10-03,364.2,364.2,358.1,364.2
2018-10-02,364.15,364.2,359,364.2
2018-10-01,364.15,364.15,358.1,364.15
2018-09-30,364.15,364.15,364.15,364.15
2018-09-29,364.15,364.15,364.15,364.15
2018-09-28,356.57,364.26,356.16,364.15
2018-09-27,363.7,363.85,358.07,363.7
2018-09-26,363.7,363.85,358.07,363.7
2018-09-25,363.7,363.76,358,363.7
2018-09-24,363.7,364.25,358,363.7
2018-09-23,363.7,363.7,363.7,363.7
2018-09-22,363.7,363.7,363.7,363.7
2018-09-21,364.1,364.25,358.5,363.7
2018-09-20,363.95,364.21,358,364.1
2018-09-19,363.95,364.09,359.27,363.95
2018-09-18,363.95,363.99,358,363.95
2018-09-17,363.55,364.56,358,363.95
2018-09-16,363.55,363.55,363.55,363.55
2018-09-15,363.41,363.41,363.41,363.41
2018-09-14,363.55,364.59,357.37,363.41
2018-09-13,363.95,364.08,357.37,363.55
2018-09-12,363.95,364.46,357.5,363.83
2018-09-11,363.95,364.08,357.06,357.5
2018-09-10,363.95,364.6,358.33,363.95
2018-09-09,363.95,363.95,363.95,363.95
2018-09-08,363.95,363.95,363.95,363.95
2018-09-07,363.95,364.12,363.77,363.95
2018-09-06,364.4,364.47,358.33,363.95
2018-09-05,364.5,364.61,358.38,364.4
2018-09-04,364.5,364.57,358.38,364.5
2018-09-03,364.5,364.5,364.5,364.5
2018-09-02,364.5,364.5,364.5,364.5
2018-09-01,364.5,364.5,364.5,364.5
2018-08-31,364.5,364.63,358.38,364.5
2018-08-30,364.5,364.59,358.38,364.5
2018-08-29,364.5,364.67,358.38,364.5
2018-08-28,364.5,364.69,359.14,364.5
2018-08-27,364.5,364.63,364.32,364.5
2018-08-26,364.5,364.5,364.5,364.5
2018-08-25,364.5,364.5,364.5,364.5
2018-08-24,364.5,364.61,358.38,364.5
2018-08-23,364.5,364.66,358.38,364.5
2018-08-22,364.5,364.65,359.32,364.5
2018-08-21,364.5,364.56,364.32,364.5
2018-08-20,364.5,364.86,358.37,364.5
2018-08-19,364.43,364.43,364.43,364.43
2018-08-18,364.43,364.43,364.43,364.43
2018-08-17,364.5,364.61,358.32,364.43
2018-08-16,364.5,364.64,359.32,364.5
2018-08-15,364.8,364.87,359.52,364.5
2018-08-14,363.55,364.86,359.47,364.8
2018-08-13,359.25,363.61,359,363.55
2018-08-12,359.25,359.25,359.25,359.25
2018-08-11,359.25,359.25,359.25,359.25
2018-08-10,359.25,359.79,358.38,359.25
2018-08-09,359.25,359.71,359.07,359.25
2018-08-08,359.25,359.5,358.75,359.25
2018-08-07,359,359.55,358.49,359.25
2018-08-06,359,359.32,357.82,359
2018-08-05,359,359,359,359
2018-08-04,359,359,359,359
2018-08-03,359,359.09,358.32,359
2018-08-02,359,359.05,358.39,359
2018-08-01,359,359.05,358.5,359
2018-07-31,359,359.11,358.5,359
2018-07-30,359,359.09,357.82,359
2018-07-29,359,359,359,359
2018-07-28,359,359,359,359
2018-07-27,358.25,359.13,357.82,359
2018-07-26,358.15,358.88,357.97,358.25
2018-07-25,358.15,358.85,357.82,358.15
2018-07-24,358.15,358.81,357.79,358.15
2018-07-23,358.15,358.74,357.82,358.15
2018-07-22,358.15,358.15,358.15,358.15
2018-07-21,358.15,358.15,358.15,358.15
2018-07-20,358.15,359,358,358.15
2018-07-19,358.1,359,357.97,358.15
2018-07-18,358.05,359,355.5,358.1
2018-07-17,358,358.6,355.5,358.05
2018-07-16,358,358.7,356.75,358
2018-07-15,358,358,358,358
2018-07-14,358,358,358,358
2018-07-13,358,358.8,357.64,358
2018-07-12,358,358.6,357.82,358
2018-07-11,355.75,358.25,355.75,358
2018-07-10,355.75,358.55,355.04,355.75
2018-07-09,355.75,358.3,355.4,357.77
2018-07-08,355.75,355.75,355.75,355.75
2018-07-07,355.75,355.75,355.75,355.75
2018-07-06,355.75,358.32,355.4,355.75
2018-07-05,355.75,357.88,355.4,355.75
2018-07-04,355.8,355.8,355.75,355.75
2018-07-03,355.8,358.09,355.27,355.8
2018-07-02,355.8,358.07,355.44,355.8
2018-07-01,355.8,355.8,355.8,355.8
2018-06-30,355.8,355.8,355.8,355.8
2018-06-29,355.8,357.74,355.62,355.8
2018-06-28,355.85,357.94,355.32,355.8
2018-06-27,355.75,357.67,355.25,355.85
2018-06-26,355.75,357.8,355.5,355.75
2018-06-25,355.75,357.5,355.7,355.75
2018-06-24,355.75,355.75,355.75,355.75
2018-06-23,355.75,355.75,355.75,355.75
2018-06-22,355.75,357.75,355.4,355.75
2018-06-21,355.75,357.84,355.32,355.75
2018-06-20,355.75,357.84,355.25,355.75
2018-06-19,355.75,357.77,355.4,355.75
2018-06-18,355.75,357.91,355.32,355.75
2018-06-17,355.75,355.75,355.75,355.75
2018-06-16,355.75,355.75,355.75,355.75
2018-06-15,355.7,357.88,355.35,355.75
2018-06-14,355.7,357.95,355.5,355.7
2018-06-13,355.65,357.69,355.5,355.7
2018-06-12,355.6,357.65,355.47,355.65
2018-06-11,355.6,357.96,355.25,355.6
2018-06-10,355.6,355.6,355.6,355.6
2018-06-09,355.6,355.6,355.6,355.6
2018-06-08,355.6,357.48,355.25,355.6
2018-06-07,355.55,357.15,355.12,355.6
2018-06-06,355.55,357.5,355.5,355.55
2018-06-05,355.3,357.41,355.12,355.55
2018-06-04,355.3,357.2,355,355.3
2018-06-03,355.3,355.3,355.3,355.3
2018-06-02,355.3,355.3,355.3,355.3
2018-06-01,355.3,356.95,355.12,355.3
2018-05-31,355.55,357.3,355,355.3
2018-05-30,355.55,357.3,355,357
2018-05-29,355.55,357.19,355.37,357.01
2018-05-28,355.55,355.55,355.55,355.55
2018-05-27,357,357,357,357
2018-05-26,357,357,357,357
2018-05-25,355.55,357.34,355.37,355.55
2018-05-24,357.3,357.35,355.2,355.55
2018-05-23,355.5,357.37,355.2,356.92
2018-05-22,355.5,357.1,355.5,355.5
2018-05-21,355.5,357.67,354.54,355.5
2018-05-20,355.5,355.5,355.5,355.5
2018-05-19,355.5,355.5,355.5,355.5
2018-05-18,355.6,357.26,355.15,355.5
2018-05-17,355.55,357.19,355.42,355.6
2018-05-16,355.6,357.37,355.37,357.14
2018-05-15,355.55,357.26,354.67,356.73
2018-05-14,355.55,357.21,354.49,356.15
2018-05-13,355.55,355.55,355.55,355.55
2018-05-12,356.5,356.5,356.5,356.5
2018-05-11,355.55,357.23,354.5,357.05
2018-05-10,355.55,357.5,355.55,355.55
2018-05-09,354.85,357.05,354.5,355.55
2018-05-08,354.85,356.1,354.45,354.85
2018-05-07,354.8,355.87,354.67,354.85
2018-05-06,354.8,354.8,354.8,354.8
2018-05-05,354.8,354.8,354.8,354.8
2018-05-04,354.8,355.73,354.62,354.8
2018-05-03,354.8,355.65,354.45,354.8
2018-05-02,354.75,355.8,354.45,354.8
2018-05-01,354.75,356.29,354.4,354.75
2018-04-30,354.75,355.9,354.57,355.45
2018-04-29,354.75,354.75,354.75,354.75
2018-04-28,354.75,354.75,354.75,354.75
2018-04-27,354.8,356.31,354.57,354.75
2018-04-26,354.7,356.84,353,354.8
2018-04-25,354.7,356.79,353,354.7
2018-04-24,354.55,356.7,353,354.7
2018-04-23,354.55,356.55,353,354.96
2018-04-22,354.55,354.55,354.55,354.55
2018-04-21,354.55,354.55,354.55,354.55
2018-04-20,355,356.59,351.5,354.55
2018-04-19,352.95,356.58,351.5,352.95
2018-04-18,352.85,356.56,351.5,352.95
2018-04-17,355,356.52,351.5,355
2018-04-16,355,356.45,351.5,352.95
2018-04-15,355,355,355,355
2018-04-14,352.95,352.95,352.95,352.95
2018-04-13,352.95,356.45,351.5,352.95
2018-04-12,352.95,356.45,351.5,352.95
2018-04-11,352.9,356.45,351.5,352.95
2018-04-10,352.9,356.56,351.15,352.9
2018-04-09,352.9,356.4,351.5,352.9
2018-04-08,352.9,352.9,352.9,352.9
2018-04-07,355,355,355,355
2018-04-06,352.85,356.4,351.5,352.9
2018-04-05,352.85,356.4,351.5,352.85
2018-04-04,352.55,356.48,351.5,352.85
2018-04-03,352.55,356.16,351.5,352.55
2018-04-02,355,356.35,351.5,352.55
2018-04-01,355,355,355,355
2018-03-31,355,355,355,355
2018-03-30,355,356.07,351.33,352.55
2018-03-29,355,356.12,351.33,352.55
2018-03-28,352.45,356.05,351.5,352.55
2018-03-27,355,355.95,351.5,352.45
2018-03-26,355,355.97,351.5,355
2018-03-25,355,355,355,355
2018-03-24,355,355,355,355
2018-03-23,355,355.95,351.5,352.45
2018-03-22,355,355.95,351.5,352.45
2018-03-21,355,356,351.33,352.45
2018-03-20,352.45,356,351.5,353.73
2018-03-19,355,356.22,351.33,352.45
2018-03-18,355,355,355,355
2018-03-17,355,355,355,355
2018-03-16,352.4,355.95,351.5,352.45
2018-03-15,355,355.9,351.5,352.4
2018-03-14,355,355.92,351.33,352.4
2018-03-13,353.61,355.9,351.5,355
2018-03-12,352.1,354,351.92,352.1
2018-03-11,352.1,352.1,352.1,352.1
2018-03-10,352.1,352.1,352.1,352.1
2018-03-09,352.1,353.75,351.92,352.1
2018-03-08,352.1,353.65,351.85,352.1
2018-03-07,352.1,353.65,351.75,352.1
2018-03-06,352.1,353.7,351.92,352.1
2018-03-05,352.1,353.74,351.65,352.1
2018-03-04,353,353,353,353
2018-03-03,353,353,353,353
2018-03-02,352.1,354.14,351.5,353
2018-03-01,352.1,353.63,351.57,353.03
2018-02-28,352.1,353.6,351.75,352.1
2018-02-27,353.36,353.64,351.75,352.1
2018-02-26,352.05,353.55,351.5,353.5
2018-02-25,352.84,352.84,352.84,352.84
2018-02-24,352.84,352.84,352.84,352.84
2018-02-23,351.95,353.32,351.5,352.84
2018-02-22,352,353.25,351.5,351.95
2018-02-21,352.85,353.25,351.5,352
2018-02-20,351.45,353.24,351.45,351.9
2018-02-19,351.45,351.45,351.45,351.45
2018-02-18,352.8,352.8,352.8,352.8
2018-02-17,352.8,352.8,352.8,352.8
2018-02-16,351.9,352.7,351.45,351.45
2018-02-15,351.9,352.92,351.72,351.9
2018-02-14,351.9,352.97,351.37,351.9
2018-02-13,351.9,352.99,351.55,351.9
2018-02-12,351.9,353.07,351.35,353
2018-02-11,352.5,352.5,352.5,352.5
2018-02-10,352.5,352.5,352.5,352.5
2018-02-09,351.74,353.3,351.18,352.25
2018-02-08,351.85,353.15,351.72,351.9
2018-02-07,351.85,352.85,351.32,351.85
2018-02-06,351.7,352.75,351.35,352.25
2018-02-05,351.7,352.85,351.5,351.7
2018-02-04,353,353,353,353
2018-02-03,353,353,353,353
2018-02-02,354.86,356.09,351.33,352.08
2018-02-01,352.55,356.05,351.5,355
2018-01-31,355,356.16,351.33,355
2018-01-30,355,356.46,351.33,355.98
2018-01-29,355,356.37,351.5,355
2018-01-28,355,355,355,355
2018-01-27,355,355,355,355
2018-01-26,355.44,356.37,351.33,355
2018-01-25,352.85,356.35,351.5,355
2018-01-24,355,356.44,351.15,352.85
2018-01-23,355,356.4,351.5,356.18
2018-01-22,355,356.65,351.5,352.85
2018-01-21,355,355,355,355
2018-01-20,355,355,355,355
2018-01-19,352.85,356.35,351.5,355
2018-01-18,352.8,356.35,351.5,352.85
2018-01-17,355,356.3,351.5,354.43
2018-01-16,355,356.41,351.5,355
2018-01-15,355,356.15,351.5,355
2018-01-14,355,355,355,355
2018-01-13,355,355,355,355
2018-01-12,355,356.19,351.5,355
2018-01-11,352.65,356.15,351.5,355
2018-01-10,355,356.15,351.5,355
2018-01-09,352.55,356.05,351.5,352.55
2018-01-08,355,356.65,351.5,352.55
2018-01-07,355,355,355,355
2018-01-06,355,355,355,355
2018-01-05,355,356.05,351.5,355
2018-01-04,355,356.05,351.5,352.55
2018-01-03,352.8,356.32,351.5,352.55
2018-01-02,355,356.3,351.5,352.8
2018-01-01,355,355,355,355
2017-12-29,355,355.3,355,355
2017-12-28,356,356,355,355.3
2017-12-27,356,356,355,356
2017-12-26,355.3,356,355,355.3
2017-12-25,356,356,356,356
2017-12-24,356,356,356,356
2017-12-23,356,356,356,356
2017-12-22,355.3,356,355,356
2017-12-21,355,356,355,355
2017-12-20,355,356,355,355
2017-12-19,356,356,354.5,355.16
2017-12-18,356,356,355.3,355.3
2017-12-17,356,356,356,356
2017-12-16,356,356,356,356
2017-12-15,356,356,354.5,356
2017-12-14,355.3,356,354.5,356
2017-12-13,355.3,356,354.5,356
2017-12-12,356,356,354.5,356
2017-12-11,356,356,354.87,356
2017-12-10,356,356,356,356
2017-12-09,356,356,356,356
2017-12-08,356,356,355.3,356
2017-12-07,356,356,354.5,356
2017-12-06,356,356,354.5,354.5
2017-12-05,355,356,355,356
2017-12-04,355,355.21,355,355.21
2017-12-03,355,355,355,355
2017-12-02,355,355,355,355
2017-12-01,355,355.21,354.5,355
2017-11-30,355,355.06,354.5,355
2017-11-29,354,355.56,354,355
2017-11-28,354,355.06,354,355.06
2017-11-27,354,355.06,354,355.06
2017-11-26,354,354,354,354
2017-11-25,354,354,354,354
2017-11-24,355.06,355.06,354,354
2017-11-23,354,355.06,354,355.06
2017-11-22,355,355.06,354,355.06
2017-11-21,355,355.06,355,355.06
2017-11-20,355,355.22,354,355
2017-11-19,355,355,355,355
2017-11-18,355,355,355,355
2017-11-17,355.22,355.22,355,355
2017-11-16,355,355.22,355,355
2017-11-15,355.16,355.16,355,355.16
2017-11-14,355,355.6,354.9,355.16
2017-11-13,355.16,355.56,354.94,355
2017-11-12,355,355,355,355
2017-11-11,355,355,355,355
2017-11-10,355,355.16,355,355
2017-11-09,355,355.16,355,355
2017-11-08,355,355.16,355,355
2017-11-07,355.16,355.56,354.94,355
2017-11-06,355.16,355.6,354.9,355.16
2017-11-05,355.16,355.16,355.16,355.16
2017-11-04,355.16,355.16,355.16,355.16
2017-11-03,355.04,355.35,354.65,355.16
2017-11-02,355.16,355.57,354.93,355.04
2017-11-01,355.16,355.6,354.65,355.16
2017-10-31,355,356.04,354.65,355.16
2017-10-30,355.16,355.16,355,355.16
2017-10-29,355.16,355.16,355.16,355.16
2017-10-28,355.16,355.16,355.16,355.16
2017-10-27,355.16,356.04,354.5,355.16
2017-10-26,355.16,356.04,355,355
2017-10-25,355.16,356.04,355,355.16
2017-10-24,355.16,356.04,354.69,355
2017-10-23,355.16,356.04,355,355.16
2017-10-22,355.16,355.16,355.16,355.16
2017-10-21,355.16,355.16,355.16,355.16
2017-10-20,355.71,356.04,355,355.16
2017-10-19,355.71,355.71,355.5,355.71
2017-10-18,365,365,355.5,355.71
2017-10-17,365,365,365,365
2017-10-16,365,365,365,365
2017-10-15,365,365,365,365
2017-10-14,365,365,365,365
2017-10-13,365,365.3,364.69,365
2017-10-12,365,365,365,365
2017-10-11,365,365,365,365
2017-10-10,365,365,365,365
2017-10-09,365,365,365,365
2017-10-08,365,365,365,365
2017-10-07,365,365,365,365
2017-10-06,365,365,365,365
2017-10-05,365,365,365,365
2017-10-04,365,365,365,365
2017-10-03,365,365,365,365
2017-10-02,365,365.3,364.69,365
2017-10-01,365,365,365,365
2017-09-30,365,365,365,365
2017-09-29,365,365.3,364.69,365
2017-09-28,365,365,365,365
2017-09-27,365,365,365,365
2017-09-26,366,366,365,365
2017-09-25,365,366,364,366
2017-09-24,365,365,365,365
2017-09-23,365,365,365,365
2017-09-22,364,365,364,365
2017-09-21,365,365,365,365
2017-09-20,365,365,365,365
2017-09-19,365,365,365,365
2017-09-18,365,365,365,365
2017-09-17,365,365,365,365
2017-09-16,365,365,365,365
2017-09-15,365,365,365,365
2017-09-14,365,365,365,365
2017-09-13,365,365,365,365
2017-09-12,365,365,365,365
2017-09-11,365,365,364,365
2017-09-10,365,365,365,365
2017-09-09,365,365,365,365
2017-09-08,365,365,365,365
2017-09-07,365,365,365,365
2017-09-06,365,365,365,365
2017-09-05,365,365,365,365
2017-09-04,365,365,364,365
2017-09-03,365,365,365,365
2017-09-02,365,365,365,365
2017-09-01,365,365,365,365
2017-08-31,365,365,365,365
2017-08-30,365,365,365,365
2017-08-29,365,365,365,365
2017-08-28,365,365,364,365
2017-08-27,365,365,365,365
2017-08-26,365,365,365,365
2017-08-25,365,365,365,365
2017-08-24,365,365,365,365
2017-08-23,365,365,365,365
2017-08-22,365,365,365,365
2017-08-21,365,365,364,365
2017-08-20,365,365,365,365
2017-08-19,365,365,365,365
2017-08-18,364,365,364,364
2017-08-17,365,365,364,364
2017-08-16,365,365,364,364
2017-08-15,365,365,365,365
2017-08-14,364,365,363.69,364
2017-08-13,364,364,364,364
2017-08-12,364,364,364,364
2017-08-11,364,364,364,364
2017-08-10,364,364,364,364
2017-08-09,364,364,364,364
2017-08-08,364,364.3,363,364
2017-08-07,363,364,362.69,364
2017-08-06,363,363,363,363
2017-08-05,363,363,363,363
2017-08-04,363,363,363,363
2017-08-03,363,363,362.5,363
2017-08-02,363,363,363,363
2017-08-01,362,363,362,363
2017-07-31,363,363,362,362
2017-07-30,363,363,363,363
2017-07-29,363,363,363,363
2017-07-28,363,363,363,363
2017-07-27,363,363,363,363
2017-07-26,363,363,363,363
2017-07-25,363,363,363,363
2017-07-24,363,363,363,363
2017-07-23,363,363,363,363
2017-07-22,363,363,363,363
2017-07-21,363,363.05,362,363
2017-07-20,363,363,363,363
2017-07-19,363,363,363,363
2017-07-18,363,363,362,363
2017-07-17,363,363.05,362.45,363
2017-07-16,363,363,363,363
2017-07-15,363,363,363,363
2017-07-14,363,363,363,363
2017-07-13,363,363,362,363
2017-07-12,363,363.05,362,363
2017-07-11,363,363.05,362.45,363
2017-07-10,361,363.2,360.33,363
2017-07-09,361,361,361,361
2017-07-08,361,361,361,361
2017-07-07,361,361.12,360.18,361
2017-07-06,364,364,360.25,361
2017-07-05,361,364,360.18,361
2017-07-04,360.32,361.26,360.02,361
2017-07-03,360.32,362,360.02,362
2017-07-02,361,361,361,361
2017-07-01,361,361,361,361
2017-06-30,360.32,361.26,360.02,361
2017-06-29,362,362,360.02,361
2017-06-28,362,362.3,360.02,362
2017-06-27,362,362,360.21,360.51
2017-06-26,362,362.55,360.21,362
2017-06-25,362,362,362,362
2017-06-24,362,362,362,362
2017-06-23,360.51,362,360.21,362
2017-06-22,362,362,360.21,362
2017-06-21,360.51,362,360.22,362
2017-06-20,362,362.3,360.21,362
2017-06-19,362,362.55,360.21,362
2017-06-18,362,362,362,362
2017-06-17,362,362,362,362
2017-06-16,362,362,360.21,362
2017-06-15,362,362.5,360.21,362
2017-06-14,362,362.5,360.21,362
2017-06-13,362,362,360.19,362
2017-06-12,362,362.55,360,362.5
2017-06-11,362,362,362,362
2017-06-10,362,362,362,362
2017-06-09,362,362,360.18,362
2017-06-08,362,362.55,360.17,362
2017-06-07,362,362.55,360.17,362
2017-06-06,361,362,360.13,362
2017-06-05,362,362.55,360.13,361
2017-06-04,362,362,362,362
2017-06-03,362,362,362,362
2017-06-02,360.46,362,360.17,362
2017-06-01,362,362,360.16,362
2017-05-31,362,362,360.16,362
2017-05-30,362,362.85,360.13,361.5
2017-05-29,362,362,360.16,362
2017-05-28,362,362,362,362
2017-05-27,362,362,362,362
2017-05-26,362,362,360.16,362
2017-05-25,362,362,360.16,362
2017-05-24,362,363,360.01,362
2017-05-23,360.46,362.3,360.16,362
2017-05-22,362,362,360.16,362
2017-05-21,362,362,362,362
2017-05-20,362,362,362,362
2017-05-19,360.46,362,360.13,362
2017-05-18,361,362,360.13,361
2017-05-17,360.46,362,360.13,362
2017-05-16,360.46,361.33,360.13,361
2017-05-15,361,361.33,360.13,361
2017-05-14,361,361,361,361
2017-05-13,361,361,361,361
2017-05-12,361,362,360.13,361
2017-05-11,361,361.32,359.72,361
2017-05-10,361,361.07,359.64,359.94
2017-05-09,359.94,361.07,359.64,361
2017-05-08,361,361.07,359.64,361
2017-05-07,361,361,361,361
2017-05-06,361,361,361,361
2017-05-05,361,361.07,359.64,361
2017-05-04,361,361.07,359.6,361
2017-05-03,361,362,359.59,361
2017-05-02,361,361.05,359.59,361
2017-05-01,361,362,359.59,361
2017-04-30,361,361,361,361
2017-04-29,361,361,361,361
2017-04-28,359.89,362,359.59,362
2017-04-27,361,361.05,359.59,361
2017-04-26,361,361.05,359.59,361
2017-04-25,360,361.05,359.35,359.89
2017-04-24,361,362.7,359.34,360
2017-04-23,361,361,361,361
2017-04-22,362.5,362.5,358.6,361
2017-04-21,362.5,362.5,358.6,361
2017-04-20,359.84,362,359.49,361
2017-04-19,359.84,362,359.48,362
2017-04-18,362,362,359.54,359.84
2017-04-17,361,362,359.54,362
2017-04-16,361,361,361,361
2017-04-15,361,361,361,361
2017-04-14,359.81,361.52,359.52,361
2017-04-13,361,362.4,359.51,361
2017-04-12,361,362,359.5,361.5
2017-04-11,362,362,359.51,361.5
2017-04-10,361,362.1,359.51,362
2017-04-09,361,361,361,361
2017-04-08,361,361,361,361
2017-04-07,359.81,361.5,359.51,361
2017-04-06,359.95,361.5,359.44,361
2017-04-05,359.81,361.09,359.51,361
2017-04-04,361,361.5,359.46,361
2017-04-03,361,361.55,359.51,361.5
2017-04-02,361,361,361,361
2017-04-01,361,361,361,361
2017-03-31,361.8,362.2,359.51,361
2017-03-30,361,362,359.51,362
2017-03-29,361,362,359.42,362
2017-03-28,361,361,359.42,361
2017-03-27,361,361.55,357.9,361
2017-03-26,361,361,361,361
2017-03-25,361,361,361,361
2017-03-24,361,361.1,359.42,361
2017-03-23,360,361,359.26,361
2017-03-22,360,361.8,359.18,360
2017-03-21,360,360.59,359.67,360
2017-03-20,359,361.5,358.38,360
2017-03-19,359,359,359,359
2017-03-18,359,359,359,359
2017-03-17,360,360.23,358.98,359
2017-03-16,359.71,361.5,358.97,360
2017-03-15,360,361.78,359,361.5
2017-03-14,360,360.23,359.35,360
2017-03-13,360,361.56,359.36,360
2017-03-12,360,360,360,360
2017-03-11,360,360,360,360
2017-03-10,359.1,361.5,358.94,360
2017-03-09,360,361.25,359.6,361
2017-03-08,359.85,361,359,360
2017-03-07,359,359.5,359,359
2017-03-06,359,359.29,359,359
2017-03-05,359,359,359,359
2017-03-04,359,359,359,359
2017-03-03,359,359.29,359,359
2017-03-02,359.29,359.5,359,359
2017-03-01,359,359.29,359,359
2017-02-28,359,359.27,359,359
2017-02-27,359,360.69,359,359
2017-02-26,359,359,359,359
2017-02-25,359,359,359,359
2017-02-24,359.22,359.32,358.5,359
2017-02-23,359,359.22,358.5,359
2017-02-22,359,359.22,358.5,359
2017-02-21,359,360.36,359,359
2017-02-20,359,360.14,359,359
2017-02-19,359,359,359,359
2017-02-18,359,359,359,359
2017-02-17,359.19,359.21,358.06,359
2017-02-16,357.81,359.19,357.81,359
2017-02-15,359.06,361.1,358.5,359
2017-02-14,359,360.47,359,359
2017-02-13,359,359.06,358.98,359
2017-02-12,359,359,359,359
2017-02-11,359,359,359,359
2017-02-10,359.89,359.89,358.5,359
2017-02-09,357.39,359.79,357.19,359
2017-02-08,359,359.01,358.5,359
2017-02-07,359,359.21,358.5,359
2017-02-06,359,359.01,359,359.01
2017-02-05,359,359,359,359
2017-02-04,359,359,359,359
2017-02-03,359,359.01,358.92,359
2017-02-02,358.5,359.01,358.5,359.01
2017-02-01,357.55,359,357.55,359
2017-01-31,357.74,359.02,357.74,359
2017-01-30,359,359.94,358.03,359
2017-01-29,359,359,359,359
2017-01-28,359,359,359,359
2017-01-27,359,359.27,359,359
2017-01-26,359,359,358.5,359
2017-01-25,358.96,359.09,358.96,359
2017-01-24,359,359,358.9,359
2017-01-23,359,359,356.05,358.9
2017-01-22,359,359,359,359
2017-01-21,359,359,359,359
2017-01-20,358.9,359.17,358,359
2017-01-19,359,359,358,359
2017-01-18,359,359.08,358.84,359
2017-01-17,359,361,358.84,359
2017-01-16,359,359.41,358.83,359
2017-01-15,359,359,359,359
2017-01-14,359,359,359,359
2017-01-13,359,361,358.84,359
2017-01-12,359,359,358,359
2017-01-11,359,361.25,358.84,359
2017-01-10,358.84,361,356.48,358.84
2017-01-09,359,361.81,358,360.5
2017-01-08,359,359,359,359
2017-01-07,359,359,359,359
2017-01-06,359,360,355.57,359
2017-01-05,358.89,360,355.22,359
2017-01-04,359,360.04,357.9,359.5
2017-01-03,359,360.15,357.9,359
2017-01-02,358,360.02,358,359
2017-01-01,358,358,358,358
2016-12-31,358,358,358,358
2016-12-30,359,360,355.53,358
2016-12-29,358.81,360,357.75,359
2016-12-28,358.77,360,357.24,359
2016-12-27,359,360.01,357.77,358.77
2016-12-26,359,359,358.72,359
2016-12-25,359,359,359,359
2016-12-24,359,359,359,359
2016-12-23,359,360.1,357.75,359
2016-12-22,358.77,360,357.38,359
2016-12-21,358.3,360,357.48,359
2016-12-20,359.71,360.36,357.5,359
2016-12-19,359,360,357.5,358
2016-12-18,359,359,359,359
2016-12-17,359,359,359,359
2016-12-16,358.62,360,357.81,359
2016-12-15,362.71,362.71,357.87,359
2016-12-14,359,360,357.82,359
2016-12-13,358.75,360,357.5,359
2016-12-12,358,360.52,357.5,358
2016-12-11,358,358,358,358
2016-12-10,358,358,358,358
2016-12-09,358,360,357.5,358
2016-12-08,358.66,359.83,351,359
2016-12-07,358.66,359.71,357.83,359
2016-12-06,358,359,356.71,359
2016-12-05,359,361.24,358,359
2016-12-04,359,359,359,359
2016-12-03,359,359,359,359
2016-12-02,358.58,359.5,357.17,359
2016-12-01,358.58,359.04,358.22,359
2016-11-30,359,359.5,356.72,359.5
2016-11-29,358.32,359.5,356.79,359.5
2016-11-28,359,359.75,356.39,358
2016-11-27,359,359,359,359
2016-11-26,359,359,359,359
2016-11-25,358.58,359.5,358,359
2016-11-24,359,361.34,358.58,359
2016-11-23,358.58,360.71,358.58,359
2016-11-22,359,359.5,358.25,359
2016-11-21,359,359.61,358.58,359
2016-11-20,359,359,359,359
2016-11-19,359,359,359,359
2016-11-18,359,363,358.58,359
2016-11-17,358.58,359.5,357.65,359.5
2016-11-16,360.03,360.03,358,359
2016-11-15,360.08,360.08,358.58,359
2016-11-14,359,360.78,358.58,359.5
2016-11-13,359,359,359,359
2016-11-12,359,359,359,359
2016-11-11,358,359.12,358,359
2016-11-10,364.29,364.29,358,359.5
2016-11-09,359,359.81,358.53,359.5
2016-11-08,358,359.64,358,359
2016-11-07,359,359.93,358,359
2016-11-06,359,359,359,359
2016-11-05,359,359,359,359
2016-11-04,358.53,359,358,358.5
2016-11-03,358.51,359,358,358.5
2016-11-02,358.53,359.25,357.7,358
2016-11-01,359,359,357.97,358.5
2016-10-31,359,359,356.66,359
2016-10-30,359,359,359,359
2016-10-29,359,359,359,359
2016-10-28,359,359.39,358.26,359
2016-10-27,358,359,358,359
2016-10-26,359,359,358,358.5
2016-10-25,359,359,358.26,359
2016-10-24,359,359,358.26,359
2016-10-23,359,359,359,359
2016-10-22,359,359,359,359
2016-10-21,358.5,359,358,359
2016-10-20,358,358.75,358,358
2016-10-19,358,358.74,358,358.5
2016-10-18,358,358.74,358,358
2016-10-17,358,359.76,358,358
2016-10-16,358,358,358,358
2016-10-15,358,358,358,358
2016-10-14,358.44,358.72,357.97,358
2016-10-13,358.66,358.8,357.5,358.5
2016-10-12,357.39,358.72,357,358.44
2016-10-11,358.27,358.64,357,357
2016-10-10,357,357.39,355.49,357
2016-10-09,357,357,357,357
2016-10-08,357,357,357,357
2016-10-07,358.66,358.83,357,357
2016-10-06,357.87,358.44,356.5,357
2016-10-05,357,357.37,357,357
2016-10-04,357,358.2,357,358
2016-10-03,357,357.37,357,357
2016-10-02,357,357,357,357
2016-10-01,357,357,357,357
2016-09-30,357.37,357.87,356.69,357
2016-09-29,357.37,357.69,356.5,357
2016-09-28,357,358.38,356.5,357
2016-09-27,357,357.68,357,357
2016-09-26,357,357.68,357,357
2016-09-25,357,357,357,357
2016-09-24,357,357,357,357
2016-09-23,357,357.68,356.5,357
2016-09-22,357,357.66,357,357.5
2016-09-21,357.32,358.2,357,357.5
2016-09-20,357,357.67,356.74,357
2016-09-19,357,357.66,357,357
2016-09-18,357,357,357,357
2016-09-17,357,357,357,357
2016-09-16,357,357.66,357,357
2016-09-15,357,357.65,357,357
2016-09-14,357,358,357,357
2016-09-13,357,357.75,357,357
2016-09-12,357,358.03,357,357
2016-09-11,357,357,357,357
2016-09-10,357,357,357,357
2016-09-09,357,358.03,357,357
2016-09-08,357,357.45,357,357
2016-09-07,357,357.2,357,357
2016-09-06,357,357.2,356,357
2016-09-05,357,357.91,357,357
2016-09-04,357,357,357,357
2016-09-03,357,357,357,357
2016-09-02,357,357.12,356,357
2016-09-01,357,357.12,356.33,357.12
2016-08-31,357.08,357.12,357,357
2016-08-30,357,357.54,357,357
2016-08-29,357,357.54,356.8,357
2016-08-28,357,357,357,357
2016-08-27,357,357,357,357
2016-08-26,357.31,357.66,357,357
2016-08-25,357,357.58,357,357
2016-08-24,357.94,358.47,356,357.5
2016-08-23,356,358.03,355.94,357
2016-08-22,357,357.79,356,356
2016-08-21,357,357,357,357
2016-08-20,357,357,357,357
2016-08-19,357,357.5,356.82,357
2016-08-18,356.81,357.5,356.56,357
2016-08-17,356.83,357.75,356.8,357.5
2016-08-16,356.8,357.5,356.55,357
2016-08-15,357,357.5,356.43,357.5
2016-08-14,357.5,357.5,357.5,357.5
2016-08-13,357.5,357.5,357.5,357.5
2016-08-12,357,357,356.76,356.77
2016-08-11,356.77,357.5,356.77,357.5
2016-08-10,357,357,355.45,357
2016-08-09,357,357,356,357
2016-08-08,357,357,356.38,356.75
2016-08-07,357,357,357,357
2016-08-06,357,357,357,357
2016-08-05,356.74,357,356.74,357
2016-08-04,356.68,358.26,356.68,357
2016-08-03,356.68,357,355,357
2016-08-02,356.63,360.5,354.97,355
2016-08-01,357,360.5,354.94,355
2016-07-31,357,357,357,357
2016-07-30,357,357,357,357
2016-07-29,356.61,360.5,355,357
2016-07-28,354.65,360.5,354.65,357
2016-07-27,357,357.06,355,357
2016-07-26,356.41,361,355,360.5
2016-07-25,357,361.01,356.56,357
2016-07-24,357,357,357,357
2016-07-23,357,357,357,357
2016-07-22,355,360.5,355,357
2016-07-21,356,360.28,354.78,356.56
2016-07-20,356,360.84,356,360
2016-07-19,353.62,357.19,353.62,356
2016-07-18,356,360.79,354,354
2016-07-17,356,356,356,356
2016-07-16,356,356,356,356
2016-07-15,356.43,360.22,355.22,356.43
2016-07-14,356,360.22,356,360
2016-07-13,356,360.8,356,356
2016-07-12,356,359.75,355.34,356
2016-07-11,356,360.22,356,359.5
2016-07-10,356,356,356,356
2016-07-09,356,356,356,356
2016-07-08,356,360.42,356,360
2016-07-07,356.43,360.5,355.42,359.5
2016-07-06,359.5,360.5,356,359.5
2016-07-05,355.72,357,355.72,357
2016-07-04,357,357,356.63,357
2016-07-03,357,357,357,357
2016-07-02,357,357,357,357
2016-07-01,356,360.84,355.44,357
2016-06-30,356.63,360.5,355.32,356
2016-06-29,356.62,360.5,355,357
2016-06-28,356.45,360.5,355,355
2016-06-27,357,360,356.62,357
2016-06-26,357,357,357,357
2016-06-25,357,357,357,357
2016-06-24,356,360,356,357
2016-06-23,354.89,360,354.89,356
2016-06-22,357,360,356.6,357
2016-06-21,356.85,360.5,355,357
2016-06-20,356,360.23,356,356
2016-06-19,356,356,356,356
2016-06-18,356,356,356,356
2016-06-17,356,360.23,355,356
2016-06-16,355,360.23,355,359.5
2016-06-15,356.43,360.22,354.72,355.2
2016-06-14,356.37,360.22,354.69,360
2016-06-13,356.37,360.19,356,360
2016-06-12,356,356,356,356
2016-06-11,356,356,356,356
2016-06-10,356.37,357.35,356,356
2016-06-09,356,360.5,356,356
2016-06-08,356.25,361,355.91,356
2016-06-07,356,359.63,355.25,356
2016-06-06,356,360.12,356,356
2016-06-05,356,356,356,356
2016-06-04,356,356,356,356
2016-06-03,354,359.62,354,356
2016-06-02,354,360.15,353.5,354
2016-06-01,356,360.06,353.94,358.5
2016-05-31,355,359.56,355,356
2016-05-30,356.12,356.13,355,355
2016-05-29,355,355,355,355
2016-05-28,355,355,355,355
2016-05-27,356,359.56,354.25,355
2016-05-26,356,359.55,356,356
2016-05-25,356,360.27,355,356
2016-05-24,354,359.55,354,359.5
2016-05-23,355,360.07,354,356
2016-05-22,355,355,355,355
2016-05-21,355,355,355,355
2016-05-20,355,360.03,354,359
2016-05-19,355,360.03,355,355
2016-05-18,356,360,355,355
2016-05-17,356,360,355.93,360
2016-05-16,356,360.4,355.89,356
2016-05-15,356,356,356,356
2016-05-14,356,356,356,356
2016-05-13,355.89,360,355.75,356
2016-05-12,356,356,355.84,356
2016-05-11,344,360,344,360
2016-05-10,346,355,344,355
2016-05-09,345,355.5,345,346
2016-05-08,345,345,345,345
2016-05-07,345,345,345,345
2016-05-06,345,355.5,345,355.5
2016-05-05,345,355.5,345,355
2016-05-04,345,354.5,345,345
2016-05-03,343,355,343,345
2016-05-02,344,355,343,343
2016-05-01,344,344,344,344
2016-04-30,344,344,344,344
2016-04-29,344,355,344,355
2016-04-28,345,355,344,344
2016-04-27,346,355,345,345
2016-04-26,347,355,346,346
2016-04-25,347,355,343,347
2016-04-24,347,347,347,347
2016-04-23,347,347,347,347
2016-04-22,347,355,347,347
2016-04-21,347,347,347,347
2016-04-20,345,355,345,347
2016-04-19,346,355,345,345
2016-04-18,346,355,345,355
2016-04-17,346,346,346,346
2016-04-16,346,346,346,346
2016-04-15,343,355,343,346
2016-04-14,343,355,343,343
2016-04-13,344,347.5,343,347
2016-04-12,343,349.5,343,344
2016-04-11,343,343,343,343
2016-04-10,343,343,343,343
2016-04-09,343,343,343,343
2016-04-08,343,343,343,343
2016-04-07,343,343,343,343
2016-04-06,343,343,343,343
2016-04-05,343,347,343,343
2016-04-04,343,347.5,343,343
2016-04-03,343,343,343,343
2016-04-02,343,343,343,343
2016-04-01,343,347,343,343
2016-03-31,343,349,343,343
2016-03-30,343,349,343,348.5
2016-03-29,343,347,343,347
2016-03-28,343,347.5,343,343
2016-03-27,343,343,343,343
2016-03-26,343,343,343,343
2016-03-25,343,343,343,343
2016-03-24,343,347,343,343
2016-03-23,343,347,342.5,343
2016-03-22,343,343,343,343
2016-03-21,342,347.5,342,343
2016-03-20,342,342,342,342
2016-03-19,342,342,342,342
2016-03-18,342,346.5,342,342
2016-03-17,342,346.5,342,342
2016-03-16,342,347.5,342,342
2016-03-15,342,342,342,342
2016-03-14,343,347,342,342
2016-03-13,343,343,343,343
2016-03-12,343,343,343,343
2016-03-11,343,347,343,343
2016-03-10,343,347,343,343
2016-03-09,343,347,342.5,343
2016-03-08,343,347,343,343
2016-03-07,343,347.5,343,343
2016-03-06,343,343,343,343
2016-03-05,343,343,343,343
2016-03-04,343,347,343,343
2016-03-03,343,347,342.5,343
2016-03-02,343,343,343,343
2016-03-01,343,343,343,343
2016-02-29,343,347.5,343,347
2016-02-28,343,343,343,343
2016-02-27,343,343,343,343
2016-02-26,343,347.5,343,343
2016-02-25,343,347,343,343
2016-02-24,343,347,343,343
2016-02-23,342,347.5,342,343
2016-02-22,342,347,342,347
2016-02-21,342,342,342,342
2016-02-20,342,342,342,342
2016-02-19,343,347,342,342
2016-02-18,343,347,343,343
2016-02-17,343,347,337,343
2016-02-16,343,347,343,343
2016-02-15,343,343,343,343
2016-02-14,343,343,343,343
2016-02-13,343,343,343,343
2016-02-12,343,347,343,343
2016-02-11,343,347,343,343
2016-02-10,343,347,343,343
2016-02-09,343,347,343,343
2016-02-08,343,347,343,343
2016-02-07,343,343,343,343
2016-02-06,343,343,343,343
2016-02-05,343,347.5,343,343
2016-02-04,343,343,343,343
2016-02-03,343,347,343,343
2016-02-02,343,347,343,343
2016-02-01,344,345.5,343,343
2016-01-31,344,344,344,344
2016-01-30,344,344,344,344
2016-01-29,344,349.5,344,344
2016-01-28,344,347.5,344,344
2016-01-27,343,347.5,343,344
2016-01-26,343,344.5,343,343
2016-01-25,344,345,343,343
2016-01-24,344,344,344,344
2016-01-23,344,344,344,344
2016-01-22,343,347.5,343,344
2016-01-21,343,347.5,343,343
2016-01-20,340,344,340,343
2016-01-19,341,343.5,340,340
2016-01-18,342,342,341,341
2016-01-17,342,342,342,342
2016-01-16,342,342,342,342
2016-01-15,343,347.5,342,342
2016-01-14,344,344,343,343
2016-01-13,339,344,339,344
2016-01-12,339,349.55,339,339
2016-01-11,340,340,339,339
2016-01-10,340,340,340,340
2016-01-09,340,340,340,340
2016-01-08,341,350.5,337,340
2016-01-07,342,350,337.5,341
2016-01-06,339,352,339,342
2016-01-05,319,350.79,310,344
2016-01-04,312,328,305,319
2016-01-03,312,312,312,312
2016-01-02,312,312,312,312
2016-01-01,310.5,314.5,308.5,312
2015-12-31,312,314.5,305,312
2015-12-30,312,314,305,312
2015-12-29,315,315.5,315,315
2015-12-28,304,312.5,300,308.5
2015-12-27,304,304,304,304
2015-12-26,304,304,304,304
2015-12-25,304,304,304,304
2015-12-24,304,313.5,304,311
2015-12-23,303,313.5,303,304
2015-12-22,304,311,303,303
2015-12-21,303,313,302,306
2015-12-20,303,303,303,303
2015-12-19,303,303,303,303
2015-12-18,300,313,300,303
2015-12-17,311,313,300,300
2015-12-16,309.5,327.5,301,327.5
2015-12-15,301,322,301,301
2015-12-14,304,312.5,302.5,311
2015-12-13,304,304,304,304
2015-12-12,304,304,304,304
2015-12-11,307,312,304,304
2015-12-10,304,314.5,302.5,305.5
2015-12-09,304,323.5,304,304
2015-12-08,304,313.5,301.5,304
2015-12-07,293,314.5,293,304
2015-12-06,293,293,293,293
2015-12-05,293,293,293,293
2015-12-04,303,330,290.68,327
2015-12-03,309,317,303,315.5
2015-12-02,309,317,304.5,312.5
2015-12-01,317,317,304.5,309
2015-11-30,317,321,314.5,317
2015-11-29,317,317,317,317
2015-11-28,317,317,317,317
2015-11-27,317,323.5,315.5,317
2015-11-26,317,317,317,317
2015-11-25,318,321,315.5,317
2015-11-24,318,335.5,318,318
2015-11-23,320,335.5,318,318
2015-11-22,320,320,320,320
2015-11-21,320,320,320,320
2015-11-20,322,335.5,319,320
2015-11-19,323,338.5,322,322
2015-11-18,324,338.5,318.5,323
2015-11-17,319,338.5,319,328.5
2015-11-16,323,332.5,317.5,328.5
2015-11-15,323,323,323,323
2015-11-14,323,323,323,323
2015-11-13,315,323,312,323
2015-11-12,318,319.08,314.5,315
2015-11-11,319,319,318,318
2015-11-10,321,327.5,319,319
2015-11-09,334,340.5,321,321
2015-11-08,334,334,334,334
2015-11-07,334,334,334,334
2015-11-06,320,343.5,320,334
2015-11-05,321,340.5,320,340
2015-11-04,321,328,320.5,321
2015-11-03,322,324.03,320,321
2015-11-02,326,333.5,318,324
2015-11-01,326,326,326,326
2015-10-31,326,326,326,326
2015-10-30,326,331,320,325
2015-10-29,324,332.5,321.5,326
2015-10-28,327,329,324,324
2015-10-27,326,327,317.5,327
2015-10-26,326,340,324.5,325
2015-10-25,326,326,326,326
2015-10-24,326,326,326,326
2015-10-23,326,341,326,326
2015-10-22,326,345,325,342
2015-10-21,326,339.5,325,339
2015-10-20,327,337.5,325.5,336
2015-10-19,326,332.5,325.5,327
2015-10-18,327,327,327,327
2015-10-17,327,327,327,327
2015-10-16,327,336.5,325.5,327
2015-10-15,331.5,337.5,325.5,335
2015-10-14,292,331.5,292,327
2015-10-13,290,325,288.68,325
2015-10-12,290,291.5,289.18,290.68
2015-10-11,290,290,290,290
2015-10-10,290,290,290,290
2015-10-09,292,325.7,290,290
2015-10-08,292,299.5,290.5,292
2015-10-07,292,298.5,292,294
2015-10-06,294,322.5,292,292
2015-10-05,289,301.5,289,294
2015-10-04,289,289,289,289
2015-10-03,289,289,289,289
2015-10-02,297.5,300,288,289
2015-10-01,292,299.5,287,296
2015-09-30,292,325.38,290,292
2015-09-29,291,297.5,290,292
2015-09-28,292,298.5,291,291
2015-09-27,292,292,292,292
2015-09-26,292,292,292,292
2015-09-25,292,299,291,292
2015-09-24,292,330,291,297
2015-09-23,292,297.5,290.5,296.5
2015-09-22,284,297,284,292
2015-09-21,284,296,284,284
2015-09-20,284,284,284,284
2015-09-19,284,284,284,284
2015-09-18,292,297,284.5,290
2015-09-17,314,315,290.18,292
2015-09-16,315,317.36,314,314
2015-09-15,316.5,319,312,315
2015-09-14,318,319.5,309,316.5
2015-09-13,318,318,318,318
2015-09-12,318,318,318,318
2015-09-11,318,319.5,309,318
2015-09-10,319.5,321.5,314.5,318
2015-09-09,318,319.98,309.5,315
2015-09-08,318,321.14,314,319.5
2015-09-07,318,322.5,317.5,318
2015-09-06,318,318,318,318
2015-09-05,318,318,318,318
2015-09-04,316,321.28,316,318
2015-09-03,315,318.43,315,316
2015-09-02,315,317.35,315,315
2015-09-01,316,318.23,315,315
2015-08-31,314,318.26,314,316
2015-08-30,314,314,314,314
2015-08-29,314,314,314,314
2015-08-28,312,316.34,312,314
2015-08-27,312,315.77,312,312
2015-08-26,312,314.61,311.5,312
2015-08-25,314,315.31,312,312
2015-08-24,319,319,314,314
2015-08-23,319,319,319,319
2015-08-22,319,319,319,319
2015-08-21,320,321.5,318.5,319
2015-08-20,321,322.85,320,320
2015-08-19,320,324.5,320,321
2015-08-18,320,324.55,320,320
2015-08-17,318,323.49,318,320
2015-08-16,318,318,318,318
2015-08-15,318,318,318,318
2015-08-14,319,323.5,318,318
2015-08-13,319,322.48,319,319
2015-08-12,322,323.56,319,319
2015-08-11,321,323.54,320,322
2015-08-10,324,325.42,320.5,321
2015-08-09,324,324,324,324
2015-08-08,324,324,324,324
2015-08-07,326,327,323,324
2015-08-06,328,328,323,323
2015-08-05,326,331.5,325.5,330
2015-08-04,326,328.2,325,326
2015-08-03,325,328.11,325,326
2015-08-02,325,325,325,325
2015-08-01,325,325,325,325
2015-07-31,325,328.03,324.5,325
2015-07-30,325,327.5,324,325
2015-07-29,325,327.5,324.5,325.5
2015-07-28,325,327.65,325,325
2015-07-27,326,329,325,325
2015-07-26,326,326,326,326
2015-07-25,326,326,326,326
2015-07-24,323,328.8,323,327.5
2015-07-23,324.5,328.2,323,323
2015-07-22,325,327,324,324
2015-07-21,326,327.01,326,326
2015-07-20,326,328.61,325,326
2015-07-19,326,326,326,326
2015-07-18,326,326,326,326
2015-07-17,326,327,325,326
2015-07-16,326,327,326,326
2015-07-15,327,327.61,324.5,326
2015-07-14,327,329.37,323,327
2015-07-13,327,327,322,327
2015-07-12,327,327,327,327
2015-07-11,327,327,327,327
2015-07-10,327,327,325.5,327
2015-07-09,326,327,324.5,327
2015-07-08,326,327,326,326
2015-07-07,326,327,321,326
2015-07-06,327,329.69,323.5,325
2015-07-05,327,327,327,327
2015-07-04,327,327,327,327
2015-07-03,327,327,326.55,327
2015-07-02,327,329.05,320.25,327
2015-07-01,327,328,321,327
2015-06-30,327,327,320,327
2015-06-29,326,333.53,321,327
2015-06-28,322,322,322,322
2015-06-27,322,322,322,322
2015-06-26,327,327.05,320,326
2015-06-25,326.5,327.01,321,327
2015-06-24,323,327,322.5,326
2015-06-23,323,323.5,322,323
2015-06-22,323,323.5,322.5,323
2015-06-21,322.5,322.5,322.5,322.5
2015-06-20,322.5,322.5,322.5,322.5
2015-06-19,324,324.58,323,323
2015-06-18,323.5,324,319,324
2015-06-17,323.5,324,322,322
2015-06-16,324,325.5,321.95,324
2015-06-15,323,325,322.28,324
2015-06-14,323,323,323,323
2015-06-13,323,323,323,323
2015-06-12,323,324,322,323
2015-06-11,317,324.1,317,323
2015-06-10,319,322.69,316.5,317
2015-06-09,321,322.25,312.5,319
2015-06-08,312,322.7,312,321.25
2015-06-07,312,312,312,312
2015-06-06,312,312,312,312
2015-06-05,310,315.06,310,311.5
2015-06-04,311,312.13,309,310
2015-06-03,313,313,311,311
2015-06-02,313,313.97,311.5,313
2015-06-01,315,316.36,312,313
2015-05-31,315,315,315,315
2015-05-30,315,315,315,315
2015-05-29,315,316.5,315,315
2015-05-28,317.5,319,315,315
2015-05-27,318,318,317,318
2015-05-26,312,320.51,312,318
2015-05-25,312,320.47,312,312
2015-05-24,312,312,312,312
2015-05-23,312,312,312,312
2015-05-22,314,316,311.5,312
2015-05-21,314,316,312.5,314
2015-05-20,311,317.25,311,314
2015-05-19,311,315.5,311,311
2015-05-18,314,316,310,311
2015-05-17,314,314,314,314
2015-05-16,314,314,314,314
2015-05-15,315,316.5,314,314
2015-05-14,315,316.5,315,315
2015-05-13,316,320.28,315,315
2015-05-12,318,321,315.5,316
2015-05-11,319,322.99,318,318
2015-05-10,319,319,319,319
2015-05-09,319,319,319,319
2015-05-08,322,324.83,318.5,319
2015-05-07,307,322.9,304.29,322
2015-05-06,307,321.86,307,320.5
2015-05-05,307,310.5,307,307
2015-05-04,306,311,306,307
2015-05-03,306,306,306,306
2015-05-02,306,306,306,306
2015-05-01,306,311,306,306
2015-04-30,309,312.5,305.5,306
2015-04-29,311,320.5,292,309
2015-04-28,311,313.36,309.5,311
2015-04-27,314,319.5,311,319.5
2015-04-26,314,314,314,314
2015-04-25,314,314,314,314
2015-04-24,314,314.5,314,314
2015-04-23,314,314.5,313.5,314
2015-04-22,314,314.5,314,314
2015-04-21,314,319.5,314,314
2015-04-20,315,319.5,314,315
2015-04-19,315,315,315,315
2015-04-18,315,315,315,315
2015-04-17,315,315,314.5,315
2015-04-16,315,315,314.5,315
2015-04-15,291,315,291,315
2015-04-14,315,315,314,314
2015-04-13,315,319.5,314,315
2015-04-12,315,315,315,315
2015-04-11,315,315,315,315
2015-04-10,314,315,314,315
2015-04-09,315,315,314,314
2015-04-08,315,319.5,314.5,314.5
2015-04-07,315,320.5,309,315
2015-04-06,315,315.5,313.5,315
2015-04-05,315,315,315,315
2015-04-04,315,315,315,315
2015-04-03,315,315,315,315
2015-04-02,316,316,314.5,315
2015-04-01,314,316.5,314,316
2015-03-31,315,316,314,314
2015-03-30,314,315.5,313.5,315
2015-03-29,314,314,314,314
2015-03-28,314,314,314,314
2015-03-27,315,316.5,314,314
2015-03-26,315,315.5,314.5,315
2015-03-25,315,316.5,314,315
2015-03-24,315,315,312.5,315
2015-03-23,315,317.5,308.61,315
2015-03-22,315,315,315,315
2015-03-21,315,315,315,315
2015-03-20,315,318.5,290.68,315
2015-03-19,319,319.5,290.68,315
2015-03-18,315,319,284.28,316.5
2015-03-17,314,315,314,315
2015-03-16,314,315.25,313.5,314
2015-03-15,314,314,314,314
2015-03-14,314,314,314,314
2015-03-13,315,315,314,314
2015-03-12,315,315,315,315
2015-03-11,315,315,315,315
2015-03-10,314,316.24,292.5,315
2015-03-09,314,314,290.68,314
2015-03-08,314,314,314,314
2015-03-07,314,314,314,314
2015-03-06,314,315.24,312.5,314
2015-03-05,315,315.74,312.5,314
2015-03-04,315,315,315,315
2015-03-03,315,315,291.5,315
2015-03-02,290.68,315,290.68,315
2015-03-01,291,291,291,291
2015-02-28,291,291,291,291
2015-02-27,291,291.5,290.5,291
2015-02-26,290.68,315,290.18,315
2015-02-25,315,315,289.68,291
2015-02-24,315,315,313.5,315
2015-02-23,290.68,315,290.18,315
2015-02-22,291,291,291,291
2015-02-21,291,291,291,291
2015-02-20,290.68,291,290.18,291
2015-02-19,292,312.16,290.18,291
2015-02-18,292,293,290.18,291
2015-02-17,293,310,290.18,310
2015-02-16,292,293,290.18,293
2015-02-15,291.5,291.5,291.5,291.5
2015-02-14,291.5,291.5,291.5,291.5
2015-02-13,292,292.5,289.68,292
2015-02-12,292,306.08,291,292
2015-02-11,292,292.5,290.18,292
2015-02-10,292,293,289.68,292
2015-02-09,293,293,289.68,292
2015-02-08,293,293,293,293
2015-02-07,293,293,293,293
2015-02-06,292,293,289.68,293
2015-02-05,293,293,290.5,292
2015-02-04,292,293,290.5,293
2015-02-03,292,292.5,290.5,292
2015-02-02,293,293,289.68,291
2015-02-01,293,293,293,293
2015-01-31,293,293,293,293
2015-01-30,304,304,290.5,293
2015-01-29,304,304,304,304
2015-01-28,292,306.5,290.18,304
2015-01-27,292,292.5,289.68,291
2015-01-26,292,292.5,290.18,292
2015-01-25,292,292,292,292
2015-01-24,292,292,292,292
2015-01-23,292,292.5,291.5,292
2015-01-22,290.5,292.5,289.68,292
2015-01-21,292,292.5,289.68,291
2015-01-20,290.68,292.5,289.68,292
2015-01-19,292,293,290.18,293
2015-01-18,292,292,292,292
2015-01-17,292,292,292,292
2015-01-16,292,292.5,289.68,292
2015-01-15,293,293,289.68,290
2015-01-14,293,293,289.68,293
2015-01-13,293,293,289.18,293
2015-01-12,292,293,289.68,293
2015-01-11,292,292,292,292
2015-01-10,292,292,292,292
2015-01-09,292,292,290,292
2015-01-08,292,292.5,289.68,292
2015-01-07,292,311.5,289.68,311.5
2015-01-06,290.5,293,289.68,291.5
2015-01-05,291,292.5,289.68,292
2015-01-04,291,291,291,291
2015-01-03,291,291,291,291
2015-01-02,293,293,289.68,291
2015-01-01,293,293,293,293
2014-12-31,293,293,290.5,293
2014-12-30,293,293,289.68,293
2014-12-29,293,293,289.68,293
2014-12-28,293,293,293,293
2014-12-27,293,293,293,293
2014-12-26,290.68,293,290.18,293
2014-12-25,290.5,293,290.5,293
2014-12-24,293,293,290.18,293
2014-12-23,293,293,289.68,293
2014-12-22,293,293,289.18,293
2014-12-21,293,293,293,293
2014-12-20,290.5,290.5,290.5,290.5
2014-12-19,293,294,290.18,293
2014-12-18,293,293,289.68,293
2014-12-17,293,293,290.18,293
2014-12-16,293,293,289.68,290.5
2014-12-15,293,293,289.68,293
2014-12-14,291,291,291,291
2014-12-13,291,291,291,291
2014-12-12,290,293,289.18,293
2014-12-11,290,291.5,289.18,290
2014-12-10,290,291.5,289.18,290
2014-12-09,289,291.5,288.68,290
2014-12-08,289,290.5,289,289
2014-12-07,289,289,289,289
2014-12-06,289,289,289,289
2014-12-05,289,291.5,288.68,289
2014-12-04,289,290.5,289,289
2014-12-03,289,291,289,290
2014-12-02,288.5,291,288.5,289
2014-12-01,308.5,308.5,308.5,308.5
2014-11-30,308.5,308.5,308.5,308.5
2014-11-29,308.5,308.5,308.5,308.5
2014-11-28,292.5,310.5,290.18,308.5
2014-11-27,292.5,292.5,290.68,292.5
2014-11-26,292.5,292.5,290.68,292.5
2014-11-25,292.5,292.5,290.18,292.5
2014-11-24,292.5,292.5,290.18,292.5
2014-11-23,292.5,292.5,292.5,292.5
2014-11-22,292.5,292.5,292.5,292.5
2014-11-21,292.5,294,290.18,292.5
2014-11-20,292.5,292.5,290.18,292.5
2014-11-19,292.5,292.5,290.18,292.5
2014-11-18,292.5,292.5,292.5,292.5
2014-11-17,292.5,292.5,290.68,292.5
2014-11-16,292.5,292.5,292.5,292.5
2014-11-15,292.5,292.5,292.5,292.5
2014-11-14,292.5,292.5,290.5,292.5
2014-11-13,292.5,292.5,290.18,292.5
2014-11-12,292.5,292.5,290.18,292.5
2014-11-11,292.5,292.5,292.5,292.5
2014-11-10,292.5,292.5,290.18,292.5
2014-11-09,292.5,292.5,292.5,292.5
2014-11-08,292.5,292.5,292.5,292.5
2014-11-07,292.5,292.5,290.5,292.5
2014-11-06,292.5,292.5,290.5,292.5
2014-11-05,292.5,292.5,290.5,292.5
2014-11-04,292.5,292.5,290.18,292.5
2014-11-03,292.5,292.5,290.18,292.5
2014-11-02,292.5,292.5,292.5,292.5
2014-11-01,292.5,292.5,292.5,292.5
2014-10-31,292.5,292.5,290.18,292.5
2014-10-30,292.5,292.5,291,292.5
2014-10-29,292.5,292.5,292.5,292.5
2014-10-28,292.5,292.5,292.5,292.5
2014-10-27,292.5,292.5,290.68,292.5
2014-10-26,292.5,292.5,292.5,292.5
2014-10-25,292.5,292.5,292.5,292.5
2014-10-24,292.5,292.5,291,292.5
2014-10-23,292.5,292.5,290.18,292.5
2014-10-22,292.5,292.5,290.18,292.5
2014-10-21,292.5,292.5,290.5,292.5
2014-10-20,292.5,292.5,290.68,292.5
2014-10-19,292.5,292.5,292.5,292.5
2014-10-18,292.5,292.5,292.5,292.5
2014-10-17,292.5,292.72,290.18,292.5
2014-10-16,292.5,292.5,291,292.5
2014-10-15,292.5,292.72,290.68,292.5
2014-10-14,292.5,292.72,290.18,292.5
2014-10-13,292.5,292.72,290.18,292.5
2014-10-12,292.5,292.5,292.5,292.5
2014-10-11,292.5,292.5,292.5,292.5
2014-10-10,292.5,292.72,290.68,292.5
2014-10-09,290.5,292.72,290.18,292.5
2014-10-08,292.5,292.72,290.18,292.5
2014-10-07,292.5,292.72,290.18,292.5
2014-10-06,292.5,292.72,290.68,292.5
2014-10-05,292.5,292.5,292.5,292.5
2014-10-04,292.5,292.5,292.5,292.5
2014-10-03,292.5,292.72,290.18,292.5
2014-10-02,292.5,292.72,290.18,292.5
2014-10-01,292.5,292.5,290.5,292.5
2014-09-30,292.5,292.5,290.5,292.5
2014-09-29,292.5,292.72,290.18,291
2014-09-28,292.5,292.5,292.5,292.5
2014-09-27,292.5,292.5,292.5,292.5
2014-09-26,292.5,292.72,290.18,292.5
2014-09-25,292.5,292.72,290.18,291
2014-09-24,292.5,292.72,290.18,291
2014-09-23,292.5,292.72,290.68,292.5
2014-09-22,292.5,292.5,290.5,292.5
2014-09-21,292.5,292.5,292.5,292.5
2014-09-20,292.5,292.5,292.5,292.5
2014-09-19,292.5,292.72,290.18,291
2014-09-18,292.5,292.72,290.18,292.5
2014-09-17,292.5,292.72,290.18,292.5
2014-09-16,292.5,292.72,290.18,292.5
2014-09-15,292.5,292.72,290.18,291
2014-09-14,292.5,292.5,292.5,292.5
2014-09-13,292.5,292.5,292.5,292.5
2014-09-12,292.5,292.72,290.18,292.5
2014-09-11,292.5,292.72,290,292.5
2014-09-10,292.5,292.72,290.5,292.5
2014-09-09,292.5,292.72,290,290.5
2014-09-08,292.5,292.72,290.18,292.5
2014-09-07,292.5,292.5,292.5,292.5
2014-09-06,292.5,292.5,292.5,292.5
2014-09-05,292.5,292.72,290.68,292.5
2014-09-04,292.5,292.72,290.68,292.5
2014-09-03,292.5,292.72,290.68,292.5
2014-09-02,292.5,292.5,292.5,292.5
2014-09-01,292.5,292.72,290.68,292.5
2014-08-31,292.5,292.5,292.5,292.5
2014-08-30,292.5,292.5,292.5,292.5
2014-08-29,292.5,292.72,290.68,292.5
2014-08-28,292.5,292.72,290.68,292.5
2014-08-27,292.5,292.5,292.5,292.5
2014-08-26,292.5,292.5,292.5,292.5
2014-08-25,292.5,292.72,290.68,292.5
2014-08-24,292.5,292.5,292.5,292.5
2014-08-23,292.5,292.5,292.5,292.5
2014-08-22,292.5,292.72,290.68,292.5
2014-08-21,292.5,292.5,292.5,292.5
2014-08-20,292.5,292.72,290.68,292.5
2014-08-19,292.5,292.5,292.5,292.5
2014-08-18,292.5,292.72,290.68,292.5
2014-08-17,292.5,292.5,292.5,292.5
2014-08-16,292.5,292.5,292.5,292.5
2014-08-15,292.5,292.5,290.5,292.5
2014-08-14,292.5,292.5,290.5,292.5
2014-08-13,292.5,292.72,290.68,292.5
2014-08-12,292.5,292.5,290.5,292.5
2014-08-11,292.5,292.72,290.18,292.5
2014-08-10,292.5,292.5,292.5,292.5
2014-08-09,292.5,292.5,292.5,292.5
2014-08-08,292.5,292.72,290.18,292.5
2014-08-07,292.5,292.5,290.5,292.5
2014-08-06,292.5,292.5,290.5,291
2014-08-05,292.5,292.5,290.5,290.5
2014-08-04,292.5,292.72,290.18,292.5
2014-08-03,292.5,292.5,292.5,292.5
2014-08-02,292.5,292.5,292.5,292.5
2014-08-01,292.5,292.72,290.18,292.5
2014-07-31,292.5,292.5,290.5,292.5
2014-07-30,292.5,292.72,290.18,292.5
2014-07-29,292.5,292.72,290.18,292.5
2014-07-28,292.5,292.5,290.5,292.5
2014-07-27,292.5,292.5,292.5,292.5
2014-07-26,292.5,292.5,292.5,292.5
2014-07-25,292.5,292.5,290.5,292.5
2014-07-24,292.5,292.5,290.5,292.5
2014-07-23,290.5,292.5,290.5,292.5
2014-07-22,292.5,292.5,290.5,292.5
2014-07-21,292.5,292.72,290.18,292.5
2014-07-20,292.5,292.5,292.5,292.5
2014-07-19,292.5,292.5,292.5,292.5
2014-07-18,292.5,292.72,290.18,292.5
2014-07-17,292.5,292.72,290.18,292.5
2014-07-16,292.5,292.72,290.18,292.5
2014-07-15,292.5,292.72,290.18,292.5
2014-07-14,292.5,292.5,290.5,292.5
2014-07-13,291,291,291,291
2014-07-12,291,291,291,291
2014-07-11,292.5,292.72,290.18,292.5
2014-07-10,292.5,292.72,290.18,292.5
2014-07-09,292.5,292.72,290.18,292.5
2014-07-08,292.5,292.72,290.18,292.5
2014-07-07,292.5,292.72,290.18,292.5
2014-07-06,290.9,290.9,290.9,290.9
2014-07-05,290.9,290.9,290.9,290.9
2014-07-04,292.5,292.72,290.68,290.9
2014-07-03,292.5,292.72,290.18,292.5
2014-07-02,292.5,292.72,290.18,292.5
2014-07-01,292.5,292.72,290.18,292.5
2014-06-30,292.5,292.72,290.18,292.5
2014-06-29,292.5,292.5,292.5,292.5
2014-06-28,292.5,292.5,292.5,292.5
2014-06-27,292.5,292.72,290.18,292.5
2014-06-26,292.5,292.72,290.18,292.5
2014-06-25,292.5,292.72,290.18,291
2014-06-24,291.5,292.72,290.18,292.5
2014-06-23,292.5,292.72,290.18,291.5
2014-06-22,292.5,292.5,292.5,292.5
2014-06-21,292.5,292.5,292.5,292.5
2014-06-20,292.5,292.72,290.68,291
2014-06-19,293.5,293.5,290.18,290.5
2014-06-18,293.5,293.5,290.18,293.5
2014-06-17,293.5,293.5,290.18,293.5
2014-06-16,293.5,293.5,290,291
2014-06-15,293.5,293.5,293.5,293.5
2014-06-14,293.5,293.5,293.5,293.5
2014-06-13,293.5,293.5,290.18,293.5
2014-06-12,293.5,293.5,290.68,293.5
2014-06-11,293.5,293.5,290.18,293.5
2014-06-10,293.5,293.5,290.18,293.5
2014-06-09,293.5,293.5,291,293.5
2014-06-08,293.5,293.5,293.5,293.5
2014-06-07,293.5,293.5,293.5,293.5
2014-06-06,293.5,293.5,290.18,293.5
2014-06-05,293.5,293.5,290.5,293.5
2014-06-04,293.5,293.5,290.5,293.5
2014-06-03,293.5,293.5,290.5,293.5
2014-06-02,293.5,293.5,290.18,293.5
2014-06-01,293.5,293.5,293.5,293.5
2014-05-31,293.5,293.5,293.5,293.5
2014-05-30,292.5,293.5,290.18,291
2014-05-29,294.5,299.5,290.18,292.5
2014-05-28,294.5,294.5,290.18,294.5
2014-05-27,294.5,294.5,290.5,294.5
2014-05-26,294.5,294.5,290.9,294.5
2014-05-25,294.5,294.5,294.5,294.5
2014-05-24,294.5,294.5,294.5,294.5
2014-05-23,294.5,294.5,290.18,294.5
2014-05-22,295.5,299.63,290.18,294.5
2014-05-21,295.5,295.5,290.68,291
2014-05-20,295.5,295.5,291,295.5
2014-05-19,296.5,296.5,290.68,295.5
2014-05-18,296.5,296.5,296.5,296.5
2014-05-17,296.5,296.5,296.5,296.5
2014-05-16,297.5,297.5,291,296.5
2014-05-15,297.5,297.5,290.18,291
2014-05-14,297.5,297.5,290.9,297.5
2014-05-13,297.5,297.5,290.5,291
2014-05-12,297.5,297.5,291,297.5
2014-05-11,291.5,291.5,291.5,291.5
2014-05-10,291.5,291.5,291.5,291.5
2014-05-09,297.5,297.5,291,291.5
2014-05-08,297.5,297.5,290.9,297.5
2014-05-07,297.5,297.5,290.18,290.9
2014-05-06,297.5,298.5,290.18,291.5
2014-05-05,297.5,297.5,297.5,297.5
2014-05-04,297.5,297.5,297.5,297.5
2014-05-03,297.5,297.5,297.5,297.5
2014-05-02,297.5,297.5,290.68,297.5
2014-05-01,297.5,297.5,290.5,297.5
2014-04-30,297.5,302,294,298.5
2014-04-29,297.5,302,289.5,298
2014-04-28,297.5,299,296,297.5
2014-04-27,291.5,291.5,291.5,291.5
2014-04-26,291.5,291.5,291.5,291.5
2014-04-25,297.5,300.5,291,291.5
2014-04-24,297.5,302,291,300
2014-04-23,297.5,300.5,290.68,300
2014-04-22,297.5,299,296,297.5
2014-04-21,297.5,299,297,298.5
2014-04-20,297.5,297.5,297.5,297.5
2014-04-19,297.5,297.5,297.5,297.5
2014-04-18,297.5,302,297,297.5
2014-04-17,297.5,303.5,290.5,297.5
2014-04-16,297.5,302,296,297.5
2014-04-15,297.5,303.5,295.5,301.5
2014-04-14,297.5,300.5,290.18,297.5
2014-04-13,297.5,297.5,297.5,297.5
2014-04-12,297.5,297.5,297.5,297.5
2014-04-11,297.5,310,290.5,297.5
2014-04-10,297.5,307,290.9,305.5
2014-04-09,297.5,307,290.9,305.5
2014-04-08,297.5,305.5,296,297.5
2014-04-07,297.5,305.5,296,297.5
2014-04-06,302.5,302.5,302.5,302.5
2014-04-05,302.5,302.5,302.5,302.5
2014-04-04,297.5,304,290.18,302.5
2014-04-03,297.5,302.5,291,301
2014-04-02,298.5,301.5,290.9,297.5
2014-04-01,290.5,301.5,290.5,298.5
2014-03-31,298.5,303,290.9,298.5
2014-03-30,298.5,298.5,298.5,298.5
2014-03-29,298.5,298.5,298.5,298.5
2014-03-28,298.5,301.5,290.5,300
2014-03-27,298.5,300,290.5,298.5
2014-03-26,298.5,298.5,298.5,298.5
2014-03-25,299.5,299.5,290.5,298.5
2014-03-24,299.5,299.5,291,299.5
2014-03-23,299.5,299.5,299.5,299.5
2014-03-22,299.5,299.5,299.5,299.5
2014-03-21,292.5,299.5,290.68,299.5
2014-03-20,292.5,292.72,289.68,292.5
2014-03-19,292.5,292.72,290.18,292.5
2014-03-18,290.5,292.72,290.18,292.5
2014-03-17,292.5,292.72,290.18,292.5
2014-03-16,292.5,292.5,292.5,292.5
2014-03-15,292.5,292.5,292.5,292.5
2014-03-14,292.5,292.72,290.18,291.5
2014-03-13,292.5,292.72,290.18,292.5
2014-03-12,290.5,292.72,290.18,291
2014-03-11,292.5,292.72,290.18,292.5
2014-03-10,292.5,292.72,290.18,292.5
2014-03-09,292.5,292.5,292.5,292.5
2014-03-08,292.5,292.5,292.5,292.5
2014-03-07,290.5,292.72,290.18,291
2014-03-06,292.5,292.72,290.18,292.5
2014-03-05,290.5,292.72,290.18,292.5
2014-03-04,291.5,292.72,290.18,292.5
2014-03-03,291.5,292.72,289.68,291
2014-03-02,291.5,291.5,291.5,291.5
2014-03-01,291.5,291.5,291.5,291.5
2014-02-28,291.5,291.5,290,291.5
2014-02-27,291.5,291.5,290,291.5
2014-02-26,291.5,292,290.5,291.5
2014-02-25,291.5,292,290.5,291.5
2014-02-24,292.5,292.72,290.18,291.5
2014-02-23,292.5,292.5,292.5,292.5
2014-02-22,292.5,292.5,292.5,292.5
2014-02-21,291.5,292.72,290.18,292.5
2014-02-20,291,292.72,290.18,291
2014-02-19,292.5,292.72,290,291.5
2014-02-18,292.5,292.72,290,292.5
2014-02-17,292.5,292.72,290.68,292.5
2014-02-16,292.5,292.5,292.5,292.5
2014-02-15,292.5,292.5,292.5,292.5
2014-02-14,292.5,292.72,290.68,292.5
2014-02-13,292.5,292.72,290.68,292.5
2014-02-12,292.5,294,290,292.5
2014-02-11,292.5,292.72,290.68,292.5
2014-02-10,289.5,294,289.18,292.5
2014-02-09,289.5,289.5,289.5,289.5
2014-02-08,289.5,289.5,289.5,289.5
2014-02-07,290.5,291.5,289,289.5
2014-02-06,291.5,292,289.5,290.5
2014-02-05,291.5,292.22,290,291.5
2014-02-04,291.5,292.72,290,291.5
2014-02-03,292.5,292.72,290,291.5
2014-02-02,290.5,290.5,290.5,290.5
2014-02-01,290.5,290.5,290.5,290.5
2014-01-31,292.5,292.72,290.5,290.5
2014-01-30,292.5,292.72,290.68,292.5
2014-01-29,290.5,292.72,289.5,292.5
2014-01-28,292.5,292.5,289.5,290.5
2014-01-27,291.5,292.72,290,292.5
2014-01-26,291.5,291.5,291.5,291.5
2014-01-25,291.5,291.5,291.5,291.5
2014-01-24,290.5,292.72,289.5,291.5
2014-01-23,292.5,292.72,289.5,290.5
2014-01-22,292.5,292.72,290,292.5
2014-01-21,292.5,292.72,290.18,292.5
2014-01-20,292.5,292.72,290.68,292.5
2014-01-19,292.5,292.5,292.5,292.5
2014-01-18,292.5,292.5,292.5,292.5
2014-01-17,290.5,292.72,289.68,292.5
2014-01-16,287.5,291,286.5,290.5
2014-01-15,288.5,288.5,287.5,287.5
2014-01-14,289.5,292,288.5,288.5
2014-01-13,290.5,291.72,289,289.5
2014-01-12,291.5,291.5,291.5,291.5
2014-01-11,291.5,291.5,291.5,291.5
2014-01-10,291.5,292.5,290.18,291.5
2014-01-09,291.5,292.72,289.68,291.5
2014-01-08,290.5,293.22,289.68,291.5
2014-01-07,291.5,292.22,289.68,290.5
2014-01-06,290.5,293,289.68,291.5
2014-01-05,290.5,290.5,290.5,290.5
2014-01-04,290.5,290.5,290.5,290.5
2014-01-03,291.5,292.22,289.68,291.5
2014-01-02,291.5,292.72,290.18,291.5
2014-01-01,291.5,291.5,291.5,291.5
2013-12-31,292.5,292.72,290.18,291.5
2013-12-30,291.5,292.72,290.18,292.5
2013-12-29,291.5,291.5,291.5,291.5
2013-12-28,291.5,291.5,291.5,291.5
2013-12-27,292.5,292.5,291,291.5
2013-12-26,292.5,292.72,290.68,292.5
2013-12-25,292.5,292.5,292.5,292.5
2013-12-24,292.5,293,290.68,292.5
2013-12-23,292.5,293,290.18,292.5
2013-12-22,292.5,292.5,292.5,292.5
2013-12-21,292.5,292.5,292.5,292.5
2013-12-20,292.5,293,290.68,292.5
2013-12-19,292.5,292.72,290.68,291.5
2013-12-18,291.5,293,290.18,292.5
2013-12-17,291.5,293.5,290.18,291.5
2013-12-16,292.5,293,290.18,291.5
2013-12-15,292.5,292.5,292.5,292.5
2013-12-14,292.5,292.5,292.5,292.5
2013-12-13,292.5,292.72,290.18,292.5
2013-12-12,292.5,294.5,290.68,292.5
2013-12-11,292.5,293.22,290.18,293
2013-12-10,292.5,293.5,290.68,292.5
2013-12-09,292.5,295,292.5,292.5
2013-12-08,292.5,292.5,292.5,292.5
2013-12-07,292.5,292.5,292.5,292.5
2013-12-06,291.5,293.5,290.18,292.5
2013-12-05,292.5,293.5,290.18,291.5
2013-12-04,291.5,293.5,290.18,292.5
2013-12-03,292.5,293,290.18,291.5
2013-12-02,287.5,294,287.5,292.5
2013-12-01,287.5,287.5,287.5,287.5
2013-11-30,287.5,287.5,287.5,287.5
2013-11-29,293.5,293.5,287.5,287.5
2013-11-28,293.5,293.5,290.9,293.5
2013-11-27,297.5,297.5,291.5,293.5
2013-11-26,294,297.5,290.18,297.5
2013-11-25,293,294.22,290.18,294
2013-11-24,293,293,293,293
2013-11-23,293,293,293,293
2013-11-22,294,295.5,291.5,293
2013-11-21,294,294.22,290.68,294
2013-11-20,302,302,290.68,294
2013-11-19,302,302.5,300,302
2013-11-18,302,303.5,300,302
2013-11-17,302,302,302,302
2013-11-16,302,302,302,302
2013-11-15,302,302,298.5,302
2013-11-14,302,302,298.5,302
2013-11-13,297.5,302.5,297,300.5
2013-11-12,303,303,297.5,297.5
2013-11-11,303,303,300.5,300.5
2013-11-10,303,303,303,303
2013-11-09,303,303,303,303
2013-11-08,303,303,299.5,299.5
2013-11-07,303,303,303,303
2013-11-06,303,303.5,301.5,302
2013-11-05,303,303.5,301.5,303
2013-11-04,303,303.5,302,303
2013-11-03,303,303,303,303
2013-11-02,303,303,303,303
2013-11-01,303,303,303,303
2013-10-31,303,304.5,301,302
2013-10-30,302,304,299.5,303
2013-10-29,302,303,300.5,302
2013-10-28,302,303.5,300.5,301
2013-10-27,302,302,302,302
2013-10-26,302,302,302,302
2013-10-25,302,304,300,301.5
2013-10-24,303,305,300,302
2013-10-23,302,303,300,300.5
2013-10-22,302,304,299.5,302
2013-10-21,298,302,297,302
2013-10-20,298,298,298,298
2013-10-19,298,298,298,298
2013-10-18,300.5,300.5,296.5,298.5
2013-10-17,298,300,298,298
2013-10-16,299,299.5,298,299
2013-10-15,299,299,299,299
2013-10-14,299,299,299,299
2013-10-13,299,299,299,299
2013-10-12,299,299,299,299
2013-10-11,298,299,291,299
2013-10-10,298,298,298,298
2013-10-09,303,303,293,293
2013-10-08,303,304,301,303
2013-10-07,303,316.5,300,303
2013-10-06,303,303,303,303
2013-10-05,303,303,303,303
2013-10-04,301.5,304,300.5,303
2013-10-03,312.5,315.5,299.5,301.5
2013-10-02,295,302.5,293,302.5
2013-10-01,288,308,288,295
2013-09-30,288,288,288,288
2013-09-29,288,288,288,288
2013-09-28,288,288,288,288
2013-09-27,288,296,288,288
2013-09-26,288,288,288,288
2013-09-25,288,303.5,288,288
2013-09-24,288,288,288,288
2013-09-23,288,288,288,288
2013-09-22,300.5,300.5,300.5,300.5
2013-09-21,300.5,300.5,300.5,300.5
2013-09-20,300.5,300.5,300.5,300.5
2013-09-19,300.5,300.5,300.5,300.5
2013-09-18,300.5,301,300,300.5
2013-09-17,293.5,304,290,300.5
2013-09-16,293.5,293.5,293.5,293.5
2013-09-15,293.5,293.5,293.5,293.5
2013-09-14,293.5,293.5,293.5,293.5
2013-09-13,293.5,293.5,293.5,293.5
2013-09-12,293.5,293.5,293.5,293.5
2013-09-11,293.5,293.5,293.5,293.5
2013-09-10,293.5,293.5,293.5,293.5
2013-09-09,293.5,293.5,293.5,293.5
2013-09-08,293.5,293.5,293.5,293.5
2013-09-07,293.5,293.5,293.5,293.5
2013-09-06,293.5,293.5,293.5,293.5
2013-09-05,293.5,293.5,293.5,293.5
2013-09-04,293.5,293.5,293.5,293.5
2013-09-03,294.5,294.5,293.5,293.5
2013-09-02,289.5,302,289.5,294.5
2013-09-01,289.5,289.5,289.5,289.5
2013-08-31,289.5,289.5,289.5,289.5
2013-08-30,290.5,290.5,289.5,289.5
2013-08-29,294.5,299,290.5,290.5
2013-08-28,297.5,298,294,294.5
2013-08-27,298.5,301.5,294.5,294.5
2013-08-26,300.5,303,297.5,298.5
2013-08-25,300.5,300.5,300.5,300.5
2013-08-24,300.5,300.5,300.5,300.5
2013-08-23,302,304.5,298,300.5
2013-08-22,300.5,304,299,299.5
2013-08-21,300.5,303.5,300.5,302.5
2013-08-20,300.5,304,300.5,300.5
2013-08-19,300.5,304.5,300.5,300.5
2013-08-18,300.5,300.5,300.5,300.5
2013-08-17,300.5,300.5,300.5,300.5
2013-08-16,300.5,303.5,300.5,300.5
2013-08-15,300.5,304,300.5,300.5
2013-08-14,303.5,304,300.5,300.5
2013-08-13,300.5,300.5,300.5,300.5
2013-08-12,299.5,304,299.5,304
2013-08-11,299.5,299.5,299.5,299.5
2013-08-10,299.5,299.5,299.5,299.5
2013-08-09,299.5,303.5,299.5,299.5
2013-08-08,299.5,299.5,299.5,299.5
2013-08-07,300.5,303.5,299.5,299.5
2013-08-06,300.5,304,300.5,300.5
2013-08-05,300.5,303.5,300.5,300.5
2013-08-04,300.5,300.5,300.5,300.5
2013-08-03,300.5,300.5,300.5,300.5
2013-08-02,304,304,300,300.5
2013-08-01,299.5,305,298.5,301.5
2013-07-31,300.5,304,299.5,303.5
2013-07-30,303.5,305,300.5,304
2013-07-29,303.5,304.5,301,303.5
2013-07-28,303.5,303.5,303.5,303.5
2013-07-27,303.5,303.5,303.5,303.5
2013-07-26,303.5,305,303,303.5
2013-07-25,303.5,305,303,303.5
2013-07-24,303.5,305,303,304.5
2013-07-23,289.5,305,289.5,305
2013-07-22,291.5,291.5,289.5,289.5
2013-07-21,291.5,291.5,291.5,291.5
2013-07-20,291.5,291.5,291.5,291.5
2013-07-19,291.5,291.5,291.5,291.5
2013-07-18,291.5,291.5,291.5,291.5
2013-07-17,292.5,303.5,291.5,291.5
2013-07-16,293.5,303.5,292.5,303.5
2013-07-15,293.5,293.5,293.5,293.5
2013-07-14,293.5,293.5,293.5,293.5
2013-07-13,293.5,293.5,293.5,293.5
2013-07-12,293.5,303.5,293.5,293.5
2013-07-11,293.5,293.5,293.5,293.5
2013-07-10,293.5,293.5,293.5,293.5
2013-07-09,293.5,303.5,293.5,302
2013-07-08,294.5,294.5,293.5,293.5
2013-07-07,302,302,302,302
2013-07-06,302,302,302,302
2013-07-05,294.5,302.5,294.5,302
2013-07-04,302,302.5,294.5,294.5
2013-07-03,294.5,302.5,294.5,302.5
2013-07-02,295.5,295.5,294.5,294.5
2013-07-01,296.5,296.5,295.5,295.5
2013-06-30,296.5,296.5,296.5,296.5
2013-06-29,296.5,296.5,296.5,296.5
2013-06-28,296.5,296.5,296.5,296.5
2013-06-27,296.5,296.5,296.5,296.5
2013-06-26,296.5,296.5,296.5,296.5
2013-06-25,296.5,302.5,296.5,302
2013-06-24,298.5,302,296.5,296.5
2013-06-23,302.5,302.5,302.5,302.5
2013-06-22,302.5,302.5,302.5,302.5
2013-06-21,298.5,302.5,298.5,298.5
2013-06-20,298.5,302,298.5,298.5
2013-06-19,298.5,302,298.5,302
2013-06-18,299.5,303,298.5,298.5
2013-06-17,300.5,302.5,299.5,299.5
2013-06-16,300.5,300.5,300.5,300.5
2013-06-15,300.5,300.5,300.5,300.5
2013-06-14,300.5,303,300.5,300.5
2013-06-13,301.5,303.5,300.5,300.5
2013-06-12,301.5,303,301.5,301.5
2013-06-11,302.5,303.5,301,303
2013-06-10,293.5,304,293.5,302.5
2013-06-09,293.5,293.5,293.5,293.5
2013-06-08,293.5,293.5,293.5,293.5
2013-06-07,293.5,293.5,293.5,293.5
2013-06-06,293.5,293.5,293.5,293.5
2013-06-05,293.5,293.5,293.5,293.5
2013-06-04,294.5,294.5,293.5,293.5
2013-06-03,296.5,296.5,294.5,294.5
2013-06-02,296.5,296.5,296.5,296.5
2013-06-01,296.5,296.5,296.5,296.5
2013-05-31,297.5,297.5,296.5,296.5
2013-05-30,298.5,302,297.5,301.5
2013-05-29,300.5,300.5,299.5,299.5
2013-05-28,300.5,302,300.5,300.5
2013-05-27,300.5,300.5,300.5,300.5
2013-05-26,301.5,301.5,301.5,301.5
2013-05-25,301.5,301.5,301.5,301.5
2013-05-24,293.5,301.5,292.5,301.5
2013-05-23,295.5,301.5,293.5,293.5
2013-05-22,296.5,296.5,295.5,295.5
2013-05-21,298.5,300.5,296.5,296.5
2013-05-20,299.5,301.5,298.5,298.5
2013-05-19,301.5,301.5,301.5,301.5
2013-05-18,301.5,301.5,301.5,301.5
2013-05-17,295.5,301.5,294.5,301.5
2013-05-16,296.5,296.5,295.5,295.5
2013-05-15,295.5,300,295.5,296.5
2013-05-14,296.5,299.5,295.5,295.5
2013-05-13,296.5,300,296.5,296.5
2013-05-12,297.5,297.5,297.5,297.5
2013-05-11,297.5,297.5,297.5,297.5
2013-05-10,300.5,300.5,297.5,297.5
2013-05-09,298.5,300,298.5,298.5
2013-05-08,299.5,300.5,298.5,298.5
2013-05-07,300.5,300.5,299.5,299.5
2013-05-06,297.5,300.5,297.5,300
2013-05-05,297.5,297.5,297.5,297.5
2013-05-04,297.5,297.5,297.5,297.5
2013-05-03,298.5,300.5,297.5,297.5
2013-05-02,299.5,300,298.5,298.5
2013-05-01,300.5,300.5,299.5,299.5
2013-04-30,263.5,263.5,263.5,263.5
2013-04-29,264.5,264.5,263.5,263.5
2013-04-28,264.5,264.5,264.5,264.5
2013-04-27,264.5,264.5,264.5,264.5
2013-04-26,265.5,265.5,264.5,264.5
2013-04-25,267.5,267.5,265.5,265.5
2013-04-24,269.5,277,267.5,277
2013-04-23,270.5,270.5,269.5,269.5
2013-04-22,271.5,275,270.5,270.5
2013-04-21,271.5,271.5,271.5,271.5
2013-04-20,271.5,271.5,271.5,271.5
2013-04-19,273.5,273.5,271.5,271.5
2013-04-18,273.5,276.5,273.5,273.5
2013-04-17,274.5,276.5,273.5,273.5
2013-04-16,274.5,277,274.5,274.5
2013-04-15,275.5,275.5,274.5,274.5
2013-04-14,275.5,275.5,275.5,275.5
2013-04-13,275.5,275.5,275.5,275.5
2013-04-12,275.5,278.5,275.5,275.5
2013-04-11,275.5,279.5,275,275.5
2013-04-10,275.5,275.5,275.5,275.5
2013-04-09,276.5,276.5,275.5,275.5
2013-04-08,278.5,278.5,276.5,276.5
2013-04-07,278.5,278.5,278.5,278.5
2013-04-06,278.5,278.5,278.5,278.5
2013-04-05,278.5,279,278,278.5
2013-04-04,278.5,278.5,278.5,278.5
2013-04-03,278.5,278.5,278.5,278.5
2013-04-02,278.5,278.5,278.5,278.5
2013-04-01,278.5,278.5,278.5,278.5
2013-03-31,278.5,278.5,278.5,278.5
2013-03-30,278.5,278.5,278.5,278.5
2013-03-29,279.5,279.5,278.5,278.5
2013-03-28,279.5,279.5,279.5,279.5
2013-03-27,281.5,281.5,279.5,279.5
2013-03-26,283.5,283.5,281.5,281.5
2013-03-25,284.5,284.5,283.5,283.5
2013-03-24,284.5,284.5,284.5,284.5
2013-03-23,284.5,284.5,284.5,284.5
2013-03-22,283.5,285.5,283.5,284.5
2013-03-21,285.5,286.5,283.5,283.5
2013-03-20,286.5,286.5,285.5,285.5
2013-03-19,287.5,287.5,286.5,286.5
2013-03-18,288.5,289,287,287.5
2013-03-17,288.5,288.5,288.5,288.5
2013-03-16,288.5,288.5,288.5,288.5
2013-03-15,288.5,288.5,288.5,288.5
2013-03-14,288.5,288.5,288.5,288.5
2013-03-13,289.5,290,288,288.5
2013-03-12,290.5,291.5,289,289.5
2013-03-11,291.5,292,290,290.5
2013-03-10,291.5,291.5,291.5,291.5
2013-03-09,291.5,291.5,291.5,291.5
2013-03-08,291.5,291.5,291.5,291.5
2013-03-07,293.5,298.5,291,298.5
2013-03-06,295.5,298.5,293.5,298.5
2013-03-05,293.5,293.5,293.5,293.5
2013-03-04,294.5,298,293,298
2013-03-03,294.5,294.5,294.5,294.5
2013-03-02,294.5,294.5,294.5,294.5
2013-03-01,295.5,296,294,294.5
2013-02-28,296.5,297.5,295,295.5
2013-02-27,297.5,299.5,296,298.5
2013-02-26,298.5,299,297.5,297.5
2013-02-25,299.5,300,297,298.5
2013-02-24,299.5,299.5,299.5,299.5
2013-02-23,299.5,299.5,299.5,299.5
2013-02-22,299.5,299.5,299.5,299.5
2013-02-21,299.5,300.5,299,299.5
2013-02-20,299.5,300.5,299,300
2013-02-19,299.5,300.5,299,299.5
2013-02-18,299.5,299.5,299.5,299.5
2013-02-17,299.5,299.5,299.5,299.5
2013-02-16,299.5,299.5,299.5,299.5
2013-02-15,299.5,300,299,299.5
2013-02-14,300.5,301.5,298.5,299.5
2013-02-13,301.5,301.5,299.5,300.5
2013-02-12,301.5,301.5,299.5,301.5
2013-02-11,301.5,301.5,299.5,301.5
2013-02-10,301.5,301.5,301.5,301.5
2013-02-09,301.5,301.5,301.5,301.5
2013-02-08,301.5,301.5,299.5,301.5
2013-02-07,301.5,302.5,298.5,301.5
2013-02-06,301.5,301.5,299.5,301.5
2013-02-05,301.5,301.5,301.5,301.5
2013-02-04,301.5,301.5,301.5,301.5
2013-02-03,299.5,299.5,299.5,299.5
2013-02-02,299.5,299.5,299.5,299.5
2013-02-01,301.5,301.5,299.5,299.5
2013-01-31,301.5,301.5,299.5,301.5
2013-01-30,301.5,301.5,299.5,301.5
2013-01-29,301.5,301.5,301.5,301.5
2013-01-28,301.5,301.5,299.5,301.5
2013-01-27,301.5,301.5,301.5,301.5
2013-01-26,301.5,301.5,301.5,301.5
2013-01-25,301.5,301.5,299.5,299.5
2013-01-24,301.5,301.5,298.5,301.5
2013-01-23,301.5,301.5,298,301.5
2013-01-22,301.5,301.5,301.5,301.5
2013-01-21,302.5,303.5,301,301.5
2013-01-20,302.5,302.5,302.5,302.5
2013-01-19,302.5,302.5,302.5,302.5
2013-01-18,302.5,302.5,302.5,302.5
2013-01-17,302.5,302.5,302.5,302.5
2013-01-16,302.5,302.5,300,302.5
2013-01-15,302.5,303.5,298.5,302.5
2013-01-14,303.5,304.5,299,302.5
2013-01-13,303.5,303.5,303.5,303.5
2013-01-12,303.5,303.5,303.5,303.5
2013-01-11,303.5,303.5,303.5,303.5
2013-01-10,303.5,303.5,299.5,303.5
2013-01-09,303.5,303.5,303.5,303.5
2013-01-08,303.5,303.5,300.5,301
2013-01-07,303.5,303.5,302.5,303.5
2013-01-06,303.5,303.5,303.5,303.5
2013-01-05,303.5,303.5,303.5,303.5
2013-01-04,303.5,304,303,303.5
2013-01-03,303.5,304,303,303.5
2013-01-02,301.5,303.5,301.5,303.5
2013-01-01,301.5,301.5,301.5,301.5
2012-12-31,302.5,304.5,301.5,301.5
2012-12-30,302.5,302.5,302.5,302.5
2012-12-29,302.5,302.5,302.5,302.5
2012-12-28,302.5,303,302,302.5
2012-12-27,302.5,303.5,302,302.5
2012-12-26,301.5,302.5,301.5,301.5
2012-12-25,297.5,297.5,297.5,297.5
2012-12-24,297.5,297.5,297.5,297.5
2012-12-23,297.5,297.5,297.5,297.5
2012-12-22,297.5,297.5,297.5,297.5
2012-12-21,297.5,297.5,297.5,297.5
2012-12-20,297.5,297.5,297.5,297.5
2012-12-19,297.5,300,297.5,297.5
2012-12-18,302,302,297.5,297.5
2012-12-17,297.5,302,297.5,302
2012-12-16,297.5,297.5,297.5,297.5
2012-12-15,297.5,297.5,297.5,297.5
2012-12-14,297.5,297.5,297.5,297.5
2012-12-13,297.5,297.5,297.5,297.5
2012-12-12,297.5,297.5,297.5,297.5
2012-12-11,297.5,297.5,297.5,297.5
2012-12-10,298.5,299.5,297,297.5
2012-12-09,298.5,298.5,298.5,298.5
2012-12-08,298.5,298.5,298.5,298.5
2012-12-07,298.5,300.5,298,298.5
2012-12-06,298.5,301,298,298.5
2012-12-05,298.5,299.5,298.5,299.5
2012-12-04,298.5,299.5,298.5,298.5
2012-12-03,298.5,299.5,298.5,299.5
2012-12-02,298.5,298.5,298.5,298.5
2012-12-01,298.5,298.5,298.5,298.5
2012-11-30,298.5,299,298,298.5
2012-11-29,299,299.5,298,298.5
2012-11-28,298.5,298.5,298.5,298.5
2012-11-27,298.5,299.5,298,298.5
2012-11-26,298.5,299,298,298.5
2012-11-25,298.5,298.5,298.5,298.5
2012-11-24,298.5,298.5,298.5,298.5
2012-11-23,298.5,299,298,299
2012-11-22,298.5,298.5,298.5,298.5
2012-11-21,298.5,299.5,298.5,298.5
2012-11-20,298.5,299.5,298.5,299.5
2012-11-19,298.5,299.5,298.5,298.5
2012-11-18,298.5,298.5,298.5,298.5
2012-11-17,298.5,298.5,298.5,298.5
2012-11-16,298.5,299.5,297.5,298.5
2012-11-15,298.5,299.5,297.5,298.5
2012-11-14,299,299.5,298,298.5
2012-11-13,298.5,298.5,298.5,298.5
2012-11-12,298.5,298.5,298.5,298.5
2012-11-11,298.5,298.5,298.5,298.5
2012-11-10,298.5,298.5,298.5,298.5
2012-11-09,298.5,299.5,298,298.5
2012-11-08,299,299.5,297.5,299
2012-11-07,298.5,299,297.5,298.5
2012-11-06,298.5,299,298,298.5
2012-11-05,298.5,298.5,298.5,298.5
2012-11-04,298,298,298,298
2012-11-03,298,298,298,298
2012-11-02,298.5,299,297.5,298.5
2012-11-01,298.5,298.5,298.5,298.5
2012-10-31,298.5,299,297.5,298.5
2012-10-30,299.5,300,298,298.5
2012-10-29,300.5,301.5,299,299.5
2012-10-28,300.5,300.5,300.5,300.5
2012-10-27,300.5,300.5,300.5,300.5
2012-10-26,300.5,302.5,300.5,302.5
2012-10-25,302.5,302.5,300.5,300.5
2012-10-24,300.5,303,300.5,300.5
2012-10-23,300.5,302.5,300.5,300.5
2012-10-22,300.5,303,300.5,300.5
2012-10-21,300.5,300.5,300.5,300.5
2012-10-20,300.5,300.5,300.5,300.5
2012-10-19,300.5,304,300.5,300.5
2012-10-18,300.5,303,300,300.5
2012-10-17,300.5,300.5,300.5,300.5
2012-10-16,300.5,300.5,300.5,300.5
2012-10-15,300.5,302.5,300.5,300.5
2012-10-14,302.5,302.5,302.5,302.5
2012-10-13,302.5,302.5,302.5,302.5
2012-10-12,301.5,302.5,300,300.5
2012-10-11,301.5,304,301.5,301.5
2012-10-10,301.5,303,301.5,303
2012-10-09,301.5,301.5,301.5,301.5
2012-10-08,301.5,301.5,301.5,301.5
2012-10-07,301.5,301.5,301.5,301.5
2012-10-06,301.5,301.5,301.5,301.5
2012-10-05,301.5,304,301,301.5
2012-10-04,301.5,302.5,301.5,302.5
2012-10-03,301.5,302.5,301.5,301.5
2012-10-02,301.5,302.5,299,302.5
2012-10-01,301.5,302.5,301.5,302.5
2012-09-30,301.5,301.5,301.5,301.5
2012-09-29,301.5,301.5,301.5,301.5
2012-09-28,301.5,302.5,301.5,301.5
2012-09-27,301.5,303.5,301.5,301.5
2012-09-26,301.5,302.5,301.5,301.5
2012-09-25,301.5,303,301.5,301.5
2012-09-24,301.5,303,301.5,301.5
2012-09-23,301.5,301.5,301.5,301.5
2012-09-22,301.5,301.5,301.5,301.5
2012-09-21,301.5,302.5,301.5,301.5
2012-09-20,301.5,302.5,301.5,302.5
2012-09-19,301.5,303,301,301.5
2012-09-18,302.5,304,301,301.5
2012-09-17,302.5,303,302,302.5
2012-09-16,302.5,302.5,302.5,302.5
2012-09-15,302.5,302.5,302.5,302.5
2012-09-14,302.5,302.5,302.5,302.5
2012-09-13,302.5,302.5,302.5,302.5
2012-09-12,302.5,302.5,302.5,302.5
2012-09-11,302.5,302.5,302.5,302.5
2012-09-10,302.5,302.5,302.5,302.5
2012-09-09,302.5,302.5,302.5,302.5
2012-09-08,302.5,302.5,302.5,302.5
2012-09-07,302.5,302.5,302.5,302.5
2012-09-06,302.5,302.5,302.5,302.5
2012-09-05,302.5,302.5,302.5,302.5
2012-09-04,302.5,302.5,302.5,302.5
2012-09-03,302.5,302.5,302.5,302.5
2012-09-02,302.5,302.5,302.5,302.5
2012-09-01,302.5,302.5,302.5,302.5
2012-08-31,302.5,302.5,302.5,302.5
2012-08-30,302.5,302.5,302.5,302.5
2012-08-29,302.5,302.5,302.5,302.5
2012-08-28,302.5,302.5,302.5,302.5
2012-08-27,302.5,302.5,302.5,302.5
2012-08-26,302.5,302.5,302.5,302.5
2012-08-25,302.5,302.5,302.5,302.5
2012-08-24,302.5,302.5,302.5,302.5
2012-08-23,302.5,302.5,302.5,302.5
2012-08-22,303.5,304.5,302,302.5
2012-08-21,303.5,303.5,303.5,303.5
2012-08-20,301.5,302,301.5,302
2012-08-19,301.5,301.5,301.5,301.5
2012-08-18,301.5,301.5,301.5,301.5
2012-08-17,301.5,301.5,301.5,301.5
2012-08-16,301.5,303,300.5,301.5
2012-08-15,301,301,301,301
2012-08-14,301,301,301,301
2012-08-13,304,304,304,304
2012-08-12,304,304,304,304
2012-08-11,304,304,304,304
2012-08-10,304,304,304,304
2012-08-09,303,305,302,304
2012-08-08,303,304.5,301.5,303
2012-08-07,302,303,300.5,301.5
2012-08-06,302,302,301.5,301.5
2012-08-05,302,302,302,302
2012-08-04,302,302,302,302
2012-08-03,301.5,302,301.5,302
2012-08-02,302,302,302,302
2012-08-01,301.5,301.5,301.5,301.5
2012-07-31,301,301,301,301
2012-07-30,301,301,301,301
2012-07-29,300.5,300.5,300.5,300.5
2012-07-28,300.5,300.5,300.5,300.5
2012-07-27,301,301,301,301
2012-07-26,300.5,302,299.5,300.5
2012-07-25,300,301.5,298.5,300
2012-07-24,299,299,299,299
2012-07-23,299,300.5,297.5,299
2012-07-22,299,299,299,299
2012-07-21,299,299,299,299
2012-07-20,299,299,299,299
2012-07-19,298,298,298,298
2012-07-18,297,298,297,298
2012-07-17,297,297,297,297
2012-07-16,297,297,297,297
2012-07-15,297,297,297,297
2012-07-14,297,297,297,297
2012-07-13,297,297,297,297
2012-07-12,297,297,297,297
2012-07-11,296.5,296.5,296.5,296.5
2012-07-10,294,294,294,294
2012-07-09,294,294,294,294
2012-07-08,294,294,294,294
2012-07-07,294,294,294,294
2012-07-06,294,294,294,294
2012-07-05,294,294,294,294
2012-07-04,294,294,294,294
2012-07-03,294,294,294,294
2012-07-02,294,294,294,294
2012-07-01,294,294,294,294
2012-06-30,294,294,294,294
2012-06-29,294,294,294,294
2012-06-28,294,294,294,294
2012-06-27,294,294,294,294
2012-06-26,294,294,294,294
2012-06-25,293.5,293.5,293.5,293.5
2012-06-24,295.5,295.5,295.5,295.5
2012-06-23,295.5,295.5,295.5,295.5
2012-06-22,295.5,295.5,295.5,295.5
2012-06-21,295.5,295.5,295.5,295.5
2012-06-20,296,296,296,296
2012-06-19,296,296,296,296
2012-06-18,296,296,296,296
2012-06-17,296,296,296,296
2012-06-16,296,296,296,296
2012-06-15,296,297,295,296
2012-06-14,295,295.5,295,295.5
2012-06-13,295,295,295,295
2012-06-12,295,295,295,295
2012-06-11,295,296,293.5,294.5
2012-06-10,294.5,294.5,294.5,294.5
2012-06-09,294.5,294.5,294.5,294.5
2012-06-08,294.5,294.5,294.5,294.5
2012-06-07,293.5,293.5,293.5,293.5
2012-06-06,293.5,293.5,293.5,293.5
2012-06-05,293.5,293.5,293.5,293.5
2012-06-04,294,294.5,293.5,293.5
2012-06-03,293.5,293.5,293.5,293.5
2012-06-02,293.5,293.5,293.5,293.5
2012-06-01,294,295,292.5,293.5
2012-05-31,293,294.5,292,293.5
2012-05-30,293.5,295,292,292.5
2012-05-29,292.5,294.5,291,292.5
2012-05-28,295,295,295,295
2012-05-27,294.5,294.5,294.5,294.5
2012-05-26,294.5,294.5,294.5,294.5
2012-05-25,294,294.5,294,294.5
2012-05-24,295,296,293,294.5
2012-05-23,294,295.5,293,294.5
2012-05-22,294,294,294,294
2012-05-21,295,295,295,295
2012-05-20,294.5,294.5,294.5,294.5
2012-05-19,294.5,294.5,294.5,294.5
2012-05-18,294.5,294.5,294.5,294.5
2012-05-17,294,295,292.5,293.5
2012-05-16,291.89,294,290.89,293.5
2012-05-15,294,295,292.5,293.5
2012-05-14,293.5,294,293,293.5
2012-05-13,293,293,293,293
2012-05-12,293,293,293,293
2012-05-11,293,293,293,293
2012-05-10,293,293,293,293
2012-05-09,293.5,293.5,293,293
2012-05-08,293,293,293,293
2012-05-07,292,293.5,291,292.5
2012-05-06,292,292,292,292
2012-05-05,292,292,292,292
2012-05-04,292,292.5,291.5,292
2012-05-03,293,293,293,293
2012-05-02,292,292.5,292,292.5
2012-05-01,292,292,292,292
2012-04-30,292,293.5,290.5,292
2012-04-29,292,292,292,292
2012-04-28,292,292,292,292
2012-04-27,292,292.5,291.5,292
2012-04-26,292.5,292.5,292.5,292.5
2012-04-25,293,294,291.5,292.5
2012-04-24,291.89,292.5,291.89,292.5
2012-04-23,291.5,291.5,291.5,291.5
2012-04-22,291.5,291.5,291.5,291.5
2012-04-21,291.5,291.5,291.5,291.5
2012-04-20,289,291.5,291.5,291.5
2012-04-19,289,291.5,291.5,291.5
2012-04-18,287,293,290.5,291.5
2012-04-17,289,291.5,291,291.5
2012-04-16,286,292.5,289.5,291
2012-04-15,291,291,291,291
2012-04-14,291,291,291,291
2012-04-13,289,291,291,291
2012-04-12,289,291.5,291.5,291.5
2012-04-11,289,291.5,291,291.5
2012-04-10,287,292,291.75,291.75
2012-04-09,289,291.5,291,291.5
2012-04-08,291,291,291,291
2012-04-07,291,291,291,291
2012-04-06,291,291,291,291
2012-04-05,286,292.5,289.5,291
2012-04-04,289,291,291,291
2012-04-03,288,294,291.5,292.5
2012-04-02,290,292.5,292,292.5
2012-04-01,292,292,292,292
2012-03-31,292,292,292,292
2012-03-30,290,292,292,292
2012-03-29,290,292,292,292
2012-03-28,290,292,292,292
2012-03-27,287,293,290.5,291.5
2012-03-26,289,292,292,292
2012-03-25,294,294,294,294
2012-03-24,294,294,294,294
2012-03-23,292,295.5,292.5,294
2012-03-22,290,296,293.5,294.5
2012-03-21,292,294.5,294.5,294.5
2012-03-20,289,295,292.5,293.5
2012-03-19,288,294.5,292,293.5
2012-03-18,293,293,293,293
2012-03-17,293,293,293,293
2012-03-16,291,293,293,293
2012-03-15,294,294,294,294
2012-03-14,291,295,292,294
2012-03-13,290,292.5,292.5,292.5
2012-03-12,288,294,291.5,292.5
2012-03-11,292.5,292.5,292.5,292.5
2012-03-10,292.5,292.5,292.5,292.5
2012-03-09,288,296,291.5,292.5
2012-03-08,290,292.5,292.5,292.5
2012-03-07,292,295,294.5,294.5
2012-03-06,290,296.5,294,295.5
2012-03-05,289,295.5,293,294.5
2012-03-04,294,294,294,294
2012-03-03,294,294,294,294
2012-03-02,292,294,294,294
2012-03-01,292,294.5,294,294.5
2012-02-29,292,296,293.5,294.5
2012-02-28,289,295.5,292.5,294
2012-02-27,292,296,293,294
2012-02-26,294,294,294,294
2012-02-25,294,294,294,294
2012-02-24,294,294,294,294
2012-02-23,292,294,294,294
2012-02-22,291,295.5,292.5,294
2012-02-21,291,293.5,293.5,293.5
2012-02-20,292.5,292.5,292.5,292.5
2012-02-19,292.5,292.5,292.5,292.5
2012-02-18,292.5,292.5,292.5,292.5
2012-02-17,290,292.5,292.5,292.5
2012-02-16,292.5,292.5,292.5,292.5
2012-02-15,288,294,291.5,292.5
2012-02-14,290,292.5,292.5,292.5
2012-02-13,290,292,292,292
2012-02-12,291.5,291.5,291.5,291.5
2012-02-11,291.5,291.5,291.5,291.5
2012-02-10,289,291.5,291.5,291.5
2012-02-09,290,292,291.5,291.5
2012-02-08,288,291.5,290.5,291.5
2012-02-07,289,291.5,291.5,291.5
2012-02-06,289,291.5,291.5,291.5
2012-02-05,291.5,291.5,291.5,291.5
2012-02-04,291.5,291.5,291.5,291.5
2012-02-03,291.5,291.5,291.5,291.5
2012-02-02,291.5,291.5,291.5,291.5
2012-02-01,289,291.5,291.5,291.5
2012-01-31,287,293,290.5,291.5
2012-01-30,289,291.5,291.5,291.5
2012-01-29,291,291,291,291
2012-01-28,291,291,291,291
2012-01-27,289,291,291,291
2012-01-26,289.44,291.22,290.68,291
2012-01-25,289,291,291,291
2012-01-24,289.43,291.22,290.67,291
2012-01-23,289,291,291,291
2012-01-22,291,291,291,291
2012-01-21,291,291,291,291
2012-01-20,289,291,291,291
2012-01-19,286,292.5,289.5,291
2012-01-18,287,293,290,291
2012-01-17,289.28,292.64,289.09,291.5
2012-01-16,290,290,290,290
2012-01-15,290,290,290,290
2012-01-14,290,290,290,290
2012-01-13,288,290,290,290
2012-01-12,288.78,290.39,289.84,290
2012-01-11,288.63,290.32,289.76,290
2012-01-10,285,291.64,288.09,290
2012-01-09,286,292,289,290
2012-01-08,290.5,290.5,290.5,290.5
2012-01-07,290.5,290.5,290.5,290.5
2012-01-06,288,290.5,290.5,290.5
2012-01-05,288.24,290.12,289.57,290
2012-01-04,288.11,291.56,288,290
2012-01-03,288,289.44,289.44,289.44
2012-01-02,287.79,289.23,289.23,289.23
2012-01-01,289,289,289,289
2011-12-31,289,289,289,289
2011-12-30,287,289,289,289
2011-12-29,287.68,289.12,289.12,289.12
2011-12-28,287.52,289.26,288.7,289
2011-12-27,287.38,289.19,288.63,289
2011-12-26,287.28,288.72,288.72,288.72
2011-12-25,288.5,288.5,288.5,288.5
2011-12-24,288.5,288.5,288.5,288.5
2011-12-23,284,290,287.5,288.5
2011-12-22,286.99,289,287.94,288.5
2011-12-21,286,288.29,287.73,288.02
2011-12-20,288,288,288,288
2011-12-19,286,288,288,288
2011-12-18,288,288,288,288
2011-12-17,288,288,288,288
2011-12-16,288,288,288,288
2011-12-15,283,288,288,288
2011-12-14,286,288,288,288
2011-12-13,286.28,287.72,287.72,287.72
2011-12-12,286,288,288,288
2011-12-11,288,288,288,288
2011-12-10,288,288,288,288
2011-12-09,283,288,288,288
2011-12-08,284,289.84,285.28,287.5
2011-12-07,286.17,288.59,287.52,288.5
2011-12-06,286,288,288,288
2011-12-05,286,288,288,288
2011-12-04,288,288,288,288
2011-12-03,288,288,288,288
2011-12-02,286,288,288,288
2011-12-01,286.14,288.07,287,287.5
2011-11-30,288,288,288,288
2011-11-29,283,288,288,288
2011-11-28,285,287.5,287.5,287.5
2011-11-27,287,287,287,287
2011-11-26,287,287,287,287
2011-11-25,285,287,287,287
2011-11-24,286.01,287.45,287.45,287.45
2011-11-23,283,289.35,285.28,287
2011-11-22,282,288.71,285.15,287.5
2011-11-21,284,286.5,286.5,286.5
2011-11-20,285.5,285.5,285.5,285.5
2011-11-19,285.5,285.5,285.5,285.5
2011-11-18,281,287,284.5,285.5
2011-11-17,283,285.5,285.5,285.5
2011-11-16,281,287.31,283.22,285
2011-11-15,283.29,286.65,283.07,285.5
2011-11-14,284,290.5,287.5,289
2011-11-13,288.5,288.5,288.5,288.5
2011-11-12,288.5,288.5,288.5,288.5
2011-11-11,286,288.5,288.5,288.5
2011-11-10,286.99,289,287.94,288.5
2011-11-09,286.64,288.08,288.08,288.08
2011-11-08,286,288.17,287.61,288
2011-11-07,285,287.5,287.5,287.5
2011-11-06,288,288,288,288
2011-11-05,288,288,288,288
2011-11-04,286,288,288,288
2011-11-03,286.09,289.55,285.98,288
2011-11-02,285.78,287.22,287.22,287.22
2011-11-01,285.38,288.69,285.13,287
2011-10-31,288,288,288,288
2011-10-30,288,288,288,288
2011-10-29,288,288,288,288
2011-10-28,286,288,288,288
2011-10-27,286.29,288.15,287.58,288
2011-10-26,286.28,289.64,286.08,288
2011-10-25,291.42,292.88,292.88,292.88
2011-10-24,292.58,292.58,292.58,292.58
2011-10-23,292.58,292.58,292.58,292.58
2011-10-22,292.58,292.58,292.58,292.58
2011-10-21,292.58,292.58,292.58,292.58
2011-10-20,291.12,292.58,292.58,292.58
2011-10-19,291,292.5,292.5,292.5
2011-10-18,291.02,294.51,290.97,293
2011-10-17,288,290.5,290.5,290.5
2011-10-16,290.5,290.5,290.5,290.5
2011-10-15,290.5,290.5,290.5,290.5
2011-10-14,286,292,289.5,290.5
2011-10-13,288.86,290.93,289.88,290.5
2011-10-12,286,291.78,287.5,290
2011-10-11,286.8,289.9,286.34,288.5
2011-10-10,287,287,287,287
2011-10-09,287,287,287,287
2011-10-08,287,287,287,287
2011-10-07,285,287,287,287
2011-10-06,285.17,288.59,285.01,287
2011-10-05,284.24,286.12,285.54,286
2011-10-04,281,287.58,284,286
2011-10-03,284,285.5,285.5,285.5
2011-10-02,285,285,285,285
2011-10-01,285,285,285,285
2011-09-30,283,285,285,285
2011-09-29,283.98,285.41,285.41,285.41
2011-09-28,283.72,285.36,284.78,285
2011-09-27,281,287.36,283.28,285
2011-09-26,283,285.5,285.5,285.5
2011-09-25,285,285,285,285
2011-09-24,285,285,285,285
2011-09-23,283,285,285,285
2011-09-22,283.58,285,285,285
2011-09-21,283.39,285.2,284.62,285
2011-09-20,283.29,286.65,283.07,285
2011-09-19,284,284,284,284
2011-09-18,284,284,284,284
2011-09-17,284,284,284,284
2011-09-16,282,284,284,284
2011-09-15,282,284,284,284
2011-09-14,281,285.64,282.06,284
2011-09-13,281.39,284.7,281.11,283
2011-09-12,284,284,284,284
2011-09-11,284,284,284,284
2011-09-10,284,284,284,284
2011-09-09,284,284,284,284
2011-09-08,282.08,285.54,281.96,284
2011-09-07,277,284.69,280.6,283
2011-09-06,279.97,282.99,279.39,281.5
2011-09-05,280,280,280,280
2011-09-04,280,280,280,280
2011-09-03,280,280,280,280
2011-09-02,278,280,280,280
2011-09-01,278.58,280.29,279.69,280
2011-08-31,278,280,280,280
2011-08-30,280,280,280,280
2011-08-29,278,280,280,280
2011-08-28,280,280,280,280
2011-08-27,280,280,280,280
2011-08-26,275,280,280,280
2011-08-25,277.98,280.49,278.89,280
2011-08-24,277.7,279.35,278.74,279
2011-08-23,277.4,280.7,277.1,279
2011-08-22,273,279.5,276.5,278
2011-08-21,278,278,278,278
2011-08-20,278,278,278,278
2011-08-19,276,278,278,278
2011-08-18,276.61,279.81,276.19,278
2011-08-17,282.29,285.65,282.06,284
2011-08-16,281.49,282.91,282.91,282.91
2011-08-15,281.71,281.71,281.71,281.71
2011-08-14,281.71,281.71,281.71,281.71
2011-08-13,281.71,281.71,281.71,281.71
2011-08-12,281.71,281.71,281.71,281.71
2011-08-11,280.3,281.71,281.71,281.71
2011-08-10,280.19,283.59,280,282
2011-08-09,278.3,281.65,278.05,280
2011-08-08,279,279,279,279
2011-08-07,279,279,279,279
2011-08-06,279,279,279,279
2011-08-05,274,279,279,279
2011-08-04,277.31,278.7,277.05,278.7
2011-08-03,277.7,277.7,277.7,277.7
2011-08-02,276.31,277.7,277.7,277.7
2011-08-01,278,278,278,278
2011-07-31,278,278,278,278
2011-07-30,278,278,278,278
2011-07-29,276,278,278,278
2011-07-28,276.29,278.15,277.53,278
2011-07-27,276.27,279.64,276.02,278
2011-07-26,272,278.91,275.29,277
2011-07-25,273,279,276,277
2011-07-24,277.5,277.5,277.5,277.5
2011-07-23,277.5,277.5,277.5,277.5
2011-07-22,275,277.5,277.5,277.5
2011-07-21,275.87,277.43,276.82,277
2011-07-20,275.48,277.24,276.62,277
2011-07-19,275.42,277.21,276.59,277
2011-07-18,275,277,277,277
2011-07-17,277,277,277,277
2011-07-16,277,277,277,277
2011-07-15,275,277,277,277
2011-07-14,275,277,277,277
2011-07-13,271,278.54,274.42,276.5
2011-07-12,273.94,277,273.35,276
2011-07-11,271,277.5,274.5,276
2011-07-10,276,276,276,276
2011-07-09,276,276,276,276
2011-07-08,274,276,276,276
2011-07-07,274.59,277.8,274.17,276
2011-07-06,273.4,275.2,274.58,275
2011-07-05,273.32,275.16,274.03,274.5
2011-07-04,274.5,274.5,274.5,274.5
2011-07-03,274.5,274.5,274.5,274.5
2011-07-02,274.5,274.5,274.5,274.5
2011-07-01,273,274.5,274.5,274.5
2011-06-30,274.5,274.5,274.5,274.5
2011-06-29,270,276.58,272.95,274.5
2011-06-28,270,276.5,272.36,274.5
2011-06-27,269,276,272.5,274.5
2011-06-26,274,274,274,274
2011-06-25,274,274,274,274
2011-06-24,271,276.96,273.33,274
2011-06-23,274,275.5,275.5,275.5
2011-06-22,273.22,276.61,272.98,275
2011-06-21,272.82,275.91,272.28,274
2011-06-20,274,276,276,276
2011-06-19,276,276,276,276
2011-06-18,276,276,276,276
2011-06-17,274,276,276,276
2011-06-16,274.25,277.63,274,276
2011-06-15,273.85,275.23,275.23,275.23
2011-06-14,270,276.68,273.05,274.73
2011-06-13,269,276,272.5,274.5
2011-06-12,274,274,274,274
2011-06-11,274,274,274,274
2011-06-10,270,276,273,274
2011-06-09,272.71,275.86,272.22,274.5
2011-06-08,273.48,275.24,274.62,275
2011-06-07,273.38,275.19,274.57,275
2011-06-06,273,275,275,275
2011-06-05,275,275,275,275
2011-06-04,275,275,275,275
2011-06-03,270,276.5,273.5,275
2011-06-02,272.99,275,274.35,275
2011-06-01,272,274.26,273.62,274
2011-05-31,272.32,275.66,272.03,274
2011-05-30,273,273,273,273
2011-05-29,273,273,273,273
2011-05-28,273,273,273,273
2011-05-27,271,273,273,273
2011-05-26,271.6,273.3,272.66,273
2011-05-25,271,273,273,273
2011-05-24,268,274.71,271.07,272.78
2011-05-23,271,273,273,273
2011-05-22,272,272,272,272
2011-05-21,272,272,272,272
2011-05-20,270,272,272,272
2011-05-19,270,272,272,272
2011-05-18,270.65,272.33,271.68,272
2011-05-17,270.59,272.3,271.65,272
2011-05-16,270,272,272,272
2011-05-15,272,272,272,272
2011-05-14,272,272,272,272
2011-05-13,270,272,272,272
2011-05-12,270.32,273.66,270.02,272
2011-05-11,268,274.75,271.11,273
2011-05-10,267,273.87,270.23,272.5
2011-05-09,270,271.5,271.5,271.5
2011-05-08,274,274,274,274
2011-05-07,274,274,274,274
2011-05-06,272,274,274,274
2011-05-05,274,274,274,274
2011-05-04,272.49,275.75,272.11,274
2011-05-03,271.94,273.47,272.83,273
2011-05-02,271.74,273.1,273.1,273.1
2011-05-01,272.5,272.5,272.5,272.5
2011-04-30,272.5,272.5,272.5,272.5
2011-04-29,271,272.5,272.5,272.5
2011-04-28,271,272.5,272.5,272.5
2011-04-27,271,272.5,272.5,272.5
2011-04-26,271.16,272.58,272.44,272.5
2011-04-25,271,272.5,272.5,272.5
2011-04-24,273,273,273,273
2011-04-23,273,273,273,273
2011-04-22,273,273,273,273
2011-04-21,271,273,273,273
2011-04-20,271.14,273.07,272.43,273
2011-04-19,271,273,273,273
2011-04-18,271,272.5,272.5,272.5
2011-04-17,272.5,272.5,272.5,272.5
2011-04-16,272.5,272.5,272.5,272.5
2011-04-15,271,272.5,272.5,272.5
2011-04-14,271,273.06,272.42,273
2011-04-13,271.32,272.68,272.68,272.68
2011-04-12,275,275,275,275
2011-04-11,273,275,275,275
2011-04-10,283,283,283,283
2011-04-09,283,283,283,283
2011-04-08,283,283,283,283
2011-04-07,281.79,284.9,281.31,283
2011-04-06,280.4,283.7,280.11,282
2011-04-05,275,282.66,278.56,281
2011-04-04,278,280,280,280
2011-04-03,279,279,279,279
2011-04-02,279,279,279,279
2011-04-01,277,279,279,279
2011-03-31,274,280.66,277.05,279
2011-03-30,273,280.66,276.55,279
2011-03-29,276,278,278,278
2011-03-28,274,276.5,276.5,276.5
2011-03-27,287,287,287,287
2011-03-26,287,287,287,287
2011-03-25,282,287,287,287
2011-03-24,281,288,285,287
2011-03-23,284,286,286,286
2011-03-22,285,285,285,285
2011-03-21,284,284,284,284
2011-03-20,284,284,284,284
2011-03-19,284,284,284,284
2011-03-18,279,285.5,282.5,284
2011-03-17,280,286,283,284
2011-03-16,283,285,285,285
2011-03-15,282,284,284,284
2011-03-14,282,284,284,284
2011-03-13,283.5,283.5,283.5,283.5
2011-03-12,283.5,283.5,283.5,283.5
2011-03-11,282,285.5,282,283.5
2011-03-10,278,283,283,283
2011-03-09,281,283,283,283
2011-03-08,280,283.5,280.5,282
2011-03-07,281,282.5,282.5,282.5
2011-03-06,282.5,282.5,282.5,282.5
2011-03-05,282.5,282.5,282.5,282.5
2011-03-04,280,282.5,282.5,282.5
2011-03-03,278,283,283,283
2011-03-02,276,283,280.5,282.5
2011-03-01,279,282.5,279.5,281
2011-02-28,285,287.5,287.5,287.5
2011-02-27,288,288,288,288
2011-02-26,288,288,288,288
2011-02-25,285,289.5,286.5,288
2011-02-24,284,289,285.5,288
2011-02-23,281,287.5,284.5,286
2011-02-22,284,286,286,286
2011-02-21,285,285,285,285
2011-02-20,285,285,285,285
2011-02-19,285,285,285,285
2011-02-18,283,285,284.5,285
2011-02-17,285,285,285,285
2011-02-16,283,286.5,283.5,285
2011-02-15,279,284,284,284
2011-02-14,282,284,284,284
2011-02-13,282,282,282,282
2011-02-12,282,282,282,282
2011-02-11,280,282,282,282
2011-02-10,280,282,282,282
2011-02-09,277,283.5,280.5,282
2011-02-08,279,283,279.5,282
2011-02-07,280,280,280,280
2011-02-06,280,280,280,280
2011-02-05,280,280,280,280
2011-02-04,278,280,280,280
2011-02-03,278,281.5,278.5,280
2011-02-02,274,279,279,279
2011-02-01,275,281,278,279
2011-01-31,275,281,278,279
2011-01-30,279.5,279.5,279.5,279.5
2011-01-29,279.5,279.5,279.5,279.5
2011-01-28,279.5,279.5,279.5,279.5
2011-01-27,279.5,279.5,279.5,279.5
2011-01-26,278,281.5,278,279.5
2011-01-25,274,279,279,279
2011-01-24,276,281.5,278.5,279
2011-01-23,281,281,281,281
2011-01-22,281,281,281,281
2011-01-21,277,281,280,281
2011-01-20,280,280,280,280
2011-01-19,275,281.5,278.5,280
2011-01-18,278,280,280,280
2011-01-17,284,286,286,286
2011-01-16,286,286,286,286
2011-01-15,286,286,286,286
2011-01-14,284,286,286,286
2011-01-13,281,286,286,286
2011-01-12,284,286,286,286
2011-01-11,279,284,284,284
2011-01-10,280,284,284,284
2011-01-09,282,282,282,282
2011-01-08,282,282,282,282
2011-01-07,277,282.5,281.5,282
2011-01-06,278,283,282,282
2011-01-05,279,284.5,282.5,283
2011-01-04,280,283.5,283.5,283.5
2011-01-03,281,283,283,283
2011-01-02,283,283,283,283
2011-01-01,283,283,283,283
2010-12-31,281,283,283,283
2010-12-30,281,283,283,283
2010-12-29,281,283,283,283
2010-12-28,281,283,283,283
2010-12-27,283,283,283,283
2010-12-26,283,283,283,283
2010-12-25,283,283,283,283
2010-12-24,278,284.5,281.5,283
2010-12-23,281,283,283,283
2010-12-22,280,281.5,281.5,281.5
2010-12-21,281.5,281.5,281.5,281.5
2010-12-20,280,281.5,281.5,281.5
2010-12-19,282,282,282,282
2010-12-18,282,282,282,282
2010-12-17,280,282,282,282
2010-12-16,280,281.5,281.5,281.5
2010-12-15,277,283.5,280,281.5
2010-12-14,281,286,281.5,281.5
2010-12-13,284,285.5,285.5,285.5
2010-12-12,285,285,285,285
2010-12-11,285,285,285,285
2010-12-10,283,285,285,285
2010-12-09,280,286,283.5,284.5
2010-12-08,283,285,285,285
2010-12-07,277,283.5,280,281.5
2010-12-06,276,283,279.5,281.5
2010-12-03,277,283.5,280,281.5
2010-12-02,276,283,279.5,281.5
2010-12-01,277,283.5,280,281
2010-11-30,280,282,282,282
2010-11-29,279,281,281,281
2010-11-26,279,281,281,281
2010-11-25,276,281,281,281
2010-11-24,278,281.5,277,281
2010-11-23,278,279,279,279
2010-11-22,278,280,280,280
2010-11-19,275,281.5,278.5,280
2010-11-18,278,280,280,280
2010-11-17,277,279,279,279
2010-11-16,277,280.5,277.5,279
2010-11-15,278,278,278,278
2010-11-12,276,278,278,278
2010-11-11,273,279.5,276.5,278
2010-11-10,274,280,277,278
2010-11-09,277,282,279,279
2010-11-08,280,282,282,282
2010-11-05,283,284.5,284.5,284.5
2010-11-04,280,285,285,285
2010-11-03,279,286,282.5,284.5
2010-11-02,282,284,284,284
2010-11-01,283,285,285,285
2010-10-29,283,285,285,285
2010-10-28,280,286,283.5,284.5
2010-10-27,279,286,282.5,284.5
2010-10-26,280,286,283,284
2010-10-25,283,285,285,285
2010-10-22,279,285.5,282,283.5
2010-10-21,278,285,281.5,283.5
2010-10-20,281,283,283,283
2010-10-19,284,284,284,284
2010-10-18,279,285.5,282.5,284
2010-10-15,282,283.5,283.5,283.5
2010-10-14,278,283,283,283
2010-10-13,280,285.5,282.5,283
2010-10-12,283,285,285,285
2010-10-11,287,287,287,287
2010-10-08,285,287,287,287
2010-10-07,285,287,287,287
2010-10-06,285,287,287,287
2010-10-05,285,287,287,287
2010-10-04,285,287,287,287
2010-10-01,285,287,287,287
2010-09-30,287,287,287,287
2010-09-29,285,287,287,287
2010-09-28,285,287,287,287
2010-09-27,285,287,287,287
2010-09-24,285,287,287,287
2010-09-23,287,287,287,287
2010-09-22,285,287,287,287
2010-09-21,285,287,287,287
2010-09-20,285,287,287,287
2010-09-17,287,287,287,287
2010-09-16,282,288.5,285.5,287
2010-09-15,285,287,287,287
2010-09-14,281,287.5,284.5,286
2010-09-13,284,286,286,286
2010-09-10,287,287,287,287
2010-09-09,287,287,287,287
2010-09-08,287,287,287,287
2010-09-07,285,287,287,287
2010-09-06,282,287,287,287
2010-09-03,285,287,287,287
2010-09-02,283,289.5,286.5,288
2010-09-01,286,288,288,288
2010-08-31,287,287,287,287
2010-08-30,287,287,287,287
2010-08-27,287,287,287,287
2010-08-26,287,287,287,287
2010-08-25,287,287,287,287
2010-08-24,287,287,287,287
2010-08-23,287,287,287,287
2010-08-20,287,287,287,287
2010-08-19,287,287,287,287
2010-08-18,287,287,287,287
2010-08-17,287,287,287,287
2010-08-16,282,287,287,287
2010-08-13,281,286,286,286
2010-08-12,284,286,286,286
2010-08-11,283,289,286.5,287.5
2010-08-10,286,288,288,288
2010-08-09,285,287,287,287
2010-08-06,285,287,287,287
2010-08-05,287,287,287,287
2010-08-04,282,288.5,285.5,287
2010-08-03,285,287,287,287
2010-08-02,286,286,286,286
2010-07-30,284,286,286,286
2010-07-29,281,287.5,284.5,286
2010-07-28,284,286,286,286
2010-07-27,284,284,284,284
2010-07-26,279,284,284,284
2010-07-23,282,284,284,284
2010-07-22,285,285,285,285
2010-07-21,285,285,285,285
2010-07-20,280,286.5,283.5,285
2010-07-19,283,285,285,285
2010-07-16,280,286.5,283.5,285
2010-07-15,283,285,285,285
2010-07-14,282,284,284,284
2010-07-13,282,283.5,283.5,283.5
2010-07-12,279,284,284,284
2010-07-09,282,284,284,284
2010-07-08,281,286,286,286
2010-07-07,281,286.5,283.5,284
2010-07-06,284,286,286,286
2010-07-05,284.5,284.5,284.5,284.5
2010-07-02,283,284.5,284.5,284.5
2010-07-01,280,286.5,283,284.5
2010-06-30,279,285.5,283,284.5
2010-06-29,277,284.5,281,284
2010-06-28,276,283,279.5,281.5
2010-06-25,278,281,280,281
2010-06-24,278,280,280,280
2010-06-23,275,281.5,278.5,280
2010-06-22,273,278,277.5,280
2010-06-21,278,278,279.5,279.5
2010-06-18,274,276,276.5,278
2010-06-17,273,276,277,278.5
2010-06-16,276,276,277.5,277.5
2010-06-15,271,274,274.5,276
2010-06-14,276,276,276,276
2010-06-11,274,274,276,276
2010-06-10,271,271,276,276
2010-06-09,274,274,275.5,275.5
2010-06-08,270,273,273.5,275
2010-06-07,271,273,274,275
2010-06-04,275,275,276,276
2010-06-03,273,273,275,275
2010-06-02,273,273,275,275
2010-06-01,273,273,275,275
2010-05-31,275,275,275,275
2010-05-28,270,273,273.5,275
2010-05-27,273,273,275,275
2010-05-26,272,272,274,274
2010-05-25,274,274,274,274
2010-05-24,272,272,274,274
2010-05-21,269,272,272.5,274
2010-05-20,272,272,274,274
2010-05-19,273,273,273,273
2010-05-18,268,271,271.5,273
2010-05-17,267,271,271,273
2010-05-14,271.5,271.5,271.5,271.5
2010-05-13,267,269,270.5,271.5
2010-05-12,269,269,271.5,271.5
2010-05-11,269,269,271,271
2010-05-10,266,266,271,271
2010-05-07,269,269,271,271
2010-05-06,269,269,271,271
2010-05-05,269,269,271,271
2010-05-04,268,268,269.5,271
2010-05-03,267,267,269.5,269.5
2010-04-30,265,268,268,269.5
2010-04-29,268,268,269.5,269.5
2010-04-28,264,267,267.5,269
2010-04-27,266,266,268.5,268.5
2010-04-26,263,266,266.5,268
2010-04-23,266,266,268,268
2010-04-22,266,266,268,268
2010-04-21,268,268,268,268
2010-04-20,268,268,268,268
2010-04-19,268,268,268,268
2010-04-16,263,266,266,268
2010-04-15,266,266,268,268
2010-04-14,264,265,265.5,266
2010-04-13,266,266,266,266
2010-04-12,261,264,264.5,266
2010-04-09,264,264,266,266
2010-04-08,261,264,264,265.5
2010-04-07,264,264,266,266
2010-04-06,265,265,265,265
2010-04-05,263,263,265,265
2010-04-02,265,265,265,265
2010-04-01,265,265,265,265
2010-03-31,265,265,265,265
2010-03-30,265,265,265,265
2010-03-29,263,263,263.5,265
2010-03-26,264,264,265.5,265.5
2010-03-25,266,266,266,266
2010-03-24,261,261,266,266
2010-03-23,264,264,265.5,265.5
2010-03-22,263,263,265,265
2010-03-19,265,265,265,265
2010-03-18,260,263,263.5,265
2010-03-17,263,263,265,265
2010-03-16,264,264,265.5,265.5
2010-03-15,266,266,266,266
2010-03-12,263,263,264.5,266
2010-03-11,264,264,264,264
2010-03-10,264,264,264,264
2010-03-09,264,264,264,264
2010-03-08,259,262,262.5,264
2010-03-05,262,262,263.5,263.5
2010-03-04,258,260,261.5,262.5
2010-03-03,260,260,262.5,262.5
2010-03-02,260,260,262,262
2010-03-01,260,260,262,262
2010-02-26,260,260,262,262
2010-02-25,260,260,262,262
2010-02-24,257,257,262,262
2010-02-23,261.5,261.5,261.5,261.5
2010-02-22,260,260,261.5,261.5
2010-02-19,261.5,261.5,261.5,261.5
2010-02-18,260,260,261.5,261.5
2010-02-17,261.5,261.5,261.5,261.5
2010-02-16,260,260,261.5,261.5
2010-02-15,261.5,261.5,261.5,261.5
2010-02-12,260,260,261.5,261.5
2010-02-11,257,257,262,262
2010-02-10,260,260,261.5,261.5
2010-02-09,261,261,266,266
2010-02-08,259,259,261.5,261.5
2010-02-05,259,259,261.5,261.5
2010-02-04,259,259,260.5,262
2010-02-03,256,256,261,261
2010-02-02,259,259,261,261
2010-02-01,261.5,261.5,261.5,261.5
2010-01-29,259,259,261.5,261.5
2010-01-28,259,259,261.5,261.5
2010-01-27,261.5,261.5,261.5,261.5
2010-01-26,261.5,261.5,261.5,261.5
2010-01-25,259,259,261.5,261.5
2010-01-22,259,259,261.5,261.5
2010-01-21,259,259,261.5,261.5
2010-01-20,259,259,261.5,261.5
2010-01-19,261.5,261.5,261.5,261.5
2010-01-18,261.5,261.5,261.5,261.5
2010-01-15,259,259,261.5,261.5
2010-01-14,259,259,261.5,261.5
2010-01-13,257,260,260.5,262
2010-01-12,260,260,262,262
2010-01-11,262.5,262.5,262.5,262.5
2010-01-08,260,260,262.5,262.5
2010-01-07,263,263,263,263
2010-01-06,261,261,263,263
2010-01-05,258,261,261.5,263
2010-01-04,261,261,262,263
2010-01-01,263,263,263,263
2009-12-31,263,263,263,263
2009-12-30,261,261,263,263
2009-12-29,261,261,263,263
2009-12-28,258,258,263,263
2009-12-25,263,263,263,263
2009-12-24,263,263,263,263
2009-12-23,261,261,262.5,263
2009-12-22,261,261,263,263
2009-12-21,263,263,263,263
2009-12-18,261,261,263,263
2009-12-17,258,258,263,263
2009-12-16,261,261,262.5,262.5
2009-12-15,261.5,261.5,261.5,261.5
2009-12-14,261.5,261.5,261.5,261.5
2009-12-11,259,259,261.5,261.5
2009-12-10,261.5,261.5,261.5,261.5
2009-12-09,259,259,261.5,261.5
2009-12-08,257,259,260.5,261.5
2009-12-07,260.17,260.17,261.5,261.5
2009-12-04,259,259,262,262
2009-12-03,259,259,261.5,261.5
2009-12-02,259,259,261.5,261.5
2009-12-01,259,259,261.5,261.5
2009-11-30,262,262,262,262
2009-11-27,262,262,262,262
2009-11-26,262,262,262,262
2009-11-25,260,260,262,262
2009-11-24,259,259,261.5,261.5
2009-11-23,259,259,261.5,261.5
2009-11-20,260,260,262,262
2009-11-19,257,260,260.5,262
2009-11-18,260.18,260.18,261,262
2009-11-17,259,259,261.5,261.5
2009-11-16,257,259,260.5,261.5
2009-11-13,260,260,262,262
2009-11-12,262,262,262,262
2009-11-11,262,262,262,262
2009-11-10,260,260,262,262
2009-11-09,259,260,261.5,262
2009-11-06,259,260,261.5,262
2009-11-05,261.5,261.5,261.5,261.5
2009-11-04,260,260,261.5,261.5
2009-11-03,257,260,260,261.5
2009-11-02,260,260,261,261.5
2009-10-30,260,260,261,261
2009-10-29,256,260,259,261
2009-10-28,260,260,261,261
2009-10-27,260,260,261.5,261.5
2009-10-26,259,260,260,262
2009-10-23,259,259,261,261
2009-10-22,256,259,259,261
2009-10-21,259,259,260.5,260.5
2009-10-20,259,259,261.5,261.5
2009-10-19,259,259,260,261.5
2009-10-16,259,259,261,261
2009-10-15,259,259,261,261
2009-10-14,259,259,260.5,261
2009-10-13,258,259,260,260.5
2009-10-12,260.5,260.5,260.5,260.5
2009-10-09,258,258,260.5,260.5
2009-10-08,258,259,260.5,261
2009-10-07,258,258,260.5,260.5
2009-10-06,258,258,260.5,260.5
2009-10-05,258,258,260.5,260.5
2009-10-02,258,258,260.5,260.5
2009-10-01,260,260,260,260.5
2009-09-30,260,260,261,261
2009-09-29,258,260,260,261
2009-09-28,258,258,260.5,260.5
2009-09-25,258,258,260.5,260.5
2009-09-24,258,258,260.5,260.5
2009-09-23,258,258,260.5,260.5
2009-09-22,258,258,260.5,260.5
2009-09-21,258,258,260.5,260.5
2009-09-18,258.05,258.05,259.5,260.5
2009-09-17,258,258,259.5,261
2009-09-16,258,258.85,260,263
2009-09-15,258,258,260.5,260.5
2009-09-14,260.5,260.5,260.5,260.5
2009-09-11,258,258,260.5,260.5
2009-09-10,256,258,259.5,260.5
2009-09-09,256,258.98,259.5,260.5
2009-09-08,258,258,260,260.5
2009-09-07,260,260,260,260
2009-09-04,258,258,260,260
2009-09-03,258,258,260,260
2009-09-02,255,258,258.5,260
2009-09-01,258,258,260,260
2009-08-31,258,258,260.5,260.5
2009-08-28,258,258,260.5,260.5
2009-08-27,258,258,260.5,260.5
2009-08-26,258,258,260.5,260.5
2009-08-25,256,256,261,261
2009-08-24,258,258,260,260.5
2009-08-21,255,258,258.5,260
2009-08-20,255,260.35,258.5,259.5
2009-08-19,256,258,259,260
2009-08-18,260,260,260.5,260.5
2009-08-17,260,260,262,262
2009-08-14,257,260,260.5,262
2009-08-13,260.35,260.35,260.5,262
2009-08-12,260.35,260.35,260.5,262
2009-08-11,257,260,260.5,262
2009-08-10,259,261,261,262
2009-08-07,258,261,261.5,263.5
2009-08-06,258,261,261.5,263
2009-08-05,261,261.41,262,263
2009-08-04,261,261,263,263
2009-08-03,261,261,261.5,263
2009-07-31,261,261.51,262,266
2009-07-30,261,261.51,261.5,263
2009-07-29,261.51,261.51,261.5,263
2009-07-28,258,261,261.5,263
2009-07-27,261,261.51,262,263
2009-07-24,261,261,261.5,263
2009-07-23,261.51,261.51,262.57,266
2009-07-22,261.51,261.51,261.07,263
2009-07-21,261.51,263.24,261.07,263
2009-07-20,264.56,264.56,264.56,264.56
2009-07-17,264.56,264.56,264.56,264.56
2009-07-16,263.24,263.24,264.56,264.56
2009-07-15,263.24,263.24,262.94,265
2009-07-14,263.24,263.24,265.27,267
2009-07-13,263.24,263.24,264.77,266
2009-07-10,264.56,264.56,264.56,264.56
2009-07-09,263.24,263.24,264.56,264.56
2009-07-08,263.24,263.24,262.94,265
2009-07-07,263.24,263.24,261.94,264
2009-07-06,263.24,263.24,261.94,264
2009-07-03,261,261,264,265
2009-07-02,261,263.52,263.51,268
2009-07-01,261,263.52,263.58,264.84
2009-06-30,261,263.38,263.51,264.5
2009-06-29,261,263,263.5,264.5
2009-06-26,261,264,264,265.5
2009-06-25,261,264.13,263.34,264.5
2009-06-24,261,264.13,263.39,265.46
2009-06-23,261,264.74,262.19,265
2009-06-22,261,262.74,262.19,264.5
2009-06-19,263,263,263,264
2009-06-18,263,263,262.24,265.45
2009-06-17,263,263,262.28,265.45
2009-06-16,263,263,262.31,265
2009-06-15,263,263,262.23,265.45
2009-06-12,263,263,264.5,264.5
2009-06-11,263,263,262.23,264.5
2009-06-10,263,264.34,263.5,266
2009-06-09,263,264.17,263.41,266
2009-06-08,264,264,265.45,265.5
2009-06-05,263,263,265.45,265.45
2009-06-04,263,264.23,263.44,266
2009-06-03,263,264.24,264.95,265.45
2009-06-02,263,263,263.5,265
2009-06-01,263,264.09,263.87,266
2009-05-29,263,263,265.45,265.45
2009-05-28,263,264.14,263.4,265.45
2009-05-27,263,264.34,263.4,265
2009-05-26,263.2,264.34,263.5,266
2009-05-25,263.2,264,264.45,266
2009-05-22,263.2,263.2,265.55,265.55
2009-05-21,263.2,264.39,265.12,265.55
2009-05-20,263.2,264.34,265.1,265.67
2009-05-19,264.3,264.34,264,265.55
2009-05-18,264.3,267,265.95,266.1
2009-05-15,264.3,267,266.1,268.5
2009-05-14,264.3,267,264.45,266.1
2009-05-13,264.3,267.93,264.45,269.5
2009-05-12,264.3,267.9,264.45,266.1
2009-05-11,267,267.45,264.45,269
2009-05-08,264.3,267.13,264.45,269
2009-05-07,264.3,267.13,264.45,266
2009-05-06,261.1,266.98,262.5,266.1
2009-05-05,261.1,266.98,263.55,263.55
2009-05-04,261.1,266.43,262.5,266.5
2009-05-01,261.1,265,263.55,267
2009-04-30,264,266.28,262.5,263.55
2009-04-29,261.1,266.28,262.5,263.55
2009-04-28,261.1,265.83,262.5,263.55
2009-04-27,264,264,263.55,263.55
2009-04-24,261.1,261.1,263.55,263.55
2009-04-23,261.1,264.86,262.5,266
2009-04-22,261.1,264.48,262.5,267
2009-04-21,261.1,264.48,262.5,266
2009-04-20,264,264,263.55,263.55
2009-04-17,261.1,261.1,263.55,263.55
2009-04-16,261.1,264.41,262.5,266
2009-04-15,261.1,264.38,262.5,266
2009-04-14,261.1,263.56,262.5,263.55
2009-04-13,263,263.54,263.55,263.55
2009-04-10,260,260,265,265
2009-04-09,261.5,263.54,262.5,265
2009-04-08,261.5,261.5,262.5,263.75
2009-04-07,261.5,263.54,262.5,263.75
2009-04-06,264,264,263.75,265
2009-04-03,261.5,261.5,262.5,263.75
2009-04-02,261.5,264.34,262.5,266
2009-04-01,258.5,264.49,261.5,263.75
2009-03-31,258.5,264.49,261.5,262.25
2009-03-30,258.5,264,262.25,262.25
2009-03-27,258.5,264,262.25,266
2009-03-26,258.5,263.99,261.5,262.25
2009-03-25,258.5,263.69,261.5,262
2009-03-24,262.5,265.68,261.5,267
2009-03-23,265,265,259.85,264.75
2009-03-20,257.2,265,259.85,259.85
2009-03-19,257.2,265.09,258.75,259.85
2009-03-18,257.2,264.84,258.75,259.85
2009-03-17,257.2,264.84,258.75,266
2009-03-16,263,264,258.75,259.85
2009-03-13,261.09,263.82,258.75,265
2009-03-12,256,263.82,257.88,265
2009-03-11,260.1,261.09,257.88,262
2009-03-10,258,260.1,257.88,262
2009-03-09,256,260.1,257.88,258.88
2009-03-06,258.38,260.1,257.88,258.88
2009-03-05,256,260.1,257.49,260
2009-03-04,256,260.1,257.49,258.88
2009-03-03,256,260.1,257.88,261
2009-03-02,258,258,257.22,258.88
2009-02-27,254,258.35,257,257.88
2009-02-26,254,259.2,256.97,260
2009-02-25,254,259.2,257.38,257.88
2009-02-24,254,258.46,257.03,257.88
2009-02-23,254,257.37,256.48,257.88
2009-02-20,254,259.85,257.38,261
2009-02-19,254,259.85,257.38,257.88
2009-02-18,254,259.35,257.38,257.88
2009-02-17,257,257.4,256.5,257.88
2009-02-16,254,257.31,256.44,257.88
2009-02-13,254,257.14,256.85,258.5
2009-02-12,254,256,257,257.88
2009-02-11,254,256,257,257.88
2009-02-10,254,256,257,257.88
2009-02-09,254,256,256.5,257.88
2009-02-06,252,254,256.88,258
2009-02-05,252,252,256.88,256.88
2009-02-04,252,256,256,256.88
2009-02-03,252,252,256.88,256.88
2009-02-02,252,256,256,256.88
2009-01-30,252,256,256,256.88
2009-01-29,252,256.86,256.5,256.88
2009-01-28,252,257,256,256.88
2009-01-27,252,258,255.24,256.88
2009-01-26,256,256,256.88,256.88
2009-01-23,256,258,258.48,260.5
2009-01-22,256,256,258.48,258.88
2009-01-21,256,257.2,258,258.5
2009-01-20,256,257.2,257.89,258.88
2009-01-19,256,256,258.88,258.88
2009-01-16,256,257,258,258.5
2009-01-15,256.9,257,258,258.88
2009-01-14,256.9,258.23,258.86,259.33
2009-01-13,256.9,258,258.95,259.5
2009-01-12,256.9,258.23,258.86,259.33
2009-01-09,256.9,258,258.95,259.5
2009-01-08,258.35,258.35,258.86,259.5
2009-01-07,258.35,258.35,259.5,259.5
2009-01-06,260.85,260.85,260.05,260.05
2009-01-05,258.35,265,260.05,260.05
2009-01-02,258.35,260,260.05,262.5
2009-01-01,260.05,260.05,260.05,260.05
2008-12-31,258.35,261,260.05,260.05
2008-12-30,250.7,261,252.45,263
2008-12-29,250.7,261,252.45,263.5
2008-12-26,250.7,250.7,252.45,252.45
2008-12-25,262.16,262.16,262.16,262.16
2008-12-24,250.7,260.85,252.45,262.16
2008-12-23,250.7,250.7,252.45,252.45
2008-12-22,250.7,253,248.6,255.5
2008-12-19,250.7,254,252.45,255.5
2008-12-18,250.7,254,252.45,256
2008-12-17,250.7,254,251.8,251.8
2008-12-16,250.7,254,252.45,252.45
2008-12-15,250.7,254,252.45,252.45
2008-12-12,250.7,253,250.6,252.45
2008-12-11,250.7,253,250.6,255.5
2008-12-10,250.7,253.17,250.6,252.45
2008-12-09,250.7,253.17,250.6,252.45
2008-12-08,250.7,253.17,250.6,252.45
2008-12-05,250.8,253,250.6,252.45
2008-12-04,250.8,255.04,251.1,252.5
2008-12-03,248.2,253,250.6,252.5
2008-12-02,249.2,253,250.2,250.7
2008-12-01,254.36,254.36,249.1,252
2008-11-28,249.2,250,249.6,252
2008-11-27,248.6,249.2,249.1,250.7
2008-11-26,248.6,250,248.6,250.4
2008-11-25,246.7,250,246.5,250.4
2008-11-24,246.7,250,245,247.35
2008-11-21,246.7,249.67,245,250
2008-11-20,246.7,248.68,245,247.35
2008-11-19,246.7,248,247.35,247.35
2008-11-18,248.38,248.38,242.95,252.13
2008-11-17,244.2,248,242.95,245.05
2008-11-14,244.2,248.38,242.95,245.05
2008-11-13,244.2,248.38,242.95,245.05
2008-11-12,244.2,248,242.95,245.05
2008-11-11,244.2,248.38,242.95,250.44
2008-11-10,244.2,248,242.95,245.05
2008-11-07,244.2,249,242.95,250
2008-11-06,244.2,248,242.95,245.05
2008-11-05,244.2,248,242.95,245.05
2008-11-04,244.2,248,242.95,245.05
2008-11-03,244.2,247,242.95,245.05
2008-10-31,244.2,247,245.73,245.73
2008-10-30,244.2,250,244.13,245.73
2008-10-29,244.2,245.88,244.13,245.73
2008-10-28,253,253,244.13,245.73
2008-10-27,243.7,253,243.65,245.73
2008-10-24,243.7,251,243.15,245
2008-10-23,243.7,250.68,243.15,245
2008-10-22,243.7,245.16,240,245
2008-10-21,234.5,245.16,234.4,245
2008-10-20,234.5,243,234.4,245.5
2008-10-17,234.5,241.89,236.15,242.5
2008-10-16,234.5,241.89,234.4,242.5
2008-10-15,234.5,241.89,234.4,236.15
2008-10-14,234.5,238.16,234.4,236.15
2008-10-13,234.5,237.41,234.4,236
2008-10-10,234.5,236.67,231.5,236.15
2008-10-09,234.5,237.41,234.4,238.5
2008-10-08,231.1,246.1,233.6,238.5
2008-10-07,231.1,233,233.65,236.5
2008-10-06,231.1,236.44,232.5,233.65
2008-10-03,233.65,233.65,233.65,233.65
2008-10-02,233.65,233.65,233.65,233.65
2008-10-01,233.65,233.65,233.65,233.65
2008-09-30,233.65,233.65,233.65,233.65
2008-09-29,234,234,234,234
2008-09-26,233.65,233.65,233.65,233.65
2008-09-25,233.65,233.65,233.65,233.65
2008-09-24,228.15,228.15,228.15,228.15
2008-09-23,229.55,229.55,229.55,229.55
2008-09-22,231.5,231.5,231.5,231.5
2008-09-19,230,230,230,230
2008-09-18,229.55,229.55,229.55,229.55
2008-09-17,229.55,229.55,229.55,229.55
2008-09-16,229.55,229.55,229.55,229.55
2008-09-15,230.5,230.5,230.5,230.5
2008-09-12,229.55,229.55,229.55,229.55
2008-09-11,229.55,229.55,229.55,229.55
2008-09-10,230.5,230.5,230.5,230.5
2008-09-09,229.55,229.55,229.55,229.55
2008-09-08,229.55,229.55,229.55,229.55
2008-09-05,230,230,230,230
2008-09-04,229.55,229.55,229.55,229.55
2008-09-03,229.55,229.55,229.55,229.55
2008-09-02,230,230,230,230
2008-09-01,229.55,229.55,229.55,229.55
2008-08-29,229.55,229.55,229.55,229.55
2008-08-28,229.55,229.55,229.55,229.55
2008-08-27,229,229,229,229
2008-08-26,229.75,229.75,229.75,229.75
2008-08-25,229,229,229,229
2008-08-22,229,229,229,229
2008-08-21,229,229,229,229
2008-08-20,229,229,229,229
2008-08-19,228,228,228,228
2008-08-18,229,229,229,229
2008-08-15,229.5,229.5,229.5,229.5
2008-08-14,229.5,229.5,229.5,229.5
2008-08-13,229.5,229.5,229.5,229.5
2008-08-12,229.5,229.5,229.5,229.5
2008-08-11,229,229,229,229
2008-08-08,230,230,230,230
2008-08-07,230,230,230,230
2008-08-06,227.5,227.5,227.5,227.5
2008-08-05,229,229,229,229
2008-08-04,229,229,229,229
2008-08-01,234,234,234,234
2008-07-31,229,229,229,229
2008-07-30,229,229,229,229
2008-07-29,227.57,227.57,227.57,227.57
2008-07-28,229.5,229.5,229.5,229.5
2008-07-25,229.5,229.5,229.5,229.5
2008-07-24,229.47,229.47,229.47,229.47
2008-07-23,228,228,228,228
2008-07-22,229.47,229.47,229.47,229.47
2008-07-21,230.75,230.75,230.75,230.75
2008-07-18,233.5,233.5,233.5,233.5
2008-07-17,230.75,230.75,230.75,230.75
2008-07-16,230.75,230.75,230.75,230.75
2008-07-15,231.25,231.25,231.25,231.25
2008-07-14,231.25,231.25,231.25,231.25
2008-07-11,232.5,232.5,232.5,232.5
2008-07-10,233,233,233,233
2008-07-09,231.5,231.5,231.5,231.5
2008-07-08,232.5,232.5,232.5,232.5
2008-07-07,231.85,231.85,231.85,231.85
2008-07-04,233,233,233,233
2008-07-03,234,234,234,234
2008-07-02,235.5,235.5,235.5,235.5
2008-07-01,239.5,239.5,239.5,239.5
2008-06-30,237,237,237,237
2008-06-27,237,237,237,237
2008-06-26,236.5,236.5,236.5,236.5
2008-06-25,236.5,236.5,236.5,236.5
2008-06-24,238,238,238,238
2008-06-23,237.5,237.5,237.5,237.5
2008-06-20,236.5,236.5,236.5,236.5
2008-06-19,237,237,237,237
2008-06-18,232,232,232,232
2008-06-17,236,236,236,236
2008-06-16,237,237,237,237
2008-06-13,237,237,237,237
2008-06-12,233,233,233,233
2008-06-11,233,233,233,233
2008-06-10,237,237,237,237
2008-06-09,237,237,237,237
2008-06-06,237.5,237.5,237.5,237.5
2008-06-05,238,238,238,238
2008-06-04,237,237,237,237
2008-06-03,237,237,237,237
2008-06-02,239.5,239.5,239.5,239.5
2008-05-30,239.5,239.5,239.5,239.5
2008-05-29,239.5,239.5,239.5,239.5
2008-05-28,240,240,240,240
2008-05-27,235,235,235,235
2008-05-26,241,241,241,241
2008-05-23,241,241,241,241
2008-05-22,241.5,241.5,241.5,241.5
2008-05-21,241.5,241.5,241.5,241.5
2008-05-20,239,239,239,239
2008-05-19,242.5,242.5,242.5,242.5
2008-05-16,242.5,242.5,242.5,242.5
2008-05-15,242.5,242.5,242.5,242.5
2008-05-14,243,243,243,243
2008-05-13,243,243,243,243
2008-05-12,241.5,241.5,241.5,241.5
2008-05-09,241.5,241.5,241.5,241.5
2008-05-08,242.5,242.5,242.5,242.5
2008-05-07,242,242,242,242
2008-05-06,242,242,242,242
2008-05-05,241.5,241.5,241.5,241.5
2008-05-02,242,242,242,242
2008-05-01,244,244,244,244
2008-04-30,244,244,244,244
2008-04-29,239.37,239.37,239.37,239.37
2008-04-28,244,244,244,244
2008-04-25,244,244,244,244
2008-04-24,244,244,244,244
2008-04-23,242.5,242.5,242.5,242.5
2008-04-22,243,243,243,243
2008-04-21,242.5,242.5,242.5,242.5
2008-04-18,241.5,241.5,241.5,241.5
2008-04-17,241.5,241.5,241.5,241.5
2008-04-16,242,242,242,242
2008-04-15,242,242,242,242
2008-04-14,241,241,241,241
2008-04-11,244,244,244,244
2008-04-10,244,244,244,244
2008-04-09,245.5,245.5,245.5,245.5
2008-04-08,246,246,246,246
2008-04-07,248.5,248.5,248.5,248.5
2008-04-04,251.5,251.5,251.5,251.5
2008-04-03,251.5,251.5,251.5,251.5
2008-04-02,251.5,251.5,251.5,251.5
2008-04-01,242,242,242,242
2008-03-31,242,242,242,242
2008-03-28,242,242,242,242
2008-03-27,242,242,242,242
2008-03-26,251.5,251.5,251.5,251.5
2008-03-25,243,243,243,243
2008-03-24,247,247,247,247
2008-03-21,252,252,252,252
2008-03-20,247,247,247,247
2008-03-19,249,249,249,249
2008-03-18,252,252,252,252
2008-03-17,250,250,250,250
2008-03-14,250.5,250.5,250.5,250.5
2008-03-13,250.5,250.5,250.5,250.5
2008-03-12,247,247,247,247
2008-03-11,247,247,247,247
2008-03-10,253,253,253,253
2008-03-07,251.5,251.5,251.5,251.5
2008-03-06,252,252,252,252
2008-03-05,251.5,251.5,251.5,251.5
2008-03-04,252,252,252,252
2008-03-03,251.5,251.5,251.5,251.5
2008-02-29,251.5,251.5,251.5,251.5
2008-02-28,253.5,253.5,253.5,253.5
2008-02-27,252,252,252,252
2008-02-26,253,253,253,253
2008-02-25,252.5,252.5,252.5,252.5
2008-02-22,253,253,253,253
2008-02-21,252,252,252,252
2008-02-20,252.5,252.5,252.5,252.5
2008-02-19,252.5,252.5,252.5,252.5
2008-02-18,252,252,252,252
2008-02-15,251.5,251.5,251.5,251.5
2008-02-14,253,253,253,253
2008-02-13,253,253,253,253
2008-02-12,252,252,252,252
2008-02-11,251.5,251.5,251.5,251.5
2008-02-08,250.5,250.5,250.5,250.5
2008-02-07,251.5,251.5,251.5,251.5
2008-02-06,251.5,251.5,251.5,251.5
2008-02-05,251,251,251,251
2008-02-04,250.5,250.5,250.5,250.5
2008-02-01,250,250,250,250
2008-01-31,250,250,250,250
2008-01-30,249.5,249.5,249.5,249.5
2008-01-29,251.5,251.5,251.5,251.5
2008-01-28,251.5,251.5,251.5,251.5
2008-01-25,252.5,252.5,252.5,252.5
2008-01-24,253.5,253.5,253.5,253.5
2008-01-23,254.5,254.5,254.5,254.5
2008-01-22,250,250,250,250
2008-01-21,255.5,255.5,255.5,255.5
2008-01-18,250.5,250.5,250.5,250.5
2008-01-17,250.5,250.5,250.5,250.5
2008-01-16,250.5,250.5,250.5,250.5
2008-01-15,251.5,251.5,251.5,251.5
2008-01-14,250.5,250.5,250.5,250.5
2008-01-11,250.5,250.5,250.5,250.5
2008-01-10,250.5,250.5,250.5,250.5
2008-01-09,249.5,249.5,249.5,249.5
2008-01-08,253,253,253,253
2008-01-07,252,252,252,252
2008-01-04,252,252,252,252
2008-01-03,253,253,253,253
2008-01-02,251.5,251.5,251.5,251.5
2008-01-01,252.55,252.55,252.55,252.55
2007-12-31,250.5,250.5,250.5,250.5
2007-12-28,250.5,250.5,250.5,250.5
2007-12-27,252.55,252.55,252.55,252.55
2007-12-26,251,251,251,251
2007-12-25,252.55,252.55,252.55,252.55
2007-12-24,252.5,252.5,252.5,252.5
2007-12-21,252.5,252.5,252.5,252.5
2007-12-20,253,253,253,253
2007-12-19,253.5,253.5,253.5,253.5
2007-12-18,252.5,252.5,252.5,252.5
2007-12-17,252.5,252.5,252.5,252.5
2007-12-14,253,253,253,253
2007-12-13,251.5,251.5,251.5,251.5
2007-12-12,255,255,255,255
2007-12-11,254,254,254,254
2007-12-10,253.5,253.5,253.5,253.5
2007-12-07,254,254,254,254
2007-12-06,253,253,253,253
2007-12-05,256,256,256,256
2007-12-04,257,257,257,257
2007-12-03,255.5,255.5,255.5,255.5
2007-11-30,256,256,256,256
2007-11-29,253.5,253.5,253.5,253.5
2007-11-28,256,256,256,256
2007-11-27,256.5,256.5,256.5,256.5
2007-11-26,252,252,252,252
2007-11-23,252,252,252,252
2007-11-22,257,257,257,257
2007-11-21,252,252,252,252
2007-11-20,251.03,251.03,251.03,251.03
2007-11-19,251,251,251,251
2007-11-16,250,250,250,250
2007-11-15,251.01,251.01,251.01,251.01
2007-11-14,251,251,251,251
2007-11-13,251,251,251,251
2007-11-12,251,251,251,251
2007-11-09,251,251,251,251
2007-11-08,251,251,251,251
2007-11-07,250.96,250.96,250.96,250.96
2007-11-06,251,251,251,251
2007-11-05,252.93,252.93,252.93,252.93
2007-11-02,252,252,252,252
2007-11-01,254,254,254,254
2007-10-31,248.89,248.89,248.89,248.89
2007-10-30,257,257,257,257
2007-10-29,257,257,257,257
2007-10-26,254,254,254,254
2007-10-25,256.49,256.49,256.49,256.49
2007-10-24,259,259,259,259
2007-10-23,254.6,254.6,254.6,254.6
2007-10-22,254.6,254.6,254.6,254.6
2007-10-19,254.6,254.6,254.6,254.6
2007-10-18,254.6,254.6,254.6,254.6
2007-10-17,254.6,254.6,254.6,254.6
2007-10-16,254.6,254.6,254.6,254.6
2007-10-15,254.6,254.6,254.6,254.6
2007-10-12,254.6,254.6,254.6,254.6
2007-10-11,254.6,254.6,254.6,254.6
2007-10-10,254.6,254.6,254.6,254.6
2007-10-09,254.6,254.6,254.6,254.6
2007-10-08,254.6,254.6,254.6,254.6
2007-10-05,254.6,254.6,254.6,254.6
2007-10-04,251.1,251.1,251.1,251.1
2007-10-03,251.1,251.1,251.1,251.1
2007-10-02,251.1,251.1,251.1,251.1
2007-10-01,251.1,251.1,251.1,251.1
2007-09-28,251.1,251.1,251.1,251.1
2007-09-27,251.1,251.1,251.1,251.1
2007-09-26,251.1,251.1,251.1,251.1
2007-09-25,251.1,251.1,251.1,251.1
2007-09-24,251.1,251.1,251.1,251.1
2007-09-21,251.1,251.1,251.1,251.1
2007-09-20,251.1,251.1,251.1,251.1
2007-09-19,251.1,251.1,251.1,251.1
2007-09-18,251.1,251.1,251.1,251.1
2007-09-17,251.1,251.1,251.1,251.1
2007-09-14,251.1,251.1,251.1,251.1
2007-09-13,251.1,251.1,251.1,251.1
2007-09-12,251.1,251.1,251.1,251.1
2007-09-11,251.1,251.1,251.1,251.1
2007-09-10,251.1,251.1,251.1,251.1
2007-09-07,251.1,251.1,251.1,251.1
2007-09-06,243.1,243.1,243.1,243.1
2007-09-05,243.1,243.1,243.1,243.1
2007-09-04,243.1,243.1,243.1,243.1
2007-09-03,258,258,258,258
2007-08-31,258,258,258,258
2007-08-30,259.07,259.07,259.07,259.07
2007-08-29,258,258,258,258
2007-08-28,259,259,259,259
2007-08-27,259,259,259,259
2007-08-24,244.1,244.1,244.1,244.1
2007-08-23,244.1,244.1,244.1,244.1
2007-08-22,244.1,244.1,244.1,244.1
2007-08-21,243.1,243.1,243.1,243.1
2007-08-20,243.1,243.1,243.1,243.1
2007-08-17,248,248,248,248
2007-08-16,255.1,255.1,255.1,255.1
2007-08-15,240.1,240.1,240.1,240.1
2007-08-14,240.1,240.1,240.1,240.1
2007-08-13,240.1,240.1,240.1,240.1
2007-08-10,240.1,240.1,240.1,240.1
2007-08-09,240.1,240.1,240.1,240.1
2007-08-08,240.1,240.1,240.1,240.1
2007-08-07,247.1,247.1,247.1,247.1
2007-08-06,245.1,245.1,245.1,245.1
2007-08-03,245.1,245.1,245.1,245.1
2007-08-02,245.1,245.1,245.1,245.1
2007-08-01,245.1,245.1,245.1,245.1
2007-07-31,245.1,245.1,245.1,245.1
2007-07-30,255,255,255,255
2007-07-27,253.1,253.1,253.1,253.1
2007-07-26,253.1,253.1,253.1,253.1
2007-07-25,253.1,253.1,253.1,253.1
2007-07-24,253.1,253.1,253.1,253.1
2007-07-23,253.1,253.1,253.1,253.1
2007-07-20,253.1,253.1,253.1,253.1
2007-07-19,258.7,258.7,258.7,258.7
2007-07-18,258.75,258.75,258.75,258.75
2007-07-17,258.9,258.9,258.9,258.9
2007-07-16,259.1,259.1,259.1,259.1
2007-07-13,259.3,259.3,259.3,259.3
2007-07-12,259.6,259.6,259.6,259.6
2007-07-11,262.42,262.42,262.42,262.42
2007-07-10,262.42,262.42,262.42,262.42
2007-07-09,262.42,262.42,262.42,262.42
2007-07-06,262.42,262.42,262.42,262.42
2007-07-05,262.42,262.42,262.42,262.42
2007-07-04,262.42,262.42,262.42,262.42
2007-07-03,262.42,262.42,262.42,262.42
2007-07-02,262.42,262.42,262.42,262.42
2007-06-29,262.42,262.42,262.42,262.42
2007-06-28,262.42,262.42,262.42,262.42
2007-06-27,262.42,262.42,262.42,262.42
2007-06-26,262.42,262.42,262.42,262.42
2007-06-25,262.42,262.42,262.42,262.42
2007-06-22,262,262,262,262
2007-06-21,261.77,261.77,261.77,261.77
2007-06-20,261,261,261,261
2007-06-19,261,261,261,261
2007-06-18,261,261,261,261
2007-06-15,261,261,261,261
2007-06-14,261,261,261,261
2007-06-13,261,261,261,261
2007-06-12,261,261,261,261
2007-06-11,261,261,261,261
2007-06-08,261,261,261,261
2007-06-07,261,261,261,261
2007-06-06,261,261,261,261
2007-06-05,261,261,261,261
2007-06-04,261,261,261,261
2007-06-01,260.49,260.49,260.49,260.49
2007-05-31,260,260,260,260
2007-05-30,259.2,259.2,259.2,259.2
2007-05-29,259.2,259.2,259.2,259.2
2007-05-28,259,259,259,259
2007-05-25,259,259,259,259
2007-05-24,259,259,259,259
2007-05-23,259,259,259,259
2007-05-22,259,259,259,259
2007-05-21,259,259,259,259
2007-05-18,259,259,259,259
2007-05-17,259,259,259,259
2007-05-16,259,259,259,259
2007-05-15,259,259,259,259
2007-05-14,259,259,259,259
2007-05-11,259,259,259,259
2007-05-10,259,259,259,259
2007-05-09,259,259,259,259
2007-05-08,263.5,263.5,263.5,263.5
2007-05-07,263.14,263.14,263.14,263.14
2007-05-04,271,271,271,271
2007-05-03,271,271,271,271
2007-05-02,271,271,271,271
2007-05-01,271,271,271,271
2007-04-30,271,271,271,271
2007-04-27,271,271,271,271
2007-04-26,271,271,271,271
2007-04-25,271,271,271,271
2007-04-24,271,271,271,271
2007-04-23,271,271,271,271
2007-04-20,271,271,271,271
2007-04-19,271,271,271,271
2007-04-18,271,271,271,271
2007-04-17,271,271,271,271
2007-04-16,271,271,271,271
2007-04-13,271,271,271,271
2007-04-12,271,271,271,271
2007-04-11,271,271,271,271
2007-04-10,271,271,271,271
2007-04-09,271,271,271,271
2007-04-06,271,271,271,271
2007-04-05,271,271,271,271
2007-04-04,271,271,271,271
2007-04-03,271,271,271,271
2007-04-02,271,271,271,271
2007-03-30,271,271,271,271
2007-03-29,271,271,271,271
2007-03-28,271,271,271,271
2007-03-27,271,271,271,271
2007-03-26,271,271,271,271
2007-03-23,271,271,271,271
2007-03-22,271,271,271,271
2007-03-21,271,271,271,271
2007-03-20,271,271,271,271
2007-03-19,271,271,271,271
2007-03-16,271,271,271,271
2007-03-15,271,271,271,271
2007-03-14,271,271,271,271
2007-03-13,271,271,271,271
2007-03-12,271,271,271,271
2007-03-09,271,271,271,271
2007-03-08,271,271,271,271
2007-03-07,271,271,271,271
2007-03-06,271,271,271,271
2007-03-05,271,271,271,271
2007-03-02,271,271,271,271
2007-03-01,271,271,271,271
2007-02-28,271,271,271,271
2007-02-27,270.5,270.5,270.5,270.5
2007-02-26,269.5,269.5,269.5,269.5
2007-02-23,269.5,269.5,269.5,269.5
2007-02-22,269.5,269.5,269.5,269.5
2007-02-21,269.5,269.5,269.5,269.5
2007-02-20,269.5,269.5,269.5,269.5
2007-02-19,269.5,269.5,269.5,269.5
2007-02-16,269.5,269.5,269.5,269.5
2007-02-15,269.5,269.5,269.5,269.5
2007-02-14,269.5,269.5,269.5,269.5
2007-02-13,269.5,269.5,269.5,269.5
2007-02-12,269.5,269.5,269.5,269.5
2007-02-09,269.5,269.5,269.5,269.5
2007-02-08,270,270,270,270
2007-02-07,269.5,269.5,269.5,269.5
2007-02-06,269.5,269.5,269.5,269.5
2007-02-05,269.5,269.5,269.5,269.5
2007-02-02,269.5,269.5,269.5,269.5
2007-02-01,271,271,271,271
2007-01-31,271,271,271,271
2007-01-30,271,271,271,271
2007-01-29,271,271,271,271
2007-01-26,271,271,271,271
2007-01-25,271,271,271,271
2007-01-24,271,271,271,271
2007-01-23,271,271,271,271
2007-01-22,271,271,271,271
2007-01-19,271,271,271,271
2007-01-18,271,271,271,271
2007-01-17,271,271,271,271
2007-01-16,271,271,271,271
2007-01-15,271,271,271,271
2007-01-12,271,271,271,271
2007-01-11,271,271,271,271
2007-01-10,271,271,271,271
2007-01-09,271.5,271.5,271.5,271.5
2007-01-08,271,271,271,271
2007-01-05,271,271,271,271
2007-01-04,271,271,271,271
2007-01-03,271,271,271,271
2007-01-02,271,271,271,271
2007-01-01,271,271,271,271
2006-12-29,271,271,271,271
2006-12-28,271,271,271,271
2006-12-27,271.5,271.5,271.5,271.5
2006-12-26,271.5,271.5,271.5,271.5
2006-12-25,271,271,271,271
2006-12-22,271,271,271,271
2006-12-21,271,271,271,271
2006-12-20,272,272,272,272
2006-12-19,272,272,272,272
2006-12-18,272,272,272,272
2006-12-15,272,272,272,272
2006-12-14,272,272,272,272
2006-12-13,272,272,272,272
2006-12-12,272,272,272,272
2006-12-11,272,272,272,272
2006-12-08,272,272,272,272
2006-12-07,272,272,272,272
2006-12-06,272,272,272,272
2006-12-05,272,272,272,272
2006-12-04,272,272,272,272
2006-12-01,272,272,272,272
2006-11-30,272,272,272,272
2006-11-29,272,272,272,272
2006-11-28,272,272,272,272
2006-11-27,272,272,272,272
2006-11-24,272,272,272,272
2006-11-23,272,272,272,272
2006-11-22,271,271,271,271
2006-11-21,271,271,271,271
2006-11-20,271,271,271,271
2006-11-17,271,271,271,271
2006-11-16,271,271,271,271
2006-11-15,271,271,271,271
2006-11-14,271,271,271,271
2006-11-13,271,271,271,271
2006-11-10,271,271,271,271
2006-11-09,271,271,271,271
2006-11-08,271,271,271,271
2006-11-07,271,271,271,271
2006-11-06,271,271,271,271
2006-11-03,271,271,271,271
2006-11-02,271,271,271,271
2006-11-01,271,271,271,271
2006-10-31,271,271,271,271
2006-10-30,271,271,271,271
2006-10-27,271,271,271,271
2006-10-26,271,271,271,271
2006-10-25,271,271,271,271
2006-10-24,271,271,271,271
2006-10-23,271,271,271,271
2006-10-20,271,271,271,271
2006-10-19,271,271,271,271
2006-10-18,271,271,271,271
2006-10-17,271,271,271,271
2006-10-16,271,271,271,271
2006-10-13,271,271,271,271
2006-10-12,275,275,275,275
2006-10-11,275,275,275,275
2006-10-10,275,275,275,275
2006-10-09,275,275,275,275
2006-10-06,275,275,275,275
2006-10-05,275,275,275,275
2006-10-04,275,275,275,275
2006-10-03,275,275,275,275
2006-10-02,275,275,275,275
2006-09-29,275,275,275,275
2006-09-28,275,275,275,275
2006-09-27,275,275,275,275
2006-09-26,275,275,275,275
2006-09-25,275,275,275,275
2006-09-22,271.3,271.3,271.3,271.3
2006-09-21,271.3,271.3,271.3,271.3
2006-09-20,271.3,271.3,271.3,271.3
2006-09-19,271.3,271.3,271.3,271.3
2006-09-18,271.3,271.3,271.3,271.3
2006-09-15,271.3,271.3,271.3,271.3
2006-09-14,271.3,271.3,271.3,271.3
2006-09-13,271.3,271.3,271.3,271.3
2006-09-12,271.3,271.3,271.3,271.3
2006-09-11,271.3,271.3,271.3,271.3
2006-09-08,271.3,271.3,271.3,271.3
2006-09-07,271.3,271.3,271.3,271.3
2006-09-06,271.3,271.3,271.3,271.3
2006-09-05,271.3,271.3,271.3,271.3
2006-09-04,271.3,271.3,271.3,271.3
2006-09-01,271.3,271.3,271.3,271.3
2006-08-31,271.3,271.3,271.3,271.3
2006-08-30,271.3,271.3,271.3,271.3
2006-08-29,271.3,271.3,271.3,271.3
2006-08-28,271.3,271.3,271.3,271.3
2006-08-25,271.3,271.3,271.3,271.3
2006-08-24,271.3,271.3,271.3,271.3
2006-08-23,271.3,271.3,271.3,271.3
2006-08-22,271.3,271.3,271.3,271.3
2006-08-21,271.3,271.3,271.3,271.3
2006-08-18,271.3,271.3,271.3,271.3
2006-08-17,271.3,271.3,271.3,271.3
2006-08-16,271.33,271.33,271.33,271.33
2006-08-15,271.39,271.39,271.39,271.39
2006-08-14,270.6,270.6,270.6,270.6
2006-08-11,270.6,270.6,270.6,270.6
2006-08-10,270.6,270.6,270.6,270.6
2006-08-09,270.6,270.6,270.6,270.6
2006-08-08,270.6,270.6,270.6,270.6
2006-08-07,270.6,270.6,270.6,270.6
2006-08-04,270.6,270.6,270.6,270.6
2006-08-03,270.6,270.6,270.6,270.6
2006-08-02,270.6,270.6,270.6,270.6
2006-08-01,270.6,270.6,270.6,270.6
2006-07-31,270.6,270.6,270.6,270.6
2006-07-28,271.3,271.3,271.3,271.3
2006-07-27,272.61,272.61,272.61,272.61
2006-07-26,270.8,270.8,270.8,270.8
2006-07-25,270.54,270.54,270.54,270.54
2006-07-24,271.3,271.3,271.3,271.3
2006-07-21,271.3,271.3,271.3,271.3
2006-07-20,271.3,271.3,271.3,271.3
2006-07-19,271.3,271.3,271.3,271.3
2006-07-18,271.3,271.3,271.3,271.3
2006-07-17,271.3,271.3,271.3,271.3
2006-07-14,271.3,271.3,271.3,271.3
2006-07-13,271.3,271.3,271.3,271.3
2006-07-12,271.3,271.3,271.3,271.3
2006-07-11,271.3,271.3,271.3,271.3
2006-07-10,271.3,271.3,271.3,271.3
2006-07-07,271.3,271.3,271.3,271.3
2006-07-06,271.3,271.3,271.3,271.3
2006-07-05,271.3,271.3,271.3,271.3
2006-07-04,271.3,271.3,271.3,271.3
2006-07-03,271.3,271.3,271.3,271.3
2006-06-30,271.3,271.3,271.3,271.3
2006-06-29,271.3,271.3,271.3,271.3
2006-06-28,271.3,271.3,271.3,271.3
2006-06-27,271.3,271.3,271.3,271.3
2006-06-26,271.3,271.3,271.3,271.3
2006-06-23,271.3,271.3,271.3,271.3
2006-06-22,271.3,271.3,271.3,271.3
2006-06-21,271.3,271.3,271.3,271.3
2006-06-20,271.3,271.3,271.3,271.3
2006-06-19,271.3,271.3,271.3,271.3
2006-06-16,271.3,271.3,271.3,271.3
2006-06-15,271.3,271.3,271.3,271.3
2006-06-14,271.26,271.26,271.26,271.26
2006-06-13,272.5,272.5,272.5,272.5
2006-06-12,272.5,272.5,272.5,272.5
2006-06-09,272.5,272.5,272.5,272.5
2006-06-08,272.5,272.5,272.5,272.5
2006-06-07,272.5,272.5,272.5,272.5
2006-06-06,272.5,272.5,272.5,272.5
2006-06-05,272.5,272.5,272.5,272.5
2006-06-02,272.5,272.5,272.5,272.5
2006-06-01,272.5,272.5,272.5,272.5
2006-05-31,272.5,272.5,272.5,272.5
2006-05-30,272.5,272.5,272.5,272.5
2006-05-29,272.5,272.5,272.5,272.5
2006-05-26,272.5,272.5,272.5,272.5
2006-05-25,272.5,272.5,272.5,272.5
2006-05-24,272.5,272.5,272.5,272.5
2006-05-23,272.5,272.5,272.5,272.5
2006-05-22,272.5,272.5,272.5,272.5
2006-05-19,272.5,272.5,272.5,272.5
2006-05-18,272.5,272.5,272.5,272.5
2006-05-17,272.5,272.5,272.5,272.5
2006-05-16,272.5,272.5,272.5,272.5
2006-05-15,272.5,272.5,272.5,272.5
2006-05-12,272.5,272.5,272.5,272.5
2006-05-11,272.5,272.5,272.5,272.5
2006-05-10,272.5,272.5,272.5,272.5
2006-05-09,272.5,272.5,272.5,272.5
2006-05-08,272.5,272.5,272.5,272.5
2006-05-05,272.5,272.5,272.5,272.5
2006-05-04,272.5,272.5,272.5,272.5
2006-05-03,272.5,272.5,272.5,272.5
2006-05-02,272.5,272.5,272.5,272.5
2006-05-01,265.75,265.75,265.75,265.75
2006-04-28,265.75,265.75,265.75,265.75
2006-04-27,263.5,263.5,263.5,263.5
2006-04-26,263.5,263.5,263.5,263.5
2006-04-25,263.5,263.5,263.5,263.5
2006-04-24,263.5,263.5,263.5,263.5
2006-04-21,263.5,263.5,263.5,263.5
2006-04-20,263.5,263.5,263.5,263.5
2006-04-19,263.5,263.5,263.5,263.5
2006-04-18,263.5,263.5,263.5,263.5
2006-04-17,263.5,263.5,263.5,263.5
2006-04-14,263.5,263.5,263.5,263.5
2006-04-13,263.5,263.5,263.5,263.5
2006-04-12,263.5,263.5,263.5,263.5
2006-04-11,263.5,263.5,263.5,263.5
2006-04-10,263.5,263.5,263.5,263.5
2006-04-07,263.5,263.5,263.5,263.5
2006-04-06,263.5,263.5,263.5,263.5
2006-04-05,263.5,263.5,263.5,263.5
2006-04-04,263.5,263.5,263.5,263.5
2006-04-03,263.5,263.5,263.5,263.5
2006-03-31,263.5,263.5,263.5,263.5
2006-03-30,263.5,263.5,263.5,263.5
2006-03-29,263.5,263.5,263.5,263.5
2006-03-28,263.5,263.5,263.5,263.5
2006-03-27,263.5,263.5,263.5,263.5
2006-03-24,263.5,263.5,263.5,263.5
2006-03-23,263.5,263.5,263.5,263.5
2006-03-22,263.5,263.5,263.5,263.5
2006-03-21,263.5,263.5,263.5,263.5
2006-03-20,263.5,263.5,263.5,263.5
2006-03-17,263.5,263.5,263.5,263.5
2006-03-16,263.5,263.5,263.5,263.5
2006-03-15,263.5,263.5,263.5,263.5
2006-03-14,262.5,262.5,262.5,262.5
2006-03-13,262.5,262.5,262.5,262.5
2006-03-10,262.5,262.5,262.5,262.5
2006-03-09,262.5,262.5,262.5,262.5
2006-03-08,262.5,262.5,262.5,262.5
2006-03-07,262.5,262.5,262.5,262.5
2006-03-06,262.5,262.5,262.5,262.5
2006-03-03,267.5,267.5,267.5,267.5
2006-03-02,267.5,267.5,267.5,267.5
2006-03-01,267.5,267.5,267.5,267.5
2006-02-28,269.95,269.95,269.95,269.95
2006-02-27,269.95,269.95,269.95,269.95
2006-02-24,269.95,269.95,269.95,269.95
2006-02-23,269.95,269.95,269.95,269.95
2006-02-22,269.95,269.95,269.95,269.95
2006-02-21,269.95,269.95,269.95,269.95
2006-02-20,269.95,269.95,269.95,269.95
2006-02-17,269.95,269.95,269.95,269.95
2006-02-16,269.95,269.95,269.95,269.95
2006-02-15,269.95,269.95,269.95,269.95
2006-02-14,270.63,270.63,270.63,270.63
2006-02-13,270.63,270.63,270.63,270.63
2006-02-10,270.63,270.63,270.63,270.63
2006-02-09,270.6,270.6,270.6,270.6
2006-02-08,270.6,270.6,270.6,270.6
2006-02-07,270.6,270.6,270.6,270.6
2006-02-06,270.6,270.6,270.6,270.6
2006-02-03,270.6,270.6,270.6,270.6
2006-02-02,271.6,271.6,271.6,271.6
2006-02-01,270.6,270.6,270.6,270.6
2006-01-31,270.6,270.6,270.6,270.6
2006-01-30,270.6,270.6,270.6,270.6
2006-01-27,269.95,269.95,269.95,269.95
2006-01-26,269.95,269.95,269.95,269.95
2006-01-25,269.95,269.95,269.95,269.95
2006-01-24,269.95,269.95,269.95,269.95
2006-01-23,269.95,269.95,269.95,269.95
2006-01-20,269.95,269.95,269.95,269.95
2006-01-19,270,270,270,270
2006-01-18,282.5,282.5,282.5,282.5
2006-01-17,282.5,282.5,282.5,282.5
2006-01-16,282.5,282.5,282.5,282.5
2006-01-13,282.5,282.5,282.5,282.5
2006-01-12,282.5,282.5,282.5,282.5
2006-01-11,282.5,282.5,282.5,282.5
2006-01-10,282.5,282.5,282.5,282.5
2006-01-09,282.5,282.5,282.5,282.5
2006-01-06,282.5,282.5,282.5,282.5
2006-01-05,282.5,282.5,282.5,282.5
2006-01-04,282.5,282.5,282.5,282.5
2006-01-03,282.5,282.5,282.5,282.5
2006-01-02,282.5,282.5,282.5,282.5
2005-12-30,282.5,282.5,282.5,282.5
2005-12-29,282.5,282.5,282.5,282.5
2005-12-28,282.5,282.5,282.5,282.5
2005-12-27,282.5,282.5,282.5,282.5
2005-12-26,282.5,282.5,282.5,282.5
2005-12-23,282.5,282.5,282.5,282.5
2005-12-22,282.5,282.5,282.5,282.5
2005-12-21,282.5,282.5,282.5,282.5
2005-12-20,282.5,282.5,282.5,282.5
2005-12-19,282.5,282.5,282.5,282.5
2005-12-16,282.5,282.5,282.5,282.5
2005-12-15,282.5,282.5,282.5,282.5
2005-12-14,282.5,282.5,282.5,282.5
2005-12-13,282.5,282.5,282.5,282.5
2005-12-12,282.5,282.5,282.5,282.5
2005-12-09,282.5,282.5,282.5,282.5
2005-12-08,282.5,282.5,282.5,282.5
2005-12-07,282.5,282.5,282.5,282.5
2005-12-06,282.5,282.5,282.5,282.5
2005-12-05,282.5,282.5,282.5,282.5
2005-12-02,282.5,282.5,282.5,282.5
2005-12-01,285.5,285.5,285.5,285.5
2005-11-30,285.5,285.5,285.5,285.5
2005-11-29,285.5,285.5,285.5,285.5
2005-11-28,285.5,285.5,285.5,285.5
2005-11-25,271.3,271.3,271.3,271.3
2005-11-24,271.3,271.3,271.3,271.3
2005-11-23,271.3,271.3,271.3,271.3
2005-11-22,285.5,285.5,285.5,285.5
2005-11-21,285.5,285.5,285.5,285.5
2005-11-18,271.3,271.3,271.3,271.3
2005-11-17,271.3,271.3,271.3,271.3
2005-11-16,271.3,271.3,271.3,271.3
2005-11-15,271.3,271.3,271.3,271.3
2005-11-14,271.3,271.3,271.3,271.3
2005-11-11,285.5,285.5,285.5,285.5
2005-11-10,285.5,285.5,285.5,285.5
2005-11-09,285.5,285.5,285.5,285.5
2005-11-08,285.5,285.5,285.5,285.5
2005-11-07,285.5,285.5,285.5,285.5
2005-11-04,285.5,285.5,285.5,285.5
2005-11-03,285.5,285.5,285.5,285.5
2005-11-02,271.3,271.3,271.3,271.3
2005-11-01,271.3,271.3,271.3,271.3
2005-10-31,271.3,271.3,271.3,271.3
2005-10-28,271.3,271.3,271.3,271.3
2005-10-27,271.3,271.3,271.3,271.3
2005-10-26,268.17,268.17,268.17,268.17
2005-10-25,268.17,268.17,268.17,268.17
2005-10-24,268.17,268.17,268.17,268.17
2005-10-21,268.17,268.17,268.17,268.17
2005-10-20,268.17,268.17,268.17,268.17
2005-10-19,268.17,268.17,268.17,268.17
2005-10-18,268.17,268.17,268.17,268.17
2005-10-17,268.17,268.17,268.17,268.17
2005-10-14,268.17,268.17,268.17,268.17
2005-10-13,268.17,268.17,268.17,268.17
2005-10-12,268.17,268.17,268.17,268.17
2005-10-11,268.17,268.17,268.17,268.17
2005-10-10,268.17,268.17,268.17,268.17
2005-10-07,268.17,268.17,268.17,268.17
2005-10-06,268.17,268.17,268.17,268.17
2005-10-05,268.17,268.17,268.17,268.17
2005-10-04,268.17,268.17,268.17,268.17
2005-10-03,268.17,268.17,268.17,268.17
2005-09-30,268.17,268.17,268.17,268.17
2005-09-29,268.17,268.17,268.17,268.17
2005-09-28,268.17,268.17,268.17,268.17
2005-09-27,268.17,268.17,268.17,268.17
2005-09-26,268.17,268.17,268.17,268.17
2005-09-23,268.17,268.17,268.17,268.17
2005-09-22,268.17,268.17,268.17,268.17
2005-09-21,268.17,268.17,268.17,268.17
2005-09-20,268.17,268.17,268.17,268.17
2005-09-19,268.17,268.17,268.17,268.17
2005-09-16,268.17,268.17,268.17,268.17
2005-09-15,268.17,268.17,268.17,268.17
2005-09-14,268.17,268.17,268.17,268.17
2005-09-13,268.17,268.17,268.17,268.17
2005-09-12,268.17,268.17,268.17,268.17
2005-09-09,268.17,268.17,268.17,268.17
2005-09-08,268.17,268.17,268.17,268.17
2005-09-07,268.17,268.17,268.17,268.17
2005-09-06,268.17,268.17,268.17,268.17
2005-09-05,268.17,268.17,268.17,268.17
2005-09-02,268.17,268.17,268.17,268.17
2005-09-01,268.17,268.17,268.17,268.17
2005-08-31,268.17,268.17,268.17,268.17
2005-08-30,268.17,268.17,268.17,268.17
2005-08-29,268.17,268.17,268.17,268.17
2005-08-26,268.17,268.17,268.17,268.17
2005-08-25,268.17,268.17,268.17,268.17
2005-08-24,268.17,268.17,268.17,268.17
2005-08-23,268.17,268.17,268.17,268.17
2005-08-22,268.17,268.17,268.17,268.17
2005-08-19,268.17,268.17,268.17,268.17
2005-08-18,268.17,268.17,268.17,268.17
2005-08-17,268.17,268.17,268.17,268.17
2005-08-16,268.17,268.17,268.17,268.17
2005-08-15,268.17,268.17,268.17,268.17
2005-08-12,268.17,268.17,268.17,268.17
2005-08-11,268.17,268.17,268.17,268.17
2005-08-10,268.17,268.17,268.17,268.17
2005-08-09,268.17,268.17,268.17,268.17
2005-08-08,268.17,268.17,268.17,268.17
2005-08-05,268.17,268.17,268.17,268.17
2005-08-04,268.17,268.17,268.17,268.17
2005-08-03,268.17,268.17,268.17,268.17
2005-08-02,268.17,268.17,268.17,268.17
2005-08-01,268.17,268.17,268.17,268.17
2005-07-29,268.17,268.17,268.17,268.17
2005-07-28,268.17,268.17,268.17,268.17
2005-07-27,268.17,268.17,268.17,268.17
2005-07-26,268.17,268.17,268.17,268.17
2005-07-25,268.17,268.17,268.17,268.17
2005-07-22,268.17,268.17,268.17,268.17
2005-07-21,268.17,268.17,268.17,268.17
2005-07-20,268.17,268.17,268.17,268.17
2005-07-19,268.17,268.17,268.17,268.17
2005-07-18,268.17,268.17,268.17,268.17
2005-07-15,268.17,268.17,268.17,268.17
2005-07-14,268.17,268.17,268.17,268.17
2005-07-13,268.17,268.17,268.17,268.17
2005-07-12,268.17,268.17,268.17,268.17
2005-07-11,268.17,268.17,268.17,268.17
2005-07-08,268.17,268.17,268.17,268.17
2005-07-07,268.17,268.17,268.17,268.17
2005-07-06,268.17,268.17,268.17,268.17
2005-07-05,268.17,268.17,268.17,268.17
2005-07-04,268.17,268.17,268.17,268.17
2005-07-01,268.17,268.17,268.17,268.17
2005-06-30,263.5,263.5,263.5,263.5
2005-06-29,263.5,263.5,263.5,263.5
2005-06-28,263.5,263.5,263.5,263.5
2005-06-27,263.5,263.5,263.5,263.5
2005-06-24,263.5,263.5,263.5,263.5
2005-06-23,263.5,263.5,263.5,263.5
2005-06-22,263.5,263.5,263.5,263.5
2005-06-21,263.5,263.5,263.5,263.5
2005-06-20,263.5,263.5,263.5,263.5
2005-06-17,263.5,263.5,263.5,263.5
2005-06-16,263.5,263.5,263.5,263.5
2005-06-15,263.5,263.5,263.5,263.5
2005-06-14,263.5,263.5,263.5,263.5
2005-06-13,263.5,263.5,263.5,263.5
2005-06-10,263.5,263.5,263.5,263.5
2005-06-09,263.5,263.5,263.5,263.5
2005-06-08,263.5,263.5,263.5,263.5
2005-06-07,263.5,263.5,263.5,263.5
2005-06-06,263.5,263.5,263.5,263.5
2005-06-03,263.5,263.5,263.5,263.5
2005-06-02,263.5,263.5,263.5,263.5
2005-06-01,263.5,263.5,263.5,263.5
2005-05-31,263.5,263.5,263.5,263.5
2005-05-30,263.5,263.5,263.5,263.5
2005-05-27,263.5,263.5,263.5,263.5
2005-05-26,263.5,263.5,263.5,263.5
2005-05-25,263.5,263.5,263.5,263.5
2005-05-24,263.5,263.5,263.5,263.5
2005-05-23,263.5,263.5,263.5,263.5
2005-05-20,263.5,263.5,263.5,263.5
2005-05-19,263.5,263.5,263.5,263.5
2005-05-18,263.5,263.5,263.5,263.5
2005-05-17,268.16,268.16,268.16,268.16
2005-05-16,268.16,268.16,268.16,268.16
2005-05-13,268.16,268.16,268.16,268.16
2005-05-12,268.04,268.04,268.04,268.04
2005-05-11,267.16,267.16,267.16,267.16
2005-05-10,267.16,267.16,267.16,267.16
2005-05-09,267.16,267.16,267.16,267.16
2005-05-06,267.16,267.16,267.16,267.16
2005-05-05,266.76,266.76,266.76,266.76
2005-05-04,267.16,267.16,267.16,267.16
2005-05-03,267.16,267.16,267.16,267.16
2005-05-02,267.16,267.16,267.16,267.16
2005-04-29,267.16,267.16,267.16,267.16
2005-04-28,266.97,266.97,266.97,266.97
2005-04-27,266.97,266.97,266.97,266.97
2005-04-26,267.26,267.26,267.26,267.26
2005-04-25,267.26,267.26,267.26,267.26
2005-04-22,267.26,267.26,267.26,267.26
2005-04-21,267.26,267.26,267.26,267.26
2005-04-20,267.26,267.26,267.26,267.26
2005-04-19,267.26,267.26,267.26,267.26
2005-04-18,267.26,267.26,267.26,267.26
2005-04-15,267.26,267.26,267.26,267.26
2005-04-14,267.16,267.16,267.16,267.16
2005-04-13,265.54,265.54,265.54,265.54
2005-04-12,265.54,265.54,265.54,265.54
2005-04-11,267.06,267.06,267.06,267.06
2005-04-08,267.06,267.06,267.06,267.06
2005-04-07,267.87,267.87,267.87,267.87
2005-04-06,267.87,267.87,267.87,267.87
2005-04-05,267.56,267.56,267.56,267.56
2005-04-04,265.54,265.54,265.54,265.54
2005-04-01,265.54,265.54,265.54,265.54
2005-03-31,265.54,265.54,265.54,265.54
2005-03-30,267.16,267.16,267.16,267.16
2005-03-29,267.16,267.16,267.16,267.16
2005-03-28,266.03,266.03,266.03,266.03
2005-03-25,266.03,266.03,266.03,266.03
2005-03-24,266.03,266.03,266.03,266.03
2005-03-23,266.03,266.03,266.03,266.03
2005-03-22,264.4,264.4,264.4,264.4
2005-03-21,261.43,261.43,261.43,261.43
2005-03-18,261.43,261.43,261.43,261.43
2005-03-17,263.84,263.84,263.84,263.84
2005-03-16,263.84,263.84,263.84,263.84
2005-03-15,263.84,263.84,263.84,263.84
2005-03-14,262.63,262.63,262.63,262.63
2005-03-11,262.73,262.73,262.73,262.73
2005-03-10,263.64,263.64,263.64,263.64
2005-03-09,263.64,263.64,263.64,263.64
2005-03-08,263.39,263.39,263.39,263.39
2005-03-07,261.69,261.69,261.69,261.69
2005-03-04,261.69,261.69,261.69,261.69
2005-03-03,261.69,261.69,261.69,261.69
2005-03-02,261.69,261.69,261.69,261.69
2005-03-01,261.69,261.69,261.69,261.69
2005-02-28,261.69,261.69,261.69,261.69
2005-02-25,261.69,261.69,261.69,261.69
2005-02-24,261.69,261.69,261.69,261.69
2005-02-23,261.69,261.69,261.69,261.69
2005-02-22,261.69,261.69,261.69,261.69
2005-02-21,261.69,261.69,261.69,261.69
2005-02-18,261.69,261.69,261.69,261.69
2005-02-17,261.69,261.69,261.69,261.69
2005-02-16,263.21,263.21,263.21,263.21
2005-02-15,263.21,263.21,263.21,263.21
2005-02-14,260.33,260.33,260.33,260.33
2005-02-11,260.33,260.33,260.33,260.33
2005-02-10,260.33,260.33,260.33,260.33
2005-02-09,260.33,260.33,260.33,260.33
2005-02-08,260.33,260.33,260.33,260.33
2005-02-07,260.33,260.33,260.33,260.33
2005-02-04,260.33,260.33,260.33,260.33
2005-02-03,260.33,260.33,260.33,260.33
2005-02-02,260.33,260.33,260.33,260.33
2005-02-01,260.33,260.33,260.33,260.33
2005-01-31,260.33,260.33,260.33,260.33
2005-01-28,260.33,260.33,260.33,260.33
2005-01-27,260.33,260.33,260.33,260.33
2005-01-26,260.33,260.33,260.33,260.33
2005-01-25,260.33,260.33,260.33,260.33
2005-01-24,260.33,260.33,260.33,260.33
2005-01-21,260.33,260.33,260.33,260.33
2005-01-20,260.33,260.33,260.33,260.33
2005-01-19,260.33,260.33,260.33,260.33
2005-01-18,260.33,260.33,260.33,260.33
2005-01-17,260.33,260.33,260.33,260.33
2005-01-14,260.33,260.33,260.33,260.33
2005-01-13,260.33,260.33,260.33,260.33
2005-01-12,260.33,260.33,260.33,260.33
2005-01-11,260.33,260.33,260.33,260.33
2005-01-10,260.33,260.33,260.33,260.33
2005-01-07,260.33,260.33,260.33,260.33
2005-01-06,260.33,260.33,260.33,260.33
2005-01-05,260.62,260.62,260.62,260.62
2005-01-04,258.33,258.33,258.33,258.33
2005-01-03,261.64,261.64,261.64,261.64
2004-12-31,261.64,261.64,261.64,261.64
2004-12-30,261.64,261.64,261.64,261.64
2004-12-29,261.64,261.64,261.64,261.64
2004-12-28,261.64,261.64,261.64,261.64
2004-12-27,261.64,261.64,261.64,261.64
2004-12-24,261.64,261.64,261.64,261.64
2004-12-23,261.64,261.64,261.64,261.64
2004-12-22,261.64,261.64,261.64,261.64
2004-12-21,261.64,261.64,261.64,261.64
2004-12-20,261.64,261.64,261.64,261.64
2004-12-17,261.64,261.64,261.64,261.64
2004-12-16,261.73,261.73,261.73,261.73
2004-12-15,261.73,261.73,261.73,261.73
2004-12-14,253.3,253.3,253.3,253.3
2004-12-13,253.3,253.3,253.3,253.3
2004-12-10,253.3,253.3,253.3,253.3
2004-12-09,253.3,253.3,253.3,253.3
2004-12-08,253.3,253.3,253.3,253.3
2004-12-07,253.35,253.35,253.35,253.35
2004-12-06,253.35,253.35,253.35,253.35
2004-12-03,253.3,253.3,253.3,253.3
2004-12-02,253.3,253.3,253.3,253.3
2004-12-01,253.3,253.3,253.3,253.3
2004-11-30,253.3,253.3,253.3,253.3
2004-11-29,253.3,253.3,253.3,253.3
2004-11-26,253.3,253.3,253.3,253.3
2004-11-25,253.3,253.3,253.3,253.3
2004-11-24,253.3,253.3,253.3,253.3
2004-11-23,253.3,253.3,253.3,253.3
2004-11-22,253.3,253.3,253.3,253.3
2004-11-19,253.35,253.35,253.35,253.35
2004-11-18,253.35,253.35,253.35,253.35
2004-11-17,253.35,253.35,253.35,253.35
2004-11-16,253.35,253.35,253.35,253.35
2004-11-15,253.35,253.35,253.35,253.35
2004-11-12,253.35,253.35,253.35,253.35
2004-11-11,253.35,253.35,253.35,253.35
2004-11-10,253.35,253.35,253.35,253.35
2004-11-09,253.35,253.35,253.35,253.35
2004-11-08,260.6,260.6,260.6,260.6
2004-11-05,267.16,267.16,267.16,267.16
2004-11-04,267.67,267.67,267.67,267.67
2004-11-03,267.67,267.67,267.67,267.67
2004-11-02,253.75,253.75,253.75,253.75
2004-11-01,275,275,275,275
2004-10-29,253.78,253.78,253.78,253.78
2004-10-28,253.77,253.77,253.77,253.77
2004-10-27,253.75,253.75,253.75,253.75
2004-10-26,267.67,267.67,267.67,267.67
2004-10-25,253.7,253.7,253.7,253.7
2004-10-22,253.69,253.69,253.69,253.69
2004-10-21,253.68,253.68,253.68,253.68
2004-10-20,253.68,253.68,253.68,253.68
2004-10-19,253.65,253.65,253.65,253.65
2004-10-18,268.42,268.42,268.42,268.42
2004-10-15,268.42,268.42,268.42,268.42
2004-10-14,268.42,268.42,268.42,268.42
2004-10-13,268.42,268.42,268.42,268.42
2004-10-12,268.42,268.42,268.42,268.42
2004-10-11,268.42,268.42,268.42,268.42
2004-10-08,268.42,268.42,268.42,268.42
2004-10-07,268.42,268.42,268.42,268.42
2004-10-06,268.16,268.16,268.16,268.16
2004-10-05,253.6,253.6,253.6,253.6
2004-10-04,253.6,253.6,253.6,253.6
2004-10-01,253.6,253.6,253.6,253.6
2004-09-30,285,285,285,285
2004-09-29,253.55,253.55,253.55,253.55
2004-09-28,253.55,253.55,253.55,253.55
2004-09-27,253.55,253.55,253.55,253.55
2004-09-24,253.5,253.5,253.5,253.5
2004-09-23,253.5,253.5,253.5,253.5
2004-09-22,253.5,253.5,253.5,253.5
2004-09-21,253.55,253.55,253.55,253.55
2004-09-20,253.5,253.5,253.5,253.5
2004-09-17,253.5,253.5,253.5,253.5
2004-09-16,253.5,253.5,253.5,253.5
2004-09-15,254.96,254.96,254.96,254.96
2004-09-14,269.68,269.68,269.68,269.68
2004-09-13,269.68,269.68,269.68,269.68
2004-09-10,269.68,269.68,269.68,269.68
2004-09-09,269.68,269.68,269.68,269.68
2004-09-08,269.68,269.68,269.68,269.68
2004-09-07,269.83,269.83,269.83,269.83
2004-09-06,269.83,269.83,269.83,269.83
2004-09-03,269.98,269.98,269.98,269.98
2004-09-02,270.21,270.21,270.21,270.21
2004-09-01,254.95,254.95,254.95,254.95
2004-08-31,254.95,254.95,254.95,254.95
2004-08-30,254.95,254.95,254.95,254.95
2004-08-27,254.95,254.95,254.95,254.95
2004-08-26,254.9,254.9,254.9,254.9
2004-08-25,254.9,254.9,254.9,254.9
2004-08-24,254.9,254.9,254.9,254.9
2004-08-23,254.75,254.75,254.75,254.75
2004-08-20,254.75,254.75,254.75,254.75
2004-08-19,254.75,254.75,254.75,254.75
2004-08-18,254.8,254.8,254.8,254.8
2004-08-17,270.18,270.18,270.18,270.18
2004-08-16,270.18,270.18,270.18,270.18
2004-08-13,270.18,270.18,270.18,270.18
2004-08-12,270.18,270.18,270.18,270.18
2004-08-11,268.67,268.67,268.67,268.67
2004-08-10,268.67,268.67,268.67,268.67
2004-08-09,268.67,268.67,268.67,268.67
2004-08-06,270.71,270.71,270.71,270.71
2004-08-05,271.86,271.86,271.86,271.86
2004-08-04,271.86,271.86,271.86,271.86
2004-08-03,271.86,271.86,271.86,271.86
2004-08-02,271.36,271.36,271.36,271.36
2004-07-30,271.36,271.36,271.36,271.36
2004-07-29,271.36,271.36,271.36,271.36
2004-07-28,271.36,271.36,271.36,271.36
2004-07-27,271.36,271.36,271.36,271.36
2004-07-26,268.34,268.34,268.34,268.34
2004-07-23,254.4,254.4,254.4,254.4
2004-07-22,254.4,254.4,254.4,254.4
2004-07-21,254.4,254.4,254.4,254.4
2004-07-20,254.4,254.4,254.4,254.4
2004-07-19,254.4,254.4,254.4,254.4
2004-07-16,254.25,254.25,254.25,254.25
2004-07-15,254.25,254.25,254.25,254.25
2004-07-14,254.25,254.25,254.25,254.25
2004-07-13,254.25,254.25,254.25,254.25
2004-07-12,254.25,254.25,254.25,254.25
2004-07-09,254.25,254.25,254.25,254.25
2004-07-08,254.25,254.25,254.25,254.25
2004-07-07,254.25,254.25,254.25,254.25
2004-07-06,254.25,254.25,254.25,254.25
2004-07-05,254.4,254.4,254.4,254.4
2004-07-02,254.4,254.4,254.4,254.4
2004-07-01,254.4,254.4,254.4,254.4
2004-06-30,254.4,254.4,254.4,254.4
2004-06-29,254.4,254.4,254.4,254.4
2004-06-28,254.4,254.4,254.4,254.4
2004-06-25,254.4,254.4,254.4,254.4
2004-06-24,254.4,254.4,254.4,254.4
2004-06-23,254.4,254.4,254.4,254.4
2004-06-22,254.4,254.4,254.4,254.4
2004-06-21,254.4,254.4,254.4,254.4
2004-06-18,254.4,254.4,254.4,254.4
2004-06-17,254.4,254.4,254.4,254.4
2004-06-16,254.4,254.4,254.4,254.4
2004-06-15,254.4,254.4,254.4,254.4
2004-06-14,254.4,254.4,254.4,254.4
2004-06-11,254.4,254.4,254.4,254.4
2004-06-10,254.4,254.4,254.4,254.4
2004-06-09,254.4,254.4,254.4,254.4
2004-06-08,254.4,254.4,254.4,254.4
2004-06-07,254.4,254.4,254.4,254.4
2004-06-04,254.4,254.4,254.4,254.4
2004-06-03,254.4,254.4,254.4,254.4
2004-06-02,254.4,254.4,254.4,254.4
2004-06-01,254.4,254.4,254.4,254.4
2004-05-31,254.4,254.4,254.4,254.4
2004-05-28,254.4,254.4,254.4,254.4
2004-05-27,254.4,254.4,254.4,254.4
2004-05-26,254.4,254.4,254.4,254.4
2004-05-25,254.4,254.4,254.4,254.4
2004-05-24,254.4,254.4,254.4,254.4
2004-05-21,254.4,254.4,254.4,254.4
2004-05-20,254.4,254.4,254.4,254.4
2004-05-19,254.4,254.4,254.4,254.4
2004-05-18,254.4,254.4,254.4,254.4
2004-05-17,254.4,254.4,254.4,254.4
2004-05-14,254.4,254.4,254.4,254.4
2004-05-13,254.4,254.4,254.4,254.4
2004-05-12,254.4,254.4,254.4,254.4
2004-05-11,254.4,254.4,254.4,254.4
2004-05-10,254.4,254.4,254.4,254.4
2004-05-07,254.4,254.4,254.4,254.4
2004-05-06,254.4,254.4,254.4,254.4
2004-05-05,254.4,254.4,254.4,254.4
2004-05-04,254.4,254.4,254.4,254.4
2004-05-03,254.4,254.4,254.4,254.4
2004-04-30,254.4,254.4,254.4,254.4
2004-04-29,254.4,254.4,254.4,254.4
2004-04-28,254.4,254.4,254.4,254.4
2004-04-27,254.4,254.4,254.4,254.4
2004-04-26,254.1,254.1,254.1,254.1
2004-04-23,254.1,254.1,254.1,254.1
2004-04-22,254.1,254.1,254.1,254.1
2004-04-21,254.1,254.1,254.1,254.1
2004-04-20,254.1,254.1,254.1,254.1
2004-04-19,254.1,254.1,254.1,254.1
2004-04-16,254.1,254.1,254.1,254.1
2004-04-15,254.1,254.1,254.1,254.1
2004-04-14,254.1,254.1,254.1,254.1
2004-04-13,254.1,254.1,254.1,254.1
2004-04-12,254.1,254.1,254.1,254.1
2004-04-09,254.1,254.1,254.1,254.1
2004-04-08,254.1,254.1,254.1,254.1
2004-04-07,254.1,254.1,254.1,254.1
2004-04-06,254.1,254.1,254.1,254.1
2004-04-05,254.1,254.1,254.1,254.1
2004-04-02,254.1,254.1,254.1,254.1
2004-04-01,254.1,254.1,254.1,254.1
2004-03-31,254.1,254.1,254.1,254.1
2004-03-30,254.1,254.1,254.1,254.1
2004-03-29,254.1,254.1,254.1,254.1
2004-03-26,254.1,254.1,254.1,254.1
2004-03-25,255.1,255.1,255.1,255.1
2004-03-24,255.1,255.1,255.1,255.1
2004-03-23,255.1,255.1,255.1,255.1
2004-03-22,255.75,255.75,255.75,255.75
2004-03-19,255.75,255.75,255.75,255.75
2004-03-18,255.75,255.75,255.75,255.75
2004-03-17,255.75,255.75,255.75,255.75
2004-03-16,255.75,255.75,255.75,255.75
2004-03-15,255.75,255.75,255.75,255.75
2004-03-12,255.75,255.75,255.75,255.75
2004-03-11,255.75,255.75,255.75,255.75
2004-03-10,255.75,255.75,255.75,255.75
2004-03-09,255.75,255.75,255.75,255.75
2004-03-08,255.75,255.75,255.75,255.75
2004-03-05,255.75,255.75,255.75,255.75
2004-03-04,255.75,255.75,255.75,255.75
2004-03-03,255.75,255.75,255.75,255.75
2004-03-02,255.75,255.75,255.75,255.75
2004-03-01,255.75,255.75,255.75,255.75
2004-02-27,255.75,255.75,255.75,255.75
2004-02-26,255.75,255.75,255.75,255.75
2004-02-25,255.75,255.75,255.75,255.75
2004-02-24,255.75,255.75,255.75,255.75
2004-02-23,255.75,255.75,255.75,255.75
2004-02-20,255.75,255.75,255.75,255.75
2004-02-19,255.75,255.75,255.75,255.75
2004-02-18,255.75,255.75,255.75,255.75
2004-02-17,255.75,255.75,255.75,255.75
2004-02-16,255.75,255.75,255.75,255.75
2004-02-13,255.75,255.75,255.75,255.75
2004-02-12,255.75,255.75,255.75,255.75
2004-02-11,255.75,255.75,255.75,255.75
2004-02-10,255.75,255.75,255.75,255.75
2004-02-09,255.25,255.25,255.25,255.25
2004-02-06,255.05,255.05,255.05,255.05
2004-02-05,255.05,255.05,255.05,255.05
2004-02-04,255.05,255.05,255.05,255.05
2004-02-03,255.05,255.05,255.05,255.05
2004-02-02,255.05,255.05,255.05,255.05
2004-01-30,255.05,255.05,255.05,255.05
2004-01-29,255.05,255.05,255.05,255.05
2004-01-28,255.05,255.05,255.05,255.05
2004-01-27,255.05,255.05,255.05,255.05
2004-01-26,255.05,255.05,255.05,255.05
2004-01-23,255.05,255.05,255.05,255.05
2004-01-22,255.05,255.05,255.05,255.05
2004-01-21,255.05,255.05,255.05,255.05
2004-01-20,255.05,255.05,255.05,255.05
2004-01-19,255.05,255.05,255.05,255.05
2004-01-16,255.05,255.05,255.05,255.05
2004-01-15,255.05,255.05,255.05,255.05
2004-01-14,255.05,255.05,255.05,255.05
2004-01-13,255.05,255.05,255.05,255.05
2004-01-12,255,255,255,255
2004-01-09,255,255,255,255
2004-01-08,255,255,255,255
2004-01-07,257,257,257,257
2004-01-06,257,257,257,257
2004-01-05,257,257,257,257
2004-01-02,257,257,257,257
2003-12-31,257,257,257,257
2003-12-30,257,257,257,257
2003-12-29,257,257,257,257
2003-12-26,257,257,257,257
2003-12-25,257,257,257,257
2003-12-24,257,257,257,257
2003-12-23,257,257,257,257
2003-12-22,257,257,257,257
2003-12-19,257,257,257,257
2003-12-18,257,257,257,257
2003-12-17,257,257,257,257
2003-12-16,257,257,257,257
2003-12-15,257,257,257,257
2003-12-12,257,257,257,257
2003-12-11,257,257,257,257
2003-12-10,257,257,257,257
2003-12-09,257,257,257,257
2003-12-08,257,257,257,257
2003-12-05,257,257,257,257
2003-12-04,257,257,257,257
2003-12-03,257,257,257,257
2003-12-02,257,257,257,257
2003-12-01,257,257,257,257
2003-11-28,257,257,257,257
2003-11-27,257,257,257,257
2003-11-26,257,257,257,257
2003-11-25,257.55,257.55,257.55,257.55
2003-11-24,257.55,257.55,257.55,257.55
2003-11-21,257.55,257.55,257.55,257.55
2003-11-20,257.55,257.55,257.55,257.55
2003-11-19,257.55,257.55,257.55,257.55
2003-11-18,257.55,257.55,257.55,257.55
2003-11-17,257.55,257.55,257.55,257.55
2003-11-14,257.55,257.55,257.55,257.55
2003-11-13,257.55,257.55,257.55,257.55
2003-11-12,257.55,257.55,257.55,257.55
2003-11-11,257.55,257.55,257.55,257.55
2003-11-10,257.55,257.55,257.55,257.55
2003-11-07,257.55,257.55,257.55,257.55
2003-11-06,259.55,259.55,259.55,259.55
2003-11-05,259.55,259.55,259.55,259.55
2003-11-04,259.6,259.6,259.6,259.6
2003-11-03,259.6,259.6,259.6,259.6
2003-10-31,259.6,259.6,259.6,259.6
2003-10-30,259.6,259.6,259.6,259.6
2003-10-29,259.6,259.6,259.6,259.6
2003-10-28,259.6,259.6,259.6,259.6
2003-10-27,259.6,259.6,259.6,259.6
2003-10-24,259.55,259.55,259.55,259.55
2003-10-23,259.55,259.55,259.55,259.55
2003-10-22,259.55,259.55,259.55,259.55
2003-10-21,259.55,259.55,259.55,259.55
2003-10-20,259.55,259.55,259.55,259.55
2003-10-17,259.55,259.55,259.55,259.55
2003-10-16,259.55,259.55,259.55,259.55
2003-10-15,259.55,259.55,259.55,259.55
2003-10-14,259.55,259.55,259.55,259.55
2003-10-13,259.55,259.55,259.55,259.55
2003-10-10,259.5,259.5,259.5,259.5
2003-10-09,259.5,259.5,259.5,259.5
2003-10-08,259.5,259.5,259.5,259.5
2003-10-07,259.5,259.5,259.5,259.5
2003-10-06,259.5,259.5,259.5,259.5
2003-10-03,259.5,259.5,259.5,259.5
2003-10-02,269.2,269.2,269.2,269.2
2003-10-01,265.05,265.05,265.05,265.05
2003-09-30,265.05,265.05,265.05,265.05
2003-09-29,265.05,265.05,265.05,265.05
2003-09-26,265.05,265.05,265.05,265.05
2003-09-25,265.05,265.05,265.05,265.05
2003-09-24,265.05,265.05,265.05,265.05
2003-09-23,265.05,265.05,265.05,265.05
2003-09-22,265.05,265.05,265.05,265.05
2003-09-19,265.05,265.05,265.05,265.05
2003-09-18,265.05,265.05,265.05,265.05
2003-09-17,265,265,265,265
2003-09-16,265,265,265,265
2003-09-15,265,265,265,265
2003-09-12,265,265,265,265
2003-09-11,265,265,265,265
2003-09-10,265,265,265,265
2003-09-09,265,265,265,265
2003-09-08,265,265,265,265
2003-09-05,265,265,265,265
2003-09-04,266.25,266.25,266.25,266.25
2003-09-03,266.25,266.25,266.25,266.25
2003-09-02,266.25,266.25,266.25,266.25
2003-09-01,266.25,266.25,266.25,266.25
2003-08-29,266.25,266.25,266.25,266.25
2003-08-28,266.25,266.25,266.25,266.25
2003-08-27,266.25,266.25,266.25,266.25
2003-08-26,266.25,266.25,266.25,266.25
2003-08-25,266.25,266.25,266.25,266.25
2003-08-22,266.25,266.25,266.25,266.25
2003-08-21,266.25,266.25,266.25,266.25
2003-08-20,266.25,266.25,266.25,266.25
2003-08-19,266.25,266.25,266.25,266.25
2003-08-18,266.25,266.25,266.25,266.25
2003-08-15,266.25,266.25,266.25,266.25
2003-08-14,266.25,266.25,266.25,266.25
2003-08-13,266.25,266.25,266.25,266.25
2003-08-12,266.25,266.25,266.25,266.25
2003-08-11,266.25,266.25,266.25,266.25
2003-08-08,265.7,265.7,265.7,265.7
2003-08-07,265.7,265.7,265.7,265.7
2003-08-06,265.7,265.7,265.7,265.7
2003-08-05,265.7,265.7,265.7,265.7
2003-08-04,265.7,265.7,265.7,265.7
2003-08-01,265.7,265.7,265.7,265.7
2003-07-31,265.7,265.7,265.7,265.7
2003-07-30,265.7,265.7,265.7,265.7
2003-07-29,265.7,265.7,265.7,265.7
2003-07-28,265.7,265.7,265.7,265.7
2003-07-25,265.7,265.7,265.7,265.7
2003-07-24,265.7,265.7,265.7,265.7
2003-07-22,265.7,265.7,265.7,265.7
2003-07-21,259.25,259.25,259.25,259.25
2003-07-18,259.25,259.25,259.25,259.25
2003-07-17,259.25,259.25,259.25,259.25
2003-07-16,259.25,259.25,259.25,259.25
2003-07-15,259.25,259.25,259.25,259.25
2003-07-14,259.25,259.25,259.25,259.25
2003-07-11,259.25,259.25,259.25,259.25
2003-07-10,259.25,259.25,259.25,259.25
2003-07-09,259.25,259.25,259.25,259.25
2003-07-08,266.75,266.75,266.75,266.75
2003-07-07,266.75,266.75,266.75,266.75
2003-07-04,266.75,266.75,266.75,266.75
2003-07-03,266.75,266.75,266.75,266.75
2003-07-02,266.7,266.7,266.7,266.7
2003-07-01,266.7,266.7,266.7,266.7
2003-06-30,266.7,266.7,266.7,266.7
2003-06-27,266.7,266.7,266.7,266.7
2003-06-26,266.7,266.7,266.7,266.7
2003-06-25,266.7,266.7,266.7,266.7
2003-06-24,266.7,266.7,266.7,266.7
2003-06-23,266.7,266.7,266.7,266.7
2003-06-20,266.7,266.7,266.7,266.7
2003-06-19,266.79,266.79,266.79,266.79
2003-06-18,251,251,251,251
2003-06-17,251,251,251,251
2003-06-16,266.75,266.75,266.75,266.75
2003-06-13,261.2,261.2,261.2,261.2
2003-06-12,261.2,261.2,261.2,261.2
2003-06-10,261.2,261.2,261.2,261.2
2003-06-09,261.2,261.2,261.2,261.2
2003-06-06,261.2,261.2,261.2,261.2
2003-06-05,261.2,261.2,261.2,261.2
2003-06-04,261.2,261.2,261.2,261.2
2003-06-03,261.2,261.2,261.2,261.2
2003-06-02,261.2,261.2,261.2,261.2
2003-05-30,261.2,261.2,261.2,261.2
2003-05-29,261.2,261.2,261.2,261.2
2003-05-28,261.2,261.2,261.2,261.2
2003-05-27,261.2,261.2,261.2,261.2
2003-05-26,261.2,261.2,261.2,261.2
2003-05-23,261.2,261.2,261.2,261.2
2003-05-22,267.7,267.7,267.7,267.7
2003-05-21,267.7,267.7,267.7,267.7
2003-05-20,267.7,267.7,267.7,267.7
2003-05-19,267.7,267.7,267.7,267.7
2003-05-16,267.7,267.7,267.7,267.7
2003-05-15,267.7,267.7,267.7,267.7
2003-05-14,267.7,267.7,267.7,267.7
2003-05-13,267.7,267.7,267.7,267.7
2003-05-12,267.7,267.7,267.7,267.7
2003-05-09,267.7,267.7,267.7,267.7
2003-05-08,267.7,267.7,267.7,267.7
2003-05-07,267.7,267.7,267.7,267.7
2003-05-06,267.85,267.85,267.85,267.85
2003-05-05,267.85,267.85,267.85,267.85
2003-05-02,267.85,267.85,267.85,267.85
2003-05-01,267.85,267.85,267.85,267.85
2003-04-30,267.85,267.85,267.85,267.85
2003-04-29,267.85,267.85,267.85,267.85
2003-04-28,267.85,267.85,267.85,267.85
2003-04-25,267.85,267.85,267.85,267.85
2003-04-24,267.85,267.85,267.85,267.85
2003-04-23,267.85,267.85,267.85,267.85
2003-04-22,267.85,267.85,267.85,267.85
2003-04-21,267.85,267.85,267.85,267.85
2003-04-18,267.85,267.85,267.85,267.85
2003-04-17,267.85,267.85,267.85,267.85
2003-04-16,267.85,267.85,267.85,267.85
2003-04-15,267.85,267.85,267.85,267.85
2003-04-14,267.85,267.85,267.85,267.85
2003-04-11,267.85,267.85,267.85,267.85
2003-04-10,267.85,267.85,267.85,267.85
2003-04-09,267.85,267.85,267.85,267.85
2003-04-08,267.85,267.85,267.85,267.85
2003-04-07,267.85,267.85,267.85,267.85
2003-04-04,267.85,267.85,267.85,267.85
2003-04-03,267.85,267.85,267.85,267.85
2003-04-02,267.85,267.85,267.85,267.85
2003-04-01,267.85,267.85,267.85,267.85
2003-03-31,267.85,267.85,267.85,267.85
2003-03-28,267.85,267.85,267.85,267.85
2003-03-27,267.85,267.85,267.85,267.85
2003-03-26,267.85,267.85,267.85,267.85
2003-03-25,267.85,267.85,267.85,267.85
2003-03-24,267.85,267.85,267.85,267.85
2003-03-21,267.85,267.85,267.85,267.85
2003-03-20,267.85,267.85,267.85,267.85
2003-03-19,267.85,267.85,267.85,267.85
2003-03-18,267.85,267.85,267.85,267.85
2003-03-17,267.85,267.85,267.85,267.85
2003-03-14,267.85,267.85,267.85,267.85
2003-03-13,267.85,267.85,267.85,267.85
2003-03-12,267.85,267.85,267.85,267.85
2003-03-11,267.85,267.85,267.85,267.85
2003-03-10,267.8,267.8,267.8,267.8
2003-03-07,267.8,267.8,267.8,267.8
2003-03-06,267.8,267.8,267.8,267.8
2003-03-05,267.8,267.8,267.8,267.8
2003-03-04,267.8,267.8,267.8,267.8
2003-03-03,267.8,267.8,267.8,267.8
2003-02-28,267.8,267.8,267.8,267.8
2003-02-27,267.8,267.8,267.8,267.8
2003-02-26,267.8,267.8,267.8,267.8
2003-02-25,267.8,267.8,267.8,267.8
2003-02-24,267.8,267.8,267.8,267.8
2003-02-21,267.8,267.8,267.8,267.8
2003-02-20,267.8,267.8,267.8,267.8
2003-02-19,267.7,267.7,267.7,267.7
2003-02-18,267.7,267.7,267.7,267.7
2003-02-17,267.7,267.7,267.7,267.7
2003-02-14,267.7,267.7,267.7,267.7
2003-02-13,267.7,267.7,267.7,267.7
2003-02-12,267.7,267.7,267.7,267.7
2003-02-11,267.7,267.7,267.7,267.7
2003-02-10,267.7,267.7,267.7,267.7
2003-02-07,267.7,267.7,267.7,267.7
2003-02-06,267.7,267.7,267.7,267.7
2003-02-05,267.7,267.7,267.7,267.7
2003-02-04,267.7,267.7,267.7,267.7
2003-02-03,267.7,267.7,267.7,267.7
2003-01-31,267.7,267.7,267.7,267.7
2003-01-30,267.7,267.7,267.7,267.7
2003-01-29,267.7,267.7,267.7,267.7
2003-01-28,267.7,267.7,267.7,267.7
2003-01-27,267.7,267.7,267.7,267.7
2003-01-24,267.6,267.6,267.6,267.6
2003-01-23,267.15,267.15,267.15,267.15
2003-01-22,267.15,267.15,267.15,267.15
2003-01-21,267.15,267.15,267.15,267.15
2003-01-20,267.15,267.15,267.15,267.15
2003-01-17,267.15,267.15,267.15,267.15
2003-01-16,267.25,267.25,267.25,267.25
2003-01-15,267.25,267.25,267.25,267.25
2003-01-14,267.25,267.25,267.25,267.25
2003-01-13,267.25,267.25,267.25,267.25
2003-01-10,261.75,261.75,261.75,261.75
2003-01-09,261.75,261.75,261.75,261.75
2003-01-08,261.75,261.75,261.75,261.75
2003-01-07,261.75,261.75,261.75,261.75
2003-01-06,261.75,261.75,261.75,261.75
2003-01-03,261.75,261.75,261.75,261.75
2003-01-02,261.75,261.75,261.75,261.75
2003-01-01,261.75,261.75,261.75,261.75
