Date,Open,High,Low,Close
2022-03-02,0.8987,0.9044,0.8971,0.8991
2022-03-01,0.8915,0.9018,0.8902,0.8988
2022-02-28,0.8946,0.8991,0.8891,0.8912
2022-02-25,0.8935,0.8956,0.8869,0.8874
2022-02-24,0.884,0.9004,0.8839,0.8935
2022-02-23,0.8829,0.8849,0.8803,0.8841
2022-02-22,0.884,0.886,0.8797,0.8829
2022-02-21,0.8838,0.8845,0.8779,0.8841
2022-02-18,0.8802,0.8839,0.8789,0.8832
2022-02-17,0.8792,0.8832,0.8782,0.8802
2022-02-16,0.8803,0.8815,0.8775,0.8792
2022-02-15,0.8845,0.8849,0.8796,0.8805
2022-02-14,0.8815,0.8866,0.8796,0.8845
2022-02-11,0.8751,0.8827,0.8748,0.881
2022-02-10,0.875,0.8792,0.8699,0.8751
2022-02-09,0.8759,0.8771,0.8735,0.8754
2022-02-08,0.8739,0.8776,0.8734,0.8761
2022-02-07,0.872,0.8761,0.872,0.874
2022-02-04,0.8742,0.8764,0.8708,0.8736
2022-02-03,0.8846,0.8876,0.8732,0.8742
2022-02-02,0.8874,0.8876,0.8826,0.8847
2022-02-01,0.8902,0.8912,0.8866,0.8873
2022-01-31,0.8972,0.8978,0.889,0.8901
2022-01-28,0.8972,0.8993,0.8949,0.8973
2022-01-27,0.8897,0.8984,0.8893,0.8973
2022-01-26,0.8849,0.8901,0.8841,0.8898
2022-01-25,0.8831,0.8879,0.8826,0.8849
2022-01-24,0.8816,0.8858,0.8814,0.883
2022-01-21,0.884,0.8849,0.8803,0.8817
2022-01-20,0.8817,0.8848,0.8796,0.8841
2022-01-19,0.8834,0.8836,0.8805,0.8817
2022-01-18,0.8766,0.8839,0.8755,0.8829
2022-01-17,0.8762,0.8779,0.8745,0.8765
2022-01-14,0.8729,0.8774,0.8708,0.876
2022-01-13,0.8739,0.8745,0.8709,0.873
2022-01-12,0.8799,0.8808,0.8731,0.8739
2022-01-11,0.883,0.884,0.8791,0.8798
2022-01-10,0.8809,0.8862,0.8802,0.883
2022-01-07,0.8855,0.8858,0.8799,0.8802
2022-01-06,0.8839,0.8862,0.8824,0.8855
2022-01-05,0.886,0.8868,0.8813,0.8838
2022-01-04,0.8852,0.8872,0.8831,0.886
2022-01-03,0.8799,0.8866,0.8787,0.8853
2021-12-31,0.8833,0.8848,0.8782,0.8796
2021-12-30,0.8811,0.8851,0.8803,0.8831
2021-12-29,0.8842,0.8871,0.8796,0.8811
2021-12-28,0.8829,0.8858,0.8823,0.8841
2021-12-27,0.8836,0.8848,0.8822,0.8828
2021-12-24,0.8827,0.8847,0.8815,0.8835
2021-12-23,0.883,0.8858,0.8817,0.8827
2021-12-22,0.8866,0.8878,0.8816,0.883
2021-12-21,0.8868,0.8881,0.8847,0.8862
2021-12-20,0.8896,0.8902,0.8846,0.8868
2021-12-17,0.8826,0.8901,0.8811,0.8897
2021-12-16,0.8861,0.8865,0.8802,0.8827
2021-12-15,0.8882,0.8912,0.885,0.886
2021-12-14,0.8862,0.8887,0.8829,0.8882
2021-12-13,0.8837,0.8882,0.8834,0.8862
2021-12-10,0.8855,0.8878,0.883,0.884
2021-12-09,0.8817,0.8867,0.8813,0.8855
2021-12-08,0.8876,0.8878,0.8806,0.8817
2021-12-07,0.886,0.8907,0.8849,0.8875
2021-12-06,0.8834,0.8876,0.8834,0.886
2021-12-03,0.8849,0.8877,0.8823,0.8838
2021-12-02,0.8834,0.8854,0.8812,0.8849
2021-12-01,0.882,0.8848,0.8803,0.8834
2021-11-30,0.8856,0.8901,0.8785,0.882
2021-11-29,0.8848,0.8883,0.8837,0.8857
2021-11-26,0.8922,0.8925,0.8825,0.8835
2021-11-25,0.8929,0.8929,0.8904,0.8923
2021-11-24,0.8891,0.894,0.8884,0.8931
2021-11-23,0.89,0.8908,0.8869,0.8891
2021-11-22,0.8856,0.8905,0.8856,0.89
2021-11-19,0.8795,0.8889,0.8792,0.8858
2021-11-18,0.8835,0.8839,0.8791,0.8795
2021-11-17,0.8834,0.8878,0.8824,0.8835
2021-11-16,0.8797,0.8843,0.8782,0.8834
2021-11-15,0.8733,0.8806,0.8723,0.8796
2021-11-12,0.8731,0.8747,0.8724,0.8733
2021-11-11,0.871,0.8739,0.8704,0.8733
2021-11-10,0.8626,0.8714,0.8623,0.8711
2021-11-09,0.8629,0.8644,0.8614,0.8626
2021-11-08,0.8655,0.8658,0.8624,0.8629
2021-11-05,0.8656,0.8686,0.864,0.8645
2021-11-04,0.8612,0.8675,0.8608,0.8655
2021-11-03,0.8637,0.865,0.8609,0.8612
2021-11-02,0.8615,0.864,0.861,0.8637
2021-11-01,0.8652,0.8662,0.8614,0.8617
2021-10-29,0.8562,0.867,0.8554,0.8649
2021-10-28,0.8617,0.8635,0.8552,0.8561
2021-10-27,0.8623,0.8632,0.8601,0.8617
2021-10-26,0.8616,0.8632,0.8601,0.8625
2021-10-25,0.8589,0.8628,0.8572,0.8615
2021-10-22,0.8604,0.8606,0.858,0.8585
2021-10-21,0.8584,0.8606,0.8571,0.8604
2021-10-20,0.8596,0.8609,0.8577,0.8583
2021-10-19,0.8613,0.8615,0.8569,0.8596
2021-10-18,0.8623,0.8643,0.8603,0.8613
2021-10-15,0.8622,0.863,0.8606,0.8621
2021-10-14,0.8626,0.8633,0.8602,0.8624
2021-10-13,0.8675,0.8676,0.8622,0.8626
2021-10-12,0.8655,0.8678,0.8643,0.8674
2021-10-11,0.8638,0.8659,0.863,0.8657
2021-10-08,0.8658,0.8665,0.8632,0.8644
2021-10-07,0.8654,0.866,0.8641,0.8657
2021-10-06,0.8619,0.8674,0.8617,0.8653
2021-10-05,0.8604,0.8636,0.8603,0.8623
2021-10-04,0.8626,0.8631,0.8591,0.8605
2021-10-01,0.8635,0.8649,0.8615,0.8624
2021-09-30,0.8624,0.8649,0.8612,0.8634
2021-09-29,0.856,0.8629,0.8554,0.8623
2021-09-28,0.855,0.8571,0.8544,0.856
2021-09-27,0.853,0.8558,0.8527,0.8551
2021-09-24,0.852,0.8547,0.8512,0.8536
2021-09-23,0.8558,0.856,0.851,0.852
2021-09-22,0.8529,0.8559,0.8506,0.8556
2021-09-21,0.8529,0.8537,0.851,0.8529
2021-09-20,0.8524,0.8547,0.852,0.8528
2021-09-17,0.8502,0.853,0.8482,0.8528
2021-09-16,0.8464,0.851,0.8459,0.85
2021-09-15,0.8471,0.8476,0.8451,0.8463
2021-09-14,0.8466,0.8475,0.8441,0.8472
2021-09-13,0.8465,0.8497,0.8462,0.8468
2021-09-10,0.8456,0.8469,0.8438,0.8464
2021-09-09,0.8463,0.8471,0.8444,0.8456
2021-09-08,0.8446,0.8474,0.8438,0.8464
2021-09-07,0.8425,0.8448,0.8414,0.8446
2021-09-06,0.8419,0.8436,0.8412,0.8425
2021-09-03,0.8421,0.8428,0.8397,0.8416
2021-09-02,0.8446,0.8451,0.842,0.8421
2021-09-01,0.8468,0.848,0.8434,0.8447
2021-08-31,0.8477,0.8479,0.8441,0.8469
2021-08-30,0.848,0.8487,0.8467,0.8477
2021-08-27,0.851,0.8522,0.8473,0.8479
2021-08-26,0.8495,0.8514,0.8489,0.851
2021-08-25,0.8508,0.8529,0.8492,0.8495
2021-08-24,0.8514,0.8528,0.85,0.8507
2021-08-23,0.8552,0.8553,0.851,0.8515
2021-08-20,0.8566,0.8574,0.8543,0.8549
2021-08-19,0.8539,0.8572,0.8535,0.8565
2021-08-18,0.854,0.8552,0.8516,0.8539
2021-08-17,0.8492,0.8542,0.8485,0.854
2021-08-16,0.8479,0.8499,0.8474,0.849
2021-08-13,0.8527,0.8527,0.8471,0.848
2021-08-12,0.852,0.853,0.8512,0.8525
2021-08-11,0.8533,0.8543,0.8508,0.8519
2021-08-10,0.852,0.854,0.8515,0.8533
2021-08-09,0.8502,0.8522,0.8497,0.8519
2021-08-06,0.8451,0.8508,0.8449,0.8502
2021-08-05,0.8449,0.8455,0.8433,0.8451
2021-08-04,0.8429,0.8451,0.8403,0.8449
2021-08-03,0.8426,0.8437,0.8408,0.8431
2021-08-02,0.8429,0.8433,0.8405,0.8426
2021-07-30,0.8412,0.8438,0.8397,0.8424
2021-07-29,0.8443,0.8446,0.8408,0.8412
2021-07-28,0.8463,0.8494,0.8439,0.8444
2021-07-27,0.8472,0.8497,0.8445,0.8464
2021-07-26,0.8491,0.8502,0.8462,0.8474
2021-07-23,0.8497,0.8508,0.8483,0.8495
2021-07-22,0.848,0.8506,0.8453,0.8496
2021-07-21,0.8488,0.851,0.8471,0.8479
2021-07-20,0.8474,0.8507,0.8471,0.8489
2021-07-19,0.8469,0.8501,0.8457,0.8475
2021-07-16,0.8465,0.8481,0.8458,0.847
2021-07-15,0.8449,0.8478,0.8438,0.8465
2021-07-14,0.8492,0.8495,0.8446,0.8449
2021-07-13,0.8431,0.8495,0.8421,0.8492
2021-07-12,0.8424,0.8449,0.8417,0.8431
2021-07-09,0.8444,0.8457,0.8416,0.8421
2021-07-08,0.8481,0.8487,0.8426,0.8444
2021-07-07,0.8458,0.8488,0.8447,0.8481
2021-07-06,0.843,0.847,0.8407,0.8458
2021-07-05,0.8431,0.8438,0.8417,0.843
2021-07-02,0.8439,0.847,0.8421,0.8428
2021-07-01,0.8433,0.8448,0.8414,0.8439
2021-06-30,0.8406,0.8443,0.8397,0.8434
2021-06-29,0.8385,0.8419,0.8381,0.8406
2021-06-28,0.8379,0.8402,0.8371,0.8385
2021-06-25,0.8381,0.8385,0.835,0.8379
2021-06-24,0.8385,0.8391,0.8364,0.8381
2021-06-23,0.8376,0.8396,0.8354,0.8385
2021-06-22,0.8392,0.8417,0.8366,0.8376
2021-06-21,0.8426,0.8441,0.8388,0.8392
2021-06-18,0.8398,0.8441,0.8385,0.8431
2021-06-17,0.8337,0.8409,0.8329,0.8398
2021-06-16,0.8246,0.8338,0.824,0.8338
2021-06-15,0.8252,0.8264,0.8231,0.8247
2021-06-14,0.8258,0.8269,0.8244,0.8252
2021-06-11,0.8217,0.827,0.82,0.8259
2021-06-10,0.821,0.8236,0.82,0.8217
2021-06-09,0.8215,0.8217,0.8184,0.8211
2021-06-08,0.8204,0.8221,0.82,0.8215
2021-06-07,0.8219,0.8234,0.8195,0.8204
2021-06-04,0.8245,0.8262,0.8206,0.8219
2021-06-03,0.819,0.8253,0.8186,0.8247
2021-06-02,0.8188,0.8221,0.8178,0.819
2021-06-01,0.8179,0.819,0.816,0.8188
2021-05-31,0.8202,0.8208,0.8175,0.8179
2021-05-28,0.8201,0.8243,0.8193,0.8202
2021-05-27,0.8202,0.8214,0.8186,0.82
2021-05-26,0.8163,0.8209,0.8154,0.8202
2021-05-25,0.8188,0.819,0.8152,0.8162
2021-05-24,0.8212,0.8216,0.8176,0.8187
2021-05-21,0.8178,0.8223,0.817,0.821
2021-05-20,0.8217,0.8218,0.8177,0.8178
2021-05-19,0.8182,0.8224,0.8166,0.8215
2021-05-18,0.8229,0.823,0.8174,0.8182
2021-05-17,0.8238,0.8247,0.8217,0.8229
2021-05-14,0.8279,0.8285,0.823,0.8236
2021-05-13,0.8285,0.8298,0.8259,0.8279
2021-05-12,0.8232,0.8289,0.8229,0.8283
2021-05-11,0.8245,0.8249,0.8209,0.8232
2021-05-10,0.8223,0.8246,0.8211,0.8244
2021-05-07,0.8288,0.8297,0.8215,0.8221
2021-05-06,0.833,0.8339,0.8283,0.8288
2021-05-05,0.8325,0.8343,0.8314,0.8329
2021-05-04,0.8289,0.8334,0.8288,0.8323
2021-05-03,0.8312,0.8325,0.8281,0.829
2021-04-30,0.8254,0.8323,0.8246,0.832
2021-04-29,0.8247,0.8263,0.823,0.8251
2021-04-28,0.827,0.8295,0.824,0.8248
2021-04-27,0.8279,0.8295,0.8269,0.8271
2021-04-26,0.8269,0.8292,0.8253,0.8278
2021-04-23,0.8323,0.8325,0.8264,0.8265
2021-04-22,0.8309,0.8339,0.8285,0.8323
2021-04-21,0.8308,0.8335,0.8303,0.8309
2021-04-20,0.8309,0.8318,0.8278,0.8309
2021-04-19,0.8345,0.8374,0.83,0.8309
2021-04-16,0.8357,0.8369,0.8337,0.8344
2021-04-15,0.8348,0.8364,0.8337,0.8357
2021-04-14,0.837,0.8371,0.8342,0.8348
2021-04-13,0.8396,0.8419,0.8364,0.8369
2021-04-12,0.841,0.8424,0.839,0.8396
2021-04-09,0.8395,0.8427,0.8389,0.8402
2021-04-08,0.8427,0.8431,0.8384,0.8394
2021-04-07,0.8421,0.8431,0.8392,0.8424
2021-04-06,0.8465,0.8478,0.8419,0.842
2021-04-05,0.8503,0.852,0.846,0.8466
2021-04-02,0.8492,0.8512,0.8484,0.8501
2021-04-01,0.8525,0.8538,0.8489,0.8492
2021-03-31,0.8536,0.8545,0.8503,0.8526
2021-03-30,0.8501,0.8539,0.8493,0.8536
2021-03-29,0.8479,0.8503,0.8477,0.8501
2021-03-26,0.8501,0.8502,0.8471,0.8479
2021-03-25,0.8466,0.8502,0.8454,0.8501
2021-03-24,0.8439,0.8468,0.8436,0.8466
2021-03-23,0.8381,0.8445,0.8374,0.8439
2021-03-22,0.8404,0.8424,0.837,0.8379
2021-03-19,0.8393,0.8422,0.8376,0.8401
2021-03-18,0.8348,0.8399,0.8341,0.8393
2021-03-17,0.84,0.8414,0.8343,0.8348
2021-03-16,0.8383,0.8416,0.8367,0.8402
2021-03-15,0.8367,0.8396,0.8355,0.8383
2021-03-12,0.8346,0.8397,0.8341,0.8366
2021-03-11,0.8385,0.8392,0.834,0.8343
2021-03-10,0.8404,0.8426,0.8382,0.8385
2021-03-09,0.8441,0.845,0.8392,0.8404
2021-03-08,0.8388,0.8444,0.838,0.8443
2021-03-05,0.8356,0.8408,0.8348,0.8391
2021-03-04,0.8289,0.8361,0.8287,0.8356
2021-03-03,0.827,0.8304,0.8255,0.8289
2021-03-02,0.83,0.834,0.8268,0.8271
2021-03-01,0.8279,0.8315,0.8263,0.83
2021-02-26,0.8213,0.8291,0.8206,0.8281
2021-02-25,0.8221,0.8227,0.8168,0.8212
2021-02-24,0.8231,0.8259,0.8213,0.8222
2021-02-23,0.8227,0.8241,0.821,0.8231
2021-02-22,0.8253,0.8271,0.8217,0.8227
2021-02-19,0.8271,0.8277,0.8234,0.8252
2021-02-18,0.8307,0.8309,0.8268,0.8272
2021-02-17,0.8261,0.8318,0.8257,0.8307
2021-02-16,0.8245,0.8268,0.8217,0.826
2021-02-15,0.8249,0.8254,0.8234,0.8244
2021-02-12,0.8244,0.8278,0.824,0.8251
2021-02-11,0.8253,0.8256,0.8231,0.8244
2021-02-10,0.8252,0.8259,0.8234,0.8253
2021-02-09,0.83,0.8303,0.8249,0.8252
2021-02-08,0.8305,0.8321,0.8287,0.83
2021-02-05,0.8359,0.8367,0.8298,0.8303
2021-02-04,0.831,0.8364,0.8303,0.836
2021-02-03,0.8303,0.8332,0.8298,0.831
2021-02-02,0.8293,0.8326,0.8272,0.8304
2021-02-01,0.8238,0.8297,0.8234,0.8292
2021-01-29,0.825,0.827,0.8226,0.824
2021-01-28,0.8258,0.8279,0.8236,0.8249
2021-01-27,0.8224,0.8294,0.8217,0.8257
2021-01-26,0.8239,0.8259,0.8213,0.8224
2021-01-25,0.8219,0.8254,0.8208,0.8238
2021-01-22,0.8221,0.823,0.8203,0.8219
2021-01-21,0.8261,0.8263,0.8214,0.8221
2021-01-20,0.8245,0.8281,0.8225,0.8261
2021-01-19,0.828,0.8283,0.8234,0.8246
2021-01-18,0.8275,0.8296,0.8271,0.828
2021-01-15,0.8227,0.8283,0.8221,0.8279
2021-01-14,0.8225,0.8257,0.8211,0.8225
2021-01-13,0.8191,0.8238,0.8181,0.8226
2021-01-12,0.8229,0.824,0.819,0.8192
2021-01-11,0.8186,0.8243,0.8179,0.823
2021-01-08,0.8148,0.8202,0.814,0.8184
2021-01-07,0.8113,0.8167,0.8099,0.8149
2021-01-06,0.8133,0.8153,0.8098,0.8113
2021-01-05,0.8166,0.8166,0.8126,0.8132
2021-01-04,0.8176,0.8181,0.8124,0.8164
2021-01-01,0.8238,0.8238,0.8238,0.8238
2020-12-31,0.8132,0.8191,0.8124,0.8187
2020-12-30,0.8165,0.8166,0.8123,0.8132
2020-12-29,0.8186,0.8192,0.8146,0.8164
2020-12-28,0.8196,0.821,0.8163,0.8186
2020-12-25,0.8206,0.8221,0.8189,0.8193
2020-12-24,0.8205,0.8213,0.8186,0.8206
2020-12-23,0.8222,0.8228,0.8182,0.8206
2020-12-22,0.8168,0.8229,0.8158,0.8222
2020-12-21,0.8169,0.8244,0.8161,0.8168
2020-12-18,0.8152,0.818,0.8148,0.8159
2020-12-17,0.8198,0.8203,0.8148,0.8152
2020-12-16,0.8229,0.8248,0.8188,0.8198
2020-12-15,0.8235,0.825,0.8217,0.8229
2020-12-14,0.8244,0.8254,0.8212,0.8234
2020-12-11,0.824,0.8261,0.8221,0.8256
2020-12-10,0.8276,0.8282,0.8224,0.8239
2020-12-09,0.8263,0.8293,0.8231,0.8277
2020-12-08,0.8258,0.8268,0.8241,0.8263
2020-12-07,0.8245,0.828,0.8219,0.8259
2020-12-04,0.8234,0.8258,0.8211,0.825
2020-12-03,0.8254,0.8264,0.8213,0.8235
2020-12-02,0.8285,0.8306,0.8251,0.8255
2020-12-01,0.8384,0.8385,0.828,0.8285
2020-11-30,0.8363,0.8387,0.833,0.8383
2020-11-27,0.8395,0.8399,0.8358,0.8359
2020-11-26,0.8392,0.8414,0.8374,0.8394
2020-11-25,0.8411,0.8417,0.8382,0.8393
2020-11-24,0.8445,0.8449,0.8406,0.8409
2020-11-23,0.8437,0.8475,0.8399,0.8446
2020-11-20,0.8421,0.8439,0.8409,0.8436
2020-11-19,0.8436,0.8463,0.8416,0.8421
2020-11-18,0.843,0.844,0.8409,0.8436
2020-11-17,0.8438,0.8444,0.8407,0.843
2020-11-16,0.8454,0.8465,0.8425,0.8436
2020-11-13,0.8471,0.8476,0.8448,0.8451
2020-11-12,0.8492,0.8505,0.8458,0.8471
2020-11-11,0.8468,0.8515,0.845,0.8491
2020-11-10,0.8466,0.8489,0.8443,0.8464
2020-11-09,0.8417,0.8479,0.8389,0.8466
2020-11-06,0.8459,0.8479,0.8409,0.8422
2020-11-05,0.8528,0.8539,0.8431,0.8455
2020-11-04,0.8537,0.8618,0.8497,0.8529
2020-11-03,0.859,0.8596,0.8518,0.8537
2020-11-02,0.8578,0.8605,0.8578,0.8591
2020-10-30,0.8567,0.8592,0.8544,0.8585
2020-10-29,0.8514,0.8584,0.8504,0.8566
2020-10-28,0.8478,0.8534,0.8476,0.8514
2020-10-27,0.8468,0.848,0.8446,0.8478
2020-10-26,0.8434,0.8473,0.8431,0.8469
2020-10-23,0.8462,0.8484,0.8428,0.8431
2020-10-22,0.843,0.8466,0.8426,0.8461
2020-10-21,0.8459,0.846,0.8417,0.8432
2020-10-20,0.8497,0.8504,0.8445,0.8459
2020-10-19,0.8532,0.8545,0.8479,0.8499
2020-10-16,0.8542,0.8552,0.8513,0.8533
2020-10-15,0.8513,0.8556,0.8504,0.8542
2020-10-14,0.8514,0.8533,0.8495,0.8513
2020-10-13,0.8466,0.8525,0.8463,0.8514
2020-10-12,0.8461,0.8485,0.8455,0.8465
2020-10-09,0.8505,0.8509,0.8451,0.8456
2020-10-08,0.8502,0.8523,0.8487,0.8504
2020-10-07,0.8523,0.8529,0.8487,0.8502
2020-10-06,0.8488,0.8524,0.8469,0.8523
2020-10-05,0.8536,0.8542,0.8476,0.8487
2020-10-02,0.8513,0.855,0.851,0.8536
2020-10-01,0.8533,0.8535,0.8496,0.8512
2020-09-30,0.8516,0.8558,0.8507,0.8533
2020-09-29,0.8572,0.8576,0.8513,0.8515
2020-09-28,0.8593,0.861,0.8561,0.8572
2020-09-25,0.8569,0.8612,0.8558,0.8597
2020-09-24,0.8576,0.8602,0.8556,0.8567
2020-09-23,0.8541,0.8583,0.8533,0.8576
2020-09-22,0.8496,0.8553,0.8493,0.8542
2020-09-21,0.8441,0.8525,0.8423,0.8496
2020-09-18,0.844,0.8456,0.8424,0.8447
2020-09-17,0.8464,0.8521,0.8436,0.844
2020-09-16,0.8439,0.8484,0.8415,0.8464
2020-09-15,0.8429,0.8447,0.8403,0.8441
2020-09-14,0.8446,0.8454,0.8412,0.8426
2020-09-11,0.8465,0.8466,0.8421,0.8441
2020-09-10,0.8474,0.8475,0.8391,0.8464
2020-09-09,0.8489,0.8509,0.845,0.8473
2020-09-08,0.8463,0.85,0.8454,0.8492
2020-09-07,0.8451,0.8466,0.8439,0.8462
2020-09-04,0.8439,0.8489,0.8428,0.8447
2020-09-03,0.8438,0.8483,0.8428,0.8439
2020-09-02,0.8396,0.8459,0.8382,0.8436
2020-09-01,0.8378,0.8403,0.8325,0.8395
2020-08-31,0.8404,0.8415,0.8357,0.8378
2020-08-28,0.8459,0.8467,0.8389,0.84
2020-08-27,0.8453,0.8502,0.8402,0.8459
2020-08-26,0.845,0.8495,0.8446,0.8453
2020-08-25,0.848,0.8487,0.8443,0.845
2020-08-24,0.8484,0.8487,0.8439,0.8483
2020-08-21,0.8432,0.8508,0.8415,0.8477
2020-08-20,0.8447,0.8474,0.8425,0.8431
2020-08-19,0.8382,0.8454,0.8366,0.8448
2020-08-18,0.8424,0.8428,0.8357,0.8382
2020-08-17,0.8446,0.8454,0.8417,0.8425
2020-08-14,0.8464,0.8487,0.8438,0.8444
2020-08-13,0.8485,0.8489,0.8428,0.8465
2020-08-12,0.8518,0.8539,0.8464,0.8487
2020-08-11,0.852,0.8531,0.8469,0.8518
2020-08-10,0.8484,0.8521,0.8473,0.852
2020-08-07,0.842,0.8507,0.8414,0.8484
2020-08-06,0.843,0.8462,0.8392,0.842
2020-08-05,0.8474,0.848,0.8399,0.843
2020-08-04,0.85,0.8532,0.847,0.8473
2020-08-03,0.8487,0.855,0.8476,0.8502
2020-07-31,0.8442,0.8504,0.8397,0.849
2020-07-30,0.8484,0.8525,0.844,0.8441
2020-07-29,0.8534,0.8537,0.847,0.8481
2020-07-28,0.8509,0.8548,0.8493,0.8536
2020-07-27,0.8587,0.8594,0.8488,0.851
2020-07-24,0.8623,0.8635,0.8577,0.858
2020-07-23,0.864,0.8666,0.86,0.8624
2020-07-22,0.8676,0.8691,0.862,0.8644
2020-07-21,0.8736,0.8755,0.8665,0.8676
2020-07-20,0.8765,0.8771,0.872,0.8737
2020-07-17,0.8785,0.879,0.8738,0.8751
2020-07-16,0.8764,0.8795,0.8739,0.8784
2020-07-15,0.8772,0.8779,0.8732,0.8763
2020-07-14,0.8817,0.8831,0.8765,0.8774
2020-07-13,0.885,0.8852,0.8791,0.8816
2020-07-10,0.8863,0.8886,0.883,0.885
2020-07-09,0.8827,0.8866,0.8794,0.8862
2020-07-08,0.8871,0.888,0.8809,0.8826
2020-07-07,0.8844,0.8882,0.8824,0.8872
2020-07-06,0.8896,0.8897,0.8813,0.8843
2020-07-03,0.8897,0.8914,0.8886,0.889
2020-07-02,0.8888,0.8911,0.8847,0.8898
2020-07-01,0.8903,0.8941,0.8869,0.8888
2020-06-30,0.8896,0.8936,0.8879,0.8903
2020-06-29,0.8908,0.8916,0.8858,0.8896
2020-06-26,0.8913,0.8933,0.8897,0.8914
2020-06-25,0.8889,0.8937,0.888,0.8915
2020-06-24,0.8843,0.8891,0.8829,0.8888
2020-06-23,0.8882,0.8903,0.8811,0.8844
2020-06-22,0.8941,0.8954,0.8873,0.8881
2020-06-19,0.8924,0.8954,0.8885,0.8947
2020-06-18,0.8894,0.894,0.8878,0.8926
2020-06-17,0.8878,0.8924,0.8854,0.8893
2020-06-16,0.8832,0.8907,0.8808,0.8878
2020-06-15,0.8893,0.8908,0.8823,0.8831
2020-06-12,0.8851,0.8919,0.8818,0.8885
2020-06-11,0.8793,0.886,0.8769,0.8851
2020-06-10,0.8817,0.8832,0.8755,0.8795
2020-06-09,0.8852,0.8897,0.8799,0.882
2020-06-08,0.8859,0.8875,0.8834,0.8855
2020-06-05,0.882,0.8867,0.8784,0.8861
2020-06-04,0.8902,0.8933,0.8801,0.882
2020-06-03,0.8951,0.8956,0.8883,0.8902
2020-06-02,0.8979,0.8997,0.8932,0.8952
2020-06-01,0.9012,0.9013,0.8965,0.8981
2020-05-29,0.9028,0.9034,0.8972,0.901
2020-05-28,0.9087,0.9099,0.9014,0.9028
2020-05-27,0.9105,0.9146,0.9065,0.9087
2020-05-26,0.9175,0.9182,0.9094,0.9106
2020-05-25,0.9173,0.92,0.9162,0.9174
2020-05-22,0.9133,0.9187,0.9124,0.9174
2020-05-21,0.9108,0.9144,0.9083,0.9132
2020-05-20,0.9151,0.916,0.9091,0.9109
2020-05-19,0.9164,0.9173,0.911,0.9155
2020-05-18,0.9246,0.926,0.9151,0.9164
2020-05-15,0.9255,0.9269,0.9216,0.9246
2020-05-14,0.9244,0.9281,0.9238,0.9255
2020-05-13,0.9219,0.925,0.9177,0.9245
2020-05-12,0.9254,0.9273,0.9187,0.9219
2020-05-11,0.9227,0.9259,0.9216,0.9253
2020-05-08,0.9231,0.9247,0.9194,0.9225
2020-05-07,0.9264,0.9289,0.9229,0.923
2020-05-06,0.9225,0.9275,0.9218,0.9264
2020-05-05,0.9169,0.9238,0.9152,0.9228
2020-05-04,0.9107,0.9179,0.9107,0.9168
2020-05-01,0.9128,0.9146,0.9076,0.9107
2020-04-30,0.9198,0.9232,0.9114,0.9127
2020-04-29,0.9243,0.9245,0.9186,0.9196
2020-04-28,0.9234,0.9251,0.9183,0.9242
2020-04-27,0.9252,0.9253,0.9206,0.9234
2020-04-24,0.9278,0.9323,0.9233,0.9241
2020-04-23,0.9239,0.9298,0.9219,0.9278
2020-04-22,0.9211,0.9258,0.9186,0.924
2020-04-21,0.9207,0.9246,0.919,0.921
2020-04-20,0.9196,0.9225,0.9177,0.9206
2020-04-17,0.923,0.925,0.918,0.9197
2020-04-16,0.9166,0.9245,0.9163,0.9228
2020-04-15,0.9107,0.9211,0.9098,0.9167
2020-04-14,0.9162,0.9171,0.9101,0.9107
2020-04-13,0.914,0.9181,0.9117,0.9163
2020-04-10,0.9149,0.9159,0.9131,0.9144
2020-04-09,0.9211,0.9225,0.9131,0.915
2020-04-08,0.9182,0.9234,0.9172,0.921
2020-04-07,0.9266,0.9274,0.9153,0.9182
2020-04-06,0.9248,0.9288,0.9229,0.9266
2020-04-03,0.921,0.9283,0.9204,0.9252
2020-04-02,0.9121,0.9242,0.9116,0.921
2020-04-01,0.9066,0.9172,0.9058,0.9121
2020-03-31,0.9053,0.9153,0.9045,0.9066
2020-03-30,0.898,0.9083,0.8973,0.9051
2020-03-27,0.9066,0.913,0.8971,0.8975
2020-03-26,0.919,0.92,0.9042,0.9067
2020-03-25,0.9269,0.9294,0.9179,0.919
2020-03-24,0.9324,0.9327,0.9184,0.9269
2020-03-23,0.935,0.9402,0.9235,0.9326
2020-03-20,0.9353,0.9401,0.9232,0.935
2020-03-19,0.9162,0.9386,0.9106,0.9353
2020-03-18,0.9094,0.9258,0.9054,0.9162
2020-03-17,0.8943,0.9129,0.8937,0.9094
2020-03-16,0.9022,0.9054,0.8899,0.8943
2020-03-13,0.8941,0.9047,0.8911,0.9004
2020-03-12,0.8874,0.9046,0.8823,0.8941
2020-03-11,0.8865,0.8884,0.8797,0.8874
2020-03-10,0.8737,0.887,0.8727,0.8865
2020-03-09,0.8856,0.8863,0.8701,0.8735
2020-03-06,0.8897,0.892,0.8806,0.8861
2020-03-05,0.898,0.8994,0.8893,0.8897
2020-03-04,0.8951,0.9014,0.8939,0.898
2020-03-03,0.8982,0.9013,0.8918,0.8951
2020-03-02,0.9089,0.9089,0.894,0.8982
2020-02-28,0.909,0.9132,0.9047,0.9069
2020-02-27,0.9188,0.9193,0.9086,0.9091
2020-02-26,0.9191,0.9213,0.9167,0.9191
2020-02-25,0.9213,0.9234,0.9182,0.9191
2020-02-24,0.9225,0.9255,0.9198,0.9213
2020-02-21,0.9272,0.9274,0.9205,0.9221
2020-02-20,0.9254,0.928,0.9241,0.9273
2020-02-19,0.9267,0.9275,0.9249,0.9254
2020-02-18,0.9227,0.9272,0.9227,0.9266
2020-02-17,0.9232,0.9241,0.9216,0.9229
2020-02-14,0.9225,0.9236,0.9207,0.9232
2020-02-13,0.9197,0.9231,0.9183,0.9224
2020-02-12,0.9161,0.9205,0.9152,0.9197
2020-02-11,0.9165,0.9183,0.9153,0.9161
2020-02-10,0.9132,0.9168,0.9126,0.9165
2020-02-07,0.9105,0.914,0.9103,0.9137
2020-02-06,0.9092,0.9121,0.9079,0.9107
2020-02-05,0.9055,0.9097,0.9051,0.9092
2020-02-04,0.9042,0.9064,0.9038,0.9055
2020-02-03,0.9016,0.9062,0.9012,0.9042
2020-01-31,0.9065,0.9078,0.9012,0.9014
2020-01-30,0.9083,0.9087,0.9058,0.9065
2020-01-29,0.9073,0.9098,0.9068,0.9082
2020-01-28,0.9076,0.9093,0.907,0.9073
2020-01-27,0.9074,0.9084,0.9059,0.9075
2020-01-24,0.9046,0.9075,0.904,0.9071
2020-01-23,0.9015,0.9061,0.9002,0.9047
2020-01-22,0.9022,0.9034,0.901,0.9015
2020-01-21,0.9013,0.9025,0.8994,0.9022
2020-01-20,0.9016,0.9029,0.9006,0.9013
2020-01-17,0.898,0.9021,0.8974,0.9018
2020-01-16,0.8968,0.8987,0.895,0.8979
2020-01-15,0.8986,0.8995,0.8957,0.8968
2020-01-14,0.8981,0.9006,0.8972,0.8986
2020-01-13,0.8989,0.8999,0.8971,0.8981
2020-01-10,0.9005,0.9022,0.8985,0.8992
2020-01-09,0.9005,0.9015,0.8992,0.9004
2020-01-08,0.8967,0.9008,0.8954,0.9005
2020-01-07,0.8933,0.8983,0.893,0.8966
2020-01-06,0.8955,0.8965,0.8923,0.893
2020-01-03,0.8951,0.8989,0.8944,0.8959
2020-01-02,0.8919,0.8958,0.8908,0.895
2020-01-01,0.8919,0.8925,0.891,0.8919
2019-12-31,0.8931,0.8931,0.8897,0.8919
2019-12-30,0.8949,0.8953,0.891,0.893
2019-12-27,0.9012,0.9013,0.8938,0.8948
2019-12-26,0.9017,0.9024,0.9001,0.9011
2019-12-25,0.9018,0.9031,0.9003,0.9017
2019-12-24,0.9018,0.9034,0.9013,0.9019
2019-12-23,0.9025,0.9034,0.9012,0.9019
2019-12-20,0.8992,0.9037,0.8988,0.9026
2019-12-19,0.8999,0.9004,0.8973,0.8992
2019-12-18,0.8969,0.9001,0.8964,0.8999
2019-12-17,0.8975,0.8986,0.8948,0.8969
2019-12-16,0.8991,0.8991,0.8962,0.8974
2019-12-13,0.8985,0.9,0.8928,0.8992
2019-12-12,0.8985,0.9007,0.8965,0.8985
2019-12-11,0.9016,0.9034,0.8972,0.8985
2019-12-10,0.9039,0.904,0.901,0.9015
2019-12-09,0.9046,0.9048,0.9026,0.9039
2019-12-06,0.9007,0.9059,0.9001,0.9043
2019-12-05,0.9026,0.9028,0.9002,0.9006
2019-12-04,0.9024,0.9037,0.8996,0.9027
2019-12-03,0.9026,0.9038,0.9014,0.9023
2019-12-02,0.908,0.9089,0.9017,0.9026
2019-11-29,0.9084,0.9107,0.9067,0.9077
2019-11-28,0.9092,0.9092,0.9075,0.9084
2019-11-27,0.9075,0.9098,0.907,0.9092
2019-11-26,0.908,0.9086,0.9069,0.9075
2019-11-25,0.9071,0.9088,0.9064,0.908
2019-11-22,0.9043,0.908,0.902,0.9071
2019-11-21,0.9031,0.9049,0.9011,0.9043
2019-11-20,0.9027,0.9048,0.9023,0.9031
2019-11-19,0.9032,0.904,0.9022,0.9026
2019-11-18,0.9048,0.9052,0.9017,0.9032
2019-11-15,0.9072,0.908,0.9043,0.9048
2019-11-14,0.9086,0.9101,0.9068,0.9072
2019-11-13,0.9083,0.9096,0.9074,0.9085
2019-11-12,0.9064,0.9089,0.9059,0.9084
2019-11-11,0.9073,0.9078,0.9055,0.9064
2019-11-08,0.905,0.9078,0.9045,0.9075
2019-11-07,0.9036,0.9062,0.9015,0.905
2019-11-06,0.903,0.9039,0.9014,0.9038
2019-11-05,0.8987,0.9039,0.8976,0.903
2019-11-04,0.8959,0.899,0.8948,0.8987
2019-11-01,0.8967,0.8987,0.8951,0.8955
2019-10-31,0.8968,0.8985,0.8948,0.8967
2019-10-30,0.9,0.9026,0.8967,0.8969
2019-10-29,0.901,0.9031,0.8993,0.9
2019-10-28,0.9024,0.9029,0.9003,0.9009
2019-10-25,0.9006,0.9032,0.899,0.9026
2019-10-24,0.8984,0.9015,0.8958,0.9006
2019-10-23,0.8989,0.9005,0.8976,0.8985
2019-10-22,0.8969,0.8995,0.8962,0.8989
2019-10-21,0.8975,0.8979,0.8945,0.897
2019-10-18,0.8989,0.8998,0.895,0.8952
2019-10-17,0.9032,0.9038,0.8976,0.899
2019-10-16,0.9064,0.9073,0.902,0.9032
2019-10-15,0.9068,0.9099,0.9053,0.9064
2019-10-14,0.9055,0.9081,0.905,0.9067
2019-10-11,0.9086,0.9091,0.9039,0.9057
2019-10-10,0.9115,0.9116,0.9062,0.9086
2019-10-09,0.9127,0.9131,0.9099,0.9115
2019-10-08,0.9115,0.9141,0.9094,0.9128
2019-10-07,0.9111,0.9123,0.909,0.9115
2019-10-04,0.9121,0.9127,0.9096,0.9109
2019-10-03,0.9125,0.9141,0.9091,0.9119
2019-10-02,0.9147,0.9172,0.9121,0.9125
2019-10-01,0.9174,0.9193,0.9138,0.9148
2019-09-30,0.9141,0.9188,0.9134,0.9175
2019-09-27,0.9157,0.9171,0.9125,0.9142
2019-09-26,0.9139,0.9167,0.9117,0.9156
2019-09-25,0.9075,0.9143,0.9071,0.9139
2019-09-24,0.9096,0.9105,0.907,0.9075
2019-09-23,0.9078,0.912,0.9069,0.9097
2019-09-20,0.9057,0.9095,0.9034,0.9076
2019-09-19,0.9067,0.9073,0.903,0.9057
2019-09-18,0.9031,0.908,0.9028,0.9066
2019-09-17,0.9091,0.91,0.9029,0.9032
2019-09-16,0.902,0.9097,0.9015,0.909
2019-09-13,0.904,0.9046,0.9001,0.903
2019-09-12,0.9082,0.9152,0.9019,0.904
2019-09-11,0.9056,0.9104,0.9045,0.9083
2019-09-10,0.9053,0.9066,0.9041,0.9056
2019-09-09,0.9071,0.9079,0.9035,0.9052
2019-09-06,0.9062,0.9075,0.9044,0.9067
2019-09-05,0.9063,0.9078,0.9021,0.9062
2019-09-04,0.9113,0.9118,0.9059,0.9062
2019-09-03,0.9116,0.9153,0.9108,0.9113
2019-09-02,0.9101,0.9127,0.9091,0.9118
2019-08-30,0.9045,0.9122,0.9041,0.9099
2019-08-29,0.9028,0.9057,0.9015,0.9044
2019-08-28,0.9017,0.9032,0.901,0.9028
2019-08-27,0.9007,0.9021,0.8996,0.9017
2019-08-26,0.8973,0.9015,0.8956,0.9008
2019-08-23,0.9026,0.9049,0.8966,0.8973
2019-08-22,0.9022,0.9039,0.8998,0.9026
2019-08-21,0.9009,0.9025,0.9003,0.9022
2019-08-20,0.9026,0.9037,0.9003,0.9009
2019-08-19,0.9016,0.9029,0.8997,0.9027
2019-08-16,0.9004,0.9037,0.8998,0.9017
2019-08-15,0.8978,0.9017,0.8961,0.9004
2019-08-14,0.8952,0.8985,0.8936,0.8978
2019-08-13,0.8918,0.8953,0.8905,0.8952
2019-08-12,0.8926,0.896,0.8904,0.8919
2019-08-09,0.8944,0.8945,0.891,0.8929
2019-08-08,0.893,0.8947,0.8903,0.8945
2019-08-07,0.893,0.8946,0.8895,0.893
2019-08-06,0.8927,0.8955,0.8889,0.8929
2019-08-05,0.9007,0.9007,0.8918,0.8927
2019-08-02,0.9022,0.9034,0.8995,0.9002
2019-08-01,0.9029,0.9069,0.9012,0.9022
2019-07-31,0.8965,0.9042,0.8958,0.9029
2019-07-30,0.8974,0.8984,0.896,0.8965
2019-07-29,0.8988,0.8999,0.8968,0.8973
2019-07-26,0.8971,0.9,0.8968,0.8988
2019-07-25,0.8976,0.9008,0.8938,0.8971
2019-07-24,0.8967,0.8988,0.8962,0.8977
2019-07-23,0.8921,0.8973,0.892,0.8967
2019-07-22,0.8915,0.8924,0.8908,0.8921
2019-07-19,0.8868,0.8926,0.8863,0.8911
2019-07-18,0.891,0.8925,0.8864,0.8868
2019-07-17,0.892,0.8929,0.8901,0.891
2019-07-16,0.8883,0.8928,0.8878,0.892
2019-07-15,0.8874,0.8887,0.8862,0.8883
2019-07-12,0.8886,0.8899,0.8869,0.8873
2019-07-11,0.8889,0.8893,0.886,0.8886
2019-07-10,0.8923,0.8928,0.8878,0.8889
2019-07-09,0.8917,0.8934,0.8913,0.8923
2019-07-08,0.8911,0.8924,0.8901,0.8918
2019-07-05,0.8862,0.8924,0.8859,0.8909
2019-07-04,0.8867,0.8871,0.8853,0.8862
2019-07-03,0.8862,0.8875,0.8841,0.8867
2019-07-02,0.8861,0.887,0.8834,0.8862
2019-07-01,0.8795,0.8865,0.8791,0.8861
2019-06-28,0.8796,0.881,0.8777,0.8796
2019-06-27,0.8796,0.8813,0.8786,0.8796
2019-06-26,0.8798,0.8813,0.8779,0.8796
2019-06-25,0.8773,0.8816,0.8762,0.8799
2019-06-24,0.8802,0.8802,0.8769,0.8773
2019-06-21,0.8856,0.8864,0.8789,0.8797
2019-06-20,0.8908,0.8908,0.8835,0.8855
2019-06-19,0.8935,0.894,0.8886,0.8908
2019-06-18,0.8914,0.8944,0.8894,0.8935
2019-06-17,0.8916,0.8926,0.8891,0.8914
2019-06-14,0.8863,0.8928,0.8857,0.8922
2019-06-13,0.886,0.8875,0.8846,0.8868
2019-06-12,0.883,0.8864,0.8815,0.8858
2019-06-11,0.8841,0.8849,0.882,0.8825
2019-06-10,0.8831,0.8858,0.8825,0.8838
2019-06-07,0.8869,0.8889,0.8812,0.8824
2019-06-06,0.8905,0.8918,0.8842,0.8869
2019-06-05,0.8889,0.8914,0.8844,0.8912
2019-06-04,0.8896,0.8908,0.8867,0.8888
2019-06-03,0.8954,0.8964,0.8878,0.8896
2019-05-31,0.8981,0.8989,0.8942,0.8942
2019-05-30,0.8984,0.8997,0.8973,0.8985
2019-05-29,0.8961,0.899,0.8949,0.8984
2019-05-28,0.893,0.8962,0.8926,0.8961
2019-05-27,0.8932,0.894,0.8916,0.893
2019-05-24,0.8943,0.895,0.8918,0.8925
2019-05-23,0.8968,0.9003,0.8938,0.8945
2019-05-22,0.8955,0.8972,0.8944,0.8967
2019-05-21,0.8953,0.8976,0.8938,0.896
2019-05-20,0.8962,0.8969,0.8947,0.8952
2019-05-17,0.8949,0.8966,0.894,0.8961
2019-05-16,0.8927,0.8956,0.8908,0.895
2019-05-15,0.8919,0.8948,0.8908,0.8927
2019-05-14,0.891,0.8928,0.8892,0.8919
2019-05-13,0.8896,0.8912,0.8876,0.891
2019-05-10,0.8911,0.8918,0.8886,0.8901
2019-05-09,0.8935,0.8951,0.8887,0.8916
2019-05-08,0.8936,0.8943,0.8916,0.8936
2019-05-07,0.893,0.8956,0.8911,0.8936
2019-05-06,0.8926,0.8961,0.892,0.893
2019-05-03,0.8946,0.8981,0.8923,0.8927
2019-05-02,0.8927,0.8953,0.8912,0.8946
2019-05-01,0.8916,0.8939,0.8876,0.8932
2019-04-30,0.894,0.8949,0.8904,0.8917
2019-04-29,0.8967,0.8976,0.8936,0.894
2019-04-26,0.8984,0.9,0.8948,0.897
2019-04-25,0.896,0.8995,0.8958,0.8983
2019-04-24,0.8907,0.8977,0.8903,0.8966
2019-04-23,0.8883,0.8936,0.8878,0.8906
2019-04-22,0.8894,0.8901,0.8878,0.8881
2019-04-19,0.8896,0.8906,0.8886,0.889
2019-04-18,0.8852,0.8908,0.8845,0.8904
2019-04-17,0.8865,0.8867,0.883,0.8852
2019-04-16,0.8847,0.8866,0.8838,0.8865
2019-04-15,0.885,0.8854,0.8832,0.8842
2019-04-12,0.8886,0.8888,0.8829,0.8848
2019-04-11,0.8871,0.889,0.8857,0.8887
2019-04-10,0.8879,0.8906,0.8859,0.8871
2019-04-09,0.8872,0.8886,0.886,0.8879
2019-04-08,0.8915,0.8919,0.8868,0.8881
2019-04-05,0.891,0.8921,0.8892,0.8916
2019-04-04,0.8901,0.8925,0.8889,0.8912
2019-04-03,0.8926,0.8929,0.8884,0.8902
2019-04-02,0.8916,0.8943,0.8914,0.8925
2019-04-01,0.8915,0.8927,0.8889,0.8918
2019-03-29,0.8911,0.8922,0.889,0.8914
2019-03-28,0.8891,0.8918,0.8878,0.8905
2019-03-27,0.8874,0.8896,0.886,0.8894
2019-03-26,0.884,0.888,0.8827,0.8877
2019-03-25,0.8837,0.8863,0.8824,0.884
2019-03-22,0.8792,0.8871,0.8777,0.8839
2019-03-21,0.8762,0.8817,0.8742,0.8792
2019-03-20,0.881,0.8823,0.8734,0.8762
2019-03-19,0.8821,0.8824,0.88,0.8809
2019-03-18,0.8832,0.8836,0.8803,0.8821
2019-03-15,0.8846,0.8853,0.8813,0.883
2019-03-14,0.8829,0.8855,0.8817,0.8847
2019-03-13,0.886,0.8868,0.8818,0.8829
2019-03-12,0.8889,0.8894,0.8844,0.8859
2019-03-11,0.8898,0.8912,0.8882,0.8889
2019-03-08,0.8934,0.8942,0.8891,0.8896
2019-03-07,0.8845,0.8948,0.8833,0.8934
2019-03-06,0.8839,0.8861,0.8829,0.8845
2019-03-05,0.882,0.8858,0.8809,0.8844
2019-03-04,0.8789,0.8843,0.8775,0.8819
2019-03-01,0.8785,0.881,0.8765,0.879
2019-02-28,0.8794,0.8805,0.8756,0.8795
2019-02-27,0.8779,0.8802,0.8768,0.8796
2019-02-26,0.8798,0.8816,0.8769,0.8774
2019-02-25,0.8821,0.8831,0.8796,0.8804
2019-02-22,0.8822,0.8838,0.8804,0.8816
2019-02-21,0.8821,0.8834,0.8797,0.8822
2019-02-20,0.8818,0.8831,0.8793,0.8821
2019-02-19,0.8842,0.887,0.8804,0.8818
2019-02-18,0.8861,0.8863,0.8822,0.8841
2019-02-15,0.8853,0.8903,0.884,0.8854
2019-02-14,0.8875,0.8892,0.8841,0.8853
2019-02-13,0.883,0.8882,0.8815,0.888
2019-02-12,0.8865,0.8885,0.8817,0.883
2019-02-11,0.8828,0.8877,0.8826,0.8869
2019-02-08,0.8819,0.8835,0.8808,0.8826
2019-02-07,0.8802,0.8832,0.8791,0.8813
2019-02-06,0.8768,0.8804,0.8757,0.8802
2019-02-05,0.8742,0.8773,0.873,0.8761
2019-02-04,0.873,0.8757,0.8722,0.8742
2019-02-01,0.8737,0.8747,0.8704,0.873
2019-01-31,0.8711,0.8746,0.8683,0.8736
2019-01-30,0.8747,0.8769,0.8693,0.8712
2019-01-29,0.8749,0.8765,0.8732,0.8748
2019-01-28,0.8767,0.8781,0.8736,0.8752
2019-01-25,0.8846,0.8852,0.8756,0.8767
2019-01-24,0.8787,0.8859,0.8773,0.8845
2019-01-23,0.8803,0.8812,0.8774,0.8787
2019-01-22,0.8799,0.8823,0.8782,0.8804
2019-01-21,0.8796,0.8807,0.8766,0.8798
2019-01-18,0.8774,0.881,0.8762,0.8801
2019-01-17,0.8776,0.8796,0.8765,0.8776
2019-01-16,0.876,0.8791,0.8751,0.8772
2019-01-15,0.8717,0.8788,0.8701,0.8762
2019-01-14,0.8719,0.8743,0.8708,0.8714
2019-01-11,0.8697,0.8729,0.8665,0.872
2019-01-10,0.8664,0.8708,0.8643,0.8696
2019-01-09,0.874,0.8746,0.8654,0.8664
2019-01-08,0.8714,0.8756,0.8706,0.874
2019-01-07,0.8779,0.8779,0.8708,0.8714
2019-01-04,0.8778,0.8815,0.8756,0.8776
2019-01-03,0.8815,0.8843,0.8762,0.8777
2019-01-02,0.8723,0.883,0.8697,0.8816
2019-01-01,0.8722,0.8753,0.866,0.8723
2018-12-31,0.8739,0.8756,0.8718,0.8718
2018-12-28,0.8749,0.8755,0.8713,0.8739
2018-12-27,0.8809,0.8811,0.8729,0.8749
2018-12-26,0.8801,0.8817,0.8755,0.8809
2018-12-25,0.8772,0.8803,0.8749,0.8801
2018-12-24,0.8795,0.881,0.8742,0.8773
2018-12-21,0.8737,0.8809,0.8715,0.8794
2018-12-20,0.879,0.8795,0.8706,0.8737
2018-12-19,0.8802,0.8803,0.874,0.879
2018-12-18,0.8813,0.8822,0.8769,0.8802
2018-12-17,0.8844,0.8851,0.8804,0.8813
2018-12-14,0.8802,0.8875,0.8793,0.8842
2018-12-13,0.8796,0.8827,0.8776,0.88
2018-12-12,0.8837,0.884,0.878,0.8797
2018-12-11,0.8806,0.8847,0.8771,0.8836
2018-12-10,0.8771,0.8812,0.8738,0.8806
2018-12-07,0.879,0.8804,0.8753,0.8789
2018-12-06,0.8815,0.8834,0.8762,0.8791
2018-12-05,0.8817,0.8842,0.8801,0.8815
2018-12-04,0.8808,0.8836,0.8756,0.8814
2018-12-03,0.8839,0.8839,0.8787,0.8808
2018-11-30,0.8777,0.8847,0.8771,0.8837
2018-11-29,0.8798,0.8813,0.877,0.8778
2018-11-28,0.8856,0.8877,0.8781,0.8798
2018-11-27,0.8828,0.8868,0.8815,0.8859
2018-11-26,0.8817,0.8832,0.8784,0.8828
2018-11-23,0.8769,0.883,0.8755,0.8817
2018-11-22,0.8784,0.8788,0.8745,0.8766
2018-11-21,0.8795,0.8801,0.8752,0.8784
2018-11-20,0.8732,0.8805,0.8716,0.8795
2018-11-19,0.8767,0.8778,0.8721,0.8732
2018-11-16,0.8827,0.8834,0.8755,0.8757
2018-11-15,0.8843,0.8873,0.8801,0.8828
2018-11-14,0.8858,0.888,0.8812,0.8842
2018-11-13,0.8914,0.8916,0.8852,0.8857
2018-11-12,0.8826,0.8917,0.8823,0.8914
2018-11-09,0.8801,0.8837,0.8795,0.8822
2018-11-08,0.8752,0.881,0.8735,0.88
2018-11-07,0.8751,0.8776,0.8695,0.8752
2018-11-06,0.8767,0.878,0.8742,0.8752
2018-11-05,0.8779,0.8806,0.8753,0.8767
2018-11-02,0.8766,0.8794,0.8729,0.8782
2018-11-01,0.8841,0.8845,0.8752,0.8765
2018-10-31,0.8815,0.8849,0.8801,0.8841
2018-10-30,0.8793,0.882,0.8781,0.8815
2018-10-29,0.8767,0.8803,0.8759,0.8794
2018-10-26,0.8791,0.8823,0.8756,0.8768
2018-10-25,0.8779,0.8807,0.8746,0.8791
2018-10-24,0.8718,0.8789,0.8713,0.8778
2018-10-23,0.8722,0.8743,0.87,0.8717
2018-10-22,0.8691,0.873,0.8658,0.8723
2018-10-19,0.8733,0.8748,0.8669,0.8685
2018-10-18,0.8695,0.8735,0.8675,0.8732
2018-10-17,0.864,0.87,0.8632,0.8695
2018-10-16,0.8636,0.8647,0.8604,0.864
2018-10-15,0.8652,0.8669,0.8616,0.8637
2018-10-12,0.8626,0.867,0.8612,0.8649
2018-10-11,0.8681,0.8683,0.862,0.8625
2018-10-10,0.8703,0.8712,0.8661,0.8681
2018-10-09,0.8703,0.8749,0.8692,0.8703
2018-10-08,0.8681,0.8727,0.8669,0.8702
2018-10-05,0.8685,0.8708,0.8658,0.8678
2018-10-04,0.8713,0.8724,0.8664,0.8685
2018-10-03,0.866,0.8723,0.8625,0.8713
2018-10-02,0.8637,0.8692,0.8635,0.866
2018-10-01,0.8615,0.8649,0.86,0.8638
2018-09-28,0.8591,0.8645,0.8582,0.8614
2018-09-27,0.8518,0.8594,0.8505,0.859
2018-09-26,0.8499,0.8529,0.8476,0.8519
2018-09-25,0.8512,0.8525,0.8479,0.8495
2018-09-24,0.8511,0.8531,0.8463,0.8513
2018-09-21,0.8492,0.8524,0.8471,0.8511
2018-09-20,0.8568,0.8572,0.8485,0.8492
2018-09-19,0.8572,0.8585,0.8535,0.8567
2018-09-18,0.8559,0.8583,0.8529,0.8571
2018-09-17,0.8603,0.8608,0.8547,0.8559
2018-09-14,0.8555,0.8608,0.8531,0.8598
2018-09-13,0.8601,0.8615,0.8545,0.8555
2018-09-12,0.8618,0.8644,0.8583,0.8602
2018-09-11,0.8626,0.8647,0.8588,0.8616
2018-09-10,0.8652,0.8677,0.8609,0.8626
2018-09-07,0.8603,0.8659,0.8583,0.8656
2018-09-06,0.8599,0.8618,0.8577,0.8605
2018-09-05,0.8635,0.8664,0.8591,0.8599
2018-09-04,0.8603,0.8674,0.8599,0.8634
2018-09-03,0.8624,0.8633,0.8599,0.8603
2018-08-31,0.8569,0.8633,0.8554,0.8619
2018-08-30,0.8542,0.8591,0.8533,0.8569
2018-08-29,0.8551,0.8583,0.8539,0.8542
2018-08-28,0.8564,0.8575,0.8522,0.8551
2018-08-27,0.8598,0.8626,0.8551,0.8563
2018-08-24,0.8667,0.8671,0.8591,0.8605
2018-08-23,0.8624,0.8674,0.862,0.8666
2018-08-22,0.8643,0.8657,0.8603,0.8623
2018-08-21,0.871,0.8712,0.862,0.8643
2018-08-20,0.874,0.8777,0.8706,0.871
2018-08-17,0.879,0.8799,0.8736,0.8744
2018-08-16,0.8815,0.8823,0.8764,0.879
2018-08-15,0.8816,0.8851,0.8806,0.8815
2018-08-14,0.8765,0.8827,0.8749,0.8816
2018-08-13,0.8781,0.88,0.8746,0.8765
2018-08-10,0.8675,0.8783,0.8668,0.8764
2018-08-09,0.8614,0.8677,0.8606,0.8676
2018-08-08,0.8622,0.8642,0.8599,0.8613
2018-08-07,0.8656,0.8661,0.8614,0.8622
2018-08-06,0.8641,0.8674,0.864,0.8656
2018-08-03,0.8632,0.8651,0.8612,0.8645
2018-08-02,0.8577,0.8635,0.857,0.8633
2018-08-01,0.8554,0.858,0.8546,0.8577
2018-07-31,0.8542,0.856,0.8513,0.8554
2018-07-30,0.8577,0.8586,0.8533,0.8543
2018-07-27,0.8589,0.8606,0.8573,0.8579
2018-07-26,0.8526,0.8592,0.8515,0.8589
2018-07-25,0.8558,0.8574,0.8518,0.8527
2018-07-24,0.8553,0.8581,0.8534,0.8558
2018-07-23,0.8528,0.8561,0.851,0.8553
2018-07-20,0.8589,0.8602,0.8518,0.8533
2018-07-19,0.8592,0.8641,0.8563,0.8589
2018-07-18,0.8576,0.862,0.8572,0.8593
2018-07-17,0.8539,0.8585,0.8514,0.8576
2018-07-16,0.8564,0.8566,0.8528,0.854
2018-07-13,0.8569,0.8612,0.8555,0.8558
2018-07-12,0.8567,0.8585,0.855,0.8567
2018-07-11,0.8515,0.8573,0.8504,0.8567
2018-07-10,0.851,0.8555,0.8501,0.8515
2018-07-09,0.8514,0.8525,0.8481,0.851
2018-07-06,0.8555,0.8563,0.8497,0.8513
2018-07-05,0.858,0.8585,0.8531,0.8554
2018-07-04,0.8579,0.86,0.856,0.8579
2018-07-03,0.8592,0.8606,0.8566,0.8579
2018-07-02,0.8584,0.8628,0.8548,0.8592
2018-06-29,0.8644,0.8653,0.8553,0.8558
2018-06-28,0.8655,0.8676,0.862,0.8644
2018-06-27,0.8586,0.8666,0.8567,0.8656
2018-06-26,0.8545,0.8595,0.8532,0.8586
2018-06-25,0.8579,0.8601,0.8537,0.8545
2018-06-22,0.8618,0.8622,0.8565,0.8579
2018-06-21,0.8642,0.869,0.8595,0.8619
2018-06-20,0.8629,0.8668,0.862,0.8642
2018-06-19,0.8604,0.8674,0.8587,0.8629
2018-06-18,0.8614,0.8648,0.8602,0.8604
2018-06-15,0.8645,0.8664,0.86,0.8614
2018-06-14,0.8481,0.865,0.8437,0.8644
2018-06-13,0.8515,0.8529,0.8473,0.8481
2018-06-12,0.8487,0.8523,0.8468,0.8515
2018-06-11,0.85,0.8509,0.8459,0.8487
2018-06-08,0.8475,0.8529,0.8466,0.8498
2018-06-07,0.8494,0.8495,0.8445,0.8476
2018-06-06,0.8534,0.854,0.8477,0.8494
2018-06-05,0.8548,0.8582,0.8523,0.8534
2018-06-04,0.858,0.8582,0.8514,0.8548
2018-06-01,0.8553,0.8608,0.8534,0.8576
2018-05-31,0.8573,0.8591,0.8529,0.8553
2018-05-30,0.8666,0.8683,0.8564,0.8575
2018-05-29,0.8603,0.8689,0.8591,0.8666
2018-05-28,0.8583,0.8617,0.8526,0.8603
2018-05-25,0.8533,0.8588,0.8522,0.8583
2018-05-24,0.8549,0.8555,0.851,0.8533
2018-05-23,0.849,0.8566,0.8481,0.855
2018-05-22,0.8481,0.8507,0.8453,0.849
2018-05-21,0.8502,0.8536,0.8477,0.8481
2018-05-18,0.8479,0.8512,0.8458,0.8491
2018-05-17,0.8469,0.8493,0.8447,0.8479
2018-05-16,0.8448,0.8502,0.8435,0.847
2018-05-15,0.8385,0.8462,0.8376,0.8448
2018-05-14,0.8371,0.8385,0.8336,0.8385
2018-05-11,0.8393,0.841,0.8355,0.8373
2018-05-10,0.8439,0.8444,0.837,0.8393
2018-05-09,0.8429,0.8459,0.8405,0.8439
2018-05-08,0.8388,0.8448,0.8376,0.8429
2018-05-07,0.8367,0.8406,0.8348,0.8388
2018-05-04,0.8341,0.8396,0.8336,0.8362
2018-05-03,0.8368,0.8371,0.8327,0.8341
2018-05-02,0.8339,0.8378,0.8311,0.8368
2018-05-01,0.828,0.8347,0.8273,0.8338
2018-04-30,0.8248,0.8289,0.8238,0.8279
2018-04-27,0.8261,0.8296,0.8242,0.8244
2018-04-26,0.8223,0.8268,0.819,0.8263
2018-04-25,0.8176,0.8224,0.817,0.8223
2018-04-24,0.8191,0.8209,0.8166,0.8175
2018-04-23,0.8138,0.8198,0.8136,0.8191
2018-04-20,0.81,0.8164,0.8095,0.8138
2018-04-19,0.8082,0.8111,0.8064,0.8099
2018-04-18,0.8084,0.8103,0.8066,0.8082
2018-04-17,0.8078,0.8107,0.8055,0.8084
2018-04-16,0.8111,0.8115,0.8067,0.8078
2018-04-13,0.8113,0.8126,0.8099,0.811
2018-04-12,0.8086,0.8131,0.8077,0.8113
2018-04-11,0.8094,0.8099,0.8067,0.8086
2018-04-10,0.8117,0.8128,0.8079,0.8094
2018-04-09,0.8144,0.8157,0.811,0.8117
2018-04-06,0.817,0.8188,0.8136,0.8141
2018-04-05,0.8145,0.8185,0.8136,0.817
2018-04-04,0.815,0.8159,0.8121,0.8145
2018-04-03,0.8129,0.8161,0.8107,0.8149
2018-04-02,0.8115,0.8142,0.81,0.8129
2018-03-30,0.813,0.8135,0.8109,0.8115
2018-03-29,0.8124,0.8141,0.8106,0.813
2018-03-28,0.8063,0.8131,0.805,0.8125
2018-03-27,0.8036,0.8083,0.8015,0.8063
2018-03-26,0.8099,0.8103,0.8024,0.8037
2018-03-23,0.8129,0.813,0.8082,0.8096
2018-03-22,0.8105,0.814,0.8072,0.8129
2018-03-21,0.8169,0.817,0.8097,0.8105
2018-03-20,0.8107,0.8171,0.8094,0.8169
2018-03-19,0.814,0.8158,0.8091,0.8107
2018-03-16,0.8127,0.8157,0.8106,0.8137
2018-03-15,0.8086,0.813,0.8075,0.8127
2018-03-14,0.8071,0.8099,0.8056,0.8086
2018-03-13,0.8107,0.8121,0.8059,0.8071
2018-03-12,0.8123,0.8137,0.8099,0.8107
2018-03-09,0.8122,0.8148,0.8107,0.8126
2018-03-08,0.8056,0.8132,0.8034,0.8122
2018-03-07,0.8062,0.8075,0.8036,0.8058
2018-03-06,0.8107,0.8112,0.8051,0.8062
2018-03-05,0.8115,0.8151,0.8086,0.8107
2018-03-02,0.8152,0.8163,0.8106,0.8119
2018-03-01,0.82,0.8227,0.8148,0.8152
2018-02-28,0.8175,0.8205,0.8169,0.8201
2018-02-27,0.8119,0.8183,0.8099,0.8175
2018-02-26,0.8132,0.8145,0.8094,0.8119
2018-02-23,0.8111,0.8144,0.8105,0.8135
2018-02-22,0.8141,0.8157,0.8095,0.811
2018-02-21,0.8105,0.8143,0.809,0.814
2018-02-20,0.8059,0.8118,0.8056,0.8105
2018-02-19,0.8059,0.8085,0.8042,0.8059
2018-02-16,0.7996,0.8069,0.7965,0.806
2018-02-15,0.8032,0.8034,0.7993,0.7997
2018-02-14,0.8096,0.8146,0.8022,0.8032
2018-02-13,0.8135,0.814,0.8083,0.8096
2018-02-12,0.816,0.8174,0.8132,0.8136
2018-02-09,0.8167,0.8194,0.8138,0.8174
2018-02-08,0.8154,0.8189,0.8133,0.8166
2018-02-07,0.808,0.8166,0.806,0.8154
2018-02-06,0.8086,0.8121,0.8042,0.8079
2018-02-05,0.8028,0.8089,0.8016,0.8086
2018-02-02,0.7994,0.8059,0.7988,0.8025
2018-02-01,0.8056,0.8075,0.7985,0.7994
2018-01-31,0.8064,0.8073,0.8016,0.8051
2018-01-30,0.8076,0.8107,0.8029,0.8064
2018-01-29,0.8047,0.8106,0.804,0.8076
2018-01-26,0.8068,0.8084,0.8004,0.8051
2018-01-25,0.8059,0.8088,0.7976,0.8067
2018-01-24,0.8131,0.8135,0.8054,0.8059
2018-01-23,0.8155,0.8182,0.8126,0.8131
2018-01-22,0.8153,0.8188,0.8147,0.8156
2018-01-19,0.8172,0.8185,0.8132,0.8182
2018-01-18,0.8206,0.8221,0.8153,0.8171
2018-01-17,0.8157,0.8213,0.8115,0.8206
2018-01-16,0.8155,0.82,0.8141,0.8156
2018-01-15,0.8199,0.8206,0.8132,0.8155
2018-01-12,0.8311,0.8313,0.8204,0.8206
2018-01-11,0.8371,0.8383,0.8292,0.8311
2018-01-10,0.8378,0.8388,0.8321,0.8371
2018-01-09,0.8357,0.8392,0.835,0.8378
2018-01-08,0.8314,0.8365,0.8297,0.8357
2018-01-05,0.8287,0.832,0.8276,0.8313
2018-01-04,0.8324,0.8331,0.8272,0.8287
2018-01-03,0.8294,0.8333,0.8286,0.8323
2018-01-02,0.8325,0.8333,0.8276,0.8293
2018-01-01,0.8332,0.8337,0.8324,0.8327
2017-12-29,0.8374,0.8378,0.8313,0.8335
2017-12-28,0.8412,0.8412,0.8362,0.8374
2017-12-27,0.8433,0.8436,0.8396,0.8412
2017-12-26,0.8427,0.8442,0.8418,0.8433
2017-12-25,0.8441,0.8444,0.8416,0.8426
2017-12-22,0.8422,0.8463,0.842,0.8433
2017-12-21,0.8424,0.844,0.841,0.8422
2017-12-20,0.8446,0.8455,0.8402,0.8424
2017-12-19,0.8488,0.8492,0.8439,0.8446
2017-12-18,0.8507,0.852,0.845,0.8488
2017-12-15,0.8491,0.8511,0.8466,0.8508
2017-12-14,0.8456,0.8496,0.8429,0.8491
2017-12-13,0.8517,0.8526,0.8451,0.8456
2017-12-12,0.8497,0.8535,0.8479,0.8517
2017-12-11,0.8497,0.8502,0.8466,0.8497
2017-12-08,0.8494,0.8526,0.849,0.8501
2017-12-07,0.8478,0.8496,0.8464,0.8494
2017-12-06,0.8456,0.8489,0.844,0.8478
2017-12-05,0.8428,0.8475,0.8419,0.8456
2017-12-04,0.8417,0.8454,0.8411,0.8428
2017-12-01,0.8401,0.8439,0.8375,0.841
2017-11-30,0.8441,0.8469,0.8381,0.8401
2017-11-29,0.8446,0.8463,0.8415,0.8441
2017-11-28,0.8405,0.8456,0.8389,0.8445
2017-11-27,0.8381,0.8407,0.836,0.8405
2017-11-24,0.8438,0.8449,0.8372,0.8382
2017-11-23,0.8459,0.8466,0.8434,0.8438
2017-11-22,0.852,0.8524,0.8455,0.8459
2017-11-21,0.8523,0.8538,0.8504,0.852
2017-11-20,0.8481,0.8531,0.8468,0.8524
2017-11-17,0.8496,0.85,0.8459,0.8479
2017-11-16,0.8481,0.8507,0.8473,0.8496
2017-11-15,0.8476,0.8486,0.8431,0.8481
2017-11-14,0.8571,0.8577,0.8471,0.8476
2017-11-13,0.8572,0.8594,0.8565,0.8572
2017-11-10,0.859,0.8605,0.8563,0.8573
2017-11-09,0.8625,0.8632,0.858,0.859
2017-11-08,0.8631,0.8637,0.8612,0.8624
2017-11-07,0.8614,0.8656,0.8608,0.8631
2017-11-06,0.8614,0.8636,0.8602,0.8614
2017-11-03,0.8578,0.8622,0.8553,0.8614
2017-11-02,0.8607,0.8612,0.8556,0.8578
2017-11-01,0.8587,0.8616,0.8578,0.8607
2017-10-31,0.8583,0.8603,0.8575,0.8587
2017-10-30,0.8619,0.8626,0.8577,0.8583
2017-10-27,0.8584,0.864,0.8578,0.8614
2017-10-26,0.8466,0.8591,0.8448,0.8584
2017-10-25,0.8503,0.8509,0.8461,0.8466
2017-10-24,0.8512,0.8517,0.8479,0.8503
2017-10-23,0.8494,0.8529,0.8491,0.8512
2017-10-20,0.8437,0.8502,0.8433,0.8485
2017-10-19,0.8484,0.8498,0.8433,0.8438
2017-10-18,0.8499,0.8526,0.8471,0.8484
2017-10-17,0.8477,0.8521,0.8474,0.85
2017-10-16,0.8457,0.8489,0.8456,0.8477
2017-10-13,0.8453,0.8471,0.8421,0.8458
2017-10-12,0.8432,0.8456,0.8417,0.8453
2017-10-11,0.8469,0.8479,0.8424,0.8433
2017-10-10,0.8518,0.8519,0.8456,0.847
2017-10-09,0.8526,0.8534,0.8506,0.8518
2017-10-06,0.8539,0.857,0.8518,0.8523
2017-10-05,0.8504,0.8548,0.8489,0.8539
2017-10-04,0.8515,0.8522,0.8483,0.8503
2017-10-03,0.8524,0.855,0.8494,0.8515
2017-10-02,0.8462,0.8526,0.8462,0.8523
2017-09-29,0.8484,0.8495,0.8451,0.8465
2017-09-28,0.8515,0.8533,0.8471,0.8485
2017-09-27,0.848,0.8535,0.8478,0.8515
2017-09-26,0.8441,0.8505,0.843,0.848
2017-09-25,0.8367,0.8452,0.836,0.8441
2017-09-22,0.8374,0.8378,0.833,0.837
2017-09-21,0.8409,0.8428,0.8365,0.8374
2017-09-20,0.8338,0.8431,0.8311,0.8409
2017-09-19,0.8365,0.8369,0.8328,0.8338
2017-09-18,0.8369,0.8393,0.8354,0.8366
2017-09-15,0.839,0.8403,0.8342,0.8374
2017-09-14,0.8414,0.8448,0.8388,0.839
2017-09-13,0.8357,0.8423,0.8337,0.8413
2017-09-12,0.8367,0.8385,0.8348,0.8357
2017-09-11,0.8305,0.8371,0.8305,0.8367
2017-09-08,0.8317,0.8323,0.8269,0.8309
2017-09-07,0.8392,0.8394,0.8292,0.8318
2017-09-06,0.8394,0.8402,0.8368,0.8392
2017-09-05,0.8407,0.8426,0.8375,0.8394
2017-09-04,0.8433,0.8436,0.8387,0.8406
2017-09-01,0.8397,0.8439,0.8347,0.8433
2017-08-31,0.8416,0.8459,0.8394,0.8397
2017-08-30,0.8352,0.8418,0.8344,0.8415
2017-08-29,0.8348,0.8371,0.8285,0.8353
2017-08-28,0.8385,0.8392,0.8344,0.8348
2017-08-25,0.8476,0.8494,0.8374,0.8387
2017-08-24,0.847,0.8487,0.8459,0.8476
2017-08-23,0.8502,0.8518,0.8457,0.8469
2017-08-22,0.8464,0.8515,0.8456,0.8502
2017-08-21,0.8507,0.8525,0.8454,0.8464
2017-08-18,0.8531,0.8542,0.8493,0.8502
2017-08-17,0.8497,0.8575,0.8481,0.853
2017-08-16,0.8522,0.8562,0.8489,0.8499
2017-08-15,0.8489,0.8557,0.8479,0.8522
2017-08-14,0.847,0.8497,0.8446,0.8489
2017-08-11,0.8494,0.8512,0.8441,0.846
2017-08-10,0.8505,0.8545,0.8485,0.8495
2017-08-09,0.8511,0.8556,0.85,0.8505
2017-08-08,0.8478,0.8537,0.8457,0.8509
2017-08-07,0.8498,0.8499,0.8464,0.8478
2017-08-04,0.8425,0.8527,0.8411,0.8495
2017-08-03,0.8435,0.8453,0.8408,0.8425
2017-08-02,0.8474,0.848,0.8397,0.8435
2017-08-01,0.8445,0.8486,0.8441,0.8474
2017-07-31,0.852,0.8531,0.8441,0.8445
2017-07-28,0.8564,0.8569,0.85,0.851
2017-07-27,0.8523,0.8584,0.8491,0.8564
2017-07-26,0.8582,0.8612,0.8518,0.8523
2017-07-25,0.859,0.8599,0.8538,0.8586
2017-07-24,0.8577,0.8602,0.8558,0.859
2017-07-21,0.8598,0.8607,0.8559,0.8575
2017-07-20,0.8684,0.8712,0.8579,0.8598
2017-07-19,0.8656,0.8689,0.8652,0.8684
2017-07-18,0.8712,0.8718,0.8633,0.8655
2017-07-17,0.8723,0.8746,0.8705,0.8712
2017-07-14,0.8773,0.8779,0.8717,0.872
2017-07-13,0.8763,0.8795,0.8729,0.8773
2017-07-12,0.8722,0.8779,0.8703,0.8763
2017-07-11,0.8773,0.8786,0.8711,0.872
2017-07-10,0.8778,0.8787,0.8758,0.8772
2017-07-07,0.8755,0.8788,0.8741,0.8771
2017-07-06,0.8808,0.8827,0.8752,0.8755
2017-07-05,0.8814,0.884,0.8796,0.8809
2017-07-04,0.88,0.8822,0.8789,0.8814
2017-07-03,0.8756,0.8808,0.875,0.8799
2017-06-30,0.8741,0.8779,0.8736,0.8752
2017-06-29,0.8789,0.8793,0.8736,0.8741
2017-06-28,0.882,0.8857,0.8779,0.8789
2017-06-27,0.8943,0.8947,0.881,0.882
2017-06-26,0.8927,0.8952,0.8912,0.8944
2017-06-23,0.8967,0.8973,0.8921,0.8934
2017-06-22,0.8954,0.8978,0.8946,0.8967
2017-06-21,0.8982,0.8987,0.8951,0.8955
2017-06-20,0.897,0.8995,0.8956,0.8981
2017-06-19,0.8929,0.8975,0.8916,0.897
2017-06-16,0.8972,0.8978,0.8927,0.8931
2017-06-15,0.8915,0.8984,0.8905,0.8973
2017-06-14,0.892,0.8935,0.8852,0.8915
2017-06-13,0.8926,0.8941,0.8908,0.892
2017-06-12,0.8933,0.8936,0.8903,0.8927
2017-06-09,0.8918,0.8956,0.8898,0.8932
2017-06-08,0.8884,0.8933,0.8874,0.8918
2017-06-07,0.8868,0.8926,0.8863,0.8884
2017-06-06,0.8886,0.8897,0.8862,0.8867
2017-06-05,0.8866,0.8902,0.8861,0.8885
2017-06-02,0.8919,0.8926,0.886,0.8864
2017-06-01,0.8894,0.8927,0.8883,0.8919
2017-05-31,0.894,0.8958,0.8886,0.8894
2017-05-30,0.8957,0.9002,0.8924,0.894
2017-05-29,0.8945,0.896,0.8936,0.8958
2017-05-26,0.892,0.8961,0.8901,0.8942
2017-05-25,0.8914,0.8934,0.8888,0.8921
2017-05-24,0.8942,0.8954,0.8912,0.8914
2017-05-23,0.8899,0.895,0.8874,0.8942
2017-05-22,0.8927,0.896,0.8878,0.8899
2017-05-19,0.9007,0.9013,0.8919,0.8923
2017-05-18,0.8962,0.903,0.8951,0.9007
2017-05-17,0.9023,0.9026,0.8958,0.8962
2017-05-16,0.9112,0.9114,0.901,0.9024
2017-05-15,0.9152,0.9157,0.9099,0.9112
2017-05-12,0.9207,0.9212,0.9145,0.9149
2017-05-11,0.92,0.9226,0.918,0.9207
2017-05-10,0.9197,0.9215,0.9175,0.9202
2017-05-09,0.9154,0.9206,0.9146,0.9197
2017-05-08,0.9092,0.9161,0.9071,0.9154
2017-05-05,0.91,0.9133,0.909,0.9093
2017-05-04,0.9187,0.9196,0.9101,0.9104
2017-05-03,0.915,0.919,0.9143,0.9187
2017-05-02,0.9175,0.9185,0.9146,0.9149
2017-05-01,0.9169,0.9188,0.9154,0.9175
2017-04-28,0.9194,0.9211,0.9134,0.9177
2017-04-27,0.9172,0.9216,0.9146,0.9197
2017-04-26,0.9153,0.9212,0.9131,0.9172
2017-04-25,0.9202,0.9216,0.9132,0.9153
2017-04-24,0.9155,0.9242,0.9144,0.9202
2017-04-21,0.9331,0.9362,0.9313,0.9322
2017-04-20,0.9336,0.934,0.9278,0.9331
2017-04-19,0.9317,0.9347,0.9313,0.9336
2017-04-18,0.9397,0.9402,0.9313,0.9319
2017-04-17,0.9421,0.9432,0.9371,0.9395
2017-04-14,0.9422,0.9429,0.9404,0.9424
2017-04-13,0.9377,0.9427,0.9365,0.9422
2017-04-12,0.943,0.9445,0.9367,0.9376
2017-04-11,0.9438,0.9454,0.9407,0.9432
2017-04-10,0.9441,0.9462,0.9428,0.9437
2017-04-07,0.9395,0.9453,0.9375,0.9443
2017-04-06,0.9378,0.9409,0.9359,0.9395
2017-04-05,0.9369,0.9404,0.9355,0.9378
2017-04-04,0.9371,0.9403,0.9364,0.9369
2017-04-03,0.9381,0.9397,0.9362,0.9374
2017-03-31,0.9369,0.939,0.9343,0.9387
2017-03-30,0.9289,0.9371,0.9284,0.9368
2017-03-29,0.9249,0.9312,0.9236,0.9288
2017-03-28,0.9206,0.9262,0.9197,0.9248
2017-03-27,0.9263,0.9263,0.917,0.9205
2017-03-24,0.9274,0.9294,0.9243,0.9261
2017-03-23,0.9262,0.9288,0.9255,0.9274
2017-03-22,0.9251,0.9281,0.9237,0.9262
2017-03-21,0.9312,0.933,0.9242,0.925
2017-03-20,0.9313,0.9325,0.9278,0.9312
2017-03-17,0.9289,0.9322,0.9274,0.9313
2017-03-16,0.9316,0.9341,0.9284,0.9289
2017-03-15,0.9431,0.9432,0.931,0.9316
2017-03-14,0.9387,0.9435,0.9378,0.9431
2017-03-13,0.9369,0.9389,0.9333,0.9387
2017-03-10,0.9455,0.946,0.9346,0.9371
2017-03-09,0.9488,0.9502,0.942,0.9455
2017-03-08,0.9464,0.9493,0.9456,0.9487
2017-03-07,0.945,0.9472,0.9431,0.9464
2017-03-06,0.942,0.9458,0.9397,0.9451
2017-03-03,0.9518,0.9523,0.9412,0.9414
2017-03-02,0.9482,0.9529,0.9476,0.9518
2017-03-01,0.9456,0.9511,0.9443,0.9481
2017-02-28,0.9446,0.9462,0.9407,0.9455
2017-02-27,0.9468,0.9479,0.9406,0.9446
2017-02-24,0.945,0.9473,0.9418,0.9467
2017-02-23,0.9472,0.949,0.9438,0.945
2017-02-22,0.949,0.953,0.9456,0.9473
2017-02-21,0.9422,0.9501,0.9418,0.949
2017-02-20,0.942,0.9432,0.9404,0.9422
2017-02-17,0.9369,0.9431,0.9366,0.9422
2017-02-16,0.9433,0.9444,0.9363,0.9369
2017-02-15,0.9454,0.9505,0.9426,0.9433
2017-02-14,0.9436,0.947,0.9404,0.9454
2017-02-13,0.9403,0.9442,0.9382,0.9436
2017-02-10,0.9385,0.9428,0.9374,0.9398
2017-02-09,0.9347,0.939,0.9337,0.9385
2017-02-08,0.9363,0.9399,0.9333,0.9347
2017-02-07,0.9302,0.9386,0.9301,0.9361
2017-02-06,0.9274,0.9343,0.9256,0.9302
2017-02-03,0.9296,0.9335,0.926,0.9273
2017-02-02,0.9287,0.9299,0.9234,0.9295
2017-02-01,0.9262,0.9319,0.9251,0.9286
2017-01-31,0.9349,0.9361,0.9249,0.9261
2017-01-30,0.9354,0.9418,0.931,0.9351
2017-01-27,0.9361,0.9384,0.9324,0.9347
2017-01-26,0.9307,0.9384,0.9288,0.9361
2017-01-25,0.9319,0.9337,0.9285,0.9305
2017-01-24,0.929,0.9329,0.928,0.9319
2017-01-23,0.9357,0.9359,0.9285,0.929
2017-01-20,0.9377,0.9413,0.9337,0.9344
2017-01-19,0.9408,0.9445,0.9366,0.9377
2017-01-18,0.9335,0.9411,0.9331,0.9407
2017-01-17,0.9435,0.9439,0.9329,0.9334
2017-01-16,0.9419,0.9453,0.9401,0.9432
2017-01-13,0.9423,0.9438,0.937,0.9395
2017-01-12,0.945,0.946,0.9359,0.9423
2017-01-11,0.9475,0.9567,0.9413,0.945
2017-01-10,0.9457,0.9479,0.941,0.9474
2017-01-09,0.9489,0.9516,0.9449,0.9457
2017-01-06,0.9428,0.9504,0.9414,0.9494
2017-01-05,0.9533,0.9543,0.942,0.9428
2017-01-04,0.961,0.9626,0.9524,0.9534
2017-01-03,0.9566,0.9671,0.9532,0.961
2017-01-02,0.9496,0.9571,0.9491,0.9561
2016-12-30,0.9532,0.9542,0.9386,0.951
2016-12-29,0.9603,0.961,0.9528,0.9532
2016-12-28,0.9563,0.9643,0.9542,0.9604
2016-12-27,0.9565,0.9587,0.9556,0.9563
2016-12-26,0.9567,0.9581,0.9549,0.9564
2016-12-23,0.9581,0.9592,0.9552,0.9564
2016-12-22,0.9593,0.9596,0.9524,0.9582
2016-12-21,0.9627,0.9633,0.9568,0.9593
2016-12-20,0.9612,0.9661,0.9599,0.9627
2016-12-19,0.9573,0.9624,0.9542,0.9614
2016-12-16,0.96,0.9616,0.9547,0.9569
2016-12-15,0.9492,0.9648,0.9484,0.9603
2016-12-14,0.9411,0.9528,0.9372,0.9491
2016-12-13,0.9403,0.9432,0.9375,0.941
2016-12-12,0.9476,0.9502,0.9387,0.9404
2016-12-09,0.9421,0.9497,0.9407,0.9468
2016-12-08,0.9301,0.9437,0.9197,0.9421
2016-12-07,0.933,0.9339,0.9286,0.93
2016-12-06,0.9291,0.9348,0.9271,0.9331
2016-12-05,0.9366,0.9519,0.9261,0.9291
2016-12-02,0.9379,0.9413,0.9354,0.937
2016-12-01,0.9445,0.9449,0.9372,0.9379
2016-11-30,0.939,0.9477,0.9374,0.9445
2016-11-29,0.9421,0.9466,0.9384,0.9391
2016-11-28,0.9434,0.9468,0.9359,0.9421
2016-11-25,0.9475,0.9491,0.9408,0.9446
2016-11-24,0.9477,0.9509,0.9446,0.9475
2016-11-23,0.941,0.9501,0.9394,0.9474
2016-11-22,0.9408,0.9449,0.9382,0.941
2016-11-21,0.9448,0.9454,0.939,0.9408
2016-11-18,0.9411,0.9462,0.9396,0.9445
2016-11-17,0.9354,0.9419,0.9306,0.9411
2016-11-16,0.9327,0.9377,0.9294,0.9354
2016-11-15,0.9314,0.9336,0.9245,0.9327
2016-11-14,0.9215,0.934,0.9214,0.9314
2016-11-11,0.918,0.9235,0.9154,0.9212
2016-11-10,0.9167,0.9205,0.9127,0.9181
2016-11-09,0.907,0.9171,0.8849,0.9167
2016-11-08,0.9058,0.9085,0.9035,0.907
2016-11-07,0.898,0.9069,0.8978,0.9058
2016-11-04,0.9005,0.9026,0.8972,0.8976
2016-11-03,0.9011,0.9043,0.8987,0.9005
2016-11-02,0.9045,0.9051,0.899,0.9011
2016-11-01,0.9107,0.9126,0.9033,0.9045
2016-10-31,0.9102,0.9145,0.9096,0.9107
2016-10-28,0.9177,0.9183,0.9097,0.9102
2016-10-27,0.9167,0.919,0.9138,0.9177
2016-10-26,0.9184,0.9199,0.9136,0.9167
2016-10-25,0.919,0.9217,0.917,0.9185
2016-10-24,0.919,0.9209,0.9174,0.919
2016-10-21,0.915,0.921,0.9146,0.9188
2016-10-20,0.9113,0.9162,0.9058,0.9149
2016-10-19,0.9107,0.9129,0.9087,0.9113
2016-10-18,0.9091,0.9117,0.9068,0.9107
2016-10-17,0.9113,0.9122,0.9083,0.9091
2016-10-14,0.9045,0.9118,0.9041,0.9115
2016-10-13,0.9086,0.9105,0.9042,0.9045
2016-10-12,0.9047,0.9089,0.9032,0.9084
2016-10-11,0.8978,0.9052,0.8972,0.9047
2016-10-10,0.8931,0.8986,0.8926,0.8978
2016-10-07,0.8968,0.9007,0.8923,0.8928
2016-10-06,0.8925,0.8978,0.8918,0.8969
2016-10-05,0.8925,0.8938,0.8901,0.8924
2016-10-04,0.892,0.898,0.8897,0.8925
2016-10-03,0.89,0.8925,0.8893,0.892
2016-09-30,0.8911,0.8968,0.8888,0.8896
2016-09-29,0.8915,0.8932,0.8889,0.8911
2016-09-28,0.8917,0.8944,0.8899,0.8916
2016-09-27,0.8887,0.8938,0.8879,0.8917
2016-09-26,0.8908,0.8913,0.8866,0.8886
2016-09-23,0.8923,0.8935,0.8896,0.8908
2016-09-22,0.8933,0.8943,0.8882,0.8923
2016-09-21,0.8965,0.8993,0.8931,0.8938
2016-09-20,0.8949,0.8972,0.8918,0.8966
2016-09-19,0.8959,0.8971,0.893,0.8949
2016-09-16,0.8894,0.8971,0.8885,0.8963
2016-09-15,0.8889,0.8914,0.8862,0.8894
2016-09-14,0.8914,0.8922,0.887,0.8889
2016-09-13,0.8901,0.8927,0.8881,0.8913
2016-09-12,0.8903,0.8921,0.8874,0.8902
2016-09-09,0.8881,0.893,0.886,0.8903
2016-09-08,0.8897,0.8903,0.8828,0.8881
2016-09-07,0.8885,0.8907,0.8873,0.8896
2016-09-06,0.8971,0.8978,0.8878,0.8885
2016-09-05,0.8966,0.8978,0.8942,0.8972
2016-09-02,0.8931,0.8969,0.8887,0.8964
2016-09-01,0.8963,0.8987,0.8924,0.8931
2016-08-31,0.8974,0.8991,0.8956,0.8962
2016-08-30,0.8938,0.8985,0.8931,0.8975
2016-08-29,0.8934,0.8963,0.8922,0.8938
2016-08-26,0.8863,0.8946,0.8817,0.8931
2016-08-25,0.8878,0.8885,0.8851,0.8863
2016-08-24,0.8845,0.8894,0.8838,0.8878
2016-08-23,0.8834,0.8849,0.8806,0.8846
2016-08-22,0.8847,0.8873,0.8825,0.8835
2016-08-19,0.8809,0.8847,0.8799,0.8829
2016-08-18,0.8856,0.8863,0.8798,0.8808
2016-08-17,0.8867,0.8897,0.8837,0.8859
2016-08-16,0.8943,0.8949,0.8832,0.8866
2016-08-15,0.8958,0.8966,0.8926,0.8942
2016-08-12,0.8979,0.8986,0.8911,0.896
2016-08-11,0.8948,0.8982,0.8934,0.8979
2016-08-10,0.8996,0.9008,0.8936,0.8947
2016-08-09,0.9019,0.9035,0.8991,0.8993
2016-08-08,0.902,0.9032,0.9004,0.9015
2016-08-05,0.8985,0.9054,0.8958,0.9021
2016-08-04,0.8969,0.8998,0.8963,0.8986
2016-08-03,0.891,0.8978,0.8902,0.897
2016-08-02,0.8959,0.8965,0.8901,0.8907
2016-08-01,0.8947,0.8966,0.8941,0.8959
2016-07-29,0.9027,0.9035,0.893,0.895
2016-07-28,0.9044,0.9051,0.8993,0.9029
2016-07-27,0.9103,0.9124,0.9037,0.9043
2016-07-26,0.9094,0.911,0.9066,0.9101
2016-07-25,0.9116,0.9131,0.9091,0.9096
2016-07-22,0.9067,0.913,0.9057,0.9111
2016-07-21,0.9081,0.9108,0.9042,0.9071
2016-07-20,0.9073,0.9107,0.9065,0.9079
2016-07-19,0.903,0.9092,0.902,0.9073
2016-07-18,0.9056,0.9061,0.9022,0.9031
2016-07-15,0.8994,0.9072,0.8969,0.9062
2016-07-14,0.9017,0.9022,0.8956,0.8993
2016-07-13,0.9041,0.9057,0.8993,0.9018
2016-07-12,0.9044,0.905,0.8988,0.9042
2016-07-11,0.9048,0.9079,0.9029,0.9044
2016-07-08,0.904,0.909,0.8998,0.9046
2016-07-07,0.9009,0.905,0.9,0.9039
2016-07-06,0.9029,0.9067,0.8999,0.901
2016-07-05,0.8966,0.9041,0.8941,0.9029
2016-07-04,0.8975,0.9012,0.8956,0.8964
2016-07-01,0.9005,0.9033,0.8953,0.898
2016-06-30,0.8989,0.9071,0.8964,0.9005
2016-06-29,0.9038,0.9052,0.8984,0.8989
2016-06-28,0.9072,0.9084,0.9,0.9037
2016-06-27,0.9032,0.9116,0.9021,0.9072
2016-06-24,0.8779,0.9165,0.8746,0.8996
2016-06-23,0.8852,0.8854,0.8755,0.8781
2016-06-22,0.8891,0.89,0.882,0.8852
2016-06-21,0.8839,0.8896,0.881,0.8896
2016-06-20,0.8863,0.8863,0.8785,0.8839
2016-06-17,0.8909,0.8913,0.8852,0.8868
2016-06-16,0.8882,0.8985,0.8852,0.8908
2016-06-15,0.8923,0.8938,0.885,0.8881
2016-06-14,0.8857,0.8939,0.8847,0.8923
2016-06-13,0.8887,0.8903,0.8847,0.8856
2016-06-10,0.8837,0.8893,0.8827,0.8889
2016-06-09,0.8772,0.8846,0.8759,0.8837
2016-06-08,0.8805,0.8812,0.8763,0.8777
2016-06-07,0.8807,0.882,0.8786,0.8805
2016-06-06,0.8809,0.8829,0.8778,0.8807
2016-06-03,0.8969,0.898,0.8789,0.8798
2016-06-02,0.8939,0.8975,0.8912,0.8968
2016-06-01,0.8983,0.8999,0.8931,0.8938
2016-05-31,0.8978,0.8992,0.895,0.8984
2016-05-30,0.8997,0.9011,0.8971,0.8971
2016-05-27,0.8934,0.9003,0.8928,0.8997
2016-05-26,0.8965,0.8974,0.8915,0.8934
2016-05-25,0.8976,0.8987,0.8954,0.8965
2016-05-24,0.8912,0.8984,0.8907,0.8976
2016-05-23,0.8915,0.894,0.8894,0.8914
2016-05-20,0.8926,0.8934,0.8898,0.891
2016-05-19,0.8915,0.8945,0.8905,0.8926
2016-05-18,0.8839,0.892,0.8829,0.8915
2016-05-17,0.8833,0.8849,0.8812,0.8839
2016-05-16,0.8842,0.8849,0.8816,0.8835
2016-05-13,0.879,0.8864,0.8786,0.8845
2016-05-12,0.8752,0.8797,0.8746,0.879
2016-05-11,0.8794,0.8797,0.8736,0.8753
2016-05-10,0.8785,0.8805,0.8764,0.8794
2016-05-09,0.8771,0.8792,0.8756,0.8785
2016-05-06,0.8766,0.8783,0.8712,0.8768
2016-05-05,0.8705,0.8784,0.8698,0.8768
2016-05-04,0.8698,0.8721,0.8674,0.8706
2016-05-03,0.867,0.87,0.8609,0.8698
2016-05-02,0.8737,0.8738,0.8667,0.8671
2016-04-29,0.8808,0.8823,0.8726,0.873
2016-04-28,0.8833,0.8854,0.8796,0.8809
2016-04-27,0.8851,0.8871,0.8801,0.8833
2016-04-26,0.8877,0.8885,0.8819,0.8851
2016-04-25,0.8905,0.8916,0.8867,0.8875
2016-04-22,0.8859,0.8915,0.8842,0.8902
2016-04-21,0.8852,0.8873,0.8776,0.8859
2016-04-20,0.8806,0.8859,0.8782,0.8852
2016-04-19,0.8839,0.8849,0.8783,0.8805
2016-04-18,0.8852,0.8871,0.8824,0.8839
2016-04-15,0.8875,0.8893,0.8836,0.8863
2016-04-14,0.887,0.8903,0.8853,0.8875
2016-04-13,0.8783,0.8876,0.8778,0.887
2016-04-12,0.8765,0.8813,0.8722,0.8783
2016-04-11,0.8766,0.8793,0.8736,0.8766
2016-04-08,0.8789,0.8812,0.8757,0.8771
2016-04-07,0.8773,0.8821,0.873,0.879
2016-04-06,0.8785,0.8829,0.8747,0.8773
2016-04-05,0.8779,0.8822,0.8768,0.8785
2016-04-04,0.8778,0.8806,0.8762,0.8779
2016-04-01,0.8787,0.8824,0.8743,0.8781
2016-03-31,0.882,0.8843,0.8762,0.8788
2016-03-30,0.8858,0.8865,0.8799,0.882
2016-03-29,0.8932,0.8955,0.8846,0.8857
2016-03-28,0.8958,0.8967,0.8913,0.8932
2016-03-25,0.8949,0.8967,0.8938,0.8956
2016-03-24,0.8944,0.8974,0.8938,0.895
2016-03-23,0.8915,0.8962,0.8908,0.8942
2016-03-22,0.8894,0.8938,0.888,0.8915
2016-03-21,0.8874,0.8902,0.8861,0.8896
2016-03-18,0.8836,0.8885,0.882,0.8873
2016-03-17,0.891,0.8925,0.8816,0.8835
2016-03-16,0.9002,0.9045,0.8895,0.8909
2016-03-15,0.9007,0.9032,0.8989,0.9002
2016-03-14,0.8967,0.9029,0.8948,0.9005
2016-03-11,0.8947,0.9026,0.892,0.8968
2016-03-10,0.9086,0.9241,0.8914,0.8947
2016-03-09,0.9086,0.9137,0.9061,0.9087
2016-03-08,0.908,0.9098,0.9043,0.9087
2016-03-07,0.9084,0.9141,0.9069,0.908
2016-03-04,0.9127,0.9172,0.9055,0.9088
2016-03-03,0.9197,0.9215,0.9113,0.9125
2016-03-02,0.9202,0.9239,0.9191,0.9202
2016-03-01,0.9198,0.9231,0.9179,0.9203
2016-02-29,0.9148,0.921,0.9121,0.9197
2016-02-26,0.9076,0.9165,0.9034,0.9146
2016-02-25,0.908,0.9102,0.9049,0.9072
2016-02-24,0.9075,0.9127,0.9053,0.9081
2016-02-23,0.9067,0.9101,0.9048,0.9074
2016-02-22,0.8987,0.909,0.898,0.9067
2016-02-19,0.9004,0.9038,0.8977,0.8981
2016-02-18,0.8987,0.9034,0.8968,0.9004
2016-02-17,0.8974,0.9005,0.8945,0.8987
2016-02-16,0.8965,0.8992,0.8934,0.8974
2016-02-15,0.8888,0.8988,0.8886,0.8965
2016-02-12,0.8828,0.8918,0.8824,0.8881
2016-02-11,0.8858,0.8871,0.879,0.8831
2016-02-10,0.8855,0.8961,0.8841,0.8858
2016-02-09,0.8931,0.8959,0.882,0.8855
2016-02-08,0.8963,0.9021,0.8915,0.8931
2016-02-05,0.8923,0.9003,0.8892,0.8962
2016-02-04,0.9006,0.9034,0.8897,0.8923
2016-02-03,0.9158,0.9172,0.8972,0.9006
2016-02-02,0.9184,0.9188,0.914,0.9159
2016-02-01,0.9231,0.9248,0.9163,0.9184
2016-01-29,0.9142,0.9251,0.9133,0.9228
2016-01-28,0.9181,0.9201,0.9117,0.9142
2016-01-27,0.9199,0.9217,0.916,0.9181
2016-01-26,0.9218,0.9244,0.9196,0.9198
2016-01-25,0.926,0.927,0.921,0.9218
2016-01-22,0.9196,0.9269,0.9193,0.9262
2016-01-21,0.9181,0.9278,0.9157,0.9197
2016-01-20,0.9167,0.9194,0.9111,0.9182
2016-01-19,0.9182,0.9209,0.9141,0.9167
2016-01-18,0.9159,0.9201,0.914,0.9181
2016-01-15,0.9204,0.9214,0.9103,0.9161
2016-01-14,0.9191,0.923,0.9136,0.9204
2016-01-13,0.921,0.9256,0.9184,0.9194
2016-01-12,0.9209,0.9243,0.9173,0.921
2016-01-11,0.9154,0.9219,0.9115,0.9208
2016-01-08,0.9147,0.9257,0.9145,0.9148
2016-01-07,0.9276,0.9285,0.9139,0.9145
2016-01-06,0.9304,0.9329,0.9259,0.9276
2016-01-05,0.9233,0.9337,0.9226,0.9304
2016-01-04,0.9209,0.9276,0.9135,0.9232
2016-01-01,0.9208,0.9223,0.92,0.9208
2015-12-31,0.9145,0.9217,0.9142,0.9208
2015-12-30,0.9158,0.9173,0.9137,0.9147
2015-12-29,0.9118,0.9176,0.9097,0.916
2015-12-28,0.9129,0.9132,0.9097,0.9118
2015-12-25,0.9114,0.9139,0.911,0.911
2015-12-24,0.9165,0.9174,0.9113,0.9117
2015-12-23,0.9126,0.92,0.9125,0.9167
2015-12-22,0.9161,0.9173,0.9103,0.9129
2015-12-21,0.9205,0.9219,0.9141,0.9162
2015-12-18,0.9237,0.9256,0.9195,0.9202
2015-12-17,0.9162,0.9259,0.916,0.9238
2015-12-16,0.9145,0.9185,0.9084,0.9164
2015-12-15,0.9098,0.9172,0.9041,0.9152
2015-12-14,0.9103,0.9137,0.905,0.9098
2015-12-11,0.9138,0.9154,0.9066,0.91
2015-12-10,0.9068,0.9153,0.9067,0.9141
2015-12-09,0.9182,0.9194,0.9056,0.907
2015-12-08,0.9227,0.9236,0.9172,0.918
2015-12-07,0.9203,0.9264,0.9184,0.9229
2015-12-04,0.914,0.923,0.9127,0.9186
2015-12-03,0.9421,0.9489,0.9106,0.9143
2015-12-02,0.9405,0.9479,0.9397,0.9421
2015-12-01,0.9463,0.9468,0.9399,0.9406
2015-11-30,0.9441,0.9472,0.9436,0.9466
2015-11-27,0.9425,0.9463,0.94,0.9441
2015-11-26,0.9411,0.9435,0.9404,0.9426
2015-11-25,0.9396,0.9464,0.9354,0.9411
2015-11-24,0.9402,0.9416,0.9368,0.9398
2015-11-23,0.9393,0.9441,0.9383,0.9402
2015-11-20,0.9316,0.9399,0.9307,0.9394
2015-11-19,0.9382,0.9386,0.9291,0.9316
2015-11-18,0.9396,0.9419,0.9352,0.9382
2015-11-17,0.9356,0.9408,0.935,0.9395
2015-11-16,0.93,0.937,0.9277,0.9358
2015-11-13,0.9247,0.9334,0.9244,0.9277
2015-11-12,0.9308,0.9354,0.9234,0.9245
2015-11-11,0.9325,0.9341,0.9281,0.9308
2015-11-10,0.9301,0.9369,0.929,0.9326
2015-11-09,0.9318,0.933,0.9267,0.9303
2015-11-06,0.9188,0.934,0.9179,0.9311
2015-11-05,0.9203,0.9231,0.9177,0.9188
2015-11-04,0.9118,0.9223,0.9116,0.9203
2015-11-03,0.9079,0.9145,0.9066,0.9118
2015-11-02,0.9068,0.9091,0.9048,0.9077
2015-10-30,0.911,0.9119,0.9031,0.9087
2015-10-29,0.9154,0.9171,0.9103,0.9111
2015-10-28,0.9049,0.9179,0.9012,0.9158
2015-10-27,0.9043,0.9067,0.9026,0.9051
2015-10-26,0.9084,0.91,0.9034,0.9045
2015-10-23,0.9002,0.9097,0.8976,0.9077
2015-10-22,0.8819,0.901,0.8809,0.9004
2015-10-21,0.8814,0.8824,0.8789,0.8819
2015-10-20,0.8829,0.8832,0.8782,0.8813
2015-10-19,0.8809,0.8845,0.8788,0.8831
2015-10-16,0.8786,0.8823,0.8773,0.8814
2015-10-15,0.8716,0.8801,0.8699,0.8785
2015-10-14,0.8788,0.8791,0.8703,0.8716
2015-10-13,0.8807,0.8815,0.8763,0.8787
2015-10-12,0.8806,0.8808,0.8774,0.8807
2015-10-09,0.8867,0.8876,0.8781,0.8804
2015-10-08,0.8899,0.8903,0.8829,0.8866
2015-10-07,0.8871,0.892,0.8862,0.8901
2015-10-06,0.8936,0.8952,0.8865,0.8872
2015-10-05,0.8911,0.8952,0.8858,0.8941
2015-10-02,0.8933,0.8969,0.8835,0.8921
2015-10-01,0.8948,0.8981,0.892,0.8932
2015-09-30,0.889,0.8963,0.8879,0.8947
2015-09-29,0.8892,0.8934,0.8863,0.889
2015-09-28,0.8932,0.8972,0.889,0.8892
2015-09-25,0.8905,0.8997,0.8902,0.8933
2015-09-24,0.894,0.8957,0.8852,0.8905
2015-09-23,0.8993,0.9006,0.8917,0.894
2015-09-22,0.8937,0.8999,0.8922,0.8993
2015-09-21,0.886,0.8944,0.8826,0.8937
2015-09-18,0.8744,0.8875,0.8726,0.8846
2015-09-17,0.8858,0.8862,0.8739,0.8744
2015-09-16,0.8873,0.8918,0.8833,0.8858
2015-09-15,0.8839,0.8883,0.8827,0.8876
2015-09-14,0.8819,0.8864,0.8793,0.8834
2015-09-11,0.8866,0.8886,0.881,0.8819
2015-09-10,0.8923,0.8952,0.8853,0.8866
2015-09-09,0.8927,0.8985,0.8915,0.8925
2015-09-08,0.8952,0.8967,0.8905,0.8929
2015-09-07,0.8962,0.8992,0.8946,0.8955
2015-09-04,0.899,0.9018,0.8943,0.8971
2015-09-03,0.8906,0.902,0.8893,0.899
2015-09-02,0.8841,0.8916,0.8833,0.8907
2015-09-01,0.892,0.8925,0.8824,0.8838
2015-08-31,0.8948,0.896,0.8879,0.8917
2015-08-28,0.8893,0.8965,0.8842,0.8945
2015-08-27,0.8838,0.8926,0.8799,0.8893
2015-08-26,0.8683,0.8858,0.8649,0.8838
2015-08-25,0.8606,0.8774,0.8603,0.8683
2015-08-24,0.8801,0.8801,0.8539,0.8605
2015-08-21,0.8893,0.8908,0.8778,0.878
2015-08-20,0.8994,0.9004,0.8892,0.8896
2015-08-19,0.9073,0.9077,0.898,0.8993
2015-08-18,0.9027,0.9077,0.9014,0.9074
2015-08-17,0.9004,0.9043,0.8989,0.9027
2015-08-14,0.8969,0.9011,0.8937,0.9004
2015-08-13,0.8964,0.9025,0.8938,0.897
2015-08-12,0.9058,0.9071,0.8918,0.8964
2015-08-11,0.9076,0.9124,0.9018,0.9058
2015-08-10,0.9117,0.9153,0.9056,0.9075
2015-08-07,0.9151,0.9212,0.9108,0.9117
2015-08-06,0.9167,0.9196,0.9139,0.9154
2015-08-05,0.9191,0.9218,0.9143,0.917
2015-08-04,0.913,0.9193,0.91,0.919
2015-08-03,0.9116,0.914,0.9094,0.9132
2015-07-31,0.9147,0.9157,0.8998,0.9101
2015-07-30,0.9102,0.918,0.9098,0.9147
2015-07-29,0.9042,0.9119,0.9021,0.9103
2015-07-28,0.9014,0.9073,0.9009,0.9042
2015-07-27,0.9113,0.9117,0.8985,0.9014
2015-07-24,0.9106,0.9153,0.9094,0.9104
2015-07-23,0.915,0.9157,0.9075,0.9106
2015-07-22,0.9144,0.92,0.9118,0.9147
2015-07-21,0.9238,0.925,0.9116,0.9143
2015-07-20,0.9231,0.9252,0.9199,0.9236
2015-07-17,0.9196,0.9236,0.9168,0.9235
2015-07-16,0.9134,0.9212,0.9121,0.9195
2015-07-15,0.9082,0.915,0.9062,0.9134
2015-07-14,0.9089,0.912,0.9024,0.9081
2015-07-13,0.9007,0.9095,0.8931,0.9088
2015-07-10,0.906,0.9066,0.8916,0.8957
2015-07-09,0.9028,0.9099,0.8989,0.9059
2015-07-08,0.9081,0.9113,0.9015,0.9026
2015-07-07,0.9044,0.9161,0.9041,0.9081
2015-07-06,0.909,0.9117,0.9012,0.9044
2015-07-03,0.9022,0.9038,0.8994,0.8998
2015-07-02,0.9047,0.9066,0.899,0.9022
2015-07-01,0.8976,0.9057,0.8951,0.9047
2015-06-30,0.89,0.8999,0.8893,0.8979
2015-06-29,0.906,0.9129,0.8866,0.89
2015-06-26,0.8925,0.8985,0.8912,0.8956
2015-06-25,0.8924,0.8966,0.8906,0.8925
2015-06-24,0.8953,0.8965,0.89,0.8925
2015-06-23,0.8818,0.8981,0.8812,0.8953
2015-06-22,0.88,0.884,0.8764,0.8818
2015-06-19,0.8804,0.8856,0.8778,0.8808
2015-06-18,0.8821,0.8827,0.8744,0.8803
2015-06-17,0.889,0.8919,0.8803,0.8821
2015-06-16,0.886,0.8925,0.8826,0.8891
2015-06-15,0.8908,0.8938,0.8853,0.8863
2015-06-12,0.8883,0.8969,0.8852,0.8874
2015-06-11,0.8831,0.8942,0.8823,0.8883
2015-06-10,0.8863,0.8881,0.8783,0.8829
2015-06-09,0.8857,0.8918,0.8814,0.8863
2015-06-08,0.8998,0.9024,0.8843,0.8857
2015-06-05,0.8899,0.9051,0.8865,0.8999
2015-06-04,0.887,0.8909,0.8788,0.8898
2015-06-03,0.8965,0.9026,0.8861,0.8871
2015-06-02,0.9151,0.9162,0.8936,0.8965
2015-06-01,0.9102,0.9186,0.91,0.9151
2015-05-29,0.9134,0.9153,0.9086,0.9101
2015-05-28,0.9171,0.9201,0.9125,0.9133
2015-05-27,0.9198,0.9243,0.9149,0.917
2015-05-26,0.911,0.9206,0.9102,0.9197
2015-05-25,0.9087,0.9125,0.9082,0.911
2015-05-22,0.8999,0.9089,0.8922,0.9077
2015-05-21,0.9015,0.9025,0.8943,0.8999
2015-05-20,0.8969,0.904,0.8964,0.9015
2015-05-19,0.8838,0.8994,0.8828,0.8969
2015-05-18,0.8731,0.8851,0.8731,0.8838
2015-05-15,0.8765,0.8831,0.872,0.8732
2015-05-14,0.8805,0.8819,0.8737,0.8765
2015-05-13,0.8918,0.8927,0.8785,0.8805
2015-05-12,0.8965,0.8982,0.8866,0.8917
2015-05-11,0.8931,0.8985,0.8923,0.8965
2015-05-08,0.8876,0.8946,0.8859,0.8925
2015-05-07,0.8813,0.8899,0.8778,0.8876
2015-05-06,0.894,0.8949,0.8794,0.8808
2015-05-05,0.8972,0.9037,0.8911,0.894
2015-05-04,0.8927,0.8992,0.8909,0.8972
2015-05-01,0.891,0.8949,0.8858,0.8928
2015-04-30,0.8986,0.9033,0.8876,0.8909
2015-04-29,0.9106,0.9125,0.8938,0.8984
2015-04-28,0.918,0.9209,0.9098,0.9106
2015-04-27,0.9198,0.9243,0.9152,0.9184
2015-04-24,0.9239,0.9273,0.9174,0.9197
2015-04-23,0.9325,0.9376,0.922,0.9237
2015-04-22,0.9314,0.9339,0.9258,0.9323
2015-04-21,0.9313,0.9382,0.9275,0.9315
2015-04-20,0.924,0.9335,0.9238,0.9312
2015-04-17,0.9293,0.9315,0.9218,0.9254
2015-04-16,0.9359,0.9413,0.9244,0.9293
2015-04-15,0.9386,0.9461,0.9345,0.9358
2015-04-14,0.9464,0.9497,0.9339,0.9387
2015-04-13,0.9432,0.9506,0.9416,0.9463
2015-04-10,0.9382,0.9463,0.936,0.9431
2015-04-09,0.9276,0.9401,0.9269,0.9382
2015-04-08,0.9246,0.929,0.9185,0.9276
2015-04-07,0.9157,0.9257,0.9128,0.9247
2015-04-06,0.9099,0.9166,0.9061,0.9155
2015-04-03,0.9188,0.9206,0.9068,0.9109
2015-04-02,0.9291,0.9302,0.917,0.9188
2015-04-01,0.9315,0.933,0.9259,0.9291
2015-03-31,0.923,0.9334,0.922,0.9319
2015-03-30,0.9183,0.9252,0.9178,0.9231
2015-03-27,0.9186,0.9259,0.9133,0.9184
2015-03-26,0.9116,0.9212,0.9048,0.9188
2015-03-25,0.9154,0.9174,0.9078,0.9115
2015-03-24,0.9137,0.9183,0.9066,0.9152
2015-03-23,0.9226,0.9288,0.9114,0.9136
2015-03-20,0.9381,0.939,0.919,0.9241
2015-03-19,0.9203,0.9423,0.9162,0.9381
2015-03-18,0.9437,0.9453,0.9097,0.9203
2015-03-17,0.9462,0.9479,0.9389,0.9436
2015-03-16,0.9529,0.9563,0.9416,0.9462
2015-03-13,0.9403,0.9559,0.94,0.9529
2015-03-12,0.9481,0.9529,0.936,0.9403
2015-03-11,0.9348,0.9515,0.9331,0.9482
2015-03-10,0.9215,0.9353,0.921,0.9348
2015-03-09,0.9232,0.924,0.9168,0.9215
2015-03-06,0.9064,0.9224,0.9063,0.9222
2015-03-05,0.9027,0.9102,0.8997,0.9066
2015-03-04,0.8948,0.9041,0.894,0.9026
2015-03-03,0.8943,0.8966,0.8914,0.8948
2015-03-02,0.8939,0.8961,0.8896,0.8941
2015-02-27,0.893,0.8949,0.8892,0.8932
2015-02-26,0.8803,0.8942,0.8787,0.8931
2015-02-25,0.8819,0.8822,0.8781,0.8802
2015-02-24,0.8823,0.8859,0.8803,0.8818
2015-02-23,0.8785,0.8854,0.8762,0.8824
2015-02-20,0.8797,0.8866,0.8749,0.8787
2015-02-19,0.8774,0.8807,0.8733,0.8798
2015-02-18,0.8764,0.8824,0.8759,0.8774
2015-02-17,0.8809,0.8833,0.8735,0.8763
2015-02-16,0.8782,0.8836,0.8749,0.8807
2015-02-13,0.877,0.8788,0.8739,0.8783
2015-02-12,0.8823,0.8848,0.8754,0.877
2015-02-11,0.8834,0.8866,0.8812,0.8823
2015-02-10,0.8831,0.8871,0.8813,0.8834
2015-02-09,0.8837,0.8873,0.8803,0.8831
2015-02-06,0.8714,0.8841,0.8705,0.8837
2015-02-05,0.8814,0.8847,0.8696,0.8714
2015-02-04,0.8711,0.8837,0.8707,0.8813
2015-02-03,0.8817,0.884,0.8671,0.8711
2015-02-02,0.8862,0.8866,0.8801,0.8817
2015-01-30,0.8834,0.8867,0.88,0.8859
2015-01-29,0.886,0.888,0.8796,0.8834
2015-01-28,0.8786,0.8869,0.8784,0.8859
2015-01-27,0.8898,0.891,0.8754,0.8787
2015-01-26,0.8939,0.901,0.8853,0.8898
2015-01-23,0.8799,0.8997,0.8792,0.8922
2015-01-22,0.8613,0.8836,0.8586,0.8798
2015-01-21,0.8657,0.8665,0.8565,0.8613
2015-01-20,0.8617,0.8666,0.8609,0.8658
2015-01-19,0.8658,0.8662,0.8591,0.8617
2015-01-16,0.8597,0.8726,0.8584,0.8644
2015-01-15,0.8483,0.8645,0.8479,0.8598
2015-01-14,0.8494,0.8527,0.8441,0.8482
2015-01-13,0.845,0.8509,0.8432,0.8495
2015-01-12,0.8448,0.8485,0.8424,0.8451
2015-01-09,0.848,0.8502,0.8441,0.8445
2015-01-08,0.8447,0.8508,0.844,0.848
2015-01-07,0.8411,0.8474,0.8405,0.8447
2015-01-06,0.838,0.8415,0.8355,0.8411
2015-01-05,0.8332,0.8417,0.8328,0.838
2015-01-02,0.8262,0.8333,0.8258,0.8332
2015-01-01,0.8266,0.8269,0.826,0.8262
2014-12-31,0.8227,0.8267,0.8217,0.8266
2014-12-30,0.8229,0.8249,0.8204,0.8225
2014-12-29,0.8209,0.8237,0.8182,0.8229
2014-12-26,0.8182,0.8219,0.8178,0.8213
2014-12-25,0.82,0.8207,0.816,0.8182
2014-12-24,0.8216,0.8218,0.8183,0.82
2014-12-23,0.8177,0.8221,0.8166,0.8215
2014-12-22,0.818,0.8186,0.8148,0.8176
2014-12-19,0.8139,0.8184,0.8128,0.8178
2014-12-18,0.8103,0.8154,0.8095,0.8139
2014-12-17,0.7993,0.8117,0.7989,0.8102
2014-12-16,0.804,0.8044,0.7956,0.7993
2014-12-15,0.8024,0.8056,0.8009,0.804
2014-12-12,0.8057,0.8075,0.8009,0.8025
2014-12-11,0.8034,0.8085,0.8003,0.8058
2014-12-10,0.8082,0.809,0.8032,0.8034
2014-12-09,0.8119,0.8136,0.8033,0.8081
2014-12-08,0.8144,0.8166,0.8101,0.8119
2014-12-05,0.8078,0.8149,0.8069,0.8139
2014-12-04,0.8123,0.8142,0.8028,0.8079
2014-12-03,0.8076,0.813,0.807,0.8123
2014-12-02,0.8019,0.808,0.8014,0.8076
2014-12-01,0.8031,0.8053,0.7995,0.8019
2014-11-28,0.8022,0.8048,0.8006,0.8031
2014-11-27,0.7996,0.8023,0.7984,0.8022
2014-11-26,0.8017,0.8037,0.7979,0.7997
2014-11-25,0.8037,0.8064,0.8008,0.8017
2014-11-24,0.8079,0.8092,0.8035,0.8037
2014-11-21,0.7975,0.8082,0.7956,0.8071
2014-11-20,0.7966,0.7998,0.7952,0.7975
2014-11-19,0.7977,0.7993,0.7937,0.7966
2014-11-18,0.8032,0.8037,0.797,0.7977
2014-11-17,0.7983,0.8036,0.7951,0.8032
2014-11-14,0.8016,0.8066,0.797,0.7985
2014-11-13,0.8039,0.8048,0.8005,0.8015
2014-11-12,0.8016,0.8053,0.8001,0.8039
2014-11-11,0.8051,0.8069,0.8,0.8016
2014-11-10,0.8031,0.8053,0.7994,0.8051
2014-11-07,0.8081,0.8092,0.8019,0.803
2014-11-06,0.8009,0.8088,0.7978,0.8081
2014-11-05,0.7971,0.8028,0.7957,0.8009
2014-11-04,0.8012,0.8013,0.7951,0.7971
2014-11-03,0.7989,0.8037,0.7988,0.8012
2014-10-31,0.7929,0.8009,0.7925,0.7985
2014-10-30,0.7917,0.797,0.7911,0.7929
2014-10-29,0.7853,0.7917,0.7831,0.7916
2014-10-28,0.7875,0.7884,0.7834,0.7853
2014-10-27,0.7886,0.7896,0.7859,0.7875
2014-10-24,0.7907,0.7915,0.7876,0.7893
2014-10-23,0.7906,0.7928,0.7888,0.7908
2014-10-22,0.7865,0.7914,0.7849,0.7906
2014-10-21,0.7812,0.7866,0.7788,0.7864
2014-10-20,0.7837,0.7855,0.7802,0.7814
2014-10-17,0.7807,0.7847,0.779,0.7836
2014-10-16,0.779,0.7871,0.7785,0.7807
2014-10-15,0.79,0.7922,0.776,0.779
2014-10-14,0.7842,0.7912,0.7831,0.79
2014-10-13,0.7914,0.7924,0.7836,0.7842
2014-10-10,0.788,0.7934,0.7864,0.7919
2014-10-09,0.7853,0.7897,0.7817,0.788
2014-10-08,0.7893,0.7923,0.7843,0.7853
2014-10-07,0.7902,0.7947,0.7885,0.7893
2014-10-06,0.7995,0.7998,0.789,0.7903
2014-10-03,0.7894,0.8,0.7889,0.7989
2014-10-02,0.7922,0.7928,0.7874,0.7894
2014-10-01,0.7917,0.7947,0.7911,0.7922
2014-09-30,0.7884,0.7955,0.7873,0.7917
2014-09-29,0.7884,0.7897,0.7864,0.7884
2014-09-26,0.7843,0.7889,0.7836,0.7884
2014-09-25,0.7825,0.7876,0.7823,0.7843
2014-09-24,0.7784,0.7829,0.7773,0.7825
2014-09-23,0.7783,0.7787,0.7751,0.7784
2014-09-22,0.7796,0.7803,0.7771,0.7782
2014-09-19,0.7739,0.7796,0.7734,0.7795
2014-09-18,0.7773,0.7792,0.7733,0.7739
2014-09-17,0.7716,0.7781,0.7703,0.7773
2014-09-16,0.7729,0.7739,0.7695,0.7716
2014-09-15,0.7707,0.7748,0.7703,0.7727
2014-09-12,0.7738,0.7747,0.7705,0.7713
2014-09-11,0.7742,0.7754,0.7721,0.7736
2014-09-10,0.773,0.7763,0.7714,0.7742
2014-09-09,0.7754,0.7776,0.7717,0.773
2014-09-08,0.7727,0.7763,0.7714,0.7754
2014-09-05,0.7726,0.7739,0.77,0.7722
2014-09-04,0.7607,0.774,0.7602,0.7725
2014-09-03,0.7615,0.7621,0.7599,0.7604
2014-09-02,0.7617,0.7628,0.7612,0.7615
2014-09-01,0.7612,0.7623,0.7607,0.7618
2014-08-29,0.7588,0.7615,0.7577,0.7615
2014-08-28,0.758,0.76,0.7564,0.7586
2014-08-27,0.7594,0.7603,0.757,0.758
2014-08-26,0.7581,0.7597,0.7567,0.7594
2014-08-25,0.7565,0.7586,0.7565,0.758
2014-08-22,0.7529,0.7565,0.752,0.7551
2014-08-21,0.7542,0.7552,0.7525,0.7529
2014-08-20,0.7509,0.7544,0.7504,0.7542
2014-08-19,0.7484,0.7512,0.7481,0.7508
2014-08-18,0.7467,0.7489,0.7463,0.7484
2014-08-15,0.7482,0.7487,0.7456,0.7464
2014-08-14,0.7483,0.7492,0.7458,0.7483
2014-08-13,0.748,0.7496,0.7454,0.7483
2014-08-12,0.7471,0.7499,0.747,0.748
2014-08-11,0.7463,0.7474,0.7454,0.7471
2014-08-08,0.7483,0.7494,0.7445,0.7457
2014-08-07,0.7473,0.7498,0.7466,0.7483
2014-08-06,0.7476,0.7501,0.747,0.7473
2014-08-05,0.7451,0.7487,0.7449,0.7477
2014-08-04,0.7447,0.7458,0.7444,0.7451
2014-08-01,0.7468,0.7475,0.7438,0.7446
2014-07-31,0.7465,0.7479,0.7462,0.7469
2014-07-30,0.7458,0.7482,0.7454,0.7465
2014-07-29,0.7441,0.7461,0.7438,0.7458
2014-07-28,0.7445,0.7448,0.7438,0.744
2014-07-25,0.7428,0.7451,0.742,0.7446
2014-07-24,0.7428,0.7442,0.7416,0.7428
2014-07-23,0.7427,0.7433,0.7422,0.7427
2014-07-22,0.7394,0.743,0.7391,0.7427
2014-07-21,0.7392,0.7401,0.7381,0.7394
2014-07-18,0.7393,0.7413,0.7388,0.7394
2014-07-17,0.7393,0.7399,0.7385,0.7393
2014-07-16,0.737,0.7396,0.7366,0.7393
2014-07-15,0.7343,0.7374,0.7338,0.7369
2014-07-14,0.7351,0.7355,0.7331,0.7343
2014-07-11,0.7348,0.7358,0.7339,0.7349
2014-07-10,0.7329,0.7359,0.7325,0.7348
2014-07-09,0.7346,0.7352,0.7327,0.7329
2014-07-08,0.735,0.736,0.7343,0.7346
2014-07-07,0.7354,0.7366,0.7347,0.735
2014-07-04,0.7347,0.7362,0.7346,0.7356
2014-07-03,0.7321,0.7356,0.7318,0.7347
2014-07-02,0.7311,0.7331,0.7308,0.7321
2014-07-01,0.7304,0.7313,0.7299,0.731
2014-06-30,0.7328,0.7332,0.7301,0.7304
2014-06-27,0.7347,0.7349,0.7325,0.7327
2014-06-26,0.7338,0.7366,0.733,0.7347
2014-06-25,0.735,0.7353,0.7325,0.7337
2014-06-24,0.735,0.7363,0.7338,0.735
2014-06-23,0.7356,0.7367,0.7345,0.7351
2014-06-20,0.7349,0.7373,0.7335,0.7353
2014-06-19,0.7356,0.7362,0.733,0.7349
2014-06-18,0.7382,0.7385,0.7353,0.7356
2014-06-17,0.7367,0.7388,0.736,0.7383
2014-06-16,0.7388,0.7401,0.7364,0.7367
2014-06-13,0.7379,0.7396,0.7364,0.7384
2014-06-12,0.739,0.7401,0.7368,0.7379
2014-06-11,0.7382,0.7396,0.7376,0.739
2014-06-10,0.7357,0.739,0.7352,0.7381
2014-06-09,0.7329,0.7363,0.7316,0.7356
2014-06-06,0.7321,0.7342,0.7311,0.733
2014-06-05,0.7354,0.7406,0.7316,0.7321
2014-06-04,0.7338,0.7356,0.7332,0.7353
2014-06-03,0.7354,0.7361,0.7328,0.7338
2014-06-02,0.7334,0.736,0.7328,0.7354
2014-05-30,0.7352,0.7354,0.7326,0.7337
2014-05-29,0.7358,0.7361,0.7339,0.7352
2014-05-28,0.7335,0.736,0.7332,0.7358
2014-05-27,0.7328,0.7347,0.7316,0.7334
2014-05-26,0.7338,0.7345,0.7323,0.7329
2014-05-23,0.7323,0.7345,0.732,0.7335
2014-05-22,0.7307,0.7329,0.7306,0.7323
2014-05-21,0.7298,0.7335,0.7287,0.7307
2014-05-20,0.7294,0.7311,0.7292,0.7298
2014-05-19,0.7298,0.7306,0.7281,0.7294
2014-05-16,0.7293,0.7308,0.7285,0.7303
2014-05-15,0.7292,0.7328,0.7282,0.7293
2014-05-14,0.7298,0.7301,0.7282,0.7292
2014-05-13,0.7269,0.7306,0.7261,0.7297
2014-05-12,0.7271,0.7273,0.7259,0.7269
2014-05-09,0.7226,0.7276,0.7223,0.7268
2014-05-08,0.7188,0.723,0.7146,0.7225
2014-05-07,0.718,0.719,0.7174,0.7189
2014-05-06,0.7207,0.721,0.7167,0.718
2014-05-05,0.721,0.7212,0.7197,0.7207
2014-05-02,0.721,0.7241,0.7204,0.721
2014-05-01,0.7211,0.7214,0.72,0.721
2014-04-30,0.724,0.7259,0.7207,0.7211
2014-04-29,0.7221,0.7244,0.7205,0.7241
2014-04-28,0.7227,0.724,0.7205,0.7221
2014-04-25,0.723,0.7234,0.7221,0.7229
2014-04-24,0.7238,0.7252,0.7224,0.723
2014-04-23,0.7244,0.7247,0.7218,0.7238
2014-04-22,0.7251,0.7255,0.7233,0.7244
2014-04-21,0.7239,0.7253,0.723,0.7251
2014-04-18,0.7239,0.7243,0.7234,0.7239
2014-04-17,0.7239,0.7242,0.7212,0.7239
2014-04-16,0.724,0.7245,0.722,0.7238
2014-04-15,0.7236,0.7252,0.7229,0.7239
2014-04-14,0.7227,0.7243,0.7212,0.7236
2014-04-11,0.7201,0.7214,0.7192,0.7202
2014-04-10,0.7218,0.7228,0.7194,0.7201
2014-04-09,0.7249,0.7258,0.7214,0.7218
2014-04-08,0.7278,0.728,0.7241,0.7249
2014-04-07,0.7301,0.7306,0.7273,0.7278
2014-04-04,0.7289,0.7315,0.7282,0.7298
2014-04-03,0.7264,0.7301,0.7243,0.7289
2014-04-02,0.725,0.7272,0.7236,0.7264
2014-04-01,0.7263,0.7264,0.7238,0.725
2014-03-31,0.727,0.7281,0.7243,0.7262
2014-03-28,0.7278,0.7297,0.7261,0.7272
2014-03-27,0.7256,0.7284,0.7248,0.7278
2014-03-26,0.7232,0.7259,0.7232,0.7255
2014-03-25,0.7226,0.7273,0.7222,0.7232
2014-03-24,0.7251,0.7268,0.7207,0.7226
2014-03-21,0.7258,0.7265,0.724,0.725
2014-03-20,0.7229,0.7273,0.7223,0.7258
2014-03-19,0.7178,0.7242,0.7176,0.723
2014-03-18,0.7183,0.7205,0.7172,0.7177
2014-03-17,0.719,0.7206,0.7169,0.7183
2014-03-14,0.7211,0.7222,0.7175,0.7187
2014-03-13,0.7192,0.7223,0.716,0.7211
2014-03-12,0.7216,0.7224,0.7187,0.7192
2014-03-11,0.7207,0.723,0.7205,0.7216
2014-03-10,0.7207,0.7215,0.7196,0.7207
2014-03-07,0.7215,0.7219,0.7186,0.7206
2014-03-06,0.7282,0.7289,0.7209,0.7215
2014-03-05,0.7276,0.7296,0.7274,0.7282
2014-03-04,0.7281,0.7289,0.7256,0.7276
2014-03-03,0.7254,0.7286,0.725,0.7281
2014-02-28,0.7295,0.7303,0.7234,0.7245
2014-02-27,0.7306,0.733,0.7285,0.7295
2014-02-26,0.7276,0.7321,0.7269,0.7306
2014-02-25,0.7281,0.7292,0.7264,0.7275
2014-02-24,0.728,0.7295,0.7262,0.7281
2014-02-21,0.729,0.7299,0.7268,0.7279
2014-02-20,0.7282,0.7307,0.7266,0.729
2014-02-19,0.7269,0.7287,0.7261,0.7282
2014-02-18,0.7296,0.7303,0.7262,0.7269
2014-02-17,0.7307,0.7307,0.7286,0.7295
2014-02-14,0.731,0.7313,0.7291,0.7304
2014-02-13,0.7356,0.7362,0.7303,0.7309
2014-02-12,0.7333,0.7373,0.7324,0.7356
2014-02-11,0.7328,0.7338,0.7308,0.7333
2014-02-10,0.7336,0.7349,0.7325,0.7328
2014-02-07,0.7359,0.7379,0.7331,0.7334
2014-02-06,0.739,0.7416,0.7342,0.7358
2014-02-05,0.7397,0.7408,0.7377,0.7389
2014-02-04,0.7394,0.7412,0.7387,0.7397
2014-02-03,0.7412,0.742,0.7388,0.7393
2014-01-31,0.7377,0.7419,0.737,0.7414
2014-01-30,0.732,0.7383,0.7317,0.7377
2014-01-29,0.7316,0.7352,0.7307,0.732
2014-01-28,0.7313,0.7338,0.7305,0.7316
2014-01-27,0.7313,0.7325,0.7291,0.7314
2014-01-24,0.7302,0.732,0.7278,0.7312
2014-01-23,0.7382,0.7391,0.73,0.7302
2014-01-22,0.7374,0.7389,0.7362,0.7382
2014-01-21,0.7379,0.7399,0.737,0.7373
2014-01-20,0.7384,0.7403,0.737,0.7379
2014-01-17,0.7343,0.7399,0.7341,0.7385
2014-01-16,0.735,0.7363,0.7326,0.7342
2014-01-15,0.731,0.7364,0.7308,0.735
2014-01-14,0.7315,0.7327,0.73,0.731
2014-01-13,0.7315,0.7333,0.7307,0.7315
2014-01-10,0.7349,0.7366,0.7306,0.7316
2014-01-09,0.7366,0.7381,0.7335,0.735
2014-01-08,0.7345,0.7378,0.7333,0.7366
2014-01-07,0.7338,0.7355,0.7322,0.7345
2014-01-06,0.7358,0.7369,0.7324,0.7338
2014-01-03,0.7315,0.7363,0.7313,0.7359
2014-01-02,0.727,0.7337,0.7259,0.7314
2014-01-01,0.7275,0.7277,0.7263,0.7271
2013-12-31,0.7245,0.7277,0.724,0.7275
2013-12-30,0.7276,0.7284,0.7236,0.7244
2013-12-27,0.7304,0.7307,0.7198,0.7277
2013-12-26,0.731,0.7319,0.7298,0.7304
2013-12-25,0.7308,0.732,0.7294,0.731
2013-12-24,0.7302,0.7324,0.7297,0.7308
2013-12-23,0.7314,0.7317,0.7291,0.7302
2013-12-20,0.732,0.734,0.7293,0.7315
2013-12-19,0.7308,0.7326,0.7302,0.732
2013-12-18,0.7263,0.7313,0.724,0.7307
2013-12-17,0.7267,0.7288,0.7255,0.7263
2013-12-16,0.7278,0.7286,0.7247,0.7267
2013-12-13,0.727,0.7295,0.7262,0.7276
2013-12-12,0.7253,0.728,0.7245,0.7271
2013-12-11,0.7267,0.7278,0.7241,0.7254
2013-12-10,0.7279,0.7282,0.7249,0.7267
2013-12-09,0.7284,0.7303,0.7275,0.7279
2013-12-06,0.7317,0.7338,0.7295,0.7297
2013-12-05,0.7357,0.7383,0.7311,0.7317
2013-12-04,0.7359,0.7393,0.7351,0.7357
2013-12-03,0.7385,0.7394,0.7345,0.7359
2013-12-02,0.7358,0.7393,0.7344,0.7385
2013-11-29,0.7351,0.7364,0.7341,0.7358
2013-11-28,0.7364,0.7373,0.7343,0.735
2013-11-27,0.7368,0.7377,0.7346,0.7365
2013-11-26,0.7399,0.74,0.7366,0.7369
2013-11-25,0.738,0.7413,0.7375,0.7399
2013-11-22,0.7418,0.7429,0.7376,0.7376
2013-11-21,0.744,0.7464,0.7414,0.7418
2013-11-20,0.7386,0.7454,0.7365,0.7441
2013-11-19,0.7405,0.7414,0.7382,0.7386
2013-11-18,0.7406,0.7422,0.7384,0.7405
2013-11-15,0.743,0.7445,0.7405,0.741
2013-11-14,0.7414,0.7453,0.7408,0.743
2013-11-13,0.7443,0.7469,0.741,0.7414
2013-11-12,0.7459,0.7486,0.7432,0.7443
2013-11-11,0.7484,0.7494,0.7454,0.746
2013-11-08,0.7452,0.7509,0.7441,0.7479
2013-11-07,0.7401,0.7521,0.7391,0.7452
2013-11-06,0.7422,0.7426,0.7381,0.7401
2013-11-05,0.7399,0.7436,0.7394,0.7422
2013-11-04,0.7413,0.744,0.7393,0.7399
2013-11-01,0.7362,0.7419,0.7358,0.7414
2013-10-31,0.7281,0.7367,0.7278,0.7362
2013-10-30,0.7275,0.7302,0.7255,0.7281
2013-10-29,0.7255,0.7281,0.724,0.7275
2013-10-28,0.7245,0.726,0.7237,0.7255
2013-10-25,0.7246,0.7261,0.723,0.7244
2013-10-24,0.7259,0.7266,0.7232,0.7247
2013-10-23,0.7256,0.7278,0.725,0.7259
2013-10-22,0.7309,0.7321,0.7251,0.7256
2013-10-21,0.7307,0.7326,0.7303,0.7309
2013-10-18,0.7313,0.7322,0.7297,0.7307
2013-10-17,0.7389,0.74,0.7309,0.7313
2013-10-16,0.7394,0.7423,0.737,0.7389
2013-10-15,0.7374,0.7419,0.7369,0.7394
2013-10-14,0.7383,0.7383,0.7354,0.7374
2013-10-11,0.7397,0.7398,0.7363,0.7385
2013-10-10,0.7394,0.7414,0.7383,0.7397
2013-10-09,0.7367,0.7416,0.735,0.7393
2013-10-08,0.7363,0.7377,0.7349,0.7368
2013-10-07,0.7377,0.7385,0.7358,0.7363
2013-10-04,0.7344,0.7387,0.7336,0.7376
2013-10-03,0.7365,0.7366,0.7328,0.7344
2013-10-02,0.7393,0.7403,0.7349,0.7365
2013-10-01,0.7393,0.7399,0.7359,0.7393
2013-09-30,0.7419,0.7425,0.7377,0.7393
2013-09-27,0.7414,0.7422,0.7372,0.7396
2013-09-26,0.7393,0.7423,0.7391,0.7413
2013-09-25,0.7422,0.7429,0.7387,0.7393
2013-09-24,0.7412,0.7428,0.7397,0.7422
2013-09-23,0.7383,0.7419,0.7377,0.7412
2013-09-20,0.7391,0.7409,0.7381,0.7394
2013-09-19,0.7396,0.7407,0.737,0.7391
2013-09-18,0.7486,0.7498,0.7384,0.7396
2013-09-17,0.75,0.7504,0.748,0.7486
2013-09-16,0.7514,0.7521,0.747,0.75
2013-09-13,0.7519,0.7544,0.7506,0.7522
2013-09-12,0.7513,0.7542,0.7504,0.7519
2013-09-11,0.7537,0.7551,0.7505,0.7512
2013-09-10,0.7544,0.7559,0.7532,0.7537
2013-09-09,0.7593,0.7599,0.7529,0.7544
2013-09-06,0.7622,0.7632,0.7582,0.7588
2013-09-05,0.7572,0.7628,0.7562,0.7622
2013-09-04,0.7593,0.7601,0.7565,0.7571
2013-09-03,0.7581,0.7611,0.7577,0.7593
2013-09-02,0.7556,0.7585,0.7555,0.7581
2013-08-30,0.7553,0.7592,0.7544,0.7563
2013-08-29,0.7496,0.7565,0.7494,0.7553
2013-08-28,0.7467,0.7516,0.7464,0.7497
2013-08-27,0.748,0.7506,0.7463,0.7467
2013-08-26,0.7472,0.7487,0.7466,0.7481
2013-08-23,0.7488,0.7501,0.7457,0.7473
2013-08-22,0.7487,0.752,0.7478,0.7487
2013-08-21,0.7454,0.75,0.7448,0.7487
2013-08-20,0.7498,0.7506,0.7434,0.7454
2013-08-19,0.7503,0.7511,0.7477,0.7499
2013-08-16,0.7492,0.7513,0.7474,0.7502
2013-08-15,0.7544,0.7573,0.7483,0.7492
2013-08-14,0.754,0.7554,0.7531,0.7544
2013-08-13,0.7519,0.7557,0.7509,0.754
2013-08-12,0.7497,0.7532,0.7494,0.7519
2013-08-09,0.7473,0.7501,0.7468,0.7494
2013-08-08,0.7498,0.7503,0.7463,0.7473
2013-08-07,0.7515,0.7539,0.7493,0.7498
2013-08-06,0.7542,0.755,0.7506,0.7515
2013-08-05,0.7533,0.7558,0.7519,0.7542
2013-08-02,0.7572,0.7582,0.7521,0.7529
2013-08-01,0.7518,0.7578,0.7512,0.7572
2013-07-31,0.754,0.7568,0.7494,0.7518
2013-07-30,0.7541,0.7557,0.7518,0.754
2013-07-29,0.753,0.7554,0.7521,0.754
2013-07-26,0.7532,0.7546,0.752,0.7531
2013-07-25,0.7576,0.7595,0.7521,0.7532
2013-07-24,0.7562,0.759,0.7543,0.7575
2013-07-23,0.7584,0.7597,0.7553,0.7563
2013-07-22,0.7607,0.7615,0.7565,0.7585
2013-07-19,0.7628,0.764,0.7603,0.7609
2013-07-18,0.7619,0.7653,0.7617,0.7628
2013-07-17,0.7598,0.7643,0.7589,0.7619
2013-07-16,0.7655,0.7661,0.7591,0.7598
2013-07-15,0.765,0.7696,0.7641,0.7655
2013-07-12,0.7636,0.7693,0.7633,0.7652
2013-07-11,0.7707,0.7714,0.7574,0.7635
2013-07-10,0.7825,0.7834,0.7702,0.7706
2013-07-09,0.777,0.784,0.7753,0.7825
2013-07-08,0.7796,0.7807,0.7762,0.777
2013-07-05,0.7744,0.7809,0.7742,0.7793
2013-07-04,0.7688,0.7763,0.7678,0.7744
2013-07-03,0.7705,0.7739,0.7674,0.7687
2013-07-02,0.7655,0.7715,0.7645,0.7705
2013-07-01,0.7686,0.7691,0.7653,0.7655
2013-06-28,0.7671,0.7698,0.7632,0.7687
2013-06-27,0.7686,0.7693,0.7659,0.7671
2013-06-26,0.7643,0.7702,0.7641,0.7686
2013-06-25,0.7623,0.7654,0.7604,0.7644
2013-06-24,0.7624,0.7658,0.7608,0.7623
2013-06-21,0.7564,0.7635,0.7544,0.7621
2013-06-20,0.7522,0.7598,0.7517,0.7564
2013-06-19,0.7466,0.7541,0.7454,0.7522
2013-06-18,0.748,0.7504,0.7454,0.7466
2013-06-17,0.7494,0.7509,0.7473,0.748
2013-06-14,0.7477,0.7522,0.7476,0.7493
2013-06-13,0.7498,0.7531,0.7468,0.7477
2013-06-12,0.7511,0.7538,0.7485,0.7498
2013-06-11,0.7544,0.7558,0.7509,0.7511
2013-06-10,0.7571,0.7589,0.7535,0.7544
2013-06-07,0.7549,0.7581,0.7527,0.7563
2013-06-06,0.7638,0.7649,0.7515,0.7549
2013-06-05,0.7645,0.7662,0.7625,0.7638
2013-06-04,0.7648,0.7668,0.7633,0.7645
2013-06-03,0.7736,0.7719,0.7629,0.7648
2013-05-31,0.7663,0.7726,0.7656,0.7693
2013-05-30,0.7728,0.7733,0.7655,0.7663
2013-05-29,0.7778,0.7789,0.7705,0.7728
2013-05-28,0.7734,0.7783,0.7722,0.7779
2013-05-27,0.7733,0.7743,0.7722,0.7734
2013-05-24,0.7731,0.775,0.7695,0.7734
2013-05-23,0.7777,0.78,0.7718,0.7731
2013-05-22,0.7749,0.7793,0.7693,0.7777
2013-05-21,0.7763,0.7788,0.7732,0.7748
2013-05-20,0.7801,0.7806,0.7751,0.7762
2013-05-17,0.7763,0.7815,0.7758,0.7789
2013-05-16,0.776,0.7785,0.7734,0.7763
2013-05-15,0.774,0.7786,0.7727,0.776
2013-05-14,0.7707,0.7744,0.7676,0.774
2013-05-13,0.7716,0.7727,0.7671,0.7707
2013-05-10,0.7667,0.7731,0.7662,0.7696
2013-05-09,0.7604,0.7687,0.7589,0.7667
2013-05-08,0.7646,0.765,0.7579,0.7603
2013-05-07,0.7648,0.7653,0.7615,0.7646
2013-05-06,0.7625,0.7661,0.761,0.7648
2013-05-03,0.7654,0.7673,0.76,0.7625
2013-05-02,0.7588,0.7671,0.7566,0.7654
2013-05-01,0.7594,0.7599,0.7552,0.7588
2013-04-30,0.7634,0.766,0.7584,0.7595
2013-04-29,0.7674,0.7676,0.7625,0.7634
2013-04-26,0.7686,0.7698,0.7664,0.7676
2013-04-25,0.7683,0.7699,0.7637,0.7685
2013-04-24,0.7693,0.7719,0.7672,0.7683
2013-04-23,0.7654,0.7709,0.7643,0.7693
2013-04-22,0.7645,0.7684,0.7637,0.7653
2013-04-19,0.7661,0.7665,0.7617,0.7662
2013-04-18,0.7671,0.768,0.7635,0.7663
2013-04-17,0.7586,0.7692,0.7575,0.7673
2013-04-16,0.7666,0.7676,0.7574,0.7588
2013-04-15,0.7626,0.768,0.7626,0.7665
2013-04-12,0.763,0.7671,0.7618,0.7629
2013-04-11,0.7653,0.7667,0.7611,0.7631
2013-04-10,0.7645,0.7662,0.7621,0.7652
2013-04-09,0.7682,0.769,0.7631,0.7645
2013-04-08,0.7696,0.7712,0.767,0.7683
2013-04-05,0.7734,0.7752,0.7669,0.7698
2013-04-04,0.7785,0.7845,0.7722,0.7733
2013-04-03,0.7796,0.7819,0.7773,0.7786
2013-04-02,0.7784,0.7807,0.7765,0.7801
2013-04-01,0.7806,0.7831,0.7772,0.7787
2013-03-29,0.7803,0.7817,0.779,0.78
2013-03-28,0.7826,0.784,0.7786,0.7802
2013-03-27,0.7777,0.7843,0.7772,0.7825
2013-03-26,0.7782,0.7796,0.7758,0.7777
2013-03-25,0.7711,0.7795,0.7664,0.7779
2013-03-22,0.7755,0.776,0.7687,0.77
2013-03-21,0.7728,0.7764,0.7718,0.7751
2013-03-20,0.7773,0.7779,0.7705,0.7733
2013-03-19,0.7714,0.7786,0.7711,0.7769
2013-03-18,0.7741,0.7763,0.7695,0.7721
2013-03-15,0.7691,0.7693,0.7629,0.7647
2013-03-14,0.7717,0.7746,0.7673,0.7691
2013-03-13,0.7676,0.7739,0.7654,0.7718
2013-03-12,0.7668,0.7698,0.7648,0.7675
2013-03-11,0.7696,0.7705,0.766,0.7666
2013-03-08,0.7631,0.7719,0.7613,0.7693
2013-03-07,0.7706,0.7714,0.7623,0.763
2013-03-06,0.7664,0.7703,0.7651,0.7698
2013-03-05,0.7676,0.7687,0.7648,0.7667
2013-03-04,0.7685,0.7703,0.7674,0.768
2013-03-01,0.7655,0.7712,0.7633,0.768
2013-02-28,0.7611,0.7661,0.7597,0.7654
2013-02-27,0.7656,0.7669,0.7606,0.7608
2013-02-26,0.7645,0.7682,0.7621,0.7655
2013-02-25,0.7567,0.7664,0.7508,0.7655
2013-02-22,0.7583,0.7608,0.755,0.7585
2013-02-21,0.7528,0.7599,0.7524,0.7584
2013-02-20,0.7468,0.7535,0.7444,0.753
2013-02-19,0.749,0.7503,0.7465,0.747
2013-02-18,0.7492,0.7507,0.7475,0.7492
2013-02-15,0.7487,0.7515,0.7467,0.7483
2013-02-14,0.7435,0.7511,0.7432,0.7488
2013-02-13,0.7433,0.7449,0.7396,0.7435
2013-02-12,0.746,0.7483,0.742,0.7434
2013-02-11,0.7485,0.7487,0.7448,0.7459
2013-02-08,0.7465,0.7489,0.7446,0.7483
2013-02-07,0.7397,0.748,0.7365,0.7464
2013-02-06,0.7362,0.7411,0.7355,0.7397
2013-02-05,0.7399,0.7431,0.7354,0.7365
2013-02-04,0.7329,0.7405,0.7321,0.7399
2013-02-01,0.7365,0.7368,0.7292,0.7326
2013-01-31,0.7371,0.7385,0.7356,0.7364
2013-01-30,0.7411,0.7418,0.736,0.7372
2013-01-29,0.7432,0.7454,0.7408,0.7412
2013-01-28,0.7431,0.745,0.742,0.7433
2013-01-25,0.7475,0.7491,0.7419,0.7432
2013-01-24,0.7508,0.7527,0.7467,0.7477
2013-01-23,0.7507,0.7539,0.7488,0.7507
2013-01-22,0.7512,0.7538,0.7478,0.7509
2013-01-21,0.7515,0.752,0.75,0.7514
2013-01-18,0.7475,0.7531,0.7461,0.7511
2013-01-17,0.7526,0.7537,0.7469,0.7476
2013-01-16,0.7517,0.7544,0.7504,0.7524
2013-01-15,0.7477,0.7538,0.7466,0.7515
2013-01-14,0.7483,0.7499,0.746,0.7475
2013-01-11,0.7542,0.7549,0.7482,0.7496
2013-01-10,0.7655,0.767,0.7538,0.7544
2013-01-09,0.7645,0.7671,0.7636,0.7653
2013-01-08,0.7624,0.766,0.7611,0.7643
2013-01-07,0.7646,0.7683,0.7622,0.7625
2013-01-04,0.7662,0.7694,0.764,0.7651
2013-01-03,0.7585,0.7664,0.7581,0.7663
2013-01-02,0.7575,0.7601,0.7519,0.7584
2013-01-01,0.7582,0.7587,0.7564,0.7581
2012-12-31,0.7568,0.7592,0.7555,0.7578
2012-12-28,0.7571,0.758,0.7545,0.7564
2012-12-27,0.7563,0.7575,0.7527,0.7554
2012-12-26,0.7585,0.7593,0.7544,0.7562
2012-12-25,0.7582,0.7593,0.7571,0.7583
2012-12-24,0.759,0.7593,0.7557,0.7582
2012-12-21,0.7552,0.76,0.7545,0.7584
2012-12-20,0.7559,0.7583,0.7521,0.7552
2012-12-19,0.7561,0.7563,0.7514,0.7554
2012-12-18,0.7598,0.7602,0.7554,0.7563
2012-12-17,0.7593,0.7608,0.7583,0.7597
2012-12-14,0.7648,0.7654,0.7591,0.7599
2012-12-13,0.7648,0.7669,0.7633,0.7647
2012-12-12,0.7689,0.7696,0.7635,0.7653
2012-12-11,0.7727,0.7736,0.7683,0.769
2012-12-10,0.7759,0.7761,0.7724,0.7725
2012-12-07,0.771,0.7765,0.7708,0.7735
2012-12-06,0.7652,0.7722,0.764,0.7711
2012-12-05,0.7637,0.7657,0.7618,0.765
2012-12-04,0.7661,0.7665,0.7629,0.7636
2012-12-03,0.7705,0.7705,0.7647,0.7663
2012-11-30,0.7707,0.7712,0.7676,0.7689
2012-11-29,0.7728,0.773,0.7684,0.7708
2012-11-28,0.7728,0.7764,0.7724,0.7729
2012-11-27,0.771,0.7743,0.7687,0.773
2012-11-26,0.7714,0.7726,0.7701,0.771
2012-11-23,0.7761,0.7772,0.7698,0.7709
2012-11-22,0.7796,0.7797,0.7751,0.7762
2012-11-21,0.7803,0.7853,0.7792,0.7797
2012-11-20,0.7804,0.7834,0.7794,0.7803
2012-11-19,0.7843,0.785,0.78,0.7805
2012-11-16,0.7824,0.788,0.7821,0.7851
2012-11-15,0.7852,0.7864,0.7811,0.7825
2012-11-14,0.7871,0.7874,0.7826,0.7852
2012-11-13,0.7869,0.7898,0.7857,0.7873
2012-11-12,0.7866,0.7876,0.7849,0.7869
2012-11-09,0.7843,0.7881,0.7818,0.7866
2012-11-08,0.7832,0.7863,0.7824,0.7844
2012-11-07,0.7804,0.7852,0.7766,0.7831
2012-11-06,0.7817,0.7836,0.7796,0.7804
2012-11-05,0.78,0.7833,0.7786,0.782
2012-11-02,0.7729,0.78,0.7721,0.7791
2012-11-01,0.7717,0.7738,0.7702,0.7727
2012-10-31,0.7716,0.7725,0.7679,0.7717
2012-10-30,0.7751,0.7761,0.7702,0.7716
2012-10-29,0.7727,0.7761,0.7725,0.7749
2012-10-26,0.7728,0.7763,0.7718,0.7725
2012-10-25,0.7712,0.7736,0.7678,0.7731
2012-10-24,0.7702,0.774,0.7694,0.7711
2012-10-23,0.7654,0.7721,0.7647,0.7701
2012-10-22,0.7678,0.7684,0.7643,0.7655
2012-10-19,0.7653,0.7685,0.7646,0.7677
2012-10-18,0.7624,0.766,0.7617,0.7654
2012-10-17,0.7636,0.7644,0.7611,0.7623
2012-10-16,0.7724,0.7727,0.7645,0.7645
2012-10-15,0.7717,0.7758,0.7704,0.7725
2012-10-12,0.7735,0.7739,0.7696,0.772
2012-10-11,0.7775,0.7797,0.772,0.7735
2012-10-10,0.7765,0.7792,0.7744,0.7773
2012-10-09,0.7712,0.7777,0.7697,0.7765
2012-10-08,0.7679,0.773,0.7676,0.7712
2012-10-05,0.7682,0.7696,0.765,0.7673
2012-10-04,0.7748,0.7748,0.7673,0.7681
2012-10-03,0.7742,0.7766,0.7729,0.7748
2012-10-02,0.7761,0.7765,0.7711,0.7742
2012-10-01,0.7784,0.781,0.7728,0.776
2012-09-28,0.7744,0.779,0.7716,0.7778
2012-09-27,0.7768,0.7795,0.7735,0.7743
2012-09-26,0.775,0.7792,0.7744,0.777
2012-09-25,0.7733,0.776,0.7709,0.7752
2012-09-24,0.7706,0.7758,0.7704,0.7734
2012-09-21,0.7713,0.7719,0.7664,0.7706
2012-09-20,0.7666,0.7741,0.7657,0.7712
2012-09-19,0.7665,0.7697,0.7641,0.7665
2012-09-18,0.7625,0.7676,0.7622,0.7667
2012-09-17,0.7618,0.7644,0.7593,0.7625
2012-09-14,0.7701,0.7705,0.7593,0.7617
2012-09-13,0.7752,0.7777,0.7691,0.7701
2012-09-12,0.7782,0.7803,0.773,0.7753
2012-09-11,0.7837,0.784,0.7769,0.7781
2012-09-10,0.7808,0.7841,0.7807,0.784
2012-09-07,0.7916,0.7921,0.7801,0.7801
2012-09-06,0.7935,0.7961,0.7904,0.7916
2012-09-05,0.7958,0.8,0.7921,0.7934
2012-09-04,0.7945,0.7965,0.7919,0.7958
2012-09-03,0.7948,0.7962,0.7929,0.7943
2012-08-31,0.7997,0.8005,0.7913,0.7949
2012-08-30,0.798,0.8008,0.7958,0.7995
2012-08-29,0.796,0.7989,0.7953,0.7981
2012-08-28,0.8001,0.8023,0.7951,0.7959
2012-08-27,0.7995,0.8007,0.7977,0.8002
2012-08-24,0.796,0.8012,0.7956,0.7992
2012-08-23,0.7981,0.7985,0.7943,0.796
2012-08-22,0.8018,0.8045,0.7975,0.7984
2012-08-21,0.8101,0.8102,0.8007,0.8018
2012-08-20,0.8102,0.8134,0.8084,0.8099
2012-08-17,0.8093,0.8138,0.8076,0.8107
2012-08-16,0.8139,0.816,0.8082,0.8095
2012-08-15,0.8117,0.8155,0.81,0.8138
2012-08-14,0.811,0.8119,0.8073,0.8117
2012-08-13,0.8139,0.8156,0.8081,0.8109
2012-08-10,0.8128,0.817,0.8119,0.8135
2012-08-09,0.8088,0.8153,0.8072,0.8126
2012-08-08,0.8066,0.8113,0.8062,0.809
2012-08-07,0.8067,0.8081,0.8037,0.8067
2012-08-06,0.8066,0.8103,0.8036,0.8066
2012-08-03,0.8208,0.822,0.8069,0.8072
2012-08-02,0.8177,0.8242,0.8062,0.8208
2012-08-01,0.8132,0.8185,0.8105,0.8179
2012-07-31,0.8158,0.8165,0.811,0.8129
2012-07-30,0.8126,0.818,0.8122,0.8157
2012-07-27,0.8144,0.8169,0.8071,0.8116
2012-07-26,0.823,0.8253,0.8111,0.8142
2012-07-25,0.8289,0.8298,0.8217,0.8229
2012-07-24,0.8257,0.8305,0.8238,0.829
2012-07-23,0.825,0.8287,0.8234,0.8249
2012-07-20,0.8145,0.8234,0.814,0.8227
2012-07-19,0.8143,0.8178,0.8115,0.8144
2012-07-18,0.8138,0.8186,0.8125,0.8142
2012-07-17,0.815,0.8204,0.8119,0.8136
2012-07-16,0.8159,0.8214,0.8136,0.8149
2012-07-13,0.8198,0.8223,0.8158,0.8162
2012-07-12,0.8171,0.8219,0.8164,0.8197
2012-07-11,0.8163,0.8189,0.8132,0.8171
2012-07-10,0.8121,0.8174,0.8107,0.8164
2012-07-09,0.8149,0.8159,0.8114,0.8117
2012-07-06,0.807,0.8157,0.8063,0.8138
2012-07-05,0.7983,0.8089,0.7975,0.8069
2012-07-04,0.7933,0.7996,0.7932,0.7984
2012-07-03,0.7948,0.7963,0.7919,0.7932
2012-07-02,0.7891,0.7957,0.789,0.7945
2012-06-29,0.8038,0.8044,0.7878,0.7899
2012-06-28,0.8018,0.806,0.7984,0.8038
2012-06-27,0.8005,0.8036,0.7993,0.8018
2012-06-26,0.7999,0.8038,0.798,0.8006
2012-06-25,0.7966,0.8019,0.7963,0.7997
2012-06-22,0.797,0.7988,0.7946,0.7956
2012-06-21,0.7871,0.7981,0.7871,0.7972
2012-06-20,0.7883,0.7913,0.7847,0.7871
2012-06-19,0.7952,0.7956,0.7855,0.7882
2012-06-18,0.786,0.7964,0.7844,0.795
2012-06-15,0.792,0.7943,0.7896,0.7913
2012-06-14,0.7959,0.7974,0.7913,0.7916
2012-06-13,0.7997,0.8017,0.7929,0.7961
2012-06-12,0.8022,0.8038,0.7981,0.7993
2012-06-11,0.7901,0.8018,0.7893,0.8018
2012-06-08,0.796,0.8042,0.7952,0.7989
2012-06-07,0.795,0.7975,0.7921,0.7962
2012-06-06,0.8031,0.8038,0.7945,0.7955
2012-06-05,0.8004,0.8058,0.7972,0.8031
2012-06-04,0.8044,0.8074,0.7993,0.8002
2012-06-01,0.8091,0.8138,0.8027,0.8043
2012-05-31,0.8087,0.8106,0.8045,0.8092
2012-05-30,0.8009,0.809,0.8004,0.8085
2012-05-29,0.7974,0.8025,0.7952,0.8002
2012-05-28,0.7957,0.7985,0.7921,0.7974
2012-05-25,0.7975,0.8003,0.7935,0.7989
2012-05-24,0.7944,0.799,0.7924,0.7977
2012-05-23,0.7883,0.7972,0.7882,0.7947
2012-05-22,0.7805,0.7901,0.7802,0.7887
2012-05-21,0.7823,0.7859,0.7797,0.7805
2012-05-18,0.7883,0.7911,0.7816,0.7823
2012-05-17,0.7864,0.7895,0.7843,0.7877
2012-05-16,0.7854,0.7886,0.7837,0.7864
2012-05-15,0.7797,0.7861,0.777,0.7855
2012-05-14,0.7762,0.78,0.7749,0.7796
2012-05-11,0.7733,0.7749,0.7717,0.7742
2012-05-10,0.7733,0.7738,0.7704,0.7731
2012-05-09,0.7693,0.7746,0.7688,0.7732
2012-05-08,0.7659,0.7703,0.7653,0.769
2012-05-07,0.7674,0.7719,0.7653,0.766
2012-05-04,0.7604,0.7645,0.7588,0.7643
2012-05-03,0.7603,0.7635,0.7587,0.7604
2012-05-02,0.7554,0.7621,0.7552,0.7602
2012-05-01,0.7552,0.7574,0.7528,0.7555
2012-04-30,0.7553,0.7572,0.7537,0.7553
2012-04-27,0.7583,0.7601,0.7535,0.7545
2012-04-26,0.7564,0.7577,0.754,0.7571
2012-04-25,0.7579,0.7591,0.7555,0.7563
2012-04-24,0.7601,0.7608,0.7565,0.7579
2012-04-23,0.758,0.7632,0.7569,0.7603
2012-04-20,0.7612,0.7618,0.756,0.7563
2012-04-19,0.762,0.7652,0.7595,0.7612
2012-04-18,0.7617,0.7659,0.761,0.7621
2012-04-17,0.7613,0.764,0.7592,0.7619
2012-04-16,0.7653,0.7696,0.7606,0.7613
2012-04-13,0.7584,0.7652,0.7574,0.7647
2012-04-12,0.7627,0.7633,0.7568,0.7584
2012-04-11,0.7644,0.7654,0.76,0.7628
2012-04-10,0.7628,0.7661,0.7607,0.7643
2012-04-09,0.7632,0.7673,0.7614,0.763
2012-04-06,0.7655,0.7663,0.7626,0.7636
2012-04-05,0.7609,0.7672,0.7595,0.7655
2012-04-04,0.7556,0.7631,0.7554,0.761
2012-04-03,0.7506,0.7569,0.748,0.7557
2012-04-02,0.7484,0.7532,0.7473,0.7506
2012-03-30,0.7518,0.7521,0.7476,0.7494
2012-03-29,0.7509,0.7546,0.7493,0.7519
2012-03-28,0.7508,0.7532,0.7478,0.751
2012-03-27,0.7486,0.7512,0.747,0.7508
2012-03-26,0.7534,0.7581,0.748,0.7487
2012-03-23,0.7577,0.7582,0.7522,0.7534
2012-03-22,0.7569,0.7614,0.7544,0.7578
2012-03-21,0.7562,0.7589,0.7527,0.7569
2012-03-20,0.7552,0.7592,0.7545,0.7563
2012-03-19,0.7586,0.761,0.7538,0.7553
2012-03-16,0.7644,0.7664,0.7583,0.7591
2012-03-15,0.7675,0.769,0.7622,0.7643
2012-03-14,0.7646,0.7687,0.7639,0.7676
2012-03-13,0.7605,0.7663,0.758,0.7644
2012-03-12,0.7625,0.7646,0.7599,0.7604
2012-03-09,0.7529,0.7636,0.7528,0.7623
2012-03-08,0.7605,0.7614,0.7523,0.7534
2012-03-07,0.7624,0.7636,0.7595,0.7604
2012-03-06,0.7564,0.7632,0.756,0.7627
2012-03-05,0.758,0.76,0.7552,0.7567
2012-03-02,0.751,0.7584,0.75,0.7577
2012-03-01,0.7504,0.7529,0.7487,0.7512
2012-02-29,0.7425,0.7511,0.7415,0.7503
2012-02-28,0.7463,0.7469,0.7423,0.7427
2012-02-27,0.7426,0.7482,0.7418,0.7463
2012-02-24,0.7476,0.7487,0.7414,0.7431
2012-02-23,0.7549,0.7558,0.7476,0.7476
2012-02-22,0.7554,0.757,0.7538,0.755
2012-02-21,0.7549,0.7584,0.7523,0.7554
2012-02-20,0.7583,0.7591,0.7532,0.7552
2012-02-17,0.7613,0.7625,0.7577,0.7604
2012-02-16,0.7652,0.7708,0.7599,0.7614
2012-02-15,0.7617,0.7667,0.7581,0.7653
2012-02-14,0.7579,0.7645,0.7566,0.7624
2012-02-13,0.7569,0.7583,0.7528,0.758
2012-02-10,0.7527,0.7602,0.7523,0.7587
2012-02-09,0.7541,0.7568,0.7506,0.7527
2012-02-08,0.754,0.7564,0.7524,0.7544
2012-02-07,0.7613,0.7641,0.7535,0.754
2012-02-06,0.7624,0.7676,0.7609,0.7619
2012-02-03,0.7607,0.7654,0.7573,0.7608
2012-02-02,0.7597,0.7643,0.7577,0.7607
2012-02-01,0.7643,0.7678,0.7565,0.76
2012-01-31,0.7612,0.7668,0.7568,0.7647
2012-01-30,0.756,0.7648,0.7558,0.7612
2012-01-27,0.7631,0.7647,0.7559,0.7561
2012-01-26,0.763,0.764,0.7585,0.7634
2012-01-25,0.7674,0.7734,0.7621,0.7629
2012-01-24,0.7675,0.7721,0.7655,0.7679
2012-01-23,0.7768,0.777,0.7661,0.7674
2012-01-20,0.7711,0.776,0.77,0.7732
2012-01-19,0.7777,0.7789,0.7709,0.7715
2012-01-18,0.7849,0.7853,0.7773,0.7776
2012-01-17,0.7895,0.7906,0.7807,0.7851
2012-01-16,0.7911,0.7921,0.7881,0.7897
2012-01-13,0.7797,0.7922,0.7764,0.7891
2012-01-12,0.7869,0.7875,0.7785,0.7797
2012-01-11,0.7827,0.7897,0.7818,0.7871
2012-01-10,0.7833,0.7848,0.7801,0.7828
2012-01-09,0.7876,0.7895,0.7821,0.7834
2012-01-06,0.782,0.7876,0.7804,0.7862
2012-01-05,0.7725,0.7831,0.7724,0.7823
2012-01-04,0.7662,0.7754,0.7649,0.7726
2012-01-03,0.773,0.7733,0.7647,0.7664
2012-01-02,0.7727,0.7742,0.7711,0.7734
2011-12-30,0.7715,0.775,0.7693,0.7728
2011-12-29,0.7729,0.7777,0.7713,0.7716
2011-12-28,0.7649,0.7745,0.7645,0.773
2011-12-27,0.7656,0.7668,0.7643,0.7651
2011-12-26,0.7665,0.7674,0.7643,0.7659
2011-12-23,0.7662,0.7677,0.7636,0.7666
2011-12-22,0.7663,0.7683,0.7622,0.7664
2011-12-21,0.7644,0.7678,0.7577,0.7667
2011-12-20,0.7691,0.7696,0.7615,0.7645
2011-12-19,0.7666,0.7703,0.7666,0.7695
2011-12-16,0.7682,0.7696,0.7642,0.7671
2011-12-15,0.7702,0.7719,0.7663,0.7683
2011-12-14,0.7673,0.7725,0.7654,0.7706
2011-12-13,0.7582,0.7687,0.7554,0.7671
2011-12-12,0.747,0.7597,0.747,0.7583
2011-12-09,0.7493,0.753,0.7444,0.7475
2011-12-08,0.7454,0.7525,0.7429,0.7494
2011-12-07,0.7462,0.7491,0.7432,0.7457
2011-12-06,0.7467,0.7501,0.7447,0.7462
2011-12-05,0.7442,0.7477,0.7414,0.7461
2011-12-02,0.7427,0.7484,0.7381,0.7462
2011-12-01,0.7441,0.7454,0.7395,0.7429
2011-11-30,0.7508,0.7542,0.739,0.744
2011-11-29,0.7511,0.7527,0.7439,0.7505
2011-11-28,0.7508,0.7534,0.7463,0.7512
2011-11-25,0.7492,0.7569,0.7487,0.7555
2011-11-24,0.7492,0.751,0.7456,0.7492
2011-11-23,0.7401,0.7508,0.7389,0.7498
2011-11-22,0.7409,0.7425,0.737,0.7399
2011-11-21,0.7402,0.7446,0.7385,0.7408
2011-11-18,0.7429,0.7437,0.7345,0.74
2011-11-17,0.743,0.7451,0.7385,0.743
2011-11-16,0.7386,0.7447,0.7375,0.743
2011-11-15,0.7335,0.741,0.733,0.7389
2011-11-14,0.7241,0.7358,0.724,0.7337
2011-11-11,0.7352,0.7365,0.7248,0.7272
2011-11-10,0.7381,0.7417,0.7324,0.7349
2011-11-09,0.7227,0.7394,0.7216,0.7381
2011-11-08,0.7257,0.7287,0.7222,0.7227
2011-11-07,0.7226,0.731,0.7226,0.7262
2011-11-04,0.7238,0.7293,0.7211,0.7249
2011-11-03,0.7272,0.7323,0.7218,0.724
2011-11-02,0.73,0.7333,0.7231,0.7274
2011-11-01,0.7215,0.7349,0.7209,0.7301
2011-10-31,0.7066,0.7232,0.7057,0.7216
2011-10-28,0.705,0.7076,0.7042,0.7068
2011-10-27,0.7203,0.7212,0.7019,0.7049
2011-10-26,0.7189,0.7248,0.7156,0.7193
2011-10-25,0.7178,0.7221,0.7163,0.719
2011-10-24,0.7211,0.7235,0.7165,0.7181
2011-10-21,0.7259,0.7298,0.7193,0.7196
2011-10-20,0.727,0.7323,0.7224,0.7259
2011-10-19,0.7278,0.7286,0.721,0.727
2011-10-18,0.7281,0.7325,0.7237,0.728
2011-10-17,0.72,0.7286,0.7186,0.7278
2011-10-14,0.726,0.7288,0.7197,0.7206
2011-10-13,0.7254,0.7308,0.7232,0.726
2011-10-12,0.7326,0.7363,0.7229,0.7253
2011-10-11,0.733,0.7372,0.7308,0.733
2011-10-10,0.7463,0.7475,0.73,0.733
2011-10-07,0.7445,0.7485,0.7393,0.7475
2011-10-06,0.7488,0.7552,0.7434,0.7446
2011-10-05,0.749,0.7542,0.7471,0.7493
2011-10-04,0.7584,0.7607,0.7479,0.7486
2011-10-03,0.7497,0.7597,0.7473,0.7594
2011-09-30,0.7361,0.7473,0.7352,0.7471
2011-09-29,0.7391,0.7397,0.731,0.7356
2011-09-28,0.7357,0.739,0.7305,0.7389
2011-09-27,0.7391,0.7419,0.7316,0.736
2011-09-26,0.7401,0.7484,0.7381,0.739
2011-09-23,0.7428,0.7453,0.7371,0.7409
2011-09-22,0.7363,0.7472,0.7352,0.7428
2011-09-21,0.7298,0.7376,0.7252,0.7367
2011-09-20,0.7312,0.7357,0.7276,0.7296
2011-09-19,0.7314,0.736,0.7288,0.7308
2011-09-16,0.7203,0.7272,0.7202,0.7247
2011-09-15,0.7276,0.7298,0.7175,0.7202
2011-09-14,0.7309,0.7358,0.7255,0.7275
2011-09-13,0.7315,0.7376,0.7278,0.7308
2011-09-12,0.737,0.7408,0.7303,0.7313
2011-09-09,0.7203,0.7339,0.7175,0.7324
2011-09-08,0.7095,0.7209,0.7094,0.7203
2011-09-07,0.7144,0.7146,0.7068,0.7093
2011-09-06,0.7094,0.7157,0.7004,0.7143
2011-09-05,0.7059,0.7112,0.7055,0.7097
2011-09-02,0.7013,0.7051,0.6998,0.704
2011-09-01,0.6954,0.703,0.6953,0.7012
2011-08-31,0.6926,0.6965,0.6911,0.6955
2011-08-30,0.6888,0.6952,0.688,0.6924
2011-08-29,0.6898,0.6913,0.6873,0.6892
2011-08-26,0.6956,0.6979,0.6896,0.6897
2011-08-25,0.6938,0.698,0.6909,0.6954
2011-08-24,0.6927,0.6955,0.6905,0.6938
2011-08-23,0.6964,0.6968,0.6897,0.6926
2011-08-22,0.6956,0.697,0.6928,0.6964
2011-08-19,0.6978,0.7014,0.6919,0.6946
2011-08-18,0.6931,0.7008,0.6919,0.6979
2011-08-17,0.6942,0.6981,0.6888,0.6927
2011-08-16,0.6921,0.6967,0.6909,0.6942
2011-08-15,0.7011,0.7012,0.6908,0.6922
2011-08-12,0.7021,0.7068,0.6997,0.7018
2011-08-11,0.7059,0.7091,0.6995,0.7021
2011-08-10,0.6947,0.7062,0.6944,0.7055
2011-08-09,0.7055,0.7067,0.6954,0.6958
2011-08-08,0.695,0.7078,0.6943,0.7054
2011-08-05,0.7092,0.7115,0.6994,0.7002
2011-08-04,0.6976,0.7098,0.6958,0.7089
2011-08-03,0.7049,0.7071,0.6971,0.6981
2011-08-02,0.7011,0.7067,0.7,0.7046
2011-08-01,0.6964,0.705,0.6919,0.7014
2011-07-29,0.6977,0.7028,0.6938,0.6947
2011-07-28,0.6957,0.7017,0.6944,0.6978
2011-07-27,0.6888,0.6974,0.6879,0.6961
2011-07-26,0.6955,0.6966,0.6883,0.689
2011-07-25,0.6946,0.6981,0.6941,0.6957
2011-07-22,0.6933,0.6982,0.6926,0.6966
2011-07-21,0.7029,0.7073,0.6926,0.6933
2011-07-20,0.7066,0.7076,0.7022,0.7034
2011-07-19,0.7089,0.7108,0.7034,0.7064
2011-07-18,0.7084,0.7137,0.7075,0.7089
2011-07-15,0.7069,0.7097,0.7042,0.7066
2011-07-14,0.7048,0.7085,0.7001,0.707
2011-07-13,0.7156,0.7168,0.7037,0.7053
2011-07-12,0.7119,0.7227,0.7111,0.7155
2011-07-11,0.7034,0.715,0.7028,0.7126
2011-07-08,0.6963,0.704,0.6959,0.7008
2011-07-07,0.6984,0.7032,0.6956,0.6963
2011-07-06,0.6933,0.7,0.6912,0.6985
2011-07-05,0.6875,0.6947,0.6871,0.6933
2011-07-04,0.6875,0.6901,0.6859,0.6878
2011-07-01,0.6896,0.6927,0.6872,0.6885
2011-06-30,0.6928,0.6932,0.6878,0.6894
2011-06-29,0.696,0.698,0.6921,0.6928
2011-06-28,0.7,0.7024,0.6945,0.696
2011-06-27,0.7045,0.7091,0.6995,0.7001
2011-06-24,0.701,0.7072,0.6988,0.7046
2011-06-23,0.6976,0.708,0.6974,0.7012
2011-06-22,0.6944,0.6976,0.6924,0.6973
2011-06-21,0.699,0.699,0.6933,0.6941
2011-06-20,0.7004,0.7047,0.6979,0.699
2011-06-17,0.7035,0.708,0.6973,0.6988
2011-06-16,0.7059,0.7106,0.7032,0.7037
2011-06-15,0.6922,0.7065,0.6918,0.7061
2011-06-14,0.6933,0.6955,0.6897,0.6924
2011-06-13,0.6979,0.6983,0.6929,0.6937
2011-06-10,0.6891,0.6983,0.6872,0.697
2011-06-09,0.6858,0.6908,0.6824,0.6894
2011-06-08,0.6806,0.6867,0.6806,0.6861
2011-06-07,0.6859,0.6867,0.6804,0.6808
2011-06-06,0.6834,0.6869,0.6822,0.686
2011-06-03,0.69,0.6919,0.6829,0.6832
2011-06-02,0.698,0.6982,0.6889,0.6901
2011-06-01,0.6945,0.699,0.6916,0.6986
2011-05-31,0.6999,0.7001,0.6932,0.6947
2011-05-30,0.6985,0.7015,0.6986,0.7002
2011-05-27,0.7073,0.708,0.6981,0.6982
2011-05-26,0.7099,0.7109,0.7038,0.7074
2011-05-25,0.709,0.7137,0.7083,0.7099
2011-05-24,0.7118,0.7142,0.7075,0.7091
2011-05-23,0.7076,0.7159,0.707,0.7116
2011-05-20,0.6988,0.7076,0.697,0.7065
2011-05-19,0.7018,0.704,0.698,0.6986
2011-05-18,0.7022,0.7045,0.6999,0.702
2011-05-17,0.706,0.7082,0.7022,0.7024
2011-05-16,0.7103,0.7119,0.702,0.7063
2011-05-13,0.7022,0.711,0.6973,0.7082
2011-05-12,0.7039,0.7081,0.7004,0.7021
2011-05-11,0.694,0.7057,0.6933,0.7043
2011-05-10,0.6967,0.7008,0.6937,0.6942
2011-05-09,0.6957,0.7016,0.6924,0.6962
2011-05-06,0.6876,0.6988,0.6855,0.6988
2011-05-05,0.6744,0.6892,0.6712,0.6877
2011-05-04,0.6745,0.6768,0.6693,0.6746
2011-05-03,0.6747,0.6778,0.6716,0.6745
2011-05-02,0.6744,0.6774,0.671,0.6745
2011-04-29,0.6744,0.6756,0.6721,0.6756
2011-04-28,0.6765,0.6771,0.672,0.6746
2011-04-27,0.6826,0.6835,0.6758,0.6767
2011-04-26,0.6858,0.6899,0.6822,0.6829
2011-04-25,0.6868,0.6885,0.6836,0.6858
2011-04-22,0.6872,0.6881,0.6854,0.6869
2011-04-21,0.6887,0.6895,0.6825,0.6872
2011-04-20,0.6974,0.698,0.6874,0.6888
2011-04-19,0.7028,0.704,0.6967,0.6975
2011-04-18,0.6935,0.7064,0.6934,0.7025
2011-04-15,0.6902,0.6949,0.6894,0.6929
2011-04-14,0.6923,0.6962,0.6889,0.6904
2011-04-13,0.6907,0.6939,0.6887,0.6925
2011-04-12,0.6928,0.6956,0.6887,0.6909
2011-04-11,0.6916,0.6936,0.6904,0.6928
2011-04-08,0.6991,0.6998,0.6902,0.6906
2011-04-07,0.6974,0.7021,0.6971,0.6991
2011-04-06,0.7031,0.7037,0.6968,0.6978
2011-04-05,0.7032,0.7067,0.7019,0.7032
2011-04-04,0.7027,0.7047,0.7008,0.7032
2011-04-01,0.7055,0.7112,0.7019,0.7027
2011-03-31,0.7077,0.7085,0.7025,0.7059
2011-03-30,0.7086,0.7117,0.7068,0.7079
2011-03-29,0.7101,0.7119,0.7067,0.7087
2011-03-28,0.7118,0.714,0.7084,0.71
2011-03-25,0.7057,0.7115,0.7045,0.7101
2011-03-24,0.7095,0.7117,0.7031,0.7054
2011-03-23,0.7041,0.7103,0.7034,0.7101
2011-03-22,0.7031,0.7055,0.7018,0.7043
2011-03-21,0.705,0.7074,0.7022,0.7029
2011-03-18,0.7133,0.7153,0.7049,0.7052
2011-03-17,0.7189,0.7211,0.7115,0.7131
2011-03-16,0.7143,0.7212,0.7142,0.7193
2011-03-15,0.7147,0.7219,0.7136,0.7145
2011-03-14,0.7161,0.7192,0.7141,0.7148
2011-03-11,0.7247,0.7272,0.7186,0.719
2011-03-10,0.7191,0.726,0.7181,0.725
2011-03-09,0.719,0.7218,0.7172,0.7192
2011-03-08,0.7157,0.7214,0.7146,0.7192
2011-03-07,0.7144,0.7167,0.7124,0.7157
2011-03-04,0.716,0.7175,0.7139,0.7151
2011-03-03,0.7209,0.723,0.7157,0.7161
2011-03-02,0.7256,0.7277,0.7199,0.7214
2011-03-01,0.7244,0.7267,0.7217,0.7259
2011-02-28,0.7268,0.7293,0.7218,0.7246
2011-02-25,0.7246,0.7288,0.7226,0.7272
2011-02-24,0.7274,0.7298,0.7235,0.7245
2011-02-23,0.7322,0.7328,0.7252,0.7275
2011-02-22,0.7309,0.7393,0.7297,0.7324
2011-02-21,0.7298,0.7328,0.729,0.7312
2011-02-18,0.7348,0.7383,0.7291,0.7299
2011-02-17,0.737,0.7388,0.7342,0.7349
2011-02-16,0.7413,0.7429,0.7358,0.7373
2011-02-15,0.7413,0.743,0.7378,0.7414
2011-02-14,0.7402,0.7448,0.7375,0.7412
2011-02-11,0.7354,0.741,0.7341,0.7382
2011-02-10,0.7283,0.7366,0.728,0.7352
2011-02-09,0.7339,0.7349,0.7276,0.7284
2011-02-08,0.7361,0.7369,0.7305,0.7337
2011-02-07,0.7373,0.7403,0.7338,0.7361
2011-02-04,0.7331,0.7384,0.7311,0.736
2011-02-03,0.7239,0.7349,0.7232,0.7334
2011-02-02,0.7229,0.7264,0.7214,0.7244
2011-02-01,0.7305,0.7307,0.7223,0.7231
2011-01-31,0.7353,0.737,0.7278,0.7305
2011-01-28,0.7281,0.7363,0.7274,0.7345
2011-01-27,0.7293,0.7333,0.7268,0.7286
2011-01-26,0.7306,0.733,0.7288,0.7301
2011-01-25,0.7332,0.7369,0.7297,0.7304
2011-01-24,0.7331,0.7387,0.7306,0.7332
2011-01-21,0.7422,0.7437,0.7338,0.7343
2011-01-20,0.7421,0.7466,0.7394,0.7422
2011-01-19,0.7468,0.7481,0.7386,0.7423
2011-01-18,0.7522,0.7546,0.743,0.747
2011-01-17,0.7472,0.755,0.7469,0.7527
2011-01-14,0.7482,0.7512,0.7431,0.7476
2011-01-13,0.7614,0.7641,0.7471,0.7487
2011-01-12,0.7707,0.7716,0.7607,0.7616
2011-01-11,0.772,0.775,0.7696,0.7708
2011-01-10,0.7762,0.7768,0.7713,0.7724
2011-01-07,0.7688,0.7749,0.7679,0.7746
2011-01-06,0.7605,0.7695,0.7592,0.7686
2011-01-05,0.7514,0.7619,0.7504,0.7604
2011-01-04,0.7486,0.7524,0.7444,0.7514
2011-01-03,0.7491,0.7548,0.7465,0.7488
2010-12-31,0.7523,0.7529,0.7449,0.7474
2010-12-30,0.7562,0.7569,0.751,0.7527
2010-12-29,0.7621,0.7644,0.7553,0.7564
2010-12-28,0.7594,0.7638,0.7533,0.7622
2010-12-27,0.7623,0.765,0.7592,0.7595
2010-12-24,0.7625,0.7638,0.7605,0.7623
2010-12-23,0.7634,0.766,0.7603,0.7623
2010-12-22,0.7634,0.7647,0.7586,0.7634
2010-12-21,0.7617,0.765,0.7574,0.7635
2010-12-20,0.7586,0.7637,0.7583,0.7621
2010-12-17,0.7553,0.7615,0.7485,0.7583
2010-12-16,0.7569,0.7587,0.7538,0.7555
2010-12-15,0.7472,0.7571,0.7472,0.757
2010-12-14,0.7467,0.7484,0.7408,0.7473
2010-12-13,0.7571,0.7587,0.7443,0.747
2010-12-10,0.7553,0.7589,0.7528,0.7557
2010-12-09,0.7539,0.7596,0.7505,0.755
2010-12-08,0.754,0.7588,0.7529,0.7542
2010-12-07,0.7514,0.7541,0.7462,0.754
2010-12-06,0.7471,0.7551,0.745,0.7517
2010-12-03,0.7563,0.758,0.7452,0.7455
2010-12-02,0.761,0.7659,0.7548,0.756
2010-12-01,0.7699,0.771,0.7586,0.7609
2010-11-30,0.762,0.7713,0.7604,0.7704
2010-11-29,0.7526,0.7655,0.7518,0.7623
2010-11-26,0.7488,0.7577,0.7482,0.7551
2010-11-25,0.7501,0.7527,0.747,0.7483
2010-11-24,0.748,0.7529,0.745,0.7501
2010-11-23,0.734,0.7485,0.7334,0.7478
2010-11-22,0.729,0.7366,0.7253,0.7339
2010-11-19,0.7328,0.7349,0.7282,0.7307
2010-11-18,0.739,0.7394,0.7317,0.733
2010-11-17,0.7412,0.743,0.7371,0.7397
2010-11-16,0.7359,0.7437,0.7323,0.7412
2010-11-15,0.7293,0.7373,0.7272,0.7361
2010-11-12,0.7316,0.7367,0.7258,0.7303
2010-11-11,0.7255,0.7333,0.7235,0.7322
2010-11-10,0.7258,0.7315,0.7232,0.7254
2010-11-09,0.7182,0.7272,0.7156,0.7257
2010-11-08,0.7116,0.7201,0.71,0.7184
2010-11-05,0.7032,0.7131,0.7019,0.7126
2010-11-04,0.7073,0.7091,0.7002,0.7042
2010-11-03,0.7124,0.7147,0.7054,0.7071
2010-11-02,0.7194,0.7205,0.7113,0.7123
2010-11-01,0.7161,0.7213,0.7137,0.7198
2010-10-29,0.7181,0.7244,0.7167,0.7169
2010-10-28,0.7264,0.7269,0.7171,0.7178
2010-10-27,0.7214,0.7282,0.7206,0.7262
2010-10-26,0.7159,0.7234,0.7151,0.7215
2010-10-25,0.7164,0.7177,0.7102,0.7161
2010-10-22,0.718,0.7217,0.7156,0.7168
2010-10-21,0.7162,0.7209,0.7117,0.7184
2010-10-20,0.728,0.7301,0.7147,0.716
2010-10-19,0.7168,0.7292,0.7141,0.728
2010-10-18,0.7155,0.7231,0.7143,0.7175
2010-10-15,0.7102,0.7176,0.7063,0.7153
2010-10-14,0.7164,0.7166,0.7081,0.7102
2010-10-13,0.7186,0.7189,0.7141,0.7161
2010-10-12,0.7208,0.726,0.7177,0.7181
2010-10-11,0.7144,0.7212,0.7136,0.7207
2010-10-08,0.7184,0.7229,0.7151,0.7172
2010-10-07,0.7178,0.7217,0.7128,0.7181
2010-10-06,0.7227,0.7247,0.717,0.7176
2010-10-05,0.731,0.7333,0.7215,0.723
2010-10-04,0.7251,0.7318,0.7251,0.7309
2010-10-01,0.7336,0.7343,0.7249,0.7251
2010-09-30,0.7339,0.7376,0.7308,0.7336
2010-09-29,0.7364,0.7372,0.7327,0.7338
2010-09-28,0.7438,0.7474,0.7355,0.7364
2010-09-27,0.7416,0.7449,0.7403,0.7432
2010-09-24,0.7511,0.7527,0.741,0.7413
2010-09-23,0.7465,0.7517,0.7454,0.7512
2010-09-22,0.7544,0.7549,0.744,0.7463
2010-09-21,0.7654,0.7659,0.7529,0.7546
2010-09-20,0.766,0.7676,0.7621,0.7654
2010-09-17,0.7646,0.7682,0.7599,0.7664
2010-09-16,0.7683,0.7707,0.7624,0.7648
2010-09-15,0.7696,0.7719,0.767,0.769
2010-09-14,0.7765,0.7795,0.7672,0.7695
2010-09-13,0.7867,0.7872,0.7756,0.7764
2010-09-10,0.7875,0.7909,0.7845,0.7887
2010-09-09,0.7859,0.7897,0.7832,0.7877
2010-09-08,0.7883,0.79,0.7834,0.786
2010-09-07,0.7767,0.7889,0.7766,0.7885
2010-09-06,0.7758,0.7773,0.7741,0.7768
2010-09-03,0.7795,0.7807,0.7752,0.7755
2010-09-02,0.781,0.7827,0.7782,0.7796
2010-09-01,0.7881,0.7897,0.7778,0.7806
2010-08-31,0.7896,0.7921,0.7847,0.788
2010-08-30,0.7833,0.79,0.783,0.7896
2010-08-27,0.7865,0.7888,0.7826,0.7834
2010-08-26,0.7898,0.7906,0.7834,0.7862
2010-08-25,0.7918,0.7934,0.7857,0.7901
2010-08-24,0.7905,0.7945,0.7862,0.7921
2010-08-23,0.7868,0.7907,0.7854,0.7901
2010-08-20,0.7799,0.7897,0.7792,0.7869
2010-08-19,0.7778,0.783,0.775,0.78
2010-08-18,0.7763,0.7799,0.7738,0.7778
2010-08-17,0.7798,0.781,0.7742,0.7764
2010-08-16,0.7836,0.7853,0.7769,0.7796
2010-08-13,0.7794,0.7844,0.7748,0.7842
2010-08-12,0.7783,0.7825,0.7732,0.7798
2010-08-11,0.7587,0.7795,0.7581,0.7793
2010-08-10,0.7561,0.765,0.7555,0.7589
2010-08-09,0.7523,0.7567,0.7514,0.7558
2010-08-06,0.7583,0.7601,0.7499,0.7528
2010-08-05,0.7601,0.7623,0.7555,0.7581
2010-08-04,0.7556,0.7615,0.7553,0.7599
2010-08-03,0.7588,0.7608,0.754,0.756
2010-08-02,0.7655,0.7661,0.7578,0.7586
2010-07-30,0.7644,0.7705,0.7637,0.7664
2010-07-29,0.7699,0.7706,0.7629,0.7648
2010-07-28,0.7691,0.7713,0.7667,0.7696
2010-07-27,0.7698,0.7722,0.7665,0.7695
2010-07-26,0.775,0.7767,0.7689,0.7696
2010-07-23,0.7759,0.7817,0.7712,0.7748
2010-07-22,0.784,0.7851,0.7734,0.7757
2010-07-21,0.776,0.7855,0.7744,0.7839
2010-07-20,0.7723,0.7789,0.7675,0.7761
2010-07-19,0.7754,0.777,0.7696,0.7728
2010-07-16,0.7732,0.7758,0.7688,0.7732
2010-07-15,0.7849,0.7869,0.7718,0.7729
2010-07-14,0.7859,0.7886,0.7826,0.7849
2010-07-13,0.7941,0.7986,0.785,0.7857
2010-07-12,0.791,0.7969,0.7906,0.7943
2010-07-09,0.7875,0.7932,0.7859,0.7913
2010-07-08,0.7914,0.7924,0.7866,0.7878
2010-07-07,0.7919,0.7967,0.7896,0.7914
2010-07-06,0.7973,0.8013,0.7897,0.7921
2010-07-05,0.7961,0.7995,0.7959,0.7974
2010-07-02,0.7986,0.8012,0.7928,0.796
2010-07-01,0.8173,0.8202,0.7976,0.7988
2010-06-30,0.8205,0.822,0.8127,0.8173
2010-06-29,0.8145,0.823,0.8136,0.8209
2010-06-28,0.808,0.8154,0.8066,0.8144
2010-06-25,0.8111,0.8162,0.8067,0.8079
2010-06-24,0.8117,0.8156,0.8072,0.8108
2010-06-23,0.8153,0.8191,0.8101,0.8119
2010-06-22,0.8119,0.8164,0.8095,0.8152
2010-06-21,0.8036,0.812,0.8021,0.8126
2010-06-18,0.8074,0.8096,0.8054,0.8073
2010-06-17,0.8127,0.8169,0.8056,0.8078
2010-06-16,0.8112,0.8159,0.8093,0.8125
2010-06-15,0.8186,0.8221,0.8099,0.8115
2010-06-14,0.8245,0.8254,0.8131,0.8184
2010-06-11,0.8254,0.8301,0.8228,0.8256
2010-06-10,0.8347,0.8364,0.8238,0.826
2010-06-09,0.8353,0.8387,0.8281,0.8343
2010-06-08,0.839,0.8403,0.8327,0.8352
2010-06-07,0.8377,0.842,0.8339,0.8393
2010-06-04,0.8222,0.8359,0.8186,0.835
2010-06-03,0.8163,0.8229,0.8112,0.8225
2010-06-02,0.8185,0.8215,0.8146,0.8163
2010-06-01,0.8127,0.8257,0.8095,0.8178
2010-05-31,0.8148,0.8154,0.8107,0.8127
2010-05-28,0.809,0.8148,0.803,0.815
2010-05-27,0.822,0.8228,0.8071,0.8085
2010-05-26,0.8092,0.8211,0.8076,0.8219
2010-05-25,0.8092,0.8213,0.8082,0.8088
2010-05-24,0.7973,0.8101,0.796,0.8096
2010-05-21,0.8014,0.8026,0.789,0.7954
2010-05-20,0.8052,0.8132,0.7989,0.802
2010-05-19,0.8202,0.8234,0.8065,0.8046
2010-05-18,0.8069,0.8177,0.8035,0.8208
2010-05-17,0.8099,0.8173,0.8054,0.8068
2010-05-14,0.7983,0.8093,0.7951,0.8089
2010-05-13,0.7922,0.7981,0.7884,0.7982
2010-05-12,0.7904,0.7934,0.785,0.7923
2010-05-11,0.7819,0.7899,0.781,0.7902
2010-05-10,0.7736,0.7832,0.7637,0.7824
2010-05-07,0.7919,0.794,0.7813,0.7836
2010-05-06,0.7802,0.7944,0.7778,0.79
2010-05-05,0.7706,0.7815,0.7694,0.7804
2010-05-04,0.758,0.7693,0.7567,0.7704
2010-05-03,0.7493,0.7603,0.749,0.758
2010-04-30,0.7554,0.7562,0.7494,0.752
2010-04-29,0.7569,0.7585,0.753,0.7562
2010-04-28,0.7596,0.7625,0.7537,0.7568
2010-04-27,0.7469,0.7585,0.7454,0.7597
2010-04-26,0.7492,0.7525,0.7464,0.7466
2010-04-23,0.7525,0.7575,0.7468,0.7471
2010-04-22,0.747,0.7541,0.745,0.7523
2010-04-21,0.7442,0.7487,0.7436,0.747
2010-04-20,0.7413,0.7446,0.7394,0.7442
2010-04-19,0.7422,0.7455,0.7408,0.7416
2010-04-16,0.7366,0.7423,0.7362,0.7408
2010-04-15,0.7325,0.7397,0.7318,0.7363
2010-04-14,0.7345,0.7356,0.731,0.7325
2010-04-13,0.736,0.7383,0.7338,0.735
2010-04-12,0.7331,0.7373,0.7303,0.736
2010-04-09,0.7485,0.7497,0.7408,0.7408
2010-04-08,0.7497,0.753,0.7481,0.7486
2010-04-07,0.7464,0.7504,0.7458,0.7494
2010-04-06,0.7417,0.7488,0.7409,0.7464
2010-04-05,0.741,0.743,0.7386,0.7415
2010-04-02,0.7361,0.7422,0.7358,0.7405
2010-04-01,0.7402,0.7432,0.7358,0.7363
2010-03-31,0.7454,0.7472,0.7381,0.7401
2010-03-30,0.7418,0.7465,0.7387,0.7456
2010-03-29,0.7417,0.7453,0.7404,0.7419
2010-03-26,0.7533,0.7537,0.7449,0.7455
2010-03-25,0.7511,0.7532,0.747,0.7531
2010-03-24,0.7409,0.751,0.7405,0.7513
2010-03-23,0.7374,0.7421,0.7369,0.7405
2010-03-22,0.739,0.7428,0.737,0.7377
2010-03-19,0.735,0.7407,0.7338,0.7389
2010-03-18,0.728,0.7362,0.7276,0.735
2010-03-17,0.7264,0.7286,0.7237,0.7279
2010-03-16,0.7312,0.7323,0.7258,0.7259
2010-03-15,0.7258,0.7332,0.7258,0.7313
2010-03-12,0.731,0.7316,0.7248,0.7267
2010-03-11,0.7325,0.7343,0.7306,0.7311
2010-03-10,0.7353,0.7383,0.731,0.7323
2010-03-09,0.7336,0.7387,0.7333,0.7352
2010-03-08,0.7336,0.735,0.7297,0.7337
2010-03-05,0.736,0.7393,0.7337,0.7341
2010-03-04,0.7301,0.738,0.7292,0.7364
2010-03-03,0.7346,0.7326,0.728,0.7299
2010-03-02,0.7376,0.7443,0.7347,0.735
2010-03-01,0.7332,0.743,0.7322,0.7376
2010-02-26,0.7379,0.7391,0.7308,0.7339
2010-02-25,0.7388,0.7434,0.7373,0.7377
2010-02-24,0.7404,0.7407,0.7338,0.7391
2010-02-23,0.7355,0.7405,0.7303,0.7403
2010-02-22,0.7334,0.7368,0.7324,0.7355
2010-02-19,0.737,0.7439,0.7342,0.7345
2010-02-18,0.7351,0.7387,0.7324,0.7345
2010-02-17,0.7264,0.7357,0.7251,0.735
2010-02-16,0.7353,0.7359,0.726,0.7264
2010-02-15,0.7347,0.7365,0.7334,0.7353
2010-02-12,0.7306,0.7391,0.7301,0.7344
2010-02-11,0.7283,0.7356,0.7245,0.7308
2010-02-10,0.7252,0.7312,0.7238,0.7286
2010-02-09,0.7323,0.733,0.723,0.7252
2010-02-08,0.7308,0.7342,0.7291,0.7324
2010-02-05,0.728,0.7359,0.7274,0.7318
2010-02-04,0.7198,0.7285,0.7192,0.7284
2010-02-03,0.7161,0.7197,0.7129,0.7196
2010-02-02,0.7178,0.7202,0.7158,0.7161
2010-02-01,0.7214,0.7219,0.7175,0.7179
2010-01-29,0.7158,0.7214,0.7148,0.7212
2010-01-28,0.7132,0.7176,0.7116,0.7161
2010-01-27,0.7105,0.714,0.7093,0.7134
2010-01-26,0.7066,0.7121,0.7052,0.7105
2010-01-25,0.7061,0.7079,0.7044,0.7066
2010-01-22,0.7098,0.7109,0.7054,0.7076
2010-01-21,0.709,0.7129,0.7071,0.7096
2010-01-20,0.6995,0.7103,0.6993,0.7093
2010-01-19,0.6954,0.7017,0.6938,0.6994
2010-01-18,0.6968,0.6976,0.6945,0.6951
2010-01-15,0.6897,0.697,0.689,0.6951
2010-01-14,0.6891,0.6922,0.687,0.6894
2010-01-13,0.6904,0.6918,0.6859,0.689
2010-01-12,0.6889,0.6919,0.6873,0.6899
2010-01-11,0.6927,0.6941,0.6869,0.689
2010-01-08,0.6983,0.7011,0.693,0.6938
2010-01-07,0.694,0.6994,0.6925,0.6985
2010-01-06,0.6961,0.7,0.6932,0.6938
2010-01-05,0.694,0.6961,0.6904,0.696
2010-01-04,0.6981,0.7014,0.6918,0.6937
2010-01-01,0.6983,0.6985,0.6979,0.6981
2009-12-31,0.6974,0.699,0.6924,0.6985
2009-12-30,0.6968,0.7007,0.6962,0.6975
2009-12-29,0.6956,0.6978,0.6916,0.6968
2009-12-28,0.695,0.6967,0.6937,0.6953
2009-12-25,0.6957,0.6962,0.6927,0.6946
2009-12-24,0.6978,0.6982,0.6935,0.6957
2009-12-23,0.7017,0.7025,0.6966,0.698
2009-12-22,0.7,0.7034,0.6977,0.7017
2009-12-21,0.6991,0.7006,0.6957,0.7
2009-12-18,0.6974,0.7013,0.6939,0.697
2009-12-17,0.688,0.6991,0.6879,0.6973
2009-12-16,0.6879,0.6893,0.6854,0.6879
2009-12-15,0.6824,0.6895,0.6819,0.6879
2009-12-14,0.6837,0.685,0.6809,0.6825
2009-12-11,0.6788,0.6856,0.6767,0.6839
2009-12-10,0.679,0.6809,0.6774,0.6787
2009-12-09,0.6801,0.6818,0.6765,0.679
2009-12-08,0.6749,0.6803,0.6726,0.6804
2009-12-07,0.6732,0.6777,0.6709,0.6748
2009-12-04,0.664,0.6736,0.6626,0.6734
2009-12-03,0.6647,0.6648,0.6604,0.6635
2009-12-02,0.663,0.6651,0.6618,0.6647
2009-12-01,0.6662,0.668,0.6615,0.6628
2009-11-30,0.6659,0.6683,0.663,0.6663
2009-11-27,0.6659,0.6744,0.6656,0.6682
2009-11-26,0.6606,0.6685,0.6604,0.6662
2009-11-25,0.6684,0.6687,0.6614,0.6606
2009-11-24,0.6682,0.6717,0.6671,0.6684
2009-11-23,0.6728,0.6742,0.6666,0.6683
2009-11-20,0.6702,0.6758,0.6695,0.6728
2009-11-19,0.6684,0.6739,0.6681,0.6703
2009-11-18,0.6724,0.6731,0.6671,0.6684
2009-11-17,0.6679,0.6754,0.6669,0.6726
2009-11-16,0.6699,0.6713,0.6664,0.6678
2009-11-13,0.6737,0.6746,0.67,0.6703
2009-11-12,0.6675,0.6741,0.6659,0.6738
2009-11-11,0.6674,0.6687,0.6645,0.6675
2009-11-10,0.667,0.6694,0.6657,0.6676
2009-11-09,0.6718,0.6731,0.6657,0.667
2009-11-06,0.6724,0.6751,0.6705,0.6735
2009-11-05,0.6726,0.6753,0.6703,0.6721
2009-11-04,0.6793,0.6801,0.6721,0.6722
2009-11-03,0.6772,0.6838,0.6753,0.6796
2009-11-02,0.6798,0.681,0.6735,0.6771
2009-10-30,0.6744,0.6799,0.673,0.6795
2009-10-29,0.6797,0.6809,0.6732,0.6742
2009-10-28,0.6753,0.6803,0.6738,0.6795
2009-10-27,0.6725,0.6768,0.6699,0.6757
2009-10-26,0.6668,0.6728,0.664,0.6727
2009-10-23,0.6655,0.6672,0.6642,0.6666
2009-10-22,0.6663,0.6692,0.665,0.6656
2009-10-21,0.6693,0.6717,0.6651,0.6663
2009-10-20,0.6681,0.672,0.6669,0.6694
2009-10-19,0.6715,0.6742,0.668,0.6684
2009-10-16,0.6691,0.6736,0.6681,0.6708
2009-10-15,0.6697,0.6736,0.6681,0.6692
2009-10-14,0.6732,0.674,0.6696,0.67
2009-10-13,0.6768,0.6775,0.6722,0.6733
2009-10-12,0.6792,0.6814,0.675,0.6769
2009-10-09,0.6759,0.6816,0.6758,0.6788
2009-10-08,0.6807,0.6812,0.6748,0.6762
2009-10-07,0.6795,0.6825,0.6786,0.6809
2009-10-06,0.6826,0.6828,0.6774,0.6794
2009-10-05,0.6849,0.6859,0.682,0.6826
2009-10-02,0.6879,0.6906,0.6826,0.6863
2009-10-01,0.6831,0.6889,0.6817,0.688
2009-09-30,0.6857,0.6861,0.6815,0.6832
2009-09-29,0.6841,0.6885,0.6827,0.6856
2009-09-28,0.6803,0.6869,0.6793,0.6839
2009-09-25,0.6821,0.6843,0.6792,0.6809
2009-09-24,0.6793,0.6825,0.6755,0.6823
2009-09-23,0.676,0.6789,0.6737,0.6788
2009-09-22,0.6813,0.6816,0.6747,0.6761
2009-09-21,0.6803,0.6846,0.6798,0.6815
2009-09-18,0.6784,0.6828,0.6782,0.6798
2009-09-17,0.6798,0.6809,0.6772,0.6784
2009-09-16,0.6822,0.683,0.6787,0.6796
2009-09-15,0.6838,0.6869,0.6819,0.6822
2009-09-14,0.6849,0.6889,0.6825,0.6838
2009-09-11,0.6859,0.6871,0.6834,0.6864
2009-09-10,0.6866,0.6896,0.6844,0.686
2009-09-09,0.6905,0.6913,0.6849,0.6865
2009-09-08,0.6977,0.698,0.688,0.6904
2009-09-07,0.699,0.6993,0.6963,0.6976
2009-09-04,0.7015,0.7047,0.6979,0.6997
2009-09-03,0.7011,0.7023,0.6969,0.7016
2009-09-02,0.7032,0.7047,0.6995,0.7011
2009-09-01,0.6977,0.7045,0.6955,0.7034
2009-08-31,0.6988,0.7015,0.696,0.6978
2009-08-28,0.6971,0.6993,0.695,0.6994
2009-08-27,0.7018,0.7033,0.6971,0.697
2009-08-26,0.6994,0.7039,0.6969,0.7018
2009-08-25,0.6993,0.7016,0.6963,0.6993
2009-08-24,0.6973,0.7003,0.6965,0.6991
2009-08-21,0.7017,0.7038,0.6956,0.6982
2009-08-20,0.7028,0.7042,0.701,0.7019
2009-08-19,0.7075,0.7101,0.7009,0.7025
2009-08-18,0.7104,0.7109,0.7066,0.7076
2009-08-17,0.7048,0.7119,0.7044,0.7102
2009-08-14,0.7001,0.7051,0.699,0.704
2009-08-13,0.7046,0.7047,0.698,0.6996
2009-08-12,0.7068,0.7099,0.7019,0.7043
2009-08-11,0.7071,0.7088,0.7049,0.7069
2009-08-10,0.7054,0.7085,0.7032,0.7071
2009-08-07,0.6972,0.7066,0.6938,0.7049
2009-08-06,0.694,0.6977,0.6929,0.697
2009-08-05,0.6944,0.6966,0.6924,0.6939
2009-08-04,0.6938,0.6961,0.6928,0.6945
2009-08-03,0.7009,0.704,0.6923,0.6936
2009-07-31,0.7107,0.7111,0.7003,0.7018
2009-07-30,0.7122,0.7139,0.7094,0.7106
2009-07-29,0.7059,0.7139,0.7045,0.7125
2009-07-28,0.7024,0.7078,0.699,0.7055
2009-07-27,0.703,0.7052,0.6993,0.702
2009-07-24,0.7067,0.7075,0.7016,0.704
2009-07-23,0.7035,0.7065,0.6997,0.7063
2009-07-22,0.7031,0.7066,0.7017,0.7035
2009-07-21,0.7028,0.7061,0.7005,0.7036
2009-07-20,0.7088,0.7091,0.7018,0.7026
2009-07-17,0.7069,0.7111,0.7068,0.7092
2009-07-16,0.7089,0.7115,0.706,0.7069
2009-07-15,0.7159,0.7162,0.7079,0.709
2009-07-14,0.7153,0.7181,0.7135,0.7159
2009-07-13,0.717,0.7196,0.7144,0.7153
2009-07-10,0.7132,0.7206,0.7128,0.7178
2009-07-09,0.7205,0.7217,0.7106,0.7129
2009-07-08,0.7184,0.723,0.7174,0.7207
2009-07-07,0.7154,0.7193,0.7116,0.7183
2009-07-06,0.7164,0.7207,0.7143,0.7156
2009-07-03,0.7157,0.7178,0.7129,0.7162
2009-07-02,0.7069,0.7164,0.7065,0.7171
2009-07-01,0.7126,0.7143,0.7042,0.7066
2009-06-30,0.7102,0.7143,0.7066,0.7126
2009-06-29,0.711,0.7152,0.7093,0.7104
2009-06-26,0.7148,0.7153,0.7085,0.7116
2009-06-25,0.7178,0.72,0.7144,0.7149
2009-06-24,0.7105,0.7185,0.7073,0.718
2009-06-23,0.7213,0.7232,0.7088,0.7104
2009-06-22,0.7168,0.7233,0.7166,0.7214
2009-06-19,0.7193,0.7204,0.7137,0.7172
2009-06-18,0.7171,0.7201,0.7142,0.7192
2009-06-17,0.7229,0.7243,0.7165,0.717
2009-06-16,0.725,0.7271,0.7177,0.7229
2009-06-15,0.7147,0.727,0.7142,0.7252
2009-06-12,0.709,0.7176,0.7077,0.7131
2009-06-11,0.7155,0.7172,0.7065,0.7089
2009-06-10,0.7109,0.7177,0.707,0.7158
2009-06-09,0.7196,0.7219,0.7104,0.7109
2009-06-08,0.7165,0.7244,0.7142,0.7197
2009-06-05,0.7053,0.7168,0.7009,0.7156
2009-06-04,0.7066,0.7108,0.7021,0.7049
2009-06-03,0.699,0.7084,0.6974,0.7066
2009-06-02,0.7066,0.7091,0.6982,0.6989
2009-06-01,0.7074,0.7093,0.7019,0.7063
2009-05-29,0.7174,0.7181,0.7058,0.7066
2009-05-28,0.7231,0.725,0.7151,0.7177
2009-05-27,0.715,0.7222,0.7142,0.7227
2009-05-26,0.7137,0.7217,0.7132,0.7148
2009-05-25,0.7129,0.7165,0.7121,0.7137
2009-05-22,0.7198,0.7199,0.712,0.7146
2009-05-21,0.7262,0.7285,0.7187,0.7198
2009-05-20,0.7339,0.7362,0.724,0.7264
2009-05-19,0.7376,0.739,0.7319,0.7338
2009-05-18,0.7416,0.745,0.7377,0.7374
2009-05-15,0.7333,0.7415,0.7326,0.741
2009-05-14,0.7353,0.7391,0.7327,0.7335
2009-05-13,0.7328,0.7371,0.7289,0.7354
2009-05-12,0.7365,0.7373,0.7296,0.7329
2009-05-11,0.7328,0.7378,0.7316,0.7366
2009-05-08,0.7467,0.7496,0.7347,0.7328
2009-05-07,0.7507,0.7546,0.7423,0.7467
2009-05-06,0.7508,0.755,0.7477,0.7515
2009-05-05,0.7458,0.7517,0.7442,0.7511
2009-05-04,0.7531,0.757,0.7448,0.746
2009-05-01,0.756,0.7566,0.7503,0.7538
2009-04-30,0.754,0.7581,0.7471,0.756
2009-04-29,0.7608,0.7621,0.7496,0.7538
2009-04-28,0.7676,0.7714,0.761,0.7608
2009-04-27,0.755,0.7673,0.7549,0.7685
2009-04-24,0.7611,0.7624,0.7518,0.7545
2009-04-23,0.7692,0.7705,0.7619,0.7605
2009-04-22,0.7724,0.7761,0.767,0.7693
2009-04-21,0.774,0.7754,0.7695,0.7724
2009-04-20,0.7661,0.7761,0.7661,0.7742
2009-04-17,0.7585,0.768,0.7577,0.7668
2009-04-16,0.7565,0.7618,0.7536,0.7588
2009-04-15,0.7541,0.7607,0.752,0.7565
2009-04-14,0.748,0.7561,0.7473,0.7541
2009-04-13,0.7582,0.7615,0.747,0.7481
2009-04-10,0.7594,0.764,0.7587,0.7583
2009-04-09,0.7533,0.7619,0.7499,0.7595
2009-04-08,0.7535,0.7607,0.7513,0.754
2009-04-07,0.7459,0.756,0.7455,0.7536
2009-04-06,0.7404,0.7487,0.7363,0.7459
2009-04-03,0.743,0.7483,0.7415,0.7417
2009-04-02,0.7555,0.7564,0.7398,0.743
2009-04-01,0.7548,0.7595,0.7526,0.7558
2009-03-31,0.7575,0.7589,0.7495,0.7546
2009-03-30,0.756,0.7625,0.7526,0.7576
2009-03-27,0.7393,0.7544,0.7357,0.7519
2009-03-26,0.736,0.7403,0.7331,0.7393
2009-03-25,0.7424,0.7453,0.7326,0.7365
2009-03-24,0.7339,0.7432,0.7311,0.743
2009-03-23,0.7338,0.7416,0.728,0.7336
2009-03-20,0.7319,0.7399,0.7284,0.7363
2009-03-19,0.7409,0.7453,0.7279,0.7317
2009-03-18,0.7683,0.7701,0.7499,0.7406
2009-03-17,0.7707,0.7734,0.7672,0.7684
2009-03-16,0.776,0.7791,0.7651,0.7706
2009-03-13,0.7745,0.7775,0.7717,0.7737
2009-03-12,0.7789,0.7854,0.7747,0.7745
2009-03-11,0.7885,0.7926,0.7788,0.7794
2009-03-10,0.7932,0.7951,0.7798,0.7893
2009-03-09,0.7898,0.7967,0.7859,0.793
2009-03-06,0.7966,0.7981,0.784,0.7911
2009-03-05,0.7906,0.8012,0.7897,0.7962
2009-03-04,0.7955,0.8026,0.7908,0.7914
2009-03-03,0.7951,0.7987,0.7887,0.7958
2009-03-02,0.7921,0.7971,0.7914,0.7947
2009-02-27,0.7848,0.7934,0.7842,0.7892
2009-02-26,0.7864,0.7885,0.7807,0.7855
2009-02-25,0.7786,0.788,0.7751,0.7868
2009-02-24,0.7876,0.7896,0.7779,0.779
2009-02-23,0.7819,0.7873,0.7696,0.7869
2009-02-20,0.7897,0.7964,0.7775,0.7786
2009-02-19,0.7973,0.7983,0.7837,0.7896
2009-02-18,0.794,0.7992,0.7911,0.7974
2009-02-17,0.7822,0.796,0.7807,0.7942
2009-02-16,0.7815,0.7858,0.7796,0.7825
2009-02-13,0.7776,0.7801,0.7726,0.7773
2009-02-12,0.7754,0.7861,0.7726,0.7773
2009-02-11,0.7754,0.7788,0.7692,0.7755
2009-02-10,0.7686,0.7807,0.7649,0.7754
2009-02-09,0.7717,0.7769,0.7637,0.7686
2009-02-06,0.7814,0.7845,0.7719,0.7732
2009-02-05,0.778,0.7838,0.7749,0.7822
2009-02-04,0.7672,0.7804,0.7651,0.7795
2009-02-03,0.7784,0.7813,0.7665,0.7665
2009-02-02,0.783,0.7871,0.7767,0.7781
2009-01-30,0.7717,0.7826,0.7713,0.7827
2009-01-29,0.7607,0.7728,0.7588,0.7718
2009-01-28,0.759,0.7622,0.7504,0.7611
2009-01-27,0.7588,0.7624,0.7502,0.7589
2009-01-26,0.7705,0.7776,0.7579,0.7595
2009-01-23,0.7689,0.7833,0.7674,0.7696
2009-01-22,0.7674,0.7747,0.7642,0.7696
2009-01-21,0.7756,0.7797,0.7666,0.7666
2009-01-20,0.7636,0.7767,0.7628,0.7758
2009-01-19,0.7499,0.7628,0.747,0.7628
2009-01-16,0.761,0.7628,0.7494,0.7516
2009-01-15,0.7593,0.7676,0.7554,0.7602
2009-01-14,0.7581,0.7638,0.7498,0.7596
2009-01-13,0.7477,0.7603,0.7476,0.7578
2009-01-12,0.7426,0.7526,0.7419,0.7478
2009-01-09,0.729,0.744,0.7272,0.7444
2009-01-08,0.7328,0.7389,0.7246,0.7286
2009-01-07,0.7393,0.7446,0.7274,0.7333
2009-01-06,0.7356,0.7513,0.7322,0.7402
2009-01-05,0.7191,0.7379,0.7161,0.735
2009-01-02,0.7144,0.7226,0.7114,0.7206
2009-01-01,0.7159,0.7167,0.7107,0.7148
2008-12-31,0.7107,0.7221,0.7068,0.7152
2008-12-30,0.7164,0.7185,0.7031,0.7107
2008-12-29,0.7109,0.7136,0.6963,0.7157
2008-12-26,0.7138,0.7149,0.7083,0.7111
2008-12-25,0.7139,0.7156,0.712,0.7135
2008-12-24,0.7172,0.7187,0.7132,0.7141
2008-12-23,0.7174,0.7185,0.7132,0.7161
2008-12-22,0.7182,0.7194,0.708,0.7172
2008-12-19,0.7021,0.7229,0.6989,0.7188
2008-12-18,0.6945,0.7041,0.6794,0.7034
2008-12-17,0.7097,0.7145,0.6926,0.6942
2008-12-16,0.7298,0.7337,0.7148,0.7097
2008-12-15,0.748,0.7482,0.7294,0.7292
2008-12-12,0.7494,0.7548,0.7454,0.7478
2008-12-11,0.768,0.7692,0.748,0.7486
2008-12-10,0.7736,0.7752,0.7655,0.7685
2008-12-09,0.7723,0.7815,0.7701,0.7744
2008-12-08,0.7857,0.7863,0.7716,0.773
2008-12-05,0.7819,0.7918,0.7813,0.7854
2008-12-04,0.7869,0.7969,0.7783,0.7828
2008-12-03,0.7868,0.7935,0.7848,0.7869
2008-12-02,0.7936,0.7959,0.7833,0.7865
2008-12-01,0.7866,0.7948,0.7865,0.7921
2008-11-28,0.775,0.7907,0.7716,0.7875
2008-11-27,0.7753,0.7777,0.7711,0.7758
2008-11-26,0.7654,0.7801,0.765,0.7757
2008-11-25,0.7743,0.781,0.7644,0.7656
2008-11-24,0.7941,0.7958,0.7744,0.7744
2008-11-21,0.8024,0.8049,0.7911,0.7948
2008-11-20,0.7991,0.8024,0.7942,0.8027
2008-11-19,0.7927,0.7975,0.7804,0.7985
2008-11-18,0.7905,0.7956,0.7874,0.7921
2008-11-17,0.7972,0.7991,0.785,0.7907
2008-11-14,0.7802,0.7937,0.7789,0.7948
2008-11-13,0.8005,0.8072,0.786,0.7816
2008-11-12,0.7982,0.8021,0.7916,0.8018
2008-11-11,0.7846,0.7992,0.7812,0.7984
2008-11-10,0.7804,0.7856,0.7735,0.7855
2008-11-07,0.7867,0.7904,0.7781,0.785
2008-11-06,0.7728,0.7872,0.771,0.7877
2008-11-05,0.7697,0.7816,0.7624,0.7717
2008-11-04,0.7914,0.7983,0.7676,0.7682
2008-11-03,0.7849,0.7907,0.7753,0.7906
2008-10-31,0.776,0.7894,0.7748,0.7854
2008-10-30,0.7712,0.7811,0.7521,0.7747
2008-10-29,0.7861,0.7921,0.7696,0.7715
2008-10-28,0.8009,0.8111,0.7896,0.7861
2008-10-27,0.7965,0.8108,0.7901,0.801
2008-10-24,0.7719,0.8002,0.7697,0.7922
2008-10-23,0.7786,0.7856,0.7723,0.7694
2008-10-22,0.7656,0.7829,0.7647,0.7784
2008-10-21,0.7499,0.7654,0.7488,0.7659
2008-10-20,0.7454,0.7527,0.739,0.7488
2008-10-17,0.7424,0.747,0.7399,0.7458
2008-10-16,0.7415,0.7493,0.7387,0.7416
2008-10-15,0.7343,0.7417,0.7307,0.7431
2008-10-14,0.7358,0.7363,0.7262,0.7339
2008-10-13,0.7372,0.7431,0.7308,0.7355
2008-10-10,0.7354,0.7488,0.7326,0.7455
2008-10-09,0.7331,0.7363,0.7254,0.7358
2008-10-08,0.7346,0.7383,0.7272,0.7328
2008-10-07,0.7412,0.7418,0.7278,0.7359
2008-10-06,0.7317,0.7431,0.7304,0.7414
2008-10-03,0.7237,0.7297,0.7192,0.7262
2008-10-02,0.7134,0.7276,0.7129,0.7239
2008-10-01,0.7087,0.7156,0.7055,0.7127
2008-09-30,0.6932,0.7139,0.6929,0.7081
2008-09-29,0.688,0.6992,0.6866,0.6937
2008-09-26,0.6844,0.687,0.6813,0.6843
2008-09-25,0.6842,0.6868,0.6771,0.6839
2008-09-24,0.6827,0.684,0.6781,0.6843
2008-09-23,0.6764,0.6836,0.6745,0.6828
2008-09-22,0.6901,0.6927,0.6754,0.6761
2008-09-19,0.6975,0.7068,0.6908,0.6913
2008-09-18,0.6982,0.7004,0.6877,0.6975
2008-09-17,0.7084,0.71,0.698,0.6996
2008-09-16,0.7017,0.7096,0.6994,0.7082
2008-09-15,0.6979,0.71,0.6906,0.7017
2008-09-12,0.7139,0.7157,0.7033,0.7028
2008-09-11,0.7151,0.7205,0.7132,0.7125
2008-09-10,0.7081,0.7149,0.7053,0.7159
2008-09-09,0.7081,0.7119,0.7029,0.7074
2008-09-08,0.6965,0.7106,0.693,0.7078
2008-09-05,0.7003,0.7044,0.6969,0.7009
2008-09-04,0.6899,0.7007,0.6876,0.7021
2008-09-03,0.6888,0.6952,0.6881,0.6901
2008-09-02,0.6844,0.6913,0.6844,0.689
2008-09-01,0.6803,0.6858,0.6793,0.6846
2008-08-29,0.68,0.6831,0.6771,0.6815
2008-08-28,0.6794,0.6814,0.6752,0.6803
2008-08-27,0.6827,0.6834,0.6768,0.6794
2008-08-26,0.6779,0.6864,0.6775,0.6826
2008-08-25,0.6764,0.6805,0.6754,0.6779
2008-08-22,0.6713,0.677,0.6709,0.676
2008-08-21,0.6782,0.6788,0.671,0.671
2008-08-20,0.6765,0.6815,0.6754,0.6785
2008-08-19,0.6807,0.6836,0.676,0.6764
2008-08-18,0.6812,0.6816,0.6771,0.6805
2008-08-15,0.675,0.682,0.6748,0.6809
2008-08-14,0.6702,0.6767,0.6688,0.675
2008-08-13,0.6703,0.6739,0.6676,0.6702
2008-08-12,0.6709,0.675,0.6683,0.6702
2008-08-11,0.6696,0.6714,0.663,0.6714
2008-08-08,0.6526,0.6666,0.6521,0.6664
2008-08-07,0.6488,0.6531,0.6451,0.6526
2008-08-06,0.6471,0.6494,0.6445,0.6487
2008-08-05,0.6421,0.6472,0.642,0.647
2008-08-04,0.6423,0.6429,0.6398,0.6419
2008-08-01,0.641,0.6446,0.6409,0.6424
2008-07-31,0.642,0.6423,0.6369,0.641
2008-07-30,0.6416,0.6443,0.6404,0.642
2008-07-29,0.6354,0.6426,0.6345,0.6415
2008-07-28,0.6368,0.6377,0.6342,0.6351
2008-07-25,0.6379,0.6385,0.6348,0.6365
2008-07-24,0.6374,0.6397,0.6364,0.638
2008-07-23,0.6334,0.6379,0.633,0.6374
2008-07-22,0.6279,0.6346,0.6272,0.6336
2008-07-21,0.6314,0.6318,0.6281,0.6278
2008-07-18,0.6305,0.6328,0.6295,0.631
2008-07-17,0.632,0.6331,0.6292,0.6304
2008-07-16,0.6284,0.6325,0.6271,0.6319
2008-07-15,0.6288,0.6299,0.6236,0.6282
2008-07-14,0.6263,0.6312,0.6262,0.6287
2008-07-11,0.6334,0.6344,0.6271,0.6273
2008-07-10,0.6353,0.6373,0.6329,0.6337
2008-07-09,0.6382,0.639,0.6348,0.6353
2008-07-08,0.6359,0.6395,0.6353,0.6381
2008-07-07,0.6371,0.6405,0.6349,0.6361
2008-07-04,0.6369,0.6389,0.6359,0.6367
2008-07-03,0.6295,0.6378,0.6286,0.637
2008-07-02,0.6332,0.6339,0.6294,0.6298
2008-07-01,0.6347,0.6361,0.6318,0.6333
2008-06-30,0.6338,0.6357,0.6315,0.6347
2008-06-27,0.6348,0.6363,0.6335,0.6332
2008-06-26,0.6383,0.64,0.6345,0.6345
2008-06-25,0.6424,0.6436,0.6389,0.6384
2008-06-24,0.6444,0.6455,0.6402,0.6424
2008-06-23,0.64,0.6465,0.6397,0.6441
2008-06-20,0.6449,0.6455,0.6389,0.6408
2008-06-19,0.6438,0.6465,0.6416,0.6451
2008-06-18,0.6447,0.6468,0.6436,0.6442
2008-06-17,0.6463,0.6468,0.6431,0.6448
2008-06-16,0.649,0.6516,0.6444,0.6465
2008-06-13,0.6475,0.6534,0.6458,0.6503
2008-06-12,0.6429,0.6502,0.6424,0.6477
2008-06-11,0.6468,0.6472,0.6416,0.6429
2008-06-10,0.6393,0.6472,0.6388,0.6466
2008-06-09,0.6333,0.64,0.6311,0.6392
2008-06-06,0.6415,0.6421,0.6343,0.6338
2008-06-05,0.648,0.6509,0.6415,0.6414
2008-06-04,0.6477,0.6486,0.6459,0.6483
2008-06-03,0.6436,0.649,0.6399,0.6475
2008-06-02,0.6425,0.6457,0.6415,0.6434
2008-05-30,0.6445,0.6467,0.6423,0.643
2008-05-29,0.6392,0.6457,0.6384,0.6445
2008-05-28,0.6376,0.6407,0.6345,0.6392
2008-05-27,0.634,0.6372,0.6322,0.6377
2008-05-26,0.6342,0.6353,0.6333,0.6341
2008-05-23,0.6358,0.6371,0.6331,0.6343
2008-05-22,0.6332,0.6372,0.6324,0.6357
2008-05-21,0.6391,0.6395,0.6335,0.6332
2008-05-20,0.6446,0.645,0.6378,0.6386
2008-05-19,0.6412,0.6457,0.6397,0.6446
2008-05-16,0.6475,0.6479,0.641,0.642
2008-05-15,0.6461,0.6485,0.6432,0.6478
2008-05-14,0.6463,0.6495,0.6458,0.6462
2008-05-13,0.6433,0.648,0.6424,0.6468
2008-05-12,0.6462,0.6507,0.6424,0.6432
2008-05-09,0.6495,0.6497,0.6457,0.6459
2008-05-08,0.6496,0.6543,0.6476,0.6492
2008-05-07,0.6439,0.6507,0.6435,0.6497
2008-05-06,0.6453,0.6472,0.6412,0.6438
2008-05-05,0.6479,0.6484,0.6448,0.6453
2008-05-02,0.6463,0.651,0.6453,0.6483
2008-05-01,0.6403,0.6479,0.6392,0.6466
2008-04-30,0.6422,0.6444,0.6399,0.6402
2008-04-29,0.6389,0.6435,0.6385,0.6423
2008-04-28,0.6405,0.6413,0.6372,0.6386
2008-04-25,0.6377,0.6428,0.6367,0.64
2008-04-24,0.6294,0.6395,0.6292,0.6376
2008-04-23,0.6253,0.6305,0.625,0.6295
2008-04-22,0.6285,0.6316,0.6242,0.6253
2008-04-21,0.6326,0.6333,0.6271,0.6284
2008-04-18,0.629,0.6365,0.6267,0.6323
2008-04-17,0.6272,0.631,0.6257,0.629
2008-04-16,0.6333,0.6345,0.6258,0.627
2008-04-15,0.6315,0.6343,0.6299,0.6333
2008-04-14,0.637,0.6379,0.6295,0.6311
2008-04-11,0.6352,0.6354,0.6307,0.6327
2008-04-10,0.6317,0.636,0.6284,0.6352
2008-04-09,0.6366,0.6376,0.6304,0.6317
2008-04-08,0.6365,0.638,0.633,0.637
2008-04-07,0.6356,0.6399,0.6355,0.6365
2008-04-04,0.6377,0.6395,0.6339,0.6355
2008-04-03,0.6375,0.6447,0.6372,0.6377
2008-04-02,0.6404,0.6438,0.6375,0.6372
2008-04-01,0.634,0.6425,0.6334,0.6405
2008-03-31,0.6326,0.6345,0.6291,0.6341
2008-03-28,0.6339,0.6352,0.6313,0.6329
2008-03-27,0.6312,0.6359,0.631,0.6336
2008-03-26,0.6395,0.6417,0.6322,0.6311
2008-03-25,0.6481,0.6491,0.6395,0.6399
2008-03-24,0.6481,0.6518,0.6471,0.6483
2008-03-21,0.6481,0.6491,0.6463,0.648
2008-03-20,0.6397,0.6495,0.639,0.6479
2008-03-19,0.6401,0.6412,0.6335,0.6397
2008-03-18,0.6358,0.6384,0.6317,0.6398
2008-03-17,0.6367,0.6378,0.6288,0.6358
2008-03-14,0.6398,0.6438,0.6374,0.638
2008-03-13,0.6427,0.6443,0.6396,0.6393
2008-03-12,0.6521,0.6522,0.6434,0.6433
2008-03-11,0.6517,0.6544,0.6454,0.652
2008-03-10,0.651,0.653,0.6492,0.6519
2008-03-07,0.6501,0.653,0.6468,0.6515
2008-03-06,0.6551,0.6553,0.6499,0.6498
2008-03-05,0.6574,0.6603,0.6536,0.655
2008-03-04,0.6576,0.659,0.6558,0.6574
2008-03-03,0.6583,0.6598,0.6546,0.6576
2008-02-29,0.6576,0.6604,0.6563,0.6587
2008-02-28,0.6611,0.6634,0.6573,0.657
2008-02-27,0.6679,0.6681,0.6603,0.6612
2008-02-26,0.6744,0.6766,0.6694,0.6681
2008-02-25,0.6739,0.676,0.6737,0.6745
2008-02-22,0.675,0.6762,0.6728,0.6743
2008-02-21,0.6798,0.6801,0.6743,0.6751
2008-02-20,0.679,0.6843,0.6788,0.6798
2008-02-19,0.6823,0.683,0.6778,0.679
2008-02-18,0.6813,0.6845,0.6807,0.6822
2008-02-15,0.6832,0.6835,0.6799,0.6812
2008-02-14,0.6864,0.6874,0.6826,0.6832
2008-02-13,0.6858,0.6882,0.685,0.6864
2008-02-12,0.6887,0.6898,0.6842,0.6858
2008-02-11,0.6887,0.6906,0.686,0.6885
2008-02-08,0.6908,0.6919,0.688,0.6892
2008-02-07,0.6836,0.6919,0.6824,0.6903
2008-02-06,0.6829,0.6853,0.6816,0.6839
2008-02-05,0.6744,0.684,0.6741,0.6831
2008-02-04,0.6754,0.676,0.6736,0.6745
2008-02-01,0.6728,0.6763,0.6687,0.6758
2008-01-31,0.6723,0.6755,0.6705,0.6728
2008-01-30,0.6768,0.6778,0.6728,0.6721
2008-01-29,0.6764,0.6786,0.6758,0.6768
2008-01-28,0.6811,0.6821,0.6758,0.6763
2008-01-25,0.6773,0.682,0.6767,0.6816
2008-01-24,0.6834,0.6854,0.6774,0.6771
2008-01-23,0.6839,0.6892,0.6809,0.6833
2008-01-22,0.6923,0.6961,0.6829,0.6836
2008-01-21,0.6847,0.6934,0.6847,0.6923
2008-01-18,0.6825,0.6848,0.6805,0.6844
2008-01-17,0.6824,0.6854,0.6796,0.6823
2008-01-16,0.675,0.6852,0.673,0.6821
2008-01-15,0.6726,0.6752,0.6702,0.6755
2008-01-14,0.6765,0.6766,0.6705,0.6727
2008-01-11,0.6756,0.6774,0.6748,0.6768
2008-01-10,0.682,0.6831,0.6765,0.6754
2008-01-09,0.6799,0.6829,0.6783,0.6821
2008-01-08,0.6805,0.6812,0.6782,0.68
2008-01-07,0.6779,0.6821,0.6777,0.6808
2008-01-04,0.6781,0.6805,0.6746,0.6783
2008-01-03,0.6791,0.6809,0.6766,0.6782
2008-01-02,0.6853,0.6855,0.678,0.679
2008-01-01,0.6853,0.6858,0.6848,0.6853
2007-12-31,0.6793,0.6861,0.6781,0.6854
2007-12-28,0.6842,0.6854,0.6789,0.6796
2007-12-27,0.6902,0.6912,0.6835,0.6843
2007-12-26,0.6943,0.6948,0.6894,0.69
2007-12-25,0.6946,0.695,0.6938,0.6942
2007-12-24,0.6957,0.6965,0.6938,0.6945
2007-12-21,0.6981,0.6985,0.6939,0.6962
2007-12-20,0.6956,0.6988,0.6949,0.6982
2007-12-19,0.694,0.6981,0.6933,0.6956
2007-12-18,0.6946,0.696,0.6927,0.6943
2007-12-17,0.695,0.6977,0.6919,0.6944
2007-12-14,0.6836,0.6938,0.6822,0.6935
2007-12-13,0.6799,0.686,0.6786,0.6837
2007-12-12,0.6824,0.6828,0.678,0.68
2007-12-11,0.6796,0.6828,0.678,0.6827
2007-12-10,0.6824,0.6831,0.6786,0.6797
2007-12-07,0.6835,0.685,0.6815,0.6823
2007-12-06,0.6844,0.6884,0.6825,0.6834
2007-12-05,0.6774,0.684,0.677,0.6848
2007-12-04,0.6818,0.6833,0.6772,0.6773
2007-12-03,0.6832,0.6839,0.6798,0.6819
2007-11-30,0.6784,0.6825,0.6764,0.6834
2007-11-29,0.674,0.6794,0.6736,0.6785
2007-11-28,0.6745,0.6798,0.6734,0.6743
2007-11-27,0.6723,0.6752,0.6708,0.6744
2007-11-26,0.6746,0.6754,0.6717,0.6721
2007-11-23,0.6734,0.6764,0.6682,0.674
2007-11-22,0.6729,0.6748,0.6723,0.6732
2007-11-21,0.6744,0.6769,0.6728,0.6731
2007-11-20,0.6819,0.6833,0.6746,0.6745
2007-11-19,0.6817,0.684,0.6808,0.682
2007-11-16,0.6842,0.6858,0.6816,0.6823
2007-11-15,0.6829,0.6847,0.68,0.6839
2007-11-14,0.6848,0.6849,0.6791,0.6823
2007-11-13,0.688,0.6887,0.6834,0.6848
2007-11-12,0.6816,0.6884,0.6813,0.6879
2007-11-09,0.6814,0.6835,0.6778,0.6814
2007-11-08,0.6832,0.6842,0.6801,0.6815
2007-11-07,0.687,0.6871,0.6788,0.683
2007-11-06,0.6912,0.6916,0.6863,0.6871
2007-11-05,0.6889,0.6923,0.6885,0.6913
2007-11-02,0.6933,0.6937,0.6884,0.6893
2007-11-01,0.6904,0.6943,0.6904,0.6936
2007-10-31,0.6928,0.6936,0.6902,0.6906
2007-10-30,0.6932,0.6957,0.6925,0.6929
2007-10-29,0.6937,0.6956,0.6926,0.6933
2007-10-26,0.698,0.6985,0.6947,0.6947
2007-10-25,0.7009,0.7019,0.6972,0.6979
2007-10-24,0.7011,0.7048,0.7008,0.7009
2007-10-23,0.7053,0.7057,0.7003,0.7011
2007-10-22,0.6978,0.708,0.6969,0.7053
2007-10-19,0.6998,0.702,0.6983,0.699
2007-10-18,0.7039,0.7043,0.6989,0.6994
2007-10-17,0.7056,0.7064,0.7027,0.704
2007-10-16,0.7038,0.7071,0.7029,0.7059
2007-10-15,0.7052,0.7062,0.7021,0.7039
2007-10-12,0.7042,0.7065,0.7035,0.7053
2007-10-11,0.7071,0.7075,0.7022,0.7044
2007-10-10,0.709,0.7096,0.7056,0.7071
2007-10-09,0.7116,0.7136,0.7088,0.7089
2007-10-08,0.7071,0.7122,0.7066,0.7114
2007-10-05,0.7074,0.7127,0.7064,0.7075
2007-10-04,0.7097,0.7109,0.7067,0.7074
2007-10-03,0.7066,0.7094,0.7042,0.7098
2007-10-02,0.7027,0.7073,0.7023,0.7067
2007-10-01,0.7005,0.7037,0.7002,0.7027
2007-09-28,0.7067,0.707,0.7011,0.7007
2007-09-27,0.7077,0.7081,0.7047,0.7066
2007-09-26,0.7071,0.7087,0.7061,0.7078
2007-09-25,0.71,0.7112,0.7066,0.707
2007-09-24,0.7096,0.7108,0.7077,0.7099
2007-09-21,0.7111,0.7121,0.7082,0.7097
2007-09-20,0.7162,0.7163,0.7093,0.7107
2007-09-19,0.7152,0.7176,0.7149,0.7165
2007-09-18,0.7212,0.7232,0.7172,0.7153
2007-09-17,0.7211,0.722,0.72,0.7212
2007-09-14,0.7207,0.7224,0.7196,0.7207
2007-09-13,0.7192,0.7214,0.7181,0.721
2007-09-12,0.7227,0.7234,0.7186,0.7191
2007-09-11,0.7244,0.7258,0.7221,0.7227
2007-09-10,0.7258,0.7264,0.7238,0.7247
2007-09-07,0.7303,0.732,0.7247,0.7263
2007-09-06,0.7327,0.7335,0.7293,0.7306
2007-09-05,0.7351,0.737,0.7314,0.7326
2007-09-04,0.734,0.738,0.7338,0.735
2007-09-03,0.7336,0.7351,0.7323,0.7342
2007-08-31,0.7336,0.7342,0.7289,0.7337
2007-08-30,0.7312,0.7358,0.731,0.7332
2007-08-29,0.7351,0.7373,0.7311,0.7311
2007-08-28,0.7329,0.7348,0.731,0.7353
2007-08-27,0.7313,0.7334,0.7307,0.7329
2007-08-24,0.7372,0.7378,0.7309,0.7309
2007-08-23,0.7383,0.7388,0.7359,0.737
2007-08-22,0.7427,0.7434,0.7379,0.7383
2007-08-21,0.7422,0.7431,0.7396,0.7429
2007-08-20,0.7417,0.743,0.7403,0.7421
2007-08-17,0.7449,0.7479,0.7382,0.7421
2007-08-16,0.7444,0.7485,0.7436,0.7449
2007-08-15,0.7389,0.7439,0.7387,0.7446
2007-08-14,0.7348,0.7382,0.7338,0.7389
2007-08-13,0.7307,0.735,0.7293,0.7349
2007-08-10,0.731,0.733,0.7296,0.7303
2007-08-09,0.7249,0.7324,0.7237,0.7312
2007-08-08,0.7278,0.7288,0.7232,0.7248
2007-08-07,0.7251,0.728,0.7237,0.7275
2007-08-06,0.7236,0.7256,0.7225,0.7254
2007-08-03,0.7298,0.7308,0.7243,0.7261
2007-08-02,0.7313,0.7326,0.7297,0.7299
2007-08-01,0.731,0.7333,0.7293,0.7315
2007-07-31,0.7301,0.7312,0.7285,0.7313
2007-07-30,0.7344,0.7348,0.73,0.7304
2007-07-27,0.7277,0.7338,0.7271,0.7335
2007-07-26,0.7287,0.7304,0.7262,0.7276
2007-07-25,0.7233,0.7301,0.723,0.7287
2007-07-24,0.7243,0.7247,0.7219,0.7232
2007-07-23,0.7227,0.7248,0.7223,0.7241
2007-07-20,0.7246,0.7257,0.7223,0.7232
2007-07-19,0.7244,0.7253,0.7231,0.7246
2007-07-18,0.7255,0.7272,0.7229,0.7245
2007-07-17,0.7261,0.7268,0.7246,0.7253
2007-07-16,0.7255,0.7268,0.7244,0.7262
2007-07-13,0.7252,0.7267,0.7241,0.7255
2007-07-12,0.7276,0.7277,0.7247,0.725
2007-07-11,0.7273,0.7282,0.7254,0.7275
2007-07-10,0.7337,0.7357,0.7275,0.7275
2007-07-09,0.7335,0.7349,0.7332,0.7337
2007-07-06,0.7353,0.737,0.7331,0.7338
2007-07-05,0.7346,0.7364,0.732,0.7355
2007-07-04,0.7348,0.735,0.7336,0.7346
2007-07-03,0.7336,0.7362,0.7334,0.7348
2007-07-02,0.7384,0.7392,0.7332,0.734
2007-06-29,0.7436,0.7446,0.7385,0.7385
2007-06-28,0.7434,0.7444,0.7418,0.7438
2007-06-27,0.7431,0.7454,0.743,0.7434
2007-06-26,0.7428,0.7445,0.7419,0.7433
2007-06-25,0.7426,0.7441,0.7422,0.7432
2007-06-22,0.747,0.7473,0.7424,0.7425
2007-06-21,0.7461,0.7479,0.7459,0.7465
2007-06-20,0.7448,0.746,0.7441,0.7459
2007-06-19,0.7455,0.7473,0.7443,0.7448
2007-06-18,0.7475,0.7476,0.7453,0.7455
2007-06-15,0.7514,0.7515,0.7471,0.747
2007-06-14,0.7512,0.7531,0.7505,0.7512
2007-06-13,0.7518,0.754,0.751,0.7512
2007-06-12,0.7487,0.7515,0.7479,0.7518
2007-06-11,0.7481,0.75,0.748,0.7486
2007-06-08,0.7446,0.7508,0.7445,0.7478
2007-06-07,0.7406,0.745,0.74,0.7444
2007-06-06,0.7396,0.7416,0.7385,0.7405
2007-06-05,0.7412,0.7414,0.7378,0.7393
2007-06-04,0.7439,0.7444,0.7407,0.7411
2007-06-01,0.7434,0.7468,0.7428,0.7436
2007-05-31,0.7446,0.745,0.742,0.7433
2007-05-30,0.7437,0.7459,0.743,0.7446
2007-05-29,0.7434,0.7453,0.7396,0.7436
2007-05-28,0.7436,0.7438,0.7428,0.7434
2007-05-25,0.7446,0.7456,0.7422,0.744
2007-05-24,0.743,0.7454,0.7428,0.7448
2007-05-23,0.7435,0.7454,0.7406,0.7429
2007-05-22,0.7427,0.7442,0.7419,0.7434
2007-05-21,0.7397,0.7443,0.7391,0.7425
2007-05-18,0.7409,0.7426,0.7395,0.7403
2007-05-17,0.7399,0.7421,0.7383,0.741
2007-05-16,0.7357,0.7406,0.7347,0.7395
2007-05-15,0.7383,0.7392,0.7347,0.7357
2007-05-14,0.7389,0.7394,0.7375,0.7384
2007-05-11,0.7418,0.7428,0.7391,0.7392
2007-05-10,0.7393,0.7426,0.7372,0.7416
2007-05-09,0.7383,0.7394,0.7371,0.7391
2007-05-08,0.7353,0.7399,0.7341,0.7384
2007-05-07,0.7352,0.7358,0.7338,0.7354
2007-05-04,0.7381,0.739,0.7347,0.7358
2007-05-03,0.7359,0.7382,0.7343,0.7378
2007-05-02,0.7351,0.7375,0.7346,0.7359
2007-05-01,0.7329,0.7359,0.7314,0.7351
2007-04-30,0.7336,0.7359,0.731,0.7329
2007-04-27,0.7354,0.7361,0.7309,0.7325
2007-04-26,0.7332,0.7361,0.7323,0.7356
2007-04-25,0.7332,0.7343,0.7317,0.7331
2007-04-24,0.7365,0.7382,0.7331,0.733
2007-04-23,0.7353,0.7386,0.7349,0.7366
2007-04-20,0.7346,0.7361,0.7332,0.7358
2007-04-19,0.7348,0.7375,0.7342,0.7347
2007-04-18,0.7369,0.7383,0.7344,0.7347
2007-04-17,0.739,0.7395,0.7355,0.7368
2007-04-16,0.7377,0.7389,0.7365,0.7389
2007-04-13,0.7414,0.7418,0.7377,0.7392
2007-04-12,0.7446,0.7447,0.7406,0.7414
2007-04-11,0.7442,0.7457,0.7439,0.7446
2007-04-10,0.7488,0.7491,0.7432,0.7443
2007-04-09,0.7478,0.7497,0.7474,0.7487
2007-04-06,0.7448,0.7483,0.7444,0.7474
2007-04-05,0.7479,0.7491,0.744,0.745
2007-04-04,0.7503,0.7509,0.7473,0.7478
2007-04-03,0.7482,0.75,0.7472,0.75
2007-04-02,0.7478,0.75,0.7472,0.748
2007-03-30,0.7502,0.7525,0.7463,0.7486
2007-03-29,0.7512,0.7517,0.7488,0.7501
2007-03-28,0.7489,0.751,0.7477,0.751
2007-03-27,0.7501,0.7508,0.7481,0.7489
2007-03-26,0.7528,0.7544,0.7492,0.75
2007-03-23,0.7502,0.7527,0.7494,0.7528
2007-03-22,0.7471,0.751,0.7457,0.7501
2007-03-21,0.7508,0.7526,0.7487,0.747
2007-03-20,0.7516,0.7535,0.7508,0.751
2007-03-19,0.7509,0.7531,0.7504,0.752
2007-03-16,0.7555,0.7558,0.7497,0.7511
2007-03-15,0.7564,0.758,0.7546,0.7555
2007-03-14,0.7577,0.7589,0.7549,0.7562
2007-03-13,0.7581,0.7601,0.7563,0.7575
2007-03-12,0.7618,0.7629,0.7577,0.7584
2007-03-09,0.7615,0.7642,0.7598,0.7626
2007-03-08,0.7587,0.7625,0.7585,0.7617
2007-03-07,0.762,0.7629,0.7593,0.7589
2007-03-06,0.7639,0.7645,0.7615,0.7623
2007-03-05,0.7576,0.765,0.7569,0.7636
2007-03-02,0.7584,0.7609,0.7578,0.758
2007-03-01,0.7557,0.7602,0.7552,0.7584
2007-02-28,0.7553,0.7587,0.7548,0.7557
2007-02-27,0.7584,0.7599,0.7543,0.7552
2007-02-26,0.7595,0.7604,0.7576,0.7585
2007-02-23,0.762,0.7632,0.7582,0.7594
2007-02-22,0.7612,0.7645,0.7607,0.762
2007-02-21,0.761,0.7627,0.7595,0.7611
2007-02-20,0.7601,0.7616,0.7581,0.7608
2007-02-19,0.7601,0.7621,0.7596,0.7602
2007-02-16,0.7609,0.7636,0.7606,0.7611
2007-02-15,0.7616,0.7623,0.7591,0.7606
2007-02-14,0.7671,0.7678,0.7604,0.7617
2007-02-13,0.7713,0.772,0.7665,0.7671
2007-02-12,0.7696,0.7727,0.7669,0.7713
2007-02-09,0.7669,0.7702,0.7665,0.7689
2007-02-08,0.7686,0.7707,0.7667,0.7669
2007-02-07,0.7704,0.7711,0.7677,0.7685
2007-02-06,0.7735,0.7745,0.7703,0.7706
2007-02-05,0.7715,0.7744,0.7711,0.7733
2007-02-02,0.768,0.7719,0.7655,0.7712
2007-02-01,0.7673,0.7692,0.7661,0.7679
2007-01-31,0.7713,0.7736,0.7675,0.7672
2007-01-30,0.7719,0.7724,0.7703,0.7712
2007-01-29,0.774,0.7753,0.7712,0.772
2007-01-26,0.773,0.7766,0.7725,0.7741
2007-01-25,0.7715,0.7732,0.769,0.7733
2007-01-24,0.7678,0.7723,0.767,0.7715
2007-01-23,0.7723,0.7735,0.7665,0.7677
2007-01-22,0.7714,0.774,0.7703,0.7723
2007-01-19,0.7714,0.7744,0.7691,0.7712
2007-01-18,0.773,0.7754,0.7706,0.7718
2007-01-17,0.7743,0.7754,0.7721,0.7731
2007-01-16,0.7729,0.7747,0.7697,0.7742
2007-01-15,0.7735,0.7743,0.7716,0.7731
2007-01-12,0.7756,0.7772,0.7725,0.7741
2007-01-11,0.773,0.7762,0.7684,0.7756
2007-01-10,0.7693,0.7734,0.7689,0.7731
2007-01-09,0.7679,0.7701,0.7661,0.7693
2007-01-08,0.7686,0.7708,0.7671,0.768
2007-01-05,0.7643,0.7704,0.763,0.7689
2007-01-04,0.7596,0.7648,0.7586,0.7645
2007-01-03,0.7532,0.7603,0.7523,0.7597
2007-01-02,0.7575,0.7579,0.752,0.7531
2007-01-01,0.7577,0.7591,0.7575,0.7576
2006-12-29,0.7607,0.7612,0.7572,0.7575
2006-12-28,0.7621,0.7631,0.7575,0.7603
2006-12-27,0.7635,0.7639,0.7588,0.7624
2006-12-26,0.762,0.7632,0.7609,0.7632
2006-12-25,0.7615,0.7634,0.7595,0.7616
2006-12-22,0.7593,0.7629,0.7567,0.7608
2006-12-21,0.7591,0.761,0.7567,0.7591
2006-12-20,0.7581,0.7594,0.755,0.7588
2006-12-19,0.7633,0.7645,0.7571,0.7581
2006-12-18,0.7647,0.7662,0.7622,0.7634
2006-12-15,0.7607,0.7652,0.7584,0.7645
2006-12-14,0.7568,0.7609,0.7544,0.7606
2006-12-13,0.753,0.7579,0.7525,0.7566
2006-12-12,0.7554,0.7568,0.7529,0.753
2006-12-11,0.7591,0.7616,0.7543,0.7554
2006-12-08,0.7527,0.758,0.7482,0.7574
2006-12-07,0.7527,0.7533,0.7504,0.7524
2006-12-06,0.7507,0.7544,0.7495,0.7524
2006-12-05,0.7501,0.7526,0.7482,0.7506
2006-12-04,0.7499,0.7529,0.748,0.7506
2006-12-01,0.7552,0.7565,0.7491,0.7499
2006-11-30,0.7605,0.761,0.7533,0.7553
2006-11-29,0.7576,0.7615,0.7565,0.7605
2006-11-28,0.7616,0.7624,0.7578,0.7575
2006-11-27,0.7595,0.7642,0.7591,0.7615
2006-11-24,0.7727,0.7728,0.7628,0.7638
2006-11-23,0.7728,0.7736,0.7706,0.7727
2006-11-22,0.7785,0.7789,0.7716,0.7725
2006-11-21,0.7804,0.7814,0.7786,0.7786
2006-11-20,0.7797,0.7809,0.778,0.7804
2006-11-17,0.7816,0.7836,0.7784,0.7796
2006-11-16,0.7796,0.7819,0.7787,0.7814
2006-11-15,0.7802,0.7829,0.7792,0.7796
2006-11-14,0.781,0.7817,0.7769,0.7806
2006-11-13,0.7787,0.7814,0.7765,0.781
2006-11-10,0.7797,0.7797,0.7752,0.7786
2006-11-09,0.7838,0.7843,0.7783,0.7797
2006-11-08,0.7829,0.7846,0.7806,0.784
2006-11-07,0.786,0.7862,0.78,0.783
2006-11-06,0.7865,0.788,0.7859,0.786
2006-11-03,0.7827,0.7885,0.7818,0.7863
2006-11-02,0.784,0.7851,0.7821,0.7826
2006-11-01,0.7836,0.7848,0.7813,0.784
2006-10-31,0.7857,0.7887,0.7823,0.7835
2006-10-30,0.7855,0.7875,0.7851,0.7853
2006-10-27,0.788,0.7897,0.7842,0.7848
2006-10-26,0.7935,0.7937,0.7873,0.7878
2006-10-25,0.7965,0.7968,0.7929,0.7936
2006-10-24,0.7968,0.7984,0.7951,0.7963
2006-10-23,0.7925,0.7977,0.7923,0.7968
2006-10-20,0.7921,0.7938,0.7911,0.7928
2006-10-19,0.7978,0.7982,0.7915,0.7922
2006-10-18,0.7975,0.8,0.796,0.7981
2006-10-17,0.7979,0.7995,0.7957,0.7976
2006-10-16,0.7997,0.8007,0.7975,0.7981
2006-10-13,0.7965,0.8011,0.795,0.7989
2006-10-12,0.7989,0.799,0.7957,0.7965
2006-10-11,0.7978,0.7992,0.7963,0.7988
2006-10-10,0.7941,0.7989,0.7926,0.7975
2006-10-09,0.7942,0.7946,0.7926,0.7938
2006-10-06,0.788,0.7954,0.7865,0.7937
2006-10-05,0.7865,0.7891,0.7857,0.7877
2006-10-04,0.7855,0.7895,0.7848,0.7864
2006-10-03,0.7851,0.7862,0.7832,0.7853
2006-10-02,0.7885,0.7897,0.7837,0.7849
2006-09-29,0.7873,0.7912,0.7865,0.7892
2006-09-28,0.7875,0.7887,0.7854,0.7872
2006-09-27,0.7882,0.7894,0.7862,0.7875
2006-09-26,0.7845,0.7897,0.7836,0.7882
2006-09-25,0.7821,0.7855,0.78,0.7844
2006-09-22,0.7825,0.7828,0.7792,0.7825
2006-09-21,0.7883,0.7886,0.7816,0.7825
2006-09-20,0.7888,0.7897,0.7861,0.7878
2006-09-19,0.7874,0.7905,0.7857,0.7889
2006-09-18,0.7912,0.7917,0.7872,0.7873
2006-09-15,0.786,0.7917,0.7852,0.7906
2006-09-14,0.7878,0.789,0.784,0.7859
2006-09-13,0.7882,0.7896,0.7863,0.7878
2006-09-12,0.7875,0.7891,0.7853,0.7882
2006-09-11,0.7894,0.7906,0.7847,0.7873
2006-09-08,0.7855,0.7906,0.7847,0.789
2006-09-07,0.781,0.787,0.7794,0.7854
2006-09-06,0.7803,0.7831,0.7791,0.7809
2006-09-05,0.7772,0.7815,0.777,0.7801
2006-09-04,0.7787,0.7789,0.7767,0.7769
2006-09-01,0.7807,0.7839,0.7784,0.779
2006-08-31,0.7791,0.7822,0.7764,0.7809
2006-08-30,0.7798,0.7806,0.778,0.7789
2006-08-29,0.7824,0.7844,0.7786,0.7796
2006-08-28,0.7835,0.7841,0.7799,0.7829
2006-08-25,0.7833,0.7859,0.7822,0.7841
2006-08-24,0.7822,0.7844,0.7788,0.7831
2006-08-23,0.781,0.7827,0.778,0.7819
2006-08-22,0.7758,0.7819,0.7755,0.7808
2006-08-21,0.7796,0.7796,0.7728,0.7756
2006-08-18,0.7795,0.7825,0.7784,0.7796
2006-08-17,0.7787,0.7799,0.7759,0.7796
2006-08-16,0.7822,0.7832,0.7771,0.7785
2006-08-15,0.7863,0.7876,0.7809,0.7821
2006-08-14,0.7863,0.7871,0.7834,0.7863
2006-08-11,0.7818,0.7865,0.7813,0.7862
2006-08-10,0.7775,0.7845,0.7744,0.7815
2006-08-09,0.7795,0.7834,0.775,0.7773
2006-08-08,0.779,0.7809,0.7766,0.7792
2006-08-07,0.7766,0.7789,0.7756,0.7792
2006-08-04,0.7812,0.7836,0.7746,0.7769
2006-08-03,0.782,0.7848,0.7791,0.781
2006-08-02,0.7797,0.7827,0.779,0.7821
2006-08-01,0.7834,0.7862,0.7796,0.7796
2006-07-31,0.7833,0.7849,0.7822,0.7834
2006-07-28,0.7876,0.7901,0.7831,0.7835
2006-07-27,0.7863,0.7877,0.7829,0.7874
2006-07-26,0.795,0.7961,0.7878,0.7865
2006-07-25,0.7917,0.796,0.789,0.7948
2006-07-24,0.7871,0.7931,0.7868,0.7915
2006-07-21,0.792,0.7922,0.7876,0.7875
2006-07-20,0.7942,0.7945,0.7902,0.7921
2006-07-19,0.7997,0.8026,0.7934,0.7941
2006-07-18,0.7988,0.8017,0.7962,0.7996
2006-07-17,0.791,0.7994,0.7904,0.7988
2006-07-14,0.7879,0.792,0.7875,0.7905
2006-07-13,0.7871,0.7896,0.7854,0.7881
2006-07-12,0.7831,0.789,0.7825,0.7874
2006-07-11,0.7854,0.7871,0.7831,0.7831
2006-07-10,0.7804,0.7863,0.7802,0.785
2006-07-07,0.7825,0.7834,0.7774,0.7806
2006-07-06,0.7859,0.7863,0.7822,0.7826
2006-07-05,0.7816,0.7872,0.7788,0.7861
2006-07-04,0.7814,0.7822,0.7797,0.7813
2006-07-03,0.7822,0.7837,0.7798,0.7813
2006-06-30,0.7896,0.7902,0.7817,0.7818
2006-06-29,0.7966,0.7988,0.7926,0.7898
2006-06-28,0.795,0.799,0.7946,0.7963
2006-06-27,0.7946,0.7961,0.7924,0.7947
2006-06-26,0.7994,0.7999,0.794,0.7946
2006-06-23,0.7952,0.8014,0.7941,0.7992
2006-06-22,0.7897,0.7968,0.7887,0.7953
2006-06-21,0.7949,0.795,0.789,0.7897
2006-06-20,0.7951,0.7975,0.793,0.7948
2006-06-19,0.7907,0.7967,0.7903,0.795
2006-06-16,0.7915,0.7926,0.7889,0.7909
2006-06-15,0.7936,0.7949,0.7899,0.7915
2006-06-14,0.7974,0.7979,0.7905,0.7934
2006-06-13,0.7947,0.7976,0.7924,0.7977
2006-06-12,0.7925,0.7957,0.7905,0.7948
2006-06-09,0.7904,0.7938,0.7884,0.7909
2006-06-08,0.7817,0.792,0.7807,0.7901
2006-06-07,0.7797,0.7837,0.779,0.7818
2006-06-06,0.7748,0.7808,0.773,0.7804
2006-06-05,0.7733,0.7747,0.7704,0.7749
2006-06-02,0.7808,0.7815,0.7728,0.774
2006-06-01,0.7806,0.7861,0.7797,0.7807
2006-05-31,0.7769,0.7804,0.775,0.7805
2006-05-30,0.7844,0.7849,0.7746,0.7767
2006-05-29,0.7854,0.7863,0.7831,0.7839
2006-05-26,0.7809,0.7874,0.779,0.7853
2006-05-25,0.7839,0.7845,0.7807,0.781
2006-05-24,0.7804,0.7855,0.7756,0.784
2006-05-23,0.7772,0.7809,0.7765,0.7803
2006-05-22,0.7836,0.7877,0.777,0.7767
2006-05-19,0.778,0.7877,0.777,0.7829
2006-05-18,0.7851,0.7861,0.7778,0.7771
2006-05-17,0.7776,0.7868,0.7737,0.7851
2006-05-16,0.7814,0.7831,0.777,0.7776
2006-05-15,0.7725,0.7824,0.7709,0.7815
2006-05-12,0.7791,0.7795,0.7718,0.7731
2006-05-11,0.7822,0.7883,0.7768,0.7793
2006-05-10,0.7837,0.7843,0.7797,0.7818
2006-05-09,0.787,0.7898,0.7822,0.7838
2006-05-08,0.7851,0.7877,0.782,0.787
2006-05-05,0.7879,0.7891,0.7834,0.7857
2006-05-04,0.7917,0.7955,0.7866,0.7876
2006-05-03,0.7928,0.7943,0.7892,0.7912
2006-05-02,0.7951,0.7963,0.7894,0.7927
2006-05-01,0.792,0.7951,0.7879,0.7944
2006-04-28,0.798,0.7987,0.7913,0.7915
2006-04-27,0.8032,0.8062,0.7968,0.7979
2006-04-26,0.8045,0.8074,0.8018,0.8034
2006-04-25,0.8074,0.8087,0.8038,0.8044
2006-04-24,0.8085,0.8109,0.8056,0.8069
2006-04-21,0.8119,0.8153,0.8089,0.8102
2006-04-20,0.8077,0.8139,0.8075,0.8117
2006-04-19,0.8094,0.8139,0.807,0.8077
2006-04-18,0.8161,0.818,0.8109,0.8093
2006-04-17,0.825,0.825,0.8136,0.8158
2006-04-14,0.826,0.827,0.8251,0.8258
2006-04-13,0.8261,0.8288,0.8241,0.8256
2006-04-12,0.8236,0.8288,0.8219,0.8261
2006-04-11,0.8257,0.8271,0.823,0.8233
2006-04-10,0.826,0.8281,0.8244,0.8255
2006-04-07,0.8181,0.8269,0.8177,0.8271
2006-04-06,0.8135,0.8199,0.8107,0.818
2006-04-05,0.8158,0.8167,0.8125,0.8133
2006-04-04,0.824,0.8251,0.8144,0.8159
2006-04-03,0.8255,0.8312,0.8234,0.8239
2006-03-31,0.8221,0.828,0.8213,0.8252
2006-03-30,0.8313,0.8319,0.8221,0.8217
2006-03-29,0.833,0.8348,0.8302,0.8313
2006-03-28,0.8326,0.8338,0.8257,0.8332
2006-03-27,0.8307,0.833,0.8289,0.8325
2006-03-24,0.8354,0.8368,0.8302,0.831
2006-03-23,0.8282,0.836,0.8277,0.8353
2006-03-22,0.8272,0.8289,0.8254,0.8279
2006-03-21,0.8218,0.8283,0.8216,0.8272
2006-03-20,0.8209,0.8231,0.8198,0.8219
2006-03-17,0.8212,0.8237,0.8191,0.8204
2006-03-16,0.8285,0.831,0.8211,0.8208
2006-03-15,0.8324,0.8329,0.8284,0.8285
2006-03-14,0.8363,0.8378,0.8311,0.8322
2006-03-13,0.8392,0.8397,0.8355,0.8362
2006-03-10,0.8395,0.8432,0.838,0.8393
2006-03-09,0.8389,0.8401,0.8365,0.8393
2006-03-08,0.8416,0.8423,0.8374,0.8387
2006-03-07,0.832,0.8423,0.8318,0.8413
2006-03-06,0.8298,0.8339,0.8268,0.8321
2006-03-03,0.8307,0.8337,0.8296,0.8307
2006-03-02,0.8392,0.8395,0.8312,0.8303
2006-03-01,0.8388,0.8411,0.835,0.8393
2006-02-28,0.8441,0.845,0.8376,0.839
2006-02-27,0.8421,0.8456,0.8418,0.8441
2006-02-24,0.8389,0.8429,0.8381,0.8423
2006-02-23,0.8398,0.8409,0.8353,0.8389
2006-02-22,0.8395,0.8431,0.8381,0.8397
2006-02-21,0.8374,0.841,0.8372,0.8396
2006-02-20,0.8381,0.8388,0.835,0.8378
2006-02-17,0.8405,0.8433,0.8372,0.8381
2006-02-16,0.8412,0.8441,0.8404,0.8406
2006-02-15,0.8391,0.8425,0.8365,0.8412
2006-02-14,0.8401,0.8434,0.8385,0.8392
2006-02-13,0.84,0.842,0.8389,0.8401
2006-02-10,0.8348,0.8406,0.8314,0.8404
2006-02-09,0.8363,0.837,0.8336,0.8348
2006-02-08,0.8352,0.8385,0.8337,0.8364
2006-02-07,0.8359,0.8374,0.8322,0.835
2006-02-06,0.8312,0.8364,0.8303,0.8357
2006-02-03,0.8267,0.8355,0.8256,0.8317
2006-02-02,0.8292,0.8311,0.8258,0.8267
2006-02-01,0.8229,0.8291,0.8218,0.8293
2006-01-31,0.8272,0.8281,0.8212,0.8227
2006-01-30,0.826,0.8289,0.8253,0.8272
2006-01-27,0.8192,0.8264,0.8173,0.8264
2006-01-26,0.8168,0.819,0.8149,0.8189
2006-01-25,0.8141,0.8173,0.8114,0.8168
2006-01-24,0.8125,0.8159,0.8116,0.8142
2006-01-23,0.8236,0.8239,0.8127,0.8123
2006-01-20,0.8267,0.8306,0.8245,0.824
2006-01-19,0.8257,0.8297,0.8247,0.8267
2006-01-18,0.8261,0.8285,0.8224,0.8257
2006-01-17,0.825,0.8298,0.8237,0.8259
2006-01-16,0.8233,0.8262,0.8213,0.8251
2006-01-13,0.831,0.8316,0.8245,0.8244
2006-01-12,0.8248,0.8328,0.8222,0.8309
2006-01-11,0.8288,0.8302,0.8234,0.8247
2006-01-10,0.8275,0.8308,0.8257,0.8286
2006-01-09,0.8234,0.8298,0.8227,0.8273
2006-01-06,0.8261,0.8279,0.8209,0.823
2006-01-05,0.8248,0.8288,0.8246,0.8263
2006-01-04,0.8324,0.833,0.8245,0.8246
2006-01-03,0.8456,0.8467,0.8327,0.8327
2006-01-02,0.8444,0.8474,0.8426,0.8457
2005-12-30,0.8443,0.849,0.8411,0.8442
2005-12-29,0.845,0.8461,0.8415,0.8444
2005-12-28,0.8453,0.8462,0.838,0.845
2005-12-27,0.844,0.8454,0.8418,0.8454
2005-12-26,0.8432,0.8452,0.8405,0.844
2005-12-23,0.8425,0.8453,0.8413,0.8421
2005-12-22,0.8449,0.8467,0.8403,0.8425
2005-12-21,0.8432,0.8474,0.8395,0.8449
2005-12-20,0.8328,0.8446,0.8324,0.8426
2005-12-19,0.8315,0.8351,0.8306,0.8331
2005-12-16,0.8352,0.8378,0.8314,0.8323
2005-12-15,0.8332,0.8377,0.8305,0.835
2005-12-14,0.8377,0.8383,0.829,0.8332
2005-12-13,0.8368,0.8399,0.8347,0.8375
2005-12-12,0.8488,0.8491,0.8347,0.8365
2005-12-09,0.8461,0.8498,0.8447,0.8468
2005-12-08,0.8531,0.8545,0.8439,0.8462
2005-12-07,0.8483,0.8544,0.8472,0.8531
2005-12-06,0.8481,0.8507,0.8469,0.8482
2005-12-05,0.8543,0.8556,0.8471,0.8487
2005-12-02,0.8523,0.8576,0.851,0.8536
2005-12-01,0.8482,0.8555,0.8473,0.8522
2005-11-30,0.8487,0.8508,0.8471,0.8483
2005-11-29,0.844,0.852,0.8432,0.8483
2005-11-28,0.8536,0.8561,0.8434,0.8441
2005-11-25,0.8484,0.854,0.8481,0.8531
2005-11-24,0.846,0.8498,0.8457,0.8484
2005-11-23,0.8464,0.8501,0.8428,0.846
2005-11-22,0.8528,0.8557,0.8481,0.8465
2005-11-21,0.8493,0.8534,0.8446,0.8525
2005-11-18,0.8506,0.8573,0.8478,0.8497
2005-11-17,0.8569,0.8591,0.8512,0.8506
2005-11-16,0.8531,0.8587,0.8519,0.8568
2005-11-15,0.8554,0.8591,0.8528,0.8531
2005-11-14,0.8533,0.8576,0.8493,0.8553
2005-11-11,0.8559,0.8569,0.853,0.853
2005-11-10,0.8498,0.8546,0.8474,0.8556
2005-11-09,0.8489,0.8534,0.8478,0.8502
2005-11-08,0.847,0.8541,0.8467,0.8487
2005-11-07,0.8466,0.8494,0.845,0.8468
2005-11-04,0.8371,0.8473,0.8336,0.8459
2005-11-03,0.8285,0.8373,0.8275,0.8371
2005-11-02,0.832,0.8342,0.8279,0.8285
2005-11-01,0.8341,0.8355,0.8313,0.8325
2005-10-31,0.8291,0.8356,0.827,0.8341
2005-10-28,0.8237,0.8298,0.8215,0.8287
2005-10-27,0.8288,0.8304,0.8214,0.8238
2005-10-26,0.8258,0.83,0.8237,0.8288
2005-10-25,0.8344,0.8378,0.8253,0.8257
2005-10-24,0.8374,0.8389,0.8318,0.8344
2005-10-21,0.8319,0.8379,0.8279,0.8369
2005-10-20,0.834,0.837,0.8325,0.8321
2005-10-19,0.8361,0.8421,0.8331,0.8337
2005-10-18,0.8318,0.8393,0.8315,0.836
2005-10-17,0.8278,0.8326,0.825,0.8317
2005-10-14,0.8315,0.8348,0.8263,0.8283
2005-10-13,0.8317,0.8393,0.8308,0.8315
2005-10-12,0.8339,0.8366,0.8296,0.8317
2005-10-11,0.8288,0.8348,0.8284,0.8338
2005-10-10,0.8254,0.8306,0.8227,0.8285
2005-10-07,0.821,0.8269,0.8205,0.8251
2005-10-06,0.8348,0.8349,0.8207,0.8207
2005-10-05,0.8391,0.8393,0.8342,0.8349
2005-10-04,0.8391,0.8403,0.8368,0.839
2005-10-03,0.8316,0.8403,0.8312,0.8386
2005-09-30,0.8311,0.8334,0.8271,0.8311
2005-09-29,0.8306,0.8328,0.8279,0.831
2005-09-28,0.8324,0.8338,0.8294,0.8303
2005-09-27,0.8284,0.8349,0.8278,0.8324
2005-09-26,0.8312,0.8325,0.8281,0.8279
2005-09-23,0.8226,0.8301,0.8217,0.8307
2005-09-22,0.8185,0.8243,0.815,0.8231
2005-09-21,0.8253,0.8257,0.8169,0.8186
2005-09-20,0.8238,0.825,0.8202,0.8254
2005-09-19,0.8217,0.8265,0.8213,0.8238
2005-09-16,0.8182,0.8197,0.8124,0.8173
2005-09-15,0.8139,0.8201,0.8137,0.8182
2005-09-14,0.8152,0.8159,0.8109,0.8139
2005-09-13,0.8143,0.8167,0.8119,0.8156
2005-09-12,0.8062,0.8149,0.8054,0.8143
2005-09-09,0.8067,0.8081,0.8025,0.806
2005-09-08,0.8055,0.8076,0.8028,0.8065
2005-09-07,0.802,0.8056,0.7976,0.8054
2005-09-06,0.7974,0.8037,0.7972,0.8024
2005-09-05,0.7977,0.7993,0.7946,0.7974
2005-09-02,0.8001,0.8019,0.7942,0.7984
2005-09-01,0.8103,0.8113,0.7998,0.7998
2005-08-31,0.8184,0.8204,0.8092,0.8101
2005-08-30,0.8178,0.8217,0.8171,0.8184
2005-08-29,0.8136,0.8186,0.8099,0.8176
2005-08-26,0.8131,0.8146,0.8101,0.8144
2005-08-25,0.8148,0.8159,0.8111,0.8133
2005-08-24,0.8176,0.8223,0.8141,0.8152
2005-08-23,0.8179,0.8203,0.8159,0.818
2005-08-22,0.8221,0.8226,0.8167,0.8182
2005-08-19,0.8213,0.8247,0.8199,0.823
2005-08-18,0.8147,0.8226,0.8133,0.8213
2005-08-17,0.8091,0.8156,0.8084,0.8149
2005-08-16,0.8085,0.8132,0.808,0.809
2005-08-15,0.8026,0.81,0.8024,0.8084
2005-08-12,0.8018,0.8076,0.8008,0.8044
2005-08-11,0.8074,0.8079,0.8022,0.8018
2005-08-10,0.808,0.8106,0.8048,0.8074
2005-08-09,0.8096,0.811,0.8053,0.8085
2005-08-08,0.81,0.8121,0.807,0.8097
2005-08-05,0.8073,0.8124,0.8067,0.809
2005-08-04,0.8108,0.8132,0.8062,0.8073
2005-08-03,0.8202,0.8232,0.8099,0.8102
2005-08-02,0.8211,0.8216,0.816,0.8198
2005-08-01,0.8245,0.8261,0.8164,0.8212
2005-07-29,0.8242,0.8282,0.8223,0.8244
2005-07-28,0.8288,0.831,0.823,0.8243
2005-07-27,0.8322,0.8358,0.8281,0.8286
2005-07-26,0.829,0.835,0.8286,0.8325
2005-07-25,0.8295,0.8315,0.8272,0.8291
2005-07-22,0.8218,0.8296,0.8202,0.8289
2005-07-21,0.8233,0.8265,0.8159,0.8221
2005-07-20,0.8311,0.8336,0.8235,0.8233
2005-07-19,0.8297,0.8365,0.8287,0.8307
2005-07-18,0.8315,0.8318,0.8271,0.8297
2005-07-15,0.8275,0.8322,0.8238,0.831
2005-07-14,0.8272,0.8294,0.8246,0.8275
2005-07-13,0.8169,0.8283,0.8167,0.8269
2005-07-12,0.8283,0.8295,0.8172,0.8169
2005-07-11,0.8355,0.8364,0.8274,0.8282
2005-07-08,0.8369,0.8423,0.8342,0.8352
2005-07-07,0.8381,0.8397,0.8305,0.8367
2005-07-06,0.8393,0.841,0.8366,0.8381
2005-07-05,0.8403,0.8426,0.8374,0.8393
2005-07-04,0.8375,0.8413,0.8368,0.8403
2005-07-01,0.8263,0.8376,0.8259,0.8367
2005-06-30,0.8285,0.8303,0.8252,0.8262
2005-06-29,0.8293,0.8322,0.8256,0.8281
2005-06-28,0.8219,0.8293,0.8213,0.8288
2005-06-27,0.8269,0.8271,0.8206,0.8221
2005-06-24,0.8311,0.8345,0.8258,0.827
2005-06-23,0.8244,0.8319,0.8234,0.8308
2005-06-22,0.8211,0.8266,0.8192,0.8247
2005-06-21,0.8228,0.8286,0.8214,0.8212
2005-06-20,0.8193,0.8248,0.817,0.8233
2005-06-17,0.826,0.8271,0.8149,0.8138
2005-06-16,0.8253,0.8293,0.8219,0.8259
2005-06-15,0.8312,0.8322,0.8248,0.825
2005-06-14,0.8255,0.8317,0.8228,0.8314
2005-06-13,0.8257,0.8314,0.825,0.8257
2005-06-10,0.8177,0.8259,0.8164,0.825
2005-06-09,0.8175,0.8212,0.8159,0.8175
2005-06-08,0.814,0.817,0.8096,0.8173
2005-06-07,0.8156,0.8171,0.812,0.8139
2005-06-06,0.818,0.8185,0.8134,0.8156
2005-06-03,0.8149,0.8192,0.8102,0.8175
2005-06-02,0.8202,0.8211,0.8132,0.8148
2005-06-01,0.8127,0.8205,0.8103,0.8198
2005-05-31,0.8017,0.8127,0.8008,0.8124
2005-05-30,0.7981,0.8024,0.797,0.8018
2005-05-27,0.7992,0.7996,0.7944,0.7955
2005-05-26,0.7934,0.8,0.7928,0.7991
2005-05-25,0.7949,0.7967,0.7924,0.7934
2005-05-24,0.7953,0.7965,0.7917,0.7948
2005-05-23,0.797,0.7978,0.7938,0.795
2005-05-20,0.7911,0.7977,0.7902,0.7965
2005-05-19,0.7886,0.7932,0.7879,0.7909
2005-05-18,0.7932,0.7944,0.7881,0.7886
2005-05-17,0.7914,0.7938,0.7896,0.7934
2005-05-16,0.7919,0.7949,0.7906,0.7915
2005-05-13,0.7884,0.7928,0.7878,0.7924
2005-05-12,0.7807,0.7887,0.7803,0.7891
2005-05-11,0.7765,0.7827,0.7744,0.7812
2005-05-10,0.778,0.7804,0.7758,0.7762
2005-05-09,0.7803,0.7819,0.7775,0.7772
2005-05-06,0.7717,0.7806,0.7714,0.7801
2005-05-05,0.7724,0.7737,0.7697,0.7716
2005-05-04,0.7768,0.7771,0.7708,0.7725
2005-05-03,0.7776,0.7795,0.7747,0.777
2005-05-02,0.7775,0.779,0.7767,0.7773
2005-04-29,0.7754,0.7769,0.7704,0.7768
2005-04-28,0.7734,0.7762,0.7727,0.7753
2005-04-27,0.7699,0.775,0.7696,0.7735
2005-04-26,0.7694,0.7725,0.7684,0.77
2005-04-25,0.7655,0.7719,0.7652,0.7693
2005-04-22,0.7662,0.768,0.7636,0.7653
2005-04-21,0.7641,0.7679,0.7619,0.766
2005-04-20,0.7659,0.7698,0.7632,0.7643
2005-04-19,0.768,0.7703,0.7655,0.7656
2005-04-18,0.7744,0.7766,0.7667,0.7683
2005-04-15,0.7809,0.7826,0.7729,0.7747
2005-04-14,0.7742,0.7831,0.7739,0.7809
2005-04-13,0.774,0.7781,0.7719,0.7742
2005-04-12,0.7709,0.7774,0.7685,0.7738
2005-04-11,0.7735,0.7748,0.769,0.7709
2005-04-08,0.7779,0.7807,0.773,0.7731
2005-04-07,0.7769,0.778,0.7728,0.7777
2005-04-06,0.7775,0.7788,0.7747,0.777
2005-04-05,0.7782,0.7814,0.7769,0.7776
2005-04-04,0.7762,0.7801,0.7749,0.7783
2005-04-01,0.7715,0.7769,0.7658,0.7748
2005-03-31,0.7743,0.7746,0.7681,0.7713
2005-03-30,0.7738,0.7744,0.7701,0.7738
2005-03-29,0.7757,0.7766,0.7719,0.7739
2005-03-28,0.7714,0.7778,0.7713,0.7758
2005-03-25,0.7728,0.7735,0.771,0.7716
2005-03-24,0.7704,0.7729,0.7673,0.7727
2005-03-23,0.7644,0.7709,0.764,0.7697
2005-03-22,0.7597,0.7633,0.7564,0.7643
2005-03-21,0.7511,0.7608,0.7509,0.7592
2005-03-18,0.7476,0.7539,0.747,0.751
2005-03-17,0.7452,0.7495,0.745,0.7476
2005-03-16,0.7514,0.7524,0.7441,0.7454
2005-03-15,0.7481,0.752,0.7459,0.7514
2005-03-14,0.7431,0.7498,0.742,0.748
2005-03-11,0.745,0.7464,0.7418,0.7433
2005-03-10,0.7469,0.7479,0.7432,0.7447
2005-03-09,0.7494,0.7501,0.7459,0.747
2005-03-08,0.757,0.7572,0.7483,0.7495
2005-03-07,0.7552,0.7588,0.7549,0.7571
2005-03-04,0.7628,0.7638,0.7543,0.7552
2005-03-03,0.7612,0.763,0.7596,0.7629
2005-03-02,0.7584,0.7641,0.7582,0.7615
2005-03-01,0.7556,0.7595,0.7553,0.7584
2005-02-28,0.7551,0.7558,0.7531,0.7556
2005-02-25,0.7575,0.7609,0.7559,0.7551
2005-02-24,0.757,0.759,0.7535,0.7575
2005-02-23,0.7544,0.7584,0.7533,0.7569
2005-02-22,0.7655,0.766,0.7545,0.7546
2005-02-21,0.7662,0.7674,0.7645,0.7655
2005-02-18,0.765,0.7684,0.7643,0.7651
2005-02-17,0.7675,0.7683,0.764,0.765
2005-02-16,0.7678,0.7718,0.7654,0.7675
2005-02-15,0.7712,0.772,0.7663,0.7681
2005-02-14,0.7771,0.7771,0.7697,0.7715
2005-02-11,0.7769,0.7786,0.7754,0.7774
2005-02-10,0.7809,0.785,0.775,0.7767
2005-02-09,0.7832,0.785,0.7805,0.781
2005-02-08,0.7836,0.7854,0.7814,0.7831
2005-02-07,0.7777,0.7844,0.7773,0.7837
2005-02-04,0.7707,0.7764,0.7669,0.7768
2005-02-03,0.7675,0.7727,0.7669,0.7709
2005-02-02,0.7666,0.7687,0.7636,0.7672
2005-02-01,0.7673,0.7692,0.7654,0.7671
2005-01-31,0.7673,0.7707,0.7657,0.7673
2005-01-28,0.7669,0.77,0.7645,0.7667
2005-01-27,0.7646,0.7686,0.7619,0.7673
2005-01-26,0.7709,0.7713,0.7636,0.7643
2005-01-25,0.7659,0.7725,0.7648,0.7709
2005-01-24,0.7668,0.7676,0.7635,0.7659
2005-01-21,0.7711,0.7733,0.7658,0.7664
2005-01-20,0.7689,0.7738,0.7677,0.7713
2005-01-19,0.7679,0.77,0.7624,0.7692
2005-01-18,0.7655,0.7695,0.7648,0.7676
2005-01-17,0.7633,0.7653,0.7618,0.7656
2005-01-14,0.7565,0.7659,0.7561,0.763
2005-01-13,0.7541,0.758,0.7536,0.7565
2005-01-12,0.7626,0.7644,0.7522,0.7539
2005-01-11,0.7645,0.7653,0.7593,0.7626
2005-01-10,0.7657,0.7663,0.7621,0.7644
2005-01-07,0.759,0.7672,0.7548,0.766
2005-01-06,0.7543,0.76,0.7529,0.7592
2005-01-05,0.7532,0.7566,0.7517,0.754
2005-01-04,0.7424,0.7539,0.7409,0.7534
2005-01-03,0.7382,0.747,0.7364,0.7428
2004-12-31,0.7332,0.74,0.732,0.7376
2004-12-30,0.7351,0.7366,0.7325,0.7332
2004-12-29,0.7347,0.7376,0.7328,0.735
2004-12-28,0.7345,0.7359,0.733,0.7347
2004-12-27,0.739,0.74,0.7332,0.7344
2004-12-24,0.74,0.7416,0.7381,0.739
2004-12-23,0.7469,0.7473,0.7401,0.7401
2004-12-22,0.7479,0.7494,0.7459,0.7467
2004-12-21,0.7467,0.749,0.7458,0.7479
2004-12-20,0.7501,0.7519,0.7456,0.7466
2004-12-17,0.755,0.756,0.7509,0.7514
2004-12-16,0.7463,0.7556,0.7446,0.7547
2004-12-15,0.7518,0.7541,0.7442,0.7472
2004-12-14,0.7513,0.7542,0.7499,0.7518
2004-12-13,0.7573,0.7582,0.7506,0.7513
2004-12-10,0.7511,0.761,0.7506,0.7562
2004-12-09,0.7499,0.7545,0.7484,0.7508
2004-12-08,0.7449,0.7575,0.7444,0.7498
2004-12-07,0.746,0.7469,0.7424,0.7448
2004-12-06,0.7437,0.7462,0.7432,0.7462
2004-12-03,0.7536,0.7544,0.7446,0.7433
2004-12-02,0.7501,0.7554,0.7471,0.7535
2004-12-01,0.7525,0.7533,0.7496,0.7497
2004-11-30,0.7534,0.7558,0.7501,0.7524
2004-11-29,0.7533,0.756,0.752,0.7535
2004-11-26,0.7549,0.7585,0.7502,0.7523
2004-11-25,0.7586,0.7597,0.7548,0.755
2004-11-24,0.7644,0.7646,0.759,0.759
2004-11-23,0.7666,0.7706,0.7631,0.7643
2004-11-22,0.767,0.7686,0.7661,0.7667
2004-11-19,0.7715,0.7729,0.7653,0.7681
2004-11-18,0.7673,0.7721,0.7648,0.7716
2004-11-17,0.7718,0.7722,0.7664,0.7671
2004-11-16,0.7726,0.774,0.7695,0.7719
2004-11-15,0.7703,0.7737,0.7694,0.7724
2004-11-12,0.7749,0.7765,0.7703,0.7707
2004-11-11,0.7756,0.7777,0.7742,0.7749
2004-11-10,0.7752,0.7783,0.7691,0.7758
2004-11-09,0.7741,0.7762,0.7728,0.7756
2004-11-08,0.771,0.7749,0.77,0.774
2004-11-05,0.777,0.783,0.7716,0.771
2004-11-04,0.78,0.7817,0.7753,0.7771
2004-11-03,0.7853,0.79,0.78,0.78
2004-11-02,0.7841,0.7892,0.7838,0.7857
2004-11-01,0.7809,0.7863,0.7793,0.7843
2004-10-29,0.7847,0.787,0.7821,0.7822
2004-10-28,0.787,0.7916,0.7833,0.7847
2004-10-27,0.7837,0.7876,0.7804,0.7869
2004-10-26,0.7807,0.7857,0.7785,0.7841
2004-10-25,0.7872,0.7873,0.7794,0.7806
2004-10-22,0.7928,0.7938,0.7891,0.7882
2004-10-21,0.7945,0.7955,0.7904,0.7927
2004-10-20,0.7991,0.8007,0.7917,0.7947
2004-10-19,0.8006,0.8032,0.7983,0.7989
2004-10-18,0.8016,0.8025,0.7978,0.8003
2004-10-15,0.8076,0.8106,0.7998,0.8019
2004-10-14,0.81,0.8116,0.805,0.8077
2004-10-13,0.8096,0.8179,0.8086,0.81
2004-10-12,0.8093,0.811,0.807,0.8113
2004-10-11,0.8052,0.8083,0.805,0.8075
2004-10-08,0.814,0.8141,0.8043,0.8059
2004-10-07,0.8138,0.8149,0.812,0.8138
2004-10-06,0.8122,0.8164,0.8114,0.8137
2004-10-05,0.8138,0.8153,0.8112,0.8123
2004-10-04,0.8068,0.8159,0.8063,0.8138
2004-10-01,0.8042,0.8074,0.8039,0.8055
2004-09-30,0.8109,0.8121,0.8038,0.8044
2004-09-29,0.8113,0.8137,0.8102,0.8109
2004-09-28,0.8133,0.8143,0.8098,0.8114
2004-09-27,0.8141,0.8166,0.8119,0.8126
2004-09-24,0.8151,0.8172,0.8089,0.8145
2004-09-23,0.8152,0.8161,0.8107,0.815
2004-09-22,0.8108,0.8178,0.8105,0.8151
2004-09-21,0.8215,0.822,0.812,0.8109
2004-09-20,0.8214,0.8248,0.821,0.8213
2004-09-17,0.8209,0.8227,0.818,0.8209
2004-09-16,0.8229,0.8251,0.82,0.8207
2004-09-15,0.8162,0.8241,0.8156,0.8227
2004-09-14,0.8156,0.8181,0.8133,0.8165
2004-09-13,0.8153,0.8182,0.8138,0.8159
2004-09-10,0.8181,0.8196,0.8124,0.815
2004-09-09,0.8207,0.8226,0.8182,0.8176
2004-09-08,0.8259,0.8316,0.8206,0.8207
2004-09-07,0.8289,0.8297,0.8256,0.8259
2004-09-06,0.8292,0.8301,0.8277,0.829
2004-09-03,0.8213,0.8305,0.82,0.8298
2004-09-02,0.8201,0.8235,0.8196,0.8213
2004-09-01,0.821,0.8235,0.8188,0.8199
2004-08-31,0.8296,0.8304,0.8201,0.8206
2004-08-30,0.8322,0.8342,0.8286,0.8295
2004-08-27,0.8262,0.833,0.824,0.8323
2004-08-26,0.8276,0.8301,0.8251,0.826
2004-08-25,0.8277,0.8296,0.8255,0.8275
2004-08-24,0.8237,0.8289,0.8216,0.8276
2004-08-23,0.8119,0.8227,0.8116,0.824
2004-08-20,0.8085,0.8144,0.8074,0.812
2004-08-19,0.8109,0.8113,0.8077,0.8084
2004-08-18,0.8095,0.8138,0.8086,0.8105
2004-08-17,0.8091,0.8124,0.8073,0.8094
2004-08-16,0.8079,0.8119,0.8076,0.809
2004-08-13,0.8162,0.8214,0.8081,0.8082
2004-08-12,0.8183,0.8186,0.8131,0.8161
2004-08-11,0.8177,0.82,0.8162,0.8181
2004-08-10,0.815,0.8166,0.8117,0.8177
2004-08-09,0.8139,0.8167,0.8135,0.8149
2004-08-06,0.8293,0.8304,0.8139,0.8145
2004-08-05,0.8299,0.8321,0.8281,0.8294
2004-08-04,0.8296,0.8355,0.8285,0.8297
2004-08-03,0.8317,0.8338,0.828,0.8298
2004-08-02,0.8288,0.8317,0.8269,0.8317
2004-07-30,0.8306,0.8332,0.8252,0.8325
2004-07-29,0.8296,0.8339,0.8267,0.8307
2004-07-28,0.8293,0.8334,0.8278,0.8297
2004-07-27,0.8235,0.8309,0.8202,0.8295
2004-07-26,0.8263,0.8269,0.8216,0.8236
2004-07-23,0.816,0.8263,0.8152,0.8269
2004-07-22,0.8151,0.8175,0.8134,0.8163
2004-07-21,0.811,0.819,0.8096,0.8146
2004-07-20,0.8038,0.8113,0.8028,0.8111
2004-07-19,0.8038,0.8065,0.8024,0.8038
2004-07-16,0.8094,0.8112,0.8026,0.803
2004-07-15,0.8075,0.8111,0.807,0.8092
2004-07-14,0.8109,0.8116,0.805,0.8076
2004-07-13,0.8058,0.8129,0.8055,0.8107
2004-07-12,0.8057,0.8078,0.804,0.8055
2004-07-09,0.8073,0.8084,0.8048,0.8055
2004-07-08,0.8085,0.8104,0.8061,0.8071
2004-07-07,0.814,0.8148,0.8071,0.8083
2004-07-06,0.8139,0.8154,0.811,0.8141
2004-07-05,0.8115,0.815,0.8107,0.814
2004-07-02,0.8225,0.8236,0.811,0.8113
2004-07-01,0.8202,0.8243,0.8193,0.8225
2004-06-30,0.8277,0.8288,0.8198,0.8206
2004-06-29,0.8208,0.8274,0.8201,0.8277
2004-06-28,0.8214,0.825,0.8178,0.8207
2004-06-25,0.8215,0.8261,0.8205,0.8217
2004-06-24,0.827,0.8305,0.8205,0.8213
2004-06-23,0.8257,0.829,0.82,0.8271
2004-06-22,0.8256,0.8288,0.8244,0.8256
2004-06-21,0.8235,0.8281,0.8233,0.8259
2004-06-18,0.83,0.8351,0.8236,0.8238
2004-06-17,0.8314,0.8323,0.8291,0.8305
2004-06-16,0.8223,0.8347,0.8217,0.8329
2004-06-15,0.8258,0.8267,0.8226,0.8223
2004-06-14,0.833,0.8366,0.8273,0.8297
2004-06-11,0.8258,0.8359,0.8254,0.8327
2004-06-10,0.8302,0.8317,0.8254,0.8259
2004-06-09,0.8154,0.8299,0.8146,0.8304
2004-06-08,0.8116,0.8165,0.8095,0.8156
2004-06-07,0.8134,0.8137,0.8104,0.8119
2004-06-04,0.8181,0.8236,0.8135,0.8153
2004-06-03,0.8189,0.8217,0.8162,0.8185
2004-06-02,0.8166,0.819,0.8127,0.8189
2004-06-01,0.8205,0.8227,0.8152,0.8165
2004-05-31,0.8169,0.8211,0.8165,0.8207
2004-05-28,0.8154,0.8197,0.8133,0.8188
2004-05-27,0.8207,0.8211,0.8147,0.8151
2004-05-26,0.8257,0.8266,0.8245,0.8255
2004-05-25,0.8329,0.8344,0.8247,0.8259
2004-05-24,0.8343,0.8381,0.8315,0.8331
2004-05-21,0.8358,0.8366,0.8285,0.8314
2004-05-20,0.8325,0.8407,0.832,0.836
2004-05-19,0.8367,0.8378,0.8303,0.8321
2004-05-18,0.8319,0.8377,0.8306,0.8365
2004-05-17,0.8412,0.842,0.8292,0.8322
2004-05-14,0.8463,0.8488,0.8403,0.8417
2004-05-13,0.84,0.8493,0.8382,0.846
2004-05-12,0.8427,0.8461,0.8374,0.8404
2004-05-11,0.8447,0.8482,0.8409,0.8421
2004-05-10,0.8413,0.8467,0.8406,0.845
2004-05-07,0.8281,0.842,0.8245,0.8414
2004-05-06,0.8217,0.8291,0.8212,0.8281
2004-05-05,0.8263,0.8267,0.821,0.8221
2004-05-04,0.8374,0.8385,0.8257,0.8255
2004-05-03,0.8341,0.8389,0.8333,0.8383
2004-04-30,0.8354,0.839,0.8326,0.8344
2004-04-29,0.8444,0.8472,0.8346,0.8356
2004-04-28,0.8384,0.8458,0.8368,0.8445
2004-04-27,0.8429,0.8453,0.8374,0.8383
2004-04-26,0.8463,0.8502,0.8416,0.8433
2004-04-23,0.84,0.8477,0.8373,0.8442
2004-04-22,0.8448,0.8485,0.8396,0.8396
2004-04-21,0.8431,0.8464,0.8394,0.8444
2004-04-20,0.8324,0.843,0.8321,0.8433
2004-04-19,0.8324,0.8332,0.8279,0.8323
2004-04-16,0.8346,0.8386,0.8301,0.8333
2004-04-15,0.8362,0.8408,0.8338,0.8346
2004-04-14,0.8371,0.8425,0.8356,0.8358
2004-04-13,0.828,0.8401,0.8276,0.837
2004-04-12,0.8271,0.8297,0.8267,0.8279
2004-04-09,0.8274,0.8289,0.8254,0.8274
2004-04-08,0.8215,0.8291,0.8183,0.8275
2004-04-07,0.8249,0.8298,0.8198,0.8215
2004-04-06,0.8323,0.8346,0.8248,0.8256
2004-04-05,0.8255,0.8344,0.8245,0.8321
2004-04-02,0.8089,0.8261,0.8082,0.8238
2004-04-01,0.8119,0.8159,0.8072,0.8088
2004-03-31,0.8219,0.8221,0.8116,0.8123
2004-03-30,0.8225,0.8229,0.8178,0.8221
2004-03-29,0.8249,0.8299,0.8217,0.8224
2004-03-26,0.824,0.8282,0.819,0.8242
2004-03-25,0.8244,0.8266,0.8197,0.8244
2004-03-24,0.811,0.8236,0.8087,0.8246
2004-03-23,0.8108,0.8153,0.8084,0.8112
2004-03-22,0.8139,0.8181,0.8063,0.8107
2004-03-19,0.8072,0.8158,0.8058,0.8148
2004-03-18,0.8173,0.8182,0.8044,0.8072
2004-03-17,0.8153,0.8212,0.8136,0.8172
2004-03-16,0.8151,0.8171,0.8082,0.8154
2004-03-15,0.8189,0.8206,0.8119,0.8151
2004-03-12,0.8099,0.8215,0.8079,0.8185
2004-03-11,0.8169,0.822,0.8108,0.8098
2004-03-10,0.8119,0.8199,0.8107,0.817
2004-03-09,0.806,0.812,0.8023,0.8119
2004-03-08,0.8073,0.8106,0.8059,0.8063
2004-03-05,0.82,0.8213,0.8044,0.8079
2004-03-04,0.8195,0.8241,0.8169,0.8201
2004-03-03,0.8185,0.8292,0.818,0.819
2004-03-02,0.8029,0.8199,0.8019,0.8184
2004-03-01,0.8004,0.8048,0.7974,0.8035
2004-02-27,0.8041,0.8081,0.7999,0.8006
2004-02-26,0.8002,0.8074,0.7989,0.804
2004-02-25,0.7882,0.8012,0.787,0.8003
2004-02-24,0.7965,0.7985,0.7868,0.7884
2004-02-23,0.7994,0.8031,0.7939,0.7966
2004-02-20,0.7868,0.7988,0.7832,0.7982
2004-02-19,0.7887,0.7904,0.7852,0.787
2004-02-18,0.7788,0.7859,0.7736,0.7885
2004-02-17,0.7829,0.7839,0.7766,0.779
2004-02-16,0.7843,0.7863,0.7818,0.7827
2004-02-13,0.7809,0.7864,0.7756,0.7851
2004-02-12,0.7796,0.7819,0.7784,0.7811
2004-02-11,0.7884,0.7905,0.7792,0.7793
2004-02-10,0.788,0.7886,0.7819,0.7876
2004-02-09,0.7925,0.7934,0.7836,0.7876
2004-02-06,0.7971,0.7992,0.7858,0.7869
2004-02-05,0.7978,0.7987,0.7913,0.7974
2004-02-04,0.7978,0.8006,0.7959,0.7978
2004-02-03,0.8048,0.8052,0.7937,0.7981
2004-02-02,0.8018,0.806,0.8008,0.8047
2004-01-30,0.8057,0.8098,0.8006,0.8018
2004-01-29,0.8011,0.8089,0.7982,0.8058
2004-01-28,0.7912,0.7997,0.7897,0.8011
2004-01-27,0.8019,0.8039,0.7904,0.791
2004-01-26,0.795,0.8004,0.7928,0.8016
2004-01-23,0.7866,0.7946,0.7828,0.7944
2004-01-22,0.7917,0.792,0.7843,0.7867
2004-01-21,0.795,0.7966,0.789,0.7918
2004-01-20,0.8096,0.8099,0.7938,0.7948
2004-01-19,0.8081,0.8107,0.805,0.8092
2004-01-16,0.7955,0.8088,0.7932,0.8073
2004-01-15,0.7906,0.7955,0.7891,0.7951
2004-01-14,0.7837,0.7918,0.7826,0.791
2004-01-13,0.7807,0.7865,0.7794,0.7834
2004-01-12,0.7788,0.7824,0.7761,0.7843
2004-01-09,0.7836,0.7872,0.777,0.7793
2004-01-08,0.7914,0.7962,0.7825,0.7837
2004-01-07,0.7851,0.791,0.7847,0.7912
2004-01-06,0.7898,0.7898,0.7806,0.7853
2004-01-05,0.7947,0.7948,0.7877,0.7896
2004-01-02,0.7973,0.7985,0.7917,0.7945
2004-01-01,0.7946,0.8018,0.7937,0.7978
2003-12-31,0.7968,0.7982,0.7908,0.7946
2003-12-30,0.801,0.8014,0.7968,0.7968
2003-12-29,0.8039,0.8048,0.7993,0.8011
2003-12-26,0.803,0.8044,0.8019,0.8045
2003-12-25,0.8032,0.8038,0.8024,0.803
2003-12-24,0.8068,0.8072,0.8017,0.803
2003-12-23,0.8065,0.8074,0.8045,0.8073
2003-12-22,0.8059,0.8098,0.8034,0.8072
2003-12-19,0.8045,0.8102,0.8039,0.8083
2003-12-18,0.806,0.8092,0.8039,0.8044
2003-12-17,0.8114,0.8134,0.8059,0.8056
2003-12-16,0.8123,0.8132,0.8089,0.8116
2003-12-15,0.8233,0.8243,0.8122,0.8129
2003-12-12,0.8187,0.8192,0.8128,0.8137
2003-12-11,0.8185,0.8256,0.8174,0.8191
2003-12-10,0.816,0.8229,0.8153,0.8182
2003-12-09,0.8181,0.8204,0.8147,0.8155
2003-12-08,0.8218,0.823,0.8171,0.8181
2003-12-05,0.828,0.8291,0.8216,0.8221
2003-12-04,0.8258,0.8313,0.8226,0.8273
2003-12-03,0.8278,0.8287,0.8244,0.8261
2003-12-02,0.8352,0.8373,0.8268,0.8276
2003-12-01,0.8348,0.8377,0.8305,0.8356
2003-11-28,0.8398,0.8404,0.8322,0.8338
2003-11-27,0.8377,0.8413,0.8373,0.8399
2003-11-26,0.8485,0.8495,0.8372,0.8374
2003-11-25,0.85,0.8508,0.846,0.8485
2003-11-24,0.8394,0.8504,0.8391,0.8499
2003-11-21,0.8396,0.8434,0.8376,0.8394
2003-11-20,0.8417,0.8422,0.8359,0.8395
2003-11-19,0.8362,0.8412,0.8348,0.8413
2003-11-18,0.8509,0.8523,0.8378,0.8362
2003-11-17,0.8484,0.8522,0.8443,0.8512
2003-11-14,0.8526,0.8527,0.847,0.849
2003-11-13,0.8595,0.86,0.8519,0.8525
2003-11-12,0.8687,0.8692,0.8577,0.8594
2003-11-11,0.871,0.8738,0.8673,0.8689
2003-11-10,0.8688,0.8721,0.8669,0.8707
2003-11-07,0.8765,0.8789,0.8673,0.867
2003-11-06,0.8744,0.878,0.8722,0.8762
2003-11-05,0.8699,0.8761,0.8694,0.874
2003-11-04,0.8728,0.8751,0.8687,0.8694
2003-11-03,0.8632,0.875,0.8605,0.8726
2003-10-31,0.8597,0.8639,0.8579,0.8633
2003-10-30,0.8572,0.8592,0.8504,0.8599
2003-10-29,0.8572,0.8576,0.8532,0.8573
2003-10-28,0.8514,0.8577,0.8509,0.8572
2003-10-27,0.8495,0.8533,0.8485,0.8512
2003-10-24,0.8479,0.8503,0.8434,0.8487
2003-10-23,0.8475,0.8492,0.8449,0.8459
2003-10-22,0.857,0.8582,0.8458,0.8468
2003-10-21,0.8597,0.8607,0.8548,0.8568
2003-10-20,0.855,0.8617,0.8535,0.8598
2003-10-17,0.8627,0.8657,0.8568,0.8559
2003-10-16,0.8594,0.8625,0.856,0.8624
2003-10-15,0.8525,0.8629,0.851,0.86
2003-10-14,0.854,0.8633,0.8499,0.8519
2003-10-13,0.8478,0.8581,0.8463,0.8539
2003-10-10,0.8514,0.8547,0.8439,0.8475
2003-10-09,0.8463,0.8558,0.843,0.8515
2003-10-08,0.8498,0.8501,0.8446,0.8464
2003-10-07,0.8537,0.8547,0.8467,0.8492
2003-10-06,0.8593,0.8603,0.8532,0.8536
2003-10-03,0.8554,0.8654,0.8531,0.8637
2003-10-02,0.8529,0.8575,0.8498,0.8552
2003-10-01,0.8578,0.8589,0.8527,0.8536
2003-09-30,0.8622,0.8641,0.852,0.8577
2003-09-29,0.8726,0.8775,0.8621,0.8626
2003-09-26,0.8707,0.8741,0.8695,0.872
2003-09-25,0.8701,0.8727,0.867,0.8707
2003-09-24,0.8742,0.875,0.8696,0.8697
2003-09-23,0.8725,0.8738,0.8674,0.8737
2003-09-22,0.874,0.8761,0.8694,0.8723
2003-09-19,0.8888,0.8898,0.8787,0.8787
2003-09-18,0.8861,0.8906,0.8812,0.8892
2003-09-17,0.8949,0.8979,0.8869,0.886
2003-09-16,0.8862,0.8962,0.8836,0.8946
2003-09-15,0.8864,0.8894,0.8841,0.8859
2003-09-12,0.8924,0.898,0.8831,0.8857
2003-09-11,0.8923,0.8964,0.887,0.8922
2003-09-10,0.8907,0.8961,0.8898,0.8919
2003-09-09,0.9036,0.9044,0.8896,0.8907
2003-09-08,0.9021,0.9043,0.9007,0.903
2003-09-05,0.9138,0.9162,0.8995,0.9003
2003-09-04,0.9222,0.9253,0.9143,0.9137
2003-09-03,0.9253,0.929,0.9198,0.9219
2003-09-02,0.9118,0.9244,0.9117,0.9251
2003-09-01,0.9102,0.9129,0.9077,0.9118
2003-08-29,0.9188,0.9199,0.9091,0.9108
2003-08-28,0.919,0.9251,0.9162,0.9187
2003-08-27,0.9207,0.923,0.9148,0.9191
2003-08-26,0.9203,0.9265,0.9167,0.9212
2003-08-25,0.9199,0.9218,0.9157,0.9206
2003-08-22,0.9155,0.9228,0.9135,0.9186
2003-08-21,0.8994,0.9173,0.8992,0.9154
2003-08-20,0.8975,0.9025,0.897,0.8996
2003-08-19,0.8971,0.9046,0.8967,0.8975
2003-08-18,0.8891,0.8989,0.8873,0.897
2003-08-15,0.8874,0.8897,0.8854,0.8882
2003-08-14,0.8833,0.8907,0.8819,0.8862
2003-08-13,0.8865,0.8912,0.8824,0.8834
2003-08-12,0.8802,0.8865,0.8791,0.8866
2003-08-11,0.8847,0.8877,0.8785,0.88
2003-08-08,0.8791,0.886,0.8785,0.8844
2003-08-07,0.8823,0.8834,0.8758,0.8786
2003-08-06,0.8779,0.8818,0.875,0.8823
2003-08-05,0.8805,0.8845,0.8778,0.8775
2003-08-04,0.8837,0.8846,0.8799,0.881
2003-08-01,0.8904,0.8983,0.8868,0.887
2003-07-31,0.881,0.8909,0.8798,0.8904
2003-07-30,0.8739,0.8816,0.8732,0.8802
2003-07-29,0.8702,0.8738,0.8665,0.8745
2003-07-28,0.8693,0.8732,0.8681,0.8705
2003-07-25,0.8715,0.8738,0.8657,0.8687
2003-07-24,0.8707,0.8754,0.8687,0.8714
2003-07-23,0.8828,0.8837,0.8703,0.8704
2003-07-22,0.881,0.8843,0.8792,0.8828
2003-07-21,0.8883,0.8894,0.8807,0.8819
2003-07-18,0.8921,0.8949,0.8845,0.8873
2003-07-17,0.8913,0.8963,0.8889,0.8922
2003-07-16,0.8948,0.8995,0.8901,0.8913
2003-07-15,0.8867,0.8956,0.8819,0.8948
2003-07-14,0.8861,0.8895,0.8841,0.8864
2003-07-11,0.8787,0.8868,0.8784,0.8862
2003-07-10,0.8809,0.8841,0.8776,0.879
2003-07-09,0.8835,0.8844,0.8796,0.8812
2003-07-08,0.8835,0.8882,0.8808,0.8834
2003-07-07,0.8712,0.8838,0.8709,0.8839
2003-07-04,0.8697,0.8734,0.8694,0.8701
2003-07-03,0.8668,0.8745,0.8663,0.8698
2003-07-02,0.8649,0.869,0.8643,0.8667
2003-07-01,0.8685,0.8691,0.8613,0.8649
2003-06-30,0.8747,0.8773,0.8687,0.8687
2003-06-27,0.8754,0.8771,0.872,0.8744
2003-06-26,0.8668,0.8757,0.8662,0.8754
2003-06-25,0.8686,0.8698,0.8604,0.8671
2003-06-24,0.8655,0.8713,0.8633,0.8687
2003-06-23,0.8637,0.869,0.8616,0.8651
2003-06-20,0.853,0.8657,0.8521,0.8614
2003-06-19,0.8555,0.8632,0.8517,0.8532
2003-06-18,0.8487,0.8569,0.8472,0.8552
2003-06-17,0.8457,0.8497,0.8425,0.8486
2003-06-16,0.8421,0.8459,0.8384,0.8456
2003-06-13,0.8498,0.852,0.8431,0.843
2003-06-12,0.8506,0.8543,0.8469,0.8499
2003-06-11,0.8567,0.8576,0.8485,0.8509
2003-06-10,0.8536,0.8569,0.8517,0.8567
2003-06-09,0.8542,0.8576,0.8483,0.8537
2003-06-06,0.8446,0.8558,0.8417,0.8547
2003-06-05,0.859,0.8598,0.8412,0.8444
2003-06-04,0.8521,0.8581,0.8511,0.8589
2003-06-03,0.8506,0.8555,0.8488,0.8527
2003-06-02,0.8537,0.8582,0.8497,0.85
2003-05-30,0.8401,0.8517,0.8392,0.8484
2003-05-29,0.8503,0.8552,0.84,0.8403
2003-05-28,0.8465,0.8541,0.8441,0.8499
2003-05-27,0.8426,0.8463,0.8382,0.8464
2003-05-26,0.8452,0.8474,0.8419,0.8421
2003-05-23,0.8548,0.8571,0.8454,0.8448
2003-05-22,0.8592,0.8606,0.8525,0.8549
2003-05-21,0.8542,0.8584,0.8514,0.8596
2003-05-20,0.8584,0.8618,0.8537,0.8537
2003-05-19,0.8565,0.86,0.8519,0.858
2003-05-16,0.8787,0.8795,0.8638,0.8627
2003-05-15,0.8707,0.8784,0.8701,0.8785
2003-05-14,0.867,0.8719,0.8667,0.8707
2003-05-13,0.865,0.8718,0.8643,0.8679
2003-05-12,0.8673,0.8677,0.8603,0.8644
2003-05-09,0.8704,0.8744,0.8667,0.8706
2003-05-08,0.8758,0.8776,0.87,0.8707
2003-05-07,0.8746,0.8826,0.8741,0.8805
2003-05-06,0.8856,0.8868,0.8765,0.8744
2003-05-05,0.8905,0.8926,0.8849,0.8856
2003-05-02,0.8898,0.8937,0.8871,0.8906
2003-05-01,0.8947,0.8967,0.8859,0.8904
2003-04-30,0.9026,0.9039,0.8937,0.8939
2003-04-29,0.9102,0.9146,0.904,0.9027
2003-04-28,0.9062,0.9108,0.9026,0.9104
2003-04-25,0.9061,0.9123,0.9051,0.9063
2003-04-24,0.912,0.9137,0.9051,0.9065
2003-04-23,0.9117,0.9156,0.9105,0.9122
2003-04-22,0.9203,0.9219,0.9089,0.9114
2003-04-21,0.9181,0.9239,0.9167,0.9198
2003-04-18,0.9191,0.9201,0.9175,0.9197
2003-04-17,0.9164,0.92,0.9119,0.9197
2003-04-16,0.9259,0.9273,0.9171,0.9165
2003-04-15,0.9282,0.9316,0.9245,0.9262
2003-04-14,0.9306,0.9332,0.9251,0.9283
2003-04-11,0.927,0.9352,0.9267,0.9305
2003-04-10,0.9282,0.9295,0.9231,0.9269
2003-04-09,0.9334,0.9368,0.9274,0.9282
2003-04-08,0.9352,0.9397,0.9322,0.9335
2003-04-07,0.9366,0.947,0.9349,0.9351
2003-04-04,0.9293,0.9358,0.9286,0.9319
2003-04-03,0.9286,0.9358,0.9266,0.9297
2003-04-02,0.9166,0.9301,0.9129,0.9288
2003-04-01,0.9154,0.9203,0.9155,0.9166
2003-03-31,0.9262,0.9276,0.9154,0.9152
2003-03-28,0.935,0.9372,0.9269,0.9274
2003-03-27,0.9357,0.9364,0.9306,0.9352
2003-03-26,0.9386,0.9414,0.9342,0.9357
2003-03-25,0.9403,0.9406,0.9325,0.9389
2003-03-24,0.9437,0.9458,0.9371,0.94
2003-03-21,0.9421,0.9512,0.9415,0.9494
2003-03-20,0.9469,0.9492,0.9373,0.9414
2003-03-19,0.9402,0.9473,0.9386,0.9473
2003-03-18,0.9408,0.9487,0.9385,0.9402
2003-03-17,0.9288,0.9445,0.9222,0.941
2003-03-14,0.9263,0.9351,0.9241,0.9308
2003-03-13,0.9092,0.9243,0.9088,0.9259
2003-03-12,0.9059,0.9106,0.9042,0.9083
2003-03-11,0.9044,0.9088,0.9019,0.9056
2003-03-10,0.9085,0.9088,0.9033,0.9044
2003-03-07,0.9113,0.9119,0.9034,0.9084
2003-03-06,0.9123,0.9152,0.9081,0.9116
2003-03-05,0.9186,0.9187,0.9087,0.9125
2003-03-04,0.9179,0.9193,0.9142,0.9182
2003-03-03,0.9277,0.9287,0.9196,0.9175
2003-02-28,0.9302,0.9315,0.9251,0.9262
2003-02-27,0.9274,0.9315,0.9226,0.9303
2003-02-26,0.9293,0.932,0.9248,0.9272
2003-02-25,0.9262,0.9308,0.9238,0.9296
2003-02-24,0.9319,0.9338,0.9257,0.9262
2003-02-21,0.9243,0.9291,0.9216,0.9289
2003-02-20,0.9305,0.9309,0.9227,0.9244
2003-02-19,0.9357,0.937,0.9294,0.9307
2003-02-18,0.9321,0.9363,0.9296,0.9359
2003-02-17,0.9291,0.9367,0.9276,0.9317
2003-02-14,0.9232,0.9294,0.9214,0.9266
2003-02-13,0.9336,0.9342,0.921,0.9238
2003-02-12,0.9316,0.9341,0.9283,0.9325
2003-02-11,0.9316,0.9375,0.929,0.9315
2003-02-10,0.9248,0.9324,0.9232,0.9313
2003-02-07,0.9231,0.9324,0.9225,0.9239
2003-02-06,0.927,0.929,0.9209,0.9241
2003-02-05,0.9187,0.928,0.9141,0.9272
2003-02-04,0.9272,0.9291,0.9175,0.9188
2003-02-03,0.927,0.9352,0.9265,0.9277
2003-01-31,0.9247,0.9326,0.9228,0.9284
2003-01-30,0.9228,0.9318,0.9219,0.9242
2003-01-29,0.9238,0.9249,0.9172,0.923
2003-01-28,0.9211,0.9275,0.921,0.9241
2003-01-27,0.9225,0.9275,0.9166,0.9213
2003-01-24,0.9302,0.931,0.9219,0.9237
2003-01-23,0.9315,0.9342,0.9277,0.9297
2003-01-22,0.9339,0.9361,0.9306,0.9322
2003-01-21,0.9366,0.9388,0.9333,0.9325
2003-01-20,0.9384,0.9404,0.9357,0.9363
2003-01-17,0.942,0.9431,0.9386,0.9373
2003-01-16,0.9476,0.9483,0.9424,0.9419
2003-01-15,0.9477,0.9521,0.9439,0.9478
2003-01-14,0.9486,0.9492,0.9433,0.9477
2003-01-13,0.9453,0.9502,0.9448,0.949
2003-01-10,0.9536,0.9549,0.945,0.9456
2003-01-09,0.953,0.9559,0.9486,0.9536
2003-01-08,0.9602,0.9652,0.9513,0.9527
2003-01-07,0.9554,0.9619,0.9545,0.96
2003-01-06,0.9599,0.9603,0.9527,0.9552
2003-01-03,0.9653,0.9672,0.9584,0.9595
2003-01-02,0.9531,0.967,0.9526,0.9652
