Date,Open,High,Low,Close
2022-03-17,594.43,595.84,588.83,602.82
2022-03-16,598.36,598.94,593.26,605.485
2022-03-15,599.43,600.03,593.26,606.005
2022-03-14,592,599.81,592,599.54
2022-03-11,593.95,601.63,591,608.33
2022-03-10,592.18,598,590.53,591
2022-03-09,601.63,602.29,591.06,606.355
2022-03-08,603.9,604.57,592,609.585
2022-03-07,589,606.92,589,604.23
2022-03-04,592.66,602.46,588,604.75
2022-03-03,589.73,594.43,585,598.07
2022-03-02,589.47,593.14,582,595.09
2022-03-01,584.74,591.43,581,595.885
2022-02-28,578,587.51,578,593.52
2022-02-25,586.04,587.41,575,578
2022-02-24,580.03,590.53,575,585.94
2022-02-23,579.06,580.39,575,586.78
2022-02-22,579.88,581.06,574,585.85
2022-02-21,575.59,580.13,573.71,586.905
2022-02-18,577.22,578.45,573.98,574
2022-02-17,576.61,579.26,574,586.43
2022-02-16,577.43,578.14,573.65,586.26
2022-02-15,580.03,580.34,572,584.77
2022-02-14,575.44,581.42,572,585.36
2022-02-11,573.99,576.87,572.79,573
2022-02-10,574.09,576.06,570.55,582.02
2022-02-09,574.03,574.44,572.01,582.095
2022-02-08,573.19,575.55,570.73,581.645
2022-02-07,571.72,574.59,569.92,585.725
2022-02-04,573.34,578,569.57,584.445
2022-02-03,580.13,582.09,572.74,589.245
2022-02-02,581.88,582.94,578.78,592.69
2022-02-01,583.75,584.53,580,594.385
2022-01-31,587.82,588.46,579.05,594.5
2022-01-28,588.41,589.73,578,593.105
2022-01-27,583.49,589.2,578,588.46
2022-01-26,580.39,583.8,577,590.395
2022-01-25,578.9,582.35,577,588.11
2022-01-24,578.53,580.96,574.75,587.325
2022-01-21,579.04,579.16,575.02,584.985
2022-01-20,578.24,578.85,574.65,585.245
2022-01-19,579.11,579.47,573.67,585.085
2022-01-18,574.85,579.67,571.6,584.515
2022-01-17,573.24,575.75,570.17,584.36
2022-01-14,572.59,574.14,568.82,585.18
2022-01-13,575,576.45,570,584.455
2022-01-12,577.02,577.63,573.69,575
2022-01-11,579.06,579.77,575,587.39
2022-01-10,577.68,581.21,575.97,588.005
2022-01-07,580.75,580.96,576,587.34
2022-01-06,579.67,581.21,576,589.69
2022-01-05,581.21,581.63,575,587.415
2022-01-04,575,581.83,575,589.355
2022-01-03,576,577.72,575,575
2021-12-31,579.11,580.29,576,587.16
2021-12-30,577.83,580.49,575.8,588.53
2021-12-29,578.2,581.83,576,587.84
2021-12-28,578.55,578.69,576,576
2021-12-27,579.14,579.42,576.55,577.71
2021-12-24,578.96,580.29,578.14,588.63
2021-12-23,579.16,580.96,575.71,588.4
2021-12-22,580.52,582.04,578,588.505
2021-12-21,580.81,580.81,577.75,579.95
2021-12-20,583.46,583.59,577.09,580.2
2021-12-17,578.65,583.8,574.91,590.215
2021-12-16,581.03,581.03,577.33,587.895
2021-12-15,582.56,584.48,577.68,590.135
2021-12-14,580.19,582.87,578,590.905
2021-12-13,578.28,582.5,577,579.04
2021-12-10,580.75,582.24,577,577
2021-12-09,578.29,581.57,576,591.005
2021-12-08,582.19,582.24,577.46,588.06
2021-12-07,581.06,584.16,578.02,591.32
2021-12-06,579.47,582.19,577.57,588.225
2021-12-03,580.34,582.19,577.62,587.18
2021-12-02,579.42,580.7,574,587.655
2021-12-01,578.5,580.34,574,587.14
2021-11-30,580.8,583.75,576.16,588.41
2021-11-29,580.61,582.61,578,591.345
2021-11-26,585.15,585.31,579.31,591.055
2021-11-25,585.68,585.68,581.93,594.805
2021-11-24,583.18,586.36,580,592.265
2021-11-23,583.8,584.27,580,590.645
2021-11-22,579.92,584.06,576.79,588.695
2021-11-19,576.77,583.02,574.8,586.735
2021-11-18,579.42,579.72,576.24,584.29
2021-11-17,579.31,582.3,571.02,579.36
2021-11-16,576.87,579.93,570.71,579.42
2021-11-15,563,577.58,563,581.82
2021-11-12,572.69,573.69,563,567.54
2021-11-11,563,577.36,563,580.72
2021-11-10,565.28,565.55,563,563
2021-11-09,565.83,565.83,562.91,564.77
2021-11-08,567.86,567.86,564.86,565.28
2021-11-05,567.68,569.7,564.67,575.33
2021-11-04,564.85,568.96,563,575.15
2021-11-03,566.46,567.29,562,574.39
2021-11-02,564.99,566.65,562.21,574.475
2021-11-01,565.14,568.03,560.85,573.815
2021-10-29,561.56,568.47,560.85,573.345
2021-10-28,565.09,566.31,560.93,570.435
2021-10-27,565.24,566.16,562,572.09
2021-10-26,564.99,566.16,562,571.895
2021-10-25,561.59,565.92,559.67,572.905
2021-10-22,564.31,564.41,560,561.74
2021-10-21,563,564.46,560,573.745
2021-10-20,563.78,564.6,560,573.07
2021-10-19,564.85,565.04,560,573.025
2021-10-18,565.43,566.6,562.02,573.61
2021-10-15,565.58,566.02,562.02,574.755
2021-10-14,565.77,566.21,562.63,575.41
2021-10-13,568.91,568.96,564.75,575.115
2021-10-12,567.78,569.16,564.61,576.815
2021-10-11,566.86,567.93,563.64,576.93
2021-10-08,567.83,568.27,564,576.455
2021-10-07,565.27,567.98,563,575.22
2021-10-06,561,565.84,561,563
2021-10-05,562,563.44,561,561
2021-10-04,565.4,565.4,562,562
2021-10-01,566.21,567.24,560.91,572.22
2021-09-30,565.53,567.24,558.77,572.56
2021-09-29,561.41,565.97,558.77,571.225
2021-09-28,560.74,562.14,557,569.17
2021-09-27,559.77,561.13,557,568.88
2021-09-24,558.69,560.6,555.75,568.06
2021-09-23,561.17,561.41,556.01,567.445
2021-09-22,559.36,561.32,556,569.3
2021-09-21,559.26,559.88,556,566.535
2021-09-20,554,560.6,554,567.035
2021-09-17,557.36,559.21,552,564.84
2021-09-16,555.14,558.17,552,565
2021-09-15,555.61,555.9,551.81,564.58
2021-09-14,555.33,555.85,551.81,563.415
2021-09-13,554.78,557.27,551.67,563.345
2021-09-10,554.63,555,552.91,563.01
2021-09-09,555,555.61,552.03,562.1
2021-09-08,553.92,555.75,549,562.525
2021-09-07,552.57,554.11,549,562.36
2021-09-06,552.05,553.27,549.14,561.635
2021-09-03,552.34,552.76,549.51,561.495
2021-09-02,553.88,554.25,550.95,562.14
2021-09-01,549.78,555.24,549.27,562.98
2021-08-31,550.38,551.98,548.06,561.33
2021-08-30,554.34,554.99,550.01,561.635
2021-08-27,552.54,554.59,550.15,564.065
2021-08-26,551.6,555,551.18,563.645
2021-08-25,552.44,555.28,551.46,563.625
2021-08-24,557,557.85,551.88,564.43
2021-08-23,558,559.36,552.87,557
2021-08-20,556.09,558,554.99,558
2021-08-19,554.38,557.41,554.14,564.785
2021-08-18,554.52,556.53,552.96,563.75
2021-08-17,551.36,556.07,550.94,564.09
2021-08-16,553.13,554.61,550.66,563.665
2021-08-13,557.37,557.37,550.06,563.13
2021-08-12,553.15,556.01,552.68,565.87
2021-08-11,554,556.03,552.44,563.44
2021-08-10,555.71,555.73,553.1,562.93
2021-08-09,551,554.58,550.45,561.12
2021-08-06,548.66,552.44,548.57,560.33
2021-08-05,548.57,551.08,547.6,558.13
2021-08-04,547.37,549.68,545.62,558.185
2021-08-03,547.09,549.39,545.94,557.125
2021-08-02,551.11,551.11,545.76,559.56
2021-07-30,550,550.6,549.64,549.64
2021-07-29,553.68,553.68,549.65,550
2021-07-28,549.5,554.16,548.85,562.41
2021-07-27,550.2,554,548.34,561.6
2021-07-26,554,555.7,549.45,561.735
2021-07-23,551.65,554.19,550.85,554
2021-07-22,550.57,555.09,548.85,561.235
2021-07-21,551.22,555.09,550.01,560.695
2021-07-20,550.24,552.59,550.06,561
2021-07-19,549.87,552.82,549.13,560.58
2021-07-16,552.39,552.39,549.22,561.315
2021-07-15,548.48,552.05,547.88,560.185
2021-07-14,551.36,552.05,548.43,559.59
2021-07-13,547.28,551.6,546.77,560.53
2021-07-12,550,551.15,546.81,559.24
2021-07-09,552,552.95,546.49,559.565
2021-07-08,553.23,553.23,551.92,552
2021-07-07,549.17,551.73,548.48,559.945
2021-07-06,547.32,551.17,545.85,560.865
2021-07-05,550,552.31,546.54,559.895
2021-07-02,547.97,550.82,547.46,550
2021-07-01,547.64,550,546.35,558.135
2021-06-30,545.8,549.65,545.21,557.645
2021-06-29,544.43,547.52,544.2,555.935
2021-06-28,546,549.72,543.66,555.17
2021-06-25,544.2,546.64,542.2,546.64
2021-06-24,544.34,546.41,543.07,556.21
2021-06-23,543.75,547.77,542.43,556.4
2021-06-22,548.83,549.16,543.2,556.865
2021-06-21,541,548.08,541,556.675
2021-06-18,545.3,548.11,538.53,541
2021-06-17,541.39,546.6,538,551.68
2021-06-16,539.24,541.39,535.36,549.67
2021-06-15,540.07,540.07,535.06,547.26
2021-06-14,539.4,540.73,535.85,538.99
2021-06-11,533.47,538.37,532.42,545.68
2021-06-10,533.12,534.9,532.42,544.34
2021-06-09,533.43,535.51,531.42,544.67
2021-06-08,532.73,535.9,532.42,544.14
2021-06-07,536.36,537.79,532.12,543.765
2021-06-04,535.41,537.79,532.82,544.56
2021-06-03,531.73,537,531.51,544.345
2021-06-02,531.6,534.65,531.03,543.05
2021-06-01,531.07,535,529.86,544.095
2021-05-31,535.09,536.53,530.86,544.315
2021-05-28,532.47,535.23,532.03,542.1
2021-05-27,532.6,534.05,531.55,542.185
2021-05-26,529.99,533.07,529.47,543.005
2021-05-25,531.47,535,529.34,542.155
2021-05-24,534,536.22,530.9,542.92
2021-05-21,530.99,535.56,530.47,535.56
2021-05-20,533.47,534.29,530.94,542.79
2021-05-19,531.38,534,530.25,543.945
2021-05-18,534.31,535.04,530.73,544.525
2021-05-17,540,540.3,533.56,547.285
2021-05-14,537.45,540.08,534.48,540
2021-05-13,537.89,540,536.29,548.81
2021-05-12,534.53,538.2,534.35,548.965
2021-05-11,535.36,538.95,533.04,547.305
2021-05-10,538.93,539.13,533.17,548.49
2021-05-07,540.61,541.92,538.56,538.56
2021-05-06,540.85,542.87,537.85,550.865
2021-05-05,540.4,542.86,539.86,553.1
2021-05-04,538.25,541.7,538.16,550.11
2021-05-03,543.75,544.4,537.67,550.065
2021-04-30,538,542.45,536.43,551.565
2021-04-29,535.45,540,534.4,538
2021-04-28,537,540.35,535.06,547.485
2021-04-27,537.36,540.29,536.91,548.745
2021-04-26,539.8,540.83,536.2,549.105
2021-04-23,540.44,541.73,537.67,550.555
2021-04-22,539.5,542.19,537.94,551.18
2021-04-21,539.5,542.49,539.1,550.755
2021-04-20,539.46,540.85,537.49,551.845
2021-04-19,546.51,548.46,538.92,552.205
2021-04-16,545,546,544.29,545
2021-04-15,542.02,545,541.34,545
2021-04-14,543.43,545.33,541.66,554.83
2021-04-13,545.16,547.8,543.07,555.82
2021-04-12,548,550.34,544.75,557.325
2021-04-09,545.03,548.85,544.71,548
2021-04-08,547.18,548.26,544.39,558.985
2021-04-07,546.77,552.39,544.93,561.6
2021-04-06,549.73,555,546.63,561.505
2021-04-05,555,556.25,549.31,563.705
2021-04-02,555,555.28,554.78,555
2021-04-01,556,557.56,552.4,555
2021-03-31,554.19,556.23,552.58,556
2021-03-30,551.93,556.19,551.46,564.245
2021-03-29,553,556,550.62,562.425
2021-03-26,551.93,553.23,550.01,553
2021-03-25,549.68,552.9,548.94,560.42
2021-03-24,552.01,552.01,547,558.475
2021-03-23,544.11,550.46,543.75,559.5
2021-03-22,549.43,551.42,543.47,555.49
2021-03-19,546,548.35,544.57,558.075
2021-03-18,542.07,548,541.57,546
2021-03-17,545.53,548.25,541.75,554.54
2021-03-16,544.29,547.5,543.25,556.255
2021-03-15,546,549.19,543.93,554.79
2021-03-12,543.61,546.24,543.29,546.05
2021-03-11,548,548,542.02,551.36
2021-03-10,549.78,550.81,547.91,548
2021-03-09,552.15,552.15,548.57,548.57
2021-03-08,542,550.29,542,550.29
2021-03-05,542.52,545.94,541.19,542
2021-03-04,538.2,542.88,538.07,552.34
2021-03-03,537.05,541.19,536.03,549.88
2021-03-02,541.93,541.93,536.87,547.49
2021-03-01,538.33,542.99,536.62,545.76
2021-02-26,533.21,536.96,532.86,545.78
2021-02-25,533.74,535.91,530.34,544.985
2021-02-24,534.44,537,533.3,545.27
2021-02-23,534.13,538,533.08,545.84
2021-02-22,539,540.62,533.52,547.095
2021-02-19,537.05,539.19,534.66,539
2021-02-18,539.37,539.55,536.83,547.645
2021-02-17,536.38,540.04,536.12,548.85
2021-02-16,535.36,538.02,533.52,546.88
2021-02-15,538.86,539.85,534.79,547.38
2021-02-12,538.1,538.1,535.36,547.555
2021-02-11,535.85,540,534.44,548.97
2021-02-10,535.81,540,534.66,549.195
2021-02-09,542,543,535.63,549.97
2021-02-08,543.2,545.32,538.12,542
2021-02-05,542.75,544.84,538.83,552.81
2021-02-04,539.55,547,539.14,552.295
2021-02-03,539.28,542.17,538.83,549.55
2021-02-02,538.38,540.67,536.86,548.195
2021-02-01,538,540.16,536.43,548.59
2021-01-29,535.59,538.44,534.13,538
2021-01-28,536.12,537.84,534.75,546.225
2021-01-27,533.96,538.56,533.52,546.3
2021-01-26,534.88,541,533.25,544.59
2021-01-25,537.15,538.86,533.82,545.845
2021-01-22,533.78,537.58,532.64,546.67
2021-01-21,536.38,540.06,533.39,545.69
2021-01-20,535.41,537.67,534.04,548.435
2021-01-19,537.67,539.01,534.62,546.01
2021-01-18,539.96,541.55,537,549.715
2021-01-15,534.04,537.45,533.82,537
2021-01-14,534.09,537.17,533.12,545.095
2021-01-13,531.81,535.56,531.2,544.9
2021-01-12,534.35,535.77,528.89,541.96
2021-01-11,533.93,537.76,531.57,545.66
2021-01-08,533.69,533.69,528.57,539.55
2021-01-07,530.13,532.19,527.79,541.2
2021-01-06,532.96,532.96,525.96,539.105
2021-01-05,532,533,531.64,532.19
2021-01-04,534,535.48,531.01,532
2021-01-01,531.05,531.05,531.05,531.05
2020-12-31,530.51,531.64,527.75,541.82
2020-12-30,530.08,533,527.45,541.07
2020-12-29,531.51,533.13,528.95,542.385
2020-12-28,536.34,537.36,530.03,543.23
2020-12-25,534.68,534.68,534.68,534.68
2020-12-24,532.73,537.18,531.51,544.75
2020-12-23,533.82,534.85,531.29,544.025
2020-12-22,534.57,534.57,529.73,542.695
2020-12-21,533.69,537.15,530.64,542.675
2020-12-18,533,534.07,529.26,543.61
2020-12-17,532.21,536,529.26,533
2020-12-16,534.22,536.47,531.73,544.18
2020-12-15,538.5,538.5,533.52,546.095
2020-12-14,541.12,541.15,537.01,541.875
2020-12-11,539,541.07,537.77,541.07
2020-12-10,539.24,541.89,539,539
2020-12-09,537,539.27,536.66,537.94
2020-12-08,537,539.2,537,537
2020-12-07,537.31,540.81,536.36,537
2020-12-04,534.7,538,533.17,550.21
2020-12-03,536.12,540,533.25,549.685
2020-12-02,544,544,535.76,550.345
2020-12-01,544.25,545,538.7,544
2020-11-30,547,548.55,540.89,556.505
2020-11-27,547.94,547.94,542.79,547
2020-11-26,547.51,547.51,544.29,557.15
2020-11-25,548.88,548.88,544.25,556.55
2020-11-24,548.38,550.71,545.9,558.075
2020-11-23,550.01,551.71,545.35,559.865
2020-11-20,546.77,551.58,546.03,558.7
2020-11-19,549,550.33,546.45,558.295
2020-11-18,547.37,549.51,546.03,549
2020-11-17,550.67,550.84,545.9,559.86
2020-11-16,552,552,547.09,560.855
2020-11-13,549.96,552.46,547,552
2020-11-12,551.36,553.43,547,559.28
2020-11-11,553.19,554.15,549.73,562.66
2020-11-10,549.64,551.77,548.25,560.9
2020-11-09,549.25,551.06,544.71,560.6
2020-11-06,549.17,551.5,546.03,561.675
2020-11-05,553.76,555.78,547.46,563.54
2020-11-04,554.14,559.68,551.65,567.16
2020-11-03,555.8,561.46,553.06,566.615
2020-11-02,559.51,562.67,557.04,568
2020-10-30,560.14,560.74,554.76,567.05
2020-10-29,552,558.32,551.93,564.715
2020-10-28,552,555.44,551.79,552
2020-10-27,551,552.93,548.43,552
2020-10-26,552,553.24,548.94,561.7
2020-10-23,553.9,553.9,551.03,552
2020-10-22,551.71,552.13,549.58,551.95
2020-10-21,553.12,553.12,549.75,549.75
2020-10-20,555.63,555.63,552.01,556.77
2020-10-19,558.17,559.11,554.31,554.31
2020-10-16,558.55,558.55,556.88,556.92
2020-10-15,556.41,558.12,554.84,557.09
2020-10-14,552.77,555.61,551.6,564.11
2020-10-13,552,554.79,550.24,564.015
2020-10-12,552.13,553.68,549.41,552
2020-10-09,555.05,555.05,548.76,561.97
2020-10-08,555.31,556.4,551.69,562.96
2020-10-07,555.05,556.43,551.08,564.415
2020-10-06,556,556,550.1,564.04
2020-10-05,557.45,558.4,550.34,556
2020-10-02,557.49,557.49,553.29,566.525
2020-10-01,556,557.83,551.65,556
2020-09-30,552.96,556.2,552.35,556
2020-09-29,561,561.38,552.77,567.02
2020-09-28,562.79,563.68,555.99,561
2020-09-25,559.41,560.99,557.09,569.36
2020-09-24,556.8,558.98,555.85,565.88
2020-09-23,558.82,558.82,554.05,565.165
2020-09-22,550,556.19,550,563.555
2020-09-21,551.7,554.62,547.09,550
2020-09-18,548.01,552.27,547.05,550.44
2020-09-17,549.55,553.24,547.78,558.135
2020-09-16,547.97,550.85,546.45,559.53
2020-09-15,547.09,550,545.62,559.15
2020-09-14,551.27,553.43,546.17,559.27
2020-09-11,551.9,551.9,546.77,561.82
2020-09-10,550.2,553.06,548.57,549.57
2020-09-09,551.87,554.87,548.66,561.4
2020-09-08,552.54,554.03,549.31,562.255
2020-09-07,551.32,552.73,547.97,561.68
2020-09-04,542,552.16,542,559.245
2020-09-03,547.69,551.52,542,542
2020-09-02,545.12,550.47,544.25,557.77
2020-09-01,543.98,548.62,540.53,556.435
2020-08-31,548.18,549.5,542.61,558.21
2020-08-28,549.27,550.88,544.71,558.48
2020-08-27,548.8,551.97,545.57,560.305
2020-08-26,553.26,553.26,548.43,561.87
2020-08-25,550.57,552.05,548.2,562.86
2020-08-24,553.85,554.95,547.97,561.09
2020-08-21,548,553.08,548,561.13
2020-08-20,545.53,550.64,545.53,549.8
2020-08-19,546.93,548.77,543.29,558.295
2020-08-18,547.05,548.81,542.61,558.315
2020-08-17,551.02,552.33,546.49,559.8
2020-08-14,553.77,553.77,547.88,561.385
2020-08-13,550.99,554,547.28,564.045
2020-08-12,556.67,556.67,549.55,563.425
2020-08-11,556.95,558.19,549.92,554.37
2020-08-10,553.59,554.87,548.21,554.46
2020-08-07,549.49,552.4,548.11,561.24
2020-08-06,547.32,552,544.89,560.585
2020-08-05,554.72,554.72,545.39,559.41
2020-08-04,552.71,564.28,550.06,564.19
2020-08-03,551.79,567.6,550.94,564.655
2020-07-31,548.06,553.96,545.21,563.655
2020-07-30,551.05,566.39,548.01,562.1
2020-07-29,554.24,555.21,551.27,564.405
2020-07-28,552.58,564.41,551.46,568.89
2020-07-27,552.8,565.62,551.13,568.775
2020-07-24,569.51,570,557.9,583.34
2020-07-23,570.74,571.73,558.48,584.755
2020-07-22,563.22,573.71,559.68,585.37
2020-07-21,567.21,574.96,562.64,577.62
2020-07-20,568.95,571.59,566.17,580.12
2020-07-17,570.35,571,567.41,579.315
2020-07-16,571.43,571.43,567.46,582.575
2020-07-15,574,574.49,566.96,583.735
2020-07-14,571.94,574.18,569.1,574
2020-07-13,574.95,576.61,570.8,585.075
2020-07-10,575.45,586.43,573.32,587.925
2020-07-09,573.17,578,571,587.6
2020-07-08,585.66,586.17,571.95,585.915
2020-07-07,575.52,586.43,573.42,587.105
2020-07-06,586.69,586.69,572.31,587.865
2020-07-03,575.17,588.26,575.17,604.415
2020-07-02,577.04,587.74,574.43,604.415
2020-07-01,585.38,586.32,575.86,591.4
2020-06-30,577.55,586.85,576.52,603.235
2020-06-29,585.28,585.28,575.2,590.36
2020-06-26,579,586.06,577.7,581
2020-06-25,577.04,586.06,575.73,579
2020-06-24,574.69,580,574.03,590.2
2020-06-23,586.85,586.85,572.11,587.84
2020-06-22,586.85,586.85,576.17,591.135
2020-06-19,585.54,586.85,573.51,589.51
2020-06-18,578,585.54,573.51,589.49
2020-06-17,576.47,585.28,575.86,577.92
2020-06-16,574.63,578.89,572.21,587.115
2020-06-15,577.78,580.49,565.85,587.22
2020-06-12,574.64,578.01,572.56,588.175
2020-06-11,574,576.78,569.4,586.875
2020-06-10,579,579,570.1,574
2020-06-09,573.39,583.18,571.3,576.78
2020-06-08,575,582.09,573.62,590.92
2020-06-05,578.39,581.32,570.35,577.68
2020-06-04,583.85,586.06,571.45,589.11
2020-06-03,588.05,588.05,576.78,588.285
2020-06-02,590.01,590.8,579.92,604.57
2020-06-01,588,591.6,582.11,605.55
2020-05-29,592.4,592.94,582.58,606.345
2020-05-28,597.52,597.52,585.57,606.745
2020-05-27,596.97,600.25,588.6,609.305
2020-05-26,603,603,595.67,609.03
2020-05-25,596.87,603.83,596.87,612.045
2020-05-22,599.7,603,593.79,611.52
2020-05-21,597.68,600.25,589.77,610.395
2020-05-20,600.47,602.55,590.31,608.42
2020-05-19,601.62,603,591.49,609.935
2020-05-18,602,607.31,594.58,611.355
2020-05-15,602,607.93,598.41,602.55
2020-05-14,606.3,608.72,599.79,603.03
2020-05-13,603,606.69,595.83,612.5
2020-05-12,606.81,608.16,596.54,601.59
2020-05-11,605.78,607.46,598.74,613.765
2020-05-08,604,606.47,596.98,612.735
2020-05-07,607.59,609.23,599.06,604
2020-05-06,605.24,608.33,598.52,612.265
2020-05-05,595.29,605.85,594.25,609.835
2020-05-04,596.43,603.31,593,609.475
2020-05-01,599.26,603.83,594.68,608.76
2020-04-30,604.05,605.46,591.71,610.175
2020-04-29,605.5,606.62,597.09,612.57
2020-04-28,599.57,607.46,596.27,613.295
2020-04-27,608.58,608.58,597.81,612.545
2020-04-24,608.55,611.41,600.07,614.02
2020-04-23,606.11,609.8,598.63,613.535
2020-04-22,604.01,607.46,596.49,613.6
2020-04-21,597.7,606.19,597.2,610.465
2020-04-20,600,606.67,595.44,609.505
2020-04-17,606.05,606.9,595.44,612.6
2020-04-16,601.07,606.36,595,613.57
2020-04-15,597.35,604.12,593.49,611.08
2020-04-14,600.91,601.46,589.51,609.22
2020-04-13,600.25,602.18,592.74,611.215
2020-04-10,600.25,602.46,596.98,610.615
2020-04-09,604.39,604.94,591.33,610.67
2020-04-08,602.12,618.81,595.44,612.74
2020-04-07,608.58,608.58,594.1,611.605
2020-04-06,607.46,610.15,595.44,614.835
2020-04-03,604.72,609.15,595.44,614.02
2020-04-02,599.21,605.83,592.69,612.905
2020-04-01,596.16,600.8,591,610.15
2020-03-31,593.73,600.31,588.81,608.625
2020-03-30,587.78,595.73,587.78,593.73
2020-03-27,594.59,598.72,586.95,588.57
2020-03-26,602.68,603.66,589.08,594.49
2020-03-25,607.87,612.87,596,611.69
2020-03-24,616.75,616.75,595.08,615.94
2020-03-23,620.04,620.33,596.35,616.75
2020-03-20,613.45,620.33,599.46,619.93
2020-03-19,600.97,620.04,591.22,613.33
2020-03-18,601.2,610.61,589.98,600.04
2020-03-17,582,610.67,580.25,608.1
2020-03-16,578,591.17,577.81,582
2020-03-13,591.27,597.94,578,605.315
2020-03-12,586.56,596.32,582.98,603.135
2020-03-11,585.83,587.6,570.44,600.78
2020-03-10,571,585.83,569.85,600.415
2020-03-09,585.42,585.42,565.88,571
2020-03-06,583.49,589.95,571.71,600.21
2020-03-05,594.72,594.72,578.06,583.64
2020-03-04,591.59,596.59,581.17,604.86
2020-03-03,589.09,596.32,585.15,603.295
2020-03-02,600.32,600.32,585.07,589.04
2020-02-28,601.47,602.29,590.98,596.95
2020-02-27,608.09,608.37,595.58,608.78
2020-02-26,608.48,618.47,595.18,608.09
2020-02-25,610.16,618.47,596.6,608.48
2020-02-24,618.47,618.47,590.1,610.16
2020-02-21,613.44,613.44,596.4,604.74
2020-02-20,612.59,613.44,599.99,613.44
2020-02-19,613.16,613.44,599.44,612.59
2020-02-18,610.91,613.16,598.6,613.16
2020-02-17,602,611.18,598.58,610.91
2020-02-14,604.96,611.18,597.81,610.9
2020-02-13,608.99,610.61,596.13,611.18
2020-02-12,606.42,608.99,593.33,608.99
2020-02-11,606.43,607.53,590.1,606.42
2020-02-10,604.76,606.43,591,606.43
2020-02-07,603.11,604.76,590.1,604.76
2020-02-06,596.32,603.11,588.48,603.11
2020-02-05,599.29,601.74,587.36,602.315
2020-02-04,593.09,599.83,585.77,599.29
2020-02-03,596.86,599.29,585.08,599.02
2020-01-31,599.83,600.92,581.48,591.545
2020-01-30,589.72,600.92,586.99,599.83
2020-01-29,600.9,601.74,587.89,601.685
2020-01-28,595.19,601.74,587.79,600.9
2020-01-27,599.83,601.19,587.2,595.24
2020-01-24,593.3,600.65,585.4,600.925
2020-01-23,595.98,598.94,583.65,599.295
2020-01-22,595.71,597.05,580.72,600.49
2020-01-21,595.71,596.51,583.99,600.355
2020-01-20,595.98,596.78,585.2,600.355
2020-01-17,593.84,595.98,582.99,600.49
2020-01-16,588.14,593.84,579.84,599.42
2020-01-15,589.36,594.37,580.1,594.215
2020-01-14,593.57,595.44,581.56,595.305
2020-01-13,594.48,594.9,582.47,599.285
2020-01-10,590.53,595.98,582.71,599.74
2020-01-09,594.64,595.71,582.61,596.54
2020-01-08,592.93,594.64,581.72,599.82
2020-01-07,585.73,593.57,579.06,598.965
2020-01-06,583,592.24,578.29,591.64
2020-01-03,587.04,592.24,579.38,593.55
2020-01-02,588.81,591.71,578.44,592.965
2020-01-01,588.81,588.81,582,596.905
2019-12-31,589.86,590.13,577.7,596.905
2019-12-30,586,618.47,583,597.43
2019-12-27,595.22,595.44,586,597.985
2019-12-26,596.51,596.51,580.77,600.11
2019-12-25,596.51,596.51,588,596.51
2019-12-24,595.71,597.32,588,596.51
2019-12-23,587,596.51,584.13,600.355
2019-12-20,594.1,596.51,585.24,596.51
2019-12-19,590.21,594.9,581.98,599.55
2019-12-18,588.3,594.64,582.05,596.165
2019-12-17,588.51,593.84,579.69,594.24
2019-12-16,585,593.3,580.77,594.505
2019-12-13,589.2,594.1,579.06,595.735
2019-12-12,589.25,594.9,581.04,595.255
2019-12-11,595.98,597.05,581.24,595.28
2019-12-10,597.32,597.59,585.76,600.49
2019-12-09,588,597.8,584.6,597.32
2019-12-06,595.55,598.4,583.55,597.59
2019-12-05,596.51,596.78,588,600.275
2019-12-04,595.98,597.59,582.98,596.51
2019-12-03,596.51,597.05,583.86,600.49
2019-12-02,592,600.85,584.71,596.51
2019-11-29,600.85,601.94,588.7,601.36
2019-11-28,600.85,600.85,592,600.85
2019-11-27,599.7,601.39,587.52,600.85
2019-11-26,595.46,600.57,585.76,599.7
2019-11-25,589,600.85,586.77,595.51
2019-11-22,597.59,599.49,585.24,599.49
2019-11-21,596.94,597.59,587.52,597.59
2019-11-20,596.57,597.86,587.52,596.94
2019-11-19,597.05,597.59,587.23,596.57
2019-11-18,592,597.86,585.35,597.05
2019-11-15,594.97,600.03,588.65,598.13
2019-11-14,592,601.39,587.41,601.145
2019-11-13,600.57,600.85,581.5,592
2019-11-12,598.94,600.57,581.5,600.57
2019-11-11,590,599.76,581.5,598.94
2019-11-08,593.57,599.76,581.5,599.76
2019-11-07,597.05,598.4,581.5,599.59
2019-11-06,597.05,597.05,581.5,597.05
2019-11-05,589.36,599.11,581.5,598.235
2019-11-04,585,592.15,581.27,595.365
2019-11-01,584,585,577.02,585
2019-10-31,588.14,589.25,579.94,584
2019-10-30,588,593.35,580.67,594.185
2019-10-29,584.99,592.29,582.77,588
2019-10-28,587,594.34,583.24,590.85
2019-10-25,586,595.14,579.98,587
2019-10-24,589.25,593.67,581.56,586
2019-10-23,583.68,594.61,581.51,589.31
2019-10-22,592.74,593.81,580.83,595.52
2019-10-21,588,592.74,584,598.87
2019-10-18,589.62,594.61,583.31,598.5
2019-10-17,586.36,596.49,581.72,589.57
2019-10-16,594.38,599.46,585.68,598.265
2019-10-15,594.81,601.1,586.41,594.43
2019-10-14,598.1,599.73,587.96,600.895
2019-10-11,595.73,607.98,585.29,596
2019-10-10,596.32,607.42,588.06,595.62
2019-10-09,597.96,609.28,589.51,608.16
2019-10-08,613.62,613.62,589.18,608.98
2019-10-07,613.28,614.42,588.64,613.62
2019-10-04,613.56,614.4,589.24,603.5
2019-10-03,614.4,615.52,590.95,613.56
2019-10-02,615.92,618.47,610.42,614.51
2019-10-01,618.47,619.21,611.45,615.92
2019-09-30,618.47,618.63,615.76,617.78
2019-09-27,616.66,618.47,615.26,615.76
2019-09-26,615.26,618.47,610.53,616.66
2019-09-25,618.47,618.47,611.28,615.26
2019-09-24,612.74,618.47,612.46,612.46
2019-09-23,611.63,613.86,608.53,612.74
2019-09-20,609.2,612.46,605.12,611.63
2019-09-19,610.36,610.8,604.93,614.6
2019-09-18,609.15,610.8,609.15,615.18
2019-09-17,612.46,612.46,602,614.575
2019-09-16,599,612.46,599,612.46
2019-09-13,608.87,608.87,586.24,599
2019-09-12,611.91,616.1,590.88,614.435
2019-09-11,609.97,612.46,606.1,611.91
2019-09-10,608.82,610.8,605.31,614.985
2019-09-09,610.52,611.35,604.73,614.41
2019-09-06,609.97,610.8,606.21,606.52
2019-09-05,610.47,611.35,605.75,614.985
2019-09-04,614.03,618.47,606.65,615.235
2019-09-03,614.7,618.47,609.42,614.03
2019-09-02,618.47,618.47,609.69,614.7
2019-08-30,609.42,613.8,605.69,613.3
2019-08-29,608.05,609.42,605.28,609.42
2019-08-28,607.5,608.32,603.59,608.05
2019-08-27,607.06,607.5,595.95,607.5
2019-08-26,593,607.06,593,607.06
2019-08-23,597.89,607.77,593,594.4
2019-08-22,607.66,608.6,596.81,597.94
2019-08-21,606.73,607.66,596.38,607.66
2019-08-20,607.56,608.6,593,606.73
2019-08-19,606.91,607.56,596.06,607.56
2019-08-16,605.82,605.82,596.43,597.29
2019-08-15,604.73,605.82,603.65,605.82
2019-08-14,600.85,604.73,590,604.73
2019-08-13,599.25,601.49,595.9,600.85
2019-08-12,587,601.93,587,599.25
2019-08-09,592.48,592.54,585.06,585.41
2019-08-08,599.62,602.03,585.21,592.48
2019-08-07,600.95,602.03,587,605.555
2019-08-06,591.32,602.3,588.85,606.22
2019-08-05,599.96,601.76,585.36,591.37
2019-08-02,602.83,603.97,602.01,602.39
2019-08-01,589,610.48,589,603.53
2019-07-31,593.81,601.66,589,589
2019-07-30,594.4,600.72,587.83,593.81
2019-07-29,601.64,602.01,588.41,594.45
2019-07-26,604.19,605.82,600.2,613.72
2019-07-25,604.46,606.09,588,613.315
2019-07-24,586,604.46,586,613.45
2019-07-23,597.87,600.18,586,595.74
2019-07-22,596.35,597.02,590.11,596.43
2019-07-19,587.39,596.59,583.9,592.05
2019-07-18,585,596.67,580.42,587.44
2019-07-17,584,596.86,584,584.41
2019-07-16,585,591.11,582.84,584
2019-07-15,584,588.64,580.42,585
2019-07-12,587,589.48,584,584
2019-07-11,588,589.11,586.92,587
2019-07-10,587,590.85,582.96,588
2019-07-09,585,591.8,580.47,587
2019-07-08,583,591.11,579.89,585
2019-07-05,583,585.26,581.93,590.245
2019-07-04,583,583,580.9,587.21
2019-07-03,580.39,583,580.39,583
2019-07-02,579,581.16,579,581
2019-07-01,580,581.21,577.11,577.84
2019-06-28,579,580,576,580
2019-06-27,606,606,579,579
2019-06-26,605,606.89,604.54,606
2019-06-25,605,605.34,603.91,605
2019-06-24,611,611,604.06,605
2019-06-21,614.16,618.47,605.66,611
2019-06-20,617.44,619,613.62,614.16
2019-06-19,619,619.65,617.44,617.44
2019-06-18,617.71,620.2,617.17,619
2019-06-17,616,618.82,616,617.71
2019-06-14,614.49,618.54,614.49,618.54
2019-06-13,614.16,618.47,613.89,614.49
2019-06-12,611.94,618.47,611.46,614.16
2019-06-11,612.81,618.47,611.94,617.145
2019-06-10,612,618.47,612,613
2019-06-07,614.16,618.47,612,612
2019-06-06,616.62,618.47,613.62,619.235
2019-06-05,616.29,618.47,614,616.62
2019-06-04,616.67,619,615.52,616.29
2019-06-03,618,621.03,616.67,616.67
2019-05-31,622.7,623,615.95,621.37
2019-05-30,622.7,623.82,616.78,622.7
2019-05-29,620.48,623.26,616,622.7
2019-05-28,614.9,620.48,614.69,620.48
2019-05-27,615,618.47,614.49,615.01
2019-05-24,617.23,620.56,614.14,614.74
2019-05-23,617.68,620.56,615.95,617.23
2019-05-22,617.79,618.47,617,617.68
2019-05-21,616,618.89,615.51,617.79
2019-05-20,618.47,618.47,616,616
2019-05-17,620,620.96,615.58,616
2019-05-16,615.31,620.85,615,620
2019-05-15,615.03,620.46,615,615
2019-05-14,613.67,619.08,612.85,615.03
2019-05-13,617.79,617.79,612.85,613.67
2019-05-10,613.94,617.79,613.67,613.67
2019-05-09,615.31,617.79,613.94,613.94
2019-05-08,616.35,617.79,614.76,615.31
2019-05-07,615.69,617.79,614.21,616.35
2019-05-06,620,620,615.58,615.69
2019-05-03,616.96,622.8,616.13,616.13
2019-05-02,615,617.79,613,616.96
2019-05-01,614.49,617.79,612.03,615
2019-04-30,616.85,620.18,614.49,614.49
2019-04-29,621,622.13,616.85,616.85
2019-04-26,623.08,624.09,613.77,618.06
2019-04-25,618.06,623.81,610.14,623.02
2019-04-24,614.38,620.4,610.14,618.06
2019-04-23,616.05,619.68,610.14,614.38
2019-04-22,613.12,617,610.14,615.94
2019-04-19,617.26,617.7,610.14,613.12
2019-04-18,610.14,617.86,610.14,617.53
2019-04-17,610.68,616,609.06,610.14
2019-04-16,609.87,616.36,609.46,610.68
2019-04-15,614,614.89,609.26,609.87
2019-04-12,612.03,617.78,609.33,614
2019-04-11,611.16,614.52,611,612.03
2019-04-10,611.49,614.52,610.55,611.16
2019-04-09,612.3,614.52,610.39,611.49
2019-04-08,614.52,615,611.39,612.3
2019-04-05,614.76,615.34,613.39,614.76
2019-04-04,613.39,615.03,612.58,614.76
2019-04-03,616.13,616.13,612.78,613.39
2019-04-02,614.76,616.41,614.38,616.13
2019-04-01,616,616,613.06,614.76
2019-03-29,615.96,616.79,614.38,615.69
2019-03-28,614.05,616.51,613.39,615.96
2019-03-27,612.69,618.44,612.69,614.05
2019-03-26,611.3,616.47,610.53,612.69
2019-03-25,612,615.05,610.53,611.3
2019-03-22,608.38,614.38,607.31,612.42
2019-03-21,609.07,614.38,607.05,613.19
2019-03-20,608.92,614.38,606.65,609.18
2019-03-19,610.16,616,608.31,608.92
2019-03-18,612,616.59,609.19,610.16
2019-03-15,612.15,618.22,609.72,610.53
2019-03-14,609.67,618,609.67,612.15
2019-03-13,618.77,619,609.06,609.67
2019-03-12,615.8,621,613.29,618.61
2019-03-11,622,622.47,615.18,615.8
2019-03-08,614.96,622.8,607.37,616.29
2019-03-07,618,622.74,607.37,614.96
2019-03-06,611.96,621.73,608.11,617.38
2019-03-05,609.08,621.51,608.11,611.96
2019-03-04,616,620.47,608.11,609.08
2019-03-01,610,618.06,608.11,613.54
2019-02-28,607.58,610.46,605.98,609.39
2019-02-27,608.11,613.39,606.52,607.58
2019-02-26,607.85,613.98,607.47,613
2019-02-25,613,613.39,607.24,607.85
2019-02-22,610.26,614.34,608.44,610.26
2019-02-21,607,614.13,606.03,610.26
2019-02-20,607,613.91,605.77,607
2019-02-19,608.71,616.58,606.3,607
2019-02-18,617,617,606.3,608.71
2019-02-15,608.49,617.42,608.49,608.81
2019-02-14,610.38,615.94,609.52,614
2019-02-13,606.35,610,606.3,609.52
2019-02-12,611.78,612.6,605.13,611.16
2019-02-11,609,611.78,608.81,611.78
2019-02-08,607.74,612.68,607,609.08
2019-02-07,606.14,609.08,605,607.74
2019-02-06,603.65,606.41,602.68,606.14
2019-02-05,603.49,605,602.68,603.65
2019-02-04,603,605.23,602.1,603.49
2019-02-01,604.43,604.94,601,603
2019-01-31,602.68,604.43,600.63,604.43
2019-01-30,603.41,604.53,600.5,604
2019-01-29,602.64,604,601.38,603.41
2019-01-28,603.68,605.59,601.64,602.64
2019-01-25,609.06,609.06,603.08,603.68
2019-01-24,605.3,609.06,604.38,609.06
2019-01-23,605.91,607.45,603.94,605.13
2019-01-22,605.92,607.99,605.3,605.91
2019-01-21,607,607.19,604.7,605.92
2019-01-18,603.48,607.45,601,606.01
2019-01-17,603.64,605.71,601,603.48
2019-01-16,603.38,605,601,603.64
2019-01-15,601,605.13,600.48,603.32
2019-01-14,598,601.48,598,601
2019-01-11,597,601.06,596.45,598
2019-01-10,601,601,596.4,597
2019-01-09,605,605.03,599.53,601
2019-01-08,604,605.88,603.27,605
2019-01-07,602.49,605.24,600.39,604
2019-01-04,603.02,605.41,601.89,602.49
2019-01-03,609,610.26,602.42,603.02
2019-01-02,604,609.99,603.55,609
2019-01-01,606.78,606.78,604,604
2018-12-31,604,606.78,603.45,604
2018-12-28,602,605.35,602,604
2018-12-27,603.68,603.89,601.4,602
2018-12-26,608,608,600.45,603.68
2018-12-25,610,610,610,610
2018-12-24,608,608,606.78,608
2018-12-21,608,608,606.78,608
2018-12-20,608,608,606.78,608
2018-12-19,609,609,606.17,608
2018-12-18,610,611.53,606.84,607.78
2018-12-17,615,615.21,607.37,610
2018-12-14,611.53,617,609.34,612.57
2018-12-13,608.49,613.58,608,612
2018-12-12,611.71,613.03,607.88,608.49
2018-12-11,610.09,612.79,607.88,611.71
2018-12-10,611,611.53,607.38,610.09
2018-12-07,609.5,611.53,607.87,608.48
2018-12-06,611.48,614,609.12,609.5
2018-12-05,612.02,614.67,609.88,611.48
2018-12-04,609.8,613.69,607.06,612.02
2018-12-03,609.06,611.69,606.12,609.8
2018-11-30,608,611.77,605.32,609.06
2018-11-29,616,616,606.81,608
2018-11-28,614.62,616.69,612.91,616
2018-11-27,610.59,616.14,610.26,614.62
2018-11-26,611.13,611.13,607.85,610.59
2018-11-23,607.38,611.13,606.09,611.13
2018-11-22,607.38,607.64,605.14,612.18
2018-11-21,607.91,608.98,605.56,612.18
2018-11-20,606,607.91,606,607.91
2018-11-19,611,611,605.39,606
2018-11-16,610,611.67,607.38,611
2018-11-15,610.27,613.94,608.03,610
2018-11-14,612.8,614.38,609.1,610.27
2018-11-13,613.98,616.62,611.42,612.91
2018-11-12,608.83,615.58,608.83,613.98
2018-11-09,604.04,611.45,604.04,608.83
2018-11-08,603,607.58,603,604.04
2018-11-07,606.87,607.13,601.66,603
2018-11-06,605,608.2,601.99,606.87
2018-11-05,608.73,609.54,603.64,606.44
2018-11-02,606.39,608.73,601.04,608.73
2018-11-01,611.15,611.78,603.32,606.39
2018-10-31,611.51,612.86,606.78,611.15
2018-10-30,609.05,612.05,605.77,611.51
2018-10-29,605,610.71,603.78,609.05
2018-10-26,610.98,612.05,603.79,605
2018-10-25,607,611,607,610.98
2018-10-24,600,609.9,600,608.73
2018-10-23,600,605.39,599.18,600
2018-10-22,602,602.6,597.41,600
2018-10-19,601,605.54,597.98,606.095
2018-10-18,595,603.43,595,602.91
2018-10-17,595,600.56,594.37,594.4
2018-10-16,596.27,598.74,592.58,594.4
2018-10-15,597,597.28,591.79,596.27
2018-10-12,594.12,598.42,593.6,596.94
2018-10-11,594,599.27,591.79,594.12
2018-10-10,603,603,593.69,594
2018-10-09,600.22,605.35,598.4,603
2018-10-08,598,600.48,596.58,600
2018-10-05,601,601,596.84,602.145
2018-10-04,602.82,603.34,597.93,601
2018-10-03,598,603.55,597.4,602.87
2018-10-02,594.99,601.46,592,598
2018-10-01,592.22,594.99,591.79,594.99
2018-09-28,592.05,595,590.29,592.22
2018-09-27,584.14,592.89,584.14,592.69
2018-09-26,583.99,588.44,583.99,587
2018-09-25,584.68,586.67,583.41,588.995
2018-09-24,587.97,589.47,583.2,589.34
2018-09-21,586.47,588.97,584.85,587.97
2018-09-20,591.99,591.99,585.75,588
2018-09-19,588.68,593.51,587.93,591.99
2018-09-18,588.68,591.16,587.67,588.68
2018-09-17,591.67,592.53,588.41,588.68
2018-09-14,586.91,592.27,586.56,591
2018-09-13,592,593.29,586.32,591.455
2018-09-12,584,595.09,584,592
2018-09-11,583,586.94,582.62,584
2018-09-10,591,591.84,582.42,583
2018-09-07,583.11,591,580.97,590.56
2018-09-06,586.58,586.58,578.45,583.11
2018-09-05,583.73,588.91,580.75,586.53
2018-09-04,582.57,586.61,581.82,583.73
2018-09-03,582.37,583.58,582,582.57
2018-08-31,576.59,582.57,576.1,582.37
2018-08-30,575.36,578.65,574.87,576.59
2018-08-29,575.76,578.32,574.78,580.17
2018-08-28,578.17,578.17,574.21,580.37
2018-08-27,578,578.17,575.93,577
2018-08-24,580.02,580.49,575.93,578
2018-08-23,577.62,580.49,577.62,580.02
2018-08-22,583.45,583.45,576.43,582.27
2018-08-21,583.15,584,580.6,582.42
2018-08-20,583.45,587.29,582.57,588.155
2018-08-17,588.06,589,583.88,584.46
2018-08-16,589.77,592,586.95,588.06
2018-08-15,590.13,592.74,589.77,589.77
2018-08-14,588.06,591,586.52,590.13
2018-08-13,586.62,592.39,586.26,588.06
2018-08-10,580.4,591.35,580.4,586.62
2018-08-09,576.18,582.18,576.18,580.4
2018-08-08,577.22,580.92,575.6,576.18
2018-08-07,578.77,580.87,575.97,577.22
2018-08-06,578.27,580.93,578,578.77
2018-08-03,577.67,579.42,576.59,578.27
2018-08-02,573.86,577.67,573.86,577.67
2018-08-01,572.15,575.5,570.39,573.86
2018-07-31,571.52,572.49,570.22,572.15
2018-07-30,572.89,574.07,570.95,575.885
2018-07-27,577,578.52,571.85,572.89
2018-07-26,576,577.13,572.62,577
2018-07-25,570.78,576.39,567.6,576
2018-07-24,570.39,571.61,567,575.39
2018-07-23,569.27,571.75,569,575.195
2018-07-20,572.49,573.73,569.27,574.635
2018-07-19,571.95,575.94,570,572.49
2018-07-18,573.43,576.14,569.68,571.95
2018-07-17,571,574.02,569.41,574
2018-07-16,571.11,572.25,569,571
2018-07-13,571.02,575.6,569,569
2018-07-12,575.01,577.18,572.89,574.11
2018-07-11,570,574.06,570,574
2018-07-10,570,574.25,568.29,570
2018-07-09,572,572,569.12,570
2018-07-06,574.315,575.815,570.735,571.745
2018-07-05,575.5,575.69,572.74,574
2018-07-04,575.285,576.985,574.775,575.065
2018-07-03,583.1,583.1,575.25,575.6
2018-07-02,581,584.85,579.73,583
2018-06-29,579.17,582.06,578.9,579.38
2018-06-28,584.32,584.32,578.72,579.74
2018-06-27,581,585.65,581,584
2018-06-26,582,582.64,580.16,581
2018-06-25,583.12,583.12,582.5,582.5
2018-06-22,581.5,583.12,581.5,582.5
2018-06-21,582.27,586.14,581.5,581.5
2018-06-20,584.785,586.985,584.235,584.885
2018-06-19,580.165,586.785,580.165,584.835
2018-06-18,577,577,576.42,577
2018-06-15,576.95,577.24,572,577
2018-06-14,573,576.5,571.43,572
2018-06-13,572.945,579.035,572.235,572.235
2018-06-12,571.66,577.15,571.05,572.91
2018-06-11,582.175,585.945,578.445,580.055
2018-06-08,580.535,584.535,578.205,582.085
2018-06-07,582.57,585.17,579.87,581.31
2018-06-06,577.51,578.98,576.09,578.5
2018-06-05,584.075,587.245,580.165,582.505
2018-06-04,584.71,587.15,581.71,583.29
2018-06-01,582.99,586.46,580.77,584.23
2018-05-31,584.4,586.09,582.87,583.61
2018-05-30,579.5,581.55,577.5,579.5
2018-05-29,577.5,583.75,577.5,579.5
2018-05-28,580.5,582.2,577.41,577.5
2018-05-25,577.22,581.52,576.82,580.18
2018-05-24,577.3,578.27,576.12,576.7
2018-05-23,576.14,581.1,575.47,577.98
2018-05-22,573.99,576.03,573.12,575
2018-05-21,571.005,577.525,571.005,574.995
2018-05-18,574.35,576.29,569.95,570.5
2018-05-17,572.445,575.645,571.075,574.925
2018-05-16,571.63,574.77,569.68,573.43
2018-05-15,562.445,572.625,562.445,568.735
2018-05-14,572,573,558.7,561
2018-05-11,573,573,570.29,572
2018-05-10,573,574,573,573
2018-05-09,574,574,571.86,573
2018-05-08,574.5,574.5,572.93,573.5
2018-05-07,572.23,575.05,571.23,574.5
2018-05-04,572.09,578.88,569.3,573.7
2018-05-03,568.105,573.265,568.105,570.895
2018-05-02,571.455,573.835,566.745,566.745
2018-05-01,564.42,569.96,563.99,569.01
2018-04-30,565.045,568.015,564.765,566.715
2018-04-27,566.9,569.32,565.32,565.88
2018-04-26,560.24,564.21,556.9,563.89
2018-04-25,550.935,563.025,550.935,562.065
2018-04-24,550.5,552.04,550.5,550.5
2018-04-23,551.5,552.04,549.95,550.5
2018-04-20,552.5,553.15,550.95,551.5
2018-04-19,556.605,558.295,554.285,557.715
2018-04-18,557.69,559.16,554.25,557.16
2018-04-17,558.575,558.895,556.195,557.425
2018-04-16,559.93,560.6,556.55,557.07
2018-04-13,558.185,559.575,555.525,558.095
2018-04-12,556.45,560.2,555.48,558.14
2018-04-11,556.105,558.705,555.655,557.295
2018-04-10,558.43,561.61,556.15,556.7
2018-04-09,559.395,560.745,556.395,557.565
2018-04-06,560.38,561.64,557.93,558.48
2018-04-05,557.44,560.69,556.47,559.43
2018-04-04,560.575,561.485,557.185,558.435
2018-04-03,557.535,560.865,554.065,559.505
2018-04-02,558.48,558.52,555.95,558.52
2018-03-30,558.66,559.02,557.56,558.34
2018-03-29,557.525,560.005,555.095,558.475
2018-03-28,553.82,558.52,553.48,558.52
2018-03-27,555.83,558.29,554.1,556.17
2018-03-26,551.28,553.24,546.89,549
2018-03-23,558.88,560.01,555.78,557.12
2018-03-22,559.68,559.68,555.25,558.32
2018-03-21,557.215,561.075,556.215,557.785
2018-03-20,551.245,553.695,551.245,552.815
2018-03-19,551.5,553.95,550.95,551.5
2018-03-16,551.66,554.11,551.4,551.4
2018-03-15,552.5,553.5,550.95,551.5
2018-03-14,552,553,551.45,552
2018-03-13,552.45,554,551.41,552
2018-03-12,554.5,555.44,552.81,553.5
2018-03-09,554,554,554,554
2018-03-08,554,554,554,554
2018-03-07,554,554,552,554
2018-03-06,554,554,552,554
2018-03-05,553.5,556.47,552.5,554.5
2018-03-02,554,554,552,553
2018-03-01,554,555.63,552,554
2018-02-28,552,554.77,552,554
2018-02-27,553,553,551.45,552
2018-02-26,553.5,553.95,552.5,553.5
2018-02-23,554,554,552,553
2018-02-22,555.11,558.21,552.13,554.01
2018-02-21,552,555.52,551.45,554
2018-02-20,552,554.62,549.65,552
2018-02-19,552.5,552.5,552.5,552.5
2018-02-16,552,552,552,552
2018-02-15,552.305,552.305,551.755,551.755
2018-02-14,552.5,552.5,550.85,552.5
2018-02-13,552.305,552.305,551.205,551.755
2018-02-12,552,552,551.18,552
2018-02-09,551.54,552,551,552
2018-02-08,551.68,551.77,551.5,551.5
2018-02-07,547.935,550.615,547.935,550.615
2018-02-06,544.77,546.96,544.77,546.96
2018-02-05,542.855,545.065,542.855,545.065
2018-02-02,543.385,543.925,543.385,543.925
2018-02-01,543.925,543.925,543.825,543.825
2018-01-31,545.455,545.455,544.005,544.095
2018-01-30,544.44,544.92,543.9,544.92
2018-01-29,541.85,544.44,540.59,543.82
2018-01-26,544.58,544.58,544.04,544.39
2018-01-25,547.27,547.97,544.15,544.15
2018-01-24,549.965,550.675,547.405,547.885
2018-01-23,554.685,555.775,546.045,546.045
2018-01-22,555.195,555.695,553.705,554.335
2018-01-19,553.285,556.075,553.055,553.335
2018-01-18,555.04,557.82,553.54,554.4
2018-01-17,557.095,558.325,552.915,552.915
2018-01-16,555.91,558.13,553.14,553.65
2018-01-15,553.91,557.05,550.5,551.8
2018-01-12,567.9,567.9,566.22,566.22
2018-01-11,566.31,567.28,566.31,566.72
2018-01-10,570.985,571.125,563.945,568.295
2018-01-09,574.7,575.8,567.27,567.79
2018-01-08,569.235,569.235,569.235,569.235
2018-01-05,569.805,571.315,567.305,569.235
2018-01-04,568.495,570.895,563.155,563.905
2018-01-03,577.32,577.32,576,576.14
2018-01-02,576.53,577.72,576.07,576.07
2018-01-01,576.235,576.235,576.235,576.235
2017-12-29,579.915,579.915,576.235,576.235
2017-12-28,582,583.07,578.03,578.03
2017-12-27,582.095,582.095,579.675,580.355
2017-12-26,580.56,581.54,579.61,580.91
2017-12-25,581.61,581.61,581.61,581.61
2017-12-22,580.35,581.81,578.91,581.61
2017-12-21,578.83,583.48,578.83,580.98
2017-12-20,582.42,585.06,580.25,580.25
2017-12-19,584.295,585.695,580.695,581.565
2017-12-18,584.145,584.475,580.785,583.125
2017-12-15,581.1,583.72,580.28,583.72
2017-12-14,584.475,584.725,581.515,581.515
2017-12-13,585.9,586.13,580.38,580.38
2017-12-12,584.59,586.57,581.83,584.53
2017-12-11,582.075,584.365,580.605,582.995
2017-12-08,583.41,586.43,583.01,583.9
2017-12-07,580.515,581.755,580.505,580.915
2017-12-06,579.59,583.01,578.65,580.9
2017-12-05,578.03,582.62,577.85,581.3
2017-12-04,577.17,581.06,577.17,578.38
2017-12-01,577.555,580.775,573.875,573.875
2017-11-30,578.98,583.33,577.11,577.11
2017-11-29,574.955,575.525,574.385,574.385
2017-11-28,575.665,580.245,574.705,574.865
2017-11-27,573.25,576.89,572.39,575.09
2017-11-24,578.31,578.36,573.46,573.8
2017-11-23,581.315,581.315,581.315,581.315
2017-11-22,582.475,582.475,581.315,581.315
2017-11-21,582.4,584.67,581.76,583.27
2017-11-20,582.95,584.33,582.37,583.75
2017-11-17,582.975,582.975,581.575,581.575
2017-11-16,578.865,583.455,578.575,582.185
2017-11-15,578.09,582.48,577.9,581.9
2017-11-14,588.3,588.3,576.17,580.45
2017-11-13,590.21,590.21,589.62,589.62
2017-11-10,591.39,591.39,589.62,589.62
2017-11-09,591.065,591.065,589.885,589.885
2017-11-08,589.47,592.96,586.65,590.15
2017-11-07,592.36,592.36,588.83,588.83
2017-11-06,590.185,594.295,589.265,589.265
2017-11-03,590.74,590.74,590.15,590.15
2017-11-02,591.065,591.065,589.885,589.885
2017-11-01,584.49,591.75,584.44,590.68
2017-10-31,584.505,590.255,583.985,587.605
2017-10-30,586.165,591.895,585.215,585.615
2017-10-27,587.485,588.525,586.905,587.355
2017-10-26,576.065,587.305,575.365,586.415
2017-10-25,575.1,579.34,575.1,579.34
2017-10-24,577.73,577.73,577.16,577.16
2017-10-23,583.02,583.26,577.67,577.67
2017-10-20,573.585,580.075,573.585,577.055
2017-10-19,576.39,577.04,573.42,573.42
2017-10-18,578.69,579.55,577.03,577.45
2017-10-17,577.355,578.105,576.905,576.905
2017-10-16,577.15,577.24,574.94,576.1
2017-10-13,573.225,573.225,572.655,572.655
2017-10-12,573.685,573.755,573.165,573.165
2017-10-11,574.875,576.825,573.505,573.565
2017-10-10,579.125,579.785,575.655,575.655
2017-10-09,579.075,580.125,577.995,578.285
2017-10-06,577.05,577.05,575.91,575.91
2017-10-05,576.98,577.54,576.39,576.39
2017-10-04,578.895,579.435,576.815,577.755
2017-10-03,575.835,575.835,572.985,572.985
2017-10-02,2.785,2.785,2.785,574.485
2017-09-29,577.385,578.625,574.485,574.485
2017-09-28,572.845,578.475,572.795,576.545
2017-09-27,574.475,575.505,572.775,573.695
2017-09-26,572.67,577.3,569.07,569.07
2017-09-25,569.75,569.75,568.38,568.38
2017-09-22,569.575,569.575,568.435,568.435
2017-09-21,567.035,570.225,564.155,565.235
2017-09-20,562.42,570.68,559.96,569.2
2017-09-19,564.09,567.73,563.2,564.5
2017-09-18,567.21,568.48,564.5,564.5
2017-09-15,566.59,569,562.41,565
2017-09-14,566.895,566.895,564.655,564.655
2017-09-13,566.845,570.975,562.475,566.195
2017-09-12,567.54,567.6,565.1,565.7
2017-09-11,567.835,567.835,565.005,567.265
2017-09-08,568.465,568.465,566.525,566.755
2017-09-07,569.315,569.405,566.935,566.935
2017-09-06,567.57,568.48,566.44,568.05
2017-09-05,568.245,569.685,567.675,568.115
2017-09-04,1.1,1.1,1.1,567.52
2017-09-01,1.1,1.1,1.1,567.52
2017-08-31,568.54,571.22,568.1,568.12
2017-08-30,568.54,570.17,566.89,568.12
2017-08-29,568.465,568.465,566.755,566.755
2017-08-28,1.1,1.1,1.1,567.52
2017-08-25,567.835,567.835,567.265,567.265
2017-08-24,568.775,568.775,566.505,566.505
2017-08-23,568.465,568.465,566.755,566.755
2017-08-22,568.465,568.465,566.755,566.755
2017-08-21,568.15,568.15,567.01,567.01
2017-08-18,567.52,567.52,567.52,567.52
2017-08-17,568.465,568.465,566.755,566.755
2017-08-16,568.15,568.15,567.01,567.01
2017-08-15,565.81,567.52,565.81,567.52
2017-08-14,566.42,568.15,565.28,567.01
2017-08-11,557.35,557.57,557.31,557.57
2017-08-10,564.15,567.125,563.03,566.005
2017-08-09,566.42,570.69,565.14,567.47
2017-08-08,566.42,568.465,564.71,566.755
2017-08-07,566.42,568.15,565.28,567.01
2017-08-04,566.27,570.29,566.03,567.52
2017-08-03,568.45,570.455,566.13,567.775
2017-08-02,570.11,571.84,569.02,570.51
2017-08-01,565.46,571.6,565.32,570.97
2017-07-31,567.22,569.13,565.27,566.25
2017-07-28,567.22,568.715,566.08,567.575
2017-07-27,567.22,569.35,566.35,568.48
2017-07-26,567.22,570.695,566.92,568.735
2017-07-25,567.75,570.255,564.46,568.005
2017-07-24,566.58,569.625,566.58,568.795
2017-07-21,570.83,572.43,566.2,567.45
2017-07-20,572.82,576.68,567.22,569.21
2017-07-19,573.27,575.945,572.82,574.355
2017-07-18,574.53,576.31,572.82,574.5
2017-07-17,580.2,580.965,578.08,579.605
2017-07-14,577.8,579.675,577.22,579.095
2017-07-13,579.29,581.605,578.03,579.265
2017-07-12,577.04,581.635,575.41,580.715
2017-07-11,579.9,582.335,575.86,577.445
2017-07-10,577.94,582.205,577.94,580.865
2017-07-07,578.79,583.305,577.72,579.425
2017-07-06,579.4,583.475,578.26,580.155
2017-07-05,579.4,581.89,579.4,580.57
2017-07-04,579.4,580.47,579.4,580.47
2017-07-03,577.92,579.46,577.92,579.46
2017-06-30,578.16,581.87,576.67,577.89
2017-06-29,581.36,582.48,577.48,578.79
2017-06-28,586.82,587.645,580.36,582.185
2017-06-27,589.79,589.86,586.82,586.89
2017-06-26,589.79,590.62,588.14,588.97
2017-06-23,589.61,590.315,588.29,588.675
2017-06-22,589.68,591.18,589.39,590.46
2017-06-21,590.17,590.42,589.84,589.91
2017-06-20,589.5,591.76,589.5,591.76
2017-06-19,588.02,591.715,588.02,591.295
2017-06-16,589.56,592.2,588.67,590.69
2017-06-15,589.12,591.61,587.73,591.22
2017-06-14,589.38,592.635,585.47,590.285
2017-06-13,589.75,592.06,586.31,590.69
2017-06-12,588.19,591.275,587.1,588.245
2017-06-09,586.3,592.505,585.05,590.815
2017-06-08,584.43,587.2,583.65,586.99
2017-06-07,585.63,591.63,582.82,586.35
2017-06-06,586.21,587.645,583.08,583.945
2017-06-05,585.67,588.595,585.32,587.505
2017-06-02,588.4,591.09,584.86,588.75
2017-06-01,586.78,590.33,584.06,589.7
2017-05-31,587.77,592.315,584.32,588.105
2017-05-30,590.93,594.87,586.77,591.1
2017-05-29,589.29,592.45,587.66,592.29
2017-05-26,585.93,591.62,584.99,589.74
2017-05-25,585.46,589.555,583.84,588.615
2017-05-24,589.23,590.95,585.35,588.22
2017-05-23,591.82,594.43,589.11,591.72
2017-05-22,592.21,594.935,589.7,591.985
2017-05-19,592.21,594.8,590.29,592.25
2017-05-18,592.26,594.785,589.98,592.515
2017-05-17,593.74,595.77,590.07,591.86
2017-05-16,599.96,600.895,591.81,593.085
2017-05-15,600.65,602.66,597.65,601.24
2017-05-12,600.65,600.91,600.65,600.91
2017-05-11,603.59,603.97,603.41,603.97
2017-05-10,600.65,600.91,600.65,600.91
2017-05-09,601.87,605.93,600.65,604.61
2017-05-08,600.82,602.96,600.48,601.74
2017-05-05,600.66,603.63,598.73,599.83
2017-05-04,603.36,604.09,600.8,600.87
2017-05-03,600.88,604.45,600.55,604.23
2017-05-02,602.31,604.17,600.71,601.74
2017-05-01,602.02,602.02,601.47,601.7
2017-04-28,606.63,609.73,602.81,607.67
2017-04-27,602.48,609.7,600.82,608.42
2017-04-26,602.34,605.95,601.98,603.23
2017-04-25,617.19,617.27,604.82,605.04
2017-04-24,616.74,617.6,616.57,616.98
2017-04-21,614.28,616.98,613.67,616.97
2017-04-20,616.6,619,615.02,617.28
2017-04-19,616.78,620.38,615.78,617.56
2017-04-18,618.73,619.99,617.02,618.12
2017-04-17,618.73,620.51,617.64,618.4
2017-04-14,618.82,619.24,618.11,618.53
2017-04-13,619.75,620.49,617.95,618.69
2017-04-12,619.69,621.525,618.69,620.285
2017-04-11,620.14,621.49,619.07,619.93
2017-04-10,618.24,621.315,618.24,620.845
2017-04-07,617.7,620.73,616.1,619.19
2017-04-06,617.8,619.135,617.13,618.005
2017-04-05,616.95,618.18,616.95,617.88
2017-04-04,618.02,621.53,615.89,617.05
2017-04-03,617.99,619.66,617.64,618.4
2017-03-31,616.9,618.44,616.9,617.82
2017-03-30,615.26,619.315,612.66,616.515
2017-03-29,612.53,618.055,610.84,616.625
2017-03-28,613.19,614.765,610.78,613.915
2017-03-27,612.02,614.65,611.82,613.31
2017-03-24,611.75,614.535,610.05,611.305
2017-03-23,611.73,615.965,611.18,612.555
2017-03-22,611.19,616.17,610.09,614.8
2017-03-21,616.87,619.29,611.09,613.69
2017-03-20,615.8,618.7,614.16,616.56
2017-03-17,615.26,618.08,613.08,616.07
2017-03-16,617.04,619.715,613.21,615.105
2017-03-15,623.37,625.81,615.53,616.85
2017-03-14,620.29,626.255,620.29,626.015
2017-03-13,620.06,623.935,619.05,622.345
2017-03-10,622.57,624.91,619.54,620.98
2017-03-09,625.11,629.43,623.78,626.91
2017-03-08,625.65,630.865,624.47,627.475
2017-03-07,624.78,629.235,623.42,625.525
2017-03-06,626.4,627.915,623.25,626.235
2017-03-03,625.9,627.26,624.81,626.32
2017-03-02,624.67,627.16,624.67,626.32
2017-03-01,624.26,627.14,624.16,626.32
2017-02-28,622.8,624.46,622.8,623.33
2017-02-27,623.4,624.64,622.82,622.9
2017-02-24,623.72,625.93,623.4,624.65
2017-02-23,624.85,626.32,624.13,626.32
2017-02-22,623.98,627.65,623.4,626.32
2017-02-21,623.71,626.8,621.43,624.68
2017-02-20,623.4,627.2,620.84,624.56
2017-02-17,620.26,626.255,619.78,623.735
2017-02-16,624.16,626.525,619.6,621.355
2017-02-15,621.53,630.76,621.53,626.07
2017-02-14,617.08,621.84,615.99,621.84
2017-02-13,616.2,623.67,615.15,621.25
2017-02-10,615.33,619.94,615.18,617.42
2017-02-09,615.09,617.66,614.47,616.27
2017-02-08,615.23,618.82,615.23,618.74
2017-02-07,613.48,618.15,611.58,618.15
2017-02-06,613.48,615.575,612.26,614.355
2017-02-03,615.17,619.245,612.83,614.985
2017-02-02,614.79,617.08,611.14,616.96
2017-02-01,613.08,618.075,612.27,615.815
2017-01-31,618.68,621.065,612.1,614.165
2017-01-30,617.96,624.965,617.87,620.535
2017-01-27,619.85,623.185,617.06,619.895
2017-01-26,615.68,622.805,614.66,621.235
2017-01-25,616.97,619.61,615.2,617.48
2017-01-24,614.9,618.995,614.03,617.995
2017-01-23,620.07,621.435,614.48,616.075
2017-01-20,618.7,621.53,617.41,621.05
2017-01-19,618.58,621.415,617.4,620.715
2017-01-18,616.35,619.505,616.35,619.505
2017-01-17,618.56,620.06,616.54,617.05
2017-01-16,619.28,620.67,619.28,620.08
2017-01-13,619.84,623.33,617.75,619.65
2017-01-12,624.46,624.55,622.18,622.27
2017-01-11,620.81,626.08,620.81,624.55
2017-01-10,621,624.925,620.1,623.745
2017-01-09,622.58,626.21,621.06,623.73
2017-01-06,622.67,624.7,621.77,623.89
2017-01-05,630.55,631.75,622.8,623.89
2017-01-04,620.32,632.905,620.32,630.575
2017-01-03,620.32,620.74,617.18,617.6
2017-01-02,623.3,626.56,623.3,626.56
2016-12-30,620.32,622.15,617.18,617.6
2016-12-29,629.81,629.9,629.02,629.11
2016-12-28,620.32,630.87,620.32,629.96
2016-12-27,627.23,627.92,627.23,627.23
2016-12-26,627.57,627.57,627.23,627.23
2016-12-23,632.91,633,632.22,632.31
2016-12-22,633.24,633.32,631.93,632.16
2016-12-21,634.39,634.47,620.32,633.33
2016-12-20,631.59,631.67,620.32,620.4
2016-12-19,630.17,631.01,630.17,630.41
2016-12-16,629.81,633.11,627.34,629.51
2016-12-15,620.32,620.4,620.32,620.4
2016-12-14,620.32,620.42,619.59,619.67
2016-12-13,621.34,621.43,619.74,620.54
2016-12-12,612.74,621.42,612.74,621.42
2016-12-09,612.74,612.81,612.74,612.81
2016-12-08,612.74,612.82,610.32,611.81
2016-12-07,612.59,612.97,611.44,611.53
2016-12-06,617.63,617.71,612.59,612.67
2016-12-05,619.42,621.05,617.18,617.6
2016-12-02,619.79,622.86,618.03,620.79
2016-12-01,620.81,621.8,618.84,619.18
2016-11-30,619.85,623.4,618.65,620.78
2016-11-29,621.21,623.175,619.27,620.455
2016-11-28,619.15,623.09,619.15,621.23
2016-11-25,624.75,624.83,624.41,624.5
2016-11-24,624.07,625.19,622.18,624.59
2016-11-23,619.41,624.66,616.94,624.24
2016-11-22,615.13,622.85,615.33,620.78
2016-11-21,617.62,621.41,617.11,620.05
2016-11-18,615.57,621.73,615.32,621.42
2016-11-17,613.08,619.46,613.08,619.46
2016-11-16,611.15,620.605,610.63,620.105
2016-11-15,611.61,615.64,610.68,613.75
2016-11-14,612.53,614.97,612.15,613.75
2016-11-11,611.21,615.945,609.5,614.955
2016-11-10,610.31,614.045,607.72,612.355
2016-11-09,599.03,611.68,589.22,611.49
2016-11-08,597.69,599.86,597.69,599.86
2016-11-07,598.89,600.73,598.29,600.13
2016-11-04,599.51,602.015,597.42,598.595
2016-11-03,599.95,603.22,598.41,600.72
2016-11-02,598.4,601.83,598.4,601.1
2016-11-01,597.25,602.68,596.49,602.08
2016-10-31,598.83,607.2,597.08,604.69
2016-10-28,601.8,609.68,596.76,604.53
2016-10-27,601.85,610.18,599.43,609.41
2016-10-26,604.81,612.015,603.73,610.935
2016-10-25,602.57,612.335,602.29,611.415
2016-10-24,601.02,610.96,601.02,610.18
2016-10-21,600.03,606.74,599.98,606.18
2016-10-20,597.63,609.07,594.33,607.53
2016-10-19,597.3,606.22,596.05,605.56
2016-10-18,596.03,605.4,594.59,604.58
2016-10-17,595.45,602.47,595.45,599.57
2016-10-14,592.87,605.35,592.82,605.13
2016-10-13,595.57,600.585,592.85,596.555
2016-10-12,593.25,600.045,592.71,599.105
2016-10-11,588.88,600.97,588.67,600.8
2016-10-10,586.67,596.59,586.36,596.33
2016-10-07,587.96,597.92,585.2,593.02
2016-10-06,585.1,592.24,584.68,591.53
2016-10-05,585.15,589.645,583.61,588.655
2016-10-04,584.81,592.34,583.46,588.73
2016-10-03,590.96,595.965,584.31,588.335
2016-09-30,591.54,596.99,589.42,591.79
2016-09-29,591.86,594.905,590.07,593.535
2016-09-28,591.91,595.725,590.75,593.855
2016-09-27,589.78,594.94,589.41,593.96
2016-09-26,590.46,592.77,588.6,591.9
2016-09-23,585.36,593.39,583.11,591.66
2016-09-22,586.09,595.64,582.76,592.6
2016-09-21,587.99,597.12,585.94,593.65
2016-09-20,586.83,595.7,585,595.64
2016-09-19,587.88,590.14,585.68,588.93
2016-09-16,583.23,595.59,582.71,595.22
2016-09-15,583.02,592.13,581.32,590.73
2016-09-14,584.53,592.39,581.78,590.52
2016-09-13,583.38,592.91,582.61,592.03
2016-09-12,583.32,591.99,583.32,591.99
2016-09-09,582.35,591.78,581.24,591.78
2016-09-08,583.49,585.85,579.06,584.35
2016-09-07,582.71,586.16,582.09,585.64
2016-09-06,588.46,597.22,582.13,591.16
2016-09-05,586.81,590.83,586.72,590.36
2016-09-02,585.89,590.25,582.87,589.88
2016-09-01,587.67,593.09,585.41,593.09
2016-08-31,588.57,591.68,587.35,589.83
2016-08-30,586.3,596.75,585.68,596.07
2016-08-29,584.83,589.83,584.83,588.09
2016-08-26,581.06,588.57,578.39,587.73
2016-08-25,582.24,584.66,580.49,583.16
2016-08-24,580.03,590.78,579.72,589.74
2016-08-23,579.36,587.79,577.58,587.58
2016-08-22,579.48,583.47,578.63,581.36
2016-08-19,577.68,582.24,577.12,581.06
2016-08-18,580.96,583.32,576.97,579.68
2016-08-17,581.52,585.49,579.57,582.9
2016-08-16,586.46,594.43,579.26,588.76
2016-08-15,586.56,589.62,585.41,588.36
2016-08-12,588.88,591.36,584.48,589.46
2016-08-11,586.78,591.04,585.99,590.83
2016-08-10,589.89,592.79,586.09,588.83
2016-08-09,591.49,594.5,589.41,591.84
2016-08-08,591.75,596.98,591.01,593.49
2016-08-05,589.31,601.29,587.62,598.77
2016-08-04,588.25,592.15,587.88,591.25
2016-08-03,584.11,590.78,583.8,590.25
2016-08-02,587.51,595.49,583.75,591.87
2016-08-01,587.3,592.15,586.67,589.46
2016-07-29,591.97,600.05,585.78,594.54
2016-07-28,592.98,601.13,590.05,599.68
2016-07-27,596.87,605.84,592.77,600.64
2016-07-26,596.32,607.32,595.19,604.37
2016-07-25,596.92,608.06,596.38,603.93
2016-07-22,594.65,600.64,594.16,600.64
2016-07-21,595.3,605.82,593.41,602.36
2016-07-20,595.35,605.74,594.86,602.74
2016-07-19,592.29,603.45,591.59,602.58
2016-07-18,596.52,604.95,591.81,599.57
2016-07-15,589.84,597.28,588.3,597.28
2016-07-14,591.27,600.2,587.51,597.28
2016-07-13,592.82,601.29,589.89,598.99
2016-07-12,593.2,600.97,589.78,600.43
2016-07-11,599.32,608.32,592.39,601.78
2016-07-08,592.77,603.915,590.37,603.805
2016-07-07,590.9,600.97,590.21,600.38
2016-07-06,592.02,601.93,590.21,598.35
2016-07-05,587.83,600.38,586.51,599.63
2016-07-04,585.6,598.45,585.6,595.43
2016-07-01,590.47,600.49,587.3,595.91
2016-06-30,589.52,605.88,587.93,598.08
2016-06-29,592.71,601.07,589.2,596.97
2016-06-28,594.92,603.23,590.31,600.27
2016-06-27,598.83,609.86,591.7,602.15
2016-06-24,576.11,608.41,573.79,598.08
2016-06-23,583.91,591.98,575.35,583.46
2016-06-22,581.67,588.01,578.85,585.25
2016-06-21,586.27,590.655,578.8,587.355
2016-06-20,585.96,592.57,573.36,590.12
2016-06-17,589.58,595.005,588.28,592.615
2016-06-16,589.16,593.425,583.18,592.835
2016-06-15,589.82,593.525,582.92,589.445
2016-06-14,588.11,593.42,582.35,591.79
2016-06-13,586.97,593.26,580.29,588.93
2016-06-10,586.05,596.82,573.36,589.13
2016-06-09,581.99,591.2,573.36,587.92
2016-06-08,584.86,594.1,573.36,582.75
2016-06-07,585.09,590.8,576.97,586.82
2016-06-06,583.29,590,573.54,586.56
2016-06-03,591.88,599.54,577.88,586.46
2016-06-02,590.51,591.64,584.68,588.33
2016-06-01,591.94,594.02,586.41,591.36
2016-05-31,590.33,594.48,586.99,594.38
2016-05-30,592.01,597.02,588.46,592.52
2016-05-27,590.91,593.385,586.3,592.705
2016-05-26,590.28,591.33,585.47,591.33
2016-05-25,586.79,591.385,573.36,575.565
2016-05-24,584.48,593.835,583.63,593.045
2016-05-23,586.75,595.11,584.01,591.98
2016-05-20,587.15,588.62,583.64,587.42
2016-05-19,584.84,587.68,573.36,587.68
2016-05-18,577.62,586.775,577.62,586.775
2016-05-17,579.31,585.775,576.94,583.925
2016-05-16,576.94,588.14,573.36,586.76
2016-05-13,577.91,588.82,575.93,587.53
2016-05-12,577.34,579.38,573.71,578.45
2016-05-11,577.68,580.43,573.09,577.19
2016-05-10,576.16,580.78,575.17,579.99
2016-05-09,575.3,584.745,573.9,582.035
2016-05-06,575.05,583.145,571.49,581.915
2016-05-05,570.99,578.06,570.5,577.1
2016-05-04,570.15,573.99,569.01,572.89
2016-05-03,566.8,577.25,564.75,576.98
2016-05-02,572.39,580.41,568.74,576.66
2016-04-29,577.73,580.6,572.34,574.49
2016-04-28,579.26,582.65,576.92,579.83
2016-04-27,580.39,583.73,577.33,581.31
2016-04-26,582.09,584.71,578.45,582.39
2016-04-25,582.87,585.38,581.52,584.19
2016-04-22,581.06,589.425,579.93,588.835
2016-04-21,580.49,583.99,575.6,583.06
2016-04-20,577.43,582.96,576.01,582.54
2016-04-19,579.11,581.16,576.06,579.33
2016-04-18,581.26,583.58,580.68,583
2016-04-15,581.99,585.23,579.52,583.26
2016-04-14,581.73,586.04,580.65,584.09
2016-04-13,576.16,584.04,575.7,583.63
2016-04-12,574.9,579.99,572.02,578.01
2016-04-11,575.1,578.67,572.92,576.64
2016-04-08,577.22,579.94,574.39,576.95
2016-04-07,574.43,586,572.79,583.1
2016-04-06,576.06,582.425,573.7,577.895
2016-04-05,575.7,580.55,574.97,578.06
2016-04-04,576.14,579.53,574.8,577.8
2016-04-01,576.31,580.7,573.39,577.8
2016-03-31,578.39,581.98,574.75,578.31
2016-03-30,580.85,583.37,577.12,580.45
2016-03-29,585.73,594.49,580.07,588.35
2016-03-28,587.41,595.38,584.58,593.39
2016-03-25,586.93,590.09,586.15,589.3
2016-03-24,586.57,590.51,586.03,588.88
2016-03-23,584.63,589.72,584.22,588.41
2016-03-22,583.38,593.65,582.45,592.13
2016-03-21,582.92,585.85,579.91,585.38
2016-03-18,579.42,584.54,579.36,583.88
2016-03-17,584.22,592.76,578.17,586.92
2016-03-16,591.26,600.64,583.49,591.77
2016-03-15,590.63,599.8,589.52,597.92
2016-03-14,588.34,599.57,588.34,598.19
2016-03-11,586.83,596.125,585.05,595.275
2016-03-10,596.16,613.52,584.74,594.22
2016-03-09,595.57,606.71,593.79,603.45
2016-03-08,595.46,605.24,593.13,603.12
2016-03-07,597.32,606.95,594.7,602.9
2016-03-04,598.79,604.925,593.85,599.245
2016-03-03,603.57,612.225,597.78,605.595
2016-03-02,603.35,613.41,602.79,611.01
2016-03-01,602.75,612.85,602.36,610.9
2016-02-29,599.94,608.015,599.83,606.345
2016-02-26,595.13,608.485,592.65,607.075
2016-02-25,595.4,604.35,593.52,602.74
2016-02-24,594.85,605.06,593.79,601.9
2016-02-23,594.34,600.35,593.37,598.69
2016-02-22,592.83,602.85,592.35,601.08
2016-02-19,590.06,599.82,588.4,595.57
2016-02-18,588.26,599.245,588.18,597.535
2016-02-17,586.89,597.12,586.63,595.31
2016-02-16,587.93,596.425,585.94,594.885
2016-02-15,586.67,591.41,586.62,589.93
2016-02-12,579.31,591.61,578.7,589.88
2016-02-11,580.8,583.83,576.56,581.26
2016-02-10,580.75,589.67,579.83,582.8
2016-02-09,585.68,589.56,578.45,582.65
2016-02-08,588.36,593.65,584.74,587.94
2016-02-05,585.21,597.295,584.42,595.755
2016-02-04,591.75,598.47,583.7,591.86
2016-02-03,600.64,607.955,592.07,599.375
2016-02-02,601.46,604.13,599.49,602.58
2016-02-01,604.68,612.04,601.02,608.55
2016-01-29,602.51,613.525,600.31,612.025
2016-01-28,602.96,609.895,598.56,605.445
2016-01-27,603.51,611.18,601.08,609.63
2016-01-26,603.79,613.02,603.68,610.85
2016-01-25,605.74,613.645,604.74,611.855
2016-01-22,605.46,614.005,605.18,613.455
2016-01-21,602.02,615.215,600.68,611.965
2016-01-20,599.27,608.875,597.63,608.165
2016-01-19,602.07,611.095,599.94,607.615
2016-01-18,602.9,605.51,601.19,604.13
2016-01-15,603.68,606.29,597.08,602.91
2016-01-14,603.07,607.29,599.38,605.57
2016-01-13,604.07,609.03,602.08,604.9
2016-01-12,603.9,608.08,601.69,605.9
2016-01-11,600.69,606.51,600.36,605.9
2016-01-08,602.79,612.18,600.75,608.14
2016-01-07,608.38,615.39,603.07,610.12
2016-01-06,611.05,618.29,607.26,614.88
2016-01-05,606.86,619.225,606.24,616.785
2016-01-04,601.13,615.215,600.36,613.765
2016-01-01,603.4,609.9,603.4,609.9
2015-12-31,599.81,610.79,599.65,609.9
2015-12-30,600.64,603.63,599.27,601.87
2015-12-29,597.52,608.3,596.7,606.97
2015-12-28,598.12,604.95,596.6,603.97
2015-12-25,599.1,605.6,599.1,605.6
2015-12-24,599.43,606.48,598.06,605.6
2015-12-23,600.09,609.73,599.76,609.29
2015-12-22,601.02,607.63,597.08,604.35
2015-12-21,602.9,611.07,599.54,606.37
2015-12-18,605.35,613.92,603.79,610.91
2015-12-17,600.8,609.26,600.75,608.47
2015-12-16,599.98,604.18,595.89,603.08
2015-12-15,596.7,603.46,593.04,601.92
2015-12-14,598.45,601.21,593.57,598.49
2015-12-11,599.21,601.76,594.65,598.16
2015-12-10,596.49,606.75,596.32,605.77
2015-12-09,602.02,604.96,596.65,598.81
2015-12-08,605.01,607.74,601.57,604.02
2015-12-07,605.85,609.54,603.9,607.01
2015-12-04,602.79,610.23,598.94,609.29
2015-12-03,619.41,628.73,599.38,607.74
2015-12-02,617.6,627.61,616.85,626.97
2015-12-01,620.7,627.49,616.62,624.16
2015-11-30,620.11,627.79,619.53,627.14
2015-11-27,618.13,625.27,618.01,625.04
2015-11-26,617.26,625.09,616.79,624.57
2015-11-25,616.15,627.2,615.17,623.81
2015-11-24,616.5,623.7,614.48,622.65
2015-11-23,616.91,625.44,615.4,623.06
2015-11-20,610.93,622.83,610.36,622.65
2015-11-19,615.17,617.58,609.4,612.93
2015-11-18,616.04,619.6,613.45,617.23
2015-11-17,613.79,619.02,613.27,618.21
2015-11-16,610.93,620.98,610.36,620.17
2015-11-13,606.36,614.24,606.3,614.07
2015-11-12,610.36,615.39,605.69,608.53
2015-11-11,611.79,614.59,609.85,612.42
2015-11-10,609.57,619.42,609.57,618.5
2015-11-09,608.9,615.07,607.78,613.33
2015-11-06,602.41,614.53,601.83,612.36
2015-11-05,603.51,611.91,601.66,609.07
2015-11-04,598.06,606.79,597.85,605.51
2015-11-03,595.3,601.76,594.59,600.06
2015-11-02,594.27,598.16,593.41,597.35
2015-10-30,598,603.24,597.82,603.06
2015-10-29,600.36,608.16,597.08,605.14
2015-10-28,593.47,602.86,591.17,602.36
2015-10-27,592.93,596.65,592.07,595.63
2015-10-26,593.57,598.05,592.61,594.93
2015-10-23,590.42,598.6,588.72,597.13
2015-10-22,578.34,592.79,577.83,592.37
2015-10-21,577.48,580.7,577.17,580.34
2015-10-20,578.9,583.965,576.01,583.085
2015-10-19,578.09,586.58,576.97,585.35
2015-10-16,577.43,585.05,575.75,584.28
2015-10-15,571.69,583.78,570.79,583.11
2015-10-14,576.31,583.11,570.84,578.29
2015-10-13,575.2,583.52,574.9,582.76
2015-10-12,576.46,579.53,575.45,578.56
2015-10-09,581.57,584.14,576.01,579.48
2015-10-08,583.7,585.9,579.16,583.52
2015-10-07,581.73,587,581.26,585.59
2015-10-06,585.99,589.09,581.42,583.78
2015-10-05,583.59,589.04,580.96,588.15
2015-10-02,585.73,590.2,579.57,587.15
2015-10-01,586.83,590.99,585.15,587.83
2015-09-30,584.01,589.88,583.75,588.67
2015-09-29,582.61,591.28,581.97,587.26
2015-09-28,587.14,592.71,583.38,588.36
2015-09-25,589.52,594.07,585.36,590.18
2015-09-24,585.47,590.91,580.65,586.64
2015-09-23,589.2,595.15,586.15,592.22
2015-09-22,586.99,593.93,585.26,593.54
2015-09-21,579.88,591.24,578.9,589.97
2015-09-18,575.25,582.45,574.8,582.18
2015-09-17,580.6,585.22,578.5,584.58
2015-09-16,582.81,588.46,579.47,583.9
2015-09-15,579.88,585.795,578.96,584.805
2015-09-14,578.04,583.21,577.83,581.88
2015-09-11,581.05,586.015,577.78,581.435
2015-09-10,586.72,589.14,580.7,583.11
2015-09-09,587.56,591.2,585.21,589.2
2015-09-08,586.72,590.63,585.73,589.21
2015-09-07,588.04,591.78,586.78,590.46
2015-09-04,588.88,594.17,587.62,593
2015-09-03,584.37,594.59,583.38,593.58
2015-09-02,582.35,586.42,580.75,585.7
2015-09-01,582.66,585.9,581.42,583.93
2015-08-31,584.32,588.62,583.33,586.53
2015-08-28,583.79,589.88,581.01,587.52
2015-08-27,578.8,587.41,578.39,585.85
2015-08-26,572.49,579.73,571.89,578.21
2015-08-25,567.63,577.67,567.24,576.29
2015-08-24,570.84,573.705,560.26,569.195
2015-08-21,582.5,586.16,576.56,580.3
2015-08-20,588.99,591.24,584.53,587.65
2015-08-19,593.52,597.25,592.5,595.09
2015-08-18,592.71,597.42,591.22,597.13
2015-08-17,591.65,596.12,589.57,594.99
2015-08-14,587.72,593.01,586.2,592.26
2015-08-13,589.78,594.395,588.2,591.415
2015-08-12,592.02,595.11,584.94,590.54
2015-08-11,596.11,600.22,591.65,597.14
2015-08-10,597.52,603.58,594.43,597.81
2015-08-07,600.86,606.33,597.41,601.37
2015-08-06,601.3,607.07,600.42,604.42
2015-08-05,602.12,604.42,602.12,604.42
2015-08-04,598.01,603.21,596.87,602.66
2015-08-03,596.98,601.525,596.92,600.585
2015-07-31,599.7,604.58,590.31,597.89
2015-07-30,598.5,604.13,597.14,603.35
2015-07-29,592.88,597.57,592.34,596.16
2015-07-28,592.98,596.85,592.23,595.49
2015-07-27,596.43,601.73,589.41,594.15
2015-07-24,596.69,602.98,596.65,600.4
2015-07-23,601.77,602.78,595.24,597.44
2015-07-22,599.95,603.95,598.77,602.43
2015-07-21,605.4,606.335,598.12,599.785
2015-07-20,605.68,606.22,603.35,604.73
2015-07-17,602.95,605.025,601.35,604.905
2015-07-16,598.93,604.74,598.93,602.94
2015-07-15,596.31,601.82,594.38,601.21
2015-07-14,596.05,598.13,594.55,596.51
2015-07-13,588.64,598.99,588.64,598.66
2015-07-10,591.9,594.73,584.94,588.12
2015-07-09,592.31,599.095,591.84,598.915
2015-07-08,595.4,596.165,591.27,593.035
2015-07-07,594.04,603.765,594.04,601.615
2015-07-06,591.25,598.625,591.25,596.975
2015-07-03,591.75,594.41,589.94,593.56
2015-07-02,592.88,596.46,590.37,594.2
2015-07-01,588.67,593.33,588.25,593.02
2015-06-30,583.7,592.12,583.28,591.17
2015-06-29,586.66,595.48,582.14,586.09
2015-06-26,585.41,592.345,584.58,590.805
2015-06-25,584.6,590.54,584.6,587.81
2015-06-24,587.37,590.69,584.63,588.74
2015-06-23,576.73,589.41,576.73,587.19
2015-06-22,577.68,581.27,574.95,577.54
2015-06-19,576.27,581.79,576.27,579.2
2015-06-18,581.92,582.98,573.59,577.63
2015-06-17,584.52,584.63,580.85,582.01
2015-06-16,583.41,585.51,580.18,584.61
2015-06-15,584.01,586.4,581.16,583.97
2015-06-12,584.37,588.35,580.71,582
2015-06-11,580.02,586.73,580.02,584.57
2015-06-10,582.3,583.34,577.94,580.34
2015-06-09,581.42,585.93,579.93,583.17
2015-06-08,589.04,592.1,582.09,584.19
2015-06-05,581.83,595.52,581.78,592.21
2015-06-04,577.78,585.54,577.07,581.88
2015-06-03,588.14,590.78,581.21,585.12
2015-06-02,598.77,601.21,586.2,588.83
2015-06-01,601.57,604.51,597.41,601.98
2015-05-29,598.56,600.72,596,599.19
2015-05-28,599.81,605.18,599.05,601.43
2015-05-27,602.57,608.13,601.3,604.85
2015-05-26,602.07,605.4,599.65,604.46
2015-05-25,596.6,600.95,596.43,599.97
2015-05-22,587.99,598.16,585.26,597.51
2015-05-21,589.2,592.63,586.62,591.47
2015-05-20,591.59,594.23,588.51,593.17
2015-05-19,586.09,591.73,584.79,590.94
2015-05-18,575.55,582.44,574.09,582.13
2015-05-15,574.85,581.71,571.89,575.34
2015-05-14,575,580.69,573.09,577.2
2015-05-13,583.44,587.86,576.36,578.86
2015-05-12,585.83,588.33,581.57,585.62
2015-05-11,584.94,586.94,584.94,586.94
2015-05-08,582.19,588.57,581.32,586.94
2015-05-07,577.48,585.59,575.75,584.09
2015-05-06,586.62,589.12,586.62,589.12
2015-05-05,590,593.4,585.21,589.12
2015-05-04,587.51,592.18,586.2,591.07
2015-05-01,584.01,587.65,583.54,587.08
2015-04-30,588.09,592.44,583.12,588.18
2015-04-29,596.16,599.42,586.83,589.96
2015-04-28,602.51,606.18,596.87,599.97
2015-04-27,603.79,608.63,601.35,604.41
2015-04-24,605.69,609.42,602.9,605.96
2015-04-23,613.27,615.83,606.13,609.92
2015-04-22,609.68,615.03,607.26,614.06
2015-04-21,611.05,613.83,610.31,613.26
2015-04-20,608.21,614.63,607.59,611.9
2015-04-17,611,611.085,606.86,606.945
2015-04-16,616.27,619.81,609.85,613.94
2015-04-15,618.13,622.85,614.48,621.09
2015-04-14,621.58,622.5,612.64,615.43
2015-04-13,618.83,623.505,618.54,620.435
2015-04-10,614.31,617.81,614.31,617.81
2015-04-09,608.38,618.27,607.93,617.81
2015-04-08,606.53,612.67,602.4,611.71
2015-04-07,604.51,610.59,602.57,609.97
2015-04-06,596.92,600.42,596.92,600.42
2015-04-03,602.79,607.07,595.73,600.42
2015-04-02,604.18,607.96,601.69,606.9
2015-04-01,608.72,613.9,607.42,610.38
2015-03-31,606.41,609.91,606.41,609.91
2015-03-30,605.35,610.03,603.85,609.91
2015-03-27,602.02,607.73,599.27,604.85
2015-03-26,596,604.91,595.13,604.52
2015-03-25,600.36,605.19,595.51,601.35
2015-03-24,596.98,604.24,594.76,602.2
2015-03-23,604.12,606.12,604.12,606.12
2015-03-20,613.85,616.13,603.68,606.12
2015-03-19,615.92,617.72,610.99,616.56
2015-03-18,618.07,621.41,614.77,616.94
2015-03-17,619.29,623.85,615.86,622.68
2015-03-16,622.59,626.8,617.84,622.27
2015-03-13,617.78,629,617.37,627.57
2015-03-12,618.77,622.68,618.59,622.09
2015-03-11,619.06,624.44,617.2,623.79
2015-03-10,610,615.5,610,615.5
2015-03-09,601,608.5,601,608.5
2015-03-06,598.06,601.95,597.03,600.97
2015-03-05,593.14,599.45,590.26,599.28
2015-03-04,587.2,596.38,587.2,596
2015-03-03,586.36,591.49,585.1,588.65
2015-03-02,586.62,588.83,583.49,588.51
2015-02-27,584.84,588.83,583.33,587.62
2015-02-26,578.04,585.885,576.36,585.885
2015-02-25,577.02,582.1,576.26,580.77
2015-02-24,579.21,584.46,577.43,583.58
2015-02-23,577.48,582.75,577.17,580.45
2015-02-20,578.9,584.87,576.72,580.77
2015-02-19,575.4,581.08,575.05,579.25
2015-02-18,576.11,580.7,574.7,580.45
2015-02-17,577.73,581.38,572.89,579.2
2015-02-16,574.49,579.12,574.24,578.46
2015-02-13,575.15,576.41,573.49,575.35
2015-02-12,578.6,583.74,574.19,578.7
2015-02-11,579.36,584.97,578.04,582.15
2015-02-10,579.06,585.33,578.6,582.86
2015-02-09,578.09,585.49,577.63,582.66
2015-02-06,579,581.5,572,574.5
2015-02-05,578.04,582.24,577.83,581
2015-02-04,571.24,583.07,571.14,581.64
2015-02-03,578.29,583.22,568.67,574.79
2015-02-02,579.36,583.74,577.27,581.79
2015-01-30,578.24,583.37,577.22,582.96
2015-01-29,580.9,583.21,579.52,582.59
2015-01-28,577.99,582.33,576.26,580.39
2015-01-27,581.99,584.6,574.14,578.86
2015-01-26,584.01,586.52,580.65,583.1
2015-01-23,574.24,576.49,574.24,576.49
2015-01-22,564.85,577.4,563.34,576.49
2015-01-21,567.83,570.57,561.85,567.15
2015-01-20,565.72,570.32,564.7,569.83
2015-01-19,567,569.39,563.54,566.66
2015-01-16,563.54,574.44,563.34,571.71
2015-01-15,556.79,566.925,556.75,565.065
2015-01-14,556.23,559.23,553.69,556.91
2015-01-13,554.06,560.18,553.97,559.28
2015-01-12,555.24,556.535,553.74,554.135
2015-01-09,555.28,557.475,553.78,553.945
2015-01-08,555.9,560.02,555.24,557.57
2015-01-07,549.56,551.56,549.56,551.56
2015-01-06,549.56,553.92,548.73,551.56
2015-01-05,549.38,553.73,549.15,552.35
2015-01-02,545.27,548.43,545.09,547.61
2015-01-01,538.82,541.07,538.82,541.07
2014-12-31,538.82,541.07,538.82,541.07
2014-12-30,538.73,542.22,538.15,541.07
2014-12-29,538.33,540.85,536.83,540.67
2014-12-26,537.36,541.29,537.36,541.2
2014-12-25,537.32,539.57,537.32,539.57
2014-12-24,538.07,540.54,536.7,539.57
2014-12-23,535.96,541.42,535.56,540.71
2014-12-22,535.08,537.64,534.43,537.51
2014-12-19,533.52,538.86,533.13,538.43
2014-12-18,528.49,530.74,528.49,530.74
2014-12-17,526.24,531.76,525.69,530.74
2014-12-16,526.49,528.74,521.84,527.48
2014-12-15,527.38,530.32,525.69,529.25
2014-12-12,528.06,530.44,525.35,527.94
2014-12-11,526.87,532.15,526.07,531.55
2014-12-10,529.72,532.66,527.42,530.06
2014-12-09,530.71,533.43,526.92,530.52
2014-12-08,534.95,535.58,532.22,532.28
2014-12-05,530.49,533.885,529.81,533.755
2014-12-04,532.61,535.78,526.58,529.89
2014-12-03,530.19,533.19,530.11,533.06
2014-12-02,526.53,529.895,526.49,529.895
2014-12-01,527.3,529.97,524.47,527.56
2014-11-28,526.83,529.93,525.14,529.55
2014-11-27,524.05,528.4,524.01,527.9
2014-11-26,525.56,529.33,523.47,526.64
2014-11-25,528.1,528.89,525.31,525.84
2014-11-24,529.08,530.15,527.04,527.38
2014-11-21,522.88,530.085,522.51,529.315
2014-11-20,523.09,524.51,521.64,522.76
2014-11-19,523.13,524.155,521.72,522.905
2014-11-18,526.83,529.33,522.88,525.51
2014-11-17,523.72,529.29,523.63,529.08
2014-11-14,525.69,531.25,522.92,526.01
2014-11-13,526.41,529,524.98,527.94
2014-11-12,525.73,529.72,524.98,529.59
2014-11-11,528.1,531.42,524.77,528.03
2014-11-10,525.94,530.4,524.35,530.31
2014-11-07,529.98,532.58,527.17,529.3
2014-11-06,525.31,532.66,523.34,532.23
2014-11-05,522.8,528.78,522.05,527.52
2014-11-04,525.48,527.77,521.51,525.05
2014-11-03,524.81,528.19,524.3,527.77
2014-10-31,520.02,527.14,519.78,525.43
2014-10-30,519.2,524.92,518.87,522.27
2014-10-29,515.08,521.53,513.63,521.53
2014-10-28,516.46,519.32,513.79,517.29
2014-10-27,516.46,520.1,515.53,518.75
2014-10-24,518.58,521.12,516.62,519.68
2014-10-23,518.3,521.53,517.4,520.92
2014-10-22,515.77,521.29,515.49,520.83
2014-10-21,512.35,518.14,510.87,518.02
2014-10-20,513.91,516.61,511.75,514.64
2014-10-17,511.99,516.89,510.95,516
2014-10-16,510.91,518.39,510.83,514.2
2014-10-15,518.67,521.2,509.2,513.16
2014-10-14,514.31,521.08,513.67,520.18
2014-10-13,517.56,520.14,513.99,516.61
2014-10-10,517.56,522.6,517.52,521.57
2014-10-09,513.91,519.85,512.83,519.03
2014-10-08,518.3,520.87,514.48,516.92
2014-10-07,519.98,523.22,518.09,520.79
2014-10-06,523.22,525.8,520.77,523.76
2014-10-03,518.75,526.68,518.38,526.18
2014-10-02,519.41,521.82,516.87,519.32
2014-10-01,520.89,523.18,518.87,521.98
2014-09-30,517.97,523.72,517.89,521.24
2014-09-29,516.95,519.89,515.85,518.75
2014-09-26,514.44,519.28,514.19,518.95
2014-09-25,512.95,515.2,512.95,515.2
2014-09-24,510.67,515.68,509.84,515.2
2014-09-23,510.55,512.8,508.41,512.48
2014-09-22,510.91,513.16,510.91,513.16
2014-09-19,508.93,513.44,508.34,513.16
2014-09-18,509.2,512.37,507.51,510.15
2014-09-17,506.37,509.13,505.28,508.47
2014-09-16,507.39,509.64,505.67,507.92
2014-09-15,506.34,510.27,506.22,508.74
2014-09-12,507.39,510.31,505.98,508.55
2014-09-11,507.82,510.43,506.37,509.09
2014-09-10,507.04,510.82,506.02,510.27
2014-09-09,509.01,512.29,507.51,510.51
2014-09-08,506.8,511.01,506.18,510.26
2014-09-05,506.69,509.41,505.28,508.47
2014-09-04,498.75,509.59,498.6,508.96
2014-09-03,499.43,501.95,498.41,501
2014-09-02,499.62,502.31,499.36,501.62
2014-09-01,499.51,501.91,498.9,501.87
2014-08-29,497.54,501.72,496.97,501.68
2014-08-28,497.09,500.62,496.22,499.83
2014-08-27,498.07,500.43,496.52,499.41
2014-08-26,497.2,500.51,496.52,500.39
2014-08-25,496.9,499.53,496.49,499.38
2014-08-22,493.87,498.36,493.39,497.61
2014-08-21,494.61,497.05,493.53,496.08
2014-08-20,492.42,497.05,492.28,496.83
2014-08-19,490.84,494.93,490.69,494.67
2014-08-18,490.11,493.46,489.63,493.09
2014-08-15,490.73,492.95,489.01,491.92
2014-08-14,490.69,493.24,489.19,492.94
2014-08-13,491.17,493.79,488.94,493.02
2014-08-12,490.58,493.83,490.51,492.69
2014-08-11,489.74,492.22,489.56,492.03
2014-08-08,490.77,493.31,488.35,491.33
2014-08-07,490.11,493.94,489.7,493.13
2014-08-06,490.36,494.16,490.03,492.32
2014-08-05,488.72,493.2,488.61,492.61
2014-08-04,488.46,491.41,488.35,490.93
2014-08-01,489.89,492.36,487.95,490.53
2014-07-31,489.63,492.61,489.45,492.1
2014-07-30,489.12,492.94,488.86,491.88
2014-07-29,488.06,491.59,487.92,491.37
2014-07-28,488.03,490.6,487.88,490.31
2014-07-25,487.85,490.61,487.45,490.57
2014-07-24,486.94,489.34,486.36,489.08
2014-07-23,486.94,489.41,486.76,489.19
2014-07-22,485,489.34,484.85,489.01
2014-07-21,485.1,487.39,484.75,487.03
2014-07-18,484.89,488.15,484.53,486.78
2014-07-17,484.89,487.25,484.39,486.92
2014-07-16,483.35,487.1,483.21,486.92
2014-07-15,481.61,485.64,481.33,485.39
2014-07-14,481.44,483.97,481.15,483.61
2014-07-11,481.97,484.53,481.4,484.25
2014-07-10,481.01,484.64,480.91,484.32
2014-07-09,481.75,484.21,480.73,483.37
2014-07-08,482.36,484.68,481.61,483.9
2014-07-07,483,485,481.9,484.07
2014-07-04,481.9,484.82,481.86,484.46
2014-07-03,480.38,484.39,479.99,483.93
2014-07-02,479.68,482.77,479.57,482.45
2014-07-01,479.05,481.57,478.84,481.47
2014-06-30,480.45,482.66,478.84,481.05
2014-06-27,481.37,483.93,480.84,483.26
2014-06-26,481.65,485.1,481.4,483.72
2014-06-25,481.75,484.29,480.45,482.98
2014-06-24,481.54,484.89,481.33,484.46
2014-06-23,482.43,485.14,482.18,484.53
2014-06-20,481.68,485.57,481.65,484.68
2014-06-19,481.79,484.18,480.77,484.07
2014-06-18,484.24,486.28,482.85,485.39
2014-06-17,483.25,486.57,483.07,486.42
2014-06-16,484.21,487.35,483,485.21
2014-06-13,483.92,486.92,483,486.78
2014-06-12,485.07,487.18,483.25,485.96
2014-06-11,484.46,487,483.78,486.75
2014-06-10,482.5,486.64,482.39,486.46
2014-06-09,481.79,484.92,481.65,484.53
2014-06-06,480.1,483.54,479.57,482.77
2014-06-05,482.32,487.71,479.89,482.17
2014-06-04,481.22,484.39,480.98,484.29
2014-06-03,482.36,484.78,480.59,483.33
2014-06-02,482.43,484.71,481.26,484.39
2014-05-30,481.79,484.14,480.48,482.94
2014-05-29,482.57,484.68,481.4,484.18
2014-05-28,481.01,484.68,480.94,484.53
2014-05-27,480.66,483.83,480.17,483.08
2014-05-26,481.3,483.79,480.34,482.66
2014-05-23,481.54,483.72,480.8,483.3
2014-05-22,480.13,482.7,479.19,482.55
2014-05-21,478.17,482.98,478.17,481.99
2014-05-20,478.45,481.5,478.28,480.98
2014-05-19,478.03,480.56,477.58,480.42
2014-05-16,478.38,481.26,477.82,480.84
2014-05-15,478.24,482.52,477.68,480.38
2014-05-14,478.59,480.73,477.68,480.24
2014-05-13,476.71,481.13,476.23,480.61
2014-05-12,476.75,479.06,476.12,478.75
2014-05-09,473.89,479.16,473.75,478.68
2014-05-08,471.54,476.16,468.81,475.85
2014-05-07,470.9,473.54,470.56,473.47
2014-05-06,472.69,474.9,470.12,473
2014-05-05,472.83,474.9,472.32,474.69
2014-05-02,472.93,476.88,472.52,474.76
2014-05-01,473.03,475.14,472.52,474.93
2014-04-30,474.85,477.68,472.66,474.97
2014-04-29,473.55,477.12,472.73,476.88
2014-04-28,473,475.96,472.59,475.55
2014-04-25,474.06,476.27,473.62,475.99
2014-04-24,474.4,477.57,473.89,476.37
2014-04-23,474.99,477.26,473.44,476.82
2014-04-22,475.06,477.64,474.4,477.33
2014-04-21,474.82,476.82,474.82,476.82
2014-04-18,474.85,476.95,474.47,476.82
2014-04-17,474.78,476.95,473.03,476.78
2014-04-16,474.82,477.58,473.55,476.71
2014-04-15,474.61,477.47,474.2,476.78
2014-04-14,474.37,476.99,474.2,476.57
2014-04-11,472.29,475.1,471.84,474.42
2014-04-10,473.34,476.03,471.91,474.32
2014-04-09,475.43,477.99,473.21,475.38
2014-04-08,477.34,479.34,474.92,477.37
2014-04-07,478.24,480.35,477.09,479.34
2014-04-04,478.73,481.61,477.75,480.66
2014-04-03,476.47,480.8,475.5,480.45
2014-04-02,474.78,478.92,474.78,478.68
2014-04-01,475.68,477.81,475.26,477.5
2014-03-31,477.06,479.41,475.09,478.12
2014-03-28,477.3,480.52,476.26,478.96
2014-03-27,475.85,479.75,475.4,479.3
2014-03-26,474.37,478.06,474.3,477.92
2014-03-25,473.96,478.92,473.65,476.4
2014-03-24,475.19,478.64,472.73,475.96
2014-03-21,475.81,478.09,474.88,477.57
2014-03-20,474.4,478.99,474.27,477.95
2014-03-19,470.69,473.88,470.66,473.37
2014-03-18,471.3,474.42,470.69,472.69
2014-03-17,472.32,474.39,470.35,472.96
2014-03-14,472.8,475.14,470.76,473.44
2014-03-13,471.78,473.95,469.65,473.61
2014-03-12,473.24,475.79,471.4,473.78
2014-03-11,472.66,476.13,472.52,475.21
2014-03-10,472.46,475.17,472.22,474.69
2014-03-07,476.96,478.96,476.96,478.96
2014-03-06,477.89,480,476.51,478.96
2014-03-05,477.82,481.92,477.16,479.65
2014-03-04,476.82,479.665,476.64,479.355
2014-03-03,476.16,478.865,475.78,478.485
2014-02-28,478.42,480.98,474.54,476.82
2014-02-27,479.22,482.77,477.89,480.38
2014-02-26,477.16,482.13,476.75,481.19
2014-02-25,477.55,480.17,476.51,479.2
2014-02-24,476.99,480.49,476.4,479.55
2014-02-21,478.14,480.63,476.82,479.82
2014-02-20,478.87,481.155,478,480.065
2014-02-19,476.68,479.38,476.23,478.84
2014-02-18,478.45,480.91,476.4,478.71
2014-02-17,478.56,482.45,478.42,480.52
2014-02-14,479.4,481.68,478.24,480.94
2014-02-13,482.43,484.82,478.98,481.47
2014-02-12,480.91,485.64,480.41,484.46
2014-02-11,480.63,483.22,479.43,482.98
2014-02-10,481.19,483.97,480.41,482.66
2014-02-07,482.61,485.85,480.84,482.87
2014-02-06,484.67,488.15,481.79,484.57
2014-02-05,485.21,487.875,483.99,486.655
2014-02-04,484.92,488,484.75,487.18
2014-02-03,486.4,488.54,484.6,486.96
2014-01-31,484.14,488.58,483.96,488.29
2014-01-30,481.65,485.6,481.44,485.6
2014-01-29,479.57,484.18,479.29,482.13
2014-01-28,479.61,481.61,479.61,481.61
2014-01-27,479.47,482.38,478.24,481.61
2014-01-24,478.91,482.03,477.41,481.64
2014-01-23,484.17,486.75,478.8,480.87
2014-01-22,483.67,486.6,482.85,486.14
2014-01-21,483.96,487.28,483.42,485.67
2014-01-20,483.89,486.24,483.35,485.99
2014-01-17,481.51,487.21,481.51,486.89
2014-01-16,482.04,484.85,480.59,483.58
2014-01-15,479.47,484.92,479.43,484.04
2014-01-14,479.75,483.36,479.15,481.47
2014-01-13,480.2,482.94,479.57,481.75
2014-01-10,481.86,484.64,481.83,484.32
2014-01-09,482.07,486.07,481.15,484.78
2014-01-08,480.27,480.305,480.27,480.305
2014-01-07,481.22,483.22,480.34,482.23
2014-01-06,482.11,483.96,480.41,482.76
2014-01-03,480.31,483.82,480.27,483.61
2014-01-02,477.72,483.045,477.3,481.775
2014-01-01,476.23,477.73,476.23,477.73
2013-12-31,476.16,478.18,475.95,477.73
2013-12-30,476.96,478.98,474.64,476.25
2013-12-27,479.05,480.69,475.33,478.91
2013-12-26,479.08,480.97,478.77,480.48
2013-12-25,479.33,480.83,479.33,480.83
2013-12-24,479.22,481.25,479.15,480.83
2013-12-23,479.29,481.18,478.24,479.99
2013-12-20,481.01,482.62,478.49,480.93
2013-12-19,479.71,481.91,479.64,481.46
2013-12-18,476.4,479.12,476.02,478.04
2013-12-17,476.23,479.36,476.02,477.9
2013-12-16,476.92,478.84,475.37,478.14
2013-12-13,476.54,479.88,476.33,479.22
2013-12-12,475.71,478.66,475.64,478.49
2013-12-11,476.64,478.63,475.26,476.9
2013-12-10,477.15,478.84,475.54,478.11
2013-12-09,479.05,480.55,479.05,480.55
2013-12-06,480.2,482.69,478.8,480.55
2013-12-05,482.64,485.71,479.68,481.35
2013-12-04,483.42,486.32,482.29,485.17
2013-12-03,483.89,485.46,481.83,483.43
2013-12-02,482.04,486.42,482,485.49
2013-11-29,481.9,483.82,481.65,483.54
2013-11-28,482.07,484.21,481.75,483.75
2013-11-27,482.46,485.17,481.97,485.07
2013-11-26,484.14,486.53,483.46,485.35
2013-11-25,484.57,487.68,484.35,487.11
2013-11-22,486.18,487.68,483.99,485.82
2013-11-21,488.03,490.25,486.65,488.48
2013-11-20,484.75,490.36,484.21,489.56
2013-11-19,485.05,487.75,484.49,486.28
2013-11-18,485.4,486.4,485.4,486.4
2013-11-15,485.71,485.725,485.71,485.725
2013-11-14,485.71,485.725,485.71,485.725
2013-11-13,485.4,486.4,485.4,486.4
2013-11-12,485.4,486.4,485.4,486.4
2013-11-11,485.4,486.4,485.4,486.4
2013-11-08,485.4,486.4,485.4,486.4
2013-11-07,485.4,486.4,485.4,486.4
2013-11-06,485.4,486.4,485.4,486.4
2013-11-05,486.36,487.86,486.36,487.86
2013-11-04,486.36,487.86,486.36,487.86
2013-11-01,482.82,488.08,482.64,487.86
2013-10-31,477.51,484.67,477.41,484.39
2013-10-30,477.3,480.23,476.02,479.01
2013-10-29,475.81,478.94,474.82,478.7
2013-10-28,474.95,477.59,474.82,477.35
2013-10-25,475.33,476.83,475.33,476.83
2013-10-24,476.12,477.94,474.44,476.73
2013-10-23,475.88,478.8,475.54,477.62
2013-10-22,479.43,481.49,475.54,477.45
2013-10-21,479.75,481.95,479.19,480.97
2013-10-18,479.85,481.67,478.66,480.69
2013-10-17,485.07,486.57,485.07,486.57
2013-10-16,484.82,488.19,483.49,486.17
2013-10-15,483.6,488.08,483.39,486.5
2013-10-14,483.57,485.74,482.43,485.21
2013-10-11,485.07,486.68,482.92,485.99
2013-10-10,485.07,487.47,484.24,486.6
2013-10-09,483.25,487.83,482.11,486.46
2013-10-08,482.92,485.17,482,484.75
2013-10-07,482.75,485.85,482.57,484.42
2013-10-04,481.26,482.76,481.26,482.76
2013-10-03,482.96,484.57,480.7,482.76
2013-10-02,484.78,487.03,482.14,484.53
2013-10-01,484.89,486.71,483.03,486.42
2013-09-30,486,487.65,483.89,486.42
2013-09-27,486.29,487.93,483.57,486.57
2013-09-26,484.92,488.33,484.82,487.75
2013-09-25,486.8,488.44,484.53,486.39
2013-09-24,486.11,488.62,485.21,488.3
2013-09-23,485.68,488.08,485,487.57
2013-09-20,484.64,487.36,484.1,486.39
2013-09-19,483.45,486.17,483.39,485.64
2013-09-18,491.13,493.26,490.14,491.83
2013-09-17,491.94,493.44,490.62,492.63
2013-09-16,491.35,493.55,490.07,493.33
2013-09-13,493.16,496.26,492.39,494.81
2013-09-12,492.72,495.82,492.28,494.7
2013-09-11,494.39,496.45,492.31,494.22
2013-09-10,494.84,497.24,494.06,495.82
2013-09-09,497.62,499.53,493.94,496.41
2013-09-06,499.89,502,497.39,499.12
2013-09-05,496.6,501.77,496.04,501.43
2013-09-04,498.03,499.95,496.22,498.1
2013-09-03,497.09,500.67,496.86,499.46
2013-09-02,496,499,495.89,498.63
2013-08-30,495.36,499.27,495.17,497.54
2013-08-29,491.72,497.69,491.57,496.82
2013-08-28,489.7,494.25,489.63,493.04
2013-08-27,490.44,493.51,489.59,491.02
2013-08-26,490.69,492.37,489.78,492.01
2013-08-23,491.1,493.11,489.16,491.64
2013-08-22,491.17,494.25,490.51,492.45
2013-08-21,488.83,493.11,488.64,492.41
2013-08-20,490.84,492.3,487.56,490.18
2013-08-19,496.45,497.8,496.45,497.8
2013-08-16,496.45,497.8,496.45,497.8
2013-08-15,496.45,497.8,496.45,497.8
2013-08-14,496.45,497.8,496.45,497.8
2013-08-13,496.45,497.8,496.45,497.8
2013-08-12,496.45,497.8,496.45,497.8
2013-08-09,496.45,497.8,496.45,497.8
2013-08-08,496.45,497.8,496.45,497.8
2013-08-07,496.45,497.8,496.45,497.8
2013-08-06,496.45,497.8,496.45,497.8
2013-08-05,496.45,497.8,496.45,497.8
2013-08-02,496.45,497.8,496.45,497.8
2013-08-01,493.02,498.36,492.72,497.99
2013-07-31,494.54,497.69,491.5,494.4
2013-07-30,494.5,496.97,493.16,495.93
2013-07-29,494.5,496.75,493.31,495.93
2013-07-26,493.94,496.7,493.27,495.73
2013-07-25,496.9,499.53,493.35,495.37
2013-07-24,496,499.15,494.76,498.21
2013-07-23,497.39,499.65,495.47,497.31
2013-07-22,498.71,500.78,496.22,498.78
2013-07-19,500.31,501.185,498.67,499.055
2013-07-18,499.7,503.31,499.59,501.66
2013-07-17,498.3,502.65,497.8,501.09
2013-07-16,502.15,503.81,497.88,499.68
2013-07-15,501.5,504.78,501.11,502.11
2013-07-12,500.85,504.655,500.62,501.955
2013-07-11,505.44,505.965,496.79,500.825
2013-07-10,513.19,515.26,505.13,506.67
2013-07-09,509.44,515.58,508.53,514.54
2013-07-08,511.79,513.18,509.13,510.99
2013-07-05,507.9,513.54,507.75,512.5
2013-07-04,504.19,509.15,503.58,507.96
2013-07-03,505.32,508.9,503.34,505.51
2013-07-02,502.11,506.02,501.53,505.44
2013-07-01,504,505.7,501.92,503.42
2013-06-28,503.11,504.945,500.54,504.215
2013-06-27,504.08,504.62,502.38,503.15
2013-06-26,501.42,505.185,501.15,504.135
2013-06-25,499.74,502.11,499.05,501.42
2013-06-24,496.21,497.21,496.21,497.21
2013-06-21,496.04,497.56,494.88,497.21
2013-06-20,496.15,499.72,495.4,497.46
2013-06-19,489.7,491.42,489.01,490.76
2013-06-18,490.62,493.55,488.94,491.05
2013-06-17,491.69,493.48,490.14,492.04
2013-06-14,490.33,494.7,490.33,492.78
2013-06-13,491.76,495.29,490.22,491.75
2013-06-12,492.61,495.78,490.95,493.15
2013-06-11,494.76,497.05,492.46,494
2013-06-10,496.56,499.08,494.35,496.11
2013-06-07,495.17,498.55,493.79,497.35
2013-06-06,500.92,502.54,492.98,496.49
2013-06-05,501.34,503.86,500.12,502.25
2013-06-04,501.57,502.995,500.62,501.495
2013-06-03,503.96,507.65,500.5,502.96
2013-05-31,502.57,508.08,502.19,505.82
2013-05-30,506.77,508.59,502.15,503.96
2013-05-29,510.15,510.97,505.44,506.9
2013-05-28,507.16,510.53,506.53,510.25
2013-05-27,507,509.21,506.49,508.47
2013-05-24,507.04,508.395,504.85,507.255
2013-05-23,510.08,512.9,506.3,508.43
2013-05-22,508.22,511.185,504.58,510.155
2013-05-21,509.13,512.14,507.12,509.53
2013-05-20,510.59,512.1,508.38,510.44
2013-05-17,509.16,513.94,508.81,512.26
2013-05-16,509.01,511.9,507.31,510.44
2013-05-15,507.63,510.75,506.88,509.01
2013-05-14,505.52,507.805,503.46,507.725
2013-05-13,506.1,506.825,504.62,505.575
2013-05-10,503.42,507.115,503,504.855
2013-05-09,498.71,502.13,497.77,502.09
2013-05-08,501.5,501.855,497.35,498.735
2013-05-07,501.57,501.96,500.04,501.57
2013-05-06,500.08,503.85,499.13,502.96
2013-05-03,502.03,504.62,498.52,501.36
2013-05-02,497.62,504.46,496.3,503.31
2013-05-01,498.14,500.12,495.28,499.33
2013-04-30,500.65,502.415,497.43,498.145
2013-04-29,503.3,504.73,500.16,502
2013-04-26,504.12,506.24,502.73,504.85
2013-04-25,503.92,506.32,500.88,505.39
2013-04-24,504.54,507.61,503.19,505.2
2013-04-23,501.96,505.61,501.34,504.56
2013-04-22,502.34,504.015,501.61,502.015
2013-04-19,502.5,502.77,499.66,502.57
2013-04-18,503.3,503.77,500.85,502.61
2013-04-17,497.69,505.85,496.94,504.65
2013-04-16,503.07,504.81,496.82,499.08
2013-04-15,499.36,504.62,499.36,504.5
2013-04-12,500.73,504.46,499.66,501.51
2013-04-11,501.8,504.23,499.21,501.97
2013-04-10,501.34,502.57,499.85,501.8
2013-04-09,504.16,505.66,501.34,502.69
2013-04-08,505.52,507.29,503.42,505.54
2013-04-05,507.75,509.76,503,506.09
2013-04-04,510.35,514.19,510.23,511.43
2013-04-03,511.55,514.18,509.88,511.82
2013-04-02,510.79,513.42,510.15,512.98
2013-04-01,511.63,512.98,511.63,512.98
2013-03-29,511.83,514.02,510.91,512.98
2013-03-28,513.23,515.58,510.95,513.14
2013-03-27,509.96,515.62,509.72,514.58
2013-03-26,510.08,512.34,508.89,511.35
2013-03-25,505.55,509.41,503.77,509.33
2013-03-22,508.49,508.97,504.19,504.97
2013-03-21,507.12,510.59,506.26,509.84
2013-03-20,509.13,511.5,505.32,508.55
2013-03-19,506.18,510.73,505.87,509.22
2013-03-18,504,509.02,504,507.57
2013-03-15,503.61,505.12,500.42,503.35
2013-03-14,506.06,509.37,505.28,507.76
2013-03-13,503.23,508.86,502.03,507.33
2013-03-12,502.76,506.13,501.65,504.62
2013-03-11,504.58,506.71,502.42,504.15
2013-03-08,500.39,507.61,499.36,505.97
2013-03-07,505.83,507.22,499.96,501.81
2013-03-06,502.5,507.26,502,507.18
2013-03-05,503.5,504.18,501.61,502.59
2013-03-04,504.27,505.22,503.38,503.56
2013-03-01,498,498.255,498,498.255
2013-02-28,499,500.5,499,500.5
2013-02-27,499.75,501.5,499,500.5
2013-02-26,496,497.5,496,497.5
2013-02-25,497.69,499.19,495.58,497.5
2013-02-22,497.31,500.445,495.47,499.035
2013-02-21,493.87,499.72,493.49,498.59
2013-02-20,489.92,495.55,488.35,495.18
2013-02-19,491.32,493.68,489.59,491.55
2013-02-18,490.94,493.7,490.29,492.63
2013-02-15,491,494.29,490.36,492.23
2013-02-14,487,493.05,487,492.93
2013-02-13,487.52,489.45,485.1,489.12
2013-02-12,489.26,492.08,486.72,488.83
2013-02-11,490.94,493.48,488.46,490.54
2013-02-08,489.63,492.56,488.43,492.12
2013-02-07,484.96,491.91,483.07,490.96
2013-02-06,482.82,487.42,482.42,486.42
2013-02-05,485.35,488.94,482.36,484.49
2013-02-04,480.73,487.275,480.17,486.985
2013-02-01,483.03,484.6,478.31,481.62
2013-01-31,483.42,485.74,482.46,484.27
2013-01-30,486.11,487.86,482.75,484.84
2013-01-29,487.48,490.32,485.89,487.46
2013-01-28,487.19,489.835,486.69,488.815
2013-01-25,488.5,490.4,486.61,488.69
2013-01-24,491.91,493.88,490.03,491.86
2013-01-23,492.31,494.26,491,492.5
2013-01-22,492.68,494.72,490.69,493.68
2013-01-21,492.65,494.55,492.28,494
2013-01-18,491.21,494.7,491.13,494.18
2013-01-17,493.53,495.59,491.13,492.56
2013-01-16,492.94,495.89,492.38,494.88
2013-01-15,490.14,495.35,489.67,494.31
2013-01-14,491.61,493.18,489.37,491.46
2013-01-11,494.2,496.795,490.73,493.445
2013-01-10,502.03,504.38,494.17,495.55
2013-01-09,501.34,504.46,500.85,503.42
2013-01-08,501.15,503.95,501.15,503.07
2013-01-07,500,500.255,500,500.255
2013-01-04,502.76,504.415,502.76,504.415
2013-01-03,496,497.63,496,497.63
2013-01-02,496.75,498.38,496,497.63
2013-01-01,497.01,498.665,497.01,498.665
2012-12-31,495.73,498.665,495.73,498.665
2012-12-28,496.22,498.245,495.58,497.875
2012-12-27,491,491.25,491,491.25
2012-12-26,495,496.5,495,496.5
2012-12-25,495,496.5,495,496.5
2012-12-24,495,496.5,495,496.5
2012-12-21,493,496.5,493,496.5
2012-12-20,493,494.5,493,494.5
2012-12-19,494,495.5,494,495.5
2012-12-18,497,498.5,496,497.5
2012-12-17,497,498.5,496,497.5
2012-12-14,501.38,503.27,499.32,500.67
2012-12-13,501.65,504.31,500.65,502.85
2012-12-12,504.35,506.03,500.88,502.98
2012-12-11,506.77,508.59,503.96,505.63
2012-12-10,508.3,510.55,506.57,508.12
2012-12-07,505.79,510.55,505.59,508.62
2012-12-06,501.96,507.82,501.19,507.16
2012-12-05,500.88,503.58,499.7,503.23
2012-12-04,502.46,504.11,500.35,502.27
2012-12-03,505.09,506.9,501.57,503.77
2012-11-30,505.36,507.1,503.65,505.74
2012-11-29,506.37,508.19,504.12,506.75
2012-11-28,506.77,509.8,506.3,507.76
2012-11-27,505.67,509.17,504.27,508.08
2012-11-26,506.14,507.935,505.28,507.035
2012-11-23,509.05,511.07,504.89,506.71
2012-11-22,511.23,512.74,508.41,510.36
2012-11-21,511.71,516.23,511.11,512.58
2012-11-20,513.19,514.54,511.35,513.1
2012-11-19,513.91,515.395,512.95,515.315
2012-11-16,513.19,518.14,512.99,516.35
2012-11-15,515,517.12,512.31,514.5
2012-11-14,516.3,517.81,513.39,516.39
2012-11-13,516.05,519.32,515.32,517.61
2012-11-12,515.93,517.89,514.84,517.45
2012-11-09,514.52,518.22,512.91,517.45
2012-11-08,513.59,517,513.19,515.91
2012-11-07,511.83,516.35,509.36,514.94
2012-11-06,512.47,515.18,511.27,513.14
2012-11-05,511.67,515.06,510.71,513.9
2012-11-02,506.77,512.94,506.41,512.22
2012-11-01,506.14,508.86,505.17,508.15
2012-10-31,506.1,508,503.69,507.41
2012-10-30,506.84,508.565,505.13,507.385
2012-10-29,507,508.5,507,508.5
2012-10-26,508.22,510.145,506.45,508.135
2012-10-25,505.59,507.37,503.61,506.32
2012-10-24,505.09,509.015,504.78,506.905
2012-10-23,502.23,507.76,501.57,506.4
2012-10-22,503.38,504.96,501.3,503.54
2012-10-19,501.96,505.375,501.5,504.795
2012-10-18,500.01,503.73,499.55,503.31
2012-10-17,500.58,502.31,499.17,501.32
2012-10-16,506.53,508.12,502.15,504.19
2012-10-15,506,508.66,505.32,507.84
2012-10-12,507.31,508.82,504.82,507.72
2012-10-11,509.4,512.14,506.37,508.7
2012-10-10,509,511.7,507.98,510.71
2012-10-09,505.75,509.8,504,509.5
2012-10-08,503.58,508.23,503,507.06
2012-10-05,503.96,506.13,501.73,504.58
2012-10-04,508.26,509.73,503.96,505.31
2012-10-03,508.02,510.28,506.96,509.57
2012-10-02,505,505.255,505,505.255
2012-10-01,506,506.255,506,506.255
2012-09-28,507.2,509.5,506,509.5
2012-09-27,509,511.58,508,509.5
2012-09-26,506,511.62,506,510.5
2012-09-25,507,508.5,504,506.5
2012-09-24,502,508.5,502,507.5
2012-09-21,503,505.5,501,504.5
2012-09-20,504,507.5,504,506.5
2012-09-19,501,502.5,501,502.5
2012-09-18,500,502.5,500,502.5
2012-09-17,500.63,501.63,500.63,501.63
2012-09-14,500,503.65,499.93,501.74
2012-09-13,508.38,510.44,507.2,510.08
2012-09-12,510.79,513.02,510.47,511.9
2012-09-11,512,514.34,510.47,511.82
2012-09-10,512.59,514.86,512,514.18
2012-09-07,519.24,520.76,511.67,513.1
2012-09-06,520.56,522.9,518.54,520.63
2012-09-05,521,524.69,520.48,521.91
2012-09-04,520.11,523.455,519.61,523.375
2012-09-03,522.05,523.565,520.19,522.065
2012-08-31,524.51,526.33,518.99,522.94
2012-08-30,522.72,526.645,522.01,525.845
2012-08-29,523.01,525.28,521.72,524.69
2012-08-28,524,526.03,524,525.78
2012-08-27,524.77,526.49,523.18,525.53
2012-08-24,522.01,526.7,521.8,525.53
2012-08-23,523.51,525.07,520.97,523.32
2012-08-22,525.82,528.94,523.13,524.82
2012-08-21,531.18,532.565,525.35,527.365
2012-08-20,531.27,534.845,530.24,532.725
2012-08-17,530.8,535.09,529.77,533.05
2012-08-16,533.65,536.5,530.15,532.12
2012-08-15,532.3,536.155,531.31,535.155
2012-08-14,531.87,533.955,529.55,533.655
2012-08-13,534.08,536.305,530.02,533.225
2012-08-10,533,537.18,532.52,535.08
2012-08-09,530.37,536.04,529.51,534.26
2012-08-08,528.91,533.44,528.87,531.76
2012-08-07,528.87,531.29,527.17,530.35
2012-08-06,529.51,532.79,527.25,530.26
2012-08-03,538.55,540.35,529.25,530.86
2012-08-02,536.39,541.945,528.87,539.855
2012-08-01,533.08,538.135,531.66,537.735
2012-07-31,534.91,536.83,531.96,534.35
2012-07-30,531.48,537.91,531.44,536.29
2012-07-27,533.99,537.2,529.38,533.81
2012-07-26,539.44,542.69,532.09,535.33
2012-07-25,543.91,545.49,539.04,540.79
2012-07-24,541.31,545.94,540,545.22
2012-07-23,541,544.835,540.06,542.775
2012-07-20,534.12,541.32,533.99,540.88
2012-07-19,533,537.66,532.65,535.39
2012-07-18,533.69,537.83,532.52,536.13
2012-07-17,533.34,536.96,532,536.96
2012-07-16,535.96,540.04,534.91,536.26
2012-07-13,535,539.015,535,537.515
2012-07-12,535,536.5,535,536.5
2012-07-11,534.43,536.42,534.17,536.42
2012-07-10,532.65,535.97,532.61,535.5
2012-07-09,533,534.675,532.65,534.065
2012-07-06,533.13,534.77,532.82,534.72
2012-07-05,522,525.93,522,525.5
2012-07-04,520.31,523.51,520.23,523.5
2012-07-03,521.06,522.71,519.98,521.59
2012-07-02,517,520.54,517,519.5
2012-06-29,525,526.5,525,526.5
2012-06-28,524.77,526.73,524.56,526.5
2012-06-27,525.06,527.15,524.56,526.5
2012-06-26,522,526.965,522,526.455
2012-06-25,522,523.5,522,523.5
2012-06-22,522.8,524.17,522.76,518.04
2012-06-21,516.71,518.08,516.5,518.04
2012-06-20,516.42,518.12,516.05,518.08
2012-06-19,518,519.68,517.72,519.1
2012-06-18,518,519.5,518,519.5
2012-06-15,517,520.66,517,519.5
2012-06-14,522.72,524.165,522.72,524.045
2012-06-13,523.43,525.165,522,524.045
2012-06-12,522,527.915,522,527.405
2012-06-11,517,523.76,517,523.5
2012-06-08,522.09,528.585,521.68,525.345
2012-06-07,521.35,524.4,519.57,523.48
2012-06-06,526.83,528.535,521.1,523.125
2012-06-05,524.98,529.87,523.51,528.08
2012-06-04,527.59,530.845,524.39,526.185
2012-06-01,530.54,534.57,526.92,528.91
2012-05-31,530.37,533.025,527.68,532.035
2012-05-30,525.23,531.91,524.93,531.65
2012-05-29,523.01,527.705,521.64,526.185
2012-05-28,520.31,525.095,520.31,524.335
2012-05-25,523.05,526.12,520.48,525.24
2012-05-24,520.97,524.11,519.82,523.28
2012-05-23,517.03,524.205,516.95,522.465
2012-05-22,511.91,519.445,511.75,518.385
2012-05-21,513.11,515.47,511.43,511.85
2012-05-18,516.22,520.13,512.63,514.37
2012-05-17,515.77,516.32,514.96,516.32
2012-05-16,514,517.4,514,517.16
2012-05-15,511.39,516.715,508,516.715
2012-05-14,508.77,512.905,505,512.705
2012-05-11,506,507.73,504,507.53
2012-05-10,507.16,508.97,502,505.5
2012-05-09,503,509.365,501,508.505
2012-05-08,502.34,506.5,500,505.61
2012-05-07,503,506.115,500,503.715
2012-05-04,498.67,502.79,496,502.6
2012-05-03,498.67,500.75,495,498.77
2012-05-02,495.47,501.06,492,499.77
2012-05-01,495.25,496.77,492,495.49
2012-04-30,495.36,496.58,493,495.42
2012-04-27,497.24,499.81,493,496.17
2012-04-26,496.07,496.92,493,496.58
2012-04-25,497.09,497.955,494,496.075
2012-04-24,498.52,500.295,495,498.405
2012-04-23,497.13,501.845,495,499.975
2012-04-20,499.36,500.895,494,497.465
2012-04-19,499.89,503.165,496,500.605
2012-04-18,499.66,502.34,497,499.93
2012-04-17,499.4,501.075,496,499.775
2012-04-16,501.96,504.68,498.86,499.34
2012-04-13,497.46,501.9,495,501.59
2012-04-12,500.31,501.9,496,498.71
2012-04-11,501.38,503.29,496,501.6
2012-04-10,500.39,503.71,498,502.71
2012-04-09,500.62,503.285,498,500.635
2012-04-06,502.11,502.645,498,500.885
2012-04-05,499.13,503.23,496,502.11
2012-04-04,495.44,500.43,494,499.13
2012-04-03,492.35,495.53,489,495.53
2012-04-02,490.95,494.03,489,492.37
2012-03-30,493.16,493.345,489,491.645
2012-03-29,492.53,494.985,489,493.165
2012-03-28,492.53,494.055,487,492.645
2012-03-27,491.1,492.72,488,492.46
2012-03-26,494.2,498.5,490,492.29
2012-03-23,496.94,498.53,490,495.57
2012-03-22,496.52,500.675,492,498.255
2012-03-21,496.04,498.97,491,497.73
2012-03-20,495.4,499.2,492,497.24
2012-03-19,497.96,500.42,493,496.62
2012-03-16,501.38,503.955,496,499.145
2012-03-15,503.42,505.705,499,502.655
2012-03-14,501.5,505.435,499,504.735
2012-03-13,498.83,503.805,495,502.655
2012-03-12,500.16,502.84,497,499.9
2012-03-09,493.91,502.08,492,501.39
2012-03-08,498.86,499.45,492,494.26
2012-03-07,500.12,502.135,495,500.075
2012-03-06,496.11,500.62,493,500.16
2012-03-05,497.2,498.43,494,496.24
2012-03-02,492.68,497.41,490,496.77
2012-03-01,492.2,494.97,488,493.97
2012-02-29,487.08,493.875,483,493.465
2012-02-28,489.56,491.065,485,488.335
2012-02-27,486,492.025,484,490.745
2012-02-24,490.36,492.115,485,488.395
2012-02-23,495.17,496.94,490,491.9
2012-02-22,495.59,497.295,491,496.095
2012-02-21,495.14,497.885,491,496.265
2012-02-20,496.52,498.145,492,496.305
2012-02-17,499.36,500.9,495,499.45
2012-02-16,501.96,506.47,498.45,500.04
2012-02-15,499.7,503.72,494,502.72
2012-02-14,497.09,502.37,495,500.88
2012-02-13,496.52,498.275,491,498.055
2012-02-10,493.72,498.615,491,497.935
2012-02-09,494.69,496.32,490,493.81
2012-02-08,494.61,496.995,491,495.645
2012-02-07,499.4,501.165,493,494.485
2012-02-06,500.12,504.43,497,500.33
2012-02-03,498.98,502.81,495,499.83
2012-02-02,498.33,502.14,494,499.85
2012-02-01,501.38,503.475,494,498.505
2012-01-31,499.21,503.775,494,502.435
2012-01-30,495,502.465,495,500.555
2012-01-27,500.5,503.03,496,497.5
2012-01-26,500.54,502.015,496,501.625
2012-01-25,503.38,508.155,500,501.455
2012-01-24,503.34,506.42,500,503.69
2012-01-23,506,508.115,501,503.365
2012-01-20,505.79,508.99,503,507.18
2012-01-19,510.12,510.85,505,506.04
2012-01-18,514.88,515.06,509,510.1
2012-01-17,517.85,519.5,510,515.84
2012-01-16,518.91,520.865,515,519.265
2012-01-13,511.43,520.455,508,518.075
2012-01-12,516.14,516.52,509,511.45
2012-01-11,513.47,518.89,511,517.14
2012-01-10,513.75,514.82,510,513.45
2012-01-09,516.22,516.42,511,513.87
2012-01-06,512.91,517.46,509,516.53
2012-01-05,506.73,514.505,504,514.025
2012-01-04,502.5,509.395,500,507.675
2012-01-03,507.08,508.175,500,503.545
2012-01-02,505,508.615,504,508.145
2011-12-30,505,508.93,503,507.75
2011-12-29,506.96,511.09,503,508.91
2011-12-28,501.84,508.125,501,507.925
2011-12-27,498,503.355,498,502.735
2011-12-26,500,501.5,499,501.5
2011-12-23,502.57,504.435,497,503.855
2011-12-22,500,504.825,497,503.545
2011-12-21,501.42,503.76,497.09,502.5
2011-12-20,504.12,505.265,499,502.295
2011-12-19,500,504.65,500,504.65
2011-12-16,500,500.255,500,500.255
2011-12-15,505.28,507.12,500,505.68
2011-12-14,492,507.57,492,506.32
2011-12-13,494,497.37,494,497.3
2011-12-12,492.61,497.355,489,497.355
2011-12-09,491.46,494.69,489,493.43
2011-12-08,488.94,494.485,487.37,492.455
2011-12-07,489.41,490.72,487.48,489.96
2011-12-06,489.81,492.06,487,490.3
2011-12-05,488.17,491.275,484,490.285
2011-12-02,487.12,491.72,484.24,490.21
2011-12-01,488.1,489.775,485.07,488.135
2011-11-30,492.46,495.6,486.72,488.9
2011-11-29,492.68,494.615,487,493.135
2011-11-28,490,494.345,489.48,493.605
2011-11-25,491.46,495.445,489,495.445
2011-11-24,491.5,493.395,489.12,492.325
2011-11-23,485.5,493.315,484,492.695
2011-11-22,486.04,487.84,483.42,486.15
2011-11-21,487.74,489.205,484,486.815
2011-11-18,487.3,489.33,481,486.15
2011-11-17,487.37,490.27,483,488.19
2011-11-16,484.49,489.995,483.74,488.245
2011-11-15,481.08,487.525,479,485.505
2011-11-14,474.95,484.08,474.82,482.12
2011-11-11,482.21,484.53,475.47,477.77
2011-11-10,484.17,487.97,480.48,482.88
2011-11-09,474.06,486.515,473,484.965
2011-11-08,476.02,477.98,473.65,474.04
2011-11-07,474.77,480.25,473.99,477.18
2011-11-04,474.85,479.88,471,476.42
2011-11-03,477.02,481.15,473.38,475.7
2011-11-02,478.8,481.845,474.3,478.035
2011-11-01,473.38,482.88,472.8,479.78
2011-10-31,463.51,474.355,462.85,473.325
2011-10-28,462.5,464.12,460,463.62
2011-10-27,472.46,473.08,460.39,462.15
2011-10-26,471.57,476.28,467,472.65
2011-10-25,470.9,474.53,468,472.55
2011-10-24,473.03,475.385,469,471.875
2011-10-21,476.16,478.63,471.78,472.05
2011-10-20,476.82,481.155,473.89,477.045
2011-10-19,477.41,477.98,472.86,476.8
2011-10-18,477.62,481.295,474.71,478.295
2011-10-17,472.35,478.73,469,478.21
2011-10-14,476.19,479.195,472.08,473.755
2011-10-13,475.88,479.36,471,476.19
2011-10-12,480.55,482.975,472,475.765
2011-10-11,480.8,483.545,477,480.715
2011-10-10,489.89,490.285,478.77,480.805
2011-10-07,488.32,490.975,484,490.345
2011-10-06,491.21,496.235,487.59,489.155
2011-10-05,492.39,494.685,489,491.425
2011-10-04,497.54,499.86,492.39,493.34
2011-10-03,491.21,498.315,487,498.125
2011-09-30,482.85,490.98,482,490.87
2011-09-29,484.78,485.23,479.5,482.52
2011-09-28,482.61,484.76,478,484.33
2011-09-27,484.82,486.595,479.89,482.625
2011-09-26,485.5,490.89,484.07,484.44
2011-09-23,487.19,488.865,482,485.895
2011-09-22,482.92,490.8,481,488.1
2011-09-21,478.7,483.85,475.71,483.21
2011-09-20,479.64,482.485,476,478.575
2011-09-19,479.75,482.765,475,479.555
2011-09-16,472.39,477.75,472,476.09
2011-09-15,477.2,479.155,470.59,472.605
2011-09-14,479.36,482.7,475.81,477.18
2011-09-13,479.82,485,477.37,480.27
2011-09-12,483.42,487.17,478.98,480.57
2011-09-09,472.46,481.7,469,480.48
2011-09-08,465.38,472.815,463,472.505
2011-09-07,468.61,469.545,464.07,466.115
2011-09-06,465.32,470.245,459.35,469.345
2011-09-05,463.28,466.49,460,465.5
2011-09-02,460,463.305,457,462.555
2011-09-01,456.19,461.9,455,460.74
2011-08-31,454.33,457.605,453.42,457.005
2011-08-30,451.85,456.78,451.29,455.01
2011-08-29,452.51,454.25,450.89,452.85
2011-08-26,456.35,458.605,451,453.205
2011-08-25,455.11,457.81,451,456.16
2011-08-24,454.42,456.92,452,455.88
2011-08-23,456.79,456.965,451,454.315
2011-08-22,456.22,458.045,452,457.625
2011-08-19,457.75,460.775,453.82,456.405
2011-08-18,454.64,459.69,451,457.77
2011-08-17,455.37,457.945,451,454.735
2011-08-16,453.98,457.795,453.23,456.025
2011-08-15,459.84,459.9,453.17,454.14
2011-08-12,460.58,463.62,458.94,460.34
2011-08-11,463.08,465.135,457,460.595
2011-08-10,455.65,463.97,453,463.68
2011-08-09,462.69,463.525,455.87,455.955
2011-08-08,457.18,464.245,454,462.835
2011-08-05,465.22,466.655,458.74,459.435
2011-08-04,457.62,466.39,456.41,465.77
2011-08-03,462.4,464.55,457.21,458.7
2011-08-02,459.87,464.37,458,462.96
2011-08-01,456.79,463.21,453.79,461.11
2011-07-29,457.72,460.93,455.05,455.65
2011-07-28,456.32,460.995,453,458.525
2011-07-27,451.85,458.25,449,457.42
2011-07-26,456.22,457.695,449,452.785
2011-07-25,456.08,459.005,453,457.115
2011-07-22,454.77,459.21,452,457.64
2011-07-21,461.13,464.45,454.23,454.78
2011-07-20,463.48,467.23,459,462.15
2011-07-19,465.05,467.405,459,464.175
2011-07-18,465.09,469.385,464,465.765
2011-07-15,464.59,467.045,461.88,464.585
2011-07-14,463.38,466.3,459.26,464.53
2011-07-13,470.51,471.99,461.49,463.27
2011-07-12,467.99,475.915,466.71,470.135
2011-07-11,462.37,470.305,460.97,469.005
2011-07-08,456.73,463.09,455,461.41
2011-07-07,458.13,462.31,455,456.75
2011-07-06,454.74,459.21,453,458.18
2011-07-05,450.98,456.37,450,455.58
2011-07-04,450.95,452.525,448,451.125
2011-07-01,452.32,454.895,449,451.545
2011-06-30,454.92,455.205,450,452.195
2011-06-29,457.08,458.725,452,455.615
2011-06-28,459.16,461.94,455,457.77
2011-06-27,462.14,465.83,458.81,460.45
2011-06-24,459.84,464.715,457,463.095
2011-06-23,458.07,465.475,456,461.175
2011-06-22,456,458.69,452,458.57
2011-06-21,458.45,459.835,454,456.085
2011-06-20,459.42,463.435,457.78,459.305
2011-06-17,462,465.645,457.34,459.225
2011-06-16,463.12,467.125,460,462.765
2011-06-15,454.64,464.635,453,463.795
2011-06-14,455.4,457.47,450,455.01
2011-06-13,458.19,459.16,454,456.23
2011-06-10,452.57,459.165,450,458.395
2011-06-09,449.84,454.205,445,453.355
2011-06-08,446.47,450.88,444,449.98
2011-06-07,449.93,451.705,444,447.375
2011-06-06,448.27,451.065,445,450.075
2011-06-03,452.63,454.305,447.91,448.225
2011-06-02,457.85,459.16,451.92,453.93
2011-06-01,455.65,458.995,451,458.265
2011-05-31,459.67,460.46,452,456.88
2011-05-30,459.68,461.125,456,460.445
2011-05-27,463.97,464.38,457,458.12
2011-05-26,465.68,466.29,459,463.95
2011-05-25,465.12,468.06,464,465.66
2011-05-24,466.94,469.27,463,465.85
2011-05-23,464.07,470.36,463.67,467.62
2011-05-20,458.36,464.18,457.18,463.33
2011-05-19,460.22,462.475,456,459.145
2011-05-18,460.71,462.105,456,460.385
2011-05-17,463.08,465.285,460,461.595
2011-05-16,465.91,466.96,460,463.46
2011-05-13,460.61,467.15,455,465.44
2011-05-12,461.78,464.41,458,460.63
2011-05-11,455.21,463.605,453,462.815
2011-05-10,456.99,459.72,454,455.32
2011-05-09,456.48,460.975,451,457.485
2011-05-06,451.02,459.175,448,459.045
2011-05-05,442.29,452.845,437,451.885
2011-05-04,442.47,444.75,438,443.26
2011-05-03,442.62,445.39,440,443.17
2011-05-02,442.29,444.26,440.09,442.41
2011-04-29,442.41,443.9,439,443.84
2011-04-28,443.72,444.87,439,443.29
2011-04-27,447.75,449.05,443.27,444.62
2011-04-26,449.81,453.355,446,448.625
2011-04-25,450.52,452.385,447,450.595
2011-04-22,450.77,451.38,448,450.46
2011-04-21,451.67,453.005,445,451.605
2011-04-20,457.43,458.66,448,452.49
2011-04-19,461.03,462.565,456,458.375
2011-04-18,454.93,463.345,454,460.835
2011-04-15,452.76,455.845,450,454.545
2011-04-14,454.08,456.665,449,452.825
2011-04-13,453.07,455.145,449,454.295
2011-04-12,454.45,456.225,450,453.135
2011-04-11,453.67,454.92,450,454.39
2011-04-08,458.55,459.855,452,453.675
2011-04-07,457.56,461.33,456,459.4
2011-04-06,461.29,462.385,455,458.455
2011-04-05,461.36,463.495,459,461.175
2011-04-04,460.97,462.175,457,461.225
2011-04-01,462.89,466.52,460,460.79
2011-03-31,464.23,465.505,459,463.825
2011-03-30,464.82,466.845,463,464.265
2011-03-29,465.78,466.955,461,464.875
2011-03-28,466.94,468.79,463,466.63
2011-03-25,462.89,467.52,459,466.43
2011-03-24,465.38,466.775,460,462.725
2011-03-23,461.84,466.655,460,466.595
2011-03-22,461.23,463.505,457,462.685
2011-03-21,462.59,463.935,460,461.065
2011-03-18,467.94,470.015,461,463.305
2011-03-17,471.57,473.745,465,468.625
2011-03-16,468.51,473.83,466,472.64
2011-03-15,469,474.26,467,469.46
2011-03-14,470.25,472.58,467,469.61
2011-03-11,475.43,477.83,471,472.65
2011-03-10,471.57,477.115,470.96,476.425
2011-03-09,471.64,474.195,469,472.465
2011-03-08,469.55,473.135,468,471.775
2011-03-07,468.64,470.855,465,470.285
2011-03-04,469.65,471.345,466,469.865
2011-03-03,472.97,475.055,468,470.505
2011-03-02,476.09,478.115,470,473.985
2011-03-01,475.12,477.47,472,476.96
2011-02-28,476.96,478.415,472,475.265
2011-02-25,475.3,477.965,472,476.955
2011-02-24,477.09,478.645,473,475.245
2011-02-23,480.2,481.48,474,478.12
2011-02-22,479.5,485.745,477,481.275
2011-02-21,478.63,480.625,477,479.675
2011-02-18,481.97,484.275,478.31,479.295
2011-02-17,483.46,485.41,480,483.09
2011-02-16,486.33,488.045,480,484.305
2011-02-15,486.29,487.305,482,486.365
2011-02-14,485.57,488.485,480,486.415
2011-02-11,482.39,486.87,481,485.07
2011-02-10,477.75,483.14,477,482.5
2011-02-09,481.4,482.87,476,478.59
2011-02-08,482.89,483.35,477,481.26
2011-02-07,483.64,486.43,479,483.68
2011-02-04,480.94,484.315,478,482.715
2011-02-03,474.92,482.815,471,481.925
2011-02-02,474.27,476.405,470,475.155
2011-02-01,479.22,479.305,473,474.245
2011-01-31,482.25,484.225,476,480.025
2011-01-28,477.58,483.71,475,482.9
2011-01-27,478.38,481.78,475,478.73
2011-01-26,479.26,481.59,476,479.73
2011-01-25,480.94,484.045,476,479.885
2011-01-24,480.91,484.425,477,480.905
2011-01-21,486.83,488.58,481,482.63
2011-01-20,486.76,490.535,483,487.705
2011-01-19,489.89,490.71,484,486.92
2011-01-18,493.42,494.92,485,489.96
2011-01-17,490,495.285,489.92,493.645
2011-01-14,490.77,492.63,486,490.49
2011-01-13,499.4,501.185,489,491.025
2011-01-12,505.52,506.095,498.98,499.545
2011-01-11,506.41,508.375,503,505.595
2011-01-10,509.09,510.405,504,507.495
2011-01-07,504.31,508.32,502,508.08
2011-01-06,498.86,504.655,496,504.155
2011-01-05,492.9,499.78,491,498.75
2011-01-04,491.02,493.555,487,492.925
2011-01-03,493.2,495.96,488,492.03
2010-12-31,493.53,495.18,487,488.5
2010-12-30,496,497.355,491,494.585
2010-12-29,499.93,502.225,495,497.035
2010-12-28,498.11,501.87,492,500.8
2010-12-27,500.12,502.6,495,499.13
2010-12-24,500.08,500.92,496,500.12
2010-12-23,500.77,503.33,497,500.88
2010-12-22,500.81,502.485,495,501.605
2010-12-21,499.55,502.66,494,501.7
2010-12-20,497.62,500.94,495,499.91
2010-12-17,495.44,500.32,489,498.35
2010-12-16,496.37,497.615,492,495.585
2010-12-15,490.14,497.5,488,497.43
2010-12-14,489.78,491.73,484,491
2010-12-13,496.6,497.65,488,490
2010-12-10,495.4,498.555,491,496.755
2010-12-09,494.54,498.215,491,495.325
2010-12-08,494.58,498.6,493,495.44
2010-12-07,492.87,494.645,488,494.465
2010-12-06,490.07,495.215,488,493.125
2010-12-03,496.07,497.98,488,489.94
2010-12-02,499.24,503.055,493,496.975
2010-12-01,505.13,505.725,496,499.145
2010-11-30,499.85,505.75,497,505.24
2010-11-29,493.65,503,491,500.71
2010-11-26,491.21,496.935,490.69,495.175
2010-11-25,492.02,494.545,488,492.105
2010-11-24,490.66,494.67,486,492.9
2010-11-23,481.54,490.945,480,490.695
2010-11-22,478.17,483.115,474,481.525
2010-11-19,480.7,482.015,476,479.345
2010-11-18,484.78,485.85,478,481.77
2010-11-17,486.22,487.39,482,485.09
2010-11-16,482.75,488.61,478,486.98
2010-11-15,478.38,484.505,476.96,483.785
2010-11-12,479.96,483.175,474,479.045
2010-11-11,475.85,481.105,473,480.185
2010-11-10,476.12,480.615,473,476.785
2010-11-09,471.1,477.065,468,476.125
2010-11-08,466.77,473.2,465.65,472.21
2010-11-05,461.36,467.72,458,467.49
2010-11-04,463.93,465.96,457,462.75
2010-11-03,467.27,468.795,462.79,463.755
2010-11-02,471.95,474.425,467.01,467.175
2010-11-01,468.74,473.135,466,472.215
2010-10-29,471.03,476.045,469,471.145
2010-10-28,476.51,477.54,468,471.65
2010-10-27,473.24,478.445,472,477.235
2010-10-26,469.58,475.35,466,474.12
2010-10-25,469.95,470.765,464,469.685
2010-10-22,471,474.045,468,470.925
2010-10-21,469.82,473.64,464,472.04
2010-10-20,477.51,478.835,467,469.685
2010-10-19,470.22,479.25,468,478.38
2010-10-18,469.45,474.235,467.81,470.285
2010-10-15,465.88,471.525,461,470.115
2010-10-14,469.98,471.22,461.25,467.01
2010-10-13,471.37,471.505,466,469.785
2010-10-12,472.8,476.19,470.13,471.03
2010-10-11,468.61,474.28,466.42,473.94
2010-10-08,471.23,475.35,466.38,471.85
2010-10-07,470.83,474.6,466,472.19
2010-10-06,474.06,475.345,469,470.675
2010-10-05,479.43,480.96,472,474.18
2010-10-04,475.61,479.99,472.6,479.43
2010-10-01,481.22,481.645,474,475.605
2010-09-30,481.44,483.65,478,481.17
2010-09-29,483.03,483.565,478,481.295
2010-09-28,487.81,490.23,481,482.98
2010-09-27,486.9,488.575,483.26,487.445
2010-09-24,492.61,493.685,484,486.255
2010-09-23,489.7,492.935,485.3,492.755
2010-09-22,494.84,495.23,487,489.5
2010-09-21,502.07,502.37,493.28,494.95
2010-09-20,502.38,503.515,497,502.055
2010-09-17,501.5,503.825,495.24,502.705
2010-09-16,504,505.48,498,501.57
2010-09-15,504.85,506.34,501,504.39
2010-09-14,509.28,511.23,502.57,504.74
2010-09-13,516.05,516.3,507,509.28
2010-09-10,516.58,519.21,513,516.91
2010-09-09,515.53,517.91,512,516.73
2010-09-08,517.07,518.21,511.89,515.57
2010-09-07,509.48,517.38,508.42,517.17
2010-09-06,506,509.88,504.06,509.52
2010-09-03,511.31,511.99,507,508.65
2010-09-02,512.31,513.85,508,511.19
2010-09-01,516.99,518.01,508,511.99
2010-08-31,517,518.09,513,516.87
2010-08-30,513,517.93,511,517.61
2010-08-27,513,517.03,512,513.75
2010-08-26,518.09,518.96,511.64,515.57
2010-08-25,519.2,520.295,512,518.235
2010-08-24,518.58,521.185,514,519.445
2010-08-23,516.14,518.605,512,518.195
2010-08-20,511.59,517.975,508,516.095
2010-08-19,510.19,513.59,507,511.63
2010-08-18,509.2,511.97,506,509.92
2010-08-17,511.47,512.25,506,509.26
2010-08-16,513.99,515.54,508,511.07
2010-08-13,511.27,514.485,504,514.315
2010-08-12,510.63,513.15,499,511.51
2010-08-11,497.69,511.31,494,511.07
2010-08-10,495.96,501.605,494,497.765
2010-08-09,493.91,496.395,490,495.645
2010-08-06,497.43,498.575,490,493.965
2010-08-05,498.6,500.01,494,497.24
2010-08-04,495.66,499.485,494,498.465
2010-08-03,497.69,498.975,493,495.885
2010-08-02,501.34,502.4,495,497.6
2010-07-30,500.68,505.34,499,502.59
2010-07-29,505.01,505.455,498,501.515
2010-07-28,504.47,505.865,500,504.855
2010-07-27,504.97,506.405,500,504.815
2010-07-26,508.38,509.38,503,504.8
2010-07-23,508.97,512.85,503,507.94
2010-07-22,514.27,515,506,508.81
2010-07-21,509.01,515.2,506,514.19
2010-07-20,506.65,510.83,502,509.05
2010-07-19,508.61,510.02,502,506.68
2010-07-16,507.24,509.35,502,506.88
2010-07-15,514.88,516.14,505.56,506.96
2010-07-14,515.49,519.04,511,514.84
2010-07-13,520.89,523.725,513,515.365
2010-07-12,519,522.655,517,521.035
2010-07-09,516.58,520.29,513,518.93
2010-07-08,519.16,519.73,515,516.75
2010-07-07,519.45,522.44,517,519.14
2010-07-06,520,522.8,517,519.57
2010-07-05,521,524.68,520,522.5
2010-07-02,522.93,524.35,519,521.6
2010-07-01,535.34,536.5,522.43,523.43
2010-06-30,537.5,538,531,535.84
2010-06-29,533,539.59,533,538
2010-06-28,528,534.53,526,534.05
2010-06-25,530,534.12,528.47,529.74
2010-06-24,530,535.06,528,531.37
2010-06-23,534.91,536.94,530,532.41
2010-06-22,528,535.28,528,534.32
2010-06-21,528.72,532.88,525,532.28
2010-06-18,529.94,530.77,525,529.22
2010-06-17,532,534.5,527.83,529.14
2010-06-16,531.57,536.55,529,532.54
2010-06-15,536.05,539.41,530,531.67
2010-06-14,536,537.5,532,536.55
2010-06-11,545,545.5,538,541.38
2010-06-10,545,547.34,539,540.66
2010-06-09,547.12,548.12,541,547.34
2010-06-08,549.41,550.33,544,547.62
2010-06-07,548,550.38,545,549.91
2010-06-04,538.69,548.4,534,547.8
2010-06-03,534.56,539.55,527,539.19
2010-06-02,535.65,538.44,530,535.1
2010-06-01,532,540.5,529,536.15
2010-05-31,531,534.5,526,533.5
2010-05-28,529.58,534.53,524,534.27
2010-05-27,538.34,538.84,528.43,530.08
2010-05-26,530.57,538.88,530,538.8
2010-05-25,529.67,538.18,530.31,531.07
2010-05-24,523,530.85,522,530.17
2010-05-21,525.33,525.91,519,521.39
2010-05-20,527.57,533.06,519.9,525.03
2010-05-19,536.66,539.83,527.53,528.07
2010-05-18,528.38,539.06,525,537.16
2010-05-17,533,533.79,526,528.88
2010-05-14,522,530.47,520,530.21
2010-05-13,514,523.73,514,522.98
2010-05-12,511,519.86,511,519.82
2010-05-11,502,517.97,502,517.4
2010-05-10,505,513.87,499,512.75
2010-05-07,518.91,519.95,511,513.79
2010-05-06,511.13,523.43,509,519.41
2010-05-05,504.31,511.99,503,511.63
2010-05-04,496.31,505,495,504.81
2010-05-03,493,498.32,492,496.81
2010-04-30,494.92,495.42,489,493.11
2010-04-29,495.97,497.3,492,495.42
2010-04-28,497.14,499.88,493,496.17
2010-04-27,489.41,497.94,488,497.64
2010-04-26,488,493,487,489.91
2010-04-23,492.72,494.5,488,489.76
2010-04-22,489.11,494.15,486,493.22
2010-04-21,486,490.79,484,489.61
2010-04-20,485.59,489.2,483,487.5
2010-04-19,486,488.77,484,486.09
2010-04-16,482.44,486.56,481,485.37
2010-04-15,479.75,484.51,478,482.94
2010-04-14,478,482.16,477,480.25
2010-04-13,478,486.5,478,481.55
2010-04-12,486,486.5,479,482.37
2010-04-09,489,490.71,484,485.77
2010-04-08,486,493.22,486,490.64
2010-04-07,485,491.96,485,491.3
2010-04-06,485.66,490.86,485,489.32
2010-04-05,485,487.07,483,486.16
2010-04-02,482.12,486.56,482,486.2
2010-04-01,484.76,487.17,481,482.62
2010-03-31,488.35,488.85,482,485.26
2010-03-30,485.73,489.43,481,488.85
2010-03-29,486,487.97,483,486.23
2010-03-26,493.43,493.93,487,488.88
2010-03-25,491.91,494.12,488,493.93
2010-03-24,487,492.74,484.05,492.56
2010-03-23,483.04,486.49,482,485.62
2010-03-22,484.05,486.92,482,483.54
2010-03-19,481.37,485.59,478,484.55
2010-03-18,476.81,482.55,476,481.87
2010-03-17,475.53,477.59,472,477.31
2010-03-16,478.84,480.02,475,476.03
2010-03-15,476,480.57,474,479.34
2010-03-12,478.8,479.37,474,476.37
2010-03-11,479.61,482.01,477,479.27
2010-03-10,481.55,482.6,478,480.07
2010-03-09,480.38,484.22,476,482.01
2010-03-08,477,481.84,476,480.92
2010-03-05,482.22,484.04,479,481.34
2010-03-04,478.24,483.79,477,482.8
2010-03-03,480.95,482.01,476,478.53
2010-03-02,483.12,487.28,480.7,481.87
2010-03-01,480,487.07,478,483.51
2010-02-26,483.4,483.94,478,481.1
2010-02-25,483.83,487.17,482.65,483.65
2010-02-24,484.76,485.33,480,484.47
2010-02-23,481.83,485.77,476,485.41
2010-02-22,480,482.72,479,482.16
2010-02-19,483.9,487.54,481.27,481.94
2010-02-18,481.44,483.69,479,481.48
2010-02-17,475.67,482.48,474,481.84
2010-02-16,481.66,482.23,475,476.2
2010-02-15,481,482.95,478,482.16
2010-02-12,478.31,484.02,478,481.48
2010-02-11,476.95,482.19,472,479.13
2010-02-10,474.84,479.37,472,477.59
2010-02-09,479.85,480.57,473,475.54
2010-02-08,479,480.57,476,480.14
2010-02-05,477.02,482.58,470,479.79
2010-02-04,471.59,477.59,470,477.55
2010-02-03,469.12,472.02,466,471.71
2010-02-02,470.16,471.56,467,469.55
2010-02-01,470,471.95,468,470.59
2010-01-29,468.75,472.94,467,472.83
2010-01-28,467.11,469.92,464,469.48
2010-01-27,465.31,468.17,463,467.67
2010-01-26,462.91,466.81,462,465.74
2010-01-25,462,464.32,460,463.24
2010-01-22,464.98,465.58,460,463.87
2010-01-21,464.32,467.14,462.97,465.22
2010-01-20,458.27,465.65,458.17,464.98
2010-01-19,453,459.99,452,458.45
2010-01-18,453,456.15,453,455.55
2010-01-15,451.56,457.23,451,455.71
2010-01-14,451.25,453.84,448,452.03
2010-01-13,451.9,453,448,451.81
2010-01-12,451.22,455.5,449,452.34
2010-01-11,451,455.5,449,451.65
2010-01-08,457.34,459.54,453,454.76
2010-01-07,454.54,458.48,453,457.9
2010-01-06,455.84,458.96,450,454.82
2010-01-05,454.48,456.91,450,456.24
2010-01-04,457,458.5,452,454.88
2010-01-01,454,455.5,454,455.5
2009-12-31,456.6,458.22,452,457.84
2009-12-30,456.29,459.31,454,457.33
2009-12-29,455.49,457.42,452,456.82
2009-12-28,454,455.99,453,455.83
2009-12-25,454,455.5,452,454.5
2009-12-24,456.76,457.55,453,456.4
2009-12-23,460.16,461.24,455,457.58
2009-12-22,459.19,461.35,456,460.29
2009-12-21,456,459.825,454,459.305
2009-12-18,456.73,459.73,452,456.98
2009-12-17,450.47,458.35,450.47,456.94
2009-12-16,450.56,451.97,448,451
2009-12-15,446.78,452.03,445,451.03
2009-12-14,445,448.32,444,447.4
2009-12-11,444.53,449.5,442,448.29
2009-12-10,444.71,446.18,443,444.91
2009-12-09,445.38,446.98,442,444.94
2009-12-08,441.83,446.61,440,446.03
2009-12-07,440,444.28,432,442.39
2009-12-04,435.04,442.3,433,441.49
2009-12-03,435.33,436.57,431,435.02
2009-12-02,434.81,436.385,432,435.985
2009-12-01,436.31,436.455,432,434.755
2009-11-30,434,437.78,433,436.87
2009-11-27,437,441.6,436,438.1
2009-11-26,432.7,442.5,432.7,442.5
2009-11-25,437.72,438.3,432.42,432.98
2009-11-24,437.57,439.5,436,438.19
2009-11-23,437,438.3,435,438.04
2009-11-20,438.83,442.77,437,441.14
2009-11-19,437.66,441.67,437,439.42
2009-11-18,440.25,440.75,436,438.07
2009-11-17,437.33,442.6,435,440.93
2009-11-16,439.47,440.24,434,437.83
2009-11-13,441.78,443.25,437,439.45
2009-11-12,437.89,443.07,434,441.7
2009-11-11,436.98,438.705,433,437.815
2009-11-10,436.6,439.06,435,437.83
2009-11-09,440.54,442.1,435,437.16
2009-11-06,441.13,443.27,438,441.52
2009-11-05,441.1,442.905,438,440.815
2009-11-04,444.56,445.05,439.69,440.8
2009-11-03,444.02,448.45,441,445.54
2009-11-02,445.77,446.665,440,444.125
2009-10-30,442.08,446.61,439,445.3
2009-10-29,443,445.665,440,442.185
2009-10-28,440,446.09,439,445.7
2009-10-27,440.64,443.85,438,442.89
2009-10-26,434,441.64,432.5,440.93
2009-10-23,434,437.4,433,436.84
2009-10-22,437.28,439.38,435,436.23
2009-10-21,439.18,440.615,435,436.985
2009-10-20,438.01,440.77,435,439.06
2009-10-19,438,440.22,435,438.43
2009-10-16,438.16,442.52,437,439.74
2009-10-15,436,441.46,435,438.68
2009-10-14,439,441.18,436,439.15
2009-10-13,443,446.7,439,441.4
2009-10-12,445,445.5,441,443.79
2009-10-09,443.39,446.79,442,445.06
2009-10-08,446.56,446.765,440,443.465
2009-10-07,445.65,447.75,443,446.59
2009-10-06,447.72,447.885,443,445.665
2009-10-05,449.53,449.9,446,447.75
2009-10-02,451.33,452.945,446,449.995
2009-10-01,448.09,451.895,447,451.215
2009-09-30,449.78,449.985,445,448.165
2009-09-29,447,451.525,446,449.765
2009-09-28,448,449.42,445,448.62
2009-09-25,445,448.23,444,446.09
2009-09-24,442,448.16,441,447.03
2009-09-23,442,445.12,441,444.85
2009-09-22,444,446.7,441,443.19
2009-09-21,445,448.78,444,446.7
2009-09-18,444,446.65,443,445.73
2009-09-17,443,446.36,442,444.67
2009-09-16,445,447.64,444,445.73
2009-09-15,447.6,450.4,445.99,447.16
2009-09-14,449,451.33,446,448.29
2009-09-11,447,450.35,447,449.76
2009-09-10,449,452.03,447,449.61
2009-09-09,450,452.88,448,450.41
2009-09-08,455,453.18,451,452.56
2009-09-07,457.11,457.68,455,457.26
2009-09-04,459.56,461.94,457,458.48
2009-09-03,458,461,455,459.8
2009-09-02,460.56,462.09,457.21,459.54
2009-09-01,457.75,462.43,454,461.03
2009-08-31,457,459.92,455,457.86
2009-08-28,455,459.6,454,458.29
2009-08-27,458,460.96,454.67,456.91
2009-08-26,457.85,461.48,456,459.99
2009-08-25,458.01,459.6,455,458.51
2009-08-24,456.35,461.55,455,458.32
2009-08-21,459.62,461.55,454,457.68
2009-08-20,460.66,461.61,458,459.73
2009-08-19,463,465.18,458,460.83
2009-08-18,465.28,466.08,459.5,463.8
2009-08-17,462,466.64,459.35,465.98
2009-08-14,459.26,463.01,457,461.58
2009-08-13,461.78,464.895,456,459.065
2009-08-12,463.64,465.66,459,461.86
2009-08-11,463.67,464.905,459.35,463.655
2009-08-10,462.72,465.085,455.53,463.735
2009-08-07,456.86,463.435,454,462.815
2009-08-06,454.89,459.415,453,457.175
2009-08-05,455.65,459.4,452,455.32
2009-08-04,454.96,459.415,453,455.465
2009-08-03,460.55,461.745,453,454.955
2009-07-31,462,466.11,458,459.93
2009-07-30,466.61,467.81,463,465.81
2009-07-29,462,468.07,459.7,467.01
2009-07-28,460.45,463.96,457,462.59
2009-07-27,460.71,461.845,457,460.515
2009-07-24,463.18,464.5,458,461.45
2009-07-23,459,464.555,457,463.245
2009-07-22,461,463.14,459,461.09
2009-07-21,459,462.92,457,461.03
2009-07-20,461,462.5,458,460.61
2009-07-17,462,466.14,462,464.95
2009-07-16,464,465.5,461,463.24
2009-07-15,468.85,470.72,463,464.75
2009-07-14,466,471.24,466,469.28
2009-07-13,470,471.14,467,469.01
2009-07-10,468,472.12,467.14,470.32
2009-07-09,469,470.09,465,467.67
2009-07-08,470,473.96,469,472.19
2009-07-07,468,471.3,465,471.03
2009-07-06,468,472.39,468,469.11
2009-07-03,469.35,469.92,466,469.01
2009-07-02,462.5,468.68,462.5,468.31
2009-07-01,463.5,466.77,461,463.41
2009-06-30,466.5,468.21,462,467.14
2009-06-29,464.5,467.9,463.64,465.48
2009-06-26,468.67,470.93,463,466.5
2009-06-25,470.66,472.3,464.3,468.86
2009-06-24,465.94,472.285,462,470.965
2009-06-23,473.21,474.365,464.25,465.975
2009-06-22,469.98,474.435,468,473.205
2009-06-19,471.64,472.515,466,470.525
2009-06-18,472.5,472.88,467,471.76
2009-06-17,470.5,474.27,468.31,470.12
2009-06-16,475.74,477.56,469,473.79
2009-06-15,468.91,476.87,465.02,475.69
2009-06-12,465.18,470.67,463,467.99
2009-06-11,469.61,473.565,461.96,464.955
2009-06-10,465.51,473.6,462,469.55
2009-06-09,471.95,473.53,464.52,466.19
2009-06-08,466.5,474.57,466.5,471.98
2009-06-05,460.5,470.53,458,469.28
2009-06-04,463.64,465.65,459,462.03
2009-06-03,458.4,464.91,458.4,463.49
2009-06-02,462,464,456.99,458.25
2009-06-01,462.5,463.54,459,462.98
2009-05-29,470.5,471,462,463.01
2009-05-28,468.5,474,467,470.09
2009-05-27,468.5,474.17,467,474.03
2009-05-26,467.41,472.97,467,468.78
2009-05-25,468,468.74,466,467.81
2009-05-22,467.5,471,464.5,468.24
2009-05-21,474.5,477.48,467.5,472.02
2009-05-20,480.7,482,473.63,475.79
2009-05-19,485.5,486,479,481.02
2009-05-18,482.5,487.03,482.5,483.44
2009-05-15,481.5,486.99,479,485.87
2009-05-14,478.5,484.24,478.5,480.64
2009-05-13,478.5,483.15,477,482.23
2009-05-12,480.5,482.95,477,480.32
2009-05-11,485.5,491.12,479,482.69
2009-05-08,486.5,491.22,479.78,480.46
2009-05-07,490.5,494.23,485,489.65
2009-05-06,492.2,494.9,487.5,491.82
2009-05-05,492.5,493.56,486,492.45
2009-05-04,493,496.76,488.13,488.99
2009-05-01,492,495.2,490,494.12
2009-04-30,494.5,496.81,488,495.54
2009-04-29,501.5,502,490,493.97
2009-04-28,498.5,505.59,497.48,498.63
2009-04-27,497,504.19,492.19,503.1
2009-04-24,502.5,503.05,492,495.12
2009-04-23,503.5,507.42,497.67,498.85
2009-04-22,505.5,508.15,501,504.11
2009-04-21,506.81,507.81,503,506.41
2009-04-20,500.5,508.65,500.5,507.55
2009-04-17,494.5,503.57,494.5,502.56
2009-04-16,497.5,499.39,494,497.26
2009-04-15,493.5,498.63,491,495.76
2009-04-14,496.5,497,490,494.41
2009-04-13,494.5,497,487.25,490.35
2009-04-10,497.37,500.84,496.54,497.08
2009-04-09,493.73,499.46,490,497.98
2009-04-08,493.65,499,491,494.45
2009-04-07,488.82,495.61,486.5,494.26
2009-04-06,482,490.75,482,488.99
2009-04-03,487.5,491.78,485,486.05
2009-04-02,494.5,495,484.62,486.99
2009-04-01,491.5,497.24,491.5,494.94
2009-03-31,497.5,498,490,494.79
2009-03-30,493.5,499.65,490.49,496.47
2009-03-27,482.5,494.38,481,493.3
2009-03-26,482.5,485.55,479,484.8
2009-03-25,483.5,487.5,479,482.62
2009-03-24,481.5,488.04,479.5,486.81
2009-03-23,482.5,485.29,476,480.85
2009-03-20,478.5,484.98,476,482.9
2009-03-19,502.5,503,476,479.72
2009-03-18,504.5,505,485.77,486.27
2009-03-17,502.5,507,502,503.65
2009-03-16,507.5,508,500,505.67
2009-03-13,507.5,509.56,504,507.07
2009-03-12,512.5,514.88,505.99,508.1
2009-03-11,512.5,519,509.1,510.83
2009-03-10,518.5,519.82,510,516.99
2009-03-09,516.5,522.27,515.03,520.03
2009-03-06,521.93,522.89,513,518.67
2009-03-05,517.39,525.28,517.23,521.85
2009-03-04,521.64,524,517,518.84
2009-03-03,520.69,523.56,516,521.73
2009-03-02,518.5,522.35,518,521.35
2009-02-27,513.9,520.07,513,517.57
2009-02-26,514.91,515.61,510,514.92
2009-02-25,509,516.63,507,516.3
2009-02-24,515.96,517.77,506.5,510.63
2009-02-23,512.5,516.46,503,516.14
2009-02-20,516.94,522.06,508.39,510.31
2009-02-19,522.64,523.31,512,517.69
2009-02-18,520.56,523.85,517,522.72
2009-02-17,512.01,521.89,511.33,520.69
2009-02-16,508.5,515,507.5,513.07
2009-02-13,509.02,511.35,505,509.68
2009-02-12,507.68,515.29,505,509.56
2009-02-11,507.09,510.87,503,508.29
2009-02-10,503.34,510.71,500,508.29
2009-02-09,507.5,509,499,503.92
2009-02-06,511.73,514,504.12,506.92
2009-02-05,509.57,513.71,507,512.79
2009-02-04,502.68,511.59,501,510.83
2009-02-03,509.61,512.8,501.64,502.87
2009-02-02,509.5,516,498.21,510.15
2009-01-30,505.75,513.03,498.21,512.67
2009-01-29,497.9,506.92,492.5,505.86
2009-01-28,497.6,500.38,491.54,499.01
2009-01-27,496.95,500,492.5,497.83
2009-01-26,510.5,511,496.01,498.02
2009-01-23,505.5,513.25,503.83,509.49
2009-01-22,502.03,510,501.95,510
2009-01-21,507.56,511.31,501.26,502.56
2009-01-20,492.5,510.11,492.5,508.93
2009-01-19,495.5,499.69,490.96,499.04
2009-01-16,499.5,500,491.35,492.89
2009-01-15,499.5,502,498.5,502
2009-01-14,494.5,502.5,492.25,502.5
2009-01-13,483.69,497,483.69,497
2009-01-12,482.5,492.5,476.5,492.5
2009-01-09,476.5,484.5,476.5,484.5
2009-01-08,479.5,486,476.5,481
2009-01-07,487.5,490.5,479.5,482.5
2009-01-06,468.3,492.02,468.3,490
2009-01-05,470.5,485.5,468.3,485
2009-01-02,466.5,473,466.44,473
2009-01-01,466.5,468,466.5,468
2008-12-31,461.5,468,461.5,468
2008-12-30,459.5,462.5,459.5,461.32
2008-12-29,468.5,471.5,459.5,462.5
2008-12-26,462.27,471.5,462.27,471.5
2008-12-25,468.5,471.5,468.5,471.5
2008-12-24,468.5,472.15,465.22,471.5
2008-12-23,469.5,472.75,463.57,471.5
2008-12-22,469.5,473.62,464.5,469.5
2008-12-19,446.78,472.5,446.78,472.5
2008-12-18,453.7,454.7,453.7,454.7
2008-12-17,483.5,488,483.5,488
2008-12-16,483.5,488,483.5,488
2008-12-15,487.04,493.79,483.5,488
2008-12-12,495.5,497.6,490,492.5
2008-12-11,505.5,507,494,495.5
2008-12-10,511.5,514,503.75,508
2008-12-09,508,513.5,505,513.5
2008-12-08,515.5,518,505,510
2008-12-05,519.5,523,511,519
2008-12-04,518.5,521.5,514,521
2008-12-03,515.5,520.5,515,520.5
2008-12-02,518.5,524.55,515,519
2008-12-01,514.5,520.5,513.48,518.5
2008-11-28,507.5,517.5,504,516.5
2008-11-27,506.5,509.5,504,508.5
2008-11-26,503,511,502,508.5
2008-11-25,512.5,514,506,507.5
2008-11-24,519.5,522.15,509,514.5
2008-11-21,521.5,524.5,517,523.5
2008-11-20,518.5,524,518.5,523
2008-11-19,517.5,523,515,521.5
2008-11-18,519,521.5,515,516.5
2008-11-17,516.5,521.05,512.02,519
2008-11-14,523.5,526.17,513,518.5
2008-11-13,523.5,528.5,520,526
2008-11-12,515.5,525.5,515.5,525
2008-11-11,508.5,520.5,508.5,518
2008-11-10,510.5,514.34,506,510.5
2008-11-07,515.19,516.02,509,514.68
2008-11-06,509.5,516.59,505,516.59
2008-11-05,507,510.5,499,506.29
2008-11-04,511.5,519.5,502,503.76
2008-11-03,511.98,519.56,508,513.5
2008-10-31,505.5,519.58,505.5,517.5
2008-10-30,499.65,511.47,498,507.86
2008-10-29,524.5,526,503,507.5
2008-10-28,525.5,530.43,519.86,528.5
2008-10-27,519.5,530.5,518.66,529
2008-10-24,510.5,521.98,508.57,519.49
2008-10-23,507.5,516.22,507,512.5
2008-10-22,497.5,512.43,497.5,509.95
2008-10-21,487.5,502.1,487.5,502.1
2008-10-20,488.5,493.41,483,491.71
2008-10-17,484.5,489.69,482.32,489.06
2008-10-16,480.5,489.94,480.5,487.25
2008-10-15,476.5,486.92,476.5,486.92
2008-10-14,480.5,481.48,475,481.45
2008-10-13,484.5,486.42,478,482.19
2008-10-10,478.5,487,476.98,486.5
2008-10-09,480.5,482.66,476,480
2008-10-08,481.5,486,476,484.5
2008-10-07,482,485,476.88,482.19
2008-10-06,471.5,485.77,471.5,485.26
2008-10-03,471.5,478.53,468.59,475.89
2008-10-02,466.5,475.99,466.5,474.62
2008-10-01,463,468.84,461,468.14
2008-09-30,456.5,466.71,453,465.28
2008-09-29,447.5,457,446.05,454.06
2008-09-26,446,450,444.32,448.41
2008-09-25,446,449.33,442,448.9
2008-09-24,444.5,448.62,443,448.5
2008-09-23,443,448.26,441,447.55
2008-09-22,450,451.5,442.93,443.52
2008-09-19,452,461.5,451.87,453.31
2008-09-18,458.5,459,450,457.01
2008-09-17,461,467.12,456.51,463.5
2008-09-16,461,464.3,458,464.3
2008-09-15,465.5,466,458.69,459.19
2008-09-12,469.5,470,460,461.45
2008-09-11,465.5,471.95,465.5,468.41
2008-09-10,463,467.81,461,467.61
2008-09-09,460.5,465.78,460,464
2008-09-08,458.5,466.41,455,464.33
2008-09-05,451.5,460.77,450.77,459.64
2008-09-04,452.5,456.98,449,456.98
2008-09-03,452,455.5,451,452.37
2008-09-02,448.7,453,448,451.56
2008-09-01,444.5,450.2,444.5,448.5
2008-08-29,444.5,447.74,442,447
2008-08-28,444.1,446.55,441,445.94
2008-08-27,448.9,449.4,442,445.24
2008-08-26,443.75,449.4,443.75,447.71
2008-08-25,442.1,445.1,440.61,444.52
2008-08-22,442.1,444.03,438,443.37
2008-08-21,444.75,445.25,439,440.07
2008-08-20,446.3,446.88,442,444.64
2008-08-19,445.5,448,442.78,443.76
2008-08-18,444.75,446.27,443,446.12
2008-08-15,439.5,447.25,439.5,446.39
2008-08-14,439.5,443.34,437,442.48
2008-08-13,439.5,441.67,436,439.69
2008-08-12,436.5,441.5,436.5,439.33
2008-08-11,433.5,440.16,433,439.8
2008-08-08,423.5,437.08,422.95,436.96
2008-08-07,423.5,427.36,422,427.33
2008-08-06,422.5,425.75,420.49,425.55
2008-08-05,420.5,424.37,420,424.29
2008-08-04,421.5,422,418,420.93
2008-08-01,419.5,422.21,419,421.5
2008-07-31,421.5,422,416,420.39
2008-07-30,420,422.37,417.5,420.96
2008-07-29,414,421.5,414,420.61
2008-07-28,415,418,414,416.47
2008-07-25,417,418.3,415,417.53
2008-07-24,417.53,419.32,416,418.19
2008-07-23,411.5,418.3,411.5,417.9
2008-07-22,413,415.73,410,415.38
2008-07-21,414,414.5,410,411.65
2008-07-18,413.5,414.6,411,413.76
2008-07-17,412.5,415.25,411,413.52
2008-07-16,409.5,414.94,409,414.39
2008-07-15,412.1,413.16,407,412.09
2008-07-14,412,413.75,408.97,412.12
2008-07-11,417.5,418,410,411.5
2008-07-10,417,418,413,415.3
2008-07-09,417.5,418.5,415,416.52
2008-07-08,417.5,419.24,414.91,418.46
2008-07-07,417,420.5,415.97,416.89
2008-07-04,415,419.5,411.92,419.5
2008-07-03,414.7,417.98,410,417.85
2008-07-02,413,415.2,411,412.9
2008-07-01,415,416.52,413,415.15
2008-06-30,413,416.7,412,416.44
2008-06-27,415.7,417.25,414,415.2
2008-06-26,418.04,419.13,415.46,416.1
2008-06-25,420,421.23,417.53,418.43
2008-06-24,419,422.5,418,421.28
2008-06-23,419,423.68,417.63,422.7
2008-06-20,420,422.38,417,420.15
2008-06-19,420,424.24,419,422.94
2008-06-18,422,423.68,419.5,422.04
2008-06-17,423.4,423.97,420,422.75
2008-06-16,424,426.15,421,423.87
2008-06-13,424,428.53,421.62,426.41
2008-06-12,422,426.13,422,424.84
2008-06-11,421,423.13,419,421.56
2008-06-10,415,423.86,415,423.5
2008-06-09,415,418.51,412,418.46
2008-06-06,420.11,420.61,415,415.73
2008-06-05,424,426.11,419.89,420.53
2008-06-04,422,425,422,424.7
2008-06-03,419,425.06,418,424.42
2008-06-02,419.05,423.13,419,421.91
2008-05-30,421,423,418.31,421.56
2008-05-29,419,423.38,418,422.73
2008-05-28,414,419.61,414,419.18
2008-05-27,413,418.09,413,417.95
2008-05-26,415.42,416.25,413.52,415.73
2008-05-23,415,416.5,413,415.67
2008-05-22,415,417.69,414,416.78
2008-05-21,415,416.73,414.73,415.25
2008-05-20,420,420.5,417,419.02
2008-05-19,420,423.33,420,422.78
2008-05-16,422,424.07,419.97,420.74
2008-05-15,421,425.17,420,424.48
2008-05-14,422,424.81,422,423.71
2008-05-13,421,424.7,420,423.79
2008-05-12,424,424.81,420,421.72
2008-05-09,423,426.8,419.82,423.6
2008-05-08,426,427.24,423,425.94
2008-05-07,422,426.52,421,425.88
2008-05-06,422,422.89,419,422.26
2008-05-05,422,425.03,421,423.11
2008-05-02,423,426.44,419.13,425.14
2008-05-01,419.25,424.73,417,423.76
2008-04-30,419,422.45,418,419.85
2008-04-29,418,421.47,418,420.96
2008-04-28,417,420.37,416,418.65
2008-04-25,416,420.58,416,419.64
2008-04-24,412,419.05,411,418.14
2008-04-23,409,413.11,408,412.79
2008-04-22,412,412.5,408,410.11
2008-04-21,412,414.48,410,412.09
2008-04-18,409,417.08,409,414.57
2008-04-17,410,413.37,409,412.53
2008-04-16,412,413.5,409,411.11
2008-04-15,412,415.88,411,415.28
2008-04-14,415,416.5,411,414.23
2008-04-11,413,415.23,412,414.6
2008-04-10,413,416.92,412.29,416.49
2008-04-09,415,417.1,413,414.2
2008-04-08,416.84,418.06,414,417.31
2008-04-07,417,418.5,414.17,417.66
2008-04-04,416,419.41,414,416.62
2008-04-03,417,421.5,417,418.09
2008-04-02,420,420.74,417,417.85
2008-04-01,415,421.12,412.66,420.04
2008-03-31,413,415.65,411,415.49
2008-03-28,414,416.23,412,415.04
2008-03-27,413,416.55,413,415.57
2008-03-26,419,419.5,413.02,413.78
2008-03-25,420,421.18,418.44,418.94
2008-03-24,424.64,425.14,424.64,425.14
2008-03-21,422,424.95,422,424.51
2008-03-20,419,425.66,419,424.92
2008-03-19,416,419.1,414,419.1
2008-03-18,415,418.97,412,418.97
2008-03-17,415.97,417.82,414,416.86
2008-03-14,418,423.58,417,418.35
2008-03-13,419.87,421.37,418,419.34
2008-03-12,425,425.5,421,422.21
2008-03-11,425,428.67,421,427.61
2008-03-10,424,427.64,424,427.38
2008-03-07,425.77,428.29,423,427.27
2008-03-06,429.07,429.57,425,426.11
2008-03-05,430.37,431.89,427,429.51
2008-03-04,430.96,431.89,428,430.98
2008-03-03,429,432.06,428,431.15
2008-02-29,430.96,433.51,429,431.92
2008-02-28,433.08,434.18,430.14,430.9
2008-02-27,437.31,437.92,431,433.58
2008-02-26,441.68,442.5,437.31,438.13
2008-02-25,440,442.83,440,442.27
2008-02-22,444.35,444.85,440,442.12
2008-02-21,445.23,445.73,441,442.66
2008-02-20,444.77,448.26,444,445.82
2008-02-19,444,445.27,444,445.24
2008-02-18,446,448.41,443.93,447.58
2008-02-15,446.05,449.27,444,446.52
2008-02-14,449.48,449.98,447,447.98
2008-02-13,449.26,451.19,447,450.07
2008-02-12,451.15,451.88,447,449.67
2008-02-11,448,452.43,448,451.44
2008-02-08,452.31,452.93,446.97,451.9
2008-02-07,447.73,454,446,452.65
2008-02-06,447.14,448.66,445,448.44
2008-02-05,441.68,448.38,440.31,447.52
2008-02-04,435.88,442.8,435.88,442.24
2008-02-01,440.67,442.5,437,441.5
2008-01-31,440.72,442.8,438,441.22
2008-01-30,443.26,443.82,440.19,440.78
2008-01-29,443.05,444.7,442,443.76
2008-01-28,444,446.5,442,443.52
2008-01-25,443.9,447.47,443,446.91
2008-01-24,447.69,448.5,443.38,443.97
2008-01-23,447.79,451.44,446,448.07
2008-01-22,453,455.5,446,447.95
2008-01-21,446.76,454.19,445.82,454.1
2008-01-18,447.36,448.84,444,448.84
2008-01-17,447.05,448.5,444,447.31
2008-01-16,442.48,448.04,440,447.28
2008-01-15,440.52,442.98,438,442.98
2008-01-14,439,443.6,438,441.08
2008-01-11,442.33,446.22,441,443.79
2008-01-10,446.56,447.49,442.24,442.95
2008-01-09,445.35,447.74,443,447.25
2008-01-08,445.74,446.24,442.21,445.82
2008-01-07,444,446.7,442.21,446.15
2008-01-04,443,446,441,444.7
2008-01-03,444.86,445.76,442,444.67
2008-01-02,445,447.74,443,445.3
2008-01-01,448,449.5,448,449.5
2007-12-31,443,449.5,443,448.5
2007-12-28,447.85,451.53,444,445.6
2007-12-27,452.06,452.56,447,448.81
2007-12-26,453,454,451,452.53
2007-12-25,454,455.5,453,455.5
2007-12-24,454,456.78,453,455.17
2007-12-21,457.15,457.65,453,456.63
2007-12-20,455.33,458.06,454,457.93
2007-12-19,454.41,457.2,453,456.09
2007-12-18,454.83,455.61,453,455.17
2007-12-17,453,456.69,451.74,455.42
2007-12-14,447.6,454.22,445.97,454.03
2007-12-13,445.32,449.18,443,448.26
2007-12-12,446.9,447.4,443,445.88
2007-12-11,445.29,447.8,443,447.52
2007-12-10,446,447.22,443,445.6
2007-12-07,447.66,449.06,445,447.43
2007-12-06,448.22,450.78,446,448.13
2007-12-05,444,449.18,443,449.05
2007-12-04,446,446.5,443,444.13
2007-12-03,444,447.94,440.91,447.12
2007-11-30,444.23,448.26,442,448.1
2007-11-29,441.35,444.94,440,444.88
2007-11-28,441.8,444.7,440.93,442.06
2007-11-27,440.37,442.74,438,442.21
2007-11-26,440,442.06,439,440.69
2007-11-23,438,443.1,438,441.91
2007-11-22,441,442.5,440,441.5
2007-11-21,441.29,443.25,440,441.46
2007-11-20,446.66,447.16,441.8,442.3
2007-11-19,447,448.1,444.52,447.12
2007-11-16,448.25,448.75,445,447.49
2007-11-15,447.02,448.72,446,448.44
2007-11-14,448.59,449.09,444,447.52
2007-11-13,447,449.42,446,448.99
2007-11-12,446,451.22,444.05,451.13
2007-11-09,446.38,447.64,443,446.85
2007-11-08,447.45,448.04,444,446.82
2007-11-07,449.97,450.47,444,447.77
2007-11-06,452.72,453.22,449,450.51
2007-11-05,451,453.4,449.14,453.18
2007-11-02,451,453.68,450,452.12
2007-11-01,451,455.04,451,454.54
2007-10-31,452,454.69,451,452.65
2007-10-30,454,455.83,453,454.32
2007-10-29,453,455.86,452,454.5
2007-10-26,456,456.97,454,455.58
2007-10-25,458,458.64,456,457.77
2007-10-24,459,461.63,458,459.64
2007-10-23,460,461.5,458,459.67
2007-10-22,456,464.13,455.69,462.2
2007-10-19,456,460.12,456,458.51
2007-10-18,459,460.18,457,458.8
2007-10-17,460,462.77,459,461.48
2007-10-16,460,463.54,459,462.85
2007-10-15,460,462.31,459,461.58
2007-10-12,460,463.01,459.82,462.65
2007-10-11,460,463.25,459,461.9
2007-10-10,463,464.16,461,463.57
2007-10-09,466,467.71,461.09,464.85
2007-10-08,463,467.11,463,466.97
2007-10-05,463,465.5,461,463.83
2007-10-04,464,465.58,462,463.87
2007-10-03,460,465.55,460,465.38
2007-10-02,460,463.47,460,463.31
2007-10-01,458,461.25,456.82,460.74
2007-09-28,461,463.55,458.98,459.67
2007-09-27,461,463.83,461,463.18
2007-09-26,463,464.59,462,464.16
2007-09-25,465,465.5,462,463.73
2007-09-24,463,465.78,462,465.58
2007-09-21,464,467.69,463,465.38
2007-09-20,468.98,469.58,464,466.14
2007-09-19,468,470.32,468,469.78
2007-09-18,472.51,473.6,468.31,468.81
2007-09-17,471,473.21,470,472.87
2007-09-14,470,473.6,469.23,472.63
2007-09-13,471.04,472.77,469,472.19
2007-09-12,471,472.77,470,471.58
2007-09-11,473,475.14,472,473.83
2007-09-10,473.38,476.06,473,475.23
2007-09-07,478,479.65,473,476.31
2007-09-06,479,483.53,477,478.88
2007-09-05,481,482.97,479,480.57
2007-09-04,481,484.07,480,481.91
2007-09-03,478,481.87,478,481.87
2007-08-31,478,481.24,477,481.24
2007-08-30,479,482.3,478,481.2
2007-08-29,481,482.11,478,479.48
2007-08-28,480,482.98,478,481.4
2007-08-27,478,480.81,476.59,480.43
2007-08-24,481,483.63,478.91,479.41
2007-08-23,482,483.94,481,483.4
2007-08-22,484,486.67,482,484.19
2007-08-21,484,487.07,483,487.03
2007-08-20,485,487.1,483.69,486.56
2007-08-17,487.84,489.65,484,486.63
2007-08-16,487,489.72,486,488.55
2007-08-15,484,487.75,484,487.75
2007-08-14,481,483.22,480,483.22
2007-08-13,478,482.01,478,481.87
2007-08-10,478,480.53,477,478.92
2007-08-09,474,478.67,473,478.64
2007-08-08,476,476.5,473,475.23
2007-08-07,474,477.38,473,477.38
2007-08-06,473,475.85,472,475.44
2007-08-03,478.38,479.61,474,476.06
2007-08-02,479.15,480.32,477,478.53
2007-08-01,478.94,480.57,477,479.86
2007-07-31,477,479.58,476,479.58
2007-07-30,478,480.71,477,478.78
2007-07-27,477,481.1,477,480.88
2007-07-26,476,478.95,475.98,477.21
2007-07-25,474,478.55,474,478.5
2007-07-24,474.32,474.82,472,474.37
2007-07-23,473,475.3,471.36,474.92
2007-07-20,474,474.86,472,474.2
2007-07-19,474,475.27,472,475.06
2007-07-18,473,476.51,473,474.99
2007-07-17,475,476.27,474,475.82
2007-07-16,475,476.1,472.86,476.1
2007-07-13,475,475.96,473,475.79
2007-07-12,474,476.48,473,475.61
2007-07-11,476.08,477.17,474,477.03
2007-07-10,479,480.5,476.5,477
2007-07-09,480,481.52,478.25,481.24
2007-07-06,480,482.94,478.85,481.2
2007-07-05,479,482.9,478,482.3
2007-07-04,479,481.5,479,481.5
2007-07-03,480,482.82,479,481.77
2007-07-02,482,483.53,479,481.31
2007-06-29,487.15,487.65,483,484.22
2007-06-28,487,488.3,485,487.61
2007-06-27,486,488.35,486,487.46
2007-06-26,485,487.55,485,487.36
2007-06-25,485,487.72,485,487.1
2007-06-22,487,488.56,485,486.85
2007-06-21,488,490.39,487,489.8
2007-06-20,486,489.5,486,489.21
2007-06-19,486,490.75,486,488.37
2007-06-18,488,489.5,487,488.77
2007-06-15,490,492.56,489,489.8
2007-06-14,492,493.7,491,492.67
2007-06-13,491,494.12,491,492.7
2007-06-12,490,492.96,489,492.96
2007-06-11,490,491.5,489,490.5
2007-06-08,488,490.64,487,490.49
2007-06-07,485,488.44,485,488.12
2007-06-06,484,486.09,483,485.62
2007-06-05,483,485.85,482,484.83
2007-06-04,486,487.66,484,486.09
2007-06-01,487.58,489.43,485.04,487.57
2007-05-31,486,487.9,485,487.43
2007-05-30,486,488.88,486,488.3
2007-05-29,485,487.68,483,487.57
2007-05-28,485,487.46,485,487.39
2007-05-25,487.76,488.41,484.9,487.86
2007-05-24,486.71,488.59,485,488.3
2007-05-23,487.07,487.57,484,487.17
2007-05-22,485,487.79,485,487.57
2007-05-21,483,487.9,482.48,486.92
2007-05-18,485,486.67,482.41,485.48
2007-05-17,482,486.93,482,485.98
2007-05-16,481,485.41,480,485.08
2007-05-15,483,484.96,480,482.37
2007-05-14,482,484.61,481.89,484.08
2007-05-11,485,486.93,482.11,484.83
2007-05-10,484.22,486.74,483.9,486.31
2007-05-09,483.65,485.14,483.12,484.72
2007-05-08,481.59,484.98,481.59,484.15
2007-05-07,482.05,482.55,479.53,482.09
2007-05-04,483.44,483.94,481.55,482.48
2007-05-03,481.98,483.94,481.2,483.94
2007-05-02,481.66,483.15,480.55,482.48
2007-05-01,479.89,482.41,479.15,482.16
2007-04-30,479.89,481.91,477.39,480.39
2007-04-27,481.44,481.94,479.15,480.39
2007-04-26,480.38,482.58,480.38,481.94
2007-04-25,480.24,481.02,479.64,480.88
2007-04-24,482.47,483.35,480.14,480.74
2007-04-23,482.12,483.87,482.12,482.97
2007-04-20,481.27,482.62,481.27,482.62
2007-04-19,481.87,482.58,481.23,481.77
2007-04-18,481.69,483.29,481.3,481.8
2007-04-17,483.58,484.08,481.98,483.37
2007-04-16,483.44,484.62,481.77,484.51
2007-04-13,483.58,487.09,483.58,484.62
2007-04-12,486.46,487.32,485.3,486.27
2007-04-11,488.24,488.85,487.47,488.3
2007-04-10,488.24,488.81,487.11,487.97
2007-04-09,489.92,491.45,489.74,491.01
2007-04-06,488.13,494.98,487.06,494.18
2007-04-05,489.77,491.21,487.44,488.3
2007-04-04,490.84,491.34,489.74,490.49
2007-04-03,490.14,492.08,489.81,491.93
2007-04-02,490.4,490.9,489.7,490.46
2007-03-30,492.17,493.45,489.26,491.04
2007-03-29,491.95,492.7,490.69,491.89
2007-03-28,490.69,492.59,490.14,492.52
2007-03-27,490.73,491.89,490.1,490.6
2007-03-26,493.58,494.41,491.06,491.96
2007-03-23,491.87,493.67,487.66,493.45
2007-03-22,490.36,492.45,489.96,491.89
2007-03-21,492.61,493.33,489.26,489.91
2007-03-20,493.17,493.67,491.8,492.33
2007-03-19,492.91,493.59,489.39,493.07
2007-03-16,491.5,495.79,491.21,492.63
2007-03-15,495.64,496.32,494.51,495.39
2007-03-14,496.92,497.57,494.66,495.87
2007-03-13,496.8,497.38,495.56,496.89
2007-03-12,497.18,499.66,496.58,497.08
2007-03-09,498.89,500.84,497.82,500.11
2007-03-08,497.1,499.77,497.1,499.42
2007-03-07,499.04,499.54,496.95,497.6
2007-03-06,500.45,501.3,499.08,499.58
2007-03-05,500.57,501.41,499.65,500.91
2007-03-02,496.8,498.29,496.35,497.04
2007-03-01,495.41,498.29,495.15,497.34
2007-02-28,494.7,496.85,494.7,495.54
2007-02-27,495.82,496.32,494.21,495.31
2007-02-26,497.86,498.47,494.99,497.38
2007-02-23,499.15,500.19,496.9,498.02
2007-02-22,498.58,500.72,498.54,499.65
2007-02-21,499.11,500,498.24,499.08
2007-02-20,498.58,499.39,498.09,499.12
2007-02-19,498.66,499.31,497.97,498.63
2007-02-16,498.39,500.42,498.39,499.12
2007-02-15,498.92,499.46,497.56,498.89
2007-02-14,501.5,502,498.32,499.5
2007-02-13,505.36,505.86,502.33,502.99
2007-02-12,505.87,506.64,505.24,505.9
2007-02-09,502.37,505,501,504.23
2007-02-08,503.65,504.15,502.37,502.87
2007-02-07,504.54,505.47,503.11,503.61
2007-02-06,506.69,507.19,504.47,505.2
2007-02-05,502.83,507.82,502.83,507.19
2007-02-02,503.07,506.33,500.54,505.71
2007-02-01,504,504.5,502.03,503.61
2007-01-31,505.21,507.42,502.6,503.1
2007-01-30,505.6,508.01,504.82,505.78
2007-01-29,507.05,508.02,504.56,506.25
2007-01-26,506.57,508.61,502.7,507.62
2007-01-25,505.05,507.51,504.35,507.07
2007-01-24,502.91,506.37,502.91,505.78
2007-01-23,505.99,506.84,502.33,503.45
2007-01-22,503,507.19,503,506.14
2007-01-19,505.4,507.66,503.54,505.71
2007-01-18,506.81,508.01,505.21,505.98
2007-01-17,507.9,508.4,505.91,506.76
2007-01-16,505.75,507.9,505.01,507.23
2007-01-15,506.22,507.15,504.31,507.07
2007-01-12,508.22,509.48,506.26,507.7
2007-01-11,505.55,508.89,504.23,508.53
2007-01-10,504.77,507.07,504.12,506.76
2007-01-09,502.95,504.89,502.88,504.5
2007-01-08,504.19,505.04,496.25,503.68
2007-01-05,500.68,504.81,496.32,504.27
2007-01-04,497.44,501.33,494.13,501.26
2007-01-03,493.47,498.66,493.47,498.21
2007-01-02,493.76,494.26,492.91,493.93
2007-01-01,496.58,497.08,496.58,497.08
2006-12-29,498.16,498.66,496.2,497.08
2006-12-28,499.53,500.03,496.5,498.78
2006-12-27,500.18,500.68,498.92,499.69
2006-12-26,498.7,500.8,498.54,500.45
2006-12-25,499,499.5,499,499.5
2006-12-22,497.33,500.03,496.05,499.5
2006-12-21,497.48,498.97,497.1,497.91
2006-12-20,495.97,498.21,495.64,497.83
2006-12-19,500.18,500.68,495.75,497.04
2006-12-18,498.27,502.26,498.27,500.57
2006-12-15,498.43,501.87,493.88,501.22
2006-12-14,495.79,498.93,495.79,498.78
2006-12-13,493.28,496.96,493.09,496.17
2006-12-12,494.92,495.76,493.02,493.78
2006-12-11,495.93,497.19,493.66,495.42
2006-12-08,492.95,496.85,490.39,496.7
2006-12-07,493.21,493.86,492.46,493.52
2006-12-06,491.83,494.38,491.83,493.33
2006-12-05,491.13,493.19,490.54,492.19
2006-12-04,488.63,493.22,488.63,492.11
2006-12-01,494.74,497.05,491.02,491.74
2006-11-30,495.94,497.08,493.84,495.16
2006-11-29,497.97,499.16,497.29,498.66
2006-11-28,498.81,499.31,496.01,496.7
2006-11-27,499.95,500.45,497.67,499.35
2006-11-24,505.92,506.42,499.92,500.8
2006-11-23,506.5,507,506.5,507
2006-11-22,508.39,508.93,505.6,507
2006-11-21,511.17,512.23,509.85,510.51
2006-11-20,508.08,511.99,508.08,511.79
2006-11-17,512.05,514.17,508.7,511.35
2006-11-16,511.53,512.75,510.85,512.55
2006-11-15,512.29,513.19,510.73,511.27
2006-11-14,511.39,512.27,509.22,511.63
2006-11-13,511.06,512.35,507.54,512.11
2006-11-10,510.69,512.97,508.78,510.55
2006-11-09,513.07,513.71,510.13,511.27
2006-11-08,512.87,514.16,512.33,513.99
2006-11-07,514.27,514.77,511.37,513.47
2006-11-06,514.88,517,512.52,515.37
2006-11-03,512.61,516.75,512.61,515.65
2006-11-02,513.17,514.77,512.49,513.27
2006-11-01,513.29,514.77,512.37,514.16
2006-10-31,514.87,517,512.61,513.75
2006-10-30,514.5,516.22,511.55,515.08
2006-10-27,515.47,517.08,513.98,514.8
2006-10-26,517.76,521.51,515.88,516.63
2006-10-25,520.73,521.6,520.11,521.15
2006-10-24,522.43,523.14,520.94,522.1
2006-10-23,522.47,522.97,516.53,522.52
2006-10-20,521.31,521.81,518.71,519.95
2006-10-19,521.84,522.34,518.34,519.37
2006-10-18,523.09,524.36,522.18,523.31
2006-10-17,522.89,523.89,521.39,522.77
2006-10-16,520.88,524.85,520.88,523.31
2006-10-13,522.67,525.15,520.09,524.19
2006-10-12,523.09,523.6,521.73,522.35
2006-10-11,522.06,524.31,521.81,524.06
2006-10-10,522.56,523.56,522.39,523.1
2006-10-09,517.23,520.73,517.23,520.44
2006-10-06,515.62,521.35,513.25,520.44
2006-10-05,516.17,516.79,516.05,516.59
2006-10-04,516.86,517.48,515.19,515.73
2006-10-03,514.18,515.49,514.14,515.08
2006-10-02,516.25,520.87,513.57,514.76
2006-09-29,515.3,518.71,512.94,517.4
2006-09-28,515.48,517.08,515.35,516.26
2006-09-27,516.17,517.28,515.48,516.34
2006-09-26,516.09,517.73,515.88,516.99
2006-09-25,512.97,515.08,509.83,514.48
2006-09-22,512.28,515.13,511.13,511.87
2006-09-21,514.83,515.77,511.97,513.07
2006-09-20,516.78,517.36,515.07,516.91
2006-09-19,517.31,518.3,515.35,516.95
2006-09-18,517.35,517.85,514.74,516.14
2006-09-15,515.47,519.12,513.1,517.65
2006-09-14,514.87,516.38,513.86,515.49
2006-09-13,516.45,517.44,515.31,516.79
2006-09-12,515.31,517.32,514.87,516.91
2006-09-11,515.07,517.11,514.25,516.26
2006-09-08,515.23,517.97,515.15,517.44
2006-09-07,514.3,515.98,513.61,515.25
2006-09-06,511.65,513.35,511.21,512.07
2006-09-05,510.69,512.27,510.61,511.59
2006-09-04,509.34,510.46,507.75,508.13
2006-09-01,510.97,513.79,508.12,511.27
2006-08-31,510.08,512.71,508.74,511.71
2006-08-30,511.17,511.75,510.09,510.99
2006-08-29,512.07,514.2,510.41,511.43
2006-08-28,511.06,513.91,511.06,513.03
2006-08-25,513.67,515.08,509.82,514.2
2006-08-24,511.07,514.24,510.45,513.75
2006-08-23,510.97,513.03,510.17,512.87
2006-08-22,510.67,512.83,509.97,512.35
2006-08-21,508.2,511.5,506.61,508.69
2006-08-18,510.77,512.83,507.21,511.23
2006-08-17,509.1,511.67,508.5,511.23
2006-08-16,512.61,513.11,509.34,510.67
2006-08-15,515.48,515.98,511.97,512.87
2006-08-14,512.41,515.94,512.41,515.94
2006-08-11,512.89,515.53,507.54,515.53
2006-08-10,509.3,514.2,509.18,512.63
2006-08-09,508.31,510.07,508.07,509.88
2006-08-08,510.13,511.75,509.14,510.83
2006-08-07,508.56,514.37,506.23,510.67
2006-08-04,512.13,512.87,507.52,509.28
2006-08-03,512.77,513.35,510.73,512.11
2006-08-02,511.73,513.23,511.25,512.95
2006-08-01,513.13,515,510.69,511.19
2006-07-31,513.61,514.52,511,513.39
2006-07-28,517.23,517.89,512.39,513.87
2006-07-27,514.88,517.12,513.13,516.67
2006-07-26,520.6,521.15,515.31,515.81
2006-07-25,518.75,521.85,517.64,521.35
2006-07-24,519.98,520.02,513.55,515.96
2006-07-21,516.78,519.64,516.13,516.63
2006-07-20,518.46,519.58,517.88,519.08
2006-07-19,524.53,525.95,519.78,520.4
2006-07-18,523.09,525.24,521.93,524.52
2006-07-17,517.6,523.89,517.6,523.89
2006-07-14,516.9,519.29,516.62,518.34
2006-07-13,517.07,517.57,515.07,516.87
2006-07-12,515.07,517.12,514.58,516.26
2006-07-11,513.74,515.49,512.81,513.31
2006-07-10,508.74,515.37,508.74,515
2006-07-07,513.46,514.52,509.42,511.95
2006-07-06,514.22,515.12,512.65,513.15
2006-07-05,513.86,516.14,513.57,515.53
2006-07-04,511.61,512.11,511.61,512.11
2006-07-03,509.54,513.19,509.54,512.11
2006-06-30,515.48,516.02,512.09,512.59
2006-06-29,523.1,523.6,517.56,518.06
2006-06-28,521.23,523.89,521.14,522.27
2006-06-27,520.98,522.14,519.74,521.31
2006-06-26,521.6,524.01,519.9,521.19
2006-06-23,516.27,525.36,516.27,523.98
2006-06-22,521.01,522.18,520.19,521.44
2006-06-21,519.36,519.86,516.82,517.97
2006-06-20,521.84,522.34,519.41,521.23
2006-06-19,517.81,522.35,515.44,521.35
2006-06-16,517.8,519.75,516.87,518.92
2006-06-15,520.27,520.94,517.97,519.66
2006-06-14,521.18,523.02,518.46,520.52
2006-06-13,520.73,523.35,519.32,523.23
2006-06-12,515.8,521.51,515.8,521.39
2006-06-09,517.52,520.24,516.58,518.88
2006-06-08,513.91,519.29,513.91,518.43
2006-06-07,511.97,513.75,511.33,512.91
2006-06-06,509.48,511.83,508.94,511.03
2006-06-05,506.26,507.04,505.36,506.06
2006-06-02,511.09,512.76,506.42,507.43
2006-06-01,513.86,515.29,511.13,512.15
2006-05-31,509.38,512.03,508.86,512.03
2006-05-30,509.49,511.71,507.64,509.52
2006-05-29,511.74,514.6,511.74,513.96
2006-05-26,511.13,515.85,510.54,515.17
2006-05-25,513.09,513.95,511.37,512.51
2006-05-24,510.07,515.04,508.23,514.2
2006-05-23,509.89,511.63,508.86,511.07
2006-05-22,513.87,514.37,508.78,509.68
2006-05-19,510.31,516.14,510.31,513.35
2006-05-18,513.17,513.79,509.85,510.39
2006-05-17,508.07,516.18,507.2,514.48
2006-05-16,511.67,512.17,509.3,509.95
2006-05-15,511.41,513.07,504.18,512.75
2006-05-12,512.86,513.54,506.89,507.62
2006-05-11,515.19,517.5,509.3,510.83
2006-05-10,512.57,513.31,511.17,513.07
2006-05-09,515.88,517.77,512.89,513.83
2006-05-08,512.15,516.34,512.15,515.98
2006-05-05,518.35,518.85,513.49,515.21
2006-05-04,519.94,520.9,514.91,516.59
2006-05-03,519.36,520.81,517.11,519.29
2006-05-02,518.99,520.15,517.68,520.07
2006-05-01,519.36,522.31,517.11,520.98
2006-04-28,523.01,525.91,518.54,519.04
2006-04-27,527.5,528.41,522.14,523.1
2006-04-26,527.74,529.18,525.5,526.76
2006-04-25,528.68,529.82,526.68,527.56
2006-04-24,530.46,531.28,527.83,529.01
2006-04-21,528.15,532.75,528.15,531.5
2006-04-20,531.56,533.58,530.74,532.58
2006-04-19,530.96,533.62,528.64,529.69
2006-04-18,534.56,535.06,530,532.1
2006-04-17,537.37,538.13,533.34,535.28
2006-04-14,541.28,542.05,540.79,541.6
2006-04-13,541.59,543.26,540.79,541.47
2006-04-12,539.4,543.5,539.4,541.56
2006-04-11,540.79,542.5,539.14,539.73
2006-04-10,538.98,542.95,538.98,541.51
2006-04-07,537.99,542.23,533.72,542.18
2006-04-06,532.17,537.43,531.95,536.24
2006-04-05,534.38,535.01,532.51,533.71
2006-04-04,539.62,540.12,533.86,535.01
2006-04-03,543.69,544.19,532.48,540.31
2006-03-31,538.65,542.54,538.65,541.15
2006-03-30,544.75,545.25,538.38,538.88
2006-03-29,546.16,546.77,543.98,545.16
2006-03-28,541.95,546.16,541.46,546.16
2006-03-27,545.5,546.29,536.11,545.84
2006-03-24,535.43,548.17,535.43,544.8
2006-03-23,543.21,548.49,542.99,547.71
2006-03-22,541.86,543.51,541.23,542.95
2006-03-21,538.47,542.86,538.47,542.5
2006-03-20,534.69,539.68,529.38,538.93
2006-03-17,538.21,542.29,533.59,537.91
2006-03-16,542.81,543.53,537.54,538.62
2006-03-15,545.48,546.02,542.63,543.26
2006-03-14,548.92,549.42,544.93,545.7
2006-03-13,550.39,550.89,541.91,548.3
2006-03-10,550.15,552.74,540.85,550.38
2006-03-09,549.28,550.84,548.95,550.56
2006-03-08,551.27,551.77,549.14,549.64
2006-03-07,545.2,552.37,545.2,551.77
2006-03-06,535.55,548.72,535.55,545.7
2006-03-03,544.3,548.86,540.06,544.75
2006-03-02,549.38,550.05,544.02,544.52
2006-03-01,549.55,551.07,547.53,550.52
2006-02-28,553.04,553.54,542.5,550.15
2006-02-27,551.24,553.72,543.28,553.58
2006-02-24,549.46,553.46,541.12,552.37
2006-02-23,548,551.47,547.62,550.15
2006-02-22,550.11,552.65,549.69,550.56
2006-02-21,548.86,551.47,545,550.52
2006-02-20,548.91,550.45,540.89,549.41
2006-02-17,548.8,553.35,542.98,549.64
2006-02-16,550.99,553.5,550.76,551.26
2006-02-15,550.15,552.32,548,551.63
2006-02-14,550.52,552.51,549.78,550.38
2006-02-13,541.97,552.42,541.97,550.89
2006-02-10,546.84,551.26,538.87,551.02
2006-02-09,547.62,548.67,546.75,547.25
2006-02-08,546.93,550.05,546.93,548.72
2006-02-07,548,548.67,546.57,547.57
2006-02-06,536.53,548.9,536.53,548.12
2006-02-03,541.86,547.57,534.54,545.39
2006-02-02,543.08,544.07,541.32,542.09
2006-02-01,538.92,543.89,538.92,543.8
2006-01-31,541.86,542.36,537.81,539.46
2006-01-30,542,543.26,533.33,542.45
2006-01-27,536.88,542.27,533.06,541.73
2006-01-26,535.08,537.21,534.38,536.99
2006-01-25,533.47,535.84,532.43,535.45
2006-01-24,532.38,534.97,532.38,533.97
2006-01-23,537.1,540.07,531.77,532.71
2006-01-20,541.59,543.35,533.33,540.35
2006-01-19,542.4,543.8,540.65,542
2006-01-18,541.23,542.99,539,541.73
2006-01-17,542.09,544.12,541.23,541.73
2006-01-16,531.39,544.77,539.39,544.77
2006-01-13,543.26,544.75,538.25,540.39
2006-01-12,540.43,545.93,539.81,544.98
2006-01-11,542.99,543.49,539.72,540.93
2006-01-10,542.18,544.66,542.18,543.4
2006-01-09,542.35,543.04,531.01,542.59
2006-01-06,541.19,542.38,533.04,538.73
2006-01-05,540.52,543.27,540.45,541.82
2006-01-04,545.34,545.84,539.72,540.75
2006-01-03,545,552.51,544.61,545.98
2006-01-02,553.32,553.82,553.32,553.82
2005-12-30,553.18,556.69,543.32,553.68
2005-12-29,553.6,554.52,552.04,553.72
2005-12-28,553.93,555.18,549.02,554.1
2005-12-27,552.38,554.47,543.48,554.47
2005-12-26,552.24,552.74,552.24,552.74
2005-12-23,553.27,554.1,551.73,552.74
2005-12-22,553.97,555.13,551.08,552.56
2005-12-21,551.92,555.74,551.78,554.19
2005-12-20,545.66,553.72,545.66,552.56
2005-12-19,542.56,547.57,537.56,546.39
2005-12-16,546.61,548.03,545.11,545.84
2005-12-15,545.93,549.27,545.43,547.57
2005-12-14,548.59,549.09,543.39,546.39
2005-12-13,548.08,550.1,547.12,549.45
2005-12-12,551.74,554.77,547.03,548.72
2005-12-09,554.64,557.7,548.76,555.27
2005-12-08,558.94,559.49,553.13,554.43
2005-12-07,556.05,560.49,555.9,559.49
2005-12-06,555.76,557.82,554.16,556.21
2005-12-05,550.68,559.27,550.68,556.55
2005-12-02,558.32,561.7,558.29,559.78
2005-12-01,558.94,560.73,557.99,559.01
2005-11-30,556.42,557.63,555.2,556.36
2005-11-29,553.04,558.2,552.76,556.5
2005-11-28,559.13,559.73,550.38,553.49
2005-11-25,555.44,561.185,555.44,561.185
2005-11-24,554.44,554.94,554.44,554.94
2005-11-23,554.49,557.02,554.3,554.8
2005-11-22,560.09,560.83,554.44,555.08
2005-11-21,547.77,559.49,547.77,559.11
2005-11-18,554.57,561.84,548.7,557.16
2005-11-17,561.58,562.13,557.04,557.82
2005-11-16,559.04,562.76,559.04,561.84
2005-11-15,560.52,562.8,558.75,559.49
2005-11-14,558.87,562.13,550.58,560.93
2005-11-11,560.76,561.31,551.99,559.39
2005-11-10,556.94,561.36,555,561.21
2005-11-09,556.09,559.44,555.9,557.35
2005-11-08,558.18,558.68,555.53,556.55
2005-11-07,554.87,556.78,554.16,555.37
2005-11-04,540.11,555.37,540.11,554.76
2005-11-03,542.72,548.63,542.72,548.53
2005-11-02,546.34,546.93,542.45,543.4
2005-11-01,546.39,547.21,545.02,545.88
2005-10-31,544.66,547.8,534.87,547.07
2005-10-28,539.14,544.03,531.43,543.4
2005-10-27,540.21,540.88,538.43,540.17
2005-10-26,542.72,543.98,541.64,543.4
2005-10-25,544.52,545.52,540.92,541.64
2005-10-24,545.93,549.18,540.29,547.3
2005-10-21,545.16,549.59,544.16,548.67
2005-10-20,547.76,548.67,545.02,545.52
2005-10-19,548.26,549.32,547.39,547.89
2005-10-18,548.86,550.1,547.58,548.4
2005-10-17,542.13,545.43,534.07,545.39
2005-10-14,536.03,546.89,542.68,543.08
2005-10-13,547.07,550.28,544.43,545.39
2005-10-12,545.29,546.29,544.11,545.25
2005-10-11,544.66,547.48,544.57,546.75
2005-10-10,542.31,544.61,532.57,543.94
2005-10-07,538.92,541.87,529.6,541.15
2005-10-06,543.3,544.21,537.15,538.4
2005-10-05,548.17,549.59,546.71,547.71
2005-10-04,549.05,550.47,548.68,550.24
2005-10-03,541.98,550.89,536.38,550.19
2005-09-30,543.53,546.29,542.09,545.25
2005-09-29,543.44,545.98,543.26,545.11
2005-09-28,544.75,546.57,544.02,544.75
2005-09-27,545.38,547.25,544.89,545.88
2005-09-26,541.49,545.2,535.8,543.13
2005-09-23,540.88,544.66,530.86,544.48
2005-09-22,535.78,540.17,535.74,539.55
2005-09-21,536.4,537.69,535.34,536.77
2005-09-20,538.65,541.33,537.68,541.24
2005-09-19,539.98,540.8,527.13,540.17
2005-09-16,536.05,540.77,527.69,532.41
2005-09-15,535.96,537.47,535.48,536.59
2005-09-14,533.34,534.27,531.65,533.62
2005-09-13,533.73,535.19,533.08,534.71
2005-09-12,519.62,534.36,519.62,533.88
2005-09-09,528.55,529.31,526.51,528.33
2005-09-08,527.91,529.52,526.38,528.93
2005-09-07,525.54,528.33,525.54,528.2
2005-09-06,525.2,526.04,523.69,525.95
2005-09-05,514.6,524.02,514.6,523.1
2005-09-02,516.5,524.88,516.5,523.1
2005-09-01,528.81,529.52,523.9,524.99
2005-08-31,536.53,537.29,530.22,531.15
2005-08-30,537.68,538.57,535.87,536.59
2005-08-29,525.16,538.53,525.16,538.53
2005-08-26,524.48,537.785,524.48,537.785
2005-08-25,532.86,534.53,531.91,532.62
2005-08-24,536.75,537.34,533.68,534.32
2005-08-23,535.13,537.56,535.13,536.15
2005-08-22,530.38,538.98,530.38,536.37
2005-08-19,537.76,540.31,537.45,539.19
2005-08-18,536.27,539.33,536.09,538.62
2005-08-17,532.9,534.79,532.34,534.62
2005-08-16,531.43,533.01,529.97,530.72
2005-08-15,526.15,531.07,518.24,530.21
2005-08-12,522.98,529.18,517.53,527.18
2005-08-11,527.74,528.67,525.2,525.79
2005-08-10,529.07,531.54,528.25,530.04
2005-08-09,529.79,531.8,529.45,530.17
2005-08-08,537,537.5,522.31,530.64
2005-08-05,529.28,532.41,521.09,530.72
2005-08-04,531.26,532.62,522.94,529.52
2005-08-03,534.56,537.51,528.95,531.54
2005-08-02,536.09,541.35,529.34,537.65
2005-08-01,535.69,539.06,532.78,538.13
2005-07-29,541.32,542.09,531.43,541.06
2005-07-28,542.4,542.9,534.25,540.31
2005-07-27,544.93,547.57,536.83,543.13
2005-07-26,546.66,547.16,534.47,545.84
2005-07-25,541.23,544.52,535.43,543.4
2005-07-22,539.09,543.94,530.42,543.8
2005-07-21,537.19,541.33,530.95,538.8
2005-07-20,542.36,546.43,535.8,540.17
2005-07-19,535.27,548.49,535.27,544.93
2005-07-18,543.48,544.21,542.9,543.53
2005-07-15,541.95,545.2,533.85,544.57
2005-07-14,534.33,543.4,533.63,542.86
2005-07-13,527.61,542.9,527.61,542.54
2005-07-12,534.6,539.64,534.6,535.84
2005-07-11,538.62,546.34,538.62,543.17
2005-07-08,550.11,551.12,547.53,548.17
2005-07-07,549.17,550.01,544.8,549.09
2005-07-06,545.4,551.5,545.4,549.68
2005-07-05,550.28,551.86,545.99,550.19
2005-07-04,548.35,548.645,548.35,548.645
2005-07-01,542.45,550.5,533.71,548.44
2005-06-30,543.28,543.78,535.39,541.78
2005-06-29,543.57,545.25,538.97,543.31
2005-06-28,541.84,543.94,531.12,543.94
2005-06-27,538.77,542.58,534.5,539.28
2005-06-24,542.54,543.71,536.42,542.09
2005-06-23,542.36,545.29,532.7,544.66
2005-06-22,542.98,543.48,537.99,540.62
2005-06-21,542.36,543.51,537.72,538.22
2005-06-20,536.62,540.66,530.9,539.99
2005-06-17,543.46,543.96,533.21,533.79
2005-06-16,540.61,546.9,539.09,541.96
2005-06-15,543.84,544.61,540.21,541.6
2005-06-14,540.61,546.68,539.14,545.2
2005-06-13,543.84,545.02,539.14,541.33
2005-06-10,535.52,541.51,535.52,541.11
2005-06-09,531.18,537.87,531.18,536.46
2005-06-08,531.52,536.81,528,536.28
2005-06-07,533.95,534.79,532.28,533.75
2005-06-06,533.85,536.2,532.99,534.88
2005-06-03,533.47,537.25,531.84,536.24
2005-06-02,537.01,537.51,532.86,534.45
2005-06-01,535.48,539.15,530.55,538.53
2005-05-31,531.82,533.14,523.49,533.01
2005-05-30,525.29,529.29,520.03,526
2005-05-27,523.72,531.06,520.56,521.31
2005-05-26,523.18,527.15,517.93,524.36
2005-05-25,522.26,527.94,518.7,520.32
2005-05-24,519.62,521.81,518.83,521.35
2005-05-23,517.57,523.26,517.57,521.27
2005-05-20,520.56,523.02,516.78,522.06
2005-05-19,515.61,519.74,514.82,519
2005-05-18,519.36,520.27,516.62,517.28
2005-05-17,518.29,519.78,515.9,519.58
2005-05-16,519.69,520.48,515.34,519.04
2005-05-13,514.59,519.91,513.81,519.53
2005-05-12,513.09,516.42,509.06,516.1
2005-05-11,508,512.87,506.45,512.11
2005-05-10,509.15,510.69,508.37,509.44
2005-05-09,510.73,511.99,507.96,510.51
2005-05-06,505.79,511.63,503.28,511.35
2005-05-05,505.56,507.27,504.4,506.17
2005-05-04,507.29,512.09,505.44,506.49
2005-05-03,509.57,510.31,506.12,509.08
2005-05-02,508.94,510.63,508.86,509.99
2005-04-29,505.6,510.1,505.54,509.64
2005-04-28,505.61,508.93,505.61,508.69
2005-04-27,505.78,507.78,500.73,507.07
2005-04-26,504.89,506.45,503.12,505.47
2005-04-25,500.5,506.06,500.5,504.73
2005-04-22,501.33,503.03,497.85,501.91
2005-04-21,496.49,503.18,496.49,502.41
2005-04-20,497.21,504.58,497.21,500.87
2005-04-19,503.03,508.21,500.99,501.91
2005-04-18,508.1,508.6,502.3,503.8
2005-04-15,511.87,512.37,506.57,507.62
2005-04-14,508.49,513.07,503.41,511.63
2005-04-13,503.05,509.99,503.05,507.94
2005-04-12,504.66,509.48,500.96,507.62
2005-04-11,502.9,507.89,502.9,505.59
2005-04-08,510.37,511.71,505.56,507.07
2005-04-07,508.82,510.39,504.97,510.03
2005-04-06,508.54,514.17,508.16,509.52
2005-04-05,511.85,512.35,509.1,509.6
2005-04-04,508.31,511.35,507.13,510.27
2005-04-01,504.36,509.28,502.6,508.06
2005-03-31,506.35,508.48,503.53,506.21
2005-03-30,507.75,508.25,504.85,507.55
2005-03-29,507.33,509.47,506.34,507.55
2005-03-28,506.65,509.88,506.61,508.61
2005-03-25,506.18,506.68,505.56,506.17
2005-03-24,504.54,507.04,501,506.76
2005-03-23,501.03,505.67,497.01,504.89
2005-03-22,497.07,502.18,495.71,501.14
2005-03-21,492.72,498.66,488.24,497.87
2005-03-18,492.32,494.26,486.09,492.48
2005-03-17,488.16,491.12,487.22,490.42
2005-03-16,491.21,493.33,487.51,488.7
2005-03-15,489.66,492.93,489.04,492.45
2005-03-14,488.89,491.52,485.81,490.46
2005-03-11,486.79,489.14,486.1,487.39
2005-03-10,488.31,490.57,487.29,488.26
2005-03-09,490.54,492.19,488.2,489.39
2005-03-08,494.59,497.06,490.58,491.49
2005-03-07,495.44,497.42,493.77,496.74
2005-03-04,498.7,500.89,494.32,495.31
2005-03-03,498.43,500.53,497.87,500.07
2005-03-02,497.5,500.95,495.98,499.5
2005-03-01,495.26,497.72,493.81,497.42
2005-02-28,496.79,497.29,493.54,495.24
2005-02-25,498.05,498.55,494.66,495.16
2005-02-24,497.5,498,493.95,496.66
2005-02-23,498.07,498.57,493.25,496.44
2005-02-22,500.5,504.11,494.06,494.71
2005-02-21,502.46,502.96,500.77,501.68
2005-02-18,501.37,504.11,500,501.83
2005-02-17,502.8,505.47,500.6,501.76
2005-02-16,502.99,507.7,501.8,503.34
2005-02-15,504.47,507.62,502.22,503.8
2005-02-14,505.21,510.58,504.74,505.9
2005-02-11,509.22,514.98,508.03,509.6
2005-02-10,511.53,515.06,507.87,509.28
2005-02-09,512.87,514.52,511.41,512.31
2005-02-08,513.57,514.56,509.92,513.47
2005-02-07,509.65,514.84,508.51,513.43
2005-02-04,503.93,509.52,502.88,509.36
2005-02-03,503.19,506.68,501.61,505.55
2005-02-02,503.04,503.88,501.1,503.07
2005-02-01,502.68,504.3,501.83,502.68
2005-01-31,503.3,503.84,501.73,503.26
2005-01-28,503.46,504.69,501.06,502.64
2005-01-27,502.92,503.8,500.15,503.03
2005-01-26,504.39,504.89,500.18,501.83
2005-01-25,501.76,506.33,500.73,505.47
2005-01-24,501.19,503.38,501.19,502.3
2005-01-21,505.07,506.14,501.6,502.56
2005-01-20,506.42,506.92,502.84,505.82
2005-01-19,503.81,505.51,499.38,504.73
2005-01-18,501.68,504.11,501.26,503.26
2005-01-17,500.69,501.56,500.26,501.53
2005-01-14,496.34,501.26,496.34,500.38
2005-01-13,500.88,501.38,494.66,496.74
2005-01-12,499.4,499.9,492.87,494.38
2005-01-11,500.12,500.62,497.67,500.15
2005-01-10,500.22,503.03,499.57,501.18
2005-01-07,497.1,503.34,494.89,502.6
2005-01-06,496.41,498.13,496.41,497.87
2005-01-05,493.39,495.95,489.16,494.45
2005-01-04,486.42,494.75,483.64,493.97
2005-01-03,484.83,487.79,484.33,486.99
2004-12-31,481.61,484.76,479.85,484.76
2004-12-30,481.41,483.28,479.78,480.88
2004-12-29,482.25,483.54,481.23,482.12
2004-12-28,484.67,485.17,480.31,481.84
2004-12-27,483.83,484.4,480.38,481.45
2004-12-24,486.47,486.97,483.79,484.44
2004-12-23,491.43,491.93,485.16,485.66
2004-12-22,490.66,499.15,489.08,489.72
2004-12-21,491.76,492.26,488.86,490.75
2004-12-20,489.81,494.63,488.67,489.5
2004-12-17,487.52,499.11,487.52,493.45
2004-12-16,491.91,498.22,488.31,495.09
2004-12-15,493.39,493.89,487.73,488.99
2004-12-14,495.44,495.94,491.35,492.85
2004-12-13,496.52,497.02,491.61,492.78
2004-12-10,494.39,497.49,494.39,495.54
2004-12-09,491.28,494.71,491.06,492.33
2004-12-08,486.44,495.95,486.44,491.85
2004-12-07,497.28,497.78,486.46,488.34
2004-12-06,487.4,491.67,486.89,489.28
2004-12-03,493.01,493.51,486.71,487.32
2004-12-02,492.13,495.16,490.84,494.26
2004-12-01,494.54,495.04,491.58,492.33
2004-11-30,493.94,494.82,491.91,493.3
2004-11-29,492.31,495.46,492.31,494
2004-11-26,494.8,495.95,492.83,493.33
2004-11-25,497.58,519.64,497.58,506.48
2004-11-24,514.32,514.82,497.37,497.87
2004-11-23,502.57,514.77,500.11,501.22
2004-11-22,502.15,516.44,502.06,502.99
2004-11-19,503.18,516.32,501.53,503.72
2004-11-18,515.71,516.21,502.99,505.63
2004-11-17,517.47,517.97,502.41,502.99
2004-11-16,505.44,519.59,504.15,506.06
2004-11-15,520.01,520.51,505.17,506.8
2004-11-12,506.73,522.45,504.47,505.43
2004-11-11,509.3,518.55,507.56,508.1
2004-11-10,504.93,521.2,503.96,508.93
2004-11-09,505.59,519.45,505.59,508.33
2004-11-08,508.69,507.82,505.48,507.82
2004-11-05,509.07,522.58,505.99,506.49
2004-11-04,527.98,528.48,508.07,509.8
2004-11-03,528.65,529.15,510.73,511.63
2004-11-02,526.79,527.29,514.36,515.49
2004-11-01,526.47,526.97,513.05,514.6
2004-10-29,529.94,530.44,512.09,512.71
2004-10-28,515.1,525.67,512.35,514.56
2004-10-27,511.83,525.46,511.61,516.18
2004-10-26,512.09,525.63,511.35,513.51
2004-10-25,531.96,532.46,511.13,512.35
2004-10-22,518.58,520.28,517.84,518.34
2004-10-21,518.87,520.81,518.5,519.66
2004-10-20,520.52,526.7,518.99,520.98
2004-10-19,525.06,525.56,523.27,523.81
2004-10-18,528.23,528.73,522.89,524.4
2004-10-15,528.21,532.29,524.15,525.58
2004-10-14,534.95,535.45,527.66,529.05
2004-10-13,534.08,535.93,530.83,531.37
2004-10-12,532.04,533.36,530.5,532.93
2004-10-11,528.27,529.74,528.27,529.61
2004-10-08,532.08,533.14,527.19,528.29
2004-10-07,533.08,533.97,532.51,533.62
2004-10-06,533.42,535.23,532.34,534.14
2004-10-05,533.6,534.1,531.35,532.36
2004-10-04,532.9,534.75,529.25,533.88
2004-10-01,528.64,529.14,527.57,528.54
2004-09-30,529.75,532.72,526.72,527.22
2004-09-29,531.73,534.23,531.21,531.89
2004-09-28,534.08,534.58,530.78,532.28
2004-09-27,534.64,535.14,532.21,533.79
2004-09-24,534.6,535.36,530.4,534.71
2004-09-23,536.7,537.2,531.6,534.23
2004-09-22,535.48,536.19,533.86,535.01
2004-09-21,539.04,539.54,531.69,532.19
2004-09-20,539.81,540.75,538.07,538.84
2004-09-17,536.18,539.24,536.18,538.35
2004-09-16,538.96,540.88,537.32,537.87
2004-09-15,537.49,540.08,535.39,539.5
2004-09-14,534.51,537.07,532.9,535.45
2004-09-13,535.34,536.41,534.12,535.06
2004-09-10,539.88,540.38,532.47,534.93
2004-09-09,537.85,539.46,536.88,537.82
2004-09-08,544.52,545.2,537.54,538.04
2004-09-07,541.68,543.62,541.14,541.73
2004-09-06,542.58,543.22,542.49,543.22
2004-09-03,538.25,544.34,538.16,543.98
2004-09-02,538.21,539.99,537.81,539.15
2004-09-01,537.99,539.55,536.35,538.26
2004-08-31,541.19,541.91,537.41,537.91
2004-08-30,544.02,545.52,543.12,544.16
2004-08-27,542.09,546.07,541.82,546.07
2004-08-26,542.31,543.44,540.97,541.6
2004-08-25,542.22,543.04,541.28,542.59
2004-08-24,539.4,543.67,539.4,542.9
2004-08-23,534.73,540.04,534.56,540.04
2004-08-20,532.34,533.71,531.26,533.06
2004-08-19,529.92,531.41,529.49,530.25
2004-08-18,531.47,533.66,530.78,531.54
2004-08-17,531.04,532.49,530.1,530.81
2004-08-16,530.83,532.23,529.92,530.64
2004-08-13,536.84,537.34,529.45,529.95
2004-08-12,533.95,536.5,533.77,535.23
2004-08-11,536,537.78,535.34,536.68
2004-08-10,533.47,536.19,531.99,536.06
2004-08-09,534.29,535.54,533.73,534.4
2004-08-06,535.08,535.58,533.21,533.75
2004-08-05,543.89,545.2,542.9,543.76
2004-08-04,545.57,547.53,543.17,544.61
2004-08-03,545.16,545.79,542.76,544.12
2004-08-02,543.03,545.29,543.03,545.07
2004-07-30,543.66,545.98,540.79,545.57
2004-07-29,544.84,546.16,541.86,544.93
2004-07-28,544.11,545.93,542.76,544.66
2004-07-27,538.61,544.52,538.3,544.52
2004-07-26,538.78,540.62,538.52,539.95
2004-07-23,538.61,542.05,538.03,541.91
2004-07-22,533.73,535.76,533.21,535.01
2004-07-21,532.64,536.94,532.64,535.36
2004-07-20,528.94,532.49,528.85,532.15
2004-07-19,527.4,528.75,526.6,527.56
2004-07-16,530.01,530.51,526.05,526.72
2004-07-15,530.14,531.84,529.41,531.03
2004-07-14,529.62,530.12,527.57,529.57
2004-07-13,527.96,533.1,527.96,531.89
2004-07-12,528.21,529.35,527.74,528.41
2004-07-09,528.85,529.99,528.08,528.63
2004-07-08,530.74,531.24,528.25,529.44
2004-07-07,530.1,530.85,528.85,530.29
2004-07-06,533.68,534.49,531.65,533.53
2004-07-05,532.43,532.93,532.43,532.93
2004-07-02,538.74,539.68,532.43,532.93
2004-07-01,539,539.73,538.03,538.71
2004-06-30,539.05,539.73,536.84,537.78
2004-06-29,538.61,543.4,538.07,542.77
2004-06-28,538.25,539.33,535.96,538.26
2004-06-25,539.49,540.88,538.47,539.46
2004-06-24,540.07,541.06,537.76,538.88
2004-06-23,542.09,543.35,541.59,542.54
2004-06-22,542.04,543.13,541.28,542.27
2004-06-21,541.06,542.9,540.74,541.56
2004-06-18,544.39,544.89,539.58,540.17
2004-06-17,543.93,545.75,542.76,543.67
2004-06-16,543.3,546.89,543.17,546.11
2004-06-15,538.56,539.06,538.56,539.06
2004-06-14,545.29,546.43,542.09,543.62
2004-06-11,544.89,546.84,544.89,546.11
2004-06-10,544.02,544.93,541.01,541.6
2004-06-09,538.47,544.84,538.47,544.57
2004-06-08,531.73,535.28,530.74,534.88
2004-06-07,531.69,532.75,531.17,532.49
2004-06-04,536.93,537.43,532.82,533.79
2004-06-03,536.13,537.82,535.17,536.28
2004-06-02,533.51,537.21,532.69,536.33
2004-06-01,535.91,537.65,534.86,535.71
2004-05-31,536.57,537.07,536.57,537.07
2004-05-28,536.57,537.07,536.57,537.07
2004-05-27,534.47,534.97,534.47,534.97
2004-05-26,541.14,541.64,541.14,541.64
2004-05-25,542.63,543.53,540.65,542.14
2004-05-24,547.39,548.95,545.11,546.25
2004-05-21,543.98,546.48,543.3,546.34
2004-05-20,549.65,551.02,548.4,549.78
2004-05-19,546.2,547.11,544.61,545.88
2004-05-18,546.57,549.45,546.34,548.49
2004-05-17,545.34,546.7,543.53,545.39
2004-05-14,555.38,556.07,551.03,551.91
2004-05-13,554.02,556.45,552.8,554.9
2004-05-12,552.38,553.44,549.05,551.12
2004-05-11,554.87,555.93,551.68,552.65
2004-05-10,553.97,554.85,552.24,552.88
2004-05-07,550.99,552.18,550.71,551.91
2004-05-06,540.65,543.44,540.3,543.04
2004-05-05,539.76,540.97,538.3,538.84
2004-05-04,543.3,543.8,541.55,542.14
2004-05-03,547.53,550.1,547.3,549.73
2004-04-30,548.13,549.45,545.89,547.34
2004-04-29,554.87,555.37,547.16,547.66
2004-04-28,549.88,554.47,549.88,553.91
2004-04-27,550.99,552.84,548.72,549.55
2004-04-26,553.6,554.1,551.41,552.32
2004-04-23,551.13,555.7,550.9,554.33
2004-04-22,551.55,553.49,550.66,551.16
2004-04-21,554.02,554.57,550.25,553.96
2004-04-20,550.25,551.81,549.14,551.07
2004-04-19,543.35,545.98,543.35,545.43
2004-04-16,546.98,549.64,544.02,546.89
2004-04-15,550.29,550.84,546.75,547.3
2004-04-14,550.43,552.23,547.53,548.03
2004-04-13,547.07,550.56,546.66,549.45
2004-04-12,542.72,543.89,541.82,543.26
2004-04-09,541.46,542.14,541.1,541.96
2004-04-08,540.56,543.53,540.56,543.17
2004-04-07,541.91,542.59,537.28,538.49
2004-04-06,541.82,544.12,540.61,542.23
2004-04-05,545.25,546.98,544.7,545.79
2004-04-02,532.04,541.73,531.73,540.48
2004-04-01,531.91,532.84,529.11,530.21
2004-03-31,538.47,538.97,532.04,533.1
2004-03-30,537.41,539.06,536.79,539.02
2004-03-29,540.34,541.11,538.56,539.77
2004-03-26,540.03,542.23,537.01,541.06
2004-03-25,539.98,541.2,537.28,540.62
2004-03-24,536.79,540.97,536.18,540.93
2004-03-23,533.29,534.4,530.65,532.02
2004-03-22,531.34,532.02,528.51,531.89
2004-03-19,530.96,534.62,530.22,534.01
2004-03-18,534.08,535.45,528,529.48
2004-03-17,534.73,538.31,534.43,535.8
2004-03-16,530.27,535.19,530.27,535.06
2004-03-15,533.73,536.9,533.08,534.36
2004-03-12,535.83,538.4,534.91,536.63
2004-03-11,534.78,536.06,530.83,531.59
2004-03-10,532.21,537.03,532.21,535.32
2004-03-09,530.01,533.49,526.68,532.75
2004-03-08,529.92,531.07,528.17,528.84
2004-03-05,537.19,537.95,527.15,529.91
2004-03-04,537.1,540.22,535.52,537.73
2004-03-03,536.18,542.09,536.13,537.21
2004-03-02,525.96,537.25,525.58,536.55
2004-03-01,524.91,527.56,523.65,526.97
2004-02-27,528.34,528.84,524.19,525.03
2004-02-26,527.28,529.1,525.24,527.44
2004-02-25,518.21,525.41,518.21,524.94
2004-02-24,520.07,521.27,515.64,517.12
2004-02-23,521.43,523.69,520.4,522.52
2004-02-20,517.6,524.44,517.31,523.94
2004-02-19,511,517.81,510,516.14
2004-02-18,504,517.36,503,517.36
2004-02-17,509,512.11,504,510.95
2004-02-16,513.86,514.72,507,513.55
2004-02-13,511.25,515.17,508.19,514.64
2004-02-12,511.21,512.59,510.73,512.19
2004-02-11,517.23,517.97,510.53,511.03
2004-02-10,512.97,516.83,512.97,516.26
2004-02-09,514.71,518.18,514.26,517.03
2004-02-06,522.6,523.35,514.95,516.22
2004-02-05,518,523.02,514,522.93
2004-02-04,518,524.23,517,523.31
2004-02-03,517,523.52,515,523.06
2004-02-02,521,529.05,520,528.41
2004-01-30,523,530.08,520,525.91
2004-01-29,525.37,530.04,518,528.8
2004-01-28,514,525.49,514,525.49
2004-01-27,520,523.98,513,519.16
2004-01-26,518,526.08,515,525.83
2004-01-23,510,521.64,510,520.77
2004-01-22,513,516.91,509,515.81
2004-01-21,515,521.31,513,519.29
2004-01-20,520,524.9,515,521.6
2004-01-19,524,530.64,524,529.78
2004-01-16,518,530.42,517,529.87
2004-01-15,513,521.68,512,521.56
2004-01-14,511,518.92,510,517.89
2004-01-13,509,515.49,507,514.07
2004-01-12,504,514.88,503,514.8
2004-01-09,509,514.96,504,510.47
2004-01-08,519.12,519.62,513.33,513.83
2003-12-23,528.34,529.48,527.66,529.35
2003-12-22,526.98,529.1,526.77,529.1
2003-12-19,527.45,530.94,527.23,530.04
2003-12-18,527.87,530.47,526.81,527.44
2003-12-17,528.21,532.88,527.87,528.71
2003-12-16,532.3,532.8,532.21,532.71
2003-12-15,537.01,537.51,532.12,533.1
2003-12-12,534.91,536.63,532.56,533.45
2003-12-11,539.63,540.88,536.44,537.03
2003-12-10,536.18,537.38,534.21,536.85
2003-12-09,534.34,537.87,534.16,536.24
2003-12-08,536.75,537.51,535.34,536.46
2003-12-05,542.54,543.26,538.47,538.97
2003-12-04,543.17,544.48,539.36,542.81
2003-12-03,540.79,543.13,540.79,542.14
2003-12-02,548.31,548.81,541.91,542.95
2003-12-01,544.89,549.13,544.89,547.76
2003-11-28,545.84,547.48,545.61,546.93
2003-11-27,547.36,551.175,547.36,551.175
2003-11-26,554.16,555.84,548.82,549.45
2003-11-25,556.57,557.35,554.91,556.5
2003-11-24,554.21,557.54,554.02,557.54
2003-11-21,549.16,551.91,548.82,550.38
2003-11-20,557,565,557,565
2003-11-18,557.94,558.44,554.68,555.18
2003-11-17,554.49,559.11,554.49,558.16
2003-11-14,557.08,558.73,555.81,556.83
2003-11-13,557.08,560.49,557.08,558.97
2003-11-12,564.59,565.82,557.08,563.43
2003-11-11,569.65,570.59,567.99,569.26
2003-11-10,567.3,571.69,566,570.59
2003-11-07,574,576.01,564,568.52
2003-11-06,567,575.5,567,574.6
2003-11-05,570.09,574.19,566,573.59
2003-11-04,571.74,572.34,565,570.15
2003-11-03,560,573.49,557.08,572.09
2003-10-31,563.42,566.99,557,566.21
2003-10-30,557,564.31,552,563.92
2003-10-29,555,562.08,554,561.98
2003-10-28,555,562.23,553,562.03
2003-10-27,557.2,558.87,551,558.49
2003-10-24,550,561.125,548,561.125
2003-10-23,549,557.63,548,556.78
2003-10-22,558.18,561.26,550,555.37
2003-10-21,558,564.11,555,562.66
2003-10-20,557,564.6,556,563.63
2003-10-17,559,567.34,558,562.13
2003-10-16,559,565.87,555,565.82
2003-10-15,554,564.79,554,563.09
2003-10-14,559,564.4,554,559.49
2003-10-13,554,561.74,553,561.17
2003-10-10,554,557.11,548,555.41
2003-10-09,548,560.93,548,558.58
2003-10-08,552.65,556.97,549,555.23
2003-10-07,562.12,562.62,554.34,557.35
2003-10-06,562,566.31,559.13,559.68
2003-10-03,556,567.48,554,566.6
2003-10-02,554,561.89,553,561.12
2003-10-01,557,562.23,554,560.02
2003-09-30,559,563.58,553,562.56
2003-09-29,567,574.34,561,565.38
2003-09-26,565,572.94,565,572.09
2003-09-25,566,571.89,563,570.54
2003-09-24,568.88,573.09,568.88,570.4
2003-09-23,568.63,573.24,568.14,573.04
2003-09-22,569,572.04,557.2,571.74
2003-09-19,578,580.6,572,577.18
2003-09-18,576,583.91,573,583.44
2003-09-17,586.55,588.52,578,581.01
2003-09-16,577,587.63,576,586.73
2003-09-15,578,582.25,575,581.27
2003-09-12,582,587.89,574,581.06
2003-09-11,578,587.58,577,585.16
2003-09-10,579,587.21,578,584.54
2003-09-09,585,589.11,580,584.17
2003-09-08,587,593.21,584,591.23
2003-09-05,594,600.71,587,590.75
2003-09-04,602.6,606.38,596,599.72
2003-09-03,601,608.35,601,605.26
2003-09-02,596,606.66,596,606.44
2003-09-01,591,598.52,591,597.92
2003-08-29,596,601.49,591,597.54
2003-08-28,599,606.44,596,603.26
2003-08-27,599,603.26,595,602.92
2003-08-26,598,606.72,596,602.92
2003-08-25,597.91,603.98,597.91,602.7
2003-08-22,595,604.98,594,602.48
2003-08-21,587,601.49,587,600.6
2003-08-20,585,591.5,583,589.95
2003-08-19,586,593,584,588.89
2003-08-18,579,589.32,578,588.37
2003-08-15,577,583.03,577,582.77
2003-08-14,574,584.07,573,583.18
2003-08-13,576,582.92,563,579.47
2003-08-12,574.94,581.22,573,579.98
2003-08-11,579.03,581.58,573,577.63
2003-08-08,571,580.65,571,580.4
2003-08-07,573,577.53,569,576.87
2003-08-06,569,578.91,569,577.74
2003-08-05,572,579.83,571,577.28
2003-08-04,577,580.92,573,577.23
2003-08-01,578,587.36,576,581.99
2003-07-31,573,584.12,573,583.44
2003-07-30,568,577.68,568,577.68
2003-07-29,564,572.44,563,572.34
2003-07-28,567,571.99,564,570.64
2003-07-25,567,572.54,563,569.75
2003-07-24,567,573.84,564,571.59
2003-07-23,572,575.5,566,571.19
2003-07-22,574,579.42,571,578.91
2003-07-21,579.49,581.99,573,577.84
2003-07-18,579,586.42,578,580.76
2003-07-17,579,587.58,578,584.85
2003-07-16,580,589.05,579,584.9
2003-07-15,576,587.36,573,586.26
2003-07-14,577,581.84,575,581.48
2003-07-11,575.71,580.96,573,579.78
2003-07-10,572,578.86,571,576.47
2003-07-09,573,579.63,572,577.89
2003-07-08,573,581.79,572,579.63
2003-07-07,569,579.42,557.2,578.91
2003-07-04,567,576.63,565,573
2003-07-03,564,572.54,563,570.89
2003-07-02,563,569.85,562,568.22
2003-07-01,564,568.86,560,567.19
2003-06-30,570.5,574.19,565,570.35
2003-06-27,569,575,566,573.59
2003-06-26,564,574.55,564,574.04
2003-06-25,565,568.96,560,568.61
2003-06-24,563,571.29,557.2,569.6
2003-06-23,561,569.45,557.2,568.02
2003-06-20,557.2,567.04,555,565.04
2003-06-19,560,563.58,556,559.54
2003-06-18,553,561.79,552,561.21
2003-06-17,548,557.07,548,556.26
2003-06-16,548,554.29,545,554.15
2003-06-13,552,558.35,549,552.79
2003-06-12,553,560.02,551,557.3
2003-06-11,555,558.49,551,558.35
2003-06-10,556.34,561.7,554,561.6
2003-06-09,556.34,560.73,551,559.11
2003-06-06,557.53,564.305,547,560.265
2003-06-05,557.53,563.4,546,561.46
2003-06-04,557.53,565.17,553,561.46
2003-06-03,557.53,564.07,552,561.46
2003-06-02,554,565.37,553,561.46
2003-05-30,546,559.01,546,556.64
2003-05-29,557.53,560.3,548,551.81
2003-05-28,554.73,563.59,549,561.46
2003-05-27,557.53,559.01,544,555.23
2003-05-26,557.53,562.44,552.1,561.46
2003-05-23,557.53,559.01,551,554.57
2003-05-22,557.53,565.17,554,561.46
2003-05-21,555,565.46,553,561.46
2003-05-20,559,563.48,555,559.97
2003-05-19,556,563.68,554,562.37
2003-05-16,570,573.29,562,566.55
2003-05-15,568,576.41,566,575.66
2003-05-14,564,570.99,564,570.25
2003-05-13,566.74,571.59,562,569.31
2003-05-12,562.36,568.86,560,567.29
2003-05-09,565,572.89,564,570.74
2003-05-08,574,576.97,566,570.45
2003-05-07,571,578.7,569,576.77
2003-05-06,575,579.42,572,572.99
2003-05-05,580,584.74,576,581.22
2003-05-02,579,585.89,577,584.12
2003-05-01,581,587.58,576,583.65
2003-04-30,585,589.9,584,587.05
2003-04-29,593,599.67,590,592.41
2003-04-28,588,597.43,588,597.1
2003-04-25,590,598.08,588,594.66
2003-04-24,592,596.67,588,594.56
2003-04-23,593,600.27,592,598.19
2003-04-22,597,598.79,591,598.08
2003-04-21,601.43,605.65,601.32,603.81
2003-04-18,598,603.03,598,602.54
2003-04-17,598,603.26,594,602.81
2003-04-16,602,615.31,600.21,600.93
2003-04-15,608.42,610.79,604.5,606.27
2003-04-14,607.59,610.96,606.24,608.86
2003-04-11,606.2,613.13,605.98,609.71
2003-04-10,606.2,609.485,604.78,606.705
2003-04-09,606,613.995,606,606.705
2003-04-08,609.98,615.43,609.98,612.04
2003-04-07,609.52,619.91,609.52,614.86
2003-04-04,608.98,613.02,608.39,611.19
2003-04-03,605,612.16,602,609.82
2003-04-02,599,609.88,598,609.2
2003-04-01,596.35,603.26,596,600.66
2003-03-31,600,608.42,595,601.66
2003-03-28,608,611.76,603,608.52
2003-03-27,607,613.475,605,611.985
2003-03-26,615.28,615.78,608,613.76
2003-03-25,606.17,616.65,606.17,615.66
2003-03-24,611.5,621.065,606.17,610.445
2003-03-21,606.17,628.055,606.17,610.445
2003-03-20,620.35,621.68,606.17,617.87
2003-03-19,616.32,621.32,612.5,621.21
2003-03-18,617.14,622.15,613.42,616.82
2003-03-17,606.17,618.74,602.32,617.23
2003-03-14,590.75,616.16,590.75,610.59
2003-03-13,595.84,610.885,590.75,594.915
2003-03-12,593.3,596.78,590.41,595.91
2003-03-11,591.89,595.15,589.11,593.96
2003-03-10,591.68,595.16,590.44,593.21
2003-03-07,594.66,601.395,592,598.855
2003-03-06,594.31,602.325,594.09,598.855
2003-03-05,601.87,602.37,593.26,598.52
2003-03-04,601.54,602.87,596.43,602.2
2003-03-03,605,607.84,600.25,602.04
2003-02-28,603.48,608.8,603.48,607.39
2003-02-27,607.85,610.28,603.06,609.94
2003-02-26,608.98,609.99,604.54,608.13
2003-02-25,606.84,610.16,601,609.6
2003-02-24,605.36,611.13,603,607.39
2003-02-21,605.43,609.99,599,609.37
2003-02-20,609.72,610.22,600,606.33
2003-02-19,613.2,613.7,605,610.22
2003-02-18,606,613.99,605,613.59
2003-02-17,607,619.6,604.57,613
2003-02-14,605.21,609.09,600,607.56
2003-02-13,611.94,612.44,600,605.88
2003-02-12,610.23,612.56,604,611.64
2003-02-11,610.63,614.16,604,611.07
2003-02-10,602.42,611.3,601.75,610.79
2003-02-07,605.1,610.39,603.14,605.93
2003-02-06,607.85,608.35,603.37,606.04
2003-02-05,601.7,610.5,597.69,608.13
2003-02-04,607.46,607.96,601.54,602.65
2003-02-03,609.81,611.53,607.74,608.92
2003-01-31,603.1,611.24,601,609.37
2003-01-30,604.54,610.79,604.54,606.33
2003-01-29,605.04,606.38,598.6,605.26
2003-01-28,603.76,607.28,603.76,605.99
2003-01-27,600,607.64,598,604.09
2003-01-24,609.78,610.28,600,605.93
2003-01-23,610.46,610.96,603,609.94
2003-01-22,610.57,613.36,605,611.41
2003-01-21,611,616.13,608,611.53
2003-01-20,610,615.78,609,614.74
2003-01-17,617.19,617.69,612.73,614.8
2003-01-16,617.31,621.21,616.96,617.75
2003-01-15,621.06,623.21,617.32,621.68
2003-01-14,621.89,622.39,616.78,621.44
2003-01-13,615.77,622.8,615.45,622.03
2003-01-10,624.97,629.31,615,620.23
2003-01-09,620.64,626.73,618.08,625.36
2003-01-08,625.56,636.47,618.55,624.87
2003-01-07,622.51,634.2,622.3,629.73
2003-01-06,625.32,630.795,620.7,626.515
2003-01-03,632.65,637.055,624.12,629.395
2003-01-02,621.8,634.49,620.55,633.09
2003-01-01,620.44,624.81,620.44,624.81
