Date,Open,High,Low,Close
2022-03-14,1985.49,1990.33,1949.87,1951.11
2022-03-11,1996.15,1999.22,1958.8,1985.29
2022-03-10,1991.94,2009.57,1970.66,1995.86
2022-03-09,2052.75,2059.25,1976.3,1991.49
2022-03-08,1998.3,2070.29,1981,2052.41
2022-03-07,1977.09,2002.9,1960.76,1998.11
2022-03-04,1935.65,1970.8,1929.78,1968.45
2022-03-03,1926.49,1941.47,1921.73,1935.21
2022-03-02,1943.69,1948.18,1913.82,1926.11
2022-03-01,1908.19,1950.45,1900.93,1943.22
2022-02-28,1920.86,1929.36,1890.59,1907.9
2022-02-25,1903.55,1921.54,1883.1,1887.56
2022-02-24,1907.99,1974.48,1879.05,1903.14
2022-02-23,1898.44,1911,1889.23,1907.55
2022-02-22,1905.89,1914.44,1891.16,1898.13
2022-02-21,1900.4,1908.38,1887.19,1905.63
2022-02-18,1897.94,1902.84,1886.16,1897.87
2022-02-17,1868.84,1901.57,1867.18,1897.27
2022-02-16,1853.4,1873.16,1849.94,1868.37
2022-02-15,1870.94,1879.89,1844.27,1853.06
2022-02-14,1861.55,1874.41,1850.45,1870.29
2022-02-11,1827.25,1865.63,1820.79,1859.96
2022-02-10,1832.94,1842.35,1821.46,1826.57
2022-02-09,1826.05,1836.35,1824.5,1832.43
2022-02-08,1820.59,1829.09,1815.06,1825.48
2022-02-07,1806.99,1824.06,1806.94,1820.31
2022-02-04,1804.8,1815.44,1790.94,1807.49
2022-02-03,1807.19,1809.22,1788.39,1804.4
2022-02-02,1800.94,1811.53,1794.11,1806.5
2022-02-01,1796.72,1809.16,1795.13,1800.65
2022-01-31,1791.19,1800.23,1785.03,1796.47
2022-01-28,1796.94,1799.82,1779.88,1791.03
2022-01-27,1818.44,1822.51,1790.98,1796.51
2022-01-26,1847.99,1850.44,1814.9,1818.12
2022-01-25,1843.34,1853.98,1834.64,1847.56
2022-01-24,1834.49,1844.53,1829.09,1843.06
2022-01-21,1838.65,1843.53,1828.04,1833.24
2022-01-20,1840.3,1848.36,1835.67,1838.36
2022-01-19,1813.69,1843.72,1809.97,1839.96
2022-01-18,1819.77,1823.01,1805.53,1813.54
2022-01-17,1817.9,1823.72,1812.67,1818.99
2022-01-14,1822.55,1829.66,1814.13,1817.22
2022-01-13,1825.94,1828.38,1811.83,1822.09
2022-01-12,1822.49,1828.33,1814.2,1825.32
2022-01-11,1801.69,1823.35,1800.09,1822.01
2022-01-10,1795.41,1802.57,1790.43,1801.41
2022-01-07,1789.55,1799.2,1782.63,1795.63
2022-01-06,1809.94,1811.89,1786.03,1788.68
2022-01-05,1814.9,1829.82,1807.97,1809.53
2022-01-04,1801.34,1816.83,1798.44,1814.56
2022-01-03,1830.14,1832.06,1797.93,1800.85
2021-12-31,1815.44,1830.58,1814.15,1828.39
2021-12-30,1803.99,1817.44,1795.78,1815.01
2021-12-29,1805.59,1808.16,1788.94,1803.66
2021-12-28,1811.84,1820.7,1804.38,1805.37
2021-12-27,1808.19,1813.74,1802.89,1810.9
2021-12-24,1808.19,1812.7,1801.61,1808.11
2021-12-23,1803.69,1811.02,1798.88,1807.91
2021-12-22,1788.94,1805.13,1785.41,1803.4
2021-12-21,1789.74,1800.85,1784.58,1788.36
2021-12-20,1799.4,1804.32,1787.98,1789.32
2021-12-17,1799.55,1814.63,1795.67,1797.68
2021-12-16,1777.4,1799.53,1775.43,1799.03
2021-12-15,1770.49,1781.04,1753.84,1777.06
2021-12-14,1787.19,1789.74,1766.31,1770.18
2021-12-13,1782.94,1791.78,1781.51,1786.94
2021-12-10,1774.94,1789.47,1769.43,1782.51
2021-12-09,1782.49,1788.05,1772.8,1774.46
2021-12-08,1784.4,1793.6,1779.45,1782.06
2021-12-07,1778.08,1788.02,1771.93,1784.04
2021-12-06,1784.79,1787.87,1775.91,1778.11
2021-12-03,1768.84,1786.44,1765.63,1783.74
2021-12-02,1783.05,1783.58,1761.68,1768.64
2021-12-01,1774.15,1794.8,1771.96,1782.66
2021-11-30,1785.34,1809.38,1769.43,1773.78
2021-11-29,1790.05,1799.8,1781.23,1785.01
2021-11-26,1788.7,1815.78,1780.79,1791.81
2021-11-25,1789.49,1795.65,1785.85,1788.45
2021-11-24,1790.34,1797.01,1778.44,1788.5
2021-11-23,1805.65,1812.5,1781.63,1789.73
2021-11-22,1846.74,1849.49,1801.95,1805.04
2021-11-19,1858.9,1865.76,1842.98,1844.6
2021-11-18,1866.97,1871.29,1854.94,1858.46
2021-11-17,1850.34,1868.32,1849.38,1866.96
2021-11-16,1862.94,1877.4,1849.16,1849.91
2021-11-15,1868.15,1870.57,1855.73,1862.46
2021-11-12,1861.99,1868.69,1844.78,1864.04
2021-11-11,1849.69,1866.35,1842.66,1861.52
2021-11-10,1831.9,1868.7,1821.6,1849.57
2021-11-09,1824.74,1833.08,1817.7,1831.48
2021-11-08,1818.44,1826.93,1812.08,1824.26
2021-11-05,1792.14,1818.61,1785.17,1816.73
2021-11-04,1769.98,1799.26,1769.13,1791.7
2021-11-03,1787.71,1788.42,1758.45,1769.52
2021-11-02,1793.61,1796.91,1785.78,1787.28
2021-11-01,1783.24,1796.2,1778.89,1793.05
2021-10-29,1799.03,1801.49,1771.7,1782.81
2021-10-28,1796.78,1810.49,1792.34,1798.62
2021-10-27,1793.04,1799.38,1782.83,1796.69
2021-10-26,1807.9,1808.5,1781.98,1792.63
2021-10-25,1794,1810.18,1791.95,1807.47
2021-10-22,1782.89,1814.22,1782.46,1792.48
2021-10-21,1782.1,1789.61,1776.07,1782.76
2021-10-20,1769.28,1788.68,1766.5,1781.83
2021-10-19,1764.99,1785.53,1762.48,1768.87
2021-10-18,1767.74,1772.3,1759.68,1764.6
2021-10-15,1795.81,1796.89,1764.48,1767.26
2021-10-14,1792.75,1800.91,1786.22,1795.56
2021-10-13,1760.05,1796.31,1757.89,1792.65
2021-10-12,1754.12,1769.78,1750.47,1759.93
2021-10-11,1757.34,1761.36,1749.68,1753.86
2021-10-08,1755.89,1781.6,1753.03,1756.67
2021-10-07,1762.74,1767.45,1751.38,1755.29
2021-10-06,1760.45,1765.78,1745.45,1762.48
2021-10-05,1769.75,1771.03,1748.56,1759.96
2021-10-04,1762.15,1771.06,1747.23,1769.51
2021-10-01,1756.91,1764.4,1749.36,1760.36
2021-09-30,1726.4,1764.53,1721.67,1756.66
2021-09-29,1733.97,1746.11,1721.07,1726.11
2021-09-28,1750.45,1754.8,1727.18,1733.68
2021-09-27,1751.24,1761.29,1744.19,1749.85
2021-09-24,1742.82,1758.08,1739.6,1749.86
2021-09-23,1768.4,1776.6,1737.84,1742.57
2021-09-22,1774.51,1787.51,1764.84,1767.91
2021-09-21,1764.19,1782.07,1757.61,1774.25
2021-09-20,1754.3,1767.31,1742.24,1763.88
2021-09-17,1753.67,1768.22,1747.07,1754.16
2021-09-16,1794.34,1796.71,1745.04,1753.39
2021-09-15,1804.53,1807.3,1790.28,1792.59
2021-09-14,1793.77,1808.99,1781.89,1804.27
2021-09-13,1788.55,1798.66,1783.73,1793.49
2021-09-10,1794.61,1804.15,1786.53,1787.34
2021-09-09,1789.19,1801.19,1783.83,1794.69
2021-09-08,1794.41,1802.6,1781.98,1788.93
2021-09-07,1823.27,1827.39,1792.33,1794.13
2021-09-06,1828.66,1830.6,1820.58,1823.1
2021-09-03,1809.98,1834.55,1808.53,1826.19
2021-09-02,1813.92,1817.53,1804.48,1809.4
2021-09-01,1813.57,1820.21,1808.18,1813.66
2021-08-31,1810.26,1819.43,1801.47,1813.43
2021-08-30,1817.55,1823.38,1807.28,1810.17
2021-08-27,1792.6,1819.38,1787.66,1816.67
2021-08-26,1791.09,1798.61,1779.48,1792.16
2021-08-25,1802.86,1803.57,1782.45,1790.68
2021-08-24,1805.61,1810.03,1799.73,1802.61
2021-08-23,1780.55,1806.92,1776.03,1805.2
2021-08-20,1780.44,1788.85,1777.96,1780.87
2021-08-19,1788.05,1792.56,1774.2,1780.18
2021-08-18,1786.21,1794.31,1777.31,1787.59
2021-08-17,1787.51,1795.77,1780.28,1785.96
2021-08-16,1778.44,1789.51,1770.38,1787.24
2021-08-13,1752.72,1780.53,1751.27,1779.15
2021-08-12,1751.66,1758.62,1741.29,1752.44
2021-08-11,1729.01,1754.63,1723.54,1751.56
2021-08-10,1729.74,1738.49,1717.17,1728.71
2021-08-09,1763.34,1764.65,1684.77,1729.46
2021-08-06,1804.28,1804.93,1758.33,1762.69
2021-08-05,1811.69,1815.45,1797.74,1804.01
2021-08-04,1810.6,1832.1,1806.54,1811.41
2021-08-03,1813.64,1815.18,1806.73,1809.94
2021-08-02,1814.34,1819.94,1805.12,1813.39
2021-07-30,1828.21,1831.63,1809.48,1813.58
2021-07-29,1807.15,1833.05,1806.29,1827.95
2021-07-28,1799,1809.9,1792.6,1806.88
2021-07-27,1797.53,1805.6,1792.83,1798.73
2021-07-26,1802.65,1811.97,1795.68,1797.27
2021-07-23,1806.95,1810.56,1790.45,1801.34
2021-07-22,1803.58,1808.34,1792.11,1806.69
2021-07-21,1810.32,1814.02,1794.18,1803.31
2021-07-20,1812.61,1825.27,1805.06,1810.03
2021-07-19,1811.65,1817.56,1794.66,1812.34
2021-07-16,1829.45,1832.2,1808.65,1810.89
2021-07-15,1827.35,1833.99,1820.07,1829.19
2021-07-14,1807.72,1830.32,1804.21,1827.06
2021-07-13,1806.17,1817.51,1798.54,1807.44
2021-07-12,1807.94,1811.04,1791.21,1805.88
2021-07-09,1802.89,1812.71,1796.09,1807.98
2021-07-08,1803.67,1818.7,1794.28,1802.56
2021-07-07,1796.96,1810.13,1793.64,1803.41
2021-07-06,1791.88,1815.34,1789.91,1796.69
2021-07-05,1787.69,1795.69,1784.09,1791.61
2021-07-02,1776.83,1795.4,1773.73,1786.79
2021-07-01,1770.06,1783.07,1765.47,1776.6
2021-06-30,1761.35,1774.72,1752.78,1769.8
2021-06-29,1778.44,1779.24,1750.11,1761.09
2021-06-28,1781.24,1785.9,1770.69,1778.18
2021-06-25,1775.46,1790.6,1773.27,1780.34
2021-06-24,1779.01,1788.56,1772.67,1775.18
2021-06-23,1778.8,1795.18,1773.13,1778.73
2021-06-22,1783.23,1790.42,1771.99,1778.51
2021-06-21,1764.44,1786.75,1764.44,1782.95
2021-06-18,1772.73,1797.24,1761.04,1763.34
2021-06-17,1812.18,1825.58,1766.88,1773.31
2021-06-16,1858.96,1862.43,1804.19,1811.95
2021-06-15,1866.26,1869.67,1851.28,1858.69
2021-06-14,1874.59,1878.21,1844.57,1865.99
2021-06-11,1898.42,1903.3,1874.07,1876.64
2021-06-10,1888.57,1900.09,1869.84,1898.14
2021-06-09,1893.49,1899.4,1886.58,1888.3
2021-06-08,1898.99,1903.95,1883.38,1892.82
2021-06-07,1888.49,1900.41,1880.88,1899
2021-06-04,1871.32,1896.6,1856.09,1889.97
2021-06-03,1908.09,1909.89,1865.11,1870.57
2021-06-02,1900.05,1909.34,1894.05,1907.94
2021-06-01,1907.53,1916.84,1892.28,1900.19
2021-05-31,1903.69,1911.13,1901.56,1906.36
2021-05-28,1897.05,1905.9,1881.84,1902.64
2021-05-27,1896.49,1903.87,1888.22,1896.08
2021-05-26,1899.49,1913.15,1890.34,1896.44
2021-05-25,1880.69,1900.63,1872.73,1899.26
2021-05-24,1882.34,1887.44,1875.19,1881.07
2021-05-21,1876.84,1889.85,1870.01,1880.3
2021-05-20,1869.74,1884.12,1863.53,1876.69
2021-05-19,1869.59,1890.15,1851.94,1869.57
2021-05-18,1866.59,1875.4,1862.94,1868.22
2021-05-17,1843.84,1868.8,1841.24,1866.13
2021-05-14,1826.49,1845.55,1819.79,1842.19
2021-05-13,1815.9,1828.81,1808.78,1826.57
2021-05-12,1837.4,1843.69,1813,1815.44
2021-05-11,1834.58,1842.32,1817.68,1836.94
2021-05-10,1833.24,1845.53,1830.09,1835.44
2021-05-07,1815.48,1843.45,1812.9,1830.48
2021-05-06,1787.09,1818.21,1781.67,1815.18
2021-05-05,1778.91,1788.35,1769.95,1786.44
2021-05-04,1792.29,1799.38,1770.84,1778.48
2021-05-03,1768.49,1798.22,1765.91,1792.36
2021-04-30,1772.9,1773.98,1763.73,1768.59
2021-04-29,1780.9,1790.43,1756.19,1771.24
2021-04-28,1776.8,1782.85,1762.56,1781.32
2021-04-27,1780.42,1785.9,1773.52,1776.69
2021-04-26,1776.34,1783.69,1768.7,1780.19
2021-04-23,1784.33,1796.06,1770.05,1777.18
2021-04-22,1794.15,1798.29,1776.83,1783.94
2021-04-21,1778.64,1797.98,1775.95,1793.46
2021-04-20,1770.3,1780.77,1763.18,1777.25
2021-04-19,1779.5,1790.54,1765.98,1769.31
2021-04-16,1763.84,1784.07,1759.79,1776.31
2021-04-15,1737.1,1769.91,1734.1,1763.21
2021-04-14,1744.3,1749.58,1732.13,1736
2021-04-13,1732.59,1749.23,1723.27,1743.83
2021-04-12,1743.8,1745.36,1727.18,1732.51
2021-04-09,1756.54,1757.47,1731.09,1743.1
2021-04-08,1737.84,1759.13,1732.99,1755.94
2021-04-07,1742.96,1744.57,1730.13,1737.28
2021-04-06,1728.49,1745.68,1726.82,1743.57
2021-04-05,1728.74,1733.75,1721.22,1728.44
2021-04-02,1730.47,1732.55,1728.67,1728.84
2021-04-01,1708.09,1730.8,1705.42,1730.18
2021-03-31,1685.59,1715.28,1677.93,1707.01
2021-03-30,1712.55,1714.74,1678.85,1684.8
2021-03-29,1732.15,1733.34,1705.58,1711.99
2021-03-26,1727.3,1737.01,1721.23,1731.97
2021-03-25,1735.65,1745.95,1721.84,1726.82
2021-03-24,1727.8,1738.56,1723.85,1734.19
2021-03-23,1739.05,1742.85,1724.42,1727.11
2021-03-22,1745.74,1747.18,1727.4,1738.69
2021-03-19,1735.9,1746.88,1728.04,1744.74
2021-03-18,1745.09,1755.59,1719.05,1736.41
2021-03-17,1730.61,1751.81,1724.14,1744.44
2021-03-16,1730.57,1741.4,1725.8,1730.94
2021-03-15,1727.74,1734.99,1721.31,1731.84
2021-03-12,1721.59,1728.42,1698.85,1726.41
2021-03-11,1726.55,1739.99,1719.38,1721.41
2021-03-10,1715.94,1726.76,1707.99,1726.05
2021-03-09,1682.55,1720.83,1679.8,1715.36
2021-03-08,1702.8,1714.45,1676.7,1681.24
2021-03-05,1698.59,1707.76,1687.12,1700.86
2021-03-04,1711.84,1723.34,1690.64,1697.19
2021-03-03,1738.59,1740.85,1701.94,1710.95
2021-03-02,1724.1,1738.89,1707.18,1738.09
2021-03-01,1733.4,1760.02,1719.52,1723.84
2021-02-26,1770.49,1776.1,1717.26,1733.49
2021-02-25,1804.8,1806.06,1765.44,1769.88
2021-02-24,1805.34,1813.99,1783.3,1804.36
2021-02-23,1809.09,1816.27,1795.78,1805.06
2021-02-22,1782.24,1812.76,1780.46,1808.66
2021-02-19,1776.19,1791.7,1760.13,1782.31
2021-02-18,1776.69,1789.88,1767.98,1775.49
2021-02-17,1794.65,1795.45,1769.27,1776.26
2021-02-16,1819.34,1826.75,1789.19,1794.31
2021-02-15,1825.34,1827.59,1815.71,1818.51
2021-02-12,1825.9,1830.8,1810.33,1823.46
2021-02-11,1842.65,1847.95,1820.63,1825.36
2021-02-10,1837.55,1855.7,1833.91,1842.22
2021-02-09,1830.59,1849.15,1828.63,1837.06
2021-02-08,1815.44,1839.15,1807.48,1830.16
2021-02-05,1792.49,1815.32,1791.8,1811.62
2021-02-04,1834.34,1835.13,1785.15,1792.26
2021-02-03,1837.49,1845.29,1829.49,1833.76
2021-02-02,1860.84,1864.26,1829.46,1837.35
2021-02-01,1863.05,1871.84,1849.04,1860.16
2021-01-29,1840.9,1876.03,1839.56,1846.09
2021-01-28,1844.34,1864.26,1833.81,1840.36
2021-01-27,1850.65,1853.58,1831.29,1843.99
2021-01-26,1855.55,1861.86,1848.36,1850.31
2021-01-25,1855.75,1868.45,1847.3,1854.99
2021-01-22,1870.09,1871.17,1837.09,1852.55
2021-01-21,1871.07,1875.45,1858.16,1869.91
2021-01-20,1840.05,1872.03,1832.46,1870.91
2021-01-19,1838.09,1845.98,1833.06,1839.34
2021-01-18,1828.94,1840.95,1810.46,1836.89
2021-01-15,1846.8,1856.85,1823.21,1826.59
2021-01-14,1843.94,1857.59,1833.21,1846.37
2021-01-13,1856.19,1863.26,1843.34,1843.41
2021-01-12,1845.34,1864.08,1837.41,1855.63
2021-01-11,1849.34,1857.05,1817.14,1844.66
2021-01-08,1912.9,1917.85,1828.74,1848.26
2021-01-07,1919.4,1927.97,1906.86,1912.5
2021-01-06,1950.3,1959.6,1901.11,1918.81
2021-01-05,1942.65,1953.17,1934.08,1949.35
2021-01-04,1906.05,1944.65,1905.36,1942.28
2021-01-01,1897.69,1899.12,1897.39,1898.1
2020-12-31,1893.55,1901.26,1884.77,1896.49
2020-12-30,1878.34,1894.06,1875.66,1893.37
2020-12-29,1872.24,1886.91,1870.99,1877.99
2020-12-28,1885.93,1900.53,1869.21,1871.19
2020-12-25,1877.07,1877.07,1877.07,1875.82
2020-12-24,1872.74,1882.55,1869.52,1876.56
2020-12-23,1859.99,1878.59,1858.59,1872.08
2020-12-22,1876.65,1884.61,1858.73,1859.56
2020-12-21,1883.2,1906.93,1856.69,1876.21
2020-12-18,1885.8,1889.88,1876.97,1880.66
2020-12-17,1864.26,1896.26,1861.83,1885.87
2020-12-16,1853.94,1866.2,1844.75,1864.15
2020-12-15,1827.8,1855.76,1825.29,1853.46
2020-12-14,1839.3,1839.86,1819.92,1827.17
2020-12-11,1835.55,1847.89,1824.23,1839.03
2020-12-10,1839.59,1850.4,1828.48,1835.31
2020-12-09,1871.19,1871.37,1825.71,1839.11
2020-12-08,1863.55,1875.79,1859.83,1871.36
2020-12-07,1837.99,1868.76,1822.99,1863.69
2020-12-04,1841.05,1848.26,1829.3,1837.61
2020-12-03,1831.34,1844.45,1823.6,1840.36
2020-12-02,1815.19,1832.65,1806.99,1831.01
2020-12-01,1777.4,1817.55,1775.52,1814.87
2020-11-30,1789.05,1789.99,1764.69,1777.02
2020-11-27,1811.09,1813.81,1773.93,1788.13
2020-11-26,1805.74,1818.78,1805.31,1810.57
2020-11-25,1807.69,1817.98,1801.33,1805.3
2020-11-24,1836.65,1839.26,1800.69,1807.51
2020-11-23,1869.84,1876.72,1830.85,1835.85
2020-11-20,1867.59,1879.98,1860.66,1870.49
2020-11-19,1871.44,1874.34,1852.48,1867.37
2020-11-18,1878.6,1884.92,1863.94,1871.41
2020-11-17,1889.15,1893.9,1877.69,1878.6
2020-11-16,1888.74,1899.35,1864.74,1888.52
2020-11-13,1876.44,1897.16,1873.76,1888.04
2020-11-12,1865.3,1883.88,1862.46,1875.76
2020-11-11,1877.34,1884.93,1856.05,1864.71
2020-11-10,1862.15,1890.6,1860.3,1876.5
2020-11-09,1954.65,1965.92,1850.36,1861.86
2020-11-06,1949.24,1960.77,1935.4,1951.51
2020-11-05,1903.65,1952.95,1902.43,1948.56
2020-11-04,1908.59,1916.68,1883.15,1903.21
2020-11-03,1895.8,1910.71,1886.81,1908.36
2020-11-02,1878.59,1896.12,1873.21,1895.1
2020-10-30,1868.24,1889.85,1864.64,1877.95
2020-10-29,1876.94,1885.42,1859.67,1867.13
2020-10-28,1908.05,1911.03,1869.59,1877.06
2020-10-27,1902.19,1911.34,1897.47,1906.83
2020-10-26,1902.34,1908.55,1890.9,1901.69
2020-10-23,1904.24,1914.3,1894.54,1900.79
2020-10-22,1924.34,1926,1894.8,1904.04
2020-10-21,1908.65,1931.41,1907.94,1924.49
2020-10-20,1904.24,1914.2,1894.74,1906.39
2020-10-19,1899.94,1918.59,1897.09,1904.27
2020-10-16,1907.95,1914.06,1897.59,1898.97
2020-10-15,1900.31,1909.22,1889.46,1907.82
2020-10-14,1891.9,1913.03,1882.44,1900.89
2020-10-13,1922.42,1925.73,1886.59,1890.82
2020-10-12,1930.5,1933.45,1918.19,1921.95
2020-10-09,1894.19,1930.83,1893.32,1929.43
2020-10-08,1887.4,1900.73,1881.86,1893.09
2020-10-07,1878.84,1898.31,1873.05,1887.22
2020-10-06,1913.28,1921.1,1874.57,1877.13
2020-10-05,1902.24,1918.74,1886.81,1912.9
2020-10-02,1905.65,1917.28,1889.57,1898.7
2020-10-01,1885.8,1912.09,1884.48,1905.05
2020-09-30,1897.81,1902.39,1881.31,1885.44
2020-09-29,1881.4,1899.24,1875.56,1897.69
2020-09-28,1859,1883.39,1849.19,1880.85
2020-09-25,1868.61,1875.28,1852.59,1860.05
2020-09-24,1863.42,1877.3,1848.45,1868.04
2020-09-23,1900.2,1905.56,1855.77,1863.55
2020-09-22,1912.8,1919.99,1894.93,1899.28
2020-09-21,1949.55,1955.75,1883.21,1912.57
2020-09-18,1943.87,1960.2,1941.79,1949.69
2020-09-17,1959.99,1963.48,1932.99,1942.6
2020-09-16,1956.19,1973.63,1949.89,1959.32
2020-09-15,1957.31,1972.35,1948.64,1955.52
2020-09-14,1941.05,1962.52,1937.46,1956.37
2020-09-11,1955.2,1957.95,1937.42,1941.5
2020-09-10,1946.06,1966.5,1941.42,1954.07
2020-09-09,1932.26,1950.95,1920.2,1946.66
2020-09-08,1929.14,1940.8,1906.57,1931.26
2020-09-07,1930.35,1941.45,1924.43,1929.18
2020-09-04,1931.51,1942.25,1916.64,1932.85
2020-09-03,1943,1951.15,1921.95,1930.85
2020-09-02,1969.71,1974.41,1932.75,1942.98
2020-09-01,1967.58,1992.26,1963.22,1970.49
2020-08-31,1965.39,1976.53,1954.55,1970.15
2020-08-28,1929.44,1973.81,1923.71,1964.89
2020-08-27,1953.35,1976.32,1909.96,1929.2
2020-08-26,1928.66,1955.15,1902.81,1954.03
2020-08-25,1932.66,1937.55,1914.31,1928.19
2020-08-24,1938.63,1962.04,1924.28,1933.09
2020-08-21,1946.96,1956.37,1911.76,1940.16
2020-08-20,1929.28,1955.99,1925.47,1943.6
2020-08-19,2001.22,2006.51,1924.63,1929.82
2020-08-18,1985.47,2015.23,1977.56,2001.2
2020-08-17,1946.22,1990.91,1929.74,1986.2
2020-08-14,1953.98,1962.62,1932.46,1944.29
2020-08-13,1920.87,1966.83,1913.42,1954
2020-08-12,1911.26,1949.26,1863.92,1918.07
2020-08-11,2027.11,2031.59,1901.57,1911.64
2020-08-10,2033.71,2050.1,2019.42,2027.77
2020-08-07,2064.52,2072.9,2015.48,2035.03
2020-08-06,2040.03,2069.84,2034.83,2063.81
2020-08-05,2018.98,2056.1,2010.33,2040.4
2020-08-04,1976.45,2019.96,1968.38,2018.52
2020-08-03,1980.43,1985.22,1960.15,1977.25
2020-07-31,1960.96,1981.11,1955.99,1975.89
2020-07-30,1970.89,1972.25,1940.17,1960.5
2020-07-29,1959.71,1980.67,1944.96,1970.73
2020-07-28,1942.22,1981.14,1907.69,1959.5
2020-07-27,1899.29,1945.71,1899.29,1942.42
2020-07-24,1886.83,1906.47,1881.58,1901.46
2020-07-23,1871.97,1898.49,1862.38,1887.44
2020-07-22,1841.89,1872.41,1840.25,1872.07
2020-07-21,1815.53,1843.75,1815.44,1842.22
2020-07-20,1809.28,1820.76,1805.7,1816.09
2020-07-17,1797.3,1812.59,1795.11,1809.9
2020-07-16,1811.72,1813.41,1795.1,1797.05
2020-07-15,1808.14,1815,1802.91,1811.9
2020-07-14,1802.77,1810.94,1791.02,1807.78
2020-07-13,1798.69,1813.65,1797.94,1803.39
2020-07-10,1801.71,1810.94,1794.47,1798.89
2020-07-09,1810.68,1815.99,1795.76,1803.19
2020-07-08,1794.93,1818.37,1791.82,1810.78
2020-07-07,1784.57,1797.93,1774.37,1795.26
2020-07-06,1776.24,1786.98,1770.09,1783.9
2020-07-03,1774.03,1777.01,1772.03,1775.05
2020-07-02,1769.6,1780.21,1757.85,1776.13
2020-07-01,1780.91,1789.27,1759.02,1770.32
2020-06-30,1771.77,1786.46,1765.77,1781.66
2020-06-29,1773.27,1775.86,1766.07,1772.28
2020-06-26,1762.35,1772.36,1748.04,1771.47
2020-06-25,1759.76,1768.84,1755.23,1761.82
2020-06-24,1769.09,1780.06,1761.09,1762.43
2020-06-23,1756.03,1771.69,1747.9,1767.54
2020-06-22,1749,1763.82,1743.78,1755.44
2020-06-19,1723.16,1745.68,1721.36,1743.62
2020-06-18,1725.57,1736.87,1717.28,1722.99
2020-06-17,1727.34,1730.62,1713.37,1727.04
2020-06-16,1725.79,1733.06,1715.93,1727.46
2020-06-15,1732.35,1734.78,1704.76,1725.53
2020-06-12,1728.32,1743.59,1723.12,1730.8
2020-06-11,1737.11,1744.72,1721.34,1727.51
2020-06-10,1714.33,1740.29,1708.83,1737.1
2020-06-09,1700.25,1720.75,1691.92,1714.57
2020-06-08,1684.16,1701.27,1677.61,1695.47
2020-06-05,1711.2,1716.39,1670.75,1685.83
2020-06-04,1699.11,1722.22,1697.4,1711.84
2020-06-03,1728.97,1732.92,1690.01,1698.63
2020-06-02,1740.93,1745.54,1721.52,1727.97
2020-06-01,1736.42,1744.52,1727.03,1740.34
2020-05-29,1721.7,1738.99,1713.79,1728.3
2020-05-28,1709.68,1727.69,1707.19,1719.4
2020-05-27,1712.03,1715.77,1693.6,1709.25
2020-05-26,1729.65,1736.29,1708.31,1712.45
2020-05-25,1734.73,1735.57,1720.47,1729.57
2020-05-22,1725.26,1741.51,1724.29,1736.07
2020-05-21,1750.18,1750.64,1717.56,1726.34
2020-05-20,1744.44,1754.08,1740.91,1749.5
2020-05-19,1733.37,1748.77,1725.83,1745.11
2020-05-18,1742.93,1764.81,1726.26,1732.32
2020-05-15,1731.13,1753.25,1728.52,1743
2020-05-14,1715.01,1737.34,1710.39,1730.65
2020-05-13,1701.21,1718.33,1697.92,1715.99
2020-05-12,1696.25,1711.04,1692.28,1702.72
2020-05-11,1703.76,1713.67,1691.56,1697.35
2020-05-08,1717.46,1724.56,1701.61,1702.65
2020-05-07,1686.08,1722.02,1681.96,1717.94
2020-05-06,1705.77,1707.85,1681.34,1685.88
2020-05-05,1701.78,1712.6,1691.13,1707.17
2020-05-04,1697.26,1712,1690.96,1701.69
2020-05-01,1685.24,1706.21,1669.82,1700.41
2020-04-30,1715.22,1726.14,1684.16,1685.05
2020-04-29,1708.72,1717.52,1697.72,1712.38
2020-04-28,1716.19,1716.19,1691.8,1708.63
2020-04-27,1724.86,1727.82,1705.82,1715.57
2020-04-24,1733.32,1737.89,1710.63,1729.43
2020-04-23,1713,1738.84,1704.05,1731.59
2020-04-22,1686.47,1719.66,1680.05,1714.82
2020-04-21,1694.22,1698.48,1660.99,1687.02
2020-04-20,1691.44,1703.02,1671.74,1694.12
2020-04-17,1713.49,1718.69,1678.52,1684.69
2020-04-16,1716.29,1738.74,1706.92,1718.4
2020-04-15,1729.43,1731.43,1706.99,1716.6
2020-04-14,1714.09,1748.5,1709.1,1729.7
2020-04-13,1682.25,1722.36,1672.95,1714.32
2020-04-10,1675,1696.5,1675,1689.9
2020-04-09,1644.28,1690.29,1642.34,1684.07
2020-04-08,1645.94,1657.06,1641.15,1646.52
2020-04-07,1662.38,1671.88,1641.06,1648.95
2020-04-06,1596.8,1669.76,1596.8,1663
2020-04-03,1609.99,1627.04,1607,1618.45
2020-04-02,1590.75,1621.27,1576.43,1613.79
2020-04-01,1569.45,1604.12,1568.91,1595.05
2020-03-31,1612.25,1623.52,1562.25,1571.31
2020-03-30,1617.38,1635.59,1607.63,1623.3
2020-03-27,1634.99,1640.76,1614.75,1623.5
2020-03-26,1620.16,1645.8,1595.81,1632.38
2020-03-25,1618.79,1636.29,1584.18,1613.79
2020-03-24,1565.36,1644.35,1564.77,1622.03
2020-03-23,1508.25,1561.76,1485.4,1553.81
2020-03-20,1470.39,1516.43,1460.49,1498.24
2020-03-19,1486.1,1501.61,1464.75,1471
2020-03-18,1527.3,1546.05,1472.6,1486.3
2020-03-17,1512.05,1553.11,1465.6,1528.58
2020-03-16,1550.59,1573.49,1451.68,1514.61
2020-03-13,1576.83,1597.72,1506.73,1529.7
2020-03-12,1634.69,1650.13,1560.96,1577.09
2020-03-11,1649.69,1670.97,1632.9,1635.03
2020-03-10,1678.9,1680.36,1642.11,1649.36
2020-03-09,1694.6,1703.16,1657.96,1680.2
2020-03-06,1670.66,1692.11,1647.98,1674.23
2020-03-05,1635.83,1674.66,1634.92,1670.61
2020-03-04,1639.85,1651.68,1631.99,1635.83
2020-03-03,1590.78,1649.5,1587.79,1639.77
2020-03-02,1590.99,1610.78,1579.54,1590.73
2020-02-28,1642.14,1649.49,1565.86,1585.12
2020-02-27,1640.56,1660.44,1635.66,1642.35
2020-02-26,1635.46,1655.07,1625.72,1639.96
2020-02-25,1660.72,1660.85,1629.01,1635.38
2020-02-24,1658.96,1688.96,1652.3,1660.72
2020-02-21,1619.79,1649.14,1618.99,1643.7
2020-02-20,1611.71,1623.74,1603.89,1619.7
2020-02-19,1601.8,1612.91,1599.49,1611.64
2020-02-18,1583.31,1605.35,1582.96,1601.91
2020-02-17,1584.75,1584.86,1578.4,1581.1
2020-02-14,1576.29,1585.04,1573.15,1584.7
2020-02-13,1565.62,1578.11,1565.43,1576.39
2020-02-12,1567.73,1570.48,1561.46,1565.63
2020-02-11,1572.01,1573.96,1562.18,1567.72
2020-02-10,1569.94,1577.16,1568.01,1572.3
2020-02-07,1566.96,1574.05,1562.38,1570.29
2020-02-06,1556.88,1568.29,1552.24,1566.85
2020-02-05,1552.57,1562.31,1547.2,1556.7
2020-02-04,1576.3,1579.54,1548.99,1552.55
2020-02-03,1589.85,1591.86,1571.26,1576.45
2020-01-31,1574.27,1590.2,1570.84,1590.2
2020-01-30,1576.98,1585.97,1572.49,1574.22
2020-01-29,1566.21,1577.96,1563.1,1577.12
2020-01-28,1582.05,1583.17,1565.64,1566.24
2020-01-27,1579.99,1586.72,1575.59,1581.95
2020-01-24,1563.29,1575.76,1556.16,1570.65
2020-01-23,1558.93,1567.94,1551.29,1563.33
2020-01-22,1558.03,1559.35,1549.81,1558.91
2020-01-21,1560.85,1568.65,1546.25,1558.02
2020-01-20,1558.56,1562.81,1556.35,1561.58
2020-01-17,1552.9,1561.3,1549.26,1556.61
2020-01-16,1556.17,1558.14,1547.85,1552.79
2020-01-15,1546.26,1558.23,1546.01,1556.19
2020-01-14,1548.31,1548.8,1535.88,1546.37
2020-01-13,1562.29,1562.3,1546.52,1548.3
2020-01-10,1552.26,1563.19,1545.32,1562.28
2020-01-09,1555.76,1561.33,1539.88,1552.37
2020-01-08,1573.99,1611,1551.97,1555.81
2020-01-07,1565.93,1577.38,1555.1,1573.99
2020-01-06,1560.59,1582.69,1560.59,1565.96
2020-01-03,1529.11,1553.45,1527.95,1551.65
2020-01-02,1517.13,1531.3,1517.09,1528.94
2020-01-01,1517.26,1517.48,1517.2,1517.3
2019-12-31,1515.51,1525.59,1514.79,1517.39
2019-12-30,1511.49,1516.3,1509.96,1515.22
2019-12-27,1511.55,1515.34,1506.73,1510.67
2019-12-26,1499.41,1512.55,1497.45,1511.55
2019-12-25,1499.55,1499.55,1499.55,1499.55
2019-12-24,1486.07,1501.08,1484.96,1499.56
2019-12-23,1478.2,1486.16,1477.5,1485.52
2019-12-20,1479.29,1481.06,1475.5,1478.2
2019-12-19,1475.29,1481.9,1472.6,1479.15
2019-12-18,1476.45,1479.39,1470.1,1475.44
2019-12-17,1476.25,1480.61,1474.06,1476.45
2019-12-16,1475.45,1479.86,1472.8,1476.25
2019-12-13,1469.62,1478,1462.41,1475.81
2019-12-12,1474.85,1486.9,1464.45,1469.43
2019-12-11,1464.04,1478.9,1462.14,1474.85
2019-12-10,1462.08,1469.24,1459.55,1464.21
2019-12-09,1459.19,1465.5,1458.55,1461.99
2019-12-06,1475.85,1477.15,1458.42,1459.76
2019-12-05,1474.06,1480.5,1472.6,1475.7
2019-12-04,1477.21,1484.25,1471.21,1474.35
2019-12-03,1462.5,1481.9,1458.87,1477.34
2019-12-02,1466.73,1466.73,1453.7,1462.44
2019-11-29,1456.7,1467.21,1453.38,1464.8
2019-11-28,1456.85,1458.45,1454.19,1458.34
2019-11-27,1461.35,1461.82,1452.2,1454.35
2019-11-26,1455.28,1463.06,1450.7,1461.6
2019-11-25,1462.14,1462.14,1453.5,1454.97
2019-11-22,1464.4,1473.15,1461,1462.29
2019-11-21,1471.4,1475.85,1462.43,1464.4
2019-11-20,1472.39,1478.9,1465.66,1471.25
2019-11-19,1470.85,1475.5,1464.3,1472.38
2019-11-18,1467.51,1474.1,1455.97,1470.85
2019-11-15,1471.2,1471.43,1462.05,1467.37
2019-11-14,1463.18,1474.48,1460.76,1471.2
2019-11-13,1457.19,1467.14,1455.9,1463.19
2019-11-12,1455.79,1460.32,1445.43,1457.19
2019-11-11,1458.96,1466.59,1448.14,1455.9
2019-11-08,1468.01,1473.25,1456.05,1458.66
2019-11-07,1490.29,1492.32,1461,1468.07
2019-11-06,1484.1,1494.3,1482.21,1490.46
2019-11-05,1509.64,1509.9,1479.35,1484.1
2019-11-04,1513.8,1514.93,1504.46,1509.63
2019-11-01,1513.53,1515.81,1503.3,1513.95
2019-10-31,1496.39,1514.39,1493.64,1513.36
2019-10-30,1487.6,1496.8,1481.02,1495.4
2019-10-29,1492.64,1495,1483.71,1487.6
2019-10-28,1504.21,1508.36,1489.65,1492.69
2019-10-25,1504.75,1518.1,1500.55,1504.73
2019-10-24,1492.3,1504.21,1488.02,1503.65
2019-10-23,1488.2,1496.24,1487.49,1492.1
2019-10-22,1484.66,1489.17,1480.84,1488.05
2019-10-21,1492.02,1495.31,1481.75,1484.5
2019-10-18,1492.32,1494.33,1484.8,1490.1
2019-10-17,1490.4,1497.43,1483.35,1491.89
2019-10-16,1481.28,1491.6,1477.05,1489.77
2019-10-15,1493.25,1497.99,1477.46,1481.17
2019-10-14,1488.6,1497.1,1482.6,1492.9
2019-10-11,1494.46,1503.49,1474.3,1489.85
2019-10-10,1505.6,1517.07,1491.4,1494.3
2019-10-09,1506.06,1511.6,1499.7,1505.7
2019-10-08,1493.4,1508.56,1487.49,1505.51
2019-10-07,1504.76,1509.47,1489.94,1493.6
2019-10-04,1505.19,1510.94,1497.01,1504.6
2019-10-03,1499.55,1518.75,1495.85,1505
2019-10-02,1479.19,1504.98,1474.25,1499.51
2019-10-01,1472.3,1487.42,1458.9,1478.98
2019-09-30,1497.08,1500.5,1464.24,1472.25
2019-09-27,1506.18,1507.79,1486.98,1496.94
2019-09-26,1503.89,1512.6,1501.74,1505.8
2019-09-25,1531.6,1535.4,1501.41,1504.15
2019-09-24,1522.5,1536.1,1515.95,1532.3
2019-09-23,1516.65,1527.05,1511.35,1522.12
2019-09-20,1499.6,1517.21,1498,1517.15
2019-09-19,1493.6,1504.2,1488.8,1499.2
2019-09-18,1501.4,1511.25,1484.41,1493.9
2019-09-17,1499.45,1507.9,1493.9,1503.1
2019-09-16,1503.59,1512.81,1496.2,1498.8
2019-09-13,1498.45,1509.06,1485.51,1488.7
2019-09-12,1497.45,1523.86,1488.65,1498.95
2019-09-11,1486.45,1498.41,1484.9,1497.6
2019-09-10,1499.6,1501.9,1484.8,1486.4
2019-09-09,1507.1,1515.5,1497.6,1498.95
2019-09-06,1519.25,1527.7,1502.75,1506.95
2019-09-05,1552.45,1553.25,1509.28,1519.35
2019-09-04,1547.05,1557.25,1533.68,1552.6
2019-09-03,1529.6,1549.8,1521.4,1547
2019-09-02,1520.05,1533.77,1519.05,1530.59
2019-08-30,1527.6,1533.4,1517.51,1520.25
2019-08-29,1539.2,1550.7,1519.4,1527.7
2019-08-28,1541.69,1547.1,1531.5,1539.1
2019-08-27,1526.25,1544.63,1524.75,1542.64
2019-08-26,1539.25,1554.91,1524.55,1526.35
2019-08-23,1499.55,1530.43,1493.45,1526.85
2019-08-22,1502.1,1504.6,1491.7,1498.8
2019-08-21,1507.7,1508.4,1496.1,1502.3
2019-08-20,1495.55,1508.39,1492.75,1507.1
2019-08-19,1511,1512.9,1492.4,1495.3
2019-08-16,1524,1527.8,1504.2,1514.15
2019-08-15,1516.74,1526.76,1508.25,1523.2
2019-08-14,1501.38,1524.1,1494.25,1516.34
2019-08-13,1510.61,1534.56,1481.31,1501.39
2019-08-12,1497.51,1517.71,1487.68,1511.4
2019-08-09,1501.4,1508.4,1494.62,1497.24
2019-08-08,1501.95,1510.35,1490.74,1500.95
2019-08-07,1474.25,1510.4,1472.36,1501.2
2019-08-06,1464.2,1475.21,1456.65,1474.27
2019-08-05,1440.6,1469.8,1436.9,1463.8
2019-08-02,1445.66,1448.05,1430.08,1440.7
2019-08-01,1411.21,1445.81,1400.56,1445.31
2019-07-31,1430.91,1432.94,1411.35,1413.8
2019-07-30,1426.71,1433.03,1421.91,1430.85
2019-07-29,1419.04,1428.25,1416.86,1426.94
2019-07-26,1414.59,1424.8,1413.77,1418.69
2019-07-25,1426.6,1433.86,1411.17,1414.53
2019-07-24,1417.26,1429.3,1416.2,1425.9
2019-07-23,1425.15,1429.25,1414.2,1417.39
2019-07-22,1425.15,1429.83,1422.35,1425.12
2019-07-19,1446.38,1452.98,1420.29,1425.3
2019-07-18,1426.9,1448.3,1414.66,1446.3
2019-07-17,1406.41,1427,1399.95,1426.8
2019-07-16,1414.69,1418.43,1401.18,1406.33
2019-07-15,1415.9,1419.75,1407.76,1414.08
2019-07-12,1403.85,1416.88,1403.06,1415.74
2019-07-11,1419.4,1426.4,1401.6,1404
2019-07-10,1397.8,1419.2,1389.75,1419
2019-07-09,1395.3,1399.9,1386.21,1397.9
2019-07-08,1399.95,1407.9,1391.75,1395.5
2019-07-05,1415.81,1424.36,1386.92,1399.95
2019-07-04,1419.8,1422,1410.59,1415.64
2019-07-03,1419.95,1436.39,1412.48,1418.94
2019-07-02,1383.4,1419.72,1383.4,1418.44
2019-07-01,1392.83,1397.56,1381.76,1384.31
2019-06-28,1409.56,1424.64,1406.81,1409.5
2019-06-27,1409.56,1412,1400.25,1409.68
2019-06-26,1423.91,1424.06,1402.38,1408.75
2019-06-25,1419.17,1439.03,1412.3,1423.25
2019-06-24,1401.35,1421.3,1400.48,1419.55
2019-06-21,1388.22,1411.18,1382.4,1399.05
2019-06-20,1360.36,1393.24,1357.8,1388.18
2019-06-19,1346.56,1362.5,1341.15,1360.27
2019-06-18,1340.09,1354.6,1338.65,1346.48
2019-06-17,1341.91,1343.38,1332.7,1339.54
2019-06-14,1341.55,1358.29,1337.83,1341.58
2019-06-13,1334,1343.43,1332.27,1342.35
2019-06-12,1326.78,1338.62,1326.18,1333.55
2019-06-11,1328.26,1330.06,1319.6,1326.91
2019-06-10,1335.96,1337.84,1324.9,1328.13
2019-06-07,1335.6,1348.48,1330.08,1340.7
2019-06-06,1332.36,1340.43,1327.8,1335.55
2019-06-05,1325.5,1344.26,1324.6,1330.18
2019-06-04,1325.05,1329.38,1319.98,1325.28
2019-06-03,1307.55,1328.3,1306.7,1325.17
2019-05-31,1288.35,1307.04,1288.09,1305.65
2019-05-30,1279.71,1289.22,1274.79,1288.85
2019-05-29,1279.71,1285.77,1278.87,1279.6
2019-05-28,1285.59,1286.86,1276.07,1279.49
2019-05-27,1285.8,1287.72,1283.8,1285.2
2019-05-24,1283.4,1285.42,1280.45,1284.89
2019-05-23,1273.8,1287.63,1272.58,1283.45
2019-05-22,1274.61,1277.42,1272.15,1273.62
2019-05-21,1277.95,1278.06,1269.22,1274.97
2019-05-20,1277.8,1279.14,1273.47,1277.74
2019-05-17,1286.5,1289.29,1274.91,1277.55
2019-05-16,1296.75,1298.92,1283.95,1286.65
2019-05-15,1297.17,1301.02,1292.7,1296.66
2019-05-14,1300.11,1303.51,1293.33,1297.03
2019-05-13,1286.56,1301.35,1281.6,1299.9
2019-05-10,1284.36,1289.73,1283.21,1286
2019-05-09,1280.49,1288.52,1279.41,1284.14
2019-05-08,1284.16,1291.79,1279.35,1280.93
2019-05-07,1281.55,1286.74,1278.5,1285.15
2019-05-06,1281.06,1285.76,1276.6,1280.33
2019-05-03,1270.61,1282.67,1268.81,1279.19
2019-05-02,1276.81,1278.18,1266.1,1270.54
2019-05-01,1283.46,1287.21,1272.99,1276.61
2019-04-30,1279.98,1286.39,1279.54,1283.6
2019-04-29,1286.4,1286.81,1277.78,1279.8
2019-04-26,1277.42,1288.99,1276.05,1286.25
2019-04-25,1275.6,1282.78,1273.5,1277.35
2019-04-24,1272.31,1278.74,1268.55,1275.36
2019-04-23,1275.26,1276.66,1266.15,1272.4
2019-04-22,1275.83,1279.96,1273.45,1274.92
2019-04-18,1273.38,1277.95,1271.02,1275.39
2019-04-17,1276.86,1280.06,1272.93,1274.14
2019-04-16,1287.91,1289,1273.1,1276.57
2019-04-15,1290.45,1292.01,1282.21,1287.88
2019-04-12,1292.3,1296.05,1290.11,1290.4
2019-04-11,1307.95,1309.36,1289.45,1292.6
2019-04-10,1303.96,1310.75,1300.89,1308.05
2019-04-09,1297.24,1306.34,1296.55,1304.13
2019-04-08,1291.65,1303.86,1291.35,1297.41
2019-04-05,1292.46,1293.77,1284.46,1291.7
2019-04-04,1289.95,1294.36,1280.84,1292.38
2019-04-03,1292.21,1294.67,1288.2,1289.9
2019-04-02,1287.55,1293.15,1285.16,1293.15
2019-04-01,1291.33,1297.04,1286.5,1287.66
2019-03-29,1290.14,1299.82,1286.6,1292.15
2019-03-28,1309.85,1312.63,1288.7,1290.55
2019-03-27,1315.81,1319.57,1308.07,1309.87
2019-03-26,1321.51,1323.24,1312.51,1315.51
2019-03-25,1313.05,1324.43,1310.8,1321.9
2019-03-22,1309.14,1315.08,1306.81,1313.38
2019-03-21,1312.64,1320.47,1303.25,1309.45
2019-03-20,1305.61,1316.83,1298.5,1312.48
2019-03-19,1303.45,1311.07,1302.45,1306.55
2019-03-18,1301.64,1306.78,1298.12,1303.7
2019-03-15,1295.74,1306.58,1293.66,1301.38
2019-03-14,1309.61,1310.46,1292.75,1296.28
2019-03-13,1302.01,1311.33,1300.56,1309.28
2019-03-12,1293.71,1302.19,1292.06,1302.01
2019-03-11,1298.7,1299.27,1290.15,1294.25
2019-03-08,1285.91,1300.99,1285.29,1298.39
2019-03-07,1286.71,1289.06,1281.16,1285.74
2019-03-06,1287.62,1291.07,1283.45,1286.76
2019-03-05,1286.67,1289.75,1280.95,1287.43
2019-03-04,1293.62,1297.11,1282.75,1286.66
2019-03-01,1312.81,1315.33,1290.16,1293.56
2019-02-28,1320.18,1327.42,1312.54,1313.05
2019-02-27,1328.91,1329.63,1316.51,1319.88
2019-02-26,1327.44,1330.59,1323.61,1328.96
2019-02-25,1328.57,1332.59,1325.03,1327.12
2019-02-22,1323.52,1333.17,1321.16,1327.8
2019-02-21,1338.89,1341.88,1322.24,1323.49
2019-02-20,1341.25,1346.81,1336.63,1338.49
2019-02-19,1325.9,1341.87,1322.33,1341.16
2019-02-18,1321.95,1328.39,1321.11,1326.9
2019-02-15,1312.98,1322.98,1311.16,1321.41
2019-02-14,1306.16,1314.43,1302.63,1312.55
2019-02-13,1310.88,1318.19,1304.5,1306.19
2019-02-12,1308.55,1315.12,1306.64,1310.89
2019-02-11,1314.22,1314.88,1303.58,1308.33
2019-02-08,1310.14,1315.72,1307.23,1314.07
2019-02-07,1305.87,1311.99,1302.17,1310.09
2019-02-06,1315.03,1315.88,1305.38,1306.22
2019-02-05,1311.75,1316.86,1310.3,1315.01
2019-02-04,1317.55,1318.8,1308.26,1311.75
2019-02-01,1320.95,1323.58,1315.66,1318
2019-01-31,1320.18,1326.68,1317.55,1320.94
2019-01-30,1312.27,1323.74,1308.81,1319.91
2019-01-29,1303.53,1312.05,1302.12,1311.93
2019-01-28,1303.49,1304.49,1297.26,1303.53
2019-01-25,1280.94,1303.69,1279.39,1303.22
2019-01-24,1282.74,1285.15,1276.97,1280.94
2019-01-23,1285.34,1286.92,1278.38,1282.39
2019-01-22,1279.73,1285.84,1277.25,1285.04
2019-01-21,1281.75,1284.29,1277.06,1280.28
2019-01-18,1292.18,1292.86,1280.64,1281.49
2019-01-17,1293.99,1295.84,1288.96,1291.9
2019-01-16,1289.13,1295.02,1287.59,1293.52
2019-01-15,1291.76,1294.7,1286.37,1289.31
2019-01-14,1287.16,1295.9,1287.16,1291.73
2019-01-11,1286.72,1295.65,1286.25,1288
2019-01-10,1293.11,1297.14,1285.81,1286.38
2019-01-09,1285.36,1293.95,1279.63,1293.13
2019-01-08,1289.13,1290.69,1279.2,1285.35
2019-01-07,1285.78,1295.14,1282.29,1288.67
2019-01-04,1294.06,1298.51,1276.49,1284.92
2019-01-03,1285.12,1295.27,1284.16,1293.99
2019-01-02,1281.62,1288.69,1278.33,1284.77
2019-01-01,1283.13,1283.24,1282.62,1282.62
2018-12-31,1280.08,1284.18,1277.09,1282.82
2018-12-28,1275.22,1282.17,1273.98,1280.75
2018-12-27,1266.89,1279.04,1266.09,1275.22
2018-12-26,1270.33,1279.14,1264.34,1266.98
2018-12-24,1259.09,1270.13,1258.34,1269.13
2018-12-21,1260.1,1262.84,1253.37,1256.01
2018-12-20,1243.7,1266.79,1242.89,1260.14
2018-12-19,1249.67,1258.41,1241.54,1243.39
2018-12-18,1246.01,1250.36,1244.44,1249.38
2018-12-17,1237.25,1248.18,1235.47,1245.91
2018-12-14,1242.41,1243.11,1232.48,1238.21
2018-12-13,1246.02,1247.13,1240.23,1242.46
2018-12-12,1243.25,1247.56,1241.95,1245.8
2018-12-11,1244.53,1249.62,1240.55,1242.94
2018-12-10,1250.43,1250.62,1241.21,1244.59
2018-12-07,1238.32,1250.42,1237.49,1248.1
2018-12-06,1237.87,1244.7,1234.64,1237.99
2018-12-05,1238.54,1239.35,1232.96,1237.56
2018-12-04,1231.35,1242.24,1230.41,1238.55
2018-12-03,1223.12,1234.94,1221.09,1231.08
2018-11-30,1223.97,1225.65,1216.24,1221.97
2018-11-29,1221.43,1229.35,1220.49,1223.99
2018-11-28,1214.64,1226.32,1210.73,1221.11
2018-11-27,1222.65,1225.6,1211.74,1214.69
2018-11-26,1224,1228.13,1221.14,1222.37
2018-11-23,1227.33,1229.27,1220.53,1223.19
2018-11-22,1226.69,1229.8,1225.3,1227.45
2018-11-21,1221.55,1230.15,1219.23,1226.02
2018-11-20,1224.37,1229.17,1219.67,1221.55
2018-11-19,1221.76,1225.26,1217.52,1224.05
2018-11-16,1213.02,1225.37,1212.48,1221.47
2018-11-15,1210.87,1216.36,1207.56,1213
2018-11-14,1202.26,1216.33,1197.12,1210.91
2018-11-13,1200.96,1205.57,1196.29,1202.35
2018-11-12,1209.46,1211.45,1200.18,1200.65
2018-11-09,1223.88,1223.97,1206.52,1209.6
2018-11-08,1225.99,1227.05,1219.63,1223.54
2018-11-07,1227.24,1236.23,1223.31,1226.11
2018-11-06,1231.66,1236.31,1223.41,1226.8
2018-11-05,1233.36,1235.46,1226.88,1231.3
2018-11-02,1234.04,1236.79,1229.85,1232.89
2018-11-01,1215.2,1237.83,1214.84,1233.24
2018-10-31,1223,1223.7,1211.92,1214.54
2018-10-30,1230.17,1231.45,1220.22,1223.44
2018-10-29,1234.16,1235.79,1224.45,1229.74
2018-10-26,1232.24,1243.73,1229.8,1233.59
2018-10-25,1234.59,1239.85,1228.08,1232.23
2018-10-24,1231.06,1234.27,1225.74,1234.22
2018-10-23,1222.32,1240,1221.72,1230.49
2018-10-22,1228.61,1230.18,1220.3,1222.17
2018-10-19,1225.66,1231.07,1223.03,1226.32
2018-10-18,1222.35,1230.85,1218.78,1225.75
2018-10-17,1224.08,1229.9,1220.32,1222.68
2018-10-16,1227.12,1232.77,1223.35,1224.43
2018-10-15,1217.45,1233.65,1217.4,1226.93
2018-10-12,1224.17,1224.45,1215.61,1217.93
2018-10-11,1195.01,1226.87,1191.3,1224.33
2018-10-10,1189.59,1195.19,1185.22,1194.78
2018-10-09,1189.01,1192.23,1183.49,1189.62
2018-10-08,1203.14,1204.49,1183.58,1188.01
2018-10-05,1199.41,1206.18,1197,1202.86
2018-10-04,1197.35,1207.11,1195.76,1199.66
2018-10-03,1203.39,1208.77,1196.71,1197.37
2018-10-02,1189.2,1208.65,1188.57,1203.1
2018-10-01,1192.55,1192.95,1184.95,1188.47
2018-09-28,1183.21,1194,1180.74,1192.09
2018-09-27,1194.8,1198.94,1181.98,1182.8
2018-09-26,1201.23,1202.84,1190.53,1194.46
2018-09-25,1198.84,1203.71,1197.21,1201.31
2018-09-24,1198.56,1204.48,1194.23,1198.86
2018-09-21,1207.52,1211.47,1191.97,1199.55
2018-09-20,1204.16,1209.14,1201.47,1207.58
2018-09-19,1197.84,1206.53,1197.81,1203.99
2018-09-18,1202.14,1204.28,1196.21,1198.35
2018-09-17,1193.18,1205.2,1192.97,1200.93
2018-09-14,1201.76,1208.98,1193.13,1193.71
2018-09-13,1207.3,1213.39,1200.37,1201.44
2018-09-12,1198.93,1209.22,1192.9,1206.19
2018-09-11,1195.73,1200.12,1187.95,1198.29
2018-09-10,1195.12,1198.92,1191.52,1195.88
2018-09-07,1200.03,1204.03,1193.28,1195.86
2018-09-06,1197.19,1207.36,1195.59,1200.14
2018-09-05,1191.18,1198.82,1191.1,1196.75
2018-09-04,1201.29,1202.31,1189.55,1191.35
2018-09-03,1200.59,1204.59,1196.11,1201.15
2018-08-31,1200.34,1209.17,1198.43,1201.09
2018-08-30,1206.32,1208.18,1196.32,1199.88
2018-08-29,1201.28,1207.73,1200.9,1206.66
2018-08-28,1211.45,1214.68,1199.41,1201.26
2018-08-27,1206.92,1212.75,1202.84,1211.35
2018-08-24,1185.32,1208.87,1183.32,1205.97
2018-08-23,1195.83,1197,1183.67,1185.31
2018-08-22,1196.68,1201.91,1192.45,1195.51
2018-08-21,1190.59,1197.38,1187.5,1196.12
2018-08-20,1183.71,1191.21,1182.63,1190.53
2018-08-17,1173.72,1185.42,1172.03,1184.77
2018-08-16,1175.73,1182.59,1160.56,1174.16
2018-08-15,1194.5,1195.22,1173.33,1174.88
2018-08-14,1194.17,1199.04,1192.14,1194.03
2018-08-13,1211.26,1214.23,1191.75,1193.64
2018-08-10,1212.56,1217.48,1205.85,1211.3
2018-08-09,1213.89,1217.65,1210.72,1212.35
2018-08-08,1210.7,1216.26,1206.29,1213.61
2018-08-07,1207.67,1216.54,1207.67,1211.02
2018-08-06,1214.1,1218.69,1206.93,1206.94
2018-08-03,1208.01,1220.41,1204.4,1213.43
2018-08-02,1215.25,1221.42,1207.2,1207.96
2018-08-01,1224,1225.36,1215.76,1216.05
2018-07-31,1221.73,1228.74,1214.82,1223.83
2018-07-30,1223.05,1225.59,1219.05,1221.8
2018-07-27,1222.88,1227.64,1217.34,1223.38
2018-07-26,1231.31,1235.57,1222.17,1222.67
2018-07-25,1224.31,1234.64,1223.1,1231.61
2018-07-24,1225.06,1229.83,1218.25,1224.55
2018-07-23,1231.28,1235.49,1222.08,1224.54
2018-07-20,1223.49,1232.68,1215.84,1231.76
2018-07-19,1227.42,1229.27,1211.48,1222.8
2018-07-18,1227.73,1229.92,1221.56,1227.18
2018-07-17,1240.83,1245.35,1225.97,1227.51
2018-07-16,1241.76,1246.29,1238.49,1240.82
2018-07-13,1247.51,1248.54,1237.1,1241.52
2018-07-12,1242.06,1248.94,1241.38,1247.14
2018-07-11,1255.81,1257.27,1241.29,1242.16
2018-07-10,1257.69,1260.7,1247.23,1255.65
2018-07-09,1255.12,1266.26,1255.12,1257.76
2018-07-06,1257.97,1259.53,1252.93,1254.99
2018-07-05,1256.9,1260.17,1251.08,1257.76
2018-07-04,1252.42,1261.85,1252.16,1256.95
2018-07-03,1242.21,1257.41,1237.81,1252.93
2018-07-02,1253.5,1254.61,1239.59,1241.97
2018-06-29,1247.74,1256.38,1246.51,1253
2018-06-28,1251.91,1254.65,1245.71,1248.28
2018-06-27,1258.21,1260.52,1250.7,1252.02
2018-06-26,1265.72,1268.03,1254.51,1258.99
2018-06-25,1272.66,1273.54,1264.8,1266
2018-06-22,1267.7,1271.79,1266.9,1269.28
2018-06-21,1268.58,1270.49,1261.22,1267.2
2018-06-20,1274.75,1276.64,1267.8,1268.1
2018-06-19,1278.41,1284.46,1270.39,1274.76
2018-06-18,1279.16,1282.02,1277.08,1278.31
2018-06-15,1302.15,1303.92,1275.85,1279.84
2018-06-14,1299.85,1309.69,1297.34,1302.22
2018-06-13,1295.47,1301.53,1292.55,1299.71
2018-06-12,1300.09,1300.88,1293,1295.97
2018-06-11,1299.17,1302.57,1294.13,1300.14
2018-06-08,1297.32,1301.27,1294.2,1298.75
2018-06-07,1296.41,1303.48,1295.08,1297.12
2018-06-06,1297.15,1302.85,1294.63,1297
2018-06-05,1292.34,1300.94,1289.79,1296.13
2018-06-04,1293.16,1298.47,1290.27,1291.98
2018-06-01,1298.98,1300.72,1289.52,1293.14
2018-05-31,1301.51,1306.86,1297.9,1298.32
2018-05-30,1299.02,1304.7,1295.75,1301.48
2018-05-29,1298.68,1307.14,1294.3,1298.86
2018-05-28,1298.74,1300.47,1295.62,1298.11
2018-05-25,1304.44,1308.24,1300.05,1301.61
2018-05-24,1294.06,1306.97,1292.91,1304.88
2018-05-23,1291.5,1298.59,1288.61,1293.75
2018-05-22,1292.85,1296.44,1287.8,1291.32
2018-05-21,1290.9,1293.53,1282.15,1292.68
2018-05-18,1291.35,1295.26,1286.81,1292.5
2018-05-17,1291.13,1295.29,1286.41,1291
2018-05-16,1290.32,1297.67,1287.01,1291.03
2018-05-15,1313.09,1315.24,1288.71,1290.64
2018-05-14,1318.56,1322.76,1312.82,1312.82
2018-05-11,1321.57,1326.49,1317.94,1318.22
2018-05-10,1312.12,1323.14,1310.89,1321.39
2018-05-09,1314.46,1317.78,1304.48,1312.78
2018-05-08,1313.57,1318.08,1306.2,1314.47
2018-05-07,1315.03,1319.22,1310.29,1314.3
2018-05-04,1312.3,1315.61,1308.41,1315.05
2018-05-03,1305.18,1318.91,1305.02,1312.09
2018-05-02,1304.38,1313.8,1303.94,1304.85
2018-05-01,1315.58,1316.69,1301.88,1303.97
2018-04-30,1322.81,1325.34,1310.51,1315.36
2018-04-27,1317.57,1326.11,1316.26,1322.8
2018-04-26,1322.39,1326.96,1315.45,1317.28
2018-04-25,1330.12,1332.4,1318.9,1323.33
2018-04-24,1324.71,1333.04,1322.6,1330.68
2018-04-23,1335.81,1336.38,1322.81,1325
2018-04-20,1346.06,1346.56,1335.07,1335.12
2018-04-19,1349.33,1355.12,1341.23,1345.6
2018-04-18,1347.5,1356.14,1342.1,1349.32
2018-04-17,1345.65,1349.8,1337.73,1347.29
2018-04-16,1344.58,1350.89,1340.17,1345.91
2018-04-13,1335.2,1347.5,1335.2,1345.46
2018-04-12,1352.7,1353.6,1333.96,1335.48
2018-04-11,1339.94,1365.61,1339.68,1353.29
2018-04-10,1336.87,1343.55,1331.81,1340.05
2018-04-09,1333.14,1338.36,1326.98,1336.24
2018-04-06,1326.38,1335.59,1321.47,1333.2
2018-04-05,1333.02,1335.29,1322.8,1326.55
2018-04-04,1332.82,1348.45,1331.59,1333.35
2018-04-03,1340.69,1342.87,1329.18,1332.83
2018-04-02,1326.2,1345.26,1324.9,1341.35
2018-03-29,1325.41,1329.32,1322.21,1325
2018-03-28,1345.74,1347.39,1323.59,1324.99
2018-03-27,1353.51,1357.06,1340.16,1344.71
2018-03-26,1347.91,1356.37,1343.55,1353.46
2018-03-23,1329.17,1350.66,1329.17,1347.22
2018-03-22,1332.15,1335.23,1324.88,1328.95
2018-03-21,1311.28,1336.96,1309.98,1332.17
2018-03-20,1317,1318.66,1307.31,1311.21
2018-03-19,1313.94,1320.07,1307.89,1316.94
2018-03-16,1317.11,1322.67,1310.31,1314
2018-03-15,1324.39,1328.16,1315.05,1316.26
2018-03-14,1326.42,1330.42,1321.91,1325
2018-03-13,1322.81,1328.66,1316.79,1326.39
2018-03-12,1323.69,1324.67,1315.39,1323.05
2018-03-09,1322.32,1325.15,1313.05,1323.7
2018-03-08,1325.84,1329.39,1319.19,1322.35
2018-03-07,1334.5,1340.47,1321.95,1325.54
2018-03-06,1320.36,1338.89,1319.91,1334.46
2018-03-05,1323.75,1327.92,1317.26,1320.01
2018-03-02,1316.51,1325.51,1314.93,1322.2
2018-03-01,1318.53,1321.3,1302.99,1316.55
2018-02-28,1318.53,1322.82,1315.8,1318.05
2018-02-27,1333.13,1336.74,1313.32,1318.2
2018-02-26,1327.56,1340.91,1326.42,1333.16
2018-02-23,1331.8,1332.23,1325.58,1328.94
2018-02-22,1323.93,1332.2,1320.69,1331.51
2018-02-21,1329.82,1336.58,1322.6,1324.26
2018-02-20,1346.74,1348.21,1328.22,1329.49
2018-02-19,1347.5,1351.35,1345.99,1346.69
2018-02-16,1353.29,1361.84,1344.78,1347.86
2018-02-15,1350.78,1357.18,1348.41,1353.3
2018-02-14,1329.53,1355.57,1319.42,1350.76
2018-02-13,1322.29,1330.96,1321.39,1329.55
2018-02-12,1315.04,1326.2,1314.11,1322.88
2018-02-09,1318.87,1322.71,1311.06,1316.69
2018-02-08,1318.61,1322.17,1306.9,1318.97
2018-02-07,1325.16,1332.49,1312.05,1318.49
2018-02-06,1339.68,1346.08,1320.04,1325.02
2018-02-05,1332.32,1341.7,1328.88,1339.6
2018-02-02,1349.16,1350.12,1327.21,1332.98
2018-02-01,1345.4,1351.42,1337.3,1349.19
2018-01-31,1338.87,1347.93,1332.7,1345.1
2018-01-30,1340.67,1349.12,1334.48,1338.55
2018-01-29,1350.07,1352.65,1337.74,1340.35
2018-01-26,1348.36,1357.39,1344.38,1350.14
2018-01-25,1358.48,1366.47,1343.1,1348.05
2018-01-24,1341.45,1361.88,1339.27,1358.15
2018-01-23,1334.45,1342.22,1331.54,1341.39
2018-01-22,1334.88,1336.04,1328.71,1334.11
2018-01-19,1327.49,1338.37,1326.46,1331.8
2018-01-18,1327.75,1333.14,1323.79,1327.19
2018-01-17,1338.29,1343.99,1326.73,1327.73
2018-01-16,1340.06,1342.35,1331.73,1338.61
2018-01-15,1337.05,1344.93,1336.14,1340.16
2018-01-12,1322.82,1339.4,1321.16,1338.4
2018-01-11,1316.89,1323.98,1315.49,1322.42
2018-01-10,1313.28,1326.94,1308.29,1317.19
2018-01-09,1320.63,1320.68,1308.8,1312.66
2018-01-08,1320.04,1322.22,1314.97,1320.58
2018-01-05,1323.5,1323.83,1313.81,1320.21
2018-01-04,1312.53,1325.92,1305.67,1322.97
2018-01-03,1318.16,1321.4,1307.16,1312.84
2018-01-02,1302.55,1318.98,1302.51,1318.14
2018-01-01,1303.43,1307.72,1302.43,1306.86
2017-12-29,1294.85,1307.69,1293.59,1302.55
2017-12-28,1287.31,1295.3,1286.66,1294.84
2017-12-27,1283.64,1289.4,1281.46,1287.41
2017-12-26,1274.91,1283.77,1273.25,1283.29
2017-12-25,1275.24,1275.24,1275.24,1275.24
2017-12-22,1267.12,1276.38,1265.1,1275.01
2017-12-21,1265.62,1268.97,1263.02,1266.76
2017-12-20,1261.69,1267.84,1261.23,1265.62
2017-12-19,1261.7,1265.26,1258.97,1261.72
2017-12-18,1253.79,1264.37,1252.68,1261.69
2017-12-15,1252.83,1261.89,1251.94,1255.26
2017-12-14,1255.54,1259.18,1249.92,1252.85
2017-12-13,1243.88,1256.95,1240.06,1255.45
2017-12-12,1242.25,1246.62,1236.31,1243.85
2017-12-11,1247.28,1251.67,1240.19,1241.96
2017-12-08,1247.34,1252.66,1244.34,1248.14
2017-12-07,1264.26,1264.82,1244.11,1246.7
2017-12-06,1266.62,1269.32,1262.39,1263.94
2017-12-05,1276.54,1277.41,1261.11,1266.55
2017-12-04,1272.93,1277.24,1271.8,1276.23
2017-12-01,1274.29,1289.58,1271.58,1280.26
2017-11-30,1283.88,1285.7,1270.51,1274.76
2017-11-29,1293.9,1296.75,1281.98,1283.57
2017-11-28,1294.85,1297.74,1291.01,1294.01
2017-11-27,1288.57,1299.2,1286.47,1294.5
2017-11-24,1291.51,1293.61,1286.15,1288.22
2017-11-23,1292.4,1293.46,1287.46,1291.25
2017-11-22,1280.38,1294.75,1278.77,1292.12
2017-11-21,1276.7,1284.87,1276.08,1280.48
2017-11-20,1292.68,1294.8,1274.92,1276.7
2017-11-17,1278.44,1297.04,1277.94,1294.37
2017-11-16,1278.47,1281.6,1274.98,1278.47
2017-11-15,1281,1289.47,1277.04,1278.8
2017-11-14,1278.17,1283.68,1270.64,1280.71
2017-11-13,1275.16,1280.22,1274.29,1277.99
2017-11-10,1285.21,1287.16,1273.33,1276.14
2017-11-09,1281.62,1288.72,1280.09,1285.3
2017-11-08,1275.85,1287.52,1275.23,1281.3
2017-11-07,1281.82,1281.97,1271.68,1275.53
2017-11-06,1269.49,1283.01,1266.05,1281.55
2017-11-03,1276.8,1279.74,1265.55,1269.85
2017-11-02,1274.91,1284.49,1273.64,1275.99
2017-11-01,1270.88,1281.25,1267.98,1274.39
2017-10-31,1276.29,1278.36,1268.01,1271.58
2017-10-30,1273.59,1279.29,1268.8,1276.24
2017-10-27,1268.07,1274.8,1264.1,1273.35
2017-10-26,1277.56,1282.8,1265.69,1267.11
2017-10-25,1276.85,1280.39,1271.03,1277.41
2017-10-24,1282.01,1284.06,1273.43,1276.72
2017-10-23,1277.45,1283.66,1272.24,1282.07
2017-10-20,1289.57,1291.47,1277.88,1280.72
2017-10-19,1281.25,1290.69,1276.61,1289.79
2017-10-18,1285.18,1289.08,1277.13,1281.17
2017-10-17,1295.32,1296.66,1281.69,1285.19
2017-10-16,1303.88,1306.8,1291.01,1294.74
2017-10-13,1293.73,1304.88,1291.04,1304.88
2017-10-12,1292.01,1297.6,1289.47,1293.6
2017-10-11,1287.91,1293.56,1284.12,1291.8
2017-10-10,1284.35,1294.63,1282.29,1287.85
2017-10-09,1275.45,1285.5,1275.21,1284.1
2017-10-06,1269.09,1277.18,1260.89,1276.03
2017-10-05,1275.16,1279.42,1266.9,1268.05
2017-10-04,1271.64,1282.42,1270.85,1274.69
2017-10-03,1270.71,1274.71,1267.91,1271.75
2017-10-02,1279.5,1279.61,1270.45,1271.12
2017-09-29,1286.91,1290.47,1278.24,1279.45
2017-09-28,1281.11,1289,1277.64,1287.3
2017-09-27,1293.61,1296.54,1281.12,1281.12
2017-09-26,1309.9,1313.92,1293.04,1293.89
2017-09-25,1297.67,1311.9,1290.63,1310.55
2017-09-22,1291.3,1299.14,1291.3,1297.38
2017-09-21,1301.02,1302.07,1287.99,1291.39
2017-09-20,1310.94,1316.25,1295.96,1301.15
2017-09-19,1307.3,1311.78,1304.98,1311.28
2017-09-18,1320.5,1320.5,1305.03,1307.57
2017-09-15,1329.83,1334.76,1319.62,1319.62
2017-09-14,1323.56,1330.69,1316.11,1329.83
2017-09-13,1331.95,1335.05,1320.91,1323.25
2017-09-12,1327.86,1332.43,1322.55,1331.94
2017-09-11,1337.45,1340.36,1326.36,1327.32
2017-09-08,1348.83,1357.94,1343,1346.71
2017-09-07,1334.27,1350.27,1332.6,1349.2
2017-09-06,1339.55,1342.84,1331.66,1334.14
2017-09-05,1335.07,1345.18,1327.96,1339.33
2017-09-04,1334.38,1339.85,1331.92,1334.67
2017-09-01,1321.8,1329.2,1316.65,1324.97
2017-08-31,1308.8,1324.11,1300.82,1322.07
2017-08-30,1309.26,1313.87,1305.26,1308.76
2017-08-29,1317.75,1326.14,1304.93,1309.5
2017-08-28,1292.76,1312.99,1292.49,1310.49
2017-08-25,1285.91,1294.14,1278.66,1291.15
2017-08-24,1289.98,1291.3,1284.55,1286.33
2017-08-23,1285.56,1292.03,1283.09,1290.62
2017-08-22,1291.18,1292.69,1282.11,1284.72
2017-08-21,1283.6,1293.58,1280.6,1291.22
2017-08-18,1288.2,1301.2,1283.64,1284.5
2017-08-17,1283.61,1290.47,1282.2,1288.01
2017-08-16,1271.87,1284.29,1268.19,1283.1
2017-08-15,1282.36,1282.77,1267.98,1272.13
2017-08-14,1289.09,1289.82,1278.12,1281.95
2017-08-11,1286.45,1292.26,1281.55,1289.21
2017-08-10,1277.56,1288.63,1274.85,1286.9
2017-08-09,1261.41,1279.06,1260.96,1277.55
2017-08-08,1257.61,1265.7,1251.41,1260.64
2017-08-07,1259.03,1260.38,1255.68,1257.69
2017-08-04,1269.01,1270.94,1254.75,1258.6
2017-08-03,1266.46,1271.37,1258.7,1268.65
2017-08-02,1268.8,1273.34,1263.18,1266.7
2017-08-01,1268.8,1274.47,1264.05,1269.05
2017-07-31,1270.16,1271.48,1265.93,1269.55
2017-07-28,1259.36,1271.34,1257.45,1269.25
2017-07-27,1260.5,1265.49,1254.52,1259
2017-07-26,1250,1263.92,1243.91,1261.1
2017-07-25,1254.77,1258.18,1249.01,1249.05
2017-07-24,1255.66,1259.18,1251.78,1255.24
2017-07-21,1244.16,1256.3,1243.35,1254.9
2017-07-20,1241.03,1247.98,1235.24,1244.74
2017-07-19,1242.58,1244.48,1236.05,1240.87
2017-07-18,1233.84,1245.06,1233.01,1242.46
2017-07-17,1228.6,1236.44,1228.3,1234.4
2017-07-14,1216.63,1233.16,1214.95,1228.98
2017-07-13,1220.21,1224.92,1216.63,1217.45
2017-07-12,1217.95,1226.1,1214.51,1220
2017-07-11,1214.59,1217.79,1207.89,1217.69
2017-07-10,1213.7,1215.6,1204.85,1214.35
2017-07-07,1224.39,1227.2,1207.25,1212.9
2017-07-06,1227.06,1229.57,1222.56,1225.15
2017-07-05,1223.55,1229.34,1217.64,1226.95
2017-07-04,1221.94,1226.74,1220.69,1223.97
2017-07-03,1241.46,1242.83,1218.41,1220.46
2017-06-30,1244.82,1248.59,1239.7,1241.6
2017-06-29,1249.18,1253.71,1239.66,1245.74
2017-06-28,1247.37,1255.11,1247.37,1249.32
2017-06-27,1243.65,1253.13,1241.12,1247.1
2017-06-26,1258.13,1258.54,1236.96,1244.45
2017-06-23,1250,1259.31,1249.74,1256.9
2017-06-22,1245.55,1255.05,1245.55,1250.62
2017-06-21,1243.16,1248.31,1241.25,1246.55
2017-06-20,1244.04,1248.38,1241.38,1243.19
2017-06-19,1254,1256.12,1243.22,1243.25
2017-06-16,1254.36,1257.63,1251.55,1253.63
2017-06-15,1260.7,1267.04,1251.68,1254
2017-06-14,1266.28,1279.87,1257.15,1261.18
2017-06-13,1264.75,1269.42,1259.66,1265.85
2017-06-12,1267.42,1271.01,1263.95,1265.74
2017-06-09,1279.29,1281.3,1264.74,1266.4
2017-06-08,1287.45,1289.34,1271.49,1278.9
2017-06-07,1294.39,1295.28,1283,1286.91
2017-06-06,1280.26,1296.47,1279.44,1294
2017-06-05,1279.34,1283.77,1278,1279.95
2017-06-02,1266.11,1279.98,1259,1279.98
2017-06-01,1268.89,1270.72,1261.49,1265.64
2017-05-31,1263.05,1274.24,1259.26,1268.59
2017-05-30,1267.24,1270.86,1259.39,1263.1
2017-05-29,1267.47,1269.12,1265.12,1266.97
2017-05-26,1255.6,1269.88,1252.88,1267.05
2017-05-25,1258.49,1260.08,1253.89,1255.76
2017-05-24,1251.26,1259.37,1247.7,1258.55
2017-05-23,1260.13,1264.18,1250.46,1251.16
2017-05-22,1256.1,1263,1251.61,1260.46
2017-05-19,1246.67,1256.98,1246.61,1255.55
2017-05-18,1261.56,1265.54,1245.9,1247.05
2017-05-17,1237.31,1261.55,1236.3,1260.74
2017-05-16,1231.46,1239.5,1230.51,1236.8
2017-05-15,1228.4,1237.76,1227.2,1230.71
2017-05-12,1225.41,1232.26,1224.55,1228.83
2017-05-11,1218.74,1228.2,1217.81,1224.85
2017-05-10,1221.42,1226.15,1217.49,1219.15
2017-05-09,1226.12,1229.01,1214.21,1221.3
2017-05-08,1225.67,1237.1,1225.36,1226.3
2017-05-05,1227.93,1235.79,1225.83,1227.74
2017-05-04,1238.66,1241.77,1225.7,1227.75
2017-05-03,1256.71,1257.29,1236.41,1238.38
2017-05-02,1256.51,1257.89,1251.48,1256.9
2017-05-01,1268.6,1271.6,1254.16,1256.8
2017-04-28,1264.26,1269.08,1263.3,1268.15
2017-04-27,1268.8,1270.53,1261.61,1264.6
2017-04-26,1264.41,1271.1,1260.3,1269.05
2017-04-25,1276.96,1278.57,1261.81,1263.76
2017-04-24,1269.88,1277.48,1266.01,1275.3
2017-04-21,1281.96,1288.67,1278.43,1284.5
2017-04-20,1280.06,1283.79,1276.74,1281.85
2017-04-19,1290.21,1291.51,1276.48,1279.66
2017-04-18,1284.94,1292.7,1279.4,1289.64
2017-04-17,1292.96,1295.92,1281.61,1284.8
2017-04-14,1287.35,1288.75,1285.31,1285.69
2017-04-13,1285.54,1289.03,1281.74,1287.74
2017-04-12,1274.51,1287.29,1272.42,1286.6
2017-04-11,1255.23,1275.55,1253.29,1274.44
2017-04-10,1254.26,1257.7,1247.5,1254.73
2017-04-07,1252.11,1270.96,1250.8,1254.05
2017-04-06,1256.4,1259.46,1249.85,1251.8
2017-04-05,1255.73,1257.78,1243.85,1255.3
2017-04-04,1255.46,1261.9,1254.46,1256.22
2017-04-03,1248.4,1254.2,1244.55,1253.35
2017-03-31,1242.83,1251.11,1240.05,1249.13
2017-03-30,1253.1,1254.2,1242.61,1243.3
2017-03-29,1251.64,1255.16,1247.25,1252.45
2017-03-28,1253.82,1258.46,1247.52,1251.63
2017-03-27,1248.01,1261.53,1247.69,1254.3
2017-03-24,1244.88,1252.28,1240.72,1244.17
2017-03-23,1248.86,1253.62,1242.84,1245.3
2017-03-22,1244.15,1251.76,1243.89,1249.35
2017-03-21,1233.78,1248.1,1226.82,1245
2017-03-20,1229.79,1236.25,1229.51,1233.9
2017-03-17,1227.31,1232.45,1225.06,1229.15
2017-03-16,1219.03,1233.51,1217.83,1226.78
2017-03-15,1199.11,1222.66,1197.93,1219.4
2017-03-14,1204.25,1208.38,1197.54,1199.08
2017-03-13,1205.43,1211.66,1202.47,1204.05
2017-03-10,1200.8,1206.43,1194.62,1204.55
2017-03-09,1207.63,1209.17,1199.12,1200.83
2017-03-08,1215.65,1218.68,1206.13,1207.58
2017-03-07,1225.62,1227.25,1213.67,1215.67
2017-03-06,1232.81,1237.17,1224.65,1225.96
2017-03-03,1234.8,1236.28,1222.59,1234.3
2017-03-02,1249.44,1250.36,1231.16,1235.3
2017-03-01,1248.57,1250.68,1236.53,1248.94
2017-02-28,1252.48,1258.37,1247.48,1248.59
2017-02-27,1257.41,1263.88,1250.48,1252.76
2017-02-24,1249.52,1260.48,1247.54,1256.94
2017-02-23,1237.79,1251.21,1235.2,1249.41
2017-02-22,1236.22,1240.72,1231.62,1237.69
2017-02-21,1237.03,1238.92,1225.8,1235.97
2017-02-20,1235.2,1239.29,1232.62,1238.38
2017-02-17,1239.25,1243.84,1234.52,1235.29
2017-02-16,1233.34,1242.71,1232.04,1239.14
2017-02-15,1228.89,1233.61,1216.8,1232.94
2017-02-14,1225.74,1234.87,1221.75,1228.61
2017-02-13,1231.84,1232.65,1219.37,1225.44
2017-02-10,1230.62,1237.07,1221.12,1234.12
2017-02-09,1242.48,1244.52,1230.22,1230.89
2017-02-08,1234.04,1245.06,1230.29,1241.99
2017-02-07,1235.23,1235.86,1227.41,1233.72
2017-02-06,1219.67,1235.84,1219.01,1235.59
2017-02-03,1215.89,1221.48,1207.18,1219.88
2017-02-02,1209.53,1225.41,1208.26,1215.93
2017-02-01,1210.89,1213.59,1198.12,1209.49
2017-01-31,1195.38,1215.49,1193.83,1210.63
2017-01-30,1192.85,1199.88,1188.15,1195.35
2017-01-27,1188.78,1192.06,1181.04,1191.6
2017-01-26,1199.93,1202.67,1184.11,1188.57
2017-01-25,1208.79,1209.84,1192.83,1200.31
2017-01-24,1217.4,1219.66,1206.02,1208.81
2017-01-23,1209.43,1219.54,1209.27,1217.48
2017-01-20,1205.16,1215.3,1198.68,1209.96
2017-01-19,1203.92,1206.88,1195.86,1205.14
2017-01-18,1216.56,1217.6,1201.91,1203.64
2017-01-17,1202.8,1218.72,1202.38,1216.54
2017-01-16,1200.55,1208.23,1198.17,1203.17
2017-01-13,1195.96,1201.2,1187.93,1197.66
2017-01-12,1191.75,1207.07,1191,1195.66
2017-01-11,1187.74,1198.79,1177.33,1191.85
2017-01-10,1181.32,1190.57,1179.86,1187.74
2017-01-09,1172.64,1185.91,1171.89,1181.27
2017-01-06,1180.38,1181.49,1170.37,1172.81
2017-01-05,1163.67,1184.99,1162.38,1180.48
2017-01-04,1159.28,1168.23,1156.35,1163.8
2017-01-03,1150.8,1163.61,1145.77,1158.91
2017-01-02,1150.55,1152.66,1149.66,1150.52
2016-12-30,1158.68,1163.53,1149.49,1151.85
2016-12-29,1142.39,1159.58,1140.81,1158.32
2016-12-28,1139.64,1144.84,1136.54,1142.45
2016-12-27,1134.06,1149.48,1131.85,1139.35
2016-12-26,1133.94,1133.94,1133.94,1133.94
2016-12-23,1128.89,1136.12,1128.18,1133.49
2016-12-22,1131.8,1134.17,1127.43,1128.69
2016-12-21,1132.14,1137.5,1129.29,1131.8
2016-12-20,1139.34,1140.08,1125.63,1132.2
2016-12-19,1134.35,1142.7,1134.14,1139.05
2016-12-16,1128.44,1141.28,1126.46,1134.09
2016-12-15,1143.81,1144.5,1122.44,1128.43
2016-12-14,1158.39,1165.1,1139.47,1144.25
2016-12-13,1162.45,1165.16,1154.71,1158.35
2016-12-12,1159.01,1165.85,1151.43,1162.21
2016-12-09,1170.48,1172.22,1156.17,1157.87
2016-12-08,1173.65,1178.62,1168.88,1170.55
2016-12-07,1169.64,1180.3,1165.35,1174
2016-12-06,1170.18,1175.4,1166.53,1169.74
2016-12-05,1182.8,1187.79,1157.08,1170.26
2016-12-02,1171.05,1178.03,1166.2,1176.92
2016-12-01,1173.29,1177.07,1160.77,1171.3
2016-11-30,1188.72,1195.36,1170.75,1173.11
2016-11-29,1193.3,1195.06,1180.97,1188.46
2016-11-28,1183.1,1197.6,1182.96,1193.44
2016-11-25,1184.96,1193.96,1171.96,1183.63
2016-11-24,1188.11,1191.34,1181.79,1184
2016-11-23,1212.24,1215.05,1181.57,1187.77
2016-11-22,1214.29,1221.45,1206.24,1212.24
2016-11-21,1208.1,1218.02,1205.74,1214.05
2016-11-18,1216.39,1218.13,1203.9,1208.69
2016-11-17,1225.68,1231.8,1211.12,1216.39
2016-11-16,1228.38,1233.47,1221.6,1225.3
2016-11-15,1220.24,1231.54,1219.06,1228.08
2016-11-14,1227.91,1231.56,1211.47,1220.26
2016-11-11,1259.82,1265.5,1219.5,1225.68
2016-11-10,1277.68,1292.22,1252.28,1259.76
2016-11-09,1275.45,1337.6,1269.38,1278
2016-11-08,1281.66,1290.84,1273.04,1275.64
2016-11-07,1291.61,1295.9,1277.8,1281.41
2016-11-04,1302.61,1307.11,1294.65,1304.25
2016-11-03,1297.16,1306.9,1285.51,1303.75
2016-11-02,1287.9,1308.26,1287.5,1297.39
2016-11-01,1277.17,1292.21,1275.55,1288.15
2016-10-31,1278.01,1279.64,1270.89,1277.38
2016-10-28,1268.39,1284.53,1262.42,1276.3
2016-10-27,1267.15,1273.17,1265.4,1268.3
2016-10-26,1273.3,1276.89,1264.58,1266.99
2016-10-25,1265.67,1277.17,1262.4,1274.35
2016-10-24,1266.21,1272.25,1260.75,1264.44
2016-10-21,1266.1,1268.43,1261.2,1266.75
2016-10-20,1269.55,1274.02,1264.55,1266
2016-10-19,1262.63,1273.84,1260.24,1269.4
2016-10-18,1256.6,1265.38,1254.9,1262.84
2016-10-17,1250.25,1257.67,1250.25,1255.7
2016-10-14,1258.79,1259.65,1247.51,1250.55
2016-10-13,1256.14,1262.41,1253.53,1258.12
2016-10-12,1253.45,1259.26,1250.31,1255.33
2016-10-11,1259.06,1262.66,1252.6,1253.25
2016-10-10,1257.47,1265.35,1256.59,1259.74
2016-10-07,1255.34,1265.74,1241.68,1256.97
2016-10-06,1267.73,1269.94,1250.2,1254.74
2016-10-05,1269.41,1277.51,1262.12,1266.7
2016-10-04,1312.18,1313.52,1266.81,1268.3
2016-10-03,1318.24,1320.11,1309.58,1311.96
2016-09-30,1320.56,1328.23,1312.83,1315.96
2016-09-29,1322.08,1326.02,1315.89,1320.27
2016-09-28,1326.9,1327.74,1317.89,1321.41
2016-09-27,1337.77,1339.78,1324.81,1327.36
2016-09-26,1337.07,1342.46,1332.56,1337.97
2016-09-23,1337.69,1341.06,1333.59,1337.61
2016-09-22,1335.12,1344.27,1331.56,1337.3
2016-09-21,1315.1,1337.22,1308.6,1336.85
2016-09-20,1312.8,1318.5,1312.31,1315.1
2016-09-19,1310.77,1318.32,1309.27,1313.39
2016-09-16,1313.91,1318.43,1306.62,1310.43
2016-09-15,1322.72,1327.53,1309.7,1314.25
2016-09-14,1318.88,1326.26,1316.13,1322.97
2016-09-13,1327.99,1332.64,1315.72,1319.05
2016-09-12,1328.29,1330.68,1320.79,1327.63
2016-09-09,1338.41,1340.03,1327.7,1328.15
2016-09-08,1345.11,1349.78,1335.54,1338.35
2016-09-07,1348.67,1353.01,1342.74,1345.24
2016-09-06,1325.37,1352.16,1324.77,1349.88
2016-09-05,1324.42,1329.32,1322.31,1327.08
2016-09-02,1314.13,1329.09,1309.51,1325.01
2016-09-01,1309.12,1315.38,1302.23,1313.79
2016-08-31,1311.25,1316.54,1305.41,1308.95
2016-08-30,1323.2,1325.7,1309.15,1311.15
2016-08-29,1320.47,1325.43,1315.1,1323.41
2016-08-26,1321.89,1341.54,1318.89,1321.33
2016-08-25,1323.75,1327.5,1317.96,1321.7
2016-08-24,1337.88,1340.52,1323.7,1323.75
2016-08-23,1339.34,1345.45,1335.65,1338.1
2016-08-22,1340.83,1341.65,1332.1,1339.02
2016-08-19,1352.91,1353.44,1337.93,1341.78
2016-08-18,1349.05,1356.6,1345.84,1352.34
2016-08-17,1345.7,1352.07,1337.7,1348.66
2016-08-16,1339.69,1358.38,1339.47,1346.08
2016-08-15,1338.08,1344.21,1335.95,1339.36
2016-08-12,1338.7,1356.28,1333.98,1336.19
2016-08-11,1347.26,1353.78,1335.93,1338.87
2016-08-10,1340.95,1357.57,1340.3,1346.67
2016-08-09,1334.85,1343.24,1330.47,1340.75
2016-08-08,1335.18,1338.53,1329.84,1335.38
2016-08-05,1360.72,1365.51,1334.87,1335.8
2016-08-04,1358.41,1365.45,1348.9,1361.2
2016-08-03,1363.65,1366.85,1354.16,1357.9
2016-08-02,1353.47,1367.81,1347.06,1363.68
2016-08-01,1349.88,1355.22,1346.24,1353.21
2016-07-29,1335.75,1355.42,1330,1350.91
2016-07-28,1339.38,1345.53,1332.23,1335.79
2016-07-27,1320.04,1342.62,1315.74,1339.86
2016-07-26,1315.59,1325.08,1313.83,1320.32
2016-07-25,1322.59,1324.12,1312.43,1315.56
2016-07-22,1330.94,1334.22,1319.58,1322.38
2016-07-21,1316.31,1334.38,1310.95,1331.09
2016-07-20,1331.81,1336.34,1312.49,1315.95
2016-07-19,1328.51,1335.29,1325.61,1332.13
2016-07-18,1332.81,1335.7,1323.84,1328.79
2016-07-15,1336.31,1338.9,1322.55,1337.85
2016-07-14,1344.01,1347.1,1320.22,1335.1
2016-07-13,1332.4,1345.6,1327.7,1342.85
2016-07-12,1355.16,1358.2,1330.15,1331.65
2016-07-11,1368.71,1375.11,1351.2,1355.25
2016-07-08,1359.21,1369.09,1336.08,1366.8
2016-07-07,1363.56,1370.26,1350.8,1360.6
2016-07-06,1356.74,1375.3,1356.23,1363.89
2016-07-05,1351.15,1357.71,1338.43,1356.14
2016-07-04,1342.58,1357.97,1338.34,1350.78
2016-07-01,1323.38,1344.6,1320.88,1342.3
2016-06-30,1317.71,1324.11,1312.95,1322.18
2016-06-29,1312.39,1328.23,1311.29,1318.89
2016-06-28,1324.45,1326.39,1305.62,1312.51
2016-06-27,1326.26,1335.7,1317.85,1324.8
2016-06-24,1253.86,1358.7,1251.66,1315.98
2016-06-23,1264.31,1271.65,1255.46,1255.65
2016-06-22,1268.45,1271,1261.41,1266.31
2016-06-21,1288.68,1294.38,1264.48,1268.44
2016-06-20,1285.8,1292.36,1277.74,1290.15
2016-06-17,1279.35,1299.88,1277.19,1298.6
2016-06-16,1293.51,1316.11,1278.77,1279.14
2016-06-15,1285.14,1297.09,1278.43,1291.49
2016-06-14,1283.39,1290.18,1276.38,1285.85
2016-06-13,1274.05,1287.4,1272.7,1284.05
2016-06-10,1269.41,1278.1,1264.47,1274.2
2016-06-09,1262.55,1272.06,1257.56,1269.15
2016-06-08,1244.64,1264.19,1243.09,1262.14
2016-06-07,1245.56,1246.66,1234.9,1243.85
2016-06-06,1242.79,1248.79,1239.93,1245.24
2016-06-03,1211.16,1244.91,1207.01,1244.49
2016-06-02,1213.62,1218.05,1209.99,1210.95
2016-06-01,1216.4,1221.25,1206.5,1213.35
2016-05-31,1206.45,1218.86,1206.2,1215.24
2016-05-30,1213.38,1213.83,1199.97,1205.58
2016-05-27,1219.86,1223.7,1206.7,1212.4
2016-05-26,1223.4,1234.01,1218.55,1220.15
2016-05-25,1227,1230.21,1217.65,1224.18
2016-05-24,1249.21,1251.26,1226.53,1227
2016-05-23,1251.41,1256.36,1243.39,1249.24
2016-05-20,1255.24,1259.98,1248.7,1252.3
2016-05-19,1258.6,1261.92,1245,1255.1
2016-05-18,1279.71,1281.51,1255.05,1258.3
2016-05-17,1274.06,1282.5,1269.5,1280
2016-05-16,1272.51,1288.6,1271.33,1273.86
2016-05-13,1263.61,1276.6,1263.51,1273.6
2016-05-12,1277.8,1280.99,1263.49,1263.49
2016-05-11,1265.73,1279.18,1264.79,1277.69
2016-05-10,1264.11,1269.5,1257.65,1266.4
2016-05-09,1284.93,1287.98,1261.09,1263.85
2016-05-06,1278.5,1296.1,1274.4,1288.7
2016-05-05,1279.85,1286.38,1269.24,1278.05
2016-05-04,1285.99,1289.68,1271.64,1279.49
2016-05-03,1291.76,1302.4,1282.46,1286
2016-05-02,1293.69,1303.98,1287.48,1291.6
2016-04-29,1266.27,1296.49,1265.14,1293.74
2016-04-28,1245.66,1270.1,1238.05,1266.48
2016-04-27,1242.6,1251.3,1240.66,1246.1
2016-04-26,1238.57,1245.15,1231.95,1243.44
2016-04-25,1232.1,1242.3,1230.1,1237.9
2016-04-22,1247.44,1252.98,1227.35,1232.3
2016-04-21,1243.49,1270.48,1242.88,1248.85
2016-04-20,1251,1258.75,1242.6,1244.05
2016-04-19,1232.46,1257.2,1227.7,1250.5
2016-04-18,1234.1,1242,1230.16,1231.55
2016-04-15,1227.55,1236.29,1225.29,1234.05
2016-04-14,1242.05,1244.38,1223.79,1227.39
2016-04-13,1255.88,1257.18,1240.24,1243.14
2016-04-12,1259.05,1262.98,1251.29,1255.94
2016-04-11,1239.79,1259.1,1239.79,1257.95
2016-04-08,1240.18,1243.18,1229.62,1240.39
2016-04-07,1223.16,1243.9,1222.7,1240.69
2016-04-06,1231.86,1232.41,1217.2,1222.35
2016-04-05,1215.31,1237.05,1214.9,1231.14
2016-04-04,1220.35,1223.35,1214.7,1215.4
2016-04-01,1232.68,1235.36,1208.84,1222.49
2016-03-31,1226.06,1240.05,1224.81,1232.7
2016-03-30,1241.3,1243.3,1223.33,1224.85
2016-03-29,1221.4,1243.65,1215.65,1242.55
2016-03-28,1214.51,1222.96,1208.55,1221.05
2016-03-25,1216.47,1216.47,1216.47,1216.47
2016-03-24,1221.2,1224.4,1213.01,1216.99
2016-03-23,1248.18,1249.47,1215.47,1220.17
2016-03-22,1244.22,1259.97,1242.47,1248.38
2016-03-21,1254.7,1256.12,1240.76,1243.74
2016-03-18,1258.16,1267.22,1248.3,1255.3
2016-03-17,1261.7,1271.65,1254.65,1257.9
2016-03-16,1232.84,1264.38,1227.24,1263.08
2016-03-15,1234.68,1237.58,1226.08,1232.38
2016-03-14,1250.98,1261.09,1229.28,1235.28
2016-03-11,1271.44,1282.89,1248.44,1248.44
2016-03-10,1252.89,1273.79,1237.44,1271.44
2016-03-09,1261.3,1264.99,1243.87,1252.94
2016-03-08,1267.49,1278.19,1260.04,1261.1
2016-03-07,1259.48,1273.29,1256.68,1267.39
2016-03-04,1263.89,1279.98,1250.29,1259.44
2016-03-03,1240.3,1267.44,1237.34,1263.69
2016-03-02,1232.35,1244.29,1224.48,1240.3
2016-03-01,1238.19,1249,1227.44,1232.26
2016-02-29,1222.73,1241.29,1217.98,1238.14
2016-02-26,1234.44,1240.05,1211.59,1222.6
2016-02-25,1229.44,1243.09,1221.18,1234.64
2016-02-24,1227.39,1253.3,1221.93,1229.35
2016-02-23,1208.76,1227.56,1207.2,1227.46
2016-02-22,1226.14,1226.35,1202.02,1208.74
2016-02-19,1233.12,1234.79,1219.79,1228.19
2016-02-18,1209.16,1239.9,1200.75,1232.35
2016-02-17,1200.19,1213.88,1195.79,1209.14
2016-02-16,1209.32,1217.18,1190.79,1200.35
2016-02-15,1232.81,1234.82,1202.3,1209.95
2016-02-12,1246.94,1249.05,1232.23,1238.05
2016-02-11,1197.44,1260.98,1196.21,1246.89
2016-02-10,1188.95,1197.74,1181.29,1197.49
2016-02-09,1191.14,1199.29,1185.48,1188.85
2016-02-08,1170.89,1200.98,1164.09,1191.14
2016-02-05,1155.74,1174.9,1145.36,1173.69
2016-02-04,1142.95,1157.59,1139.43,1155.74
2016-02-03,1129.16,1146,1124.35,1142.93
2016-02-02,1128.82,1130.7,1122.44,1129.12
2016-02-01,1117.88,1130.09,1116.24,1128.85
2016-01-29,1115.16,1118.5,1108.9,1118.04
2016-01-28,1125.57,1126.01,1111.96,1115.14
2016-01-27,1120.36,1128.2,1114.9,1125.59
2016-01-26,1108.02,1123.3,1107.17,1120.57
2016-01-25,1097.85,1109.05,1097.35,1108.05
2016-01-22,1101.6,1102.98,1093.98,1098.3
2016-01-21,1101.04,1104.98,1092.54,1101.6
2016-01-20,1087.1,1109.6,1086.73,1101.02
2016-01-19,1088.84,1094.7,1082.95,1087.12
2016-01-18,1089.51,1093.26,1087.25,1088.9
2016-01-15,1077.94,1097.59,1076.18,1089.1
2016-01-14,1093.52,1095.36,1071.4,1078
2016-01-13,1087.29,1095.68,1079.64,1093.49
2016-01-12,1094.3,1099.54,1083.61,1087.05
2016-01-11,1104.19,1108.51,1093.91,1094.26
2016-01-08,1109.45,1112.4,1093.93,1104.24
2016-01-07,1094.45,1110.2,1091.09,1109.25
2016-01-06,1077.55,1095.45,1074.7,1094.45
2016-01-05,1074.66,1082.3,1072.7,1077.66
2016-01-04,1065.36,1083.7,1061.9,1074.7
2016-01-01,1061.21,1061.41,1060.74,1060.74
2015-12-31,1061.38,1063.68,1058.38,1061.3
2015-12-30,1069.38,1072.85,1059.55,1061.45
2015-12-29,1069.2,1075.79,1067.29,1068.99
2015-12-28,1076,1077.15,1066.3,1069.05
2015-12-25,1075.88,1075.88,1075.88,1075.88
2015-12-24,1070.9,1077.85,1070.05,1075.88
2015-12-23,1072.21,1075.75,1068.25,1070.35
2015-12-22,1078.41,1081,1071.85,1072.36
2015-12-21,1065.94,1081.88,1063.88,1078.44
2015-12-18,1051.72,1070.79,1051.05,1066.19
2015-12-17,1072.85,1073.09,1047.64,1051.74
2015-12-16,1060.73,1078.59,1060.64,1072.94
2015-12-15,1062.89,1068.89,1059.59,1060.74
2015-12-14,1073.69,1077.7,1062.77,1062.9
2015-12-11,1071.6,1079.98,1062.38,1074.89
2015-12-10,1073.21,1076.46,1069.7,1071.54
2015-12-09,1074.74,1085.6,1069.59,1073.21
2015-12-08,1070.49,1078.85,1067.63,1074.69
2015-12-07,1086.01,1087,1070.06,1070.39
2015-12-04,1062.39,1089.09,1058.14,1086.99
2015-12-03,1053.71,1065.8,1046.25,1062.57
2015-12-02,1069.49,1071.55,1050.63,1053.69
2015-12-01,1064.55,1074.72,1063.38,1069.49
2015-11-30,1057.8,1068.9,1053.1,1064.42
2015-11-27,1071.59,1073.9,1052.86,1058.81
2015-11-26,1071.91,1075.46,1070.35,1072.25
2015-11-25,1075.55,1080.85,1067.75,1071.39
2015-11-24,1069.24,1080.89,1068.99,1075.49
2015-11-23,1077.01,1077.01,1067,1069.34
2015-11-20,1082.3,1087.8,1075.68,1078.1
2015-11-19,1071.15,1086.5,1069.75,1082.4
2015-11-18,1070.3,1073.18,1065.34,1071.14
2015-11-17,1082.86,1084.82,1065.59,1070.37
2015-11-16,1088.14,1098.29,1081.32,1082.85
2015-11-13,1085.05,1088.29,1080.04,1083.64
2015-11-12,1086.26,1089.6,1074.66,1085.05
2015-11-11,1089.85,1093.69,1084.04,1086.14
2015-11-10,1092.01,1094.9,1085.45,1089.91
2015-11-09,1089.94,1095.88,1088.34,1092.1
2015-11-06,1103.89,1110.68,1085.29,1088.64
2015-11-05,1107.56,1111.61,1102.75,1103.95
2015-11-04,1117.63,1122.85,1106.38,1107.44
2015-11-03,1133.6,1138.3,1114.48,1117.6
2015-11-02,1141.49,1143.01,1132.75,1133.75
2015-10-30,1148.04,1150.47,1139.48,1142.38
2015-10-29,1156.09,1162.76,1144.6,1145.91
2015-10-28,1166.75,1182.9,1152.4,1156.1
2015-10-27,1162.96,1168.9,1160.91,1166.95
2015-10-26,1164.45,1169.6,1162.3,1163.2
2015-10-23,1165.61,1179.8,1159.16,1164.26
2015-10-22,1167.06,1172.2,1162.9,1166.05
2015-10-21,1175.81,1179.6,1163.9,1167.1
2015-10-20,1171,1180.7,1167.15,1176.11
2015-10-19,1176,1177.9,1168.25,1170.45
2015-10-16,1182.21,1184.5,1174.25,1177.2
2015-10-15,1184.1,1191.04,1176.37,1183.11
2015-10-14,1168.59,1190.38,1164.05,1185.19
2015-10-13,1163.55,1169,1151.56,1168.8
2015-10-12,1155.71,1169.4,1154.9,1164
2015-10-09,1139.1,1160.2,1138.8,1157.53
2015-10-08,1145.49,1151.6,1136.9,1138.96
2015-10-07,1146.96,1153.7,1141.96,1145.4
2015-10-06,1135.65,1151.61,1135.11,1147.11
2015-10-05,1137.71,1141.95,1129.73,1135.75
2015-10-02,1114.08,1141.9,1104.52,1138.14
2015-10-01,1115.14,1119.29,1111.13,1113.55
2015-09-30,1127.46,1128.2,1112,1115
2015-09-29,1132.25,1134.9,1124.35,1127.46
2015-09-28,1145.8,1148.3,1128.1,1132.05
2015-09-25,1150.97,1151.18,1140.84,1146.24
2015-09-24,1130.61,1156.7,1130.45,1154.01
2015-09-23,1124.1,1134.4,1121.75,1130.4
2015-09-22,1133.16,1136.6,1121.18,1124.8
2015-09-21,1139.4,1140.1,1130,1133.3
2015-09-18,1130.85,1141.9,1127.3,1139.4
2015-09-17,1118.89,1133.4,1115.4,1131.4
2015-09-16,1105.5,1124.7,1103.95,1119.55
2015-09-15,1108.19,1109.8,1102.91,1105.4
2015-09-14,1107.8,1110.7,1103.4,1108.8
2015-09-11,1111.56,1113.4,1098.75,1107.9
2015-09-10,1106.81,1115.3,1104,1111.55
2015-09-09,1121.96,1125.8,1101.51,1106.1
2015-09-08,1119.3,1126.8,1118.45,1121.8
2015-09-07,1123.22,1124.88,1116.58,1119.47
2015-09-04,1125.25,1130.2,1117.15,1123
2015-09-03,1134.01,1134.5,1121.75,1125.25
2015-09-02,1139.49,1143,1132.31,1134.05
2015-09-01,1135.01,1147.57,1134.51,1140.11
2015-08-31,1133.25,1136.8,1125.96,1134.5
2015-08-28,1125.8,1141.2,1123.7,1133.96
2015-08-27,1125.65,1129.8,1118.15,1125.71
2015-08-26,1141.15,1147,1117.75,1125.55
2015-08-25,1155.45,1157.2,1134.9,1140.65
2015-08-24,1162.35,1167.9,1146.75,1155.05
2015-08-21,1153.91,1168.8,1148.85,1161.05
2015-08-20,1133.95,1154.5,1132.81,1153.16
2015-08-19,1118.01,1134.66,1116.35,1134.46
2015-08-18,1117.91,1121.6,1109.55,1118.01
2015-08-17,1114.35,1123.05,1113.7,1117.66
2015-08-14,1115.16,1121.4,1111.81,1114.11
2015-08-13,1125.46,1126.71,1113.42,1115.05
2015-08-12,1108.91,1125.8,1101.75,1125.3
2015-08-11,1104.41,1119.4,1093.65,1109.01
2015-08-10,1094.39,1109.2,1089.8,1104.51
2015-08-07,1089.4,1099.9,1083.16,1094.2
2015-08-06,1084.9,1094.3,1083.6,1089.41
2015-08-05,1087.59,1092.16,1082.85,1085.05
2015-08-04,1086.18,1095.05,1081.05,1087.45
2015-08-03,1095.61,1098.15,1085.92,1086.5
2015-07-31,1088.66,1103.38,1079.75,1095.65
2015-07-30,1097.76,1099.82,1083.36,1088.99
2015-07-29,1095.48,1101.85,1090.21,1096.69
2015-07-28,1094.31,1099,1091.4,1095.35
2015-07-27,1099.55,1105.3,1089.19,1094.42
2015-07-24,1090.85,1102.35,1077.75,1099.1
2015-07-23,1094.5,1106,1087.01,1090.8
2015-07-22,1101.06,1103.56,1087.39,1093.45
2015-07-21,1098.55,1109.87,1097.05,1101.41
2015-07-20,1133.35,1133.35,1088.45,1096.95
2015-07-17,1145.61,1146.1,1131.2,1134.1
2015-07-16,1148.86,1149.9,1142.6,1145.15
2015-07-15,1155.9,1156.96,1143.83,1149.65
2015-07-14,1158.06,1159.96,1153.04,1155.53
2015-07-13,1163.3,1164.6,1151.18,1158
2015-07-10,1159.75,1165.5,1157.9,1163.96
2015-07-09,1158.62,1167.46,1156.2,1159.65
2015-07-08,1155.18,1165.03,1147.18,1158.28
2015-07-07,1170.5,1170.65,1148.45,1155.55
2015-07-06,1173.3,1175.2,1163.3,1170.15
2015-07-03,1166.29,1170.5,1164.96,1167.94
2015-07-02,1168.8,1169.11,1157.25,1166.15
2015-07-01,1172.7,1175.3,1167.43,1168.8
2015-06-30,1180.06,1180.8,1166.75,1172.6
2015-06-29,1184.96,1187.32,1173.99,1180.36
2015-06-26,1173.35,1179.09,1168.74,1175.07
2015-06-25,1175.29,1178.7,1171.52,1173.33
2015-06-24,1178.25,1180.3,1171.43,1175.2
2015-06-23,1185.86,1188.7,1176.32,1178.44
2015-06-22,1200.61,1201.5,1182.65,1185.45
2015-06-19,1202.36,1204.75,1198.7,1200.51
2015-06-18,1185.26,1206,1183.81,1201.42
2015-06-17,1181.9,1189.4,1174.48,1185.45
2015-06-16,1186.06,1188.11,1176.13,1181.86
2015-06-15,1181.5,1190.8,1173.02,1186.4
2015-06-12,1182.01,1184.7,1176.93,1180.8
2015-06-11,1186.61,1188.21,1176.16,1182.3
2015-06-10,1176.75,1192.6,1175.35,1186.48
2015-06-09,1174.36,1183.4,1172.75,1176.7
2015-06-08,1169.45,1178.1,1169.2,1173.95
2015-06-05,1177.24,1179.35,1163.1,1172
2015-06-04,1185.51,1186.41,1172.76,1176.26
2015-06-03,1193.86,1195.81,1180.18,1185.5
2015-06-02,1188.95,1196.12,1185.48,1193.38
2015-06-01,1191,1204.81,1184.6,1189.15
2015-05-29,1188.65,1193.81,1187.08,1190.5
2015-05-28,1188.21,1192.75,1181.3,1188.45
2015-05-27,1187.44,1191.55,1184.51,1188.15
2015-05-26,1207.3,1208,1186.1,1187.3
2015-05-25,1205.12,1208.97,1202.92,1207.17
2015-05-22,1206.75,1215.2,1201.7,1206.38
2015-05-21,1210.11,1212.95,1201.91,1206.45
2015-05-20,1208.01,1213.47,1203.02,1209.28
2015-05-19,1225.27,1225.57,1205.56,1207.51
2015-05-18,1223.3,1232.7,1221.5,1225.74
2015-05-15,1221.76,1226.75,1211.55,1223.85
2015-05-14,1215.71,1227.44,1212.05,1221.52
2015-05-13,1193.45,1219.3,1191.3,1215.73
2015-05-12,1183.8,1197,1181.05,1193.5
2015-05-11,1188.95,1192.1,1179.5,1184.2
2015-05-08,1184.66,1193.61,1182.13,1188.15
2015-05-07,1191.8,1193.3,1179.16,1184.8
2015-05-06,1193.19,1197.9,1188.3,1191.8
2015-05-05,1188.56,1200.1,1185.9,1193.33
2015-05-04,1178.95,1193.45,1177.88,1188.25
2015-05-01,1184.56,1185.26,1170.6,1178.5
2015-04-30,1205.18,1207.52,1177.32,1184.37
2015-04-29,1212.1,1213.7,1201.63,1204.8
2015-04-28,1202.75,1215.5,1199.3,1212.1
2015-04-27,1179.76,1207.46,1178.75,1202
2015-04-24,1194.16,1196.51,1175.24,1179.38
2015-04-23,1187.56,1198.4,1184.05,1194
2015-04-22,1202.75,1205.2,1185.73,1187.3
2015-04-21,1196.81,1204.4,1193.3,1202.68
2015-04-20,1204.9,1209.4,1191.54,1196.5
2015-04-17,1198.6,1208.1,1197.28,1204.65
2015-04-16,1202.45,1209.6,1195.06,1197.65
2015-04-15,1193.21,1205.35,1189.38,1202.05
2015-04-14,1199.2,1202.1,1184.18,1193.58
2015-04-13,1207.38,1209.83,1196.81,1198.85
2015-04-10,1194.3,1211.1,1193.3,1208.05
2015-04-09,1203.07,1203.76,1192.86,1195.01
2015-04-08,1208.85,1212.6,1197.85,1202.8
2015-04-07,1214.69,1215.91,1207.45,1208.6
2015-04-06,1215.63,1224.5,1213.85,1214.7
2015-04-03,1201.74,1212.74,1200.11,1210.9
2015-04-02,1204.95,1208.15,1195.75,1202.59
2015-04-01,1183.35,1209,1180.35,1204.1
2015-03-31,1185.4,1191.2,1178.45,1183.5
2015-03-30,1198.85,1199.5,1182.55,1186.2
2015-03-27,1204.25,1206.7,1192.91,1199.3
2015-03-26,1195.55,1219.8,1194.5,1204.38
2015-03-25,1192.9,1199.9,1186.65,1195.45
2015-03-24,1189.35,1195.7,1185.25,1193.13
2015-03-23,1185.96,1192.1,1179.45,1189.3
2015-03-20,1170.7,1188.3,1168.55,1182.68
2015-03-19,1167.25,1177.86,1160.06,1171.3
2015-03-18,1149.25,1174.61,1145.9,1167.25
2015-03-17,1154.55,1159.85,1143.61,1149.3
2015-03-16,1158.5,1164.46,1150.6,1154.59
2015-03-13,1153.9,1162.55,1151.8,1159.48
2015-03-12,1154.6,1166.7,1148.9,1153.7
2015-03-11,1162.15,1165.95,1147.85,1154.8
2015-03-10,1167.1,1171.35,1156.35,1161.93
2015-03-09,1168.65,1176.15,1166.15,1167.3
2015-03-06,1198.65,1201.29,1163.94,1167.21
2015-03-05,1199.75,1209.7,1196.4,1198.6
2015-03-04,1203.75,1209.4,1198.25,1199.85
2015-03-03,1207.19,1215.09,1195.39,1203.8
2015-03-02,1213.8,1223.6,1204.6,1207.1
2015-02-27,1209.45,1219.9,1204.65,1213.15
2015-02-26,1205.16,1220.75,1203.95,1209.05
2015-02-25,1199.55,1212.2,1199.5,1204.8
2015-02-24,1201.71,1204.6,1191.3,1199.89
2015-02-23,1201.89,1210.7,1191.51,1201.92
2015-02-20,1207.41,1215.39,1198.43,1202.39
2015-02-19,1212.7,1223.5,1205.4,1207.45
2015-02-18,1209.41,1212.99,1197.95,1212.99
2015-02-17,1231.05,1234.15,1203.7,1209.4
2015-02-16,1228.58,1236.88,1228.01,1231.47
2015-02-13,1222.38,1235.7,1221.01,1229.7
2015-02-12,1218.73,1232.9,1216.75,1222.5
2015-02-11,1233.75,1239.3,1218.26,1219.16
2015-02-10,1239.55,1246,1230.7,1234
2015-02-09,1235.18,1244.35,1234.54,1239.68
2015-02-06,1264.82,1269.3,1228.75,1233.72
2015-02-05,1269.9,1274,1256.52,1264.7
2015-02-04,1260.25,1272.2,1256.85,1270.05
2015-02-03,1275.4,1285.59,1255.7,1260.2
2015-02-02,1281.81,1283.85,1266.93,1275.44
2015-01-30,1257.61,1285.35,1257.25,1283.55
2015-01-29,1285.35,1286.25,1252.61,1257.25
2015-01-28,1292.35,1294.55,1281.5,1285.1
2015-01-27,1281.08,1297.77,1272.58,1292.35
2015-01-26,1293.68,1299.14,1276.14,1281.24
2015-01-23,1301.38,1302.9,1284.66,1294.55
2015-01-22,1293.2,1306.7,1279.55,1301.73
2015-01-21,1293.64,1305.38,1285.59,1293.44
2015-01-20,1276.54,1297.23,1274.09,1293.94
2015-01-19,1279.67,1281.63,1272.22,1277.08
2015-01-16,1262.05,1281.99,1255.37,1280.3
2015-01-15,1229.95,1266.59,1226.18,1261.64
2015-01-14,1230.76,1244.4,1224.95,1229.95
2015-01-13,1233.62,1244.12,1227.53,1230.88
2015-01-12,1223,1236.29,1218.56,1233.64
2015-01-09,1209.65,1224,1207.45,1223.4
2015-01-08,1210.51,1216.65,1204.67,1208.98
2015-01-07,1219.55,1219.85,1209.2,1210.8
2015-01-06,1204.85,1223.15,1201.85,1219.2
2015-01-05,1189.34,1208.15,1183.45,1204.45
2015-01-02,1182.7,1194.6,1168.75,1189.18
2015-01-01,1183.78,1184.53,1181.97,1181.97
2014-12-31,1200.26,1204,1179.55,1183.95
2014-12-30,1183.37,1210.29,1180.89,1200.24
2014-12-29,1195.71,1197.79,1179.35,1183.1
2014-12-26,1173.45,1199.75,1173.45,1195.4
2014-12-24,1175.7,1181.8,1173.05,1173.8
2014-12-23,1175.03,1185.49,1172.59,1175.68
2014-12-22,1195.33,1202.18,1170.56,1175.05
2014-12-19,1198.55,1202.1,1193.9,1195.95
2014-12-18,1188.7,1213.55,1188.65,1198.4
2014-12-17,1196.69,1203.4,1184.23,1188.7
2014-12-16,1192.59,1221.79,1188.8,1196.6
2014-12-15,1222.25,1224.24,1190.97,1192.6
2014-12-12,1227.99,1228.38,1215.98,1222.6
2014-12-11,1226.75,1233.2,1216.3,1227.95
2014-12-10,1230.43,1238.25,1224.78,1226.75
2014-12-09,1203.64,1238.55,1199.45,1230.85
2014-12-08,1193.09,1208.59,1187.31,1203.2
2014-12-05,1205.7,1208.2,1186.5,1192.05
2014-12-04,1209.7,1213.7,1201.53,1205.78
2014-12-03,1199.01,1214.95,1194.65,1209.64
2014-12-02,1210.74,1213.05,1192.32,1199.01
2014-12-01,1167.06,1221.46,1143.38,1210.9
2014-11-28,1190.7,1191.56,1165.35,1167.35
2014-11-27,1198.2,1200.1,1185.95,1191.75
2014-11-26,1200.96,1202.61,1195.02,1197.9
2014-11-25,1197.55,1203.4,1190.8,1201.19
2014-11-24,1201.53,1204.24,1192.85,1197.4
2014-11-21,1193.78,1208.01,1186.95,1201.4
2014-11-20,1183.36,1197.31,1176.87,1193.75
2014-11-19,1197.57,1202.77,1175.97,1183.3
2014-11-18,1186.42,1205,1183.3,1197.55
2014-11-17,1188.75,1194.26,1181.62,1186.55
2014-11-14,1162.09,1193.74,1147.04,1188.25
2014-11-13,1160.84,1168.12,1154.24,1161.96
2014-11-12,1164.67,1170.37,1157.51,1160.92
2014-11-11,1150.65,1173.6,1146.32,1164.8
2014-11-10,1179.41,1179.41,1147.45,1150.6
2014-11-07,1141.2,1178.99,1132.25,1176.65
2014-11-06,1141.45,1149.7,1138.1,1141.2
2014-11-05,1168.19,1169.85,1137.7,1141.4
2014-11-04,1165.55,1174.3,1164,1168.3
2014-11-03,1173.76,1174.17,1162.17,1165.35
2014-10-31,1198.91,1203.3,1161.75,1174.42
2014-10-30,1211.5,1216.76,1195.96,1198.9
2014-10-29,1228.21,1230.86,1208.52,1211.8
2014-10-28,1225.76,1235.81,1222.9,1228.4
2014-10-27,1231.5,1232.26,1225.06,1225.4
2014-10-24,1232.59,1234.7,1229.1,1231.46
2014-10-23,1240.85,1244.96,1226.43,1232.15
2014-10-22,1249.57,1250.08,1240.66,1241.03
2014-10-21,1246.99,1255.6,1245.4,1249.3
2014-10-20,1238.54,1248.94,1234.7,1246.6
2014-10-17,1239.69,1242.3,1231.99,1238.19
2014-10-16,1241.67,1245.6,1235.75,1239.1
2014-10-15,1233.65,1249.8,1222.17,1241.07
2014-10-14,1237.08,1238.3,1231.25,1232.75
2014-10-13,1223.54,1237.65,1223.34,1237.15
2014-10-10,1224.49,1225.84,1217.6,1223.48
2014-10-09,1221.84,1233.6,1219.15,1224.15
2014-10-08,1209.39,1223.84,1205.12,1221.7
2014-10-07,1207.15,1213.06,1202.91,1209
2014-10-06,1191.79,1209.2,1183.96,1207.15
2014-10-03,1213.84,1215.9,1190.14,1191.2
2014-10-02,1213.34,1221.84,1208.69,1213.5
2014-10-01,1209,1219.66,1204.75,1213.65
2014-09-30,1216.24,1219.96,1204.9,1209.24
2014-09-29,1219.2,1223.76,1214.78,1215.95
2014-09-26,1222.59,1230.5,1212.54,1219.51
2014-09-25,1217.02,1224.88,1207.03,1222.62
2014-09-24,1222.81,1226.16,1215.96,1217.05
2014-09-23,1215.3,1235.06,1214.11,1222.95
2014-09-22,1216.54,1220.7,1208.72,1215.05
2014-09-19,1225.5,1228.86,1213.87,1216.45
2014-09-18,1223.2,1228.06,1216.27,1225.45
2014-09-17,1234.95,1239.46,1221.67,1223.25
2014-09-16,1233.1,1242.16,1231.92,1235.2
2014-09-15,1228.4,1238.56,1225.56,1233
2014-09-12,1240.59,1242.04,1227.75,1228.63
2014-09-11,1248.68,1250.46,1234.97,1240.75
2014-09-10,1256.19,1258.15,1243.91,1248.75
2014-09-09,1255.43,1258.25,1247.41,1256.2
2014-09-08,1268.75,1271.85,1251.5,1255.7
2014-09-05,1260.96,1273.71,1257.16,1268.85
2014-09-04,1268.8,1276.76,1260.26,1261.1
2014-09-03,1266.14,1271.8,1261.69,1269.07
2014-09-02,1287.59,1288.1,1262.92,1265.9
2014-09-01,1287.05,1290.36,1282.8,1287.3
2014-08-29,1290.29,1291.8,1283.66,1287.57
2014-08-28,1282.75,1296.76,1283.02,1290
2014-08-27,1281.09,1288,1280.4,1282.95
2014-08-26,1276.55,1291.06,1275.5,1280.9
2014-08-25,1279.67,1281.06,1274.42,1276.6
2014-08-22,1276.64,1283.5,1274.49,1281.23
2014-08-21,1291.8,1291.8,1273.32,1277.25
2014-08-20,1295.6,1297.91,1288.04,1292.15
2014-08-19,1297.65,1302.61,1293.96,1295.5
2014-08-18,1303.91,1304.07,1295.72,1297.46
2014-08-15,1312.95,1315.41,1292.61,1304.6
2014-08-14,1312.86,1319.6,1309.19,1313.24
2014-08-13,1308.69,1315.6,1304.9,1312.86
2014-08-12,1307.9,1317.86,1305.46,1308.6
2014-08-11,1309.35,1311.66,1304.96,1308.1
2014-08-08,1313.5,1322.86,1306.16,1309.6
2014-08-07,1305.89,1314.75,1302.11,1313.55
2014-08-06,1288.05,1309.86,1287.46,1306.25
2014-08-05,1287.91,1293.66,1282.56,1288
2014-08-04,1293.98,1295.81,1286.17,1288.35
2014-08-01,1282.24,1297.2,1280.9,1294.1
2014-07-31,1294.86,1297.56,1281.02,1282.35
2014-07-30,1298.94,1302.76,1291.85,1295.05
2014-07-29,1304.59,1312.75,1295.85,1298.75
2014-07-28,1308.25,1309.46,1301.42,1304.25
2014-07-25,1294,1308.5,1290.16,1308.05
2014-07-24,1304.14,1305.35,1287.81,1293.35
2014-07-23,1307.7,1311.31,1302.61,1304.15
2014-07-22,1311.89,1315.2,1301.75,1307.35
2014-07-21,1311.05,1318.51,1307.01,1311.9
2014-07-18,1318.7,1324.75,1304.57,1310.9
2014-07-17,1300.24,1324.65,1297.85,1318.25
2014-07-16,1294.4,1304.4,1292.9,1299.37
2014-07-15,1306.85,1314.25,1292.05,1294.45
2014-07-14,1338.45,1339.71,1303.21,1307.15
2014-07-11,1335.81,1339.54,1333.87,1338.15
2014-07-10,1319.34,1345.65,1319.34,1335.55
2014-07-09,1319.69,1332.69,1318.5,1326.7
2014-07-08,1319.75,1325.35,1313.45,1318.95
2014-07-07,1320.16,1320.3,1311.9,1320.2
2014-07-04,1320.29,1323.8,1318.8,1320.55
2014-07-03,1327.7,1327.7,1309.95,1319.8
2014-07-02,1325.58,1332.21,1321.32,1327.45
2014-07-01,1327.15,1332.41,1323.72,1325.75
2014-06-30,1315.8,1329.41,1310.21,1327.5
2014-06-27,1317.91,1322.31,1312.76,1315.35
2014-06-26,1318.65,1320.15,1306.25,1317.95
2014-06-25,1318.74,1325.15,1310.8,1319.5
2014-06-24,1318.54,1326.6,1314.15,1318.3
2014-06-23,1313.7,1318.61,1309.91,1318.1
2014-06-20,1320.2,1322.4,1306.75,1314.82
2014-06-19,1278.44,1322.1,1276.01,1320.1
2014-06-18,1271.3,1280,1266.96,1278.4
2014-06-17,1271.65,1273.56,1259.16,1271.5
2014-06-16,1277.06,1285.16,1270.51,1271.6
2014-06-13,1273.69,1278.2,1271,1277
2014-06-12,1261.49,1275,1260.05,1273.36
2014-06-11,1260.49,1265.5,1258,1260.74
2014-06-10,1252.15,1263.31,1250.21,1260.8
2014-06-09,1253.79,1257.7,1251.76,1252.08
2014-06-06,1253.69,1258,1246.31,1252.73
2014-06-05,1243.8,1256.81,1241.21,1253.6
2014-06-04,1245.24,1250,1243.5,1243.8
2014-06-03,1244.39,1248.15,1241.06,1244.65
2014-06-02,1250.89,1250.89,1241.04,1244.35
2014-05-30,1256,1260.46,1242.35,1251.05
2014-05-29,1258.79,1260.5,1251.55,1256.05
2014-05-28,1263.7,1267.69,1256.02,1258.5
2014-05-27,1292.95,1293.7,1263.5,1263.7
2014-05-26,1292.71,1294.41,1290.91,1293.05
2014-05-23,1294.04,1295.95,1287.99,1293.11
2014-05-22,1292.04,1303.85,1290.05,1293.85
2014-05-21,1294.15,1296.6,1283.45,1291.85
2014-05-20,1292.15,1297.05,1286.15,1294.25
2014-05-19,1293.42,1305.25,1289.66,1291.95
2014-05-16,1296.61,1298.76,1287.85,1293.7
2014-05-15,1305.45,1307.35,1291.15,1296.35
2014-05-14,1294.46,1309.4,1291.79,1305.6
2014-05-13,1295.91,1299.21,1289.25,1293.35
2014-05-12,1289.2,1304.3,1280.1,1295.8
2014-05-09,1289.5,1294.9,1285.64,1289.33
2014-05-08,1289.74,1295.3,1285.74,1289.6
2014-05-07,1308.01,1315.31,1287,1289.55
2014-05-06,1309.9,1314.71,1305,1307.65
2014-05-05,1300.74,1315.95,1299.61,1309.85
2014-05-02,1284.19,1304.9,1277.1,1300.32
2014-05-01,1291.65,1293.21,1277.7,1284.1
2014-04-30,1296.01,1298.01,1285.8,1291.9
2014-04-29,1296.04,1301.4,1286.49,1296.48
2014-04-28,1303.2,1306.61,1292.3,1296.1
2014-04-25,1294.01,1305.61,1290.6,1303.45
2014-04-24,1284.01,1298.51,1268.85,1293.85
2014-04-23,1283.51,1289.22,1281.05,1283.9
2014-04-22,1290.24,1293,1277.6,1283.5
2014-04-21,1294.67,1301.51,1282.01,1290.15
2014-04-18,1293.78,1293.78,1293.78,1293.78
2014-04-17,1302.4,1304.8,1293.24,1294.85
2014-04-16,1302.84,1307.6,1293.59,1302.8
2014-04-15,1326.81,1328.51,1290.95,1302.65
2014-04-14,1318.94,1331.2,1318.84,1326.4
2014-04-11,1317.94,1324.33,1314.24,1318.47
2014-04-10,1311.64,1324.9,1310.84,1318.92
2014-04-09,1308.25,1315.3,1300.94,1311.9
2014-04-08,1296.29,1314.93,1296.29,1308.72
2014-04-07,1302.9,1304.8,1295.8,1296.65
2014-04-04,1286.62,1307.09,1284.33,1302.7
2014-04-03,1289.89,1294.2,1281.59,1287.3
2014-04-02,1279.85,1295.21,1278.65,1289.8
2014-04-01,1283.79,1288.25,1277.44,1279.15
2014-03-31,1294.3,1298.81,1282.65,1284.25
2014-03-28,1293.64,1299.2,1285.84,1294
2014-03-27,1304.14,1307.15,1289.3,1291.14
2014-03-26,1311.25,1317.01,1298.9,1304.1
2014-03-25,1309.6,1317.86,1306.2,1311.05
2014-03-24,1334.74,1334.86,1308.04,1309.62
2014-03-21,1328.55,1343.04,1328.45,1334.55
2014-03-20,1331.05,1335.21,1320.85,1328.5
2014-03-19,1355.95,1360.26,1328,1331.45
2014-03-18,1366.8,1367.77,1350.8,1356.25
2014-03-17,1382.07,1392.37,1362.53,1366.95
2014-03-14,1370.59,1388.4,1368.06,1382.24
2014-03-13,1367.5,1375.46,1364.65,1370.6
2014-03-12,1349.39,1371.1,1345.44,1367.08
2014-03-11,1339.35,1353.11,1338,1349.95
2014-03-10,1339.27,1345.41,1329.47,1339.15
2014-03-07,1351.21,1352.9,1329.75,1340.25
2014-03-06,1337.45,1353.37,1331.35,1351.35
2014-03-05,1334.83,1341.88,1332.58,1337.39
2014-03-04,1350.95,1352.61,1331.54,1334.9
2014-03-03,1326.5,1355.41,1326.5,1350.9
2014-02-28,1331.67,1333.91,1320.22,1326.4
2014-02-27,1330.58,1336.48,1323.97,1331.44
2014-02-26,1340.31,1345.4,1322.14,1330.75
2014-02-25,1337,1344.01,1331.72,1340.75
2014-02-24,1324.99,1339,1319.11,1337
2014-02-21,1322.72,1328.79,1316.12,1323.39
2014-02-20,1311.64,1325.18,1307.85,1322.89
2014-02-19,1321.84,1323.39,1308.93,1311.8
2014-02-18,1329.2,1332.71,1312.95,1321.6
2014-02-17,1319.15,1330.37,1318.65,1329.1
2014-02-14,1302.83,1321.34,1299.97,1318.93
2014-02-13,1291.11,1302.8,1286.14,1302.7
2014-02-12,1292.02,1296.52,1284.4,1291.25
2014-02-11,1274.79,1293.83,1273.8,1291.85
2014-02-10,1266.31,1278.31,1265.4,1274.9
2014-02-07,1257.68,1272.18,1256.22,1267.06
2014-02-06,1258.14,1266.98,1252.88,1257.64
2014-02-05,1254.86,1273.73,1252.51,1258.01
2014-02-04,1257.99,1260.93,1247.62,1255
2014-02-03,1245.14,1266.54,1240.68,1257.64
2014-01-31,1244.07,1255.51,1238.75,1243.8
2014-01-30,1268.24,1268.53,1238.39,1243.7
2014-01-29,1256.9,1270.27,1249.65,1268.4
2014-01-28,1257.01,1261.51,1249.36,1256.55
2014-01-27,1268.85,1278.48,1252.16,1257.07
2014-01-24,1264.67,1273.31,1257.2,1269.25
2014-01-23,1236.64,1265.8,1231.76,1264.35
2014-01-22,1241.55,1244.14,1236.14,1236.49
2014-01-21,1254.18,1256.24,1236.07,1241.49
2014-01-20,1254.01,1261,1251.32,1254.35
2014-01-17,1242.53,1255.28,1238.05,1253.82
2014-01-16,1241.49,1245.26,1236.55,1242.55
2014-01-15,1245.1,1245.39,1234.49,1241.74
2014-01-14,1253.12,1255.38,1241.83,1245.1
2014-01-13,1248.28,1255.18,1243.72,1253.44
2014-01-10,1228.01,1248.81,1226.94,1247.1
2014-01-09,1226.17,1231.91,1224.02,1228
2014-01-08,1231.97,1232.84,1218.83,1226.1
2014-01-07,1238.17,1245.86,1225.2,1232.1
2014-01-06,1236.93,1248.76,1233.1,1238.05
2014-01-03,1224.94,1240.38,1222.14,1236.55
2014-01-02,1204.88,1231.04,1203.72,1224.89
2014-01-01,1210.41,1210.61,1199.4,1205.9
2013-12-31,1196.62,1214.21,1185.11,1205.55
2013-12-30,1212.15,1216.26,1195.39,1196.4
2013-12-27,1210.59,1219.04,1209.03,1213.19
2013-12-26,1204.99,1216.1,1201.24,1210.7
2013-12-25,1204.69,1205.1,1203.29,1204.7
2013-12-24,1199.44,1206.36,1197.01,1204.35
2013-12-23,1203.52,1206.38,1192.77,1198.84
2013-12-20,1190.51,1207.6,1185.71,1203.25
2013-12-19,1217.96,1226.76,1186.8,1190.1
2013-12-18,1231.54,1244.7,1216.15,1218.07
2013-12-17,1240.3,1248.6,1227.8,1230.1
2013-12-16,1238.08,1251.89,1227.59,1240.57
2013-12-13,1223.8,1239,1220.6,1238.3
2013-12-12,1251.3,1257.4,1223.5,1223.8
2013-12-11,1260.91,1263.4,1250.5,1251.75
2013-12-10,1240.82,1267.74,1237.97,1260.72
2013-12-09,1229.58,1243.19,1225.38,1240.94
2013-12-06,1225.22,1243.61,1212.41,1228.85
2013-12-05,1243.77,1244,1217.3,1224.88
2013-12-04,1223.89,1250.75,1211.89,1243.66
2013-12-03,1220.04,1226.38,1215.98,1223.89
2013-12-02,1251.42,1251.42,1217.78,1220.05
2013-11-29,1246.24,1256.11,1242.26,1253.49
2013-11-28,1237.76,1245.82,1235.32,1244.15
2013-11-27,1243.42,1254.81,1236.65,1237.4
2013-11-26,1252.6,1256.89,1239.89,1243.3
2013-11-25,1242.08,1253.54,1227.72,1252.6
2013-11-22,1243.01,1249.32,1241.55,1243.6
2013-11-21,1243.19,1250.01,1236.69,1242.75
2013-11-20,1275.62,1276.67,1241.3,1243.2
2013-11-19,1274.71,1279.02,1269.3,1275.25
2013-11-18,1290.45,1290.61,1270.35,1274.35
2013-11-15,1287.04,1291.14,1280.42,1290.05
2013-11-14,1278.67,1294.38,1278.53,1287.39
2013-11-13,1267.58,1279.24,1265.89,1278.99
2013-11-12,1283.07,1285.3,1261.28,1267.99
2013-11-11,1288.76,1288.91,1279.39,1283.28
2013-11-08,1307.84,1313.06,1281.4,1288.2
2013-11-07,1318.16,1325.71,1298.71,1307.95
2013-11-06,1311.97,1322.31,1309.45,1318.4
2013-11-05,1314.85,1319.77,1306.75,1311.6
2013-11-04,1315.12,1322.24,1311.74,1314.74
2013-11-01,1323.7,1327.86,1306.3,1315.35
2013-10-31,1343.3,1343.4,1319.4,1323.8
2013-10-30,1344.05,1359.77,1334.81,1342.8
2013-10-29,1352.1,1360.67,1340.87,1344.3
2013-10-28,1353.16,1362.21,1346.5,1352.2
2013-10-25,1346.73,1355.6,1336.54,1352.13
2013-10-24,1332.35,1352.22,1330.6,1347.15
2013-10-23,1340.75,1342.57,1329.8,1332.35
2013-10-22,1315.5,1345.07,1310.45,1340.65
2013-10-21,1316.66,1324.42,1313.56,1315.75
2013-10-18,1319.18,1325.7,1311.95,1316.24
2013-10-17,1282.3,1324.67,1274.8,1319.7
2013-10-16,1280.6,1287.51,1269.57,1281.6
2013-10-15,1273.15,1288.51,1252.27,1280.8
2013-10-14,1272.8,1289.47,1268.8,1273.4
2013-10-11,1286.93,1294.45,1262.63,1273.11
2013-10-10,1307.22,1311.78,1283.03,1286.24
2013-10-09,1319.06,1321.95,1294.65,1307.2
2013-10-08,1321.49,1330.1,1316.3,1318.8
2013-10-07,1311.04,1328.44,1308.81,1321.79
2013-10-04,1317.15,1323.86,1306.56,1311.35
2013-10-03,1316.75,1321.31,1302.42,1317.3
2013-10-02,1286.75,1323.82,1278.85,1315.25
2013-10-01,1327.75,1337.77,1283.2,1286.6
2013-09-30,1335.9,1344.22,1323.56,1327.55
2013-09-27,1323.64,1344.3,1320.43,1336.2
2013-09-26,1333.5,1339.21,1319.15,1323.7
2013-09-25,1322.8,1338.51,1317.11,1333.6
2013-09-24,1321.35,1329.57,1306.51,1323.2
2013-09-23,1326.2,1332.11,1314.26,1322.15
2013-09-20,1366.18,1368.4,1324.86,1325.38
2013-09-19,1365.55,1375.15,1358.8,1365
2013-09-18,1309.7,1367.77,1291.95,1365.15
2013-09-17,1313.6,1323.92,1306.5,1309.65
2013-09-16,1329.6,1332.92,1304.46,1314
2013-09-13,1321.36,1331.03,1305.03,1326.72
2013-09-12,1367.4,1367.5,1321.05,1321.05
2013-09-11,1364.25,1368.51,1357.46,1366.75
2013-09-10,1387.95,1391.52,1358.2,1364.45
2013-09-09,1391.45,1391.45,1382.83,1387.05
2013-09-06,1365.72,1393.2,1363.28,1391.61
2013-09-05,1392.1,1399.92,1365.77,1367.85
2013-09-04,1412.1,1415.22,1384.85,1391.45
2013-09-03,1391.6,1416.61,1384.7,1412.65
2013-09-02,1396.46,1398.31,1380.05,1394.9
2013-08-30,1408.55,1411.62,1392.77,1396.4
2013-08-29,1418.05,1418.52,1403.17,1408.25
2013-08-28,1417.1,1434.17,1413.9,1418.5
2013-08-27,1405.16,1424.02,1396.75,1416.65
2013-08-26,1398.88,1404.86,1391.44,1404.9
2013-08-23,1375.79,1400.21,1369.14,1396.85
2013-08-22,1366.5,1381.61,1355.8,1375.85
2013-08-21,1371.8,1378.81,1360.1,1366.35
2013-08-20,1366.39,1376.2,1355.26,1371.17
2013-08-19,1376.35,1384.6,1362.49,1365.98
2013-08-16,1367.3,1380.21,1357.95,1376.4
2013-08-15,1335.19,1369.9,1319.31,1366.05
2013-08-14,1321.4,1337.3,1316.55,1335.2
2013-08-13,1336.9,1341.72,1319.27,1321.3
2013-08-12,1314.6,1343.67,1314.6,1336.4
2013-08-09,1312.09,1317,1305.56,1314.5
2013-08-08,1287.7,1314.56,1283.85,1312
2013-08-07,1281.95,1289.42,1273.25,1287.75
2013-08-06,1303.85,1307.27,1279.85,1281.9
2013-08-05,1313.1,1319.91,1297.86,1303.95
2013-08-02,1307.79,1318.4,1283.19,1312
2013-08-01,1322.7,1330.77,1307.2,1308.95
2013-07-31,1326.9,1338.87,1305.91,1323.1
2013-07-30,1328,1330.38,1318.5,1327.3
2013-07-29,1333.91,1338.71,1323.32,1327.6
2013-07-26,1333.96,1340.82,1312.82,1333.9
2013-07-25,1321.4,1338.02,1309.35,1333.65
2013-07-24,1347.8,1348.3,1313.55,1321.3
2013-07-23,1335.25,1348.3,1327.15,1348.1
2013-07-22,1297.4,1339.77,1311.76,1335.9
2013-07-19,1285.2,1297.95,1282.55,1296.35
2013-07-18,1276.1,1288.7,1275.05,1285.1
2013-07-17,1293,1297.61,1274.21,1276
2013-07-16,1282.3,1295.95,1277.56,1292.6
2013-07-15,1285.45,1294.32,1276.26,1282.6
2013-07-12,1286.67,1288.86,1267.9,1284.9
2013-07-11,1264.8,1298.97,1278.81,1285.3
2013-07-10,1250.5,1266.22,1244.47,1264.25
2013-07-09,1237.4,1261.02,1233.9,1249.95
2013-07-08,1223.21,1239.41,1215.95,1237
2013-07-05,1249.28,1250.86,1207.99,1223.8
2013-07-04,1251.3,1257.82,1245.4,1250.3
2013-07-03,1242.65,1260.71,1237.05,1252.3
2013-07-02,1253.35,1266.55,1241.8,1242.5
2013-07-01,1233.49,1261.11,1226.31,1253.3
2013-06-28,1200.3,1245.61,1181.82,1234.25
2013-06-27,1226.6,1245.46,1198.06,1200.75
2013-06-26,1278.1,1277.62,1222.91,1226.35
2013-06-25,1282.1,1289.41,1271.92,1277.35
2013-06-24,1297.3,1301.62,1276.35,1281.9
2013-06-21,1278.34,1348.41,1269.39,1297.25
2013-06-20,1351.51,1348.52,1276.8,1278
2013-06-19,1367.7,1376.02,1349.35,1351.3
2013-06-18,1384.9,1386.16,1361.15,1368.4
2013-06-17,1391.29,1392.11,1380.94,1384.85
2013-06-14,1385.89,1392.11,1378.54,1390.7
2013-06-13,1388.26,1395.27,1374.7,1386.05
2013-06-12,1379.5,1394.87,1374.35,1388.4
2013-06-11,1387.01,1387.12,1367.26,1379.6
2013-06-10,1378.89,1389.06,1376.49,1386.9
2013-06-07,1413.72,1418.03,1377.86,1384.47
2013-06-06,1403.3,1423.66,1391.84,1413.65
2013-06-05,1398.94,1410.51,1395.69,1403.3
2013-06-04,1412,1415.62,1389.86,1399.9
2013-06-03,1389.09,1416.61,1388.94,1411.6
2013-05-31,1413.75,1421.5,1384.64,1386.9
2013-05-30,1392.95,1418.31,1388.69,1413.75
2013-05-29,1380.79,1395.16,1379.99,1392.95
2013-05-28,1394.24,1400.55,1374.14,1380.85
2013-05-27,1388.15,1396.9,1384.24,1394.78
2013-05-24,1391.2,1398.45,1382.7,1386.05
2013-05-23,1369.2,1397.85,1356.74,1391.2
2013-05-22,1376.95,1415.11,1355.47,1369.4
2013-05-21,1394.75,1401.76,1360.3,1376.3
2013-05-20,1363.09,1399.1,1339.45,1394.15
2013-05-17,1387.39,1392.96,1355.6,1359.2
2013-05-16,1392.71,1398.52,1369.9,1386.3
2013-05-15,1426.5,1430.85,1389.65,1392.9
2013-05-14,1431.1,1445.57,1422.26,1426
2013-05-13,1448.69,1448.69,1426.34,1430.55
2013-05-10,1458.79,1462.36,1421.11,1448.2
2013-05-09,1473.3,1476.01,1453.7,1458.2
2013-05-08,1452.7,1476.97,1447.9,1472.8
2013-05-07,1470.2,1470.78,1441.72,1452.6
2013-05-06,1470.5,1479.06,1465.1,1469.5
2013-05-03,1467.45,1488.3,1456.4,1470.7
2013-05-02,1457.65,1474.26,1449.3,1467.1
2013-05-01,1476.55,1478.57,1440.6,1457.6
2013-04-30,1475.99,1479.31,1460.99,1477.1
2013-04-29,1464.85,1478.56,1462.45,1476.65
2013-04-26,1467.95,1485.31,1448.69,1463
2013-04-25,1431.45,1469.46,1427.25,1467.85
2013-04-24,1412.69,1433.4,1411.79,1431.3
2013-04-23,1426.86,1432.42,1406.55,1413.35
2013-04-22,1405.17,1439.77,1404.61,1426.25
2013-04-19,1391.21,1425.01,1386.46,1404.35
2013-04-18,1376.8,1401.96,1340.36,1391.25
2013-04-17,1369.3,1395.1,1365.1,1377
2013-04-16,1353.86,1402.35,1322.46,1368.9
2013-04-15,1478.3,1495.66,1336.54,1353.25
2013-04-12,1560.69,1564.86,1477.5,1478.85
2013-04-11,1559.3,1568.42,1553.71,1561.35
2013-04-10,1584.95,1588.91,1556,1558.75
2013-04-09,1572.94,1590.5,1570.44,1585.2
2013-04-08,1581.25,1583.37,1567.55,1573.7
2013-04-05,1553.32,1582.05,1549.34,1582
2013-04-04,1557.96,1559.87,1540.35,1553.32
2013-04-03,1576.04,1577.41,1550.19,1557.85
2013-04-02,1599.6,1604.21,1574,1575.85
2013-04-01,1597.74,1601.31,1594.94,1598.9
2013-03-28,1605.76,1607.88,1594.06,1596.74
2013-03-27,1599.31,1608.61,1591.5,1605.4
2013-03-26,1605.6,1606.27,1594.85,1599.2
2013-03-25,1609.3,1613.76,1589.99,1605.4
2013-03-22,1614.7,1616.35,1603.79,1608.45
2013-03-21,1606.58,1616.97,1604.65,1614.7
2013-03-20,1613.5,1615.21,1603.55,1606.5
2013-03-19,1605.41,1615.77,1600.15,1613.4
2013-03-18,1597.26,1611.31,1592.56,1605.3
2013-03-15,1590.41,1598.81,1588.9,1592.45
2013-03-14,1587.9,1593.5,1576.99,1590.3
2013-03-13,1592.91,1599.61,1585.55,1587.8
2013-03-12,1582.01,1598.81,1580.25,1592.7
2013-03-11,1578.4,1583.61,1575.65,1581
2013-03-08,1579.12,1583.51,1561.41,1578.35
2013-03-07,1583.59,1585.89,1574.94,1578.9
2013-03-06,1575.28,1584.79,1567.53,1583.69
2013-03-05,1573.88,1586.3,1571.72,1575.44
2013-03-04,1579.01,1585.11,1569.65,1573.95
2013-03-01,1580.18,1587.29,1564.83,1575.24
2013-02-28,1597.38,1602.98,1574.72,1580.14
2013-02-27,1613.39,1614.89,1592.33,1597.6
2013-02-26,1593.93,1620.05,1584.6,1613.49
2013-02-25,1581.29,1597.18,1575.18,1594.24
2013-02-22,1576,1587.25,1570.16,1580.7
2013-02-21,1563.09,1584.88,1554.88,1576.05
2013-02-20,1604.71,1609.82,1558.85,1562.9
2013-02-19,1609.93,1615.34,1600.72,1604.6
2013-02-18,1609.95,1619,1607.33,1610.05
2013-02-15,1634.53,1636.1,1598.42,1609.44
2013-02-14,1642.84,1650.05,1632.72,1634.85
2013-02-13,1650.85,1653.59,1640.33,1642.74
2013-02-12,1647.94,1653.5,1639.22,1650.8
2013-02-11,1666.93,1669.7,1643.62,1649.74
2013-02-08,1671.72,1673.91,1665.45,1667.5
2013-02-07,1677.71,1683.51,1663.41,1671.3
2013-02-06,1672.62,1679.49,1668.22,1677.49
2013-02-05,1674.21,1684.9,1666.76,1673
2013-02-04,1667.55,1677.61,1661.79,1674.4
2013-02-01,1664.02,1682.31,1660.35,1667.15
2013-01-31,1677.42,1681.01,1658.15,1663.6
2013-01-30,1663.96,1683.79,1662.79,1677.1
2013-01-29,1655.2,1666.06,1654.3,1663.85
2013-01-28,1658.76,1662.81,1652.54,1654.95
2013-01-25,1667.88,1672.59,1655.78,1658.69
2013-01-24,1686.35,1686.45,1665.08,1667.74
2013-01-23,1692.37,1695.61,1683.45,1685.75
2013-01-22,1690.05,1696.26,1686.64,1692.1
2013-01-21,1684.9,1691.6,1684.9,1690.05
2013-01-18,1687.25,1695.51,1683.6,1683.95
2013-01-17,1679.79,1695.94,1666.94,1687.64
2013-01-16,1678.65,1685.11,1673.55,1679.5
2013-01-15,1666.94,1685.3,1666.44,1678.9
2013-01-14,1661.95,1674.8,1660.04,1667.2
2013-01-11,1675.28,1677.05,1654.05,1663.05
2013-01-10,1657.97,1679.21,1654.1,1675.25
2013-01-09,1658.83,1666.41,1651.45,1657.9
2013-01-08,1647.21,1662.3,1646.64,1659
2013-01-07,1656.51,1662.71,1642.75,1647.25
2013-01-04,1663.42,1664.42,1626.4,1656.85
2013-01-03,1686.54,1690,1660.89,1663.35
2013-01-02,1675.03,1695.1,1670.39,1686.75
2013-01-01,1675.26,1676.21,1664.55,1675.15
2012-12-31,1656.21,1680.71,1655.71,1674.95
2012-12-28,1663.84,1666.49,1653.44,1655.4
2012-12-27,1660.31,1665.76,1653.05,1663.9
2012-12-26,1658.12,1667.89,1650.38,1660.14
2012-12-25,1657.91,1663.15,1657.81,1658.9
2012-12-24,1657.79,1665.9,1652.13,1657.48
2012-12-21,1647.64,1659.68,1635.62,1656.99
2012-12-20,1667.22,1672.12,1635.7,1647.75
2012-12-19,1670.38,1676.99,1663.42,1666.94
2012-12-18,1698.21,1703.47,1661.62,1670.15
2012-12-17,1695.76,1700.03,1687.05,1697.93
2012-12-14,1697.41,1700.74,1693.45,1695.47
2012-12-13,1711.81,1712.11,1689.55,1697.3
2012-12-12,1709.99,1723.41,1707.84,1711.95
2012-12-11,1712.3,1714.6,1705.04,1710.1
2012-12-10,1704.45,1717.6,1702.64,1710.25
2012-12-07,1699.31,1705.61,1684.4,1703.65
2012-12-06,1693.87,1703.38,1686.11,1699.14
2012-12-05,1697.47,1707.18,1684.98,1693.99
2012-12-04,1715.55,1717.67,1691.25,1697.35
2012-12-03,1713.9,1722.11,1712.99,1715.25
2012-11-30,1725.71,1731.9,1709.09,1714.8
2012-11-29,1719.5,1728.71,1718.4,1725.4
2012-11-28,1741.92,1743.23,1706.03,1719.69
2012-11-27,1748.94,1751.8,1738.89,1742.05
2012-11-26,1753.11,1753.11,1746.1,1749.1
2012-11-23,1729.55,1754.6,1728.39,1753
2012-11-22,1729.09,1732.75,1728.35,1729.55
2012-11-21,1728.57,1732.08,1720.91,1729.11
2012-11-20,1732.11,1735.81,1722.4,1728.65
2012-11-19,1713.54,1735.34,1713.43,1731.94
2012-11-16,1716.11,1717.51,1706.1,1713.7
2012-11-15,1726.45,1727.96,1705.3,1715.8
2012-11-14,1725.5,1733.4,1720.81,1726.45
2012-11-13,1728.51,1733.21,1718.3,1725.5
2012-11-12,1732,1738.41,1725.9,1728.35
2012-11-09,1731.64,1739.05,1727.05,1731.24
2012-11-08,1717.32,1735.82,1713.61,1730.99
2012-11-07,1715.98,1731.79,1702.97,1716.69
2012-11-06,1684.93,1721.01,1683.8,1715.95
2012-11-05,1677.2,1686.57,1672.85,1684.6
2012-11-02,1714.79,1717.06,1674.44,1677.85
2012-11-01,1720.66,1727.11,1713.55,1714.7
2012-10-31,1709.96,1726.05,1709.54,1720.55
2012-10-30,1710.06,1715.61,1705.2,1709.49
2012-10-29,1711.5,1717.57,1706,1709.85
2012-10-26,1712,1718.91,1700.95,1711.35
2012-10-25,1701.85,1718.21,1701.4,1711.8
2012-10-24,1708.39,1714.56,1698.89,1702.43
2012-10-23,1728.4,1730.6,1704.11,1708.7
2012-10-22,1721.8,1729.61,1714,1729.45
2012-10-19,1740.59,1743.58,1716.29,1720.9
2012-10-18,1749.91,1752.4,1738.41,1741.7
2012-10-17,1748.4,1753.81,1743.2,1750.3
2012-10-16,1736.3,1748.61,1734.9,1747.8
2012-10-15,1753.6,1753.6,1729.36,1736.1
2012-10-12,1768.79,1773.6,1752.34,1754.25
2012-10-11,1761.8,1775.31,1758.7,1768.8
2012-10-10,1764.26,1768.41,1757.47,1762.55
2012-10-09,1775.45,1779.96,1760.55,1764.15
2012-10-08,1780.71,1780.9,1766.75,1774.9
2012-10-05,1790.79,1796.19,1772.84,1780.98
2012-10-04,1779.19,1796.9,1779.19,1790.55
2012-10-03,1774.1,1782.31,1771,1779.15
2012-10-02,1776.4,1784.81,1771.57,1778
2012-10-01,1771.2,1791.81,1763.55,1774.4
2012-09-28,1777.72,1783.63,1767.53,1771.22
2012-09-27,1754.9,1780.81,1751.36,1777.9
2012-09-26,1760.5,1766.01,1738.11,1752.2
2012-09-25,1764.26,1775.51,1758.41,1760.65
2012-09-24,1773.39,1773.39,1755.8,1764.15
2012-09-21,1767.3,1787.81,1766.4,1773.05
2012-09-20,1769.85,1772.5,1756.1,1766.7
2012-09-19,1769.85,1768.35,1765.65,1769.8
2012-09-18,1761.55,1773.61,1752.95,1770.95
2012-09-17,1774.74,1776.76,1754.59,1761.45
2012-09-14,1766.44,1778.01,1765.04,1772.48
2012-09-13,1730.65,1772.87,1717.25,1766.9
2012-09-12,1732.54,1746.7,1725.79,1731.5
2012-09-11,1726.1,1737.91,1725.45,1731.75
2012-09-10,1735.85,1740.26,1724.91,1725.8
2012-09-07,1701.94,1741.8,1689.2,1736.5
2012-09-06,1693.45,1713.52,1691.65,1701.65
2012-09-05,1695.05,1696.37,1687.65,1693.65
2012-09-04,1692.99,1700.45,1689.96,1696.4
2012-09-03,1692.2,1695.61,1685.7,1692.4
2012-08-31,1656.15,1693.32,1647.34,1691.15
2012-08-30,1656.55,1664.51,1651.8,1656.15
2012-08-29,1667.25,1670.15,1652.97,1656.55
2012-08-28,1663.44,1672.7,1657.44,1667.03
2012-08-27,1671.44,1676.95,1663.09,1664.1
2012-08-24,1670.14,1673.81,1662.79,1670.35
2012-08-23,1654,1675.41,1652.41,1670.65
2012-08-22,1638.2,1656.41,1634.87,1654
2012-08-21,1620.55,1641.81,1618.66,1638.5
2012-08-20,1616.26,1623.01,1610.2,1620.7
2012-08-17,1614.44,1620.1,1611.9,1615.8
2012-08-16,1604.14,1618.99,1600.79,1614.8
2012-08-15,1598.64,1606.4,1590.19,1603.38
2012-08-14,1610.16,1616.81,1594.71,1598.65
2012-08-13,1620.35,1625.82,1607.71,1610.15
2012-08-10,1617.64,1626.56,1605.7,1620.05
2012-08-09,1612.1,1618.72,1609.85,1617.7
2012-08-08,1611.29,1617.01,1603.55,1611.9
2012-08-07,1610.99,1618.41,1609.09,1611.18
2012-08-06,1605,1615.61,1602.85,1611
2012-08-03,1590.28,1606.91,1586.74,1604.3
2012-08-02,1599.25,1614.9,1585.1,1590.35
2012-08-01,1599.25,1618.9,1592.35,1599.2
2012-07-31,1621.3,1628.31,1610.95,1613.9
2012-07-30,1625.1,1626.7,1614.85,1621.1
2012-07-27,1616.14,1629.6,1611.99,1623.28
2012-07-26,1605,1622.02,1601.5,1616.2
2012-07-25,1581.44,1611.41,1579.94,1605.38
2012-07-24,1580.4,1584.66,1568.35,1580.5
2012-07-23,1582.64,1584.26,1564.49,1576.9
2012-07-20,1582.01,1587.91,1574.04,1583.63
2012-07-19,1573.89,1593,1573.64,1582.05
2012-07-18,1584.29,1587.16,1568.84,1573.8
2012-07-17,1591.19,1600.5,1572.66,1582.75
2012-07-16,1591.39,1595.3,1578.79,1589.35
2012-07-13,1571.2,1597.11,1566.25,1589.05
2012-07-12,1576.85,1578.36,1554.95,1572.4
2012-07-11,1565.41,1583.41,1565.41,1576.9
2012-07-10,1591.16,1602.9,1565.89,1566.5
2012-07-09,1580.84,1593.3,1576.39,1587.15
2012-07-06,1604.95,1610,1576.7,1582.9
2012-07-05,1617.34,1625.8,1598.89,1604.75
2012-07-04,1617.24,1620.59,1611.94,1615.63
2012-07-03,1598.69,1626.7,1596.59,1616.65
2012-07-02,1599.3,1602.51,1587.45,1596.35
2012-06-29,1551.39,1607.19,1550.94,1598.6
2012-06-28,1573.61,1579.31,1547.85,1551.9
2012-06-27,1572.5,1581.91,1563.15,1574.3
2012-06-26,1583.76,1587.31,1567.95,1572.15
2012-06-25,1572,1588.51,1566.35,1584.6
2012-06-22,1564.31,1573.81,1558.8,1572.15
2012-06-21,1605.06,1607.29,1564.49,1565.3
2012-06-20,1618.81,1623.01,1590.9,1605.9
2012-06-19,1628.51,1633.51,1617.51,1618.07
2012-06-18,1627.31,1630.31,1607.1,1628.4
2012-06-15,1622.94,1633.7,1619.59,1626.76
2012-06-14,1617.9,1627.79,1610,1623.32
2012-06-13,1609.26,1624.97,1606.2,1618.35
2012-06-12,1596.45,1618.01,1586.9,1610.05
2012-06-11,1593.1,1608.35,1582.89,1596.45
2012-06-08,1589.15,1595.47,1562.05,1594.45
2012-06-07,1620.2,1629.41,1579.75,1589
2012-06-06,1617.2,1641.11,1614.34,1620.4
2012-06-05,1619.25,1623.91,1612.71,1617.1
2012-06-04,1627.29,1629.69,1610.71,1618.4
2012-06-01,1560.45,1630.02,1545.3,1626.25
2012-05-31,1563.9,1574.3,1554.09,1560.7
2012-05-30,1554.8,1569.77,1532.1,1562.45
2012-05-29,1574.1,1582.9,1548.64,1555.75
2012-05-28,1574.09,1584,1571.13,1573.33
2012-05-25,1558.5,1574.57,1551.9,1573.45
2012-05-24,1563.36,1579.5,1553.15,1559
2012-05-23,1569.19,1570.35,1535.41,1562
2012-05-22,1593.53,1596.03,1563.29,1568.95
2012-05-21,1593.65,1600.79,1586.8,1592.65
2012-05-18,1574.78,1598.68,1569.05,1593.09
2012-05-17,1540.39,1581.7,1538.8,1574
2012-05-16,1546.1,1553.8,1529,1540.05
2012-05-15,1557.15,1564.06,1541.6,1544.45
2012-05-14,1580.6,1585.89,1556,1556.85
2012-05-11,1593.87,1595.37,1573.9,1580.05
2012-05-10,1589.69,1602.2,1586.07,1593.66
2012-05-09,1605.67,1606.64,1579.78,1589.34
2012-05-08,1638.57,1639.52,1595.55,1605
2012-05-07,1641.79,1644.4,1634.21,1639.15
2012-05-04,1636,1647.27,1626.91,1642.83
2012-05-03,1653.26,1653.72,1631.17,1635.76
2012-05-02,1662.4,1663.4,1646.71,1653.5
2012-05-01,1666.75,1673.2,1658.59,1662.1
2012-04-30,1662.42,1666.58,1644.98,1664.36
2012-04-27,1657.15,1667.72,1650.55,1662.05
2012-04-26,1645.98,1662.6,1643.15,1656.9
2012-04-25,1641.41,1646.53,1624.47,1644.7
2012-04-24,1638.75,1649.52,1633.95,1641
2012-04-23,1643.44,1644.9,1621.99,1638.7
2012-04-20,1643.55,1647.31,1638.95,1642.7
2012-04-19,1643.49,1655,1632.8,1643.6
2012-04-18,1651.24,1656.05,1639.29,1642.07
2012-04-17,1652.9,1657.71,1635.05,1649.9
2012-04-16,1654.09,1657.8,1641.14,1652.1
2012-04-13,1675.55,1678.31,1649.51,1659
2012-04-12,1659.14,1680.2,1651.29,1675.48
2012-04-11,1659.49,1662.9,1653.44,1657.95
2012-04-10,1641.13,1663.1,1632.2,1660.35
2012-04-09,1641.44,1649,1627.7,1641.28
2012-04-06,1628.95,1639.49,1628.49,1639.49
2012-04-05,1620.36,1633.67,1620.15,1631.25
2012-04-04,1644.64,1648.15,1612.3,1620.23
2012-04-03,1676.59,1681.16,1639.24,1645.33
2012-04-02,1668.55,1680.09,1676.2,1677.75
2012-03-30,1661.55,1671.11,1659.91,1668.9
2012-03-29,1661.94,1665.29,1645.39,1661.38
2012-03-28,1680.21,1684.41,1655.11,1662.18
2012-03-27,1690.3,1696.81,1679.11,1680.05
2012-03-26,1661.81,1694,1655.6,1689.98
2012-03-23,1645.41,1666.74,1642.38,1662.26
2012-03-22,1652.05,1658.01,1629.68,1644.85
2012-03-21,1651.11,1661.65,1646.91,1650.5
2012-03-20,1666.04,1666.29,1643.29,1650.35
2012-03-19,1654.98,1671.4,1654.14,1664.55
2012-03-16,1659.71,1665.01,1639.8,1660.65
2012-03-15,1642.89,1666.79,1636.59,1658.23
2012-03-14,1675.74,1683.45,1635.59,1643.6
2012-03-13,1699.66,1705.97,1662.6,1675.5
2012-03-12,1709.08,1714.3,1692.84,1700.53
2012-03-09,1700.2,1714.59,1677.84,1713.09
2012-03-08,1685.09,1703.86,1682.85,1700.65
2012-03-07,1674.6,1688.42,1671.35,1684.95
2012-03-06,1705.97,1709,1664.35,1674
2012-03-05,1711.05,1716.76,1694.64,1706.7
2012-03-02,1717.7,1724.19,1705.19,1712.3
2012-03-01,1696.2,1726.21,1694.7,1716.55
2012-02-29,1784.59,1790.8,1688.49,1695.2
2012-02-28,1767.05,1789.96,1766,1785.85
2012-02-27,1773.28,1779.59,1762.24,1766.3
2012-02-24,1780.3,1783.11,1770.74,1773.49
2012-02-23,1776.24,1787.61,1772.29,1780.1
2012-02-22,1759.59,1781.8,1749.54,1777.55
2012-02-21,1734.03,1760.21,1731.09,1759.15
2012-02-20,1723.78,1737.3,1723.67,1734
2012-02-17,1728.84,1735.95,1717.45,1722.45
2012-02-16,1727.79,1730.01,1705.49,1728.7
2012-02-15,1719.62,1737.47,1718.52,1729.01
2012-02-14,1722.96,1727.81,1712.2,1720.1
2012-02-13,1725.3,1733.61,1716.47,1722.5
2012-02-10,1731.54,1734.8,1704.14,1719.85
2012-02-09,1733.7,1751.9,1725.69,1729.6
2012-02-08,1745.76,1751.86,1724.95,1733.55
2012-02-07,1719.8,1750.2,1709.79,1746.5
2012-02-06,1726.3,1738.09,1711.79,1720.3
2012-02-03,1760.06,1763.76,1724.35,1725.3
2012-02-02,1744.2,1761.57,1741.49,1759.99
2012-02-01,1738.75,1751.56,1732.95,1743.6
2012-01-31,1729.19,1747.79,1726.8,1739.43
2012-01-30,1738.05,1739.35,1716.69,1730.05
2012-01-27,1720.49,1738.91,1714.8,1738.89
2012-01-26,1710.72,1730.62,1703.65,1721.5
2012-01-25,1665.69,1713.3,1649.19,1711.9
2012-01-24,1676.99,1679.89,1661.29,1665.2
2012-01-23,1666.68,1681.66,1662.59,1677
2012-01-20,1657.79,1667.11,1644.69,1666.9
2012-01-19,1659.7,1670.15,1648.94,1657.6
2012-01-18,1652.2,1662.5,1642.74,1661.25
2012-01-17,1643.84,1667.87,1641.45,1651.74
2012-01-16,1639.68,1647.35,1631.44,1643.4
2012-01-13,1650.66,1650.75,1626.06,1639.35
2012-01-12,1640.64,1662.12,1640.39,1650.1
2012-01-11,1632.39,1647.4,1630.29,1641.8
2012-01-10,1611.57,1640.27,1608.62,1631.56
2012-01-09,1616.78,1623.69,1604.94,1611.5
2012-01-06,1621.44,1630.56,1608.89,1616.85
2012-01-05,1611.39,1625.86,1596.74,1623
2012-01-04,1602.75,1618.92,1593.1,1612.4
2012-01-03,1566.2,1607.45,1565.85,1604.14
2012-01-02,1566.61,1569.61,1565.37,1566.27
2011-12-30,1545.89,1581.26,1544.75,1564.3
2011-12-29,1556.39,1561.51,1522.64,1546.7
2011-12-28,1593.75,1593.81,1550.1,1553
2011-12-27,1607.51,1607.79,1589.75,1592.9
2011-12-26,1607.51,1612.15,1597.86,1605.82
2011-12-23,1606.75,1614.31,1603.15,1606.6
2011-12-22,1615.35,1617.36,1599.15,1604.7
2011-12-21,1615.26,1642.36,1606.4,1615.15
2011-12-20,1594.26,1619.12,1592.35,1615.65
2011-12-19,1599.35,1608.5,1583.44,1594.1
2011-12-16,1570.24,1600.95,1568.86,1597.95
2011-12-15,1574.49,1594.26,1561.07,1570.7
2011-12-14,1632.11,1641.89,1564.85,1575.1
2011-12-13,1666.25,1678.3,1622.75,1632.1
2011-12-12,1711.64,1715.05,1657.9,1666.3
2011-12-09,1708.29,1724.3,1703.54,1711.1
2011-12-08,1742,1754.7,1704.51,1708.8
2011-12-07,1728.46,1743.26,1720.65,1742.1
2011-12-06,1722.5,1733.46,1702.85,1728.2
2011-12-05,1746.15,1755.3,1718.44,1721.64
2011-12-02,1745.16,1762.61,1738.15,1745.25
2011-12-01,1746.85,1754.86,1734.1,1745.25
2011-11-30,1714.99,1750.23,1701,1745.7
2011-11-29,1712.05,1720.76,1704.11,1716.75
2011-11-28,1680.8,1720.49,1680.8,1712.3
2011-11-25,1694.85,1697.9,1672.09,1680.13
2011-11-24,1692.39,1702.23,1687.69,1694.75
2011-11-23,1700.66,1710.77,1677.94,1693.3
2011-11-22,1679.3,1705.8,1671.55,1699.2
2011-11-21,1723.3,1726.64,1666.54,1680.85
2011-11-18,1722.29,1737.79,1711.34,1723.05
2011-11-17,1762.19,1767.16,1710.05,1719.1
2011-11-16,1781.94,1784.14,1754.25,1762.35
2011-11-15,1780.39,1785.85,1760.54,1781.4
2011-11-14,1788.14,1796.16,1773.59,1781
2011-11-11,1759.64,1789.41,1746.05,1788.99
2011-11-10,1770.71,1775.85,1736.55,1759.2
2011-11-09,1785.2,1799.64,1764.14,1772.24
2011-11-08,1794.89,1803.1,1777.1,1785
2011-11-07,1753.95,1798.69,1752.89,1795.86
2011-11-04,1763.26,1764.9,1750,1754.15
2011-11-03,1736.5,1767.9,1722.84,1763.15
2011-11-02,1720.9,1745.89,1715.74,1737
2011-11-01,1716.05,1725.29,1683.74,1720.3
2011-10-31,1744.15,1746.5,1706.59,1715.25
2011-10-28,1744.7,1752.85,1733,1742.95
2011-10-27,1725.24,1750.11,1705.74,1744.45
2011-10-26,1707.19,1728.5,1696.7,1725.75
2011-10-25,1654.4,1710.8,1645.24,1705.35
2011-10-24,1641.99,1662.09,1635.6,1652.68
2011-10-21,1618.99,1648.59,1611.44,1641.02
2011-10-20,1643.44,1645,1603.99,1619.1
2011-10-19,1654.75,1665.39,1639.4,1641.8
2011-10-18,1671.2,1677.22,1627.2,1655.15
2011-10-17,1683.29,1696.1,1666.44,1670.65
2011-10-14,1667.3,1684.26,1661.5,1679.95
2011-10-13,1674.89,1684.39,1653.19,1666.7
2011-10-12,1662.29,1692.1,1660.39,1677.2
2011-10-11,1676.45,1685.22,1654.46,1663.1
2011-10-10,1654.14,1678.1,1638.09,1675.44
2011-10-07,1644.2,1666.55,1625.95,1639.45
2011-10-06,1641.49,1655.65,1632.24,1650.63
2011-10-05,1624.69,1646.7,1597.25,1640.9
2011-10-04,1660.65,1678.86,1596,1624.3
2011-10-03,1618.35,1664.46,1618.35,1660.95
2011-09-30,1615.99,1640.49,1607.19,1623.75
2011-09-29,1606.94,1634.09,1583.3,1614.55
2011-09-28,1650.25,1668.85,1598.7,1608.8
2011-09-27,1624.79,1677.19,1614.91,1649.95
2011-09-26,1657.29,1662.99,1534.99,1627.35
2011-09-23,1737.63,1756.01,1629.99,1656.59
2011-09-22,1779.34,1786.19,1721.84,1735.83
2011-09-21,1803.54,1816.76,1778.8,1781.79
2011-09-20,1778.34,1811.4,1770.24,1803.75
2011-09-19,1818.5,1828.47,1770.7,1778.75
2011-09-16,1788.45,1822.2,1763.05,1811.95
2011-09-15,1820.6,1826.49,1772.54,1789.14
2011-09-14,1833.64,1844.89,1808.29,1819.7
2011-09-13,1813.75,1843.7,1799.25,1833.8
2011-09-12,1857.66,1861.6,1801.09,1813.75
2011-09-09,1868.76,1885.89,1824.94,1857.81
2011-09-08,1816.96,1870.3,1812.99,1868.76
2011-09-07,1872.39,1880.61,1793.69,1816.96
2011-09-06,1903.4,1921.11,1860.91,1873.72
2011-09-05,1877.99,1904.2,1875.3,1900.49
2011-09-02,1824.84,1884.9,1824,1884.2
2011-09-01,1823.09,1830.6,1814.65,1825.05
2011-08-31,1835.39,1839.7,1812.89,1823.8
2011-08-30,1787.96,1840.26,1784.05,1835.3
2011-08-29,1837.84,1839.24,1776.64,1788.45
2011-08-26,1772.64,1829.15,1757.24,1828.55
2011-08-25,1750.35,1774.9,1703.45,1771.6
2011-08-24,1830.05,1854.11,1749.89,1751.05
2011-08-23,1897.84,1911.96,1823.5,1830.15
2011-08-22,1859.89,1901.19,1858.2,1898.1
2011-08-19,1824.35,1877.5,1821.35,1852.45
2011-08-18,1789.64,1829,1784.34,1824.35
2011-08-17,1786.75,1794.9,1779.39,1788.65
2011-08-16,1766.3,1788.2,1761.99,1786.3
2011-08-15,1746.25,1766.44,1728.01,1765.5
2011-08-12,1763.96,1768.3,1723.55,1746.6
2011-08-11,1796.5,1815.79,1734.1,1767.9
2011-08-10,1743.9,1797.36,1740,1795
2011-08-09,1717.35,1778.79,1714.75,1743.9
2011-08-08,1662.75,1720.49,1662.67,1717.35
2011-08-05,1648.4,1670.1,1642.4,1665
2011-08-04,1661.2,1682.17,1640.09,1648.4
2011-08-03,1659.75,1673.15,1652,1661.2
2011-08-02,1620.32,1661.05,1616.29,1659.75
2011-08-01,1628.14,1633.66,1609.69,1620.1
2011-07-29,1616.05,1632.8,1610.64,1626.64
2011-07-28,1613.5,1620.1,1603.4,1616.85
2011-07-27,1618.49,1628.5,1608.96,1613.5
2011-07-26,1614.55,1620.49,1608.29,1619.3
2011-07-25,1599.28,1622.99,1599.28,1614.55
2011-07-22,1592.98,1609.01,1585.36,1599.25
2011-07-21,1598.58,1606.16,1586.59,1589.9
2011-07-20,1589.85,1603.69,1583,1602.1
2011-07-19,1605.3,1610.01,1582.59,1588.35
2011-07-18,1595.45,1609.01,1593.59,1605.4
2011-07-15,1588.75,1595.65,1577.81,1594.1
2011-07-14,1582.25,1594.66,1579.3,1587.25
2011-07-13,1566.95,1587.96,1564.35,1582.25
2011-07-12,1555.6,1574.96,1542.3,1567.2
2011-07-11,1544.05,1557.09,1541.9,1554.1
2011-07-08,1533.85,1547.3,1526.2,1544.25
2011-07-07,1530.1,1536.2,1524.81,1532.55
2011-07-06,1517.64,1535.45,1511.89,1529.5
2011-07-05,1496.05,1517.09,1493,1516.3
2011-07-04,1486.5,1497.06,1485.91,1495.95
2011-07-01,1502.84,1504.19,1480.01,1486.5
2011-06-30,1512.05,1514.21,1498.7,1500.1
2011-06-29,1501.8,1513.19,1500.5,1512.05
2011-06-28,1496.7,1506.56,1496,1501
2011-06-27,1500.5,1507.29,1492.3,1497
2011-06-24,1522.7,1527.41,1500.41,1502.15
2011-06-23,1549.29,1550.85,1514.7,1520.85
2011-06-22,1548.45,1559.75,1543.1,1547.8
2011-06-21,1540.45,1548.4,1538.55,1546.2
2011-06-20,1538.9,1546.4,1533.24,1540.45
2011-06-17,1528.85,1542.15,1522.5,1539.5
2011-06-16,1530.09,1532.8,1522.4,1528.85
2011-06-15,1523.75,1534.25,1514.36,1530.7
2011-06-14,1516.73,1527.8,1513.95,1524.1
2011-06-13,1530.5,1533.06,1511.61,1515.23
2011-06-10,1545.6,1546.99,1527.74,1531.9
2011-06-09,1538.8,1551.3,1534.9,1544.35
2011-06-08,1545.75,1548.09,1532.76,1537.55
2011-06-07,1543.55,1550.5,1536.7,1544.25
2011-06-06,1544.59,1555.3,1542.2,1544
2011-06-03,1535.74,1547.46,1525.89,1542.5
2011-06-02,1542.49,1546.16,1521.6,1533.9
2011-06-01,1535.15,1550.64,1529.55,1540.7
2011-05-31,1539.95,1542.5,1534.26,1535.35
2011-05-30,1537.24,1540,1534.39,1538.45
2011-05-27,1523.59,1540.1,1520,1536.65
2011-05-26,1524.26,1531.7,1515.39,1519.05
2011-05-25,1527.69,1534.1,1523.06,1525.95
2011-05-24,1518.7,1529.45,1515,1526.4
2011-05-23,1512.6,1518.01,1504.05,1517.2
2011-05-20,1495.5,1517.55,1488.95,1513.55
2011-05-19,1498.3,1501.51,1488.4,1493.6
2011-05-18,1486.3,1501.6,1486.3,1497
2011-05-17,1491.2,1499.6,1473.5,1486.85
2011-05-16,1493.75,1504.9,1487.89,1489.7
2011-05-13,1506.41,1516.93,1483.03,1494.55
2011-05-12,1500.25,1508.3,1479.3,1502.85
2011-05-11,1513.25,1526.8,1496.15,1500.25
2011-05-10,1513.03,1519.65,1506.17,1515.72
2011-05-09,1493.26,1514.31,1489.99,1513.05
2011-05-06,1474.65,1498.59,1471.05,1495.25
2011-05-05,1516.79,1523.69,1464.4,1473.65
2011-05-04,1537.1,1543.46,1506.5,1515.95
2011-05-03,1545.34,1551.8,1527.96,1536.83
2011-05-02,1567.79,1576.29,1540.89,1545
2011-04-29,1536.95,1571.3,1533,1565.6
2011-04-28,1527.51,1538.85,1524.25,1535.45
2011-04-27,1506.59,1530.4,1503.3,1526.9
2011-04-26,1505.94,1507.91,1493,1507.05
2011-04-25,1511.45,1520.1,1503.7,1507.25
2011-04-22,1507.35,1512.95,1502.15,1508.13
2011-04-21,1503.49,1510.75,1502.35,1504.35
2011-04-20,1497.3,1507.7,1495.16,1502.35
2011-04-19,1497.29,1501.31,1489.3,1495.1
2011-04-18,1486.43,1497.64,1477.59,1495.51
2011-04-15,1476.79,1489.9,1473.2,1486.5
2011-04-14,1459.15,1477.3,1454.8,1474.9
2011-04-13,1452.49,1462.3,1450.96,1457.75
2011-04-12,1462.15,1467.5,1443.89,1453.6
2011-04-11,1473.55,1476.61,1459.2,1463.4
2011-04-08,1460.39,1476.85,1458.25,1475.1
2011-04-07,1460.7,1466.8,1454.09,1458.5
2011-04-06,1456.7,1462.41,1451.6,1457.5
2011-04-05,1437.05,1457.35,1430.1,1451.1
2011-04-04,1428.74,1438.94,1427.79,1436.94
2011-04-01,1432.59,1436.55,1413.05,1428.38
2011-03-31,1424.85,1441.3,1422.25,1432
2011-03-30,1418.52,1430.5,1412.25,1423.88
2011-03-29,1422.2,1425.1,1412.85,1418.8
2011-03-28,1427.85,1430.04,1411.95,1420.65
2011-03-25,1432.8,1438.7,1422.79,1429.65
2011-03-24,1439.29,1449.4,1425.2,1431.1
2011-03-23,1429.49,1442.9,1427.61,1438.2
2011-03-22,1427.95,1428.74,1424.86,1428.55
2011-03-21,1426.46,1436.7,1425.19,1427.05
2011-03-18,1405.39,1425.7,1403.4,1419.55
2011-03-17,1401.99,1406.95,1388.25,1404.4
2011-03-16,1396.8,1408.35,1393.85,1401.3
2011-03-15,1429.49,1429.49,1382.9,1395.95
2011-03-14,1422.09,1433.89,1419.79,1428.65
2011-03-11,1412.9,1424.55,1404.7,1417.4
2011-03-10,1429.45,1431.75,1403.12,1413.45
2011-03-09,1428.59,1436.55,1423.31,1429.5
2011-03-08,1431.2,1437.16,1423.7,1428.89
2011-03-07,1428.28,1445.03,1428.28,1433.17
2011-03-04,1416.09,1432.36,1413.41,1429.3
2011-03-03,1435.15,1436.55,1410.36,1416.4
2011-03-02,1434.15,1440.5,1427.9,1434.95
2011-03-01,1410.94,1435,1409.35,1433.85
2011-02-28,1408.9,1416.6,1404.6,1411.65
2011-02-25,1402.06,1412.14,1399.54,1409.25
2011-02-24,1411.97,1418.42,1392,1400.25
2011-02-23,1399.66,1416.8,1395.7,1410.45
2011-02-22,1406.56,1411.26,1393.14,1398.15
2011-02-21,1388.45,1408.7,1388.45,1406.45
2011-02-18,1383.74,1392.15,1382,1387.3
2011-02-17,1374.53,1385.28,1374.43,1383.67
2011-02-16,1373.45,1382.29,1368.45,1375.11
2011-02-15,1362.02,1376.85,1360.85,1373.4
2011-02-14,1359.36,1367.15,1354.45,1362.31
2011-02-11,1363.51,1368.51,1353.99,1356.1
2011-02-10,1363.41,1366.57,1350.78,1362.01
2011-02-09,1364.14,1367.4,1358.36,1362.95
2011-02-08,1350.65,1368.18,1348.45,1364
2011-02-07,1348.15,1353.4,1343.13,1349.1
2011-02-04,1353.8,1358.43,1345.3,1349.25
2011-02-03,1336.35,1356.15,1325.14,1353.2
2011-02-02,1340.89,1343.79,1326.8,1336.8
2011-02-01,1332.15,1343.6,1325.65,1340.6
2011-01-31,1336.93,1346.18,1323.29,1332.19
2011-01-28,1312.95,1347.21,1308.56,1335.35
2011-01-27,1346.74,1341.64,1309.09,1311.49
2011-01-26,1333.11,1346.76,1325.06,1345.89
2011-01-25,1334.49,1338.75,1323.05,1333.75
2011-01-24,1343.25,1353.4,1333.85,1334.7
2011-01-21,1345.91,1350.7,1337.95,1342.51
2011-01-20,1370.35,1371.55,1343,1345.85
2011-01-19,1368.1,1379.16,1365.7,1370.2
2011-01-18,1361.45,1376.61,1360.01,1367.76
2011-01-17,1359.53,1366.22,1357.47,1362.78
2011-01-14,1373.35,1378.35,1355.49,1361.85
2011-01-13,1388.16,1393.61,1370.17,1374.36
2011-01-12,1381,1389.4,1376.65,1386.5
2011-01-11,1374.9,1386.96,1372.9,1382.45
2011-01-10,1369.3,1376.5,1365.64,1375.05
2011-01-07,1372.1,1379.74,1353.3,1369.6
2011-01-06,1377.95,1380.2,1364.95,1371.4
2011-01-05,1380.94,1385.73,1364.48,1377.48
2011-01-04,1414.38,1417.59,1372.38,1380.6
2011-01-03,1421.3,1424.07,1412.24,1414.3
2010-12-31,1406.15,1423.15,1405.25,1421.45
2010-12-30,1411.35,1414.95,1402.55,1404.45
2010-12-29,1405.96,1414.35,1400.75,1410.95
2010-12-28,1383.95,1407.15,1382.45,1406.39
2010-12-27,1384.75,1386.7,1372.75,1384.1
2010-12-24,1380.55,1386.14,1378.82,1384.75
2010-12-23,1385.05,1388.96,1372.61,1380.35
2010-12-22,1385.75,1391.2,1382.04,1385
2010-12-21,1385.26,1392.39,1381.16,1385.74
2010-12-20,1376.8,1388.45,1376.24,1384.65
2010-12-17,1371.51,1379.36,1365.05,1375.41
2010-12-16,1380.8,1386.75,1361.75,1369.7
2010-12-15,1396.05,1397.4,1377.39,1379.8
2010-12-14,1393.4,1408.1,1392.05,1396.25
2010-12-13,1383.76,1399.44,1380.55,1393.76
2010-12-10,1387.8,1392.55,1372.3,1386.05
2010-12-09,1382.05,1394.54,1379.68,1387.64
2010-12-08,1401.19,1404.42,1371.85,1382.1
2010-12-07,1423.45,1431.45,1396.49,1401.89
2010-12-06,1415.56,1427.51,1409.15,1423.55
2010-12-03,1385.36,1415.91,1383.55,1415.05
2010-12-02,1387.69,1398.6,1382.95,1384.65
2010-12-01,1385.7,1397.11,1382.15,1387.1
2010-11-30,1368.4,1390.15,1363.04,1384.85
2010-11-29,1364.3,1371.13,1354.97,1368.37
2010-11-26,1374.49,1375.16,1350.64,1364.42
2010-11-25,1373.55,1375.4,1368.25,1374.62
2010-11-24,1377,1381.7,1369.6,1374.9
2010-11-23,1366.4,1382.4,1356.35,1377.2
2010-11-22,1354.7,1368.11,1348.55,1366.35
2010-11-19,1350.49,1363.29,1341.9,1353.5
2010-11-18,1336,1359.55,1335.59,1353.85
2010-11-17,1340,1345.2,1331.3,1337.25
2010-11-16,1360.4,1364.85,1329.85,1340.85
2010-11-15,1366.95,1377.16,1355.59,1359.49
2010-11-12,1409.9,1410.61,1360.26,1368.95
2010-11-11,1403.3,1418.25,1396.95,1409.35
2010-11-10,1392.7,1410.8,1384.25,1403.75
2010-11-09,1410.41,1425.36,1383.74,1390.95
2010-11-08,1394.9,1410.7,1387.14,1409.45
2010-11-05,1392.69,1398.35,1374.15,1393.9
2010-11-04,1348.09,1393.66,1346.75,1392.75
2010-11-03,1357.96,1365.25,1324.64,1348.65
2010-11-02,1351.25,1359.95,1350.7,1357.5
2010-11-01,1361.19,1366.49,1349.8,1351.75
2010-10-29,1344.09,1359.95,1335.56,1359.55
2010-10-28,1325.59,1346.5,1323.55,1344.35
2010-10-27,1339.65,1344,1319.24,1325.3
2010-10-26,1339.45,1343.9,1328.41,1339.9
2010-10-25,1331.89,1350.2,1331.8,1340.45
2010-10-22,1326.05,1329.35,1316.09,1328.2
2010-10-21,1346.1,1350.05,1318.74,1325.5
2010-10-20,1334.8,1348.2,1330.8,1346.35
2010-10-19,1369.4,1372.05,1329.3,1335.45
2010-10-18,1371,1375.3,1353.05,1369.8
2010-10-15,1380.85,1386.25,1363.2,1369.15
2010-10-14,1372.7,1388.1,1371.25,1381.3
2010-10-13,1350.65,1375.15,1349.4,1372.1
2010-10-12,1354.5,1356.3,1341.45,1350.6
2010-10-11,1346.4,1356.15,1340.85,1353.95
2010-10-08,1332.9,1350.2,1325.35,1346.8
2010-10-07,1349.65,1365.6,1326.55,1333.7
2010-10-06,1341,1350.8,1339.65,1349.4
2010-10-05,1314,1342.2,1312.25,1340.75
2010-10-04,1318.4,1321,1313.25,1315.25
2010-10-01,1310.55,1322.3,1307.1,1318.8
2010-09-30,1310.35,1316.8,1296.9,1309.5
2010-09-29,1309,1314.2,1306.15,1309.9
2010-09-28,1295.3,1311.1,1283.6,1309.1
2010-09-27,1298.5,1301,1293.5,1295
2010-09-24,1292.9,1300.95,1292.3,1296.95
2010-09-23,1292.4,1297.35,1288.25,1292.55
2010-09-22,1286.6,1296.6,1285.8,1291.35
2010-09-21,1279.15,1292.7,1271.85,1286.95
2010-09-20,1277.4,1285.2,1275.5,1278.35
2010-09-17,1276,1284.25,1273.1,1274.9
2010-09-16,1268.1,1278.7,1265.65,1275.55
2010-09-15,1268.1,1272.35,1263.45,1268.05
2010-09-14,1245,1275.25,1244.5,1268.85
2010-09-13,1245.9,1249.7,1241.45,1245.45
2010-09-10,1244.3,1251.65,1237.05,1246.45
2010-09-09,1253.45,1259.3,1242.7,1244.1
2010-09-08,1254.55,1262.75,1253.5,1255.2
2010-09-07,1248.55,1260.3,1244.5,1255.4
2010-09-06,1248.6,1251.45,1247.05,1250.05
2010-09-03,1252.4,1255.1,1237,1247.1
2010-09-02,1244.3,1253.8,1243.5,1251.25
2010-09-01,1248,1255.15,1242.75,1244.35
2010-08-31,1236.95,1251.9,1233.75,1247.65
2010-08-30,1237,1238.8,1233.8,1236.8
2010-08-27,1236.94,1244.25,1233.75,1238.2
2010-08-26,1240.55,1246,1235.85,1236.05
2010-08-25,1229.65,1242.35,1229.65,1240.1
2010-08-24,1225.7,1236,1210.6,1229.75
2010-08-23,1229.1,1233.85,1223.65,1225.4
2010-08-20,1230.7,1233.05,1222.25,1228.05
2010-08-19,1230.6,1239.15,1229.3,1232.1
2010-08-18,1225.3,1233.35,1218.4,1229.55
2010-08-17,1224.9,1230.45,1224.1,1224.9
2010-08-16,1214.55,1229.15,1214.55,1224.85
2010-08-13,1214.05,1219.35,1212.55,1215.55
2010-08-12,1198.4,1217.25,1197.85,1213.2
2010-08-11,1204.25,1209.75,1194.15,1197.75
2010-08-10,1201.1,1208.05,1191.5,1203.85
2010-08-09,1204.85,1210.55,1199.9,1201.4
2010-08-06,1194.7,1213.61,1193.1,1205.3
2010-08-05,1195.35,1200.55,1190.65,1195.1
2010-08-04,1185.7,1203.35,1184.4,1195.75
2010-08-03,1181.65,1191.35,1179.75,1185.7
2010-08-02,1181.45,1191.4,1175.5,1181.85
2010-07-30,1167.35,1183.95,1166,1180.9
2010-07-29,1163.5,1169.8,1159.65,1166.93
2010-07-28,1162.5,1166.35,1157.4,1163.55
2010-07-27,1181.9,1187.75,1158.15,1162.3
2010-07-26,1189.25,1195.3,1179.65,1182.5
2010-07-23,1195.05,1203.95,1183.81,1189.1
2010-07-22,1184.9,1200.6,1181.05,1194.95
2010-07-21,1191.4,1198.05,1183.35,1186
2010-07-20,1184.65,1194.3,1175.85,1192.3
2010-07-19,1193.2,1195.1,1177.65,1183.7
2010-07-16,1208.9,1211,1186.35,1193.65
2010-07-15,1209.05,1217.95,1204.55,1208.55
2010-07-14,1211.75,1218.85,1203.16,1208.5
2010-07-13,1195.3,1218.6,1195.3,1211.65
2010-07-12,1212.15,1214,1196.85,1196.85
2010-07-09,1197.35,1213.85,1194.7,1212
2010-07-08,1203,1209.7,1189.35,1198.45
2010-07-07,1191.95,1204.25,1185.55,1202.35
2010-07-06,1209.4,1215.25,1191.3,1194.25
2010-07-05,1211.1,1215.35,1206.55,1208.95
2010-07-02,1197,1223.35,1197,1211.6
2010-07-01,1242.65,1244.5,1197.3,1199.65
2010-06-30,1239.4,1248.55,1235.45,1242.35
2010-06-29,1237.1,1245.3,1227.35,1240.95
2010-06-28,1253.75,1263.45,1236.42,1238.05
2010-06-25,1243.45,1258.65,1241.35,1255.5
2010-06-24,1235,1248.35,1228.25,1244.55
2010-06-23,1238.75,1247.1,1225.3,1237.2
2010-06-22,1231.65,1243.1,1231.65,1239.5
2010-06-21,1259.1,1265.4,1230.95,1232.15
2010-06-18,1245.3,1262.9,1242,1257.35
2010-06-17,1230.5,1251.65,1229.9,1245.35
2010-06-16,1233.95,1238.65,1227.8,1231.6
2010-06-15,1221.3,1237.35,1220.3,1234.45
2010-06-14,1226.45,1235,1217.05,1222.15
2010-06-11,1216.75,1231.7,1216.75,1227.4
2010-06-10,1231.25,1234.25,1215.15,1217.8
2010-06-09,1235.1,1242.5,1223.75,1232.35
2010-06-08,1240.65,1252.2,1233.85,1235.63
2010-06-07,1219.15,1245.35,1211.15,1240.05
2010-06-04,1206.58,1220.7,1197.65,1220
2010-06-03,1223.2,1224.95,1201.15,1208.05
2010-06-02,1225.6,1227.95,1214.65,1223.85
2010-06-01,1216.1,1231.2,1215.05,1225.3
2010-05-31,1212.05,1218.3,1210.2,1216.21
2010-05-28,1211.45,1216.15,1203.01,1214.81
2010-05-27,1212.15,1219.35,1206.6,1212.1
2010-05-26,1202.55,1217.21,1201.1,1210.9
2010-05-25,1191.4,1204.95,1185.9,1201.1
2010-05-24,1176.93,1197,1176.48,1192.05
2010-05-21,1182.3,1189.35,1168.5,1177.15
2010-05-20,1192.65,1198.8,1175.35,1183.1
2010-05-19,1223.9,1228.1,1187.62,1191.75
2010-05-18,1222.3,1229.85,1207.35,1221.7
2010-05-17,1231.5,1243.1,1219.45,1223.75
2010-05-14,1232.45,1249.45,1219.55,1233.05
2010-05-13,1235.2,1243.35,1227.95,1232.33
2010-05-12,1231,1249.15,1227.4,1237.35
2010-05-11,1200.7,1234.15,1200.7,1232.55
2010-05-10,1202.35,1206,1184.35,1202.4
2010-05-07,1207.25,1213.85,1193.15,1208.3
2010-05-06,1176.1,1211.35,1173.35,1208.75
2010-05-05,1171.75,1177.31,1158.2,1175.2
2010-05-04,1181.75,1192.4,1167.16,1171.65
2010-05-03,1179,1187.91,1176.3,1182.4
2010-04-30,1168.7,1182.05,1161.88,1179.25
2010-04-29,1164.95,1171.75,1162.55,1167.1
2010-04-28,1168.03,1174.68,1160.65,1165.45
2010-04-27,1153.78,1172.93,1146.55,1172.93
2010-04-26,1156.5,1160.23,1151.05,1154.88
2010-04-23,1141.5,1158,1135.45,1157.4
2010-04-22,1145.75,1149.5,1132.15,1141.45
2010-04-21,1140.2,1150.9,1138.25,1146.3
2010-04-20,1135.7,1146.3,1133.45,1140.5
2010-04-19,1134.65,1138.45,1124.15,1135.6
2010-04-16,1158.8,1160.45,1130.65,1137.45
2010-04-15,1155.3,1162.3,1150.85,1158.95
2010-04-14,1151.3,1162.6,1150.8,1154.9
2010-04-13,1155.55,1157.9,1145.75,1151.15
2010-04-12,1165.69,1169.19,1152,1152
2010-04-09,1150.95,1165.35,1149.7,1160.9
2010-04-08,1149.45,1154.65,1144.4,1151.15
2010-04-07,1134.15,1153.25,1132.8,1148
2010-04-06,1130.65,1138.9,1123,1134.2
2010-04-05,1125.1,1134.2,1119.2,1130.7
2010-04-02,1125,1125,1120,1120.5
2010-04-01,1113.4,1128.75,1112.35,1126.5
2010-03-31,1103.7,1118.9,1102.45,1113.8
2010-03-30,1110.25,1114.15,1102.45,1103.6
2010-03-29,1110.55,1115.45,1104.35,1109.2
2010-03-26,1089.55,1110.65,1088.85,1106.6
2010-03-25,1086.5,1095.95,1085.45,1091.35
2010-03-24,1101.75,1105.4,1085.35,1087.5
2010-03-23,1102.45,1108.05,1094.8,1102.65
2010-03-22,1107.4,1108.85,1092.75,1102.3
2010-03-19,1125.95,1127.5,1101.95,1107.55
2010-03-18,1124,1129.55,1118.4,1125.95
2010-03-17,1126.1,1133.8,1118.85,1125.05
2010-03-16,1109.45,1129.45,1109.05,1125.7
2010-03-15,1100.5,1109.8,1100.35,1109.1
2010-03-12,1109.65,1119.45,1098.65,1102.45
2010-03-11,1108.35,1111.65,1100.44,1109.45
2010-03-10,1121.65,1128.15,1103.25,1108.2
2010-03-09,1123.3,1124.7,1108.95,1120.1
2010-03-08,1135.7,1137.8,1118.55,1122.4
2010-03-05,1131.8,1140.7,1127,1132.05
2010-03-04,1139.8,1141.6,1126.1,1132
2010-03-03,1134.85,1145,1132.4,1139.5
2010-03-02,1118.75,1137.75,1115.1,1134.65
2010-03-01,1116.55,1123.7,1112.05,1117.35
2010-02-26,1105,1119.2,1104.4,1116.5
2010-02-25,1097.6,1109.15,1088.6,1106.1
2010-02-24,1103.4,1108.35,1089.85,1096.4
2010-02-23,1113.8,1121.2,1099.35,1102.05
2010-02-22,1124.9,1131.05,1109.7,1113.7
2010-02-19,1111.3,1126.95,1098.95,1118.85
2010-02-18,1106.35,1124.05,1098.2,1123.9
2010-02-17,1119.25,1127.25,1111.7,1115.2
2010-02-16,1099.6,1121.2,1097.85,1119.95
2010-02-15,1092.85,1102.65,1092,1101
2010-02-12,1096.7,1097.35,1078.55,1093.4
2010-02-11,1072,1098.15,1071.35,1095.35
2010-02-10,1077.45,1082.5,1063.5,1072.85
2010-02-09,1062.95,1083.45,1061.8,1077.3
2010-02-08,1067.4,1073.9,1061.9,1063.75
2010-02-05,1063.15,1069.15,1044.25,1065.45
2010-02-04,1109.3,1111.1,1059.5,1063.45
2010-02-03,1114.4,1124.85,1107.2,1109.65
2010-02-02,1105.8,1118.35,1099,1115.2
2010-02-01,1080.1,1107.9,1076.8,1107.35
2010-01-29,1087.2,1090.6,1074.85,1081.55
2010-01-28,1087.8,1096.35,1074.15,1086.3
2010-01-27,1097.7,1102.7,1083.65,1086.85
2010-01-26,1098.4,1103.55,1085.8,1098.05
2010-01-25,1091.05,1104.2,1091.05,1098.25
2010-01-22,1094.65,1099.15,1082.3,1093
2010-01-21,1111.65,1117.85,1088.7,1095.15
2010-01-20,1138.5,1141.6,1107.4,1111.7
2010-01-19,1132.05,1140.8,1129,1138.1
2010-01-18,1129.4,1137.55,1126.75,1133
2010-01-15,1143.1,1146.6,1127.5,1130.9
2010-01-14,1137.95,1146.65,1131.15,1143.25
2010-01-13,1128.5,1138.85,1119.75,1138.8
2010-01-12,1151.55,1158.4,1125.35,1127.7
2010-01-11,1137.2,1161.9,1137.2,1153
2010-01-08,1131.85,1139.8,1119.95,1136.6
2010-01-07,1138.2,1139.15,1128.6,1132.3
2010-01-06,1118.4,1140.6,1116,1138.9
2010-01-05,1121.3,1128.1,1115.25,1119.05
2010-01-04,1096.25,1123.8,1093.45,1120.4
2010-01-01,1097.25,1097.9,1097.05,1097.35
2009-12-31,1093.15,1107.1,1092.1,1096.2
2009-12-30,1097.25,1098.05,1086.3,1091.95
2009-12-29,1106.2,1108.7,1096.75,1097.85
2009-12-28,1106.95,1114,1101.75,1106.85
2009-12-25,1104,1104.5,1104,1104.5
2009-12-24,1087.9,1106.65,1087.25,1105.45
2009-12-23,1084.1,1096.05,1079.6,1087.2
2009-12-22,1093.25,1097.6,1074.6,1083.75
2009-12-21,1111.45,1119.1,1090.25,1092.1
2009-12-18,1098,1117,1096.05,1112.5
2009-12-17,1138.3,1141.9,1094.9,1098.25
2009-12-16,1124.85,1141.1,1121.4,1137.95
2009-12-15,1126.75,1129.3,1111.7,1124.5
2009-12-14,1113.8,1127.9,1110.25,1124.55
2009-12-11,1130.6,1142.3,1109.5,1114.9
2009-12-10,1129.1,1137,1121.7,1132.05
2009-12-09,1129.75,1146.8,1117.2,1128.7
2009-12-08,1157.25,1168.9,1125.55,1130.05
2009-12-07,1160.45,1164.95,1136.2,1158.3
2009-12-04,1207.7,1212.6,1147.75,1161.7
2009-12-03,1216.15,1226.5,1204.3,1211
2009-12-02,1196.25,1217.15,1195,1214.95
2009-12-01,1179.65,1201.8,1175.45,1197.7
2009-11-30,1176.6,1182,1163.4,1178.85
2009-11-27,1191.9,1192.2,1137.8,1177.7
2009-11-26,1190.85,1195.4,1180.4,1193.1
2009-11-25,1169.25,1192,1167.05,1190.05
2009-11-24,1165.85,1171.5,1157.75,1169.7
2009-11-23,1151.2,1173.9,1150.85,1165.25
2009-11-20,1143.95,1151.3,1132.8,1149.95
2009-11-19,1145.15,1146.15,1129.9,1144.1
2009-11-18,1141.45,1153.15,1135.9,1144.65
2009-11-17,1139.6,1141.95,1127.95,1141.05
2009-11-16,1118.3,1143.65,1118.3,1140.35
2009-11-13,1103.75,1119.35,1101.2,1119.2
2009-11-12,1117.7,1123.25,1102.7,1103.8
2009-11-11,1105.65,1118.75,1105.15,1118.15
2009-11-10,1104.3,1109.7,1097.1,1105.6
2009-11-09,1097.41,1111.25,1095.8,1104.05
2009-11-06,1089.85,1101.3,1086.7,1095.05
2009-11-05,1092.85,1094.35,1083.9,1090.95
2009-11-04,1084.85,1097.65,1079.9,1092.6
2009-11-03,1059.85,1087.85,1055.4,1084.25
2009-11-02,1044.3,1063.1,1040.65,1059.25
2009-10-30,1045.8,1049.15,1035.35,1044.9
2009-10-29,1028.25,1048.5,1026.75,1045.55
2009-10-28,1039.5,1042.6,1027.35,1027.85
2009-10-27,1037.9,1044.5,1033.25,1039.8
2009-10-26,1054.3,1060.1,1037.95,1038.1
2009-10-23,1059.9,1067.8,1050.55,1054.95
2009-10-22,1057.9,1061.75,1051.8,1060.4
2009-10-21,1054.9,1065.1,1047.8,1059.35
2009-10-20,1064.5,1068.1,1052,1055
2009-10-19,1052.65,1065.5,1048.5,1063.7
2009-10-16,1050.55,1057.7,1043.9,1053.25
2009-10-15,1062.8,1066.5,1047.2,1050.85
2009-10-14,1064.9,1071.4,1056.5,1062.95
2009-10-13,1054.4,1069.3,1051.9,1064.35
2009-10-12,1049,1059.75,1047.9,1056.25
2009-10-09,1056,1056,1044.3,1049.25
2009-10-08,1044.85,1062.2,1043.5,1055
2009-10-07,1041.35,1049.2,1037.3,1044.7
2009-10-06,1017,1044.45,1015.74,1041.85
2009-10-05,1001.8,1018.45,1001.55,1017.75
2009-10-02,998.6,1008.2,987.2,1002.35
2009-10-01,1007.2,1010.4,998.4,999.5
2009-09-30,992.2,1009.95,992.2,1007.7
2009-09-29,991.35,996.7,985.9,992.2
2009-09-28,993,997.5,986.6,990.95
2009-09-25,993.65,999.3,985.1,991.75
2009-09-24,1007.35,1019.5,991.2,994.75
2009-09-23,1013.85,1018.35,1005.9,1008.45
2009-09-22,1003.6,1020.5,1002.9,1014.8
2009-09-21,1005.45,1007.6,996.5,1003.55
2009-09-18,1013.5,1018.55,1006.9,1007.15
2009-09-17,1017.25,1024.85,1010.6,1012.45
2009-09-16,1007.1,1021.5,1006.9,1017.7
2009-09-15,999.35,1010.5,992.9,1006.9
2009-09-14,1005.35,1009.7,993.9,1000.15
2009-09-11,996,1012.55,995.4,1005.85
2009-09-10,992.05,998.9,983.1,996.5
2009-09-09,996.8,1003.95,987.95,992.65
2009-09-08,995.5,1008.95,994.05,996.7
2009-09-07,994.4,997.85,992.15,995.35
2009-09-04,992.3,997.3,986.1,994.4
2009-09-03,977.55,998.2,975.2,991.6
2009-09-02,956.65,981.1,952.45,977.9
2009-09-01,950.55,958,947,957.35
2009-08-31,956.15,961.85,945.3,951.15
2009-08-28,948.7,962,948.7,955.95
2009-08-27,945,951.45,942.1,948.25
2009-08-26,943.8,950.35,939.8,945.6
2009-08-25,943.25,955.7,941.65,945.05
2009-08-24,952.4,957.2,939.8,942.9
2009-08-21,940,958.65,938.6,954.15
2009-08-20,943.3,947.1,938.6,940.85
2009-08-19,937.75,945.3,932.4,942.05
2009-08-18,934.15,941.5,934.15,938.8
2009-08-17,947.5,949.35,931.2,934.3
2009-08-14,955.05,960.5,944.4,947.35
2009-08-13,948.05,962.05,948.05,955
2009-08-12,946.5,953.4,940.9,947.75
2009-08-11,946.4,950.95,943,946.05
2009-08-10,954.75,958.1,943.5,946.15
2009-08-07,963.65,965.7,954.2,954.9
2009-08-06,963.3,972.25,956.85,963.15
2009-08-05,967.8,968.75,959.55,962.95
2009-08-04,957.5,971.05,951.85,967.75
2009-08-03,953.3,963.1,952.2,956.5
2009-07-31,934.6,957.2,932.6,954.75
2009-07-30,929.95,937.8,929,934.3
2009-07-29,937.9,941.7,926.1,930
2009-07-28,953.4,957.4,934.7,937.65
2009-07-27,951.8,959.7,948.2,953.65
2009-07-24,947.7,954.9,946.95,951.35
2009-07-23,952.75,958.1,948.1,948.15
2009-07-22,949,955.4,945.5,951.4
2009-07-21,950,954.4,945.1,949.15
2009-07-20,938.3,955.9,937.65,949.35
2009-07-17,937.7,940.7,932.6,937.7
2009-07-16,940,941.05,933.4,937.35
2009-07-15,925.95,942.95,925.3,939.45
2009-07-14,921.3,928.25,918.6,925.6
2009-07-13,912.1,924.1,908.4,921
2009-07-10,912.3,916.1,907.8,913.15
2009-07-09,909.35,919.3,907.1,912.45
2009-07-08,923.95,925.9,906,909.45
2009-07-07,924.6,932.55,922.05,924.3
2009-07-06,932.55,933.1,921.1,925
2009-07-03,928.85,934.9,927.9,932.5
2009-07-02,940.8,942.05,927.1,929.65
2009-07-01,925.8,946.75,925.75,940.75
2009-06-30,937.6,945.7,923.6,926.85
2009-06-29,940.6,943.5,934.4,938.05
2009-06-26,938.65,948.7,936.3,939.05
2009-06-25,930.9,940.1,929.9,939.15
2009-06-24,926.1,943.2,923,932.1
2009-06-23,922.7,927.75,913.9,926.15
2009-06-22,933.95,935.4,918.9,922.9
2009-06-19,934.45,939.8,931.45,934.3
2009-06-18,940.55,943.7,930.6,933.35
2009-06-17,934.85,940.95,928.5,939.4
2009-06-16,928.75,940.25,927.4,935.1
2009-06-15,939,939.3,926,928.35
2009-06-12,955.3,958.95,937,938.9
2009-06-11,954.6,962.7,944.1,955
2009-06-10,955.35,966.25,947.6,954.65
2009-06-09,951.2,962.6,948,954.75
2009-06-08,955.65,960.45,944.3,951.05
2009-06-05,981.25,983.45,953.5,956.3
2009-06-04,963.25,982.5,961.7,980.1
2009-06-03,982.05,990.8,961.35,963.15
2009-06-02,975.25,987.4,969.6,981.85
2009-06-01,979.6,989.5,974.1,975.2
2009-05-29,959.65,981,956.5,980
2009-05-28,948.65,965.95,944.55,959.8
2009-05-27,953.25,960.2,942.25,949
2009-05-26,958,958.95,941.1,952.15
2009-05-25,957,960.05,953.1,958.8
2009-05-22,955.05,962.3,950.4,957.35
2009-05-21,938.5,956.95,936,954.4
2009-05-20,925.5,941.25,925.4,938.1
2009-05-19,918.25,930.15,917.1,925.65
2009-05-18,930.6,934.5,916.05,918.2
2009-05-15,926.6,934.65,923.9,931.7
2009-05-14,926.4,929.45,920.6,926.35
2009-05-13,923.2,931.4,917.7,926.45
2009-05-12,913.25,924.75,912.4,922.85
2009-05-11,916.65,918.55,909,913.6
2009-05-08,910.8,920.65,905.4,917.05
2009-05-07,910.1,926.15,909.2,910.05
2009-05-06,895.8,913.25,895.3,910.9
2009-05-05,902.3,916.05,895.7,896.3
2009-05-04,887.3,907.6,885.05,903.35
2009-05-01,887.8,890.55,881.05,887.3
2009-04-30,897.65,900.7,880.8,886.5
2009-04-29,892.6,903.6,888.5,898.6
2009-04-28,907.05,908.25,885.2,892.6
2009-04-27,912.7,918.85,905,906.25
2009-04-24,904.4,914.5,903.25,913.1
2009-04-23,890.55,909.7,889.75,903
2009-04-22,883.5,894.15,882.3,890.15
2009-04-21,885,895.75,879.7,883.25
2009-04-20,869.05,889.2,865.5,885.15
2009-04-17,875.95,877.15,865,868.9
2009-04-16,891.5,894.45,872.5,875.55
2009-04-15,889.6,899.8,886.55,891.6
2009-04-14,893.9,899.05,886.3,889.85
2009-04-13,881.65,900.35,881.65,893.05
2009-04-10,879,885.9,878,881.65
2009-04-09,881.05,887.05,875.1,879.4
2009-04-08,880.85,890.85,878.3,880.55
2009-04-07,868.75,884.95,868.65,880.85
2009-04-06,894.85,896.8,865.3,869.8
2009-04-03,904.45,910.7,892,893.9
2009-04-02,927.3,929.8,894.7,904.15
2009-04-01,918.55,933.35,916.7,927.4
2009-03-31,917.6,925.45,912.35,918.15
2009-03-30,924.4,932.75,907.9,917.3
2009-03-27,935.7,937.85,920.1,923.05
2009-03-26,934.25,945.95,932.4,934.05
2009-03-25,927.15,941,917.1,934.15
2009-03-24,937.95,944.8,917.65,926.65
2009-03-23,950.85,958,937.75,938.15
2009-03-20,960.15,968.7,947.5,952.85
2009-03-19,939.8,962.3,925.8,959.4
2009-03-18,916.5,947.05,884.9,941.9
2009-03-17,924.1,924.7,912.2,915
2009-03-16,928.35,930.25,915.5,923.35
2009-03-13,927.05,939.5,919.8,928.2
2009-03-12,906.95,931.45,905.95,927.65
2009-03-11,896.65,913.75,892.55,907.65
2009-03-10,922.2,922.95,891.3,896.8
2009-03-09,939.5,942.75,911.4,921.95
2009-03-06,932.85,945.4,930.05,937.35
2009-03-05,907.6,937.15,905.8,932.85
2009-03-04,916.55,923.8,901.75,907.65
2009-03-03,925.9,932.9,904.9,915.85
2009-03-02,940,959,926.55,926.65
2009-02-27,945.75,963.1,927.75,945.15
2009-02-26,953.15,957,931.8,945.5
2009-02-25,963.55,978.6,944.55,950.25
2009-02-24,992,995.8,959.75,964.15
2009-02-23,993.5,998.35,976,993.25
2009-02-20,974.65,1006.4,970.6,993.3
2009-02-19,985.4,986.95,968.9,974.85
2009-02-18,969.4,985.65,960.8,985
2009-02-17,942,974.2,940.35,970.15
2009-02-16,941.7,944.55,936.45,942.05
2009-02-13,946,947.65,932.4,942.1
2009-02-12,939.2,952.8,935.3,947.9
2009-02-11,915.45,947.25,911,939.15
2009-02-10,895.95,919,891.2,917.25
2009-02-09,910.65,912.7,891.2,895.5
2009-02-06,914.7,922.5,904.25,911.55
2009-02-05,905.7,925,902.6,915.75
2009-02-04,901.3,909.7,895.5,906.4
2009-02-03,904.3,913.1,888,902.6
2009-02-02,927.95,929.2,901.7,902.25
2009-01-30,907.9,931.4,901.8,927.75
2009-01-29,886.4,909.5,868.85,908.15
2009-01-28,898.65,904.4,880.6,886.65
2009-01-27,903.6,907.9,892.5,898
2009-01-26,898.9,916.3,889.55,904.1
2009-01-23,856.6,903.5,852.8,899.4
2009-01-22,855,863.2,843.95,857.55
2009-01-21,855.85,864.75,843.5,855.55
2009-01-20,835.6,866.8,823.9,856.8
2009-01-19,844,847.05,832.7,836.9
2009-01-16,819,843.6,816.85,843.35
2009-01-15,811.45,821.6,802.65,816.35
2009-01-14,821.95,829.65,807.4,811.35
2009-01-13,820.4,830.8,814.1,822.1
2009-01-12,854.25,857.1,815.65,821.25
2009-01-09,857.05,868.65,844.9,853.45
2009-01-08,843.75,865.65,834.5,858.1
2009-01-07,864.6,867.35,835.8,841.95
2009-01-06,859.85,870.7,839.55,864.15
2009-01-05,878,884.55,844.5,859
2009-01-02,882.8,888.35,868.1,876.55
2009-01-01,881.3,882.15,881.3,882.15
2008-12-31,874.3,884,857.25,880.2
2008-12-30,879.05,884.55,864.5,874.05
2008-12-29,868.8,891.05,868.8,876.65
2008-12-26,842,871.6,842,869.65
2008-12-25,846,846,840.5,846
2008-12-24,840.6,849.45,835.8,847.55
2008-12-23,848.45,849.7,830.2,839.45
2008-12-22,838.75,852.25,837.55,847.3
2008-12-19,853.7,854.6,830.6,838.35
2008-12-18,868,878.85,848.85,854.4
2008-12-17,858.2,882.2,847.5,866.3
2008-12-16,839.25,860.7,830.5,858.2
2008-12-15,822.05,845.7,822.05,840.05
2008-12-12,819.85,830.1,808.5,821.95
2008-12-11,811.25,835.3,803.1,822.2
2008-12-10,776.35,814.1,774.65,808.75
2008-12-09,772.9,781.05,763.3,776.6
2008-12-08,754.8,782.7,753.65,772.7
2008-12-05,767.15,773.45,741.9,757.4
2008-12-04,773.65,788.6,762.9,766.65
2008-12-03,782.85,784.45,764.85,774.15
2008-12-02,771.55,786.85,762.3,783
2008-12-01,816,819.25,769,770.55
2008-11-28,816.75,821.6,811,817.5
2008-11-27,813.35,818,810.2,816.05
2008-11-26,821.4,824,809.4,813.2
2008-11-25,820.95,831.6,803.3,822.55
2008-11-24,801.95,830.7,786.95,821.05
2008-11-21,744.6,802.2,743.9,800
2008-11-20,734.45,753.1,733.8,746.6
2008-11-19,738.35,763.8,727.5,733.9
2008-11-18,737.35,746.5,732,737.85
2008-11-17,742.85,749.35,731,736.9
2008-11-14,736.3,752.75,726.1,742.55
2008-11-13,713.05,738.75,702.25,738.55
2008-11-12,732.2,739.7,709.3,711.8
2008-11-11,746.8,750,727.1,732
2008-11-10,735.8,768.8,735.8,746.5
2008-11-07,734.4,745.4,726.25,737.45
2008-11-06,742.15,761.5,730.35,734
2008-11-05,763.55,769.5,738.7,740.65
2008-11-04,724,768.7,722.6,765.4
2008-11-03,723.85,739.15,722.05,722.9
2008-10-31,738.2,742.5,719.4,725.05
2008-10-30,757.2,778.3,735.4,737.5
2008-10-29,747.45,775.4,738,756.3
2008-10-28,730.65,756.5,725.2,745.8
2008-10-27,734.85,747,707.6,731.1
2008-10-24,724.95,743.2,682.8,735.3
2008-10-23,728.7,736,699.45,722
2008-10-22,776.9,777.3,721.6,729.65
2008-10-21,798,803.75,765.7,771.6
2008-10-20,782.4,809.7,781.8,796.5
2008-10-17,807,817,773.3,783.7
2008-10-16,848.85,849.9,785.3,806
2008-10-15,836.2,857.1,831.1,849
2008-10-14,833.35,855,831.25,836.75
2008-10-13,851.4,873,823,832.8
2008-10-10,914.6,935,827.5,851.4
2008-10-09,907,920,879.65,913.5
2008-10-08,889.1,922,879.2,908.5
2008-10-07,858,892.6,856.95,888.6
2008-10-06,833.5,877,826.9,858.95
2008-10-03,837.25,848.4,820.7,836.8
2008-10-02,871.25,876.75,831.2,837
2008-10-01,872.15,894.8,865.6,870.75
2008-09-30,904.15,916,857.7,871.95
2008-09-29,884,923,869.25,906.25
2008-09-26,878.1,912.65,867.7,879.9
2008-09-25,883.1,898.1,864.35,877.2
2008-09-24,889.75,902.7,878.5,882.1
2008-09-23,900.3,910.3,881.65,892.2
2008-09-22,873.25,906.4,863,901.8
2008-09-19,848.75,877.8,825.8,873.15
2008-09-18,865.5,907.6,846.7,852.25
2008-09-17,777,867.6,775.55,864.2
2008-09-16,787.45,790.7,772.55,778.55
2008-09-15,766,787.25,765.4,787.2
2008-09-12,748.95,766.75,747.05,764.45
2008-09-11,751.65,758.4,737,747.8
2008-09-10,776,784.1,750.95,752.5
2008-09-09,801.55,805.8,776.75,776.9
2008-09-08,806,819,797.5,802.35
2008-09-05,796.2,820.3,791.35,803.8
2008-09-04,801.75,815.7,794.65,795.55
2008-09-03,806.25,809.1,790.05,801.25
2008-09-02,816.95,819.75,791.4,805.5
2008-09-01,835.5,836.3,816.2,818.1
2008-08-29,833.8,839.3,829.9,830.8
2008-08-28,826.5,845,826,834.25
2008-08-27,824.25,835.4,822.05,826.9
2008-08-26,822.05,830.5,807.5,824.6
2008-08-25,825.85,826.7,817.45,822.1
2008-08-22,835.7,838.5,821.7,823.1
2008-08-21,813.45,840,811.6,836.45
2008-08-20,813.95,818.8,801.2,813.65
2008-08-19,799.9,816.25,783.05,814.25
2008-08-18,793.75,804.65,790.25,799.35
2008-08-15,806.4,806.5,774.9,786.5
2008-08-14,826.4,837.5,805.4,806.6
2008-08-13,812.3,830.6,806.3,826.6
2008-08-12,823.15,827.3,802.9,811.65
2008-08-11,856.85,866.5,818.7,823.3
2008-08-08,872.45,874.5,851.5,856.35
2008-08-07,879.65,885.8,868.4,873.45
2008-08-06,874.4,887,873.35,879.6
2008-08-05,895.25,895.9,873.8,874.25
2008-08-04,910.45,916.2,894.4,894.65
2008-08-01,914.55,917.9,902.8,910.55
2008-07-31,908,926.2,906.9,913.85
2008-07-30,918.5,919.65,894.5,906.45
2008-07-29,931.05,934,914.8,917.85
2008-07-28,928.9,933.4,922.95,930.9
2008-07-25,928.25,935.9,919.4,929.7
2008-07-24,921.1,931.9,916.8,927.5
2008-07-23,945.7,949.75,918.15,920.75
2008-07-22,965.55,976.35,943.2,945.4
2008-07-21,956.25,969.25,955.55,966.3
2008-07-18,957.3,965.1,950.5,955.3
2008-07-17,959.85,979.25,954.2,957.6
2008-07-16,977.85,981.75,958.3,960.1
2008-07-15,973.4,988.75,966,977.6
2008-07-14,966.05,975.65,954.4,972.7
2008-07-11,945.55,968.6,942.4,964.7
2008-07-10,928.85,948.4,926.1,947.15
2008-07-09,920.35,929.55,916.4,928.55
2008-07-08,925.75,934.5,913,920
2008-07-07,933.15,933.15,915.3,926.25
2008-07-04,933.45,937,929.8,933.3
2008-07-03,944.6,947.35,927.7,933.85
2008-07-02,939.95,947.5,932.5,945.35
2008-07-01,926.5,946.8,923.15,939.85
2008-06-30,929.2,936,919,925.1
2008-06-27,916.8,931.1,910.8,927.85
2008-06-26,886.7,918,885.2,917.05
2008-06-25,890,890.75,874.5,886.3
2008-06-24,883.8,894.2,882.65,889.9
2008-06-23,901.95,907.85,877.7,884.05
2008-06-20,898.6,908.4,896.75,901.85
2008-06-19,894.7,908.9,884.05,898.85
2008-06-18,882.55,894.9,881.25,893.95
2008-06-17,882.5,889.35,874.8,882.9
2008-06-16,869.85,895.7,867.5,882.3
2008-06-13,869.2,874.95,860.1,871.2
2008-06-12,880.6,883,857.8,868.9
2008-06-11,868.3,883.7,867.8,880.55
2008-06-10,892.3,895.65,865.15,867.35
2008-06-09,902.85,909.7,891.4,892.9
2008-06-06,877.5,902.45,877.4,902.35
2008-06-05,878.85,880.8,865.45,878.35
2008-06-04,881.1,887.5,876.85,878.65
2008-06-03,891.1,898.1,876.1,881.4
2008-06-02,887.45,897.8,881.8,890.5
2008-05-30,878.15,890.6,871,886.9
2008-05-29,902.75,903.7,874.05,877.4
2008-05-28,905.7,910.4,889.9,901.1
2008-05-27,929.05,931.5,904.5,905.8
2008-05-26,925.4,929.6,923.95,929.1
2008-05-23,920.65,929.6,915.55,925.2
2008-05-22,932.45,936.3,918.05,921.85
2008-05-21,920.95,932.9,917.4,932.35
2008-05-20,905.1,924.4,903.4,919.35
2008-05-19,904,914.35,901.55,904.95
2008-05-16,882.2,905.7,880.5,902.3
2008-05-15,864.95,888.5,862.75,881.45
2008-05-14,866.25,871.8,860.3,864.65
2008-05-13,882.7,885.65,861.6,866.5
2008-05-12,884.2,890.1,878.45,882.9
2008-05-09,884.3,890.8,871,884.9
2008-05-08,868.9,886.25,864.25,883.3
2008-05-07,876.1,882.05,864.75,868.15
2008-05-06,873.65,883.7,871.7,876.05
2008-05-05,858.8,875.05,858.55,874.05
2008-05-02,852.25,859.9,846,856.45
2008-05-01,877.15,882.3,848.1,852.65
2008-04-30,870.2,877.1,863.3,870.95
2008-04-29,893.3,893.85,869.2,871.05
2008-04-28,888.5,896.8,886.75,893.5
2008-04-25,887.3,897.5,878.6,886.15
2008-04-24,903.65,907.3,884.05,886.8
2008-04-23,917.5,923.6,898.1,904.2
2008-04-22,914.5,926,912.5,918
2008-04-21,918.9,928.9,911.8,914.2
2008-04-18,939.3,946.8,904.75,916.4
2008-04-17,945.2,953,937.7,939.3
2008-04-16,928.3,949.3,924.4,945.1
2008-04-15,924.7,936.9,921.65,928.4
2008-04-14,919.6,931.5,914.5,924.5
2008-04-11,929.2,932.3,918.3,925.3
2008-04-10,934,939.8,922.5,928.8
2008-04-09,915.6,935.1,903.2,934.2
2008-04-08,920.9,925.9,908.3,915.4
2008-04-07,912.7,929.5,911,920.4
2008-04-04,904.1,914.8,899.6,913.3
2008-04-03,902.2,909.1,889.7,903.3
2008-04-02,884.3,905.7,882,903.9
2008-04-01,915.65,921,873.3,883.5
2008-03-31,931.6,941.2,915.3,915.7
2008-03-28,947.5,950.9,923.5,930.4
2008-03-27,954.3,954.9,940.35,947.8
2008-03-26,939,954.8,934.9,954.1
2008-03-25,914.3,939.2,911.9,938.7
2008-03-24,915.6,926.7,906.4,915.1
2008-03-21,913.4,920.3,911.4,919.5
2008-03-20,938.7,943.4,905.05,910
2008-03-19,981.2,997.6,939.5,943.9
2008-03-18,1003.9,1012.7,978.2,981.9
2008-03-17,1002.9,1031.2,998.8,1002.7
2008-03-14,996,1007.5,990.9,993.2
2008-03-13,983.7,1000.3,981.8,995.3
2008-03-12,973.1,983.5,968.5,983.5
2008-03-11,973.6,985.7,964.75,973.4
2008-03-10,973.4,980.8,961.4,973.4
2008-03-07,978.8,988.4,969.8,973.4
2008-03-06,988.6,992.3,965.3,978.1
2008-03-05,964.2,992.2,959.85,988.3
2008-03-04,983.9,988.3,960.8,963.4
2008-03-03,973.4,989.7,973.4,983.8
2008-02-29,956.58,976.27,956.58,972.48
2008-02-28,957.65,969.35,953.35,969.35
2008-02-27,948.2,965.1,948.1,958.2
2008-02-26,940.2,948.9,926.8,948.9
2008-02-25,946,952.3,933.1,939.8
2008-02-22,944.9,949.8,935.7,945.5
2008-02-21,943.9,954,937.9,944.9
2008-02-20,927.9,945.6,913.7,944.9
2008-02-19,905.6,930.8,905.15,927.6
2008-02-18,903.2,909.65,900.5,906.4
2008-02-15,908.7,915.6,898.3,902.7
2008-02-14,906.7,914.2,901.9,908.2
2008-02-13,906.5,910.4,896.5,905.1
2008-02-12,924.2,925,903.1,906.1
2008-02-11,921.35,927.25,916,924.75
2008-02-08,905.35,920.45,905.35,918.35
2008-02-07,900.1,911.35,896.65,909.15
2008-02-06,887.1,907.55,886.15,900.75
2008-02-05,903.85,906.6,885.65,887.2
2008-02-04,906.1,912.6,892,904.75
2008-02-01,924.38,936.88,905.08,910.38
2008-01-31,927.62,929.23,919.23,925.62
2008-01-30,923.75,933,917.2,929
2008-01-29,927.35,933.45,917.1,923.85
2008-01-28,915.6,929.55,914.85,927.85
2008-01-25,913,923.9,908.5,913.5
2008-01-24,891.1,910.85,889.1,907.35
2008-01-23,890.65,895.95,876.75,889.45
2008-01-22,861.6,894.65,849.85,890.65
2008-01-21,881.6,882.85,858.75,866.35
2008-01-18,877.25,888.55,870.45,884.55
2008-01-17,878.55,890.45,875.85,877.75
2008-01-16,889.85,899.6,874.55,877.55
2008-01-15,903.75,914.15,893.65,894.85
2008-01-14,898,914.4,892.6,905.2
2008-01-11,892.65,898.35,887.5,895.75
2008-01-10,878.5,895.3,866.4,893.1
2008-01-09,877.7,891.8,872,877.8
2008-01-08,857.9,881.5,856.9,877.7
2008-01-07,860.8,865.2,855.6,857.9
2008-01-04,863.7,868.9,854.6,861.5
2008-01-03,857,869.45,853.4,863.4
2008-01-02,837,861.5,834.7,857.2
2008-01-01,833.7,833.8,833.6,833.7
2007-12-31,839.5,843.6,832.1,833.6
2007-12-28,825.9,840.2,824.8,839
2007-12-27,824.4,831.6,821.7,824.8
2007-12-26,808.65,826.5,808.2,825
2007-12-25,811.7,812.2,804.15,807
2007-12-24,811.7,815.2,808.4,811.9
2007-12-21,796.7,812.6,795.7,810.8
2007-12-20,802.4,803.4,793.6,796.7
2007-12-19,802.9,805,797.9,802.2
2007-12-18,792.9,806.6,790.4,802.2
2007-12-17,793.8,798.9,785.4,791.7
2007-12-14,797.6,803.9,788,794.9
2007-12-13,813.9,813.9,792,797.4
2007-12-12,797.8,817.4,797.1,813.8
2007-12-11,808.6,813.4,797.2,797.5
2007-12-10,794.8,812.5,794.3,809.5
2007-12-07,802.6,805.2,791.4,795.6
2007-12-06,794.6,805.75,785.4,802.7
2007-12-05,802.1,807.1,791.6,795.4
2007-12-04,791.8,805.9,787,803.2
2007-12-03,783.1,791.8,777.4,791.5
2007-11-30,793.1,799.4,779.1,782.9
2007-11-29,803.9,808.3,793,793.2
2007-11-28,812.5,815.7,791.7,805.3
2007-11-27,824.4,829.5,808.3,811.5
2007-11-26,821.4,837.1,821.4,822.6
2007-11-23,804.6,826.1,803,823.4
2007-11-22,800.45,805.8,798.3,804.4
2007-11-21,804.5,807.4,794.8,802.2
2007-11-20,781.9,803.7,773,803.7
2007-11-19,786.5,794.3,775.3,781.7
2007-11-16,789,797.65,784,787.3
2007-11-15,811.6,818.3,782.75,788.6
2007-11-14,801,816,800.1,811.8
2007-11-13,803.5,809.1,791.2,800.6
2007-11-12,830.9,831,797.9,803.6
2007-11-09,832.7,839.3,827.6,831.7
2007-11-08,830.5,845.7,824,831.6
2007-11-07,825.1,845.8,822.7,832.2
2007-11-06,806.5,824.7,806.3,824.2
2007-11-05,807.4,811.3,801.3,806.5
2007-11-02,787.9,808.1,787.4,807.5
2007-11-01,796.12,799.92,784.73,787.62
2007-10-31,781.9,796.9,777.1,796.2
2007-10-30,791.2,792.4,779.5,781.6
2007-10-29,784.8,794.8,784.5,791.4
2007-10-26,769.2,786.1,768.6,785.4
2007-10-25,764.1,769.6,762,769.3
2007-10-24,759.6,764.35,754.3,763.9
2007-10-23,754.8,761.3,753,759.7
2007-10-22,766.7,768.6,745.9,754.4
2007-10-19,768.15,770.4,758.5,765.2
2007-10-18,755.3,766.6,755.1,766.6
2007-10-17,760.65,765,754.5,755
2007-10-16,759,767,754.4,760.2
2007-10-15,749.3,760.3,747.8,759.3
2007-10-12,748.3,752.5,745.2,749.6
2007-10-11,740.9,754,740.6,747.8
2007-10-10,738.2,746.2,737.5,741
2007-10-09,733.2,740.6,727.15,738
2007-10-08,741.65,742.7,731.55,733.3
2007-10-05,737.8,744.3,728.1,742.7
2007-10-04,728.6,738.6,721.1,737.7
2007-10-03,732.1,736.4,726.5,727.6
2007-10-02,747.4,747.5,724.75,731.5
2007-10-01,744.2,748.05,741.3,747.2
2007-09-28,734.2,745.9,733.6,744.1
2007-09-27,728,736.3,727.2,734.5
2007-09-26,731.5,737.1,726.8,728.1
2007-09-25,730.5,733.85,722.7,731.4
2007-09-24,729.6,736.45,726.7,730.4
2007-09-21,734,739.4,727.3,731.2
2007-09-20,721.6,738.7,721.2,733.4
2007-09-19,724.1,726.4,720.75,721.7
2007-09-18,717.4,724.5,712,723.8
2007-09-17,706.7,720.05,706.4,717.8
2007-09-14,708,717.4,704.2,707.1
2007-09-13,711.3,712.5,703.8,708.6
2007-09-12,712.2,714.4,705.7,711.9
2007-09-11,702.6,714.5,702.3,712.7
2007-09-10,700.4,707,699.3,702.9
2007-09-07,696.3,707.4,692.2,700.8
2007-09-06,681.6,698,681.05,695.5
2007-09-05,682.4,683.5,678.5,681.7
2007-09-04,672.9,683.8,671.6,682.1
2007-09-03,673.25,673.75,671.25,672.35
2007-08-31,665,674.7,664.7,673
2007-08-30,667.7,668.1,663.5,665.1
2007-08-29,662.2,669.05,661.8,667.5
2007-08-28,667.1,668.5,662.2,662.6
2007-08-27,668.9,668.9,665.8,667.6
2007-08-24,660.35,669.5,657.65,668.4
2007-08-23,660.8,665.45,658.65,659.9
2007-08-22,657.6,662.2,654.9,661.1
2007-08-21,658.6,660.1,654.5,657.5
2007-08-20,656.6,660.6,653.6,658.2
2007-08-17,650.3,663.8,645.8,657.2
2007-08-16,667.4,668.2,641.5,652.8
2007-08-15,669.5,671.1,662.4,667.6
2007-08-14,669.2,671.7,666.15,669.2
2007-08-13,672.4,673.1,668.5,669.4
2007-08-10,666.4,676.9,658.5,672.8
2007-08-09,674.8,674.8,659.9,661.6
2007-08-08,672.2,677,669.9,674.6
2007-08-07,672.1,673.15,666.6,672.4
2007-08-06,672.9,676.8,669.1,671.8
2007-08-03,665.7,674.6,665.2,673.3
2007-08-02,667.5,667.65,662.8,665
2007-08-01,663.4,667.5,659.4,667.3
2007-07-31,665.2,669.2,663.5,663.5
2007-07-30,661.1,665.9,660.2,665.2
2007-07-27,663.1,667.4,657.3,661.4
2007-07-26,675.6,677,660.75,661.7
2007-07-25,682.2,682.2,670.9,675.3
2007-07-24,681.9,687.5,681.3,682.2
2007-07-23,684.1,685.1,680.55,681.4
2007-07-20,677.6,686.4,675.4,683.7
2007-07-19,673.1,677.9,671.4,677.9
2007-07-18,664.6,674.3,664.6,672.9
2007-07-17,665.2,667.45,662.4,664.8
2007-07-16,666.4,668.9,664,665
2007-07-13,666.8,668.85,663.7,667.3
2007-07-12,660.4,669.45,660.4,667.4
2007-07-11,663.7,666.3,660.1,661.1
2007-07-10,660.4,665.2,659,663.5
2007-07-09,656.4,663.2,653.8,660.2
2007-07-06,649.5,656.2,645.4,655.9
2007-07-05,654.1,656.85,646.1,649.8
2007-07-04,653.1,655.15,653.1,654.2
2007-07-03,656.9,658.3,652.2,653.5
2007-07-02,651.5,659.55,648.85,657.35
2007-06-29,648.85,652.95,646.85,649.65
2007-06-28,642.75,650.4,641.75,648.75
2007-06-27,643.05,645.35,639.65,643.75
2007-06-26,652,652,640.2,640.3
2007-06-25,654.2,654.9,649,651.4
2007-06-22,651.85,656.95,650.95,654.35
2007-06-21,654.75,657.2,648.25,651.95
2007-06-20,661.45,662.1,655.15,655.25
2007-06-19,655.95,662.15,653.95,661.35
2007-06-18,655.65,659.8,655.05,656.35
2007-06-15,652.35,656.2,650.25,655.75
2007-06-14,651.35,654.75,646.6,651.95
2007-06-13,647.95,653.1,643.65,650.85
2007-06-12,653.55,655.15,646.15,647.25
2007-06-11,649.35,655.55,648.95,653.75
2007-06-08,659.25,661.85,645.15,648.55
2007-06-07,670.65,673.15,658.55,659.45
2007-06-06,670.35,672.75,665.35,670.85
2007-06-05,671.75,674.7,669.45,670.15
2007-06-04,671.55,674.65,668.75,671.25
2007-06-01,662.2,672.7,660.85,671.45
2007-05-31,653.2,662.7,653.2,660.95
2007-05-30,656.4,659.55,652.35,653.65
2007-05-29,656.2,662.6,654.25,656.75
2007-05-28,655.5,658.85,653.85,655.65
2007-05-25,654.45,657.55,653.75,656.15
2007-05-24,661.85,663.25,652.05,654.75
2007-05-23,659.85,665.45,657.75,661.35
2007-05-22,662.95,665.25,658.05,659.05
2007-05-21,662.75,664.55,657.35,663.35
2007-05-18,657.95,663.15,656.25,661.65
2007-05-17,662.65,665.25,654.15,657.75
2007-05-16,672.55,673.95,660.15,662.15
2007-05-15,669.75,674.25,665.25,672.15
2007-05-14,671.55,675,666.25,669.95
2007-05-11,666.35,673.25,664.85,671.05
2007-05-10,680.65,681.65,664.75,666.45
2007-05-09,685.25,687.35,676.25,680.65
2007-05-08,689.25,689.45,682.35,685.35
2007-05-07,688.55,691.55,686.95,688.45
2007-05-04,682.55,691.4,680.9,688.75
2007-05-03,672.75,682.95,671.95,682.35
2007-05-02,673.95,675.25,667.55,672.85
2007-05-01,678.45,680.5,671.75,673.35
2007-04-30,681.45,682.15,676.05,678.25
2007-04-27,674.65,682.15,670.95,680.95
2007-04-26,685.55,687.15,671.4,674.95
2007-04-25,683.65,686.95,682.05,685.65
2007-04-24,689.55,691.95,681.15,683.35
2007-04-23,693.25,693.85,686.85,689.05
2007-04-20,683.85,693.85,682.85,691.35
2007-04-19,689.65,691.75,678.95,682.65
2007-04-18,686.65,690.95,685.95,689.55
2007-04-17,690.25,691.05,686.05,687.85
2007-04-16,686.25,691.25,683.45,690.55
2007-04-13,676.5,686.3,675.9,685.6
2007-04-12,677.5,680.3,671.6,676
2007-04-11,677.8,681.1,674.5,677.3
2007-04-10,671.5,681.8,671.1,677.3
2007-04-09,674,678.05,669.5,670.75
2007-04-06,674,674.7,673.25,674.5
2007-04-05,674.45,675.65,671.65,674.45
2007-04-04,665.1,676.3,663.6,674.5
2007-04-03,664.8,668,662.3,664
2007-04-02,665.7,666.3,656.7,663.9
2007-03-30,661.8,668.4,660.9,663.6
2007-03-29,666.7,666.7,655.3,661.3
2007-03-28,664.9,670,663.8,665.6
2007-03-27,664.1,666.1,661.8,664.1
2007-03-26,657.75,665.6,657.3,663.8
2007-03-23,663.9,664.7,655.5,657.1
2007-03-22,664.1,667.1,662.3,663.8
2007-03-21,658.5,664.3,657.2,664.2
2007-03-20,654.5,661.1,652.9,658.3
2007-03-19,653.2,656.75,652.1,653.7
2007-03-16,646.9,655.6,646.2,652.9
2007-03-15,644,650.25,643.5,646.9
2007-03-14,643.3,646.2,637,644.1
2007-03-13,650.5,652.2,643.4,643.5
2007-03-12,649.25,654.25,646.1,651.2
2007-03-09,651.58,658.38,649.48,650.27
2007-03-08,649.5,656.2,647.6,651.3
2007-03-07,646.25,650.85,642.85,645.95
2007-03-06,636.3,648,632.8,647.3
2007-03-05,643.8,645.2,633.5,635.8
2007-03-02,664.85,665.85,640.15,642.95
2007-03-01,669.55,677.55,661.55,664.55
2007-02-28,679.35,679.35,660.35,669.95
2007-02-27,687.1,689.7,675.3,680
2007-02-26,681.65,689.35,681.65,687.35
2007-02-23,677.55,688.55,673.05,682.85
2007-02-22,678.1,681.25,676.05,677.75
2007-02-21,657.45,682.45,657.25,679.25
2007-02-20,670.85,672.15,655.75,658.75
2007-02-19,669.35,673.55,667.85,671.55
2007-02-16,670.05,670.05,662.9,669.05
2007-02-15,668.75,670.85,662.55,669.35
2007-02-14,664.35,672.2,663.75,669.15
2007-02-13,660.8,668.6,660.8,664.35
2007-02-12,667.95,668.55,660,662.05
2007-02-09,660.55,668.15,657.15,666.65
2007-02-08,651.65,660.95,648.05,660.75
2007-02-07,653.55,656.85,651.55,651.65
2007-02-06,648.35,658.75,648.25,653.75
2007-02-05,648.35,652.25,646.45,648.55
2007-02-02,657.15,659.85,643.15,648.25
2007-02-01,653,662,652.2,657.7
2007-01-31,647.2,655.2,642.6,653.2
2007-01-30,643.8,647.5,641.3,647.4
2007-01-29,646.3,648.2,641.2,643.1
2007-01-26,646.2,648.4,641.1,646.6
2007-01-25,648.6,654.5,645.7,646.1
2007-01-24,646.7,649.1,639,648.5
2007-01-23,633.25,648,633.1,646.6
2007-01-22,635.75,640.1,632.7,632.9
2007-01-19,627,636.5,626.9,635.5
2007-01-18,631.8,636.9,627,628
2007-01-17,625,634.3,620.7,631.9
2007-01-16,626.5,628.2,622.9,625.4
2007-01-15,626.2,628.3,624.5,626.7
2007-01-12,611.75,627.7,610.1,626.9
2007-01-11,611.6,616.25,609.2,611.9
2007-01-10,613.6,614.5,606.2,611.7
2007-01-09,609.8,616.2,606.5,613.5
2007-01-08,608.75,610.1,604.4,609.9
2007-01-05,622,626.5,602.2,607.4
2007-01-04,627.5,630.7,622,622
2007-01-03,640.5,645.4,625.3,627.7
2007-01-02,637.3,641.3,636.3,640.5
2006-12-29,634.8,636.8,632.3,636.8
2006-12-28,627.3,635.7,626.75,635
2006-12-27,624.8,629.6,624.2,627.3
2006-12-26,622.6,630,622.5,624.9
2006-12-25,620.75,621.25,620.25,620.75
2006-12-22,618.6,621.7,618.25,621
2006-12-21,620.5,622.75,618.2,618.5
2006-12-20,622.95,624.75,619.35,620.65
2006-12-19,616.35,622.95,615.35,622.75
2006-12-18,615.65,618.75,612.05,615.95
2006-12-15,625.65,629.65,614.95,615.25
2006-12-14,628.75,629.55,625.55,626.05
2006-12-13,630.15,630.85,623.75,629.15
2006-12-12,630.35,631.5,627.05,630.05
2006-12-11,625.15,631.05,623.35,630.45
2006-12-08,634.15,638.55,625.15,625.15
2006-12-07,631.25,632.85,625.65,632.55
2006-12-06,643.65,643.65,629.95,631.55
2006-12-05,646.45,649.25,638.95,643.95
2006-12-04,645.25,648.2,640.9,645.9
2006-12-01,648,650,643.9,645.8
2006-11-30,636.5,649,636.5,648.3
2006-11-29,639.7,640.9,635,636.6
2006-11-28,640.8,642.2,632.7,640
2006-11-27,639,642.25,637.2,641.3
2006-11-24,631,640.3,631,638.2
2006-11-23,630.3,631.8,629,631.25
2006-11-22,627.6,634.9,626.4,630.2
2006-11-21,623,629.6,622.25,627
2006-11-20,621.5,627,620.9,622.7
2006-11-17,618.9,622.7,614.8,622
2006-11-16,623,628.6,618.2,618.7
2006-11-15,621,625.5,615.8,622.6
2006-11-14,625.6,629.4,619.5,620.9
2006-11-13,629.1,632.9,620.8,626.1
2006-11-10,633.4,637,626.5,628.7
2006-11-09,615.9,636,615.4,633.7
2006-11-08,625.27,626.98,613.27,615.77
2006-11-07,623.1,629.4,622.2,624.9
2006-11-06,626.5,629.9,622.9,623.1
2006-11-03,624,629,617.5,628
2006-11-02,617.5,625.9,614.5,623.6
2006-11-01,606.4,619.2,605.7,618.1
2006-10-31,604.5,607.8,598.5,606.6
2006-10-30,599,611,598.7,604.5
2006-10-27,596.95,600.05,592.15,600.05
2006-10-26,591.75,599.25,590.45,596.55
2006-10-25,585.25,591.65,580.35,591.65
2006-10-24,581.75,584.45,573.85,584.35
2006-10-23,590.75,593.25,579.85,582.05
2006-10-20,600.3,602.7,591.8,591.9
2006-10-19,589.7,600.8,586.7,599.3
2006-10-18,590.1,595.5,587.4,589.9
2006-10-17,597.25,598,585.9,590.4
2006-10-16,591,596.3,590.25,596
2006-10-13,578.5,590.8,577.4,590
2006-10-12,573,579,571.2,578.6
2006-10-11,573.2,579.3,570.5,573.3
2006-10-10,577.3,581.6,569.3,573
2006-10-09,575.5,581.25,572,576.7
2006-10-06,573.4,573.8,560.4,573.8
2006-10-05,567.5,574.75,562.5,574
2006-10-04,574.5,581,559.9,566.6
2006-10-03,596,598.25,574.2,574.7
2006-10-02,598.5,604.2,595.2,595.2
2006-09-29,601.25,604,595,598.3
2006-09-28,602.6,607,600.9,602.9
2006-09-27,592.1,600.4,590,600.4
2006-09-26,587,594.25,586.3,591.7
2006-09-25,589.25,591.1,582.5,586.7
2006-09-22,585.5,593,584.5,588.3
2006-09-21,576.7,584.3,574.75,584.3
2006-09-20,573,586.8,572.8,576.6
2006-09-19,588.05,589.25,575.65,575.65
2006-09-18,581.35,589.25,578.55,588.85
2006-09-15,576.85,581.85,571.95,579.85
2006-09-14,589.85,595.75,576.75,576.75
2006-09-13,587.95,593.35,579.35,589.95
2006-09-12,590.75,599.75,584.65,587.75
2006-09-11,610.15,611.15,583.35,591.75
2006-09-08,617.2,619.75,606.7,610.8
2006-09-07,633.5,636.5,615.3,616.7
2006-09-06,638.5,640.75,633.1,633.5
2006-09-05,627.3,640.5,626.5,638.6
2006-09-04,625.05,628,625.05,626.5
2006-09-01,625.3,628.1,620.05,625.5
2006-08-31,619.1,627.6,618.1,626.9
2006-08-30,614.75,621.55,612.85,619.75
2006-08-29,614.35,618.25,607.55,612.75
2006-08-28,622.35,624.25,613.25,614.05
2006-08-25,620.25,624.65,618.55,623.25
2006-08-24,621.75,626.7,619.25,621.85
2006-08-23,624.05,631.55,621.75,622.35
2006-08-22,628.15,629.25,620.85,624.05
2006-08-21,614,628.5,613.8,627.8
2006-08-18,613.8,619.15,607.4,615
2006-08-17,628.7,632.1,613.7,614.5
2006-08-16,624.8,632.8,624,628.8
2006-08-15,626.4,628.7,621,625
2006-08-14,633.4,633.4,623.9,629.2
2006-08-11,637.5,645.55,626.5,632.7
2006-08-10,650.48,654.12,634.27,635.17
2006-08-09,644.25,655.3,636.5,650.65
2006-08-08,647.75,650,641.25,643.75
2006-08-07,644.17,652.17,644.17,647.98
2006-08-04,645.35,654.85,643.75,646.45
2006-08-03,651.85,653.5,639.35,645.05
2006-08-02,647.25,656.2,645.75,650.95
2006-08-01,636,647.6,630.5,647.2
2006-07-31,636.38,638.98,629.27,634.58
2006-07-28,634.5,637.75,626.1,635.9
2006-07-27,624.12,640.88,624.12,633.88
2006-07-26,618.88,623.27,613.27,622.17
2006-07-25,615.25,624,610.15,619.45
2006-07-24,620.88,621.12,601.98,612.48
2006-07-21,629.65,637.15,616.25,620.75
2006-07-20,643.6,645.1,629.05,629.15
2006-07-19,630.85,646.75,618.3,642.05
2006-07-18,642.9,654.5,628.1,631.2
2006-07-17,668.75,676.75,642.85,643.15
2006-07-14,663.45,668.5,659.55,665.15
2006-07-13,650.85,661,644.75,660.05
2006-07-12,641.05,656.05,639.75,651.25
2006-07-11,624.15,643.75,621.75,641.35
2006-07-10,630.25,632.75,620.75,624.05
2006-07-07,633.65,637.75,627.75,630.55
2006-07-06,628.85,635.5,622.75,633.95
2006-07-05,622.35,630.85,617.85,628.45
2006-07-04,624,624,617,622
2006-07-03,618,625.55,617,624.5
2006-06-30,597.4,615.9,597.35,613.1
2006-06-29,580.4,598,579.4,598
2006-06-28,579.5,586.8,576.9,580.2
2006-06-27,585.3,596.1,581.9,581.9
2006-06-26,584.9,587.5,577.5,585.45
2006-06-23,580.85,586.45,571.85,583.35
2006-06-22,587.35,595.15,580.35,580.65
2006-06-21,575.1,590.55,570.55,586.85
2006-06-20,565.5,576.7,561,576.5
2006-06-19,580.35,580.45,566.05,569.15
2006-06-16,570.35,585.35,567.35,580.85
2006-06-15,560.55,576.8,554.25,570
2006-06-14,564.35,571.45,543.35,559.35
2006-06-13,604.75,605.05,562.45,563.25
2006-06-12,603.85,611.75,602.85,605.85
2006-06-09,613.35,617.45,601,607.45
2006-06-08,626.95,627.45,607.85,612.15
2006-06-07,630.35,630.55,616.6,626.95
2006-06-06,635.35,639.15,625.35,630.15
2006-06-05,638.65,645.35,637.05,637.35
2006-06-02,629.3,639,618.9,638.2
2006-06-01,643.3,645.4,621.3,629.6
2006-05-31,653.1,659.7,638.9,643.7
2006-05-30,651.8,665,648.6,652.8
2006-05-29,653.15,654.1,646.4,650.5
2006-05-26,650.1,655.5,640.4,652
2006-05-25,642.6,651.3,639,650.8
2006-05-24,669.4,670.9,637.8,641.9
2006-05-23,656.5,674,650.9,671.5
2006-05-22,656.6,661.65,636.6,656.2
2006-05-19,683.9,688.9,651.4,657.6
2006-05-18,686.9,694.5,678.8,682.3
2006-05-17,688.9,716.4,685.7,689.9
2006-05-16,679,692.5,674.5,689.6
2006-05-15,714.2,721,678.1,681.1
2006-05-12,714.2,730.5,708.3,714.8
2006-05-11,709.1,726.5,704.75,719.3
2006-05-10,700.7,707.5,693.8,707.5
2006-05-09,679,701,677.75,700.8
2006-05-08,685.2,685.2,670.5,678.8
2006-05-05,678.5,684.6,675.3,682.7
2006-05-04,667.9,677.9,660.9,677.4
2006-05-03,668,676.8,660.5,667.5
2006-05-02,654.5,667.7,653.5,667.6
2006-05-01,654.6,661.6,652.4,658.1
2006-04-28,634,655.8,633.9,654.5
2006-04-27,639.4,643.5,627.7,634
2006-04-26,630.7,640.9,628.6,639
2006-04-25,621.2,635.1,619,630.3
2006-04-24,639.5,639.5,619.2,621.3
2006-04-21,610.65,634.4,610.6,634
2006-04-20,639.7,646.15,608.2,615.3
2006-04-19,621.8,640.3,621.4,639.9
2006-04-18,614.2,622.1,612.5,621.6
2006-04-17,600.4,615.8,600.4,614
2006-04-14,596.75,599.8,595.75,599.8
2006-04-13,598.5,598.8,590.9,596.5
2006-04-12,593.17,600.38,593.17,598.38
2006-04-11,600.1,604.4,593.1,593.5
2006-04-10,589.15,600.3,588.3,600
2006-04-07,596.15,598.45,585.25,588.45
2006-04-06,589.15,596.95,587.2,595.25
2006-04-05,585.95,589.85,582.35,588.85
2006-04-04,588.25,590.45,584.85,586.45
2006-04-03,582.95,591.95,582.25,588.75
2006-03-31,588.75,589.15,579.05,583.65
2006-03-30,573.45,589.15,571.45,588.65
2006-03-29,564.75,574.05,560.45,573.45
2006-03-28,567,569.3,563.2,564.5
2006-03-27,559.95,568.75,558.65,566.95
2006-03-24,550.15,561.15,548.95,560.45
2006-03-23,550.85,551.45,545.05,550.15
2006-03-22,552.05,553.7,547.15,550.55
2006-03-21,554.75,555.45,547.35,551.85
2006-03-20,554.55,556.65,550.15,554.45
2006-03-17,555.45,557.95,552.15,553.85
2006-03-16,553.05,557.05,547.55,555.25
2006-03-15,551.2,557.35,550.45,553.95
2006-03-14,546.05,552.45,542.75,551.95
2006-03-13,541.2,546.95,540.95,546.15
2006-03-10,545.45,547.3,534.05,540.35
2006-03-09,543.7,550.55,540.3,546.05
2006-03-08,552.45,554.2,538.45,543.85
2006-03-07,555.15,559.2,548.75,552.95
2006-03-06,565.95,568.6,552.55,555.55
2006-03-03,569.45,570.95,564.65,565.05
2006-03-02,562.45,568.75,562.2,568.75
2006-03-01,561.15,566.95,560.6,563.85
2006-02-28,553.7,561.95,553.2,561.75
2006-02-27,558.35,559.1,552.55,555.15
2006-02-24,547.45,559.95,547.45,558.95
2006-02-23,554.62,554.73,548.27,549.38
2006-02-22,554.65,555.45,547.45,554.35
2006-02-21,555.6,556.35,551.35,553.85
2006-02-20,552.2,557.05,551.95,556.05
2006-02-17,546.45,554.45,544.45,552.15
2006-02-16,538.45,546.45,535.45,546.25
2006-02-15,547.95,548.2,535.95,539.95
2006-02-14,538.38,547.62,534.88,547.62
2006-02-13,550.35,551.95,539.05,539.05
2006-02-10,564.25,568.95,547.05,550.95
2006-02-09,551.35,566.95,549.65,563.95
2006-02-08,549.05,553.25,545.35,550.85
2006-02-07,569.95,571.25,548.15,548.85
2006-02-06,569.2,573.95,568.7,569.85
2006-02-03,572.25,574.15,565.05,567.65
2006-02-02,569.45,575.05,567.65,572.45
2006-02-01,568.95,571.85,563.75,569.15
2006-01-31,568.25,572.65,566.05,568.95
2006-01-30,558.45,569.35,558.35,569.15
2006-01-27,559.7,564.35,555.95,559.55
2006-01-26,563.55,563.85,554.85,560.15
2006-01-25,558.45,566.65,556.85,563.45
2006-01-24,559.5,560.15,552.65,558.7
2006-01-23,553.4,560.5,549.4,559.2
2006-01-20,557.9,568,553.4,553.8
2006-01-19,543.15,558,558,558
2006-01-18,554.6,544,544,544
2006-01-17,561.4,554.5,554.5,554.5
2006-01-16,556.9,562.2,562.2,562.2
2006-01-13,546.38,556.88,556.88,556.88
2006-01-12,549.4,548.2,548.2,548.2
2006-01-11,541.9,549,549,549
2006-01-10,549.1,542.55,542.55,542.55
2006-01-09,539.38,549.12,549.12,549.12
2006-01-06,525.35,539.65,539.65,539.65
2006-01-05,534.6,525.05,525.05,525.05
2006-01-04,534.6,534.55,534.55,534.55
2006-01-03,517.15,533.6,533.6,533.6
2005-12-30,515.4,517.6,517.6,517.6
2005-12-29,516.75,516.05,516.05,516.05
2005-12-28,507.85,515.85,515.85,515.85
2005-12-27,504.85,507.95,507.95,507.95
2005-12-26,504.5,505,505,505
2005-12-23,504.2,503,503,503
2005-12-22,495.4,503.8,503.8,503.8
2005-12-21,492.7,495,495,495
2005-12-20,504,492.7,492.7,492.7
2005-12-19,504.9,503.9,503.9,503.9
2005-12-16,502.9,503.3,503.3,503.3
2005-12-15,504.9,503.1,503.1,503.1
2005-12-14,518.85,505.75,505.75,505.75
2005-12-13,525.88,518.88,518.88,518.88
2005-12-12,527.4,528.3,528.3,528.3
2005-12-09,520.85,526.05,526.05,526.05
2005-12-08,515.2,521,521,521
2005-12-07,511.2,515.2,515.2,515.2
2005-12-06,509.9,511.4,511.4,511.4
2005-12-05,504.38,509.38,509.38,509.38
2005-12-02,504.15,503.4,503.4,503.4
2005-12-01,493.88,503.38,503.38,503.38
2005-11-30,499.35,493.85,493.85,493.85
2005-11-29,498.65,500.1,500.1,500.1
2005-11-28,497.15,498.6,498.6,498.6
2005-11-25,493.62,496.07,496.07,496.07
2005-11-24,493.62,493.38,493.38,493.38
2005-11-23,493.9,492.1,492.1,492.1
2005-11-22,491.62,494.38,494.38,494.38
2005-11-21,485.1,491.15,491.15,491.15
2005-11-18,485.65,485.8,485.8,485.8
2005-11-17,479.1,484.95,484.95,484.95
2005-11-16,468.68,479.38,479.38,479.38
2005-11-15,469.35,468.25,468.25,468.25
2005-11-14,469.4,468,468,468
2005-11-11,466.9,468.7,468.7,468.7
2005-11-10,466.9,467.1,467.1,467.1
2005-11-09,460.6,466.3,466.3,466.3
2005-11-08,459.45,461.6,461.6,461.6
2005-11-07,457,459.5,459.5,459.5
2005-11-04,461.4,456.6,456.6,456.6
2005-11-03,463.4,460.7,460.7,460.7
2005-11-02,459.15,462.85,462.85,462.85
2005-11-01,465.3,459.3,459.3,459.3
2005-10-31,472.9,465.2,465.2,465.2
2005-10-28,474.35,473.45,473.45,473.45
2005-10-27,470.9,473.9,473.9,473.9
2005-10-26,472.55,470.65,470.65,470.65
2005-10-25,465.35,472.6,472.6,472.6
2005-10-24,466.2,465.25,465.25,465.25
2005-10-21,462.38,466.88,466.88,466.88
2005-10-20,464.65,461.25,461.25,461.25
2005-10-19,471.55,464.9,464.9,464.9
2005-10-18,474.2,471.9,471.9,471.9
2005-10-17,469.65,473.9,473.9,473.9
2005-10-14,471.9,469.6,469.6,469.6
2005-10-13,471.25,471.75,471.75,471.75
2005-10-12,476.12,470.88,470.88,470.88
2005-10-11,475.35,475.55,475.55,475.55
2005-10-10,474.6,475.15,475.15,475.15
2005-10-07,473.6,474.15,474.15,474.15
2005-10-06,465.1,472.75,472.75,472.75
2005-10-05,466.85,464.95,464.95,464.95
2005-10-04,465.65,466.35,466.35,466.35
2005-10-03,467.6,466.15,466.15,466.15
2005-09-30,471.6,469.15,469.15,469.15
2005-09-29,469.25,472.25,472.25,472.25
2005-09-28,462.88,469.38,469.38,469.38
2005-09-27,466.25,462.25,462.25,462.25
2005-09-26,463.88,466.62,466.62,466.62
2005-09-23,465.35,463.25,463.25,463.25
2005-09-22,472.15,465.75,465.75,465.75
2005-09-21,464.35,472.15,472.15,472.15
2005-09-20,464,464.05,464.05,464.05
2005-09-19,459.35,464.95,464.95,464.95
2005-09-16,455.85,459.75,459.75,459.75
2005-09-15,450.85,455.25,455.25,455.25
2005-09-14,446.45,450.75,450.75,450.75
2005-09-13,449.55,446.2,446.2,446.2
2005-09-12,449.85,449.35,449.35,449.35
2005-09-09,446.6,449.25,449.25,449.25
2005-09-08,444.75,447.15,447.15,447.15
2005-09-07,443.9,444.65,444.65,444.65
2005-09-06,445.75,444,444,444
2005-09-05,444.35,445.25,445.25,445.25
2005-09-02,443.05,444.65,444.65,444.65
2005-09-01,435,443.25,443.25,443.25
2005-08-31,431.55,435.25,435.25,435.25
2005-08-30,436.5,431.25,431.25,431.25
2005-08-29,438.65,436.95,436.95,436.95
2005-08-26,438.25,437.6,437.6,437.6
2005-08-25,437.55,438.3,438.3,438.3
2005-08-24,439.4,437.5,437.5,437.5
2005-08-23,438,439,439,439
2005-08-22,437.25,438.15,438.15,438.15
2005-08-19,439.9,436.3,436.3,436.3
2005-08-18,440.6,439.7,439.7,439.7
2005-08-17,446.15,440.15,440.15,440.15
2005-08-16,442.55,446.15,446.15,446.15
2005-08-15,446.25,442.6,442.6,442.6
2005-08-12,445.8,446.2,446.2,446.2
2005-08-11,437.5,446,446,446
2005-08-10,435,437.5,437.5,437.5
2005-08-09,434.9,435.2,435.2,435.2
2005-08-08,437.4,435,435,435
2005-08-05,437.6,437.95,437.95,437.95
2005-08-04,436.75,437.75,437.75,437.75
2005-08-03,432,436.65,436.65,436.65
2005-08-02,431.75,432.15,432.15,432.15
2005-08-01,429.7,432,432,432
2005-07-29,427.9,430.2,430.2,430.2
2005-07-28,425.05,428,428,428
2005-07-27,423.45,425.25,425.25,425.25
2005-07-26,425.75,423.25,423.25,423.25
2005-07-25,425.2,426,426,426
2005-07-22,426.4,424.9,424.9,424.9
2005-07-21,423.05,425.7,425.7,425.7
2005-07-20,420.35,422.95,422.95,422.95
2005-07-19,421.15,419.85,419.85,419.85
2005-07-18,421.25,420.85,420.85,420.85
2005-07-15,419.85,421.55,421.55,421.55
2005-07-14,424.1,420.05,420.05,420.05
2005-07-13,426.65,424.35,424.35,424.35
2005-07-12,425.75,426.75,426.75,426.75
2005-07-11,423.75,425.75,425.75,425.75
2005-07-08,424.65,423.05,423.05,423.05
2005-07-07,423.88,424.62,424.62,424.62
2005-07-06,423.85,423.5,423.5,423.5
2005-07-05,427.25,423.75,423.75,423.75
2005-07-04,428.35,427.65,427.65,427.65
2005-07-01,434.85,427.65,427.65,427.65
2005-06-30,436.85,435.25,435.25,435.25
2005-06-29,436.15,437.35,437.35,437.35
2005-06-28,439.55,436,436,436
2005-06-27,439.62,439.62,439.62,439.62
2005-06-24,440.85,440.55,440.55,440.55
2005-06-23,437.95,441.25,441.25,441.25
2005-06-22,438.5,438.05,438.05,438.05
2005-06-21,437.38,438.88,438.88,438.88
2005-06-20,438.1,438.15,438.15,438.15
2005-06-17,435.6,438.35,438.35,438.35
2005-06-16,428.85,436.15,436.15,436.15
2005-06-15,426.95,428.65,428.65,428.65
2005-06-14,426.88,426.82,426.82,426.82
2005-06-13,425.8,428.9,428.9,428.9
2005-06-10,423.85,427.35,427.35,427.35
2005-06-09,423.82,423.77,423.77,423.77
2005-06-08,424.45,423.55,423.55,423.55
2005-06-07,426.35,424.45,424.45,424.45
2005-06-06,422.55,426,426,426
2005-06-03,422.15,422.45,422.45,422.45
2005-06-02,414.25,421.65,421.65,421.65
2005-06-01,417,415.45,415.45,415.45
2005-05-31,418.85,417.35,417.35,417.35
2005-05-30,419.6,418.75,418.75,418.75
2005-05-27,417.85,420.05,420.05,420.05
2005-05-26,418.95,417.75,417.75,417.75
2005-05-25,418.2,419.55,419.55,419.55
2005-05-24,417.45,418,418,418
2005-05-23,417.65,417.25,417.25,417.25
2005-05-20,420.68,417.77,417.77,417.77
2005-05-19,421.85,420.65,420.65,420.65
2005-05-18,418.75,421.5,421.5,421.5
2005-05-17,419.85,418.75,418.75,418.75
2005-05-16,420.25,419.5,419.5,419.5
2005-05-13,422.6,420.4,420.4,420.4
2005-05-12,427.68,422.38,422.38,422.38
2005-05-11,426.98,427.38,427.38,427.38
2005-05-10,426.38,426.62,426.62,426.62
2005-05-09,426.38,426.12,426.12,426.12
2005-05-06,430.02,425.73,425.73,425.73
2005-05-05,430.07,430.02,430.02,430.02
2005-05-04,427.68,429.23,429.23,429.23
2005-05-03,428.85,427.65,427.65,427.65
2005-05-02,434.38,429.98,429.98,429.98
2005-04-29,431.57,434.88,434.88,434.88
2005-04-28,432.88,431.18,431.18,431.18
2005-04-27,436.12,432.27,432.27,432.27
2005-04-26,436.12,437.12,437.12,437.12
2005-04-25,433.95,434.65,434.65,434.65
2005-04-22,432.8,434.6,434.6,434.6
2005-04-21,434.68,432.57,432.57,432.57
2005-04-20,433.77,434.77,434.77,434.77
2005-04-19,426.98,433.57,433.57,433.57
2005-04-18,424.5,427.25,427.25,427.25
2005-04-15,423.7,425,425,425
2005-04-14,429.18,424.02,424.02,424.02
2005-04-13,428.57,429.12,429.12,429.12
2005-04-12,428.65,428.25,428.25,428.25
2005-04-11,426.88,428.12,428.12,428.12
2005-04-08,425.62,425.12,425.12,425.12
2005-04-07,426.77,426.02,426.02,426.02
2005-04-06,424.88,426.77,426.77,426.77
2005-04-05,424.35,425.05,425.05,425.05
2005-04-04,425.88,424.32,424.32,424.32
2005-04-01,428.35,426.15,426.15,426.15
2005-03-31,426.6,428.45,428.45,428.45
2005-03-30,426.12,426.38,426.38,426.38
2005-03-29,426.12,426.38,426.38,426.38
2005-03-28,425.38,425.88,425.88,425.88
2005-03-25,425.25,426.25,426.25,426.25
2005-03-24,425.45,425.05,425.05,425.05
2005-03-23,426.85,424.85,424.85,424.85
2005-03-22,431.55,427.25,427.25,427.25
2005-03-21,439,431.35,431.35,431.35
2005-03-18,438.85,439.35,439.35,439.35
2005-03-17,443.12,438.43,438.43,438.43
2005-03-16,440.6,443.65,443.65,443.65
2005-03-15,440.88,440.88,440.88,440.88
2005-03-14,445.62,441.18,441.18,441.18
2005-03-11,441.85,445.85,445.85,445.85
2005-03-10,440.43,442.38,442.38,442.38
2005-03-09,441.12,440.62,440.62,440.62
2005-03-08,434.62,440.62,440.62,440.62
2005-03-07,433.98,434.62,434.62,434.62
2005-03-04,430.1,434,434,434
2005-03-03,431.88,430.27,430.27,430.27
2005-03-02,432.35,432.65,432.65,432.65
2005-03-01,435.65,432.75,432.75,432.75
2005-02-28,434.88,435.62,435.62,435.62
2005-02-25,433.62,434.93,434.93,434.93
2005-02-24,434.27,434.12,434.12,434.12
2005-02-23,435.5,434.5,434.5,434.5
2005-02-22,427.1,434.55,434.55,434.55
2005-02-21,428.75,427.35,427.35,427.35
2005-02-18,427.27,427.43,427.43,427.43
2005-02-17,425.2,427.45,427.45,427.45
2005-02-16,425.38,425.38,425.38,425.38
2005-02-15,425.62,425.62,425.62,425.62
2005-02-14,420.62,425.88,425.88,425.88
2005-02-11,417.38,420.88,420.88,420.88
2005-02-10,413.38,417.62,417.62,417.62
2005-02-09,412.57,413.12,413.12,413.12
2005-02-08,413.65,412.8,412.8,412.8
2005-02-07,414.65,414.2,414.2,414.2
2005-02-04,417.1,414.6,414.6,414.6
2005-02-03,421.8,417.1,417.1,417.1
2005-02-02,420.98,421.98,421.98,421.98
2005-02-01,422.4,421.1,421.1,421.1
2005-01-31,426.38,422.62,422.62,422.62
2005-01-28,426.2,426.8,426.8,426.8
2005-01-27,426.65,426.2,426.2,426.2
2005-01-26,422.15,426.5,426.5,426.5
2005-01-25,427.68,422.43,422.43,422.43
2005-01-24,427.38,427.27,427.27,427.27
2005-01-21,422.35,426.75,426.75,426.75
2005-01-20,423.15,422.55,422.55,422.55
2005-01-19,423.05,422.85,422.85,422.85
2005-01-18,421.75,423.05,423.05,423.05
2005-01-17,422.62,422.38,422.38,422.38
2005-01-14,425.25,423.15,423.15,423.15
2005-01-13,426.02,425.12,425.12,425.12
2005-01-12,422.62,426.12,426.12,426.12
2005-01-11,419.98,422.38,422.38,422.38
2005-01-10,419.38,419.12,419.12,419.12
2005-01-07,421.75,418.95,418.95,418.95
2005-01-06,426.77,421.32,421.32,421.32
2005-01-05,427.55,426.55,426.55,426.55
2005-01-04,429.6,427.65,427.65,427.65
2005-01-03,437.85,428.95,428.95,428.95
2004-12-31,437.6,438.45,438.45,438.45
2004-12-30,436.25,437.45,437.45,437.45
2004-12-29,443.88,436.38,436.38,436.38
2004-12-28,444.75,443.5,443.5,443.5
2004-12-27,442.38,444.73,444.73,444.73
2004-12-24,442.15,442.7,442.7,442.7
2004-12-23,439.88,441.88,441.88,441.88
2004-12-22,441.88,439.68,439.68,439.68
2004-12-21,442.93,441.88,441.88,441.88
2004-12-20,441.62,443.02,443.02,443.02
2004-12-17,437.38,441.18,441.18,441.18
2004-12-16,440.88,437.12,437.12,437.12
2004-12-15,436.12,440.12,440.12,440.12
2004-12-14,438.88,435.52,435.52,435.52
2004-12-13,434.15,439.1,439.1,439.1
2004-12-10,437.3,434.5,434.5,434.5
2004-12-09,440.4,437.8,437.8,437.8
2004-12-08,451,440.2,440.2,440.2
2004-12-07,451.9,450.9,450.9,450.9
2004-12-06,455.25,452.45,452.45,452.45
2004-12-03,449.48,455.82,455.82,455.82
2004-12-02,454.6,449.35,449.35,449.35
2004-12-01,451.12,453.68,453.68,453.68
2004-11-30,453.12,450.88,450.88,450.88
2004-11-29,454.12,453.68,453.68,453.68
2004-11-26,451.38,452.62,452.62,452.62
2004-11-25,449.2,451.7,451.7,451.7
2004-11-24,447.38,449.12,449.12,449.12
2004-11-23,448.5,447,447,447
2004-11-22,446.62,448.62,448.62,448.62
2004-11-19,442.38,447.02,447.02,447.02
2004-11-18,444.77,443.12,443.12,443.12
2004-11-17,439.38,444.62,444.62,444.62
2004-11-16,436.88,439.62,439.62,439.62
2004-11-15,437.62,436.82,436.82,436.82
2004-11-12,434.5,437.95,437.95,437.95
2004-11-11,434.12,434.88,434.88,434.88
2004-11-10,434.88,433.88,433.88,433.88
2004-11-09,432.12,435.32,435.32,435.32
2004-11-08,431.12,431.88,431.88,431.88
2004-11-05,429.62,433.62,433.62,433.62
2004-11-04,426.88,429.62,429.62,429.62
2004-11-03,421.38,427.52,427.52,427.52
2004-11-02,425.88,421.88,421.88,421.88
2004-11-01,429.5,427,427,427
2004-10-29,424.18,428.52,428.52,428.52
2004-10-28,423.95,424.15,424.15,424.15
2004-10-27,426.77,424.12,424.12,424.12
2004-10-26,428.98,427.12,427.12,427.12
2004-10-25,425.12,428.62,428.62,428.62
2004-10-22,424.62,424.32,424.32,424.32
2004-10-21,423.88,423.82,423.82,423.82
2004-10-20,420.23,424.12,424.12,424.12
2004-10-19,415.62,419.88,419.88,419.88
2004-10-18,418.62,416.62,416.62,416.62
2004-10-15,417.98,418.82,418.82,418.82
2004-10-14,415.65,418.15,418.15,418.15
2004-10-13,413.57,416.38,416.38,416.38
2004-10-12,421.82,415.12,415.12,415.12
2004-10-11,419.38,421.82,421.82,421.82
2004-10-08,418.12,422.82,422.82,422.82
2004-10-07,418.12,418.18,418.18,418.18
2004-10-06,419.12,417.88,417.88,417.88
2004-10-05,414.38,418.38,418.38,418.38
2004-10-04,418.75,413.95,413.95,413.95
2004-10-01,418.12,419.23,419.23,419.23
2004-09-30,412.5,418.25,418.25,418.25
2004-09-29,412.88,413.02,413.02,413.02
2004-09-28,408.75,412.25,412.25,412.25
2004-09-27,409.77,408.62,408.62,408.62
2004-09-24,409.38,407.93,407.93,407.93
2004-09-23,404.88,410.12,410.12,410.12
2004-09-22,409.12,407.38,407.38,407.38
2004-09-21,404.88,409.12,409.12,409.12
2004-09-20,404.85,405.35,405.35,405.35
2004-09-17,404.68,405.88,405.88,405.88
2004-09-16,404.88,404.62,404.62,404.62
2004-09-15,403.62,404.62,404.62,404.62
2004-09-14,403.82,405.62,405.62,405.62
2004-09-13,402.12,403.82,403.82,403.82
2004-09-10,399.38,401.93,401.93,401.93
2004-09-09,399.57,399.12,399.12,399.12
2004-09-08,397.75,399.55,399.55,399.55
2004-09-07,401.62,397.88,397.88,397.88
2004-09-06,401.38,401.88,401.88,401.88
2004-09-03,405.88,400.52,400.52,400.52
2004-09-02,408.5,406.05,406.05,406.05
2004-09-01,410.15,408.6,408.6,408.6
2004-08-31,407.12,409.82,409.82,409.82
2004-08-30,403.62,406.88,406.88,406.88
2004-08-27,406.88,403.23,403.23,403.23
2004-08-26,407.12,406.88,406.88,406.88
2004-08-25,403.38,406.82,406.82,406.82
2004-08-24,409.12,403.18,403.18,403.18
2004-08-23,412.12,408.62,408.62,408.62
2004-08-20,406.38,413.32,413.32,413.32
2004-08-19,404.38,406.88,406.88,406.88
2004-08-18,404.25,404.45,404.45,404.45
2004-08-17,402.5,404.45,404.45,404.45
2004-08-16,399.75,402.75,402.75,402.75
2004-08-13,394.75,398.9,398.9,398.9
2004-08-12,395.75,394.8,394.8,394.8
2004-08-11,397.5,396.05,396.05,396.05
2004-08-10,399.93,398.18,398.18,398.18
2004-08-09,398.62,400.38,400.38,400.38
2004-08-06,392.25,399.75,399.75,399.75
2004-08-05,392.25,392.85,392.85,392.85
2004-08-04,393.88,392.38,392.38,392.38
2004-08-03,391.12,393.88,393.88,393.88
2004-08-02,394.25,392.05,392.05,392.05
2004-07-30,388.05,391.25,391.25,391.25
2004-07-29,388.52,388.38,388.38,388.38
2004-07-28,387.75,389.15,389.15,389.15
2004-07-27,391.12,388.12,388.12,388.12
2004-07-26,390.88,390.62,390.62,390.62
2004-07-23,395.75,389.95,389.95,389.95
2004-07-22,397.88,395.07,395.07,395.07
2004-07-21,400.5,398,398,398
2004-07-20,406.38,400.12,400.12,400.12
2004-07-19,406.5,405.95,405.95,405.95
2004-07-16,404.1,406.45,406.45,406.45
2004-07-15,404.35,404.3,404.3,404.3
2004-07-14,402.38,405.12,405.12,405.12
2004-07-13,407.48,402.38,402.38,402.38
2004-07-12,407.5,407.15,407.15,407.15
2004-07-09,406.27,407.57,407.57,407.57
2004-07-08,401.88,407.12,407.12,407.12
2004-07-07,392.62,401.77,401.77,401.77
2004-07-06,398.12,392.12,392.12,392.12
2004-07-05,397.75,397.7,397.7,397.7
2004-07-02,395.88,397.93,397.93,397.93
2004-07-01,394.5,396.05,396.05,396.05
2004-06-30,392.88,394.38,394.38,394.38
2004-06-29,401.62,392.27,392.27,392.27
2004-06-28,403.12,400.88,400.88,400.88
2004-06-25,402.27,402.68,402.68,402.68
2004-06-24,394.88,402.12,402.12,402.12
2004-06-23,395.38,394.88,394.88,394.88
2004-06-22,394.18,395.38,395.38,395.38
2004-06-21,394.88,394.38,394.38,394.38
2004-06-18,388.38,395.27,395.27,395.27
2004-06-17,385.07,387.82,387.82,387.82
2004-06-16,388.75,384.75,384.75,384.75
2004-06-15,383.75,389.15,389.15,389.15
2004-06-14,384.18,383.38,383.38,383.38
2004-06-11,385.85,385.05,385.05,385.05
2004-06-10,383.38,386.07,386.07,386.07
2004-06-09,391.88,384.12,384.12,384.12
2004-06-08,394.23,391.38,391.38,391.38
2004-06-07,391.62,393.88,393.88,393.88
2004-06-04,388.5,391.05,391.05,391.05
2004-06-03,391.12,388.38,388.38,388.38
2004-06-02,394.48,390.88,390.88,390.88
2004-06-01,395.27,394.62,394.62,394.62
2004-05-31,394.15,395.5,395.5,395.5
2004-05-28,395.62,394.18,394.18,394.18
2004-05-27,388.65,395.75,395.75,395.75
2004-05-26,388.75,388.5,388.5,388.5
2004-05-25,385.75,388,388,388
2004-05-24,384.5,386.25,386.25,386.25
2004-05-21,380.38,384.88,384.88,384.88
2004-05-20,381.5,380,380,380
2004-05-19,376.75,382,382,382
2004-05-18,378.75,377.15,377.15,377.15
2004-05-17,377.88,379.38,379.38,379.38
2004-05-14,374.12,377.07,377.07,377.07
2004-05-13,378.6,374.9,374.9,374.9
2004-05-12,378.62,378.38,378.38,378.38
2004-05-11,377.88,377.98,377.98,377.98
2004-05-10,378.5,378.5,378.5,378.5
2004-05-07,388,379.1,379.1,379.1
2004-05-06,393.38,387.77,387.77,387.77
2004-05-05,393.1,393.7,393.7,393.7
2004-05-04,387.85,392.5,392.5,392.5
2004-05-03,389,387.35,387.35,387.35
2004-04-30,388.4,387.6,387.6,387.6
2004-04-29,384.88,387.88,387.88,387.88
2004-04-28,398.77,385.38,385.38,385.38
2004-04-27,396.65,398.75,398.75,398.75
2004-04-26,395.5,396.6,396.6,396.6
2004-04-23,394.5,395.1,395.1,395.1
2004-04-22,391.25,394.25,394.25,394.25
2004-04-21,394.62,390.38,390.38,390.38
2004-04-20,400.77,395.12,395.12,395.12
2004-04-19,402.35,400.3,400.3,400.3
2004-04-16,399.6,400.5,400.5,400.5
2004-04-15,401.18,399.12,399.12,399.12
2004-04-14,407.38,400.88,400.88,400.88
2004-04-13,420.18,406.88,406.88,406.88
2004-04-12,420,419.2,419.2,419.2
2004-04-09,419.5,421.25,421.25,421.25
2004-04-08,422.75,419.5,419.5,419.5
2004-04-07,419.62,423.38,423.38,423.38
2004-04-06,415.88,419.88,419.88,419.88
2004-04-05,421.12,415.62,415.62,415.62
2004-04-02,426.25,419.8,419.8,419.8
2004-04-01,426.88,426.38,426.38,426.38
2004-03-31,421.38,426.62,426.62,426.62
2004-03-30,417.5,421.55,421.55,421.55
2004-03-29,421.62,418.12,418.12,418.12
2004-03-26,416.5,422.5,422.5,422.5
2004-03-25,415.38,416.38,416.38,416.38
2004-03-24,419.62,415.88,415.88,415.88
2004-03-23,417.62,419.88,419.88,419.88
2004-03-22,412.12,417.38,417.38,417.38
2004-03-19,410.88,412.12,412.12,412.12
2004-03-18,407.12,411.38,411.38,411.38
2004-03-17,402.27,407.38,407.38,407.38
2004-03-16,400.12,402.62,402.62,402.62
2004-03-15,396.12,399.38,399.38,399.38
2004-03-12,402.6,395.25,395.25,395.25
2004-03-11,400.12,402.38,402.38,402.38
2004-03-10,403.35,400.3,400.3,400.3
2004-03-09,402.12,402.62,402.62,402.62
2004-03-08,400.62,401.62,401.62,401.62
2004-03-05,392.75,401.4,401.4,401.4
2004-03-04,392.62,393.12,393.12,393.12
2004-03-03,392.62,393.38,393.38,393.38
2004-03-02,399.55,393.3,393.3,393.3
2004-03-01,397.12,399.88,399.88,399.88
2004-02-27,395.1,396.45,396.45,396.45
2004-02-26,396.12,395.38,395.38,395.38
2004-02-25,403.85,395.8,395.8,395.8
2004-02-24,398.88,404.12,404.12,404.12
2004-02-23,398.1,398.9,398.9,398.9
2004-02-20,410.88,397.62,397.62,397.62
2004-02-19,410.88,409.88,409.88,409.88
2004-02-18,415.62,410.62,410.62,410.62
2004-02-17,411.48,415.62,415.62,415.62
2004-02-16,410.4,411.8,411.8,411.8
2004-02-13,412.35,410.2,410.2,410.2
2004-02-12,411.6,412.5,412.5,412.5
2004-02-11,406.12,411.62,411.62,411.62
2004-02-10,406.9,406.5,406.5,406.5
2004-02-09,402.38,406.88,406.88,406.88
2004-02-06,397.75,403.3,403.3,403.3
2004-02-05,400.8,397.3,397.3,397.3
2004-02-04,400.12,400.88,400.88,400.88
2004-02-03,398.62,399.62,399.62,399.62
2004-02-02,402.38,398.38,398.38,398.38
2004-01-30,399.88,402.57,402.57,402.57
2004-01-29,409.38,399.88,399.88,399.88
2004-01-28,410.12,410.38,410.38,410.38
2004-01-27,404.12,410.38,410.38,410.38
2004-01-26,407.62,403.88,403.88,403.88
2004-01-23,410.12,408.18,408.18,408.18
2004-01-22,410.98,409.62,409.62,409.62
2004-01-21,412.55,410.7,410.7,410.7
2004-01-20,406.88,412.88,412.88,412.88
2004-01-19,407.5,407.25,407.25,407.25
2004-01-16,409.38,406.57,406.57,406.57
2004-01-15,419.88,408.62,408.62,408.62
2004-01-14,424.38,419.38,419.38,419.38
2004-01-13,424.62,424.12,424.12,424.12
2004-01-12,426.62,424.88,424.88,424.88
2004-01-09,423.6,426.6,426.6,426.6
2004-01-08,420.62,423.88,423.88,423.88
2004-01-07,422.12,420.38,420.38,420.38
2004-01-06,423.68,422.38,422.38,422.38
2004-01-05,416.12,423.62,423.62,423.62
2004-01-02,415.38,415.12,415.12,415.12
2003-12-31,416.35,415.05,415.05,415.05
2003-12-30,414.57,416.38,416.38,416.38
2003-12-29,411.88,414.77,414.77,414.77
2003-12-26,413.15,412.4,412.4,412.4
2003-12-25,412.05,412,412,412
2003-12-24,411.6,412,412,412
2003-12-23,409.98,410.88,410.88,410.88
2003-12-22,408.62,410.12,410.12,410.12
2003-12-19,410.65,409.35,409.35,409.35
2003-12-18,412.5,410.75,410.75,410.75
2003-12-17,407.88,412.62,412.62,412.62
2003-12-16,410.38,407.38,407.38,407.38
2003-12-15,408.38,409.38,409.38,409.38
2003-12-12,405.15,409.15,409.15,409.15
2003-12-11,404.88,405.12,405.12,405.12
2003-12-10,408.48,405.52,405.52,405.52
2003-12-09,406.38,408.38,408.38,408.38
2003-12-08,406.18,407.12,407.12,407.12
2003-12-05,402.25,406.35,406.35,406.35
2003-12-04,404.38,402.88,402.88,402.88
2003-12-03,403.75,404.65,404.65,404.65
2003-12-02,402.25,403.25,403.25,403.25
2003-12-01,398.62,403.38,403.38,403.38
2003-11-28,395.38,397.88,397.88,397.88
2003-11-27,396,395.2,395.2,395.2
2003-11-26,391.38,396.62,396.62,396.62
2003-11-25,391.9,391.25,391.25,391.25
2003-11-24,396.25,391.5,391.5,391.5
2003-11-21,394.65,396.2,396.2,396.2
2003-11-20,394.95,394.55,394.55,394.55
2003-11-19,398.75,394.75,394.75,394.75
2003-11-18,390.75,398.5,398.5,398.5
2003-11-17,399,390.25,390.25,390.25
2003-11-14,394.88,397.62,397.62,397.62
2003-11-13,394.25,394.65,394.65,394.65
2003-11-12,388.1,394.05,394.05,394.05
2003-11-11,385.75,387.7,387.7,387.7
2003-11-10,383.25,386.45,386.45,386.45
2003-11-07,380.38,383.12,383.12,383.12
2003-11-06,382,379.95,379.95,379.95
2003-11-05,380.02,381.52,381.52,381.52
2003-11-04,377.45,379.6,379.6,379.6
2003-11-03,384.6,377.1,377.1,377.1
2003-10-31,383.4,384.4,384.4,384.4
2003-10-30,385.75,383.5,383.5,383.5
2003-10-29,383,386.55,386.55,386.55
2003-10-28,388.25,382.85,382.85,382.85
2003-10-27,388.25,387.9,387.9,387.9
2003-10-24,384.65,388.7,388.7,388.7
2003-10-23,384.55,384.75,384.75,384.75
2003-10-22,380.65,385.85,385.85,385.85
2003-10-21,373.25,381.25,381.25,381.25
2003-10-20,372.55,373.35,373.35,373.35
2003-10-17,372.18,371.68,371.68,371.68
2003-10-16,372.85,371.7,371.7,371.7
2003-10-15,375.75,373.15,373.15,373.15
2003-10-14,374.3,375.4,375.4,375.4
2003-10-13,373.6,374.65,374.65,374.65
2003-10-10,370.38,373.62,373.62,373.62
2003-10-09,375.7,370,370,370
2003-10-08,376.85,375.2,375.2,375.2
2003-10-07,373,376.5,376.5,376.5
2003-10-06,371.5,372.95,372.95,372.95
2003-10-03,383.35,369.7,369.7,369.7
2003-10-02,385.2,382.8,382.8,382.8
2003-10-01,385.07,384.57,384.57,384.57
2003-09-30,383,385.25,385.25,385.25
2003-09-29,381.25,382.25,382.25,382.25
2003-09-26,384.75,380.85,380.85,380.85
2003-09-25,389.12,385.38,385.38,385.38
2003-09-24,385.25,389.35,389.35,389.35
2003-09-23,386.5,384.7,384.7,384.7
2003-09-22,382.25,387.1,387.1,387.1
2003-09-19,376.85,381.95,381.95,381.95
2003-09-18,376,376.65,376.65,376.65
2003-09-17,373,376.75,376.75,376.75
2003-09-16,374.35,373.15,373.15,373.15
2003-09-15,375.8,374.1,374.1,374.1
2003-09-12,379.77,375.12,375.12,375.12
2003-09-11,380.25,380.25,380.25,380.25
2003-09-10,382,380.4,380.4,380.4
2003-09-09,375.25,382.65,382.65,382.65
2003-09-08,376.65,375.25,375.25,375.25
2003-09-05,373.2,377.2,377.2,377.2
2003-09-04,375.05,373.45,373.45,373.45
2003-09-03,371.75,373.85,373.85,373.85
2003-09-02,376.12,371.62,371.62,371.62
2003-09-01,374.9,375.9,375.9,375.9
2003-08-29,369.88,375.57,375.57,375.57
2003-08-28,372.15,369.65,369.65,369.65
2003-08-27,364.75,372.5,372.5,372.5
2003-08-26,361.25,364.65,364.65,364.65
2003-08-25,362.45,361.4,361.4,361.4
2003-08-22,361.85,363.15,363.15,363.15
2003-08-21,366.38,361.38,361.38,361.38
2003-08-20,361.98,366.27,366.27,366.27
2003-08-19,358.88,361.88,361.88,361.88
2003-08-18,363.62,358.62,358.62,358.62
2003-08-15,366.35,363.55,363.55,363.55
2003-08-14,362.35,365.85,365.85,365.85
2003-08-13,358.4,362.65,362.65,362.65
2003-08-12,361.75,358.4,358.4,358.4
2003-08-11,356.25,361.85,361.85,361.85
2003-08-08,352.6,356.65,356.65,356.65
2003-08-07,351.38,352.88,352.88,352.88
2003-08-06,351.75,351.75,351.75,351.75
2003-08-05,349.55,351.9,351.9,351.9
2003-08-04,347.5,349.55,349.55,349.55
2003-08-01,355.48,347.98,347.98,347.98
2003-07-31,356.35,355,355,355
2003-07-30,361.5,356.45,356.45,356.45
2003-07-29,363.85,361.75,361.75,361.75
2003-07-28,362,364.75,364.75,364.75
2003-07-25,362.1,362.8,362.8,362.8
2003-07-24,360.4,361.75,361.75,361.75
2003-07-23,351.15,359.65,359.65,359.65
2003-07-22,352,350.75,350.75,350.75
2003-07-21,347.5,351.75,351.75,351.75
2003-07-18,344.45,347.3,347.3,347.3
2003-07-17,343.4,344.85,344.85,344.85
2003-07-16,342.35,343.55,343.55,343.55
2003-07-15,347.05,342.15,342.15,342.15
2003-07-14,345.05,347.3,347.3,347.3
2003-07-11,344.45,345.15,345.15,345.15
2003-07-10,344.45,345.45,345.45,345.45
2003-07-09,344.4,344.55,344.55,344.55
2003-07-08,348.25,344.6,344.6,344.6
2003-07-07,351,348.4,348.4,348.4
2003-07-04,351.05,350.85,350.85,350.85
2003-07-03,351.25,351.15,351.15,351.15
2003-07-02,351.25,351.5,351.5,351.5
2003-07-01,346.75,350.75,350.75,350.75
2003-06-30,345,346.4,346.4,346.4
2003-06-27,347.45,345.25,345.25,345.25
2003-06-26,347.6,344.15,344.15,344.15
2003-06-25,347.5,347.4,347.4,347.4
2003-06-24,352.88,347.38,347.38,347.38
2003-06-23,357.25,352.45,352.45,352.45
2003-06-20,361.43,357.38,357.38,357.38
2003-06-19,357.75,362,362,362
2003-06-18,363.05,357.7,357.7,357.7
2003-06-17,359.45,362.8,362.8,362.8
2003-06-16,356.75,359.4,359.4,359.4
2003-06-13,353.73,356.88,356.88,356.88
2003-06-12,355.1,353.4,353.4,353.4
2003-06-11,353,354.75,354.75,354.75
2003-06-10,361.48,352.38,352.38,352.38
2003-06-09,362.75,361.35,361.35,361.35
2003-06-06,367.85,363.75,363.75,363.75
2003-06-05,361.95,368.3,368.3,368.3
2003-06-04,365.68,361.27,361.27,361.27
2003-06-03,366.05,365.25,365.25,365.25
2003-06-02,362.35,366.25,366.25,366.25
2003-05-30,368.62,364.98,364.98,364.98
2003-05-29,366.12,369.07,369.07,369.07
2003-05-28,365.25,364.55,364.55,364.55
2003-05-27,370.62,365.12,365.12,365.12
2003-05-26,367.85,371.15,371.15,371.15
2003-05-23,369.05,368.75,368.75,368.75
2003-05-22,372.12,368.38,368.38,368.38
2003-05-21,368.48,371.62,371.62,371.62
2003-05-20,367.12,368.12,368.12,368.12
2003-05-19,356.75,366.25,366.25,366.25
2003-05-16,351.85,354.85,354.85,354.85
2003-05-15,352.35,352,352,352
2003-05-14,350.25,352.5,352.5,352.5
2003-05-13,350.88,349.73,349.73,349.73
2003-05-12,348.65,351.25,351.25,351.25
2003-05-09,348.4,348.7,348.7,348.7
2003-05-08,341.7,348.25,348.25,348.25
2003-05-07,344.35,342,342,342
2003-05-06,342.12,344.38,344.38,344.38
2003-05-05,341.75,342.2,342.2,342.2
2003-05-02,341.85,341.05,341.05,341.05
2003-05-01,339.65,341.75,341.75,341.75
2003-04-30,334.88,339.62,339.62,339.62
2003-04-29,333.85,334.25,334.25,334.25
2003-04-28,333.25,334.1,334.1,334.1
2003-04-25,334.4,333.4,333.4,333.4
2003-04-24,331.35,334.6,334.6,334.6
2003-04-23,332.98,331.38,331.38,331.38
2003-04-22,333.77,333.12,333.12,333.12
2003-04-21,327.25,333.8,333.8,333.8
2003-04-18,327.25,327.25,327.25,327.25
2003-04-17,326.85,327.2,327.2,327.2
2003-04-16,324.75,326.45,326.45,326.45
2003-04-15,324.95,324.95,324.95,324.95
2003-04-14,326.6,325,325,325
2003-04-11,326.27,328.18,328.18,328.18
2003-04-10,327.05,326.5,326.5,326.5
2003-04-09,323.05,326.85,326.85,326.85
2003-04-08,322.85,323.3,323.3,323.3
2003-04-07,321.75,323,323,323
2003-04-04,325.35,325.7,325.7,325.7
2003-04-03,329.62,325.38,325.38,325.38
2003-04-02,335.25,330,330,330
2003-04-01,337.62,335.12,335.12,335.12
2003-03-31,332.62,337.48,337.48,337.48
2003-03-28,329.65,331.9,331.9,331.9
2003-03-27,330.88,329.38,329.38,329.38
2003-03-26,328.88,330.38,330.38,330.38
2003-03-25,330.38,328.62,328.62,328.62
2003-03-24,327.88,329.93,329.93,329.93
2003-03-21,332.12,326.18,326.18,326.18
2003-03-20,336.88,332.38,332.38,332.38
2003-03-19,338.65,336.55,336.55,336.55
2003-03-18,337.15,338.1,338.1,338.1
2003-03-17,335.1,336.9,336.9,336.9
2003-03-14,334.4,336.5,336.5,336.5
2003-03-13,346.5,334.7,334.7,334.7
2003-03-12,350.6,346,346,346
2003-03-11,354.98,350.98,350.98,350.98
2003-03-10,351.88,354.77,354.77,354.77
2003-03-07,356.4,350.6,350.6,350.6
2003-03-06,353.9,356.5,356.5,356.5
2003-03-05,354.12,353.88,353.88,353.88
2003-03-04,350.12,353.12,353.12,353.12
2003-03-03,348.62,350.12,350.12,350.12
2003-02-28,345.1,349.85,349.85,349.85
2003-02-27,354.77,345.62,345.62,345.62
2003-02-26,352.12,354.38,354.38,354.38
2003-02-25,357.12,351.93,351.93,351.93
2003-02-24,351.38,356.88,356.88,356.88
2003-02-21,352.77,351.43,351.43,351.43
2003-02-20,349.62,352.48,352.48,352.48
2003-02-19,342.75,349.95,349.95,349.95
2003-02-18,346.75,344,344,344
2003-02-17,350.5,347,347,347
2003-02-14,357,351,351,351
2003-02-13,352,356.75,356.75,356.75
2003-02-12,363.88,352.88,352.88,352.88
2003-02-11,362.62,363.68,363.68,363.68
2003-02-10,369.38,362.98,362.98,362.98
2003-02-07,370,369.9,369.9,369.9
2003-02-06,370.1,370.75,370.75,370.75
2003-02-05,382.25,372.25,372.25,372.25
2003-02-04,371.5,382,382,382
2003-02-03,368,371.35,371.35,371.35
2003-01-31,370.38,368.48,368.48,368.48
2003-01-30,365.12,370.12,370.12,370.12
2003-01-29,369.77,366.38,366.38,366.38
2003-01-28,369.12,369.48,369.48,369.48
2003-01-27,368.88,369.88,369.88,369.88
2003-01-24,363.38,368.62,368.62,368.62
2003-01-23,362.12,363.57,363.57,363.57
2003-01-22,358,361,361,361
2003-01-21,356.35,358.15,358.15,358.15
2003-01-20,356.25,356.25,356.25,356.25
2003-01-17,357.12,356.48,356.48,356.48
2003-01-16,351.12,358.12,358.12,358.12
2003-01-15,351.75,350.65,350.65,350.65
2003-01-14,354,351.5,351.5,351.5
2003-01-13,353.38,354.62,354.62,354.62
2003-01-10,352.88,354.68,354.68,354.68
2003-01-09,353.12,353.27,353.27,353.27
2003-01-08,347.62,353.62,353.62,353.62
2003-01-07,350.62,347.38,347.38,347.38
2003-01-06,350.88,351.48,351.48,351.48
2003-01-03,345.3,351.2,351.2,351.2
2003-01-02,346.38,345.62,345.62,345.62
