"Date","Price","Open","High","Low","Vol.","Change %"
"03/02/2022","6.8750","6.8500","6.9750","6.6500","9.37K","3.38%"
"03/01/2022","6.6500","6.7850","6.8450","6.6250","0.13K","-1.12%"
"02/28/2022","6.7250","6.8250","6.8350","6.6200","0.06K","-0.22%"
"02/25/2022","6.7400","6.7700","6.8525","6.6450","0.07K","0.60%"
"02/24/2022","6.7000","6.7000","6.8000","6.5213","2.09K","0.00%"
"02/23/2022","6.7000","6.6500","6.7850","6.5400","6.93K","1.52%"
"02/22/2022","6.6000","6.5500","6.7750","6.5000","2.33K","0.00%"
"02/21/2022","6.6000","6.5900","6.7750","6.4250","7.97K","0.76%"
"02/18/2022","6.5500","6.5600","6.6750","6.3500","3.83K","0.00%"
"02/17/2022","6.5500","6.5500","6.5600","6.3200","6.73K","0.77%"
"02/16/2022","6.5000","6.4950","6.6050","6.4000","0.19K","-1.37%"
"02/15/2022","6.5900","6.5300","6.5900","6.4500","0.01K","0.84%"
"02/14/2022","6.5350","6.4550","6.5350","6.3500","0.02K","2.11%"
"02/11/2022","6.4000","6.4000","6.5250","6.2750","2.27K","-0.16%"
"02/10/2022","6.4100","6.4000","6.5100","6.2000","10.11K","0.16%"
"02/09/2022","6.4000","6.3750","6.4950","6.2450","8.42K","0.00%"
"02/08/2022","6.4000","6.0800","6.4500","6.0500","2.51K","1.99%"
"02/07/2022","6.2750","6.4100","6.4750","6.1950","0.04K","-1.95%"
"02/04/2022","6.4000","6.3500","6.4750","6.1750","0.40K","0.79%"
"02/03/2022","6.3500","6.2950","6.4500","6.2000","0.12K","-0.39%"
"02/02/2022","6.3750","6.4250","6.5150","6.1750","0.17K","1.59%"
"02/01/2022","6.2750","6.2000","6.4000","6.1500","0.14K","0.00%"
"01/31/2022","6.2750","6.3750","6.3750","5.9975","0.09K","-0.40%"
"01/28/2022","6.3000","6.2750","6.3825","6.1250","0.15K","0.08%"
"01/27/2022","6.2950","6.2750","6.3500","6.1500","0.07K","0.88%"
"01/26/2022","6.2400","6.2750","6.3863","6.1050","0.09K","-0.08%"
"01/25/2022","6.2450","6.2700","6.3300","6.0375","0.18K","0.00%"
"01/24/2022","6.2450","6.3300","6.3300","6.0375","0.01K","0.00%"
"01/21/2022","6.2450","6.2400","6.3300","6.1150","7.41K","-0.32%"
"01/20/2022","6.2650","6.2675","6.3500","6.1200","12.33K","-0.08%"
"01/19/2022","6.2700","6.2400","6.3550","6.0900","8.44K","0.48%"
"01/18/2022","6.2400","6.1925","6.3250","6.1125","9.87K","-0.44%"
"01/17/2022","6.2675","6.2300","6.3413","6.1200","7.98K","0.44%"
"01/14/2022","6.2400","6.2200","6.3000","6.1100","0.03K","1.05%"
"01/13/2022","6.1750","6.1750","6.3000","6.0800","6.15K","0.00%"
"01/12/2022","6.1750","6.1750","6.3000","6.1050","0.01K","0.16%"
"01/11/2022","6.1650","6.1750","6.3000","6.0900","0.02K","0.00%"
"01/10/2022","6.1650","6.2050","6.3000","6.1400","8.78K","-0.32%"
"01/07/2022","6.1845","6.1845","6.1845","6.1845","","0.00%"
"01/06/2022","6.1845","6.2800","6.2800","6.1050","4.00K","0.15%"
"01/05/2022","6.1750","6.2900","6.2900","6.1350","0.06K","-0.15%"
"01/04/2022","6.1843","6.0800","6.2800","6.0800","0.94K","0.56%"
"01/03/2022","6.1500","6.1500","6.1500","6.1500","","0.00%"
"12/31/2021","6.1500","6.1843","6.1843","6.0950","9.98K","0.00%"
"12/30/2021","6.1500","6.1650","6.2800","6.0950","9.37K","0.00%"
"12/29/2021","6.1500","6.1750","6.2800","6.0950","4.03K","0.00%"
"12/28/2021","6.1500","6.1500","6.1500","6.1500","","0.00%"
"12/27/2021","6.1500","6.1500","6.1500","6.1500","","0.00%"
"12/24/2021","6.1500","6.2200","6.2800","6.0950","0.02K","0.49%"
"12/23/2021","6.1200","6.0950","6.2800","6.0950","0.01K","-0.89%"
"12/22/2021","6.1750","6.1750","6.2800","6.0950","0.09K","0.00%"
"12/21/2021","6.1750","6.1750","6.2800","6.0900","0.02K","0.00%"
"12/20/2021","6.1750","6.1550","6.2800","6.0950","0.03K","0.00%"
"12/17/2021","6.1750","6.2250","6.2750","6.0875","0.06K","0.00%"
"12/16/2021","6.1750","6.1750","6.2750","6.1000","0.12K","0.98%"
"12/15/2021","6.1150","6.0875","6.2750","6.0725","0.10K","0.00%"
"12/14/2021","6.1150","6.1300","6.2700","6.0750","0.02K","-0.24%"
"12/13/2021","6.1300","6.0875","6.2700","6.0375","0.03K","0.00%"
"12/10/2021","6.1300","6.2600","6.2600","6.0850","0.01K","0.04%"
"12/09/2021","6.1275","6.1750","6.2500","6.0700","0.10K","0.04%"
"12/08/2021","6.1250","6.0900","6.2400","6.0725","0.04K","0.57%"
"12/07/2021","6.0900","6.0900","6.2300","6.0750","0.01K","-1.38%"
"12/06/2021","6.1750","6.2200","6.2300","6.0750","0.14K","0.16%"
"12/03/2021","6.1650","6.1650","6.1650","6.0875","0.05K","1.07%"
"12/02/2021","6.1000","6.2200","6.2200","6.0800","0.02K","-0.61%"
"12/01/2021","6.1375","6.1500","6.2100","6.0900","6.82K","0.04%"
"11/30/2021","6.1350","6.1450","6.1750","6.0875","13.55K","-0.04%"
"11/29/2021","6.1375","6.0900","6.2100","6.0725","10.82K","0.78%"
"11/26/2021","6.0900","6.0875","6.1900","6.0725","11.75K","-0.61%"
"11/25/2021","6.1275","6.1275","6.2000","6.0750","40.99K","0.00%"
"11/24/2021","6.1275","6.1500","6.1800","6.0550","18.99K","-0.37%"
"11/23/2021","6.1500","6.1350","6.1800","6.0125","9.64K","0.16%"
"11/22/2021","6.1400","6.0600","6.1700","6.0300","12.35K","-0.16%"
"11/19/2021","6.1500","6.1500","6.1900","6.0300","9.63K","0.00%"
"11/18/2021","6.1500","6.1500","6.1750","6.0450","12.35K","0.00%"
"11/17/2021","6.1500","6.1500","6.1750","6.0200","11.45K","0.00%"
"11/16/2021","6.1500","6.1500","6.1750","6.0350","10.71K","0.00%"
"11/15/2021","6.1500","6.0600","6.1800","6.0250","9.63K","0.41%"
"11/12/2021","6.1250","6.1250","6.1700","6.0250","10.96K","0.00%"
"11/11/2021","6.1250","6.1250","6.1700","6.0300","7.19K","0.00%"
"11/10/2021","6.1250","6.1250","6.1700","6.0300","5.76K","0.00%"
"11/09/2021","6.1250","6.1100","6.2000","6.0063","9.59K","0.25%"
"11/08/2021","6.1100","6.0600","6.1175","6.0050","8.67K","0.16%"
"11/05/2021","6.1000","6.1000","6.1120","6.0050","7.75K","0.00%"
"11/04/2021","6.1000","6.1000","6.2250","6.0050","8.15K","-0.16%"
"11/03/2021","6.1100","6.1000","6.1100","6.0225","8.05K","0.00%"
"11/02/2021","6.1100","6.1100","6.1750","5.9600","7.31K","0.00%"
"11/01/2021","6.1100","6.1000","6.1267","6.0050","7.70K","0.00%"
"10/29/2021","6.1100","6.0600","6.1275","5.9700","6.26K","0.58%"
"10/28/2021","6.0750","6.0750","6.1000","6.0275","6.72K","0.00%"
"10/27/2021","6.0750","6.0688","6.2500","5.9700","11.50K","-0.57%"
"10/26/2021","6.1100","6.1000","6.1950","6.0275","7.60K","0.16%"
"10/25/2021","6.1000","6.1000","6.2600","5.9750","7.53K","0.16%"
"10/22/2021","6.0900","6.0750","6.1900","5.9750","7.22K","0.25%"
"10/21/2021","6.0750","6.0725","6.1050","5.9725","8.76K","1.00%"
"10/20/2021","6.0150","6.0688","6.1200","5.9600","9.06K","-0.33%"
"10/19/2021","6.0350","6.0750","6.1150","5.9700","8.63K","-0.66%"
"10/18/2021","6.0750","6.0337","6.1050","5.9675","5.26K","0.16%"
"10/15/2021","6.0650","6.0650","6.0725","5.9575","7.02K","0.00%"
"10/14/2021","6.0650","6.0650","6.1125","5.9575","8.02K","0.00%"
"10/13/2021","6.0650","6.0650","6.0750","5.9500","7.60K","0.00%"
"10/12/2021","6.0650","6.0650","6.1050","5.9575","6.10K","0.00%"
"10/11/2021","6.0650","6.0337","6.0950","5.9500","7.26K","0.33%"
"10/08/2021","6.0450","6.0650","6.0825","5.9575","9.27K","-0.33%"
"10/07/2021","6.0650","6.0650","6.0650","5.9350","6.78K","0.00%"
"10/06/2021","6.0650","6.0650","6.0800","5.9500","8.90K","0.00%"
"10/05/2021","6.0650","6.0250","6.0650","5.9500","4.25K","0.25%"
"10/04/2021","6.0500","6.0337","6.0601","5.9350","7.60K","0.00%"
"10/01/2021","6.0500","6.0100","6.0600","5.9350","5.76K","0.00%"
"09/30/2021","6.0500","6.0100","6.0593","5.9500","5.15K","0.00%"
"09/29/2021","6.0500","6.0435","6.0650","5.9350","1.00K","0.67%"
"09/28/2021","6.0100","6.0400","6.0800","5.9425","11.70K","-0.50%"
"09/27/2021","6.0400","6.0451","6.0800","5.9350","10.06K","0.75%"
"09/24/2021","5.9950","6.0380","6.0800","5.9500","40.18K","-0.71%"
"09/23/2021","6.0380","6.0337","6.0850","5.9350","32.49K","0.89%"
"09/22/2021","5.9850","6.0337","6.0500","5.9350","7.84K","-0.99%"
"09/21/2021","6.0450","6.0337","6.0450","6.0337","0.00K","0.08%"
"09/20/2021","6.0400","6.0025","6.0725","5.9350","8.30K","0.92%"
"09/17/2021","5.9850","6.0500","6.1100","5.9388","9.63K","0.00%"
"09/16/2021","5.9850","6.0500","6.0893","5.9300","12.71K","-0.17%"
"09/15/2021","5.9950","6.0500","6.0875","5.9450","9.24K","-0.58%"
"09/14/2021","6.0300","6.0025","6.0838","5.9750","9.70K","0.75%"
"09/13/2021","5.9850","6.0500","6.0825","5.8050","9.26K","-0.91%"
"09/10/2021","6.0400","6.0500","6.0800","5.9550","0.05K","0.00%"
"09/09/2021","6.0400","6.0000","6.0675","5.9550","0.04K","-0.17%"
"09/08/2021","6.0500","6.0500","6.0650","5.9400","0.04K","1.09%"
"09/07/2021","5.9850","6.0600","6.0900","5.9600","0.16K","-1.24%"
"09/06/2021","6.0600","6.0500","6.0650","5.9350","0.14K","0.00%"
"09/03/2021","6.0600","6.0500","6.0975","5.9350","0.10K","1.85%"
"09/02/2021","5.9500","6.0600","6.1025","5.9500","0.05K","-1.65%"
"09/01/2021","6.0500","6.0400","6.0900","5.9500","2.50K","0.17%"
"08/31/2021","6.0400","6.0400","6.0738","5.9350","6.64K","0.00%"
"08/30/2021","6.0400","6.0600","6.0840","5.9500","0.12K","0.67%"
"08/27/2021","6.0000","6.0400","6.0800","5.9500","0.13K","-0.66%"
"08/26/2021","6.0400","6.0400","6.0725","5.8140","0.25K","0.00%"
"08/25/2021","6.0400","6.0400","6.0451","5.9495","0.28K","0.00%"
"08/24/2021","6.0400","6.0400","6.0850","5.9750","0.20K","0.00%"
"08/23/2021","6.0400","6.0600","6.0600","5.9475","0.13K","0.58%"
"08/20/2021","6.0050","6.0400","6.0600","5.9450","0.05K","0.08%"
"08/19/2021","6.0000","6.0400","6.0750","5.9100","0.06K","-0.66%"
"08/18/2021","6.0400","6.0300","6.0593","5.7975","0.23K","0.17%"
"08/17/2021","6.0300","6.0000","6.0650","5.8750","0.11K","0.17%"
"08/16/2021","6.0200","6.0200","6.0700","5.9475","0.12K","0.00%"
"08/13/2021","6.0200","6.0200","6.0250","5.9250","0.34K","0.00%"
"08/12/2021","6.0200","6.0200","6.0250","5.9300","0.25K","0.00%"
"08/11/2021","6.0200","6.0200","6.0200","5.9350","0.18K","0.00%"
"08/10/2021","6.0200","5.9900","6.0350","5.9000","0.13K","0.25%"
"08/09/2021","6.0050","6.0000","6.0050","5.9250","0.04K","0.00%"
"08/06/2021","6.0050","6.0000","6.0050","5.8950","0.16K","0.08%"
"08/05/2021","6.0000","5.9900","6.0050","5.8000","0.11K","0.17%"
"08/04/2021","5.9900","6.0000","6.0050","5.9000","0.02K","-0.17%"
"08/03/2021","6.0000","5.9900","6.0100","5.8000","0.11K","0.00%"
"08/02/2021","6.0000","5.9800","6.0200","5.7700","0.21K","0.33%"
"07/30/2021","5.9800","5.9800","5.9950","5.9200","0.12K","0.00%"
"07/29/2021","5.9800","5.9800","6.0000","5.8000","0.18K","0.00%"
"07/28/2021","5.9800","5.9700","5.9900","5.8000","0.18K","0.17%"
"07/27/2021","5.9700","5.9700","5.9900","5.8000","0.31K","0.00%"
"07/26/2021","5.9700","5.9750","6.0000","5.8000","0.11K","1.32%"
"07/23/2021","5.8925","5.9550","5.9700","5.7800","0.16K","-1.05%"
"07/22/2021","5.9550","5.9450","5.9750","5.8750","0.11K","0.25%"
"07/21/2021","5.9400","5.9375","5.9700","5.7900","0.09K","-0.50%"
"07/20/2021","5.9700","5.9700","5.9700","5.9700","","0.67%"
"07/19/2021","5.9300","5.9700","5.9700","5.8000","0.13K","-0.42%"
"07/16/2021","5.9550","5.9525","5.9575","5.8500","0.21K","0.04%"
"07/15/2021","5.9525","5.9300","5.9700","5.8000","0.21K","0.38%"
"07/14/2021","5.9300","5.8000","5.9650","5.8000","0.11K","0.00%"
"07/13/2021","5.9300","5.9300","5.9351","5.8000","0.26K","0.00%"
"07/12/2021","5.9300","5.9350","5.9450","5.8500","0.15K","0.25%"
"07/09/2021","5.9150","5.9300","5.9350","5.8150","0.16K","-0.25%"
"07/08/2021","5.9300","5.9300","5.9550","5.8325","0.16K","0.00%"
"07/07/2021","5.9300","5.9300","5.9450","5.8325","0.19K","0.00%"
"07/06/2021","5.9300","5.9200","5.9650","5.8000","0.10K","0.51%"
"07/05/2021","5.9000","5.9400","5.9400","5.8900","0.05K","-0.08%"
"07/02/2021","5.9050","5.8900","5.9050","5.8150","0.18K","0.25%"
"07/01/2021","5.8900","5.8900","5.9500","5.8050","0.17K","0.00%"
"06/30/2021","5.8900","5.8550","5.9250","5.8150","0.21K","0.60%"
"06/29/2021","5.8550","5.8550","5.9325","5.7900","0.15K","0.00%"
"06/28/2021","5.8550","5.8400","5.9000","5.7900","0.13K","0.26%"
"06/25/2021","5.8400","5.8375","5.8475","5.8050","0.11K","0.04%"
"06/24/2021","5.8375","5.8300","5.8650","5.8000","0.21K","0.13%"
"06/23/2021","5.8300","5.8300","5.8425","5.7700","0.15K","0.00%"
"06/22/2021","5.8300","5.8300","5.8450","5.7900","0.16K","0.00%"
"06/21/2021","5.8300","5.8100","5.8345","5.7700","0.09K","0.34%"
"06/18/2021","5.8100","5.8050","5.8350","5.7975","0.16K","0.09%"
"06/17/2021","5.8050","5.8000","5.8295","5.7850","0.20K","0.09%"
"06/16/2021","5.8000","5.8000","5.8200","5.7450","0.20K","0.00%"
"06/15/2021","5.8000","5.8000","5.8300","5.7700","0.27K","0.00%"
"06/14/2021","5.8000","5.8075","5.8175","5.7800","0.24K","0.17%"
"06/11/2021","5.7900","5.8200","5.8250","5.7700","0.26K","-0.52%"
"06/10/2021","5.8200","5.8200","5.8250","5.7800","0.16K","0.00%"
"06/09/2021","5.8200","5.8200","5.8238","5.7750","0.15K","0.00%"
"06/08/2021","5.8200","5.8200","5.8200","5.7700","0.15K","0.00%"
"06/07/2021","5.8200","5.7900","5.8238","5.7700","0.13K","0.69%"
"06/04/2021","5.7800","5.8100","5.8275","5.7650","0.08K","-0.43%"
"06/03/2021","5.8050","5.7800","5.8150","5.7700","0.08K","0.00%"
"06/02/2021","5.8050","5.7800","5.8183","5.7700","0.04K","0.26%"
"06/01/2021","5.7900","5.7800","5.8150","5.7650","0.06K","-0.26%"
"05/31/2021","5.8050","5.7800","5.8150","5.7650","0.16K","0.43%"
"05/28/2021","5.7800","5.7800","5.8100","5.7650","0.12K","-0.39%"
"05/27/2021","5.8025","5.7800","5.8100","5.7500","0.11K","0.30%"
"05/26/2021","5.7850","5.7800","5.8050","5.7550","0.08K","0.09%"
"05/25/2021","5.7800","5.7850","5.8050","5.7600","0.11K","-0.17%"
"05/24/2021","5.7900","5.7800","5.8000","5.7600","0.03K","0.09%"
"05/21/2021","5.7850","5.7800","5.8025","5.7600","0.05K","0.35%"
"05/20/2021","5.7650","5.7800","5.7950","5.7550","0.08K","0.00%"
"05/19/2021","5.7650","5.7650","5.7900","5.7575","0.14K","0.00%"
"05/18/2021","5.7650","5.7650","5.7900","5.7500","0.14K","0.00%"
"05/17/2021","5.7650","5.7750","5.7950","5.7450","0.14K","0.00%"
"05/14/2021","5.7650","5.7650","5.7850","5.7450","0.17K","0.00%"
"05/13/2021","5.7650","5.7650","5.7700","5.7650","0.10K","0.00%"
"05/12/2021","5.7650","5.7650","5.7850","5.7425","0.08K","0.09%"
"05/11/2021","5.7600","5.7650","5.7900","5.7400","0.05K","-0.09%"
"05/10/2021","5.7650","5.7700","5.7900","5.7450","0.03K","-0.17%"
"05/07/2021","5.7750","5.7700","5.7900","5.7525","0.15K","0.09%"
"05/06/2021","5.7700","5.7700","5.8200","5.7350","0.29K","0.00%"
"05/05/2021","5.7700","5.7700","5.8200","5.7550","0.28K","0.00%"
"05/04/2021","5.7700","5.7700","5.8200","5.7550","0.10K","-0.26%"
"05/03/2021","5.7850","5.7800","5.7850","5.7800","0.00K","0.00%"
"04/30/2021","5.7850","5.7700","5.8200","5.7550","0.22K","0.26%"
"04/29/2021","5.7700","5.7700","5.8200","5.7500","0.10K","-0.26%"
"04/28/2021","5.7850","5.7800","5.8200","5.7600","0.03K","0.17%"
"04/27/2021","5.7750","5.7750","5.8200","5.7600","0.12K","-0.09%"
"04/26/2021","5.7800","5.7800","5.8200","5.7600","0.03K","-0.04%"
"04/23/2021","5.7825","5.7700","5.8200","5.7600","0.10K","0.04%"
"04/22/2021","5.7800","5.7700","5.8200","5.7475","0.04K","0.09%"
"04/21/2021","5.7750","5.7800","5.8150","5.7575","0.03K","-0.09%"
"04/20/2021","5.7800","5.7700","5.8200","5.7425","0.05K","0.17%"
"04/19/2021","5.7700","5.7800","5.8150","5.7450","0.12K","-0.17%"
"04/16/2021","5.7800","5.7700","5.8150","5.7550","0.27K","-0.09%"
"04/15/2021","5.7850","5.7700","5.8300","5.7550","0.17K","0.09%"
"04/14/2021","5.7800","5.7700","5.8150","5.7150","0.15K","0.09%"
"04/13/2021","5.7750","5.7700","5.8150","5.7250","0.06K","0.09%"
"04/12/2021","5.7700","5.7700","5.8200","5.7500","0.21K","-0.17%"
"04/09/2021","5.7800","5.7800","5.8150","5.6625","0.31K","0.00%"
"04/08/2021","5.7800","5.7800","5.7900","5.7600","0.06K","0.00%"
"04/07/2021","5.7800","5.7800","5.8200","5.7350","0.05K","-0.17%"
"04/06/2021","5.7900","5.7800","5.8200","5.7550","0.31K","0.17%"
"04/05/2021","5.7800","5.7800","5.7800","5.7800","","0.00%"
"04/02/2021","5.7800","5.8000","5.8000","5.7800","0.00K","-0.34%"
"04/01/2021","5.8000","5.7800","5.8200","5.7600","0.68K","0.26%"
"03/31/2021","5.7850","5.7800","5.8200","5.7200","0.22K","0.09%"
"03/30/2021","5.7800","5.7800","5.8200","5.7200","0.41K","0.00%"
"03/29/2021","5.7800","5.7650","5.8800","5.7075","0.14K","0.26%"
"03/26/2021","5.7650","5.7650","5.7950","5.7250","0.19K","0.00%"
"03/25/2021","5.7650","5.7500","5.8000","5.7175","0.24K","0.26%"
"03/24/2021","5.7500","5.7425","5.8200","5.7050","0.13K","0.09%"
"03/23/2021","5.7450","5.7200","5.7563","5.7025","0.09K","0.09%"
"03/22/2021","5.7400","5.7200","5.7650","5.7100","0.03K","0.09%"
"03/19/2021","5.7350","5.7350","5.8200","5.6975","0.19K","0.00%"
"03/18/2021","5.7350","5.7350","5.8000","5.7063","0.16K","0.00%"
"03/17/2021","5.7350","5.7350","5.7525","5.7200","0.15K","0.00%"
"03/16/2021","5.7350","5.8150","5.8150","5.7225","0.10K","0.17%"
"03/15/2021","5.7250","5.7200","5.8150","5.6975","0.07K","-0.09%"
"03/12/2021","5.7300","5.7400","5.8200","5.7050","0.19K","-0.17%"
"03/11/2021","5.7400","5.7400","5.7500","5.7050","0.14K","0.00%"
"03/10/2021","5.7400","5.7400","5.7700","5.7000","0.15K","0.00%"
"03/09/2021","5.7400","5.7300","5.7600","5.7100","0.09K","0.00%"
"03/08/2021","5.7400","5.7350","5.7400","5.7350","0.00K","0.26%"
"03/05/2021","5.7250","5.7250","5.8000","5.7150","0.09K","-0.17%"
"03/04/2021","5.7350","5.7300","5.8200","5.7100","0.09K","0.17%"
"03/03/2021","5.7250","5.8100","5.8100","5.7050","0.07K","-0.26%"
"03/02/2021","5.7400","5.7300","5.7550","5.7100","0.08K","-0.17%"
"03/01/2021","5.7500","5.7500","5.7750","5.7175","0.28K","-0.09%"
"02/26/2021","5.7550","5.7550","5.7725","5.7375","0.13K","0.00%"
"02/25/2021","5.7550","5.7550","5.7950","5.7300","0.14K","0.00%"
"02/24/2021","5.7550","5.7550","5.7800","5.7375","0.08K","0.09%"
"02/23/2021","5.7500","5.7650","5.7750","5.7350","0.33K","-0.26%"
"02/22/2021","5.7650","5.7800","5.8050","5.7350","0.40K","-0.17%"
"02/19/2021","5.7750","5.7750","5.8200","5.7400","0.16K","0.00%"
"02/18/2021","5.7750","5.8000","5.8200","5.7550","0.35K","-0.43%"
"02/17/2021","5.8000","5.8050","5.8200","5.7775","0.26K","-0.09%"
"02/16/2021","5.8050","5.8050","5.8300","5.7850","0.17K","0.00%"
"02/15/2021","5.8050","5.8150","5.8350","5.7900","0.16K","-0.17%"
"02/12/2021","5.8150","5.8300","5.8475","5.8000","0.17K","0.09%"
"02/11/2021","5.8100","5.8200","5.8525","5.7900","0.04K","0.09%"
"02/10/2021","5.8050","5.8150","5.8300","5.7950","0.04K","0.00%"
"02/09/2021","5.8050","5.8150","5.8300","5.7950","0.06K","0.00%"
"02/08/2021","5.8050","5.8150","5.8550","5.7950","0.10K","-0.17%"
"02/05/2021","5.8150","5.8125","5.8275","5.8000","0.17K","-0.09%"
"02/04/2021","5.8200","5.8150","5.8300","5.7850","0.03K","0.17%"
"02/03/2021","5.8100","5.8150","5.8600","5.8100","0.27K","-0.09%"
"02/02/2021","5.8150","5.8250","5.8500","5.7850","0.05K","-0.09%"
"02/01/2021","5.8200","5.8251","5.8600","5.7850","0.05K","0.09%"
"01/29/2021","5.8150","5.8000","5.8550","5.7700","0.16K","-0.09%"
"01/28/2021","5.8200","5.8300","5.8850","5.7850","0.19K","-0.17%"
"01/27/2021","5.8300","5.8300","5.8750","5.7975","0.25K","0.00%"
"01/26/2021","5.8300","5.8300","5.8700","5.8125","0.16K","0.00%"
"01/25/2021","5.8300","5.8500","5.8750","5.8100","0.36K","0.00%"
"01/22/2021","5.8300","5.8550","5.8700","5.8150","0.04K","-0.26%"
"01/21/2021","5.8450","5.8300","5.9000","5.8200","0.14K","0.26%"
"01/20/2021","5.8300","5.8300","5.8700","5.8200","0.16K","0.00%"
"01/19/2021","5.8300","5.8300","5.8700","5.8150","0.17K","0.00%"
"01/18/2021","5.8300","5.8500","5.8700","5.8175","0.20K","-0.26%"
"01/15/2021","5.8450","5.8300","5.8700","5.8200","0.15K","0.26%"
"01/14/2021","5.8300","5.8300","5.8700","5.8250","0.27K","0.00%"
"01/13/2021","5.8300","5.8550","5.8750","5.8200","0.18K","-0.43%"
"01/12/2021","5.8550","5.8600","5.8800","5.8350","0.17K","-0.09%"
"01/11/2021","5.8600","5.8600","5.8700","5.8350","0.11K","-0.13%"
"01/08/2021","5.8675","5.8600","5.8750","5.7850","0.09K","0.13%"
"01/07/2021","5.8600","5.8600","5.8600","5.8600","","0.00%"
"01/06/2021","5.8600","5.8700","5.8750","5.8250","0.11K","-0.17%"
"01/05/2021","5.8700","5.8551","5.8850","5.8500","0.07K","0.00%"
"01/04/2021","5.8700","5.8800","5.8850","5.8200","0.09K","-0.17%"
"01/01/2021","5.8800","5.8800","5.8800","5.8800","","0.00%"
"12/31/2020","5.8800","5.8800","5.8900","5.8450","0.12K","0.09%"
"12/30/2020","5.8750","5.8550","5.9100","5.8250","0.09K","0.00%"
"12/29/2020","5.8750","5.8700","5.8850","5.8250","0.09K","0.00%"
"12/28/2020","5.8750","5.8750","5.8750","5.8750","","0.15%"
"12/25/2020","5.8663","5.8663","5.8663","5.8663","","0.00%"
"12/24/2020","5.8663","5.8550","5.9000","5.8250","0.25K","-0.32%"
"12/23/2020","5.8850","5.8550","5.8925","5.8350","0.03K","-0.25%"
"12/22/2020","5.9000","5.9350","5.9350","5.7675","0.27K","-0.67%"
"12/21/2020","5.9400","5.8550","5.9400","5.8150","0.28K","1.37%"
"12/18/2020","5.8600","5.8600","5.8850","5.8150","0.29K","0.00%"
"12/17/2020","5.8600","5.8600","5.8963","5.8150","0.51K","0.00%"
"12/16/2020","5.8600","5.8600","5.9400","5.8350","0.15K","0.00%"
"12/15/2020","5.8600","5.8600","5.9300","5.8150","0.19K","0.00%"
"12/14/2020","5.8600","5.8700","5.9400","5.8150","0.12K","0.17%"
"12/11/2020","5.8500","5.8600","5.9800","5.8400","0.16K","-0.17%"
"12/10/2020","5.8600","5.8600","5.9800","5.8250","0.18K","0.00%"
"12/09/2020","5.8600","5.8700","5.9900","5.8150","0.36K","0.43%"
"12/08/2020","5.8350","5.8550","5.9800","5.8350","0.04K","0.26%"
"12/07/2020","5.8200","5.9700","5.9700","5.8200","0.00K","-0.68%"
"12/04/2020","5.8600","5.8600","5.9650","5.8150","0.11K","0.00%"
"12/03/2020","5.8600","5.8600","5.9600","5.8000","0.15K","0.00%"
"12/02/2020","5.8600","5.8451","5.9650","5.8100","0.09K","0.09%"
"12/01/2020","5.8550","5.8600","5.8700","5.8200","0.03K","-0.26%"
"11/30/2020","5.8700","5.8600","5.9125","5.8150","0.03K","0.43%"
"11/27/2020","5.8450","5.8550","5.8600","5.8150","0.13K","-0.17%"
"11/26/2020","5.8550","5.8500","5.8600","5.8250","0.17K","0.09%"
"11/25/2020","5.8500","5.8325","5.9700","5.7850","0.17K","0.30%"
"11/24/2020","5.8325","5.8325","5.9700","5.8050","0.14K","0.00%"
"11/23/2020","5.8325","5.8400","5.9600","5.8000","0.11K","0.04%"
"11/20/2020","5.8300","5.8325","5.9350","5.8188","0.16K","-0.04%"
"11/19/2020","5.8325","5.8325","5.9200","5.8050","0.17K","0.00%"
"11/18/2020","5.8325","5.8200","5.9100","5.8100","0.11K","0.21%"
"11/17/2020","5.8200","5.8200","5.9000","5.7975","0.30K","-0.21%"
"11/16/2020","5.8325","5.8650","5.9000","5.7800","0.33K","0.00%"
"11/13/2020","5.8325","5.8325","5.8650","5.8050","0.03K","-0.04%"
"11/12/2020","5.8350","5.8325","5.8650","5.8100","0.04K","0.04%"
"11/11/2020","5.8325","5.8650","5.8650","5.8050","0.18K","0.26%"
"11/10/2020","5.8175","5.8325","5.8650","5.8050","0.15K","-0.26%"
"11/09/2020","5.8325","5.8650","5.8875","5.8090","0.42K","0.04%"
"11/06/2020","5.8300","5.8300","5.8650","5.8050","0.04K","-0.04%"
"11/05/2020","5.8325","5.8650","5.9000","5.8050","0.03K","-0.04%"
"11/04/2020","5.8350","5.8650","5.8650","5.8100","0.01K","-0.17%"
"11/03/2020","5.8450","5.8650","5.9100","5.8000","0.29K","0.52%"
"11/02/2020","5.8150","5.8550","5.9010","5.7850","0.08K","-0.21%"
"10/30/2020","5.8275","5.8275","5.8590","5.7850","0.15K","0.00%"
"10/29/2020","5.8275","5.8275","5.8550","5.7850","0.21K","0.00%"
"10/28/2020","5.8275","5.8275","5.8550","5.7650","0.34K","0.00%"
"10/27/2020","5.8275","5.8275","5.8600","5.7650","0.17K","0.00%"
"10/26/2020","5.8275","5.8550","5.8550","5.7850","0.10K","0.17%"
"10/23/2020","5.8175","5.8200","5.8550","5.7850","0.06K","-0.04%"
"10/22/2020","5.8200","5.8200","5.8550","5.7800","0.17K","0.00%"
"10/21/2020","5.8200","5.8200","5.8450","5.7875","0.14K","0.00%"
"10/20/2020","5.8200","5.8450","5.8800","5.7925","0.09K","0.17%"
"10/19/2020","5.8100","5.8350","5.8650","5.7825","0.06K","-0.17%"
"10/16/2020","5.8200","5.8000","5.8700","5.7875","0.15K","0.34%"
"10/15/2020","5.8000","5.8000","5.8600","5.7850","0.16K","0.00%"
"10/14/2020","5.8000","5.8000","5.8350","5.7800","0.13K","0.00%"
"10/13/2020","5.8000","5.8000","5.8300","5.7750","0.13K","0.00%"
"10/12/2020","5.8000","5.8250","5.8500","5.7650","0.51K","0.00%"
"10/09/2020","5.8000","5.8350","5.8400","5.7850","0.20K","0.00%"
"10/08/2020","5.8000","5.8350","5.8500","5.7775","0.44K","-0.85%"
"10/07/2020","5.8500","5.8350","5.8600","5.7750","0.04K","0.86%"
"10/06/2020","5.8000","5.8050","5.8350","5.7675","0.06K","0.00%"
"10/05/2020","5.8000","5.8350","5.8350","5.7825","0.04K","0.00%"
"10/02/2020","5.8000","5.8450","5.8700","5.7775","0.03K","-0.04%"
"10/01/2020","5.8025","5.8350","5.8488","5.7825","0.12K","0.22%"
"09/30/2020","5.7900","5.7550","5.8600","5.7550","0.04K","0.00%"
"09/29/2020","5.7900","5.8250","5.8250","5.7600","0.30K","0.00%"
"09/28/2020","5.7900","5.8250","5.8250","5.7650","0.15K","0.00%"
"09/25/2020","5.7900","5.7900","5.8600","5.7650","0.15K","0.00%"
"09/24/2020","5.7900","5.8500","5.8500","5.7550","0.11K","0.00%"
"09/23/2020","5.7900","5.8050","5.8400","5.7500","0.12K","-0.26%"
"09/22/2020","5.8050","5.8050","5.8050","5.7600","0.17K","0.00%"
"09/21/2020","5.8050","5.8050","5.8050","5.8050","","0.43%"
"09/18/2020","5.7800","5.7800","5.8050","5.7400","0.10K","0.00%"
"09/17/2020","5.7800","5.8050","5.8050","5.7400","0.09K","-0.09%"
"09/16/2020","5.7850","5.7800","5.8275","5.7100","0.11K","0.09%"
"09/15/2020","5.7800","5.8000","5.8300","5.7250","0.10K","0.00%"
"09/14/2020","5.7800","5.8050","5.8400","5.7250","0.08K","-0.17%"
"09/11/2020","5.7900","5.7800","5.8300","5.7250","0.17K","0.17%"
"09/10/2020","5.7800","5.7800","5.8350","5.7000","0.15K","0.00%"
"09/09/2020","5.7800","5.7950","5.8300","5.7250","0.20K","0.00%"
"09/08/2020","5.7800","5.7950","5.7950","5.7250","0.08K","0.09%"
"09/07/2020","5.7750","5.7950","5.8000","5.7100","0.16K","-0.35%"
"09/04/2020","5.7950","5.7950","5.8200","5.7100","0.03K","0.43%"
"09/03/2020","5.7700","5.7800","5.7951","5.7100","0.37K","-0.17%"
"09/02/2020","5.7800","5.7800","5.8325","5.7000","0.17K","0.00%"
"09/01/2020","5.7800","5.7800","5.8250","5.6850","0.37K","0.00%"
"08/31/2020","5.7800","5.8050","5.8350","5.7050","0.12K","-0.09%"
"08/28/2020","5.7850","5.7700","5.8350","5.7000","0.19K","0.26%"
"08/27/2020","5.7700","5.7700","5.8250","5.7000","0.17K","0.00%"
"08/26/2020","5.7700","5.7850","5.8175","5.7000","0.10K","0.09%"
"08/25/2020","5.7650","5.7800","5.8250","5.7000","0.24K","-0.26%"
"08/24/2020","5.7800","5.8050","5.8275","5.6850","0.10K","0.00%"
"08/21/2020","5.7800","5.7700","5.8050","5.7000","0.38K","0.17%"
"08/20/2020","5.7700","5.7700","5.8350","5.7000","0.17K","0.00%"
"08/19/2020","5.7700","5.7550","5.8250","5.7000","0.23K","0.26%"
"08/18/2020","5.7550","5.7650","5.8200","5.6850","0.12K","0.00%"
"08/17/2020","5.7550","5.7550","5.8050","5.7000","0.39K","0.00%"
"08/14/2020","5.7550","5.7600","5.7950","5.6850","0.22K","-0.09%"
"08/13/2020","5.7600","5.7600","5.8025","5.6950","0.32K","0.00%"
"08/12/2020","5.7600","5.7550","5.8100","5.6950","0.41K","0.09%"
"08/11/2020","5.7550","5.7550","5.8075","5.6925","0.17K","0.00%"
"08/10/2020","5.7550","5.7750","5.8175","5.6950","0.20K","-0.35%"
"08/07/2020","5.7750","5.7750","5.8250","5.7450","0.21K","0.00%"
"08/06/2020","5.7750","5.7750","5.8200","5.6950","0.16K","0.00%"
"08/05/2020","5.7750","5.7750","5.8225","5.7000","0.33K","0.00%"
"08/04/2020","5.7750","5.7750","5.8100","5.7725","0.09K","0.00%"
"08/03/2020","5.7750","5.7750","5.8250","5.7000","0.19K","0.26%"
"07/31/2020","5.7600","5.7650","5.7750","5.7600","0.01K","-0.43%"
"07/30/2020","5.7850","5.7650","5.8350","5.7000","0.23K","0.35%"
"07/29/2020","5.7650","5.7650","5.8350","5.7000","0.23K","-0.22%"
"07/28/2020","5.7775","5.7800","5.8175","5.6950","0.10K","-0.13%"
"07/27/2020","5.7850","5.7950","5.8350","5.7000","0.08K","-0.09%"
"07/24/2020","5.7900","5.8050","5.8400","5.7550","0.17K","-0.17%"
"07/23/2020","5.8000","5.8000","5.8500","5.6900","0.36K","0.00%"
"07/22/2020","5.8000","5.7600","5.8500","5.6900","0.62K","0.69%"
"07/21/2020","5.7600","5.7550","5.8250","5.6900","0.35K","0.17%"
"07/20/2020","5.7500","5.7450","5.8038","5.6850","0.21K","0.09%"
"07/17/2020","5.7450","5.7550","5.8000","5.6850","0.04K","-0.43%"
"07/16/2020","5.7700","5.7350","5.8125","5.6650","0.41K","0.35%"
"07/15/2020","5.7500","5.7450","5.7825","5.6700","0.03K","-0.09%"
"07/14/2020","5.7550","5.7650","5.8000","5.6900","0.19K","-0.26%"
"07/13/2020","5.7700","5.7750","5.7900","5.7050","0.26K","0.00%"
"07/10/2020","5.7700","5.7750","5.8000","5.7475","0.17K","0.00%"
"07/09/2020","5.7700","5.7850","5.8225","5.7475","0.05K","-0.17%"
"07/08/2020","5.7800","5.7850","5.8150","5.7625","0.10K","0.09%"
"07/07/2020","5.7750","5.7750","5.8100","5.7600","0.13K","-0.60%"
"07/06/2020","5.8100","5.7950","5.8300","5.7100","0.23K","-0.17%"
"07/03/2020","5.8200","5.7700","5.8325","5.7000","0.16K","0.87%"
"07/02/2020","5.7700","5.7700","5.8400","5.7000","0.34K","0.00%"
"07/01/2020","5.7700","5.7850","5.8275","5.7100","0.13K","-0.26%"
"06/30/2020","5.7850","5.8050","5.8350","5.7600","0.21K","-0.09%"
"06/29/2020","5.7900","5.8300","5.8475","5.7550","0.18K","0.00%"
"06/26/2020","5.7900","5.8000","5.8300","5.7500","0.17K","0.00%"
"06/25/2020","5.7900","5.7900","5.8300","5.7400","0.31K","0.00%"
"06/24/2020","5.7900","5.8000","5.8300","5.7500","0.60K","-0.17%"
"06/23/2020","5.8000","5.8100","5.8150","5.7600","0.22K","0.00%"
"06/22/2020","5.8000","5.8000","5.8150","5.7675","0.29K","0.00%"
"06/19/2020","5.8000","5.8100","5.8150","5.7350","0.32K","0.00%"
"06/18/2020","5.8000","5.7950","5.8150","5.7500","0.11K","0.17%"
"06/17/2020","5.7900","5.7850","5.8100","5.7600","0.21K","-0.04%"
"06/16/2020","5.7925","5.6800","5.8100","5.6800","0.27K","0.04%"
"06/15/2020","5.7900","5.8050","5.8500","5.6825","0.20K","0.09%"
"06/12/2020","5.7850","5.8050","5.8150","5.7500","0.29K","-0.34%"
"06/11/2020","5.8050","5.7850","5.8200","5.7100","0.10K","0.43%"
"06/10/2020","5.7800","5.7950","5.8375","5.7000","0.50K","0.09%"
"06/09/2020","5.7750","5.7950","5.8600","5.7000","0.19K","-0.17%"
"06/08/2020","5.7850","5.8150","5.8750","5.7150","0.33K","0.26%"
"06/05/2020","5.7700","5.7800","5.8500","5.6500","0.13K","-0.26%"
"06/04/2020","5.7850","5.7750","5.8400","5.6300","0.19K","0.26%"
"06/03/2020","5.7700","5.8050","5.8425","5.6500","0.07K","-0.09%"
"06/02/2020","5.7750","5.7700","5.8550","5.6950","0.20K","0.09%"
"06/01/2020","5.7700","5.7850","5.8675","5.7300","0.09K","-0.26%"
"05/29/2020","5.7850","5.8350","5.8725","5.7150","0.29K","0.17%"
"05/28/2020","5.7750","5.8450","5.8650","5.7000","0.30K","-0.26%"
"05/27/2020","5.7900","5.8450","5.8800","5.7150","0.09K","0.52%"
"05/26/2020","5.7600","5.7650","5.8150","5.7000","0.16K","-0.35%"
"05/25/2020","5.7800","5.7800","5.7800","5.7800","","0.00%"
"05/22/2020","5.7800","5.7525","5.8500","5.7325","0.15K","0.70%"
"05/21/2020","5.7400","5.7700","5.8450","5.7000","0.24K","-0.17%"
"05/20/2020","5.7500","5.8650","5.8675","5.7200","0.08K","-0.90%"
"05/19/2020","5.8025","5.8600","5.8775","5.6500","0.03K","0.39%"
"05/18/2020","5.7800","5.6800","5.8800","5.6700","0.16K","0.35%"
"05/15/2020","5.7600","5.8900","5.8975","5.7300","0.04K","-0.78%"
"05/14/2020","5.8050","5.7700","5.8800","5.6500","0.10K","1.84%"
"05/13/2020","5.7000","5.7600","5.8700","5.7000","0.07K","-1.72%"
"05/12/2020","5.8000","5.8650","5.8650","5.6500","0.14K","0.22%"
"05/11/2020","5.7874","5.8500","5.8650","5.6500","0.06K","0.33%"
"05/08/2020","5.7681","5.8500","5.8500","5.6500","0.15K","0.14%"
"05/07/2020","5.7600","5.8600","5.8725","5.6500","0.15K","-0.26%"
"05/06/2020","5.7750","5.7550","5.8750","5.6500","0.30K","-0.43%"
"05/05/2020","5.8000","5.7700","5.8750","5.6500","0.25K","0.43%"
"05/04/2020","5.7750","5.7550","5.8900","5.7300","0.16K","-0.43%"
"05/01/2020","5.8000","5.7400","5.8000","5.7400","0.01K","0.43%"
"04/30/2020","5.7750","5.8000","5.8805","5.7300","0.27K","0.43%"
"04/29/2020","5.7500","5.7650","5.8850","5.6500","0.26K","-0.06%"
"04/28/2020","5.7537","5.8750","5.8750","5.6500","0.08K","-0.65%"
"04/27/2020","5.7912","5.9100","5.9100","5.6500","0.25K","0.40%"
"04/24/2020","5.7680","5.7375","5.9125","5.6700","0.16K","0.06%"
"04/23/2020","5.7643","5.7850","5.8500","5.6600","0.43K","-0.36%"
"04/22/2020","5.7850","5.7400","5.8250","5.6500","0.15K","1.22%"
"04/21/2020","5.7150","5.7500","5.8425","5.6850","0.36K","0.26%"
"04/20/2020","5.7000","5.7800","5.8475","5.6950","0.26K","0.02%"
"04/17/2020","5.6988","5.7600","5.8350","5.6500","0.43K","-1.06%"
"04/16/2020","5.7600","5.8400","5.9150","5.7150","0.20K","-0.26%"
"04/15/2020","5.7750","5.9150","5.9200","5.6500","0.22K","1.58%"
"04/14/2020","5.6850","5.7400","5.8675","5.6500","0.24K","-2.32%"
"04/13/2020","5.8200","5.9150","5.9150","5.8200","0.01K","-0.17%"
"04/10/2020","5.8300","5.8300","5.8300","5.8300","","0.00%"
"04/09/2020","5.8300","5.9500","5.9500","5.6500","0.14K","0.87%"
"04/08/2020","5.7800","5.8550","5.9400","5.6250","0.10K","-1.28%"
"04/07/2020","5.8550","5.6625","5.8713","5.6150","0.09K","0.69%"
"04/06/2020","5.8150","5.7250","5.8500","5.6500","0.10K","1.13%"
"04/03/2020","5.7500","5.8300","5.8700","5.7000","0.13K","-0.26%"
"04/02/2020","5.7650","5.8000","5.9300","5.6850","0.13K","1.41%"
"04/01/2020","5.6850","5.7250","5.8750","5.6850","0.06K","-1.39%"
"03/31/2020","5.7650","5.7250","5.9200","5.6000","0.04K","0.26%"
"03/30/2020","5.7500","5.9200","5.9200","5.6500","0.13K","0.61%"
"03/27/2020","5.7150","5.9200","5.9200","5.5750","0.23K","-0.61%"
"03/26/2020","5.7500","5.7450","5.9200","5.5925","0.20K","2.13%"
"03/25/2020","5.6300","5.5900","5.8750","5.5450","0.06K","-1.60%"
"03/24/2020","5.7214","5.5750","5.8300","5.5350","0.27K","1.17%"
"03/23/2020","5.6550","5.5850","5.7575","5.4950","0.20K","0.18%"
"03/20/2020","5.6450","5.6050","5.8155","5.4200","0.18K","0.70%"
"03/19/2020","5.6057","5.6261","5.7600","5.5000","0.44K","-0.42%"
"03/18/2020","5.6292","5.7300","5.7300","5.5000","0.63K","0.70%"
"03/17/2020","5.5900","5.7200","5.7225","5.4800","0.62K","-0.18%"
"03/16/2020","5.6000","5.4550","5.7131","5.4400","0.44K","1.54%"
"03/13/2020","5.5150","5.4550","5.6700","5.4350","0.50K","-2.06%"
"03/12/2020","5.6312","5.5200","5.6366","5.4200","0.54K","2.01%"
"03/11/2020","5.5200","5.5250","5.6500","5.4100","1.31K","-0.09%"
"03/10/2020","5.5250","5.4150","5.6250","5.3600","1.00K","0.27%"
"03/09/2020","5.5100","5.5500","5.6239","5.3375","0.76K","-0.17%"
"03/06/2020","5.5192","5.5000","5.5294","5.4269","0.03K","1.55%"
"03/05/2020","5.4350","5.3750","5.4982","5.3000","0.82K","-0.09%"
"03/04/2020","5.4400","5.4800","5.4900","5.3000","0.50K","-0.07%"
"03/03/2020","5.4437","5.4000","5.4669","5.3450","0.50K","0.34%"
"03/02/2020","5.4252","5.4000","5.4832","5.3050","0.39K","-0.74%"
"02/28/2020","5.4658","5.5200","5.5207","5.3100","0.68K","1.12%"
"02/27/2020","5.4051","5.4000","5.4900","5.2900","0.45K","-0.64%"
"02/26/2020","5.4399","5.3500","5.4600","5.3200","0.60K","1.23%"
"02/25/2020","5.3739","5.2050","5.3779","5.2050","0.41K","0.79%"
"02/24/2020","5.3317","5.2050","5.3700","5.2050","0.37K","0.22%"
"02/21/2020","5.3200","5.2050","5.3900","5.2050","0.28K","0.00%"
"02/20/2020","5.3200","5.3850","5.4250","5.2900","0.62K","-0.58%"
"02/19/2020","5.3512","5.2050","5.4100","5.2050","0.38K","-0.09%"
"02/18/2020","5.3560","5.2050","5.4400","5.2050","0.55K","0.39%"
"02/17/2020","5.3350","5.2050","5.4125","5.2050","0.12K","0.25%"
"02/14/2020","5.3217","5.2050","5.4175","5.2050","0.21K","-0.17%"
"02/13/2020","5.3309","5.3700","5.4050","5.3011","0.31K","-0.19%"
"02/12/2020","5.3411","5.4300","5.4600","5.3320","0.51K","-1.22%"
"02/11/2020","5.4071","5.4300","5.4750","5.3625","0.38K","-0.07%"
"02/10/2020","5.4107","5.4600","5.5400","5.3700","0.24K","-0.06%"
"02/07/2020","5.4141","5.4100","5.4675","5.3700","0.22K","-0.20%"
"02/06/2020","5.4250","5.4050","5.5200","5.3700","0.26K","0.28%"
"02/05/2020","5.4100","5.3900","5.4600","5.3550","0.59K","0.38%"
"02/04/2020","5.3897","5.4450","5.5575","5.3400","0.53K","-0.83%"
"02/03/2020","5.4350","5.5000","5.5750","5.4100","0.77K","-0.94%"
"01/31/2020","5.4863","5.4950","5.5850","5.4450","0.27K","-0.34%"
"01/30/2020","5.5050","5.5700","5.6600","5.4500","0.30K","-0.92%"
"01/29/2020","5.5563","5.5800","5.6800","5.4813","0.51K","-0.28%"
"01/28/2020","5.5719","5.5600","5.6208","5.5548","0.54K","-0.23%"
"01/27/2020","5.5850","5.5950","5.6800","5.5325","0.77K","0.00%"
"01/24/2020","5.5850","5.5772","5.6656","5.5350","0.64K","0.10%"
"01/23/2020","5.5794","5.6650","5.6950","5.5550","0.75K","-1.51%"
"01/22/2020","5.6650","5.6550","5.7025","5.6250","0.64K","-0.31%"
"01/21/2020","5.6825","5.6500","5.6950","5.6100","0.70K","0.58%"
"01/20/2020","5.6500","5.6600","5.6900","5.6300","0.71K","0.27%"
"01/17/2020","5.6350","5.6700","5.7050","5.6150","0.48K","-0.62%"
"01/16/2020","5.6700","5.6600","5.7150","5.6400","0.75K","-0.17%"
"01/15/2020","5.6798","5.6900","5.7259","5.6190","0.27K","0.36%"
"01/14/2020","5.6595","5.6738","5.7234","5.6350","0.59K","-0.10%"
"01/13/2020","5.6650","5.6900","5.7125","5.6300","0.29K","0.05%"
"01/10/2020","5.6621","5.6800","5.7225","5.6300","0.38K","-0.58%"
"01/09/2020","5.6950","5.6925","5.7250","5.6550","0.39K","0.18%"
"01/08/2020","5.6850","5.6675","5.7425","5.6400","0.69K","-0.66%"
"01/07/2020","5.7227","5.6900","5.7860","5.6900","0.02K","0.61%"
"01/06/2020","5.6880","5.6900","5.7475","5.5700","0.43K","-0.56%"
"01/03/2020","5.7200","5.7175","5.7860","5.6500","0.37K","0.13%"
"01/02/2020","5.7125","5.6600","5.7860","5.6500","0.15K","0.22%"
"01/01/2020","5.7000","5.7000","5.7000","5.7000","","0.00%"
"12/31/2019","5.7000","5.7250","5.7250","5.6100","0.23K","-0.35%"
"12/30/2019","5.7200","5.6900","5.7600","5.6400","0.50K","-0.09%"
"12/27/2019","5.7250","5.6750","5.7550","5.6200","0.53K","0.03%"
"12/26/2019","5.7230","5.7860","5.7913","5.7100","0.02K","0.76%"
"12/25/2019","5.6800","5.6800","5.6800","5.6800","","0.00%"
"12/24/2019","5.6800","5.6900","5.7475","5.6150","0.71K","-0.87%"
"12/23/2019","5.7299","5.6900","5.7613","5.6500","0.54K","0.32%"
"12/20/2019","5.7119","5.6900","5.7900","5.6488","0.45K","-0.50%"
"12/19/2019","5.7405","5.7532","5.7742","5.6200","0.52K","-0.20%"
"12/18/2019","5.7520","5.7150","5.7524","5.6550","0.34K","-0.13%"
"12/17/2019","5.7596","5.6700","5.7596","5.6000","0.21K","-0.11%"
"12/16/2019","5.7660","5.7000","5.8231","5.6600","0.32K","-0.98%"
"12/13/2019","5.8231","5.8246","5.8360","5.6600","0.08K","0.07%"
"12/12/2019","5.8191","5.7300","5.8294","5.6400","0.31K","2.09%"
"12/11/2019","5.7000","5.6650","5.7400","5.6500","0.27K","2.66%"
"12/10/2019","5.5522","5.6700","5.7225","5.5522","0.14K","-2.16%"
"12/09/2019","5.6750","5.6200","5.7206","5.5522","0.16K","0.02%"
"12/06/2019","5.6737","5.6922","5.7074","5.6363","0.01K","0.15%"
"12/05/2019","5.6650","5.6675","5.7206","5.5600","0.45K","-0.04%"
"12/04/2019","5.6675","5.6525","5.7106","5.5550","0.48K","-0.57%"
"12/03/2019","5.7000","5.5950","5.7000","5.5500","0.24K","1.85%"
"12/02/2019","5.5967","5.5850","5.6775","5.4950","0.11K","0.48%"
"11/29/2019","5.5700","5.5650","5.6425","5.4950","0.23K","-0.13%"
"11/28/2019","5.5775","5.5500","5.6125","5.4950","0.27K","-0.31%"
"11/27/2019","5.5950","5.5650","5.6125","5.4950","0.24K","0.90%"
"11/26/2019","5.5450","5.5400","5.5941","5.4900","0.25K","0.02%"
"11/25/2019","5.5441","5.5250","5.5962","5.4879","0.22K","0.35%"
"11/22/2019","5.5250","5.5522","5.6067","5.5025","0.47K","-1.16%"
"11/21/2019","5.5900","5.5350","5.5900","5.4900","0.90K","0.82%"
"11/20/2019","5.5444","5.5500","5.5924","5.4712","0.24K","0.27%"
"11/19/2019","5.5292","5.5276","5.5902","5.4000","0.20K","-0.11%"
"11/18/2019","5.5352","5.5200","5.5906","5.4800","0.23K","0.63%"
"11/15/2019","5.5003","5.5235","5.6000","5.4613","0.53K","-0.80%"
"11/14/2019","5.5444","5.5200","5.5841","5.4800","0.38K","1.08%"
"11/13/2019","5.4849","5.4900","5.5492","5.4407","0.37K","-0.23%"
"11/12/2019","5.4973","5.4900","5.5375","5.4587","0.37K","0.22%"
"11/11/2019","5.4850","5.5175","5.5350","5.4775","0.31K","-0.18%"
"11/08/2019","5.4950","5.5250","5.5300","5.4675","0.52K","-0.54%"
"11/07/2019","5.5250","5.5300","5.5300","5.4550","0.21K","0.18%"
"11/06/2019","5.5150","5.4500","5.5350","5.4500","0.39K","-0.27%"
"11/05/2019","5.5300","5.4500","5.5350","5.4500","0.09K","0.27%"
"11/04/2019","5.5150","5.4850","5.5300","5.4226","0.36K","0.85%"
"11/01/2019","5.4685","5.4450","5.5216","5.3525","0.55K","0.43%"
"10/31/2019","5.4450","5.4725","5.5230","5.3525","0.54K","-0.50%"
"10/30/2019","5.4725","5.4450","5.5306","5.3525","1.60K","-0.36%"
"10/29/2019","5.4925","5.4800","5.5306","5.4100","1.01K","0.23%"
"10/28/2019","5.4800","5.4500","5.5250","5.3875","0.90K","0.00%"
"10/25/2019","5.4800","5.4800","5.5075","5.4100","0.59K","0.00%"
"10/24/2019","5.4800","5.4850","5.5210","5.4050","0.46K","-0.09%"
"10/23/2019","5.4850","5.4700","5.5160","5.4025","0.54K","0.87%"
"10/22/2019","5.4375","5.4650","5.4856","5.3500","0.40K","-0.50%"
"10/21/2019","5.4650","5.4250","5.5009","5.3525","0.36K","-0.09%"
"10/18/2019","5.4700","5.4000","5.5009","5.3525","0.52K","1.30%"
"10/17/2019","5.4000","5.4425","5.4972","5.3695","0.64K","-0.78%"
"10/16/2019","5.4425","5.4343","5.5250","5.3525","1.13K","0.01%"
"10/15/2019","5.4418","5.4250","5.4960","5.3360","0.52K","0.31%"
"10/14/2019","5.4250","5.3500","5.4800","5.3350","0.78K","0.63%"
"10/11/2019","5.3908","5.3525","5.4810","5.3360","0.39K","-0.95%"
"10/10/2019","5.4425","5.4300","5.4593","5.3750","0.40K","0.23%"
"10/09/2019","5.4300","5.3750","5.5009","5.3700","0.63K","-0.91%"
"10/08/2019","5.4800","5.4550","5.4811","5.3450","0.72K","1.67%"
"10/07/2019","5.3900","5.4100","5.4674","5.3620","0.20K","-0.47%"
"10/04/2019","5.4156","5.4200","5.4617","5.3500","0.37K","-0.08%"
"10/03/2019","5.4200","5.4100","5.4374","5.3320","0.22K","0.09%"
"10/02/2019","5.4150","5.4100","5.4810","5.3300","0.62K","0.93%"
"10/01/2019","5.3650","5.3650","5.4400","5.3250","0.44K","-1.29%"
"09/30/2019","5.4350","5.4100","5.4650","5.3350","0.77K","-1.00%"
"09/27/2019","5.4900","5.4250","5.5075","5.3450","0.20K","0.83%"
"09/26/2019","5.4450","5.4525","5.5135","5.3750","0.75K","-0.55%"
"09/25/2019","5.4750","5.4686","5.5250","5.4107","0.64K","-0.02%"
"09/24/2019","5.4762","5.4875","5.5325","5.3525","0.26K","0.09%"
"09/23/2019","5.4714","5.4964","5.5203","5.4611","0.01K","-0.59%"
"09/20/2019","5.5041","5.5050","5.5330","5.4238","0.26K","-0.02%"
"09/19/2019","5.5050","5.4525","5.5175","5.4350","0.85K","0.34%"
"09/18/2019","5.4865","5.4875","5.5211","5.4313","0.66K","-0.06%"
"09/17/2019","5.4900","5.5100","5.5215","5.4300","0.39K","0.00%"
"09/16/2019","5.4900","5.4750","5.5105","5.4300","0.47K","1.03%"
"09/13/2019","5.4340","5.4550","5.5276","5.3952","0.13K","-0.81%"
"09/12/2019","5.4783","5.4850","5.5110","5.4213","0.67K","0.61%"
"09/11/2019","5.4450","5.4500","5.5053","5.4100","0.56K","-0.64%"
"09/10/2019","5.4800","5.5050","5.5200","5.3525","0.38K","0.00%"
"09/09/2019","5.4800","5.4848","5.5156","5.4013","0.46K","-0.09%"
"09/06/2019","5.4848","5.4848","5.5300","5.4113","0.21K","0.00%"
"09/05/2019","5.4848","5.4783","5.5275","5.3975","0.42K","0.12%"
"09/04/2019","5.4783","5.4783","5.5168","5.4025","0.76K","0.00%"
"09/03/2019","5.4783","5.4750","5.5250","5.4000","0.40K","0.06%"
"09/02/2019","5.4750","5.4450","5.4800","5.4050","0.66K","0.00%"
"08/30/2019","5.4750","5.4750","5.4750","5.3975","0.84K","0.00%"
"08/29/2019","5.4750","5.4750","5.4880","5.4025","0.70K","0.00%"
"08/28/2019","5.4750","5.4750","5.4850","5.4050","0.28K","0.00%"
"08/27/2019","5.4750","5.4600","5.5000","5.4000","0.49K","0.27%"
"08/26/2019","5.4600","5.4050","5.4900","5.3775","0.45K","0.09%"
"08/23/2019","5.4550","5.4500","5.4756","5.3525","1.23K","0.09%"
"08/22/2019","5.4500","5.4500","5.4850","5.3850","0.40K","-0.41%"
"08/21/2019","5.4725","5.4500","5.4950","5.3950","0.47K","0.23%"
"08/20/2019","5.4600","5.4625","5.5150","5.3975","0.56K","0.18%"
"08/19/2019","5.4500","5.4100","5.5000","5.3440","0.24K","-0.09%"
"08/16/2019","5.4550","5.4800","5.5000","5.3875","0.70K","0.09%"
"08/15/2019","5.4499","5.4250","5.4686","5.3950","0.83K","0.46%"
"08/14/2019","5.4250","5.3900","5.4580","5.3838","0.64K","0.00%"
"08/13/2019","5.4250","5.4000","5.4660","5.3850","0.52K","0.60%"
"08/12/2019","5.3927","5.4200","5.4327","5.3849","0.01K","-0.78%"
"08/09/2019","5.4350","5.4100","5.4430","5.3250","2.37K","0.46%"
"08/08/2019","5.4100","5.4000","5.4500","5.3250","2.08K","0.19%"
"08/07/2019","5.4000","5.4050","5.4400","5.3000","2.12K","-0.09%"
"08/06/2019","5.4050","5.4000","5.4400","5.3000","0.60K","0.25%"
"08/05/2019","5.3915","5.3975","5.4152","5.3555","0.02K","-0.16%"
"08/02/2019","5.4000","5.3975","5.4270","5.3000","0.37K","-0.09%"
"08/01/2019","5.4050","5.3988","5.4291","5.2900","0.11K","0.09%"
"07/31/2019","5.4000","5.3800","5.4325","5.3370","0.26K","0.04%"
"07/30/2019","5.3976","5.3900","5.4400","5.2900","0.50K","0.42%"
"07/29/2019","5.3752","5.3700","5.4291","5.2900","0.11K","0.10%"
"07/26/2019","5.3700","5.2050","5.4199","5.2050","0.23K","1.03%"
"07/25/2019","5.3152","5.4100","5.4291","5.2896","0.18K","-1.66%"
"07/24/2019","5.4050","5.3750","5.4391","5.3525","0.55K","0.49%"
"07/23/2019","5.3789","5.3900","5.4391","5.3150","1.10K","-0.21%"
"07/22/2019","5.3900","5.2050","5.4300","5.2050","0.68K","0.59%"
"07/19/2019","5.3584","5.2050","5.4241","5.2050","0.19K","0.31%"
"07/18/2019","5.3416","5.4038","5.4141","5.3104","0.08K","-0.16%"
"07/17/2019","5.3501","5.2050","5.4141","5.2050","0.25K","0.00%"
"07/16/2019","5.3500","5.3550","5.4166","5.2950","0.21K","-0.28%"
"07/15/2019","5.3650","5.2050","5.4650","5.2050","0.38K","0.56%"
"07/12/2019","5.3350","5.2050","5.4200","5.2050","0.24K","-0.28%"
"07/11/2019","5.3500","5.3750","5.4200","5.3250","0.24K","-0.70%"
"07/10/2019","5.3877","5.3750","5.4300","5.3400","1.54K","-0.46%"
"07/09/2019","5.4125","5.3700","5.4400","5.3575","2.48K","-0.07%"
"07/08/2019","5.4161","5.4000","5.4365","5.3600","1.37K","0.11%"
"07/05/2019","5.4100","5.4000","5.4450","5.3600","2.74K","0.28%"
"07/04/2019","5.3950","5.3950","5.4600","5.3550","0.07K","-0.55%"
"07/03/2019","5.4250","5.4350","5.4600","5.3600","0.66K","0.44%"
"07/02/2019","5.4014","5.4000","5.4600","5.3650","0.08K","-0.92%"
"07/01/2019","5.4513","5.4000","5.4850","5.3624","0.08K","0.39%"
"06/28/2019","5.4300","5.3800","5.4800","5.3600","0.11K","-0.18%"
"06/27/2019","5.4400","5.4050","5.4900","5.3650","0.19K","-0.50%"
"06/26/2019","5.4675","5.4075","5.5000","5.3250","0.28K","0.09%"
"06/25/2019","5.4626","5.3850","5.4925","5.3011","0.12K","0.91%"
"06/24/2019","5.4136","5.3700","5.4651","5.3224","0.09K","-0.10%"
"06/21/2019","5.4190","5.3700","5.4700","5.3550","0.09K","0.51%"
"06/20/2019","5.3914","5.3900","5.4850","5.3294","0.12K","-0.78%"
"06/19/2019","5.4340","5.3850","5.4648","5.3400","0.23K","-0.02%"
"06/18/2019","5.4350","5.3800","5.4558","5.3350","0.08K","0.83%"
"06/17/2019","5.3904","5.4050","5.4150","5.3300","0.66K","0.10%"
"06/14/2019","5.3852","5.4000","5.4155","5.3155","2.88K","-0.54%"
"06/13/2019","5.4145","5.3650","5.4750","5.3200","3.16K","0.92%"
"06/12/2019","5.3650","5.3901","5.4018","5.3200","3.75K","-0.51%"
"06/11/2019","5.3926","5.3350","5.4100","5.2827","0.83K","0.45%"
"06/10/2019","5.3686","5.3800","5.4100","5.2250","3.10K","0.16%"
"06/07/2019","5.3600","5.2050","5.3900","5.2050","1.56K","0.19%"
"06/06/2019","5.3500","5.3432","5.4263","5.2050","0.16K","0.08%"
"06/05/2019","5.3456","5.3500","5.3615","5.3341","0.01K","-0.55%"
"06/04/2019","5.3752","5.2050","5.4050","5.2050","0.09K","0.61%"
"06/03/2019","5.3426","5.3100","5.3912","5.1929","0.10K","-1.60%"
"05/31/2019","5.4293","5.2050","5.4415","5.2050","0.06K","0.77%"
"05/30/2019","5.3878","5.2950","5.4658","5.1900","0.07K","1.75%"
"05/29/2019","5.2950","5.2050","5.4106","5.2050","0.06K","-1.27%"
"05/28/2019","5.3630","5.2050","5.3763","5.1674","0.05K","2.15%"
"05/27/2019","5.2500","5.2050","5.3169","5.1576","0.04K","-0.82%"
"05/24/2019","5.2933","5.2050","5.3234","5.1574","0.05K","1.35%"
"05/23/2019","5.2230","5.2050","5.2942","5.1100","0.05K","0.15%"
"05/22/2019","5.2150","5.2050","5.3163","5.1274","0.06K","-0.54%"
"05/21/2019","5.2433","5.2050","5.2650","5.1278","0.06K","-0.19%"
"05/20/2019","5.2532","5.2050","5.2662","5.1100","0.06K","0.64%"
"05/17/2019","5.2200","5.2050","5.2543","5.1024","0.06K","-0.34%"
"05/16/2019","5.2376","5.2050","5.2928","5.0500","0.05K","1.56%"
"05/15/2019","5.1570","5.2000","5.2800","4.9950","0.05K","-1.31%"
"05/14/2019","5.2253","5.2000","5.2450","5.1150","0.02K","-0.10%"
"05/13/2019","5.2305","5.2000","5.2555","5.1000","0.07K","0.52%"
"05/10/2019","5.2034","5.2000","5.2212","5.0900","0.05K","1.04%"
"05/09/2019","5.1500","5.2000","5.2005","5.0650","0.06K","0.29%"
"05/08/2019","5.1350","5.2000","5.2200","5.0975","0.06K","-0.10%"
"05/07/2019","5.1400","5.2000","5.2150","5.0500","0.06K","0.19%"
"05/06/2019","5.1300","5.2000","5.2150","5.0500","0.05K","-1.06%"
"05/03/2019","5.1850","5.2000","5.2150","5.0900","0.04K","0.63%"
"05/02/2019","5.1527","5.2000","5.2150","5.0700","0.05K","-0.37%"
"05/01/2019","5.1719","5.2000","5.2008","5.1711","0.00K","0.60%"
"04/30/2019","5.1408","5.1590","5.2250","5.0600","0.08K","-0.08%"
"04/29/2019","5.1450","5.2000","5.2125","5.0500","0.07K","-0.78%"
"04/26/2019","5.1852","5.2000","5.2300","5.0850","0.08K","0.57%"
"04/25/2019","5.1556","5.2000","5.2000","5.0500","0.10K","0.49%"
"04/24/2019","5.1304","5.1602","5.2050","5.0500","0.07K","-0.62%"
"04/23/2019","5.1625","5.2000","5.2050","5.0500","0.07K","0.55%"
"04/22/2019","5.1344","5.2000","5.2008","5.1199","0.01K","0.18%"
"04/19/2019","5.1250","5.2000","5.2015","5.1250","0.01K","0.00%"
"04/18/2019","5.1248","5.2000","5.2275","4.9800","0.08K","-1.26%"
"04/17/2019","5.1900","5.2000","5.2300","5.0388","0.10K","0.33%"
"04/16/2019","5.1731","5.1423","5.2300","5.0500","0.07K","0.55%"
"04/15/2019","5.1446","5.2000","5.2250","5.0500","0.08K","-0.90%"
"04/12/2019","5.1911","5.2000","5.2400","5.0825","0.08K","0.13%"
"04/11/2019","5.1844","5.2000","5.2750","5.1150","0.11K","0.09%"
"04/10/2019","5.1799","5.2000","5.2603","5.0500","0.06K","-0.70%"
"04/09/2019","5.2164","5.2000","5.2600","5.0500","0.09K","1.15%"
"04/08/2019","5.1569","5.2000","5.2550","5.0500","0.07K","0.56%"
"04/05/2019","5.1282","5.2000","5.2550","5.0488","0.08K","-1.72%"
"04/04/2019","5.2181","5.2500","5.3400","5.0500","0.10K","0.06%"
"04/03/2019","5.2150","5.3000","5.3750","5.0750","0.04K","-1.60%"
"04/02/2019","5.3000","5.1000","5.4550","5.0775","0.02K","4.04%"
"04/01/2019","5.0943","5.5200","5.5200","5.0943","0.02K","-7.09%"
"03/29/2019","5.4831","5.1500","5.5103","5.0837","0.04K","6.47%"
"03/28/2019","5.1500","5.0425","5.5000","5.0325","0.04K","-1.25%"
"03/27/2019","5.2150","5.0500","5.4000","5.0150","0.03K","2.76%"
"03/26/2019","5.0750","5.2700","5.2700","5.0200","0.04K","-0.59%"
"03/25/2019","5.1050","5.2000","5.2200","4.9850","0.06K","0.10%"
"03/22/2019","5.1000","5.2000","5.2500","4.9500","0.12K","-2.21%"
"03/21/2019","5.2150","5.2850","5.3500","5.1221","0.10K","-0.41%"
"03/20/2019","5.2367","5.5200","5.5200","5.1700","0.12K","-2.89%"
"03/19/2019","5.3928","5.3475","5.5375","5.3150","0.10K","0.33%"
"03/18/2019","5.3750","5.5200","5.6850","5.2925","0.13K","-4.53%"
"03/15/2019","5.6300","5.5686","5.6900","5.4000","0.06K","1.06%"
"03/14/2019","5.5710","5.5200","5.8675","5.4250","0.08K","-0.07%"
"03/13/2019","5.5750","5.5200","5.7925","5.4000","0.07K","0.95%"
"03/12/2019","5.5225","5.5200","5.6691","5.4250","0.06K","-2.04%"
"03/11/2019","5.6375","5.5200","5.6765","5.4475","0.08K","2.50%"
"03/08/2019","5.5000","5.5200","5.6650","5.4450","0.09K","-0.90%"
"03/07/2019","5.5502","5.5200","5.6012","5.3700","0.09K","0.55%"
"03/06/2019","5.5200","5.5000","5.5863","5.4872","0.01K","0.18%"
"03/05/2019","5.5102","5.4300","5.5650","5.3500","0.08K","-0.31%"
"03/04/2019","5.5276","5.5500","5.5775","5.2863","0.10K","0.05%"
"03/01/2019","5.5250","5.2150","5.5350","5.2150","0.07K","-0.05%"
"02/28/2019","5.5276","5.2600","5.5548","5.2125","0.08K","2.36%"
"02/27/2019","5.4000","5.2150","5.5206","5.2150","0.08K","-2.17%"
"02/26/2019","5.5200","5.2600","5.5200","5.2150","0.06K","3.18%"
"02/25/2019","5.3500","5.2600","5.4875","5.1038","0.07K","1.04%"
"02/22/2019","5.2950","5.2600","5.4500","5.0205","0.03K","0.28%"
"02/21/2019","5.2800","5.2600","5.5200","5.0965","0.03K","3.58%"
"02/20/2019","5.0976","5.2400","5.4550","5.0976","0.05K","0.00%"
"02/19/2019","5.0977","5.2600","5.4000","5.0056","0.06K","0.00%"
"02/18/2019","5.0977","5.2600","5.3200","5.0150","0.03K","1.85%"
"02/15/2019","5.0050","5.2600","5.3200","5.0042","0.03K","-3.41%"
"02/14/2019","5.1816","5.2725","5.3000","5.0034","0.03K","3.53%"
"02/13/2019","5.0051","5.0750","5.3100","4.9981","0.03K","-4.85%"
"02/12/2019","5.2600","5.2250","5.3100","4.9738","0.02K","3.04%"
"02/11/2019","5.1050","4.9513","5.2915","4.9513","0.03K","-0.68%"
"02/08/2019","5.1400","5.0700","5.1500","4.9333","0.03K","-0.72%"
"02/07/2019","5.1774","4.9513","5.1825","4.9513","0.02K","4.12%"
"02/06/2019","4.9726","5.0950","5.1000","4.9163","0.03K","0.35%"
"02/05/2019","4.9551","4.9513","5.0900","4.8948","0.02K","-0.43%"
"02/04/2019","4.9763","4.9513","5.1150","4.9410","0.03K","0.32%"
"02/01/2019","4.9604","4.9513","5.0900","4.9250","0.04K","-0.09%"
"01/31/2019","4.9651","4.9650","5.1000","4.9225","0.04K","0.02%"
"01/30/2019","4.9641","4.9513","5.0800","4.9100","0.03K","0.06%"
"01/29/2019","4.9612","4.9513","5.0225","4.9077","0.04K","-0.82%"
"01/28/2019","5.0021","4.9513","5.0527","4.9100","0.02K","0.17%"
"01/25/2019","4.9936","4.9819","5.0155","4.8948","0.05K","0.19%"
"01/24/2019","4.9841","4.9513","5.0203","4.9075","0.05K","1.16%"
"01/23/2019","4.9269","4.9513","5.0000","4.8150","0.06K","-0.28%"
"01/22/2019","4.9405","4.9513","4.9975","4.9063","0.04K","0.59%"
"01/21/2019","4.9113","4.9513","4.9900","4.8890","0.03K","-0.08%"
"01/18/2019","4.9150","4.9513","4.9950","4.8926","0.04K","0.25%"
"01/17/2019","4.9025","4.9513","4.9700","4.8250","0.05K","-0.16%"
"01/16/2019","4.9106","4.9513","4.9950","4.8479","","0.31%"
"01/15/2019","4.8954","4.9513","4.9975","4.8462","","-0.17%"
"01/14/2019","4.9036","4.9513","4.9900","4.8250","","-0.01%"
"01/11/2019","4.9040","4.9513","4.9950","4.8250","0.00K","1.06%"
"01/10/2019","4.8525","4.9050","4.9800","4.8372","0.00K","-0.55%"
"01/09/2019","4.8793","4.9050","4.9900","4.8184","","0.08%"
"01/08/2019","4.8754","4.9050","4.9850","4.8250","0.00K","-0.85%"
"01/07/2019","4.9170","4.9050","4.9268","4.8479","0.02K","0.27%"
"01/04/2019","4.9038","4.9000","4.9900","4.8241","0.03K","0.54%"
"01/03/2019","4.8774","4.8760","4.9900","4.8178","0.00K","0.43%"
"01/02/2019","4.8566","4.8760","4.9800","4.8154","0.00K","-0.40%"
"01/01/2019","4.8760","4.8760","4.8760","4.8760","0.00K","1.06%"
"12/31/2018","4.8250","4.8760","4.9575","4.8189","0.00K","0.00%"
"12/28/2018","4.8250","4.8760","4.9750","4.8214","","-1.49%"
"12/27/2018","4.8982","4.8760","4.9900","4.8189","","0.79%"
"12/26/2018","4.8600","4.8760","4.9159","4.8444","","-0.33%"
"12/25/2018","4.8760","4.8760","4.8760","4.8760","","1.06%"
"12/24/2018","4.8250","4.8760","4.9950","4.8214","","0.00%"
"12/21/2018","4.8250","4.8760","5.0000","4.8189","","0.00%"
"12/20/2018","4.8250","4.9700","4.9950","4.8165","","-0.16%"
"12/19/2018","4.8325","4.9700","5.0000","4.8275","","-1.40%"
"12/18/2018","4.9012","4.9950","5.0000","4.8278","","0.77%"
"12/17/2018","4.8638","4.9950","4.9950","4.8275","","-0.57%"
"12/14/2018","4.8918","4.9950","5.0000","4.8316","","-1.77%"
"12/13/2018","4.9800","4.9950","4.9950","4.8275","","1.41%"
"12/12/2018","4.9110","4.9700","4.9963","4.8165","","1.53%"
"12/11/2018","4.8370","4.9250","4.9800","4.8103","","-2.09%"
"12/10/2018","4.9400","4.9950","4.9950","4.7638","","-0.52%"
"12/07/2018","4.9656","4.9900","5.0010","4.9596","","-0.49%"
"12/06/2018","4.9900","4.9050","4.9963","4.8088","","3.25%"
"12/05/2018","4.8329","4.9050","4.9400","4.8035","","0.05%"
"12/04/2018","4.8306","4.9050","5.0000","4.8047","","-1.32%"
"12/03/2018","4.8950","4.9050","4.9950","4.7920","","-0.18%"
"11/30/2018","4.9036","4.9600","4.9895","4.7921","","0.86%"
"11/29/2018","4.8617","4.9050","4.9850","4.8175","","-2.08%"
"11/28/2018","4.9650","4.8450","4.9803","4.7952","","1.91%"
"11/27/2018","4.8720","4.8450","4.9500","4.7931","","-0.38%"
"11/26/2018","4.8907","4.9050","4.9250","4.7886","","0.81%"
"11/23/2018","4.8513","4.8491","4.9125","4.7932","","0.13%"
"11/22/2018","4.8450","4.8491","4.8950","4.7932","","-0.08%"
"11/21/2018","4.8491","4.8500","4.9063","4.7932","","-0.36%"
"11/20/2018","4.8664","4.8620","4.9153","4.7812","","0.09%"
"11/19/2018","4.8620","4.9323","4.9555","4.7889","","0.80%"
"11/16/2018","4.8235","4.9323","4.9605","4.7924","","-0.65%"
"11/15/2018","4.8553","4.9323","4.9980","4.7883","","-1.56%"
"11/14/2018","4.9323","4.8304","5.0005","4.7900","","1.36%"
"11/13/2018","4.8661","4.8304","4.9500","4.7881","","1.11%"
"11/12/2018","4.8125","4.8304","4.9000","4.7928","","-0.98%"
"11/09/2018","4.8599","4.8606","4.8875","4.7928","","-0.37%"
"11/08/2018","4.8778","4.8606","4.8900","4.7928","","0.51%"
"11/07/2018","4.8532","4.8606","4.9150","4.7904","","-0.24%"
"11/06/2018","4.8649","4.8550","4.8800","4.7878","","0.93%"
"11/05/2018","4.8203","4.8550","4.8700","4.7913","","0.00%"
"11/02/2018","4.8201","4.8550","4.8750","4.7889","","-0.62%"
"11/01/2018","4.8500","4.8550","4.8675","4.7913","","0.45%"
"10/31/2018","4.8284","4.8353","4.8750","4.7889","","-2.65%"
"10/30/2018","4.9600","4.8325","4.9625","4.7913","","2.96%"
"10/29/2018","4.8175","4.8323","4.8550","4.7889","","-0.43%"
"10/26/2018","4.8382","4.7975","4.8550","4.7935","","-0.35%"
"10/25/2018","4.8550","4.8425","4.8550","4.7930","","0.58%"
"10/24/2018","4.8269","4.7975","4.8500","4.7887","","-0.15%"
"10/23/2018","4.8340","4.8300","4.8600","4.7913","","-0.23%"
"10/22/2018","4.8450","4.7987","4.9250","4.7150","","0.10%"
"10/19/2018","4.8400","4.8539","4.8700","4.7963","","0.16%"
"10/18/2018","4.8322","4.8850","4.8963","4.7775","","-0.01%"
"10/17/2018","4.8326","4.8850","4.9050","4.7950","","0.01%"
"10/16/2018","4.8321","4.8850","4.9000","4.7175","","-0.27%"
"10/15/2018","4.8450","4.8005","4.9102","4.7949","","-1.52%"
"10/12/2018","4.9200","4.8005","4.9200","4.8005","","2.45%"
"10/11/2018","4.8025","4.8050","4.9225","4.7800","","0.02%"
"10/10/2018","4.8014","4.8050","4.9375","4.7850","","0.04%"
"10/09/2018","4.7994","4.8050","4.9413","4.7849","","0.00%"
"10/08/2018","4.7993","4.8050","4.9500","4.7849","","-1.50%"
"10/05/2018","4.8724","4.8050","4.9600","4.7860","","-1.77%"
"10/04/2018","4.9600","4.8050","4.9650","4.7792","","3.57%"
"10/03/2018","4.7890","4.8050","4.9600","4.7761","","-0.01%"
"10/02/2018","4.7893","4.8050","4.9650","4.7450","","0.24%"
"10/01/2018","4.7776","4.8050","4.9800","4.7368","","0.00%"
"09/28/2018","4.7775","4.8050","4.9850","4.7363","","-1.63%"
"09/27/2018","4.8565","4.8050","5.0005","4.7671","","1.66%"
"09/26/2018","4.7773","4.8050","4.9950","4.7711","","-1.45%"
"09/25/2018","4.8474","4.8050","5.0000","4.7665","","-1.87%"
"09/24/2018","4.9400","4.7462","4.9650","4.7462","","4.08%"
"09/21/2018","4.7462","4.7462","4.7462","4.7462","","-2.06%"
"09/20/2018","4.8462","4.7462","4.9217","4.7375","","0.08%"
"09/19/2018","4.8424","4.7462","4.9200","4.7462","","1.37%"
"09/18/2018","4.7770","4.7462","4.9653","4.7175","","-0.61%"
"09/17/2018","4.8063","4.7462","4.9275","4.7462","","1.16%"
"09/14/2018","4.7513","4.7462","4.8800","4.7462","","-0.26%"
"09/13/2018","4.7638","4.7462","4.9100","4.7462","","-0.03%"
"09/12/2018","4.7651","4.7462","4.8903","4.7438","","0.19%"
"09/11/2018","4.7563","4.7462","4.9150","4.7462","","-0.57%"
"09/10/2018","4.7837","4.8150","4.9590","4.7456","","0.84%"
"09/07/2018","4.7438","4.8150","4.8750","4.7375","","0.12%"
"09/06/2018","4.7380","4.8150","4.8763","4.7288","","0.19%"
"09/05/2018","4.7291","4.8150","4.9700","4.7287","","-0.16%"
"09/04/2018","4.7365","4.8150","4.8650","4.7287","","-0.02%"
"09/03/2018","4.7376","4.8150","4.8650","4.7375","","0.00%"
"08/31/2018","4.7375","4.8150","4.8850","4.7325","","0.11%"
"08/30/2018","4.7325","4.8150","4.8925","4.7325","","-0.11%"
"08/29/2018","4.7375","4.8150","4.9000","4.7325","","0.11%"
"08/28/2018","4.7325","4.8150","4.8600","4.7275","","0.00%"
"08/27/2018","4.7326","4.8150","4.8850","4.7325","","-0.05%"
"08/24/2018","4.7348","4.7400","4.8900","4.7256","","-2.58%"
"08/23/2018","4.8600","4.7400","4.8700","4.7302","","2.48%"
"08/22/2018","4.7425","4.7400","4.8675","4.7150","","-2.42%"
"08/21/2018","4.8600","4.7400","4.8600","4.7400","","0.73%"
"08/20/2018","4.8250","4.7400","4.8700","4.7375","","1.74%"
"08/17/2018","4.7425","4.8200","4.8750","4.7400","","-2.82%"
"08/16/2018","4.8800","4.7400","4.8850","4.7325","","0.31%"
"08/15/2018","4.8650","4.7400","4.8713","4.7150","","0.83%"
"08/14/2018","4.8250","4.7400","4.8750","4.7338","","1.90%"
"08/13/2018","4.7350","4.7400","4.9000","4.7300","","0.17%"
"08/10/2018","4.7271","4.7400","4.8600","4.7168","","-1.52%"
"08/09/2018","4.8000","4.7400","4.8150","4.7150","","-0.21%"
"08/08/2018","4.8100","4.7400","4.8175","4.7225","","0.48%"
"08/07/2018","4.7869","4.7900","4.8103","4.7225","","1.31%"
"08/06/2018","4.7250","4.7948","4.8103","4.7200","","0.10%"
"08/03/2018","4.7202","4.7400","4.8000","4.7100","","-0.25%"
"08/02/2018","4.7318","4.7400","4.8100","4.7102","","-1.41%"
"08/01/2018","4.7994","4.7400","4.8103","4.6935","","1.57%"
"07/31/2018","4.7250","4.7400","4.8100","4.7125","","-0.06%"
"07/30/2018","4.7279","4.7400","4.8100","4.7158","","0.17%"
"07/27/2018","4.7200","4.7400","4.8213","4.7200","","-0.33%"
"07/26/2018","4.7354","4.7400","4.8238","4.7100","","-0.13%"
"07/25/2018","4.7416","4.7471","4.8288","4.7150","","0.03%"
"07/24/2018","4.7400","4.7400","4.8350","4.7400","","-1.41%"
"07/23/2018","4.8078","4.7950","4.8200","4.7400","","0.27%"
"07/20/2018","4.7950","4.7950","4.8012","4.7525","","-0.10%"
"07/19/2018","4.8000","4.7950","4.8025","4.7200","","0.00%"
"07/18/2018","4.8000","4.7991","4.8500","4.7450","","-0.05%"
"07/17/2018","4.8025","4.7800","4.8088","4.7650","","0.26%"
"07/16/2018","4.7900","4.7800","4.8100","4.7650","","-0.31%"
"07/13/2018","4.8050","4.7925","4.8138","4.7600","","0.40%"
"07/12/2018","4.7860","4.7800","4.8063","4.7300","","0.47%"
"07/11/2018","4.7637","4.7800","4.8113","4.7400","","-0.41%"
"07/10/2018","4.7835","4.8150","4.8200","4.7400","","-0.38%"
"07/09/2018","4.8018","4.7800","4.8300","4.7377","","-0.58%"
"07/06/2018","4.8300","4.7963","4.8300","4.7400","","0.81%"
"07/05/2018","4.7911","4.7800","4.8190","4.7200","","-0.19%"
"07/04/2018","4.8000","4.7800","4.8200","4.7350","","-0.31%"
"07/03/2018","4.8149","4.7800","4.8412","4.7377","","0.68%"
"07/02/2018","4.7825","4.7800","4.8200","4.7800","","-0.14%"
"06/29/2018","4.7893","4.7800","4.8300","4.7150","","0.28%"
"06/28/2018","4.7761","4.7800","4.8000","4.6700","","-0.13%"
"06/27/2018","4.7825","4.8200","4.8200","4.6900","","-0.05%"
"06/26/2018","4.7850","4.7500","4.8500","4.7175","","-0.31%"
"06/25/2018","4.8000","4.7500","4.8100","4.7000","","0.21%"
"06/22/2018","4.7900","4.7300","4.7903","4.6950","","1.05%"
"06/21/2018","4.7400","4.7300","4.7700","4.6850","","0.00%"
"06/20/2018","4.7400","4.7225","4.7509","4.6750","","0.53%"
"06/19/2018","4.7150","4.7175","4.7509","4.6700","","0.31%"
"06/18/2018","4.7004","4.7100","4.7249","4.6650","","-0.11%"
"06/15/2018","4.7058","4.7104","4.7227","4.6916","","-0.41%"
"06/14/2018","4.7250","4.7100","4.7275","4.6650","","0.43%"
"06/13/2018","4.7050","4.7100","4.7300","4.6700","","-0.11%"
"06/12/2018","4.7100","4.7100","4.7400","4.6300","","-0.10%"
"06/11/2018","4.7145","4.7250","4.7500","4.6700","","-0.21%"
"06/08/2018","4.7246","4.7250","4.7800","4.6650","","0.41%"
"06/07/2018","4.7054","4.7650","4.7650","4.6650","","-0.10%"
"06/06/2018","4.7100","4.7513","4.7650","4.6500","","-0.84%"
"06/05/2018","4.7500","4.7650","4.8000","4.6700","","1.01%"
"06/04/2018","4.7025","4.7273","4.7650","4.6650","","-0.83%"
"06/01/2018","4.7417","4.7273","4.7600","4.6550","","0.30%"
"05/31/2018","4.7273","4.6975","4.7375","4.6550","","0.69%"
"05/30/2018","4.6950","4.6863","4.7025","4.6450","","0.19%"
"05/29/2018","4.6863","4.6650","4.7000","4.6365","","0.46%"
"05/28/2018","4.6650","4.6550","4.6650","4.6200","","0.21%"
"05/25/2018","4.6550","4.6550","4.6550","4.6025","","0.00%"
"05/24/2018","4.6550","4.6025","4.6600","4.6000","","0.00%"
"05/23/2018","4.6549","4.6500","4.6598","4.5950","","0.11%"
"05/22/2018","4.6500","4.6425","4.6650","4.6025","","0.16%"
"05/21/2018","4.6425","4.6025","4.6550","4.5650","","0.38%"
"05/18/2018","4.6250","4.6315","4.6350","4.5425","","-0.14%"
"05/17/2018","4.6315","4.6025","4.6315","4.5323","","0.63%"
"05/16/2018","4.6025","4.5813","4.6077","4.5150","","0.46%"
"05/15/2018","4.5813","4.5413","4.5813","4.5150","","0.90%"
"05/14/2018","4.5405","4.5413","4.5550","4.5238","","-0.02%"
"05/11/2018","4.5413","4.5450","4.5467","4.4700","","-0.08%"
"05/10/2018","4.5450","4.5381","4.5450","4.4850","","0.15%"
"05/09/2018","4.5381","4.5100","4.5400","4.4750","","0.62%"
"05/08/2018","4.5100","4.5050","4.5225","4.4700","","0.11%"
"05/07/2018","4.5050","4.4975","4.5202","4.4300","","0.17%"
"05/04/2018","4.4975","4.4950","4.5153","4.4550","","0.06%"
"05/03/2018","4.4950","4.5125","4.5200","4.4688","","-0.39%"
"05/02/2018","4.5125","4.5000","4.5250","4.4420","","0.28%"
"05/01/2018","4.5000","4.5000","4.5000","4.4415","","0.00%"
"04/30/2018","4.5000","4.4875","4.5100","4.4362","","0.28%"
"04/27/2018","4.4875","4.4675","4.4913","4.4335","","0.45%"
"04/26/2018","4.4675","4.4520","4.4750","4.4238","","0.35%"
"04/25/2018","4.4520","4.4513","4.4600","4.4326","","0.02%"
"04/24/2018","4.4513","4.4500","4.4600","4.4125","","0.03%"
"04/23/2018","4.4500","4.4450","4.4527","4.4213","","0.11%"
"04/20/2018","4.4450","4.4500","4.4514","4.4275","","-0.11%"
"04/19/2018","4.4500","4.4475","4.4513","4.4225","","0.06%"
"04/18/2018","4.4475","4.4468","4.4517","4.4094","","0.02%"
"04/17/2018","4.4468","4.4410","4.4479","4.4200","","0.12%"
"04/16/2018","4.4415","4.4410","4.4442","4.4200","","-0.06%"
"04/13/2018","4.4440","4.4440","4.4442","4.4175","","0.00%"
"04/12/2018","4.4440","4.4400","4.4470","4.4200","","0.09%"
"04/11/2018","4.4400","4.4410","4.5000","4.4087","","-0.02%"
"04/10/2018","4.4410","4.4445","4.4513","4.4143","","-0.08%"
"04/09/2018","4.4445","4.4525","4.5000","4.4193","","-0.18%"
"04/06/2018","4.4525","4.4525","4.5000","4.4075","","0.00%"
"04/05/2018","4.4525","4.4268","4.4705","4.4100","","0.58%"
"04/04/2018","4.4268","4.4217","4.4576","4.4100","","0.12%"
"04/03/2018","4.4217","4.4205","4.5000","4.4000","","0.03%"
"04/02/2018","4.4205","4.4168","4.4220","4.4095","","0.00%"
"03/30/2018","4.4205","4.4205","4.4576","4.4095","","0.00%"
"03/29/2018","4.4205","4.4168","4.4825","4.3950","","0.00%"
"03/28/2018","4.4205","4.4168","4.4288","4.4023","","0.08%"
"03/27/2018","4.4168","4.4150","4.4735","4.4010","","0.00%"
"03/26/2018","4.4168","4.4235","4.4576","4.4006","","0.12%"
"03/23/2018","4.4113","4.4235","4.4665","4.4014","","-0.15%"
"03/22/2018","4.4180","4.4200","4.4712","4.4063","","-0.01%"
"03/21/2018","4.4185","4.4200","4.4723","4.4050","","0.07%"
"03/20/2018","4.4156","4.4200","4.4684","4.4100","","-0.94%"
"03/19/2018","4.4576","4.4300","4.4725","4.4125","","0.88%"
"03/16/2018","4.4188","4.4300","4.4728","4.4075","","0.03%"
"03/15/2018","4.4175","4.4250","4.4695","4.4081","","-0.06%"
"03/14/2018","4.4200","4.4250","4.4697","4.4125","","-0.10%"
"03/13/2018","4.4243","4.4305","4.4735","4.4120","","-0.18%"
"03/12/2018","4.4325","4.4373","4.5000","4.4125","","-0.35%"
"03/09/2018","4.4480","4.4522","4.4707","4.4225","","0.01%"
"03/08/2018","4.4475","4.4522","4.4700","4.4350","","-0.06%"
"03/07/2018","4.4500","4.4700","4.4724","4.4366","","0.00%"
"03/06/2018","4.4500","4.4700","4.4708","4.4468","","-0.07%"
"03/05/2018","4.4530","4.4700","4.5000","4.4396","","-0.27%"
"03/02/2018","4.4650","4.4700","4.4753","4.4456","","0.07%"
"03/01/2018","4.4620","4.4825","4.4878","4.4275","","-0.46%"
"02/28/2018","4.4825","4.4825","4.4875","4.4323","","0.00%"
"02/27/2018","4.4825","4.4605","4.5125","4.4323","","0.39%"
"02/26/2018","4.4650","4.4700","4.5000","4.4320","","-0.45%"
"02/23/2018","4.4850","4.4700","4.4900","4.4315","","0.43%"
"02/22/2018","4.4659","4.4700","4.5175","4.3950","","0.23%"
"02/21/2018","4.4556","4.4738","4.4825","4.4322","","-0.09%"
"02/20/2018","4.4596","4.4850","4.4875","4.4565","","-0.06%"
"02/19/2018","4.4625","4.4850","4.4875","4.4500","","-1.44%"
"02/16/2018","4.5275","4.4850","4.5275","4.4250","","1.48%"
"02/15/2018","4.4616","4.4650","4.4975","4.4562","","-0.19%"
"02/14/2018","4.4700","4.4850","4.5488","4.4506","","0.23%"
"02/13/2018","4.4599","4.4775","4.5050","4.4388","","-0.73%"
"02/12/2018","4.4925","4.4775","4.5075","4.4338","","0.54%"
"02/09/2018","4.4683","4.4305","4.4809","4.4266","","0.81%"
"02/08/2018","4.4325","4.4775","4.4900","4.3900","","0.02%"
"02/07/2018","4.4314","4.4775","4.5050","4.3950","","-1.04%"
"02/06/2018","4.4781","4.4775","4.5088","4.4663","","-0.01%"
"02/05/2018","4.4784","4.5050","4.5200","4.4770","","-0.29%"
"02/02/2018","4.4915","4.5050","4.5425","4.4738","","-0.41%"
"02/01/2018","4.5100","4.5525","4.5525","4.4868","","0.17%"
"01/31/2018","4.5025","4.5525","4.5525","4.4808","","-0.21%"
"01/30/2018","4.5118","4.5525","4.5525","4.4850","","0.04%"
"01/29/2018","4.5100","4.5525","4.5550","4.4915","","-0.24%"
"01/26/2018","4.5207","4.5500","4.5527","4.5100","","-0.64%"
"01/25/2018","4.5500","4.5525","4.5527","4.4975","","-0.05%"
"01/24/2018","4.5525","4.5512","4.5625","4.5000","","0.30%"
"01/23/2018","4.5390","4.5520","4.5570","4.5000","","-0.29%"
"01/22/2018","4.5520","4.5520","4.5555","4.4950","","0.00%"
"01/19/2018","4.5520","4.5525","4.5550","4.4950","","-0.01%"
"01/18/2018","4.5525","4.5475","4.5600","4.4900","","0.11%"
"01/17/2018","4.5475","4.5475","4.5600","4.4900","","0.22%"
"01/16/2018","4.5375","4.5250","4.5600","4.4950","","0.33%"
"01/15/2018","4.5225","4.5550","4.5650","4.4850","","0.23%"
"01/12/2018","4.5123","4.5550","4.5550","4.4950","","-0.94%"
"01/11/2018","4.5550","4.5538","4.5642","4.4950","","0.44%"
"01/10/2018","4.5349","4.5588","4.5775","4.5025","","-0.52%"
"01/09/2018","4.5588","4.5469","4.5675","4.4950","","0.26%"
"01/08/2018","4.5469","4.5469","4.5605","4.4925","","0.00%"
"01/05/2018","4.5469","4.5469","4.5625","4.4800","","0.00%"
"01/04/2018","4.5469","4.5419","4.5650","4.4800","","0.11%"
"01/03/2018","4.5419","4.5409","4.5675","4.4950","","0.02%"
"01/02/2018","4.5409","4.5379","4.5500","4.4900","","0.07%"
"01/01/2018","4.5379","4.5379","4.5379","4.5379","","0.00%"
"12/29/2017","4.5379","4.5368","4.5450","4.4850","","0.02%"
"12/28/2017","4.5368","4.5319","4.5374","4.4950","","0.11%"
"12/27/2017","4.5319","4.5319","4.5399","4.4950","","0.00%"
"12/26/2017","4.5319","4.5319","4.5324","4.5100","","0.00%"
"12/25/2017","4.5319","4.5319","4.5319","4.5319","","0.00%"
"12/22/2017","4.5319","4.5319","4.5374","4.4925","","0.00%"
"12/21/2017","4.5319","4.5041","4.5374","4.4800","","0.49%"
"12/20/2017","4.5100","4.5344","4.5394","4.4800","","-0.54%"
"12/19/2017","4.5344","4.5050","4.5394","4.4800","","0.00%"
"12/18/2017","4.5344","4.5319","4.5399","4.4800","","0.06%"
"12/15/2017","4.5319","4.5294","4.5324","4.4908","","0.06%"
"12/14/2017","4.5294","4.5150","4.5319","4.4750","","1.54%"
"12/13/2017","4.4608","4.5274","4.5294","4.4608","","0.00%"
"12/12/2017","4.4608","4.4750","4.5319","4.4608","","-0.98%"
"12/11/2017","4.5050","4.5000","4.5450","4.4800","","0.00%"
"12/08/2017","4.5050","4.5100","4.5400","4.4700","","0.99%"
"12/07/2017","4.4608","4.4950","4.5275","4.4075","","0.00%"
"12/06/2017","4.4608","4.4590","4.5300","4.4075","","0.00%"
"12/05/2017","4.4610","4.4075","4.5825","4.4075","","0.18%"
"12/04/2017","4.4530","4.4800","4.5700","4.4453","","-0.71%"
"12/01/2017","4.4850","4.5500","4.5500","4.4775","","-1.32%"
"11/30/2017","4.5450","4.5850","4.6275","4.5250","","-1.84%"
"11/29/2017","4.6300","4.6300","4.6424","4.5700","","0.05%"
"11/28/2017","4.6278","4.6400","4.6424","4.5850","","-0.26%"
"11/27/2017","4.6400","4.6300","4.6425","4.5850","","0.22%"
"11/24/2017","4.6300","4.6400","4.6400","4.5850","","-0.22%"
"11/23/2017","4.6400","4.6237","4.6500","4.5775","","0.35%"
"11/22/2017","4.6237","4.6213","4.6400","4.5600","","0.08%"
"11/21/2017","4.6200","4.6100","4.6325","4.5600","","0.59%"
"11/20/2017","4.5931","4.5725","4.6250","4.5450","","0.45%"
"11/17/2017","4.5725","4.5650","4.5900","4.4675","","0.16%"
"11/16/2017","4.5650","4.5350","4.5750","4.4600","","0.66%"
"11/15/2017","4.5350","4.4850","4.5375","4.4100","","1.11%"
"11/14/2017","4.4850","4.4580","4.5000","4.4050","","0.70%"
"11/13/2017","4.4537","4.4075","4.4775","4.3925","","0.00%"
"11/10/2017","4.4537","4.4075","4.4537","4.3938","","0.98%"
"11/09/2017","4.4105","4.4325","4.4463","4.3925","","-0.50%"
"11/08/2017","4.4325","4.4075","4.4400","4.3825","","0.54%"
"11/07/2017","4.4085","4.4200","4.4279","4.3900","","-0.26%"
"11/06/2017","4.4200","4.4075","4.4242","4.3825","","0.00%"
"11/03/2017","4.4200","4.4175","4.4229","4.3850","","0.06%"
"11/02/2017","4.4175","4.4105","4.4222","4.3840","","0.03%"
"11/01/2017","4.4163","4.3875","4.4200","4.3795","","0.09%"
"10/31/2017","4.4125","4.4075","4.4200","4.3775","","0.00%"
"10/30/2017","4.4125","4.4300","4.4300","4.3741","","0.11%"
"10/27/2017","4.4075","4.4300","4.4300","4.3728","","0.06%"
"10/26/2017","4.4050","4.4300","4.4300","4.3648","","0.64%"
"10/25/2017","4.3770","4.3975","4.4300","4.3675","","-0.69%"
"10/24/2017","4.4075","4.4300","4.4300","4.3653","","0.89%"
"10/23/2017","4.3685","4.4300","4.4300","4.3656","","-0.77%"
"10/20/2017","4.4025","4.4105","4.4300","4.3719","","-0.23%"
"10/19/2017","4.4125","4.4125","4.4300","4.3766","","0.00%"
"10/18/2017","4.4125","4.4300","4.4300","4.3781","","0.22%"
"10/17/2017","4.4030","4.4000","4.5275","4.3753","","0.21%"
"10/16/2017","4.3938","4.4300","4.4300","4.3625","","0.19%"
"10/13/2017","4.3855","4.4300","4.4300","4.3703","","-0.03%"
"10/12/2017","4.3867","4.3950","4.4300","4.3600","","-0.03%"
"10/11/2017","4.3880","4.4000","4.4300","4.3778","","0.21%"
"10/10/2017","4.3790","4.4300","4.4300","4.3747","","-0.68%"
"10/09/2017","4.4090","4.4300","4.4300","4.3825","","0.64%"
"10/06/2017","4.3810","4.4300","4.4300","4.3806","","-0.50%"
"10/05/2017","4.4030","4.4300","4.4400","4.3825","","0.00%"
"10/04/2017","4.4030","4.4070","4.4300","4.3825","","0.15%"
"10/03/2017","4.3964","4.4300","4.4325","4.3856","","-0.24%"
"10/02/2017","4.4070","4.4300","4.4300","4.3825","","0.27%"
"09/29/2017","4.3950","4.4300","4.4300","4.3815","","-0.11%"
"09/28/2017","4.4000","4.4300","4.4300","4.3825","","0.00%"
"09/27/2017","4.4000","4.4300","4.4325","4.3825","","-0.02%"
"09/26/2017","4.4010","4.4300","4.4345","4.3825","","-0.05%"
"09/25/2017","4.4030","4.4300","4.4325","4.3978","","0.05%"
"09/22/2017","4.4010","4.4325","4.4375","4.3981","","-0.77%"
"09/21/2017","4.4350","4.4202","4.4375","4.3825","","0.43%"
"09/20/2017","4.4160","4.4243","4.4388","4.3825","","-0.40%"
"09/19/2017","4.4338","4.4300","4.4413","4.3825","","0.38%"
"09/18/2017","4.4170","4.4300","4.4425","4.3825","","-0.09%"
"09/15/2017","4.4210","4.4300","4.4400","4.3825","","0.05%"
"09/14/2017","4.4190","4.4300","4.4375","4.4134","","-0.21%"
"09/13/2017","4.4285","4.4212","4.4413","4.3825","","0.12%"
"09/12/2017","4.4232","4.4300","4.4413","4.3825","","-0.11%"
"09/11/2017","4.4280","4.4300","4.4375","4.3825","","0.52%"
"09/08/2017","4.4050","4.4300","4.4425","4.4015","","-0.14%"
"09/07/2017","4.4110","4.4300","4.4338","4.4000","","-0.69%"
"09/06/2017","4.4418","4.4038","4.4452","4.3825","","0.61%"
"09/05/2017","4.4148","4.4300","4.4500","4.3375","","-0.34%"
"09/04/2017","4.4300","4.4300","4.4450","4.3975","","-0.17%"
"09/01/2017","4.4375","4.4300","4.4440","4.4300","","0.31%"
"08/31/2017","4.4240","4.4300","4.4550","4.3825","","0.00%"
"08/30/2017","4.4240","4.4200","4.4475","4.3825","","0.02%"
"08/29/2017","4.4230","4.4200","4.4550","4.4075","","-0.16%"
"08/28/2017","4.4300","4.4200","4.4563","4.4050","","0.23%"
"08/25/2017","4.4200","4.4150","4.4600","4.4050","","-0.47%"
"08/24/2017","4.4410","4.4425","4.4575","4.4150","","0.00%"
"08/23/2017","4.4410","4.4200","4.4600","4.4125","","0.40%"
"08/22/2017","4.4235","4.4200","4.4625","4.3375","","0.00%"
"08/21/2017","4.4235","4.4175","4.4400","4.3975","","0.16%"
"08/18/2017","4.4165","4.4175","4.4650","4.3975","","0.00%"
"08/17/2017","4.4165","4.4175","4.4725","4.3750","","0.12%"
"08/16/2017","4.4110","4.4175","4.4675","4.3100","","-1.10%"
"08/15/2017","4.4600","4.4175","4.4750","4.4050","","1.11%"
"08/14/2017","4.4110","4.4175","4.4700","4.3950","","-0.65%"
"08/11/2017","4.4400","4.4175","4.4600","4.3950","","0.57%"
"08/10/2017","4.4150","4.4175","4.4375","4.3743","","0.03%"
"08/09/2017","4.4136","4.4175","4.4294","4.3825","","0.06%"
"08/08/2017","4.4110","4.4175","4.4225","4.3853","","0.32%"
"08/07/2017","4.3970","4.4175","4.4187","4.3685","","-0.09%"
"08/04/2017","4.4010","4.4175","4.4300","4.3325","","0.00%"
"08/03/2017","4.4010","4.3472","4.4300","4.3127","","1.19%"
"08/02/2017","4.3492","4.4175","4.4256","4.3186","","-0.04%"
"08/01/2017","4.3511","4.4175","4.4425","4.3236","","-0.77%"
"07/31/2017","4.3850","4.4175","4.4400","4.3250","","0.38%"
"07/28/2017","4.3685","4.4175","4.4325","4.3200","","-0.44%"
"07/27/2017","4.3880","4.4175","4.4300","4.3250","","-0.24%"
"07/26/2017","4.3987","4.4175","4.4239","4.3500","","-0.14%"
"07/25/2017","4.4047","4.4175","4.4400","4.2975","","-0.09%"
"07/24/2017","4.4087","4.4175","4.4550","4.2975","","-0.37%"
"07/21/2017","4.4250","4.4175","4.4443","4.3500","","0.20%"
"07/20/2017","4.4160","4.4175","4.4400","4.3150","","0.23%"
"07/19/2017","4.4060","4.4175","4.4350","4.3175","","0.58%"
"07/18/2017","4.3805","4.3960","4.4175","4.3475","","-0.40%"
"07/17/2017","4.3980","4.4175","4.4300","4.3025","","0.35%"
"07/14/2017","4.3827","4.3866","4.4350","4.3175","","-0.45%"
"07/13/2017","4.4025","4.4000","4.4375","4.3250","","0.38%"
"07/12/2017","4.3860","4.3866","4.4355","4.3225","","-0.06%"
"07/11/2017","4.3886","4.4175","4.4350","4.3300","","0.22%"
"07/10/2017","4.3790","4.4175","4.4400","4.3350","","-0.03%"
"07/07/2017","4.3805","4.4175","4.4350","4.3175","","-0.09%"
"07/06/2017","4.3844","4.3950","4.4350","4.3175","","-0.31%"
"07/05/2017","4.3982","4.4175","4.4425","4.3100","","0.99%"
"07/04/2017","4.3550","4.4175","4.4600","4.3025","","-0.06%"
"07/03/2017","4.3575","4.4175","4.4250","4.3575","","-0.94%"
"06/30/2017","4.3990","4.4175","4.4450","4.3375","","-0.66%"
"06/29/2017","4.4284","4.4175","4.4650","4.3500","","-0.17%"
"06/28/2017","4.4360","4.4175","4.4504","4.3375","","1.15%"
"06/27/2017","4.3857","4.4175","4.4598","4.3678","","-0.01%"
"06/26/2017","4.3862","4.4175","4.4441","4.3500","","-0.09%"
"06/23/2017","4.3901","4.3920","4.4500","4.3400","","-0.09%"
"06/22/2017","4.3940","4.4250","4.4537","4.3450","","-0.81%"
"06/21/2017","4.4300","4.4100","4.4450","4.3000","","0.78%"
"06/20/2017","4.3959","4.3104","4.4450","4.3027","","-0.09%"
"06/19/2017","4.3998","4.4100","4.4352","4.3000","","0.27%"
"06/16/2017","4.3880","4.4100","4.4275","4.2950","","-0.09%"
"06/15/2017","4.3920","4.4100","4.4100","4.2750","","0.00%"
"06/14/2017","4.3920","4.3825","4.4125","4.2950","","0.15%"
"06/13/2017","4.3854","4.3600","4.4175","4.2978","","-0.24%"
"06/12/2017","4.3960","4.3600","4.4210","4.2750","","0.25%"
"06/09/2017","4.3850","4.3600","4.4325","4.3184","","0.26%"
"06/08/2017","4.3735","4.3600","4.4400","4.2750","","0.08%"
"06/07/2017","4.3701","4.3600","4.4000","4.2750","","0.58%"
"06/06/2017","4.3450","4.3600","4.3850","4.2525","","0.56%"
"06/05/2017","4.3206","4.3600","4.3750","4.2550","","0.09%"
"06/02/2017","4.3165","4.3600","4.3750","4.2550","","-0.02%"
"06/01/2017","4.3172","4.3249","4.3950","4.2500","","-0.22%"
"05/31/2017","4.3269","4.3050","4.3750","4.2415","","0.60%"
"05/30/2017","4.3011","4.3600","4.3740","4.2350","","0.49%"
"05/29/2017","4.2800","4.3600","4.4350","4.2025","","-0.47%"
"05/26/2017","4.3000","4.3600","4.4410","4.1500","","-1.29%"
"05/25/2017","4.3561","4.3600","4.3962","4.3235","","-0.08%"
"05/24/2017","4.3597","4.3300","4.4550","4.2825","","-0.05%"
"05/23/2017","4.3617","4.3300","4.4755","4.3132","","-0.09%"
"05/22/2017","4.3656","4.3300","4.5100","4.2900","","0.00%"
"05/19/2017","4.3656","4.3300","4.5000","4.2525","","0.32%"
"05/18/2017","4.3518","4.3381","4.4300","4.2150","","0.16%"
"05/17/2017","4.3450","4.2400","4.3475","4.1675","","3.45%"
"05/16/2017","4.2001","4.2400","4.3400","4.1675","","-2.61%"
"05/15/2017","4.3125","4.2400","4.3125","4.1300","","1.35%"
"05/12/2017","4.2550","4.2400","4.3500","4.1330","","0.59%"
"05/11/2017","4.2300","4.2425","4.2800","4.1550","","-0.35%"
"05/10/2017","4.2450","4.2400","4.2825","4.1500","","1.07%"
"05/09/2017","4.2001","4.2400","4.3500","4.1280","","-0.03%"
"05/08/2017","4.2014","4.2400","4.2675","4.1500","","-0.68%"
"05/05/2017","4.2300","4.2400","4.2750","4.1600","","0.59%"
"05/04/2017","4.2050","4.2400","4.2650","4.1750","","0.16%"
"05/03/2017","4.1981","4.1500","4.3500","4.1400","","-0.05%"
"05/02/2017","4.2000","4.1500","4.2500","4.1400","","-0.59%"
"05/01/2017","4.2250","4.1500","4.2300","4.1500","","0.15%"
"04/28/2017","4.2188","4.1500","4.2414","4.1150","","0.09%"
"04/27/2017","4.2150","4.1500","4.3500","4.1050","","-0.12%"
"04/26/2017","4.2200","4.2300","4.2675","4.1350","","0.48%"
"04/25/2017","4.2000","4.1500","4.2700","4.1300","","1.23%"
"04/24/2017","4.1491","4.2100","4.2650","4.1143","","-0.14%"
"04/21/2017","4.1550","4.1163","4.2750","4.0704","","0.89%"
"04/20/2017","4.1182","4.1525","4.2600","4.1000","","-1.77%"
"04/19/2017","4.1925","4.2300","4.2700","4.0950","","-0.67%"
"04/18/2017","4.2207","4.2300","4.3500","4.1365","","-0.05%"
"04/17/2017","4.2226","4.2300","4.2410","4.2116","","0.18%"
"04/14/2017","4.2150","4.2300","4.2408","4.2050","","-0.27%"
"04/13/2017","4.2264","4.1600","4.2825","4.1400","","-0.28%"
"04/12/2017","4.2381","4.1600","4.3650","4.1450","","-0.24%"
"04/11/2017","4.2481","4.2300","4.2900","4.1400","","0.28%"
"04/10/2017","4.2362","4.1600","4.3500","4.1400","","0.98%"
"04/07/2017","4.1950","4.1600","4.3300","4.1300","","0.02%"
"04/06/2017","4.1943","4.3500","4.3500","4.1150","","-3.58%"
"04/05/2017","4.3500","4.3500","4.3700","4.1788","","1.77%"
"04/04/2017","4.2742","4.3500","4.3750","4.2300","","-1.20%"
"04/03/2017","4.3261","4.3500","4.3950","4.2075","","-0.23%"
"03/31/2017","4.3361","4.3500","4.4250","4.2525","","-0.05%"
"03/30/2017","4.3381","4.3475","4.4450","4.2975","","-0.27%"
"03/29/2017","4.3498","4.3500","4.3850","4.3050","","-0.22%"
"03/28/2017","4.3592","4.3500","4.4000","4.2650","","-0.09%"
"03/27/2017","4.3631","4.3500","4.5400","4.2250","","0.30%"
"03/24/2017","4.3500","4.4700","4.4900","4.2225","","-0.33%"
"03/23/2017","4.3642","4.4700","4.5600","4.3075","","-2.39%"
"03/22/2017","4.4710","4.5275","4.6025","4.4225","","-0.31%"
"03/21/2017","4.4850","4.5450","4.6300","4.4400","","-0.13%"
"03/20/2017","4.4910","4.5450","4.6650","4.4700","","-0.75%"
"03/17/2017","4.5250","4.6150","4.6250","4.4825","","-0.41%"
"03/16/2017","4.5438","4.5350","4.6500","4.4950","","0.18%"
"03/15/2017","4.5355","4.5950","4.6250","4.4650","","-1.19%"
"03/14/2017","4.5900","4.6150","4.6450","4.5050","","-0.22%"
"03/13/2017","4.6000","4.6150","4.6575","4.4450","","-1.01%"
"03/10/2017","4.6468","4.6150","4.7175","4.5743","","-0.13%"
"03/09/2017","4.6530","4.6150","4.6925","4.5325","","-0.09%"
"03/08/2017","4.6571","4.7450","4.7450","4.5500","","-0.13%"
"03/07/2017","4.6632","4.7450","4.7750","4.5350","","-1.16%"
"03/06/2017","4.7179","4.7450","4.8000","4.5950","","-0.15%"
"03/03/2017","4.7250","4.6900","4.7850","4.6500","","-0.42%"
"03/02/2017","4.7450","4.5750","4.7750","4.4900","","0.42%"
"03/01/2017","4.7250","4.6950","4.7325","4.4750","","0.53%"
"02/28/2017","4.7000","4.5558","4.7300","4.4900","","1.73%"
"02/27/2017","4.6200","4.5750","4.6800","4.4900","","0.98%"
"02/24/2017","4.5750","4.5200","4.6300","4.4650","","0.42%"
"02/23/2017","4.5558","4.5650","4.6100","4.4200","","0.00%"
"02/22/2017","4.5558","4.5450","4.5950","4.4750","","0.70%"
"02/21/2017","4.5240","4.3800","4.5630","4.3775","","-0.35%"
"02/20/2017","4.5400","4.4850","4.5775","4.3950","","-0.11%"
"02/17/2017","4.5450","4.3800","4.5550","4.3350","","1.79%"
"02/16/2017","4.4650","4.4050","4.5050","4.3350","","0.88%"
"02/15/2017","4.4260","4.4050","4.4900","4.3500","","0.31%"
"02/14/2017","4.4122","4.4150","4.4550","4.3800","","-0.09%"
"02/13/2017","4.4162","4.3750","4.4550","4.3307","","-0.89%"
"02/10/2017","4.4560","4.3750","4.4654","4.3350","","-0.20%"
"02/09/2017","4.4650","4.4500","4.4658","4.3550","","0.20%"
"02/08/2017","4.4560","4.3850","4.4604","4.3150","","1.85%"
"02/07/2017","4.3751","4.4175","4.4400","4.3050","","-0.09%"
"02/06/2017","4.3790","4.2700","4.4200","4.2600","","-0.25%"
"02/03/2017","4.3900","4.3875","4.4050","4.2700","","0.11%"
"02/02/2017","4.3850","4.3575","4.4200","4.2700","","0.57%"
"02/01/2017","4.3600","4.2800","4.3850","4.2700","","-0.03%"
"01/31/2017","4.3615","4.3413","4.3875","4.2600","","0.42%"
"01/30/2017","4.3432","4.2800","4.3900","4.2550","","-0.27%"
"01/27/2017","4.3550","4.2800","4.3600","4.2600","","1.47%"
"01/26/2017","4.2920","4.2800","4.3750","4.2566","","0.00%"
"01/25/2017","4.2920","4.3600","4.3613","4.2450","","0.14%"
"01/24/2017","4.2862","4.3600","4.3735","4.2440","","-0.29%"
"01/23/2017","4.2988","4.2800","4.3725","4.2461","","-1.18%"
"01/20/2017","4.3500","4.2800","4.3725","4.2550","","1.16%"
"01/19/2017","4.3000","4.2775","4.3506","4.2461","","0.19%"
"01/18/2017","4.2917","4.2955","4.3425","4.2400","","-0.13%"
"01/17/2017","4.2974","4.3000","4.3258","4.2300","","0.64%"
"01/16/2017","4.2700","4.3000","4.3075","4.2200","","0.35%"
"01/13/2017","4.2550","4.3000","4.3050","4.2108","","0.00%"
"01/12/2017","4.2550","4.2400","4.3050","4.2150","","0.80%"
"01/11/2017","4.2212","4.3000","4.3058","4.2150","","-1.77%"
"01/10/2017","4.2974","4.3000","4.3058","4.2100","","-0.09%"
"01/09/2017","4.3012","4.3000","4.3400","4.2190","","1.09%"
"01/06/2017","4.2550","4.3000","4.3150","4.2150","","-0.57%"
"01/05/2017","4.2795","4.3038","4.3236","4.2150","","0.27%"
"01/04/2017","4.2681","4.3038","4.3150","4.1310","","-0.83%"
"01/03/2017","4.3038","4.3038","4.3800","4.2050","","0.00%"
"01/02/2017","4.3038","4.3038","4.3038","4.3038","","0.00%"
"12/30/2016","4.3038","4.3038","4.3135","4.1500","","0.00%"
"12/29/2016","4.3038","4.3038","4.3135","4.1350","","0.00%"
"12/28/2016","4.3038","4.3038","4.4000","4.1750","","0.00%"
"12/27/2016","4.3038","4.3038","4.3038","4.3038","","0.00%"
"12/26/2016","4.3038","4.3038","4.3038","4.3038","","-0.49%"
"12/23/2016","4.3250","4.3038","4.3275","4.1550","","0.49%"
"12/22/2016","4.3038","4.3038","4.3250","4.1450","","1.62%"
"12/21/2016","4.2350","4.2250","4.3038","4.1400","","2.54%"
"12/20/2016","4.1300","4.3038","4.3436","4.1250","","-4.04%"
"12/19/2016","4.3038","4.1250","4.4000","4.0550","","0.00%"
"12/16/2016","4.3038","4.1250","4.3038","4.1050","","0.00%"
"12/15/2016","4.3038","4.2188","4.3038","4.0890","","4.59%"
"12/14/2016","4.1150","4.2188","4.2288","4.0500","","-0.36%"
"12/13/2016","4.1300","4.2188","4.2387","3.9940","","-1.20%"
"12/12/2016","4.1800","4.2188","4.3286","4.1400","","-2.88%"
"12/09/2016","4.3038","4.4000","4.4000","4.1250","","0.00%"
"12/08/2016","4.3038","4.4000","4.4000","4.1400","","0.00%"
"12/07/2016","4.3038","4.3038","4.4000","4.1800","","-0.26%"
"12/06/2016","4.3150","4.3150","4.3975","4.1550","","0.26%"
"12/05/2016","4.3038","4.3250","4.4125","4.1410","","2.47%"
"12/02/2016","4.2000","4.2000","4.2375","4.1625","","-1.87%"
"12/01/2016","4.2800","4.2000","4.4450","4.1300","","-0.01%"
"11/30/2016","4.2805","4.2000","4.4800","4.1450","","0.41%"
"11/29/2016","4.2630","4.2000","4.3851","4.0450","","1.04%"
"11/28/2016","4.2193","4.0500","4.2980","4.0000","","1.79%"
"11/25/2016","4.1450","4.0500","4.2650","3.9535","","1.22%"
"11/24/2016","4.0950","4.0500","4.2161","3.9842","","2.63%"
"11/23/2016","3.9900","4.0500","4.1300","3.9800","","-1.13%"
"11/22/2016","4.0357","4.0500","4.1177","3.9626","","1.15%"
"11/21/2016","3.9900","3.9830","4.0893","3.9434","","0.43%"
"11/18/2016","3.9731","3.9830","4.0800","3.9336","","-0.13%"
"11/17/2016","3.9784","3.9830","4.0625","3.9230","","-0.12%"
"11/16/2016","3.9832","3.9830","4.0475","3.9375","","0.40%"
"11/15/2016","3.9673","3.9825","4.0575","3.9248","","-0.09%"
"11/14/2016","3.9708","3.9825","4.0600","3.9013","","-0.74%"
"11/11/2016","4.0005","3.9825","4.0499","3.9344","","0.69%"
"11/10/2016","3.9730","3.9825","4.0504","3.9120","","-0.02%"
"11/09/2016","3.9736","3.9825","4.0425","3.9575","","-0.09%"
"11/08/2016","3.9772","3.9925","4.0038","3.9600","","0.27%"
"11/07/2016","3.9664","3.9750","4.0038","3.9475","","0.04%"
"11/04/2016","3.9650","3.9600","4.0246","3.7549","","-0.05%"
"11/03/2016","3.9671","3.9750","4.0424","3.9065","","0.04%"
"11/02/2016","3.9654","3.9700","4.0409","3.9277","","-0.04%"
"11/01/2016","3.9671","3.9750","4.0383","3.8825","","-0.32%"
"10/31/2016","3.9800","4.0006","4.0373","3.9433","","0.10%"
"10/28/2016","3.9759","4.0006","4.0336","3.9378","","0.15%"
"10/27/2016","3.9700","4.0006","4.0328","3.9195","","0.03%"
"10/26/2016","3.9689","4.0006","4.0373","3.9040","","-0.23%"
"10/25/2016","3.9779","4.0006","4.0323","3.9179","","0.00%"
"10/24/2016","3.9779","4.0006","4.0451","3.9040","","-0.09%"
"10/21/2016","3.9814","3.9650","4.0378","3.9095","","-0.04%"
"10/20/2016","3.9831","4.0000","4.0599","3.8541","","0.57%"
"10/19/2016","3.9605","4.0000","4.0323","3.9065","","0.05%"
"10/18/2016","3.9586","3.9750","4.0323","3.9065","","-0.54%"
"10/17/2016","3.9800","4.0000","4.0000","3.9295","","0.56%"
"10/14/2016","3.9580","4.0000","4.0002","3.9467","","-0.05%"
"10/13/2016","3.9598","4.0000","4.0000","3.9195","","-0.04%"
"10/12/2016","3.9615","4.0000","4.0000","3.9050","","-0.05%"
"10/11/2016","3.9633","4.0000","4.0000","3.9350","","-0.24%"
"10/10/2016","3.9729","4.0000","4.0333","3.9054","","0.06%"
"10/07/2016","3.9704","4.0000","4.0323","3.8544","","0.13%"
"10/06/2016","3.9652","4.0000","4.0323","3.9013","","-0.13%"
"10/05/2016","3.9704","4.0000","4.0323","3.8544","","0.21%"
"10/04/2016","3.9620","4.0000","4.0000","3.9409","","-0.08%"
"10/03/2016","3.9650","4.0000","4.0000","3.9195","","0.12%"
"09/30/2016","3.9601","4.0000","4.0025","3.9467","","-0.04%"
"09/29/2016","3.9615","4.0000","4.0175","3.9075","","0.04%"
"09/28/2016","3.9600","3.9504","4.0101","3.9181","","-0.04%"
"09/27/2016","3.9614","3.9504","4.0101","3.9181","","0.76%"
"09/26/2016","3.9314","3.9504","4.0602","3.8969","","-1.59%"
"09/23/2016","3.9950","3.9504","4.0068","3.9181","","1.62%"
"09/22/2016","3.9314","3.9504","4.0299","3.8937","","-0.09%"
"09/21/2016","3.9348","3.9325","4.0222","3.8937","","-0.04%"
"09/20/2016","3.9365","3.9500","4.0426","3.8586","","-0.04%"
"09/19/2016","3.9382","3.9504","4.0075","3.8845","","0.00%"
"09/16/2016","3.9382","3.9504","4.0007","3.8975","","-0.04%"
"09/15/2016","3.9399","3.9500","3.9995","3.8725","","-0.09%"
"09/14/2016","3.9435","3.9450","4.0199","3.8974","","-0.03%"
"09/13/2016","3.9448","3.9559","4.0150","3.8980","","-0.04%"
"09/12/2016","3.9465","3.9559","4.0054","3.8343","","0.24%"
"09/09/2016","3.9369","3.9500","4.0129","3.9075","","0.05%"
"09/08/2016","3.9351","3.9559","4.0129","3.9005","","-0.05%"
"09/07/2016","3.9369","3.9559","4.0129","3.8425","","-0.02%"
"09/06/2016","3.9376","3.9559","4.0194","3.8343","","-0.19%"
"09/05/2016","3.9450","3.9559","4.0211","3.7797","","0.22%"
"09/02/2016","3.9365","3.9559","4.0206","3.8750","","-0.71%"
"09/01/2016","3.9648","3.9559","4.0216","3.8795","","-0.03%"
"08/31/2016","3.9659","3.9559","4.0181","3.8500","","0.25%"
"08/30/2016","3.9559","3.9750","4.0120","3.8293","","0.66%"
"08/29/2016","3.9301","3.9559","4.0221","3.7797","","-0.47%"
"08/26/2016","3.9487","3.9559","4.0129","3.8956","","0.35%"
"08/25/2016","3.9348","3.9550","4.0154","3.8164","","1.89%"
"08/24/2016","3.8619","3.8604","4.0257","3.8307","","-0.89%"
"08/23/2016","3.8966","3.9350","4.0237","3.8250","","-1.39%"
"08/22/2016","3.9515","3.9400","4.0257","3.8293","","0.00%"
"08/19/2016","3.9515","3.9400","4.0097","3.8650","","0.55%"
"08/18/2016","3.9298","3.9400","4.0200","3.8650","","-0.04%"
"08/17/2016","3.9315","3.9450","4.0150","3.8750","","-0.72%"
"08/16/2016","3.9600","3.9500","4.0063","3.8600","","0.60%"
"08/15/2016","3.9365","3.9600","4.0093","3.8725","","-0.09%"
"08/12/2016","3.9400","3.9380","3.9675","3.8825","","0.01%"
"08/11/2016","3.9398","3.9600","3.9675","3.8775","","0.04%"
"08/10/2016","3.9383","3.9600","3.9675","3.8775","","0.00%"
"08/09/2016","3.9383","3.9600","3.9675","3.8800","","-0.17%"
"08/08/2016","3.9450","3.9600","3.9687","3.8700","","-0.32%"
"08/05/2016","3.9575","3.9600","3.9850","3.9050","","0.44%"
"08/04/2016","3.9400","3.9450","3.9700","3.9100","","0.00%"
"08/03/2016","3.9400","3.9433","3.9713","3.8700","","-0.08%"
"08/02/2016","3.9433","3.9645","3.9666","3.8800","","-0.08%"
"08/01/2016","3.9465","3.9645","3.9829","3.8600","","1.28%"
"07/29/2016","3.8965","3.9645","3.9875","3.8700","","0.00%"
"07/28/2016","3.8965","3.9450","3.9725","3.8655","","-0.98%"
"07/27/2016","3.9350","3.9450","3.9875","3.8790","","0.90%"
"07/26/2016","3.8999","3.9450","3.9875","3.8238","","-0.55%"
"07/25/2016","3.9215","3.9475","3.9704","3.8775","","-0.55%"
"07/22/2016","3.9433","3.9475","3.9925","3.8575","","0.74%"
"07/21/2016","3.9145","3.9500","4.0025","3.8775","","-0.09%"
"07/20/2016","3.9180","3.9500","4.0050","3.8800","","-0.94%"
"07/19/2016","3.9550","3.9500","4.0075","3.8800","","0.85%"
"07/18/2016","3.9215","3.9500","4.0075","3.8538","","-0.43%"
"07/15/2016","3.9383","3.9500","4.0075","3.8300","","0.39%"
"07/14/2016","3.9230","3.9500","4.0078","3.8588","","-0.05%"
"07/13/2016","3.9248","3.9250","4.0085","3.8575","","-0.42%"
"07/12/2016","3.9415","3.9500","4.0075","3.8588","","0.08%"
"07/11/2016","3.9383","3.9500","3.9875","3.8588","","0.47%"
"07/08/2016","3.9197","3.9500","3.9725","3.8625","","0.59%"
"07/07/2016","3.8966","3.9500","3.9800","3.8463","","-0.97%"
"07/06/2016","3.9348","3.9500","3.9600","3.8613","","0.38%"
"07/05/2016","3.9200","3.9500","3.9705","3.8588","","-0.76%"
"07/04/2016","3.9500","3.9500","3.9693","3.8500","","0.13%"
"07/01/2016","3.9450","3.9500","3.9900","3.9400","","-0.25%"
"06/30/2016","3.9550","3.9500","3.9900","3.8600","","1.11%"
"06/29/2016","3.9115","3.9200","3.9785","3.8613","","0.73%"
"06/28/2016","3.8833","3.9500","3.9840","3.8412","","-0.56%"
"06/27/2016","3.9050","3.9250","3.9775","3.8350","","0.04%"
"06/24/2016","3.9033","3.9250","3.9575","3.8538","","-0.43%"
"06/23/2016","3.9200","3.9250","3.9775","3.8625","","0.30%"
"06/22/2016","3.9083","3.9250","3.9815","3.8650","","-0.26%"
"06/21/2016","3.9185","3.9250","3.9700","3.8550","","0.22%"
"06/20/2016","3.9100","3.9250","3.9610","3.8417","","0.98%"
"06/17/2016","3.8721","3.9250","3.9700","3.8405","","-0.67%"
"06/16/2016","3.8983","3.9250","3.9525","3.8261","","0.43%"
"06/15/2016","3.8815","3.8700","3.9775","3.8088","","0.60%"
"06/14/2016","3.8584","3.9250","3.9900","3.8131","","0.06%"
"06/13/2016","3.8559","3.9250","3.9710","3.8311","","-0.36%"
"06/10/2016","3.8700","3.9250","3.9680","3.8300","","0.27%"
"06/09/2016","3.8595","3.9250","3.9600","3.8349","","-0.23%"
"06/08/2016","3.8683","3.8683","3.9500","3.8550","","0.09%"
"06/07/2016","3.8650","3.9100","3.9538","3.8150","","0.70%"
"06/06/2016","3.8383","3.8840","3.9225","3.7900","","0.09%"
"06/03/2016","3.8349","3.8840","3.9203","3.8293","","-0.09%"
"06/02/2016","3.8383","3.8840","3.9333","3.8075","","0.00%"
"06/01/2016","3.8383","3.8840","3.9075","3.8000","","0.22%"
"05/31/2016","3.8299","3.8840","3.9100","3.7875","","-1.41%"
"05/30/2016","3.8845","3.8840","3.8903","3.8000","","1.29%"
"05/27/2016","3.8350","3.8840","3.9025","3.8281","","-0.99%"
"05/26/2016","3.8735","3.8300","3.9385","3.8000","","1.09%"
"05/25/2016","3.8316","3.8300","3.8613","3.8237","","-0.17%"
"05/24/2016","3.8383","3.8300","3.9000","3.8175","","0.39%"
"05/23/2016","3.8233","3.8300","3.8975","3.8125","","-1.16%"
"05/20/2016","3.8683","3.8300","3.8775","3.8100","","1.26%"
"05/19/2016","3.8200","3.8400","3.8625","3.7981","","-0.52%"
"05/18/2016","3.8400","3.8300","3.8660","3.7962","","0.82%"
"05/17/2016","3.8087","3.8300","3.8895","3.7800","","-1.54%"
"05/16/2016","3.8683","3.8300","3.8777","3.7850","","0.22%"
"05/13/2016","3.8600","3.8166","3.8675","3.8025","","1.31%"
"05/12/2016","3.8100","3.8300","3.8738","3.7850","","-0.17%"
"05/11/2016","3.8166","3.8300","3.8588","3.7650","","0.37%"
"05/10/2016","3.8025","3.8300","3.9163","3.7831","","-0.46%"
"05/09/2016","3.8200","3.8300","3.8438","3.7850","","-0.24%"
"05/06/2016","3.8291","3.8300","3.8575","3.8000","","1.17%"
"05/05/2016","3.7849","3.8300","3.8575","3.7750","","-0.18%"
"05/04/2016","3.7916","3.8300","3.8525","3.7800","","0.00%"
"05/03/2016","3.7916","3.8300","3.8550","3.7682","","-0.40%"
"05/02/2016","3.8068","3.8300","3.8613","3.7800","","-0.04%"
"04/29/2016","3.8085","3.8300","3.8375","3.7600","","0.53%"
"04/28/2016","3.7883","3.8300","3.8525","3.7850","","-0.92%"
"04/27/2016","3.8233","3.8300","3.8625","3.7862","","0.00%"
"04/26/2016","3.8233","3.8300","3.8704","3.7800","","-0.04%"
"04/25/2016","3.8250","3.8300","3.8375","3.7650","","0.28%"
"04/22/2016","3.8145","3.8300","3.8550","3.7900","","-0.53%"
"04/21/2016","3.8350","3.8300","3.8588","3.8025","","0.18%"
"04/20/2016","3.8283","3.8300","3.8550","3.7904","","0.22%"
"04/19/2016","3.8200","3.8158","3.8525","3.7875","","-0.09%"
"04/18/2016","3.8233","3.8158","3.8614","3.8131","","-0.55%"
"04/15/2016","3.8446","3.8500","3.8650","3.8131","","0.87%"
"04/14/2016","3.8116","3.8500","3.8625","3.8112","","-1.11%"
"04/13/2016","3.8543","3.8500","3.8689","3.8150","","0.94%"
"04/12/2016","3.8183","3.8500","3.8620","3.7900","","-0.18%"
"04/11/2016","3.8250","3.8450","3.9700","3.8125","","-0.13%"
"04/08/2016","3.8300","3.8450","3.8700","3.7900","","-0.39%"
"04/07/2016","3.8450","3.8450","3.9163","3.7785","","0.00%"
"04/06/2016","3.8450","3.9650","3.9650","3.7950","","0.13%"
"04/05/2016","3.8400","3.8550","3.8900","3.7863","","0.13%"
"04/04/2016","3.8350","3.9650","3.9650","3.7975","","-0.54%"
"04/01/2016","3.8560","3.8400","3.8800","3.7810","","0.72%"
"03/31/2016","3.8283","3.9650","3.9650","3.8100","","-0.48%"
"03/30/2016","3.8466","3.9650","3.9650","3.7500","","-0.33%"
"03/29/2016","3.8594","3.9650","3.9800","3.7725","","0.33%"
"03/28/2016","3.8466","3.9650","3.9650","3.8412","","0.04%"
"03/25/2016","3.8450","3.9650","3.9650","3.8450","","0.35%"
"03/24/2016","3.8316","3.9650","4.0100","3.7860","","-0.76%"
"03/23/2016","3.8611","3.9650","3.9650","3.7725","","0.55%"
"03/22/2016","3.8400","3.9650","3.9650","3.8350","","0.13%"
"03/21/2016","3.8349","3.9650","3.9650","3.7750","","-0.30%"
"03/18/2016","3.8466","3.9650","3.9650","3.7650","","-0.24%"
"03/17/2016","3.8558","3.9650","3.9850","3.8306","","-0.14%"
"03/16/2016","3.8613","3.9650","3.9650","3.7935","","-0.10%"
"03/15/2016","3.8650","3.9650","3.9650","3.8250","","0.29%"
"03/14/2016","3.8537","3.9650","3.9650","3.8275","","-0.20%"
"03/11/2016","3.8616","3.9650","3.9850","3.7965","","0.00%"
"03/10/2016","3.8616","3.9650","3.9850","3.8015","","0.58%"
"03/09/2016","3.8393","3.9650","3.9650","3.8250","","-0.62%"
"03/08/2016","3.8633","3.9650","3.9650","3.8200","","0.14%"
"03/07/2016","3.8579","3.9650","3.9908","3.8100","","-0.01%"
"03/04/2016","3.8583","3.9650","3.9850","3.8175","","-0.43%"
"03/03/2016","3.8750","3.9650","3.9850","3.7950","","-1.27%"
"03/02/2016","3.9250","3.9650","3.9850","3.8250","","-0.25%"
"03/01/2016","3.9350","3.9650","3.9650","3.8675","","0.16%"
"02/29/2016","3.9289","3.9650","3.9958","3.8575","","0.33%"
"02/26/2016","3.9158","3.9650","3.9900","3.8581","","-0.19%"
"02/25/2016","3.9233","3.9650","3.9900","3.8300","","-0.34%"
"02/24/2016","3.9365","3.9650","4.0250","3.8600","","-1.38%"
"02/23/2016","3.9914","3.9650","4.0250","3.8613","","0.33%"
"02/22/2016","3.9782","3.9650","3.9852","3.8300","","0.05%"
"02/19/2016","3.9764","3.9650","3.9950","3.8300","","-0.05%"
"02/18/2016","3.9782","3.9800","3.9950","3.9150","","0.05%"
"02/17/2016","3.9764","3.9650","3.9914","3.8750","","0.50%"
"02/16/2016","3.9565","3.9650","3.9950","3.9350","","-0.21%"
"02/15/2016","3.9650","3.9650","4.0000","3.9200","","-0.38%"
"02/12/2016","3.9800","3.9650","4.0450","3.8650","","0.38%"
"02/11/2016","3.9650","3.9750","4.0225","3.9323","","0.96%"
"02/10/2016","3.9274","3.9650","4.0100","3.8920","","-0.67%"
"02/09/2016","3.9538","3.9650","4.0200","3.9100","","0.05%"
"02/08/2016","3.9518","3.9650","4.0200","3.9000","","2.34%"
"02/05/2016","3.8613","3.9650","4.0300","3.8412","","-3.35%"
"02/04/2016","3.9950","3.9650","4.0350","3.8550","","0.00%"
"02/03/2016","3.9950","3.9650","4.0400","3.8650","","0.26%"
"02/02/2016","3.9846","3.9650","4.0700","3.8550","","-0.14%"
"02/01/2016","3.9900","3.9650","4.0750","3.8350","","0.93%"
"01/29/2016","3.9533","3.9700","4.0800","3.9250","","-0.25%"
"01/28/2016","3.9632","3.9650","4.0675","3.8412","","-0.50%"
"01/27/2016","3.9832","3.9650","4.0600","3.8750","","0.38%"
"01/26/2016","3.9683","3.9650","4.1350","3.8100","","-0.04%"
"01/25/2016","3.9700","3.9650","4.0754","3.8000","","3.19%"
"01/22/2016","3.8471","3.9650","4.0300","3.8024","","-2.15%"
"01/21/2016","3.9315","3.9650","4.0155","3.8550","","2.26%"
"01/20/2016","3.8447","3.9650","4.0100","3.7924","","-0.74%"
"01/19/2016","3.8733","3.9650","4.0150","3.7950","","-1.32%"
"01/18/2016","3.9250","3.8100","4.0100","3.8000","","2.49%"
"01/15/2016","3.8297","3.8100","4.0190","3.7943","","-0.67%"
"01/14/2016","3.8554","3.8100","4.0600","3.7675","","0.05%"
"01/13/2016","3.8533","3.8100","4.0200","3.7950","","0.62%"
"01/12/2016","3.8297","3.8100","3.9550","3.7900","","0.17%"
"01/11/2016","3.8232","3.8100","3.9050","3.7675","","-0.13%"
"01/08/2016","3.8283","3.8100","3.8650","3.7900","","0.35%"
"01/07/2016","3.8150","3.8150","3.8850","3.7675","","-0.13%"
"01/06/2016","3.8200","3.8100","3.8800","3.7650","","0.26%"
"01/05/2016","3.8100","3.8300","3.8550","3.7563","","0.04%"
"01/04/2016","3.8083","3.8300","3.8550","3.7900","","-0.57%"
"01/01/2016","3.8300","3.8100","3.8800","3.8200","","0.52%"
"12/31/2015","3.8100","3.8300","3.8530","3.7850","","0.04%"
"12/30/2015","3.8083","3.8300","3.8550","3.7850","","-0.04%"
"12/29/2015","3.8100","3.8300","3.8550","3.7513","","-0.13%"
"12/28/2015","3.8150","3.8300","3.8450","3.7722","","-0.39%"
"12/25/2015","3.8300","3.8300","3.8300","3.8300","","0.52%"
"12/24/2015","3.8100","3.8150","3.8498","3.7950","","-0.38%"
"12/23/2015","3.8245","3.8012","3.8500","3.7960","","0.12%"
"12/22/2015","3.8200","3.8300","3.8550","3.7863","","0.63%"
"12/21/2015","3.7962","3.8300","3.8550","3.7600","","0.08%"
"12/18/2015","3.7933","3.8300","3.8485","3.7781","","-0.44%"
"12/17/2015","3.8100","3.8300","3.8550","3.7605","","0.00%"
"12/16/2015","3.8100","3.7180","3.8400","3.7072","","1.98%"
"12/15/2015","3.7360","3.8300","3.8650","3.7254","","-1.59%"
"12/14/2015","3.7963","3.8300","3.8600","3.7811","","-0.75%"
"12/11/2015","3.8250","3.8300","3.8625","3.7900","","0.76%"
"12/10/2015","3.7962","3.8300","3.8575","3.7500","","1.25%"
"12/09/2015","3.7494","3.8300","3.8550","3.7388","","-1.59%"
"12/08/2015","3.8100","3.8300","3.8500","3.7450","","0.96%"
"12/07/2015","3.7738","3.8300","3.8538","3.7617","","0.42%"
"12/04/2015","3.7579","3.8300","3.8350","3.7475","","-1.11%"
"12/03/2015","3.8000","3.8300","3.8425","3.7481","","0.73%"
"12/02/2015","3.7726","3.8300","3.8450","3.7481","","-0.13%"
"12/01/2015","3.7776","3.8300","3.8500","3.7481","","0.10%"
"11/30/2015","3.7738","3.8300","3.8575","3.7004","","-1.08%"
"11/27/2015","3.8150","3.8300","3.8575","3.7662","","1.33%"
"11/26/2015","3.7650","3.8300","3.8575","3.7650","","1.05%"
"11/25/2015","3.7258","3.8300","3.8563","3.7004","","-2.72%"
"11/24/2015","3.8300","3.8300","3.8875","3.7369","","0.98%"
"11/23/2015","3.7927","3.7750","3.8600","3.7723","","-0.73%"
"11/20/2015","3.8207","3.7750","3.8500","3.7296","","1.77%"
"11/19/2015","3.7542","3.8270","3.8900","3.7388","","-0.62%"
"11/18/2015","3.7775","3.7900","3.8775","3.7500","","-1.24%"
"11/17/2015","3.8250","3.7900","3.8550","3.7388","","0.13%"
"11/16/2015","3.8200","3.7900","3.8600","3.7700","","0.00%"
"11/13/2015","3.8200","3.7900","3.8500","3.7275","","0.13%"
"11/12/2015","3.8150","3.7900","3.8400","3.7625","","-0.07%"
"11/11/2015","3.8175","3.7900","3.8550","3.7625","","0.20%"
"11/10/2015","3.8100","3.7900","3.8900","3.7700","","0.76%"
"11/09/2015","3.7813","3.7950","3.8400","3.7700","","0.00%"
"11/06/2015","3.7813","3.8900","3.8900","3.7117","","-0.49%"
"11/05/2015","3.8000","3.8900","3.8900","3.7350","","-1.30%"
"11/04/2015","3.8502","3.8900","3.8900","3.7275","","-0.38%"
"11/03/2015","3.8650","3.8900","3.8900","3.7325","","-0.39%"
"11/02/2015","3.8800","3.8050","3.9150","3.7400","","2.78%"
"10/30/2015","3.7750","3.8350","3.9075","3.7398","","-0.66%"
"10/29/2015","3.8000","3.8100","3.9000","3.7300","","0.00%"
"10/28/2015","3.8000","3.8250","3.9000","3.7250","","-0.39%"
"10/27/2015","3.8150","3.8250","3.8750","3.7250","","0.66%"
"10/26/2015","3.7900","3.8250","3.8950","3.7250","","-0.39%"
"10/23/2015","3.8048","3.8250","3.8850","3.7605","","-0.40%"
"10/22/2015","3.8200","3.8300","3.9000","3.7325","","-0.26%"
"10/21/2015","3.8300","3.8600","3.8950","3.7150","","-1.79%"
"10/20/2015","3.9000","3.9000","3.9150","3.7500","","-0.13%"
"10/19/2015","3.9050","3.8200","3.9150","3.7650","","1.69%"
"10/16/2015","3.8400","3.8200","3.9000","3.7525","","0.27%"
"10/15/2015","3.8296","3.7504","3.8875","3.6906","","-0.01%"
"10/14/2015","3.8300","3.7700","3.8800","3.6775","","2.00%"
"10/13/2015","3.7548","3.7700","3.8500","3.6350","","-1.38%"
"10/12/2015","3.8075","3.7700","3.9400","3.6650","","1.26%"
"10/09/2015","3.7600","3.7700","3.8250","3.7250","","0.26%"
"10/08/2015","3.7504","3.7900","3.9300","3.7150","","-0.16%"
"10/07/2015","3.7565","3.9300","3.9300","3.7100","","-0.25%"
"10/06/2015","3.7659","3.9050","3.9052","3.6900","","1.64%"
"10/05/2015","3.7050","3.7950","3.8250","3.6700","","-0.67%"
"10/02/2015","3.7300","3.7138","3.8150","3.6634","","-0.05%"
"10/01/2015","3.7318","3.7950","3.9052","3.6150","","-0.49%"
"09/30/2015","3.7500","3.7600","3.9054","3.6750","","-0.62%"
"09/29/2015","3.7733","3.7950","3.9400","3.6150","","-0.31%"
"09/28/2015","3.7850","3.8000","3.9081","3.7050","","-0.92%"
"09/25/2015","3.8200","3.9000","3.9500","3.7436","","-0.91%"
"09/24/2015","3.8550","3.8550","3.9150","3.8300","","0.00%"
"09/23/2015","3.8550","3.9000","3.9228","3.7250","","-1.29%"
"09/22/2015","3.9052","3.8900","4.0150","3.7750","","-0.63%"
"09/21/2015","3.9298","4.0200","4.0300","3.8504","","0.76%"
"09/18/2015","3.9000","4.0200","4.0950","3.8300","","-0.76%"
"09/17/2015","3.9300","4.0200","4.1350","3.8650","","-2.00%"
"09/16/2015","4.0100","4.0200","4.1050","3.8200","","-0.50%"
"09/15/2015","4.0300","3.9050","4.1150","3.8750","","4.10%"
"09/14/2015","3.8712","4.0200","4.0900","3.8667","","-0.87%"
"09/11/2015","3.9050","3.8950","4.1150","3.8696","","1.30%"
"09/10/2015","3.8550","3.9050","4.0700","3.7150","","-1.15%"
"09/09/2015","3.9000","3.9050","4.0725","3.7063","","-0.13%"
"09/08/2015","3.9050","4.0500","4.0500","3.7500","","1.43%"
"09/07/2015","3.8500","3.8200","4.0500","3.7000","","1.32%"
"09/04/2015","3.8000","3.8500","3.8750","3.6250","","-0.52%"
"09/03/2015","3.8200","3.8500","3.8650","3.6850","","0.66%"
"09/02/2015","3.7950","3.9100","3.9350","3.6600","","-0.91%"
"09/01/2015","3.8300","3.9000","3.9738","3.7000","","-1.79%"
"08/31/2015","3.9000","4.0200","4.2000","3.8500","","-3.23%"
"08/28/2015","4.0300","4.0900","4.2250","3.9700","","-1.47%"
"08/27/2015","4.0900","4.3000","4.3248","4.0250","","-4.88%"
"08/26/2015","4.3000","4.2400","4.3596","4.1050","","-0.46%"
"08/25/2015","4.3200","4.2800","4.3650","4.1525","","2.24%"
"08/24/2015","4.2252","4.2500","4.3900","4.1350","","0.54%"
"08/21/2015","4.2025","4.2000","4.3248","4.0200","","0.05%"
"08/20/2015","4.2002","4.0200","4.3000","3.9650","","2.07%"
"08/19/2015","4.1150","4.1300","4.2150","3.9900","","-0.36%"
"08/18/2015","4.1300","4.0200","4.1800","3.9500","","0.49%"
"08/17/2015","4.1100","4.0200","4.1725","3.9600","","-1.08%"
"08/14/2015","4.1550","4.0200","4.1577","3.9700","","1.59%"
"08/13/2015","4.0900","4.0200","4.1650","3.8750","","2.72%"
"08/12/2015","3.9818","4.0200","4.1500","3.8850","","-0.70%"
"08/11/2015","4.0100","4.0200","4.0800","3.8448","","2.55%"
"08/10/2015","3.9104","3.9050","4.0125","3.8000","","0.14%"
"08/07/2015","3.9050","3.8500","4.0100","3.7400","","0.90%"
"08/06/2015","3.8700","3.8500","3.9250","3.7250","","0.52%"
"08/05/2015","3.8500","3.8652","3.9056","3.7250","","-0.39%"
"08/04/2015","3.8652","3.8500","3.8806","3.7250","","1.18%"
"08/03/2015","3.8200","3.8200","3.8800","3.5500","","0.00%"
"07/31/2015","3.8200","3.7700","3.8800","3.6500","","1.33%"
"07/30/2015","3.7700","3.8000","3.9000","3.5750","","1.89%"
"07/29/2015","3.7000","3.7900","3.8000","3.5500","","-1.21%"
"07/28/2015","3.7452","3.7000","3.7500","3.3250","","4.32%"
"07/27/2015","3.5902","3.5500","3.6500","3.3500","","5.59%"
"07/24/2015","3.4000","3.4500","3.5750","3.3241","","1.49%"
"07/23/2015","3.3500","3.3500","3.5800","3.2500","","0.00%"
"07/22/2015","3.3500","3.3000","3.4500","3.2500","","1.82%"
"07/21/2015","3.2902","3.3000","3.3750","3.1750","","-0.30%"
"07/20/2015","3.3000","3.3000","3.3454","3.2100","","-1.35%"
"07/17/2015","3.3453","3.3500","3.3825","3.2400","","-0.14%"
"07/16/2015","3.3500","3.5000","3.5000","3.2200","","-2.90%"
"07/15/2015","3.4500","3.5000","3.5199","3.3500","","-1.43%"
"07/14/2015","3.5000","3.4600","3.5199","3.3150","","1.16%"
"07/13/2015","3.4600","3.4500","3.5500","3.3400","","-2.54%"
"07/10/2015","3.5501","3.5500","3.6250","3.3500","","0.00%"
"07/09/2015","3.5502","3.7000","3.7500","3.4500","","-5.33%"
"07/08/2015","3.7500","3.9504","4.0500","3.6500","","-5.07%"
"07/07/2015","3.9504","3.9200","4.1050","3.8000","","-0.49%"
"07/06/2015","3.9700","4.0200","4.2500","3.8648","","-3.64%"
"07/03/2015","4.1200","4.2200","4.2650","3.9400","","-3.06%"
"07/02/2015","4.2500","4.3650","4.3900","4.2500","","-2.30%"
"07/01/2015","4.3500","4.3400","4.4000","4.3400","","-0.23%"
"06/30/2015","4.3602","4.3800","4.4050","4.3350","","-0.60%"
"06/29/2015","4.3863","4.4000","4.4056","4.3350","","-0.42%"
"06/26/2015","4.4050","4.4150","4.4190","4.3350","","0.00%"
"06/25/2015","4.4050","4.4150","4.4256","4.3350","","-0.23%"
"06/24/2015","4.4150","4.3500","4.4254","4.3100","","0.56%"
"06/23/2015","4.3902","4.4150","4.4215","4.3550","","-0.35%"
"06/22/2015","4.4054","4.4000","4.4250","4.3400","","0.12%"
"06/19/2015","4.4000","4.3900","4.4100","4.2900","","0.46%"
"06/18/2015","4.3800","4.3900","4.4000","4.2658","","2.10%"
"06/17/2015","4.2900","4.4000","4.4025","4.2350","","-1.61%"
"06/16/2015","4.3600","4.3900","4.4000","4.2400","","0.23%"
"06/15/2015","4.3500","4.3400","4.4300","4.1850","","0.23%"
"06/12/2015","4.3400","4.3200","4.3425","4.2350","","0.46%"
"06/11/2015","4.3200","4.2650","4.3400","4.2100","","1.29%"
"06/10/2015","4.2650","4.2600","4.2675","4.1800","","0.47%"
"06/09/2015","4.2450","4.2250","4.2700","4.1575","","0.47%"
"06/08/2015","4.2250","4.1900","4.2325","4.1150","","2.30%"
"06/05/2015","4.1300","4.1650","4.2025","4.0475","","-1.08%"
"06/04/2015","4.1750","4.0200","4.1875","4.0200","","1.21%"
"06/03/2015","4.1250","4.0200","4.1750","4.0200","","0.12%"
"06/02/2015","4.1200","4.0200","4.1200","4.0100","","0.73%"
"06/01/2015","4.0900","4.0200","4.1100","4.0000","","0.49%"
"05/29/2015","4.0700","4.0200","4.0875","3.9950","","0.00%"
"05/28/2015","4.0700","4.0200","4.0825","4.0100","","0.00%"
"05/27/2015","4.0700","4.0200","4.1500","4.0063","","0.49%"
"05/26/2015","4.0500","4.0200","4.0600","4.0063","","0.00%"
"05/25/2015","4.0500","4.0200","4.0500","4.0200","","1.00%"
"05/22/2015","4.0100","4.0200","4.0500","3.9353","","-0.50%"
"05/21/2015","4.0300","4.0200","4.0300","3.9353","","0.25%"
"05/20/2015","4.0200","4.0200","4.0200","3.9353","","0.00%"
"05/19/2015","4.0200","4.0050","4.0250","3.9150","","0.37%"
"05/18/2015","4.0050","3.9550","4.0125","3.9100","","1.26%"
"05/15/2015","3.9550","3.9925","4.0000","3.8975","","0.00%"
"05/14/2015","3.9550","3.8850","3.9900","3.8775","","0.00%"
"05/13/2015","3.9550","3.9160","3.9575","3.8625","","1.00%"
"05/12/2015","3.9160","3.8800","3.9518","3.8557","","0.73%"
"05/11/2015","3.8875","3.8800","3.8938","3.8550","","0.06%"
"05/08/2015","3.8850","3.8650","3.8925","3.8550","","0.52%"
"05/07/2015","3.8650","3.8800","3.8858","3.8468","","0.00%"
"05/06/2015","3.8650","3.8500","3.8820","3.7900","","-0.21%"
"05/05/2015","3.8730","3.8600","3.8815","3.8450","","0.47%"
"05/04/2015","3.8550","3.8600","3.8750","3.8375","","0.13%"
"05/01/2015","3.8500","3.8500","3.8500","3.8500","","0.00%"
"04/30/2015","3.8500","3.8600","3.8675","3.8375","","0.00%"
"04/29/2015","3.8500","3.8550","3.8650","3.8325","","0.00%"
"04/28/2015","3.8500","3.8600","3.8750","3.8275","","0.00%"
"04/27/2015","3.8500","3.8600","3.8725","3.8325","","0.00%"
"04/24/2015","3.8500","3.8600","3.8700","3.8375","","0.00%"
"04/23/2015","3.8500","3.8500","3.8700","3.8400","","0.13%"
"04/22/2015","3.8450","3.8450","3.8528","3.8250","","0.00%"
"04/21/2015","3.8450","3.8450","3.8455","3.8250","","0.00%"
"04/20/2015","3.8450","3.8200","3.8475","3.8200","","0.21%"
"04/17/2015","3.8370","3.8200","3.8450","3.8200","","-0.21%"
"04/16/2015","3.8450","3.8450","3.8450","3.8200","","0.00%"
"04/15/2015","3.8450","3.8350","3.8500","3.8150","","0.26%"
"04/14/2015","3.8350","3.8250","3.8450","3.8125","","0.26%"
"04/13/2015","3.8250","3.8000","3.8325","3.7950","","0.00%"
"04/10/2015","3.8250","3.8200","3.8300","3.7800","","0.13%"
"04/09/2015","3.8200","3.8200","3.8450","3.8075","","0.00%"
"04/08/2015","3.8200","3.8300","3.8400","3.7700","","-0.26%"
"04/07/2015","3.8300","3.8300","3.8450","3.7700","","-0.13%"
"04/06/2015","3.8350","3.8350","3.8350","3.8350","","0.00%"
"04/03/2015","3.8350","3.8350","3.8350","3.8350","","0.00%"
"04/02/2015","3.8350","3.8300","3.8400","3.7850","","0.13%"
"04/01/2015","3.8300","3.8300","3.8600","3.7750","","0.00%"
"03/31/2015","3.8300","3.7450","3.8550","3.7450","","0.00%"
"03/30/2015","3.8300","3.7350","3.8500","3.7300","","0.79%"
"03/27/2015","3.8000","3.8150","3.8150","3.7500","","0.00%"
"03/26/2015","3.8000","3.8150","3.8200","3.7375","","0.00%"
"03/25/2015","3.8000","3.7400","3.8300","3.7300","","0.00%"
"03/24/2015","3.8000","3.7550","3.8100","3.6850","","1.33%"
"03/23/2015","3.7500","3.7400","3.7925","3.6913","","0.00%"
"03/20/2015","3.7500","3.6300","3.7825","3.6300","","3.31%"
"03/19/2015","3.6300","3.6300","3.7600","3.6150","","1.33%"
"03/18/2015","3.5825","3.6600","3.7075","3.5825","","-2.38%"
"03/17/2015","3.6700","3.5650","3.6700","3.5600","","1.38%"
"03/16/2015","3.6200","3.5550","3.6600","3.5550","","0.28%"
"03/13/2015","3.6100","3.5500","3.6500","3.5500","","0.28%"
"03/12/2015","3.6000","3.5450","3.6250","3.5450","","0.98%"
"03/11/2015","3.5650","3.5900","3.5900","3.5350","","0.28%"
"03/10/2015","3.5550","3.5600","3.5900","3.5100","","0.28%"
"03/09/2015","3.5450","3.5500","3.6000","3.5025","","-0.14%"
"03/06/2015","3.5500","3.5500","3.5500","3.5500","","1.00%"
"03/05/2015","3.5150","3.4900","3.5675","3.4900","","0.00%"
"03/04/2015","3.5150","3.4850","3.5400","3.4850","","0.43%"
"03/03/2015","3.5000","3.4850","3.5300","3.4850","","0.00%"
"03/02/2015","3.5000","3.5000","3.5100","3.4725","","0.00%"
"02/27/2015","3.5000","3.5000","3.5200","3.4100","","0.43%"
"02/26/2015","3.4850","3.5000","3.5200","3.4575","","0.58%"
"02/25/2015","3.4650","3.4850","3.5200","3.4533","","-0.57%"
"02/24/2015","3.4850","3.4500","3.4950","3.4225","","0.00%"
"02/23/2015","3.4850","3.5000","3.5000","3.4200","","0.14%"
"02/20/2015","3.4800","3.4700","3.5000","3.4100","","0.43%"
"02/19/2015","3.4650","3.4100","3.4763","3.3900","","1.61%"
"02/18/2015","3.4100","3.4950","3.4950","3.3600","","0.00%"
"02/17/2015","3.4100","3.4900","3.4900","3.3900","","0.00%"
"02/16/2015","3.4100","3.5000","3.5000","3.3750","","0.00%"
"02/13/2015","3.4100","3.5100","3.5200","3.3650","","0.00%"
"02/12/2015","3.4100","3.2820","3.4623","3.2672","","0.89%"
"02/11/2015","3.3800","3.2820","3.4200","3.2672","","1.50%"
"02/10/2015","3.3300","3.4600","3.4600","3.3300","","-1.48%"
"02/09/2015","3.3800","3.2820","3.4400","3.2773","","0.00%"
"02/06/2015","3.3800","3.2820","3.4200","3.2450","","0.00%"
"02/05/2015","3.3800","3.2820","3.4100","3.2773","","0.45%"
"02/04/2015","3.3650","3.2820","3.4050","3.2773","","0.30%"
"02/03/2015","3.3550","3.2820","3.4100","3.2700","","-0.45%"
"02/02/2015","3.3700","3.2820","3.3750","3.2600","","1.20%"
"01/30/2015","3.3300","3.2820","3.4100","3.2400","","0.76%"
"01/29/2015","3.3050","3.2820","3.3500","3.2400","","0.61%"
"01/28/2015","3.2850","3.2820","3.3000","3.2300","","0.00%"
"01/27/2015","3.2850","3.2820","3.3000","3.2400","","0.00%"
"01/26/2015","3.2850","3.2820","3.3900","3.2250","","0.31%"
"01/23/2015","3.2750","3.2820","3.3800","3.2250","","-0.76%"
"01/22/2015","3.3000","3.2820","3.3200","3.2250","","0.92%"
"01/21/2015","3.2700","3.2820","3.3200","3.1900","","-1.24%"
"01/20/2015","3.3110","3.1900","3.3200","3.1900","","1.56%"
"01/19/2015","3.2600","3.1900","3.3100","3.1900","","-0.31%"
"01/16/2015","3.2700","3.1900","3.3000","3.1900","","0.62%"
"01/15/2015","3.2500","3.1900","3.3100","3.1900","","-1.07%"
"01/14/2015","3.2850","3.1900","3.4575","3.1900","","1.55%"
"01/13/2015","3.2350","3.1900","3.2538","3.1900","","-1.67%"
"01/12/2015","3.2900","3.1900","3.2900","3.1900","","1.46%"
"01/09/2015","3.2425","3.1900","3.2635","3.1900","","0.23%"
"01/08/2015","3.2350","3.1900","3.2500","3.1900","","0.31%"
"01/07/2015","3.2250","3.1900","3.2475","3.1900","","0.16%"
"01/06/2015","3.2200","3.1900","3.2483","3.1483","","0.08%"
"01/05/2015","3.2175","3.1900","3.2432","3.1500","","0.03%"
"01/02/2015","3.2165","3.1900","3.2225","3.1850","","0.83%"
"01/01/2015","3.1900","3.1900","3.1900","3.1900","","0.16%"
"12/31/2014","3.1850","3.1900","3.2425","3.1475","","-0.93%"
"12/30/2014","3.2150","3.1900","3.2425","3.1500","","-0.08%"
"12/29/2014","3.2175","3.1900","3.2213","3.1900","","0.86%"
"12/26/2014","3.1900","3.1900","3.1900","3.1900","","0.00%"
"12/25/2014","3.1900","3.1900","3.1900","3.1900","","-0.78%"
"12/24/2014","3.2150","3.1900","3.2425","3.1500","","0.00%"
"12/23/2014","3.2150","3.1900","3.2425","3.1475","","0.00%"
"12/22/2014","3.2150","3.1900","3.2207","3.1475","","0.29%"
"12/19/2014","3.2058","3.1900","3.2250","3.1900","","-0.36%"
"12/18/2014","3.2175","3.1900","3.2250","3.1900","","0.00%"
"12/17/2014","3.2175","3.1900","3.2238","3.1900","","-0.08%"
"12/16/2014","3.2200","3.1900","3.2275","3.1900","","0.08%"
"12/15/2014","3.2175","3.1900","3.2275","3.1900","","0.00%"
"12/12/2014","3.2175","3.1900","3.2225","3.1873","","0.00%"
"12/11/2014","3.2175","3.1900","3.2250","3.1900","","0.00%"
"12/10/2014","3.2175","3.1900","3.2250","3.1900","","0.00%"
"12/09/2014","3.2175","3.2100","3.2233","3.1900","","-0.08%"
"12/08/2014","3.2200","3.2100","3.2225","3.1900","","0.16%"
"12/05/2014","3.2150","3.2100","3.2150","3.1900","","-0.08%"
"12/04/2014","3.2175","3.2100","3.2200","3.1900","","0.55%"
"12/03/2014","3.2000","3.2100","3.2175","3.1900","","-0.16%"
"12/02/2014","3.2050","3.2100","3.2200","3.1900","","0.16%"
"12/01/2014","3.2000","3.2030","3.2175","3.1900","","-0.16%"
"11/28/2014","3.2050","3.1900","3.2250","3.1900","","0.47%"
"11/27/2014","3.1900","3.2030","3.2175","3.1900","","-0.31%"
"11/26/2014","3.2000","3.1900","3.2150","3.1850","","0.16%"
"11/25/2014","3.1950","3.1950","3.2225","3.1900","","0.00%"
"11/24/2014","3.1950","3.2000","3.2175","3.1900","","0.16%"
"11/21/2014","3.1900","3.1900","3.2175","3.1900","","0.00%"
"11/20/2014","3.1900","3.1900","3.2245","3.1750","","0.00%"
"11/19/2014","3.1900","3.2000","3.2175","3.1850","","-0.16%"
"11/18/2014","3.1950","3.2100","3.2248","3.1600","","-0.70%"
"11/17/2014","3.2175","3.2100","3.2325","3.1800","","0.00%"
"11/14/2014","3.2175","3.2163","3.2250","3.2050","","0.04%"
"11/13/2014","3.2163","3.2250","3.2300","3.2000","","-0.27%"
"11/12/2014","3.2250","3.2150","3.2300","3.2000","","0.31%"
"11/11/2014","3.2150","3.2100","3.2275","3.2025","","-0.23%"
"11/10/2014","3.2225","3.2100","3.2272","3.2000","","0.11%"
"11/07/2014","3.2188","3.2200","3.2280","3.1825","","-0.19%"
"11/06/2014","3.2250","3.2250","3.2360","3.2130","","0.00%"
"11/05/2014","3.2250","3.2250","3.2325","3.2000","","0.00%"
"11/04/2014","3.2250","3.2200","3.2300","3.1950","","-0.05%"
"11/03/2014","3.2265","3.2200","3.2475","3.1900","","0.05%"
"10/31/2014","3.2250","3.2200","3.2400","3.2000","","0.00%"
"10/30/2014","3.2250","3.2250","3.2400","3.2000","","0.00%"
"10/29/2014","3.2250","3.2200","3.2283","3.2000","","0.62%"
"10/28/2014","3.2050","3.2175","3.2512","3.1950","","-0.39%"
"10/27/2014","3.2175","3.2300","3.2525","3.1950","","0.00%"
"10/24/2014","3.2175","3.2235","3.2243","3.1725","","0.00%"
"10/23/2014","3.2175","3.2275","3.2487","3.1550","","0.00%"
"10/22/2014","3.2175","3.2300","3.2475","3.1750","","0.70%"
"10/21/2014","3.1950","3.2000","3.2400","3.1750","","-0.31%"
"10/20/2014","3.2050","3.2120","3.2275","3.1750","","-0.16%"
"10/17/2014","3.2100","3.2050","3.2275","3.1725","","0.16%"
"10/16/2014","3.2050","3.1850","3.2305","3.1725","","0.00%"
"10/15/2014","3.2050","3.2000","3.2290","3.1825","","0.16%"
"10/14/2014","3.2000","3.1950","3.2275","3.1725","","0.16%"
"10/13/2014","3.1950","3.2200","3.2400","3.1725","","0.00%"
"10/10/2014","3.1950","3.1950","3.2100","3.1925","","0.00%"
"10/09/2014","3.1950","3.1950","3.2287","3.1850","","0.00%"
"10/08/2014","3.1950","3.2050","3.2375","3.1875","","-0.50%"
"10/07/2014","3.2112","3.2250","3.2300","3.1915","","-0.27%"
"10/06/2014","3.2200","3.2300","3.2300","3.2150","","0.31%"
"10/03/2014","3.2100","3.2100","3.2950","3.1850","","-0.16%"
"10/02/2014","3.2150","3.2800","3.3100","3.1923","","-1.08%"
"10/01/2014","3.2500","3.2900","3.3050","3.2075","","-1.22%"
"09/30/2014","3.2900","3.3900","3.3900","3.2125","","-0.34%"
"09/29/2014","3.3013","3.3900","3.3900","3.2075","","2.05%"
"09/26/2014","3.2350","3.3900","3.3900","3.2133","","-0.46%"
"09/25/2014","3.2500","3.3000","3.3250","3.2075","","-1.52%"
"09/24/2014","3.3000","3.3900","3.4075","3.2525","","-3.08%"
"09/23/2014","3.4050","3.3900","3.5450","3.2600","","3.18%"
"09/22/2014","3.3000","3.3900","3.3900","3.2800","","-0.38%"
"09/19/2014","3.3125","3.3900","3.4950","3.2500","","-5.96%"
"09/18/2014","3.5225","3.5100","3.6275","3.4300","","-2.83%"
"09/17/2014","3.6250","3.5500","3.6250","3.5000","","0.83%"
"09/16/2014","3.5950","3.6250","3.6250","3.5485","","1.27%"
"09/15/2014","3.5500","3.6150","3.6300","3.5375","","-2.07%"
"09/12/2014","3.6250","3.6250","3.6820","3.5050","","0.28%"
"09/11/2014","3.6150","3.6150","3.7750","3.5650","","-0.28%"
"09/10/2014","3.6250","3.6250","3.7300","3.6050","","0.00%"
"09/09/2014","3.6250","3.7150","3.7800","3.6250","","-1.63%"
"09/08/2014","3.6850","3.7350","3.7900","3.6050","","-1.34%"
"09/05/2014","3.7350","3.7250","3.7900","3.7100","","0.27%"
"09/04/2014","3.7250","3.8000","3.8000","3.6800","","-1.32%"
"09/03/2014","3.7750","3.7600","3.8700","3.6575","","0.27%"
"09/02/2014","3.7650","3.8200","3.8550","3.6950","","0.27%"
"09/01/2014","3.7550","3.8450","3.8700","3.6950","","-0.53%"
"08/29/2014","3.7750","3.8500","3.8950","3.6950","","-0.79%"
"08/28/2014","3.8050","3.7508","3.8925","3.5450","","1.33%"
"08/27/2014","3.7550","3.7900","3.8800","3.7300","","-1.31%"
"08/26/2014","3.8050","3.6050","3.8900","3.6050","","1.60%"
"08/25/2014","3.7450","3.7450","3.7450","3.6100","","0.00%"
"08/22/2014","3.7450","3.6100","3.8000","3.5850","","-1.90%"
"08/21/2014","3.8175","3.9000","3.9000","3.8175","","-2.12%"
"08/20/2014","3.9000","3.8950","3.9125","3.7475","","0.26%"
"08/19/2014","3.8900","3.8650","3.8925","3.8250","","0.39%"
"08/18/2014","3.8750","3.6100","3.8800","3.5050","","7.19%"
"08/15/2014","3.6150","3.7800","3.7850","3.6000","","-3.98%"
"08/14/2014","3.7650","3.7150","3.7800","3.7150","","1.07%"
"08/13/2014","3.7250","3.8250","3.8250","3.7250","","-2.23%"
"08/12/2014","3.8100","3.8150","3.8650","3.7050","","0.00%"
"08/11/2014","3.8100","3.4450","3.8100","3.4450","","10.60%"
"08/08/2014","3.4450","3.6150","3.7000","3.4400","","-3.09%"
"08/07/2014","3.5550","3.6550","3.6550","3.5450","","1.14%"
"08/06/2014","3.5150","3.3900","3.5500","3.3800","","3.47%"
"08/05/2014","3.3970","3.3900","3.5025","3.3775","","-1.54%"
"08/04/2014","3.4500","3.3900","3.5275","3.3550","","2.53%"
"08/01/2014","3.3650","3.4500","3.4500","3.3600","","-2.89%"
"07/31/2014","3.4650","3.3900","3.4950","3.3900","","0.29%"
"07/30/2014","3.4550","3.3900","3.5300","3.3900","","0.14%"
"07/29/2014","3.4500","3.4820","3.5430","3.3100","","-4.56%"
"07/28/2014","3.6150","3.6600","3.6600","3.6150","","-1.23%"
"07/25/2014","3.6600","3.3900","3.7150","3.3000","","5.93%"
"07/24/2014","3.4550","3.3900","3.4750","3.3900","","1.32%"
"07/23/2014","3.4100","3.2800","3.4900","3.2800","","-3.94%"
"07/22/2014","3.5500","3.3900","3.5500","3.3750","","4.11%"
"07/21/2014","3.4100","3.5100","3.5100","3.2875","","-2.29%"
"07/18/2014","3.4900","3.3900","3.4900","3.3300","","2.44%"
"07/17/2014","3.4070","3.4030","3.4525","3.3250","","0.92%"
"07/16/2014","3.3760","3.3350","3.4725","3.3250","","-1.86%"
"07/15/2014","3.4400","3.3700","3.4675","3.2900","","6.25%"
"07/14/2014","3.2375","3.3600","3.4600","3.2375","","-4.07%"
"07/11/2014","3.3750","3.3350","3.4250","3.0950","","1.81%"
"07/10/2014","3.3150","3.3675","3.3750","3.3050","","-1.04%"
"07/09/2014","3.3500","3.4600","3.5500","3.0092","","-1.76%"
"07/08/2014","3.4100","3.0850","3.4100","3.0850","","5.98%"
"07/07/2014","3.2175","3.3300","3.4050","3.0835","","-5.09%"
"07/04/2014","3.3900","3.3250","3.3900","3.2500","","2.88%"
"07/03/2014","3.2950","3.2850","3.3900","3.2300","","0.30%"
"07/02/2014","3.2850","3.4000","3.4000","3.2650","","-3.10%"
"07/01/2014","3.3900","3.3050","3.3900","3.3050","","1.80%"
"06/30/2014","3.3300","3.4000","3.4000","3.1100","","0.30%"
"06/27/2014","3.3200","3.2150","3.3200","3.2050","","3.59%"
"06/26/2014","3.2050","3.1350","3.2150","3.0650","","-0.31%"
"06/25/2014","3.2150","3.3500","3.3500","3.2050","","4.21%"
"06/24/2014","3.0850","3.3350","3.3350","3.0850","","-7.50%"
"06/23/2014","3.3350","3.2050","3.3350","3.2050","","4.55%"
"06/20/2014","3.1900","3.0850","3.1900","3.0850","","3.40%"
"06/19/2014","3.0850","3.0850","3.1900","3.0650","","0.00%"
"06/18/2014","3.0850","3.1750","3.1750","3.0850","","-2.83%"
"06/17/2014","3.1750","3.0650","3.1750","3.0150","","1.93%"
"06/16/2014","3.1150","3.1150","3.1350","3.0450","","0.16%"
"06/13/2014","3.1100","3.1150","3.1500","3.0350","","-0.16%"
"06/12/2014","3.1150","3.1400","3.1450","3.0350","","0.32%"
"06/11/2014","3.1050","3.1250","3.1400","3.0450","","0.65%"
"06/10/2014","3.0850","3.1400","3.1400","3.0350","","-0.16%"
"06/09/2014","3.0900","3.0550","3.1400","3.0150","","1.81%"
"06/06/2014","3.0350","3.0550","3.1200","3.0050","","2.71%"
"06/05/2014","2.9550","2.9850","3.1050","2.9550","","-2.95%"
"06/04/2014","3.0449","2.8800","3.0451","2.8800","","0.23%"
"06/03/2014","3.0380","3.0350","3.1000","3.0050","","2.81%"
"06/02/2014","2.9550","2.9950","3.0750","2.9200","","-2.95%"
"05/30/2014","3.0448","3.0700","3.0750","2.9425","","-0.82%"
"05/29/2014","3.0700","3.0600","3.0700","2.9200","","2.16%"
"05/28/2014","3.0050","2.9555","3.0400","2.9550","","-0.17%"
"05/27/2014","3.0100","2.9555","3.0250","2.9550","","1.84%"
"05/26/2014","2.9555","2.9750","2.9750","2.9555","","0.00%"
"05/23/2014","2.9555","2.9555","2.9555","2.9555","","0.00%"
"05/22/2014","2.9555","2.9555","2.9750","2.9500","","0.00%"
"05/21/2014","2.9555","2.9550","2.9603","2.9500","","0.02%"
"05/20/2014","2.9550","2.9350","2.9600","2.9350","","0.00%"
"05/19/2014","2.9550","2.9350","2.9700","2.9350","","0.00%"
"05/16/2014","2.9550","2.8800","2.9550","2.8800","","1.37%"
"05/15/2014","2.9150","2.8800","2.9150","2.8400","","1.22%"
"05/14/2014","2.8800","2.9150","2.9150","2.8625","","-1.20%"
"05/13/2014","2.9150","2.9250","2.9250","2.8575","","1.39%"
"05/12/2014","2.8750","2.8750","2.9200","2.8750","","-0.86%"
"05/09/2014","2.9000","2.8850","2.9000","2.8750","","0.52%"
"05/08/2014","2.8850","2.8650","2.8850","2.8400","","1.58%"
"05/07/2014","2.8400","2.8550","2.8650","2.8350","","-0.70%"
"05/06/2014","2.8600","2.8550","2.8700","2.8350","","0.88%"
"05/05/2014","2.8350","2.8350","2.8550","2.8350","","0.18%"
"05/02/2014","2.8300","2.8350","2.8400","2.8300","","0.00%"
"05/01/2014","2.8300","2.8300","2.8300","2.8300","","0.00%"
"04/30/2014","2.8300","2.8400","2.8450","2.8250","","0.35%"
"04/29/2014","2.8200","2.8050","2.8250","2.8050","","0.36%"
"04/28/2014","2.8100","2.8100","2.8350","2.7800","","-0.71%"
"04/25/2014","2.8300","2.8100","2.8300","2.8025","","1.07%"
"04/24/2014","2.8000","2.7950","2.8100","2.7950","","0.18%"
"04/23/2014","2.7950","2.7900","2.8200","2.7825","","0.18%"
"04/22/2014","2.7900","2.7700","2.7925","2.7650","","0.72%"
"04/21/2014","2.7700","2.7700","2.7700","2.7700","","0.27%"
"04/18/2014","2.7625","2.7625","2.7625","2.7625","","0.00%"
"04/17/2014","2.7625","2.7825","2.7950","2.7600","","-0.72%"
"04/16/2014","2.7825","2.7750","2.7900","2.7475","","0.63%"
"04/15/2014","2.7650","2.7750","2.7800","2.7600","","-0.72%"
"04/14/2014","2.7850","2.7550","2.7850","2.7550","","0.36%"
"04/11/2014","2.7750","2.7800","2.7800","2.7750","","0.18%"
"04/10/2014","2.7700","2.7750","2.7850","2.7700","","-0.18%"
"04/09/2014","2.7750","2.7300","2.7750","2.7100","","2.02%"
"04/08/2014","2.7200","2.7300","2.7300","2.7200","","0.18%"
"04/07/2014","2.7150","2.7200","2.7500","2.6963","","0.69%"
"04/04/2014","2.6963","2.7100","2.7200","2.6913","","-0.51%"
"04/03/2014","2.7100","2.7000","2.7100","2.6900","","0.37%"
"04/02/2014","2.7000","2.6850","2.7000","2.6850","","0.56%"
"04/01/2014","2.6850","2.7200","2.7200","2.6825","","-0.23%"
"03/31/2014","2.6913","2.6900","2.7000","2.6800","","-0.04%"
"03/28/2014","2.6925","2.6725","2.6950","2.6400","","0.75%"
"03/27/2014","2.6725","2.6500","2.6809","2.6400","","0.61%"
"03/26/2014","2.6563","2.6725","2.6800","2.6538","","-0.61%"
"03/25/2014","2.6725","2.6500","2.6725","2.6400","","1.07%"
"03/24/2014","2.6443","2.6400","2.6550","2.5800","","0.45%"
"03/21/2014","2.6325","2.5850","2.6400","2.5850","","0.38%"
"03/20/2014","2.6225","2.5550","2.6300","2.5550","","0.29%"
"03/19/2014","2.6150","2.5500","2.6150","2.5475","","1.36%"
"03/18/2014","2.5800","2.5500","2.5900","2.5500","","0.19%"
"03/17/2014","2.5750","2.5500","2.5750","2.5450","","0.90%"
"03/14/2014","2.5520","2.5500","2.5625","2.5350","","-0.31%"
"03/13/2014","2.5600","2.5500","2.5600","2.5475","","0.20%"
"03/12/2014","2.5550","2.5500","2.5589","2.5475","","0.12%"
"03/11/2014","2.5520","2.5500","2.5579","2.5400","","0.28%"
"03/10/2014","2.5450","2.5500","2.5589","2.5350","","0.47%"
"03/07/2014","2.5332","2.5500","2.5800","2.5332","","-0.46%"
"03/06/2014","2.5450","2.5500","2.5500","2.5450","","-0.25%"
"03/05/2014","2.5513","2.5500","2.5650","2.5438","","-0.53%"
"03/04/2014","2.5650","2.5500","2.5650","2.5250","","0.20%"
"03/03/2014","2.5600","2.5500","2.5600","2.5400","","-0.78%"
"02/28/2014","2.5800","2.5500","2.5825","2.5500","","0.39%"
"02/27/2014","2.5700","2.5500","2.5700","2.5188","","2.55%"
"02/26/2014","2.5062","2.5500","2.5613","2.5012","","0.05%"
"02/25/2014","2.5050","2.5700","2.5700","2.5012","","-1.38%"
"02/24/2014","2.5400","2.5200","2.5550","2.5050","","0.79%"
"02/21/2014","2.5200","2.5200","2.5200","2.5200","","-0.40%"
"02/20/2014","2.5300","2.5200","2.5300","2.5200","","1.40%"
"02/19/2014","2.4950","2.5000","2.5150","2.4950","","-0.99%"
"02/18/2014","2.5200","2.5150","2.5250","2.4975","","0.80%"
"02/17/2014","2.5000","2.5500","2.5500","2.4975","","-1.96%"
"02/14/2014","2.5500","2.5475","2.5500","2.5475","","0.10%"
"02/13/2014","2.5475","2.5200","2.5500","2.5050","","1.09%"
"02/12/2014","2.5200","2.5200","2.5200","2.4875","","0.00%"
"02/11/2014","2.5200","2.5200","2.5400","2.5200","","0.00%"
"02/10/2014","2.5200","2.4900","2.5300","2.4875","","4.56%"
"02/07/2014","2.4100","2.3900","2.4100","2.3900","","-0.10%"
"02/06/2014","2.4125","2.4125","2.4125","2.4125","","-0.21%"
"02/05/2014","2.4175","2.4900","2.4900","2.4175","","-2.32%"
"02/04/2014","2.4750","2.4650","2.4750","2.4650","","0.41%"
"02/03/2014","2.4650","2.3800","2.4650","2.3800","","3.57%"
"01/31/2014","2.3800","2.3700","2.3850","2.3700","","0.85%"
"01/30/2014","2.3600","2.3850","2.4100","2.3600","","-1.05%"
"01/29/2014","2.3850","2.4325","2.4325","2.3850","","0.00%"
"01/28/2014","2.3850","2.4700","2.4700","2.3850","","-3.05%"
"01/27/2014","2.4600","2.4400","2.4600","2.4400","","1.23%"
"01/24/2014","2.4300","2.4075","2.4300","2.4075","","0.93%"
"01/23/2014","2.4075","2.4075","2.4300","2.4075","","0.10%"
"01/22/2014","2.4050","2.4100","2.4200","2.4050","","-0.10%"
"01/21/2014","2.4075","2.3950","2.4075","2.3950","","0.31%"
"01/20/2014","2.4000","2.4100","2.4100","2.3950","","0.63%"
"01/17/2014","2.3850","2.3850","2.3875","2.3825","","0.00%"
"01/16/2014","2.3850","2.4100","2.4100","2.3850","","-0.63%"
"01/15/2014","2.4000","2.3388","2.4100","2.3200","","2.62%"
"01/14/2014","2.3388","2.3888","2.3888","2.3063","","-2.09%"
"01/13/2014","2.3888","2.3950","2.3963","2.3530","","0.42%"
"01/10/2014","2.3788","2.3950","2.3950","2.3725","","-0.68%"
"01/09/2014","2.3950","2.3750","2.3950","2.3750","","1.59%"
"01/08/2014","2.3575","2.3650","2.3650","2.3515","","0.26%"
"01/07/2014","2.3515","2.3515","2.3515","2.3515","","-0.57%"
"01/06/2014","2.3650","2.3200","2.3650","2.3200","","1.28%"
"01/03/2014","2.3350","2.3200","2.3350","2.3200","","0.00%"
"01/02/2014","2.3350","2.3200","2.3350","2.3200","","-1.27%"
"01/01/2014","2.3650","2.3650","2.3650","2.3650","","0.00%"
"12/31/2013","2.3650","2.3650","2.3650","2.3650","","0.00%"
"12/30/2013","2.3650","2.3650","2.3650","2.3650","","0.00%"
"12/27/2013","2.3650","2.3650","2.3650","2.3650","","0.00%"
"12/26/2013","2.3650","2.3650","2.3650","2.3650","","0.00%"
"12/25/2013","2.3650","2.3650","2.3650","2.3650","","0.00%"
"12/24/2013","2.3650","2.3650","2.3650","2.3600","","0.21%"
"12/23/2013","2.3600","2.3600","2.3600","2.3550","","0.00%"
"12/20/2013","2.3600","2.3088","2.3600","2.3088","","2.22%"
"12/19/2013","2.3088","2.3187","2.3187","2.3088","","-0.43%"
"12/18/2013","2.3187","2.3250","2.3250","2.3187","","-1.33%"
"12/17/2013","2.3500","2.3250","2.3500","2.3187","","2.17%"
"12/16/2013","2.3000","2.3250","2.3250","2.3000","","-1.08%"
"12/13/2013","2.3250","2.3250","2.3250","2.3250","","0.00%"
"12/12/2013","2.3250","2.3250","2.3250","2.2988","","0.00%"
"12/11/2013","2.3250","2.3250","2.3250","2.2975","","0.70%"
"12/10/2013","2.3088","2.3250","2.3300","2.3050","","-0.70%"
"12/09/2013","2.3250","2.2950","2.3250","2.2950","","0.00%"
"12/06/2013","2.3250","2.2950","2.3250","2.2950","","1.31%"
"12/05/2013","2.2950","2.2950","2.3100","2.2950","","-0.43%"
"12/04/2013","2.3050","2.2650","2.3050","2.2650","","0.44%"
"12/03/2013","2.2950","2.2650","2.2988","2.2650","","0.88%"
"12/02/2013","2.2750","2.2650","2.2988","2.2638","","0.00%"
"11/29/2013","2.2750","2.2650","2.2950","2.2650","","0.38%"
"11/28/2013","2.2663","2.2650","2.2950","2.2638","","-0.38%"
"11/27/2013","2.2750","2.2650","2.2950","2.2638","","0.44%"
"11/26/2013","2.2650","2.2650","2.2850","2.2638","","0.00%"
"11/25/2013","2.2650","2.2650","2.2850","2.2515","","0.00%"
"11/22/2013","2.2650","2.2650","2.2850","2.2638","","-0.06%"
"11/21/2013","2.2663","2.2650","2.2800","2.2638","","0.06%"
"11/20/2013","2.2650","2.2650","2.2650","2.2650","","0.89%"
"11/19/2013","2.2450","2.2650","2.2650","2.2450","","0.00%"
"11/18/2013","2.2450","2.2650","2.2750","2.2290","","0.60%"
"11/15/2013","2.2315","2.2650","2.2650","2.2315","","-1.48%"
"11/14/2013","2.2650","2.2650","2.2650","2.2650","","1.34%"
"11/13/2013","2.2350","2.2475","2.2475","2.2100","","-0.56%"
"11/12/2013","2.2475","2.2475","2.2475","2.2125","","0.56%"
"11/11/2013","2.2350","2.2350","2.2475","2.2075","","0.00%"
"11/08/2013","2.2350","2.2350","2.2350","2.2350","","0.00%"
"11/07/2013","2.2350","2.2350","2.2350","2.2145","","0.00%"
"11/06/2013","2.2350","2.2350","2.2350","2.2125","","0.00%"
"11/05/2013","2.2350","2.2350","2.2350","2.2350","","0.00%"
"11/04/2013","2.2350","2.2350","2.2350","2.1965","","0.45%"
"11/01/2013","2.2250","2.2100","2.2350","2.2100","","0.23%"
"10/31/2013","2.2200","2.2200","2.2200","2.2100","","0.00%"
"10/30/2013","2.2200","2.2100","2.2200","2.2065","","0.45%"
"10/29/2013","2.2100","2.2100","2.2100","2.1765","","0.00%"
"10/28/2013","2.2100","2.2100","2.2100","2.1925","","0.00%"
"10/25/2013","2.2100","2.2065","2.2100","2.2000","","0.45%"
"10/24/2013","2.2000","2.2065","2.2065","2.1900","","0.00%"
"10/23/2013","2.2000","2.2065","2.2065","2.1875","","0.46%"
"10/22/2013","2.1900","2.1900","2.2065","2.1775","","0.00%"
"10/21/2013","2.1900","2.1900","2.1900","2.1765","","0.00%"
"10/18/2013","2.1900","2.1775","2.1900","2.1775","","0.00%"
"10/17/2013","2.1900","2.1775","2.1975","2.1775","","0.57%"
"10/16/2013","2.1775","2.1900","2.1900","2.1775","","0.00%"
"10/15/2013","2.1775","2.1900","2.1900","2.1690","","-0.57%"
"10/14/2013","2.1900","2.1900","2.1900","2.1775","","0.00%"
"10/11/2013","2.1900","2.1775","2.1900","2.1775","","0.57%"
"10/10/2013","2.1775","2.1900","2.1900","2.1770","","-0.57%"
"10/09/2013","2.1900","2.1900","2.1900","2.1835","","0.00%"
"10/08/2013","2.1900","2.1900","2.1900","2.1800","","0.00%"
"10/07/2013","2.1900","2.1800","2.1900","2.1615","","0.46%"
"10/04/2013","2.1800","2.1800","2.1913","2.1775","","0.00%"
"10/03/2013","2.1800","2.1800","2.1900","2.1775","","0.00%"
"10/02/2013","2.1800","2.1800","2.1800","2.1750","","0.00%"
"10/01/2013","2.1800","2.1800","2.1800","2.1725","","0.00%"
"09/30/2013","2.1800","2.1800","2.1800","2.1590","","0.00%"
"09/27/2013","2.1800","2.1800","2.1885","2.1750","","0.00%"
"09/26/2013","2.1800","2.1800","2.1880","2.1800","","0.00%"
"09/25/2013","2.1800","2.1800","2.1875","2.1800","","0.00%"
"09/24/2013","2.1800","2.1800","2.1800","2.1725","","0.00%"
"09/23/2013","2.1800","2.1800","2.1800","2.1565","","0.00%"
"09/20/2013","2.1800","2.1800","2.1800","2.1800","","0.00%"
"09/19/2013","2.1800","2.1800","2.1800","2.1725","","0.00%"
"09/18/2013","2.1800","2.1800","2.1800","2.1700","","0.00%"
"09/17/2013","2.1800","2.1800","2.1800","2.1800","","0.00%"
"09/16/2013","2.1800","2.1800","2.1800","2.1540","","0.00%"
"09/13/2013","2.1800","2.1800","2.1800","2.1625","","0.00%"
"09/12/2013","2.1800","2.1800","2.1850","2.1550","","0.00%"
"09/11/2013","2.1800","2.1800","2.1800","2.1585","","0.00%"
"09/10/2013","2.1800","2.1800","2.1800","2.1495","","0.00%"
"09/09/2013","2.1800","2.1700","2.1800","2.1475","","0.14%"
"09/06/2013","2.1770","2.1700","2.1773","2.1700","","0.32%"
"09/05/2013","2.1700","2.1550","2.1770","2.1425","","1.05%"
"09/04/2013","2.1475","2.1550","2.1550","2.1350","","-0.35%"
"09/03/2013","2.1550","2.1550","2.1575","2.1325","","0.00%"
"09/02/2013","2.1550","2.1550","2.1550","2.1550","","0.35%"
"08/30/2013","2.1475","2.1475","2.1550","2.1225","","0.00%"
"08/29/2013","2.1475","2.1475","2.1550","2.1225","","0.00%"
"08/28/2013","2.1475","2.1325","2.1525","2.1155","","-0.12%"
"08/27/2013","2.1500","2.1325","2.1500","2.1115","","0.00%"
"08/26/2013","2.1500","2.1500","2.1500","2.1050","","0.00%"
"08/23/2013","2.1500","2.1500","2.1550","2.1100","","0.00%"
"08/22/2013","2.1500","2.1450","2.1550","2.1050","","0.23%"
"08/21/2013","2.1450","2.1450","2.1450","2.1450","","0.00%"
"08/20/2013","2.1450","2.1350","2.1450","2.0978","","0.47%"
"08/19/2013","2.1350","2.1350","2.1350","2.1060","","0.00%"
"08/16/2013","2.1350","2.1350","2.1350","2.1350","","0.00%"
"08/15/2013","2.1350","2.0800","2.1350","2.0800","","1.91%"
"08/14/2013","2.0950","2.0800","2.0960","2.0755","","0.00%"
"08/13/2013","2.0950","2.0800","2.0950","2.0750","","0.24%"
"08/12/2013","2.0900","2.0800","2.0900","2.0725","","0.48%"
"08/09/2013","2.0800","2.0800","2.0800","2.0800","","-0.48%"
"08/08/2013","2.0900","2.0800","2.0900","2.0800","","0.00%"
"08/07/2013","2.0900","2.0800","2.0900","2.0700","","0.48%"
"08/06/2013","2.0800","2.0800","2.0800","2.0675","","0.00%"
"08/05/2013","2.0800","2.0800","2.0800","2.0645","","0.00%"
"08/02/2013","2.0800","2.0800","2.0800","2.0800","","0.00%"
"08/01/2013","2.0800","2.0800","2.0800","2.0525","","0.00%"
"07/31/2013","2.0800","2.0800","2.0800","2.0575","","0.00%"
"07/30/2013","2.0800","2.0800","2.0800","2.0553","","0.00%"
"07/29/2013","2.0800","2.0800","2.0900","2.0548","","0.00%"
"07/26/2013","2.0800","2.0700","2.0900","2.0542","","-0.48%"
"07/25/2013","2.0900","2.0615","2.0900","2.0548","","1.38%"
"07/24/2013","2.0615","2.0700","2.0785","2.0542","","-0.41%"
"07/23/2013","2.0700","2.0500","2.0750","2.0463","","0.00%"
"07/22/2013","2.0700","2.0700","2.0700","2.0533","","0.00%"
"07/19/2013","2.0700","2.0500","2.0700","2.0328","","0.73%"
"07/18/2013","2.0550","2.0500","2.0600","2.0353","","-0.32%"
"07/17/2013","2.0615","2.0500","2.0801","2.0213","","0.50%"
"07/16/2013","2.0513","2.0263","2.0575","2.0263","","0.06%"
"07/15/2013","2.0500","2.0263","2.0600","2.0263","","0.24%"
"07/12/2013","2.0450","2.0263","2.0450","2.0263","","0.00%"
"07/11/2013","2.0450","2.0263","2.0450","2.0252","","0.67%"
"07/10/2013","2.0313","2.0263","2.0450","2.0252","","-0.67%"
"07/09/2013","2.0450","2.0263","2.0503","2.0263","","0.92%"
"07/08/2013","2.0263","2.0400","2.0500","2.0252","","-0.67%"
"07/05/2013","2.0400","2.0400","2.0400","2.0263","","0.68%"
"07/04/2013","2.0263","2.0400","2.0400","2.0233","","0.70%"
"07/03/2013","2.0123","2.0400","2.0400","2.0083","","-0.59%"
"07/02/2013","2.0243","2.0400","2.0400","2.0193","","-0.77%"
"07/01/2013","2.0400","2.0400","2.0400","2.0263","","0.49%"
"06/28/2013","2.0300","2.0400","2.0425","2.0213","","0.18%"
"06/27/2013","2.0263","2.0213","2.0400","2.0160","","-0.43%"
"06/26/2013","2.0350","2.0150","2.0350","2.0130","","0.99%"
"06/25/2013","2.0150","2.0125","2.0200","2.0110","","0.12%"
"06/24/2013","2.0125","2.0095","2.0150","2.0050","","0.21%"
"06/21/2013","2.0083","2.0095","2.0095","2.0083","","-0.06%"
"06/20/2013","2.0095","2.0095","2.0095","2.0095","","0.00%"
"06/19/2013","2.0095","2.0075","2.0095","2.0062","","0.10%"
"06/18/2013","2.0075","2.0075","2.0075","2.0058","","0.11%"
"06/17/2013","2.0053","2.0075","2.0075","2.0012","","-0.11%"
"06/14/2013","2.0075","2.0075","2.0075","2.0045","","0.00%"
"06/13/2013","2.0075","2.0075","2.0075","2.0023","","0.00%"
"06/12/2013","2.0075","2.0075","2.0095","2.0062","","0.00%"
"06/11/2013","2.0075","2.0025","2.0075","2.0025","","0.25%"
"06/10/2013","2.0025","2.0025","2.0060","1.9988","","0.00%"
"06/07/2013","2.0025","2.0015","2.0025","1.9923","","0.05%"
"06/06/2013","2.0015","2.0015","2.0015","1.9948","","0.00%"
"06/05/2013","2.0015","2.0025","2.0033","1.9948","","-0.05%"
"06/04/2013","2.0025","2.0000","2.0027","1.9943","","0.13%"
"06/03/2013","2.0000","1.9975","2.0000","1.9863","","0.13%"
"05/31/2013","1.9975","1.9975","1.9980","1.9963","","0.06%"
"05/30/2013","1.9963","1.9955","1.9975","1.9943","","0.10%"
"05/29/2013","1.9943","1.9955","1.9985","1.9863","","-0.06%"
"05/28/2013","1.9955","1.9955","1.9965","1.9863","","0.00%"
"05/27/2013","1.9955","1.9955","1.9955","1.9943","","0.00%"
"05/24/2013","1.9955","1.9960","1.9988","1.9868","","-0.03%"
"05/23/2013","1.9960","1.9955","1.9960","1.9933","","0.03%"
"05/22/2013","1.9955","1.9625","1.9955","1.9625","","0.26%"
"05/21/2013","1.9903","1.9915","1.9920","1.9903","","-0.06%"
"05/20/2013","1.9915","1.9915","1.9915","1.9903","","0.00%"
"05/17/2013","1.9915","1.9915","1.9955","1.9903","","0.00%"
"05/16/2013","1.9915","1.9895","1.9915","1.9835","","0.10%"
"05/15/2013","1.9895","1.9895","1.9950","1.9895","","0.00%"
"05/14/2013","1.9895","1.9868","1.9895","1.9868","","0.00%"
"05/13/2013","1.9895","1.9855","1.9895","1.9765","","0.20%"
"05/10/2013","1.9855","1.9825","1.9865","1.9743","","0.15%"
"05/09/2013","1.9825","1.9740","1.9830","1.9740","","0.56%"
"05/08/2013","1.9715","1.9820","1.9820","1.9715","","-0.53%"
"05/07/2013","1.9820","1.9910","1.9910","1.9720","","0.21%"
"05/06/2013","1.9778","1.9775","1.9920","1.9680","","0.02%"
"05/03/2013","1.9775","1.9745","1.9775","1.9525","","0.15%"
"05/02/2013","1.9745","1.9745","1.9755","1.9745","","0.00%"
"05/01/2013","1.9745","1.9745","1.9745","1.9745","","0.00%"
"04/30/2013","1.9745","1.9750","1.9750","1.9745","","-0.03%"
"04/29/2013","1.9750","1.9695","1.9750","1.9665","","0.28%"
"04/26/2013","1.9695","1.9670","1.9695","1.9663","","0.13%"
"04/25/2013","1.9670","1.9655","1.9675","1.9648","","0.08%"
"04/24/2013","1.9655","1.9685","1.9690","1.9643","","-0.15%"
"04/23/2013","1.9685","1.9700","1.9700","1.9675","","-0.08%"
"04/22/2013","1.9700","1.9440","1.9700","1.9430","","0.38%"
"04/19/2013","1.9625","1.9400","1.9625","1.9400","","0.51%"
"04/18/2013","1.9525","1.9400","1.9558","1.9400","","0.22%"
"04/17/2013","1.9483","1.9400","1.9495","1.9400","","0.20%"
"04/16/2013","1.9445","1.9400","1.9463","1.9400","","0.03%"
"04/15/2013","1.9440","1.9400","1.9460","1.9375","","0.00%"
"04/12/2013","1.9440","1.9400","1.9575","1.9325","","-0.05%"
"04/11/2013","1.9450","1.9400","1.9463","1.9385","","0.19%"
"04/10/2013","1.9413","1.9400","1.9460","1.9375","","-0.16%"
"04/09/2013","1.9445","1.9400","1.9445","1.9388","","0.00%"
"04/08/2013","1.9445","1.9400","1.9445","1.9390","","0.10%"
"04/05/2013","1.9425","1.9400","1.9450","1.9388","","0.03%"
"04/04/2013","1.9420","1.9400","1.9420","1.9400","","0.05%"
"04/03/2013","1.9410","1.9400","1.9410","1.9385","","0.13%"
"04/02/2013","1.9385","1.9400","1.9400","1.9275","","-0.03%"
"04/01/2013","1.9390","1.9400","1.9400","1.9390","","0.08%"
"03/29/2013","1.9375","1.9400","1.9400","1.9375","","0.00%"
"03/28/2013","1.9375","1.9400","1.9405","1.9375","","-0.03%"
"03/27/2013","1.9380","1.9400","1.9450","1.9365","","-0.10%"
"03/26/2013","1.9400","1.9400","1.9405","1.9375","","0.00%"
"03/25/2013","1.9400","1.9400","1.9400","1.9340","","0.00%"
"03/22/2013","1.9400","1.9415","1.9415","1.9375","","-0.03%"
"03/21/2013","1.9405","1.9345","1.9430","1.9345","","0.31%"
"03/20/2013","1.9345","1.9345","1.9400","1.9325","","0.00%"
"03/19/2013","1.9345","1.9350","1.9368","1.9275","","-0.03%"
"03/18/2013","1.9350","1.9345","1.9350","1.9325","","0.05%"
"03/15/2013","1.9340","1.9325","1.9370","1.9325","","0.08%"
"03/14/2013","1.9325","1.9250","1.9348","1.9240","","0.42%"
"03/13/2013","1.9245","1.9080","1.9275","1.9005","","0.10%"
"03/12/2013","1.9225","1.9080","1.9226","1.9040","","0.13%"
"03/11/2013","1.9200","1.9080","1.9225","1.9080","","-0.08%"
"03/08/2013","1.9215","1.9080","1.9230","1.9040","","0.37%"
"03/07/2013","1.9145","1.9080","1.9175","1.9075","","-0.03%"
"03/06/2013","1.9150","1.9080","1.9188","1.9046","","0.00%"
"03/05/2013","1.9150","1.9080","1.9250","1.9025","","-0.13%"
"03/04/2013","1.9175","1.9080","1.9250","1.8990","","0.00%"
"03/01/2013","1.9175","1.9080","1.9200","1.9080","","0.00%"
"02/28/2013","1.9175","1.9080","1.9200","1.9045","","0.05%"
"02/27/2013","1.9165","1.9080","1.9220","1.9048","","0.00%"
"02/26/2013","1.9165","1.9080","1.9201","1.9048","","0.08%"
"02/25/2013","1.9150","1.9080","1.9201","1.9030","","0.13%"
"02/22/2013","1.9125","1.9080","1.9175","1.9018","","0.26%"
"02/21/2013","1.9075","1.9080","1.9151","1.8865","","0.10%"
"02/20/2013","1.9055","1.9080","1.9080","1.9018","","0.11%"
"02/19/2013","1.9035","1.9080","1.9080","1.8925","","0.18%"
"02/18/2013","1.9000","1.9080","1.9080","1.8965","","0.18%"
"02/15/2013","1.8965","1.9080","1.9080","1.8925","","-0.45%"
"02/14/2013","1.9050","1.9080","1.9080","1.9038","","0.00%"
"02/13/2013","1.9050","1.9080","1.9080","1.9000","","0.24%"
"02/12/2013","1.9005","1.9080","1.9080","1.8995","","0.00%"
"02/11/2013","1.9005","1.9080","1.9083","1.9005","","-0.26%"
"02/08/2013","1.9055","1.9080","1.9080","1.9055","","0.16%"
"02/07/2013","1.9025","1.9080","1.9080","1.9025","","-0.16%"
"02/06/2013","1.9055","1.9080","1.9083","1.9055","","0.00%"
"02/05/2013","1.9055","1.9080","1.9085","1.9055","","-0.16%"
"02/04/2013","1.9085","1.9080","1.9085","1.9010","","0.16%"
"02/01/2013","1.9055","1.9080","1.9080","1.9035","","0.11%"
"01/31/2013","1.9035","1.9080","1.9080","1.9020","","0.08%"
"01/30/2013","1.9020","1.9080","1.9080","1.8855","","-0.03%"
"01/29/2013","1.9025","1.9005","1.9100","1.9005","","0.05%"
"01/28/2013","1.9015","1.9080","1.9100","1.8965","","0.26%"
"01/25/2013","1.8965","1.9125","1.9145","1.8965","","-0.84%"
"01/24/2013","1.9125","1.9105","1.9145","1.9075","","0.10%"
"01/23/2013","1.9105","1.9080","1.9118","1.9080","","0.16%"
"01/22/2013","1.9075","1.9080","1.9135","1.9025","","-0.03%"
"01/21/2013","1.9080","1.9100","1.9138","1.9025","","-0.10%"
"01/18/2013","1.9100","1.9080","1.9113","1.9075","","0.10%"
"01/17/2013","1.9080","1.9080","1.9115","1.9070","","0.00%"
"01/16/2013","1.9080","1.9080","1.9100","1.9045","","0.08%"
"01/15/2013","1.9065","1.9080","1.9125","1.9025","","0.11%"
"01/14/2013","1.9045","1.9080","1.9100","1.8985","","0.11%"
"01/11/2013","1.9025","1.8885","1.9075","1.8830","","0.74%"
"01/10/2013","1.8885","1.8855","1.8890","1.8815","","0.16%"
"01/09/2013","1.8855","1.9080","1.9080","1.8825","","-0.21%"
"01/08/2013","1.8895","1.9080","1.9080","1.8890","","-0.42%"
"01/07/2013","1.8975","1.9080","1.9125","1.8953","","0.11%"
"01/04/2013","1.8955","1.9080","1.9125","1.8955","","-0.66%"
"01/03/2013","1.9080","1.9080","1.9125","1.9070","","0.00%"
"01/02/2013","1.9080","1.9065","1.9105","1.9045","","0.08%"
"01/01/2013","1.9065","1.9065","1.9065","1.9065","","0.11%"
"12/31/2012","1.9045","1.8914","1.9075","1.8914","","-0.10%"
"12/28/2012","1.9065","1.8914","1.9065","1.8810","","0.29%"
"12/27/2012","1.9010","1.8914","1.9010","1.8914","","0.51%"
"12/26/2012","1.8914","1.8914","1.8914","1.8914","","0.00%"
"12/25/2012","1.8914","1.8914","1.8914","1.8914","","-0.30%"
"12/24/2012","1.8970","1.8914","1.8970","1.8914","","0.13%"
"12/21/2012","1.8945","1.8914","1.8965","1.8805","","-0.11%"
"12/20/2012","1.8965","1.8914","1.8965","1.8914","","0.00%"
"12/19/2012","1.8965","1.8914","1.8983","1.8914","","0.09%"
"12/18/2012","1.8948","1.8914","1.8955","1.8914","","0.07%"
"12/17/2012","1.8935","1.8915","1.8948","1.8800","","0.11%"
"12/14/2012","1.8915","1.8914","1.9013","1.8785","","0.05%"
"12/13/2012","1.8906","1.8956","1.8957","1.8893","","-0.25%"
"12/12/2012","1.8953","1.8954","1.8957","1.8914","","0.01%"
"12/11/2012","1.8951","1.8913","1.9016","1.8828","","0.20%"
"12/10/2012","1.8913","1.8917","1.8986","1.8895","","0.01%"
"12/07/2012","1.8911","1.8913","1.8917","1.8895","","-0.01%"
"12/06/2012","1.8913","1.8913","1.8930","1.8875","","0.01%"
"12/05/2012","1.8911","1.8913","1.9038","1.8875","","-0.01%"
"12/04/2012","1.8913","1.8913","1.9038","1.8895","","0.01%"
"12/03/2012","1.8911","1.9036","1.9075","1.8821","","-0.66%"
"11/30/2012","1.9036","1.9075","1.9075","1.8955","","-0.34%"
"11/29/2012","1.9100","1.8995","1.9100","1.8995","","0.13%"
"11/28/2012","1.9075","1.9016","1.9150","1.8995","","0.32%"
"11/27/2012","1.9014","1.9017","1.9017","1.8978","","0.02%"
"11/26/2012","1.9011","1.8955","1.9018","1.8793","","0.12%"
"11/23/2012","1.8988","1.8953","1.9029","1.8845","","0.18%"
"11/22/2012","1.8954","1.8913","1.8957","1.8903","","0.22%"
"11/21/2012","1.8913","1.8888","1.9000","1.8856","","0.13%"
"11/20/2012","1.8889","1.8781","1.8925","1.8781","","0.58%"
"11/19/2012","1.8781","1.8781","1.8933","1.8704","","-0.10%"
"11/16/2012","1.8799","1.8809","1.8827","1.8765","","-0.07%"
"11/15/2012","1.8812","1.8781","1.8819","1.8743","","0.00%"
"11/14/2012","1.8812","1.8781","1.8910","1.8728","","0.23%"
"11/13/2012","1.8768","1.8774","1.8811","1.8747","","-0.03%"
"11/12/2012","1.8774","1.8791","1.8806","1.8755","","-0.08%"
"11/09/2012","1.8789","1.8778","1.8809","1.8755","","0.06%"
"11/08/2012","1.8778","1.8812","1.8910","1.8706","","-0.16%"
"11/07/2012","1.8808","1.8812","1.8910","1.8760","","-0.02%"
"11/06/2012","1.8811","1.8808","1.8950","1.8768","","0.00%"
"11/05/2012","1.8811","1.8882","1.8930","1.8773","","-0.35%"
"11/02/2012","1.8878","1.8878","1.8910","1.8781","","0.01%"
"11/01/2012","1.8876","1.8906","1.8985","1.8795","","-0.14%"
"10/31/2012","1.8903","1.8818","1.8965","1.8781","","0.45%"
"10/30/2012","1.8819","1.8775","1.8925","1.8728","","0.23%"
"10/29/2012","1.8775","1.8775","1.8945","1.8775","","0.00%"
"10/26/2012","1.8775","1.8740","1.8775","1.8740","","0.16%"
"10/25/2012","1.8745","1.8750","1.8878","1.8728","","-0.03%"
"10/24/2012","1.8750","1.8770","1.8770","1.8745","","-0.11%"
"10/23/2012","1.8770","1.8800","1.8840","1.8768","","-0.16%"
"10/22/2012","1.8800","1.8845","1.8965","1.8790","","-0.32%"
"10/19/2012","1.8861","1.8865","1.9070","1.8830","","-0.02%"
"10/18/2012","1.8865","1.8865","1.9020","1.8845","","0.00%"
"10/17/2012","1.8865","1.8865","1.9075","1.8845","","-0.05%"
"10/16/2012","1.8875","1.8875","1.8880","1.8863","","0.00%"
"10/15/2012","1.8875","1.8935","1.8935","1.8870","","-0.32%"
"10/12/2012","1.8935","1.8925","1.9080","1.8920","","-0.03%"
"10/11/2012","1.8940","1.8885","1.9085","1.8849","","0.29%"
"10/10/2012","1.8885","1.8855","1.9075","1.8855","","0.25%"
"10/09/2012","1.8838","1.8875","1.9100","1.8812","","-0.20%"
"10/08/2012","1.8875","1.8971","1.9100","1.8875","","-0.40%"
"10/05/2012","1.8950","1.8925","1.9075","1.8910","","0.13%"
"10/04/2012","1.8925","1.8945","1.9064","1.8900","","0.13%"
"10/03/2012","1.8900","1.8975","1.8975","1.8900","","-0.40%"
"10/02/2012","1.8975","1.8975","1.9195","1.8850","","0.00%"
"10/01/2012","1.8975","1.9150","1.9150","1.8960","","0.03%"
"09/28/2012","1.8969","1.8940","1.9075","1.8925","","0.15%"
"09/27/2012","1.8940","1.8925","1.9140","1.8915","","-0.15%"
"09/26/2012","1.8969","1.9225","1.9275","1.8925","","-0.43%"
"09/25/2012","1.9050","1.9225","1.9275","1.9038","","-0.81%"
"09/24/2012","1.9205","1.9225","1.9225","1.9130","","0.00%"
"09/21/2012","1.9205","1.9225","1.9225","1.9205","","0.00%"
"09/20/2012","1.9205","1.9225","1.9225","1.9105","","0.68%"
"09/19/2012","1.9075","1.9025","1.9105","1.8975","","0.26%"
"09/18/2012","1.9025","1.8955","1.9250","1.8920","","0.37%"
"09/17/2012","1.8955","1.8935","1.9250","1.8918","","0.11%"
"09/14/2012","1.8935","1.8925","1.9140","1.8908","","0.11%"
"09/13/2012","1.8915","1.8965","1.9250","1.8907","","-0.26%"
"09/12/2012","1.8965","1.9300","1.9300","1.8965","","-0.05%"
"09/11/2012","1.8975","1.9005","1.9300","1.8975","","-0.05%"
"09/10/2012","1.8985","1.9185","1.9328","1.8975","","-0.18%"
"09/07/2012","1.9020","1.9225","1.9375","1.9010","","-1.32%"
"09/06/2012","1.9275","1.9225","1.9315","1.9225","","-0.21%"
"09/05/2012","1.9315","1.9225","1.9355","1.9225","","-0.21%"
"09/04/2012","1.9355","1.9225","1.9355","1.9225","","0.12%"
"09/03/2012","1.9331","1.9333","1.9357","1.9225","","0.00%"
"08/31/2012","1.9331","1.9328","1.9410","1.9225","","-0.01%"
"08/30/2012","1.9333","1.9225","1.9446","1.9225","","-0.40%"
"08/29/2012","1.9410","1.9225","1.9410","1.9225","","0.18%"
"08/28/2012","1.9375","1.9225","1.9415","1.9225","","0.26%"
"08/27/2012","1.9325","1.9225","1.9410","1.9225","","0.16%"
"08/24/2012","1.9295","1.9377","1.9408","1.9274","","-0.50%"
"08/23/2012","1.9391","1.9418","1.9520","1.9345","","-0.09%"
"08/22/2012","1.9408","1.9418","1.9520","1.9365","","-0.02%"
"08/21/2012","1.9412","1.9453","1.9534","1.9365","","-0.21%"
"08/20/2012","1.9453","1.9458","1.9562","1.9375","","-0.03%"
"08/17/2012","1.9458","1.9456","1.9458","1.9375","","0.03%"
"08/16/2012","1.9453","1.9456","1.9458","1.9375","","0.00%"
"08/15/2012","1.9453","1.9531","1.9533","1.9365","","-0.41%"
"08/14/2012","1.9533","1.9528","1.9600","1.9413","","0.03%"
"08/13/2012","1.9527","1.9528","1.9595","1.9412","","-0.18%"
"08/10/2012","1.9563","1.9528","1.9564","1.9527","","0.00%"
"08/09/2012","1.9563","1.9559","1.9590","1.9457","","0.10%"
"08/08/2012","1.9543","1.9543","1.9575","1.9411","","-0.16%"
"08/07/2012","1.9575","1.9543","1.9590","1.9540","","0.04%"
"08/06/2012","1.9567","1.9548","1.9590","1.9409","","0.09%"
"08/03/2012","1.9549","1.9545","1.9575","1.9408","","0.01%"
"08/02/2012","1.9548","1.9546","1.9595","1.9408","","0.03%"
"08/01/2012","1.9543","1.9550","1.9595","1.9407","","-0.04%"
"07/31/2012","1.9550","1.9523","1.9575","1.9406","","0.14%"
"07/30/2012","1.9523","1.9555","1.9593","1.9420","","-0.15%"
"07/27/2012","1.9553","1.9552","1.9593","1.9404","","0.02%"
"07/26/2012","1.9549","1.9537","1.9590","1.9420","","-0.08%"
"07/25/2012","1.9565","1.9537","1.9590","1.9420","","-0.01%"
"07/24/2012","1.9566","1.9540","1.9590","1.9401","","0.15%"
"07/23/2012","1.9537","1.9537","1.9580","1.9400","","-0.03%"
"07/20/2012","1.9543","1.9531","1.9600","1.9420","","0.08%"
"07/19/2012","1.9527","1.9550","1.9555","1.9420","","0.01%"
"07/18/2012","1.9525","1.9550","1.9550","1.9420","","-0.13%"
"07/17/2012","1.9550","1.9550","1.9550","1.9420","","0.00%"
"07/16/2012","1.9550","1.9475","1.9550","1.9375","","0.39%"
"07/13/2012","1.9475","1.9550","1.9550","1.9390","","-0.38%"
"07/12/2012","1.9550","1.9550","1.9550","1.9375","","0.00%"
"07/11/2012","1.9550","1.9600","1.9600","1.9375","","0.64%"
"07/10/2012","1.9425","1.9600","1.9640","1.9399","","-0.51%"
"07/09/2012","1.9525","1.9550","1.9600","1.9425","","-0.13%"
"07/06/2012","1.9550","1.9475","1.9550","1.9475","","0.39%"
"07/05/2012","1.9475","1.9475","1.9535","1.9475","","0.36%"
"07/04/2012","1.9405","1.9406","1.9500","1.9376","","0.01%"
"07/03/2012","1.9403","1.9425","1.9475","1.9376","","-0.11%"
"07/02/2012","1.9425","1.9355","1.9425","1.9355","","0.00%"
"06/29/2012","1.9425","1.9225","1.9430","1.9225","","0.78%"
"06/28/2012","1.9275","1.9225","1.9418","1.9225","","0.26%"
"06/27/2012","1.9225","1.9225","1.9435","1.9225","","-0.77%"
"06/26/2012","1.9375","1.9225","1.9375","1.9225","","0.78%"
"06/25/2012","1.9225","1.9225","1.9360","1.9215","","-0.52%"
"06/22/2012","1.9325","1.9225","1.9325","1.9225","","0.26%"
"06/21/2012","1.9275","1.9225","1.9320","1.9225","","-0.15%"
"06/20/2012","1.9303","1.9225","1.9313","1.9225","","0.15%"
"06/19/2012","1.9275","1.9225","1.9293","1.9225","","0.00%"
"06/18/2012","1.9275","1.9225","1.9335","1.9225","","0.00%"
"06/15/2012","1.9275","1.9225","1.9275","1.9218","","0.26%"
"06/14/2012","1.9225","1.9225","1.9225","1.9205","","0.00%"
"06/13/2012","1.9225","1.9225","1.9225","1.9208","","0.10%"
"06/12/2012","1.9205","1.9200","1.9225","1.9200","","0.95%"
"06/11/2012","1.9025","1.9096","1.9225","1.9025","","-0.36%"
"06/08/2012","1.9093","1.9092","1.9175","1.9066","","0.00%"
"06/07/2012","1.9093","1.9093","1.9175","1.9066","","-0.02%"
"06/06/2012","1.9096","1.9095","1.9150","1.9051","","-0.01%"
"06/05/2012","1.9098","1.8930","1.9150","1.8926","","0.90%"
"06/04/2012","1.8928","1.8933","1.9035","1.8859","","0.00%"
"06/01/2012","1.8928","1.8931","1.9038","1.8878","","0.00%"
"05/31/2012","1.8928","1.8927","1.9015","1.8876","","0.00%"
"05/30/2012","1.8928","1.8928","1.9020","1.8919","","-0.02%"
"05/29/2012","1.8931","1.8970","1.9093","1.8858","","-0.15%"
"05/28/2012","1.8960","1.8955","1.9118","1.8955","","0.00%"
"05/25/2012","1.8960","1.8960","1.8960","1.8960","","0.05%"
"05/24/2012","1.8950","1.9020","1.9048","1.8950","","-0.37%"
"05/23/2012","1.9020","1.8928","1.9043","1.8888","","0.48%"
"05/22/2012","1.8929","1.8891","1.8982","1.8864","","0.19%"
"05/21/2012","1.8894","1.8894","1.9045","1.8830","","0.00%"
"05/18/2012","1.8894","1.8842","1.9040","1.8839","","-0.43%"
"05/17/2012","1.8975","1.8950","1.9000","1.8925","","-0.26%"
"05/16/2012","1.9025","1.9070","1.9080","1.9000","","-0.05%"
"05/15/2012","1.9035","1.8950","1.9055","1.8853","","0.55%"
"05/14/2012","1.8930","1.8739","1.8930","1.8725","","0.58%"
"05/11/2012","1.8820","1.8865","1.8950","1.8775","","0.29%"
"05/10/2012","1.8765","1.8750","1.8800","1.8715","","0.13%"
"05/09/2012","1.8741","1.8740","1.8783","1.8725","","-0.05%"
"05/08/2012","1.8750","1.8643","1.8756","1.8643","","0.81%"
"05/07/2012","1.8600","1.8675","1.8675","1.8600","","-0.13%"
"05/04/2012","1.8625","1.8726","1.8777","1.8625","","-0.27%"
"05/03/2012","1.8675","1.8495","1.8675","1.8484","","0.99%"
"05/02/2012","1.8492","1.8548","1.8548","1.8486","","-0.36%"
"05/01/2012","1.8558","1.8558","1.8558","1.8558","","0.00%"
"04/30/2012","1.8558","1.8500","1.8565","1.8490","","0.04%"
"04/27/2012","1.8550","1.8553","1.8555","1.8539","","0.06%"
"04/26/2012","1.8539","1.8210","1.8539","1.8190","","0.08%"
"04/25/2012","1.8525","1.8210","1.8651","1.8210","","1.73%"
"04/24/2012","1.8210","1.8210","1.8210","1.8210","","0.17%"
"04/23/2012","1.8180","1.8210","1.8245","1.8128","","-0.16%"
"04/20/2012","1.8210","1.8190","1.8225","1.8208","","0.00%"
"04/19/2012","1.8210","1.7901","1.8220","1.8066","","0.74%"
"04/18/2012","1.8076","1.7915","1.8083","1.7933","","0.57%"
"04/17/2012","1.7973","1.7915","1.8149","1.7940","","-0.37%"
"04/16/2012","1.8040","1.7915","1.8047","1.7940","","0.19%"
"04/13/2012","1.8005","1.7915","1.8005","1.7940","","-0.11%"
"04/12/2012","1.8025","1.7915","1.8025","1.7918","","0.33%"
"04/11/2012","1.7965","1.7915","1.7965","1.7823","","0.14%"
"04/10/2012","1.7940","1.7727","1.7940","1.7765","","0.99%"
"04/09/2012","1.7765","1.7727","1.7765","1.7765","","-0.59%"
"04/06/2012","1.7870","1.7727","1.7870","1.7765","","-0.03%"
"04/05/2012","1.7875","1.7727","1.7875","1.7765","","0.20%"
"04/04/2012","1.7840","1.7727","1.7855","1.7765","","0.00%"
"04/03/2012","1.7840","1.7727","1.7840","1.7765","","0.42%"
"04/02/2012","1.7765","1.7727","1.7780","1.7718","","-0.06%"
"03/30/2012","1.7775","1.7727","1.7798","1.7750","","0.06%"
"03/29/2012","1.7765","1.7727","1.7788","1.7692","","-0.20%"
"03/28/2012","1.7800","1.7727","1.7800","1.7761","","0.20%"
"03/27/2012","1.7765","1.7723","1.7805","1.7688","","0.01%"
"03/26/2012","1.7763","1.7605","1.7811","1.7578","","0.69%"
"03/23/2012","1.7641","1.7605","1.7772","1.7618","","0.00%"
"03/22/2012","1.7641","1.7731","1.7776","1.7605","","-0.73%"
"03/21/2012","1.7771","1.7563","1.7775","1.7550","","0.94%"
"03/20/2012","1.7605","1.7563","1.7650","1.7455","","0.02%"
"03/19/2012","1.7602","1.7430","1.7605","1.7405","","0.84%"
"03/16/2012","1.7455","1.7220","1.7455","1.7261","","0.69%"
"03/15/2012","1.7335","1.7125","1.7335","1.7200","","0.17%"
"03/14/2012","1.7305","1.7190","1.7305","1.7128","","0.09%"
"03/13/2012","1.7290","1.7046","1.7290","1.7071","","0.44%"
"03/12/2012","1.7215","1.7046","1.7225","1.7071","","0.17%"
"03/09/2012","1.7185","1.7046","1.7185","1.7071","","0.33%"
"03/08/2012","1.7129","1.7046","1.7135","1.7071","","0.06%"
"03/07/2012","1.7118","1.7046","1.7118","1.7071","","0.02%"
"03/06/2012","1.7115","1.7048","1.7140","1.7071","","-0.15%"
"03/05/2012","1.7140","1.7050","1.7150","1.6999","","0.40%"
"03/02/2012","1.7072","1.6974","1.7105","1.6999","","0.04%"
"03/01/2012","1.7065","1.6974","1.7065","1.6998","","0.23%"
"02/29/2012","1.7025","1.6974","1.7038","1.6999","","0.16%"
"02/28/2012","1.6998","1.6973","1.7015","1.6978","","-0.01%"
"02/27/2012","1.6999","1.6975","1.7059","1.6996","","-0.27%"
"02/24/2012","1.7045","1.6975","1.7045","1.7003","","-0.44%"
"02/23/2012","1.7120","1.6975","1.7120","1.7003","","0.03%"
"02/22/2012","1.7115","1.6975","1.7120","1.6990","","0.00%"
"02/21/2012","1.7115","1.6975","1.7115","1.6970","","0.66%"
"02/20/2012","1.7003","1.7000","1.7083","1.7000","","-0.15%"
"02/17/2012","1.7028","1.7001","1.7051","1.7010","","-0.13%"
"02/16/2012","1.7051","1.7005","1.7083","1.7013","","-0.01%"
"02/15/2012","1.7053","1.7005","1.7171","1.6995","","0.00%"
"02/14/2012","1.7053","1.7094","1.7179","1.7020","","-0.52%"
"02/13/2012","1.7143","1.7046","1.7146","1.6881","","0.35%"
"02/10/2012","1.7083","1.6946","1.7095","1.6881","","0.59%"
"02/09/2012","1.6982","1.6843","1.7100","1.6813","","0.59%"
"02/08/2012","1.6883","1.6843","1.6884","1.6813","","0.00%"
"02/07/2012","1.6883","1.6813","1.6884","1.6813","","0.18%"
"02/06/2012","1.6852","1.6814","1.6885","1.6813","","0.02%"
"02/03/2012","1.6849","1.6814","1.6885","1.6813","","0.00%"
"02/02/2012","1.6849","1.6775","1.6880","1.6809","","0.22%"
"02/01/2012","1.6812","1.6771","1.6855","1.6809","","0.02%"
"01/31/2012","1.6809","1.6726","1.6910","1.6759","","0.27%"
"01/30/2012","1.6763","1.6750","1.6848","1.6550","","-0.40%"
"01/27/2012","1.6830","1.6700","1.6905","1.6775","","-0.21%"
"01/26/2012","1.6865","1.6965","1.6998","1.6865","","-0.82%"
"01/25/2012","1.7005","1.6980","1.7040","1.6990","","-0.56%"
"01/24/2012","1.7100","1.6950","1.7100","1.6953","","0.77%"
"01/23/2012","1.6970","1.6900","1.7200","1.6847","","-0.47%"
"01/20/2012","1.7050","1.7400","1.7493","1.7050","","-2.68%"
"01/19/2012","1.7520","1.7400","1.7520","1.7450","","0.40%"
"01/18/2012","1.7450","1.7200","1.7450","1.7250","","0.87%"
"01/17/2012","1.7300","1.7200","1.7335","1.7210","","0.76%"
"01/16/2012","1.7170","1.7100","1.7170","1.7065","","-0.03%"
"01/13/2012","1.7175","1.7000","1.7175","1.6995","","0.88%"
"01/12/2012","1.7025","1.6940","1.7025","1.6910","","1.07%"
"01/11/2012","1.6845","1.6760","1.6870","1.6785","","1.57%"
"01/10/2012","1.6585","1.6600","1.6748","1.6585","","-0.09%"
"01/09/2012","1.6600","1.6580","1.6600","1.6600","","0.09%"
"01/06/2012","1.6585","1.6370","1.6588","1.6395","","1.16%"
"01/05/2012","1.6395","1.6370","1.6395","1.6395","","-1.00%"
"01/04/2012","1.6560","1.6370","1.6560","1.6395","","0.64%"
"01/03/2012","1.6455","1.6370","1.6550","1.6395","","0.37%"
"01/02/2012","1.6395","1.6370","1.6395","1.6395","","0.00%"
"12/30/2011","1.6395","1.6370","1.6453","1.6395","","0.00%"
"12/29/2011","1.6395","1.6370","1.6425","1.6395","","0.09%"
"12/28/2011","1.6380","1.6370","1.6395","1.6380","","-0.09%"
"12/27/2011","1.6395","1.6370","1.6395","1.6395","","0.00%"
"12/26/2011","1.6395","1.6370","1.6395","1.6395","","0.00%"
"12/23/2011","1.6395","1.6370","1.6400","1.6395","","-0.03%"
"12/22/2011","1.6400","1.6370","1.6400","1.6390","","0.03%"
"12/21/2011","1.6395","1.6370","1.6395","1.6375","","0.00%"
"12/20/2011","1.6395","1.6365","1.6400","1.6390","","0.12%"
"12/19/2011","1.6375","1.6370","1.6398","1.6375","","-0.06%"
"12/16/2011","1.6385","1.6390","1.6408","1.6385","","-0.08%"
"12/15/2011","1.6398","1.6370","1.6433","1.6383","","0.05%"
"12/14/2011","1.6390","1.6400","1.6438","1.6390","","-0.40%"
"12/13/2011","1.6455","1.6430","1.6458","1.6453","","0.00%"
"12/12/2011","1.6455","1.6430","1.6455","1.6375","","0.01%"
"12/09/2011","1.6453","1.6430","1.6453","1.6453","","0.29%"
"12/08/2011","1.6405","1.6375","1.6405","1.6403","","0.18%"
"12/07/2011","1.6375","1.6350","1.6415","1.6295","","-0.15%"
"12/06/2011","1.6400","1.6275","1.6400","1.6295","","0.80%"
"12/05/2011","1.6270","1.6370","1.6433","1.6270","","-1.18%"
"12/02/2011","1.6465","1.6465","1.6465","1.6465","","0.00%"
"12/01/2011","1.6465","1.6540","1.6620","1.6460","","-1.14%"
"11/30/2011","1.6655","1.6585","1.6663","1.6500","","-0.12%"
"11/29/2011","1.6675","1.6475","1.6675","1.6495","","1.34%"
"11/28/2011","1.6455","1.6400","1.6465","1.6413","","0.15%"
"11/25/2011","1.6430","1.6350","1.6430","1.6400","","0.61%"
"11/24/2011","1.6330","1.6125","1.6330","1.6157","","0.06%"
"11/23/2011","1.6320","1.6125","1.6320","1.6157","","0.37%"
"11/22/2011","1.6260","1.6125","1.6263","1.6157","","-0.25%"
"11/21/2011","1.6300","1.6125","1.6300","1.6120","","0.90%"
"11/18/2011","1.6155","1.6156","1.6210","1.6120","","-0.21%"
"11/17/2011","1.6189","1.6101","1.6193","1.6058","","0.37%"
"11/16/2011","1.6130","1.6105","1.6178","1.6115","","0.00%"
"11/15/2011","1.6130","1.6181","1.6224","1.6058","","-0.45%"
"11/14/2011","1.6203","1.6181","1.6226","1.6058","","0.35%"
"11/11/2011","1.6147","1.6184","1.6235","1.6058","","0.00%"
"11/10/2011","1.6147","1.6105","1.6226","1.6058","","0.24%"
"11/09/2011","1.6109","1.6027","1.6144","1.6038","","0.27%"
"11/08/2011","1.6065","1.5952","1.6075","1.5989","","0.04%"
"11/07/2011","1.6058","1.6002","1.6075","1.5989","","0.24%"
"11/04/2011","1.6020","1.5977","1.6085","1.5986","","0.02%"
"11/03/2011","1.6016","1.5980","1.6033","1.5971","","-0.02%"
"11/02/2011","1.6019","1.5945","1.6021","1.5920","","0.24%"
"11/01/2011","1.5980","1.5945","1.5990","1.5934","","0.18%"
"10/31/2011","1.5951","1.5945","1.5973","1.5934","","-0.15%"
"10/28/2011","1.5975","1.5945","1.5975","1.5951","","0.15%"
"10/27/2011","1.5951","1.5906","1.5968","1.5937","","0.09%"
"10/26/2011","1.5937","1.5930","1.5955","1.5937","","-0.11%"
"10/25/2011","1.5955","1.5883","1.5965","1.5905","","0.26%"
"10/24/2011","1.5913","1.5882","1.5970","1.5890","","0.00%"
"10/21/2011","1.5913","1.6119","1.6294","1.5912","","-1.42%"
"10/20/2011","1.6142","1.6280","1.6304","1.6128","","-0.93%"
"10/19/2011","1.6294","1.6271","1.6304","1.6235","","0.00%"
"10/18/2011","1.6294","1.6274","1.6396","1.6271","","-0.11%"
"10/17/2011","1.6312","1.6372","1.6425","1.6259","","-0.53%"
"10/14/2011","1.6399","1.6301","1.6399","1.6213","","0.47%"
"10/13/2011","1.6323","1.6296","1.6351","1.6313","","0.01%"
"10/12/2011","1.6322","1.6201","1.6324","1.6219","","0.60%"
"10/11/2011","1.6224","1.6290","1.6325","1.6219","","-0.37%"
"10/10/2011","1.6285","1.6100","1.6285","1.6121","","0.68%"
"10/07/2011","1.6175","1.6140","1.6175","1.6145","","0.15%"
"10/06/2011","1.6150","1.6105","1.6150","1.6035","","-0.22%"
"10/05/2011","1.6185","1.6115","1.6185","1.6118","","0.28%"
"10/04/2011","1.6140","1.5854","1.6205","1.5869","","0.25%"
"10/03/2011","1.6100","1.5854","1.6100","1.5869","","0.41%"
"09/30/2011","1.6035","1.5856","1.6035","1.5867","","0.53%"
"09/29/2011","1.5950","1.5854","1.5975","1.5869","","0.50%"
"09/28/2011","1.5871","1.5854","1.5905","1.5857","","0.00%"
"09/27/2011","1.5871","1.5855","1.5925","1.5867","","-0.06%"
"09/26/2011","1.5880","1.5851","1.5915","1.5572","","0.04%"
"09/23/2011","1.5873","1.5705","1.5873","1.5599","","0.95%"
"09/22/2011","1.5724","1.5695","1.5770","1.5582","","-0.17%"
"09/21/2011","1.5750","1.5570","1.5753","1.5585","","0.62%"
"09/20/2011","1.5653","1.5616","1.5728","1.5548","","0.46%"
"09/19/2011","1.5582","1.5612","1.5725","1.5525","","-0.36%"
"09/16/2011","1.5639","1.5706","1.5740","1.5597","","-0.57%"
"09/15/2011","1.5728","1.5597","1.5763","1.5582","","0.60%"
"09/14/2011","1.5634","1.5249","1.5695","1.5282","","1.03%"
"09/13/2011","1.5475","1.5393","1.5515","1.5282","","0.30%"
"09/12/2011","1.5428","1.5393","1.5431","1.5282","","0.10%"
"09/09/2011","1.5413","1.5249","1.5431","1.5282","","0.25%"
"09/08/2011","1.5375","1.5249","1.5375","1.5282","","0.39%"
"09/07/2011","1.5315","1.5249","1.5343","1.5282","","-0.10%"
"09/06/2011","1.5330","1.5249","1.5330","1.5276","","0.10%"
"09/05/2011","1.5315","1.5249","1.5333","1.5275","","0.25%"
"09/02/2011","1.5277","1.5250","1.5288","1.5259","","-0.03%"
"09/01/2011","1.5282","1.5260","1.5293","1.5275","","-0.03%"
"08/31/2011","1.5287","1.5245","1.5298","1.5274","","-0.01%"
"08/30/2011","1.5289","1.5217","1.5291","1.5248","","0.25%"
"08/29/2011","1.5251","1.5219","1.5300","1.5235","","0.01%"
"08/26/2011","1.5250","1.5217","1.5275","1.5242","","-0.06%"
"08/25/2011","1.5259","1.5217","1.5270","1.5233","","0.00%"
"08/24/2011","1.5259","1.5235","1.5329","1.5240","","0.12%"
"08/23/2011","1.5240","1.5235","1.5260","1.5240","","-0.13%"
"08/22/2011","1.5260","1.5245","1.5273","1.5233","","-0.07%"
"08/19/2011","1.5270","1.5225","1.5273","1.5235","","-0.03%"
"08/18/2011","1.5275","1.5235","1.5275","1.5248","","0.10%"
"08/17/2011","1.5260","1.5220","1.5275","1.5223","","0.00%"
"08/16/2011","1.5260","1.5260","1.5395","1.5260","","-0.55%"
"08/15/2011","1.5345","1.5350","1.5400","1.5345","","-0.52%"
"08/12/2011","1.5425","1.5370","1.5425","1.5385","","0.52%"
"08/11/2011","1.5345","1.5312","1.5378","1.5300","","0.01%"
"08/10/2011","1.5343","1.5310","1.5375","1.5300","","0.00%"
"08/09/2011","1.5343","1.5205","1.5350","1.5095","","0.68%"
"08/08/2011","1.5239","1.5150","1.5265","1.5095","","0.36%"
"08/05/2011","1.5185","1.5135","1.5195","1.5095","","0.11%"
"08/04/2011","1.5169","1.5096","1.5180","1.5070","","0.30%"
"08/03/2011","1.5124","1.5095","1.5175","1.5095","","-0.01%"
"08/02/2011","1.5125","1.5096","1.5178","1.5095","","0.02%"
"08/01/2011","1.5122","1.5080","1.5175","1.5082","","-0.03%"
"07/29/2011","1.5126","1.5057","1.5175","1.5045","","0.31%"
"07/28/2011","1.5079","1.5080","1.5199","1.5040","","0.08%"
"07/27/2011","1.5067","1.5080","1.5098","1.5063","","-0.04%"
"07/26/2011","1.5073","1.5050","1.5118","1.5070","","-0.15%"
"07/25/2011","1.5095","1.5080","1.5095","1.5095","","-0.10%"
"07/22/2011","1.5110","1.5080","1.5118","1.5070","","-0.02%"
"07/21/2011","1.5113","1.5110","1.5135","1.5113","","-0.15%"
"07/20/2011","1.5135","1.5105","1.5178","1.5113","","0.13%"
"07/19/2011","1.5115","1.5100","1.5178","1.5115","","0.00%"
"07/18/2011","1.5115","1.5120","1.5178","1.5115","","-0.17%"
"07/15/2011","1.5140","1.5125","1.5199","1.5115","","-0.13%"
"07/14/2011","1.5160","1.5145","1.5170","1.5153","","-0.10%"
"07/13/2011","1.5175","1.5174","1.5199","1.5160","","-0.16%"
"07/12/2011","1.5199","1.5125","1.5200","1.5140","","0.22%"
"07/11/2011","1.5165","1.5130","1.5165","1.5055","","0.03%"
"07/08/2011","1.5160","1.5125","1.5160","1.5140","","0.13%"
"07/07/2011","1.5140","1.5125","1.5175","1.5033","","0.00%"
"07/06/2011","1.5140","1.5135","1.5168","1.5125","","-0.05%"
"07/05/2011","1.5148","1.5130","1.5170","1.5143","","-0.01%"
"07/04/2011","1.5150","1.5150","1.5165","1.5150","","-0.16%"
"07/01/2011","1.5175","1.5120","1.5175","1.5158","","0.11%"
"06/30/2011","1.5158","1.5135","1.5165","1.5148","","-0.01%"
"06/29/2011","1.5160","1.5145","1.5165","1.5140","","-0.03%"
"06/28/2011","1.5165","1.5155","1.5178","1.5160","","-0.09%"
"06/27/2011","1.5178","1.5140","1.5178","1.5143","","0.09%"
"06/24/2011","1.5165","1.5145","1.5170","1.5160","","-0.03%"
"06/23/2011","1.5170","1.5150","1.5175","1.5153","","0.03%"
"06/22/2011","1.5165","1.5160","1.5185","1.5138","","-0.13%"
"06/21/2011","1.5185","1.5145","1.5185","1.5162","","0.00%"
"06/20/2011","1.5185","1.5040","1.5185","1.5055","","0.07%"
"06/17/2011","1.5175","1.5155","1.5180","1.5070","","-0.03%"
"06/16/2011","1.5180","1.5140","1.5180","1.5150","","0.16%"
"06/15/2011","1.5155","1.5160","1.5185","1.5153","","-0.20%"
"06/14/2011","1.5185","1.5150","1.5185","1.5150","","0.07%"
"06/13/2011","1.5175","1.5140","1.5175","1.5158","","0.00%"
"06/10/2011","1.5175","1.5160","1.5185","1.5173","","-0.07%"
"06/09/2011","1.5185","1.5155","1.5185","1.5075","","0.07%"
"06/08/2011","1.5175","1.5140","1.5178","1.5135","","0.13%"
"06/07/2011","1.5155","1.5055","1.5165","1.5055","","0.53%"
"06/06/2011","1.5075","1.5055","1.5080","1.5050","","-0.03%"
"06/03/2011","1.5080","1.5060","1.5085","1.5045","","-0.03%"
"06/02/2011","1.5085","1.5055","1.5085","1.5033","","0.03%"
"06/01/2011","1.5080","1.5040","1.5080","1.5030","","0.10%"
"05/31/2011","1.5065","1.5000","1.5178","1.5020","","0.20%"
"05/30/2011","1.5035","1.4990","1.5053","1.5015","","-0.20%"
"05/27/2011","1.5065","1.5055","1.5073","1.5030","","-0.13%"
"05/26/2011","1.5085","1.5055","1.5085","1.5070","","0.10%"
"05/25/2011","1.5070","1.5055","1.5070","1.5070","","-0.10%"
"05/24/2011","1.5085","1.5050","1.5100","1.5055","","-0.17%"
"05/23/2011","1.5110","1.5105","1.5138","1.5107","","-0.23%"
"05/20/2011","1.5145","1.5125","1.5147","1.5050","","-0.13%"
"05/19/2011","1.5165","1.5120","1.5165","1.5110","","0.07%"
"05/18/2011","1.5155","1.5090","1.5155","1.5115","","0.07%"
"05/17/2011","1.5145","1.5070","1.5145","1.5080","","0.21%"
"05/16/2011","1.5113","1.5055","1.5113","1.5065","","0.22%"
"05/13/2011","1.5080","1.5040","1.5080","1.5063","","0.01%"
"05/12/2011","1.5078","1.5000","1.5082","1.5033","","-0.08%"
"05/11/2011","1.5090","1.5030","1.5090","1.5048","","0.10%"
"05/10/2011","1.5075","1.5060","1.5080","1.5075","","-0.07%"
"05/09/2011","1.5085","1.5050","1.5085","1.5045","","0.07%"
"05/06/2011","1.5075","1.5035","1.5090","1.5055","","-0.07%"
"05/05/2011","1.5085","1.5100","1.5115","1.5055","","-0.20%"
"05/04/2011","1.5115","1.5140","1.5165","1.5115","","-0.33%"
"05/03/2011","1.5165","1.5030","1.5165","1.5015","","0.73%"
"05/02/2011","1.5055","1.5065","1.5090","1.5025","","-0.23%"
"04/29/2011","1.5090","1.4935","1.5090","1.4918","","0.84%"
"04/28/2011","1.4965","1.4985","1.5010","1.4935","","-0.30%"
"04/27/2011","1.5010","1.4945","1.5010","1.4940","","0.27%"
"04/26/2011","1.4970","1.4950","1.5030","1.4953","","-0.27%"
"04/25/2011","1.5010","1.4980","1.5010","1.5005","","0.03%"
"04/22/2011","1.5005","1.5005","1.5005","1.5005","","0.00%"
"04/21/2011","1.5005","1.5000","1.5100","1.4978","","-0.13%"
"04/20/2011","1.5025","1.5070","1.5125","1.4990","","-0.43%"
"04/19/2011","1.5090","1.5090","1.5135","1.5080","","-0.40%"
"04/18/2011","1.5150","1.5000","1.5150","1.5050","","0.03%"
"04/15/2011","1.5145","1.5090","1.5145","1.5105","","0.13%"
"04/14/2011","1.5125","1.5095","1.5125","1.5105","","-0.13%"
"04/13/2011","1.5145","1.5090","1.5145","1.5110","","0.15%"
"04/12/2011","1.5122","1.5100","1.5125","1.5098","","-0.02%"
"04/11/2011","1.5125","1.5085","1.5205","1.5103","","0.10%"
"04/08/2011","1.5110","1.5085","1.5178","1.5075","","-0.10%"
"04/07/2011","1.5125","1.5155","1.5180","1.5103","","-0.35%"
"04/06/2011","1.5178","1.5170","1.5218","1.5113","","-0.11%"
"04/05/2011","1.5195","1.5100","1.5195","1.5095","","0.46%"
"04/04/2011","1.5125","1.5050","1.5175","1.5053","","0.33%"
"04/01/2011","1.5075","1.5090","1.5240","1.5050","","-0.19%"
"03/31/2011","1.5103","1.5180","1.5315","1.5103","","-0.80%"
"03/30/2011","1.5225","1.5275","1.5305","1.5220","","-0.57%"
"03/29/2011","1.5313","1.5285","1.5322","1.5305","","-0.05%"
"03/28/2011","1.5321","1.5300","1.5325","1.5295","","-0.03%"
"03/25/2011","1.5325","1.5300","1.5375","1.5195","","-0.03%"
"03/24/2011","1.5330","1.5300","1.5330","1.5303","","0.03%"
"03/23/2011","1.5325","1.5295","1.5325","1.5320","","-0.03%"
"03/22/2011","1.5330","1.5290","1.5330","1.5300","","0.01%"
"03/21/2011","1.5329","1.5290","1.5450","1.5298","","0.24%"
"03/18/2011","1.5293","1.5295","1.5333","1.5293","","0.00%"
"03/17/2011","1.5293","1.5400","1.5450","1.5225","","0.05%"
"03/16/2011","1.5285","1.5400","1.5450","1.5223","","-0.05%"
"03/15/2011","1.5293","1.5200","1.5293","1.5213","","0.38%"
"03/14/2011","1.5235","1.5200","1.5238","1.5213","","0.08%"
"03/11/2011","1.5223","1.5205","1.5230","1.5223","","-0.05%"
"03/10/2011","1.5230","1.5200","1.5233","1.5125","","0.03%"
"03/09/2011","1.5225","1.5200","1.5230","1.5213","","0.08%"
"03/08/2011","1.5213","1.5200","1.5233","1.5202","","0.00%"
"03/07/2011","1.5213","1.5200","1.5213","1.5213","","0.00%"
"03/04/2011","1.5213","1.5170","1.5223","1.5183","","-0.08%"
"03/03/2011","1.5225","1.5140","1.5225","1.5125","","0.33%"
"03/02/2011","1.5175","1.5125","1.5193","1.5130","","0.24%"
"03/01/2011","1.5138","1.5110","1.5162","1.5125","","0.70%"
"02/28/2011","1.5033","1.5100","1.5160","1.5033","","-0.40%"
"02/25/2011","1.5093","1.5093","1.5093","1.5093","","0.00%"
"02/24/2011","1.5093","1.5070","1.5100","1.5088","","-0.01%"
"02/23/2011","1.5095","1.5080","1.5100","1.5082","","-0.03%"
"02/22/2011","1.5100","1.5065","1.5103","1.5013","","0.58%"
"02/21/2011","1.5013","1.5000","1.5063","1.4930","","0.56%"
"02/18/2011","1.4930","1.4895","1.5010","1.4923","","-0.07%"
"02/17/2011","1.4940","1.5070","1.5105","1.4935","","-1.03%"
"02/16/2011","1.5095","1.5060","1.5110","1.5073","","0.15%"
"02/15/2011","1.5073","1.5030","1.5075","1.5050","","0.15%"
"02/14/2011","1.5050","1.5070","1.5368","1.5050","","-0.30%"
"02/11/2011","1.5095","1.5140","1.5458","1.5095","","-0.33%"
"02/10/2011","1.5145","1.5195","1.5388","1.5145","","-0.36%"
"02/09/2011","1.5200","1.5125","1.5423","1.5150","","0.33%"
"02/08/2011","1.5150","1.5380","1.5405","1.5150","","-1.66%"
"02/07/2011","1.5405","1.5600","1.5618","1.5405","","-1.36%"
"02/04/2011","1.5618","1.5700","1.5753","1.5618","","-0.68%"
"02/03/2011","1.5725","1.5675","1.5775","1.5713","","0.00%"
"02/02/2011","1.5725","1.5625","1.5770","1.5675","","0.32%"
"02/01/2011","1.5675","1.5625","1.5745","1.5450","","0.24%"
"01/31/2011","1.5638","1.5500","1.5638","1.5513","","0.57%"
"01/28/2011","1.5550","1.5400","1.5635","1.5413","","0.06%"
"01/27/2011","1.5540","1.5400","1.5540","1.5413","","0.82%"
"01/26/2011","1.5413","1.5370","1.5450","1.5383","","0.74%"
"01/25/2011","1.5300","1.5240","1.5375","1.5253","","0.59%"
"01/24/2011","1.5210","1.5195","1.5210","1.5210","","0.56%"
"01/21/2011","1.5125","1.5050","1.5160","1.5063","","0.60%"
"01/20/2011","1.5035","1.5000","1.5125","1.5035","","0.68%"
"01/19/2011","1.4933","1.4900","1.5008","1.4913","","0.19%"
"01/18/2011","1.4905","1.4850","1.4920","1.4870","","0.17%"
"01/17/2011","1.4880","1.4850","1.4905","1.4863","","0.10%"
"01/14/2011","1.4865","1.4840","1.4888","1.4860","","0.27%"
"01/13/2011","1.4825","1.4800","1.4870","1.4813","","-0.02%"
"01/12/2011","1.4828","1.4815","1.4828","1.4820","","0.09%"
"01/11/2011","1.4815","1.4790","1.4815","1.4815","","0.27%"
"01/10/2011","1.4775","1.4800","1.4855","1.4750","","-0.30%"
"01/07/2011","1.4820","1.4820","1.4875","1.4820","","-0.07%"
"01/06/2011","1.4830","1.4840","1.4863","1.4830","","-0.20%"
"01/05/2011","1.4860","1.4800","1.4885","1.4838","","-0.10%"
"01/04/2011","1.4875","1.4840","1.4875","1.4740","","0.08%"
"01/03/2011","1.4863","1.4840","1.4865","1.4863","","0.02%"
"12/31/2010","1.4860","1.4825","1.4863","1.4860","","-0.02%"
"12/30/2010","1.4863","1.4865","1.4882","1.4863","","0.22%"
"12/29/2010","1.4830","1.4860","1.4880","1.4830","","0.80%"
"12/28/2010","1.4713","1.4713","1.4713","1.4713","","0.00%"
"12/27/2010","1.4713","1.4860","1.4873","1.4713","","-0.25%"
"12/24/2010","1.4750","1.4750","1.4750","1.4750","","0.00%"
"12/23/2010","1.4750","1.4470","1.4873","1.4488","","0.79%"
"12/22/2010","1.4635","1.4605","1.4768","1.4488","","0.00%"
"12/21/2010","1.4635","1.4605","1.4705","1.4488","","0.00%"
"12/20/2010","1.4635","1.4605","1.4760","1.4488","","0.00%"
"12/17/2010","1.4635","1.4605","1.4635","1.4635","","0.00%"
"12/16/2010","1.4635","1.4605","1.4665","1.4500","","0.07%"
"12/15/2010","1.4625","1.4605","1.4675","1.4625","","-0.07%"
"12/14/2010","1.4635","1.4580","1.4688","1.4488","","0.24%"
"12/13/2010","1.4600","1.4580","1.4668","1.4488","","0.00%"
"12/10/2010","1.4600","1.4580","1.4675","1.4258","","0.17%"
"12/09/2010","1.4575","1.4475","1.4653","1.4433","","0.55%"
"12/08/2010","1.4495","1.4535","1.4613","1.4488","","-0.34%"
"12/07/2010","1.4545","1.4530","1.4577","1.4545","","0.31%"
"12/06/2010","1.4500","1.4470","1.4550","1.4353","","0.21%"
"12/03/2010","1.4470","1.4470","1.4488","1.4465","","-0.12%"
"12/02/2010","1.4488","1.4470","1.4560","1.4488","","0.00%"
"12/01/2010","1.4488","1.4465","1.4550","1.4445","","0.07%"
"11/30/2010","1.4478","1.4465","1.4535","1.4478","","0.00%"
"11/29/2010","1.4478","1.4465","1.4515","1.4445","","-0.07%"
"11/26/2010","1.4488","1.4475","1.4490","1.4370","","0.00%"
"11/25/2010","1.4488","1.4475","1.4488","1.4488","","0.19%"
"11/24/2010","1.4460","1.4435","1.4470","1.4413","","-0.17%"
"11/23/2010","1.4485","1.4375","1.4485","1.4405","","0.56%"
"11/22/2010","1.4405","1.4350","1.4482","1.4363","","0.29%"
"11/19/2010","1.4363","1.4350","1.4433","1.4363","","0.00%"
"11/18/2010","1.4363","1.4350","1.4425","1.4363","","0.00%"
"11/17/2010","1.4363","1.4350","1.4417","1.4363","","0.00%"
"11/16/2010","1.4363","1.4350","1.4363","1.4363","","0.00%"
"11/15/2010","1.4363","1.4350","1.4410","1.4363","","0.00%"
"11/12/2010","1.4363","1.4350","1.4405","1.4363","","-0.22%"
"11/11/2010","1.4395","1.4350","1.4490","1.4185","","0.22%"
"11/10/2010","1.4363","1.4350","1.4450","1.4363","","0.00%"
"11/09/2010","1.4363","1.4350","1.4363","1.4363","","0.00%"
"11/08/2010","1.4363","1.4350","1.4363","1.4363","","0.00%"
"11/05/2010","1.4363","1.4400","1.4413","1.4360","","-0.35%"
"11/04/2010","1.4413","1.4400","1.4413","1.4350","","0.00%"
"11/03/2010","1.4413","1.4400","1.4413","1.4400","","0.06%"
"11/02/2010","1.4405","1.4315","1.4413","1.4335","","0.49%"
"11/01/2010","1.4335","1.4315","1.4450","1.4325","","-0.03%"
"10/29/2010","1.4340","1.4315","1.4365","1.4330","","0.10%"
"10/28/2010","1.4325","1.4300","1.4337","1.4298","","0.08%"
"10/27/2010","1.4313","1.4255","1.4325","1.4268","","-0.05%"
"10/26/2010","1.4320","1.4255","1.4325","1.4268","","0.10%"
"10/25/2010","1.4305","1.4255","1.4305","1.4268","","0.26%"
"10/22/2010","1.4268","1.4255","1.4405","1.4258","","0.00%"
"10/21/2010","1.4268","1.4255","1.4358","1.4240","","0.06%"
"10/20/2010","1.4260","1.4230","1.4450","1.4228","","0.12%"
"10/19/2010","1.4243","1.4230","1.4260","1.4243","","0.00%"
"10/18/2010","1.4243","1.4300","1.4450","1.4228","","-0.01%"
"10/15/2010","1.4245","1.4300","1.4337","1.4240","","0.07%"
"10/14/2010","1.4235","1.4300","1.4325","1.4225","","-0.04%"
"10/13/2010","1.4241","1.4300","1.4325","1.4240","","-0.48%"
"10/12/2010","1.4310","1.4210","1.4325","1.4230","","-0.28%"
"10/11/2010","1.4350","1.4210","1.4450","1.4230","","0.70%"
"10/08/2010","1.4250","1.4210","1.4285","1.4225","","0.14%"
"10/07/2010","1.4230","1.4200","1.4340","1.4215","","0.00%"
"10/06/2010","1.4230","1.4245","1.4303","1.4221","","-0.20%"
"10/05/2010","1.4258","1.4245","1.4303","1.4200","","0.27%"
"10/04/2010","1.4220","1.4245","1.4303","1.4195","","-0.27%"
"10/01/2010","1.4258","1.4170","1.4272","1.4188","","0.06%"
"09/30/2010","1.4250","1.4200","1.4350","1.4225","","0.14%"
"09/29/2010","1.4230","1.4205","1.4260","1.4223","","-0.07%"
"09/28/2010","1.4240","1.4240","1.4305","1.4235","","0.00%"
"09/27/2010","1.4240","1.4400","1.4450","1.4225","","-0.02%"
"09/24/2010","1.4243","1.4200","1.4350","1.4228","","-0.07%"
"09/23/2010","1.4253","1.4260","1.4300","1.4253","","-0.21%"
"09/22/2010","1.4283","1.4285","1.4313","1.4248","","-0.07%"
"09/21/2010","1.4293","1.4280","1.4293","1.4293","","0.00%"
"09/20/2010","1.4293","1.4280","1.4310","1.4293","","-0.10%"
"09/17/2010","1.4308","1.4290","1.4318","1.4300","","0.03%"
"09/16/2010","1.4303","1.4285","1.4313","1.4263","","0.03%"
"09/15/2010","1.4298","1.4290","1.4315","1.4272","","-0.03%"
"09/14/2010","1.4303","1.4290","1.4345","1.4248","","-0.03%"
"09/13/2010","1.4308","1.4290","1.4350","1.4303","","0.03%"
"09/10/2010","1.4303","1.4290","1.4303","1.4303","","0.00%"
"09/09/2010","1.4303","1.4315","1.4337","1.4303","","-0.17%"
"09/08/2010","1.4328","1.4310","1.4348","1.4303","","-0.07%"
"09/07/2010","1.4338","1.4330","1.4350","1.4313","","-0.03%"
"09/06/2010","1.4343","1.4400","1.4500","1.4265","","0.00%"
"09/03/2010","1.4343","1.4330","1.4343","1.4341","","0.00%"
"09/02/2010","1.4343","1.4325","1.4345","1.4330","","0.03%"
"09/01/2010","1.4338","1.4335","1.4353","1.4335","","-0.07%"
"08/31/2010","1.4348","1.4320","1.4450","1.4323","","0.10%"
"08/30/2010","1.4333","1.4325","1.4355","1.4330","","-0.05%"
"08/27/2010","1.4340","1.4340","1.4358","1.4340","","-0.09%"
"08/26/2010","1.4353","1.4345","1.4358","1.4353","","-0.03%"
"08/25/2010","1.4358","1.4340","1.4364","1.4337","","0.03%"
"08/24/2010","1.4353","1.4325","1.4473","1.4265","","0.10%"
"08/23/2010","1.4338","1.4330","1.4355","1.4288","","-0.07%"
"08/20/2010","1.4348","1.4335","1.4355","1.4340","","0.00%"
"08/19/2010","1.4348","1.4300","1.4373","1.4330","","-0.12%"
"08/18/2010","1.4365","1.4340","1.4373","1.4328","","-0.02%"
"08/17/2010","1.4368","1.4355","1.4368","1.4345","","0.00%"
"08/16/2010","1.4368","1.4340","1.4435","1.4300","","0.21%"
"08/13/2010","1.4338","1.4345","1.4563","1.4335","","-0.14%"
"08/12/2010","1.4358","1.4220","1.4360","1.4270","","0.62%"
"08/11/2010","1.4270","1.4180","1.4435","1.4210","","0.42%"
"08/10/2010","1.4210","1.4320","1.4365","1.4210","","-0.89%"
"08/09/2010","1.4337","1.4400","1.4450","1.4325","","0.06%"
"08/06/2010","1.4328","1.4310","1.4345","1.4288","","0.03%"
"08/05/2010","1.4323","1.4320","1.4348","1.4323","","-0.03%"
"08/04/2010","1.4328","1.4315","1.4358","1.4308","","0.00%"
"08/03/2010","1.4328","1.4350","1.4465","1.4210","","-0.24%"
"08/02/2010","1.4363","1.4400","1.4475","1.4312","","-0.14%"
"07/30/2010","1.4383","1.4440","1.4470","1.4330","","-0.48%"
"07/29/2010","1.4453","1.4440","1.4525","1.4433","","0.00%"
"07/28/2010","1.4453","1.4475","1.4548","1.4423","","-0.24%"
"07/27/2010","1.4488","1.4525","1.4568","1.4488","","-0.34%"
"07/26/2010","1.4537","1.4525","1.4577","1.4210","","-0.14%"
"07/23/2010","1.4558","1.4400","1.4575","1.4450","","-0.07%"
"07/22/2010","1.4568","1.4560","1.4595","1.4210","","-0.01%"
"07/21/2010","1.4570","1.4220","1.4583","1.4245","","0.83%"
"07/20/2010","1.4450","1.4400","1.4568","1.4450","","-0.84%"
"07/19/2010","1.4573","1.4550","1.4573","1.4573","","0.07%"
"07/16/2010","1.4563","1.4545","1.4575","1.4413","","0.00%"
"07/15/2010","1.4563","1.4550","1.4580","1.4400","","0.00%"
"07/14/2010","1.4563","1.4545","1.4575","1.4520","","-0.01%"
"07/13/2010","1.4565","1.4525","1.4565","1.4523","","0.19%"
"07/12/2010","1.4537","1.4400","1.4562","1.4442","","0.10%"
"07/09/2010","1.4523","1.4485","1.4530","1.4508","","0.00%"
"07/08/2010","1.4523","1.4475","1.4530","1.4297","","0.07%"
"07/07/2010","1.4513","1.4495","1.4513","1.4445","","0.03%"
"07/06/2010","1.4508","1.4400","1.4523","1.4148","","0.21%"
"07/05/2010","1.4478","1.4385","1.4482","1.4250","","0.21%"
"07/02/2010","1.4448","1.4400","1.4468","1.4430","","-0.01%"
"07/01/2010","1.4450","1.4400","1.4450","1.4420","","0.17%"
"06/30/2010","1.4425","1.4415","1.4457","1.4260","","-0.02%"
"06/29/2010","1.4428","1.4385","1.4433","1.4257","","0.21%"
"06/28/2010","1.4398","1.4300","1.4398","1.4325","","0.14%"
"06/25/2010","1.4378","1.4355","1.4390","1.4370","","0.03%"
"06/24/2010","1.4373","1.4150","1.4425","1.4260","","0.00%"
"06/23/2010","1.4373","1.4350","1.4375","1.4355","","0.03%"
"06/22/2010","1.4368","1.4375","1.4375","1.4210","","-0.14%"
"06/21/2010","1.4388","1.4365","1.4375","1.4288","","0.07%"
"06/18/2010","1.4378","1.4300","1.4365","1.4335","","0.14%"
"06/17/2010","1.4358","1.4320","1.4345","1.4223","","0.17%"
"06/16/2010","1.4333","1.4325","1.4330","1.4210","","-0.03%"
"06/15/2010","1.4338","1.4325","1.4325","1.4328","","0.00%"
"06/14/2010","1.4338","1.4305","1.4325","1.4315","","0.16%"
"06/11/2010","1.4315","1.4300","1.4305","1.4280","","0.00%"
"06/10/2010","1.4315","1.4290","1.4300","1.4210","","0.08%"
"06/09/2010","1.4303","1.4245","1.4290","1.4250","","0.32%"
"06/08/2010","1.4258","1.4230","1.4260","1.4210","","0.13%"
"06/07/2010","1.4240","1.4200","1.4230","1.4223","","0.06%"
"06/04/2010","1.4232","1.4270","1.4270","1.4213","","-0.37%"
"06/03/2010","1.4285","1.4275","1.4275","1.4272","","-0.02%"
"06/02/2010","1.4288","1.4270","1.4310","1.4285","","0.02%"
"06/01/2010","1.4285","1.4275","1.4275","1.4270","","-0.10%"
"05/31/2010","1.4300","1.4220","1.4280","1.4185","","-0.06%"
"05/28/2010","1.4308","1.4270","1.4295","1.4290","","0.03%"
"05/27/2010","1.4303","1.4290","1.4290","1.4285","","0.00%"
"05/26/2010","1.4303","1.4250","1.4290","1.4257","","0.02%"
"05/25/2010","1.4300","1.4280","1.4280","1.4278","","0.05%"
"05/24/2010","1.4293","1.4220","1.4280","1.4220","","0.00%"
"05/21/2010","1.4293","1.4280","1.4280","1.4220","","0.00%"
"05/20/2010","1.4293","1.4210","1.4280","1.4213","","0.49%"
"05/19/2010","1.4223","1.4225","1.4230","1.4200","","-0.11%"
"05/18/2010","1.4238","1.4215","1.4235","1.4198","","0.07%"
"05/17/2010","1.4228","1.4165","1.4215","1.4158","","0.04%"
"05/14/2010","1.4223","1.4175","1.4210","1.4195","","0.16%"
"05/13/2010","1.4200","1.4180","1.4180","1.4198","","0.00%"
"05/12/2010","1.4200","1.4165","1.4195","1.4183","","-0.09%"
"05/11/2010","1.4213","1.4180","1.4200","1.4175","","0.30%"
"05/10/2010","1.4170","1.4190","1.4190","1.4170","","-0.28%"
"05/07/2010","1.4210","1.4180","1.4180","1.4145","","0.13%"
"05/06/2010","1.4192","1.4175","1.4180","1.4170","","0.01%"
"05/05/2010","1.4190","1.4165","1.4175","1.4163","","0.08%"
"05/04/2010","1.4178","1.4145","1.4175","1.4143","","0.34%"
"05/03/2010","1.4130","1.4100","1.4100","1.4130","","0.00%"
"04/30/2010","1.4130","1.4155","1.4170","1.4130","","-0.28%"
"04/29/2010","1.4170","1.4160","1.4160","1.4160","","-0.20%"
"04/28/2010","1.4198","1.4160","1.4160","1.4160","","0.09%"
"04/27/2010","1.4185","1.4170","1.4185","1.4173","","0.00%"
"04/26/2010","1.4185","1.4100","1.4170","1.4143","","-0.14%"
"04/23/2010","1.4205","1.4180","1.4180","1.4140","","-0.11%"
"04/22/2010","1.4220","1.4190","1.4190","1.4143","","-0.04%"
"04/21/2010","1.4225","1.4200","1.4200","1.4137","","-0.11%"
"04/20/2010","1.4240","1.4105","1.4200","1.4138","","-0.04%"
"04/19/2010","1.4245","1.4130","1.4220","1.4140","","0.86%"
"04/16/2010","1.4123","1.4150","1.4300","1.4078","","-0.33%"
"04/15/2010","1.4170","1.4135","1.4170","1.4160","","0.07%"
"04/14/2010","1.4160","1.4140","1.4200","1.4125","","0.01%"
"04/13/2010","1.4158","1.4150","1.4220","1.4155","","-0.05%"
"04/12/2010","1.4165","1.4220","1.4300","1.4135","","0.21%"
"04/09/2010","1.4135","1.4130","1.4130","1.4135","","-0.04%"
"04/08/2010","1.4140","1.4170","1.4220","1.4140","","-0.74%"
"04/07/2010","1.4245","1.4220","1.4250","1.4155","","0.00%"
"04/06/2010","1.4245","1.4175","1.4220","1.4175","","-0.11%"
"04/05/2010","1.4260","1.4260","1.4260","1.4260","","0.00%"
"04/02/2010","1.4260","1.4230","1.4230","1.4260","","0.00%"
"04/01/2010","1.4260","1.4195","1.4250","1.4150","","0.37%"
"03/31/2010","1.4208","1.4100","1.4195","1.4158","","-0.29%"
"03/30/2010","1.4250","1.4110","1.4210","1.4135","","0.78%"
"03/29/2010","1.4140","1.4150","1.4160","1.4135","","-0.08%"
"03/26/2010","1.4152","1.4100","1.4125","1.4120","","0.01%"
"03/25/2010","1.4150","1.4085","1.4200","1.4108","","0.28%"
"03/24/2010","1.4110","1.4110","1.4230","1.4103","","-0.07%"
"03/23/2010","1.4120","1.4080","1.4260","1.4100","","0.14%"
"03/22/2010","1.4100","1.4100","1.4115","1.4100","","-0.35%"
"03/19/2010","1.4150","1.4150","1.4260","1.4150","","-0.35%"
"03/18/2010","1.4200","1.4170","1.4300","1.4185","","0.04%"
"03/17/2010","1.4195","1.4200","1.4200","1.4195","","-0.13%"
"03/16/2010","1.4213","1.4170","1.4200","1.4183","","0.21%"
"03/15/2010","1.4183","1.4300","1.4300","1.4105","","0.38%"
"03/12/2010","1.4130","1.4090","1.4300","1.4085","","0.04%"
"03/11/2010","1.4125","1.4130","1.4155","1.4125","","-0.11%"
"03/10/2010","1.4140","1.4135","1.4245","1.4125","","-0.18%"
"03/09/2010","1.4165","1.4180","1.4180","1.4155","","-0.28%"
"03/08/2010","1.4205","1.4230","1.4230","1.4205","","0.09%"
"03/05/2010","1.4192","1.4230","1.4240","1.4192","","-0.34%"
"03/04/2010","1.4240","1.4210","1.4245","1.4223","","0.04%"
"03/03/2010","1.4235","1.4235","1.4250","1.4230","","-0.04%"
"03/02/2010","1.4240","1.4230","1.4230","1.4240","","0.00%"
"03/01/2010","1.4240","1.4250","1.4260","1.4240","","-0.22%"
"02/26/2010","1.4272","1.4260","1.4265","1.4245","","-0.02%"
"02/25/2010","1.4275","1.4260","1.4340","1.4268","","0.04%"
"02/24/2010","1.4270","1.4240","1.4260","1.4245","","0.11%"
"02/23/2010","1.4255","1.4250","1.4340","1.4255","","-0.31%"
"02/22/2010","1.4300","1.4255","1.4300","1.4253","","0.36%"
"02/19/2010","1.4248","1.4210","1.4340","1.4225","","0.09%"
"02/18/2010","1.4235","1.4210","1.4455","1.4225","","0.04%"
"02/17/2010","1.4230","1.4340","1.4340","1.4230","","-0.86%"
"02/16/2010","1.4353","1.4285","1.4340","1.4290","","0.28%"
"02/15/2010","1.4313","1.4313","1.4313","1.4313","","0.00%"
"02/12/2010","1.4313","1.4280","1.4300","1.4303","","0.06%"
"02/11/2010","1.4305","1.4200","1.4285","1.4265","","-0.31%"
"02/10/2010","1.4350","1.4310","1.4310","1.4220","","0.07%"
"02/09/2010","1.4340","1.4315","1.4315","1.4340","","-0.03%"
"02/08/2010","1.4345","1.4310","1.4315","1.4320","","-0.03%"
"02/05/2010","1.4350","1.4305","1.4340","1.4328","","0.10%"
"02/04/2010","1.4335","1.4310","1.4320","1.4310","","0.00%"
"02/03/2010","1.4335","1.4305","1.4340","1.4328","","-0.10%"
"02/02/2010","1.4350","1.4330","1.4340","1.4340","","0.28%"
"02/01/2010","1.4310","1.4300","1.4300","1.4140","","-0.02%"
"01/29/2010","1.4313","1.4275","1.4300","1.4293","","0.10%"
"01/28/2010","1.4298","1.4280","1.4305","1.4280","","-0.19%"
"01/27/2010","1.4325","1.4280","1.4305","1.4275","","0.08%"
"01/26/2010","1.4313","1.4280","1.4300","1.4213","","0.70%"
"01/25/2010","1.4213","1.4140","1.4250","1.4155","","0.00%"
"01/22/2010","1.4213","1.4165","1.4245","1.4175","","0.00%"
"01/21/2010","1.4213","1.4160","1.4200","1.4170","","0.23%"
"01/20/2010","1.4180","1.4110","1.4160","1.4135","","0.00%"
"01/19/2010","1.4180","1.4120","1.4200","1.4145","","-0.13%"
"01/18/2010","1.4198","1.4130","1.4185","1.4148","","0.46%"
"01/15/2010","1.4133","1.4100","1.4100","1.4133","","-0.26%"
"01/14/2010","1.4170","1.4120","1.4160","1.4148","","0.00%"
"01/13/2010","1.4170","1.4125","1.4330","1.4150","","-0.07%"
"01/12/2010","1.4180","1.4330","1.4330","1.4180","","-0.21%"
"01/11/2010","1.4210","1.4330","1.4330","1.4210","","-0.94%"
"01/08/2010","1.4345","1.4500","1.4500","1.4315","","-0.06%"
"01/07/2010","1.4353","1.4315","1.4340","1.4330","","0.00%"
"01/06/2010","1.4353","1.4305","1.4340","1.4323","","0.09%"
"01/05/2010","1.4340","1.4310","1.4330","1.4210","","-0.07%"
"01/04/2010","1.4350","1.4295","1.4300","1.4320","","0.22%"
"01/01/2010","1.4318","1.4318","1.4318","1.4318","","0.00%"
"12/31/2009","1.4318","1.4220","1.4325","1.4270","","0.06%"
"12/30/2009","1.4310","1.4285","1.4285","1.4308","","0.14%"
"12/29/2009","1.4290","1.4280","1.4280","1.4280","","-0.14%"
"12/28/2009","1.4310","1.4310","1.4310","1.4310","","0.00%"
"12/25/2009","1.4310","1.4310","1.4310","1.4310","","0.00%"
"12/24/2009","1.4310","1.4255","1.4285","1.4280","","0.21%"
"12/23/2009","1.4280","1.4250","1.4250","1.4278","","0.00%"
"12/22/2009","1.4280","1.4255","1.4255","1.4280","","-0.37%"
"12/21/2009","1.4333","1.4200","1.4320","1.4253","","0.37%"
"12/18/2009","1.4280","1.4275","1.4315","1.4280","","0.11%"
"12/17/2009","1.4265","1.4240","1.4240","1.4253","","0.11%"
"12/16/2009","1.4250","1.4240","1.4240","1.4250","","-0.14%"
"12/15/2009","1.4270","1.4235","1.4245","1.4263","","0.09%"
"12/14/2009","1.4257","1.4257","1.4257","1.4257","","0.00%"
"12/11/2009","1.4257","1.4230","1.4255","1.4255","","-0.43%"
"12/10/2009","1.4318","1.4225","1.4305","1.4255","","0.21%"
"12/09/2009","1.4288","1.4275","1.4275","1.4288","","0.00%"
"12/08/2009","1.4288","1.4300","1.4305","1.4265","","-0.05%"
"12/07/2009","1.4295","1.4285","1.4285","1.4295","","-0.16%"
"12/04/2009","1.4318","1.4305","1.4305","1.4318","","-0.24%"
"12/03/2009","1.4353","1.4300","1.4340","1.4265","","0.02%"
"12/02/2009","1.4350","1.4295","1.4325","1.4313","","0.12%"
"12/01/2009","1.4333","1.4500","1.4500","1.4300","","0.31%"
"11/30/2009","1.4288","1.4265","1.4265","1.4288","","-0.07%"
"11/27/2009","1.4298","1.4285","1.4285","1.4298","","-0.03%"
"11/26/2009","1.4303","1.4315","1.4315","1.4295","","0.07%"
"11/25/2009","1.4293","1.4275","1.4300","1.4290","","-0.14%"
"11/24/2009","1.4313","1.4310","1.4310","1.4313","","-0.10%"
"11/23/2009","1.4328","1.4320","1.4320","1.4313","","-0.05%"
"11/20/2009","1.4335","1.4320","1.4325","1.4313","","-0.13%"
"11/19/2009","1.4353","1.4350","1.4350","1.4313","","-0.08%"
"11/18/2009","1.4365","1.4305","1.4360","1.4313","","0.21%"
"11/17/2009","1.4335","1.4300","1.4325","1.4313","","0.03%"
"11/16/2009","1.4330","1.4280","1.4320","1.4303","","0.10%"
"11/13/2009","1.4315","1.4290","1.4290","1.4305","","0.01%"
"11/12/2009","1.4313","1.4285","1.4310","1.4305","","-0.12%"
"11/11/2009","1.4330","1.4295","1.4295","1.4328","","0.01%"
"11/10/2009","1.4328","1.4300","1.4325","1.4308","","-0.12%"
"11/09/2009","1.4345","1.4270","1.4455","1.4295","","0.22%"
"11/06/2009","1.4313","1.4295","1.4300","1.4308","","0.09%"
"11/05/2009","1.4300","1.4260","1.4295","1.4283","","-0.31%"
"11/04/2009","1.4345","1.4320","1.4380","1.4283","","0.46%"
"11/03/2009","1.4280","1.4285","1.4395","1.4270","","-0.14%"
"11/02/2009","1.4300","1.4295","1.4320","1.4297","","-0.06%"
"10/30/2009","1.4308","1.4290","1.4305","1.4305","","-0.26%"
"10/29/2009","1.4345","1.4335","1.4455","1.4323","","-0.17%"
"10/28/2009","1.4370","1.4325","1.4345","1.4340","","0.10%"
"10/27/2009","1.4355","1.4330","1.4350","1.4350","","0.03%"
"10/26/2009","1.4350","1.4350","1.4500","1.4348","","-0.14%"
"10/23/2009","1.4370","1.4350","1.4350","1.4370","","-0.21%"
"10/22/2009","1.4400","1.4380","1.4390","1.4373","","0.05%"
"10/21/2009","1.4393","1.4405","1.4455","1.4393","","-0.21%"
"10/20/2009","1.4423","1.4410","1.4455","1.4423","","-0.19%"
"10/19/2009","1.4450","1.4410","1.4455","1.4417","","0.08%"
"10/16/2009","1.4438","1.4415","1.4455","1.4433","","0.06%"
"10/15/2009","1.4430","1.4460","1.4500","1.4430","","-0.57%"
"10/14/2009","1.4513","1.4450","1.4540","1.4485","","-0.25%"
"10/13/2009","1.4550","1.4420","1.4540","1.4440","","0.80%"
"10/12/2009","1.4435","1.4410","1.4410","1.4435","","-0.07%"
"10/09/2009","1.4445","1.4425","1.4540","1.4425","","-0.02%"
"10/08/2009","1.4448","1.4475","1.4530","1.4440","","-0.31%"
"10/07/2009","1.4493","1.4495","1.4530","1.4493","","-0.34%"
"10/06/2009","1.4543","1.4500","1.4530","1.4463","","-0.03%"
"10/05/2009","1.4548","1.4505","1.4530","1.4463","","0.16%"
"10/02/2009","1.4525","1.4500","1.4515","1.4463","","-0.17%"
"10/01/2009","1.4550","1.4455","1.4530","1.4463","","0.60%"
"09/30/2009","1.4463","1.4455","1.4510","1.4463","","-0.17%"
"09/29/2009","1.4488","1.4445","1.4580","1.4448","","0.09%"
"09/28/2009","1.4475","1.4425","1.4455","1.4425","","0.15%"
"09/25/2009","1.4453","1.4420","1.4450","1.4415","","-0.19%"
"09/24/2009","1.4480","1.4415","1.4455","1.4450","","0.08%"
"09/23/2009","1.4468","1.4400","1.4465","1.4438","","-0.05%"
"09/22/2009","1.4475","1.4485","1.4540","1.4448","","-0.34%"
"09/21/2009","1.4525","1.4490","1.4490","1.4525","","0.26%"
"09/18/2009","1.4488","1.4545","1.4560","1.4488","","-0.65%"
"09/17/2009","1.4583","1.4540","1.4570","1.4558","","-0.01%"
"09/16/2009","1.4585","1.4530","1.4570","1.4553","","0.10%"
"09/15/2009","1.4570","1.4520","1.4560","1.4548","","0.00%"
"09/14/2009","1.4570","1.4530","1.4560","1.4553","","0.10%"
"09/11/2009","1.4555","1.4535","1.4550","1.4555","","-0.05%"
"09/10/2009","1.4563","1.4530","1.4630","1.4540","","0.09%"
"09/09/2009","1.4550","1.4535","1.4540","1.4548","","-0.07%"
"09/08/2009","1.4560","1.4535","1.4550","1.4553","","-0.03%"
"09/07/2009","1.4565","1.4540","1.4540","1.4565","","0.03%"
"09/04/2009","1.4560","1.4555","1.4580","1.4560","","-0.09%"
"09/03/2009","1.4573","1.4570","1.4570","1.4565","","-0.07%"
"09/02/2009","1.4583","1.4580","1.4605","1.4575","","-0.10%"
"09/01/2009","1.4598","1.4600","1.4600","1.4593","","-0.12%"
"08/31/2009","1.4615","1.4955","1.4955","1.4550","","0.05%"
"08/28/2009","1.4608","1.4615","1.4615","1.4608","","-0.17%"
"08/27/2009","1.4633","1.4615","1.4630","1.4608","","0.05%"
"08/26/2009","1.4625","1.4690","1.4690","1.4608","","0.12%"
"08/25/2009","1.4608","1.4610","1.4610","1.4608","","0.00%"
"08/24/2009","1.4608","1.4700","1.4700","1.4602","","-0.38%"
"08/21/2009","1.4663","1.4650","1.4675","1.4650","","-0.17%"
"08/20/2009","1.4688","1.4660","1.4675","1.4663","","-0.18%"
"08/19/2009","1.4715","1.4650","1.4690","1.4663","","0.14%"
"08/18/2009","1.4695","1.4680","1.4690","1.4663","","-0.07%"
"08/17/2009","1.4705","1.4690","1.4720","1.4703","","-0.07%"
"08/14/2009","1.4715","1.4700","1.4720","1.4715","","0.01%"
"08/13/2009","1.4713","1.4715","1.4745","1.4713","","-0.10%"
"08/12/2009","1.4728","1.4690","1.4745","1.4685","","0.29%"
"08/11/2009","1.4685","1.4700","1.4720","1.4668","","-0.31%"
"08/10/2009","1.4730","1.4685","1.4720","1.4703","","0.20%"
"08/07/2009","1.4700","1.4660","1.4700","1.4685","","-0.39%"
"08/06/2009","1.4758","1.4915","1.4945","1.4758","","-0.97%"
"08/05/2009","1.4903","1.4925","1.4945","1.4900","","-0.28%"
"08/04/2009","1.4945","1.4945","1.4945","1.4945","","-0.09%"
"08/03/2009","1.4958","1.4955","1.4960","1.4953","","-0.05%"
"07/31/2009","1.4965","1.4955","1.4980","1.4930","","-0.32%"
"07/30/2009","1.5013","1.4970","1.4995","1.5005","","-0.10%"
"07/29/2009","1.5028","1.4980","1.4990","1.5020","","0.02%"
"07/28/2009","1.5025","1.4985","1.4985","1.5023","","0.17%"
"07/27/2009","1.5000","1.4955","1.4980","1.4998","","-0.05%"
"07/24/2009","1.5008","1.4960","1.4975","1.5000","","0.10%"
"07/23/2009","1.4993","1.4970","1.4975","1.4993","","-0.06%"
"07/22/2009","1.5002","1.4965","1.4995","1.4995","","0.01%"
"07/21/2009","1.5000","1.4975","1.4975","1.4995","","-0.07%"
"07/20/2009","1.5010","1.4935","1.4970","1.4968","","-0.05%"
"07/17/2009","1.5018","1.4970","1.4970","1.5015","","0.19%"
"07/16/2009","1.4990","1.4990","1.4990","1.4990","","0.00%"
"07/15/2009","1.4990","1.4960","1.4965","1.4985","","0.05%"
"07/14/2009","1.4983","1.4950","1.4960","1.4550","","-0.11%"
"07/13/2009","1.5000","1.4875","1.4955","1.4713","","-0.23%"
"07/10/2009","1.5035","1.4935","1.4960","1.4983","","0.37%"
"07/09/2009","1.4980","1.4800","1.4930","1.4875","","0.10%"
"07/08/2009","1.4965","1.4940","1.4950","1.4945","","-0.25%"
"07/07/2009","1.5003","1.4950","1.4950","1.5000","","0.03%"
"07/06/2009","1.4998","1.4970","1.4970","1.4975","","0.20%"
"07/03/2009","1.4968","1.4985","1.4985","1.4963","","0.12%"
"07/02/2009","1.4950","1.4915","1.4920","1.4915","","-0.03%"
"07/01/2009","1.4955","1.4955","1.4955","1.4955","","0.00%"
"06/30/2009","1.4955","1.4910","1.4910","1.4955","","0.03%"
"06/29/2009","1.4950","1.4900","1.4900","1.4938","","0.05%"
"06/26/2009","1.4943","1.4943","1.4943","1.4943","","0.00%"
"06/25/2009","1.4943","1.4890","1.4895","1.4930","","0.12%"
"06/24/2009","1.4925","1.4865","1.4880","1.4913","","0.05%"
"06/23/2009","1.4918","1.4850","1.4870","1.4905","","0.03%"
"06/22/2009","1.4913","1.4800","1.4865","1.4857","","0.15%"
"06/19/2009","1.4890","1.4885","1.4885","1.4890","","-0.19%"
"06/18/2009","1.4918","1.4825","1.4881","1.4875","","0.29%"
"06/17/2009","1.4875","1.4825","1.4825","1.4873","","0.00%"
"06/16/2009","1.4875","1.4830","1.4830","1.4873","","-0.02%"
"06/15/2009","1.4878","1.4825","1.4830","1.4868","","0.12%"
"06/12/2009","1.4860","1.4825","1.4825","1.4855","","-0.07%"
"06/11/2009","1.4870","1.4800","1.4820","1.4840","","0.13%"
"06/10/2009","1.4850","1.4815","1.4815","1.4815","","0.11%"
"06/09/2009","1.4833","1.4810","1.4810","1.4817","","-0.11%"
"06/08/2009","1.4850","1.4810","1.4815","1.4808","","0.37%"
"06/05/2009","1.4795","1.4830","1.4830","1.4762","","-0.37%"
"06/04/2009","1.4850","1.4850","1.4850","1.4850","","0.00%"
"06/03/2009","1.4850","1.4825","1.4825","1.4815","","0.60%"
"06/02/2009","1.4762","1.4695","1.4705","1.4748","","0.22%"
"06/01/2009","1.4730","1.4695","1.4695","1.4730","","-0.14%"
"05/29/2009","1.4750","1.4690","1.4700","1.4718","","0.14%"
"05/28/2009","1.4730","1.4680","1.4680","1.4730","","0.03%"
"05/27/2009","1.4725","1.4685","1.4690","1.4718","","0.05%"
"05/26/2009","1.4718","1.4665","1.4690","1.4705","","0.05%"
"05/25/2009","1.4710","1.4710","1.4710","1.4710","","0.00%"
"05/22/2009","1.4710","1.4655","1.4660","1.4675","","0.07%"
"05/21/2009","1.4700","1.4560","1.4665","1.4285","","0.00%"
"05/20/2009","1.4700","1.4510","1.4650","1.4570","","0.86%"
"05/19/2009","1.4575","1.4520","1.4520","1.4575","","0.17%"
"05/18/2009","1.4550","1.4500","1.4500","1.4138","","0.00%"
"05/15/2009","1.4550","1.4490","1.4510","1.4540","","0.10%"
"05/14/2009","1.4535","1.4485","1.4485","1.4535","","0.07%"
"05/13/2009","1.4525","1.4490","1.4500","1.4285","","-0.06%"
"05/12/2009","1.4533","1.4490","1.4490","1.4533","","0.12%"
"05/11/2009","1.4515","1.4475","1.4480","1.4285","","-0.02%"
"05/08/2009","1.4518","1.4450","1.4460","1.4508","","-0.13%"
"05/07/2009","1.4537","1.4490","1.4490","1.4537","","0.01%"
"05/06/2009","1.4535","1.4490","1.4490","1.4535","","0.01%"
"05/05/2009","1.4533","1.4485","1.4485","1.4225","","-0.07%"
"05/04/2009","1.4543","1.4200","1.4500","1.4248","","0.04%"
"05/01/2009","1.4537","1.4537","1.4537","1.4537","","0.00%"
"04/30/2009","1.4537","1.4200","1.4500","1.4248","","0.22%"
"04/29/2009","1.4505","1.4460","1.4460","1.4493","","0.12%"
"04/28/2009","1.4488","1.4415","1.4450","1.4450","","0.19%"
"04/27/2009","1.4460","1.4400","1.4420","1.4310","","0.40%"
"04/24/2009","1.4403","1.4403","1.4403","1.4403","","0.00%"
"04/23/2009","1.4403","1.4250","1.4355","1.4285","","0.33%"
"04/22/2009","1.4355","1.4325","1.4325","1.4355","","0.49%"
"04/21/2009","1.4285","1.4285","1.4285","1.4285","","0.00%"
"04/20/2009","1.4285","1.4090","1.4250","1.4143","","-0.28%"
"04/17/2009","1.4325","1.4090","1.4275","1.4143","","0.26%"
"04/16/2009","1.4288","1.4210","1.4210","1.4190","","0.28%"
"04/15/2009","1.4248","1.4160","1.4200","1.4210","","0.44%"
"04/14/2009","1.4185","1.4150","1.4150","1.4185","","0.07%"
"04/13/2009","1.4175","1.4175","1.4175","1.4175","","0.00%"
"04/10/2009","1.4175","1.4175","1.4175","1.4175","","0.00%"
"04/09/2009","1.4175","1.4125","1.4130","1.4173","","0.07%"
"04/08/2009","1.4165","1.4120","1.4120","1.4143","","0.12%"
"04/07/2009","1.4148","1.4110","1.4110","1.4143","","-0.01%"
"04/06/2009","1.4150","1.4095","1.4110","1.4143","","0.01%"
"04/03/2009","1.4148","1.4080","1.4100","1.4135","","0.04%"
"04/02/2009","1.4143","1.4085","1.4090","1.4138","","0.09%"
"04/01/2009","1.4130","1.4070","1.4070","1.4125","","0.07%"
"03/31/2009","1.4120","1.4050","1.4060","1.4100","","0.14%"
"03/30/2009","1.4100","1.4050","1.4080","1.4100","","-0.04%"
"03/27/2009","1.4105","1.4075","1.4085","1.4105","","-0.14%"
"03/26/2009","1.4125","1.4070","1.4080","1.4115","","0.11%"
"03/25/2009","1.4110","1.4060","1.4070","1.4078","","-0.07%"
"03/24/2009","1.4120","1.3985","1.4070","1.4040","","0.32%"
"03/23/2009","1.4075","1.3975","1.4065","1.4035","","0.26%"
"03/20/2009","1.4038","1.4050","1.4050","1.4038","","-0.05%"
"03/19/2009","1.4045","1.4085","1.4255","1.4045","","-0.39%"
"03/18/2009","1.4100","1.4080","1.4080","1.4097","","-0.26%"
"03/17/2009","1.4137","1.4010","1.4075","1.0155","","0.58%"
"03/16/2009","1.4055","1.4005","1.4010","1.3975","","0.11%"
"03/13/2009","1.4040","1.3800","1.4000","1.3940","","0.04%"
"03/12/2009","1.4035","1.3990","1.3990","1.4020","","0.07%"
"03/11/2009","1.4025","1.3965","1.4000","1.4000","","0.16%"
"03/10/2009","1.4003","1.3940","1.3950","1.3995","","0.06%"
"03/09/2009","1.3995","1.3920","1.3930","1.3960","","0.32%"
"03/06/2009","1.3950","1.3950","1.3950","1.3950","","0.00%"
"03/05/2009","1.3950","1.3910","1.3920","1.3945","","0.00%"
"03/04/2009","1.3950","1.3910","1.3910","1.3949","","0.02%"
"03/03/2009","1.3947","1.3910","1.3910","1.3947","","-0.01%"
"03/02/2009","1.3948","1.3905","1.3905","1.3943","","0.17%"
"02/27/2009","1.3925","1.3860","1.3860","1.3925","","-0.11%"
"02/26/2009","1.3940","1.3835","1.3900","1.3908","","-0.11%"
"02/25/2009","1.3955","1.3955","1.3955","1.3955","","0.00%"
"02/24/2009","1.3955","1.3850","1.3920","1.3227","","0.36%"
"02/23/2009","1.3905","1.3750","1.3880","1.3818","","0.45%"
"02/20/2009","1.3843","1.3850","1.3850","1.3823","","-0.01%"
"02/19/2009","1.3845","1.3700","1.3825","1.3725","","0.74%"
"02/18/2009","1.3743","1.3765","1.3765","1.3720","","0.31%"
"02/17/2009","1.3700","1.3775","1.3775","1.3675","","-0.78%"
"02/16/2009","1.3808","1.3655","1.3750","1.3610","","0.75%"
"02/13/2009","1.3705","1.3650","1.3650","1.3655","","1.03%"
"02/12/2009","1.3565","1.3505","1.3510","1.3553","","0.11%"
"02/11/2009","1.3550","1.3555","1.3555","1.3550","","-0.13%"
"02/10/2009","1.3567","1.3480","1.3515","1.3535","","0.05%"
"02/09/2009","1.3560","1.3450","1.3585","1.3475","","0.33%"
"02/06/2009","1.3515","1.3445","1.3445","1.3513","","0.41%"
"02/05/2009","1.3460","1.3440","1.3440","1.3435","","0.34%"
"02/04/2009","1.3415","1.3450","1.3475","1.3350","","-0.74%"
"02/03/2009","1.3515","1.3355","1.3455","1.3407","","1.39%"
"02/02/2009","1.3330","1.3360","1.3360","1.3315","","-0.54%"
"01/30/2009","1.3403","1.3260","1.3355","1.3300","","1.35%"
"01/29/2009","1.3225","1.3245","1.3245","1.3225","","-0.44%"
"01/28/2009","1.3283","1.3110","1.3240","1.3190","","0.78%"
"01/27/2009","1.3180","1.3110","1.3110","1.3150","","0.04%"
"01/26/2009","1.3175","1.3070","1.3100","1.3120","","0.36%"
"01/23/2009","1.3128","1.3050","1.3055","1.3100","","0.21%"
"01/22/2009","1.3100","1.3000","1.3000","1.3060","","0.02%"
"01/21/2009","1.3098","1.2980","1.3000","1.3010","","0.18%"
"01/20/2009","1.3075","1.2930","1.3000","1.3007","","0.62%"
"01/19/2009","1.2995","1.2880","1.2950","1.2940","","0.35%"
"01/16/2009","1.2950","1.2900","1.2900","1.2908","","0.60%"
"01/15/2009","1.2873","1.2850","1.2870","1.2860","","-0.04%"
"01/14/2009","1.2878","1.2830","1.2830","1.2865","","-0.05%"
"01/13/2009","1.2885","1.2820","1.2850","1.2870","","0.08%"
"01/12/2009","1.2875","1.2830","1.2850","1.2825","","-0.09%"
"01/09/2009","1.2887","1.2780","1.2840","1.2820","","0.64%"
"01/08/2009","1.2805","1.2760","1.2770","1.2795","","-0.02%"
"01/07/2009","1.2808","1.2740","1.2760","1.2760","","0.18%"
"01/06/2009","1.2785","1.2685","1.2750","1.2742","","0.16%"
"01/05/2009","1.2765","1.2690","1.2690","1.2760","","0.18%"
"01/02/2009","1.2742","1.2650","1.2685","1.2687","","0.12%"
"01/01/2009","1.2727","1.2727","1.2727","1.2727","","0.00%"
"12/31/2008","1.2727","1.2600","1.2655","1.2653","","0.35%"
"12/30/2008","1.2683","1.2660","1.2660","1.2680","","0.04%"
"12/29/2008","1.2678","1.2590","1.2655","1.2630","","0.36%"
"12/26/2008","1.2633","1.2633","1.2633","1.2633","","0.00%"
"12/25/2008","1.2633","1.2633","1.2633","1.2633","","0.00%"
"12/24/2008","1.2633","1.2570","1.2585","1.2610","","0.14%"
"12/23/2008","1.2615","1.2555","1.2565","1.2600","","0.12%"
"12/22/2008","1.2600","1.2480","1.2555","1.2525","","2.90%"
"12/19/2008","1.2245","1.2485","1.2525","1.2245","","-2.16%"
"12/18/2008","1.2515","1.2470","1.2480","1.2505","","0.08%"
"12/17/2008","1.2505","1.2455","1.2470","1.2245","","2.12%"
"12/16/2008","1.2245","1.2380","1.2450","1.2245","","0.00%"
"12/15/2008","1.2245","1.2375","1.2400","1.2245","","-1.41%"
"12/12/2008","1.2420","1.2365","1.2370","1.2415","","0.10%"
"12/11/2008","1.2408","1.2230","1.2350","1.2265","","1.33%"
"12/10/2008","1.2245","1.2220","1.2230","1.2245","","0.00%"
"12/09/2008","1.2245","1.2215","1.2215","1.2245","","-0.11%"
"12/08/2008","1.2258","1.2258","1.2258","1.2258","","0.00%"
"12/05/2008","1.2258","1.2258","1.2258","1.2258","","0.00%"
"12/04/2008","1.2258","1.2215","1.2225","1.2243","","0.04%"
"12/03/2008","1.2253","1.2200","1.2210","1.2218","","0.04%"
"12/02/2008","1.2248","1.2120","1.2200","1.2144","","0.72%"
"12/01/2008","1.2160","1.2105","1.2120","1.2138","","0.15%"
"11/28/2008","1.2142","1.2095","1.2105","1.2110","","0.22%"
"11/27/2008","1.2115","1.2025","1.2090","1.2055","","0.39%"
"11/26/2008","1.2068","1.2000","1.2005","1.2005","","0.36%"
"11/25/2008","1.2025","1.1985","1.1995","1.1565","","0.18%"
"11/24/2008","1.2003","1.1950","1.1980","1.1945","","0.36%"
"11/21/2008","1.1960","1.1945","1.1945","1.1957","","0.25%"
"11/20/2008","1.1930","1.1925","1.1935","1.1565","","-0.13%"
"11/19/2008","1.1945","1.1900","1.1920","1.1920","","0.08%"
"11/18/2008","1.1935","1.1870","1.1905","1.1565","","0.21%"
"11/17/2008","1.1910","1.1875","1.1890","1.1883","","-0.04%"
"11/14/2008","1.1915","1.1845","1.1890","1.1873","","0.21%"
"11/13/2008","1.1890","1.1800","1.1850","1.1843","","0.48%"
"11/12/2008","1.1833","1.1780","1.1780","1.1833","","-0.24%"
"11/11/2008","1.1862","1.1785","1.1820","1.1828","","0.23%"
"11/10/2008","1.1835","1.1800","1.1810","1.1565","","0.04%"
"11/07/2008","1.1830","1.1760","1.1800","1.1785","","0.40%"
"11/06/2008","1.1783","1.1715","1.1755","1.1732","","0.32%"
"11/05/2008","1.1745","1.1695","1.1705","1.1717","","0.30%"
"11/04/2008","1.1710","1.1690","1.1690","1.1710","","-0.13%"
"11/03/2008","1.1725","1.1690","1.1700","1.1565","","0.09%"
"10/31/2008","1.1715","1.1685","1.1685","1.1715","","-0.04%"
"10/30/2008","1.1720","1.1685","1.1685","1.1715","","0.02%"
"10/29/2008","1.1718","1.1680","1.1690","1.1710","","-0.02%"
"10/28/2008","1.1720","1.1680","1.1690","1.1705","","0.09%"
"10/27/2008","1.1710","1.1685","1.1685","1.1690","","0.30%"
"10/24/2008","1.1675","1.1650","1.1650","1.1673","","-0.04%"
"10/23/2008","1.1680","1.1680","1.1690","1.1680","","-0.26%"
"10/22/2008","1.1710","1.1670","1.1685","1.1680","","0.32%"
"10/21/2008","1.1673","1.1660","1.1660","1.1565","","-0.19%"
"10/20/2008","1.1695","1.1650","1.1680","1.1673","","0.09%"
"10/17/2008","1.1684","1.1660","1.1672","1.1565","","0.03%"
"10/16/2008","1.1680","1.1640","1.1665","1.1660","","0.10%"
"10/15/2008","1.1668","1.1620","1.1645","1.1655","","0.07%"
"10/14/2008","1.1660","1.1615","1.1630","1.1652","","0.07%"
"10/13/2008","1.1652","1.1610","1.1620","1.1630","","0.06%"
"10/10/2008","1.1645","1.1605","1.1615","1.1640","","0.09%"
"10/09/2008","1.1635","1.1610","1.1610","1.1635","","0.17%"
"10/08/2008","1.1615","1.1595","1.1595","1.1615","","-0.21%"
"10/07/2008","1.1640","1.1600","1.1615","1.1628","","0.06%"
"10/06/2008","1.1633","1.1590","1.1600","1.1605","","0.28%"
"10/03/2008","1.1600","1.1580","1.1580","1.1600","","-0.20%"
"10/02/2008","1.1623","1.1550","1.1590","1.1585","","0.16%"
"10/01/2008","1.1605","1.1555","1.1585","1.1565","","0.09%"
"09/30/2008","1.1595","1.1595","1.1595","1.1595","","0.00%"
"09/29/2008","1.1595","1.1545","1.1580","1.1565","","0.09%"
"09/26/2008","1.1585","1.1530","1.1570","1.1570","","-0.04%"
"09/25/2008","1.1590","1.1540","1.1570","1.1563","","0.02%"
"09/24/2008","1.1588","1.1555","1.1565","1.1570","","0.03%"
"09/23/2008","1.1585","1.1535","1.1560","1.1555","","0.17%"
"09/22/2008","1.1565","1.1530","1.1550","1.1538","","0.00%"
"09/19/2008","1.1565","1.1540","1.1545","1.1550","","-0.04%"
"09/18/2008","1.1570","1.1530","1.1555","1.1548","","0.04%"
"09/17/2008","1.1565","1.1520","1.1560","1.1545","","0.09%"
"09/16/2008","1.1555","1.1530","1.1540","1.1550","","0.00%"
"09/15/2008","1.1555","1.1505","1.1525","1.1535","","0.04%"
"09/12/2008","1.1550","1.1515","1.1540","1.1538","","0.00%"
"09/11/2008","1.1550","1.1510","1.1545","1.1535","","0.04%"
"09/10/2008","1.1545","1.1535","1.1550","1.1538","","-0.04%"
"09/09/2008","1.1550","1.1500","1.1580","1.1538","","0.00%"
"09/08/2008","1.1550","1.1550","1.1560","1.1543","","-0.86%"
"09/05/2008","1.1650","1.1575","1.1600","1.1597","","0.43%"
"09/04/2008","1.1600","1.1565","1.1580","1.1593","","0.43%"
"09/03/2008","1.1550","1.1550","1.1580","1.1543","","0.00%"
"09/02/2008","1.1550","1.1550","1.1585","1.1540","","-0.35%"
"09/01/2008","1.1590","1.1570","1.1570","1.1575","","0.19%"
"08/29/2008","1.1568","1.1530","1.1560","1.1553","","0.03%"
"08/28/2008","1.1565","1.1540","1.1545","1.1557","","0.13%"
"08/27/2008","1.1550","1.1500","1.1600","1.1538","","-0.09%"
"08/26/2008","1.1560","1.1520","1.1545","1.1540","","0.09%"
"08/25/2008","1.1550","1.1490","1.1545","1.1525","","-0.09%"
"08/22/2008","1.1560","1.1500","1.1545","1.1534","","0.15%"
"08/21/2008","1.1543","1.1490","1.1518","1.1492","","-0.92%"
"08/20/2008","1.1650","1.1510","1.1600","1.1518","","0.88%"
"08/19/2008","1.1548","1.1500","1.1535","1.1510","","-0.88%"
"08/18/2008","1.1650","1.1535","1.1600","1.1548","","0.91%"
"08/15/2008","1.1545","1.1550","1.1550","1.1530","","-0.13%"
"08/14/2008","1.1560","1.1540","1.1545","1.1557","","0.04%"
"08/13/2008","1.1555","1.1575","1.1600","1.1555","","-0.82%"
"08/12/2008","1.1650","1.1585","1.1600","1.1548","","0.26%"
"08/11/2008","1.1620","1.1500","1.1600","1.1548","","0.49%"
"08/08/2008","1.1563","1.1500","1.1600","1.1548","","-0.28%"
"08/07/2008","1.1595","1.1600","1.1605","1.1593","","-0.47%"
"08/06/2008","1.1650","1.1500","1.1630","1.1550","","0.87%"
"08/05/2008","1.1550","1.1550","1.1550","1.1550","","0.00%"
"08/04/2008","1.1550","1.1535","1.1535","1.1532","","-0.33%"
"08/01/2008","1.1588","1.1400","1.1550","1.1400","","0.33%"
"07/31/2008","1.1550","1.1500","1.1550","1.1500","","0.00%"
"07/30/2008","1.1550","1.1400","1.1500","1.0400","","0.00%"
"07/29/2008","1.1550","1.1400","1.1500","1.1400","","0.00%"
"07/28/2008","1.1550","1.1450","1.1500","1.1115","","0.87%"
"07/25/2008","1.1450","1.1400","1.1460","1.1400","","-0.22%"
"07/24/2008","1.1475","1.1300","1.1450","1.1200","","1.55%"
"07/23/2008","1.1300","1.1350","1.1370","1.1250","","0.00%"
"07/22/2008","1.1300","1.1100","1.1325","1.1100","","0.44%"
"07/21/2008","1.1250","1.1200","1.1200","1.1200","","0.90%"
"07/18/2008","1.1150","1.1170","1.1200","1.1000","","0.00%"
"07/17/2008","1.1150","1.1030","1.1175","1.0100","","-0.45%"
"07/16/2008","1.1200","1.0100","1.1150","1.0100","","0.81%"
"07/15/2008","1.1110","1.1000","1.1100","1.0100","","-0.36%"
"07/14/2008","1.1150","1.0292","1.1120","1.0220","","0.45%"
"07/11/2008","1.1100","1.0945","1.1155","1.0190","","1.16%"
"07/10/2008","1.0973","1.0945","1.1140","1.0160","","6.53%"
"07/09/2008","1.0300","1.0945","1.0945","1.0200","","-7.11%"
"07/08/2008","1.1088","1.0300","1.1055","1.0300","","2.43%"
"07/07/2008","1.0825","1.0350","1.1000","1.0350","","3.11%"
"07/04/2008","1.0498","1.0200","1.0395","1.0200","","1.82%"
"07/03/2008","1.0310","1.0890","1.1000","1.0140","","-6.27%"
"07/02/2008","1.1000","1.0890","1.0915","1.0890","","0.50%"
"07/01/2008","1.0945","1.0901","1.0901","1.0890","","-0.95%"
"06/30/2008","1.1050","1.0900","1.1000","1.0830","","0.90%"
"06/27/2008","1.0951","1.0850","1.0901","1.0840","","0.01%"
"06/26/2008","1.0950","1.0840","1.0900","1.0840","","0.00%"
"06/25/2008","1.0950","1.0850","1.0900","1.0850","","0.37%"
"06/24/2008","1.0910","1.0835","1.0835","1.0835","","0.09%"
"06/23/2008","1.0900","1.0800","1.0900","1.0800","","-0.46%"
"06/20/2008","1.0950","1.0750","1.0900","1.0750","","0.69%"
"06/19/2008","1.0875","1.0800","1.0800","1.0800","","0.46%"
"06/18/2008","1.0825","1.0800","1.0800","1.0600","","-0.23%"
"06/17/2008","1.0850","1.0745","1.0800","1.0745","","0.00%"
"06/16/2008","1.0850","1.0730","1.0800","1.0580","","1.88%"
"06/13/2008","1.0650","1.0650","1.0650","1.0390","","1.43%"
"06/12/2008","1.0500","1.0400","1.0400","1.0400","","3.91%"
"06/11/2008","1.0105","1.0300","1.0600","1.0030","","-2.51%"
"06/10/2008","1.0365","0.9900","1.0580","0.9900","","2.88%"
"06/09/2008","1.0075","1.0324","1.0400","0.9900","","-2.66%"
"06/06/2008","1.0350","1.0300","1.0300","1.0300","","0.00%"
"06/05/2008","1.0350","1.0330","1.0400","1.0300","","-0.12%"
"06/04/2008","1.0362","1.0250","1.0450","1.0250","","3.88%"
"06/03/2008","0.9975","1.0202","1.0400","0.9750","","-1.84%"
"06/02/2008","1.0162","1.0275","1.0400","0.9750","","0.00%"
"05/30/2008","1.0162","1.0200","1.0430","0.9850","","0.00%"
"05/29/2008","1.0162","0.9850","1.0380","0.9850","","0.00%"
"05/28/2008","1.0162","0.9850","1.0375","0.9850","","0.12%"
"05/27/2008","1.0150","0.9850","1.0100","0.9850","","-0.10%"
"05/26/2008","1.0160","1.0040","1.0150","1.0040","","1.60%"
"05/23/2008","1.0000","0.9866","1.0100","0.9800","","-2.44%"
"05/22/2008","1.0250","0.9850","1.0270","0.9847","","1.23%"
"05/21/2008","1.0125","0.9863","1.0130","0.9800","","0.67%"
"05/20/2008","1.0058","0.9851","1.0250","0.9850","","-0.91%"
"05/19/2008","1.0150","0.9800","1.0180","0.9800","","0.00%"
"05/16/2008","1.0150","1.0180","1.0180","0.9725","","3.43%"
"05/15/2008","0.9813","0.9910","1.0100","0.9725","","0.00%"
"05/14/2008","0.9813","1.0100","1.0140","0.9700","","-3.32%"
"05/13/2008","1.0150","0.9800","1.0100","0.9800","","1.00%"
"05/12/2008","1.0050","1.0120","1.0120","0.9750","","2.66%"
"05/09/2008","0.9790","0.9750","1.0000","0.9750","","-2.59%"
"05/08/2008","1.0050","0.9750","1.0025","0.9750","","0.00%"
"05/07/2008","1.0050","0.9750","1.0025","0.9750","","-0.25%"
"05/06/2008","1.0075","0.9750","1.0050","0.9750","","0.00%"
"05/05/2008","1.0075","0.9810","1.0050","0.9750","","2.54%"
"05/02/2008","0.9825","0.9815","0.9815","0.9700","","-2.14%"
"05/01/2008","1.0040","1.0040","1.0040","1.0040","","0.00%"
"04/30/2008","1.0040","0.9750","1.0020","0.9750","","0.00%"
"04/29/2008","1.0040","1.0010","1.0025","0.9750","","0.05%"
"04/28/2008","1.0035","0.9786","1.0000","0.9786","","-0.15%"
"04/25/2008","1.0050","0.9798","1.0000","0.9798","","0.00%"
"04/24/2008","1.0050","0.9784","1.0000","0.9784","","0.77%"
"04/23/2008","0.9973","0.9758","0.9920","0.9758","","0.38%"
"04/22/2008","0.9935","0.9751","0.9990","0.9710","","-0.93%"
"04/21/2008","1.0028","0.9769","1.0000","0.9700","","-0.22%"
"04/18/2008","1.0050","0.9751","1.0000","0.9700","","1.01%"
"04/17/2008","0.9950","0.9745","1.0000","0.9745","","0.02%"
"04/16/2008","0.9948","0.9895","0.9950","0.9700","","-0.02%"
"04/15/2008","0.9950","0.9910","0.9940","0.9650","","0.00%"
"04/14/2008","0.9950","0.9736","0.9900","0.9736","","1.80%"
"04/11/2008","0.9774","0.9650","0.9734","0.9650","","-1.60%"
"04/10/2008","0.9933","0.9720","0.9930","0.9650","","-1.16%"
"04/09/2008","1.0050","0.9721","1.0000","0.9721","","0.00%"
"04/08/2008","1.0050","0.9880","1.0000","0.9735","","4.47%"
"04/07/2008","0.9620","0.9752","0.9920","0.9615","","-0.16%"
"04/04/2008","0.9635","0.9790","0.9885","0.9535","","-2.56%"
"04/03/2008","0.9888","0.9670","0.9840","0.9640","","-0.07%"
"04/02/2008","0.9895","0.9620","0.9850","0.9620","","-0.03%"
"04/01/2008","0.9898","0.9780","0.9850","0.9780","","0.20%"
"03/31/2008","0.9878","0.9620","0.9890","0.9620","","0.08%"
"03/28/2008","0.9870","0.9716","0.9835","0.9620","","0.00%"
"03/27/2008","0.9870","0.9718","0.9820","0.9600","","1.88%"
"03/26/2008","0.9688","0.9760","0.9760","0.9600","","0.00%"
"03/25/2008","0.9688","0.9690","0.9805","0.9600","","0.00%"
"03/24/2008","0.9688","0.9600","0.9600","0.9600","","0.00%"
"03/21/2008","0.9688","0.9600","0.9600","0.9600","","0.00%"
"03/20/2008","0.9688","0.9699","0.9810","0.9600","","0.00%"
"03/19/2008","0.9688","0.9726","0.9726","0.9600","","0.00%"
"03/18/2008","0.9688","0.9677","0.9720","0.9600","","0.00%"
"03/17/2008","0.9688","0.9688","0.9805","0.9600","","0.00%"
"03/14/2008","0.9688","0.9620","0.9724","0.9600","","0.00%"
"03/13/2008","0.9688","0.9620","0.9850","0.9600","","0.00%"
"03/12/2008","0.9688","0.9620","0.9695","0.9600","","0.00%"
"03/11/2008","0.9688","0.9620","0.9687","0.9600","","0.00%"
"03/10/2008","0.9688","0.9710","0.9775","0.9600","","-0.31%"
"03/07/2008","0.9718","0.9620","0.9666","0.9600","","-0.28%"
"03/06/2008","0.9745","0.9620","0.9620","0.9620","","0.59%"
"03/05/2008","0.9688","0.9620","0.9620","0.9620","","0.00%"
"03/04/2008","0.9688","0.9620","0.9785","0.9600","","0.00%"
"03/03/2008","0.9688","0.9620","0.9710","0.9600","","0.00%"
"02/29/2008","0.9688","0.9620","0.9710","0.9600","","0.00%"
"02/28/2008","0.9688","0.9760","0.9775","0.9600","","0.00%"
"02/27/2008","0.9688","0.9765","0.9770","0.9600","","0.00%"
"02/26/2008","0.9688","0.9750","0.9750","0.9600","","0.00%"
"02/25/2008","0.9688","0.9686","0.9765","0.9600","","0.00%"
"02/22/2008","0.9688","0.9620","0.9700","0.9600","","0.00%"
"02/21/2008","0.9688","0.9600","0.9775","0.9600","","0.00%"
"02/20/2008","0.9688","0.9662","0.9700","0.9600","","0.00%"
"02/19/2008","0.9688","0.9620","0.9770","0.9600","","-0.38%"
"02/18/2008","0.9725","0.9651","0.9700","0.9600","","0.38%"
"02/15/2008","0.9688","0.9535","0.9775","0.9535","","0.00%"
"02/14/2008","0.9688","0.9658","0.9700","0.9600","","0.00%"
"02/13/2008","0.9688","0.9675","0.9770","0.9600","","0.00%"
"02/12/2008","0.9688","0.9675","0.9675","0.9600","","0.00%"
"02/11/2008","0.9688","0.9620","0.9704","0.9600","","-0.20%"
"02/08/2008","0.9707","0.9675","0.9725","0.9620","","0.20%"
"02/07/2008","0.9688","0.9675","0.9755","0.9600","","0.00%"
"02/06/2008","0.9688","0.9675","0.9750","0.9600","","0.00%"
"02/05/2008","0.9688","0.9675","0.9765","0.9461","","0.00%"
"02/04/2008","0.9688","0.9720","0.9765","0.9461","","0.00%"
"02/01/2008","0.9688","0.9775","0.9775","0.9600","","0.00%"
"01/31/2008","0.9688","0.9684","0.9684","0.9600","","0.55%"
"01/30/2008","0.9635","0.9535","0.9675","0.9535","","0.00%"
"01/29/2008","0.9635","0.9535","0.9620","0.9461","","0.00%"
"01/28/2008","0.9635","0.9535","0.9765","0.9535","","0.00%"
"01/25/2008","0.9635","0.9535","0.9760","0.9461","","0.00%"
"01/24/2008","0.9635","0.9535","0.9755","0.9535","","0.00%"
"01/23/2008","0.9635","0.9535","0.9750","0.9535","","-0.36%"
"01/22/2008","0.9670","0.9780","0.9900","0.9461","","-0.82%"
"01/21/2008","0.9750","0.9780","0.9900","0.9461","","1.19%"
"01/18/2008","0.9635","0.9535","0.9900","0.9461","","0.00%"
"01/17/2008","0.9635","0.9900","0.9900","0.9461","","0.00%"
"01/16/2008","0.9635","0.9535","0.9900","0.9461","","0.00%"
"01/15/2008","0.9635","0.9535","0.9900","0.9461","","-1.06%"
"01/14/2008","0.9738","0.9720","0.9900","0.9461","","1.07%"
"01/11/2008","0.9635","0.9720","0.9900","0.9461","","0.00%"
"01/10/2008","0.9635","0.9700","0.9750","0.9525","","0.00%"
"01/09/2008","0.9635","0.9725","0.9900","0.9461","","0.00%"
"01/08/2008","0.9635","0.9730","0.9900","0.9450","","0.00%"
"01/07/2008","0.9635","0.9535","0.9900","0.9450","","0.00%"
"01/04/2008","0.9635","0.9545","0.9900","0.9450","","0.00%"
"01/03/2008","0.9635","0.9700","0.9900","0.9450","","-0.05%"
"01/02/2008","0.9640","0.9900","0.9900","0.9450","","0.42%"
"01/01/2008","0.9600","0.9725","0.9900","0.9450","","-0.47%"
"12/31/2007","0.9645","0.9720","0.9725","0.9720","","0.00%"
"12/28/2007","0.9645","0.9720","0.9900","0.9450","","-0.92%"
"12/27/2007","0.9735","0.9720","0.9900","0.9450","","0.93%"
"12/26/2007","0.9645","0.9720","0.9900","0.9450","","0.47%"
"12/25/2007","0.9600","0.9720","0.9900","0.9450","","-0.26%"
"12/24/2007","0.9625","0.9725","0.9900","0.9450","","0.10%"
"12/21/2007","0.9615","0.9900","0.9900","0.9450","","-0.29%"
"12/20/2007","0.9643","0.9900","0.9900","0.9450","","0.40%"
"12/19/2007","0.9605","0.9900","0.9900","0.9450","","-0.10%"
"12/18/2007","0.9615","0.9900","0.9900","0.9450","","0.23%"
"12/17/2007","0.9593","0.9900","0.9900","0.9450","","-0.07%"
"12/14/2007","0.9600","0.9900","0.9900","0.9450","","-0.26%"
"12/13/2007","0.9625","0.9600","0.9900","0.9450","","-0.80%"
"12/12/2007","0.9703","0.9900","0.9900","0.9450","","1.34%"
"12/11/2007","0.9575","0.9900","0.9900","0.9450","","-1.29%"
"12/10/2007","0.9700","0.9900","0.9900","0.9450","","1.73%"
"12/07/2007","0.9535","0.9470","0.9900","0.9450","","-2.70%"
"12/06/2007","0.9800","0.9900","0.9900","0.9450","","-0.54%"
"12/05/2007","0.9853","0.9900","0.9900","0.9450","","0.54%"
"12/04/2007","0.9800","0.9900","0.9900","0.9450","","0.36%"
"12/03/2007","0.9765","0.9900","0.9900","0.9450","","-0.91%"
"11/30/2007","0.9855","0.9700","0.9900","0.9450","","0.92%"
"11/29/2007","0.9765","0.9450","0.9805","0.9450","","-0.76%"
"11/28/2007","0.9840","0.9450","0.9800","0.9450","","0.15%"
"11/27/2007","0.9825","0.9450","0.9800","0.9450","","2.53%"
"11/26/2007","0.9583","0.9785","0.9785","0.9450","","-1.16%"
"11/23/2007","0.9695","0.9511","0.9595","0.9511","","-1.37%"
"11/22/2007","0.9830","0.9800","0.9800","0.9514","","0.15%"
"11/21/2007","0.9815","0.9635","0.9800","0.9420","","0.02%"
"11/20/2007","0.9813","0.9750","0.9780","0.9465","","2.38%"
"11/19/2007","0.9585","0.9700","0.9760","0.9450","","-0.16%"
"11/16/2007","0.9600","0.9605","0.9750","0.9488","","-0.26%"
"11/15/2007","0.9625","0.9760","0.9760","0.9450","","0.79%"
"11/14/2007","0.9550","0.9375","0.9750","0.9375","","0.00%"
"11/13/2007","0.9550","0.9640","0.9710","0.9423","","-1.93%"
"11/12/2007","0.9738","0.9600","0.9705","0.9445","","1.97%"
"11/09/2007","0.9550","0.9640","0.9680","0.9420","","-0.37%"
"11/08/2007","0.9585","0.9600","0.9680","0.9449","","-1.29%"
"11/07/2007","0.9710","0.9600","0.9675","0.9445","","2.48%"
"11/06/2007","0.9475","0.9590","0.9655","0.9407","","-1.30%"
"11/05/2007","0.9600","0.9600","0.9640","0.9400","","0.31%"
"11/02/2007","0.9570","0.9585","0.9597","0.9434","","0.74%"
"11/01/2007","0.9500","0.9590","0.9595","0.9400","","-1.30%"
"10/31/2007","0.9625","0.9550","0.9600","0.9410","","0.16%"
"10/30/2007","0.9610","0.9550","0.9605","0.9350","","1.68%"
"10/29/2007","0.9451","0.9610","0.9610","0.9432","","-1.91%"
"10/26/2007","0.9635","0.9590","0.9610","0.9406","","0.02%"
"10/25/2007","0.9633","0.9410","0.9610","0.9410","","0.05%"
"10/24/2007","0.9628","0.9400","0.9600","0.9400","","2.08%"
"10/23/2007","0.9432","0.9425","0.9590","0.9400","","-0.05%"
"10/22/2007","0.9437","0.9430","0.9430","0.9409","","0.08%"
"10/19/2007","0.9429","0.9425","0.9590","0.9388","","0.01%"
"10/18/2007","0.9428","0.9430","0.9430","0.9393","","-1.94%"
"10/17/2007","0.9615","0.9425","0.9580","0.9400","","2.05%"
"10/16/2007","0.9422","0.9425","0.9425","0.9383","","-0.30%"
"10/15/2007","0.9450","0.9420","0.9420","0.9420","","-0.30%"
"10/12/2007","0.9478","0.9435","0.9470","0.9382","","-0.26%"
"10/11/2007","0.9503","0.9440","0.9490","0.9373","","-0.07%"
"10/10/2007","0.9510","0.9425","0.9490","0.9373","","0.13%"
"10/09/2007","0.9498","0.9420","0.9480","0.9389","","-0.05%"
"10/08/2007","0.9503","0.9435","0.9475","0.9371","","1.00%"
"10/05/2007","0.9409","0.9430","0.9430","0.9378","","-0.36%"
"10/04/2007","0.9443","0.9425","0.9425","0.9385","","0.24%"
"10/03/2007","0.9420","0.9430","0.9430","0.9370","","-0.79%"
"10/02/2007","0.9495","0.9420","0.9475","0.9350","","0.11%"
"10/01/2007","0.9485","0.9400","0.9460","0.9394","","0.00%"
"09/28/2007","0.9485","0.9340","0.9465","0.9340","","1.07%"
"09/27/2007","0.9385","0.9360","0.9465","0.9320","","0.06%"
"09/26/2007","0.9379","0.9380","0.9476","0.9275","","-0.19%"
"09/25/2007","0.9397","0.9400","0.9469","0.9367","","-0.03%"
"09/24/2007","0.9400","0.9369","0.9396","0.9320","","-0.72%"
"09/21/2007","0.9468","0.9425","0.9464","0.9349","","0.03%"
"09/20/2007","0.9465","0.9415","0.9461","0.9415","","0.11%"
"09/19/2007","0.9455","0.9410","0.9451","0.9350","","0.98%"
"09/18/2007","0.9363","0.9405","0.9456","0.9270","","-1.08%"
"09/17/2007","0.9465","0.9400","0.9461","0.9320","","0.05%"
"09/14/2007","0.9460","0.9370","0.9456","0.9320","","0.11%"
"09/13/2007","0.9450","0.9380","0.9446","0.9325","","0.11%"
"09/12/2007","0.9440","0.9360","0.9436","0.9300","","1.02%"
"09/11/2007","0.9345","0.9320","0.9421","0.9270","","-0.27%"
"09/10/2007","0.9370","0.9215","0.9429","0.9215","","0.43%"
"09/07/2007","0.9330","0.9320","0.9429","0.9260","","-0.88%"
"09/06/2007","0.9413","0.9310","0.9409","0.9310","","-0.05%"
"09/05/2007","0.9418","0.9315","0.9414","0.9315","","0.73%"
"09/04/2007","0.9350","0.9320","0.9416","0.9290","","0.05%"
"09/03/2007","0.9345","0.9330","0.9380","0.9240","","-0.64%"
"08/31/2007","0.9405","0.9325","0.9380","0.9305","","0.07%"
"08/30/2007","0.9398","0.9320","0.9395","0.9300","","0.00%"
"08/29/2007","0.9398","0.9335","0.9375","0.9280","","0.98%"
"08/28/2007","0.9307","0.9340","0.9375","0.9277","","-0.97%"
"08/27/2007","0.9398","0.9320","0.9375","0.9220","","0.16%"
"08/24/2007","0.9383","0.9315","0.9375","0.9315","","-0.13%"
"08/23/2007","0.9395","0.9310","0.9390","0.9291","","0.11%"
"08/22/2007","0.9385","0.9325","0.9365","0.9299","","-0.09%"
"08/21/2007","0.9393","0.9301","0.9370","0.9301","","0.05%"
"08/20/2007","0.9388","0.9300","0.9365","0.9281","","0.83%"
"08/17/2007","0.9311","0.9325","0.9325","0.9285","","-0.10%"
"08/16/2007","0.9320","0.9330","0.9370","0.9294","","-0.48%"
"08/15/2007","0.9365","0.9305","0.9325","0.9268","","0.25%"
"08/14/2007","0.9342","0.9300","0.9300","0.9255","","-0.30%"
"08/13/2007","0.9370","0.9356","0.9356","0.9280","","-0.11%"
"08/10/2007","0.9380","0.9300","0.9355","0.9275","","0.43%"
"08/09/2007","0.9340","0.9299","0.9360","0.9299","","-0.11%"
"08/08/2007","0.9350","0.9280","0.9350","0.9262","","0.84%"
"08/07/2007","0.9272","0.9285","0.9285","0.9250","","-0.87%"
"08/06/2007","0.9353","0.9280","0.9315","0.9270","","0.16%"
"08/03/2007","0.9338","0.9270","0.9300","0.9270","","0.41%"
"08/02/2007","0.9300","0.9265","0.9350","0.9250","","-0.21%"
"08/01/2007","0.9320","0.9260","0.9285","0.9260","","0.13%"
"07/31/2007","0.9308","0.9250","0.9295","0.9200","","-0.21%"
"07/30/2007","0.9328","0.9245","0.9300","0.9245","","0.16%"
"07/27/2007","0.9313","0.9250","0.9300","0.9250","","0.14%"
"07/26/2007","0.9300","0.9220","0.9340","0.9220","","-0.05%"
"07/25/2007","0.9305","0.9235","0.9315","0.9220","","-0.19%"
"07/24/2007","0.9323","0.9255","0.9295","0.9220","","0.09%"
"07/23/2007","0.9315","0.9250","0.9290","0.9250","","0.41%"
"07/20/2007","0.9277","0.9255","0.9290","0.9255","","-0.23%"
"07/19/2007","0.9298","0.9275","0.9285","0.9200","","-0.02%"
"07/18/2007","0.9300","0.9255","0.9275","0.9255","","0.26%"
"07/17/2007","0.9276","0.9250","0.9261","0.9250","","-0.31%"
"07/16/2007","0.9305","0.9245","0.9300","0.9245","","0.08%"
"07/13/2007","0.9298","0.9240","0.9275","0.9240","","0.52%"
"07/12/2007","0.9250","0.9230","0.9272","0.9200","","-0.27%"
"07/11/2007","0.9275","0.9250","0.9250","0.9250","","-0.27%"
"07/10/2007","0.9300","0.9235","0.9270","0.9190","","0.02%"
"07/09/2007","0.9298","0.9230","0.9290","0.9230","","-0.40%"
"07/06/2007","0.9335","0.9240","0.9285","0.9240","","0.33%"
"07/05/2007","0.9304","0.9250","0.9254","0.9190","","0.36%"
"07/04/2007","0.9271","0.9240","0.9242","0.9238","","-0.29%"
"07/03/2007","0.9298","0.9298","0.9298","0.9298","","0.00%"
"07/02/2007","0.9298","0.9298","0.9298","0.9298","","0.33%"
"06/29/2007","0.9267","0.9267","0.9267","0.9267","","-0.31%"
"06/28/2007","0.9296","0.9296","0.9296","0.9296","","0.17%"
"06/27/2007","0.9280","0.9280","0.9280","0.9280","","0.06%"
"06/26/2007","0.9274","0.9274","0.9274","0.9274","","0.10%"
"06/25/2007","0.9265","0.9265","0.9265","0.9265","","-0.35%"
"06/22/2007","0.9298","0.9298","0.9298","0.9298","","0.01%"
"06/21/2007","0.9297","0.9297","0.9297","0.9297","","0.24%"
"06/20/2007","0.9275","0.9275","0.9275","0.9275","","0.16%"
"06/19/2007","0.9260","0.9260","0.9260","0.9260","","-0.25%"
"06/18/2007","0.9283","0.9283","0.9283","0.9283","","0.15%"
"06/15/2007","0.9269","0.9269","0.9269","0.9269","","-0.17%"
"06/14/2007","0.9285","0.9285","0.9285","0.9285","","-0.03%"
"06/13/2007","0.9288","0.9288","0.9288","0.9288","","0.50%"
"06/12/2007","0.9242","0.9242","0.9242","0.9242","","-0.30%"
"06/11/2007","0.9270","0.9270","0.9270","0.9270","","0.02%"
"06/08/2007","0.9268","0.9268","0.9268","0.9268","","-0.27%"
"06/07/2007","0.9293","0.9293","0.9293","0.9293","","0.03%"
"06/06/2007","0.9290","0.9290","0.9290","0.9290","","-0.05%"
"06/05/2007","0.9295","0.9295","0.9295","0.9295","","0.02%"
"06/04/2007","0.9293","0.9293","0.9293","0.9293","","0.31%"
"06/01/2007","0.9264","0.9264","0.9264","0.9264","","-0.13%"
"05/31/2007","0.9276","0.9276","0.9276","0.9276","","0.14%"
"05/30/2007","0.9263","0.9263","0.9263","0.9263","","0.05%"
"05/29/2007","0.9258","0.9258","0.9258","0.9258","","-0.24%"
"05/28/2007","0.9280","0.9280","0.9280","0.9280","","0.40%"
"05/25/2007","0.9243","0.9243","0.9243","0.9243","","-0.29%"
"05/24/2007","0.9270","0.9270","0.9270","0.9270","","0.05%"
"05/23/2007","0.9265","0.9265","0.9265","0.9265","","0.05%"
"05/22/2007","0.9260","0.9260","0.9260","0.9260","","-0.11%"
"05/21/2007","0.9270","0.9270","0.9270","0.9270","","-0.22%"
"05/18/2007","0.9290","0.9290","0.9290","0.9290","","0.22%"
"05/17/2007","0.9270","0.9270","0.9270","0.9270","","-0.09%"
"05/16/2007","0.9278","0.9278","0.9278","0.9278","","0.05%"
"05/15/2007","0.9273","0.9273","0.9273","0.9273","","0.05%"
"05/14/2007","0.9268","0.9268","0.9268","0.9268","","0.19%"
"05/11/2007","0.9250","0.9250","0.9250","0.9250","","-0.22%"
"05/10/2007","0.9270","0.9270","0.9270","0.9270","","-0.01%"
"05/09/2007","0.9271","0.9271","0.9271","0.9271","","0.06%"
"05/08/2007","0.9265","0.9265","0.9265","0.9265","","-0.17%"
"05/07/2007","0.9281","0.9281","0.9281","0.9281","","0.01%"
"05/04/2007","0.9280","0.9280","0.9280","0.9280","","0.00%"
"05/03/2007","0.9280","0.9280","0.9280","0.9280","","0.00%"
"05/02/2007","0.9280","0.9280","0.9280","0.9280","","0.00%"
"05/01/2007","0.9280","0.9280","0.9280","0.9280","","0.11%"
"04/30/2007","0.9270","0.9270","0.9270","0.9270","","0.00%"
"04/27/2007","0.9270","0.9270","0.9270","0.9270","","0.05%"
"04/26/2007","0.9265","0.9265","0.9265","0.9265","","-0.09%"
"04/25/2007","0.9273","0.9273","0.9273","0.9273","","-0.05%"
"04/24/2007","0.9278","0.9278","0.9278","0.9278","","0.05%"
"04/23/2007","0.9273","0.9273","0.9273","0.9273","","-0.18%"
"04/20/2007","0.9290","0.9290","0.9290","0.9290","","0.42%"
"04/19/2007","0.9251","0.9251","0.9251","0.9251","","-0.15%"
"04/18/2007","0.9265","0.9265","0.9265","0.9265","","-0.11%"
"04/17/2007","0.9275","0.9275","0.9275","0.9275","","0.16%"
"04/16/2007","0.9260","0.9260","0.9260","0.9260","","-0.09%"
"04/13/2007","0.9268","0.9268","0.9268","0.9268","","0.17%"
"04/12/2007","0.9252","0.9252","0.9252","0.9252","","-0.30%"
"04/11/2007","0.9280","0.9280","0.9280","0.9280","","-0.03%"
"04/10/2007","0.9283","0.9283","0.9283","0.9283","","-0.02%"
"04/09/2007","0.9285","0.9285","0.9285","0.9285","","0.00%"
"04/06/2007","0.9285","0.9285","0.9285","0.9285","","0.00%"
"04/05/2007","0.9285","0.9285","0.9285","0.9285","","0.02%"
"04/04/2007","0.9283","0.9283","0.9283","0.9283","","-0.02%"
"04/03/2007","0.9285","0.9285","0.9285","0.9285","","0.43%"
"04/02/2007","0.9245","0.9245","0.9245","0.9245","","-0.19%"
"03/30/2007","0.9263","0.9263","0.9263","0.9263","","-0.29%"
"03/29/2007","0.9290","0.9290","0.9290","0.9290","","0.50%"
"03/28/2007","0.9244","0.9244","0.9244","0.9244","","-0.06%"
"03/27/2007","0.9250","0.9250","0.9250","0.9250","","0.12%"
"03/26/2007","0.9239","0.9239","0.9239","0.9239","","-0.50%"
"03/23/2007","0.9285","0.9285","0.9285","0.9285","","0.11%"
"03/22/2007","0.9275","0.9275","0.9275","0.9275","","0.08%"
"03/21/2007","0.9268","0.9268","0.9268","0.9268","","-0.18%"
"03/20/2007","0.9285","0.9285","0.9285","0.9285","","-0.03%"
"03/19/2007","0.9288","0.9288","0.9288","0.9288","","-0.05%"
"03/16/2007","0.9293","0.9293","0.9293","0.9293","","-0.02%"
"03/15/2007","0.9295","0.9295","0.9295","0.9295","","0.57%"
"03/14/2007","0.9242","0.9242","0.9242","0.9242","","0.06%"
"03/13/2007","0.9236","0.9236","0.9236","0.9236","","-0.03%"
"03/12/2007","0.9239","0.9239","0.9239","0.9239","","-0.23%"
"03/09/2007","0.9260","0.9260","0.9260","0.9260","","-0.36%"
"03/08/2007","0.9293","0.9293","0.9293","0.9293","","0.68%"
"03/07/2007","0.9230","0.9230","0.9230","0.9230","","-0.11%"
"03/06/2007","0.9240","0.9240","0.9240","0.9240","","-0.57%"
"03/05/2007","0.9293","0.9293","0.9293","0.9293","","-0.11%"
"03/02/2007","0.9303","0.9303","0.9303","0.9303","","0.00%"
"03/01/2007","0.9303","0.9303","0.9303","0.9303","","0.09%"
"02/28/2007","0.9295","0.9295","0.9295","0.9295","","0.38%"
"02/27/2007","0.9260","0.9260","0.9260","0.9260","","-0.22%"
"02/26/2007","0.9280","0.9280","0.9280","0.9280","","0.05%"
"02/23/2007","0.9275","0.9275","0.9275","0.9275","","0.24%"
"02/22/2007","0.9253","0.9253","0.9253","0.9253","","-0.13%"
"02/21/2007","0.9265","0.9265","0.9265","0.9265","","0.32%"
"02/20/2007","0.9235","0.9235","0.9235","0.9235","","-0.47%"
"02/19/2007","0.9279","0.9279","0.9279","0.9279","","0.10%"
"02/16/2007","0.9270","0.9270","0.9270","0.9270","","-0.03%"
"02/15/2007","0.9273","0.9273","0.9273","0.9273","","0.35%"
"02/14/2007","0.9241","0.9241","0.9241","0.9241","","-0.31%"
"02/13/2007","0.9270","0.9270","0.9270","0.9270","","-0.05%"
"02/12/2007","0.9275","0.9275","0.9275","0.9275","","0.05%"
"02/09/2007","0.9270","0.9270","0.9270","0.9270","","-0.02%"
"02/08/2007","0.9272","0.9272","0.9272","0.9272","","0.13%"
"02/07/2007","0.9260","0.9260","0.9260","0.9260","","0.02%"
"02/06/2007","0.9258","0.9258","0.9258","0.9258","","0.01%"
"02/05/2007","0.9257","0.9257","0.9257","0.9257","","0.40%"
"02/02/2007","0.9220","0.9220","0.9220","0.9220","","-0.41%"
"02/01/2007","0.9258","0.9258","0.9258","0.9258","","0.52%"
"01/31/2007","0.9210","0.9210","0.9210","0.9210","","-0.44%"
"01/30/2007","0.9251","0.9251","0.9251","0.9251","","0.14%"
"01/29/2007","0.9238","0.9238","0.9238","0.9238","","0.08%"
"01/26/2007","0.9231","0.9231","0.9231","0.9231","","0.05%"
"01/25/2007","0.9226","0.9226","0.9226","0.9226","","-0.37%"
"01/24/2007","0.9260","0.9260","0.9260","0.9260","","0.02%"
"01/23/2007","0.9258","0.9258","0.9258","0.9258","","0.03%"
"01/22/2007","0.9255","0.9255","0.9255","0.9255","","0.00%"
"01/19/2007","0.9255","0.9255","0.9255","0.9255","","0.05%"
"01/18/2007","0.9250","0.9250","0.9250","0.9250","","0.05%"
"01/17/2007","0.9245","0.9245","0.9245","0.9245","","0.02%"
"01/16/2007","0.9243","0.9243","0.9243","0.9243","","0.03%"
"01/15/2007","0.9240","0.9240","0.9240","0.9240","","-0.03%"
"01/12/2007","0.9243","0.9243","0.9243","0.9243","","0.01%"
"01/11/2007","0.9242","0.9242","0.9242","0.9242","","0.05%"
"01/10/2007","0.9237","0.9237","0.9237","0.9237","","0.02%"
"01/09/2007","0.9235","0.9235","0.9235","0.9235","","-0.09%"
"01/08/2007","0.9243","0.9243","0.9243","0.9243","","0.13%"
"01/05/2007","0.9231","0.9231","0.9231","0.9231","","0.34%"
"01/04/2007","0.9200","0.9200","0.9200","0.9200","","-0.26%"
"01/03/2007","0.9224","0.9224","0.9224","0.9224","","0.17%"
"01/02/2007","0.9208","0.9208","0.9208","0.9208","","-0.16%"
"01/01/2007","0.9223","0.9223","0.9223","0.9223","","0.00%"
"12/29/2006","0.9223","0.9223","0.9223","0.9223","","0.00%"
"12/28/2006","0.9223","0.9223","0.9223","0.9223","","0.00%"
"12/27/2006","0.9223","0.9223","0.9223","0.9223","","0.09%"
"12/26/2006","0.9215","0.9215","0.9215","0.9215","","0.00%"
"12/25/2006","0.9215","0.9215","0.9215","0.9215","","0.00%"
"12/22/2006","0.9215","0.9215","0.9215","0.9215","","-0.05%"
"12/21/2006","0.9220","0.9220","0.9220","0.9220","","0.02%"
"12/20/2006","0.9218","0.9218","0.9218","0.9218","","-0.10%"
"12/19/2006","0.9227","0.9227","0.9227","0.9227","","0.29%"
"12/18/2006","0.9200","0.9200","0.9200","0.9200","","-0.22%"
"12/15/2006","0.9220","0.9220","0.9220","0.9220","","-0.05%"
"12/14/2006","0.9225","0.9225","0.9225","0.9225","","0.01%"
"12/13/2006","0.9224","0.9224","0.9224","0.9224","","0.10%"
"12/12/2006","0.9215","0.9215","0.9215","0.9215","","-0.05%"
"12/11/2006","0.9220","0.9220","0.9220","0.9220","","0.21%"
"12/08/2006","0.9201","0.9201","0.9201","0.9201","","-0.20%"
"12/07/2006","0.9219","0.9219","0.9219","0.9219","","-0.02%"
"12/06/2006","0.9221","0.9221","0.9221","0.9221","","-0.02%"
"12/05/2006","0.9223","0.9223","0.9223","0.9223","","0.03%"
"12/04/2006","0.9220","0.9220","0.9220","0.9220","","0.08%"
"12/01/2006","0.9213","0.9213","0.9213","0.9213","","-0.01%"
"11/30/2006","0.9214","0.9214","0.9214","0.9214","","0.04%"
"11/29/2006","0.9210","0.9210","0.9210","0.9210","","0.00%"
"11/28/2006","0.9210","0.9210","0.9210","0.9210","","-0.22%"
"11/27/2006","0.9230","0.9230","0.9230","0.9230","","0.21%"
"11/24/2006","0.9211","0.9211","0.9211","0.9211","","-0.04%"
"11/23/2006","0.9215","0.9215","0.9215","0.9215","","0.01%"
"11/22/2006","0.9214","0.9214","0.9214","0.9214","","-0.12%"
"11/21/2006","0.9225","0.9225","0.9225","0.9225","","0.05%"
"11/20/2006","0.9220","0.9220","0.9220","0.9220","","-0.35%"
"11/17/2006","0.9252","0.9252","0.9252","0.9252","","0.36%"
"11/16/2006","0.9219","0.9219","0.9219","0.9219","","0.11%"
"11/15/2006","0.9209","0.9209","0.9209","0.9209","","-0.23%"
"11/14/2006","0.9230","0.9230","0.9230","0.9230","","0.27%"
"11/13/2006","0.9205","0.9205","0.9205","0.9205","","-0.13%"
"11/10/2006","0.9217","0.9217","0.9217","0.9217","","0.61%"
"11/09/2006","0.9161","0.9161","0.9161","0.9161","","-0.59%"
"11/08/2006","0.9215","0.9215","0.9215","0.9215","","0.00%"
"11/07/2006","0.9215","0.9215","0.9215","0.9215","","-0.30%"
"11/06/2006","0.9243","0.9243","0.9243","0.9243","","-0.02%"
"11/03/2006","0.9245","0.9245","0.9245","0.9245","","0.29%"
"11/02/2006","0.9218","0.9218","0.9218","0.9218","","-0.24%"
"11/01/2006","0.9240","0.9240","0.9240","0.9240","","-0.03%"
"10/31/2006","0.9243","0.9243","0.9243","0.9243","","0.31%"
"10/30/2006","0.9214","0.9214","0.9214","0.9214","","0.04%"
"10/27/2006","0.9210","0.9210","0.9210","0.9210","","-0.09%"
"10/26/2006","0.9218","0.9218","0.9218","0.9218","","0.14%"
"10/25/2006","0.9205","0.9205","0.9205","0.9205","","-0.07%"
"10/24/2006","0.9211","0.9211","0.9211","0.9211","","-0.21%"
"10/23/2006","0.9230","0.9230","0.9230","0.9230","","0.05%"
"10/20/2006","0.9225","0.9225","0.9225","0.9225","","0.11%"
"10/19/2006","0.9215","0.9215","0.9215","0.9215","","-0.34%"
"10/18/2006","0.9246","0.9246","0.9246","0.9246","","-0.06%"
"10/17/2006","0.9252","0.9252","0.9252","0.9252","","0.08%"
"10/16/2006","0.9245","0.9245","0.9245","0.9245","","0.49%"
"10/13/2006","0.9200","0.9200","0.9200","0.9200","","-0.05%"
"10/12/2006","0.9205","0.9205","0.9205","0.9205","","-0.09%"
"10/11/2006","0.9213","0.9213","0.9213","0.9213","","0.05%"
"10/10/2006","0.9208","0.9208","0.9208","0.9208","","-0.08%"
"10/09/2006","0.9215","0.9215","0.9215","0.9215","","-0.02%"
"10/06/2006","0.9217","0.9217","0.9217","0.9217","","0.04%"
"10/05/2006","0.9213","0.9213","0.9213","0.9213","","0.18%"
"10/04/2006","0.9196","0.9196","0.9196","0.9196","","-0.18%"
"10/03/2006","0.9213","0.9213","0.9213","0.9213","","0.24%"
"10/02/2006","0.9191","0.9191","0.9191","0.9191","","-0.42%"
"09/29/2006","0.9230","0.9230","0.9230","0.9230","","0.40%"
"09/28/2006","0.9193","0.9193","0.9193","0.9193","","0.04%"
"09/27/2006","0.9189","0.9189","0.9189","0.9189","","0.01%"
"09/26/2006","0.9188","0.9188","0.9188","0.9188","","-0.14%"
"09/25/2006","0.9201","0.9201","0.9201","0.9201","","0.09%"
"09/22/2006","0.9193","0.9193","0.9193","0.9193","","-0.16%"
"09/21/2006","0.9208","0.9208","0.9208","0.9208","","0.14%"
"09/20/2006","0.9195","0.9195","0.9195","0.9195","","-0.16%"
"09/19/2006","0.9210","0.9210","0.9210","0.9210","","0.22%"
"09/18/2006","0.9190","0.9190","0.9190","0.9190","","-0.38%"
"09/15/2006","0.9225","0.9225","0.9225","0.9225","","0.28%"
"09/14/2006","0.9199","0.9199","0.9199","0.9199","","-0.10%"
"09/13/2006","0.9208","0.9208","0.9208","0.9208","","-0.18%"
"09/12/2006","0.9225","0.9225","0.9225","0.9225","","-0.05%"
"09/11/2006","0.9230","0.9230","0.9230","0.9230","","0.02%"
"09/08/2006","0.9228","0.9228","0.9228","0.9228","","0.42%"
"09/07/2006","0.9189","0.9189","0.9189","0.9189","","-0.55%"
"09/06/2006","0.9240","0.9240","0.9240","0.9240","","0.43%"
"09/05/2006","0.9200","0.9200","0.9200","0.9200","","0.00%"
"09/04/2006","0.9200","0.9200","0.9200","0.9200","","-0.27%"
"09/01/2006","0.9225","0.9225","0.9225","0.9225","","0.27%"
"08/31/2006","0.9200","0.9200","0.9200","0.9200","","-0.05%"
"08/30/2006","0.9205","0.9205","0.9205","0.9205","","-0.31%"
"08/29/2006","0.9234","0.9234","0.9234","0.9234","","0.53%"
"08/28/2006","0.9185","0.9185","0.9185","0.9185","","-0.71%"
"08/25/2006","0.9251","0.9251","0.9251","0.9251","","0.28%"
"08/24/2006","0.9225","0.9225","0.9225","0.9225","","0.44%"
"08/23/2006","0.9185","0.9185","0.9185","0.9185","","-0.43%"
"08/22/2006","0.9225","0.9225","0.9225","0.9225","","-0.16%"
"08/21/2006","0.9240","0.9240","0.9240","0.9240","","0.82%"
"08/18/2006","0.9165","0.9165","0.9165","0.9165","","-0.43%"
"08/17/2006","0.9205","0.9205","0.9205","0.9205","","-0.20%"
"08/16/2006","0.9223","0.9223","0.9223","0.9223","","-0.18%"
"08/15/2006","0.9240","0.9240","0.9240","0.9240","","0.43%"
"08/14/2006","0.9200","0.9200","0.9200","0.9200","","-0.38%"
"08/11/2006","0.9235","0.9235","0.9235","0.9235","","0.01%"
"08/10/2006","0.9234","0.9234","0.9234","0.9234","","-0.01%"
"08/09/2006","0.9235","0.9235","0.9235","0.9235","","0.05%"
"08/08/2006","0.9230","0.9230","0.9230","0.9230","","-0.27%"
"08/07/2006","0.9255","0.9255","0.9255","0.9255","","0.67%"
"08/04/2006","0.9193","0.9193","0.9193","0.9193","","-0.18%"
"08/03/2006","0.9210","0.9210","0.9210","0.9210","","0.37%"
"08/02/2006","0.9176","0.9176","0.9176","0.9176","","-0.59%"
"08/01/2006","0.9230","0.9230","0.9230","0.9230","","0.05%"
"07/31/2006","0.9225","0.9225","0.9225","0.9225","","-0.03%"
"07/28/2006","0.9228","0.9228","0.9228","0.9228","","0.62%"
"07/27/2006","0.9171","0.9171","0.9171","0.9171","","-0.59%"
"07/26/2006","0.9225","0.9225","0.9225","0.9225","","0.72%"
"07/25/2006","0.9159","0.9159","0.9159","0.9159","","-0.55%"
"07/24/2006","0.9210","0.9210","0.9210","0.9210","","0.27%"
"07/21/2006","0.9185","0.9185","0.9185","0.9185","","-0.16%"
"07/20/2006","0.9200","0.9200","0.9200","0.9200","","-0.27%"
"07/19/2006","0.9225","0.9225","0.9225","0.9225","","0.05%"
"07/18/2006","0.9220","0.9220","0.9220","0.9220","","0.00%"
"07/17/2006","0.9220","0.9220","0.9220","0.9220","","0.00%"
"07/14/2006","0.9220","0.9220","0.9220","0.9220","","0.00%"
"07/13/2006","0.9220","0.9220","0.9220","0.9220","","-0.22%"
"07/12/2006","0.9240","0.9240","0.9240","0.9240","","0.73%"
"07/11/2006","0.9173","0.9173","0.9173","0.9173","","0.03%"
"07/10/2006","0.9170","0.9170","0.9170","0.9170","","-0.57%"
"07/07/2006","0.9223","0.9223","0.9223","0.9223","","0.55%"
"07/06/2006","0.9173","0.9173","0.9173","0.9173","","-0.49%"
"07/05/2006","0.9218","0.9218","0.9218","0.9218","","0.44%"
"07/04/2006","0.9178","0.9178","0.9178","0.9178","","0.25%"
"07/03/2006","0.9155","0.9155","0.9155","0.9155","","-0.05%"
"06/30/2006","0.9160","0.9160","0.9160","0.9160","","-0.23%"
"06/29/2006","0.9181","0.9181","0.9181","0.9181","","-0.37%"
"06/28/2006","0.9215","0.9215","0.9215","0.9215","","0.03%"
"06/27/2006","0.9212","0.9212","0.9212","0.9212","","-0.03%"
"06/26/2006","0.9215","0.9215","0.9215","0.9215","","0.61%"
"06/23/2006","0.9159","0.9159","0.9159","0.9159","","-0.58%"
"06/22/2006","0.9212","0.9212","0.9212","0.9212","","0.02%"
"06/21/2006","0.9210","0.9210","0.9210","0.9210","","0.11%"
"06/20/2006","0.9200","0.9200","0.9200","0.9200","","0.57%"
"06/19/2006","0.9148","0.9148","0.9148","0.9148","","0.05%"
"06/16/2006","0.9143","0.9143","0.9143","0.9143","","-0.21%"
"06/15/2006","0.9162","0.9162","0.9162","0.9162","","-0.23%"
"06/14/2006","0.9183","0.9183","0.9183","0.9183","","0.25%"
"06/13/2006","0.9160","0.9160","0.9160","0.9160","","-0.38%"
"06/12/2006","0.9195","0.9195","0.9195","0.9195","","0.59%"
"06/09/2006","0.9141","0.9141","0.9141","0.9141","","-0.64%"
"06/08/2006","0.9200","0.9200","0.9200","0.9200","","0.74%"
"06/07/2006","0.9132","0.9132","0.9132","0.9132","","-0.04%"
"06/06/2006","0.9136","0.9136","0.9136","0.9136","","-0.05%"
"06/05/2006","0.9141","0.9141","0.9141","0.9141","","0.25%"
"06/02/2006","0.9118","0.9118","0.9118","0.9118","","-0.14%"
"06/01/2006","0.9131","0.9131","0.9131","0.9131","","-0.24%"
"05/31/2006","0.9153","0.9153","0.9153","0.9153","","0.26%"
"05/30/2006","0.9129","0.9129","0.9129","0.9129","","-0.45%"
"05/29/2006","0.9170","0.9170","0.9170","0.9170","","0.41%"
"05/26/2006","0.9133","0.9133","0.9133","0.9133","","-0.11%"
"05/25/2006","0.9143","0.9143","0.9143","0.9143","","-0.02%"
"05/24/2006","0.9145","0.9145","0.9145","0.9145","","-0.01%"
"05/23/2006","0.9146","0.9146","0.9146","0.9146","","0.32%"
"05/22/2006","0.9117","0.9117","0.9117","0.9117","","-0.01%"
"05/19/2006","0.9118","0.9118","0.9118","0.9118","","-0.46%"
"05/18/2006","0.9160","0.9160","0.9160","0.9160","","0.05%"
"05/17/2006","0.9155","0.9155","0.9155","0.9155","","-0.03%"
"05/16/2006","0.9158","0.9158","0.9158","0.9158","","0.20%"
"05/15/2006","0.9140","0.9140","0.9140","0.9140","","0.24%"
"05/12/2006","0.9118","0.9118","0.9118","0.9118","","-0.28%"
"05/11/2006","0.9144","0.9144","0.9144","0.9144","","0.01%"
"05/10/2006","0.9143","0.9143","0.9143","0.9143","","0.10%"
"05/09/2006","0.9134","0.9134","0.9134","0.9134","","-0.10%"
"05/08/2006","0.9143","0.9143","0.9143","0.9143","","-0.13%"
"05/05/2006","0.9155","0.9155","0.9155","0.9155","","0.00%"
"05/04/2006","0.9155","0.9155","0.9155","0.9155","","0.05%"
"05/03/2006","0.9150","0.9150","0.9150","0.9150","","0.05%"
"05/02/2006","0.9145","0.9145","0.9145","0.9145","","0.05%"
"05/01/2006","0.9140","0.9140","0.9140","0.9140","","0.00%"
"04/28/2006","0.9140","0.9140","0.9140","0.9140","","0.00%"
"04/27/2006","0.9140","0.9140","0.9140","0.9140","","0.00%"
"04/26/2006","0.9140","0.9140","0.9140","0.9140","","0.02%"
"04/25/2006","0.9138","0.9138","0.9138","0.9138","","0.00%"
"04/24/2006","0.9138","0.9138","0.9138","0.9138","","-0.08%"
"04/21/2006","0.9145","0.9145","0.9145","0.9145","","0.35%"
"04/20/2006","0.9113","0.9113","0.9113","0.9113","","-0.27%"
"04/19/2006","0.9138","0.9138","0.9138","0.9138","","-0.13%"
"04/18/2006","0.9150","0.9150","0.9150","0.9150","","0.13%"
"04/17/2006","0.9138","0.9138","0.9138","0.9138","","0.00%"
"04/14/2006","0.9138","0.9138","0.9138","0.9138","","0.00%"
"04/13/2006","0.9138","0.9138","0.9138","0.9138","","0.00%"
"04/12/2006","0.9138","0.9138","0.9138","0.9138","","-0.38%"
"04/11/2006","0.9173","0.9173","0.9173","0.9173","","0.20%"
"04/10/2006","0.9155","0.9155","0.9155","0.9155","","0.46%"
"04/07/2006","0.9113","0.9113","0.9113","0.9113","","-0.27%"
"04/06/2006","0.9138","0.9138","0.9138","0.9138","","0.00%"
"04/05/2006","0.9138","0.9138","0.9138","0.9138","","-0.05%"
"04/04/2006","0.9143","0.9143","0.9143","0.9143","","0.05%"
"04/03/2006","0.9138","0.9138","0.9138","0.9138","","-0.27%"
"03/31/2006","0.9163","0.9163","0.9163","0.9163","","0.20%"
"03/30/2006","0.9145","0.9145","0.9145","0.9145","","-0.40%"
"03/29/2006","0.9182","0.9182","0.9182","0.9182","","0.90%"
"03/28/2006","0.9100","0.9100","0.9100","0.9100","","-0.09%"
"03/27/2006","0.9108","0.9108","0.9108","0.9108","","-0.12%"
"03/24/2006","0.9119","0.9119","0.9119","0.9119","","-0.26%"
"03/23/2006","0.9143","0.9143","0.9143","0.9143","","0.37%"
"03/22/2006","0.9109","0.9109","0.9109","0.9109","","-0.37%"
"03/21/2006","0.9143","0.9143","0.9143","0.9143","","0.25%"
"03/20/2006","0.9120","0.9120","0.9120","0.9120","","0.14%"
"03/17/2006","0.9107","0.9107","0.9107","0.9107","","0.02%"
"03/16/2006","0.9105","0.9105","0.9105","0.9105","","-0.11%"
"03/15/2006","0.9115","0.9115","0.9115","0.9115","","-0.60%"
"03/14/2006","0.9170","0.9170","0.9170","0.9170","","0.24%"
"03/13/2006","0.9148","0.9148","0.9148","0.9148","","0.42%"
"03/10/2006","0.9110","0.9110","0.9110","0.9110","","0.08%"
"03/09/2006","0.9103","0.9103","0.9103","0.9103","","-0.13%"
"03/08/2006","0.9115","0.9115","0.9115","0.9115","","0.08%"
"03/07/2006","0.9108","0.9108","0.9108","0.9108","","-0.57%"
"03/06/2006","0.9160","0.9160","0.9160","0.9160","","0.63%"
"03/03/2006","0.9103","0.9103","0.9103","0.9103","","-0.62%"
"03/02/2006","0.9160","0.9160","0.9160","0.9160","","0.13%"
"03/01/2006","0.9148","0.9148","0.9148","0.9148","","0.09%"
"02/28/2006","0.9140","0.9140","0.9140","0.9140","","0.02%"
"02/27/2006","0.9138","0.9138","0.9138","0.9138","","0.27%"
"02/24/2006","0.9113","0.9113","0.9113","0.9113","","0.12%"
"02/23/2006","0.9102","0.9102","0.9102","0.9102","","-0.39%"
"02/22/2006","0.9138","0.9138","0.9138","0.9138","","-0.13%"
"02/21/2006","0.9150","0.9150","0.9150","0.9150","","0.44%"
"02/20/2006","0.9110","0.9110","0.9110","0.9110","","-0.44%"
"02/17/2006","0.9150","0.9150","0.9150","0.9150","","0.05%"
"02/16/2006","0.9145","0.9145","0.9145","0.9145","","0.05%"
"02/15/2006","0.9140","0.9140","0.9140","0.9140","","0.49%"
"02/14/2006","0.9095","0.9095","0.9095","0.9095","","-0.49%"
"02/13/2006","0.9140","0.9140","0.9140","0.9140","","0.22%"
"02/10/2006","0.9120","0.9120","0.9120","0.9120","","0.00%"
"02/09/2006","0.9120","0.9120","0.9120","0.9120","","0.00%"
"02/08/2006","0.9120","0.9120","0.9120","0.9120","","0.30%"
"02/07/2006","0.9093","0.9093","0.9093","0.9093","","-0.14%"
"02/06/2006","0.9106","0.9106","0.9106","0.9106","","-0.04%"
"02/03/2006","0.9110","0.9110","0.9110","0.9110","","-0.33%"
"02/02/2006","0.9140","0.9140","0.9140","0.9140","","0.55%"
"02/01/2006","0.9090","0.9090","0.9090","0.9090","","-0.05%"
"01/31/2006","0.9095","0.9095","0.9095","0.9095","","0.10%"
"01/30/2006","0.9086","0.9086","0.9086","0.9086","","-0.21%"
"01/27/2006","0.9105","0.9105","0.9105","0.9105","","-0.05%"
"01/26/2006","0.9110","0.9110","0.9110","0.9110","","0.14%"
"01/25/2006","0.9097","0.9097","0.9097","0.9097","","-0.12%"
"01/24/2006","0.9108","0.9108","0.9108","0.9108","","0.25%"
"01/23/2006","0.9085","0.9085","0.9085","0.9085","","-0.29%"
"01/20/2006","0.9111","0.9111","0.9111","0.9111","","-0.19%"
"01/19/2006","0.9128","0.9128","0.9128","0.9128","","0.05%"
"01/18/2006","0.9123","0.9123","0.9123","0.9123","","0.14%"
"01/17/2006","0.9110","0.9110","0.9110","0.9110","","0.21%"
"01/16/2006","0.9091","0.9091","0.9091","0.9091","","0.20%"
"01/13/2006","0.9073","0.9073","0.9073","0.9073","","-0.52%"
"01/12/2006","0.9120","0.9120","0.9120","0.9120","","0.19%"
"01/11/2006","0.9103","0.9103","0.9103","0.9103","","0.03%"
"01/10/2006","0.9100","0.9100","0.9100","0.9100","","-0.05%"
"01/09/2006","0.9105","0.9105","0.9105","0.9105","","0.00%"
"01/06/2006","0.9105","0.9105","0.9105","0.9105","","0.22%"
"01/05/2006","0.9085","0.9085","0.9085","0.9085","","-0.03%"
"01/04/2006","0.9088","0.9088","0.9088","0.9088","","0.00%"
"01/03/2006","0.9088","0.9088","0.9088","0.9088","","-0.13%"
"01/02/2006","0.9100","0.9100","0.9100","0.9100","","0.00%"
"12/30/2005","0.9100","0.9100","0.9100","0.9100","","0.25%"
"12/29/2005","0.9077","0.9077","0.9077","0.9077","","-0.25%"
"12/28/2005","0.9100","0.9100","0.9100","0.9100","","-0.11%"
"12/27/2005","0.9110","0.9110","0.9110","0.9110","","-0.18%"
"12/26/2005","0.9126","0.9126","0.9126","0.9126","","0.00%"
"12/23/2005","0.9126","0.9126","0.9126","0.9126","","0.36%"
"12/22/2005","0.9093","0.9093","0.9093","0.9093","","0.07%"
"12/21/2005","0.9087","0.9087","0.9087","0.9087","","0.03%"
"12/20/2005","0.9084","0.9084","0.9084","0.9084","","-0.14%"
"12/19/2005","0.9097","0.9097","0.9097","0.9097","","-0.18%"
"12/16/2005","0.9113","0.9113","0.9113","0.9113","","0.28%"
"12/15/2005","0.9088","0.9088","0.9088","0.9088","","0.00%"
"12/14/2005","0.9088","0.9088","0.9088","0.9088","","0.00%"
"12/13/2005","0.9088","0.9088","0.9088","0.9088","","-0.13%"
"12/12/2005","0.9100","0.9100","0.9100","0.9100","","0.19%"
"12/09/2005","0.9083","0.9083","0.9083","0.9083","","0.22%"
"12/08/2005","0.9063","0.9063","0.9063","0.9063","","-0.19%"
"12/07/2005","0.9080","0.9080","0.9080","0.9080","","-0.22%"
"12/06/2005","0.9100","0.9100","0.9100","0.9100","","0.30%"
"12/05/2005","0.9073","0.9073","0.9073","0.9073","","-0.30%"
"12/02/2005","0.9100","0.9100","0.9100","0.9100","","0.00%"
"12/01/2005","0.9100","0.9100","0.9100","0.9100","","0.00%"
"11/30/2005","0.9100","0.9100","0.9100","0.9100","","0.42%"
"11/29/2005","0.9062","0.9062","0.9062","0.9062","","-0.20%"
"11/28/2005","0.9080","0.9080","0.9080","0.9080","","-0.22%"
"11/25/2005","0.9100","0.9100","0.9100","0.9100","","0.05%"
"11/24/2005","0.9095","0.9095","0.9095","0.9095","","0.22%"
"11/23/2005","0.9075","0.9075","0.9075","0.9075","","0.00%"
"11/22/2005","0.9075","0.9075","0.9075","0.9075","","0.00%"
"11/21/2005","0.9075","0.9075","0.9075","0.9075","","-0.27%"
"11/18/2005","0.9100","0.9100","0.9100","0.9100","","0.13%"
"11/17/2005","0.9088","0.9088","0.9088","0.9088","","-0.19%"
"11/16/2005","0.9105","0.9105","0.9105","0.9105","","0.19%"
"11/15/2005","0.9088","0.9088","0.9088","0.9088","","0.14%"
"11/14/2005","0.9075","0.9075","0.9075","0.9075","","-0.17%"
"11/11/2005","0.9090","0.9090","0.9090","0.9090","","-0.16%"
"11/10/2005","0.9105","0.9105","0.9105","0.9105","","0.39%"
"11/09/2005","0.9070","0.9070","0.9070","0.9070","","0.22%"
"11/08/2005","0.9050","0.9050","0.9050","0.9050","","-0.58%"
"11/07/2005","0.9103","0.9103","0.9103","0.9103","","0.31%"
"11/04/2005","0.9075","0.9075","0.9075","0.9075","","0.28%"
"11/03/2005","0.9050","0.9050","0.9050","0.9050","","-0.42%"
"11/02/2005","0.9088","0.9088","0.9088","0.9088","","0.14%"
"11/01/2005","0.9075","0.9075","0.9075","0.9075","","0.00%"
"10/31/2005","0.9075","0.9075","0.9075","0.9075","","0.28%"
"10/28/2005","0.9050","0.9050","0.9050","0.9050","","-0.14%"
"10/27/2005","0.9063","0.9063","0.9063","0.9063","","-0.13%"
"10/26/2005","0.9075","0.9075","0.9075","0.9075","","0.00%"
"10/25/2005","0.9075","0.9075","0.9075","0.9075","","0.00%"
"10/24/2005","0.9075","0.9075","0.9075","0.9075","","-0.25%"
"10/21/2005","0.9098","0.9098","0.9098","0.9098","","0.55%"
"10/20/2005","0.9048","0.9048","0.9048","0.9048","","-0.35%"
"10/19/2005","0.9080","0.9080","0.9080","0.9080","","0.33%"
"10/18/2005","0.9050","0.9050","0.9050","0.9050","","-0.28%"
"10/17/2005","0.9075","0.9075","0.9075","0.9075","","0.00%"
"10/14/2005","0.9075","0.9075","0.9075","0.9075","","0.00%"
"10/13/2005","0.9075","0.9075","0.9075","0.9075","","0.00%"
"10/12/2005","0.9075","0.9075","0.9075","0.9075","","0.13%"
"10/11/2005","0.9063","0.9063","0.9063","0.9063","","-0.13%"
"10/10/2005","0.9075","0.9075","0.9075","0.9075","","0.00%"
"10/07/2005","0.9075","0.9075","0.9075","0.9075","","-0.06%"
"10/06/2005","0.9080","0.9080","0.9080","0.9080","","0.33%"
"10/05/2005","0.9050","0.9050","0.9050","0.9050","","-0.14%"
"10/04/2005","0.9063","0.9063","0.9063","0.9063","","0.00%"
"10/03/2005","0.9063","0.9063","0.9063","0.9063","","0.00%"
"09/30/2005","0.9063","0.9063","0.9063","0.9063","","0.00%"
"09/29/2005","0.9063","0.9063","0.9063","0.9063","","0.00%"
"09/28/2005","0.9063","0.9063","0.9063","0.9063","","0.09%"
"09/27/2005","0.9055","0.9055","0.9055","0.9055","","-0.06%"
"09/26/2005","0.9060","0.9060","0.9060","0.9060","","0.39%"
"09/23/2005","0.9025","0.9025","0.9025","0.9025","","-0.69%"
"09/22/2005","0.9088","0.9088","0.9088","0.9088","","0.36%"
"09/21/2005","0.9055","0.9055","0.9055","0.9055","","-0.22%"
"09/20/2005","0.9075","0.9075","0.9075","0.9075","","0.13%"
"09/19/2005","0.9063","0.9063","0.9063","0.9063","","-0.13%"
"09/16/2005","0.9075","0.9075","0.9075","0.9075","","0.13%"
"09/15/2005","0.9063","0.9063","0.9063","0.9063","","0.00%"
"09/14/2005","0.9063","0.9063","0.9063","0.9063","","0.03%"
"09/13/2005","0.9060","0.9060","0.9060","0.9060","","0.11%"
"09/12/2005","0.9050","0.9050","0.9050","0.9050","","0.00%"
"09/09/2005","0.9050","0.9050","0.9050","0.9050","","0.00%"
"09/08/2005","0.9050","0.9050","0.9050","0.9050","","0.00%"
"09/07/2005","0.9050","0.9050","0.9050","0.9050","","0.06%"
"09/06/2005","0.9045","0.9045","0.9045","0.9045","","-0.06%"
"09/05/2005","0.9050","0.9050","0.9050","0.9050","","0.28%"
"09/02/2005","0.9025","0.9025","0.9025","0.9025","","-0.28%"
"09/01/2005","0.9050","0.9050","0.9050","0.9050","","0.00%"
"08/31/2005","0.9050","0.9050","0.9050","0.9050","","-0.14%"
"08/30/2005","0.9063","0.9063","0.9063","0.9063","","-0.30%"
"08/29/2005","0.9090","0.9090","0.9090","0.9090","","0.28%"
"08/26/2005","0.9065","0.9065","0.9065","0.9065","","0.17%"
"08/25/2005","0.9050","0.9050","0.9050","0.9050","","0.00%"
"08/24/2005","0.9050","0.9050","0.9050","0.9050","","0.11%"
"08/23/2005","0.9040","0.9040","0.9040","0.9040","","0.00%"
"08/22/2005","0.9040","0.9040","0.9040","0.9040","","-0.11%"
"08/19/2005","0.9050","0.9050","0.9050","0.9050","","0.24%"
"08/18/2005","0.9028","0.9028","0.9028","0.9028","","-0.52%"
"08/17/2005","0.9075","0.9075","0.9075","0.9075","","0.61%"
"08/16/2005","0.9020","0.9020","0.9020","0.9020","","-0.14%"
"08/15/2005","0.9033","0.9033","0.9033","0.9033","","-0.19%"
"08/12/2005","0.9050","0.9050","0.9050","0.9050","","0.11%"
"08/11/2005","0.9040","0.9040","0.9040","0.9040","","-0.11%"
"08/10/2005","0.9050","0.9050","0.9050","0.9050","","-0.55%"
"08/09/2005","0.9100","0.9100","0.9100","0.9100","","0.50%"
"08/08/2005","0.9055","0.9055","0.9055","0.9055","","0.56%"
"08/05/2005","0.9005","0.9005","0.9005","0.9005","","-0.88%"
"08/04/2005","0.9085","0.9085","0.9085","0.9085","","0.28%"
"08/03/2005","0.9060","0.9060","0.9060","0.9060","","0.28%"
"08/02/2005","0.9035","0.9035","0.9035","0.9035","","0.00%"
"08/01/2005","0.9035","0.9035","0.9035","0.9035","","-0.06%"
"07/29/2005","0.9040","0.9040","0.9040","0.9040","","-0.22%"
"07/28/2005","0.9060","0.9060","0.9060","0.9060","","-0.35%"
"07/27/2005","0.9092","0.9092","0.9092","0.9092","","0.58%"
"07/26/2005","0.9040","0.9040","0.9040","0.9040","","-0.37%"
"07/25/2005","0.9074","0.9074","0.9074","0.9074","","0.43%"
"07/22/2005","0.9035","0.9035","0.9035","0.9035","","0.11%"
"07/21/2005","0.9025","0.9025","0.9025","0.9025","","0.00%"
"07/20/2005","0.9025","0.9025","0.9025","0.9025","","0.00%"
"07/19/2005","0.9025","0.9025","0.9025","0.9025","","0.00%"
"07/18/2005","0.9025","0.9025","0.9025","0.9025","","0.00%"
"07/15/2005","0.9025","0.9025","0.9025","0.9025","","-0.33%"
"07/14/2005","0.9055","0.9055","0.9055","0.9055","","0.33%"
"07/13/2005","0.9025","0.9025","0.9025","0.9025","","0.00%"
"07/12/2005","0.9025","0.9025","0.9025","0.9025","","0.00%"
"07/11/2005","0.9025","0.9025","0.9025","0.9025","","0.00%"
"07/08/2005","0.9025","0.9025","0.9025","0.9025","","-0.03%"
"07/07/2005","0.9028","0.9028","0.9028","0.9028","","-0.68%"
"07/06/2005","0.9090","0.9090","0.9090","0.9090","","-0.03%"
"07/05/2005","0.9093","0.9093","0.9093","0.9093","","0.41%"
"07/04/2005","0.9056","0.9056","0.9056","0.9056","","0.34%"
"07/01/2005","0.9025","0.9025","0.9025","0.9025","","-0.14%"
"06/30/2005","0.9038","0.9038","0.9038","0.9038","","0.11%"
"06/29/2005","0.9028","0.9028","0.9028","0.9028","","0.03%"
"06/28/2005","0.9025","0.9025","0.9025","0.9025","","-0.14%"
"06/27/2005","0.9038","0.9038","0.9038","0.9038","","0.00%"
"06/24/2005","0.9038","0.9038","0.9038","0.9038","","0.00%"
"06/23/2005","0.9038","0.9038","0.9038","0.9038","","0.00%"
"06/22/2005","0.9038","0.9038","0.9038","0.9038","","0.03%"
"06/21/2005","0.9035","0.9035","0.9035","0.9035","","-0.03%"
"06/20/2005","0.9038","0.9038","0.9038","0.9038","","0.09%"
"06/17/2005","0.9030","0.9030","0.9030","0.9030","","-0.22%"
"06/16/2005","0.9050","0.9050","0.9050","0.9050","","-0.28%"
"06/15/2005","0.9075","0.9075","0.9075","0.9075","","-0.42%"
"06/14/2005","0.9113","0.9113","0.9113","0.9113","","0.98%"
"06/13/2005","0.9025","0.9025","0.9025","0.9025","","-0.06%"
"06/10/2005","0.9030","0.9030","0.9030","0.9030","","-0.50%"
"06/09/2005","0.9075","0.9075","0.9075","0.9075","","0.55%"
"06/08/2005","0.9025","0.9025","0.9025","0.9025","","-0.06%"
"06/07/2005","0.9030","0.9030","0.9030","0.9030","","-0.55%"
"06/06/2005","0.9080","0.9080","0.9080","0.9080","","0.61%"
"06/03/2005","0.9025","0.9025","0.9025","0.9025","","-0.02%"
"06/02/2005","0.9027","0.9027","0.9027","0.9027","","0.02%"
"06/01/2005","0.9025","0.9025","0.9025","0.9025","","0.00%"
"05/31/2005","0.9025","0.9025","0.9025","0.9025","","-0.33%"
"05/30/2005","0.9055","0.9055","0.9055","0.9055","","-0.14%"
"05/27/2005","0.9068","0.9068","0.9068","0.9068","","0.42%"
"05/26/2005","0.9030","0.9030","0.9030","0.9030","","-0.59%"
"05/25/2005","0.9084","0.9084","0.9084","0.9084","","0.65%"
"05/24/2005","0.9025","0.9025","0.9025","0.9025","","-0.28%"
"05/23/2005","0.9050","0.9050","0.9050","0.9050","","-0.33%"
"05/20/2005","0.9080","0.9080","0.9080","0.9080","","0.61%"
"05/19/2005","0.9025","0.9025","0.9025","0.9025","","-0.06%"
"05/18/2005","0.9030","0.9030","0.9030","0.9030","","0.00%"
"05/17/2005","0.9030","0.9030","0.9030","0.9030","","0.11%"
"05/16/2005","0.9020","0.9020","0.9020","0.9020","","-0.09%"
"05/13/2005","0.9028","0.9028","0.9028","0.9028","","-0.68%"
"05/12/2005","0.9090","0.9090","0.9090","0.9090","","-0.05%"
"05/11/2005","0.9095","0.9095","0.9095","0.9095","","0.07%"
"05/10/2005","0.9089","0.9089","0.9089","0.9089","","0.68%"
"05/09/2005","0.9028","0.9028","0.9028","0.9028","","0.03%"
"05/06/2005","0.9025","0.9025","0.9025","0.9025","","-0.14%"
"05/05/2005","0.9038","0.9038","0.9038","0.9038","","0.14%"
"05/04/2005","0.9025","0.9025","0.9025","0.9025","","-0.39%"
"05/03/2005","0.9060","0.9060","0.9060","0.9060","","0.35%"
"05/02/2005","0.9028","0.9028","0.9028","0.9028","","0.00%"
"04/29/2005","0.9028","0.9028","0.9028","0.9028","","0.03%"
"04/28/2005","0.9025","0.9025","0.9025","0.9025","","-0.03%"
"04/27/2005","0.9028","0.9028","0.9028","0.9028","","0.00%"
"04/26/2005","0.9028","0.9028","0.9028","0.9028","","0.00%"
"04/25/2005","0.9028","0.9028","0.9028","0.9028","","0.00%"
"04/22/2005","0.9028","0.9028","0.9028","0.9028","","-0.41%"
"04/21/2005","0.9065","0.9065","0.9065","0.9065","","0.44%"
"04/20/2005","0.9025","0.9025","0.9025","0.9025","","-0.03%"
"04/19/2005","0.9028","0.9028","0.9028","0.9028","","0.00%"
"04/18/2005","0.9028","0.9028","0.9028","0.9028","","-0.79%"
"04/15/2005","0.9100","0.9100","0.9100","0.9100","","0.83%"
"04/14/2005","0.9025","0.9025","0.9025","0.9025","","0.00%"
"04/13/2005","0.9025","0.9025","0.9025","0.9025","","0.00%"
"04/12/2005","0.9025","0.9025","0.9025","0.9025","","0.00%"
"04/11/2005","0.9025","0.9025","0.9025","0.9025","","0.00%"
"04/08/2005","0.9025","0.9025","0.9025","0.9025","","0.00%"
"04/07/2005","0.9025","0.9025","0.9025","0.9025","","-0.17%"
"04/06/2005","0.9040","0.9040","0.9040","0.9040","","0.03%"
"04/05/2005","0.9037","0.9037","0.9037","0.9037","","0.02%"
"04/04/2005","0.9035","0.9035","0.9035","0.9035","","-0.50%"
"04/01/2005","0.9080","0.9080","0.9080","0.9080","","0.61%"
"03/31/2005","0.9025","0.9025","0.9025","0.9025","","-0.03%"
"03/30/2005","0.9028","0.9028","0.9028","0.9028","","-0.46%"
"03/29/2005","0.9070","0.9070","0.9070","0.9070","","0.44%"
"03/28/2005","0.9030","0.9030","0.9030","0.9030","","0.00%"
"03/25/2005","0.9030","0.9030","0.9030","0.9030","","0.00%"
"03/24/2005","0.9030","0.9030","0.9030","0.9030","","0.06%"
"03/23/2005","0.9025","0.9025","0.9025","0.9025","","0.06%"
"03/22/2005","0.9020","0.9020","0.9020","0.9020","","0.00%"
"03/21/2005","0.9020","0.9020","0.9020","0.9020","","0.00%"
"03/18/2005","0.9020","0.9020","0.9020","0.9020","","0.00%"
"03/17/2005","0.9020","0.9020","0.9020","0.9020","","-0.51%"
"03/16/2005","0.9066","0.9066","0.9066","0.9066","","0.18%"
"03/15/2005","0.9050","0.9050","0.9050","0.9050","","0.39%"
"03/14/2005","0.9015","0.9015","0.9015","0.9015","","-1.03%"
"03/11/2005","0.9109","0.9109","0.9109","0.9109","","0.07%"
"03/10/2005","0.9103","0.9103","0.9103","0.9103","","0.94%"
"03/09/2005","0.9018","0.9018","0.9018","0.9018","","-0.06%"
"03/08/2005","0.9023","0.9023","0.9023","0.9023","","0.06%"
"03/07/2005","0.9018","0.9018","0.9018","0.9018","","0.00%"
"03/04/2005","0.9018","0.9018","0.9018","0.9018","","0.03%"
"03/03/2005","0.9015","0.9015","0.9015","0.9015","","0.00%"
"03/02/2005","0.9015","0.9015","0.9015","0.9015","","-0.57%"
"03/01/2005","0.9067","0.9067","0.9067","0.9067","","0.54%"
"02/28/2005","0.9018","0.9018","0.9018","0.9018","","0.09%"
"02/25/2005","0.9010","0.9010","0.9010","0.9010","","-0.63%"
"02/24/2005","0.9067","0.9067","0.9067","0.9067","","0.19%"
"02/23/2005","0.9050","0.9050","0.9050","0.9050","","-0.22%"
"02/22/2005","0.9070","0.9070","0.9070","0.9070","","0.44%"
"02/21/2005","0.9030","0.9030","0.9030","0.9030","","-0.33%"
"02/18/2005","0.9060","0.9060","0.9060","0.9060","","0.39%"
"02/17/2005","0.9025","0.9025","0.9025","0.9025","","0.08%"
"02/16/2005","0.9018","0.9018","0.9018","0.9018","","0.00%"
"02/15/2005","0.9018","0.9018","0.9018","0.9018","","-0.06%"
"02/14/2005","0.9023","0.9023","0.9023","0.9023","","0.03%"
"02/11/2005","0.9020","0.9020","0.9020","0.9020","","-0.38%"
"02/10/2005","0.9054","0.9054","0.9054","0.9054","","0.60%"
"02/09/2005","0.9000","0.9000","0.9000","0.9000","","0.00%"
"02/08/2005","0.9000","0.9000","0.9000","0.9000","","0.00%"
"02/07/2005","0.9000","0.9000","0.9000","0.9000","","-0.22%"
"02/04/2005","0.9020","0.9020","0.9020","0.9020","","-0.36%"
"02/03/2005","0.9053","0.9053","0.9053","0.9053","","0.37%"
"02/02/2005","0.9020","0.9020","0.9020","0.9020","","0.11%"
"02/01/2005","0.9010","0.9010","0.9010","0.9010","","0.11%"
"01/31/2005","0.9000","0.9000","0.9000","0.9000","","-0.11%"
"01/28/2005","0.9010","0.9010","0.9010","0.9010","","0.03%"
"01/27/2005","0.9007","0.9007","0.9007","0.9007","","-0.03%"
"01/26/2005","0.9010","0.9010","0.9010","0.9010","","0.00%"
"01/25/2005","0.9010","0.9010","0.9010","0.9010","","0.01%"
"01/24/2005","0.9009","0.9009","0.9009","0.9009","","-0.07%"
"01/21/2005","0.9015","0.9015","0.9015","0.9015","","0.06%"
"01/20/2005","0.9010","0.9010","0.9010","0.9010","","0.03%"
"01/19/2005","0.9007","0.9007","0.9007","0.9007","","-0.12%"
"01/18/2005","0.9018","0.9018","0.9018","0.9018","","0.20%"
"01/17/2005","0.9000","0.9000","0.9000","0.9000","","-0.20%"
"01/14/2005","0.9018","0.9018","0.9018","0.9018","","0.20%"
"01/13/2005","0.9000","0.9000","0.9000","0.9000","","-0.20%"
"01/12/2005","0.9018","0.9018","0.9018","0.9018","","0.09%"
"01/11/2005","0.9010","0.9010","0.9010","0.9010","","-0.86%"
"01/10/2005","0.9088","0.9088","0.9088","0.9088","","0.87%"
"01/07/2005","0.9010","0.9010","0.9010","0.9010","","0.11%"
"01/06/2005","0.9000","0.9000","0.9000","0.9000","","-0.11%"
"01/05/2005","0.9010","0.9010","0.9010","0.9010","","0.11%"
"01/04/2005","0.9000","0.9000","0.9000","0.9000","","-0.11%"
"01/03/2005","0.9010","0.9010","0.9010","0.9010","","0.11%"
"12/31/2004","0.9000","0.9000","0.9000","0.9000","","-0.11%"
"12/30/2004","0.9010","0.9010","0.9010","0.9010","","0.11%"
"12/29/2004","0.9000","0.9000","0.9000","0.9000","","-0.11%"
"12/28/2004","0.9010","0.9010","0.9010","0.9010","","0.00%"
"12/27/2004","0.9010","0.9010","0.9010","0.9010","","0.00%"
"12/24/2004","0.9010","0.9010","0.9010","0.9010","","0.06%"
"12/23/2004","0.9005","0.9005","0.9005","0.9005","","-0.14%"
"12/22/2004","0.9018","0.9018","0.9018","0.9018","","0.03%"
"12/21/2004","0.9015","0.9015","0.9015","0.9015","","-0.06%"
"12/20/2004","0.9020","0.9020","0.9020","0.9020","","-0.17%"
"12/17/2004","0.9035","0.9035","0.9035","0.9035","","0.13%"
"12/16/2004","0.9023","0.9023","0.9023","0.9023","","-0.08%"
"12/15/2004","0.9030","0.9030","0.9030","0.9030","","0.19%"
"12/14/2004","0.9013","0.9013","0.9013","0.9013","","0.14%"
"12/13/2004","0.9000","0.9000","0.9000","0.9000","","-0.61%"
"12/10/2004","0.9055","0.9055","0.9055","0.9055","","0.33%"
"12/09/2004","0.9025","0.9025","0.9025","0.9025","","-0.14%"
"12/08/2004","0.9038","0.9038","0.9038","0.9038","","0.14%"
"12/07/2004","0.9025","0.9025","0.9025","0.9025","","-0.28%"
"12/06/2004","0.9050","0.9050","0.9050","0.9050","","0.00%"
"12/03/2004","0.9050","0.9050","0.9050","0.9050","","0.33%"
"12/02/2004","0.9020","0.9020","0.9020","0.9020","","0.00%"
"12/01/2004","0.9020","0.9020","0.9020","0.9020","","0.00%"
"11/30/2004","0.9020","0.9020","0.9020","0.9020","","-0.31%"
"11/29/2004","0.9048","0.9048","0.9048","0.9048","","0.25%"
"11/26/2004","0.9025","0.9025","0.9025","0.9025","","0.39%"
"11/25/2004","0.8990","0.8990","0.8990","0.8990","","-0.28%"
"11/24/2004","0.9015","0.9015","0.9015","0.9015","","-0.39%"
"11/23/2004","0.9050","0.9050","0.9050","0.9050","","0.00%"
"11/22/2004","0.9050","0.9050","0.9050","0.9050","","0.44%"
"11/19/2004","0.9010","0.9010","0.9010","0.9010","","-0.75%"
"11/18/2004","0.9078","0.9078","0.9078","0.9078","","0.31%"
"11/17/2004","0.9050","0.9050","0.9050","0.9050","","0.39%"
"11/16/2004","0.9015","0.9015","0.9015","0.9015","","0.06%"
"11/15/2004","0.9010","0.9010","0.9010","0.9010","","-0.03%"
"11/12/2004","0.9013","0.9013","0.9013","0.9013","","-0.63%"
"11/11/2004","0.9070","0.9070","0.9070","0.9070","","0.61%"
"11/10/2004","0.9015","0.9015","0.9015","0.9015","","0.02%"
"11/09/2004","0.9013","0.9013","0.9013","0.9013","","0.03%"
"11/08/2004","0.9010","0.9010","0.9010","0.9010","","0.02%"
"11/05/2004","0.9008","0.9008","0.9008","0.9008","","0.03%"
"11/04/2004","0.9005","0.9005","0.9005","0.9005","","-0.83%"
"11/03/2004","0.9080","0.9080","0.9080","0.9080","","0.41%"
"11/02/2004","0.9043","0.9043","0.9043","0.9043","","0.33%"
"11/01/2004","0.9013","0.9013","0.9013","0.9013","","0.14%"
"10/29/2004","0.9000","0.9000","0.9000","0.9000","","-0.74%"
"10/28/2004","0.9067","0.9067","0.9067","0.9067","","0.63%"
"10/27/2004","0.9010","0.9010","0.9010","0.9010","","-0.03%"
"10/26/2004","0.9013","0.9013","0.9013","0.9013","","-0.63%"
"10/25/2004","0.9070","0.9070","0.9070","0.9070","","0.55%"
"10/22/2004","0.9020","0.9020","0.9020","0.9020","","-0.20%"
"10/21/2004","0.9038","0.9038","0.9038","0.9038","","-0.32%"
"10/20/2004","0.9067","0.9067","0.9067","0.9067","","0.63%"
"10/19/2004","0.9010","0.9010","0.9010","0.9010","","-0.03%"
"10/18/2004","0.9013","0.9013","0.9013","0.9013","","-0.08%"
"10/15/2004","0.9020","0.9020","0.9020","0.9020","","-0.61%"
"10/14/2004","0.9075","0.9075","0.9075","0.9075","","0.83%"
"10/13/2004","0.9000","0.9000","0.9000","0.9000","","0.00%"
"10/12/2004","0.9000","0.9000","0.9000","0.9000","","-0.83%"
"10/11/2004","0.9075","0.9075","0.9075","0.9075","","0.69%"
"10/08/2004","0.9013","0.9013","0.9013","0.9013","","0.00%"
"10/07/2004","0.9013","0.9013","0.9013","0.9013","","0.03%"
"10/06/2004","0.9010","0.9010","0.9010","0.9010","","-0.39%"
"10/05/2004","0.9045","0.9045","0.9045","0.9045","","0.39%"
"10/04/2004","0.9010","0.9010","0.9010","0.9010","","0.00%"
"10/01/2004","0.9010","0.9010","0.9010","0.9010","","0.00%"
"09/30/2004","0.9010","0.9010","0.9010","0.9010","","-0.44%"
"09/29/2004","0.9050","0.9050","0.9050","0.9050","","0.41%"
"09/28/2004","0.9013","0.9013","0.9013","0.9013","","-0.30%"
"09/27/2004","0.9040","0.9040","0.9040","0.9040","","0.33%"
"09/24/2004","0.9010","0.9010","0.9010","0.9010","","-0.22%"
"09/23/2004","0.9030","0.9030","0.9030","0.9030","","0.19%"
"09/22/2004","0.9013","0.9013","0.9013","0.9013","","-0.50%"
"09/21/2004","0.9058","0.9058","0.9058","0.9058","","0.50%"
"09/20/2004","0.9013","0.9013","0.9013","0.9013","","0.00%"
"09/17/2004","0.9013","0.9013","0.9013","0.9013","","0.06%"
"09/16/2004","0.9008","0.9008","0.9008","0.9008","","-0.53%"
"09/15/2004","0.9056","0.9056","0.9056","0.9056","","0.48%"
"09/14/2004","0.9013","0.9013","0.9013","0.9013","","0.14%"
"09/13/2004","0.9000","0.9000","0.9000","0.9000","","-0.11%"
"09/10/2004","0.9010","0.9010","0.9010","0.9010","","-0.17%"
"09/09/2004","0.9025","0.9025","0.9025","0.9025","","0.28%"
"09/08/2004","0.9000","0.9000","0.9000","0.9000","","-0.28%"
"09/07/2004","0.9025","0.9025","0.9025","0.9025","","-0.14%"
"09/06/2004","0.9038","0.9038","0.9038","0.9038","","0.28%"
"09/03/2004","0.9013","0.9013","0.9013","0.9013","","0.00%"
"09/02/2004","0.9013","0.9013","0.9013","0.9013","","-0.13%"
"09/01/2004","0.9025","0.9025","0.9025","0.9025","","0.13%"
"08/31/2004","0.9013","0.9013","0.9013","0.9013","","-0.19%"
"08/30/2004","0.9030","0.9030","0.9030","0.9030","","0.19%"
"08/27/2004","0.9013","0.9013","0.9013","0.9013","","-0.13%"
"08/26/2004","0.9025","0.9025","0.9025","0.9025","","0.13%"
"08/25/2004","0.9013","0.9013","0.9013","0.9013","","0.14%"
"08/24/2004","0.9000","0.9000","0.9000","0.9000","","-0.28%"
"08/23/2004","0.9025","0.9025","0.9025","0.9025","","0.00%"
"08/20/2004","0.9025","0.9025","0.9025","0.9025","","0.00%"
"08/19/2004","0.9025","0.9025","0.9025","0.9025","","0.00%"
"08/18/2004","0.9025","0.9025","0.9025","0.9025","","0.00%"
"08/17/2004","0.9025","0.9025","0.9025","0.9025","","0.13%"
"08/16/2004","0.9013","0.9013","0.9013","0.9013","","-0.13%"
"08/13/2004","0.9025","0.9025","0.9025","0.9025","","0.00%"
"08/12/2004","0.9025","0.9025","0.9025","0.9025","","0.00%"
"08/11/2004","0.9025","0.9025","0.9025","0.9025","","0.28%"
"08/10/2004","0.9000","0.9000","0.9000","0.9000","","-0.28%"
"08/09/2004","0.9025","0.9025","0.9025","0.9025","","0.28%"
"08/06/2004","0.9000","0.9000","0.9000","0.9000","","-0.06%"
"08/05/2004","0.9005","0.9005","0.9005","0.9005","","-0.22%"
"08/04/2004","0.9025","0.9025","0.9025","0.9025","","0.28%"
"08/03/2004","0.9000","0.9000","0.9000","0.9000","","0.00%"
"08/02/2004","0.9000","0.9000","0.9000","0.9000","","-0.37%"
"07/30/2004","0.9033","0.9033","0.9033","0.9033","","0.37%"
"07/29/2004","0.9000","0.9000","0.9000","0.9000","","-0.28%"
"07/28/2004","0.9025","0.9025","0.9025","0.9025","","0.28%"
"07/27/2004","0.9000","0.9000","0.9000","0.9000","","-0.31%"
"07/26/2004","0.9028","0.9028","0.9028","0.9028","","0.03%"
"07/23/2004","0.9025","0.9025","0.9025","0.9025","","1.40%"
"07/22/2004","0.8900","0.8900","0.8900","0.8900","","-1.11%"
"07/21/2004","0.9000","0.9000","0.9000","0.9000","","-0.28%"
"07/20/2004","0.9025","0.9025","0.9025","0.9025","","0.00%"
"07/19/2004","0.9025","0.9025","0.9025","0.9025","","-0.20%"
"07/16/2004","0.9043","0.9043","0.9043","0.9043","","0.37%"
"07/15/2004","0.9010","0.9010","0.9010","0.9010","","-0.33%"
"07/14/2004","0.9040","0.9040","0.9040","0.9040","","0.11%"
"07/13/2004","0.9030","0.9030","0.9030","0.9030","","0.22%"
"07/12/2004","0.9010","0.9010","0.9010","0.9010","","-0.20%"
"07/09/2004","0.9028","0.9028","0.9028","0.9028","","0.06%"
"07/08/2004","0.9023","0.9023","0.9023","0.9023","","0.26%"
"07/07/2004","0.9000","0.9000","0.9000","0.9000","","-0.28%"
"07/06/2004","0.9025","0.9025","0.9025","0.9025","","0.28%"
"07/05/2004","0.9000","0.9000","0.9000","0.9000","","-0.28%"
"07/02/2004","0.9025","0.9025","0.9025","0.9025","","0.28%"
"07/01/2004","0.9000","0.9000","0.9000","0.9000","","0.00%"
"06/30/2004","0.9000","0.9000","0.9000","0.9000","","-0.22%"
"06/29/2004","0.9020","0.9020","0.9020","0.9020","","0.22%"
"06/28/2004","0.9000","0.9000","0.9000","0.9000","","-0.55%"
"06/25/2004","0.9050","0.9050","0.9050","0.9050","","0.61%"
"06/24/2004","0.8995","0.8995","0.8995","0.8995","","0.00%"
"06/23/2004","0.8995","0.8995","0.8995","0.8995","","-0.22%"
"06/22/2004","0.9015","0.9015","0.9015","0.9015","","-0.17%"
"06/21/2004","0.9030","0.9030","0.9030","0.9030","","0.89%"
"06/18/2004","0.8950","0.8950","0.8950","0.8950","","0.00%"
"06/17/2004","0.8950","0.8950","0.8950","0.8950","","0.28%"
"06/16/2004","0.8925","0.8925","0.8925","0.8925","","-0.83%"
"06/15/2004","0.9000","0.9000","0.9000","0.9000","","0.56%"
"06/14/2004","0.8950","0.8950","0.8950","0.8950","","0.00%"
"06/11/2004","0.8950","0.8950","0.8950","0.8950","","0.00%"
"06/10/2004","0.8950","0.8950","0.8950","0.8950","","0.00%"
"06/09/2004","0.8950","0.8950","0.8950","0.8950","","0.00%"
"06/08/2004","0.8950","0.8950","0.8950","0.8950","","-0.56%"
"06/07/2004","0.9000","0.9000","0.9000","0.9000","","0.84%"
"06/04/2004","0.8925","0.8925","0.8925","0.8925","","-0.28%"
"06/03/2004","0.8950","0.8950","0.8950","0.8950","","0.00%"
"06/02/2004","0.8950","0.8950","0.8950","0.8950","","0.28%"
"06/01/2004","0.8925","0.8925","0.8925","0.8925","","-0.92%"
"05/31/2004","0.9008","0.9008","0.9008","0.9008","","0.93%"
"05/28/2004","0.8925","0.8925","0.8925","0.8925","","0.28%"
"05/27/2004","0.8900","0.8900","0.8900","0.8900","","0.00%"
"05/26/2004","0.8900","0.8900","0.8900","0.8900","","0.00%"
"05/25/2004","0.8900","0.8900","0.8900","0.8900","","-0.28%"
"05/24/2004","0.8925","0.8925","0.8925","0.8925","","0.28%"
"05/21/2004","0.8900","0.8900","0.8900","0.8900","","-1.23%"
"05/20/2004","0.9011","0.9011","0.9011","0.9011","","1.25%"
"05/19/2004","0.8900","0.8900","0.8900","0.8900","","-0.89%"
"05/18/2004","0.8980","0.8980","0.8980","0.8980","","0.90%"
"05/17/2004","0.8900","0.8900","0.8900","0.8900","","-0.28%"
"05/14/2004","0.8925","0.8925","0.8925","0.8925","","0.00%"
"05/13/2004","0.8925","0.8925","0.8925","0.8925","","-1.12%"
"05/12/2004","0.9026","0.9026","0.9026","0.9026","","1.13%"
"05/11/2004","0.8925","0.8925","0.8925","0.8925","","0.28%"
"05/10/2004","0.8900","0.8900","0.8900","0.8900","","-0.56%"
"05/07/2004","0.8950","0.8950","0.8950","0.8950","","1.13%"
"05/06/2004","0.8850","0.8850","0.8850","0.8850","","0.00%"
"05/05/2004","0.8850","0.8850","0.8850","0.8850","","0.00%"
"05/04/2004","0.8850","0.8850","0.8850","0.8850","","-0.56%"
"05/03/2004","0.8900","0.8900","0.8900","0.8900","","0.56%"
"04/30/2004","0.8850","0.8850","0.8850","0.8850","","0.00%"
"04/29/2004","0.8850","0.8850","0.8850","0.8850","","0.00%"
"04/28/2004","0.8850","0.8850","0.8850","0.8850","","0.00%"
"04/27/2004","0.8850","0.8850","0.8850","0.8850","","0.28%"
"04/26/2004","0.8825","0.8825","0.8825","0.8825","","-0.15%"
"04/23/2004","0.8838","0.8838","0.8838","0.8838","","0.15%"
"04/22/2004","0.8825","0.8825","0.8825","0.8825","","0.00%"
"04/21/2004","0.8825","0.8825","0.8825","0.8825","","0.00%"
"04/20/2004","0.8825","0.8825","0.8825","0.8825","","-1.79%"
"04/19/2004","0.8986","0.8986","0.8986","0.8986","","1.82%"
"04/16/2004","0.8825","0.8825","0.8825","0.8825","","0.28%"
"04/15/2004","0.8800","0.8800","0.8800","0.8800","","-1.90%"
"04/14/2004","0.8970","0.8970","0.8970","0.8970","","1.93%"
"04/13/2004","0.8800","0.8800","0.8800","0.8800","","-0.28%"
"04/12/2004","0.8825","0.8825","0.8825","0.8825","","0.00%"
"04/09/2004","0.8825","0.8825","0.8825","0.8825","","0.00%"
"04/08/2004","0.8825","0.8825","0.8825","0.8825","","0.28%"
"04/07/2004","0.8800","0.8800","0.8800","0.8800","","-0.15%"
"04/06/2004","0.8813","0.8813","0.8813","0.8813","","-1.97%"
"04/05/2004","0.8990","0.8990","0.8990","0.8990","","2.01%"
"04/02/2004","0.8813","0.8813","0.8813","0.8813","","-0.42%"
"04/01/2004","0.8850","0.8850","0.8850","0.8850","","0.42%"
"03/31/2004","0.8813","0.8813","0.8813","0.8813","","-1.59%"
"03/30/2004","0.8955","0.8955","0.8955","0.8955","","-0.29%"
"03/29/2004","0.8981","0.8981","0.8981","0.8981","","2.06%"
"03/26/2004","0.8800","0.8800","0.8800","0.8800","","-1.88%"
"03/25/2004","0.8969","0.8969","0.8969","0.8969","","1.77%"
"03/24/2004","0.8813","0.8813","0.8813","0.8813","","0.00%"
"03/23/2004","0.8813","0.8813","0.8813","0.8813","","0.28%"
"03/22/2004","0.8788","0.8788","0.8788","0.8788","","-1.59%"
"03/19/2004","0.8930","0.8930","0.8930","0.8930","","-0.39%"
"03/18/2004","0.8965","0.8965","0.8965","0.8965","","0.96%"
"03/17/2004","0.8880","0.8880","0.8880","0.8880","","1.20%"
"03/16/2004","0.8775","0.8775","0.8775","0.8775","","-0.15%"
"03/15/2004","0.8788","0.8788","0.8788","0.8788","","0.00%"
"03/12/2004","0.8788","0.8788","0.8788","0.8788","","0.00%"
"03/11/2004","0.8788","0.8788","0.8788","0.8788","","0.00%"
"03/10/2004","0.8788","0.8788","0.8788","0.8788","","-0.14%"
"03/09/2004","0.8800","0.8800","0.8800","0.8800","","0.14%"
"03/08/2004","0.8788","0.8788","0.8788","0.8788","","0.15%"
"03/05/2004","0.8775","0.8775","0.8775","0.8775","","0.00%"
"03/04/2004","0.8775","0.8775","0.8775","0.8775","","0.00%"
"03/03/2004","0.8775","0.8775","0.8775","0.8775","","-1.13%"
"03/02/2004","0.8875","0.8875","0.8875","0.8875","","1.14%"
"03/01/2004","0.8775","0.8775","0.8775","0.8775","","-0.28%"
"02/27/2004","0.8800","0.8800","0.8800","0.8800","","-1.40%"
"02/26/2004","0.8925","0.8925","0.8925","0.8925","","0.51%"
"02/25/2004","0.8880","0.8880","0.8880","0.8880","","1.78%"
"02/24/2004","0.8725","0.8725","0.8725","0.8725","","0.00%"
"02/23/2004","0.8725","0.8725","0.8725","0.8725","","-1.93%"
"02/20/2004","0.8897","0.8897","0.8897","0.8897","","2.26%"
"02/19/2004","0.8700","0.8700","0.8700","0.8700","","0.00%"
"02/18/2004","0.8700","0.8700","0.8700","0.8700","","0.29%"
"02/17/2004","0.8675","0.8675","0.8675","0.8675","","0.00%"
"02/16/2004","0.8675","0.8675","0.8675","0.8675","","0.00%"
"02/13/2004","0.8675","0.8675","0.8675","0.8675","","-2.47%"
"02/12/2004","0.8895","0.8895","0.8895","0.8895","","2.54%"
"02/11/2004","0.8675","0.8675","0.8675","0.8675","","-2.25%"
"02/10/2004","0.8875","0.8875","0.8875","0.8875","","2.31%"
"02/09/2004","0.8675","0.8675","0.8675","0.8675","","-2.07%"
"02/06/2004","0.8858","0.8858","0.8858","0.8858","","0.02%"
"02/05/2004","0.8856","0.8856","0.8856","0.8856","","1.21%"
"02/04/2004","0.8750","0.8750","0.8750","0.8750","","-1.24%"
"02/03/2004","0.8860","0.8860","0.8860","0.8860","","2.13%"
"02/02/2004","0.8675","0.8675","0.8675","0.8675","","0.00%"
"01/30/2004","0.8675","0.8675","0.8675","0.8675","","-0.15%"
"01/29/2004","0.8688","0.8688","0.8688","0.8688","","0.15%"
"01/28/2004","0.8675","0.8675","0.8675","0.8675","","-1.66%"
"01/27/2004","0.8821","0.8821","0.8821","0.8821","","-0.26%"
"01/26/2004","0.8844","0.8844","0.8844","0.8844","","0.27%"
"01/23/2004","0.8820","0.8820","0.8820","0.8820","","-0.49%"
"01/22/2004","0.8863","0.8863","0.8863","0.8863","","2.46%"
"01/21/2004","0.8650","0.8650","0.8650","0.8650","","-2.48%"
"01/20/2004","0.8870","0.8870","0.8870","0.8870","","0.35%"
"01/19/2004","0.8839","0.8839","0.8839","0.8839","","2.18%"
"01/16/2004","0.8650","0.8650","0.8650","0.8650","","-2.54%"
"01/15/2004","0.8875","0.8875","0.8875","0.8875","","2.74%"
"01/14/2004","0.8638","0.8638","0.8638","0.8638","","-0.14%"
"01/13/2004","0.8650","0.8650","0.8650","0.8650","","-2.26%"
"01/12/2004","0.8850","0.8850","0.8850","0.8850","","0.02%"
"01/09/2004","0.8848","0.8848","0.8848","0.8848","","2.29%"
"01/08/2004","0.8650","0.8650","0.8650","0.8650","","0.00%"
"01/07/2004","0.8650","0.8650","0.8650","0.8650","","0.14%"
"01/06/2004","0.8638","0.8638","0.8638","0.8638","","-2.11%"
"01/05/2004","0.8824","0.8824","0.8824","0.8824","","2.01%"
"01/02/2004","0.8650","0.8650","0.8650","0.8650","","0.00%"
"12/31/2003","0.8650","0.8650","0.8650","0.8650","","0.00%"
"12/30/2003","0.8650","0.8650","0.8650","0.8650","","0.00%"
"12/29/2003","0.8650","0.8650","0.8650","0.8650","","0.00%"
"12/26/2003","0.8650","0.8650","0.8650","0.8650","","0.00%"
"12/25/2003","0.8650","0.8650","0.8650","0.8650","","0.00%"
"12/24/2003","0.8650","0.8650","0.8650","0.8650","","0.00%"
"12/23/2003","0.8650","0.8650","0.8650","0.8650","","0.00%"
"12/22/2003","0.8650","0.8650","0.8650","0.8650","","0.02%"
"12/19/2003","0.8648","0.8648","0.8648","0.8648","","-1.73%"
"12/18/2003","0.8800","0.8800","0.8800","0.8800","","1.44%"
"12/17/2003","0.8675","0.8675","0.8675","0.8675","","-1.98%"
"12/16/2003","0.8850","0.8850","0.8850","0.8850","","2.31%"
"12/15/2003","0.8650","0.8650","0.8650","0.8650","","0.00%"
"12/12/2003","0.8650","0.8650","0.8650","0.8650","","-1.86%"
"12/11/2003","0.8814","0.8814","0.8814","0.8814","","2.04%"
"12/10/2003","0.8638","0.8638","0.8638","0.8638","","0.00%"
"12/09/2003","0.8638","0.8638","0.8638","0.8638","","-0.14%"
"12/08/2003","0.8650","0.8650","0.8650","0.8650","","0.00%"
"12/05/2003","0.8650","0.8650","0.8650","0.8650","","0.00%"
"12/04/2003","0.8650","0.8650","0.8650","0.8650","","0.14%"
"12/03/2003","0.8638","0.8638","0.8638","0.8638","","0.00%"
"12/02/2003","0.8638","0.8638","0.8638","0.8638","","-1.28%"
"12/01/2003","0.8750","0.8750","0.8750","0.8750","","-0.57%"
"11/28/2003","0.8800","0.8800","0.8800","0.8800","","-0.23%"
"11/27/2003","0.8820","0.8820","0.8820","0.8820","","2.11%"
"11/26/2003","0.8638","0.8638","0.8638","0.8638","","0.00%"
"11/25/2003","0.8638","0.8638","0.8638","0.8638","","-1.66%"
"11/24/2003","0.8784","0.8784","0.8784","0.8784","","-0.24%"
"11/21/2003","0.8805","0.8805","0.8805","0.8805","","1.93%"
"11/20/2003","0.8638","0.8638","0.8638","0.8638","","0.00%"
"11/19/2003","0.8638","0.8638","0.8638","0.8638","","0.15%"
"11/18/2003","0.8625","0.8625","0.8625","0.8625","","-1.52%"
"11/17/2003","0.8758","0.8758","0.8758","0.8758","","-0.19%"
"11/14/2003","0.8775","0.8775","0.8775","0.8775","","0.29%"
"11/13/2003","0.8750","0.8750","0.8750","0.8750","","0.17%"
"11/12/2003","0.8735","0.8735","0.8735","0.8735","","-0.19%"
"11/11/2003","0.8752","0.8752","0.8752","0.8752","","1.77%"
"11/10/2003","0.8600","0.8600","0.8600","0.8600","","0.29%"
"11/07/2003","0.8575","0.8575","0.8575","0.8575","","-0.15%"
"11/06/2003","0.8588","0.8588","0.8588","0.8588","","-1.66%"
"11/05/2003","0.8733","0.8733","0.8733","0.8733","","2.28%"
"11/04/2003","0.8538","0.8538","0.8538","0.8538","","-0.14%"
"11/03/2003","0.8550","0.8550","0.8550","0.8550","","0.14%"
"10/31/2003","0.8538","0.8538","0.8538","0.8538","","-0.14%"
"10/30/2003","0.8550","0.8550","0.8550","0.8550","","0.14%"
"10/29/2003","0.8538","0.8538","0.8538","0.8538","","0.00%"
"10/28/2003","0.8538","0.8538","0.8538","0.8538","","0.59%"
"10/27/2003","0.8488","0.8488","0.8488","0.8488","","-2.88%"
"10/24/2003","0.8740","0.8740","0.8740","0.8740","","2.82%"
"10/23/2003","0.8500","0.8500","0.8500","0.8500","","-0.45%"
"10/22/2003","0.8538","0.8538","0.8538","0.8538","","-0.14%"
"10/21/2003","0.8550","0.8550","0.8550","0.8550","","-2.14%"
"10/20/2003","0.8737","0.8737","0.8737","0.8737","","-0.01%"
"10/17/2003","0.8738","0.8738","0.8738","0.8738","","0.44%"
"10/16/2003","0.8700","0.8700","0.8700","0.8700","","1.75%"
"10/15/2003","0.8550","0.8550","0.8550","0.8550","","0.29%"
"10/14/2003","0.8525","0.8525","0.8525","0.8525","","-0.29%"
"10/13/2003","0.8550","0.8550","0.8550","0.8550","","0.00%"
"10/10/2003","0.8550","0.8550","0.8550","0.8550","","0.00%"
"10/09/2003","0.8550","0.8550","0.8550","0.8550","","0.14%"
"10/08/2003","0.8538","0.8538","0.8538","0.8538","","-0.14%"
"10/07/2003","0.8550","0.8550","0.8550","0.8550","","0.00%"
"10/06/2003","0.8550","0.8550","0.8550","0.8550","","0.14%"
"10/03/2003","0.8538","0.8538","0.8538","0.8538","","-0.14%"
"10/02/2003","0.8550","0.8550","0.8550","0.8550","","0.00%"
"10/01/2003","0.8550","0.8550","0.8550","0.8550","","0.00%"
"09/30/2003","0.8550","0.8550","0.8550","0.8550","","0.00%"
"09/29/2003","0.8550","0.8550","0.8550","0.8550","","0.00%"
"09/26/2003","0.8550","0.8550","0.8550","0.8550","","0.00%"
"09/25/2003","0.8550","0.8550","0.8550","0.8550","","0.00%"
"09/24/2003","0.8550","0.8550","0.8550","0.8550","","-1.72%"
"09/23/2003","0.8700","0.8700","0.8700","0.8700","","1.75%"
"09/22/2003","0.8550","0.8550","0.8550","0.8550","","0.00%"
"09/19/2003","0.8550","0.8550","0.8550","0.8550","","0.00%"
"09/18/2003","0.8550","0.8550","0.8550","0.8550","","0.00%"
"09/17/2003","0.8550","0.8550","0.8550","0.8550","","-1.61%"
"09/16/2003","0.8690","0.8690","0.8690","0.8690","","0.00%"
"09/15/2003","0.8690","0.8690","0.8690","0.8690","","1.94%"
"09/12/2003","0.8525","0.8525","0.8525","0.8525","","0.29%"
"09/11/2003","0.8500","0.8500","0.8500","0.8500","","-2.19%"
"09/10/2003","0.8690","0.8690","0.8690","0.8690","","2.24%"
"09/09/2003","0.8500","0.8500","0.8500","0.8500","","-0.58%"
"09/08/2003","0.8550","0.8550","0.8550","0.8550","","-1.89%"
"09/05/2003","0.8715","0.8715","0.8715","0.8715","","-0.97%"
"09/04/2003","0.8800","0.8800","0.8800","0.8800","","2.92%"
"09/03/2003","0.8550","0.8550","0.8550","0.8550","","-0.15%"
"09/02/2003","0.8563","0.8563","0.8563","0.8563","","-0.43%"
"09/01/2003","0.8600","0.8600","0.8600","0.8600","","0.58%"
"08/29/2003","0.8550","0.8550","0.8550","0.8550","","-1.78%"
"08/28/2003","0.8705","0.8705","0.8705","0.8705","","0.93%"
"08/27/2003","0.8625","0.8625","0.8625","0.8625","","-0.75%"
"08/26/2003","0.8690","0.8690","0.8690","0.8690","","0.06%"
"08/25/2003","0.8685","0.8685","0.8685","0.8685","","-0.06%"
"08/22/2003","0.8690","0.8690","0.8690","0.8690","","2.24%"
"08/21/2003","0.8500","0.8500","0.8500","0.8500","","-2.19%"
"08/20/2003","0.8690","0.8690","0.8690","0.8690","","1.05%"
"08/19/2003","0.8600","0.8600","0.8600","0.8600","","0.88%"
"08/18/2003","0.8525","0.8525","0.8525","0.8525","","-1.90%"
"08/15/2003","0.8690","0.8690","0.8690","0.8690","","1.64%"
"08/14/2003","0.8550","0.8550","0.8550","0.8550","","1.18%"
"08/13/2003","0.8450","0.8450","0.8450","0.8450","","0.00%"
"08/12/2003","0.8450","0.8450","0.8450","0.8450","","-2.65%"
"08/11/2003","0.8680","0.8680","0.8680","0.8680","","2.87%"
"08/08/2003","0.8438","0.8438","0.8438","0.8438","","-0.79%"
"08/07/2003","0.8505","0.8505","0.8505","0.8505","","0.06%"
"08/06/2003","0.8500","0.8500","0.8500","0.8500","","0.29%"
"08/05/2003","0.8475","0.8475","0.8475","0.8475","","0.30%"
"08/04/2003","0.8450","0.8450","0.8450","0.8450","","-0.59%"
"08/01/2003","0.8500","0.8500","0.8500","0.8500","","0.59%"
"07/31/2003","0.8450","0.8450","0.8450","0.8450","","0.00%"
"07/30/2003","0.8450","0.8450","0.8450","0.8450","","0.00%"
"07/29/2003","0.8450","0.8450","0.8450","0.8450","","0.00%"
"07/28/2003","0.8450","0.8450","0.8450","0.8450","","0.00%"
"07/25/2003","0.8450","0.8450","0.8450","0.8450","","0.00%"
"07/24/2003","0.8450","0.8450","0.8450","0.8450","","0.00%"
"07/23/2003","0.8450","0.8450","0.8450","0.8450","","0.00%"
"07/22/2003","0.8450","0.8450","0.8450","0.8450","","0.00%"
"07/21/2003","0.8450","0.8450","0.8450","0.8450","","0.00%"
"07/18/2003","0.8450","0.8450","0.8450","0.8450","","0.00%"
"07/17/2003","0.8450","0.8450","0.8450","0.8450","","-2.71%"
"07/16/2003","0.8685","0.8685","0.8685","0.8685","","2.78%"
"07/15/2003","0.8450","0.8450","0.8450","0.8450","","0.00%"
"07/14/2003","0.8450","0.8450","0.8450","0.8450","","-2.71%"
"07/11/2003","0.8685","0.8685","0.8685","0.8685","","0.00%"
"07/10/2003","0.8685","0.8685","0.8685","0.8685","","2.78%"
"07/09/2003","0.8450","0.8450","0.8450","0.8450","","0.00%"
"07/08/2003","0.8450","0.8450","0.8450","0.8450","","0.00%"
"07/07/2003","0.8450","0.8450","0.8450","0.8450","","-2.71%"
"07/04/2003","0.8685","0.8685","0.8685","0.8685","","2.78%"
"07/03/2003","0.8450","0.8450","0.8450","0.8450","","0.00%"
"07/02/2003","0.8450","0.8450","0.8450","0.8450","","0.00%"
"07/01/2003","0.8450","0.8450","0.8450","0.8450","","-2.65%"
"06/30/2003","0.8680","0.8680","0.8680","0.8680","","0.00%"
"06/27/2003","0.8680","0.8680","0.8680","0.8680","","2.72%"
"06/26/2003","0.8450","0.8450","0.8450","0.8450","","0.00%"
"06/25/2003","0.8450","0.8450","0.8450","0.8450","","-2.65%"
"06/24/2003","0.8680","0.8680","0.8680","0.8680","","2.12%"
"06/23/2003","0.8500","0.8500","0.8500","0.8500","","0.59%"
"06/20/2003","0.8450","0.8450","0.8450","0.8450","","-2.59%"
"06/19/2003","0.8675","0.8675","0.8675","0.8675","","0.00%"
"06/18/2003","0.8675","0.8675","0.8675","0.8675","","2.66%"
"06/17/2003","0.8450","0.8450","0.8450","0.8450","","-2.59%"
"06/16/2003","0.8675","0.8675","0.8675","0.8675","","0.00%"
"06/13/2003","0.8675","0.8675","0.8675","0.8675","","2.66%"
"06/12/2003","0.8450","0.8450","0.8450","0.8450","","0.00%"
"06/11/2003","0.8450","0.8450","0.8450","0.8450","","0.00%"
"06/10/2003","0.8450","0.8450","0.8450","0.8450","","0.00%"
"06/09/2003","0.8450","0.8450","0.8450","0.8450","","0.00%"
"06/06/2003","0.8450","0.8450","0.8450","0.8450","","-2.46%"
"06/05/2003","0.8663","0.8663","0.8663","0.8663","","0.00%"
"06/04/2003","0.8663","0.8663","0.8663","0.8663","","0.00%"
"06/03/2003","0.8663","0.8663","0.8663","0.8663","","2.82%"
"06/02/2003","0.8425","0.8425","0.8425","0.8425","","-2.88%"
"05/30/2003","0.8675","0.8675","0.8675","0.8675","","2.97%"
"05/29/2003","0.8425","0.8425","0.8425","0.8425","","-2.83%"
"05/28/2003","0.8670","0.8670","0.8670","0.8670","","3.21%"
"05/27/2003","0.8400","0.8400","0.8400","0.8400","","-2.10%"
"05/26/2003","0.8580","0.8580","0.8580","0.8580","","2.45%"
"05/23/2003","0.8375","0.8375","0.8375","0.8375","","-3.11%"
"05/22/2003","0.8644","0.8644","0.8644","0.8644","","2.60%"
"05/21/2003","0.8425","0.8425","0.8425","0.8425","","-2.43%"
"05/20/2003","0.8635","0.8635","0.8635","0.8635","","2.49%"
"05/19/2003","0.8425","0.8425","0.8425","0.8425","","0.00%"
"05/16/2003","0.8425","0.8425","0.8425","0.8425","","0.90%"
"05/15/2003","0.8350","0.8350","0.8350","0.8350","","-1.18%"
"05/14/2003","0.8450","0.8450","0.8450","0.8450","","0.00%"
"05/13/2003","0.8450","0.8450","0.8450","0.8450","","0.60%"
"05/12/2003","0.8400","0.8400","0.8400","0.8400","","-2.72%"
"05/09/2003","0.8635","0.8635","0.8635","0.8635","","2.80%"
"05/08/2003","0.8400","0.8400","0.8400","0.8400","","0.60%"
"05/07/2003","0.8350","0.8350","0.8350","0.8350","","0.00%"
"05/06/2003","0.8350","0.8350","0.8350","0.8350","","-3.30%"
"05/05/2003","0.8635","0.8635","0.8635","0.8635","","3.41%"
"05/02/2003","0.8350","0.8350","0.8350","0.8350","","0.00%"
"05/01/2003","0.8350","0.8350","0.8350","0.8350","","-3.30%"
"04/30/2003","0.8635","0.8635","0.8635","0.8635","","3.41%"
"04/29/2003","0.8350","0.8350","0.8350","0.8350","","0.00%"
"04/28/2003","0.8350","0.8350","0.8350","0.8350","","-0.30%"
"04/25/2003","0.8375","0.8375","0.8375","0.8375","","0.30%"
"04/24/2003","0.8350","0.8350","0.8350","0.8350","","-2.91%"
"04/23/2003","0.8600","0.8600","0.8600","0.8600","","-0.44%"
"04/22/2003","0.8638","0.8638","0.8638","0.8638","","0.03%"
"04/21/2003","0.8635","0.8635","0.8635","0.8635","","0.00%"
"04/18/2003","0.8635","0.8635","0.8635","0.8635","","0.00%"
"04/17/2003","0.8635","0.8635","0.8635","0.8635","","3.10%"
"04/16/2003","0.8375","0.8375","0.8375","0.8375","","0.18%"
"04/15/2003","0.8360","0.8360","0.8360","0.8360","","-3.58%"
"04/14/2003","0.8670","0.8670","0.8670","0.8670","","0.55%"
"04/11/2003","0.8623","0.8623","0.8623","0.8623","","0.20%"
"04/10/2003","0.8606","0.8606","0.8606","0.8606","","0.00%"
"04/09/2003","0.8606","0.8606","0.8606","0.8606","","3.07%"
"04/08/2003","0.8350","0.8350","0.8350","0.8350","","-0.30%"
"04/07/2003","0.8375","0.8375","0.8375","0.8375","","-0.30%"
"04/04/2003","0.8400","0.8400","0.8400","0.8400","","0.60%"
"04/03/2003","0.8350","0.8350","0.8350","0.8350","","-0.48%"
"04/02/2003","0.8390","0.8390","0.8390","0.8390","","-2.28%"
"04/01/2003","0.8586","0.8586","0.8586","0.8586","","2.52%"
"03/31/2003","0.8375","0.8375","0.8375","0.8375","","-0.30%"
"03/28/2003","0.8400","0.8400","0.8400","0.8400","","0.00%"
"03/27/2003","0.8400","0.8400","0.8400","0.8400","","-2.33%"
"03/26/2003","0.8600","0.8600","0.8600","0.8600","","2.08%"
"03/25/2003","0.8425","0.8425","0.8425","0.8425","","0.90%"
"03/24/2003","0.8350","0.8350","0.8350","0.8350","","-3.08%"
"03/21/2003","0.8615","0.8615","0.8615","0.8615","","3.17%"
"03/20/2003","0.8350","0.8350","0.8350","0.8350","","0.00%"
"03/19/2003","0.8350","0.8350","0.8350","0.8350","","0.48%"
"03/18/2003","0.8310","0.8310","0.8310","0.8310","","-0.18%"
"03/17/2003","0.8325","0.8325","0.8325","0.8325","","-0.18%"
"03/14/2003","0.8340","0.8340","0.8340","0.8340","","-0.12%"
"03/13/2003","0.8350","0.8350","0.8350","0.8350","","0.12%"
"03/12/2003","0.8340","0.8340","0.8340","0.8340","","0.48%"
"03/11/2003","0.8300","0.8300","0.8300","0.8300","","-2.81%"
"03/10/2003","0.8540","0.8540","0.8540","0.8540","","7.08%"
"03/07/2003","0.7975","0.7975","0.7975","0.7975","","-3.92%"
"03/06/2003","0.8300","0.8300","0.8300","0.8300","","-0.90%"
"03/05/2003","0.8375","0.8375","0.8375","0.8375","","0.78%"
"03/04/2003","0.8310","0.8310","0.8310","0.8310","","0.12%"
"03/03/2003","0.8300","0.8300","0.8300","0.8300","","0.00%"
"02/28/2003","0.8300","0.8300","0.8300","0.8300","","0.00%"
"02/27/2003","0.8300","0.8300","0.8300","0.8300","","0.00%"
"02/26/2003","0.8300","0.8300","0.8300","0.8300","","0.30%"
"02/25/2003","0.8275","0.8275","0.8275","0.8275","","-0.90%"
"02/24/2003","0.8350","0.8350","0.8350","0.8350","","0.12%"
"02/21/2003","0.8340","0.8340","0.8340","0.8340","","-0.12%"
"02/20/2003","0.8350","0.8350","0.8350","0.8350","","-0.30%"
"02/19/2003","0.8375","0.8375","0.8375","0.8375","","1.21%"
"02/18/2003","0.8275","0.8275","0.8275","0.8275","","-2.93%"
"02/17/2003","0.8525","0.8525","0.8525","0.8525","","2.71%"
"02/14/2003","0.8300","0.8300","0.8300","0.8300","","-0.36%"
"02/13/2003","0.8330","0.8330","0.8330","0.8330","","0.97%"
"02/12/2003","0.8250","0.8250","0.8250","0.8250","","-1.20%"
"02/11/2003","0.8350","0.8350","0.8350","0.8350","","-2.34%"
"02/10/2003","0.8550","0.8550","0.8550","0.8550","","0.74%"
"02/07/2003","0.8487","0.8487","0.8487","0.8487","","1.34%"
"02/06/2003","0.8375","0.8375","0.8375","0.8375","","0.30%"
"02/05/2003","0.8350","0.8350","0.8350","0.8350","","0.42%"
"02/04/2003","0.8315","0.8315","0.8315","0.8315","","-0.78%"
"02/03/2003","0.8380","0.8380","0.8380","0.8380","","0.06%"
"01/31/2003","0.8375","0.8375","0.8375","0.8375","","0.30%"
"01/30/2003","0.8350","0.8350","0.8350","0.8350","","0.00%"
"01/29/2003","0.8350","0.8350","0.8350","0.8350","","0.00%"
"01/28/2003","0.8350","0.8350","0.8350","0.8350","","0.12%"
"01/27/2003","0.8340","0.8340","0.8340","0.8340","","0.06%"
"01/24/2003","0.8335","0.8335","0.8335","0.8335","","-0.48%"
"01/23/2003","0.8375","0.8375","0.8375","0.8375","","0.30%"
"01/22/2003","0.8350","0.8350","0.8350","0.8350","","1.21%"
"01/21/2003","0.8250","0.8250","0.8250","0.8250","","-2.08%"
"01/20/2003","0.8425","0.8425","0.8425","0.8425","","1.75%"
"01/17/2003","0.8280","0.8280","0.8280","0.8280","","-0.66%"
"01/16/2003","0.8335","0.8335","0.8335","0.8335","","0.73%"
"01/15/2003","0.8275","0.8275","0.8275","0.8275","","0.00%"
"01/14/2003","0.8275","0.8275","0.8275","0.8275","","-0.54%"
"01/13/2003","0.8320","0.8320","0.8320","0.8320","","0.54%"
"01/10/2003","0.8275","0.8275","0.8275","0.8275","","-0.16%"
"01/09/2003","0.8288","0.8288","0.8288","0.8288","","0.16%"
"01/08/2003","0.8275","0.8275","0.8275","0.8275","","0.30%"
"01/07/2003","0.8250","0.8250","0.8250","0.8250","","-2.08%"
"01/06/2003","0.8425","0.8425","0.8425","0.8425","","0.30%"
"01/03/2003","0.8400","0.8400","0.8400","0.8400","","0.00%"
"01/02/2003","0.8400","0.8400","0.8400","0.8400","","0.57%"
"01/01/2003","0.8352","0.8352","0.8352","0.8352","","0.00%"