"Date","Price","Open","High","Low","Vol.","Change %"
"03/31/2022","2,315.00","2,320.00","2,327.00","2,315.50","0.07K","0.00%"
"03/30/2022","2,315.00","2,321.00","2,322.00","2,316.00","0.04K","0.00%"
"03/29/2022","2,315.00","2,320.00","2,322.00","2,312.00","0.05K","0.00%"
"03/28/2022","2,315.00","2,320.00","2,321.00","2,313.00","0.05K","0.00%"
"03/25/2022","2,315.00","2,319.00","2,321.00","2,312.00","0.08K","0.00%"
"03/24/2022","2,315.00","2,318.00","2,321.00","2,316.00","0.05K","0.00%"
"03/23/2022","2,315.00","2,318.00","2,320.50","2,316.00","0.06K","0.00%"
"03/22/2022","2,315.00","2,316.00","2,320.00","2,310.00","0.06K","0.09%"
"03/21/2022","2,313.00","2,316.00","2,320.00","2,315.00","0.06K","0.00%"
"03/18/2022","2,313.00","2,316.00","2,318.00","2,312.50","0.03K","0.04%"
"03/17/2022","2,312.00","2,316.00","2,317.50","2,312.00","0.05K","0.00%"
"03/16/2022","2,312.00","2,316.00","2,317.00","2,315.00","0.04K","0.04%"
"03/15/2022","2,311.00","2,316.00","2,317.00","2,314.50","0.04K","0.00%"
"03/14/2022","2,311.00","2,316.00","2,316.00","2,310.00","0.05K","0.00%"
"03/11/2022","2,311.00","2,315.00","2,316.50","2,311.50","0.03K","0.00%"
"03/10/2022","2,311.00","2,316.00","2,316.00","2,314.00","0.02K","0.04%"
"03/09/2022","2,310.00","2,315.00","2,316.00","2,313.00","0.02K","-0.04%"
"03/08/2022","2,311.00","2,315.00","2,316.00","2,312.00","0.03K","0.00%"
"03/07/2022","2,311.00","2,315.00","2,316.50","2,315.00","0.02K","0.00%"
"03/04/2022","2,311.00","2,315.00","2,316.00","2,313.00","0.02K","0.00%"
"03/03/2022","2,311.00","2,315.00","2,316.00","2,314.50","0.02K","0.00%"
"03/02/2022","2,311.00","2,309.00","2,316.00","2,314.00","0.02K","0.04%"
"03/01/2022","2,310.00","2,315.00","2,316.00","2,313.00","0.03K","0.00%"
"02/28/2022","2,310.00","2,313.00","2,316.00","2,312.00","0.05K","0.00%"
"02/25/2022","2,310.00","2,314.00","2,316.00","2,313.00","0.03K","0.00%"
"02/24/2022","2,310.00","2,315.00","2,316.00","2,313.50","0.03K","0.04%"
"02/23/2022","2,309.00","2,314.00","2,316.00","2,312.50","0.03K","0.00%"
"02/22/2022","2,309.00","2,313.00","2,314.00","2,313.00","0.03K","0.00%"
"02/21/2022","2,309.00","2,313.00","2,315.00","2,312.00","0.02K","-0.04%"
"02/18/2022","2,310.00","2,313.00","2,315.00","2,313.00","0.03K","0.00%"
"02/17/2022","2,310.00","2,314.00","2,315.00","2,312.00","0.04K","0.00%"
"02/16/2022","2,310.00","2,313.50","2,318.00","2,308.00","0.07K","0.13%"
"02/15/2022","2,307.00","2,312.00","2,314.00","2,311.50","0.04K","-0.09%"
"02/14/2022","2,309.00","2,312.00","2,314.50","2,309.50","0.03K","0.00%"
"02/11/2022","2,309.00","2,312.00","2,314.00","2,310.00","0.04K","0.00%"
"02/10/2022","2,309.00","2,312.00","2,314.00","2,310.00","0.03K","0.00%"
"02/09/2022","2,309.00","2,312.00","2,316.00","2,307.00","0.04K","0.04%"
"02/08/2022","2,308.00","2,312.00","2,313.00","2,307.00","0.03K","0.00%"
"02/07/2022","2,308.00","2,312.00","2,313.00","2,307.00","0.04K","0.00%"
"02/04/2022","2,308.00","2,310.00","2,313.00","2,306.50","0.04K","0.00%"
"02/03/2022","2,308.00","2,310.00","2,319.00","2,310.00","0.03K","0.04%"
"02/02/2022","2,307.00","2,312.00","2,319.00","2,309.50","0.08K","0.00%"
"02/01/2022","2,307.00","2,309.00","2,312.00","2,307.00","0.06K","0.04%"
"01/31/2022","2,306.00","2,310.00","2,313.00","2,307.00","0.03K","0.04%"
"01/28/2022","2,305.00","2,310.00","2,313.00","2,307.00","0.02K","0.00%"
"01/27/2022","2,305.00","2,311.00","2,311.00","2,308.00","0.03K","0.00%"
"01/26/2022","2,305.00","2,309.50","2,311.00","2,308.00","0.04K","0.00%"
"01/25/2022","2,305.00","2,310.00","2,311.00","2,308.00","0.03K","0.00%"
"01/24/2022","2,305.00","2,310.00","2,310.00","2,304.00","0.06K","0.00%"
"01/21/2022","2,305.00","2,310.00","2,310.50","2,308.00","0.02K","0.00%"
"01/20/2022","2,305.00","2,300.00","2,310.00","2,300.00","0.12K","0.04%"
"01/19/2022","2,304.00","2,300.00","2,309.50","2,300.00","0.04K","0.04%"
"01/18/2022","2,303.00","2,300.00","2,308.00","2,300.00","0.02K","0.00%"
"01/17/2022","2,303.00","2,300.00","2,308.50","2,300.00","0.02K","0.04%"
"01/14/2022","2,302.00","2,300.00","2,308.50","2,300.00","0.04K","0.00%"
"01/13/2022","2,302.00","2,300.00","2,308.00","2,300.00","0.03K","0.00%"
"01/12/2022","2,302.00","2,300.00","2,307.00","2,300.00","0.00K","0.00%"
"01/11/2022","2,302.00","2,300.00","2,308.50","2,300.00","0.02K","0.00%"
"01/10/2022","2,302.00","2,300.00","2,308.50","2,300.00","0.04K","-0.04%"
"01/07/2022","2,303.00","2,300.00","2,308.00","2,300.00","0.03K","0.04%"
"01/06/2022","2,302.00","2,300.00","2,308.00","2,300.00","0.03K","0.00%"
"01/05/2022","2,302.00","2,300.00","2,307.00","2,300.00","0.04K","0.00%"
"01/04/2022","2,302.00","2,300.00","2,309.00","2,300.00","0.05K","0.04%"
"01/03/2022","2,301.00","2,300.00","2,307.00","2,300.00","0.02K","0.00%"
"12/31/2021","2,301.00","2,300.00","2,306.00","2,300.00","0.03K","0.00%"
"12/30/2021","2,301.00","2,300.00","2,307.00","2,300.00","0.02K","0.00%"
"12/29/2021","2,301.00","2,300.00","2,306.00","2,300.00","0.01K","0.04%"
"12/28/2021","2,300.00","2,300.00","2,307.00","2,300.00","0.02K","0.00%"
"12/27/2021","2,300.00","2,300.00","2,307.00","2,300.00","0.05K","-0.04%"
"12/24/2021","2,301.00","2,300.00","2,307.00","2,300.00","0.02K","0.00%"
"12/23/2021","2,301.00","2,300.00","2,310.00","2,300.00","0.03K","0.00%"
"12/22/2021","2,301.00","2,300.00","2,310.00","2,300.00","0.04K","0.04%"
"12/21/2021","2,300.00","2,300.00","2,307.00","2,300.00","0.03K","0.00%"
"12/20/2021","2,300.00","2,300.00","2,306.50","2,300.00","0.03K","0.00%"
"12/17/2021","2,300.00","2,300.00","2,308.50","2,300.00","0.05K","0.00%"
"12/16/2021","2,300.00","2,300.00","2,305.00","2,300.00","0.04K","0.00%"
"12/15/2021","2,300.00","2,300.00","2,307.50","2,300.00","0.04K","0.00%"
"12/14/2021","2,300.00","2,300.00","2,307.50","2,300.00","0.04K","0.00%"
"12/13/2021","2,300.00","2,300.00","2,306.00","2,300.00","0.05K","0.09%"
"12/10/2021","2,298.00","2,300.00","2,307.50","2,300.00","0.04K","0.00%"
"12/09/2021","2,298.00","2,300.00","2,303.00","2,300.00","0.01K","0.00%"
"12/08/2021","2,298.00","2,300.00","2,306.50","2,300.00","0.08K","0.00%"
"12/07/2021","2,298.00","2,300.00","2,306.00","2,300.00","0.03K","0.00%"
"12/06/2021","2,298.00","2,300.00","2,305.00","2,300.00","0.04K","0.00%"
"12/03/2021","2,298.00","2,300.00","2,306.00","2,300.00","0.04K","-0.04%"
"12/02/2021","2,299.00","2,300.00","2,304.00","2,300.00","0.02K","0.04%"
"12/01/2021","2,298.00","2,300.00","2,308.50","2,300.00","0.04K","0.00%"
"11/30/2021","2,298.00","2,300.00","2,303.00","2,300.00","0.02K","0.00%"
"11/29/2021","2,298.00","2,300.00","2,305.00","2,300.00","0.04K","0.00%"
"11/26/2021","2,298.00","2,300.00","2,305.00","2,300.00","0.02K","0.00%"
"11/25/2021","2,298.00","2,300.00","2,305.00","2,300.00","0.03K","0.00%"
"11/24/2021","2,298.00","2,300.00","2,304.00","2,300.00","0.04K","0.04%"
"11/23/2021","2,297.00","2,300.00","2,304.00","2,300.00","0.03K","0.00%"
"11/22/2021","2,297.00","2,300.00","2,305.00","2,300.00","0.03K","0.00%"
"11/19/2021","2,297.00","2,300.00","2,305.00","2,300.00","0.05K","0.00%"
"11/18/2021","2,297.00","2,300.00","2,305.00","2,300.00","0.05K","0.04%"
"11/17/2021","2,296.00","2,300.00","2,303.00","2,300.00","0.02K","0.00%"
"11/16/2021","2,296.00","2,300.00","2,305.00","2,300.00","0.04K","0.00%"
"11/15/2021","2,296.00","2,300.00","2,305.00","2,300.00","0.03K","0.00%"
"11/12/2021","2,296.00","2,300.00","2,305.00","2,300.00","0.05K","0.00%"
"11/11/2021","2,296.00","2,300.00","2,305.00","2,300.00","0.04K","-0.04%"
"11/10/2021","2,297.00","2,300.00","2,305.00","2,300.00","0.03K","0.00%"
"11/09/2021","2,297.00","2,300.00","2,305.00","2,300.00","0.04K","0.00%"
"11/08/2021","2,297.00","2,300.00","2,305.00","2,300.00","0.05K","0.04%"
"11/05/2021","2,296.00","2,300.00","2,305.00","2,300.00","0.04K","0.00%"
"11/04/2021","2,296.00","2,300.00","2,305.50","2,300.00","0.04K","-0.09%"
"11/03/2021","2,298.00","2,303.00","2,305.50","2,300.00","0.07K","0.00%"
"11/02/2021","2,298.00","2,303.00","2,306.50","2,300.00","0.10K","0.00%"
"11/01/2021","2,298.00","2,300.00","2,306.00","2,300.00","0.11K","-0.09%"
"10/29/2021","2,300.00","2,300.00","2,305.50","2,300.00","0.01K","0.22%"
"10/28/2021","2,295.00","2,305.00","2,309.00","2,300.00","0.03K","-0.30%"
"10/27/2021","2,302.00","2,300.00","2,309.00","2,300.00","0.03K","0.09%"
"10/26/2021","2,300.00","2,300.00","2,305.50","2,300.00","0.03K","0.00%"
"10/25/2021","2,300.00","2,300.00","2,307.00","2,300.00","0.02K","0.00%"
"10/22/2021","2,300.00","2,300.00","2,309.00","2,300.00","0.03K","0.00%"
"10/21/2021","2,300.00","2,300.00","2,307.00","2,300.00","0.03K","0.00%"
"10/20/2021","2,300.00","2,300.00","2,309.00","2,300.00","0.02K","0.00%"
"10/19/2021","2,300.00","2,300.00","2,305.00","2,300.00","0.00K","0.00%"
"10/18/2021","2,300.00","2,300.00","2,309.00","2,300.00","0.05K","0.00%"
"10/15/2021","2,300.00","2,300.00","2,311.50","2,300.00","0.04K","0.00%"
"10/14/2021","2,300.00","2,300.00","2,305.00","2,300.00","0.01K","0.00%"
"10/13/2021","2,300.00","2,300.00","2,309.00","2,300.00","0.05K","0.04%"
"10/12/2021","2,299.00","2,300.00","2,319.00","2,300.00","0.06K","-0.13%"
"10/11/2021","2,302.00","2,300.00","2,307.00","2,300.00","0.04K","0.13%"
"10/08/2021","2,299.00","2,300.00","2,309.00","2,300.00","0.04K","-0.13%"
"10/07/2021","2,302.00","2,300.00","2,307.00","2,300.00","0.03K","0.00%"
"10/06/2021","2,302.00","2,300.00","2,308.00","2,300.00","0.04K","0.09%"
"10/05/2021","2,300.00","2,300.00","2,310.00","2,300.00","0.05K","0.00%"
"10/04/2021","2,300.00","2,300.00","2,312.00","2,300.00","0.06K","0.00%"
"10/01/2021","2,300.00","2,300.00","2,310.00","2,300.00","0.05K","-0.04%"
"09/30/2021","2,301.00","2,319.00","2,319.00","2,304.50","0.08K","-0.17%"
"09/29/2021","2,305.00","2,310.00","2,319.00","2,304.00","0.08K","0.04%"
"09/28/2021","2,304.00","2,313.00","2,319.00","2,307.00","0.12K","-0.09%"
"09/27/2021","2,306.00","2,315.00","2,319.00","2,309.00","0.09K","-0.35%"
"09/24/2021","2,314.00","2,315.00","2,319.00","2,309.00","0.10K","0.17%"
"09/23/2021","2,310.00","2,319.00","2,322.50","2,309.00","0.17K","-0.04%"
"09/22/2021","2,311.00","2,319.00","2,319.00","2,316.00","0.04K","-0.13%"
"09/21/2021","2,314.00","2,319.00","2,319.50","2,317.50","0.04K","0.00%"
"09/20/2021","2,314.00","2,319.00","2,320.00","2,318.00","0.02K","0.00%"
"09/17/2021","2,314.00","2,319.00","2,319.50","2,318.00","0.02K","0.00%"
"09/16/2021","2,314.00","2,319.00","2,319.00","2,318.50","0.01K","0.00%"
"09/15/2021","2,314.00","2,319.00","2,319.00","2,315.00","0.02K","0.00%"
"09/14/2021","2,314.00","2,319.00","2,319.00","2,318.00","0.01K","0.00%"
"09/13/2021","2,314.00","2,319.00","2,319.00","2,318.50","0.01K","0.04%"
"09/10/2021","2,313.00","2,319.00","2,319.00","2,318.00","0.02K","-0.04%"
"09/09/2021","2,314.00","2,319.00","2,320.00","2,318.00","0.03K","0.00%"
"09/08/2021","2,314.00","2,319.00","2,319.00","2,318.00","0.01K","0.00%"
"09/07/2021","2,314.00","2,319.00","2,319.00","2,318.00","0.01K","0.00%"
"09/06/2021","2,314.00","2,319.00","2,319.00","2,318.00","0.01K","0.00%"
"09/03/2021","2,314.00","2,319.00","2,320.00","2,318.50","0.02K","0.00%"
"09/02/2021","2,314.00","2,319.00","2,320.00","2,318.00","0.02K","0.00%"
"09/01/2021","2,314.00","2,319.00","2,319.00","2,318.00","0.01K","0.00%"
"08/31/2021","2,314.00","2,319.00","2,319.00","2,318.00","0.01K","0.00%"
"08/30/2021","2,314.00","2,319.00","2,320.00","2,318.00","0.03K","0.00%"
"08/27/2021","2,314.00","2,319.00","2,319.00","2,318.00","0.01K","0.00%"
"08/26/2021","2,314.00","2,319.00","2,319.00","2,318.00","0.02K","0.00%"
"08/25/2021","2,314.00","2,319.00","2,319.50","2,318.00","0.03K","0.00%"
"08/24/2021","2,314.00","2,319.00","2,320.00","2,318.00","0.02K","0.00%"
"08/23/2021","2,314.00","2,319.00","2,320.00","2,318.00","0.02K","0.00%"
"08/20/2021","2,314.00","2,319.00","2,320.00","2,318.00","0.02K","0.00%"
"08/19/2021","2,314.00","2,319.00","2,320.00","2,318.00","0.03K","0.00%"
"08/18/2021","2,314.00","2,318.50","2,319.00","2,318.00","0.01K","0.00%"
"08/17/2021","2,314.00","2,319.00","2,319.00","2,318.00","0.01K","0.00%"
"08/16/2021","2,314.00","2,319.00","2,319.00","2,318.00","0.01K","0.00%"
"08/13/2021","2,314.00","2,319.00","2,319.00","2,318.50","0.01K","0.00%"
"08/12/2021","2,314.00","2,319.00","2,319.00","2,318.00","0.01K","0.00%"
"08/11/2021","2,314.00","2,319.00","2,319.00","2,318.00","0.02K","0.00%"
"08/10/2021","2,314.00","2,319.00","2,319.00","2,318.00","0.01K","0.04%"
"08/09/2021","2,313.00","2,319.00","2,319.00","2,318.00","0.02K","-0.04%"
"08/06/2021","2,314.00","2,319.00","2,319.00","2,318.00","0.01K","0.00%"
"08/05/2021","2,314.00","2,319.00","2,319.00","2,318.00","0.01K","0.00%"
"08/04/2021","2,314.00","2,319.00","2,319.00","2,318.00","0.01K","0.00%"
"08/03/2021","2,314.00","2,319.00","2,319.00","2,318.00","0.01K","0.00%"
"08/02/2021","2,314.00","2,319.00","2,319.50","2,318.50","0.01K","0.00%"
"07/30/2021","2,314.00","2,319.00","2,319.00","2,318.00","0.01K","0.00%"
"07/29/2021","2,314.00","2,319.00","2,319.00","2,318.00","0.01K","0.00%"
"07/28/2021","2,314.00","2,318.50","2,319.00","2,318.00","0.02K","0.00%"
"07/27/2021","2,314.00","2,319.00","2,319.50","2,318.00","0.02K","0.00%"
"07/26/2021","2,314.00","2,319.00","2,319.00","2,318.00","0.01K","0.00%"
"07/23/2021","2,314.00","2,319.00","2,319.00","2,318.00","0.01K","0.00%"
"07/22/2021","2,314.00","2,319.00","2,319.00","2,318.50","0.01K","0.00%"
"07/21/2021","2,314.00","2,319.00","2,319.00","2,319.00","","0.00%"
"07/20/2021","2,314.00","2,319.00","2,319.00","2,318.50","0.01K","0.00%"
"07/19/2021","2,314.00","2,319.00","2,319.00","2,318.00","0.01K","0.00%"
"07/16/2021","2,314.00","2,319.00","2,319.00","2,318.00","0.01K","0.00%"
"07/15/2021","2,314.00","2,319.00","2,319.00","2,318.50","0.01K","0.00%"
"07/14/2021","2,314.00","2,319.00","2,319.00","2,318.50","0.01K","0.00%"
"07/13/2021","2,314.00","2,319.50","2,319.50","2,318.00","0.02K","0.00%"
"07/12/2021","2,314.00","2,319.00","2,319.00","2,318.00","0.01K","0.00%"
"07/09/2021","2,314.00","2,319.00","2,319.50","2,318.00","0.02K","0.00%"
"07/08/2021","2,314.00","2,319.00","2,319.00","2,318.50","0.01K","0.00%"
"07/06/2021","2,314.00","2,319.00","2,319.00","2,318.00","0.02K","0.00%"
"07/05/2021","2,314.00","2,319.00","2,319.50","2,318.50","0.01K","0.00%"
"07/02/2021","2,314.00","2,319.00","2,319.00","2,318.50","0.01K","0.00%"
"07/01/2021","2,314.00","2,319.00","2,319.00","2,318.50","0.00K","0.00%"
"06/30/2021","2,314.00","2,319.00","2,319.50","2,318.00","0.02K","0.00%"
"06/29/2021","2,314.00","2,319.00","2,319.50","2,318.00","0.02K","0.00%"
"06/28/2021","2,314.00","2,319.00","2,319.50","2,318.00","0.02K","0.00%"
"06/25/2021","2,314.00","2,319.00","2,319.00","2,317.00","0.03K","0.00%"
"06/24/2021","2,314.00","2,319.00","2,319.00","2,319.00","","0.00%"
"06/23/2021","2,314.00","2,318.50","2,319.00","2,318.50","0.02K","0.00%"
"06/22/2021","2,314.00","2,318.50","2,319.00","2,318.50","0.02K","0.00%"
"06/21/2021","2,314.00","2,319.00","2,319.00","2,318.50","0.01K","0.00%"
"06/18/2021","2,314.00","2,319.00","2,319.00","2,314.00","0.03K","0.00%"
"06/17/2021","2,314.00","2,319.00","2,319.00","2,318.00","0.01K","0.00%"
"06/16/2021","2,314.00","2,318.50","2,319.00","2,318.50","0.01K","0.00%"
"06/15/2021","2,314.00","2,319.00","2,319.00","2,318.50","0.00K","0.00%"
"06/14/2021","2,314.00","2,319.00","2,319.00","2,318.50","0.01K","0.04%"
"06/11/2021","2,313.00","2,319.00","2,319.00","2,318.50","0.02K","0.00%"
"06/10/2021","2,313.00","2,319.00","2,320.00","2,318.00","0.02K","-0.04%"
"06/09/2021","2,314.00","2,318.50","2,319.50","2,318.00","0.03K","0.00%"
"06/08/2021","2,314.00","2,319.00","2,319.00","2,318.00","0.01K","0.00%"
"06/07/2021","2,314.00","2,319.00","2,319.00","2,318.50","0.00K","0.00%"
"06/04/2021","2,314.00","2,319.00","2,319.00","2,318.50","0.01K","0.00%"
"06/03/2021","2,314.00","2,319.00","2,319.00","2,318.00","0.01K","0.00%"
"06/02/2021","2,314.00","2,318.50","2,319.00","2,318.00","0.02K","0.00%"
"06/01/2021","2,314.00","2,319.00","2,319.00","2,318.50","0.00K","0.00%"
"05/31/2021","2,314.00","2,319.00","2,319.00","2,318.50","0.02K","0.00%"
"05/28/2021","2,314.00","2,319.00","2,319.00","2,318.50","0.01K","0.00%"
"05/27/2021","2,314.00","2,318.50","2,319.00","2,318.50","0.01K","0.00%"
"05/26/2021","2,314.00","2,319.00","2,319.00","2,318.50","0.01K","0.00%"
"05/25/2021","2,314.00","2,318.50","2,319.00","2,318.50","0.02K","0.00%"
"05/24/2021","2,314.00","2,319.00","2,319.00","2,318.50","0.01K","0.00%"
"05/21/2021","2,314.00","2,319.00","2,319.00","2,318.50","0.02K","0.00%"
"05/20/2021","2,314.00","2,319.00","2,319.00","2,318.50","0.00K","0.00%"
"05/19/2021","2,314.00","2,319.00","2,319.00","2,318.00","0.01K","0.00%"
"05/18/2021","2,314.00","2,318.50","2,319.00","2,318.50","0.01K","0.00%"
"05/17/2021","2,314.00","2,319.00","2,319.00","2,318.50","0.00K","0.04%"
"05/13/2021","2,313.00","2,319.00","2,319.00","2,318.00","0.02K","-0.04%"
"05/12/2021","2,314.00","2,319.00","2,319.00","2,318.00","0.01K","0.00%"
"05/11/2021","2,314.00","2,319.00","2,319.00","2,318.00","0.02K","0.00%"
"05/10/2021","2,314.00","2,319.00","2,319.00","2,318.00","0.01K","0.00%"
"05/07/2021","2,314.00","2,319.00","2,319.00","2,318.00","0.02K","0.00%"
"05/06/2021","2,314.00","2,318.50","2,319.00","2,318.00","0.02K","0.00%"
"05/05/2021","2,314.00","2,319.00","2,319.00","2,318.00","0.02K","0.00%"
"05/04/2021","2,314.00","2,319.00","2,319.50","2,318.00","0.03K","0.00%"
"05/03/2021","2,314.00","2,319.00","2,319.00","2,318.00","0.01K","0.00%"
"04/30/2021","2,314.00","2,319.00","2,319.00","2,318.50","0.01K","0.00%"
"04/29/2021","2,314.00","2,319.00","2,319.00","2,319.00","","0.00%"
"04/28/2021","2,314.00","2,319.00","2,319.00","2,318.50","0.01K","0.00%"
"04/27/2021","2,314.00","2,319.00","2,319.00","2,318.00","0.02K","0.00%"
"04/23/2021","2,314.00","2,318.50","2,319.00","2,318.00","0.02K","0.00%"
"04/22/2021","2,314.00","2,319.00","2,319.00","2,318.00","0.02K","0.00%"
"04/21/2021","2,314.00","2,319.00","2,319.00","2,318.00","0.01K","0.00%"
"04/20/2021","2,314.00","2,319.00","2,319.00","2,318.50","0.01K","0.00%"
"04/19/2021","2,314.00","2,319.00","2,319.00","2,318.50","0.01K","0.00%"
"04/16/2021","2,314.00","2,318.50","2,319.00","2,318.00","0.02K","0.00%"
"04/15/2021","2,314.00","2,319.00","2,319.00","2,318.00","0.02K","0.00%"
"04/14/2021","2,314.00","2,319.00","2,319.00","2,318.00","0.02K","0.00%"
"04/13/2021","2,314.00","2,319.00","2,319.00","2,318.00","0.01K","0.00%"
"04/12/2021","2,314.00","2,319.00","2,319.00","2,318.00","0.01K","0.00%"
"04/09/2021","2,314.00","2,319.00","2,319.50","2,318.00","0.02K","0.00%"
"04/08/2021","2,314.00","2,319.00","2,319.00","2,318.00","0.01K","0.00%"
"04/06/2021","2,314.00","2,319.00","2,319.00","2,318.00","0.02K","0.00%"
"04/02/2021","2,314.00","2,319.00","2,319.00","2,319.00","","0.00%"
"04/01/2021","2,314.00","2,319.00","2,319.00","2,318.00","0.02K","0.00%"
"03/31/2021","2,314.00","2,319.00","2,319.00","2,318.00","0.02K","0.00%"
"03/30/2021","2,314.00","2,319.00","2,319.00","2,318.00","0.02K","0.00%"
"03/29/2021","2,314.00","2,319.00","2,319.00","2,318.00","0.01K","0.00%"
"03/25/2021","2,314.00","2,319.00","2,319.00","2,318.00","0.02K","0.00%"
"03/24/2021","2,314.00","2,317.00","2,319.50","2,316.00","0.02K","0.00%"
"03/23/2021","2,314.00","2,319.00","2,319.00","2,318.00","0.02K","0.00%"
"03/19/2021","2,314.00","2,319.00","2,319.00","2,318.00","0.02K","0.00%"
"03/18/2021","2,314.00","2,319.00","2,319.00","2,318.00","0.02K","0.00%"
"03/17/2021","2,314.00","2,318.50","2,319.00","2,318.50","0.01K","0.00%"
"03/16/2021","2,314.00","2,319.00","2,319.00","2,318.50","0.00K","0.00%"
"03/15/2021","2,314.00","2,318.50","2,319.00","2,318.50","0.01K","0.00%"
"03/12/2021","2,314.00","2,319.00","2,319.00","2,318.50","0.01K","0.00%"
"03/11/2021","2,314.00","2,319.00","2,319.50","2,318.00","0.01K","0.00%"
"03/10/2021","2,314.00","2,318.50","2,319.00","2,318.00","0.02K","0.00%"
"03/09/2021","2,314.00","2,318.50","2,319.00","2,318.50","0.01K","0.00%"
"03/08/2021","2,314.00","2,319.00","2,319.00","2,318.00","0.02K","0.00%"
"03/05/2021","2,314.00","2,319.00","2,319.50","2,318.00","0.02K","0.00%"
"03/04/2021","2,314.00","2,319.50","2,319.50","2,316.50","0.03K","0.00%"
"03/03/2021","2,314.00","2,318.50","2,319.50","2,318.50","0.02K","0.00%"
"03/02/2021","2,314.00","2,319.00","2,319.50","2,318.50","0.01K","0.00%"
"03/01/2021","2,314.00","2,319.00","2,319.00","2,318.00","0.01K","0.00%"
"02/26/2021","2,314.00","2,319.00","2,319.50","2,318.50","0.01K","0.00%"
"02/25/2021","2,314.00","2,319.50","2,319.50","2,315.00","0.03K","0.00%"
"02/24/2021","2,314.00","2,319.00","2,319.50","2,318.50","0.02K","0.00%"
"02/23/2021","2,314.00","2,319.00","2,319.00","2,318.50","0.01K","0.00%"
"02/22/2021","2,314.00","2,318.50","2,319.50","2,318.50","0.02K","0.00%"
"02/19/2021","2,314.00","2,319.00","2,319.50","2,318.00","0.01K","0.00%"
"02/18/2021","2,314.00","2,319.00","2,320.00","2,318.50","0.02K","0.00%"
"02/17/2021","2,314.00","2,318.50","2,319.50","2,318.50","0.01K","0.00%"
"02/16/2021","2,314.00","2,319.00","2,319.00","2,318.50","0.01K","0.00%"
"02/15/2021","2,314.00","2,319.00","2,319.00","2,318.00","0.01K","0.00%"
"02/12/2021","2,314.00","2,319.00","2,319.00","2,317.00","0.03K","0.00%"
"02/11/2021","2,314.00","2,318.50","2,319.00","2,318.00","0.04K","0.00%"
"02/10/2021","2,314.00","2,319.00","2,319.00","2,318.50","0.01K","-0.30%"
"02/09/2021","2,321.00","2,319.00","2,327.00","2,318.50","0.02K","0.30%"
"02/08/2021","2,314.00","2,319.00","2,319.00","2,318.00","0.02K","0.00%"
"02/05/2021","2,314.00","2,319.00","2,320.00","2,318.00","0.02K","0.00%"
"02/04/2021","2,314.00","2,319.00","2,322.00","2,317.50","0.03K","0.00%"
"02/03/2021","2,314.00","2,317.00","2,319.50","2,316.50","0.02K","0.00%"
"02/02/2021","2,314.00","2,319.00","2,319.00","2,318.50","0.02K","0.00%"
"02/01/2021","2,314.00","2,319.00","2,319.00","2,316.50","0.02K","0.00%"
"01/29/2021","2,314.00","2,319.00","2,319.00","2,318.00","0.01K","0.00%"
"01/28/2021","2,314.00","2,319.00","2,319.00","2,319.00","","0.00%"
"01/27/2021","2,314.00","2,319.00","2,319.50","2,318.00","0.02K","0.00%"
"01/26/2021","2,314.00","2,319.00","2,320.50","2,317.50","0.03K","0.00%"
"01/25/2021","2,314.00","2,319.00","2,320.00","2,318.00","0.02K","0.00%"
"01/22/2021","2,314.00","2,318.50","2,319.50","2,318.00","0.02K","0.00%"
"01/21/2021","2,314.00","2,319.00","2,319.50","2,318.00","0.02K","0.00%"
"01/20/2021","2,314.00","2,319.00","2,319.50","2,318.50","0.02K","0.00%"
"01/19/2021","2,314.00","2,318.50","2,319.00","2,314.50","0.01K","0.00%"
"01/18/2021","2,314.00","2,319.00","2,319.50","2,318.00","0.03K","0.00%"
"01/15/2021","2,314.00","2,319.00","2,319.00","2,318.00","0.02K","0.00%"
"01/14/2021","2,314.00","2,319.00","2,319.00","2,318.50","0.00K","0.00%"
"01/13/2021","2,314.00","2,319.00","2,319.50","2,318.00","0.04K","0.00%"
"01/11/2021","2,314.00","2,319.00","2,319.00","2,318.00","0.01K","0.00%"
"01/08/2021","2,314.00","2,319.00","2,319.00","2,318.00","0.01K","0.00%"
"01/07/2021","2,314.00","2,319.00","2,319.50","2,318.50","0.01K","0.00%"
"01/06/2021","2,314.00","2,319.00","2,319.50","2,318.00","0.03K","0.00%"
"01/05/2021","2,314.00","2,318.50","2,319.00","2,318.50","0.03K","0.00%"
"01/04/2021","2,314.00","2,319.00","2,319.00","2,318.00","0.01K","-0.20%"
"01/01/2021","2,318.54","2,330.48","2,330.48","2,318.54","","0.20%"
"12/31/2020","2,314.00","2,319.00","2,319.00","2,310.00","0.01K","0.00%"
"12/30/2020","2,314.00","2,319.00","2,319.00","2,315.00","0.02K","0.00%"
"12/29/2020","2,314.00","2,319.00","2,319.00","2,319.00","","0.00%"
"12/28/2020","2,314.00","2,319.00","2,319.00","2,319.00","","0.00%"
"12/24/2020","2,314.00","2,319.00","2,320.00","2,318.50","0.01K","0.00%"
"12/23/2020","2,314.00","2,319.00","2,319.00","2,318.50","0.00K","0.00%"
"12/22/2020","2,314.00","2,318.50","2,320.00","2,318.50","0.02K","0.00%"
"12/21/2020","2,314.00","2,319.00","2,320.00","2,319.00","0.02K","0.00%"
"12/18/2020","2,314.00","2,319.00","2,320.00","2,317.00","0.01K","0.00%"
"12/17/2020","2,314.00","2,319.00","2,319.00","2,318.00","0.03K","0.00%"
"12/16/2020","2,314.00","2,318.50","2,319.00","2,318.50","0.03K","0.00%"
"12/15/2020","2,314.00","2,319.00","2,319.00","2,316.50","0.02K","0.00%"
"12/14/2020","2,314.00","2,319.00","2,319.00","2,316.50","0.02K","0.00%"
"12/11/2020","2,314.00","2,318.00","2,319.00","2,317.50","0.02K","0.00%"
"12/10/2020","2,314.00","2,319.00","2,319.50","2,318.00","0.01K","0.00%"
"12/08/2020","2,314.00","2,319.00","2,319.00","2,319.00","","0.00%"
"12/07/2020","2,314.00","2,319.00","2,319.00","2,318.00","0.02K","0.00%"
"12/04/2020","2,314.00","2,318.50","2,319.00","2,318.50","0.01K","0.00%"
"12/03/2020","2,314.00","2,318.50","2,321.50","2,318.50","0.02K","0.00%"
"12/02/2020","2,314.00","2,318.50","2,320.00","2,317.50","0.03K","0.00%"
"12/01/2020","2,314.00","2,318.50","2,319.00","2,318.50","0.02K","0.00%"
"11/30/2020","2,314.00","2,319.00","2,319.00","2,318.00","0.00K","0.00%"
"11/27/2020","2,314.00","2,319.00","2,320.00","2,319.00","0.00K","0.00%"
"11/26/2020","2,314.00","2,320.00","2,320.00","2,319.00","0.01K","0.00%"
"11/25/2020","2,314.00","2,319.00","2,319.50","2,317.50","0.01K","0.00%"
"11/24/2020","2,314.00","2,319.00","2,319.00","2,319.00","","0.00%"
"11/23/2020","2,314.00","2,319.00","2,320.00","2,318.00","0.01K","0.00%"
"11/20/2020","2,314.00","2,316.50","2,319.00","2,316.00","0.02K","0.00%"
"11/19/2020","2,314.00","2,319.50","2,320.00","2,319.00","0.02K","0.00%"
"11/18/2020","2,314.00","2,319.00","2,319.50","2,319.00","0.01K","0.00%"
"11/17/2020","2,314.00","2,319.00","2,322.00","2,318.00","0.03K","-0.39%"
"11/16/2020","2,323.00","2,319.50","2,324.50","2,319.00","0.02K","0.39%"
"11/13/2020","2,314.00","2,319.00","2,320.00","2,316.00","0.02K","0.00%"
"11/12/2020","2,314.00","2,319.00","2,320.00","2,316.50","0.02K","0.00%"
"11/11/2020","2,314.00","2,316.50","2,319.00","2,316.00","0.01K","0.00%"
"11/10/2020","2,314.00","2,319.00","2,320.00","2,316.00","0.03K","0.00%"
"11/09/2020","2,314.00","2,319.00","2,320.00","2,317.00","0.03K","0.00%"
"11/06/2020","2,314.00","2,319.00","2,320.00","2,318.00","0.02K","-0.04%"
"11/05/2020","2,315.00","2,319.00","2,320.00","2,319.00","0.04K","0.04%"
"11/04/2020","2,314.00","2,319.00","2,320.00","2,319.00","0.02K","0.00%"
"11/03/2020","2,314.00","2,318.00","2,320.00","2,318.00","0.05K","0.04%"
"11/02/2020","2,313.00","2,318.00","2,320.00","2,315.00","0.07K","-0.04%"
"10/30/2020","2,314.00","2,319.00","2,320.00","2,318.00","0.05K","0.00%"
"10/27/2020","2,314.00","2,319.00","2,320.00","2,318.00","0.02K","0.00%"
"10/26/2020","2,314.00","2,319.00","2,320.00","2,319.00","0.01K","0.00%"
"10/23/2020","2,314.00","2,319.00","2,320.00","2,316.50","0.03K","0.04%"
"10/22/2020","2,313.00","2,320.00","2,320.00","2,317.50","0.06K","-0.09%"
"10/21/2020","2,315.00","2,319.00","2,320.00","2,318.00","0.03K","0.04%"
"10/20/2020","2,314.00","2,319.50","2,321.00","2,318.00","0.11K","-0.04%"
"10/19/2020","2,315.00","2,320.00","2,325.00","2,319.00","0.04K","0.00%"
"10/16/2020","2,315.00","2,320.00","2,320.00","2,317.00","0.01K","0.00%"
"10/15/2020","2,315.00","2,320.00","2,320.00","2,320.00","","0.00%"
"10/13/2020","2,315.00","2,325.00","2,325.00","2,320.00","0.02K","0.00%"
"10/12/2020","2,315.00","2,320.00","2,325.00","2,320.00","0.00K","0.00%"
"10/09/2020","2,315.00","2,320.00","2,320.00","2,319.50","0.01K","0.00%"
"10/08/2020","2,315.00","2,320.00","2,320.00","2,319.50","0.00K","0.00%"
"10/07/2020","2,315.00","2,320.00","2,320.00","2,320.00","","0.00%"
"10/06/2020","2,315.00","2,319.50","2,325.00","2,319.50","0.02K","0.00%"
"10/05/2020","2,315.00","2,320.00","2,325.00","2,319.50","0.01K","0.00%"
"10/02/2020","2,315.00","2,320.00","2,320.00","2,320.00","","0.00%"
"10/01/2020","2,315.00","2,320.00","2,320.00","2,319.50","0.01K","0.00%"
"09/30/2020","2,315.00","2,317.00","2,320.00","2,316.50","0.02K","0.00%"
"09/29/2020","2,315.00","2,320.00","2,320.00","2,318.00","0.00K","0.00%"
"09/28/2020","2,315.00","2,320.00","2,321.00","2,319.00","0.01K","0.00%"
"09/25/2020","2,315.00","2,320.00","2,320.00","2,319.00","0.02K","0.00%"
"09/24/2020","2,315.00","2,317.00","2,320.00","2,317.00","0.01K","0.00%"
"09/23/2020","2,315.00","2,320.00","2,320.00","2,319.00","0.02K","0.00%"
"09/22/2020","2,315.00","2,320.00","2,320.00","2,319.50","0.00K","0.00%"
"09/21/2020","2,315.00","2,320.00","2,320.00","2,319.00","0.01K","0.00%"
"09/18/2020","2,315.00","2,319.50","2,320.00","2,319.50","0.02K","0.00%"
"09/17/2020","2,315.00","2,320.00","2,322.50","2,316.50","0.03K","0.00%"
"09/16/2020","2,315.00","2,320.00","2,320.00","2,317.00","0.02K","0.00%"
"09/15/2020","2,315.00","2,320.00","2,320.00","2,320.00","","0.00%"
"09/14/2020","2,315.00","2,320.00","2,322.00","2,319.50","0.01K","0.00%"
"09/11/2020","2,315.00","2,320.00","2,320.00","2,319.50","0.00K","0.00%"
"09/10/2020","2,315.00","2,319.50","2,320.00","2,319.50","0.02K","0.00%"
"09/09/2020","2,315.00","2,320.00","2,320.00","2,319.00","0.02K","0.00%"
"09/08/2020","2,315.00","2,320.00","2,325.00","2,319.00","0.03K","0.00%"
"09/07/2020","2,315.00","2,320.00","2,321.00","2,319.00","0.02K","0.00%"
"09/04/2020","2,315.00","2,320.50","2,321.00","2,319.00","0.04K","0.00%"
"09/03/2020","2,315.00","2,320.00","2,321.00","2,315.00","0.03K","0.00%"
"09/02/2020","2,315.00","2,319.50","2,320.00","2,319.00","0.02K","0.00%"
"09/01/2020","2,315.00","2,320.00","2,320.00","2,314.00","0.02K","0.00%"
"08/31/2020","2,315.00","2,320.00","2,320.00","2,318.50","0.02K","0.00%"
"08/28/2020","2,315.00","2,320.00","2,320.00","2,318.00","0.02K","0.00%"
"08/27/2020","2,315.00","2,319.50","2,320.00","2,319.50","0.01K","0.00%"
"08/26/2020","2,315.00","2,325.00","2,325.00","2,319.00","0.03K","0.00%"
"08/25/2020","2,315.00","2,320.00","2,320.00","2,319.00","0.04K","0.00%"
"08/24/2020","2,315.00","2,320.00","2,325.00","2,319.00","0.09K","0.00%"
"08/21/2020","2,315.00","2,320.00","2,325.00","2,319.00","0.06K","0.00%"
"08/20/2020","2,315.00","2,323.00","2,325.00","2,319.00","0.08K","0.00%"
"08/19/2020","2,315.00","2,325.00","2,325.00","2,320.00","0.04K","0.00%"
"08/18/2020","2,315.00","2,325.00","2,326.00","2,320.00","0.12K","-0.22%"
"08/17/2020","2,320.00","2,325.00","2,326.00","2,325.00","0.02K","0.00%"
"08/14/2020","2,320.00","2,325.00","2,325.00","2,322.00","0.00K","0.00%"
"08/13/2020","2,320.00","2,325.00","2,325.00","2,325.00","","0.00%"
"08/12/2020","2,320.00","2,325.00","2,328.00","2,323.00","0.01K","0.00%"
"08/11/2020","2,320.00","2,325.00","2,328.00","2,325.00","0.02K","0.00%"
"08/10/2020","2,320.00","2,325.00","2,327.00","2,324.00","0.03K","0.00%"
"08/07/2020","2,320.00","2,325.00","2,327.00","2,324.50","0.05K","0.00%"
"08/06/2020","2,320.00","2,325.00","2,327.00","2,322.00","0.05K","0.00%"
"08/05/2020","2,320.00","2,325.00","2,328.00","2,324.00","0.04K","0.00%"
"08/04/2020","2,320.00","2,317.00","2,327.00","2,313.00","0.03K","0.00%"
"08/03/2020","2,320.00","2,325.00","2,326.00","2,317.00","0.02K","0.00%"
"07/30/2020","2,320.00","2,317.00","2,326.00","2,317.00","0.03K","0.22%"
"07/29/2020","2,315.00","2,323.50","2,327.00","2,316.00","0.04K","-0.22%"
"07/28/2020","2,320.00","2,325.00","2,327.00","2,317.00","0.05K","0.00%"
"07/27/2020","2,320.00","2,323.00","2,327.00","2,314.00","0.06K","0.00%"
"07/24/2020","2,320.00","2,322.00","2,325.00","2,318.00","0.09K","0.13%"
"07/23/2020","2,317.00","2,319.00","2,327.00","2,314.00","0.10K","0.09%"
"07/22/2020","2,315.00","2,317.00","2,325.00","2,317.00","0.04K","0.00%"
"07/21/2020","2,315.00","2,319.00","2,325.00","2,314.00","0.04K","0.00%"
"07/20/2020","2,315.00","2,319.00","2,325.00","2,317.00","0.03K","0.00%"
"07/17/2020","2,315.00","2,319.00","2,320.00","2,316.00","0.03K","0.04%"
"07/16/2020","2,314.00","2,319.00","2,323.00","2,315.50","0.03K","0.00%"
"07/15/2020","2,314.00","2,319.00","2,319.00","2,316.00","0.02K","0.00%"
"07/14/2020","2,314.00","2,318.50","2,319.00","2,317.00","0.04K","0.00%"
"07/13/2020","2,314.00","2,318.00","2,321.00","2,315.00","0.04K","0.00%"
"07/10/2020","2,314.00","2,319.00","2,319.00","2,314.00","0.01K","0.00%"
"07/09/2020","2,314.00","2,318.00","2,319.00","2,314.00","0.02K","0.00%"
"07/08/2020","2,314.00","2,319.00","2,319.00","2,314.00","0.03K","0.00%"
"07/07/2020","2,314.00","2,319.00","2,319.00","2,319.00","","0.00%"
"07/06/2020","2,314.00","2,315.00","2,321.00","2,314.00","0.05K","0.00%"
"07/03/2020","2,314.00","2,315.00","2,319.00","2,315.00","0.03K","0.00%"
"07/02/2020","2,314.00","2,315.00","2,321.00","2,314.50","0.05K","0.00%"
"07/01/2020","2,314.00","2,315.00","2,320.00","2,312.50","0.03K","0.04%"
"06/30/2020","2,313.00","2,312.00","2,319.00","2,311.00","0.05K","0.00%"
"06/29/2020","2,313.00","2,317.00","2,319.00","2,311.00","0.03K","0.17%"
"06/26/2020","2,309.00","2,315.00","2,317.00","2,314.00","0.02K","-0.39%"
"06/25/2020","2,318.00","2,315.00","2,318.00","2,314.00","0.01K","0.00%"
"06/24/2020","2,318.00","2,315.00","2,319.00","2,313.00","0.03K","0.04%"
"06/23/2020","2,317.00","2,315.00","2,319.00","2,314.00","0.03K","0.00%"
"06/22/2020","2,317.00","2,315.00","2,318.00","2,314.00","0.03K","0.04%"
"06/19/2020","2,316.00","2,315.00","2,316.00","2,314.00","0.02K","0.04%"
"06/18/2020","2,315.00","2,315.00","2,316.00","2,311.00","0.03K","0.00%"
"06/17/2020","2,315.00","2,316.00","2,316.00","2,314.00","0.04K","0.00%"
"06/16/2020","2,315.00","2,315.50","2,316.00","2,312.00","0.02K","0.00%"
"06/15/2020","2,315.00","2,315.00","2,316.00","2,309.00","0.03K","0.00%"
"06/12/2020","2,315.00","2,316.00","2,316.00","2,314.00","0.02K","0.00%"
"06/11/2020","2,315.00","2,315.00","2,316.00","2,314.00","0.02K","0.00%"
"06/10/2020","2,315.00","2,314.50","2,315.00","2,314.00","0.01K","0.00%"
"06/09/2020","2,315.00","2,315.00","2,315.00","2,314.00","0.01K","0.04%"
"06/08/2020","2,314.00","2,315.00","2,316.00","2,313.00","0.01K","-0.04%"
"06/05/2020","2,315.00","2,315.00","2,315.00","2,310.00","0.02K","0.00%"
"06/04/2020","2,315.00","2,315.00","2,318.00","2,312.50","0.02K","0.00%"
"06/03/2020","2,315.00","2,314.50","2,315.00","2,314.00","0.02K","0.00%"
"06/02/2020","2,315.00","2,315.00","2,315.00","2,314.00","0.05K","0.00%"
"06/01/2020","2,315.00","2,315.00","2,317.50","2,314.00","0.01K","0.04%"
"05/29/2020","2,314.00","2,315.00","2,315.00","2,314.00","0.02K","0.00%"
"05/28/2020","2,314.00","2,314.00","2,315.00","2,314.00","0.02K","-0.04%"
"05/27/2020","2,315.00","2,315.00","2,315.00","2,312.00","0.02K","0.00%"
"05/26/2020","2,315.00","2,315.00","2,315.00","2,312.00","0.02K","0.04%"
"05/22/2020","2,314.00","2,315.00","2,315.00","2,310.00","0.03K","-0.04%"
"05/21/2020","2,315.00","2,315.00","2,315.00","2,314.00","0.01K","0.00%"
"05/20/2020","2,315.00","2,315.00","2,315.00","2,314.00","0.02K","0.00%"
"05/19/2020","2,315.00","2,315.00","2,315.00","2,314.00","0.03K","0.00%"
"05/18/2020","2,315.00","2,315.00","2,315.00","2,309.50","0.02K","0.04%"
"05/15/2020","2,314.00","2,315.00","2,315.00","2,309.00","0.02K","0.00%"
"05/14/2020","2,314.00","2,315.00","2,315.00","2,309.50","0.03K","-0.02%"
"05/13/2020","2,314.50","2,315.00","2,315.00","2,309.50","0.03K","0.02%"
"05/12/2020","2,314.00","2,315.00","2,315.00","2,313.50","0.04K","-0.04%"
"05/11/2020","2,315.00","2,311.50","2,315.00","2,311.50","0.03K","0.04%"
"05/08/2020","2,314.00","2,314.00","2,317.50","2,312.00","0.04K","-0.04%"
"05/07/2020","2,315.00","2,314.00","2,315.00","2,314.00","0.03K","0.04%"
"05/06/2020","2,314.00","2,314.00","2,315.00","2,314.00","0.01K","0.00%"
"05/05/2020","2,314.00","2,314.50","2,317.50","2,314.00","0.02K","-0.04%"
"05/04/2020","2,315.00","2,315.00","2,317.50","2,314.00","0.03K","0.04%"
"04/30/2020","2,314.00","2,314.00","2,318.00","2,314.00","0.02K","0.00%"
"04/29/2020","2,314.00","2,315.00","2,317.50","2,309.00","0.03K","0.00%"
"04/28/2020","2,314.00","2,316.00","2,320.00","2,309.00","0.04K","-0.09%"
"04/27/2020","2,316.00","2,314.00","2,318.00","2,309.50","0.03K","0.09%"
"04/24/2020","2,314.00","2,316.00","2,316.00","2,313.50","0.02K","-0.09%"
"04/23/2020","2,316.00","2,315.00","2,316.00","2,314.00","0.02K","0.04%"
"04/22/2020","2,315.00","2,314.00","2,315.00","2,305.00","0.03K","0.04%"
"04/21/2020","2,314.00","2,315.00","2,315.00","2,309.50","0.02K","0.00%"
"04/20/2020","2,314.00","2,314.00","2,315.00","2,313.00","0.02K","0.00%"
"04/17/2020","2,314.00","2,314.00","2,314.00","2,313.50","0.01K","0.00%"
"04/16/2020","2,314.00","2,314.00","2,314.00","2,309.00","0.03K","0.00%"
"04/15/2020","2,314.00","2,312.00","2,320.00","2,311.00","0.04K","0.00%"
"04/14/2020","2,314.00","2,314.00","2,314.50","2,307.00","0.05K","-0.22%"
"04/09/2020","2,319.00","2,314.00","2,319.00","2,312.00","0.03K","0.26%"
"04/08/2020","2,313.00","2,314.00","2,314.50","2,308.50","0.05K","-0.04%"
"04/06/2020","2,314.00","2,312.00","2,317.50","2,303.00","0.05K","0.04%"
"04/03/2020","2,313.00","2,309.50","2,314.00","2,308.50","0.07K","0.00%"
"04/02/2020","2,313.00","2,313.00","2,314.00","2,306.50","0.07K","-0.04%"
"04/01/2020","2,314.00","2,313.00","2,318.00","2,306.00","0.10K","0.04%"
"03/31/2020","2,313.00","2,312.00","2,317.00","2,305.50","0.08K","0.00%"
"03/30/2020","2,313.00","2,312.00","2,316.00","2,303.00","0.10K","0.13%"
"03/27/2020","2,310.00","2,300.00","2,312.00","2,300.00","0.13K","0.06%"
"03/26/2020","2,308.50","2,300.00","2,311.00","2,300.00","0.15K","0.11%"
"03/25/2020","2,306.00","2,300.00","2,310.00","2,300.00","0.14K","0.04%"
"03/24/2020","2,305.00","2,305.00","2,310.00","2,300.00","0.12K","-0.04%"
"03/23/2020","2,306.00","2,300.00","2,312.00","2,300.00","0.10K","0.04%"
"03/20/2020","2,305.00","2,300.00","2,311.00","2,300.00","0.08K","-0.11%"
"03/19/2020","2,307.50","2,300.00","2,310.00","2,300.00","0.09K","0.33%"
"03/18/2020","2,300.00","2,304.00","2,310.00","2,300.00","0.10K","0.00%"
"03/17/2020","2,300.00","2,300.00","2,304.00","2,300.00","0.05K","0.00%"
"03/16/2020","2,300.00","2,300.00","2,310.00","2,300.00","0.06K","-0.13%"
"03/13/2020","2,303.00","2,300.00","2,305.00","2,300.00","0.03K","0.00%"
"03/12/2020","2,303.00","2,300.00","2,305.00","2,300.00","0.04K","0.00%"
"03/11/2020","2,303.00","2,300.00","2,304.00","2,300.00","0.04K","0.00%"
"03/10/2020","2,303.00","2,300.00","2,308.00","2,300.00","0.04K","0.00%"
"03/09/2020","2,303.00","2,300.00","2,305.00","2,300.00","0.07K","0.00%"
"03/06/2020","2,303.00","2,300.00","2,311.00","2,300.00","0.07K","-0.04%"
"03/05/2020","2,304.00","2,300.00","2,305.00","2,300.00","0.03K","0.00%"
"03/04/2020","2,304.00","2,300.00","2,310.00","2,300.00","0.05K","-0.04%"
"03/03/2020","2,305.00","2,300.00","2,311.00","2,300.00","0.04K","0.04%"
"03/02/2020","2,304.00","2,300.00","2,310.00","2,298.00","0.05K","0.00%"
"02/28/2020","2,304.00","2,300.00","2,309.00","2,298.00","0.03K","0.00%"
"02/27/2020","2,304.00","2,300.00","2,310.00","2,298.00","0.04K","0.00%"
"02/26/2020","2,304.00","2,300.00","2,309.00","2,298.00","0.12K","-0.17%"
"02/25/2020","2,308.00","2,310.00","2,314.00","2,305.00","0.16K","-0.09%"
"02/24/2020","2,310.00","2,310.00","2,314.00","2,308.00","0.02K","0.00%"
"02/21/2020","2,310.00","2,310.00","2,311.00","2,304.00","0.02K","0.04%"
"02/20/2020","2,309.00","2,310.00","2,310.00","2,300.00","0.04K","-0.04%"
"02/19/2020","2,310.00","2,310.00","2,310.00","2,310.00","0.01K","0.00%"
"02/18/2020","2,310.00","2,310.00","2,310.00","2,305.00","0.03K","0.00%"
"02/17/2020","2,310.00","2,310.00","2,314.00","2,305.00","0.01K","0.00%"
"02/14/2020","2,310.00","2,310.00","2,311.00","2,305.00","0.02K","0.00%"
"02/13/2020","2,310.00","2,310.00","2,310.00","2,305.00","0.05K","0.00%"
"02/12/2020","2,310.00","2,310.00","2,311.00","2,305.00","0.02K","0.00%"
"02/11/2020","2,310.00","2,310.00","2,311.00","2,305.00","0.04K","0.00%"
"02/10/2020","2,310.00","2,310.00","2,311.00","2,308.00","0.03K","0.00%"
"02/07/2020","2,310.00","2,310.00","2,311.00","2,309.00","0.01K","0.00%"
"02/06/2020","2,310.00","2,310.00","2,310.00","2,305.00","0.02K","0.00%"
"02/05/2020","2,310.00","2,309.00","2,310.00","2,308.00","0.02K","0.09%"
"02/04/2020","2,308.00","2,314.00","2,314.00","2,305.00","0.05K","-0.09%"
"02/03/2020","2,310.00","2,314.00","2,314.00","2,305.00","0.03K","0.13%"
"01/31/2020","2,307.00","2,306.00","2,315.00","2,305.00","0.04K","-0.09%"
"01/30/2020","2,309.00","2,300.00","2,310.00","2,298.00","0.07K","0.09%"
"01/29/2020","2,307.00","2,300.00","2,310.00","2,298.00","0.04K","0.09%"
"01/28/2020","2,305.00","2,300.00","2,310.00","2,300.00","0.05K","-0.09%"
"01/27/2020","2,307.00","2,300.00","2,314.00","2,298.00","0.08K","0.00%"
"01/24/2020","2,307.00","2,300.00","2,310.00","2,300.00","0.02K","0.00%"
"01/23/2020","2,307.00","2,300.00","2,308.00","2,300.00","0.03K","0.13%"
"01/22/2020","2,304.00","2,300.00","2,310.00","2,300.00","0.03K","-0.13%"
"01/21/2020","2,307.00","2,300.00","2,310.00","2,300.00","0.04K","0.00%"
"01/20/2020","2,307.00","2,303.00","2,310.00","2,303.00","0.04K","0.17%"
"01/17/2020","2,303.00","2,300.00","2,313.00","2,300.00","0.05K","-0.17%"
"01/16/2020","2,307.00","2,300.00","2,311.00","2,300.00","0.10K","0.00%"
"01/15/2020","2,307.00","2,300.00","2,310.00","2,298.00","0.12K","0.22%"
"01/14/2020","2,302.00","2,300.00","2,310.00","2,298.00","0.14K","-0.13%"
"01/13/2020","2,305.00","2,300.00","2,307.00","2,298.00","0.09K","0.13%"
"01/10/2020","2,302.00","2,300.00","2,305.00","2,299.00","0.10K","-0.09%"
"01/09/2020","2,304.00","2,300.00","2,307.00","2,299.00","0.09K","0.09%"
"01/08/2020","2,302.00","2,300.00","2,305.00","2,298.00","0.09K","0.13%"
"01/07/2020","2,299.00","2,300.00","2,307.00","2,298.00","0.10K","0.04%"
"01/06/2020","2,298.00","2,300.00","2,305.00","2,298.00","0.03K","0.00%"
"01/03/2020","2,298.00","2,300.00","2,303.00","2,297.00","0.02K","0.00%"
"01/02/2020","2,298.00","2,300.00","2,303.00","2,297.00","0.02K","-0.09%"
"01/01/2020","2,300.00","2,300.00","2,300.00","2,300.00","","0.09%"
"12/31/2019","2,298.00","2,300.00","2,303.00","2,297.00","0.02K","0.00%"
"12/30/2019","2,298.00","2,300.00","2,303.00","2,298.00","0.02K","0.00%"
"12/27/2019","2,298.00","2,300.00","2,301.00","2,298.00","0.01K","0.00%"
"12/26/2019","2,298.00","2,300.00","2,300.00","2,298.00","","-0.09%"
"12/25/2019","2,300.00","2,300.00","2,300.00","2,300.00","","0.09%"
"12/24/2019","2,298.00","2,300.00","2,300.00","2,298.00","","0.00%"
"12/23/2019","2,298.00","2,300.00","2,300.00","2,298.00","","0.00%"
"12/20/2019","2,298.00","2,300.00","2,300.00","2,298.00","0.02K","0.00%"
"12/19/2019","2,298.00","2,300.00","2,300.00","2,297.00","0.02K","0.00%"
"12/18/2019","2,298.00","2,300.00","2,301.00","2,297.00","0.01K","0.00%"
"12/17/2019","2,298.00","2,300.00","2,300.00","2,297.00","0.02K","0.00%"
"12/16/2019","2,298.00","2,300.00","2,303.00","2,298.00","0.02K","0.00%"
"12/13/2019","2,298.00","2,300.00","2,305.00","2,298.00","0.02K","0.00%"
"12/12/2019","2,298.00","2,300.00","2,303.00","2,297.00","0.02K","-0.09%"
"12/11/2019","2,300.00","2,300.00","2,303.00","2,298.00","0.03K","0.09%"
"12/10/2019","2,298.00","2,300.00","2,303.00","2,297.00","0.03K","-0.09%"
"12/09/2019","2,300.00","2,300.00","2,300.00","2,300.00","","-0.04%"
"12/06/2019","2,301.00","2,296.00","2,301.00","2,294.00","0.02K","0.17%"
"12/05/2019","2,297.00","2,300.00","2,302.00","2,297.00","0.03K","-0.30%"
"12/04/2019","2,304.00","2,300.00","2,304.00","2,298.00","0.03K","0.00%"
"12/03/2019","2,304.00","2,304.00","2,304.00","2,297.00","0.03K","0.00%"
"12/02/2019","2,304.00","2,300.00","2,304.00","2,297.00","0.04K","0.00%"
"11/29/2019","2,304.00","2,300.00","2,304.00","2,297.00","0.04K","0.17%"
"11/28/2019","2,300.00","2,300.00","2,304.00","2,296.00","0.12K","-0.17%"
"11/27/2019","2,304.00","2,300.00","2,305.00","2,297.00","0.06K","0.33%"
"11/26/2019","2,296.50","2,301.50","2,305.50","2,296.50","0.04K","-0.33%"
"11/25/2019","2,304.00","2,306.00","2,306.00","2,297.00","0.04K","0.09%"
"11/22/2019","2,302.00","2,296.00","2,302.00","2,294.00","0.05K","-0.09%"
"11/21/2019","2,304.00","2,300.00","2,306.00","2,298.00","0.07K","0.13%"
"11/20/2019","2,301.00","2,300.00","2,309.00","2,299.00","0.06K","-0.13%"
"11/19/2019","2,304.00","2,300.00","2,309.00","2,299.00","0.05K","0.00%"
"11/18/2019","2,304.00","2,300.00","2,309.00","2,299.00","0.06K","0.00%"
"11/15/2019","2,304.00","2,300.00","2,310.00","2,300.00","0.05K","0.00%"
"11/14/2019","2,304.00","2,300.00","2,306.00","2,299.00","0.05K","-0.04%"
"11/13/2019","2,305.00","2,300.00","2,310.00","2,300.00","0.04K","0.09%"
"11/12/2019","2,303.00","2,300.00","2,310.00","2,298.00","0.02K","-0.04%"
"11/11/2019","2,304.00","2,310.00","2,310.00","2,299.00","0.03K","-0.04%"
"11/08/2019","2,305.00","2,300.00","2,310.00","2,300.00","0.04K","0.00%"
"11/07/2019","2,305.00","2,304.00","2,310.00","2,300.00","0.04K","0.04%"
"11/06/2019","2,304.00","2,300.00","2,310.00","2,300.00","0.05K","0.00%"
"11/05/2019","2,304.00","2,300.00","2,310.00","2,300.00","0.06K","0.00%"
"11/04/2019","2,304.00","2,300.00","2,309.00","2,300.00","0.07K","0.00%"
"11/01/2019","2,304.00","2,300.00","2,309.00","2,299.00","0.08K","0.00%"
"10/31/2019","2,304.00","2,300.00","2,310.00","2,298.00","0.13K","0.00%"
"10/30/2019","2,304.00","2,300.00","2,309.00","2,298.00","0.62K","0.04%"
"10/29/2019","2,303.00","2,300.00","2,307.00","2,298.00","0.05K","0.00%"
"10/28/2019","2,303.00","2,300.00","2,304.00","2,299.00","0.05K","0.07%"
"10/25/2019","2,301.50","2,301.50","2,308.50","2,301.50","0.05K","-0.07%"
"10/24/2019","2,303.00","2,300.00","2,304.00","2,300.00","0.05K","0.07%"
"10/23/2019","2,301.50","2,301.50","2,309.50","2,300.50","0.09K","-0.07%"
"10/22/2019","2,303.00","2,300.00","2,307.00","2,298.00","0.07K","0.04%"
"10/21/2019","2,302.00","2,299.00","2,306.00","2,298.00","0.10K","0.04%"
"10/18/2019","2,301.00","2,300.00","2,307.00","2,298.00","0.09K","0.00%"
"10/17/2019","2,301.00","2,300.00","2,307.00","2,298.00","0.10K","0.00%"
"10/16/2019","2,301.00","2,300.00","2,302.00","2,298.00","0.10K","0.04%"
"10/15/2019","2,300.00","2,300.00","2,307.00","2,298.00","0.11K","0.00%"
"10/14/2019","2,300.00","2,300.00","2,300.00","2,300.00","","0.00%"
"10/11/2019","2,300.00","2,300.00","2,305.00","2,298.00","0.08K","0.02%"
"10/10/2019","2,299.50","2,300.50","2,305.50","2,298.50","0.07K","0.13%"
"10/09/2019","2,296.50","2,301.50","2,306.50","2,296.50","0.05K","-0.02%"
"10/08/2019","2,297.00","2,299.00","2,301.00","2,297.00","0.04K","-0.04%"
"10/07/2019","2,298.00","2,304.00","2,304.00","2,298.00","0.03K","0.00%"
"10/04/2019","2,298.00","2,300.00","2,300.00","2,298.00","0.03K","-0.04%"
"10/03/2019","2,299.00","2,300.00","2,300.00","2,298.00","0.02K","0.00%"
"10/02/2019","2,299.00","2,300.00","2,304.00","2,298.00","0.02K","0.00%"
"10/01/2019","2,299.00","2,300.00","2,300.00","2,298.00","0.02K","0.04%"
"09/30/2019","2,298.00","2,300.00","2,300.00","2,298.00","0.02K","-0.04%"
"09/27/2019","2,299.00","2,300.00","2,305.00","2,298.00","0.03K","0.00%"
"09/26/2019","2,299.00","2,300.00","2,300.00","2,298.00","0.03K","0.00%"
"09/25/2019","2,299.00","2,300.00","2,305.00","2,298.00","0.03K","0.04%"
"09/24/2019","2,298.00","2,300.00","2,300.00","2,298.00","0.03K","0.00%"
"09/23/2019","2,298.00","2,300.00","2,305.00","2,298.00","0.02K","0.00%"
"09/20/2019","2,298.00","2,300.00","2,305.00","2,298.00","0.03K","0.00%"
"09/19/2019","2,298.00","2,300.00","2,305.00","2,298.00","0.03K","0.00%"
"09/18/2019","2,298.00","2,298.00","2,305.00","2,298.00","0.03K","0.00%"
"09/17/2019","2,298.00","2,300.00","2,305.00","2,298.00","0.04K","0.00%"
"09/16/2019","2,298.00","2,300.00","2,305.00","2,297.00","0.03K","-0.04%"
"09/13/2019","2,299.00","2,300.00","2,305.00","2,297.00","0.03K","0.04%"
"09/12/2019","2,298.00","2,300.00","2,305.00","2,297.00","0.05K","-0.04%"
"09/11/2019","2,299.00","2,300.00","2,305.00","2,298.00","0.05K","0.04%"
"09/10/2019","2,298.00","2,300.00","2,305.00","2,298.00","0.05K","0.00%"
"09/09/2019","2,298.00","2,304.00","2,305.00","2,298.00","0.03K","0.00%"
"09/06/2019","2,298.00","2,300.00","2,300.00","2,298.00","0.03K","0.00%"
"09/05/2019","2,298.00","2,300.00","2,305.00","2,298.00","0.04K","0.00%"
"09/04/2019","2,298.00","2,300.00","2,300.00","2,298.00","0.03K","-0.04%"
"09/03/2019","2,299.00","2,300.00","2,305.00","2,297.00","0.07K","0.00%"
"09/02/2019","2,299.00","2,300.00","2,305.00","2,298.00","0.04K","-0.11%"
"08/30/2019","2,301.50","2,296.50","2,301.50","2,294.50","0.03K","0.15%"
"08/29/2019","2,298.00","2,300.00","2,305.00","2,298.00","0.03K","-0.04%"
"08/28/2019","2,299.00","2,300.00","2,305.00","2,298.00","0.05K","0.00%"
"08/27/2019","2,299.00","2,300.00","2,305.00","2,297.00","0.04K","0.04%"
"08/26/2019","2,298.00","2,300.00","2,305.00","2,298.00","0.03K","-0.04%"
"08/23/2019","2,299.00","2,300.00","2,305.00","2,298.00","0.07K","0.00%"
"08/22/2019","2,299.00","2,300.00","2,305.00","2,298.00","0.02K","0.00%"
"08/21/2019","2,299.00","2,300.00","2,305.00","2,298.00","0.05K","0.00%"
"08/20/2019","2,299.00","2,300.00","2,305.00","2,298.00","0.05K","0.00%"
"08/19/2019","2,299.00","2,300.00","2,305.00","2,298.00","0.03K","0.00%"
"08/16/2019","2,299.00","2,300.00","2,305.00","2,298.00","0.04K","-0.11%"
"08/15/2019","2,301.50","2,296.50","2,301.50","2,294.50","0.05K","0.11%"
"08/14/2019","2,299.00","2,300.00","2,305.00","2,298.00","0.02K","0.00%"
"08/13/2019","2,299.00","2,300.00","2,300.00","2,298.00","0.02K","-0.04%"
"08/12/2019","2,300.00","2,300.00","2,300.00","2,300.00","","0.04%"
"08/09/2019","2,299.00","2,300.00","2,300.00","2,297.00","0.02K","-0.04%"
"08/08/2019","2,300.00","2,300.00","2,300.00","2,300.00","","0.04%"
"08/07/2019","2,299.00","2,300.00","2,300.00","2,299.00","","0.04%"
"08/06/2019","2,298.00","2,300.00","2,300.00","2,298.00","0.04K","-0.04%"
"08/05/2019","2,299.00","2,300.00","2,300.00","2,298.00","0.04K","0.00%"
"08/02/2019","2,299.00","2,300.00","2,300.00","2,299.00","0.01K","0.00%"
"08/01/2019","2,299.00","2,300.00","2,300.00","2,299.00","0.04K","0.00%"
"07/31/2019","2,299.00","2,300.00","2,301.00","2,298.00","0.04K","0.00%"
"07/30/2019","2,299.00","2,300.00","2,300.00","2,299.00","0.02K","0.00%"
"07/29/2019","2,299.00","2,300.00","2,300.00","2,298.00","0.03K","0.00%"
"07/26/2019","2,299.00","2,300.00","2,301.00","2,299.00","0.04K","-0.04%"
"07/25/2019","2,300.00","2,300.00","2,301.00","2,298.00","0.03K","-0.09%"
"07/24/2019","2,302.00","2,300.00","2,302.00","2,298.00","0.06K","0.09%"
"07/23/2019","2,300.00","2,300.00","2,304.00","2,299.00","0.04K","0.04%"
"07/22/2019","2,299.00","2,300.00","2,303.00","2,299.00","0.05K","-0.04%"
"07/19/2019","2,300.00","2,300.00","2,300.00","2,299.00","0.03K","0.00%"
"07/18/2019","2,300.00","2,300.00","2,300.00","2,298.00","0.04K","0.00%"
"07/17/2019","2,300.00","2,300.00","2,300.00","2,299.00","0.02K","0.00%"
"07/16/2019","2,300.00","2,300.00","2,303.00","2,299.00","0.05K","0.00%"
"07/15/2019","2,300.00","2,300.00","2,303.00","2,298.00","0.05K","0.00%"
"07/12/2019","2,300.00","2,300.00","2,303.00","2,299.00","0.04K","0.09%"
"07/11/2019","2,298.00","2,300.00","2,300.00","2,298.00","0.04K","-0.04%"
"07/10/2019","2,299.00","2,300.00","2,300.00","2,295.00","0.03K","0.00%"
"07/09/2019","2,299.00","2,300.00","2,303.00","2,298.00","0.05K","-0.04%"
"07/08/2019","2,300.00","2,300.00","2,302.00","2,297.00","0.06K","0.13%"
"07/05/2019","2,297.00","2,300.00","2,302.00","2,297.00","0.07K","0.00%"
"07/04/2019","2,297.00","2,300.00","2,303.00","2,297.00","0.05K","-0.26%"
"07/03/2019","2,303.00","2,300.00","2,303.00","2,297.00","0.05K","0.17%"
"07/02/2019","2,299.00","2,296.00","2,299.00","2,294.00","0.02K","-0.04%"
"07/01/2019","2,300.00","2,300.00","2,300.00","2,299.00","0.02K","0.00%"
"06/28/2019","2,300.00","2,300.00","2,300.00","2,298.00","0.03K","-0.13%"
"06/27/2019","2,303.00","2,300.00","2,304.00","2,299.00","0.03K","0.17%"
"06/26/2019","2,299.00","2,300.00","2,304.00","2,298.00","0.03K","0.00%"
"06/25/2019","2,299.00","2,300.00","2,300.00","2,298.00","0.02K","-0.04%"
"06/24/2019","2,300.00","2,300.00","2,303.00","2,297.00","0.04K","0.00%"
"06/21/2019","2,300.00","2,300.00","2,303.00","2,298.00","0.03K","0.02%"
"06/20/2019","2,299.50","2,300.50","2,303.50","2,298.50","0.04K","0.02%"
"06/19/2019","2,299.00","2,300.00","2,302.00","2,298.00","0.07K","0.00%"
"06/18/2019","2,299.00","2,300.00","2,303.00","2,297.00","0.04K","-0.04%"
"06/17/2019","2,300.00","2,300.00","2,301.00","2,297.00","0.04K","0.00%"
"06/14/2019","2,300.00","2,300.00","2,302.00","2,297.00","0.02K","0.00%"
"06/13/2019","2,300.00","2,300.00","2,302.00","2,297.00","0.03K","0.00%"
"06/12/2019","2,300.00","2,300.00","2,301.00","2,297.00","0.04K","0.09%"
"06/11/2019","2,298.00","2,300.00","2,300.00","2,297.00","0.02K","0.00%"
"06/10/2019","2,298.00","2,300.00","2,300.00","2,297.00","0.03K","0.00%"
"06/07/2019","2,298.00","2,300.00","2,300.00","2,295.00","0.02K","-0.09%"
"06/06/2019","2,300.00","2,300.00","2,300.00","2,300.00","","0.00%"
"06/05/2019","2,300.00","2,300.00","2,300.00","2,300.00","","0.09%"
"06/04/2019","2,298.00","2,300.00","2,300.00","2,295.00","0.03K","0.00%"
"06/03/2019","2,298.00","2,300.00","2,301.00","2,297.00","0.05K","0.00%"
"05/31/2019","2,298.00","2,300.00","2,300.00","2,295.00","0.03K","0.00%"
"05/30/2019","2,298.00","2,300.00","2,300.00","2,295.00","0.04K","0.00%"
"05/29/2019","2,298.00","2,300.00","2,300.00","2,295.00","0.04K","0.13%"
"05/28/2019","2,295.00","2,300.00","2,300.00","2,295.00","0.05K","0.00%"
"05/27/2019","2,295.00","2,300.00","2,300.00","2,295.00","0.05K","-0.09%"
"05/24/2019","2,297.00","2,300.00","2,301.00","2,294.00","0.07K","-0.13%"
"05/23/2019","2,300.00","2,300.00","2,302.00","2,298.00","0.02K","0.00%"
"05/22/2019","2,300.00","2,300.00","2,301.00","2,300.00","0.03K","0.00%"
"05/21/2019","2,300.00","2,300.00","2,300.00","2,299.00","0.01K","0.00%"
"05/20/2019","2,300.00","2,309.00","2,309.00","2,300.00","0.02K","0.00%"
"05/17/2019","2,300.00","2,300.00","2,301.00","2,299.00","0.01K","0.00%"
"05/16/2019","2,300.00","2,300.00","2,302.00","2,299.00","0.03K","0.00%"
"05/15/2019","2,300.00","2,307.00","2,311.00","2,299.00","0.04K","0.00%"
"05/14/2019","2,300.00","2,300.00","2,300.00","2,300.00","","0.00%"
"05/13/2019","2,300.00","2,300.00","2,303.00","2,299.00","0.04K","0.00%"
"05/10/2019","2,300.00","2,300.00","2,303.00","2,298.00","0.03K","0.04%"
"05/09/2019","2,299.00","2,305.00","2,305.00","2,299.00","0.06K","-0.04%"
"05/08/2019","2,300.00","2,305.00","2,305.00","2,300.00","0.07K","0.00%"
"05/07/2019","2,300.00","2,305.00","2,305.00","2,300.00","0.06K","-0.22%"
"05/06/2019","2,305.00","2,305.00","2,306.00","2,305.00","0.01K","0.00%"
"05/03/2019","2,305.00","2,305.00","2,306.00","2,303.00","0.03K","0.00%"
"05/02/2019","2,305.00","2,305.00","2,306.00","2,305.00","0.03K","0.00%"
"05/01/2019","2,305.00","2,305.00","2,305.00","2,305.00","","0.00%"
"04/30/2019","2,305.00","2,305.00","2,306.00","2,304.00","0.03K","0.00%"
"04/29/2019","2,305.00","2,305.00","2,307.00","2,303.00","0.05K","0.00%"
"04/26/2019","2,305.00","2,305.00","2,305.00","2,305.00","","0.00%"
"04/25/2019","2,305.00","2,313.00","2,314.00","2,303.00","0.04K","0.00%"
"04/24/2019","2,305.00","2,305.00","2,306.00","2,303.00","0.03K","0.00%"
"04/23/2019","2,305.00","2,303.00","2,305.00","2,300.00","0.06K","0.00%"
"04/22/2019","2,305.00","2,305.00","2,305.00","2,305.00","","0.00%"
"04/19/2019","2,305.00","2,305.00","2,305.00","2,305.00","","0.00%"
"04/18/2019","2,305.00","2,313.00","2,315.00","2,290.00","0.15K","-0.43%"
"04/17/2019","2,315.00","2,315.00","2,315.00","2,311.00","0.05K","-0.09%"
"04/16/2019","2,317.00","2,315.00","2,317.00","2,312.00","0.04K","0.09%"
"04/15/2019","2,315.00","2,315.00","2,316.00","2,314.00","0.03K","0.00%"
"04/12/2019","2,315.00","2,315.00","2,317.00","2,314.00","0.02K","0.00%"
"04/11/2019","2,315.00","2,315.00","2,316.00","2,314.00","0.02K","0.00%"
"04/10/2019","2,315.00","2,315.00","2,317.00","2,314.00","0.03K","0.13%"
"04/09/2019","2,312.00","2,315.00","2,316.00","2,312.00","0.04K","-0.13%"
"04/08/2019","2,315.00","2,315.00","2,317.00","2,313.00","0.03K","0.00%"
"04/05/2019","2,315.00","2,315.00","2,316.00","2,315.00","0.01K","0.00%"
"04/04/2019","2,315.00","2,315.00","2,317.00","2,314.00","0.03K","0.00%"
"04/03/2019","2,315.00","2,315.00","2,315.00","2,313.00","0.03K","0.00%"
"04/02/2019","2,315.00","2,315.00","2,316.00","2,312.00","0.04K","0.00%"
"04/01/2019","2,315.00","2,315.00","2,315.00","2,310.00","0.04K","0.00%"
"03/29/2019","2,315.00","2,325.00","2,325.00","2,305.00","0.07K","-0.43%"
"03/28/2019","2,325.00","2,341.00","2,344.00","2,324.00","0.08K","-0.51%"
"03/27/2019","2,337.00","2,341.00","2,345.00","2,337.00","0.07K","-0.13%"
"03/26/2019","2,340.00","2,341.00","2,345.00","2,339.00","0.09K","-0.21%"
"03/25/2019","2,345.00","2,341.00","2,346.00","2,341.00","0.06K","0.09%"
"03/22/2019","2,343.00","2,341.00","2,345.00","2,341.00","0.08K","-0.04%"
"03/21/2019","2,344.00","2,341.00","2,345.00","2,340.00","0.08K","-0.04%"
"03/20/2019","2,345.00","2,345.00","2,346.00","2,343.00","0.03K","0.00%"
"03/19/2019","2,345.00","2,341.00","2,346.00","2,341.00","0.05K","0.00%"
"03/18/2019","2,345.00","2,341.00","2,350.00","2,341.00","0.05K","0.00%"
"03/15/2019","2,345.00","2,341.00","2,346.00","2,341.00","0.03K","0.00%"
"03/14/2019","2,345.00","2,341.00","2,346.00","2,341.00","0.05K","0.00%"
"03/13/2019","2,345.00","2,341.00","2,346.00","2,340.00","0.10K","0.09%"
"03/12/2019","2,343.00","2,342.00","2,345.00","2,340.00","0.14K","-0.09%"
"03/11/2019","2,345.00","2,345.00","2,350.00","2,340.00","0.09K","0.00%"
"03/08/2019","2,345.00","2,365.00","2,370.00","2,340.00","0.11K","-0.85%"
"03/07/2019","2,365.00","2,345.00","2,370.00","2,345.00","0.09K","0.85%"
"03/06/2019","2,345.00","2,345.00","2,353.00","2,344.00","0.04K","0.00%"
"03/05/2019","2,345.00","2,345.00","2,351.00","2,343.00","0.01K","-0.13%"
"03/04/2019","2,348.00","2,345.00","2,350.00","2,345.00","0.02K","0.04%"
"03/01/2019","2,347.00","2,345.00","2,352.00","2,345.00","0.01K","0.17%"
"02/28/2019","2,343.00","2,345.00","2,351.00","2,343.00","0.01K","0.13%"
"02/27/2019","2,340.00","2,345.00","2,350.00","2,339.00","0.02K","-0.21%"
"02/26/2019","2,345.00","2,345.00","2,348.00","2,340.00","0.03K","0.21%"
"02/25/2019","2,340.00","2,345.00","2,345.00","2,335.00","0.03K","-0.21%"
"02/22/2019","2,345.00","2,340.00","2,345.00","2,335.00","0.03K","0.43%"
"02/21/2019","2,335.00","2,328.00","2,340.00","2,327.00","0.03K","0.13%"
"02/20/2019","2,332.00","2,330.00","2,340.00","2,327.00","0.02K","-0.04%"
"02/19/2019","2,333.00","2,328.00","2,338.00","2,325.00","0.04K","0.04%"
"02/18/2019","2,332.00","2,325.00","2,335.00","2,325.00","0.05K","0.09%"
"02/15/2019","2,330.00","2,325.00","2,334.00","2,322.00","0.02K","0.00%"
"02/14/2019","2,330.00","2,325.00","2,330.00","2,322.00","0.03K","0.22%"
"02/13/2019","2,325.00","2,325.00","2,327.00","2,322.00","0.04K","0.00%"
"02/12/2019","2,325.00","2,325.00","2,325.00","2,317.00","0.03K","0.00%"
"02/11/2019","2,325.00","2,313.00","2,325.00","2,312.00","0.05K","0.22%"
"02/08/2019","2,320.00","2,320.00","2,325.00","2,317.00","0.03K","-0.09%"
"02/07/2019","2,322.00","2,313.00","2,325.00","2,313.00","0.05K","0.22%"
"02/06/2019","2,317.00","2,322.00","2,323.00","2,317.00","0.04K","0.00%"
"02/05/2019","2,317.00","2,315.00","2,322.00","2,315.00","0.04K","0.00%"
"02/04/2019","2,317.00","2,312.00","2,322.00","2,312.00","0.04K","-0.13%"
"02/01/2019","2,320.00","2,320.00","2,320.00","2,310.00","0.04K","0.13%"
"01/31/2019","2,317.00","2,313.00","2,317.00","2,312.00","0.03K","0.17%"
"01/30/2019","2,313.00","2,313.00","2,317.00","2,312.00","0.04K","0.00%"
"01/29/2019","2,313.00","2,311.00","2,315.00","2,310.00","0.06K","0.13%"
"01/28/2019","2,310.00","2,311.00","2,315.00","2,310.00","0.06K","-0.13%"
"01/25/2019","2,313.00","2,311.00","2,317.00","2,309.00","0.06K","0.00%"
"01/24/2019","2,313.00","2,313.00","2,315.00","2,308.00","0.04K","0.15%"
"01/23/2019","2,309.50","2,311.50","2,314.50","2,307.50","0.05K","0.06%"
"01/22/2019","2,308.00","2,305.00","2,312.00","2,300.00","0.05K","0.04%"
"01/21/2019","2,307.00","2,306.00","2,312.00","2,302.00","0.05K","0.09%"
"01/18/2019","2,305.00","2,305.00","2,310.00","2,300.00","0.07K","0.00%"
"01/17/2019","2,305.00","2,300.00","2,307.00","2,300.00","0.05K","0.00%"
"01/16/2019","2,305.00","2,303.00","2,305.00","2,300.00","0.01K","0.22%"
"01/15/2019","2,300.00","2,300.00","2,305.00","2,299.00","0.09K","0.00%"
"01/14/2019","2,300.00","2,328.00","2,328.00","2,300.00","","-1.12%"
"01/11/2019","2,326.00","2,326.00","2,326.00","2,296.00","0.71K","-0.02%"
"01/10/2019","2,326.50","2,324.50","2,326.50","2,296.50","0.02K","0.04%"
"01/09/2019","2,325.50","2,297.50","2,325.50","2,297.50","0.26K","1.11%"
"01/08/2019","2,300.00","2,300.00","2,301.00","2,300.00","0.00K","0.00%"
"01/07/2019","2,300.00","2,300.00","2,321.00","2,299.00","0.11K","0.00%"
"01/04/2019","2,300.00","2,300.00","2,301.00","2,299.00","0.05K","0.00%"
"01/03/2019","2,300.00","2,300.00","2,300.00","2,300.00","0.02K","0.00%"
"01/02/2019","2,300.00","2,300.00","2,301.00","2,299.00","0.00K","0.00%"
"01/01/2019","2,300.00","2,300.00","2,300.00","2,300.00","0.00K","0.00%"
"12/31/2018","2,300.00","2,300.00","2,301.00","2,299.00","0.00K","0.00%"
"12/28/2018","2,300.00","2,300.00","2,301.00","2,299.00","","0.04%"
"12/27/2018","2,299.00","2,300.00","2,301.00","2,297.00","","-0.04%"
"12/26/2018","2,300.00","2,300.00","2,300.00","2,300.00","","0.00%"
"12/25/2018","2,300.00","2,300.00","2,300.00","2,300.00","","0.00%"
"12/24/2018","2,300.00","2,300.00","2,301.00","2,299.00","","0.00%"
"12/21/2018","2,300.00","2,300.00","2,300.00","2,298.00","","0.00%"
"12/20/2018","2,300.00","2,300.00","2,300.00","2,299.00","","0.00%"
"12/19/2018","2,300.00","2,300.00","2,300.00","2,299.00","","0.00%"
"12/18/2018","2,300.00","2,300.00","2,300.00","2,299.00","","0.00%"
"12/17/2018","2,300.00","2,300.00","2,300.00","2,298.00","","0.00%"
"12/14/2018","2,300.00","2,300.00","2,300.00","2,299.00","","0.00%"
"12/13/2018","2,300.00","2,300.00","2,300.00","2,300.00","","0.00%"
"12/12/2018","2,300.00","2,300.00","2,300.00","2,300.00","","0.00%"
"12/11/2018","2,300.00","2,300.00","2,300.00","2,300.00","","0.00%"
"12/10/2018","2,300.00","2,300.00","2,315.00","2,300.00","","0.00%"
"12/07/2018","2,300.00","2,300.00","2,302.00","2,300.00","","0.00%"
"12/06/2018","2,300.00","2,300.00","2,300.00","2,299.00","","0.00%"
"12/05/2018","2,300.00","2,300.00","2,300.00","2,299.00","","0.00%"
"12/04/2018","2,300.00","2,320.00","2,320.00","2,299.00","","-0.86%"
"12/03/2018","2,320.00","2,300.00","2,320.00","2,298.00","","0.87%"
"11/30/2018","2,300.00","2,315.00","2,315.00","2,299.00","","-0.54%"
"11/29/2018","2,312.50","2,312.50","2,312.50","2,296.50","","0.11%"
"11/28/2018","2,310.00","2,310.00","2,310.00","2,300.00","","0.00%"
"11/27/2018","2,310.00","2,307.00","2,310.00","2,300.00","","0.43%"
"11/26/2018","2,300.00","2,300.00","2,313.00","2,299.00","","0.00%"
"11/23/2018","2,300.00","2,300.00","2,301.00","2,300.00","","-0.04%"
"11/22/2018","2,301.00","2,312.00","2,312.00","2,300.00","","-0.43%"
"11/21/2018","2,311.00","2,299.00","2,314.00","2,297.00","","0.48%"
"11/20/2018","2,300.00","2,300.00","2,300.00","2,300.00","","0.00%"
"11/19/2018","2,300.00","2,311.00","2,311.00","2,299.00","","-0.45%"
"11/16/2018","2,310.50","2,305.50","2,312.50","2,299.50","","0.33%"
"11/15/2018","2,303.00","2,296.00","2,304.00","2,286.00","","0.35%"
"11/14/2018","2,295.00","2,294.00","2,296.00","2,286.00","","0.02%"
"11/13/2018","2,294.50","2,292.50","2,294.50","2,285.50","","0.04%"
"11/12/2018","2,293.50","2,294.50","2,294.50","2,293.50","","-0.02%"
"11/09/2018","2,294.00","2,294.00","2,294.00","2,293.00","","0.00%"
"11/08/2018","2,294.00","2,294.00","2,294.00","2,293.00","","0.00%"
"11/07/2018","2,294.00","2,287.00","2,294.00","2,287.00","","0.17%"
"11/06/2018","2,290.00","2,296.00","2,297.00","2,289.00","","-0.15%"
"11/05/2018","2,293.50","2,294.50","2,294.50","2,286.50","","-0.02%"
"11/02/2018","2,294.00","2,294.00","2,295.00","2,294.00","","0.00%"
"11/01/2018","2,294.00","2,294.00","2,295.00","2,287.00","","0.00%"
"10/31/2018","2,294.00","2,295.00","2,295.00","2,294.00","","-0.02%"
"10/30/2018","2,294.50","2,295.50","2,295.50","2,286.50","","-0.02%"
"10/29/2018","2,295.00","2,286.00","2,295.00","2,284.00","","0.13%"
"10/26/2018","2,292.00","2,298.00","2,298.00","2,288.00","","-0.11%"
"10/25/2018","2,294.50","2,294.50","2,294.50","2,284.50","","0.00%"
"10/24/2018","2,294.50","2,294.50","2,294.50","2,286.50","","0.00%"
"10/23/2018","2,294.50","2,294.50","2,294.50","2,286.50","","0.00%"
"10/22/2018","2,294.50","2,294.50","2,294.50","2,286.50","","0.00%"
"10/19/2018","2,294.50","2,294.50","2,294.50","2,294.50","","0.00%"
"10/18/2018","2,294.50","2,294.50","2,294.50","2,292.50","","0.00%"
"10/17/2018","2,294.50","2,294.50","2,294.50","2,285.50","","0.00%"
"10/16/2018","2,294.50","2,294.50","2,294.50","2,283.50","","0.00%"
"10/15/2018","2,294.50","2,284.50","2,294.50","2,280.50","","0.24%"
"10/12/2018","2,289.00","2,288.00","2,296.00","2,288.00","","0.18%"
"10/11/2018","2,285.00","2,294.50","2,294.50","2,283.00","","-0.25%"
"10/10/2018","2,290.75","2,290.75","2,291.25","2,280.25","","0.16%"
"10/09/2018","2,287.00","2,294.75","2,294.75","2,283.00","","0.00%"
"10/08/2018","2,287.00","2,294.50","2,294.50","2,283.00","","0.09%"
"10/05/2018","2,285.00","2,294.50","2,294.50","2,285.00","","0.00%"
"10/04/2018","2,285.00","2,292.80","2,292.80","2,284.00","","0.00%"
"10/03/2018","2,285.00","2,292.80","2,292.80","2,283.00","","-0.17%"
"10/02/2018","2,288.90","2,288.10","2,289.10","2,280.10","","0.02%"
"10/01/2018","2,288.50","2,288.50","2,288.50","2,286.50","","0.15%"
"09/28/2018","2,285.00","2,292.00","2,292.00","2,282.00","","-0.15%"
"09/27/2018","2,288.50","2,288.50","2,288.50","2,279.50","","0.15%"
"09/26/2018","2,285.00","2,284.00","2,292.00","2,284.00","","0.00%"
"09/25/2018","2,285.00","2,284.00","2,292.00","2,283.00","","0.00%"
"09/24/2018","2,285.00","2,292.00","2,292.00","2,283.00","","0.09%"
"09/21/2018","2,283.00","2,284.00","2,285.00","2,283.00","","-0.09%"
"09/20/2018","2,285.00","2,292.00","2,292.00","2,283.00","","0.00%"
"09/19/2018","2,285.00","2,291.50","2,291.50","2,283.00","","-0.14%"
"09/18/2018","2,288.25","2,288.25","2,288.25","2,278.75","","0.00%"
"09/17/2018","2,288.25","2,288.25","2,288.75","2,279.75","","0.14%"
"09/14/2018","2,285.00","2,291.00","2,291.00","2,280.00","","0.00%"
"09/13/2018","2,285.00","2,291.00","2,291.00","2,282.00","","-0.13%"
"09/12/2018","2,288.00","2,280.00","2,288.00","2,280.00","","0.13%"
"09/11/2018","2,285.00","2,283.00","2,291.00","2,283.00","","0.09%"
"09/10/2018","2,283.00","2,289.00","2,291.00","2,282.00","","-0.22%"
"09/07/2018","2,288.00","2,286.00","2,288.00","2,286.00","","0.04%"
"09/06/2018","2,287.00","2,287.00","2,287.00","2,281.00","","0.00%"
"09/05/2018","2,287.00","2,287.00","2,287.00","2,280.00","","0.00%"
"09/04/2018","2,287.00","2,287.00","2,287.00","2,280.00","","0.00%"
"09/03/2018","2,287.00","2,287.00","2,287.00","2,279.00","","0.00%"
"08/31/2018","2,287.00","2,287.00","2,287.00","2,281.00","","0.18%"
"08/30/2018","2,283.00","2,289.00","2,289.00","2,283.00","","-0.17%"
"08/29/2018","2,287.00","2,287.00","2,287.00","2,279.00","","0.00%"
"08/28/2018","2,287.00","2,287.00","2,287.00","2,287.00","","0.00%"
"08/27/2018","2,287.00","2,280.00","2,287.00","2,279.00","","0.22%"
"08/24/2018","2,282.00","2,289.00","2,289.00","2,281.00","","-0.22%"
"08/23/2018","2,287.00","2,287.00","2,287.00","2,287.00","","0.00%"
"08/22/2018","2,287.00","2,287.00","2,287.00","2,286.00","","0.00%"
"08/21/2018","2,287.00","2,287.00","2,287.00","2,287.00","","0.18%"
"08/20/2018","2,283.00","2,289.50","2,289.50","2,281.00","","0.04%"
"08/17/2018","2,282.00","2,288.00","2,288.00","2,281.00","","0.00%"
"08/16/2018","2,282.00","2,288.00","2,288.00","2,281.00","","-0.20%"
"08/15/2018","2,286.50","2,287.50","2,287.50","2,279.50","","-0.02%"
"08/14/2018","2,287.00","2,287.00","2,287.00","2,279.00","","0.00%"
"08/13/2018","2,287.00","2,286.00","2,289.00","2,278.00","","0.26%"
"08/10/2018","2,281.00","2,288.00","2,288.00","2,280.00","","-0.24%"
"08/09/2018","2,286.50","2,286.50","2,286.50","2,278.50","","0.00%"
"08/08/2018","2,286.50","2,286.50","2,286.50","2,286.50","","0.00%"
"08/07/2018","2,286.50","2,285.50","2,286.50","2,279.50","","0.02%"
"08/06/2018","2,286.00","2,279.00","2,287.00","2,279.00","","0.18%"
"08/03/2018","2,282.00","2,287.00","2,287.00","2,281.00","","-0.17%"
"08/02/2018","2,286.00","2,287.00","2,287.00","2,279.00","","-0.02%"
"08/01/2018","2,286.50","2,278.50","2,286.50","2,277.50","","0.29%"
"07/31/2018","2,280.00","2,280.00","2,282.00","2,278.00","","-0.04%"
"07/30/2018","2,281.00","2,280.00","2,287.00","2,278.00","","0.04%"
"07/27/2018","2,280.00","2,280.00","2,280.00","2,278.00","","0.04%"
"07/26/2018","2,279.00","2,280.00","2,280.00","2,278.00","","0.00%"
"07/25/2018","2,279.00","2,280.00","2,280.00","2,278.00","","-0.04%"
"07/24/2018","2,280.00","2,280.00","2,280.00","2,277.00","","0.09%"
"07/23/2018","2,278.00","2,279.00","2,280.00","2,277.00","","0.04%"
"07/20/2018","2,277.00","2,279.00","2,280.00","2,277.00","","-0.09%"
"07/19/2018","2,279.00","2,279.00","2,280.00","2,278.00","","-0.04%"
"07/18/2018","2,280.00","2,278.00","2,280.00","2,277.00","","0.00%"
"07/17/2018","2,280.00","2,281.00","2,281.00","2,274.00","","0.18%"
"07/16/2018","2,276.00","2,275.00","2,278.00","2,273.00","","0.04%"
"07/13/2018","2,275.00","2,274.00","2,276.00","2,274.00","","0.00%"
"07/12/2018","2,275.00","2,274.00","2,275.00","2,273.00","","0.00%"
"07/11/2018","2,275.00","2,275.00","2,275.00","2,273.00","","-0.09%"
"07/10/2018","2,277.00","2,277.00","2,277.00","2,272.00","","0.09%"
"07/09/2018","2,275.00","2,275.00","2,277.00","2,273.00","","0.00%"
"07/06/2018","2,275.00","2,275.00","2,276.00","2,273.00","","0.09%"
"07/05/2018","2,273.00","2,275.00","2,277.00","2,273.00","","-0.04%"
"07/04/2018","2,274.00","2,275.00","2,276.00","2,274.00","","0.00%"
"07/03/2018","2,274.00","2,276.00","2,277.00","2,274.00","","-0.04%"
"07/02/2018","2,275.00","2,276.00","2,277.00","2,274.00","","-0.04%"
"06/29/2018","2,276.00","2,276.00","2,277.00","2,275.00","","0.04%"
"06/28/2018","2,275.00","2,276.00","2,277.00","2,275.00","","-0.04%"
"06/27/2018","2,276.00","2,276.00","2,277.00","2,275.00","","0.00%"
"06/26/2018","2,276.00","2,275.00","2,277.00","2,275.00","","0.04%"
"06/25/2018","2,275.00","2,275.00","2,281.00","2,275.00","","-0.02%"
"06/22/2018","2,275.50","2,274.50","2,276.50","2,273.50","","-0.02%"
"06/21/2018","2,276.00","2,275.00","2,277.00","2,275.00","","0.04%"
"06/20/2018","2,275.00","2,275.00","2,277.00","2,274.00","","0.00%"
"06/19/2018","2,275.00","2,275.00","2,277.00","2,275.00","","0.00%"
"06/18/2018","2,275.00","2,275.00","2,277.00","2,274.00","","0.00%"
"06/15/2018","2,275.00","2,275.00","2,275.00","2,275.00","","0.00%"
"06/14/2018","2,275.00","2,275.00","2,276.00","2,272.00","","0.00%"
"06/13/2018","2,275.00","2,275.00","2,276.00","2,272.00","","0.00%"
"06/12/2018","2,275.00","2,275.00","2,277.00","2,273.00","","0.00%"
"06/11/2018","2,275.00","2,278.00","2,278.00","2,274.00","","-0.13%"
"06/08/2018","2,278.00","2,275.00","2,279.00","2,275.00","","0.13%"
"06/07/2018","2,275.00","2,281.00","2,282.00","2,274.00","","-0.18%"
"06/06/2018","2,279.00","2,281.00","2,284.00","2,279.00","","-0.13%"
"06/05/2018","2,282.00","2,281.00","2,283.00","2,280.00","","0.09%"
"06/04/2018","2,280.00","2,282.00","2,282.00","2,280.00","","-0.09%"
"06/01/2018","2,282.00","2,282.00","2,282.00","2,281.00","","-0.04%"
"05/31/2018","2,283.00","2,281.00","2,283.00","2,281.00","","0.09%"
"05/30/2018","2,281.00","2,282.00","2,283.00","2,281.00","","0.00%"
"05/29/2018","2,281.00","2,282.00","2,283.00","2,281.00","","-0.04%"
"05/28/2018","2,282.00","2,282.00","2,283.00","2,281.00","","-0.02%"
"05/25/2018","2,282.50","2,281.50","2,287.50","2,281.50","","0.02%"
"05/24/2018","2,282.00","2,282.00","2,283.00","2,281.00","","0.04%"
"05/23/2018","2,281.00","2,283.00","2,283.00","2,281.00","","-0.04%"
"05/22/2018","2,282.00","2,282.00","2,283.00","2,280.00","","-0.04%"
"05/21/2018","2,283.00","2,282.00","2,287.00","2,280.00","","0.13%"
"05/18/2018","2,280.00","2,282.00","2,283.00","2,280.00","","-0.09%"
"05/17/2018","2,282.00","2,282.00","2,283.00","2,280.00","","0.00%"
"05/16/2018","2,282.00","2,281.00","2,283.00","2,281.00","","-0.04%"
"05/15/2018","2,283.00","2,281.00","2,283.00","2,280.00","","0.00%"
"05/14/2018","2,283.00","2,282.00","2,283.00","2,280.00","","0.04%"
"05/11/2018","2,282.00","2,282.00","2,283.00","2,280.00","","-0.04%"
"05/10/2018","2,283.00","2,282.00","2,284.00","2,281.00","","0.09%"
"05/09/2018","2,281.00","2,282.00","2,284.00","2,280.00","","-0.04%"
"05/08/2018","2,282.00","2,282.00","2,283.00","2,281.00","","-0.04%"
"05/07/2018","2,283.00","2,284.00","2,284.00","2,281.00","","0.00%"
"05/04/2018","2,283.00","2,284.00","2,284.00","2,282.00","","0.00%"
"05/03/2018","2,283.00","2,283.00","2,284.00","2,282.00","","-0.04%"
"05/02/2018","2,284.00","2,283.00","2,285.00","2,282.00","","0.04%"
"05/01/2018","2,283.00","2,283.00","2,283.00","2,283.00","","0.00%"
"04/30/2018","2,283.00","2,285.00","2,285.00","2,283.00","","0.00%"
"04/27/2018","2,283.00","2,282.00","2,285.00","2,282.00","","0.00%"
"04/26/2018","2,283.00","2,283.00","2,283.00","2,283.00","","0.00%"
"04/25/2018","2,283.00","2,290.00","2,290.00","2,281.00","","-0.31%"
"04/24/2018","2,290.00","2,285.00","2,290.00","2,282.00","","0.26%"
"04/23/2018","2,284.00","2,283.00","2,286.00","2,282.00","","0.04%"
"04/20/2018","2,283.00","2,292.00","2,292.00","2,282.00","","-0.35%"
"04/19/2018","2,291.00","2,286.00","2,292.00","2,274.00","","0.33%"
"04/18/2018","2,283.50","2,265.50","2,283.50","2,265.50","","0.59%"
"04/17/2018","2,270.00","2,268.00","2,276.00","2,263.00","","0.00%"
"04/16/2018","2,270.00","2,273.00","2,274.00","2,262.00","","-0.07%"
"04/13/2018","2,271.50","2,264.50","2,271.50","2,259.50","","0.38%"
"04/12/2018","2,263.00","2,263.00","2,263.00","2,257.00","","0.09%"
"04/11/2018","2,261.00","2,266.00","2,266.00","2,257.00","","-0.09%"
"04/10/2018","2,263.00","2,263.00","2,263.00","2,255.00","","0.00%"
"04/09/2018","2,263.00","2,256.00","2,263.00","2,254.00","","0.13%"
"04/06/2018","2,260.00","2,265.00","2,265.00","2,257.00","","-0.11%"
"04/05/2018","2,262.50","2,262.50","2,262.50","2,254.50","","0.00%"
"04/04/2018","2,262.50","2,262.50","2,262.50","2,262.50","","0.00%"
"04/03/2018","2,262.50","2,255.50","2,263.50","2,255.50","","0.20%"
"04/02/2018","2,258.00","2,258.00","2,258.00","2,258.00","","0.00%"
"03/30/2018","2,258.00","2,258.00","2,258.00","2,258.00","","-0.04%"
"03/29/2018","2,259.00","2,258.00","2,265.00","2,257.00","","0.09%"
"03/28/2018","2,257.00","2,265.00","2,265.00","2,257.00","","-0.24%"
"03/27/2018","2,262.50","2,262.50","2,262.50","2,254.50","","0.00%"
"03/26/2018","2,262.50","2,254.50","2,262.50","2,254.50","","0.15%"
"03/23/2018","2,259.00","2,265.00","2,265.00","2,255.00","","-0.15%"
"03/22/2018","2,262.50","2,262.50","2,262.50","2,254.50","","0.24%"
"03/21/2018","2,257.00","2,265.00","2,265.00","2,255.00","","-0.24%"
"03/20/2018","2,262.50","2,252.50","2,263.50","2,249.50","","0.24%"
"03/19/2018","2,257.00","2,255.00","2,265.00","2,252.00","","0.09%"
"03/16/2018","2,255.00","2,255.00","2,258.00","2,254.00","","-0.04%"
"03/15/2018","2,256.00","2,263.00","2,265.00","2,253.00","","-0.24%"
"03/14/2018","2,261.50","2,253.50","2,261.50","2,251.50","","0.29%"
"03/13/2018","2,255.00","2,260.00","2,261.00","2,253.00","","-0.24%"
"03/12/2018","2,260.50","2,253.50","2,260.50","2,251.50","","0.24%"
"03/09/2018","2,255.00","2,254.00","2,260.00","2,253.00","","0.00%"
"03/08/2018","2,255.00","2,254.00","2,255.00","2,252.00","","0.04%"
"03/07/2018","2,254.00","2,262.00","2,262.00","2,253.00","","-0.31%"
"03/06/2018","2,261.00","2,252.00","2,261.00","2,251.00","","0.40%"
"03/05/2018","2,252.00","2,260.00","2,260.00","2,252.00","","-0.35%"
"03/02/2018","2,260.00","2,253.00","2,260.00","2,251.00","","0.31%"
"03/01/2018","2,253.00","2,253.00","2,254.00","2,251.00","","0.04%"
"02/28/2018","2,252.00","2,253.00","2,253.00","2,251.00","","0.04%"
"02/27/2018","2,251.00","2,253.00","2,253.00","2,250.00","","-0.04%"
"02/26/2018","2,252.00","2,253.00","2,253.00","2,251.00","","-0.04%"
"02/23/2018","2,253.00","2,253.00","2,253.00","2,250.00","","0.04%"
"02/22/2018","2,252.00","2,253.00","2,254.00","2,250.00","","-0.04%"
"02/21/2018","2,253.00","2,253.00","2,254.00","2,252.00","","0.00%"
"02/20/2018","2,253.00","2,253.00","2,254.00","2,251.00","","0.09%"
"02/19/2018","2,251.00","2,253.00","2,253.00","2,251.00","","-0.09%"
"02/16/2018","2,253.00","2,253.00","2,254.00","2,251.00","","0.04%"
"02/15/2018","2,252.00","2,254.00","2,255.00","2,252.00","","-0.13%"
"02/14/2018","2,255.00","2,255.00","2,257.00","2,252.00","","0.09%"
"02/13/2018","2,253.00","2,255.00","2,262.00","2,252.00","","-0.09%"
"02/12/2018","2,255.00","2,255.00","2,256.00","2,253.00","","0.00%"
"02/09/2018","2,255.00","2,258.00","2,258.00","2,252.00","","0.04%"
"02/08/2018","2,254.00","2,249.00","2,254.00","2,244.00","","0.09%"
"02/07/2018","2,252.00","2,252.00","2,258.00","2,249.00","","0.04%"
"02/06/2018","2,251.00","2,248.00","2,255.00","2,246.00","","0.09%"
"02/05/2018","2,249.00","2,248.00","2,252.00","2,247.00","","0.04%"
"02/02/2018","2,248.00","2,255.80","2,255.80","2,247.00","","-0.22%"
"02/01/2018","2,252.90","2,252.60","2,253.10","2,244.10","","0.26%"
"01/31/2018","2,247.00","2,252.00","2,254.00","2,245.00","","-0.22%"
"01/30/2018","2,252.00","2,250.00","2,252.00","2,243.00","","0.04%"
"01/29/2018","2,251.00","2,252.00","2,252.00","2,244.00","","0.04%"
"01/26/2018","2,250.00","2,252.00","2,252.00","2,246.00","","-0.04%"
"01/25/2018","2,251.00","2,251.00","2,251.00","2,244.00","","0.00%"
"01/24/2018","2,251.00","2,245.00","2,252.00","2,245.00","","0.13%"
"01/23/2018","2,248.00","2,248.00","2,253.00","2,246.00","","0.00%"
"01/22/2018","2,248.00","2,246.00","2,253.00","2,245.00","","0.00%"
"01/19/2018","2,248.00","2,246.00","2,253.00","2,245.00","","0.04%"
"01/18/2018","2,247.00","2,251.00","2,251.00","2,245.00","","-0.04%"
"01/17/2018","2,248.00","2,246.00","2,249.00","2,238.00","","0.27%"
"01/16/2018","2,242.00","2,246.00","2,246.00","2,240.00","","0.04%"
"01/15/2018","2,241.00","2,246.00","2,246.00","2,240.00","","-0.20%"
"01/12/2018","2,245.50","2,245.50","2,245.50","2,245.50","","0.16%"
"01/11/2018","2,242.00","2,245.00","2,245.00","2,240.00","","0.09%"
"01/10/2018","2,240.00","2,246.00","2,246.00","2,239.00","","-0.22%"
"01/09/2018","2,245.00","2,245.00","2,245.00","2,239.00","","0.27%"
"01/08/2018","2,239.00","2,246.00","2,246.00","2,238.00","","-0.27%"
"01/05/2018","2,245.00","2,246.00","2,246.00","2,238.00","","0.00%"
"01/04/2018","2,245.00","2,246.00","2,246.00","2,238.00","","0.00%"
"01/03/2018","2,245.00","2,246.00","2,246.00","2,237.00","","0.00%"
"01/02/2018","2,245.00","2,246.00","2,246.00","2,237.00","","0.22%"
"01/01/2018","2,240.00","2,240.00","2,240.00","2,240.00","","0.00%"
"12/29/2017","2,240.00","2,240.00","2,240.00","2,239.00","","0.00%"
"12/28/2017","2,240.00","2,240.00","2,241.00","2,239.00","","0.00%"
"12/27/2017","2,240.00","2,239.00","2,241.00","2,238.00","","0.13%"
"12/26/2017","2,237.00","2,237.00","2,237.00","2,237.00","","0.00%"
"12/25/2017","2,237.00","2,237.00","2,237.00","2,237.00","","0.00%"
"12/22/2017","2,237.00","2,240.00","2,240.00","2,237.00","","-0.13%"
"12/21/2017","2,240.00","2,240.00","2,240.00","2,239.00","","0.00%"
"12/20/2017","2,240.00","2,239.00","2,241.00","2,239.00","","0.04%"
"12/19/2017","2,239.00","2,239.00","2,241.00","2,239.00","","0.04%"
"12/18/2017","2,238.00","2,239.00","2,241.00","2,238.00","","-0.04%"
"12/15/2017","2,239.00","2,240.00","2,243.00","2,239.00","","-0.04%"
"12/14/2017","2,240.00","2,248.00","2,248.00","2,239.00","","0.04%"
"12/13/2017","2,239.00","2,240.00","2,241.00","2,239.00","","-0.04%"
"12/12/2017","2,240.00","2,246.00","2,246.00","2,239.00","","-0.04%"
"12/11/2017","2,241.00","2,241.00","2,242.00","2,240.00","","0.00%"
"12/08/2017","2,241.00","2,242.00","2,242.00","2,239.00","","0.04%"
"12/07/2017","2,240.00","2,242.00","2,245.00","2,240.00","","-0.04%"
"12/06/2017","2,241.00","2,241.00","2,242.00","2,240.00","","0.00%"
"12/05/2017","2,241.00","2,241.00","2,241.00","2,240.00","","0.00%"
"12/04/2017","2,241.00","2,242.00","2,247.00","2,240.00","","0.00%"
"12/01/2017","2,241.00","2,241.00","2,241.00","2,241.00","","0.00%"
"11/30/2017","2,241.00","2,245.00","2,245.00","2,240.00","","-0.04%"
"11/29/2017","2,242.00","2,241.00","2,245.00","2,241.00","","0.04%"
"11/28/2017","2,241.00","2,242.00","2,244.00","2,240.00","","0.04%"
"11/27/2017","2,240.00","2,246.00","2,246.00","2,240.00","","-0.09%"
"11/24/2017","2,242.00","2,241.00","2,243.00","2,240.00","","0.04%"
"11/23/2017","2,241.00","2,242.00","2,246.00","2,241.00","","0.00%"
"11/22/2017","2,241.00","2,248.00","2,248.00","2,241.00","","-0.09%"
"11/21/2017","2,243.00","2,242.00","2,245.00","2,241.00","","0.09%"
"11/20/2017","2,241.00","2,242.00","2,248.00","2,240.00","","0.00%"
"11/17/2017","2,241.00","2,241.00","2,245.00","2,241.00","","-0.18%"
"11/16/2017","2,245.00","2,242.00","2,246.00","2,241.00","","0.13%"
"11/15/2017","2,242.00","2,241.00","2,244.00","2,241.00","","0.00%"
"11/14/2017","2,242.00","2,248.00","2,248.00","2,241.00","","-0.09%"
"11/13/2017","2,244.00","2,246.00","2,246.00","2,241.00","","-0.04%"
"11/10/2017","2,245.00","2,246.00","2,246.00","2,243.00","","0.04%"
"11/09/2017","2,244.00","2,246.00","2,246.00","2,242.00","","-0.04%"
"11/08/2017","2,245.00","2,242.00","2,245.00","2,242.00","","0.09%"
"11/07/2017","2,243.00","2,246.00","2,246.00","2,243.00","","-0.09%"
"11/06/2017","2,245.00","2,246.00","2,246.00","2,243.00","","0.00%"
"11/03/2017","2,245.00","2,246.00","2,246.00","2,243.00","","0.02%"
"11/02/2017","2,244.50","2,245.50","2,245.50","2,243.50","","0.02%"
"11/01/2017","2,244.00","2,246.00","2,246.00","2,244.00","","-0.04%"
"10/31/2017","2,245.00","2,246.00","2,246.00","2,244.00","","0.00%"
"10/30/2017","2,245.00","2,244.00","2,246.00","2,244.00","","0.00%"
"10/27/2017","2,245.00","2,244.00","2,246.00","2,244.00","","0.00%"
"10/26/2017","2,245.00","2,244.00","2,246.00","2,244.00","","0.00%"
"10/25/2017","2,245.00","2,244.00","2,246.00","2,244.00","","0.00%"
"10/24/2017","2,245.00","2,244.00","2,246.00","2,244.00","","0.00%"
"10/23/2017","2,245.00","2,244.00","2,246.00","2,244.00","","-0.04%"
"10/20/2017","2,246.00","2,244.00","2,246.00","2,244.00","","0.04%"
"10/19/2017","2,245.00","2,244.00","2,246.00","2,244.00","","0.00%"
"10/18/2017","2,245.00","2,244.00","2,246.00","2,244.00","","0.00%"
"10/17/2017","2,245.00","2,244.00","2,246.00","2,244.00","","0.00%"
"10/16/2017","2,245.00","2,244.00","2,246.00","2,244.00","","0.00%"
"10/13/2017","2,245.00","2,244.00","2,245.00","2,244.00","","0.00%"
"10/12/2017","2,245.00","2,244.00","2,245.00","2,244.00","","0.00%"
"10/11/2017","2,245.00","2,245.00","2,245.00","2,244.00","","0.00%"
"10/10/2017","2,245.00","2,245.00","2,245.00","2,245.00","","0.00%"
"10/09/2017","2,245.00","2,245.00","2,245.00","2,244.00","","0.00%"
"10/06/2017","2,245.00","2,245.00","2,246.00","2,244.00","","0.04%"
"10/05/2017","2,244.00","2,245.00","2,246.00","2,244.00","","-0.04%"
"10/04/2017","2,245.00","2,245.00","2,246.00","2,244.00","","0.00%"
"10/03/2017","2,245.00","2,245.00","2,246.00","2,244.00","","0.00%"
"10/02/2017","2,245.00","2,245.00","2,246.00","2,244.00","","0.04%"
"09/29/2017","2,244.00","2,245.00","2,245.00","2,243.00","","-0.04%"
"09/28/2017","2,245.00","2,245.00","2,245.00","2,244.00","","0.00%"
"09/27/2017","2,245.00","2,245.00","2,245.00","2,244.00","","0.00%"
"09/26/2017","2,245.00","2,245.00","2,246.00","2,243.00","","0.09%"
"09/25/2017","2,243.00","2,245.00","2,245.00","2,243.00","","-0.04%"
"09/22/2017","2,244.00","2,245.00","2,245.00","2,243.00","","-0.04%"
"09/21/2017","2,245.00","2,241.00","2,245.00","2,241.00","","0.13%"
"09/20/2017","2,242.00","2,245.00","2,245.00","2,242.00","","-0.13%"
"09/19/2017","2,245.00","2,241.00","2,245.00","2,241.00","","0.09%"
"09/18/2017","2,243.00","2,241.00","2,245.00","2,241.00","","0.00%"
"09/15/2017","2,243.00","2,241.00","2,244.00","2,241.00","","0.00%"
"09/14/2017","2,243.00","2,241.00","2,243.00","2,241.00","","0.04%"
"09/13/2017","2,242.00","2,242.00","2,244.00","2,241.00","","0.00%"
"09/12/2017","2,242.00","2,242.00","2,243.00","2,240.00","","0.04%"
"09/11/2017","2,241.00","2,242.00","2,242.00","2,241.00","","0.00%"
"09/08/2017","2,241.00","2,242.00","2,242.00","2,240.00","","0.00%"
"09/07/2017","2,241.00","2,242.00","2,242.00","2,239.00","","0.09%"
"09/06/2017","2,239.00","2,242.00","2,242.00","2,239.00","","-0.09%"
"09/05/2017","2,241.00","2,241.00","2,242.00","2,240.00","","0.00%"
"09/04/2017","2,241.00","2,241.00","2,242.00","2,238.00","","0.00%"
"09/01/2017","2,241.00","2,241.00","2,241.00","2,241.00","","0.00%"
"08/31/2017","2,241.00","2,241.00","2,242.00","2,239.00","","0.00%"
"08/30/2017","2,241.00","2,241.00","2,242.00","2,239.00","","0.00%"
"08/29/2017","2,241.00","2,238.00","2,241.00","2,238.00","","0.09%"
"08/28/2017","2,239.00","2,238.00","2,241.00","2,238.00","","0.04%"
"08/25/2017","2,238.00","2,238.00","2,240.00","2,238.00","","-0.04%"
"08/24/2017","2,239.00","2,238.00","2,240.00","2,238.00","","0.04%"
"08/23/2017","2,238.00","2,238.00","2,240.00","2,237.00","","-0.04%"
"08/22/2017","2,239.00","2,238.00","2,240.00","2,238.00","","0.00%"
"08/21/2017","2,239.00","2,238.00","2,240.00","2,237.00","","0.00%"
"08/18/2017","2,239.00","2,239.00","2,240.00","2,237.00","","0.00%"
"08/17/2017","2,239.00","2,239.00","2,239.00","2,238.00","","0.00%"
"08/16/2017","2,239.00","2,239.00","2,239.00","2,237.00","","0.00%"
"08/15/2017","2,239.00","2,238.00","2,240.00","2,238.00","","0.00%"
"08/14/2017","2,239.00","2,238.00","2,240.00","2,237.00","","0.00%"
"08/11/2017","2,239.00","2,238.00","2,240.00","2,238.00","","0.04%"
"08/10/2017","2,238.00","2,238.00","2,240.00","2,237.00","","0.00%"
"08/09/2017","2,238.00","2,238.00","2,239.00","2,237.00","","0.00%"
"08/08/2017","2,238.00","2,238.00","2,238.00","2,238.00","","0.00%"
"08/07/2017","2,238.00","2,239.00","2,239.00","2,237.00","","0.00%"
"08/04/2017","2,238.00","2,239.00","2,239.00","2,237.00","","-0.04%"
"08/03/2017","2,239.00","2,239.00","2,239.00","2,237.00","","0.00%"
"08/02/2017","2,239.00","2,239.00","2,239.00","2,238.00","","0.00%"
"08/01/2017","2,239.00","2,239.00","2,239.00","2,237.00","","0.00%"
"07/31/2017","2,239.00","2,239.00","2,240.00","2,237.00","","0.00%"
"07/28/2017","2,239.00","2,239.00","2,239.00","2,237.00","","0.00%"
"07/27/2017","2,239.00","2,239.00","2,240.00","2,238.00","","0.04%"
"07/26/2017","2,238.00","2,238.00","2,240.00","2,237.00","","-0.04%"
"07/25/2017","2,239.00","2,238.00","2,239.00","2,237.00","","0.00%"
"07/24/2017","2,239.00","2,238.00","2,240.00","2,237.00","","-0.04%"
"07/21/2017","2,240.00","2,238.00","2,240.00","2,238.00","","0.00%"
"07/20/2017","2,240.00","2,239.00","2,240.00","2,237.00","","0.04%"
"07/19/2017","2,239.00","2,238.00","2,240.00","2,238.00","","0.00%"
"07/18/2017","2,239.00","2,237.00","2,239.00","2,236.00","","0.09%"
"07/17/2017","2,237.00","2,238.00","2,239.00","2,237.00","","0.04%"
"07/14/2017","2,236.00","2,238.00","2,239.00","2,236.00","","-0.09%"
"07/13/2017","2,238.00","2,238.00","2,239.00","2,238.00","","0.00%"
"07/12/2017","2,238.00","2,238.00","2,238.00","2,238.00","","0.00%"
"07/11/2017","2,238.00","2,238.00","2,238.00","2,237.00","","0.04%"
"07/10/2017","2,237.00","2,238.00","2,238.00","2,236.00","","-0.04%"
"07/07/2017","2,238.00","2,238.00","2,238.00","2,238.00","","0.04%"
"07/06/2017","2,237.00","2,238.00","2,239.00","2,236.00","","-0.04%"
"07/05/2017","2,238.00","2,238.00","2,238.00","2,236.00","","0.00%"
"07/04/2017","2,238.00","2,237.00","2,238.00","2,236.00","","0.04%"
"07/03/2017","2,237.00","2,238.00","2,239.00","2,237.00","","-0.09%"
"06/30/2017","2,239.00","2,237.00","2,239.00","2,237.00","","0.09%"
"06/29/2017","2,237.00","2,237.00","2,238.00","2,236.00","","0.00%"
"06/28/2017","2,237.00","2,237.00","2,238.00","2,236.00","","0.00%"
"06/27/2017","2,237.00","2,237.00","2,237.00","2,237.00","","0.00%"
"06/26/2017","2,237.00","2,237.00","2,237.00","2,237.00","","-0.04%"
"06/23/2017","2,238.00","2,238.00","2,238.00","2,237.00","","0.04%"
"06/22/2017","2,237.00","2,238.00","2,238.00","2,237.00","","0.00%"
"06/21/2017","2,237.00","2,238.00","2,238.00","2,237.00","","0.00%"
"06/20/2017","2,237.00","2,238.00","2,239.00","2,237.00","","0.00%"
"06/19/2017","2,237.00","2,238.00","2,238.00","2,237.00","","-0.04%"
"06/16/2017","2,238.00","2,238.00","2,239.00","2,237.00","","0.00%"
"06/15/2017","2,238.00","2,238.00","2,238.00","2,236.00","","0.04%"
"06/14/2017","2,237.00","2,238.00","2,238.01","2,237.00","","0.00%"
"06/13/2017","2,237.00","2,237.00","2,238.00","2,235.00","","-0.04%"
"06/12/2017","2,238.00","2,237.00","2,238.00","2,237.00","","0.00%"
"06/09/2017","2,238.00","2,237.00","2,238.50","2,237.00","","0.04%"
"06/08/2017","2,237.00","2,237.00","2,239.00","2,237.00","","0.00%"
"06/07/2017","2,237.00","2,237.00","2,238.00","2,236.00","","0.00%"
"06/06/2017","2,237.00","2,237.00","2,238.00","2,235.00","","0.00%"
"06/05/2017","2,237.00","2,237.00","2,238.00","2,235.00","","0.04%"
"06/02/2017","2,236.00","2,237.00","2,237.00","2,236.00","","-0.02%"
"06/01/2017","2,236.50","2,236.50","2,237.50","2,235.50","","0.02%"
"05/31/2017","2,236.00","2,237.00","2,237.00","2,236.00","","0.00%"
"05/30/2017","2,236.00","2,237.00","2,237.00","2,236.00","","-0.04%"
"05/29/2017","2,237.00","2,237.00","2,237.00","2,235.00","","0.04%"
"05/26/2017","2,236.00","2,237.00","2,238.00","2,236.00","","-0.04%"
"05/25/2017","2,237.00","2,237.00","2,237.00","2,235.00","","0.00%"
"05/24/2017","2,237.00","2,237.00","2,238.00","2,235.00","","0.00%"
"05/23/2017","2,237.00","2,237.00","2,237.00","2,235.00","","0.00%"
"05/22/2017","2,237.00","2,237.00","2,238.00","2,235.00","","0.00%"
"05/19/2017","2,237.00","2,237.00","2,237.00","2,235.00","","0.00%"
"05/18/2017","2,237.00","2,237.00","2,238.00","2,235.00","","0.00%"
"05/17/2017","2,237.00","2,235.00","2,237.00","2,235.00","","0.00%"
"05/16/2017","2,237.00","2,235.00","2,237.00","2,235.00","","0.09%"
"05/15/2017","2,235.00","2,235.00","2,238.00","2,233.00","","0.04%"
"05/12/2017","2,234.00","2,235.00","2,236.00","2,234.00","","-0.04%"
"05/11/2017","2,235.00","2,235.00","2,236.00","2,234.00","","0.04%"
"05/10/2017","2,234.00","2,235.00","2,236.00","2,234.00","","-0.04%"
"05/09/2017","2,235.00","2,235.00","2,236.00","2,234.00","","0.00%"
"05/08/2017","2,235.00","2,236.00","2,237.00","2,235.00","","0.00%"
"05/05/2017","2,235.00","2,235.00","2,236.00","2,234.00","","0.00%"
"05/04/2017","2,235.00","2,236.00","2,237.00","2,235.00","","0.00%"
"05/03/2017","2,235.00","2,236.00","2,237.00","2,234.00","","0.00%"
"05/02/2017","2,235.00","2,236.00","2,237.00","2,235.00","","-0.04%"
"05/01/2017","2,236.00","2,236.00","2,236.00","2,236.00","","0.04%"
"04/28/2017","2,235.00","2,237.00","2,237.00","2,234.00","","-0.09%"
"04/27/2017","2,237.00","2,236.00","2,237.00","2,234.00","","0.04%"
"04/26/2017","2,236.00","2,236.00","2,236.00","2,236.00","","0.00%"
"04/25/2017","2,236.00","2,236.00","2,237.00","2,234.00","","-0.04%"
"04/24/2017","2,237.00","2,237.00","2,237.00","2,234.00","","0.04%"
"04/21/2017","2,236.00","2,235.00","2,237.00","2,234.00","","-0.04%"
"04/20/2017","2,237.00","2,234.00","2,238.00","2,234.00","","0.09%"
"04/19/2017","2,235.00","2,234.00","2,237.00","2,233.00","","0.04%"
"04/18/2017","2,234.00","2,234.00","2,236.00","2,233.00","","0.00%"
"04/17/2017","2,234.00","2,234.00","2,234.00","2,234.00","","0.00%"
"04/14/2017","2,234.00","2,234.00","2,234.00","2,234.00","","0.00%"
"04/13/2017","2,234.00","2,233.00","2,236.00","2,232.00","","-0.04%"
"04/12/2017","2,235.00","2,232.00","2,235.00","2,232.00","","0.09%"
"04/11/2017","2,233.00","2,232.00","2,235.00","2,232.00","","0.04%"
"04/10/2017","2,232.00","2,233.00","2,234.00","2,232.00","","-0.04%"
"04/07/2017","2,233.00","2,233.00","2,233.00","2,233.00","","0.00%"
"04/06/2017","2,233.00","2,233.00","2,234.00","2,232.00","","0.04%"
"04/05/2017","2,232.00","2,233.00","2,234.00","2,232.00","","-0.04%"
"04/04/2017","2,233.00","2,233.00","2,235.00","2,232.00","","-0.09%"
"04/03/2017","2,235.00","2,233.00","2,235.00","2,232.00","","0.04%"
"03/31/2017","2,234.00","2,233.00","2,235.00","2,232.00","","0.09%"
"03/30/2017","2,232.00","2,233.00","2,235.00","2,232.00","","-0.13%"
"03/29/2017","2,235.00","2,233.00","2,235.00","2,233.00","","0.13%"
"03/28/2017","2,232.00","2,235.00","2,236.00","2,232.00","","-0.04%"
"03/27/2017","2,233.00","2,235.00","2,236.00","2,232.00","","0.00%"
"03/24/2017","2,233.00","2,235.00","2,235.00","2,233.00","","-0.13%"
"03/23/2017","2,236.00","2,235.00","2,236.00","2,233.00","","0.04%"
"03/22/2017","2,235.00","2,235.00","2,235.00","2,233.00","","0.00%"
"03/21/2017","2,235.00","2,235.00","2,235.00","2,233.00","","0.04%"
"03/20/2017","2,234.00","2,235.00","2,235.00","2,233.00","","0.04%"
"03/17/2017","2,233.00","2,235.00","2,235.00","2,233.00","","-0.04%"
"03/16/2017","2,234.00","2,233.00","2,235.00","2,233.00","","-0.04%"
"03/15/2017","2,235.00","2,235.00","2,236.00","2,233.00","","0.00%"
"03/14/2017","2,235.00","2,235.00","2,236.00","2,233.00","","0.04%"
"03/13/2017","2,234.00","2,235.00","2,236.00","2,234.00","","0.04%"
"03/10/2017","2,233.00","2,234.00","2,235.00","2,233.00","","-0.09%"
"03/09/2017","2,235.00","2,234.00","2,235.00","2,233.00","","0.00%"
"03/08/2017","2,235.00","2,235.00","2,235.00","2,234.00","","0.00%"
"03/07/2017","2,235.00","2,235.00","2,236.00","2,234.00","","0.00%"
"03/06/2017","2,235.00","2,234.00","2,236.00","2,233.00","","0.00%"
"03/03/2017","2,235.00","2,233.00","2,235.00","2,233.00","","0.00%"
"03/02/2017","2,235.00","2,234.00","2,235.00","2,233.00","","0.00%"
"03/01/2017","2,235.00","2,235.00","2,235.00","2,233.00","","0.00%"
"02/28/2017","2,235.00","2,234.00","2,235.00","2,233.00","","0.04%"
"02/27/2017","2,234.00","2,234.00","2,237.00","2,233.00","","-0.04%"
"02/24/2017","2,235.00","2,234.00","2,237.00","2,234.00","","0.00%"
"02/23/2017","2,235.00","2,234.00","2,235.00","2,234.00","","0.00%"
"02/22/2017","2,235.00","2,234.00","2,235.00","2,233.00","","0.00%"
"02/21/2017","2,235.00","2,234.00","2,235.00","2,233.00","","0.04%"
"02/20/2017","2,234.00","2,234.00","2,236.00","2,233.00","","0.00%"
"02/17/2017","2,234.00","2,234.00","2,237.00","2,233.00","","-0.04%"
"02/16/2017","2,235.00","2,235.00","2,236.00","2,233.00","","0.09%"
"02/15/2017","2,233.00","2,235.00","2,235.00","2,232.00","","-0.09%"
"02/14/2017","2,235.00","2,235.00","2,235.00","2,231.00","","0.00%"
"02/13/2017","2,235.00","2,233.00","2,236.00","2,232.00","","0.00%"
"02/10/2017","2,235.00","2,233.00","2,235.00","2,232.00","","0.18%"
"02/09/2017","2,231.00","2,235.00","2,235.00","2,231.00","","-0.13%"
"02/08/2017","2,234.00","2,235.00","2,237.00","2,234.00","","-0.04%"
"02/07/2017","2,235.00","2,235.00","2,236.00","2,234.00","","0.00%"
"02/06/2017","2,235.00","2,235.00","2,237.00","2,235.00","","0.00%"
"02/03/2017","2,235.00","2,235.00","2,237.00","2,235.00","","0.00%"
"02/02/2017","2,235.00","2,235.00","2,237.00","2,234.00","","0.00%"
"02/01/2017","2,235.00","2,235.00","2,237.00","2,235.00","","0.00%"
"01/31/2017","2,235.00","2,235.00","2,237.00","2,233.00","","0.00%"
"01/30/2017","2,235.00","2,232.00","2,235.00","2,229.00","","0.13%"
"01/27/2017","2,232.00","2,220.00","2,232.00","2,220.00","","0.54%"
"01/26/2017","2,220.00","2,239.00","2,240.00","2,218.00","","-0.89%"
"01/25/2017","2,240.00","2,245.00","2,245.00","2,235.00","","-0.22%"
"01/24/2017","2,245.00","2,258.00","2,260.00","2,245.00","","-0.66%"
"01/23/2017","2,260.00","2,258.00","2,270.00","2,258.00","","0.00%"
"01/20/2017","2,260.00","2,235.00","2,265.00","2,235.00","","1.12%"
"01/19/2017","2,235.00","2,235.00","2,235.00","2,235.00","","-0.04%"
"01/18/2017","2,236.00","2,232.00","2,236.00","2,230.00","","0.09%"
"01/17/2017","2,234.00","2,230.00","2,234.00","2,228.00","","0.22%"
"01/16/2017","2,229.00","2,225.00","2,230.00","2,223.00","","0.22%"
"01/13/2017","2,224.00","2,220.00","2,224.00","2,219.00","","0.18%"
"01/12/2017","2,220.00","2,220.00","2,220.00","2,220.00","","0.00%"
"01/11/2017","2,220.00","2,205.00","2,220.00","2,205.00","","0.68%"
"01/10/2017","2,205.00","2,194.00","2,207.00","2,194.00","","0.50%"
"01/09/2017","2,194.00","2,188.00","2,195.00","2,188.00","","0.23%"
"01/06/2017","2,189.00","2,190.00","2,192.00","2,187.00","","0.05%"
"01/05/2017","2,188.00","2,185.00","2,192.00","2,183.00","","0.14%"
"01/04/2017","2,185.00","2,181.00","2,187.00","2,181.00","","0.14%"
"01/03/2017","2,182.00","2,178.00","2,185.00","2,178.00","","0.05%"
"01/02/2017","2,181.00","2,183.00","2,184.00","2,178.00","","0.00%"
"12/30/2016","2,181.00","2,178.00","2,183.00","2,178.00","","0.14%"
"12/29/2016","2,178.00","2,178.00","2,180.00","2,178.00","","0.00%"
"12/28/2016","2,178.00","2,178.00","2,180.00","2,177.00","","0.00%"
"12/27/2016","2,178.00","2,178.00","2,180.00","2,177.00","","0.00%"
"12/26/2016","2,178.00","2,178.00","2,178.00","2,178.00","","0.00%"
"12/23/2016","2,178.00","2,178.00","2,180.00","2,177.00","","0.00%"
"12/22/2016","2,178.00","2,178.00","2,180.00","2,178.00","","0.00%"
"12/21/2016","2,178.00","2,178.00","2,182.00","2,178.00","","0.00%"
"12/20/2016","2,178.00","2,178.00","2,180.00","2,178.00","","-0.09%"
"12/19/2016","2,180.00","2,178.00","2,180.00","2,178.00","","0.05%"
"12/16/2016","2,179.00","2,180.00","2,180.00","2,178.00","","-0.09%"
"12/15/2016","2,181.00","2,178.00","2,181.00","2,178.00","","0.14%"
"12/14/2016","2,178.00","2,180.00","2,180.00","2,178.00","","-0.09%"
"12/13/2016","2,180.00","2,180.00","2,182.00","2,178.00","","0.00%"
"12/12/2016","2,180.00","2,180.00","2,180.00","2,180.00","","0.00%"
"12/09/2016","2,180.00","2,180.00","2,180.00","2,180.00","","0.00%"
"12/08/2016","2,180.00","2,180.00","2,180.00","2,178.00","","0.00%"
"12/07/2016","2,180.00","2,179.00","2,180.00","2,178.00","","0.09%"
"12/06/2016","2,178.00","2,179.00","2,181.00","2,178.00","","-0.09%"
"12/05/2016","2,180.00","2,179.00","2,181.00","2,179.00","","0.00%"
"12/02/2016","2,180.00","2,180.00","2,181.00","2,179.00","","0.00%"
"12/01/2016","2,180.00","2,180.00","2,181.00","2,178.00","","0.00%"
"11/30/2016","2,180.00","2,180.00","2,181.00","2,178.00","","0.00%"
"11/29/2016","2,180.00","2,180.00","2,181.00","2,179.00","","0.05%"
"11/28/2016","2,179.00","2,180.00","2,182.00","2,179.00","","0.00%"
"11/25/2016","2,179.00","2,180.00","2,181.00","2,178.00","","-0.05%"
"11/24/2016","2,180.00","2,182.00","2,182.00","2,179.00","","0.00%"
"11/23/2016","2,180.00","2,180.00","2,182.00","2,179.00","","0.00%"
"11/22/2016","2,180.00","2,182.00","2,182.00","2,179.00","","-0.05%"
"11/21/2016","2,181.00","2,182.00","2,183.00","2,179.00","","-0.05%"
"11/18/2016","2,182.00","2,182.00","2,182.00","2,179.00","","0.09%"
"11/17/2016","2,180.00","2,182.00","2,182.00","2,180.00","","-0.09%"
"11/16/2016","2,182.00","2,181.00","2,182.00","2,179.00","","0.09%"
"11/15/2016","2,180.00","2,182.00","2,182.00","2,180.00","","-0.05%"
"11/14/2016","2,181.00","2,181.00","2,182.00","2,180.00","","-0.05%"
"11/11/2016","2,182.00","2,181.00","2,182.00","2,180.00","","0.09%"
"11/10/2016","2,180.00","2,181.00","2,183.00","2,180.00","","0.00%"
"11/09/2016","2,180.00","2,181.00","2,182.00","2,179.00","","-0.09%"
"11/08/2016","2,182.00","2,182.00","2,182.00","2,180.00","","0.05%"
"11/07/2016","2,181.00","2,184.00","2,184.00","2,180.00","","-0.09%"
"11/04/2016","2,183.00","2,183.00","2,184.00","2,180.00","","0.05%"
"11/03/2016","2,182.00","2,184.00","2,185.00","2,180.00","","-0.05%"
"11/02/2016","2,183.00","2,184.00","2,185.00","2,182.00","","-0.05%"
"11/01/2016","2,184.00","2,184.00","2,185.00","2,182.00","","-0.05%"
"10/31/2016","2,185.00","2,182.00","2,185.00","2,182.00","","0.05%"
"10/28/2016","2,184.00","2,182.00","2,185.00","2,182.00","","0.00%"
"10/27/2016","2,184.00","2,182.00","2,184.00","2,181.00","","0.05%"
"10/26/2016","2,183.00","2,183.00","2,185.00","2,181.00","","-0.09%"
"10/25/2016","2,185.00","2,183.00","2,185.00","2,182.00","","0.05%"
"10/24/2016","2,184.00","2,183.00","2,185.00","2,182.00","","-0.05%"
"10/21/2016","2,185.00","2,183.00","2,185.00","2,182.00","","0.05%"
"10/20/2016","2,184.00","2,182.00","2,185.00","2,182.00","","0.09%"
"10/19/2016","2,182.00","2,182.00","2,186.00","2,181.00","","0.00%"
"10/18/2016","2,182.00","2,182.00","2,185.00","2,181.00","","0.00%"
"10/17/2016","2,182.00","2,182.00","2,184.00","2,182.00","","0.00%"
"10/14/2016","2,182.00","2,182.00","2,182.00","2,182.00","","-0.09%"
"10/13/2016","2,184.00","2,182.00","2,184.00","2,181.00","","0.00%"
"10/12/2016","2,184.00","2,182.00","2,185.00","2,181.00","","0.05%"
"10/11/2016","2,183.00","2,182.00","2,184.00","2,181.00","","0.00%"
"10/10/2016","2,183.00","2,182.00","2,185.00","2,182.00","","-0.05%"
"10/07/2016","2,184.00","2,182.00","2,185.00","2,181.00","","0.09%"
"10/06/2016","2,182.00","2,182.00","2,185.00","2,181.00","","-0.09%"
"10/05/2016","2,184.00","2,182.00","2,185.00","2,182.00","","0.14%"
"10/04/2016","2,181.00","2,182.00","2,185.00","2,181.00","","-0.14%"
"10/03/2016","2,184.00","2,182.00","2,185.00","2,180.00","","0.09%"
"09/30/2016","2,182.00","2,182.00","2,183.00","2,180.00","","0.00%"
"09/29/2016","2,182.00","2,182.00","2,182.00","2,179.00","","0.00%"
"09/28/2016","2,182.00","2,182.00","2,183.00","2,179.00","","-0.02%"
"09/27/2016","2,182.50","2,178.50","2,182.50","2,177.50","","0.02%"
"09/26/2016","2,182.00","2,181.00","2,184.00","2,180.00","","0.00%"
"09/23/2016","2,182.00","2,182.00","2,182.00","2,180.00","","0.05%"
"09/22/2016","2,181.00","2,182.00","2,183.00","2,180.00","","-0.05%"
"09/21/2016","2,182.00","2,182.00","2,184.00","2,180.00","","0.00%"
"09/20/2016","2,182.00","2,182.00","2,183.00","2,180.00","","0.00%"
"09/19/2016","2,182.00","2,182.00","2,183.00","2,180.00","","0.09%"
"09/16/2016","2,180.00","2,182.00","2,184.00","2,179.00","","-0.09%"
"09/15/2016","2,182.00","2,183.00","2,183.00","2,180.00","","0.00%"
"09/14/2016","2,182.00","2,185.00","2,187.00","2,181.00","","-0.09%"
"09/13/2016","2,184.00","2,185.00","2,185.00","2,182.00","","0.00%"
"09/12/2016","2,184.00","2,185.00","2,185.00","2,184.00","","0.00%"
"09/09/2016","2,184.00","2,185.00","2,186.00","2,181.00","","0.00%"
"09/08/2016","2,184.00","2,185.00","2,186.00","2,182.00","","0.00%"
"09/07/2016","2,184.00","2,185.00","2,186.00","2,183.00","","0.00%"
"09/06/2016","2,184.00","2,185.00","2,187.00","2,182.00","","0.00%"
"09/05/2016","2,184.00","2,185.00","2,187.00","2,184.00","","-0.09%"
"09/02/2016","2,186.00","2,186.00","2,186.00","2,184.00","","0.00%"
"09/01/2016","2,186.00","2,186.00","2,188.00","2,184.00","","0.00%"
"08/31/2016","2,186.00","2,187.00","2,187.00","2,183.00","","-0.05%"
"08/30/2016","2,187.00","2,187.00","2,189.00","2,184.00","","0.09%"
"08/29/2016","2,185.00","2,187.00","2,188.00","2,185.00","","-0.05%"
"08/26/2016","2,186.00","2,187.00","2,188.00","2,186.00","","0.06%"
"08/25/2016","2,184.77","2,186.95","2,187.95","2,184.77","","-0.04%"
"08/24/2016","2,185.75","2,184.75","2,187.75","2,184.75","","-0.10%"
"08/23/2016","2,188.00","2,187.00","2,189.00","2,186.00","","0.05%"
"08/22/2016","2,187.00","2,188.00","2,188.00","2,186.00","","0.05%"
"08/19/2016","2,186.00","2,188.00","2,188.00","2,186.00","","-0.05%"
"08/18/2016","2,187.00","2,187.00","2,188.00","2,185.00","","0.05%"
"08/17/2016","2,186.00","2,187.00","2,188.00","2,186.00","","-0.05%"
"08/16/2016","2,187.00","2,187.00","2,188.00","2,185.00","","0.07%"
"08/15/2016","2,185.52","2,185.70","2,187.70","2,183.70","","-0.07%"
"08/12/2016","2,187.00","2,187.00","2,188.00","2,186.00","","0.02%"
"08/11/2016","2,186.50","2,184.50","2,186.50","2,183.50","","-0.07%"
"08/10/2016","2,188.00","2,187.00","2,188.00","2,186.00","","0.00%"
"08/09/2016","2,188.00","2,188.00","2,189.00","2,187.00","","0.00%"
"08/08/2016","2,188.00","2,188.00","2,188.00","2,188.00","","0.00%"
"08/05/2016","2,188.00","2,188.00","2,189.00","2,186.00","","0.00%"
"08/04/2016","2,188.00","2,188.00","2,189.00","2,187.00","","0.00%"
"08/03/2016","2,188.00","2,189.00","2,189.00","2,186.00","","0.05%"
"08/02/2016","2,187.00","2,189.00","2,189.00","2,187.00","","-0.14%"
"08/01/2016","2,190.00","2,187.00","2,190.00","2,186.00","","0.14%"
"07/29/2016","2,187.00","2,187.00","2,189.00","2,186.00","","-0.09%"
"07/28/2016","2,189.00","2,188.00","2,189.00","2,187.00","","0.05%"
"07/27/2016","2,188.00","2,188.00","2,190.00","2,186.00","","0.05%"
"07/26/2016","2,187.00","2,190.00","2,190.00","2,187.00","","-0.09%"
"07/25/2016","2,189.00","2,190.00","2,190.00","2,188.00","","-0.05%"
"07/22/2016","2,190.00","2,190.00","2,190.00","2,188.00","","0.00%"
"07/21/2016","2,190.00","2,189.00","2,191.00","2,188.00","","0.05%"
"07/20/2016","2,189.00","2,189.00","2,191.00","2,188.00","","-0.05%"
"07/19/2016","2,190.00","2,189.00","2,191.00","2,188.00","","0.00%"
"07/18/2016","2,190.00","2,190.00","2,191.00","2,186.00","","0.05%"
"07/15/2016","2,189.00","2,190.00","2,191.00","2,188.00","","0.05%"
"07/14/2016","2,188.00","2,190.00","2,191.00","2,188.00","","-0.09%"
"07/13/2016","2,190.00","2,191.00","2,191.00","2,190.00","","-0.05%"
"07/12/2016","2,191.00","2,191.00","2,192.00","2,190.00","","0.00%"
"07/11/2016","2,191.00","2,191.00","2,192.00","2,190.00","","0.05%"
"07/08/2016","2,190.00","2,191.00","2,191.00","2,189.00","","-0.05%"
"07/07/2016","2,191.00","2,191.00","2,191.00","2,191.00","","0.00%"
"07/06/2016","2,191.00","2,191.00","2,191.00","2,191.00","","0.05%"
"07/05/2016","2,190.00","2,191.00","2,191.00","2,190.00","","0.00%"
"07/04/2016","2,190.00","2,191.00","2,191.00","2,189.00","","0.00%"
"07/01/2016","2,190.00","2,191.00","2,191.00","2,188.00","","0.00%"
"06/30/2016","2,190.00","2,191.00","2,192.00","2,188.00","","0.00%"
"06/29/2016","2,190.00","2,191.00","2,192.00","2,183.00","","0.00%"
"06/28/2016","2,190.00","2,191.00","2,193.00","2,189.00","","0.00%"
"06/27/2016","2,190.00","2,193.00","2,195.00","2,190.00","","-0.05%"
"06/24/2016","2,191.00","2,193.00","2,193.00","2,190.00","","-0.09%"
"06/23/2016","2,193.00","2,191.00","2,193.00","2,191.00","","0.00%"
"06/22/2016","2,193.00","2,193.00","2,193.00","2,190.00","","0.00%"
"06/21/2016","2,193.00","2,193.00","2,194.00","2,191.00","","0.00%"
"06/20/2016","2,193.00","2,193.00","2,194.00","2,191.00","","0.05%"
"06/17/2016","2,192.00","2,193.00","2,194.00","2,191.00","","0.00%"
"06/16/2016","2,192.00","2,193.00","2,194.00","2,192.00","","-0.09%"
"06/15/2016","2,194.00","2,193.00","2,194.00","2,192.00","","0.05%"
"06/14/2016","2,193.00","2,191.00","2,195.00","2,191.00","","0.00%"
"06/13/2016","2,193.00","2,191.00","2,193.10","2,191.00","","0.00%"
"06/10/2016","2,193.00","2,192.00","2,193.00","2,190.00","","0.00%"
"06/09/2016","2,193.00","2,191.00","2,193.00","2,191.00","","0.05%"
"06/08/2016","2,192.00","2,191.00","2,193.00","2,191.00","","0.00%"
"06/07/2016","2,192.00","2,191.00","2,193.00","2,190.00","","0.05%"
"06/06/2016","2,191.00","2,192.00","2,193.00","2,190.00","","0.00%"
"06/03/2016","2,191.00","2,192.00","2,193.00","2,190.00","","0.00%"
"06/02/2016","2,191.00","2,191.00","2,192.00","2,190.00","","0.00%"
"06/01/2016","2,191.00","2,191.00","2,192.00","2,190.00","","0.05%"
"05/31/2016","2,190.00","2,191.00","2,192.00","2,189.00","","-0.05%"
"05/30/2016","2,191.00","2,191.00","2,192.00","2,190.00","","0.09%"
"05/27/2016","2,189.00","2,191.00","2,193.00","2,189.00","","-0.14%"
"05/26/2016","2,192.00","2,190.00","2,193.00","2,190.00","","0.05%"
"05/25/2016","2,191.00","2,190.00","2,192.00","2,190.00","","0.05%"
"05/24/2016","2,190.00","2,190.00","2,192.00","2,189.00","","-0.05%"
"05/23/2016","2,191.00","2,190.00","2,193.00","2,190.00","","0.05%"
"05/20/2016","2,190.00","2,190.00","2,193.00","2,189.00","","0.00%"
"05/19/2016","2,190.00","2,190.00","2,192.00","2,189.00","","-0.05%"
"05/18/2016","2,191.00","2,190.00","2,192.00","2,189.00","","0.05%"
"05/17/2016","2,190.00","2,190.00","2,191.00","2,189.00","","0.00%"
"05/16/2016","2,190.00","2,190.00","2,191.00","2,189.00","","0.00%"
"05/13/2016","2,190.00","2,190.00","2,191.00","2,189.00","","0.00%"
"05/12/2016","2,190.00","2,190.00","2,191.00","2,188.00","","0.00%"
"05/11/2016","2,190.00","2,190.00","2,191.00","2,188.00","","0.05%"
"05/10/2016","2,189.00","2,190.00","2,191.00","2,189.00","","-0.05%"
"05/09/2016","2,190.00","2,190.00","2,191.00","2,188.00","","0.00%"
"05/06/2016","2,190.00","2,190.00","2,191.00","2,187.00","","0.00%"
"05/05/2016","2,190.00","2,190.00","2,191.00","2,188.00","","-0.05%"
"05/04/2016","2,191.00","2,190.00","2,192.00","2,188.00","","0.14%"
"05/03/2016","2,188.00","2,190.00","2,192.00","2,188.00","","-0.09%"
"05/02/2016","2,190.00","2,190.00","2,193.00","2,189.00","","-0.05%"
"04/29/2016","2,191.00","2,194.00","2,194.00","2,189.00","","0.05%"
"04/28/2016","2,190.00","2,193.00","2,196.00","2,186.00","","-0.41%"
"04/27/2016","2,199.00","2,200.00","2,205.00","2,198.00","","-0.09%"
"04/26/2016","2,201.00","2,201.00","2,201.00","2,201.00","","-0.09%"
"04/25/2016","2,203.00","2,204.00","2,205.00","2,200.00","","0.05%"
"04/22/2016","2,202.00","2,195.00","2,203.00","2,195.00","","0.32%"
"04/21/2016","2,195.00","2,194.00","2,201.00","2,194.00","","0.05%"
"04/20/2016","2,194.00","2,190.00","2,196.00","2,190.00","","0.18%"
"04/19/2016","2,190.00","2,190.00","2,194.00","2,190.00","","0.00%"
"04/18/2016","2,190.00","2,190.00","2,194.00","2,190.00","","0.00%"
"04/15/2016","2,190.00","2,189.00","2,192.00","2,188.00","","0.00%"
"04/14/2016","2,190.00","2,187.00","2,191.00","2,187.00","","0.05%"
"04/13/2016","2,189.00","2,188.00","2,191.00","2,187.00","","0.09%"
"04/12/2016","2,187.00","2,190.00","2,191.00","2,186.00","","-0.05%"
"04/11/2016","2,188.00","2,187.00","2,191.00","2,186.00","","0.05%"
"04/08/2016","2,187.00","2,187.00","2,191.00","2,185.00","","0.00%"
"04/07/2016","2,187.00","2,187.00","2,187.00","2,187.00","","0.00%"
"04/06/2016","2,187.00","2,187.00","2,191.00","2,186.00","","0.00%"
"04/05/2016","2,187.00","2,187.00","2,189.00","2,185.00","","0.00%"
"04/04/2016","2,187.00","2,187.00","2,188.00","2,185.00","","0.00%"
"04/01/2016","2,187.00","2,187.00","2,189.00","2,186.00","","0.02%"
"03/31/2016","2,186.50","2,186.50","2,187.50","2,185.50","","-0.02%"
"03/30/2016","2,187.00","2,187.00","2,188.00","2,186.00","","-0.05%"
"03/29/2016","2,188.00","2,187.00","2,189.00","2,185.00","","0.05%"
"03/28/2016","2,187.00","2,187.00","2,187.00","2,185.00","","0.00%"
"03/25/2016","2,187.00","2,187.00","2,187.00","2,187.00","","0.00%"
"03/24/2016","2,187.00","2,187.00","2,188.00","2,186.00","","0.00%"
"03/23/2016","2,187.00","2,187.00","2,187.10","2,185.00","","0.00%"
"03/22/2016","2,187.00","2,187.00","2,188.00","2,185.00","","0.09%"
"03/21/2016","2,185.00","2,187.00","2,188.00","2,185.00","","-0.09%"
"03/18/2016","2,187.00","2,187.00","2,187.10","2,185.00","","0.00%"
"03/17/2016","2,187.00","2,187.00","2,188.00","2,185.00","","0.09%"
"03/16/2016","2,185.00","2,187.00","2,187.00","2,185.00","","-0.05%"
"03/15/2016","2,186.00","2,187.00","2,187.00","2,185.00","","0.05%"
"03/14/2016","2,185.00","2,187.00","2,188.00","2,185.00","","-0.09%"
"03/11/2016","2,187.00","2,185.00","2,189.00","2,185.00","","0.00%"
"03/10/2016","2,187.00","2,187.00","2,189.00","2,185.00","","-0.05%"
"03/09/2016","2,188.00","2,188.00","2,190.00","2,185.00","","0.00%"
"03/08/2016","2,188.00","2,188.00","2,189.00","2,187.00","","0.00%"
"03/07/2016","2,188.00","2,189.00","2,190.00","2,188.00","","0.00%"
"03/04/2016","2,188.00","2,188.00","2,189.10","2,187.00","","-0.05%"
"03/03/2016","2,189.00","2,189.00","2,190.00","2,187.00","","0.00%"
"03/02/2016","2,189.00","2,188.00","2,190.00","2,187.00","","0.05%"
"03/01/2016","2,188.00","2,188.00","2,190.00","2,188.00","","-0.05%"
"02/29/2016","2,189.00","2,189.00","2,190.00","2,187.00","","0.05%"
"02/26/2016","2,188.00","2,190.00","2,190.00","2,187.00","","0.00%"
"02/25/2016","2,188.00","2,188.00","2,190.00","2,188.00","","0.00%"
"02/24/2016","2,188.00","2,189.00","2,190.00","2,188.00","","-0.05%"
"02/23/2016","2,189.00","2,190.00","2,190.00","2,187.00","","0.00%"
"02/22/2016","2,189.00","2,188.00","2,190.00","2,188.00","","0.05%"
"02/19/2016","2,188.00","2,190.00","2,190.00","2,188.00","","0.00%"
"02/18/2016","2,188.00","2,190.00","2,190.00","2,187.00","","0.00%"
"02/17/2016","2,188.00","2,188.00","2,190.00","2,188.00","","0.00%"
"02/16/2016","2,188.00","2,188.00","2,189.00","2,185.00","","0.00%"
"02/15/2016","2,188.00","2,185.00","2,189.00","2,185.00","","0.09%"
"02/12/2016","2,186.00","2,185.00","2,187.00","2,185.00","","0.05%"
"02/11/2016","2,185.00","2,185.00","2,186.00","2,184.00","","0.00%"
"02/10/2016","2,185.00","2,185.00","2,187.00","2,184.00","","0.00%"
"02/09/2016","2,185.00","2,185.00","2,186.00","2,184.00","","0.00%"
"02/08/2016","2,185.00","2,183.00","2,187.00","2,183.00","","0.05%"
"02/05/2016","2,184.00","2,183.00","2,187.00","2,183.00","","-0.05%"
"02/04/2016","2,185.00","2,185.00","2,186.00","2,183.00","","0.00%"
"02/03/2016","2,185.00","2,185.00","2,186.00","2,182.00","","0.09%"
"02/02/2016","2,183.00","2,185.00","2,187.00","2,183.00","","-0.09%"
"02/01/2016","2,185.00","2,185.00","2,187.10","2,183.00","","-0.09%"
"01/29/2016","2,187.00","2,190.00","2,190.00","2,185.00","","-0.05%"
"01/28/2016","2,188.00","2,189.00","2,190.10","2,185.00","","0.00%"
"01/27/2016","2,188.00","2,190.10","2,191.00","2,188.00","","-0.09%"
"01/26/2016","2,190.00","2,190.00","2,190.10","2,188.00","","0.00%"
"01/25/2016","2,190.00","2,190.00","2,192.00","2,188.00","","0.00%"
"01/22/2016","2,190.00","2,190.00","2,193.00","2,185.00","","0.00%"
"01/21/2016","2,190.00","2,185.00","2,190.00","2,185.00","","0.14%"
"01/20/2016","2,187.00","2,183.00","2,188.00","2,183.00","","0.09%"
"01/19/2016","2,185.00","2,178.00","2,185.00","2,177.00","","0.23%"
"01/18/2016","2,180.00","2,175.00","2,180.00","2,174.00","","0.18%"
"01/15/2016","2,176.00","2,175.00","2,176.00","2,173.00","","0.05%"
"01/14/2016","2,175.00","2,177.00","2,177.00","2,173.00","","0.00%"
"01/13/2016","2,175.00","2,177.00","2,178.00","2,173.00","","0.00%"
"01/12/2016","2,175.00","2,175.00","2,175.00","2,175.00","","0.00%"
"01/11/2016","2,175.00","2,190.00","2,190.00","2,175.00","","-0.68%"
"01/08/2016","2,190.00","2,190.00","2,193.00","2,188.00","","0.00%"
"01/07/2016","2,190.00","2,185.00","2,195.00","2,183.00","","0.23%"
"01/06/2016","2,185.00","2,180.00","2,185.00","2,177.00","","0.23%"
"01/05/2016","2,180.00","2,167.00","2,180.00","2,165.00","","0.69%"
"01/04/2016","2,165.00","2,160.00","2,167.00","2,158.00","","0.23%"
"01/01/2016","2,160.00","2,160.00","2,160.00","2,160.00","","0.00%"
"12/31/2015","2,160.00","2,159.00","2,161.00","2,157.00","","0.14%"
"12/30/2015","2,157.00","2,155.00","2,161.00","2,155.00","","0.09%"
"12/29/2015","2,155.00","2,145.00","2,160.00","2,145.00","","0.47%"
"12/28/2015","2,145.00","2,130.00","2,150.00","2,130.00","","0.23%"
"12/25/2015","2,140.00","2,140.00","2,140.00","2,140.00","","0.00%"
"12/24/2015","2,140.00","2,140.00","2,140.00","2,140.00","","0.00%"
"12/23/2015","2,140.00","2,130.00","2,142.00","2,128.00","","0.56%"
"12/22/2015","2,128.00","2,130.00","2,130.00","2,128.00","","-0.09%"
"12/21/2015","2,130.00","2,136.00","2,137.00","2,130.00","","-0.23%"
"12/18/2015","2,135.00","2,160.00","2,160.00","2,133.00","","-0.93%"
"12/17/2015","2,155.00","2,159.00","2,160.00","2,155.00","","-0.23%"
"12/16/2015","2,160.00","2,159.00","2,160.00","2,158.00","","0.09%"
"12/15/2015","2,158.00","2,160.00","2,160.00","2,155.00","","-0.09%"
"12/14/2015","2,160.00","2,160.00","2,161.00","2,158.00","","0.00%"
"12/11/2015","2,160.00","2,160.00","2,160.00","2,158.00","","0.00%"
"12/10/2015","2,160.00","2,160.00","2,165.00","2,157.00","","-0.09%"
"12/09/2015","2,162.00","2,162.00","2,162.00","2,162.00","","0.05%"
"12/08/2015","2,161.00","2,165.00","2,165.00","2,160.00","","-0.09%"
"12/07/2015","2,163.00","2,165.00","2,165.00","2,162.00","","0.00%"
"12/04/2015","2,163.00","2,165.00","2,165.00","2,162.00","","0.00%"
"12/03/2015","2,163.00","2,165.00","2,165.00","2,159.00","","0.14%"
"12/02/2015","2,160.00","2,165.00","2,165.00","2,159.00","","-0.14%"
"12/01/2015","2,163.00","2,165.00","2,166.00","2,160.00","","-0.09%"
"11/30/2015","2,165.00","2,166.00","2,166.00","2,163.00","","-0.18%"
"11/27/2015","2,169.00","2,165.00","2,170.00","2,150.00","","0.09%"
"11/26/2015","2,167.00","2,165.00","2,171.00","2,165.00","","0.09%"
"11/25/2015","2,165.00","2,165.00","2,170.00","2,163.00","","-0.09%"
"11/24/2015","2,167.00","2,165.00","2,168.00","2,163.00","","0.05%"
"11/23/2015","2,166.00","2,165.10","2,166.00","2,162.00","","0.05%"
"11/20/2015","2,165.00","2,160.00","2,165.00","2,160.00","","0.23%"
"11/19/2015","2,160.00","2,153.00","2,162.00","2,153.00","","0.23%"
"11/18/2015","2,155.00","2,151.00","2,155.00","2,150.00","","0.23%"
"11/17/2015","2,150.00","2,153.00","2,155.00","2,150.00","","-0.14%"
"11/16/2015","2,153.00","2,151.00","2,155.00","2,150.00","","0.14%"
"11/13/2015","2,150.00","2,155.00","2,155.00","2,145.00","","-0.23%"
"11/12/2015","2,155.00","2,154.00","2,155.00","2,153.00","","0.00%"
"11/11/2015","2,155.00","2,148.00","2,160.00","2,140.00","","0.23%"
"11/10/2015","2,150.00","2,140.00","2,150.00","2,135.00","","0.47%"
"11/09/2015","2,140.00","2,145.00","2,147.00","2,135.00","","-0.23%"
"11/06/2015","2,145.00","2,157.00","2,158.00","2,145.00","","-0.56%"
"11/05/2015","2,157.00","2,157.00","2,157.00","2,157.00","","0.00%"
"11/04/2015","2,157.00","2,170.00","2,172.00","2,157.00","","-0.51%"
"11/03/2015","2,168.00","2,170.00","2,173.00","2,168.00","","-0.18%"
"11/02/2015","2,172.00","2,170.00","2,175.00","2,170.00","","0.09%"
"10/30/2015","2,170.00","2,180.00","2,180.00","2,170.00","","-0.46%"
"10/29/2015","2,180.00","2,180.00","2,180.00","2,177.00","","0.09%"
"10/28/2015","2,178.00","2,175.00","2,180.14","2,175.00","","-0.09%"
"10/27/2015","2,180.00","2,170.00","2,180.00","2,168.00","","0.46%"
"10/26/2015","2,170.00","2,170.00","2,172.00","2,163.00","","0.00%"
"10/23/2015","2,170.00","2,181.00","2,182.00","2,165.00","","-0.46%"
"10/22/2015","2,180.00","2,210.00","2,210.00","2,180.00","","-1.36%"
"10/21/2015","2,210.00","2,215.00","2,220.00","2,210.00","","-0.23%"
"10/20/2015","2,215.00","2,197.00","2,217.00","2,197.00","","0.77%"
"10/19/2015","2,198.00","2,191.00","2,198.00","2,190.00","","0.37%"
"10/16/2015","2,190.00","2,185.00","2,190.00","2,183.00","","0.09%"
"10/15/2015","2,188.00","2,180.00","2,188.00","2,178.00","","0.37%"
"10/14/2015","2,180.00","2,180.00","2,180.00","2,180.00","","0.00%"
"10/13/2015","2,180.00","2,173.00","2,181.00","2,173.00","","0.23%"
"10/12/2015","2,175.00","2,170.00","2,175.10","2,170.00","","0.09%"
"10/09/2015","2,173.00","2,170.00","2,173.00","2,169.00","","0.14%"
"10/08/2015","2,170.00","2,170.00","2,172.00","2,170.00","","0.00%"
"10/07/2015","2,170.00","2,175.00","2,175.00","2,169.00","","-0.14%"
"10/06/2015","2,173.00","2,173.00","2,177.00","2,172.00","","0.00%"
"10/05/2015","2,173.00","2,170.00","2,175.00","2,169.00","","0.14%"
"10/02/2015","2,170.00","2,165.00","2,170.00","2,163.00","","0.14%"
"10/01/2015","2,167.00","2,162.00","2,168.00","2,160.00","","0.32%"
"09/30/2015","2,160.00","2,160.00","2,162.00","2,158.00","","0.00%"
"09/29/2015","2,160.00","2,160.00","2,162.00","2,158.00","","0.00%"
"09/28/2015","2,160.00","2,165.00","2,165.00","2,155.00","","-0.14%"
"09/25/2015","2,163.00","2,165.00","2,166.00","2,163.00","","-0.09%"
"09/24/2015","2,165.00","2,165.00","2,165.00","2,165.00","","0.00%"
"09/23/2015","2,165.00","2,166.00","2,166.00","2,153.00","","0.00%"
"09/22/2015","2,165.00","2,168.00","2,170.00","2,158.00","","-0.23%"
"09/21/2015","2,170.00","2,170.00","2,173.00","2,169.00","","0.00%"
"09/18/2015","2,170.00","2,175.00","2,175.00","2,168.00","","-0.23%"
"09/17/2015","2,175.00","2,185.00","2,191.00","2,170.00","","-0.37%"
"09/16/2015","2,183.00","2,185.00","2,188.00","2,180.00","","-0.09%"
"09/15/2015","2,185.00","2,178.00","2,186.00","2,175.00","","0.32%"
"09/14/2015","2,178.00","2,170.00","2,178.00","2,165.00","","0.37%"
"09/11/2015","2,170.00","2,167.00","2,170.00","2,165.00","","0.23%"
"09/10/2015","2,165.00","2,170.00","2,172.00","2,165.00","","-0.23%"
"09/09/2015","2,170.00","2,173.00","2,176.00","2,155.00","","-0.23%"
"09/08/2015","2,175.00","2,163.00","2,177.00","2,150.00","","0.46%"
"09/07/2015","2,165.00","2,147.00","2,165.00","2,147.00","","0.84%"
"09/04/2015","2,147.00","2,150.00","2,150.00","2,145.00","","-0.14%"
"09/03/2015","2,150.00","2,152.00","2,152.00","2,148.00","","0.00%"
"09/02/2015","2,150.00","2,150.00","2,152.00","2,148.00","","0.00%"
"09/01/2015","2,150.00","2,145.00","2,150.00","2,140.00","","0.23%"
"08/31/2015","2,145.00","2,140.00","2,145.00","2,138.00","","0.23%"
"08/28/2015","2,140.00","2,145.00","2,147.00","2,135.00","","-0.23%"
"08/27/2015","2,145.00","2,144.00","2,165.00","2,144.00","","-0.23%"
"08/26/2015","2,150.00","2,140.00","2,150.00","2,138.00","","0.51%"
"08/25/2015","2,139.00","2,137.00","2,140.00","2,133.00","","0.19%"
"08/24/2015","2,135.00","2,135.00","2,137.00","2,117.00","","0.00%"
"08/21/2015","2,135.00","2,131.00","2,140.00","2,129.00","","0.23%"
"08/20/2015","2,130.00","2,125.00","2,131.00","2,123.00","","0.24%"
"08/19/2015","2,125.00","2,120.00","2,126.00","2,118.00","","0.24%"
"08/18/2015","2,120.00","2,110.00","2,122.00","2,108.00","","0.47%"
"08/17/2015","2,110.00","2,120.00","2,125.00","2,108.00","","-0.71%"
"08/14/2015","2,125.00","2,130.00","2,143.00","2,115.00","","-0.23%"
"08/13/2015","2,130.00","2,122.00","2,133.00","2,120.00","","0.47%"
"08/12/2015","2,120.00","2,105.00","2,122.00","2,105.00","","0.62%"
"08/11/2015","2,107.00","2,105.00","2,107.00","2,103.00","","0.10%"
"08/10/2015","2,105.00","2,103.00","2,106.00","2,102.00","","0.24%"
"08/07/2015","2,100.00","2,105.00","2,107.00","2,100.00","","-0.33%"
"08/06/2015","2,107.00","2,112.00","2,112.00","2,100.00","","-0.14%"
"08/05/2015","2,110.00","2,110.00","2,115.00","2,110.00","","-0.14%"
"08/04/2015","2,113.00","2,125.00","2,125.00","2,105.00","","-0.56%"
"08/03/2015","2,125.00","2,125.00","2,128.00","2,124.00","","0.00%"
"07/31/2015","2,125.00","2,115.00","2,127.00","2,115.00","","0.57%"
"07/30/2015","2,113.00","2,110.00","2,115.00","2,095.00","","0.14%"
"07/29/2015","2,110.00","2,095.00","2,110.00","2,095.00","","0.72%"
"07/28/2015","2,095.00","2,085.00","2,097.00","2,085.00","","0.58%"
"07/27/2015","2,083.00","2,075.00","2,083.00","2,075.00","","0.39%"
"07/24/2015","2,075.00","2,075.00","2,077.00","2,075.00","","0.00%"
"07/23/2015","2,075.00","2,085.00","2,085.00","2,065.00","","-1.89%"
"07/22/2015","2,115.00","2,135.00","2,135.00","2,113.00","","-0.94%"
"07/21/2015","2,135.00","2,145.00","2,145.00","2,133.00","","-0.47%"
"07/20/2015","2,145.00","2,165.00","2,165.00","2,145.00","","-0.69%"
"07/17/2015","2,160.00","2,155.00","2,170.00","2,155.00","","0.23%"
"07/16/2015","2,155.00","2,145.00","2,165.00","2,145.00","","0.47%"
"07/15/2015","2,145.00","2,032.00","2,157.00","2,030.00","","5.67%"
"07/14/2015","2,030.00","2,030.00","2,030.10","2,020.00","","-0.25%"
"07/13/2015","2,035.00","2,170.00","2,170.00","2,015.00","","-6.44%"
"07/10/2015","2,175.00","2,233.00","2,235.00","2,175.00","","-2.75%"
"07/09/2015","2,236.50","2,243.94","2,243.94","2,236.50","","-0.38%"
"07/08/2015","2,245.00","2,250.00","2,250.00","2,240.00","","4.18%"
"07/07/2015","2,155.00","2,155.00","2,155.00","2,155.00","","-3.15%"
"07/06/2015","2,225.00","2,025.00","2,230.00","2,025.00","","9.88%"
"07/03/2015","2,025.00","2,015.00","2,030.00","2,013.00","","0.60%"
"07/02/2015","2,013.00","1,995.00","2,015.00","1,993.00","","0.90%"
"07/01/2015","1,995.00","1,995.00","1,995.00","1,995.00","","0.00%"
"06/30/2015","1,995.00","1,975.00","1,995.00","1,973.00","","1.01%"
"06/29/2015","1,975.00","2,163.00","2,165.00","1,965.00","","-8.78%"
"06/26/2015","2,165.00","2,285.00","2,285.00","2,162.00","","-5.29%"
"06/25/2015","2,286.00","2,335.00","2,335.00","2,285.00","","-2.00%"
"06/24/2015","2,332.61","2,329.85","2,335.85","2,304.85","","0.11%"
"06/23/2015","2,330.00","2,285.00","2,331.00","2,285.00","","1.97%"
"06/22/2015","2,285.00","2,285.00","2,287.00","2,285.00","","0.00%"
"06/19/2015","2,285.00","2,275.00","2,290.00","2,275.00","","0.66%"
"06/18/2015","2,270.00","2,247.00","2,277.00","2,245.00","","1.02%"
"06/17/2015","2,247.00","2,225.00","2,247.00","2,225.00","","0.99%"
"06/16/2015","2,225.00","2,210.00","2,230.00","2,210.00","","0.68%"
"06/15/2015","2,210.00","2,203.00","2,210.00","2,203.00","","0.23%"
"06/12/2015","2,205.00","2,192.00","2,205.00","2,192.00","","0.55%"
"06/11/2015","2,193.00","2,185.00","2,196.00","2,185.00","","0.37%"
"06/10/2015","2,185.00","2,177.00","2,187.00","2,175.00","","0.37%"
"06/09/2015","2,177.00","2,175.00","2,180.00","2,174.00","","0.14%"
"06/08/2015","2,174.00","2,170.00","2,175.00","2,168.00","","0.18%"
"06/05/2015","2,170.00","2,155.00","2,170.00","2,154.00","","0.70%"
"06/04/2015","2,155.00","2,140.00","2,155.00","2,140.00","","0.23%"
"06/03/2015","2,150.00","2,135.00","2,150.00","2,115.00","","0.47%"
"06/02/2015","2,140.00","2,105.00","2,150.00","2,105.00","","1.66%"
"06/01/2015","2,105.00","2,085.00","2,120.00","2,085.00","","0.96%"
"05/29/2015","2,085.00","2,085.00","2,100.00","2,085.00","","-0.48%"
"05/28/2015","2,095.00","2,085.00","2,095.00","2,075.00","","0.48%"
"05/27/2015","2,085.00","2,063.00","2,085.00","2,063.00","","1.07%"
"05/26/2015","2,063.00","2,065.00","2,070.00","2,053.00","","0.39%"
"05/25/2015","2,055.00","2,050.00","2,069.00","2,045.00","","0.15%"
"05/22/2015","2,052.00","2,045.00","2,060.00","2,040.00","","0.34%"
"05/21/2015","2,045.00","2,032.00","2,045.00","2,025.00","","0.49%"
"05/20/2015","2,035.00","2,030.00","2,038.00","2,025.00","","0.25%"
"05/19/2015","2,030.00","2,025.00","2,033.00","2,020.00","","0.25%"
"05/18/2015","2,025.00","2,020.00","2,026.00","2,010.00","","0.55%"
"05/15/2015","2,014.00","2,010.00","2,018.00","2,008.00","","0.07%"
"05/14/2015","2,012.50","2,010.50","2,012.50","2,002.50","","-0.02%"
"05/13/2015","2,013.00","2,000.00","2,015.00","2,000.00","","0.30%"
"05/12/2015","2,007.00","2,000.00","2,013.00","1,970.00","","0.60%"
"05/11/2015","1,995.00","1,985.00","1,995.00","1,975.00","","0.50%"
"05/08/2015","1,985.00","1,970.00","1,990.00","1,970.00","","1.02%"
"05/07/2015","1,965.00","1,982.00","1,992.00","1,965.00","","-0.51%"
"05/06/2015","1,975.00","1,970.00","1,985.00","1,965.00","","-0.25%"
"05/05/2015","1,980.00","1,990.00","1,990.00","1,964.00","","-0.25%"
"05/04/2015","1,985.00","1,995.00","2,000.00","1,980.00","","-0.40%"
"05/01/2015","1,993.00","1,993.00","1,993.00","1,993.00","","0.00%"
"04/30/2015","1,993.00","1,985.00","1,996.00","1,985.00","","0.40%"
"04/29/2015","1,985.00","1,985.00","1,995.00","1,980.00","","0.00%"
"04/28/2015","1,985.00","1,975.00","1,992.00","1,950.00","","0.51%"
"04/27/2015","1,975.00","1,910.00","1,980.00","1,910.00","","1.80%"
"04/24/2015","1,940.00","1,915.00","1,950.00","1,910.00","","1.31%"
"04/23/2015","1,915.00","1,920.00","1,950.00","1,915.00","","0.00%"
"04/22/2015","1,915.00","1,910.00","1,943.50","1,900.00","","0.52%"
"04/21/2015","1,905.00","1,910.00","1,926.00","1,900.00","","-0.78%"
"04/20/2015","1,920.00","1,890.00","1,920.00","1,890.00","","1.32%"
"04/17/2015","1,895.00","1,891.00","1,913.00","1,880.00","","0.00%"
"04/16/2015","1,895.00","1,885.00","1,900.00","1,875.00","","0.26%"
"04/15/2015","1,890.00","1,860.00","1,898.00","1,860.00","","1.07%"
"04/14/2015","1,870.00","1,861.00","1,884.00","1,850.00","","0.59%"
"04/13/2015","1,859.00","1,857.00","1,865.00","1,840.00","","0.22%"
"04/10/2015","1,855.00","1,855.00","1,858.00","1,845.00","","0.00%"
"04/09/2015","1,855.00","1,855.00","1,860.00","1,842.00","","0.00%"
"04/08/2015","1,855.00","1,860.00","1,860.00","1,845.00","","0.00%"
"04/07/2015","1,855.00","1,855.00","1,855.00","1,855.00","","0.00%"
"04/06/2015","1,855.00","1,855.00","1,855.00","1,855.00","","0.00%"
"04/03/2015","1,855.00","1,855.00","1,855.00","1,855.00","","0.00%"
"04/02/2015","1,855.00","1,850.00","1,857.00","1,845.00","","0.16%"
"04/01/2015","1,852.00","1,860.00","1,860.00","1,840.00","","-0.16%"
"03/31/2015","1,855.00","1,850.00","1,861.00","1,840.00","","0.00%"
"03/30/2015","1,855.00","1,840.00","1,864.00","1,840.00","","0.27%"
"03/27/2015","1,850.00","1,841.00","1,856.00","1,835.00","","0.43%"
"03/26/2015","1,842.00","1,841.00","1,845.00","1,835.00","","0.11%"
"03/25/2015","1,840.00","1,840.00","1,845.00","1,835.00","","0.00%"
"03/24/2015","1,840.00","1,843.00","1,845.00","1,835.00","","-0.16%"
"03/23/2015","1,843.00","1,855.00","1,860.00","1,837.00","","-0.65%"
"03/20/2015","1,855.00","1,855.00","1,855.00","1,845.00","","0.00%"
"03/19/2015","1,855.00","1,856.00","1,865.00","1,845.00","","-0.27%"
"03/18/2015","1,860.00","1,860.00","1,868.00","1,849.00","","0.00%"
"03/17/2015","1,860.00","1,845.00","1,870.02","1,845.00","","0.27%"
"03/16/2015","1,855.00","1,845.00","1,860.00","1,834.00","","0.54%"
"03/13/2015","1,845.00","1,840.00","1,855.00","1,834.00","","0.16%"
"03/12/2015","1,842.00","1,831.00","1,845.00","1,831.00","","0.33%"
"03/11/2015","1,836.00","1,834.00","1,844.00","1,832.00","","0.16%"
"03/10/2015","1,833.00","1,833.00","1,840.00","1,825.00","","0.05%"
"03/09/2015","1,832.00","1,836.00","1,840.00","1,825.00","","-0.16%"
"03/06/2015","1,835.00","1,836.10","1,842.00","1,835.00","","-0.27%"
"03/05/2015","1,840.00","1,837.00","1,840.00","1,825.00","","0.11%"
"03/04/2015","1,838.00","1,832.00","1,840.00","1,828.00","","0.44%"
"03/03/2015","1,830.00","1,835.00","1,840.00","1,825.00","","-0.49%"
"03/02/2015","1,839.00","1,840.00","1,844.00","1,823.00","","0.22%"
"02/27/2015","1,835.00","1,830.00","1,845.00","1,820.00","","0.27%"
"02/26/2015","1,830.00","1,820.00","1,839.00","1,810.00","","0.83%"
"02/25/2015","1,815.00","1,815.00","1,825.00","1,793.00","","0.11%"
"02/24/2015","1,813.00","1,833.00","1,835.00","1,810.00","","-0.87%"
"02/23/2015","1,829.00","1,835.00","1,840.00","1,828.00","","-0.33%"
"02/20/2015","1,835.00","1,843.00","1,843.00","1,832.00","","-0.27%"
"02/19/2015","1,840.00","1,835.00","1,850.00","1,830.00","","0.27%"
"02/18/2015","1,835.00","1,830.00","1,845.00","1,825.00","","0.55%"
"02/17/2015","1,825.00","1,827.00","1,840.00","1,819.00","","0.27%"
"02/16/2015","1,820.00","1,825.00","1,830.00","1,820.00","","-0.33%"
"02/13/2015","1,826.00","1,820.00","1,830.00","1,820.00","","0.05%"
"02/12/2015","1,825.00","1,830.00","1,832.00","1,818.00","","-0.38%"
"02/11/2015","1,832.00","1,833.00","1,835.00","1,825.00","","0.71%"
"02/10/2015","1,819.00","1,830.00","1,835.00","1,819.00","","-0.60%"
"02/09/2015","1,830.00","1,833.00","1,837.00","1,825.00","","0.00%"
"02/06/2015","1,830.00","1,825.00","1,838.00","1,818.00","","0.27%"
"02/05/2015","1,825.00","1,815.00","1,835.00","1,815.00","","0.55%"
"02/04/2015","1,815.00","1,798.00","1,830.00","1,795.00","","0.28%"
"02/03/2015","1,810.00","1,786.00","1,817.00","1,780.00","","2.26%"
"02/02/2015","1,770.00","1,765.00","1,795.00","1,764.00","","0.28%"
"01/30/2015","1,765.00","1,785.00","1,786.00","1,740.00","","-1.12%"
"01/29/2015","1,785.00","1,815.00","1,820.00","1,782.00","","-1.71%"
"01/28/2015","1,816.00","1,822.00","1,823.00","1,815.00","","-0.22%"
"01/27/2015","1,820.00","1,825.00","1,830.00","1,820.00","","-0.27%"
"01/26/2015","1,825.00","1,828.00","1,830.00","1,815.00","","0.00%"
"01/23/2015","1,825.00","1,835.00","1,839.00","1,820.00","","0.00%"
"01/22/2015","1,825.00","1,815.00","1,835.00","1,805.00","","0.33%"
"01/21/2015","1,819.00","1,798.00","1,819.00","1,795.00","","1.28%"
"01/20/2015","1,796.00","1,788.00","1,803.00","1,783.00","","0.34%"
"01/19/2015","1,790.00","1,780.00","1,790.00","1,770.00","","0.85%"
"01/16/2015","1,775.00","1,765.00","1,784.00","1,760.00","","0.28%"
"01/15/2015","1,770.00","1,750.00","1,775.00","1,750.00","","1.14%"
"01/14/2015","1,750.00","1,755.00","1,761.00","1,740.00","","0.00%"
"01/13/2015","1,750.00","1,735.00","1,755.00","1,730.00","","0.40%"
"01/12/2015","1,743.00","1,744.00","1,744.00","1,743.00","","-0.11%"
"01/09/2015","1,745.00","1,735.00","1,753.00","1,730.00","","0.00%"
"01/08/2015","1,745.00","1,730.00","1,745.00","1,730.00","","0.46%"
"01/07/2015","1,737.00","1,731.00","1,738.00","1,730.00","","0.17%"
"01/06/2015","1,734.00","1,730.00","1,735.00","1,719.00","","0.23%"
"01/05/2015","1,730.00","1,736.00","1,736.00","1,724.00","","-0.29%"
"01/02/2015","1,735.00","1,736.00","1,740.00","1,725.00","","0.12%"
"01/01/2015","1,733.00","1,733.00","1,733.00","1,733.00","","0.00%"
"12/31/2014","1,733.00","1,738.00","1,740.00","1,725.00","","-0.29%"
"12/30/2014","1,738.00","1,725.00","1,743.00","1,720.00","","0.17%"
"12/29/2014","1,735.00","1,711.00","1,735.00","1,706.00","","1.40%"
"12/26/2014","1,711.00","1,711.00","1,711.00","1,711.00","","0.00%"
"12/25/2014","1,711.00","1,711.00","1,711.00","1,711.00","","-0.58%"
"12/24/2014","1,721.00","1,711.00","1,740.00","1,705.00","","0.58%"
"12/23/2014","1,711.00","1,693.00","1,720.00","1,690.00","","0.94%"
"12/22/2014","1,695.00","1,694.00","1,700.00","1,690.00","","0.24%"
"12/19/2014","1,691.00","1,699.00","1,706.00","1,691.00","","-0.97%"
"12/18/2014","1,707.50","1,712.50","1,712.50","1,692.50","","-0.38%"
"12/17/2014","1,714.00","1,718.00","1,725.00","1,707.00","","-0.23%"
"12/16/2014","1,718.00","1,722.00","1,725.00","1,716.00","","-0.29%"
"12/15/2014","1,723.00","1,724.00","1,733.00","1,721.00","","-0.40%"
"12/12/2014","1,730.00","1,740.00","1,742.00","1,723.00","","-0.40%"
"12/11/2014","1,737.00","1,749.00","1,749.00","1,733.00","","-0.17%"
"12/10/2014","1,740.00","1,749.00","1,750.00","1,740.00","","-0.51%"
"12/09/2014","1,749.00","1,749.00","1,749.00","1,749.00","","0.52%"
"12/08/2014","1,740.00","1,749.00","1,752.00","1,740.00","","-0.29%"
"12/05/2014","1,745.00","1,749.00","1,751.00","1,740.00","","-0.23%"
"12/04/2014","1,749.00","1,748.00","1,750.00","1,743.00","","0.11%"
"12/03/2014","1,747.00","1,748.00","1,751.00","1,741.00","","0.06%"
"12/02/2014","1,746.00","1,748.00","1,750.00","1,739.00","","0.23%"
"12/01/2014","1,742.00","1,739.00","1,748.00","1,739.00","","0.06%"
"11/28/2014","1,741.00","1,739.00","1,752.00","1,738.00","","0.06%"
"11/27/2014","1,740.00","1,739.00","1,750.00","1,730.00","","0.00%"
"11/26/2014","1,740.00","1,741.00","1,748.00","1,730.00","","0.29%"
"11/25/2014","1,735.00","1,734.00","1,741.00","1,730.00","","0.06%"
"11/24/2014","1,734.00","1,733.00","1,744.00","1,730.00","","0.17%"
"11/21/2014","1,731.00","1,732.00","1,744.00","1,727.00","","0.35%"
"11/20/2014","1,725.00","1,729.00","1,740.00","1,725.00","","-0.35%"
"11/19/2014","1,731.00","1,727.00","1,734.00","1,725.00","","0.06%"
"11/18/2014","1,730.00","1,722.00","1,733.00","1,720.00","","0.23%"
"11/17/2014","1,726.00","1,728.00","1,730.00","1,718.00","","-0.09%"
"11/14/2014","1,727.50","1,734.50","1,735.50","1,718.50","","-0.09%"
"11/13/2014","1,729.00","1,722.00","1,738.00","1,715.00","","0.06%"
"11/12/2014","1,728.00","1,713.00","1,731.00","1,707.00","","0.88%"
"11/11/2014","1,713.00","1,710.00","1,720.00","1,707.00","","0.18%"
"11/10/2014","1,710.00","1,711.00","1,715.00","1,705.00","","0.21%"
"11/07/2014","1,706.50","1,716.50","1,716.50","1,706.50","","-0.09%"
"11/06/2014","1,708.00","1,710.00","1,715.00","1,705.00","","0.06%"
"11/05/2014","1,707.00","1,709.00","1,714.00","1,706.00","","-0.12%"
"11/04/2014","1,709.00","1,708.00","1,709.00","1,706.00","","0.09%"
"11/03/2014","1,707.50","1,711.50","1,719.50","1,707.50","","0.03%"
"10/31/2014","1,707.00","1,710.00","1,713.00","1,705.00","","-0.18%"
"10/30/2014","1,710.00","1,709.00","1,710.00","1,706.00","","0.12%"
"10/29/2014","1,708.00","1,708.00","1,713.00","1,707.00","","-0.06%"
"10/28/2014","1,709.00","1,707.00","1,715.00","1,700.00","","-0.06%"
"10/27/2014","1,710.00","1,714.00","1,715.00","1,703.00","","0.00%"
"10/24/2014","1,710.00","1,713.00","1,715.00","1,700.00","","-0.29%"
"10/23/2014","1,715.00","1,707.00","1,715.00","1,700.00","","0.70%"
"10/22/2014","1,703.00","1,687.00","1,715.00","1,687.00","","0.35%"
"10/21/2014","1,697.00","1,697.00","1,704.00","1,685.00","","0.30%"
"10/20/2014","1,692.00","1,687.00","1,703.00","1,684.00","","-0.06%"
"10/17/2014","1,693.00","1,688.00","1,697.00","1,687.00","","0.12%"
"10/16/2014","1,691.00","1,690.00","1,695.00","1,680.00","","0.18%"
"10/15/2014","1,688.00","1,688.00","1,695.00","1,680.00","","0.18%"
"10/14/2014","1,685.00","1,688.00","1,688.00","1,685.00","","0.00%"
"10/13/2014","1,685.00","1,683.00","1,688.00","1,678.00","","0.00%"
"10/10/2014","1,685.00","1,680.00","1,690.00","1,680.00","","0.42%"
"10/09/2014","1,678.00","1,680.00","1,690.00","1,675.00","","0.00%"
"10/08/2014","1,678.00","1,678.00","1,686.00","1,672.00","","-0.12%"
"10/07/2014","1,680.00","1,680.00","1,686.00","1,672.00","","0.12%"
"10/06/2014","1,678.00","1,678.10","1,686.00","1,675.00","","-0.12%"
"10/03/2014","1,680.00","1,678.00","1,682.00","1,675.00","","0.12%"
"10/02/2014","1,678.00","1,678.00","1,685.00","1,675.00","","0.00%"
"10/01/2014","1,678.00","1,677.00","1,679.00","1,672.00","","0.06%"
"09/30/2014","1,677.00","1,675.00","1,683.00","1,672.00","","0.06%"
"09/29/2014","1,676.00","1,676.00","1,684.00","1,672.00","","0.03%"
"09/26/2014","1,675.50","1,662.50","1,679.50","1,662.50","","0.03%"
"09/25/2014","1,675.00","1,663.00","1,680.00","1,663.00","","0.06%"
"09/24/2014","1,674.00","1,663.00","1,678.00","1,663.00","","-0.06%"
"09/23/2014","1,675.00","1,663.00","1,678.00","1,651.00","","0.18%"
"09/22/2014","1,672.00","1,663.00","1,680.00","1,663.00","","0.24%"
"09/19/2014","1,668.00","1,663.00","1,680.00","1,663.00","","0.06%"
"09/18/2014","1,667.00","1,663.00","1,670.00","1,663.00","","0.00%"
"09/17/2014","1,667.00","1,663.00","1,670.00","1,663.00","","0.24%"
"09/16/2014","1,663.00","1,663.00","1,668.00","1,663.00","","-0.06%"
"09/15/2014","1,664.00","1,664.00","1,669.00","1,664.00","","0.00%"
"09/12/2014","1,664.00","1,664.00","1,667.00","1,664.00","","-0.06%"
"09/11/2014","1,665.00","1,663.00","1,672.00","1,663.00","","0.06%"
"09/10/2014","1,664.00","1,664.00","1,668.00","1,652.00","","0.06%"
"09/09/2014","1,663.00","1,663.00","1,674.00","1,663.00","","-0.03%"
"09/08/2014","1,663.50","1,663.50","1,667.50","1,662.50","","0.09%"
"09/05/2014","1,662.00","1,663.00","1,669.00","1,661.00","","-0.06%"
"09/04/2014","1,663.00","1,663.00","1,673.00","1,661.00","","-0.12%"
"09/03/2014","1,665.00","1,663.00","1,665.00","1,661.00","","0.03%"
"09/02/2014","1,664.50","1,660.50","1,664.50","1,659.50","","0.09%"
"09/01/2014","1,663.00","1,663.00","1,670.00","1,663.00","","-0.24%"
"08/29/2014","1,667.00","1,663.00","1,670.00","1,663.00","","0.00%"
"08/28/2014","1,667.00","1,667.00","1,670.00","1,663.00","","-0.06%"
"08/27/2014","1,668.00","1,663.00","1,672.00","1,663.00","","0.00%"
"08/26/2014","1,668.00","1,663.00","1,672.00","1,663.00","","-0.06%"
"08/25/2014","1,669.00","1,663.00","1,673.00","1,663.00","","0.27%"
"08/22/2014","1,664.50","1,661.50","1,670.50","1,660.50","","-0.21%"
"08/21/2014","1,668.00","1,665.00","1,674.00","1,665.00","","-0.06%"
"08/20/2014","1,669.00","1,663.00","1,671.00","1,663.00","","0.18%"
"08/19/2014","1,666.00","1,663.00","1,668.00","1,661.00","","0.00%"
"08/18/2014","1,666.00","1,663.00","1,666.00","1,660.00","","0.12%"
"08/15/2014","1,664.00","1,663.00","1,670.00","1,662.00","","0.06%"
"08/14/2014","1,663.00","1,663.00","1,664.00","1,660.00","","0.06%"
"08/13/2014","1,662.00","1,663.00","1,667.00","1,659.00","","0.00%"
"08/12/2014","1,662.00","1,663.00","1,670.00","1,651.00","","0.06%"
"08/11/2014","1,661.00","1,663.00","1,663.00","1,651.00","","0.03%"
"08/08/2014","1,660.50","1,663.50","1,663.50","1,660.50","","-0.03%"
"08/07/2014","1,661.00","1,663.00","1,665.00","1,660.00","","0.06%"
"08/06/2014","1,660.00","1,663.00","1,665.00","1,650.00","","-0.03%"
"08/05/2014","1,660.50","1,662.50","1,666.50","1,658.50","","-0.03%"
"08/04/2014","1,661.00","1,663.00","1,665.00","1,651.00","","0.03%"
"08/01/2014","1,660.50","1,662.50","1,662.50","1,657.50","","0.00%"
"07/31/2014","1,660.50","1,662.50","1,662.50","1,650.50","","-0.03%"
"07/30/2014","1,661.00","1,661.00","1,663.00","1,661.00","","0.00%"
"07/29/2014","1,661.00","1,663.00","1,663.00","1,661.00","","0.12%"
"07/28/2014","1,659.00","1,663.00","1,663.00","1,659.00","","-0.12%"
"07/25/2014","1,661.00","1,663.00","1,663.00","1,660.00","","0.00%"
"07/24/2014","1,661.00","1,663.00","1,665.00","1,660.00","","-0.06%"
"07/23/2014","1,662.00","1,663.00","1,664.00","1,661.00","","-0.06%"
"07/22/2014","1,663.00","1,663.00","1,673.00","1,660.00","","0.00%"
"07/21/2014","1,663.00","1,660.00","1,670.00","1,651.00","","0.00%"
"07/18/2014","1,663.00","1,661.00","1,670.00","1,660.00","","0.06%"
"07/17/2014","1,662.00","1,660.00","1,663.00","1,659.00","","0.12%"
"07/16/2014","1,660.00","1,659.00","1,670.00","1,658.00","","0.00%"
"07/15/2014","1,660.00","1,657.00","1,665.00","1,657.00","","0.30%"
"07/14/2014","1,655.00","1,655.00","1,670.00","1,655.00","","-0.60%"
"07/11/2014","1,665.00","1,665.00","1,669.01","1,651.00","","0.00%"
"07/10/2014","1,665.00","1,669.00","1,676.00","1,665.00","","-0.18%"
"07/09/2014","1,668.00","1,666.00","1,671.00","1,665.00","","0.18%"
"07/08/2014","1,665.00","1,665.00","1,676.00","1,663.00","","0.00%"
"07/07/2014","1,665.00","1,665.00","1,665.00","1,665.00","","-0.30%"
"07/04/2014","1,670.00","1,665.00","1,670.00","1,655.00","","0.30%"
"07/03/2014","1,665.00","1,655.00","1,667.00","1,655.00","","0.60%"
"07/02/2014","1,655.00","1,657.00","1,665.00","1,655.00","","0.00%"
"07/01/2014","1,655.00","1,655.00","1,660.00","1,655.00","","-0.18%"
"06/30/2014","1,658.00","1,651.00","1,663.00","1,651.00","","0.12%"
"06/27/2014","1,656.00","1,660.00","1,663.00","1,645.00","","-0.24%"
"06/26/2014","1,660.00","1,685.00","1,685.00","1,655.00","","-0.90%"
"06/25/2014","1,675.00","1,685.00","1,685.00","1,670.00","","-0.45%"
"06/24/2014","1,682.50","1,683.50","1,686.50","1,679.50","","-0.09%"
"06/23/2014","1,684.00","1,685.00","1,686.00","1,682.00","","0.00%"
"06/20/2014","1,684.00","1,685.00","1,690.00","1,682.00","","-0.06%"
"06/19/2014","1,685.00","1,683.00","1,691.00","1,682.00","","0.12%"
"06/18/2014","1,683.00","1,683.00","1,691.00","1,682.00","","-0.27%"
"06/17/2014","1,687.50","1,682.50","1,687.50","1,680.50","","0.09%"
"06/16/2014","1,686.00","1,690.00","1,690.00","1,683.00","","0.06%"
"06/13/2014","1,685.00","1,689.00","1,693.00","1,683.00","","-0.18%"
"06/12/2014","1,688.00","1,690.00","1,697.00","1,685.00","","0.18%"
"06/11/2014","1,685.00","1,690.00","1,693.00","1,685.00","","-0.12%"
"06/10/2014","1,687.00","1,688.00","1,693.00","1,681.00","","0.06%"
"06/09/2014","1,686.00","1,682.00","1,695.00","1,672.00","","0.18%"
"06/06/2014","1,683.00","1,676.00","1,684.00","1,675.00","","0.18%"
"06/05/2014","1,680.00","1,676.00","1,690.00","1,667.00","","0.30%"
"06/04/2014","1,675.00","1,671.00","1,682.00","1,666.00","","0.12%"
"06/03/2014","1,673.00","1,665.00","1,679.00","1,665.00","","0.36%"
"06/02/2014","1,667.00","1,663.00","1,675.00","1,663.00","","0.12%"
"05/30/2014","1,665.00","1,662.00","1,667.00","1,662.00","","0.12%"
"05/29/2014","1,663.00","1,662.00","1,670.00","1,659.00","","0.00%"
"05/28/2014","1,663.00","1,650.00","1,664.00","1,650.00","","0.12%"
"05/27/2014","1,661.00","1,650.00","1,665.00","1,650.00","","0.61%"
"05/26/2014","1,651.00","1,664.00","1,665.00","1,651.00","","-0.72%"
"05/23/2014","1,663.00","1,650.00","1,669.00","1,650.00","","0.06%"
"05/22/2014","1,662.00","1,650.00","1,666.00","1,648.00","","0.24%"
"05/21/2014","1,658.00","1,650.00","1,662.00","1,650.00","","0.24%"
"05/20/2014","1,654.00","1,650.00","1,660.00","1,645.00","","0.18%"
"05/19/2014","1,651.00","1,650.00","1,654.00","1,650.00","","0.00%"
"05/16/2014","1,651.00","1,650.00","1,655.00","1,650.00","","0.06%"
"05/15/2014","1,650.00","1,650.00","1,654.00","1,649.00","","0.00%"
"05/14/2014","1,650.00","1,650.00","1,655.00","1,640.00","","0.06%"
"05/13/2014","1,649.00","1,649.00","1,651.00","1,649.00","","0.00%"
"05/12/2014","1,649.00","1,649.00","1,649.01","1,640.00","","0.00%"
"05/09/2014","1,649.00","1,649.00","1,650.00","1,646.00","","0.12%"
"05/08/2014","1,647.00","1,647.00","1,650.00","1,646.00","","-0.12%"
"05/07/2014","1,649.00","1,650.00","1,653.00","1,640.00","","0.06%"
"05/06/2014","1,648.00","1,648.00","1,654.00","1,640.00","","0.00%"
"05/05/2014","1,648.00","1,649.00","1,654.00","1,640.00","","0.06%"
"05/02/2014","1,647.00","1,646.00","1,650.00","1,640.00","","0.00%"
"05/01/2014","1,647.00","1,647.00","1,647.00","1,647.00","","0.00%"
"04/30/2014","1,647.00","1,645.00","1,651.00","1,643.00","","0.24%"
"04/29/2014","1,643.00","1,645.00","1,650.00","1,642.00","","0.06%"
"04/28/2014","1,642.00","1,645.00","1,648.00","1,632.00","","-0.06%"
"04/25/2014","1,643.00","1,645.00","1,648.00","1,640.00","","0.00%"
"04/24/2014","1,643.00","1,639.00","1,649.00","1,638.00","","0.24%"
"04/23/2014","1,639.00","1,640.00","1,644.00","1,636.00","","0.12%"
"04/22/2014","1,637.00","1,623.00","1,642.00","1,623.00","","0.24%"
"04/21/2014","1,633.00","1,635.00","1,635.00","1,633.00","","-0.12%"
"04/18/2014","1,635.00","1,635.00","1,635.00","1,635.00","","0.00%"
"04/17/2014","1,635.00","1,623.00","1,641.00","1,623.00","","0.06%"
"04/16/2014","1,634.00","1,623.00","1,641.00","1,623.00","","0.06%"
"04/15/2014","1,633.00","1,623.00","1,640.00","1,623.00","","0.06%"
"04/14/2014","1,632.00","1,623.00","1,639.00","1,623.00","","-0.09%"
"04/11/2014","1,633.50","1,631.50","1,636.50","1,621.50","","0.03%"
"04/10/2014","1,633.00","1,623.00","1,639.00","1,623.00","","0.00%"
"04/09/2014","1,633.00","1,623.00","1,637.00","1,623.00","","0.00%"
"04/08/2014","1,633.00","1,623.00","1,640.00","1,623.00","","-0.12%"
"04/07/2014","1,635.00","1,623.00","1,635.00","1,623.00","","0.12%"
"04/04/2014","1,633.00","1,623.00","1,638.00","1,623.00","","0.12%"
"04/03/2014","1,631.00","1,623.00","1,640.00","1,623.00","","-0.24%"
"04/02/2014","1,635.00","1,623.00","1,638.00","1,623.00","","0.12%"
"04/01/2014","1,633.00","1,638.00","1,639.00","1,632.00","","-0.31%"
"03/31/2014","1,638.00","1,635.00","1,644.00","1,634.00","","0.00%"
"03/28/2014","1,638.00","1,636.00","1,640.00","1,634.00","","-0.06%"
"03/27/2014","1,639.00","1,639.00","1,647.00","1,630.00","","-0.06%"
"03/26/2014","1,640.00","1,639.00","1,646.00","1,638.00","","0.00%"
"03/25/2014","1,640.00","1,623.00","1,644.00","1,623.00","","-0.06%"
"03/24/2014","1,641.00","1,637.00","1,641.00","1,634.00","","0.12%"
"03/21/2014","1,639.00","1,636.00","1,643.00","1,626.00","","0.06%"
"03/20/2014","1,638.00","1,637.00","1,643.00","1,630.00","","0.00%"
"03/19/2014","1,638.00","1,635.00","1,643.00","1,631.00","","0.00%"
"03/18/2014","1,638.00","1,633.00","1,642.00","1,626.00","","0.00%"
"03/17/2014","1,638.00","1,630.00","1,638.00","1,630.00","","0.15%"
"03/14/2014","1,635.50","1,620.50","1,637.50","1,620.50","","0.34%"
"03/13/2014","1,630.00","1,623.00","1,636.00","1,623.00","","-0.09%"
"03/12/2014","1,631.50","1,621.50","1,634.50","1,621.50","","0.09%"
"03/11/2014","1,630.00","1,623.00","1,635.00","1,623.00","","0.00%"
"03/10/2014","1,630.00","1,623.00","1,633.00","1,623.00","","-0.18%"
"03/07/2014","1,633.00","1,623.00","1,635.00","1,623.00","","0.18%"
"03/06/2014","1,630.00","1,623.00","1,632.00","1,623.00","","0.06%"
"03/05/2014","1,629.00","1,623.00","1,631.00","1,623.00","","0.00%"
"03/04/2014","1,629.00","1,623.00","1,635.00","1,623.00","","0.06%"
"03/03/2014","1,628.00","1,623.00","1,631.00","1,623.00","","0.18%"
"02/28/2014","1,625.00","1,623.00","1,631.00","1,620.00","","-0.06%"
"02/27/2014","1,626.00","1,625.00","1,630.00","1,623.00","","0.12%"
"02/26/2014","1,624.00","1,623.00","1,628.00","1,622.00","","0.06%"
"02/25/2014","1,623.00","1,624.00","1,630.00","1,622.00","","-0.12%"
"02/24/2014","1,625.00","1,626.00","1,630.00","1,625.00","","-0.12%"
"02/21/2014","1,627.00","1,625.00","1,632.00","1,620.00","","-0.06%"
"02/20/2014","1,628.00","1,626.00","1,630.00","1,624.00","","-0.12%"
"02/19/2014","1,630.00","1,623.00","1,632.00","1,623.00","","0.31%"
"02/18/2014","1,625.00","1,624.00","1,630.00","1,613.00","","-0.15%"
"02/17/2014","1,627.50","1,620.50","1,627.50","1,610.50","","0.15%"
"02/14/2014","1,625.00","1,625.00","1,630.00","1,623.00","","0.06%"
"02/13/2014","1,624.00","1,625.00","1,630.00","1,622.00","","-0.22%"
"02/12/2014","1,627.50","1,621.50","1,627.50","1,619.50","","0.28%"
"02/11/2014","1,623.00","1,622.00","1,630.00","1,611.00","","0.06%"
"02/10/2014","1,622.00","1,622.00","1,629.00","1,620.00","","0.06%"
"02/07/2014","1,621.00","1,622.00","1,629.00","1,620.00","","0.00%"
"02/06/2014","1,621.00","1,622.00","1,629.00","1,620.00","","-0.12%"
"02/05/2014","1,623.00","1,624.00","1,625.00","1,610.00","","0.00%"
"02/04/2014","1,623.00","1,622.00","1,625.00","1,620.00","","0.06%"
"02/03/2014","1,622.00","1,623.00","1,629.00","1,620.00","","-0.12%"
"01/31/2014","1,624.00","1,620.00","1,626.00","1,620.00","","0.12%"
"01/30/2014","1,622.00","1,621.00","1,627.00","1,620.00","","0.06%"
"01/29/2014","1,621.00","1,621.00","1,625.00","1,620.00","","0.00%"
"01/28/2014","1,621.00","1,616.00","1,623.00","1,616.00","","-0.06%"
"01/27/2014","1,622.00","1,617.00","1,622.00","1,615.00","","0.12%"
"01/24/2014","1,620.00","1,617.00","1,623.00","1,616.00","","0.00%"
"01/23/2014","1,620.00","1,622.00","1,623.00","1,615.00","","-0.12%"
"01/22/2014","1,622.00","1,617.00","1,625.00","1,608.00","","0.43%"
"01/21/2014","1,615.00","1,615.00","1,621.00","1,608.00","","0.06%"
"01/20/2014","1,614.00","1,613.00","1,615.00","1,612.00","","0.19%"
"01/17/2014","1,611.00","1,613.00","1,615.00","1,611.00","","-0.37%"
"01/16/2014","1,617.00","1,618.00","1,620.00","1,612.00","","0.06%"
"01/15/2014","1,616.00","1,621.00","1,624.00","1,612.00","","-0.31%"
"01/14/2014","1,621.00","1,621.00","1,621.00","1,621.00","","0.00%"
"01/13/2014","1,621.00","1,617.00","1,621.00","1,617.00","","0.19%"
"01/10/2014","1,618.00","1,617.00","1,625.00","1,615.00","","0.00%"
"01/09/2014","1,618.00","1,614.00","1,620.00","1,610.00","","0.25%"
"01/08/2014","1,614.00","1,610.00","1,616.00","1,608.00","","0.25%"
"01/07/2014","1,610.00","1,600.00","1,617.00","1,597.00","","0.63%"
"01/06/2014","1,600.00","1,585.00","1,605.00","1,580.00","","0.82%"
"01/03/2014","1,587.00","1,585.00","1,595.00","1,585.00","","0.13%"
"01/02/2014","1,585.00","1,586.00","1,593.00","1,582.00","","-0.13%"
"01/01/2014","1,587.00","1,587.00","1,587.00","1,587.00","","0.00%"
"12/31/2013","1,587.00","1,593.00","1,600.00","1,580.00","","-0.38%"
"12/30/2013","1,593.00","1,584.00","1,595.00","1,580.00","","1.46%"
"12/27/2013","1,570.00","1,566.00","1,585.00","1,566.00","","0.32%"
"12/26/2013","1,565.00","1,565.00","1,565.00","1,565.00","","-0.19%"
"12/25/2013","1,568.00","1,568.00","1,568.00","1,568.00","","0.00%"
"12/24/2013","1,568.00","1,580.00","1,582.00","1,560.00","","-0.76%"
"12/23/2013","1,580.00","1,591.00","1,595.00","1,575.00","","-0.88%"
"12/20/2013","1,594.00","1,602.00","1,602.00","1,590.00","","-0.50%"
"12/19/2013","1,602.00","1,614.00","1,614.00","1,595.00","","-0.19%"
"12/18/2013","1,605.00","1,614.00","1,614.00","1,600.00","","-0.19%"
"12/17/2013","1,608.00","1,614.00","1,614.00","1,600.00","","0.19%"
"12/16/2013","1,605.00","1,614.00","1,614.00","1,605.00","","-0.06%"
"12/13/2013","1,606.00","1,614.00","1,617.00","1,605.00","","-0.06%"
"12/12/2013","1,607.00","1,614.00","1,614.00","1,605.00","","-0.43%"
"12/11/2013","1,614.00","1,614.00","1,614.00","1,606.00","","0.50%"
"12/10/2013","1,606.00","1,614.00","1,614.00","1,606.00","","-0.12%"
"12/09/2013","1,608.00","1,614.00","1,614.00","1,608.00","","0.12%"
"12/06/2013","1,606.00","1,614.00","1,614.00","1,605.00","","-0.19%"
"12/05/2013","1,609.00","1,614.00","1,614.00","1,604.00","","0.00%"
"12/04/2013","1,609.00","1,614.00","1,614.00","1,607.00","","-0.12%"
"12/03/2013","1,611.00","1,614.00","1,615.00","1,606.00","","-0.06%"
"12/02/2013","1,612.00","1,614.00","1,614.00","1,608.00","","-0.12%"
"11/29/2013","1,614.00","1,614.00","1,616.00","1,608.00","","0.19%"
"11/28/2013","1,611.00","1,614.00","1,615.00","1,610.00","","0.00%"
"11/27/2013","1,611.00","1,614.00","1,617.00","1,610.00","","-0.06%"
"11/26/2013","1,612.00","1,620.00","1,620.00","1,609.00","","0.06%"
"11/25/2013","1,611.00","1,615.00","1,620.00","1,609.00","","-0.19%"
"11/22/2013","1,614.00","1,620.00","1,620.00","1,609.00","","0.31%"
"11/21/2013","1,609.00","1,609.00","1,612.00","1,607.00","","0.06%"
"11/20/2013","1,608.00","1,611.00","1,621.00","1,607.00","","0.00%"
"11/19/2013","1,608.00","1,620.00","1,620.00","1,606.00","","-0.31%"
"11/18/2013","1,613.00","1,620.00","1,620.00","1,607.00","","0.31%"
"11/15/2013","1,608.00","1,620.00","1,620.00","1,605.00","","-0.12%"
"11/14/2013","1,610.00","1,620.00","1,620.00","1,606.00","","0.00%"
"11/13/2013","1,610.00","1,620.00","1,620.00","1,605.00","","0.06%"
"11/12/2013","1,609.00","1,606.00","1,612.00","1,605.00","","0.19%"
"11/11/2013","1,606.00","1,607.00","1,608.00","1,605.00","","0.00%"
"11/08/2013","1,606.00","1,608.00","1,611.00","1,605.00","","-0.12%"
"11/07/2013","1,608.00","1,608.00","1,609.00","1,605.00","","0.12%"
"11/06/2013","1,606.00","1,608.00","1,610.00","1,605.00","","-0.12%"
"11/05/2013","1,608.00","1,608.00","1,610.00","1,605.00","","0.19%"
"11/04/2013","1,605.00","1,608.00","1,609.00","1,605.00","","-0.06%"
"11/01/2013","1,606.00","1,608.00","1,609.00","1,604.00","","0.00%"
"10/31/2013","1,606.00","1,605.00","1,609.00","1,605.00","","-0.12%"
"10/30/2013","1,608.00","1,609.00","1,609.00","1,605.00","","0.19%"
"10/29/2013","1,605.00","1,608.00","1,608.00","1,604.00","","0.00%"
"10/28/2013","1,605.00","1,608.00","1,608.00","1,605.00","","-0.06%"
"10/25/2013","1,606.00","1,608.00","1,610.00","1,605.00","","-0.12%"
"10/24/2013","1,608.00","1,620.00","1,620.00","1,604.00","","0.00%"
"10/23/2013","1,608.00","1,620.00","1,620.00","1,605.00","","-0.06%"
"10/22/2013","1,609.00","1,620.00","1,620.00","1,607.00","","-0.06%"
"10/21/2013","1,610.00","1,620.00","1,620.00","1,606.00","","0.00%"
"10/18/2013","1,610.00","1,620.00","1,620.00","1,608.00","","-0.12%"
"10/17/2013","1,612.00","1,620.00","1,620.00","1,607.00","","-0.49%"
"10/16/2013","1,620.00","1,620.00","1,620.00","1,620.00","","0.00%"
"10/15/2013","1,620.00","1,620.00","1,620.00","1,608.00","","0.68%"
"10/14/2013","1,609.00","1,620.00","1,620.00","1,609.00","","-0.19%"
"10/11/2013","1,612.00","1,620.00","1,620.00","1,605.00","","0.19%"
"10/10/2013","1,609.00","1,620.00","1,620.00","1,607.00","","-0.06%"
"10/09/2013","1,610.00","1,611.00","1,620.00","1,609.00","","0.00%"
"10/08/2013","1,610.00","1,620.00","1,620.00","1,609.00","","-0.06%"
"10/07/2013","1,611.00","1,620.00","1,620.00","1,609.00","","-0.06%"
"10/04/2013","1,612.00","1,620.00","1,620.00","1,607.00","","0.19%"
"10/03/2013","1,609.00","1,620.00","1,620.00","1,608.00","","-0.06%"
"10/02/2013","1,610.00","1,620.00","1,620.00","1,608.00","","-0.06%"
"10/01/2013","1,611.00","1,611.00","1,614.00","1,605.00","","0.37%"
"09/30/2013","1,605.00","1,620.00","1,620.00","1,605.00","","-0.37%"
"09/27/2013","1,611.00","1,612.00","1,620.00","1,606.00","","0.00%"
"09/26/2013","1,611.00","1,620.00","1,620.00","1,609.00","","-0.19%"
"09/25/2013","1,614.00","1,620.00","1,620.00","1,610.00","","-0.06%"
"09/24/2013","1,615.00","1,620.00","1,620.00","1,610.00","","0.19%"
"09/23/2013","1,612.00","1,620.00","1,622.00","1,612.00","","-0.31%"
"09/20/2013","1,617.00","1,620.00","1,620.00","1,612.00","","0.31%"
"09/19/2013","1,612.00","1,620.00","1,620.00","1,612.00","","-0.49%"
"09/18/2013","1,620.00","1,615.00","1,620.00","1,613.00","","0.31%"
"09/17/2013","1,615.00","1,620.00","1,620.00","1,613.00","","-0.12%"
"09/16/2013","1,617.00","1,620.00","1,620.00","1,613.00","","0.00%"
"09/13/2013","1,617.00","1,620.00","1,620.00","1,612.00","","-0.06%"
"09/12/2013","1,618.00","1,620.00","1,620.00","1,614.00","","0.06%"
"09/11/2013","1,617.00","1,620.00","1,621.00","1,612.00","","0.00%"
"09/10/2013","1,617.00","1,620.00","1,623.00","1,612.00","","-0.06%"
"09/09/2013","1,618.00","1,620.00","1,623.00","1,615.00","","0.00%"
"09/06/2013","1,618.00","1,616.00","1,630.00","1,613.00","","0.15%"
"09/05/2013","1,615.50","1,619.50","1,619.50","1,614.50","","-0.03%"
"09/04/2013","1,616.00","1,620.00","1,620.00","1,609.00","","-0.06%"
"09/03/2013","1,617.00","1,620.00","1,620.00","1,616.00","","0.00%"
"09/02/2013","1,617.00","1,620.00","1,620.00","1,615.00","","0.06%"
"08/30/2013","1,616.00","1,617.00","1,623.00","1,615.00","","-0.06%"
"08/29/2013","1,617.00","1,620.00","1,620.00","1,614.00","","-0.12%"
"08/28/2013","1,619.00","1,620.00","1,623.00","1,617.00","","0.06%"
"08/27/2013","1,618.00","1,620.00","1,620.00","1,617.00","","0.00%"
"08/26/2013","1,618.00","1,620.00","1,620.00","1,616.00","","0.06%"
"08/23/2013","1,617.00","1,620.00","1,623.00","1,616.00","","0.00%"
"08/22/2013","1,617.00","1,620.00","1,622.00","1,616.00","","0.00%"
"08/21/2013","1,617.00","1,620.00","1,623.00","1,616.00","","0.00%"
"08/20/2013","1,617.00","1,620.00","1,621.00","1,616.00","","0.00%"
"08/19/2013","1,617.00","1,620.00","1,623.00","1,616.00","","-0.19%"
"08/16/2013","1,620.00","1,620.00","1,621.00","1,616.00","","0.19%"
"08/15/2013","1,617.00","1,620.00","1,620.00","1,615.00","","-0.12%"
"08/14/2013","1,619.00","1,620.00","1,621.00","1,614.00","","-0.12%"
"08/13/2013","1,621.00","1,620.00","1,621.00","1,613.00","","0.00%"
"08/12/2013","1,621.00","1,620.00","1,624.00","1,617.00","","0.06%"
"08/09/2013","1,620.00","1,620.00","1,620.00","1,620.00","","0.00%"
"08/08/2013","1,620.00","1,620.00","1,620.00","1,620.00","","-0.18%"
"08/07/2013","1,623.00","1,620.00","1,626.00","1,618.00","","0.12%"
"08/06/2013","1,621.00","1,620.00","1,627.00","1,619.00","","0.00%"
"08/05/2013","1,621.00","1,620.00","1,627.00","1,620.00","","0.00%"
"08/02/2013","1,621.00","1,620.00","1,623.00","1,618.00","","0.12%"
"08/01/2013","1,619.00","1,620.00","1,622.00","1,617.00","","-0.12%"
"07/31/2013","1,621.00","1,620.00","1,624.00","1,616.00","","0.06%"
"07/30/2013","1,620.00","1,620.00","1,628.00","1,617.00","","-0.18%"
"07/29/2013","1,623.00","1,623.00","1,624.00","1,616.00","","0.00%"
"07/26/2013","1,623.00","1,616.00","1,625.00","1,616.00","","-0.06%"
"07/25/2013","1,624.00","1,616.00","1,626.00","1,616.00","","0.50%"
"07/24/2013","1,616.00","1,616.00","1,627.00","1,616.00","","0.00%"
"07/23/2013","1,616.00","1,616.00","1,628.00","1,616.00","","-0.25%"
"07/22/2013","1,620.00","1,616.00","1,626.00","1,616.00","","0.00%"
"07/19/2013","1,620.00","1,616.00","1,627.00","1,616.00","","-0.37%"
"07/18/2013","1,626.00","1,616.00","1,628.00","1,616.00","","0.31%"
"07/17/2013","1,621.00","1,616.00","1,631.00","1,616.00","","0.31%"
"07/16/2013","1,616.00","1,626.00","1,626.00","1,615.00","","-0.25%"
"07/15/2013","1,620.00","1,626.00","1,626.00","1,613.00","","-0.12%"
"07/12/2013","1,622.00","1,626.00","1,626.00","1,618.00","","0.06%"
"07/11/2013","1,621.00","1,626.00","1,626.00","1,618.00","","0.00%"
"07/10/2013","1,621.00","1,626.00","1,627.00","1,620.00","","-0.18%"
"07/09/2013","1,624.00","1,626.00","1,630.00","1,615.00","","-0.12%"
"07/08/2013","1,626.00","1,617.00","1,630.00","1,617.00","","0.00%"
"07/05/2013","1,626.00","1,625.00","1,630.00","1,625.00","","-0.12%"
"07/04/2013","1,628.00","1,630.00","1,630.00","1,625.00","","-0.25%"
"07/03/2013","1,632.00","1,636.00","1,636.00","1,625.00","","-0.18%"
"07/02/2013","1,635.00","1,637.00","1,639.00","1,632.00","","0.00%"
"07/01/2013","1,635.00","1,617.00","1,637.00","1,617.00","","0.62%"
"06/28/2013","1,625.00","1,617.00","1,640.00","1,617.00","","-0.12%"
"06/27/2013","1,627.00","1,617.00","1,630.00","1,610.00","","0.87%"
"06/26/2013","1,613.00","1,617.00","1,633.00","1,610.00","","-0.62%"
"06/25/2013","1,623.00","1,637.00","1,642.00","1,623.00","","-0.79%"
"06/24/2013","1,636.00","1,637.00","1,640.00","1,631.00","","-0.06%"
"06/21/2013","1,637.00","1,640.00","1,642.00","1,635.00","","-0.12%"
"06/20/2013","1,639.00","1,642.00","1,642.00","1,637.00","","-0.18%"
"06/19/2013","1,642.00","1,642.00","1,644.00","1,637.00","","-0.18%"
"06/18/2013","1,645.00","1,643.00","1,645.00","1,637.00","","0.18%"
"06/17/2013","1,642.00","1,637.00","1,645.00","1,634.00","","0.00%"
"06/14/2013","1,642.00","1,640.00","1,642.00","1,635.00","","0.18%"
"06/13/2013","1,639.00","1,640.00","1,642.00","1,635.00","","-0.06%"
"06/12/2013","1,640.00","1,639.00","1,642.00","1,635.00","","0.24%"
"06/11/2013","1,636.00","1,638.00","1,638.00","1,625.00","","0.06%"
"06/10/2013","1,635.00","1,636.00","1,638.00","1,634.00","","-0.18%"
"06/07/2013","1,638.00","1,636.00","1,643.00","1,634.00","","0.06%"
"06/06/2013","1,637.00","1,638.00","1,639.00","1,634.00","","0.00%"
"06/05/2013","1,637.00","1,637.00","1,643.00","1,633.00","","0.06%"
"06/04/2013","1,636.00","1,635.00","1,636.00","1,632.00","","0.12%"
"06/03/2013","1,634.00","1,633.00","1,635.00","1,628.00","","0.06%"
"05/31/2013","1,633.00","1,632.00","1,635.00","1,631.00","","0.06%"
"05/30/2013","1,632.00","1,633.00","1,635.00","1,631.00","","0.00%"
"05/29/2013","1,632.00","1,631.00","1,635.00","1,629.00","","0.00%"
"05/28/2013","1,632.00","1,617.00","1,638.00","1,617.00","","0.18%"
"05/27/2013","1,629.00","1,631.00","1,631.00","1,626.00","","-0.06%"
"05/24/2013","1,630.00","1,617.00","1,632.00","1,617.00","","0.06%"
"05/23/2013","1,629.00","1,617.00","1,633.00","1,617.00","","0.06%"
"05/22/2013","1,628.00","1,628.00","1,632.00","1,624.00","","-0.12%"
"05/21/2013","1,630.00","1,631.00","1,635.00","1,627.00","","-0.06%"
"05/20/2013","1,631.00","1,635.00","1,638.00","1,630.00","","0.00%"
"05/17/2013","1,631.00","1,617.00","1,642.00","1,617.00","","0.12%"
"05/16/2013","1,629.00","1,617.00","1,630.00","1,617.00","","0.06%"
"05/15/2013","1,628.00","1,629.00","1,631.00","1,617.00","","-0.06%"
"05/14/2013","1,629.00","1,617.00","1,632.00","1,617.00","","0.06%"
"05/13/2013","1,628.00","1,630.00","1,635.00","1,626.00","","-0.06%"
"05/10/2013","1,629.00","1,630.00","1,635.00","1,629.00","","-0.12%"
"05/09/2013","1,631.00","1,628.00","1,635.00","1,628.00","","0.00%"
"05/08/2013","1,631.00","1,630.00","1,636.00","1,629.00","","0.06%"
"05/07/2013","1,630.00","1,617.00","1,634.00","1,617.00","","0.12%"
"05/06/2013","1,628.00","1,617.00","1,631.00","1,617.00","","-0.06%"
"05/03/2013","1,629.00","1,617.00","1,630.00","1,617.00","","0.00%"
"05/02/2013","1,629.00","1,617.00","1,637.00","1,617.00","","0.74%"
"05/01/2013","1,617.00","1,617.00","1,617.00","1,617.00","","-0.68%"
"04/30/2013","1,628.00","1,617.00","1,639.00","1,617.00","","0.00%"
"04/29/2013","1,628.00","1,617.00","1,630.00","1,617.00","","0.68%"
"04/26/2013","1,617.00","1,617.00","1,617.00","1,617.00","","-0.61%"
"04/25/2013","1,627.00","1,617.00","1,631.00","1,617.00","","-0.06%"
"04/24/2013","1,628.00","1,617.00","1,635.00","1,617.00","","0.12%"
"04/23/2013","1,626.00","1,617.00","1,628.00","1,617.00","","-0.12%"
"04/22/2013","1,628.00","1,628.00","1,630.00","1,617.00","","-0.12%"
"04/19/2013","1,630.00","1,631.00","1,632.00","1,625.00","","-0.06%"
"04/18/2013","1,631.00","1,617.00","1,632.00","1,617.00","","0.12%"
"04/17/2013","1,629.00","1,617.00","1,630.00","1,617.00","","0.12%"
"04/16/2013","1,627.00","1,617.00","1,632.00","1,617.00","","0.12%"
"04/15/2013","1,625.00","1,617.00","1,628.00","1,615.00","","0.06%"
"04/12/2013","1,624.00","1,617.00","1,628.00","1,615.00","","0.31%"
"04/11/2013","1,619.00","1,617.00","1,624.00","1,615.00","","-0.12%"
"04/10/2013","1,621.00","1,617.00","1,621.00","1,614.00","","0.06%"
"04/09/2013","1,620.00","1,617.00","1,621.00","1,610.00","","0.00%"
"04/08/2013","1,620.00","1,617.00","1,620.00","1,614.00","","0.00%"
"04/05/2013","1,620.00","1,617.00","1,622.00","1,617.00","","0.00%"
"04/04/2013","1,620.00","1,617.00","1,625.00","1,615.00","","-0.18%"
"04/03/2013","1,623.00","1,617.00","1,631.00","1,615.00","","0.12%"
"04/02/2013","1,621.00","1,617.00","1,630.00","1,617.00","","0.25%"
"04/01/2013","1,617.00","1,617.00","1,618.00","1,617.00","","-0.19%"
"03/29/2013","1,620.00","1,617.00","1,620.00","1,617.00","","0.00%"
"03/28/2013","1,620.00","1,617.00","1,621.00","1,615.00","","0.31%"
"03/27/2013","1,615.00","1,617.00","1,623.00","1,610.00","","-0.12%"
"03/26/2013","1,617.00","1,620.00","1,620.00","1,612.00","","-0.12%"
"03/25/2013","1,619.00","1,621.00","1,625.00","1,613.00","","0.12%"
"03/22/2013","1,617.00","1,621.00","1,626.00","1,616.00","","-0.43%"
"03/21/2013","1,624.00","1,624.00","1,627.00","1,615.00","","0.00%"
"03/20/2013","1,624.00","1,625.00","1,625.00","1,621.00","","-0.06%"
"03/19/2013","1,625.00","1,626.00","1,626.00","1,622.00","","0.00%"
"03/18/2013","1,625.00","1,626.00","1,626.00","1,622.00","","0.06%"
"03/15/2013","1,624.00","1,624.00","1,626.00","1,623.00","","0.06%"
"03/14/2013","1,623.00","1,625.00","1,626.00","1,623.00","","-0.12%"
"03/13/2013","1,625.00","1,624.00","1,627.00","1,620.00","","0.00%"
"03/12/2013","1,625.00","1,624.00","1,627.00","1,621.00","","0.00%"
"03/11/2013","1,625.00","1,625.00","1,625.00","1,621.00","","0.06%"
"03/08/2013","1,624.00","1,623.00","1,630.00","1,620.00","","0.00%"
"03/07/2013","1,624.00","1,623.50","1,625.00","1,620.00","","0.06%"
"03/06/2013","1,623.00","1,621.00","1,623.00","1,620.00","","0.06%"
"03/05/2013","1,622.00","1,622.00","1,623.00","1,620.00","","0.00%"
"03/04/2013","1,622.00","1,622.00","1,626.00","1,619.00","","-0.06%"
"03/01/2013","1,623.00","1,625.00","1,631.00","1,619.50","","0.00%"
"02/28/2013","1,623.00","1,625.00","1,631.00","1,621.00","","0.06%"
"02/27/2013","1,622.00","1,627.00","1,628.01","1,620.00","","-0.31%"
"02/26/2013","1,627.00","1,634.00","1,635.00","1,624.00","","-0.37%"
"02/25/2013","1,633.00","1,635.00","1,640.00","1,627.00","","-0.24%"
"02/22/2013","1,637.00","1,628.00","1,639.00","1,625.00","","0.55%"
"02/21/2013","1,628.00","1,623.00","1,632.00","1,615.00","","0.37%"
"02/20/2013","1,622.00","1,620.00","1,634.00","1,620.00","","0.03%"
"02/19/2013","1,621.50","1,619.50","1,627.50","1,615.50","","0.22%"
"02/18/2013","1,618.00","1,617.00","1,625.00","1,614.00","","0.06%"
"02/15/2013","1,617.00","1,617.00","1,620.00","1,615.00","","0.00%"
"02/14/2013","1,617.00","1,616.00","1,620.00","1,614.00","","0.12%"
"02/13/2013","1,615.00","1,616.00","1,620.00","1,614.00","","0.00%"
"02/12/2013","1,615.00","1,616.00","1,617.01","1,613.00","","-0.06%"
"02/11/2013","1,616.00","1,616.00","1,623.00","1,614.00","","0.06%"
"02/08/2013","1,615.00","1,618.00","1,621.00","1,610.00","","0.00%"
"02/07/2013","1,615.00","1,621.00","1,623.00","1,614.00","","-0.12%"
"02/06/2013","1,617.00","1,619.00","1,626.00","1,617.00","","-0.37%"
"02/05/2013","1,623.00","1,623.00","1,627.00","1,621.00","","0.12%"
"02/04/2013","1,621.00","1,621.00","1,627.00","1,617.00","","0.00%"
"02/01/2013","1,621.00","1,620.00","1,629.00","1,617.00","","0.19%"
"01/31/2013","1,618.00","1,616.00","1,626.00","1,615.00","","0.06%"
"01/30/2013","1,617.00","1,611.00","1,620.00","1,610.00","","0.31%"
"01/29/2013","1,612.00","1,610.00","1,618.00","1,607.00","","0.12%"
"01/28/2013","1,610.00","1,610.00","1,619.00","1,605.00","","0.31%"
"01/25/2013","1,605.00","1,608.00","1,611.00","1,605.00","","-0.19%"
"01/24/2013","1,608.00","1,612.00","1,615.00","1,607.00","","0.06%"
"01/23/2013","1,607.00","1,606.00","1,615.00","1,605.00","","-0.19%"
"01/22/2013","1,610.00","1,605.00","1,614.00","1,605.00","","0.19%"
"01/21/2013","1,607.00","1,607.00","1,615.00","1,602.00","","0.12%"
"01/18/2013","1,605.00","1,603.00","1,610.00","1,580.00","","0.19%"
"01/17/2013","1,602.00","1,589.00","1,607.00","1,589.00","","0.79%"
"01/16/2013","1,589.50","1,589.50","1,610.50","1,589.50","","-0.66%"
"01/15/2013","1,600.00","1,602.00","1,610.00","1,598.00","","-0.31%"
"01/14/2013","1,605.00","1,589.00","1,608.00","1,589.00","","1.58%"
"01/11/2013","1,580.00","1,605.00","1,611.00","1,580.00","","-1.37%"
"01/10/2013","1,602.00","1,589.00","1,608.00","1,589.00","","0.56%"
"01/09/2013","1,593.00","1,589.00","1,607.00","1,589.00","","-0.13%"
"01/08/2013","1,595.00","1,589.00","1,599.00","1,589.00","","0.19%"
"01/07/2013","1,592.00","1,588.00","1,593.00","1,588.00","","0.00%"
"01/04/2013","1,592.00","1,589.00","1,595.00","1,588.00","","0.06%"
"01/03/2013","1,591.00","1,589.00","1,597.00","1,588.00","","0.06%"
"01/02/2013","1,590.00","1,584.00","1,599.00","1,583.00","","0.38%"
"01/01/2013","1,584.00","1,584.00","1,584.00","1,584.00","","-0.06%"
"12/31/2012","1,585.00","1,583.00","1,595.00","1,577.00","","0.25%"
"12/28/2012","1,581.00","1,581.00","1,585.00","1,580.00","","0.00%"
"12/27/2012","1,581.00","1,581.00","1,582.00","1,573.00","","0.00%"
"12/26/2012","1,581.00","1,581.00","1,581.00","1,581.00","","0.00%"
"12/25/2012","1,581.00","1,581.00","1,581.00","1,581.00","","0.00%"
"12/24/2012","1,581.00","1,583.00","1,587.00","1,574.00","","0.06%"
"12/21/2012","1,580.00","1,586.00","1,587.00","1,579.00","","-0.32%"
"12/20/2012","1,585.00","1,601.00","1,601.00","1,583.00","","-0.69%"
"12/19/2012","1,596.00","1,601.00","1,603.00","1,591.00","","-0.16%"
"12/18/2012","1,598.50","1,600.50","1,600.50","1,594.50","","-0.09%"
"12/17/2012","1,600.00","1,599.00","1,602.00","1,596.00","","0.06%"
"12/14/2012","1,599.00","1,601.00","1,605.00","1,597.00","","-0.06%"
"12/13/2012","1,600.00","1,601.00","1,605.00","1,598.00","","-0.06%"
"12/12/2012","1,601.00","1,601.00","1,606.00","1,600.00","","0.00%"
"12/11/2012","1,601.00","1,601.00","1,606.00","1,598.00","","-0.06%"
"12/10/2012","1,602.00","1,603.00","1,608.00","1,601.00","","-0.06%"
"12/07/2012","1,603.00","1,602.00","1,608.00","1,599.00","","0.06%"
"12/06/2012","1,602.00","1,600.00","1,609.00","1,600.00","","-0.06%"
"12/05/2012","1,603.00","1,604.00","1,610.00","1,600.00","","0.00%"
"12/04/2012","1,603.00","1,604.00","1,609.00","1,599.00","","0.12%"
"12/03/2012","1,601.00","1,600.00","1,608.00","1,599.00","","0.00%"
"11/30/2012","1,601.00","1,600.00","1,607.00","1,599.00","","-0.06%"
"11/29/2012","1,602.00","1,602.00","1,606.00","1,597.00","","-0.12%"
"11/28/2012","1,604.00","1,605.00","1,605.00","1,600.00","","-0.06%"
"11/27/2012","1,605.00","1,605.00","1,611.00","1,602.00","","-0.19%"
"11/26/2012","1,608.00","1,608.00","1,610.00","1,602.00","","-0.12%"
"11/23/2012","1,610.00","1,610.00","1,615.00","1,605.00","","0.00%"
"11/22/2012","1,610.00","1,605.00","1,611.00","1,597.00","","0.12%"
"11/21/2012","1,608.00","1,590.00","1,613.00","1,590.00","","1.13%"
"11/20/2012","1,590.00","1,590.00","1,605.00","1,590.00","","-0.31%"
"11/19/2012","1,595.00","1,590.00","1,605.00","1,590.00","","-0.13%"
"11/16/2012","1,597.00","1,590.00","1,600.00","1,590.00","","0.00%"
"11/15/2012","1,597.00","1,590.00","1,601.00","1,590.00","","0.38%"
"11/14/2012","1,591.00","1,590.00","1,600.00","1,587.00","","-0.31%"
"11/13/2012","1,596.00","1,590.00","1,600.00","1,590.00","","0.19%"
"11/12/2012","1,593.00","1,590.00","1,596.00","1,589.00","","0.13%"
"11/09/2012","1,591.00","1,590.00","1,597.00","1,589.00","","0.00%"
"11/08/2012","1,591.00","1,590.00","1,597.00","1,588.00","","0.06%"
"11/07/2012","1,590.00","1,590.00","1,595.00","1,588.00","","-0.31%"
"11/06/2012","1,595.00","1,590.00","1,595.00","1,588.00","","0.00%"
"11/05/2012","1,595.00","1,590.00","1,595.00","1,589.00","","0.31%"
"11/02/2012","1,590.00","1,590.00","1,600.00","1,589.00","","-0.31%"
"11/01/2012","1,595.00","1,590.00","1,600.00","1,586.00","","0.50%"
"10/31/2012","1,587.00","1,585.00","1,594.00","1,584.00","","0.00%"
"10/30/2012","1,587.00","1,585.00","1,595.00","1,575.00","","0.00%"
"10/29/2012","1,587.00","1,585.00","1,591.00","1,575.00","","0.13%"
"10/26/2012","1,585.00","1,585.00","1,585.00","1,585.00","","0.38%"
"10/25/2012","1,579.00","1,585.00","1,589.00","1,575.00","","-0.38%"
"10/24/2012","1,585.00","1,579.00","1,587.00","1,575.00","","0.06%"
"10/23/2012","1,584.00","1,585.00","1,586.00","1,579.00","","0.32%"
"10/22/2012","1,579.00","1,585.00","1,586.00","1,575.00","","-0.13%"
"10/19/2012","1,581.00","1,585.00","1,586.00","1,575.00","","0.38%"
"10/18/2012","1,575.00","1,585.00","1,585.00","1,574.00","","-0.25%"
"10/17/2012","1,579.00","1,585.00","1,585.00","1,575.00","","0.25%"
"10/16/2012","1,575.00","1,585.00","1,585.00","1,574.00","","-0.06%"
"10/15/2012","1,576.00","1,585.00","1,585.00","1,573.00","","0.06%"
"10/12/2012","1,575.00","1,585.00","1,585.00","1,572.00","","0.00%"
"10/11/2012","1,575.00","1,585.00","1,585.00","1,570.00","","0.06%"
"10/10/2012","1,574.00","1,585.00","1,585.00","1,571.00","","-0.06%"
"10/09/2012","1,575.00","1,585.00","1,585.00","1,571.00","","0.06%"
"10/08/2012","1,574.00","1,585.00","1,585.00","1,570.00","","0.00%"
"10/05/2012","1,574.00","1,585.00","1,585.00","1,569.00","","-0.06%"
"10/04/2012","1,575.00","1,585.00","1,585.00","1,571.00","","-0.06%"
"10/03/2012","1,576.00","1,586.00","1,588.00","1,572.00","","0.00%"
"10/02/2012","1,576.00","1,585.00","1,585.00","1,572.00","","0.00%"
"10/01/2012","1,576.00","1,585.00","1,585.00","1,573.00","","0.00%"
"09/28/2012","1,576.00","1,585.00","1,585.00","1,574.00","","0.13%"
"09/27/2012","1,574.00","1,585.00","1,585.00","1,573.00","","-0.06%"
"09/26/2012","1,575.00","1,577.00","1,585.00","1,572.00","","-0.13%"
"09/25/2012","1,577.00","1,585.00","1,585.00","1,571.00","","0.19%"
"09/24/2012","1,574.00","1,585.00","1,585.00","1,570.00","","-0.19%"
"09/21/2012","1,577.00","1,585.00","1,585.00","1,573.00","","0.00%"
"09/20/2012","1,577.00","1,585.00","1,585.00","1,571.00","","0.13%"
"09/19/2012","1,575.00","1,585.00","1,585.00","1,571.00","","0.03%"
"09/18/2012","1,574.50","1,584.50","1,584.50","1,569.50","","0.06%"
"09/17/2012","1,573.50","1,572.50","1,575.50","1,568.50","","0.22%"
"09/14/2012","1,570.00","1,572.00","1,575.00","1,568.00","","-0.13%"
"09/13/2012","1,572.00","1,572.00","1,575.00","1,567.00","","0.00%"
"09/12/2012","1,572.00","1,585.00","1,585.00","1,569.00","","-0.06%"
"09/11/2012","1,573.00","1,583.00","1,583.00","1,566.00","","-0.13%"
"09/10/2012","1,575.00","1,574.00","1,575.00","1,569.00","","0.00%"
"09/07/2012","1,575.00","1,576.00","1,579.00","1,569.00","","0.19%"
"09/06/2012","1,572.00","1,572.00","1,579.00","1,571.00","","0.00%"
"09/05/2012","1,572.00","1,585.00","1,585.00","1,572.00","","-0.38%"
"09/04/2012","1,578.00","1,585.00","1,585.00","1,574.00","","0.19%"
"09/03/2012","1,575.00","1,578.00","1,584.00","1,571.00","","0.25%"
"08/31/2012","1,571.00","1,572.00","1,579.00","1,571.00","","-0.06%"
"08/30/2012","1,572.00","1,572.00","1,577.00","1,570.00","","0.06%"
"08/29/2012","1,571.00","1,573.00","1,577.00","1,568.00","","-0.06%"
"08/28/2012","1,572.00","1,572.00","1,578.00","1,568.00","","0.00%"
"08/27/2012","1,572.00","1,572.00","1,577.00","1,568.00","","-0.13%"
"08/24/2012","1,574.00","1,570.00","1,578.00","1,568.00","","0.19%"
"08/23/2012","1,571.00","1,585.00","1,585.00","1,570.00","","-0.25%"
"08/22/2012","1,575.00","1,575.00","1,579.00","1,569.00","","0.25%"
"08/21/2012","1,571.00","1,585.00","1,585.00","1,570.00","","-0.44%"
"08/20/2012","1,578.00","1,585.00","1,585.00","1,578.00","","0.32%"
"08/17/2012","1,573.00","1,585.00","1,585.00","1,570.00","","0.00%"
"08/16/2012","1,573.00","1,585.00","1,585.00","1,572.00","","-0.25%"
"08/15/2012","1,577.00","1,578.00","1,583.00","1,576.00","","0.00%"
"08/14/2012","1,577.00","1,585.00","1,585.00","1,574.00","","0.06%"
"08/13/2012","1,576.00","1,585.00","1,585.00","1,574.00","","0.06%"
"08/10/2012","1,575.00","1,585.00","1,585.00","1,573.00","","-0.06%"
"08/09/2012","1,576.00","1,585.00","1,585.00","1,572.00","","0.06%"
"08/08/2012","1,575.00","1,585.00","1,585.00","1,573.00","","-0.63%"
"08/07/2012","1,585.00","1,578.00","1,585.00","1,571.00","","0.96%"
"08/06/2012","1,570.00","1,585.00","1,585.00","1,570.00","","-0.51%"
"08/03/2012","1,578.00","1,585.00","1,585.00","1,572.00","","0.06%"
"08/02/2012","1,577.00","1,585.00","1,585.00","1,574.00","","-0.06%"
"08/01/2012","1,578.00","1,585.00","1,585.00","1,574.00","","-0.06%"
"07/31/2012","1,579.00","1,585.00","1,585.00","1,575.00","","0.06%"
"07/30/2012","1,578.00","1,585.00","1,587.00","1,575.00","","0.00%"
"07/27/2012","1,578.00","1,585.00","1,585.00","1,576.00","","-0.19%"
"07/26/2012","1,581.00","1,585.00","1,585.00","1,578.00","","0.13%"
"07/25/2012","1,579.00","1,585.00","1,587.00","1,578.00","","-0.19%"
"07/24/2012","1,582.00","1,585.00","1,586.00","1,577.00","","-0.28%"
"07/23/2012","1,586.50","1,583.50","1,588.50","1,580.50","","0.22%"
"07/20/2012","1,583.00","1,587.00","1,591.00","1,582.00","","0.00%"
"07/19/2012","1,583.00","1,585.00","1,591.00","1,583.00","","-0.13%"
"07/18/2012","1,585.00","1,585.00","1,588.00","1,583.00","","-0.06%"
"07/17/2012","1,586.00","1,585.00","1,590.00","1,583.00","","0.06%"
"07/16/2012","1,585.00","1,585.00","1,590.00","1,575.00","","0.00%"
"07/13/2012","1,585.00","1,585.00","1,590.00","1,582.00","","0.00%"
"07/12/2012","1,585.00","1,585.00","1,589.00","1,577.00","","-0.25%"
"07/11/2012","1,589.00","1,585.00","1,593.00","1,575.00","","0.25%"
"07/10/2012","1,585.00","1,585.00","1,592.00","1,575.00","","-0.31%"
"07/09/2012","1,590.00","1,585.00","1,592.00","1,585.00","","0.00%"
"07/06/2012","1,590.00","1,585.00","1,595.00","1,585.00","","0.19%"
"07/05/2012","1,587.00","1,585.00","1,593.00","1,584.00","","0.13%"
"07/04/2012","1,585.00","1,585.00","1,588.00","1,579.00","","0.32%"
"07/03/2012","1,580.00","1,585.00","1,586.00","1,576.00","","0.32%"
"07/02/2012","1,575.00","1,575.00","1,582.00","1,573.00","","0.19%"
"06/29/2012","1,572.00","1,585.00","1,585.00","1,572.00","","-0.51%"
"06/28/2012","1,580.00","1,585.00","1,585.00","1,569.00","","0.45%"
"06/27/2012","1,573.00","1,585.00","1,585.00","1,571.00","","-0.44%"
"06/26/2012","1,580.00","1,585.00","1,585.00","1,573.00","","0.13%"
"06/25/2012","1,578.00","1,585.00","1,585.00","1,577.00","","-0.25%"
"06/22/2012","1,582.00","1,585.00","1,585.00","1,576.00","","0.06%"
"06/21/2012","1,581.00","1,585.00","1,586.00","1,579.00","","-0.06%"
"06/20/2012","1,582.00","1,585.00","1,589.00","1,580.00","","-0.06%"
"06/19/2012","1,583.00","1,585.00","1,585.00","1,579.00","","0.00%"
"06/18/2012","1,583.00","1,585.00","1,592.00","1,579.00","","-0.06%"
"06/15/2012","1,584.00","1,585.00","1,588.00","1,580.00","","-0.06%"
"06/14/2012","1,585.00","1,585.00","1,589.00","1,580.00","","-0.06%"
"06/13/2012","1,586.00","1,590.00","1,590.00","1,581.00","","-0.06%"
"06/12/2012","1,587.00","1,590.00","1,590.00","1,582.00","","-0.06%"
"06/11/2012","1,588.00","1,590.00","1,590.00","1,582.00","","0.00%"
"06/08/2012","1,588.00","1,590.00","1,591.00","1,585.00","","-0.13%"
"06/07/2012","1,590.00","1,590.00","1,592.00","1,587.00","","0.06%"
"06/06/2012","1,589.00","1,590.00","1,591.00","1,585.00","","0.06%"
"06/05/2012","1,588.00","1,591.00","1,593.00","1,583.00","","0.06%"
"06/04/2012","1,587.00","1,590.00","1,595.00","1,585.00","","-0.25%"
"06/01/2012","1,591.00","1,590.00","1,594.00","1,585.00","","0.06%"
"05/31/2012","1,590.00","1,590.00","1,591.00","1,585.00","","0.00%"
"05/30/2012","1,590.00","1,590.00","1,593.00","1,588.00","","0.06%"
"05/29/2012","1,589.00","1,590.00","1,593.00","1,585.00","","-0.06%"
"05/28/2012","1,590.00","1,590.00","1,592.00","1,585.00","","0.06%"
"05/25/2012","1,589.00","1,590.00","1,592.00","1,585.00","","-0.06%"
"05/24/2012","1,590.00","1,598.00","1,598.00","1,587.00","","-0.50%"
"05/23/2012","1,598.00","1,590.00","1,598.00","1,584.00","","0.50%"
"05/22/2012","1,590.00","1,590.00","1,590.00","1,587.00","","0.19%"
"05/21/2012","1,587.00","1,590.00","1,594.00","1,580.00","","0.13%"
"05/18/2012","1,585.00","1,590.00","1,590.00","1,583.00","","0.06%"
"05/17/2012","1,584.00","1,590.00","1,590.00","1,581.00","","0.13%"
"05/16/2012","1,582.00","1,590.00","1,590.00","1,578.00","","0.19%"
"05/15/2012","1,579.00","1,590.00","1,590.00","1,577.00","","-0.06%"
"05/14/2012","1,580.00","1,590.00","1,590.00","1,575.00","","0.13%"
"05/11/2012","1,578.00","1,590.00","1,590.00","1,574.00","","-0.06%"
"05/10/2012","1,579.00","1,590.00","1,590.00","1,574.00","","-0.06%"
"05/09/2012","1,580.00","1,590.00","1,590.00","1,575.00","","-0.06%"
"05/08/2012","1,581.00","1,590.00","1,590.00","1,575.00","","-0.19%"
"05/07/2012","1,584.00","1,590.00","1,593.00","1,578.00","","0.13%"
"05/04/2012","1,582.00","1,590.00","1,590.00","1,579.00","","-0.06%"
"05/03/2012","1,583.00","1,590.00","1,590.00","1,583.00","","-0.13%"
"05/02/2012","1,585.00","1,590.00","1,590.00","1,583.00","","-0.16%"
"05/01/2012","1,587.50","1,587.50","1,587.50","1,587.50","","0.16%"
"04/30/2012","1,585.00","1,590.00","1,590.00","1,585.00","","-0.03%"
"04/27/2012","1,585.50","1,589.50","1,589.50","1,584.50","","0.03%"
"04/26/2012","1,585.00","1,590.00","1,590.00","1,585.00","","0.00%"
"04/25/2012","1,585.00","1,590.00","1,590.00","1,580.00","","0.00%"
"04/24/2012","1,585.00","1,590.00","1,592.00","1,580.00","","-0.06%"
"04/23/2012","1,586.00","1,590.00","1,591.00","1,580.00","","0.06%"
"04/20/2012","1,585.00","1,590.00","1,591.00","1,580.00","","-0.16%"
"04/19/2012","1,587.50","1,587.50","1,587.50","1,577.50","","0.00%"
"04/18/2012","1,587.50","1,584.50","1,587.50","1,581.50","","0.03%"
"04/17/2012","1,587.00","1,585.00","1,588.00","1,578.00","","0.25%"
"04/16/2012","1,583.00","1,587.00","1,590.00","1,580.00","","-0.13%"
"04/13/2012","1,585.00","1,587.00","1,588.00","1,580.00","","0.13%"
"04/12/2012","1,583.00","1,587.00","1,587.00","1,580.00","","0.00%"
"04/11/2012","1,583.00","1,587.00","1,588.00","1,580.00","","-0.06%"
"04/10/2012","1,584.00","1,587.00","1,588.00","1,580.00","","0.00%"
"04/09/2012","1,584.00","1,586.00","1,586.00","1,584.00","","-0.31%"
"04/06/2012","1,589.00","1,587.00","1,589.00","1,587.00","","0.38%"
"04/05/2012","1,583.00","1,587.00","1,590.00","1,578.00","","-0.50%"
"04/04/2012","1,591.00","1,593.00","1,593.00","1,584.00","","-0.13%"
"04/03/2012","1,593.00","1,593.00","1,596.00","1,583.00","","0.00%"
"04/02/2012","1,593.00","1,593.00","1,597.00","1,589.00","","0.00%"
"03/30/2012","1,593.00","1,597.00","1,597.00","1,590.00","","0.06%"
"03/29/2012","1,592.00","1,595.00","1,598.00","1,590.00","","-0.19%"
"03/28/2012","1,595.00","1,594.00","1,598.00","1,592.00","","0.06%"
"03/27/2012","1,594.00","1,595.00","1,599.00","1,592.00","","-0.03%"
"03/26/2012","1,594.50","1,594.50","1,598.50","1,590.50","","0.16%"
"03/23/2012","1,592.00","1,598.00","1,598.00","1,592.00","","0.00%"
"03/22/2012","1,592.00","1,599.00","1,599.00","1,592.00","","0.00%"
"03/21/2012","1,592.00","1,599.00","1,599.00","1,592.00","","-0.19%"
"03/20/2012","1,595.00","1,595.00","1,599.00","1,592.00","","0.06%"
"03/19/2012","1,594.00","1,598.00","1,598.00","1,592.00","","-0.06%"
"03/16/2012","1,595.00","1,595.00","1,598.00","1,593.00","","0.13%"
"03/15/2012","1,593.00","1,595.00","1,600.00","1,591.00","","-0.13%"
"03/14/2012","1,595.00","1,597.00","1,600.00","1,593.00","","0.00%"
"03/13/2012","1,595.00","1,600.00","1,600.00","1,588.00","","0.00%"
"03/12/2012","1,595.00","1,600.00","1,600.00","1,588.00","","0.19%"
"03/09/2012","1,592.00","1,593.00","1,600.00","1,591.00","","-0.19%"
"03/08/2012","1,595.00","1,600.00","1,600.00","1,588.00","","0.00%"
"03/07/2012","1,595.00","1,600.00","1,600.00","1,593.00","","-0.31%"
"03/06/2012","1,600.00","1,600.00","1,600.00","1,591.00","","0.00%"
"03/05/2012","1,600.00","1,591.00","1,600.00","1,588.00","","0.00%"
"03/02/2012","1,600.00","1,591.00","1,600.00","1,590.00","","0.00%"
"03/01/2012","1,600.00","1,600.00","1,600.00","1,588.00","","0.00%"
"02/29/2012","1,600.00","1,588.00","1,600.00","1,588.00","","0.00%"
"02/28/2012","1,600.00","1,590.00","1,600.00","1,588.00","","0.00%"
"02/27/2012","1,600.00","1,594.00","1,600.00","1,588.00","","0.00%"
"02/24/2012","1,600.00","1,600.00","1,600.00","1,589.00","","0.00%"
"02/23/2012","1,600.00","1,594.00","1,600.00","1,591.00","","0.25%"
"02/22/2012","1,596.00","1,593.00","1,601.00","1,593.00","","0.19%"
"02/21/2012","1,593.00","1,595.00","1,605.00","1,593.00","","-0.13%"
"02/20/2012","1,595.00","1,600.00","1,600.00","1,593.00","","-0.31%"
"02/17/2012","1,600.00","1,594.00","1,601.00","1,591.00","","0.38%"
"02/16/2012","1,594.00","1,590.00","1,600.00","1,590.00","","-0.03%"
"02/15/2012","1,594.50","1,587.50","1,594.50","1,587.50","","0.13%"
"02/14/2012","1,592.50","1,597.50","1,602.50","1,591.50","","-0.31%"
"02/13/2012","1,597.50","1,595.50","1,599.50","1,591.50","","0.41%"
"02/10/2012","1,591.00","1,595.00","1,597.00","1,589.00","","-0.41%"
"02/09/2012","1,597.50","1,596.50","1,599.50","1,590.50","","0.00%"
"02/08/2012","1,597.50","1,596.50","1,599.50","1,591.50","","0.00%"
"02/07/2012","1,597.50","1,596.50","1,599.50","1,592.50","","0.47%"
"02/06/2012","1,590.00","1,594.00","1,597.00","1,589.00","","-0.31%"
"02/03/2012","1,595.00","1,594.00","1,597.00","1,588.00","","0.31%"
"02/02/2012","1,590.00","1,600.00","1,600.00","1,590.00","","-0.13%"
"02/01/2012","1,592.00","1,592.00","1,600.00","1,590.00","","0.00%"
"01/31/2012","1,592.00","1,600.00","1,600.00","1,590.00","","-0.44%"
"01/30/2012","1,599.00","1,599.00","1,602.50","1,597.00","","0.06%"
"01/27/2012","1,598.00","1,598.00","1,604.00","1,595.00","","0.00%"
"01/26/2012","1,598.00","1,591.00","1,602.00","1,591.00","","0.06%"
"01/25/2012","1,597.00","1,591.00","1,603.00","1,591.00","","1.08%"
"01/24/2012","1,580.00","1,591.00","1,603.00","1,580.00","","-0.75%"
"01/23/2012","1,592.00","1,591.00","1,604.00","1,585.00","","0.44%"
"01/20/2012","1,585.00","1,590.00","1,603.00","1,585.00","","-0.31%"
"01/19/2012","1,590.00","1,590.00","1,598.00","1,590.00","","-0.28%"
"01/18/2012","1,594.50","1,589.50","1,609.50","1,580.50","","-0.03%"
"01/17/2012","1,595.00","1,590.00","1,600.00","1,583.00","","0.76%"
"01/16/2012","1,583.00","1,590.00","1,590.00","1,582.00","","0.19%"
"01/13/2012","1,580.00","1,590.00","1,590.00","1,580.00","","0.00%"
"01/12/2012","1,580.00","1,590.00","1,590.00","1,580.00","","-0.06%"
"01/11/2012","1,581.00","1,590.00","1,590.00","1,580.00","","-0.13%"
"01/10/2012","1,583.00","1,590.00","1,590.00","1,580.00","","-0.31%"
"01/09/2012","1,588.00","1,590.00","1,595.00","1,585.00","","-0.13%"
"01/06/2012","1,590.00","1,590.00","1,593.00","1,588.00","","0.00%"
"01/05/2012","1,590.00","1,590.00","1,595.00","1,585.00","","0.32%"
"01/04/2012","1,585.00","1,590.00","1,590.00","1,580.00","","0.00%"
"01/03/2012","1,585.00","1,590.00","1,605.00","1,580.00","","0.13%"
"01/02/2012","1,583.00","1,590.00","1,590.00","1,580.00","","0.06%"
"12/30/2011","1,582.00","1,590.00","1,605.00","1,580.00","","0.13%"
"12/29/2011","1,580.00","1,590.00","1,592.00","1,575.00","","-0.25%"
"12/28/2011","1,584.00","1,590.00","1,605.00","1,583.00","","-0.69%"
"12/27/2011","1,595.00","1,590.00","1,605.00","1,590.00","","0.31%"
"12/26/2011","1,590.00","1,590.00","1,590.00","1,590.00","","0.00%"
"12/23/2011","1,590.00","1,590.00","1,600.00","1,585.00","","0.19%"
"12/22/2011","1,587.00","1,590.00","1,593.00","1,584.00","","0.13%"
"12/21/2011","1,585.00","1,590.00","1,595.00","1,585.00","","0.00%"
"12/20/2011","1,585.00","1,598.00","1,598.00","1,580.00","","-0.94%"
"12/19/2011","1,600.00","1,611.00","1,611.00","1,595.00","","-0.62%"
"12/16/2011","1,610.00","1,605.00","1,615.00","1,600.00","","0.00%"
"12/15/2011","1,610.00","1,605.00","1,615.00","1,583.00","","0.31%"
"12/14/2011","1,605.00","1,605.00","1,610.00","1,598.00","","0.00%"
"12/13/2011","1,605.00","1,615.00","1,615.00","1,605.00","","-0.93%"
"12/12/2011","1,620.00","1,610.00","1,635.00","1,610.00","","0.43%"
"12/09/2011","1,613.00","1,615.00","1,620.00","1,613.00","","-0.74%"
"12/08/2011","1,625.00","1,635.00","1,635.00","1,612.00","","-0.31%"
"12/07/2011","1,630.00","1,650.00","1,650.00","1,605.00","","-1.21%"
"12/06/2011","1,650.00","1,665.00","1,665.00","1,639.00","","-0.90%"
"12/05/2011","1,665.00","1,665.00","1,683.00","1,660.00","","0.00%"
"12/02/2011","1,665.00","1,683.00","1,683.00","1,662.00","","-1.07%"
"12/01/2011","1,683.00","1,683.00","1,685.00","1,672.00","","0.00%"
"11/30/2011","1,683.00","1,685.00","1,685.00","1,679.00","","-0.12%"
"11/29/2011","1,685.00","1,685.00","1,692.00","1,683.00","","0.00%"
"11/28/2011","1,685.00","1,690.00","1,695.00","1,682.00","","-0.30%"
"11/25/2011","1,690.00","1,705.00","1,705.00","1,683.00","","-0.88%"
"11/24/2011","1,705.00","1,705.00","1,711.00","1,700.00","","-0.15%"
"11/23/2011","1,707.50","1,702.50","1,707.50","1,692.50","","0.44%"
"11/22/2011","1,700.00","1,711.00","1,711.00","1,695.00","","-0.64%"
"11/21/2011","1,711.00","1,705.00","1,725.00","1,705.00","","-0.52%"
"11/18/2011","1,720.00","1,720.00","1,727.00","1,705.00","","0.00%"
"11/17/2011","1,720.00","1,750.00","1,750.00","1,690.00","","-1.71%"
"11/16/2011","1,750.00","1,770.00","1,770.00","1,745.00","","-0.23%"
"11/15/2011","1,754.00","1,770.00","1,770.00","1,750.00","","-0.06%"
"11/14/2011","1,755.00","1,770.00","1,770.00","1,750.00","","0.06%"
"11/11/2011","1,754.00","1,770.00","1,770.00","1,750.00","","-0.06%"
"11/10/2011","1,755.00","1,770.00","1,770.00","1,738.00","","-0.28%"
"11/09/2011","1,760.00","1,772.00","1,775.00","1,750.00","","-0.68%"
"11/08/2011","1,772.00","1,775.00","1,780.00","1,758.00","","-0.45%"
"11/07/2011","1,780.00","1,775.00","1,785.00","1,735.00","","0.28%"
"11/04/2011","1,775.00","1,775.00","1,785.00","1,758.00","","0.97%"
"11/03/2011","1,758.00","1,775.00","1,795.00","1,750.00","","-0.96%"
"11/02/2011","1,775.00","1,818.00","1,821.00","1,765.00","","-1.39%"
"11/01/2011","1,800.00","1,705.00","1,810.00","1,705.00","","4.35%"
"10/31/2011","1,725.00","1,640.00","1,755.00","1,640.00","","5.18%"
"10/28/2011","1,640.00","1,818.00","1,855.00","1,635.00","","-9.64%"
"10/27/2011","1,815.00","1,785.00","1,825.00","1,785.00","","1.68%"
"10/26/2011","1,785.00","1,750.00","1,798.00","1,735.00","","2.00%"
"10/25/2011","1,750.00","1,727.00","1,760.00","1,727.00","","1.33%"
"10/24/2011","1,727.00","1,710.00","1,750.00","1,706.00","","0.99%"
"10/21/2011","1,710.00","1,706.00","1,730.00","1,706.00","","0.00%"
"10/20/2011","1,710.00","1,706.00","1,720.00","1,705.00","","0.00%"
"10/19/2011","1,710.00","1,705.00","1,714.00","1,700.00","","0.41%"
"10/18/2011","1,703.00","1,700.00","1,715.00","1,693.00","","0.18%"
"10/17/2011","1,700.00","1,701.00","1,710.00","1,690.00","","-0.29%"
"10/14/2011","1,705.00","1,697.00","1,705.00","1,695.00","","0.59%"
"10/13/2011","1,695.00","1,707.00","1,707.00","1,689.00","","-0.94%"
"10/12/2011","1,711.00","1,707.00","1,711.00","1,695.00","","-0.23%"
"10/11/2011","1,715.00","1,700.00","1,715.00","1,699.00","","0.85%"
"10/10/2011","1,700.50","1,702.50","1,722.50","1,700.50","","-0.50%"
"10/07/2011","1,709.00","1,686.00","1,712.00","1,670.00","","1.18%"
"10/06/2011","1,689.00","1,678.00","1,690.00","1,663.00","","0.12%"
"10/05/2011","1,687.00","1,667.00","1,690.00","1,655.00","","0.48%"
"10/04/2011","1,679.00","1,663.00","1,680.00","1,655.00","","0.60%"
"10/03/2011","1,669.00","1,657.00","1,672.00","1,645.00","","0.36%"
"09/30/2011","1,663.00","1,660.00","1,663.00","1,637.00","","-0.39%"
"09/29/2011","1,669.50","1,672.50","1,672.50","1,647.50","","-0.18%"
"09/28/2011","1,672.50","1,677.50","1,684.50","1,657.50","","-0.74%"
"09/27/2011","1,685.00","1,660.00","1,686.00","1,660.00","","0.42%"
"09/26/2011","1,678.00","1,637.00","1,678.00","1,637.00","","1.39%"
"09/23/2011","1,655.00","1,637.00","1,655.00","1,637.00","","0.55%"
"09/22/2011","1,646.00","1,640.00","1,646.00","1,637.00","","0.18%"
"09/21/2011","1,643.00","1,638.00","1,643.00","1,634.00","","0.12%"
"09/20/2011","1,641.00","1,637.00","1,641.00","1,637.00","","0.00%"
"09/19/2011","1,641.00","1,638.00","1,641.00","1,634.00","","0.34%"
"09/16/2011","1,635.50","1,634.50","1,638.50","1,631.50","","-0.27%"
"09/15/2011","1,640.00","1,637.00","1,644.00","1,637.00","","0.06%"
"09/14/2011","1,639.00","1,627.00","1,645.00","1,627.00","","0.09%"
"09/13/2011","1,637.50","1,624.50","1,642.50","1,622.50","","0.18%"
"09/12/2011","1,634.50","1,632.50","1,642.50","1,624.50","","0.12%"
"09/09/2011","1,632.50","1,624.50","1,635.50","1,622.50","","0.15%"
"09/08/2011","1,630.00","1,627.00","1,632.00","1,626.00","","0.40%"
"09/07/2011","1,623.50","1,624.50","1,627.50","1,623.50","","0.00%"
"09/06/2011","1,623.50","1,624.50","1,627.50","1,620.50","","0.06%"
"09/05/2011","1,622.50","1,621.50","1,625.50","1,619.50","","-0.03%"
"09/02/2011","1,623.00","1,622.00","1,625.00","1,622.00","","0.22%"
"09/01/2011","1,619.50","1,619.50","1,620.50","1,617.50","","0.00%"
"08/31/2011","1,619.50","1,619.50","1,627.50","1,615.50","","-0.18%"
"08/30/2011","1,622.50","1,620.50","1,623.50","1,617.50","","0.12%"
"08/29/2011","1,620.50","1,622.50","1,624.50","1,617.50","","-0.12%"
"08/26/2011","1,622.50","1,622.50","1,623.50","1,621.50","","0.03%"
"08/25/2011","1,622.00","1,622.00","1,624.00","1,620.00","","-0.09%"
"08/24/2011","1,623.50","1,623.50","1,624.50","1,620.50","","-0.15%"
"08/23/2011","1,626.00","1,627.00","1,628.00","1,624.00","","0.31%"
"08/22/2011","1,621.00","1,621.00","1,625.00","1,610.00","","-0.03%"
"08/19/2011","1,621.50","1,624.50","1,625.50","1,621.50","","-0.34%"
"08/18/2011","1,627.00","1,625.00","1,632.00","1,625.00","","0.12%"
"08/17/2011","1,625.00","1,627.00","1,631.06","1,625.00","","0.15%"
"08/16/2011","1,622.50","1,624.50","1,627.50","1,622.50","","0.00%"
"08/15/2011","1,622.50","1,617.50","1,625.50","1,617.50","","-0.09%"
"08/12/2011","1,624.00","1,621.00","1,624.00","1,613.00","","0.31%"
"08/11/2011","1,619.00","1,617.00","1,621.00","1,608.00","","0.56%"
"08/10/2011","1,610.00","1,620.00","1,621.00","1,610.00","","-0.46%"
"08/09/2011","1,617.50","1,599.50","1,618.50","1,599.50","","0.78%"
"08/08/2011","1,605.00","1,602.00","1,605.00","1,600.00","","0.16%"
"08/05/2011","1,602.50","1,593.50","1,603.50","1,593.50","","0.03%"
"08/04/2011","1,602.00","1,593.00","1,605.00","1,592.00","","0.75%"
"08/03/2011","1,590.00","1,591.00","1,594.00","1,586.00","","-0.38%"
"08/02/2011","1,596.00","1,596.00","1,596.00","1,565.00","","0.16%"
"08/01/2011","1,593.50","1,589.50","1,595.50","1,587.50","","0.22%"
"07/29/2011","1,590.00","1,586.00","1,595.00","1,563.00","","-0.03%"
"07/28/2011","1,590.50","1,562.50","1,594.50","1,562.50","","1.63%"
"07/27/2011","1,565.00","1,565.00","1,586.00","1,565.00","","-0.51%"
"07/26/2011","1,573.00","1,565.00","1,580.00","1,565.00","","0.51%"
"07/25/2011","1,565.00","1,565.00","1,570.00","1,565.00","","0.00%"
"07/22/2011","1,565.00","1,565.00","1,575.00","1,558.00","","0.00%"
"07/21/2011","1,565.00","1,565.00","1,580.00","1,560.00","","-0.95%"
"07/20/2011","1,580.00","1,565.00","1,580.00","1,555.00","","0.96%"
"07/19/2011","1,565.00","1,559.00","1,573.00","1,553.00","","1.13%"
"07/18/2011","1,547.50","1,552.50","1,557.50","1,545.50","","-0.74%"
"07/15/2011","1,559.00","1,565.00","1,567.00","1,553.00","","-0.89%"
"07/14/2011","1,573.00","1,566.00","1,573.00","1,565.00","","0.61%"
"07/13/2011","1,563.50","1,575.50","1,575.50","1,557.50","","-0.76%"
"07/12/2011","1,575.50","1,581.50","1,582.50","1,561.50","","-1.22%"
"07/11/2011","1,595.00","1,595.00","1,598.00","1,570.00","","-0.19%"
"07/08/2011","1,598.00","1,615.00","1,615.00","1,594.00","","-0.90%"
"07/07/2011","1,612.50","1,612.50","1,612.50","1,612.50","","0.00%"
"07/06/2011","1,612.50","1,612.50","1,612.50","1,589.50","","-0.15%"
"07/05/2011","1,615.00","1,623.00","1,624.00","1,615.00","","-0.34%"
"07/04/2011","1,620.50","1,621.50","1,624.50","1,617.50","","0.00%"
"07/01/2011","1,620.50","1,614.50","1,622.50","1,614.50","","0.37%"
"06/30/2011","1,614.50","1,618.50","1,619.50","1,612.50","","-0.25%"
"06/29/2011","1,618.50","1,615.50","1,621.50","1,609.50","","0.19%"
"06/28/2011","1,615.50","1,609.50","1,616.50","1,604.50","","0.37%"
"06/27/2011","1,609.50","1,599.50","1,611.50","1,599.50","","0.63%"
"06/24/2011","1,599.50","1,599.50","1,611.50","1,599.50","","-0.59%"
"06/23/2011","1,609.00","1,604.00","1,610.00","1,602.00","","0.59%"
"06/22/2011","1,599.50","1,597.50","1,607.50","1,592.50","","-0.03%"
"06/21/2011","1,600.00","1,572.00","1,605.00","1,572.00","","0.63%"
"06/20/2011","1,590.00","1,572.00","1,593.00","1,572.00","","-0.06%"
"06/17/2011","1,591.00","1,572.00","1,593.00","1,572.00","","0.00%"
"06/16/2011","1,591.00","1,572.00","1,591.00","1,562.00","","1.37%"
"06/15/2011","1,569.50","1,569.50","1,571.50","1,562.50","","-0.35%"
"06/14/2011","1,575.00","1,570.00","1,575.00","1,555.00","","0.32%"
"06/13/2011","1,570.00","1,582.00","1,582.00","1,560.00","","-0.63%"
"06/10/2011","1,580.00","1,598.00","1,598.00","1,574.00","","-1.25%"
"06/09/2011","1,600.00","1,575.00","1,600.00","1,572.00","","1.59%"
"06/08/2011","1,575.00","1,572.00","1,577.00","1,560.00","","0.35%"
"06/07/2011","1,569.50","1,564.50","1,571.50","1,552.50","","0.32%"
"06/06/2011","1,564.50","1,556.50","1,566.50","1,552.50","","0.51%"
"06/03/2011","1,556.50","1,549.50","1,556.50","1,547.50","","0.29%"
"06/02/2011","1,552.00","1,545.00","1,555.00","1,538.00","","0.32%"
"06/01/2011","1,547.00","1,549.00","1,549.00","1,538.00","","-0.13%"
"05/31/2011","1,549.00","1,538.00","1,549.00","1,534.00","","0.55%"
"05/30/2011","1,540.50","1,542.50","1,550.50","1,532.50","","-0.64%"
"05/27/2011","1,550.50","1,543.50","1,558.50","1,543.50","","0.29%"
"05/26/2011","1,546.00","1,537.00","1,549.00","1,536.00","","0.39%"
"05/25/2011","1,540.00","1,537.00","1,540.00","1,534.00","","0.13%"
"05/24/2011","1,538.00","1,537.00","1,538.00","1,536.00","","0.23%"
"05/23/2011","1,534.50","1,534.50","1,537.50","1,531.50","","0.00%"
"05/20/2011","1,534.50","1,534.50","1,538.50","1,522.50","","0.00%"
"05/19/2011","1,534.50","1,522.50","1,537.50","1,522.50","","0.79%"
"05/18/2011","1,522.50","1,522.50","1,526.50","1,522.50","","-0.36%"
"05/17/2011","1,528.00","1,525.00","1,530.00","1,524.00","","0.13%"
"05/16/2011","1,526.00","1,525.00","1,529.00","1,520.00","","0.23%"
"05/13/2011","1,522.50","1,521.50","1,527.50","1,513.50","","0.33%"
"05/12/2011","1,517.50","1,517.50","1,520.50","1,515.50","","-0.30%"
"05/11/2011","1,522.00","1,520.00","1,522.00","1,515.00","","0.30%"
"05/10/2011","1,517.50","1,510.50","1,517.50","1,510.50","","0.17%"
"05/09/2011","1,515.00","1,513.00","1,521.00","1,513.00","","0.30%"
"05/06/2011","1,510.50","1,510.50","1,521.50","1,507.50","","-0.63%"
"05/05/2011","1,520.00","1,516.00","1,520.00","1,513.00","","0.63%"
"05/04/2011","1,510.50","1,510.50","1,516.50","1,510.50","","0.00%"
"05/03/2011","1,510.50","1,510.50","1,513.50","1,510.50","","0.00%"
"05/02/2011","1,510.50","1,510.50","1,512.50","1,497.50","","0.00%"
"04/29/2011","1,510.50","1,507.50","1,513.50","1,507.50","","0.20%"
"04/28/2011","1,507.50","1,507.50","1,512.50","1,497.50","","0.00%"
"04/27/2011","1,507.50","1,507.50","1,511.50","1,505.50","","0.00%"
"04/26/2011","1,507.50","1,507.50","1,507.50","1,502.50","","-0.43%"
"04/25/2011","1,514.00","1,510.00","1,515.00","1,510.00","","0.43%"
"04/22/2011","1,507.50","1,507.50","1,507.50","1,507.50","","-0.33%"
"04/21/2011","1,512.50","1,507.50","1,514.50","1,507.50","","0.33%"
"04/20/2011","1,507.50","1,509.50","1,515.50","1,506.50","","-0.33%"
"04/19/2011","1,512.50","1,511.50","1,512.50","1,507.50","","-0.17%"
"04/18/2011","1,515.00","1,510.00","1,515.00","1,500.00","","0.50%"
"04/15/2011","1,507.50","1,510.50","1,513.50","1,497.50","","-0.20%"
"04/14/2011","1,510.50","1,513.50","1,513.50","1,507.50","","0.00%"
"04/13/2011","1,510.50","1,512.50","1,512.50","1,510.50","","-0.30%"
"04/12/2011","1,515.00","1,513.00","1,517.00","1,510.00","","-0.13%"
"04/11/2011","1,517.00","1,507.00","1,517.00","1,507.00","","0.83%"
"04/08/2011","1,504.50","1,504.50","1,512.50","1,504.50","","-0.17%"
"04/07/2011","1,507.00","1,507.00","1,507.00","1,507.00","","0.17%"
"04/06/2011","1,504.50","1,502.50","1,508.50","1,502.50","","-0.20%"
"04/05/2011","1,507.50","1,506.50","1,507.50","1,504.50","","-0.17%"
"04/04/2011","1,510.00","1,508.00","1,510.00","1,506.00","","0.57%"
"04/01/2011","1,501.50","1,500.50","1,507.50","1,500.50","","0.07%"
"03/31/2011","1,500.50","1,498.50","1,505.50","1,498.50","","-0.43%"
"03/30/2011","1,507.00","1,508.00","1,511.00","1,504.00","","0.17%"
"03/29/2011","1,504.50","1,505.50","1,507.50","1,502.50","","-0.23%"
"03/28/2011","1,508.00","1,499.00","1,510.00","1,498.00","","0.33%"
"03/25/2011","1,503.00","1,498.00","1,503.00","1,498.00","","0.20%"
"03/24/2011","1,500.00","1,505.00","1,505.00","1,495.00","","-0.73%"
"03/23/2011","1,511.00","1,508.00","1,511.00","1,502.00","","0.37%"
"03/22/2011","1,505.50","1,504.50","1,507.50","1,502.50","","-0.13%"
"03/21/2011","1,507.50","1,505.50","1,507.50","1,497.50","","0.13%"
"03/18/2011","1,505.50","1,507.50","1,507.50","1,504.50","","-0.43%"
"03/17/2011","1,512.00","1,512.00","1,515.00","1,500.00","","0.30%"
"03/16/2011","1,507.50","1,513.50","1,520.50","1,497.50","","-0.69%"
"03/15/2011","1,518.00","1,520.00","1,525.00","1,514.00","","-0.26%"
"03/14/2011","1,522.00","1,517.00","1,523.00","1,515.00","","0.00%"
"03/11/2011","1,522.00","1,510.00","1,522.00","1,506.00","","0.40%"
"03/10/2011","1,516.00","1,516.00","1,516.00","1,510.00","","-0.20%"
"03/09/2011","1,519.00","1,514.00","1,519.00","1,511.00","","0.00%"
"03/08/2011","1,519.00","1,517.00","1,519.00","1,514.00","","0.00%"
"03/07/2011","1,519.00","1,514.00","1,519.00","1,514.00","","0.00%"
"03/04/2011","1,519.00","1,520.00","1,520.00","1,514.00","","-0.20%"
"03/03/2011","1,522.00","1,520.00","1,522.00","1,517.00","","-0.07%"
"03/02/2011","1,523.00","1,523.00","1,523.00","1,518.00","","0.16%"
"03/01/2011","1,520.50","1,517.50","1,520.50","1,517.50","","-0.10%"
"02/28/2011","1,522.00","1,515.00","1,523.00","1,500.00","","0.07%"
"02/25/2011","1,521.00","1,515.00","1,522.00","1,515.00","","0.07%"
"02/24/2011","1,520.00","1,515.00","1,520.00","1,510.00","","0.50%"
"02/23/2011","1,512.50","1,515.50","1,516.50","1,510.50","","-0.20%"
"02/22/2011","1,515.50","1,508.50","1,517.50","1,508.50","","0.46%"
"02/21/2011","1,508.50","1,512.50","1,517.50","1,506.50","","0.00%"
"02/18/2011","1,508.50","1,500.50","1,512.50","1,500.50","","-0.10%"
"02/17/2011","1,510.00","1,503.00","1,511.00","1,503.00","","0.27%"
"02/16/2011","1,506.00","1,500.00","1,506.00","1,500.00","","0.37%"
"02/15/2011","1,500.50","1,502.50","1,506.50","1,500.50","","-0.13%"
"02/14/2011","1,502.50","1,499.50","1,503.50","1,497.50","","0.20%"
"02/11/2011","1,499.50","1,502.50","1,502.50","1,497.50","","-0.20%"
"02/10/2011","1,502.50","1,500.50","1,505.50","1,500.50","","-0.17%"
"02/09/2011","1,505.00","1,510.00","1,510.00","1,500.00","","-0.27%"
"02/08/2011","1,509.00","1,510.00","1,511.00","1,505.00","","0.10%"
"02/07/2011","1,507.50","1,507.50","1,508.50","1,500.50","","0.00%"
"02/04/2011","1,507.50","1,507.50","1,507.50","1,505.50","","0.00%"
"02/03/2011","1,507.50","1,507.50","1,507.50","1,497.50","","0.00%"
"02/02/2011","1,507.50","1,507.50","1,507.50","1,497.50","","0.00%"
"02/01/2011","1,507.50","1,502.50","1,507.50","1,497.50","","0.17%"
"01/31/2011","1,505.00","1,498.00","1,508.00","1,498.00","","0.64%"
"01/28/2011","1,495.50","1,497.50","1,502.50","1,495.50","","-0.23%"
"01/27/2011","1,499.00","1,515.00","1,515.00","1,499.00","","-0.96%"
"01/26/2011","1,513.50","1,513.50","1,516.50","1,494.50","","0.00%"
"01/25/2011","1,513.50","1,507.50","1,518.50","1,502.50","","0.56%"
"01/24/2011","1,505.00","1,509.00","1,517.00","1,505.00","","-0.03%"
"01/21/2011","1,505.50","1,494.50","1,506.50","1,491.50","","0.67%"
"01/20/2011","1,495.50","1,495.50","1,502.50","1,492.50","","0.00%"
"01/19/2011","1,495.50","1,482.50","1,496.50","1,482.50","","0.71%"
"01/18/2011","1,485.00","1,485.00","1,502.00","1,485.00","","0.17%"
"01/17/2011","1,482.50","1,472.50","1,488.50","1,472.50","","0.17%"
"01/14/2011","1,480.00","1,475.00","1,483.00","1,475.00","","0.34%"
"01/13/2011","1,475.00","1,480.00","1,490.00","1,475.00","","0.00%"
"01/12/2011","1,475.00","1,475.00","1,482.00","1,475.00","","0.00%"
"01/11/2011","1,475.00","1,475.00","1,495.00","1,470.00","","0.00%"
"01/10/2011","1,475.00","1,475.00","1,490.00","1,468.00","","0.00%"
"01/07/2011","1,475.00","1,470.00","1,480.00","1,450.00","","0.34%"
"01/06/2011","1,470.00","1,473.00","1,478.00","1,455.00","","0.07%"
"01/05/2011","1,469.00","1,475.00","1,478.00","1,455.00","","-0.54%"
"01/04/2011","1,477.00","1,495.00","1,495.00","1,470.00","","-1.04%"
"01/03/2011","1,492.50","1,467.50","1,504.50","1,467.50","","0.86%"
"12/31/2010","1,479.75","1,459.25","1,507.25","1,459.25","","-0.02%"
"12/30/2010","1,480.00","1,462.00","1,487.00","1,462.00","","0.00%"
"12/29/2010","1,480.00","1,464.00","1,480.00","1,462.00","","1.40%"
"12/28/2010","1,459.50","1,459.50","1,468.50","1,434.50","","0.00%"
"12/27/2010","1,459.50","1,459.50","1,459.50","1,446.50","","0.00%"
"12/24/2010","1,459.50","1,462.50","1,464.50","1,457.50","","-0.03%"
"12/23/2010","1,460.00","1,475.00","1,475.00","1,450.00","","-1.02%"
"12/22/2010","1,475.00","1,453.00","1,475.00","1,450.00","","1.51%"
"12/21/2010","1,453.00","1,450.00","1,468.00","1,435.00","","0.38%"
"12/20/2010","1,447.50","1,427.50","1,450.50","1,427.50","","0.87%"
"12/17/2010","1,435.00","1,429.00","1,440.00","1,426.00","","0.63%"
"12/16/2010","1,426.00","1,437.00","1,440.00","1,422.00","","-0.97%"
"12/15/2010","1,440.00","1,450.00","1,480.00","1,438.00","","-0.66%"
"12/14/2010","1,449.50","1,467.50","1,477.50","1,445.50","","-2.06%"
"12/13/2010","1,480.00","1,476.00","1,490.00","1,464.00","","0.44%"
"12/10/2010","1,473.50","1,475.50","1,477.50","1,467.50","","-0.10%"
"12/09/2010","1,475.00","1,478.00","1,480.00","1,475.00","","-0.03%"
"12/08/2010","1,475.50","1,475.50","1,492.50","1,472.50","","-0.24%"
"12/07/2010","1,479.00","1,482.50","1,495.00","1,477.00","","-0.57%"
"12/06/2010","1,487.50","1,487.50","1,487.50","1,477.50","","0.27%"
"12/03/2010","1,483.50","1,485.50","1,486.50","1,479.50","","-0.13%"
"12/02/2010","1,485.50","1,482.50","1,488.50","1,482.50","","0.20%"
"12/01/2010","1,482.50","1,482.50","1,489.00","1,482.50","","0.00%"
"11/30/2010","1,482.50","1,482.50","1,488.50","1,480.50","","0.00%"
"11/29/2010","1,482.50","1,485.50","1,487.50","1,482.50","","0.00%"
"11/26/2010","1,482.50","1,482.50","1,492.50","1,481.50","","0.00%"
"11/25/2010","1,482.50","1,487.50","1,487.50","1,477.50","","-0.34%"
"11/24/2010","1,487.50","1,486.50","1,487.50","1,486.50","","0.07%"
"11/23/2010","1,486.50","1,482.50","1,492.50","1,482.50","","0.27%"
"11/22/2010","1,482.50","1,497.50","1,497.50","1,482.50","","-1.00%"
"11/19/2010","1,497.50","1,504.50","1,504.50","1,486.50","","-0.50%"
"11/18/2010","1,505.00","1,505.00","1,505.00","1,488.00","","0.00%"
"11/17/2010","1,505.00","1,505.00","1,505.00","1,505.00","","0.00%"
"11/16/2010","1,505.00","1,498.00","1,505.00","1,498.00","","-0.07%"
"11/15/2010","1,506.00","1,501.00","1,506.00","1,495.00","","0.57%"
"11/12/2010","1,497.50","1,492.50","1,497.50","1,489.50","","0.34%"
"11/11/2010","1,492.50","1,487.50","1,497.50","1,487.50","","0.34%"
"11/10/2010","1,487.50","1,489.50","1,497.50","1,487.50","","-0.13%"
"11/09/2010","1,489.50","1,493.50","1,497.50","1,484.50","","0.00%"
"11/08/2010","1,489.50","1,493.50","1,497.50","1,485.50","","-0.27%"
"11/05/2010","1,493.50","1,495.00","1,497.50","1,488.50","","-0.27%"
"11/04/2010","1,497.50","1,497.50","1,502.50","1,491.50","","0.00%"
"11/03/2010","1,497.50","1,497.50","1,502.50","1,494.50","","0.17%"
"11/02/2010","1,495.00","1,500.00","1,505.00","1,495.00","","-0.17%"
"11/01/2010","1,497.50","1,497.50","1,500.50","1,477.50","","0.20%"
"10/29/2010","1,494.50","1,497.50","1,497.50","1,492.50","","-0.20%"
"10/28/2010","1,497.50","1,497.50","1,502.50","1,494.50","","-0.33%"
"10/27/2010","1,502.50","1,502.50","1,502.50","1,492.50","","0.00%"
"10/26/2010","1,502.50","1,502.50","1,502.50","1,492.50","","0.50%"
"10/25/2010","1,495.00","1,505.00","1,513.00","1,495.00","","-0.50%"
"10/22/2010","1,502.50","1,501.50","1,502.50","1,497.50","","-0.17%"
"10/21/2010","1,505.00","1,496.00","1,505.00","1,495.00","","0.77%"
"10/20/2010","1,493.50","1,494.50","1,502.50","1,477.50","","-0.07%"
"10/19/2010","1,494.50","1,494.50","1,498.50","1,490.50","","0.00%"
"10/18/2010","1,494.50","1,496.50","1,496.50","1,477.50","","-0.03%"
"10/15/2010","1,495.00","1,505.00","1,505.00","1,483.00","","-0.40%"
"10/14/2010","1,501.00","1,505.00","1,520.00","1,483.00","","-0.07%"
"10/13/2010","1,502.00","1,505.00","1,509.00","1,500.00","","-0.20%"
"10/12/2010","1,505.00","1,505.00","1,510.00","1,500.00","","-0.36%"
"10/11/2010","1,510.50","1,478.50","1,517.50","1,490.50","","2.06%"
"10/08/2010","1,480.00","1,481.00","1,505.00","1,480.00","","0.10%"
"10/07/2010","1,478.50","1,479.50","1,507.50","1,478.50","","0.00%"
"10/06/2010","1,478.50","1,482.50","1,482.50","1,476.50","","-0.37%"
"10/05/2010","1,484.00","1,484.00","1,487.00","1,479.00","","0.27%"
"10/04/2010","1,480.00","1,495.00","1,495.00","1,475.00","","-0.84%"
"10/01/2010","1,492.50","1,495.50","1,497.50","1,487.50","","-0.50%"
"09/30/2010","1,500.00","1,503.00","1,505.00","1,500.00","","-0.33%"
"09/29/2010","1,505.00","1,513.00","1,517.00","1,504.00","","-0.53%"
"09/28/2010","1,513.00","1,515.00","1,523.00","1,512.00","","-0.16%"
"09/27/2010","1,515.50","1,512.50","1,522.50","1,510.50","","0.03%"
"09/24/2010","1,515.00","1,521.00","1,521.00","1,511.00","","-0.46%"
"09/23/2010","1,522.00","1,522.00","1,522.00","1,522.00","","0.63%"
"09/22/2010","1,512.50","1,522.50","1,522.50","1,512.50","","-0.20%"
"09/21/2010","1,515.50","1,516.50","1,519.50","1,511.50","","-0.13%"
"09/20/2010","1,517.50","1,516.50","1,517.50","1,512.50","","-0.23%"
"09/17/2010","1,521.00","1,519.00","1,521.00","1,519.00","","0.23%"
"09/16/2010","1,517.50","1,517.50","1,521.50","1,517.50","","0.00%"
"09/15/2010","1,517.50","1,517.50","1,517.50","1,516.50","","-0.16%"
"09/14/2010","1,520.00","1,520.00","1,523.00","1,519.00","","0.33%"
"09/13/2010","1,515.00","1,520.00","1,524.00","1,515.00","","-0.46%"
"09/10/2010","1,522.00","1,520.00","1,523.00","1,520.00","","0.30%"
"09/09/2010","1,517.50","1,521.50","1,521.50","1,512.50","","-0.43%"
"09/08/2010","1,524.00","1,521.00","1,525.00","1,521.00","","0.10%"
"09/07/2010","1,522.50","1,524.50","1,527.50","1,522.50","","0.03%"
"09/06/2010","1,522.00","1,523.00","1,525.00","1,521.00","","-0.07%"
"09/03/2010","1,523.00","1,525.00","1,530.10","1,522.00","","-0.13%"
"09/02/2010","1,525.00","1,523.00","1,530.00","1,523.00","","0.13%"
"09/01/2010","1,523.00","1,522.00","1,524.00","1,520.00","","0.07%"
"08/31/2010","1,522.00","1,526.00","1,526.00","1,520.00","","-0.20%"
"08/30/2010","1,525.00","1,525.00","1,525.00","1,520.00","","0.36%"
"08/27/2010","1,519.50","1,517.50","1,520.50","1,514.50","","-0.03%"
"08/26/2010","1,520.00","1,518.00","1,523.00","1,515.00","","0.00%"
"08/25/2010","1,520.00","1,518.00","1,521.00","1,513.00","","0.00%"
"08/24/2010","1,520.00","1,520.00","1,523.00","1,510.00","","0.00%"
"08/23/2010","1,520.00","1,522.00","1,523.00","1,520.00","","0.03%"
"08/20/2010","1,519.50","1,518.50","1,519.50","1,517.50","","-0.13%"
"08/19/2010","1,521.50","1,513.50","1,521.50","1,513.50","","0.00%"
"08/18/2010","1,521.50","1,521.50","1,521.50","1,512.50","","0.00%"
"08/17/2010","1,521.50","1,517.50","1,521.50","1,517.50","","0.26%"
"08/16/2010","1,517.50","1,511.50","1,522.50","1,502.50","","0.63%"
"08/13/2010","1,508.00","1,505.00","1,512.00","1,487.00","","0.37%"
"08/12/2010","1,502.50","1,517.50","1,518.50","1,497.50","","-0.99%"
"08/11/2010","1,517.50","1,524.50","1,524.50","1,517.50","","-0.46%"
"08/10/2010","1,524.50","1,520.50","1,524.50","1,520.50","","0.13%"
"08/09/2010","1,522.50","1,519.50","1,526.50","1,519.50","","-0.03%"
"08/06/2010","1,523.00","1,520.00","1,525.00","1,515.00","","0.20%"
"08/05/2010","1,520.00","1,518.00","1,525.00","1,518.00","","0.00%"
"08/04/2010","1,520.00","1,517.00","1,526.00","1,517.00","","-0.10%"
"08/03/2010","1,521.50","1,517.50","1,521.50","1,512.50","","0.10%"
"08/02/2010","1,520.00","1,518.00","1,521.00","1,515.00","","0.20%"
"07/30/2010","1,517.00","1,520.00","1,521.00","1,505.00","","-0.03%"
"07/29/2010","1,517.50","1,517.50","1,518.50","1,504.50","","0.17%"
"07/28/2010","1,515.00","1,515.00","1,520.00","1,505.00","","0.17%"
"07/27/2010","1,512.50","1,502.50","1,512.50","1,482.50","","0.03%"
"07/26/2010","1,512.00","1,508.00","1,512.00","1,490.00","","1.14%"
"07/23/2010","1,495.00","1,502.00","1,512.00","1,495.00","","-0.47%"
"07/22/2010","1,502.00","1,499.00","1,507.00","1,485.00","","0.33%"
"07/21/2010","1,497.00","1,499.00","1,507.00","1,490.00","","-0.17%"
"07/20/2010","1,499.50","1,495.50","1,499.50","1,489.50","","0.17%"
"07/19/2010","1,497.00","1,493.00","1,499.00","1,493.00","","0.10%"
"07/16/2010","1,495.50","1,489.50","1,502.50","1,487.50","","0.17%"
"07/15/2010","1,493.00","1,495.00","1,495.00","1,485.00","","-0.10%"
"07/14/2010","1,494.50","1,499.50","1,499.50","1,485.50","","-0.33%"
"07/13/2010","1,499.50","1,502.50","1,502.50","1,496.50","","0.30%"
"07/12/2010","1,495.00","1,505.00","1,510.00","1,495.00","","0.00%"
"07/09/2010","1,495.00","1,502.00","1,508.00","1,495.00","","-0.99%"
"07/08/2010","1,510.00","1,505.00","1,510.00","1,485.00","","0.17%"
"07/07/2010","1,507.50","1,513.50","1,517.50","1,507.50","","-0.23%"
"07/06/2010","1,511.00","1,495.00","1,515.00","1,480.00","","1.27%"
"07/05/2010","1,492.00","1,480.00","1,502.00","1,475.00","","0.64%"
"07/02/2010","1,482.50","1,487.50","1,487.50","1,467.50","","-0.17%"
"07/01/2010","1,485.00","1,458.00","1,490.00","1,458.00","","0.85%"
"06/30/2010","1,472.50","1,472.50","1,472.50","1,462.50","","0.00%"
"06/29/2010","1,472.50","1,462.50","1,472.50","1,462.50","","0.44%"
"06/28/2010","1,466.00","1,458.00","1,471.00","1,456.00","","0.14%"
"06/25/2010","1,464.00","1,463.00","1,467.00","1,460.00","","0.27%"
"06/24/2010","1,460.00","1,465.00","1,466.00","1,455.00","","-0.17%"
"06/23/2010","1,462.50","1,454.50","1,462.50","1,452.50","","0.34%"
"06/22/2010","1,457.50","1,457.50","1,458.50","1,452.50","","-0.34%"
"06/21/2010","1,462.50","1,467.50","1,467.50","1,452.50","","-0.34%"
"06/18/2010","1,467.50","1,460.50","1,470.50","1,447.50","","-0.34%"
"06/17/2010","1,472.50","1,470.50","1,472.50","1,462.50","","-0.34%"
"06/16/2010","1,477.50","1,452.50","1,477.50","1,447.50","","1.37%"
"06/15/2010","1,457.50","1,457.50","1,457.50","1,451.50","","0.00%"
"06/14/2010","1,457.50","1,452.50","1,457.50","1,442.50","","0.21%"
"06/11/2010","1,454.50","1,457.50","1,457.50","1,442.50","","-0.21%"
"06/10/2010","1,457.50","1,450.50","1,457.50","1,447.50","","0.31%"
"06/09/2010","1,453.00","1,443.00","1,460.00","1,443.00","","0.87%"
"06/08/2010","1,440.50","1,432.50","1,453.50","1,432.50","","0.38%"
"06/07/2010","1,435.00","1,445.00","1,460.00","1,435.00","","-0.35%"
"06/04/2010","1,440.00","1,450.00","1,450.00","1,425.00","","-0.69%"
"06/03/2010","1,450.00","1,450.00","1,460.00","1,440.00","","0.00%"
"06/02/2010","1,450.00","1,465.00","1,465.00","1,400.00","","-0.85%"
"06/01/2010","1,462.50","1,442.50","1,472.50","1,432.50","","1.21%"
"05/31/2010","1,445.00","1,390.00","1,445.00","1,367.00","","2.66%"
"05/28/2010","1,407.50","1,482.50","1,497.50","1,397.50","","-4.90%"
"05/27/2010","1,480.00","1,521.00","1,532.00","1,475.00","","-2.70%"
"05/26/2010","1,521.00","1,500.00","1,530.00","1,495.00","","1.57%"
"05/25/2010","1,497.50","1,457.50","1,497.50","1,457.50","","2.39%"
"05/24/2010","1,462.50","1,467.50","1,482.50","1,462.50","","0.52%"
"05/21/2010","1,455.00","1,453.00","1,469.00","1,445.00","","0.31%"
"05/20/2010","1,450.50","1,432.50","1,452.50","1,432.50","","1.79%"
"05/19/2010","1,425.00","1,428.00","1,475.00","1,425.00","","-0.04%"
"05/18/2010","1,425.50","1,417.50","1,426.50","1,416.50","","0.56%"
"05/17/2010","1,417.50","1,414.50","1,423.50","1,402.50","","0.71%"
"05/14/2010","1,407.50","1,405.50","1,412.50","1,405.50","","-0.04%"
"05/13/2010","1,408.00","1,410.00","1,412.50","1,408.00","","0.39%"
"05/12/2010","1,402.50","1,405.50","1,412.50","1,397.50","","0.11%"
"05/11/2010","1,401.00","1,401.00","1,409.00","1,394.00","","0.25%"
"05/10/2010","1,397.50","1,394.50","1,398.50","1,392.50","","0.29%"
"05/07/2010","1,393.50","1,392.50","1,395.50","1,389.50","","0.07%"
"05/06/2010","1,392.50","1,394.50","1,394.50","1,382.50","","-0.14%"
"05/05/2010","1,394.50","1,389.50","1,394.50","1,387.50","","0.14%"
"05/04/2010","1,392.50","1,392.50","1,405.50","1,385.50","","0.00%"
"05/03/2010","1,392.50","1,383.50","1,395.50","1,382.50","","0.36%"
"04/30/2010","1,387.50","1,382.50","1,387.50","1,381.50","","0.36%"
"04/29/2010","1,382.50","1,380.50","1,382.50","1,372.50","","0.14%"
"04/28/2010","1,380.50","1,374.50","1,382.50","1,374.50","","0.44%"
"04/27/2010","1,374.50","1,381.50","1,381.50","1,364.50","","-0.76%"
"04/26/2010","1,385.00","1,375.00","1,385.00","1,375.00","","0.00%"
"04/23/2010","1,385.00","1,385.00","1,385.00","1,375.00","","0.00%"
"04/22/2010","1,385.00","1,389.00","1,389.00","1,380.00","","-0.07%"
"04/21/2010","1,386.00","1,375.00","1,386.00","1,359.00","","0.76%"
"04/20/2010","1,375.50","1,371.50","1,376.50","1,359.50","","0.33%"
"04/19/2010","1,371.00","1,364.00","1,371.00","1,357.00","","0.81%"
"04/16/2010","1,360.00","1,368.00","1,371.00","1,360.00","","0.00%"
"04/15/2010","1,360.00","1,369.00","1,371.00","1,354.00","","0.00%"
"04/14/2010","1,360.00","1,371.00","1,372.00","1,360.00","","0.00%"
"04/13/2010","1,360.00","1,360.00","1,372.00","1,360.00","","0.00%"
"04/12/2010","1,360.00","1,367.00","1,371.00","1,360.00","","0.00%"
"04/09/2010","1,360.00","1,368.00","1,370.00","1,360.00","","0.00%"
"04/08/2010","1,360.00","1,367.00","1,369.00","1,360.00","","0.37%"
"04/07/2010","1,355.00","1,358.00","1,358.00","1,355.00","","-0.22%"
"04/06/2010","1,358.00","1,365.00","1,368.00","1,358.00","","0.26%"
"04/05/2010","1,354.50","1,354.50","1,354.50","1,354.50","","0.00%"
"04/02/2010","1,354.50","1,354.50","1,354.50","1,354.50","","0.00%"
"04/01/2010","1,354.50","1,358.50","1,364.50","1,354.50","","-0.04%"
"03/31/2010","1,355.00","1,356.00","1,363.00","1,355.00","","0.07%"
"03/30/2010","1,354.00","1,351.00","1,361.00","1,351.00","","-0.04%"
"03/29/2010","1,354.50","1,357.50","1,360.50","1,352.50","","0.15%"
"03/26/2010","1,352.50","1,357.50","1,360.50","1,352.50","","-0.33%"
"03/25/2010","1,357.00","1,355.00","1,359.00","1,355.00","","0.11%"
"03/24/2010","1,355.50","1,360.50","1,360.50","1,355.50","","-0.15%"
"03/23/2010","1,357.50","1,360.50","1,360.50","1,357.50","","-0.22%"
"03/22/2010","1,360.50","1,358.50","1,363.50","1,357.50","","0.15%"
"03/19/2010","1,358.50","1,357.50","1,362.50","1,351.50","","0.07%"
"03/18/2010","1,357.50","1,356.50","1,361.50","1,351.50","","0.07%"
"03/17/2010","1,356.50","1,355.50","1,360.50","1,355.50","","0.07%"
"03/16/2010","1,355.50","1,356.50","1,358.50","1,355.50","","-0.11%"
"03/15/2010","1,357.00","1,334.50","1,359.50","1,334.50","","0.18%"
"03/12/2010","1,354.50","1,356.50","1,360.50","1,354.50","","0.00%"
"03/11/2010","1,354.50","1,357.50","1,359.50","1,354.50","","0.00%"
"03/10/2010","1,354.50","1,352.50","1,361.50","1,352.50","","-0.11%"
"03/09/2010","1,356.00","1,353.00","1,358.00","1,350.00","","0.22%"
"03/08/2010","1,353.00","1,350.00","1,354.00","1,347.00","","-0.18%"
"03/05/2010","1,355.50","1,355.50","1,363.50","1,348.50","","0.00%"
"03/04/2010","1,355.50","1,358.50","1,358.50","1,351.50","","0.07%"
"03/03/2010","1,354.50","1,354.50","1,358.50","1,342.50","","0.00%"
"03/02/2010","1,354.50","1,360.00","1,362.50","1,350.50","","-0.59%"
"03/01/2010","1,362.50","1,362.00","1,362.50","1,342.50","","0.00%"
"02/26/2010","1,362.50","1,362.50","1,364.50","1,342.50","","0.00%"
"02/25/2010","1,362.50","1,357.50","1,362.50","1,349.50","","0.41%"
"02/24/2010","1,357.00","1,356.00","1,357.00","1,349.00","","0.11%"
"02/23/2010","1,355.50","1,347.50","1,355.50","1,341.50","","0.41%"
"02/22/2010","1,350.00","1,349.00","1,352.00","1,337.00","","0.56%"
"02/19/2010","1,342.50","1,344.50","1,347.50","1,340.50","","0.00%"
"02/18/2010","1,342.50","1,347.50","1,349.50","1,334.50","","-0.56%"
"02/17/2010","1,350.00","1,350.00","1,353.00","1,337.00","","-0.04%"
"02/16/2010","1,350.50","1,350.50","1,351.50","1,333.50","","0.00%"
"02/15/2010","1,350.50","1,351.50","1,352.50","1,334.50","","-0.15%"
"02/12/2010","1,352.50","1,352.50","1,354.50","1,332.50","","0.00%"
"02/11/2010","1,352.50","1,347.50","1,353.50","1,347.50","","0.19%"
"02/10/2010","1,350.00","1,347.00","1,353.00","1,347.00","","0.07%"
"02/09/2010","1,349.00","1,352.00","1,356.00","1,349.00","","0.11%"
"02/08/2010","1,347.50","1,342.50","1,348.50","1,342.50","","0.22%"
"02/05/2010","1,344.50","1,346.50","1,348.50","1,334.50","","0.15%"
"02/04/2010","1,342.50","1,350.50","1,350.50","1,340.50","","-0.04%"
"02/03/2010","1,343.00","1,349.00","1,356.00","1,343.00","","0.04%"
"02/02/2010","1,342.50","1,343.50","1,349.50","1,339.50","","0.00%"
"02/01/2010","1,342.50","1,339.50","1,349.50","1,335.50","","0.52%"
"01/29/2010","1,335.50","1,344.50","1,345.50","1,334.50","","-0.52%"
"01/28/2010","1,342.50","1,347.50","1,348.50","1,341.50","","-0.44%"
"01/27/2010","1,348.50","1,339.50","1,349.50","1,339.50","","0.41%"
"01/26/2010","1,343.00","1,350.00","1,363.00","1,339.00","","-0.11%"
"01/25/2010","1,344.50","1,349.50","1,361.50","1,338.50","","-0.37%"
"01/22/2010","1,349.50","1,349.50","1,361.50","1,342.50","","0.00%"
"01/21/2010","1,349.50","1,361.50","1,362.50","1,337.50","","-0.81%"
"01/20/2010","1,360.50","1,349.50","1,364.50","1,344.50","","0.78%"
"01/19/2010","1,350.00","1,338.00","1,350.00","1,337.00","","0.41%"
"01/18/2010","1,344.50","1,340.50","1,345.50","1,334.50","","0.07%"
"01/15/2010","1,343.50","1,339.50","1,346.50","1,339.50","","0.26%"
"01/14/2010","1,340.00","1,340.00","1,344.00","1,335.00","","0.11%"
"01/13/2010","1,338.50","1,338.50","1,339.50","1,332.50","","0.45%"
"01/12/2010","1,332.50","1,332.50","1,332.50","1,332.50","","-0.34%"
"01/11/2010","1,337.00","1,337.00","1,341.00","1,335.00","","0.34%"
"01/08/2010","1,332.50","1,332.50","1,340.50","1,332.50","","0.00%"
"01/07/2010","1,332.50","1,337.50","1,337.50","1,330.50","","-0.04%"
"01/06/2010","1,333.00","1,335.00","1,338.00","1,327.00","","-0.11%"
"01/05/2010","1,334.50","1,332.50","1,340.50","1,322.50","","-0.04%"
"01/04/2010","1,335.00","1,337.00","1,343.00","1,335.00","","-0.34%"
"01/01/2010","1,339.50","1,339.50","1,339.50","1,339.50","","0.00%"
"12/31/2009","1,339.50","1,334.50","1,340.50","1,332.50","","0.07%"
"12/30/2009","1,338.50","1,337.50","1,338.50","1,331.50","","-0.07%"
"12/29/2009","1,339.50","1,329.50","1,340.50","1,327.50","","0.71%"
"12/28/2009","1,330.00","1,322.00","1,334.00","1,315.00","","0.80%"
"12/25/2009","1,319.50","1,319.50","1,319.50","1,319.50","","0.00%"
"12/24/2009","1,319.50","1,326.50","1,327.50","1,312.50","","-0.26%"
"12/23/2009","1,323.00","1,336.00","1,336.00","1,323.00","","-0.60%"
"12/22/2009","1,331.00","1,336.00","1,338.00","1,331.00","","-0.30%"
"12/21/2009","1,335.00","1,339.00","1,342.00","1,335.00","","-0.04%"
"12/18/2009","1,335.50","1,338.50","1,339.50","1,332.50","","-0.19%"
"12/17/2009","1,338.00","1,339.00","1,341.00","1,336.00","","-0.11%"
"12/16/2009","1,339.50","1,339.50","1,340.50","1,332.50","","0.04%"
"12/15/2009","1,339.00","1,338.00","1,340.00","1,336.00","","0.04%"
"12/14/2009","1,338.50","1,337.50","1,339.50","1,337.50","","-0.04%"
"12/11/2009","1,339.00","1,340.00","1,342.00","1,337.00","","-0.11%"
"12/10/2009","1,340.50","1,337.50","1,342.50","1,337.50","","-0.07%"
"12/09/2009","1,341.50","1,337.50","1,342.50","1,335.50","","0.00%"
"12/08/2009","1,341.50","1,337.50","1,341.50","1,334.50","","-0.07%"
"12/07/2009","1,342.50","1,340.50","1,345.50","1,340.50","","0.15%"
"12/04/2009","1,340.50","1,341.50","1,341.50","1,335.50","","0.07%"
"12/03/2009","1,339.50","1,340.50","1,341.50","1,337.50","","0.00%"
"12/02/2009","1,339.50","1,339.50","1,341.50","1,336.50","","0.15%"
"12/01/2009","1,337.50","1,337.50","1,340.50","1,324.50","","0.19%"
"11/30/2009","1,335.00","1,337.00","1,342.00","1,330.00","","-0.15%"
"11/27/2009","1,337.00","1,337.00","1,338.00","1,332.00","","0.15%"
"11/26/2009","1,335.00","1,339.00","1,340.00","1,333.00","","-0.04%"
"11/25/2009","1,335.50","1,337.50","1,340.50","1,327.50","","-0.34%"
"11/24/2009","1,340.00","1,338.00","1,341.00","1,330.00","","0.15%"
"11/23/2009","1,338.00","1,335.00","1,344.00","1,326.00","","0.22%"
"11/20/2009","1,335.00","1,334.00","1,343.00","1,330.00","","-0.19%"
"11/19/2009","1,337.50","1,336.50","1,339.50","1,327.50","","0.75%"
"11/18/2009","1,327.50","1,327.50","1,336.50","1,327.50","","-0.38%"
"11/17/2009","1,332.50","1,327.50","1,332.50","1,327.50","","-0.04%"
"11/16/2009","1,333.00","1,321.00","1,333.00","1,321.00","","0.53%"
"11/13/2009","1,326.00","1,331.00","1,334.00","1,326.00","","-0.11%"
"11/12/2009","1,327.50","1,325.50","1,327.50","1,325.50","","0.00%"
"11/11/2009","1,327.50","1,322.50","1,327.50","1,322.50","","0.08%"
"11/10/2009","1,326.50","1,324.50","1,327.50","1,324.50","","-0.08%"
"11/09/2009","1,327.50","1,324.50","1,327.50","1,321.50","","0.00%"
"11/06/2009","1,327.50","1,320.50","1,328.50","1,319.50","","0.19%"
"11/05/2009","1,325.00","1,321.00","1,332.00","1,321.00","","-0.26%"
"11/04/2009","1,328.50","1,319.50","1,329.50","1,319.50","","0.49%"
"11/03/2009","1,322.00","1,323.00","1,332.00","1,322.00","","-0.08%"
"11/02/2009","1,323.00","1,324.00","1,330.00","1,320.00","","-0.11%"
"10/30/2009","1,324.50","1,322.50","1,324.50","1,316.50","","-0.04%"
"10/29/2009","1,325.00","1,329.00","1,330.00","1,322.00","","0.11%"
"10/28/2009","1,323.50","1,318.50","1,327.50","1,318.50","","0.15%"
"10/27/2009","1,321.50","1,319.50","1,324.50","1,319.50","","-0.08%"
"10/26/2009","1,322.50","1,320.50","1,323.50","1,306.50","","0.38%"
"10/23/2009","1,317.50","1,318.50","1,318.50","1,316.50","","0.00%"
"10/22/2009","1,317.50","1,314.50","1,327.50","1,314.50","","0.00%"
"10/21/2009","1,317.50","1,318.50","1,321.50","1,315.50","","-0.04%"
"10/20/2009","1,318.00","1,320.00","1,325.00","1,317.00","","-0.38%"
"10/19/2009","1,323.00","1,325.00","1,325.00","1,322.00","","0.08%"
"10/16/2009","1,322.00","1,321.00","1,326.00","1,320.00","","-0.08%"
"10/15/2009","1,323.00","1,316.00","1,324.00","1,316.00","","0.42%"
"10/14/2009","1,317.50","1,301.50","1,317.50","1,301.50","","0.00%"
"10/13/2009","1,317.50","1,321.50","1,321.50","1,315.50","","-0.04%"
"10/12/2009","1,318.00","1,317.00","1,324.00","1,304.00","","0.38%"
"10/09/2009","1,313.00","1,310.00","1,318.00","1,310.00","","-0.17%"
"10/08/2009","1,315.25","1,302.25","1,316.25","1,282.25","","0.48%"
"10/07/2009","1,309.00","1,309.00","1,313.00","1,305.00","","0.11%"
"10/06/2009","1,307.50","1,307.50","1,317.50","1,300.50","","-0.19%"
"10/05/2009","1,310.00","1,313.00","1,320.00","1,309.00","","-0.04%"
"10/02/2009","1,310.50","1,311.50","1,317.50","1,307.50","","0.04%"
"10/01/2009","1,310.00","1,317.00","1,317.00","1,307.00","","-0.57%"
"09/30/2009","1,317.50","1,314.50","1,317.50","1,307.50","","0.19%"
"09/29/2009","1,315.00","1,312.00","1,317.00","1,309.00","","-0.19%"
"09/28/2009","1,317.50","1,306.50","1,318.50","1,301.50","","0.92%"
"09/25/2009","1,305.50","1,297.50","1,308.50","1,297.50","","0.46%"
"09/24/2009","1,299.50","1,293.50","1,302.50","1,292.50","","0.35%"
"09/23/2009","1,295.00","1,318.00","1,318.00","1,292.00","","-0.35%"
"09/22/2009","1,299.50","1,298.50","1,305.50","1,296.50","","-0.27%"
"09/21/2009","1,303.00","1,312.00","1,312.00","1,302.00","","0.54%"
"09/18/2009","1,296.00","1,301.00","1,307.00","1,296.00","","-0.50%"
"09/17/2009","1,302.50","1,306.50","1,307.50","1,302.50","","-0.34%"
"09/16/2009","1,307.00","1,309.00","1,312.00","1,307.00","","0.04%"
"09/15/2009","1,306.50","1,305.50","1,309.50","1,302.50","","0.00%"
"09/14/2009","1,306.50","1,307.50","1,313.50","1,304.50","","-0.04%"
"09/11/2009","1,307.00","1,316.00","1,316.00","1,305.00","","0.11%"
"09/10/2009","1,305.50","1,307.50","1,311.50","1,304.50","","-0.11%"
"09/09/2009","1,307.00","1,308.00","1,312.00","1,307.00","","0.19%"
"09/08/2009","1,304.50","1,307.50","1,315.50","1,302.50","","-0.34%"
"09/07/2009","1,309.00","1,316.00","1,316.00","1,308.00","","-0.19%"
"09/04/2009","1,311.50","1,311.50","1,315.50","1,307.50","","0.00%"
"09/03/2009","1,311.50","1,316.50","1,316.50","1,310.50","","-0.64%"
"09/02/2009","1,320.00","1,318.00","1,321.00","1,315.00","","0.42%"
"09/01/2009","1,314.50","1,319.50","1,319.50","1,312.50","","-0.04%"
"08/31/2009","1,315.00","1,321.00","1,324.00","1,314.00","","-0.30%"
"08/28/2009","1,319.00","1,316.00","1,320.00","1,315.00","","0.42%"
"08/27/2009","1,313.50","1,315.50","1,322.50","1,311.50","","0.08%"
"08/26/2009","1,312.50","1,313.50","1,316.50","1,312.50","","-0.23%"
"08/25/2009","1,315.50","1,312.50","1,315.50","1,312.50","","0.04%"
"08/24/2009","1,315.00","1,318.00","1,320.00","1,315.00","","-0.15%"
"08/21/2009","1,317.00","1,319.00","1,319.00","1,314.00","","0.00%"
"08/20/2009","1,317.00","1,322.00","1,322.00","1,316.00","","0.15%"
"08/19/2009","1,315.00","1,316.00","1,322.00","1,315.00","","-0.45%"
"08/18/2009","1,321.00","1,323.00","1,325.00","1,318.00","","-0.30%"
"08/17/2009","1,325.00","1,323.00","1,328.00","1,320.00","","-0.15%"
"08/14/2009","1,327.00","1,323.00","1,329.00","1,323.00","","0.15%"
"08/13/2009","1,325.00","1,328.00","1,330.00","1,320.00","","-0.30%"
"08/12/2009","1,329.00","1,330.00","1,332.00","1,322.00","","-0.08%"
"08/11/2009","1,330.00","1,327.00","1,336.00","1,321.00","","0.76%"
"08/10/2009","1,320.00","1,315.00","1,328.00","1,315.00","","0.38%"
"08/07/2009","1,315.00","1,319.00","1,321.00","1,315.00","","0.00%"
"08/06/2009","1,315.00","1,322.00","1,328.00","1,315.00","","-0.53%"
"08/05/2009","1,322.00","1,329.00","1,329.00","1,321.00","","-0.11%"
"08/04/2009","1,323.50","1,328.50","1,328.50","1,323.50","","-0.15%"
"08/03/2009","1,325.50","1,321.50","1,327.50","1,321.50","","-0.19%"
"07/31/2009","1,328.00","1,323.00","1,330.00","1,323.00","","0.08%"
"07/30/2009","1,327.00","1,329.00","1,331.00","1,325.00","","-0.15%"
"07/29/2009","1,329.00","1,330.00","1,333.00","1,325.00","","0.30%"
"07/28/2009","1,325.00","1,330.00","1,335.00","1,325.00","","-0.45%"
"07/27/2009","1,331.00","1,322.00","1,332.00","1,322.00","","-0.08%"
"07/24/2009","1,332.00","1,327.00","1,333.00","1,324.00","","-0.22%"
"07/23/2009","1,335.00","1,335.00","1,336.00","1,325.00","","0.07%"
"07/22/2009","1,334.00","1,335.00","1,335.00","1,315.00","","0.98%"
"07/21/2009","1,321.00","1,323.00","1,333.00","1,321.00","","-0.83%"
"07/20/2009","1,332.00","1,326.00","1,332.00","1,323.00","","0.30%"
"07/17/2009","1,328.00","1,335.00","1,335.00","1,325.00","","0.15%"
"07/16/2009","1,326.00","1,321.00","1,334.00","1,321.00","","-0.23%"
"07/15/2009","1,329.00","1,328.00","1,333.00","1,319.00","","-0.08%"
"07/14/2009","1,330.00","1,321.00","1,330.00","1,320.00","","0.76%"
"07/13/2009","1,320.00","1,320.00","1,323.00","1,305.00","","0.08%"
"07/10/2009","1,319.00","1,320.00","1,321.00","1,315.00","","0.23%"
"07/09/2009","1,316.00","1,315.00","1,320.00","1,315.00","","0.15%"
"07/08/2009","1,314.00","1,314.00","1,317.00","1,307.00","","-0.08%"
"07/07/2009","1,315.00","1,320.00","1,320.00","1,310.00","","-0.38%"
"07/06/2009","1,320.00","1,310.00","1,323.00","1,310.00","","0.08%"
"07/03/2009","1,319.00","1,317.00","1,322.00","1,304.00","","0.30%"
"07/02/2009","1,315.00","1,315.00","1,325.00","1,315.00","","-0.45%"
"07/01/2009","1,321.00","1,320.00","1,325.00","1,312.00","","1.42%"
"06/30/2009","1,302.50","1,302.50","1,314.50","1,302.50","","-0.84%"
"06/29/2009","1,313.50","1,313.50","1,315.50","1,303.50","","0.65%"
"06/26/2009","1,305.00","1,320.00","1,320.00","1,303.00","","-0.68%"
"06/25/2009","1,314.00","1,314.00","1,320.00","1,309.00","","-0.08%"
"06/24/2009","1,315.00","1,315.00","1,323.00","1,310.00","","0.00%"
"06/23/2009","1,315.00","1,313.00","1,323.00","1,305.00","","0.15%"
"06/22/2009","1,313.00","1,310.00","1,315.00","1,307.00","","0.57%"
"06/19/2009","1,305.50","1,307.50","1,307.50","1,305.50","","-0.15%"
"06/18/2009","1,307.50","1,306.50","1,327.50","1,306.50","","-0.57%"
"06/17/2009","1,315.00","1,305.00","1,315.00","1,300.00","","1.11%"
"06/16/2009","1,300.50","1,313.50","1,313.50","1,298.50","","-1.10%"
"06/15/2009","1,315.00","1,307.00","1,315.00","1,303.00","","0.11%"
"06/12/2009","1,313.50","1,303.50","1,316.50","1,301.50","","1.04%"
"06/11/2009","1,300.00","1,311.00","1,315.00","1,300.00","","-1.52%"
"06/10/2009","1,320.00","1,310.00","1,325.00","1,303.00","","0.46%"
"06/09/2009","1,314.00","1,313.00","1,325.00","1,303.00","","-0.23%"
"06/08/2009","1,317.00","1,322.00","1,322.00","1,312.00","","-0.30%"
"06/05/2009","1,321.00","1,325.00","1,327.00","1,320.00","","-0.15%"
"06/04/2009","1,323.00","1,329.00","1,329.00","1,323.00","","-0.04%"
"06/03/2009","1,323.50","1,320.50","1,327.50","1,320.50","","-0.26%"
"06/02/2009","1,327.00","1,325.00","1,328.00","1,323.00","","0.30%"
"06/01/2009","1,323.00","1,326.00","1,327.00","1,316.00","","-0.11%"
"05/29/2009","1,324.50","1,321.50","1,324.50","1,317.50","","0.08%"
"05/28/2009","1,323.50","1,318.50","1,324.50","1,317.50","","-0.04%"
"05/27/2009","1,324.00","1,322.00","1,324.00","1,317.00","","0.08%"
"05/26/2009","1,323.00","1,322.00","1,323.00","1,317.00","","-0.11%"
"05/25/2009","1,324.50","1,322.50","1,324.50","1,319.50","","-0.15%"
"05/22/2009","1,326.50","1,324.50","1,326.50","1,317.50","","-0.04%"
"05/21/2009","1,327.00","1,327.00","1,337.00","1,327.00","","-0.04%"
"05/20/2009","1,327.50","1,327.50","1,332.50","1,324.50","","-0.19%"
"05/19/2009","1,330.00","1,340.00","1,340.00","1,325.00","","-0.37%"
"05/18/2009","1,335.00","1,337.00","1,343.00","1,332.00","","-0.15%"
"05/15/2009","1,337.00","1,340.00","1,340.00","1,335.00","","-0.45%"
"05/14/2009","1,343.00","1,340.00","1,350.00","1,335.00","","0.04%"
"05/13/2009","1,342.50","1,332.50","1,352.50","1,327.50","","1.13%"
"05/12/2009","1,327.50","1,322.50","1,327.50","1,322.50","","0.53%"
"05/11/2009","1,320.50","1,325.50","1,325.50","1,320.50","","0.04%"
"05/08/2009","1,320.00","1,330.00","1,330.00","1,305.00","","-0.53%"
"05/07/2009","1,327.00","1,334.00","1,334.00","1,327.00","","0.15%"
"05/06/2009","1,325.00","1,323.00","1,333.00","1,323.00","","0.00%"
"05/05/2009","1,325.00","1,340.00","1,343.00","1,323.00","","-0.56%"
"05/04/2009","1,332.50","1,330.50","1,342.50","1,330.50","","-0.49%"
"05/01/2009","1,339.00","1,339.00","1,339.00","1,339.00","","0.00%"
"04/30/2009","1,339.00","1,331.00","1,341.00","1,331.00","","0.15%"
"04/29/2009","1,337.00","1,330.00","1,340.00","1,330.00","","0.26%"
"04/28/2009","1,333.50","1,344.50","1,344.50","1,330.50","","-0.86%"
"04/27/2009","1,345.00","1,345.00","1,347.00","1,341.00","","-0.15%"
"04/24/2009","1,347.00","1,345.00","1,347.00","1,345.00","","0.15%"
"04/23/2009","1,345.00","1,342.00","1,351.00","1,340.00","","-0.26%"
"04/22/2009","1,348.50","1,338.50","1,349.50","1,333.50","","0.41%"
"04/21/2009","1,343.00","1,337.00","1,343.00","1,335.00","","0.49%"
"04/20/2009","1,336.50","1,330.50","1,340.50","1,327.50","","0.34%"
"04/17/2009","1,332.00","1,334.00","1,339.00","1,328.00","","0.11%"
"04/16/2009","1,330.50","1,333.50","1,335.50","1,329.50","","-0.15%"
"04/15/2009","1,332.50","1,327.50","1,332.50","1,322.50","","0.00%"
"04/14/2009","1,332.50","1,332.50","1,333.50","1,322.50","","0.04%"
"04/13/2009","1,332.00","1,332.00","1,332.00","1,332.00","","0.08%"
"04/10/2009","1,331.00","1,331.00","1,331.00","1,331.00","","0.00%"
"04/09/2009","1,331.00","1,333.00","1,338.00","1,331.00","","0.08%"
"04/08/2009","1,330.00","1,330.00","1,333.00","1,326.00","","0.00%"
"04/07/2009","1,330.00","1,330.00","1,330.00","1,330.00","","0.00%"
"04/06/2009","1,330.00","1,330.00","1,335.00","1,330.00","","-0.37%"
"04/03/2009","1,335.00","1,320.00","1,340.00","1,320.00","","-0.37%"
"04/02/2009","1,340.00","1,330.00","1,340.00","1,320.00","","0.75%"
"04/01/2009","1,330.00","1,315.00","1,330.00","1,315.00","","0.19%"
"03/31/2009","1,327.50","1,322.50","1,327.50","1,315.50","","0.00%"
"03/30/2009","1,327.50","1,332.50","1,332.50","1,312.50","","-0.38%"
"03/27/2009","1,332.50","1,345.50","1,345.50","1,315.50","","0.19%"
"03/26/2009","1,330.00","1,330.00","1,335.00","1,320.00","","-0.37%"
"03/25/2009","1,335.00","1,325.00","1,340.00","1,313.00","","1.14%"
"03/24/2009","1,320.00","1,310.00","1,325.00","1,304.00","","0.76%"
"03/23/2009","1,310.00","1,300.00","1,330.00","1,300.00","","0.38%"
"03/20/2009","1,305.00","1,300.00","1,317.00","1,295.00","","-0.38%"
"03/19/2009","1,310.00","1,300.00","1,320.00","1,295.00","","0.58%"
"03/18/2009","1,302.50","1,302.50","1,302.50","1,302.50","","-0.76%"
"03/17/2009","1,312.50","1,302.50","1,327.50","1,302.50","","0.77%"
"03/16/2009","1,302.50","1,292.50","1,306.50","1,292.50","","1.05%"
"03/13/2009","1,289.00","1,300.00","1,303.00","1,289.00","","-0.46%"
"03/12/2009","1,295.00","1,292.00","1,300.00","1,287.00","","-0.04%"
"03/11/2009","1,295.50","1,292.50","1,302.50","1,287.50","","-0.35%"
"03/10/2009","1,300.00","1,295.00","1,300.00","1,295.00","","-0.19%"
"03/09/2009","1,302.50","1,297.50","1,309.50","1,292.50","","-0.15%"
"03/06/2009","1,304.50","1,302.50","1,304.50","1,292.50","","-0.04%"
"03/05/2009","1,305.00","1,318.00","1,318.00","1,302.00","","-0.19%"
"03/04/2009","1,307.50","1,307.50","1,320.50","1,306.50","","-0.30%"
"03/03/2009","1,311.50","1,313.50","1,318.50","1,306.50","","-0.27%"
"03/02/2009","1,315.00","1,311.00","1,325.00","1,311.00","","-1.13%"
"02/27/2009","1,330.00","1,313.00","1,330.00","1,313.00","","0.19%"
"02/26/2009","1,327.50","1,309.50","1,327.50","1,308.50","","1.14%"
"02/25/2009","1,312.50","1,332.50","1,332.50","1,307.50","","-0.19%"
"02/24/2009","1,315.00","1,335.00","1,335.00","1,310.00","","-1.13%"
"02/23/2009","1,330.00","1,340.00","1,340.00","1,315.00","","-0.93%"
"02/20/2009","1,342.50","1,332.50","1,352.50","1,332.50","","-0.48%"
"02/19/2009","1,349.00","1,338.00","1,349.00","1,328.00","","-0.07%"
"02/18/2009","1,350.00","1,340.00","1,350.00","1,340.00","","2.66%"
"02/17/2009","1,315.00","1,330.00","1,335.00","1,315.00","","-0.15%"
"02/16/2009","1,317.00","1,318.00","1,330.00","1,317.00","","-0.08%"
"02/13/2009","1,318.00","1,321.00","1,321.00","1,315.00","","0.23%"
"02/12/2009","1,315.00","1,320.00","1,325.00","1,312.00","","0.00%"
"02/11/2009","1,315.00","1,310.00","1,315.00","1,310.00","","-0.19%"
"02/10/2009","1,317.50","1,321.50","1,321.50","1,307.50","","-0.19%"
"02/09/2009","1,320.00","1,325.00","1,330.00","1,305.00","","-0.86%"
"02/06/2009","1,331.50","1,317.50","1,334.50","1,307.50","","0.30%"
"02/05/2009","1,327.50","1,307.50","1,327.50","1,302.50","","1.53%"
"02/04/2009","1,307.50","1,317.50","1,317.50","1,297.50","","0.58%"
"02/03/2009","1,300.00","1,307.00","1,320.00","1,300.00","","0.39%"
"02/02/2009","1,295.00","1,310.00","1,320.00","1,295.00","","-0.96%"
"01/30/2009","1,307.50","1,297.50","1,312.50","1,292.50","","0.97%"
"01/29/2009","1,295.00","1,325.00","1,325.00","1,295.00","","-2.08%"
"01/28/2009","1,322.50","1,355.50","1,357.50","1,322.50","","-2.40%"
"01/27/2009","1,355.00","1,400.00","1,400.00","1,345.00","","-2.87%"
"01/26/2009","1,395.00","1,345.00","1,405.00","1,345.00","","0.00%"
"01/23/2009","1,395.00","1,410.00","1,430.00","1,330.00","","0.72%"
"01/22/2009","1,385.00","1,390.00","1,400.00","1,345.00","","-1.07%"
"01/21/2009","1,400.00","1,316.00","1,400.00","1,316.00","","2.00%"
"01/20/2009","1,372.50","1,322.50","1,372.50","1,319.50","","0.07%"
"01/19/2009","1,371.50","1,318.50","1,372.50","1,318.50","","4.30%"
"01/16/2009","1,315.00","1,314.00","1,355.00","1,307.00","","0.19%"
"01/15/2009","1,312.50","1,327.50","1,344.50","1,302.50","","0.38%"
"01/14/2009","1,307.50","1,337.50","1,357.50","1,287.50","","-3.33%"
"01/13/2009","1,352.50","1,357.50","1,359.50","1,337.50","","0.71%"
"01/12/2009","1,343.00","1,343.00","1,343.00","1,343.00","","-1.03%"
"01/09/2009","1,357.00","1,341.00","1,360.00","1,325.00","","1.04%"
"01/08/2009","1,343.00","1,330.00","1,343.00","1,325.00","","0.30%"
"01/07/2009","1,339.00","1,335.00","1,340.00","1,335.00","","-0.07%"
"01/06/2009","1,340.00","1,315.00","1,340.00","1,315.00","","1.13%"
"01/05/2009","1,325.00","1,325.00","1,325.00","1,313.00","","-0.38%"
"01/02/2009","1,330.00","1,316.00","1,330.00","1,316.00","","0.95%"
"01/01/2009","1,317.50","1,317.50","1,317.50","1,317.50","","0.00%"
"12/31/2008","1,317.50","1,315.50","1,317.50","1,312.50","","0.96%"
"12/30/2008","1,305.00","1,315.00","1,320.00","1,305.00","","-1.14%"
"12/29/2008","1,320.00","1,305.00","1,320.00","1,295.00","","0.76%"
"12/26/2008","1,310.00","1,310.00","1,310.00","1,310.00","","0.00%"
"12/25/2008","1,310.00","1,310.00","1,310.00","1,310.00","","0.00%"
"12/24/2008","1,310.00","1,310.00","1,320.00","1,310.00","","-0.76%"
"12/23/2008","1,320.00","1,320.00","1,320.00","1,320.00","","0.23%"
"12/22/2008","1,317.00","1,313.00","1,320.00","1,285.00","","1.07%"
"12/19/2008","1,303.00","1,315.00","1,315.00","1,295.00","","-0.38%"
"12/18/2008","1,308.00","1,295.00","1,308.00","1,290.00","","0.04%"
"12/17/2008","1,307.50","1,287.50","1,312.50","1,287.50","","-0.19%"
"12/16/2008","1,310.00","1,300.00","1,310.00","1,284.00","","0.46%"
"12/15/2008","1,304.00","1,298.00","1,305.00","1,285.00","","0.69%"
"12/12/2008","1,295.00","1,283.00","1,298.00","1,270.00","","0.00%"
"12/11/2008","1,295.00","1,296.00","1,296.00","1,294.00","","-0.15%"
"12/10/2008","1,297.00","1,278.00","1,298.00","1,278.00","","0.15%"
"12/09/2008","1,295.00","1,295.00","1,295.00","1,293.00","","-0.15%"
"12/08/2008","1,297.00","1,298.00","1,298.00","1,297.00","","0.19%"
"12/05/2008","1,294.50","1,272.50","1,294.50","1,267.50","","-0.42%"
"12/04/2008","1,300.00","1,280.00","1,300.00","1,280.00","","0.00%"
"12/03/2008","1,300.00","1,285.00","1,300.00","1,280.00","","0.00%"
"12/02/2008","1,300.00","1,275.00","1,300.00","1,275.00","","2.28%"
"12/01/2008","1,271.00","1,263.00","1,290.00","1,263.00","","-0.90%"
"11/28/2008","1,282.50","1,279.50","1,287.50","1,265.50","","-0.19%"
"11/27/2008","1,285.00","1,290.00","1,290.00","1,263.00","","-0.54%"
"11/26/2008","1,292.00","1,250.00","1,293.00","1,250.00","","3.11%"
"11/25/2008","1,253.00","1,253.00","1,253.00","1,253.00","","-0.36%"
"11/24/2008","1,257.50","1,267.50","1,267.50","1,257.50","","0.40%"
"11/21/2008","1,252.50","1,247.50","1,262.50","1,247.50","","0.20%"
"11/20/2008","1,250.00","1,250.00","1,255.00","1,245.00","","-0.24%"
"11/19/2008","1,253.00","1,250.00","1,260.00","1,245.00","","0.64%"
"11/18/2008","1,245.00","1,246.00","1,246.00","1,245.00","","-0.04%"
"11/17/2008","1,245.50","1,245.50","1,245.50","1,245.50","","0.00%"
"11/14/2008","1,245.50","1,244.50","1,245.50","1,237.50","","-0.60%"
"11/13/2008","1,253.00","1,243.00","1,253.00","1,238.00","","1.38%"
"11/12/2008","1,236.00","1,241.00","1,257.00","1,232.00","","-0.72%"
"11/11/2008","1,245.00","1,235.00","1,247.00","1,225.00","","0.81%"
"11/10/2008","1,235.00","1,230.00","1,239.00","1,223.00","","-0.40%"
"11/07/2008","1,240.00","1,235.00","1,240.00","1,224.00","","-0.56%"
"11/06/2008","1,247.00","1,242.00","1,248.00","1,225.00","","0.16%"
"11/05/2008","1,245.00","1,275.00","1,275.00","1,235.00","","-1.58%"
"11/04/2008","1,265.00","1,275.00","1,280.00","1,265.00","","-0.20%"
"11/03/2008","1,267.50","1,278.50","1,292.50","1,262.50","","-2.50%"
"10/31/2008","1,300.00","1,285.00","1,305.00","1,275.00","","0.39%"
"10/30/2008","1,295.00","1,285.00","1,308.00","1,275.00","","-0.58%"
"10/29/2008","1,302.50","1,297.50","1,302.50","1,274.50","","0.58%"
"10/28/2008","1,295.00","1,270.00","1,305.00","1,270.00","","1.13%"
"10/27/2008","1,280.50","1,302.50","1,304.50","1,269.50","","-0.35%"
"10/24/2008","1,285.00","1,261.00","1,315.00","1,255.00","","1.50%"
"10/23/2008","1,266.00","1,280.00","1,315.00","1,265.00","","-2.31%"
"10/22/2008","1,296.00","1,270.00","1,300.00","1,250.00","","3.06%"
"10/21/2008","1,257.50","1,227.50","1,278.50","1,227.50","","1.29%"
"10/20/2008","1,241.50","1,243.50","1,268.50","1,228.50","","-1.12%"
"10/17/2008","1,255.50","1,197.50","1,257.50","1,197.50","","4.41%"
"10/16/2008","1,202.50","1,207.50","1,207.50","1,201.50","","-0.41%"
"10/15/2008","1,207.50","1,217.50","1,232.50","1,195.50","","-2.03%"
"10/14/2008","1,232.50","1,232.50","1,232.50","1,232.50","","0.20%"
"10/13/2008","1,230.00","1,200.00","1,230.00","1,200.00","","2.03%"
"10/10/2008","1,205.50","1,192.50","1,214.50","1,192.50","","0.88%"
"10/09/2008","1,195.00","1,210.00","1,220.00","1,195.00","","-0.79%"
"10/08/2008","1,204.50","1,189.50","1,206.50","1,187.50","","1.01%"
"10/07/2008","1,192.50","1,185.50","1,199.50","1,167.50","","1.27%"
"10/06/2008","1,177.50","1,162.50","1,182.50","1,160.50","","1.29%"
"10/03/2008","1,162.50","1,161.50","1,167.50","1,157.50","","0.00%"
"10/02/2008","1,162.50","1,155.50","1,169.50","1,155.50","","0.17%"
"10/01/2008","1,160.50","1,160.50","1,160.50","1,160.50","","0.04%"
"09/30/2008","1,160.00","1,174.00","1,174.00","1,159.00","","-0.43%"
"09/29/2008","1,165.00","1,175.00","1,175.00","1,165.00","","-0.85%"
"09/26/2008","1,175.00","1,176.50","1,178.00","1,172.00","","-0.21%"
"09/25/2008","1,177.50","1,172.50","1,177.50","1,171.50","","0.51%"
"09/24/2008","1,171.50","1,169.50","1,174.50","1,168.50","","0.09%"
"09/23/2008","1,170.50","1,168.50","1,174.50","1,165.50","","0.47%"
"09/22/2008","1,165.00","1,168.00","1,179.00","1,165.00","","0.04%"
"09/19/2008","1,164.50","1,158.50","1,169.50","1,154.50","","0.74%"
"09/18/2008","1,156.00","1,157.00","1,160.00","1,152.00","","-0.30%"
"09/17/2008","1,159.50","1,153.50","1,159.50","1,152.50","","0.69%"
"09/16/2008","1,151.50","1,151.50","1,158.50","1,143.50","","-0.30%"
"09/15/2008","1,155.00","1,153.00","1,155.00","1,151.00","","0.30%"
"09/12/2008","1,151.50","1,152.50","1,153.50","1,147.50","","-0.13%"
"09/11/2008","1,153.00","1,159.00","1,161.00","1,152.00","","-0.35%"
"09/10/2008","1,157.00","1,155.00","1,159.00","1,155.00","","0.52%"
"09/09/2008","1,151.00","1,152.00","1,155.00","1,147.00","","0.04%"
"09/08/2008","1,150.50","1,153.50","1,154.50","1,146.50","","-0.48%"
"09/05/2008","1,156.00","1,160.00","1,160.00","1,154.00","","-0.43%"
"09/04/2008","1,161.00","1,160.00","1,165.00","1,155.00","","0.52%"
"09/03/2008","1,155.00","1,154.00","1,160.00","1,150.00","","0.57%"
"09/02/2008","1,148.50","1,153.50","1,154.50","1,147.50","","-0.35%"
"09/01/2008","1,152.50","1,165.50","1,165.50","1,149.50","","-0.65%"
"08/29/2008","1,160.00","1,166.00","1,169.00","1,160.00","","-0.30%"
"08/28/2008","1,163.50","1,166.50","1,166.50","1,161.50","","-0.09%"
"08/27/2008","1,164.50","1,169.50","1,170.50","1,164.50","","-0.26%"
"08/26/2008","1,167.50","1,166.50","1,173.50","1,164.50","","-0.17%"
"08/25/2008","1,169.50","1,161.50","1,172.50","1,160.50","","0.34%"
"08/22/2008","1,165.50","1,163.50","1,167.50","1,158.50","","0.34%"
"08/21/2008","1,161.50","1,161.50","1,164.50","1,157.50","","0.17%"
"08/20/2008","1,159.50","1,159.50","1,162.50","1,159.50","","0.00%"
"08/19/2008","1,159.50","1,160.50","1,162.50","1,156.50","","-0.09%"
"08/18/2008","1,160.50","1,161.50","1,162.50","1,159.50","","-0.21%"
"08/15/2008","1,163.00","1,162.00","1,165.50","1,162.00","","0.26%"
"08/14/2008","1,160.00","1,160.00","1,161.00","1,158.00","","-0.04%"
"08/13/2008","1,160.50","1,158.50","1,163.50","1,158.50","","-0.09%"
"08/12/2008","1,161.50","1,157.50","1,162.50","1,156.50","","0.35%"
"08/11/2008","1,157.50","1,156.50","1,158.50","1,152.50","","0.17%"
"08/08/2008","1,155.50","1,155.50","1,155.50","1,155.50","","0.00%"
"08/07/2008","1,155.50","1,154.50","1,158.50","1,153.50","","0.26%"
"08/06/2008","1,152.50","1,159.50","1,159.50","1,151.50","","-0.17%"
"08/05/2008","1,154.50","1,157.50","1,160.50","1,153.50","","-0.26%"
"08/04/2008","1,157.50","1,159.50","1,159.50","1,154.50","","0.00%"
"08/01/2008","1,157.50","1,157.50","1,160.50","1,152.50","","0.26%"
"07/31/2008","1,154.50","1,162.50","1,163.50","1,154.50","","-0.82%"
"07/30/2008","1,164.00","1,170.00","1,170.00","1,162.00","","-0.13%"
"07/29/2008","1,165.50","1,167.50","1,170.50","1,162.50","","-0.26%"
"07/28/2008","1,168.50","1,163.50","1,170.50","1,162.50","","0.30%"
"07/25/2008","1,165.00","1,162.00","1,170.00","1,162.00","","0.30%"
"07/24/2008","1,161.50","1,157.50","1,162.50","1,152.50","","0.56%"
"07/23/2008","1,155.00","1,173.00","1,173.00","1,155.00","","-1.16%"
"07/22/2008","1,168.50","1,164.50","1,172.50","1,164.50","","0.17%"
"07/21/2008","1,166.50","1,167.50","1,170.50","1,164.50","","0.17%"
"07/18/2008","1,164.50","1,162.50","1,171.50","1,162.50","","0.09%"
"07/17/2008","1,163.50","1,153.50","1,172.50","1,153.50","","0.30%"
"07/16/2008","1,160.00","1,157.00","1,165.00","1,156.00","","0.39%"
"07/15/2008","1,155.50","1,158.50","1,159.50","1,148.50","","-0.39%"
"07/14/2008","1,160.00","1,162.00","1,166.00","1,157.00","","-0.22%"
"07/11/2008","1,162.50","1,165.50","1,167.50","1,162.50","","-0.09%"
"07/10/2008","1,163.50","1,170.50","1,175.50","1,162.50","","-0.94%"
"07/09/2008","1,174.50","1,177.50","1,184.50","1,173.50","","-0.25%"
"07/08/2008","1,177.50","1,174.50","1,186.50","1,174.50","","0.13%"
"07/07/2008","1,176.00","1,197.00","1,197.00","1,176.00","","-0.55%"
"07/04/2008","1,182.50","1,187.50","1,188.00","1,176.50","","-0.76%"
"07/03/2008","1,191.50","1,174.50","1,197.50","1,172.50","","1.32%"
"07/02/2008","1,176.00","1,176.00","1,181.00","1,171.00","","0.34%"
"07/01/2008","1,172.00","1,170.00","1,178.00","1,170.00","","-0.47%"
"06/30/2008","1,177.50","1,185.50","1,186.50","1,169.50","","-0.38%"
"06/27/2008","1,182.00","1,186.00","1,186.00","1,169.00","","0.85%"
"06/26/2008","1,172.00","1,171.00","1,179.00","1,168.00","","0.26%"
"06/25/2008","1,169.00","1,168.00","1,175.00","1,168.00","","-0.34%"
"06/24/2008","1,173.00","1,173.00","1,177.00","1,170.00","","-0.17%"
"06/23/2008","1,175.00","1,183.00","1,185.00","1,172.00","","-0.25%"
"06/20/2008","1,178.00","1,185.00","1,189.00","1,175.00","","-0.59%"
"06/19/2008","1,185.00","1,198.00","1,205.00","1,180.00","","-0.75%"
"06/18/2008","1,194.00","1,172.00","1,199.00","1,171.00","","1.92%"
"06/17/2008","1,171.50","1,168.50","1,176.50","1,161.50","","0.73%"
"06/16/2008","1,163.00","1,175.00","1,180.00","1,160.00","","-1.02%"
"06/13/2008","1,175.00","1,185.00","1,186.00","1,170.00","","-0.68%"
"06/12/2008","1,183.00","1,191.00","1,195.00","1,175.00","","-0.84%"
"06/11/2008","1,193.00","1,200.00","1,203.00","1,187.00","","-0.33%"
"06/10/2008","1,197.00","1,194.00","1,201.00","1,191.00","","-0.25%"
"06/09/2008","1,200.00","1,200.00","1,201.00","1,189.00","","-0.08%"
"06/06/2008","1,201.00","1,200.00","1,206.00","1,196.50","","-0.17%"
"06/05/2008","1,203.00","1,198.00","1,205.00","1,195.00","","0.25%"
"06/04/2008","1,200.00","1,200.00","1,204.00","1,195.00","","0.21%"
"06/03/2008","1,197.50","1,194.50","1,200.50","1,190.50","","0.00%"
"06/02/2008","1,197.50","1,192.50","1,199.50","1,187.50","","-0.13%"
"05/30/2008","1,199.00","1,204.00","1,206.00","1,188.00","","-0.12%"
"05/29/2008","1,200.50","1,193.50","1,207.50","1,190.50","","-0.04%"
"05/28/2008","1,201.00","1,184.00","1,201.00","1,184.00","","1.18%"
"05/27/2008","1,187.00","1,189.00","1,201.00","1,180.00","","0.08%"
"05/26/2008","1,186.00","1,188.00","1,190.00","1,178.00","","-0.75%"
"05/23/2008","1,195.00","1,189.00","1,196.00","1,174.00","","0.76%"
"05/22/2008","1,186.00","1,199.00","1,199.00","1,180.00","","-0.63%"
"05/21/2008","1,193.50","1,203.50","1,205.50","1,186.50","","-0.83%"
"05/20/2008","1,203.50","1,206.50","1,208.50","1,194.50","","-0.33%"
"05/19/2008","1,207.50","1,211.50","1,214.50","1,201.50","","-0.12%"
"05/16/2008","1,209.00","1,216.00","1,219.00","1,204.00","","0.08%"
"05/15/2008","1,208.00","1,210.00","1,218.00","1,202.00","","-0.04%"
"05/14/2008","1,208.50","1,215.50","1,220.50","1,203.50","","-0.82%"
"05/13/2008","1,218.50","1,217.50","1,224.50","1,206.50","","0.08%"
"05/12/2008","1,217.50","1,216.50","1,222.50","1,211.50","","0.08%"
"05/09/2008","1,216.50","1,216.50","1,222.50","1,209.50","","0.00%"
"05/08/2008","1,216.50","1,212.50","1,221.50","1,210.50","","0.54%"
"05/07/2008","1,210.00","1,215.00","1,218.00","1,206.00","","-0.82%"
"05/06/2008","1,220.00","1,219.00","1,222.00","1,205.00","","0.04%"
"05/05/2008","1,219.50","1,224.50","1,230.50","1,214.50","","-0.85%"
"05/02/2008","1,230.00","1,223.00","1,233.00","1,205.00","","0.99%"
"05/01/2008","1,218.00","1,218.00","1,218.00","1,218.00","","0.00%"
"04/30/2008","1,218.00","1,205.00","1,227.00","1,202.00","","1.42%"
"04/29/2008","1,201.00","1,203.00","1,210.00","1,195.00","","0.00%"
"04/28/2008","1,201.00","1,215.00","1,216.00","1,198.00","","-0.83%"
"04/25/2008","1,211.00","1,235.00","1,235.00","1,190.00","","-1.78%"
"04/24/2008","1,233.00","1,243.00","1,245.00","1,225.00","","-0.72%"
"04/23/2008","1,242.00","1,241.00","1,246.00","1,236.00","","0.16%"
"04/22/2008","1,240.00","1,243.00","1,248.00","1,240.00","","0.16%"
"04/21/2008","1,238.00","1,236.00","1,246.00","1,234.00","","0.41%"
"04/18/2008","1,233.00","1,231.00","1,241.50","1,231.00","","0.08%"
"04/17/2008","1,232.00","1,236.00","1,240.00","1,226.00","","-0.24%"
"04/16/2008","1,235.00","1,232.00","1,244.00","1,227.00","","0.00%"
"04/15/2008","1,235.00","1,231.00","1,235.00","1,223.00","","0.82%"
"04/14/2008","1,225.00","1,224.00","1,233.00","1,217.00","","-0.49%"
"04/11/2008","1,231.00","1,215.00","1,240.00","1,213.00","","1.57%"
"04/10/2008","1,212.00","1,214.00","1,218.00","1,195.00","","0.00%"
"04/09/2008","1,212.00","1,207.00","1,218.00","1,206.00","","0.41%"
"04/08/2008","1,207.00","1,195.00","1,213.00","1,193.00","","1.43%"
"04/07/2008","1,190.00","1,190.00","1,190.00","1,190.00","","0.00%"
"04/04/2008","1,190.00","1,177.00","1,199.00","1,171.00","","1.36%"
"04/03/2008","1,174.00","1,184.00","1,184.00","1,167.00","","-0.76%"
"04/02/2008","1,183.00","1,200.00","1,200.00","1,175.00","","-1.00%"
"04/01/2008","1,195.00","1,222.00","1,222.00","1,185.00","","-2.05%"
"03/31/2008","1,220.00","1,236.00","1,238.00","1,208.00","","-0.93%"
"03/28/2008","1,231.50","1,238.50","1,244.50","1,230.50","","0.12%"
"03/27/2008","1,230.00","1,233.00","1,250.00","1,229.00","","0.16%"
"03/26/2008","1,228.00","1,210.50","1,232.00","1,210.00","","1.49%"
"03/25/2008","1,210.00","1,198.00","1,215.00","1,196.43","","1.26%"
"03/24/2008","1,195.00","1,195.00","1,195.00","1,195.00","","0.00%"
"03/21/2008","1,195.00","1,195.00","1,195.00","1,195.00","","0.00%"
"03/20/2008","1,195.00","1,195.00","1,195.00","1,195.00","","0.00%"
"03/19/2008","1,195.00","1,192.00","1,204.00","1,190.99","","0.00%"
"03/18/2008","1,195.00","1,187.00","1,197.50","1,166.99","","0.76%"
"03/17/2008","1,186.00","1,183.00","1,193.00","1,181.00","","0.34%"
"03/14/2008","1,182.00","1,179.50","1,188.00","1,177.00","","0.17%"
"03/13/2008","1,180.00","1,177.00","1,185.00","1,175.00","","0.17%"
"03/12/2008","1,178.00","1,166.00","1,180.00","1,166.00","","0.94%"
"03/11/2008","1,167.00","1,169.00","1,172.50","1,165.00","","0.09%"
"03/10/2008","1,166.00","1,165.00","1,168.00","1,162.00","","0.00%"
"03/07/2008","1,166.00","1,171.00","1,173.00","1,166.00","","-0.13%"
"03/06/2008","1,167.50","1,163.50","1,171.50","1,162.50","","0.04%"
"03/05/2008","1,167.00","1,167.00","1,172.00","1,165.00","","0.09%"
"03/04/2008","1,166.00","1,160.00","1,171.00","1,160.00","","0.45%"
"03/03/2008","1,160.75","1,162.75","1,166.75","1,159.75","","0.32%"
"02/29/2008","1,157.00","1,166.00","1,168.00","1,157.00","","-0.43%"
"02/28/2008","1,162.00","1,174.00","1,174.00","1,162.00","","-0.51%"
"02/27/2008","1,168.00","1,172.00","1,175.00","1,168.00","","-0.09%"
"02/26/2008","1,169.00","1,164.00","1,178.00","1,164.00","","0.60%"
"02/25/2008","1,162.00","1,163.00","1,170.99","1,162.00","","0.35%"
"02/22/2008","1,158.00","1,161.00","1,171.00","1,158.00","","-0.60%"
"02/21/2008","1,165.00","1,160.00","1,165.00","1,153.00","","1.30%"
"02/20/2008","1,150.00","1,159.00","1,161.00","1,150.00","","0.35%"
"02/19/2008","1,146.00","1,151.00","1,161.00","1,146.00","","-0.17%"
"02/18/2008","1,148.00","1,148.00","1,155.00","1,144.00","","0.26%"
"02/15/2008","1,145.00","1,151.00","1,152.00","1,136.00","","-0.69%"
"02/14/2008","1,153.00","1,153.00","1,156.00","1,144.00","","-0.04%"
"02/13/2008","1,153.50","1,148.50","1,155.50","1,144.50","","0.22%"
"02/12/2008","1,151.00","1,155.00","1,160.00","1,146.00","","0.09%"
"02/11/2008","1,150.00","1,149.00","1,160.00","1,144.00","","0.31%"
"02/08/2008","1,146.50","1,159.00","1,161.99","1,142.00","","-1.16%"
"02/07/2008","1,160.00","1,162.00","1,163.99","1,150.00","","-0.17%"
"02/06/2008","1,162.00","1,164.00","1,166.00","1,155.00","","-0.09%"
"02/05/2008","1,163.00","1,160.00","1,169.00","1,153.00","","-0.09%"
"02/04/2008","1,164.00","1,173.99","1,173.99","1,154.00","","-0.51%"
"02/01/2008","1,170.00","1,171.00","1,174.99","1,167.00","","0.86%"
"01/31/2008","1,160.00","1,166.00","1,176.99","1,160.00","","0.00%"
"01/30/2008","1,160.00","1,170.55","1,179.50","1,155.50","","-0.90%"
"01/29/2008","1,170.55","1,163.55","1,182.50","1,156.40","","0.60%"
"01/28/2008","1,163.55","1,166.40","1,173.50","1,160.50","","-0.24%"
"01/25/2008","1,166.40","1,166.55","1,171.49","1,158.50","","-0.01%"
"01/24/2008","1,166.55","1,164.40","1,177.49","1,163.50","","0.00%"
"01/23/2008","1,166.55","1,164.55","1,169.50","1,161.50","","0.05%"
"01/22/2008","1,166.00","1,152.55","1,170.00","1,151.00","","1.39%"
"01/21/2008","1,150.00","1,145.00","1,156.99","1,145.00","","0.56%"
"01/18/2008","1,143.55","1,147.55","1,150.49","1,141.50","","-0.35%"
"01/17/2008","1,147.55","1,152.55","1,156.50","1,138.50","","-0.43%"
"01/16/2008","1,152.55","1,156.55","1,158.50","1,143.50","","-0.35%"
"01/15/2008","1,156.55","1,149.55","1,159.50","1,148.50","","0.61%"
"01/14/2008","1,149.55","1,151.55","1,161.50","1,146.50","","-0.17%"
"01/11/2008","1,151.55","1,141.55","1,158.50","1,137.50","","0.88%"
"01/10/2008","1,141.55","1,143.55","1,148.49","1,121.50","","-0.17%"
"01/09/2008","1,143.55","1,168.55","1,168.55","1,136.50","","-2.14%"
"01/08/2008","1,168.55","1,181.55","1,185.50","1,158.50","","-1.10%"
"01/07/2008","1,181.55","1,170.55","1,185.50","1,170.55","","0.94%"
"01/04/2008","1,170.55","1,166.40","1,178.50","1,166.40","","0.36%"
"01/03/2008","1,166.40","1,164.40","1,178.50","1,162.50","","0.17%"
"01/02/2008","1,164.40","1,154.00","1,175.49","1,153.50","","0.90%"
"01/01/2008","1,154.00","1,154.00","1,154.00","1,154.00","","0.00%"
"12/31/2007","1,154.00","1,124.55","1,161.49","1,124.55","","2.62%"
"12/28/2007","1,124.55","1,120.50","1,134.50","1,120.50","","0.36%"
"12/27/2007","1,120.50","1,120.50","1,128.49","1,115.50","","0.00%"
"12/26/2007","1,120.50","1,120.50","1,120.50","1,120.50","","0.00%"
"12/25/2007","1,120.50","1,120.50","1,120.50","1,120.50","","0.04%"
"12/24/2007","1,120.00","1,127.00","1,132.00","1,120.00","","-0.04%"
"12/21/2007","1,120.50","1,123.50","1,134.49","1,120.50","","-0.27%"
"12/20/2007","1,123.50","1,123.50","1,123.50","1,123.50","","0.00%"
"12/19/2007","1,123.50","1,136.40","1,141.50","1,123.50","","-1.14%"
"12/18/2007","1,136.40","1,142.00","1,154.50","1,136.40","","-0.49%"
"12/17/2007","1,142.00","1,153.50","1,157.50","1,141.50","","-1.00%"
"12/14/2007","1,153.50","1,161.50","1,162.50","1,153.50","","-0.69%"
"12/13/2007","1,161.50","1,160.70","1,169.50","1,156.50","","0.07%"
"12/12/2007","1,160.70","1,160.70","1,168.49","1,158.50","","0.00%"
"12/11/2007","1,160.70","1,170.40","1,175.49","1,160.50","","-0.83%"
"12/10/2007","1,170.40","1,181.55","1,181.55","1,163.50","","-0.94%"
"12/07/2007","1,181.55","1,181.55","1,183.49","1,168.50","","0.00%"
"12/06/2007","1,181.55","1,181.55","1,191.50","1,163.50","","0.00%"
"12/05/2007","1,181.55","1,181.45","1,187.50","1,176.50","","0.01%"
"12/04/2007","1,181.45","1,165.50","1,188.50","1,165.50","","1.37%"
"12/03/2007","1,165.50","1,165.50","1,180.50","1,165.50","","0.00%"
"11/30/2007","1,165.50","1,155.50","1,180.50","1,155.50","","0.87%"
"11/29/2007","1,155.50","1,178.40","1,183.50","1,155.50","","-1.94%"
"11/28/2007","1,178.40","1,178.50","1,193.50","1,168.50","","-0.01%"
"11/27/2007","1,178.50","1,158.50","1,193.50","1,158.50","","1.73%"
"11/26/2007","1,158.50","1,150.40","1,165.50","1,150.40","","0.70%"
"11/23/2007","1,150.40","1,123.50","1,159.50","1,123.50","","0.65%"
"11/22/2007","1,143.00","1,125.00","1,149.00","1,125.00","","1.74%"
"11/21/2007","1,123.50","1,123.50","1,141.50","1,123.50","","0.00%"
"11/20/2007","1,123.50","1,123.50","1,137.50","1,123.50","","0.00%"
"11/19/2007","1,123.50","1,135.50","1,135.50","1,123.50","","-0.22%"
"11/16/2007","1,126.00","1,124.80","1,141.01","1,124.80","","0.24%"
"11/15/2007","1,123.30","1,123.30","1,138.50","1,123.30","","0.00%"
"11/14/2007","1,123.30","1,121.70","1,136.50","1,121.70","","0.14%"
"11/13/2007","1,121.70","1,121.70","1,131.50","1,121.50","","0.00%"
"11/12/2007","1,121.70","1,121.70","1,138.50","1,116.50","","-0.12%"
"11/09/2007","1,123.00","1,115.20","1,126.00","1,115.20","","0.85%"
"11/08/2007","1,113.50","1,121.50","1,128.50","1,108.50","","-0.71%"
"11/07/2007","1,121.50","1,135.50","1,140.50","1,114.50","","-1.23%"
"11/06/2007","1,135.50","1,145.50","1,148.50","1,122.50","","-0.87%"
"11/05/2007","1,145.50","1,148.50","1,152.50","1,141.50","","-0.26%"
"11/02/2007","1,148.50","1,161.60","1,163.50","1,142.50","","-1.13%"
"11/01/2007","1,161.60","1,158.40","1,167.50","1,155.50","","0.28%"
"10/31/2007","1,158.40","1,168.50","1,168.50","1,152.50","","-0.86%"
"10/30/2007","1,168.50","1,158.40","1,170.50","1,158.40","","0.87%"
"10/29/2007","1,158.40","1,158.50","1,179.50","1,143.50","","-0.01%"
"10/26/2007","1,158.50","1,142.40","1,161.50","1,141.50","","1.41%"
"10/25/2007","1,142.40","1,128.40","1,144.50","1,128.40","","1.24%"
"10/24/2007","1,128.40","1,118.55","1,138.50","1,118.55","","0.88%"
"10/23/2007","1,118.55","1,118.50","1,135.52","1,117.50","","-0.31%"
"10/22/2007","1,122.00","1,118.00","1,124.00","1,113.00","","0.31%"
"10/19/2007","1,118.50","1,125.50","1,128.44","1,112.50","","-0.62%"
"10/18/2007","1,125.50","1,131.50","1,138.50","1,115.50","","-0.53%"
"10/17/2007","1,131.50","1,146.30","1,168.50","1,123.50","","-1.29%"
"10/16/2007","1,146.30","1,149.35","1,175.50","1,143.50","","-0.27%"
"10/15/2007","1,149.35","1,149.40","1,151.75","1,138.50","","0.00%"
"10/12/2007","1,149.40","1,166.40","1,169.72","1,143.50","","-1.46%"
"10/11/2007","1,166.40","1,188.50","1,193.50","1,158.50","","-1.86%"
"10/10/2007","1,188.50","1,211.50","1,214.50","1,188.50","","-1.90%"
"10/09/2007","1,211.50","1,211.50","1,211.50","1,211.50","","0.58%"
"10/08/2007","1,204.50","1,204.50","1,204.50","1,204.50","","-2.11%"
"10/05/2007","1,230.50","1,230.50","1,230.50","1,230.50","","-1.20%"
"10/04/2007","1,245.50","1,245.50","1,245.50","1,245.50","","0.00%"
"10/03/2007","1,245.50","1,245.50","1,245.50","1,245.50","","0.00%"
"10/02/2007","1,245.50","1,245.50","1,245.50","1,245.50","","-0.80%"
"10/01/2007","1,255.50","1,255.50","1,255.50","1,255.50","","2.20%"
"09/28/2007","1,228.50","1,228.50","1,228.50","1,228.50","","0.00%"
"09/27/2007","1,228.50","1,228.50","1,228.50","1,228.50","","-0.16%"
"09/26/2007","1,230.50","1,230.50","1,230.50","1,230.50","","-0.36%"
"09/25/2007","1,235.00","1,235.00","1,235.00","1,235.00","","0.53%"
"09/24/2007","1,228.50","1,228.50","1,228.50","1,228.50","","0.00%"
"09/21/2007","1,228.50","1,228.50","1,228.50","1,228.50","","-0.65%"
"09/20/2007","1,236.50","1,236.50","1,236.50","1,236.50","","-0.88%"
"09/19/2007","1,247.50","1,247.50","1,247.50","1,247.50","","-0.16%"
"09/18/2007","1,249.50","1,249.50","1,249.50","1,249.50","","0.52%"
"09/17/2007","1,243.00","1,243.00","1,243.00","1,243.00","","-0.52%"
"09/14/2007","1,249.50","1,249.50","1,249.50","1,249.50","","-0.16%"
"09/13/2007","1,251.50","1,251.50","1,251.50","1,251.50","","-0.24%"
"09/12/2007","1,254.50","1,254.50","1,254.50","1,254.50","","-0.55%"
"09/11/2007","1,261.50","1,261.50","1,261.50","1,261.50","","-0.16%"
"09/10/2007","1,263.50","1,263.50","1,263.50","1,263.50","","-0.16%"
"09/07/2007","1,265.50","1,265.50","1,265.50","1,265.50","","-0.47%"
"09/06/2007","1,271.50","1,271.50","1,271.50","1,271.50","","0.24%"
"09/05/2007","1,268.50","1,268.50","1,268.50","1,268.50","","-0.55%"
"09/04/2007","1,275.50","1,275.50","1,275.50","1,275.50","","-0.20%"
"09/03/2007","1,278.00","1,278.00","1,278.00","1,278.00","","0.24%"
"08/31/2007","1,275.00","1,275.00","1,275.00","1,275.00","","0.00%"
"08/30/2007","1,275.00","1,275.00","1,275.00","1,275.00","","-0.35%"
"08/29/2007","1,279.50","1,279.50","1,279.50","1,279.50","","0.04%"
"08/28/2007","1,279.00","1,279.00","1,279.00","1,279.00","","-0.23%"
"08/27/2007","1,282.00","1,282.00","1,282.00","1,282.00","","0.12%"
"08/24/2007","1,280.50","1,280.50","1,280.50","1,280.50","","-0.19%"
"08/23/2007","1,283.00","1,283.00","1,283.00","1,283.00","","0.35%"
"08/22/2007","1,278.50","1,278.50","1,278.50","1,278.50","","-0.16%"
"08/21/2007","1,280.50","1,280.50","1,280.50","1,280.50","","-0.39%"
"08/20/2007","1,285.50","1,285.50","1,285.50","1,285.50","","0.55%"
"08/17/2007","1,278.50","1,278.50","1,278.50","1,278.50","","0.24%"
"08/16/2007","1,275.50","1,275.50","1,275.50","1,275.50","","-0.12%"
"08/15/2007","1,277.00","1,277.00","1,277.00","1,277.00","","-0.14%"
"08/14/2007","1,278.75","1,278.75","1,278.75","1,278.75","","0.02%"
"08/13/2007","1,278.50","1,278.50","1,278.50","1,278.50","","0.04%"
"08/10/2007","1,278.00","1,278.00","1,278.00","1,278.00","","-0.04%"
"08/09/2007","1,278.50","1,278.50","1,278.50","1,278.50","","0.39%"
"08/08/2007","1,273.50","1,273.50","1,273.50","1,273.50","","0.00%"
"08/07/2007","1,273.50","1,273.50","1,273.50","1,273.50","","-0.16%"
"08/06/2007","1,275.50","1,275.50","1,275.50","1,275.50","","-0.31%"
"08/03/2007","1,279.50","1,279.50","1,279.50","1,279.50","","0.59%"
"08/02/2007","1,272.00","1,272.00","1,272.00","1,272.00","","0.28%"
"08/01/2007","1,268.50","1,268.50","1,268.50","1,268.50","","0.00%"
"07/31/2007","1,268.50","1,268.50","1,268.50","1,268.50","","-0.51%"
"07/30/2007","1,275.00","1,275.00","1,275.00","1,275.00","","0.51%"
"07/27/2007","1,268.50","1,268.50","1,268.50","1,268.50","","-0.43%"
"07/26/2007","1,274.00","1,274.00","1,274.00","1,274.00","","0.04%"
"07/25/2007","1,273.50","1,273.50","1,273.50","1,273.50","","-0.08%"
"07/24/2007","1,274.50","1,274.50","1,274.50","1,274.50","","-0.08%"
"07/23/2007","1,275.50","1,275.50","1,275.50","1,275.50","","-0.08%"
"07/20/2007","1,276.50","1,276.50","1,276.50","1,276.50","","0.08%"
"07/19/2007","1,275.50","1,275.50","1,275.50","1,275.50","","-0.23%"
"07/18/2007","1,278.50","1,278.50","1,278.50","1,278.50","","0.39%"
"07/17/2007","1,273.50","1,273.50","1,273.50","1,273.50","","-0.31%"
"07/16/2007","1,277.50","1,277.50","1,277.50","1,277.50","","0.63%"
"07/13/2007","1,269.50","1,269.50","1,269.50","1,269.50","","0.24%"
"07/12/2007","1,266.50","1,266.50","1,266.50","1,266.50","","0.16%"
"07/11/2007","1,264.50","1,264.50","1,264.50","1,264.50","","0.04%"
"07/10/2007","1,264.00","1,264.00","1,264.00","1,264.00","","-0.08%"
"07/09/2007","1,265.00","1,265.00","1,265.00","1,265.00","","-0.12%"
"07/06/2007","1,266.50","1,266.50","1,266.50","1,266.50","","0.04%"
"07/05/2007","1,266.00","1,266.00","1,266.00","1,266.00","","0.60%"
"07/04/2007","1,258.50","1,258.50","1,258.50","1,258.50","","0.36%"
"07/03/2007","1,254.00","1,254.00","1,254.00","1,254.00","","0.32%"
"07/02/2007","1,250.00","1,250.00","1,250.00","1,250.00","","0.48%"
"06/29/2007","1,244.00","1,244.00","1,244.00","1,244.00","","-0.08%"
"06/28/2007","1,245.00","1,245.00","1,245.00","1,245.00","","-0.36%"
"06/27/2007","1,249.50","1,249.50","1,249.50","1,249.50","","0.04%"
"06/26/2007","1,249.00","1,249.00","1,249.00","1,249.00","","-0.24%"
"06/25/2007","1,252.00","1,252.00","1,252.00","1,252.00","","0.00%"
"06/22/2007","1,252.00","1,252.00","1,252.00","1,252.00","","-0.32%"
"06/21/2007","1,256.00","1,256.00","1,256.00","1,256.00","","-0.16%"
"06/20/2007","1,258.00","1,258.00","1,258.00","1,258.00","","0.00%"
"06/19/2007","1,258.00","1,258.00","1,258.00","1,258.00","","-0.24%"
"06/18/2007","1,261.00","1,261.00","1,261.00","1,261.00","","0.48%"
"06/15/2007","1,255.00","1,255.00","1,255.00","1,255.00","","0.36%"
"06/14/2007","1,250.50","1,250.50","1,250.50","1,250.50","","-0.75%"
"06/13/2007","1,260.00","1,260.00","1,260.00","1,260.00","","-0.63%"
"06/12/2007","1,268.00","1,268.00","1,268.00","1,268.00","","0.28%"
"06/11/2007","1,264.50","1,264.50","1,264.50","1,264.50","","0.36%"
"06/08/2007","1,260.00","1,260.00","1,260.00","1,260.00","","0.64%"
"06/07/2007","1,252.00","1,252.00","1,252.00","1,252.00","","-0.56%"
"06/06/2007","1,259.00","1,259.00","1,259.00","1,259.00","","-0.08%"
"06/05/2007","1,260.00","1,260.00","1,260.00","1,260.00","","0.32%"
"06/04/2007","1,256.00","1,256.00","1,256.00","1,256.00","","-0.71%"
"06/01/2007","1,265.00","1,265.00","1,265.00","1,265.00","","1.12%"
"05/31/2007","1,251.00","1,251.00","1,251.00","1,251.00","","0.00%"
"05/30/2007","1,251.00","1,251.00","1,251.00","1,251.00","","-0.32%"
"05/29/2007","1,255.00","1,255.00","1,255.00","1,255.00","","-0.63%"
"05/28/2007","1,263.00","1,263.00","1,263.00","1,263.00","","-0.16%"
"05/25/2007","1,265.00","1,265.00","1,265.00","1,265.00","","-0.39%"
"05/24/2007","1,270.00","1,270.00","1,270.00","1,270.00","","-0.12%"
"05/23/2007","1,271.50","1,271.50","1,271.50","1,271.50","","0.12%"
"05/22/2007","1,270.00","1,270.00","1,270.00","1,270.00","","-0.27%"
"05/21/2007","1,273.50","1,273.50","1,273.50","1,273.50","","-0.04%"
"05/18/2007","1,274.00","1,274.00","1,274.00","1,274.00","","0.20%"
"05/17/2007","1,271.50","1,271.50","1,271.50","1,271.50","","0.04%"
"05/16/2007","1,271.00","1,271.00","1,271.00","1,271.00","","0.16%"
"05/15/2007","1,269.00","1,269.00","1,269.00","1,269.00","","0.24%"
"05/14/2007","1,266.00","1,266.00","1,266.00","1,266.00","","0.16%"
"05/11/2007","1,264.00","1,264.00","1,264.00","1,264.00","","-0.59%"
"05/10/2007","1,271.50","1,271.50","1,271.50","1,271.50","","0.51%"
"05/09/2007","1,265.00","1,265.00","1,265.00","1,265.00","","0.20%"
"05/08/2007","1,262.50","1,262.50","1,262.50","1,262.50","","0.08%"
"05/07/2007","1,261.50","1,261.50","1,261.50","1,261.50","","0.12%"
"05/04/2007","1,260.00","1,260.00","1,260.00","1,260.00","","-0.32%"
"05/03/2007","1,264.00","1,264.00","1,264.00","1,264.00","","-0.71%"
"05/02/2007","1,273.00","1,273.00","1,273.00","1,273.00","","-0.20%"
"05/01/2007","1,275.50","1,275.50","1,275.50","1,275.50","","0.43%"
"04/30/2007","1,270.00","1,270.00","1,270.00","1,270.00","","-0.43%"
"04/27/2007","1,275.50","1,275.50","1,275.50","1,275.50","","-0.04%"
"04/26/2007","1,276.00","1,276.00","1,276.00","1,276.00","","0.00%"
"04/25/2007","1,276.00","1,276.00","1,276.00","1,276.00","","0.04%"
"04/24/2007","1,275.50","1,275.50","1,275.50","1,275.50","","0.04%"
"04/23/2007","1,275.00","1,275.00","1,275.00","1,275.00","","0.12%"
"04/20/2007","1,273.50","1,273.50","1,273.50","1,273.50","","0.12%"
"04/19/2007","1,272.00","1,272.00","1,272.00","1,272.00","","0.12%"
"04/18/2007","1,270.50","1,270.50","1,270.50","1,270.50","","0.20%"
"04/17/2007","1,268.00","1,268.00","1,268.00","1,268.00","","0.24%"
"04/16/2007","1,265.00","1,265.00","1,265.00","1,265.00","","0.40%"
"04/13/2007","1,260.00","1,260.00","1,260.00","1,260.00","","0.32%"
"04/12/2007","1,256.00","1,256.00","1,256.00","1,256.00","","-0.24%"
"04/11/2007","1,259.00","1,259.00","1,259.00","1,259.00","","0.48%"
"04/10/2007","1,253.00","1,253.00","1,253.00","1,253.00","","0.48%"
"04/09/2007","1,247.00","1,247.00","1,247.00","1,247.00","","0.00%"
"04/06/2007","1,247.00","1,247.00","1,247.00","1,247.00","","0.00%"
"04/05/2007","1,247.00","1,247.00","1,247.00","1,247.00","","-0.24%"
"04/04/2007","1,250.00","1,250.00","1,250.00","1,250.00","","0.32%"
"04/03/2007","1,246.00","1,246.00","1,246.00","1,246.00","","0.73%"
"04/02/2007","1,237.00","1,237.00","1,237.00","1,237.00","","-0.16%"
"03/30/2007","1,239.00","1,239.00","1,239.00","1,239.00","","0.08%"
"03/29/2007","1,238.00","1,238.00","1,238.00","1,238.00","","-0.16%"
"03/28/2007","1,240.00","1,240.00","1,240.00","1,240.00","","-0.36%"
"03/27/2007","1,244.50","1,244.50","1,244.50","1,244.50","","-0.20%"
"03/26/2007","1,247.00","1,247.00","1,247.00","1,247.00","","-0.16%"
"03/23/2007","1,249.00","1,249.00","1,249.00","1,249.00","","-1.11%"
"03/22/2007","1,263.00","1,263.00","1,263.00","1,263.00","","-0.16%"
"03/21/2007","1,265.00","1,265.00","1,265.00","1,265.00","","-0.39%"
"03/20/2007","1,270.00","1,270.00","1,270.00","1,270.00","","0.40%"
"03/19/2007","1,265.00","1,265.00","1,265.00","1,265.00","","0.00%"
"03/16/2007","1,265.00","1,265.00","1,265.00","1,265.00","","0.08%"
"03/15/2007","1,264.00","1,264.00","1,264.00","1,264.00","","-0.63%"
"03/14/2007","1,272.00","1,272.00","1,272.00","1,272.00","","0.51%"
"03/13/2007","1,265.50","1,265.50","1,265.50","1,265.50","","1.48%"
"03/12/2007","1,247.00","1,247.00","1,247.00","1,247.00","","0.32%"
"03/09/2007","1,243.00","1,243.00","1,243.00","1,243.00","","-0.32%"
"03/08/2007","1,247.00","1,247.00","1,247.00","1,247.00","","-0.48%"
"03/07/2007","1,253.00","1,253.00","1,253.00","1,253.00","","-0.08%"
"03/06/2007","1,254.00","1,254.00","1,254.00","1,254.00","","0.08%"
"03/05/2007","1,253.00","1,253.00","1,253.00","1,253.00","","0.00%"
"03/02/2007","1,253.00","1,253.00","1,253.00","1,253.00","","0.00%"
"03/01/2007","1,253.00","1,253.00","1,253.00","1,253.00","","0.00%"
"02/28/2007","1,253.00","1,253.00","1,253.00","1,253.00","","-0.56%"
"02/27/2007","1,260.00","1,260.00","1,260.00","1,260.00","","-0.63%"
"02/26/2007","1,268.00","1,268.00","1,268.00","1,268.00","","0.00%"
"02/23/2007","1,268.00","1,268.00","1,268.00","1,268.00","","-0.39%"
"02/22/2007","1,273.00","1,273.00","1,273.00","1,273.00","","-0.70%"
"02/21/2007","1,282.00","1,282.00","1,282.00","1,282.00","","-0.23%"
"02/20/2007","1,285.00","1,285.00","1,285.00","1,285.00","","-0.23%"
"02/19/2007","1,288.00","1,288.00","1,288.00","1,288.00","","0.51%"
"02/16/2007","1,281.50","1,281.50","1,281.50","1,281.50","","0.12%"
"02/15/2007","1,280.00","1,280.00","1,280.00","1,280.00","","-0.39%"
"02/14/2007","1,285.00","1,285.00","1,285.00","1,285.00","","-0.39%"
"02/13/2007","1,290.00","1,290.00","1,290.00","1,290.00","","-0.39%"
"02/12/2007","1,295.00","1,295.00","1,295.00","1,295.00","","0.00%"
"02/09/2007","1,295.00","1,295.00","1,295.00","1,295.00","","0.54%"
"02/08/2007","1,288.00","1,288.00","1,288.00","1,288.00","","-1.11%"
"02/07/2007","1,302.50","1,302.50","1,302.50","1,302.50","","-0.19%"
"02/06/2007","1,305.00","1,305.00","1,305.00","1,305.00","","0.23%"
"02/05/2007","1,302.00","1,302.00","1,302.00","1,302.00","","0.15%"
"02/02/2007","1,300.00","1,300.00","1,300.00","1,300.00","","0.00%"
"02/01/2007","1,300.00","1,300.00","1,300.00","1,300.00","","0.62%"
"01/31/2007","1,292.00","1,292.00","1,292.00","1,292.00","","-0.31%"
"01/30/2007","1,296.00","1,296.00","1,296.00","1,296.00","","-0.69%"
"01/29/2007","1,305.00","1,305.00","1,305.00","1,305.00","","-0.16%"
"01/26/2007","1,307.08","1,307.08","1,307.08","1,307.08","","-0.22%"
"01/25/2007","1,310.00","1,310.00","1,310.00","1,310.00","","0.23%"
"01/24/2007","1,307.00","1,307.00","1,307.00","1,307.00","","0.15%"
"01/23/2007","1,305.00","1,305.00","1,305.00","1,305.00","","-0.08%"
"01/22/2007","1,306.00","1,306.00","1,306.00","1,306.00","","0.38%"
"01/19/2007","1,301.00","1,301.00","1,301.00","1,301.00","","0.70%"
"01/18/2007","1,292.00","1,292.00","1,292.00","1,292.00","","0.62%"
"01/17/2007","1,284.00","1,284.00","1,284.00","1,284.00","","-0.08%"
"01/16/2007","1,285.00","1,285.00","1,285.00","1,285.00","","0.23%"
"01/15/2007","1,282.00","1,282.00","1,282.00","1,282.00","","0.00%"
"01/12/2007","1,282.00","1,282.00","1,282.00","1,282.00","","-0.12%"
"01/11/2007","1,283.50","1,283.50","1,283.50","1,283.50","","-0.31%"
"01/10/2007","1,287.50","1,287.50","1,287.50","1,287.50","","0.35%"
"01/09/2007","1,283.00","1,283.00","1,283.00","1,283.00","","0.08%"
"01/08/2007","1,282.00","1,282.00","1,282.00","1,282.00","","0.07%"
"01/05/2007","1,281.06","1,281.06","1,281.06","1,281.06","","0.08%"
"01/04/2007","1,280.00","1,280.00","1,280.00","1,280.00","","0.00%"
"01/03/2007","1,280.00","1,280.00","1,280.00","1,280.00","","0.23%"
"01/02/2007","1,277.00","1,277.00","1,277.00","1,277.00","","0.99%"
"01/01/2007","1,264.50","1,264.50","1,264.50","1,264.50","","0.00%"
"12/29/2006","1,264.50","1,264.50","1,264.50","1,264.50","","0.36%"
"12/28/2006","1,260.00","1,260.00","1,260.00","1,260.00","","-0.08%"
"12/27/2006","1,261.05","1,261.05","1,261.05","1,261.05","","0.24%"
"12/26/2006","1,258.00","1,258.00","1,258.00","1,258.00","","0.00%"
"12/25/2006","1,258.00","1,258.00","1,258.00","1,258.00","","0.00%"
"12/22/2006","1,258.00","1,258.00","1,258.00","1,258.00","","0.24%"
"12/21/2006","1,255.00","1,255.00","1,255.00","1,255.00","","-0.79%"
"12/20/2006","1,265.00","1,265.00","1,265.00","1,265.00","","-0.16%"
"12/19/2006","1,267.00","1,267.00","1,267.00","1,267.00","","-0.24%"
"12/18/2006","1,270.00","1,270.00","1,270.00","1,270.00","","-1.17%"
"12/15/2006","1,285.00","1,285.00","1,285.00","1,285.00","","0.39%"
"12/14/2006","1,280.00","1,280.00","1,280.00","1,280.00","","-0.19%"
"12/13/2006","1,282.50","1,282.50","1,282.50","1,282.50","","-0.19%"
"12/12/2006","1,285.00","1,285.00","1,285.00","1,285.00","","0.51%"
"12/11/2006","1,278.50","1,278.50","1,278.50","1,278.50","","-0.04%"
"12/08/2006","1,279.00","1,279.00","1,279.00","1,279.00","","0.00%"
"12/07/2006","1,279.00","1,279.00","1,279.00","1,279.00","","0.20%"
"12/06/2006","1,276.50","1,276.50","1,276.50","1,276.50","","-0.23%"
"12/05/2006","1,279.50","1,279.50","1,279.50","1,279.50","","0.35%"
"12/04/2006","1,275.00","1,275.00","1,275.00","1,275.00","","-0.39%"
"12/01/2006","1,280.00","1,280.00","1,280.00","1,280.00","","-0.16%"
"11/30/2006","1,282.00","1,282.00","1,282.00","1,282.00","","-0.08%"
"11/29/2006","1,283.00","1,283.00","1,283.00","1,283.00","","-0.66%"
"11/28/2006","1,291.50","1,291.50","1,291.50","1,291.50","","-0.08%"
"11/27/2006","1,292.50","1,292.50","1,292.50","1,292.50","","-0.65%"
"11/24/2006","1,301.00","1,301.00","1,301.00","1,301.00","","0.08%"
"11/23/2006","1,300.00","1,300.00","1,300.00","1,300.00","","0.15%"
"11/22/2006","1,298.00","1,298.00","1,298.00","1,298.00","","-0.54%"
"11/21/2006","1,305.00","1,305.00","1,305.00","1,305.00","","-0.23%"
"11/20/2006","1,308.00","1,308.00","1,308.00","1,308.00","","-0.15%"
"11/17/2006","1,310.00","1,310.00","1,310.00","1,310.00","","-0.30%"
"11/16/2006","1,314.00","1,314.00","1,314.00","1,314.00","","-0.04%"
"11/15/2006","1,314.50","1,314.50","1,314.50","1,314.50","","0.04%"
"11/14/2006","1,314.00","1,314.00","1,314.00","1,314.00","","0.69%"
"11/13/2006","1,305.00","1,305.00","1,305.00","1,305.00","","0.15%"
"11/10/2006","1,303.00","1,303.00","1,303.00","1,303.00","","0.08%"
"11/09/2006","1,302.00","1,302.00","1,302.00","1,302.00","","0.04%"
"11/08/2006","1,301.50","1,301.50","1,301.50","1,301.50","","0.08%"
"11/07/2006","1,300.50","1,300.50","1,300.50","1,300.50","","0.42%"
"11/06/2006","1,295.00","1,295.00","1,295.00","1,295.00","","0.12%"
"11/03/2006","1,293.50","1,293.50","1,293.50","1,293.50","","-0.04%"
"11/02/2006","1,294.00","1,294.00","1,294.00","1,294.00","","-0.15%"
"11/01/2006","1,296.00","1,296.00","1,296.00","1,296.00","","0.15%"
"10/31/2006","1,294.00","1,294.00","1,294.00","1,294.00","","0.19%"
"10/30/2006","1,291.50","1,291.50","1,291.50","1,291.50","","0.25%"
"10/27/2006","1,288.25","1,288.25","1,288.25","1,288.25","","1.04%"
"10/26/2006","1,275.00","1,275.00","1,275.00","1,275.00","","0.16%"
"10/25/2006","1,273.00","1,273.00","1,273.00","1,273.00","","0.04%"
"10/24/2006","1,272.50","1,272.50","1,272.50","1,272.50","","-0.27%"
"10/23/2006","1,276.00","1,276.00","1,276.00","1,276.00","","0.47%"
"10/20/2006","1,270.00","1,270.00","1,270.00","1,270.00","","0.04%"
"10/19/2006","1,269.50","1,269.50","1,269.50","1,269.50","","0.75%"
"10/18/2006","1,260.00","1,260.00","1,260.00","1,260.00","","0.08%"
"10/17/2006","1,259.00","1,259.00","1,259.00","1,259.00","","-0.32%"
"10/16/2006","1,263.00","1,263.00","1,263.00","1,263.00","","0.80%"
"10/13/2006","1,253.00","1,253.00","1,253.00","1,253.00","","-0.08%"
"10/12/2006","1,254.00","1,254.00","1,254.00","1,254.00","","-0.32%"
"10/11/2006","1,258.00","1,258.00","1,258.00","1,258.00","","1.04%"
"10/10/2006","1,245.00","1,245.00","1,245.00","1,245.00","","-0.48%"
"10/09/2006","1,251.06","1,251.06","1,251.06","1,251.06","","-0.47%"
"10/06/2006","1,257.00","1,257.00","1,257.00","1,257.00","","0.16%"
"10/05/2006","1,255.00","1,255.00","1,255.00","1,255.00","","-1.88%"
"10/04/2006","1,279.00","1,279.00","1,279.00","1,279.00","","-0.27%"
"10/03/2006","1,282.50","1,282.50","1,282.50","1,282.50","","-1.00%"
"10/02/2006","1,295.50","1,295.50","1,295.50","1,295.50","","3.23%"
"09/29/2006","1,255.00","1,255.00","1,255.00","1,255.00","","0.28%"
"09/28/2006","1,251.50","1,251.50","1,251.50","1,251.50","","1.62%"
"09/27/2006","1,231.50","1,231.50","1,231.50","1,231.50","","1.61%"
"09/26/2006","1,212.00","1,212.00","1,212.00","1,212.00","","-3.50%"
"09/25/2006","1,256.00","1,256.00","1,256.00","1,256.00","","-1.80%"
"09/22/2006","1,279.00","1,279.00","1,279.00","1,279.00","","-1.65%"
"09/21/2006","1,300.50","1,300.50","1,300.50","1,300.50","","-1.10%"
"09/20/2006","1,315.00","1,315.00","1,315.00","1,315.00","","-0.98%"
"09/19/2006","1,328.00","1,328.00","1,328.00","1,328.00","","-0.30%"
"09/18/2006","1,332.00","1,332.00","1,332.00","1,332.00","","-0.22%"
"09/15/2006","1,335.00","1,335.00","1,335.00","1,335.00","","-0.07%"
"09/14/2006","1,336.00","1,336.00","1,336.00","1,336.00","","-0.30%"
"09/13/2006","1,340.00","1,340.00","1,340.00","1,340.00","","0.07%"
"09/12/2006","1,339.00","1,339.00","1,339.00","1,339.00","","0.07%"
"09/11/2006","1,338.02","1,338.02","1,338.02","1,338.02","","-0.30%"
"09/08/2006","1,342.00","1,342.00","1,342.00","1,342.00","","0.15%"
"09/07/2006","1,340.05","1,340.05","1,340.05","1,340.05","","0.64%"
"09/06/2006","1,331.50","1,331.50","1,331.50","1,331.50","","0.00%"
"09/05/2006","1,331.50","1,331.50","1,331.50","1,331.50","","0.00%"
"09/04/2006","1,331.50","1,331.50","1,331.50","1,331.50","","0.11%"
"09/01/2006","1,330.00","1,330.00","1,330.00","1,330.00","","0.49%"
"08/31/2006","1,323.50","1,323.50","1,323.50","1,323.50","","0.08%"
"08/30/2006","1,322.50","1,322.50","1,322.50","1,322.50","","0.38%"
"08/29/2006","1,317.50","1,317.50","1,317.50","1,317.50","","0.09%"
"08/28/2006","1,316.25","1,316.25","1,316.25","1,316.25","","-0.02%"
"08/25/2006","1,316.50","1,316.50","1,316.50","1,316.50","","0.30%"
"08/24/2006","1,312.50","1,312.50","1,312.50","1,312.50","","-0.08%"
"08/23/2006","1,313.50","1,313.50","1,313.50","1,313.50","","-0.19%"
"08/22/2006","1,316.00","1,316.00","1,316.00","1,316.00","","0.69%"
"08/21/2006","1,307.00","1,307.00","1,307.00","1,307.00","","0.11%"
"08/18/2006","1,305.50","1,305.50","1,305.50","1,305.50","","0.42%"
"08/17/2006","1,300.00","1,300.00","1,300.00","1,300.00","","0.23%"
"08/16/2006","1,297.00","1,297.00","1,297.00","1,297.00","","0.78%"
"08/15/2006","1,287.00","1,287.00","1,287.00","1,287.00","","-0.23%"
"08/14/2006","1,290.00","1,290.00","1,290.00","1,290.00","","0.00%"
"08/11/2006","1,290.00","1,290.00","1,290.00","1,290.00","","0.31%"
"08/10/2006","1,286.00","1,286.00","1,286.00","1,286.00","","-0.04%"
"08/09/2006","1,286.50","1,286.50","1,286.50","1,286.50","","0.12%"
"08/08/2006","1,285.00","1,285.00","1,285.00","1,285.00","","-0.12%"
"08/07/2006","1,286.50","1,286.50","1,286.50","1,286.50","","-0.08%"
"08/04/2006","1,287.50","1,287.50","1,287.50","1,287.50","","0.08%"
"08/03/2006","1,286.50","1,286.50","1,286.50","1,286.50","","-0.35%"
"08/02/2006","1,291.00","1,291.00","1,291.00","1,291.00","","0.00%"
"08/01/2006","1,291.00","1,291.00","1,291.00","1,291.00","","-0.08%"
"07/31/2006","1,292.00","1,292.00","1,292.00","1,292.00","","-0.08%"
"07/28/2006","1,293.00","1,293.00","1,293.00","1,293.00","","0.00%"
"07/27/2006","1,293.00","1,293.00","1,293.00","1,293.00","","0.23%"
"07/26/2006","1,290.00","1,290.00","1,290.00","1,290.00","","0.00%"
"07/25/2006","1,290.00","1,290.00","1,290.00","1,290.00","","0.70%"
"07/24/2006","1,281.00","1,281.00","1,281.00","1,281.00","","0.39%"
"07/21/2006","1,276.00","1,276.00","1,276.00","1,276.00","","0.35%"
"07/20/2006","1,271.50","1,271.50","1,271.50","1,271.50","","0.43%"
"07/19/2006","1,266.00","1,266.00","1,266.00","1,266.00","","0.48%"
"07/18/2006","1,260.00","1,260.00","1,260.00","1,260.00","","-0.24%"
"07/17/2006","1,263.00","1,263.00","1,263.00","1,263.00","","-0.16%"
"07/14/2006","1,265.00","1,265.00","1,265.00","1,265.00","","0.36%"
"07/13/2006","1,260.50","1,260.50","1,260.50","1,260.50","","0.20%"
"07/12/2006","1,258.00","1,258.00","1,258.00","1,258.00","","0.24%"
"07/11/2006","1,255.00","1,255.00","1,255.00","1,255.00","","0.04%"
"07/10/2006","1,254.50","1,254.50","1,254.50","1,254.50","","0.12%"
"07/07/2006","1,253.00","1,253.00","1,253.00","1,253.00","","0.12%"
"07/06/2006","1,251.50","1,251.50","1,251.50","1,251.50","","0.12%"
"07/05/2006","1,250.00","1,250.00","1,250.00","1,250.00","","-0.36%"
"07/04/2006","1,254.50","1,254.50","1,254.50","1,254.50","","-0.08%"
"07/03/2006","1,255.50","1,255.50","1,255.50","1,255.50","","0.04%"
"06/30/2006","1,255.00","1,255.00","1,255.00","1,255.00","","0.08%"
"06/29/2006","1,254.00","1,254.00","1,254.00","1,254.00","","-0.16%"
"06/28/2006","1,256.00","1,256.00","1,256.00","1,256.00","","0.18%"
"06/27/2006","1,253.75","1,253.75","1,253.75","1,253.75","","-0.18%"
"06/26/2006","1,256.00","1,256.00","1,256.00","1,256.00","","0.08%"
"06/23/2006","1,255.00","1,255.00","1,255.00","1,255.00","","0.40%"
"06/22/2006","1,250.00","1,250.00","1,250.00","1,250.00","","-0.60%"
"06/21/2006","1,257.50","1,257.50","1,257.50","1,257.50","","0.16%"
"06/20/2006","1,255.50","1,255.50","1,255.50","1,255.50","","-0.10%"
"06/19/2006","1,256.70","1,256.70","1,256.70","1,256.70","","-0.18%"
"06/16/2006","1,259.00","1,259.00","1,259.00","1,259.00","","0.27%"
"06/15/2006","1,255.60","1,255.60","1,255.60","1,255.60","","0.15%"
"06/14/2006","1,253.75","1,253.75","1,253.75","1,253.75","","-0.42%"
"06/13/2006","1,259.00","1,259.00","1,259.00","1,259.00","","0.64%"
"06/12/2006","1,251.00","1,251.00","1,251.00","1,251.00","","0.08%"
"06/09/2006","1,250.00","1,250.00","1,250.00","1,250.00","","0.00%"
"06/08/2006","1,250.00","1,250.00","1,250.00","1,250.00","","0.20%"
"06/07/2006","1,247.50","1,247.50","1,247.50","1,247.50","","-0.08%"
"06/06/2006","1,248.50","1,248.50","1,248.50","1,248.50","","0.28%"
"06/05/2006","1,245.00","1,245.00","1,245.00","1,245.00","","-0.48%"
"06/02/2006","1,251.00","1,251.00","1,251.00","1,251.00","","0.24%"
"06/01/2006","1,248.00","1,248.00","1,248.00","1,248.00","","-0.56%"
"05/31/2006","1,255.00","1,255.00","1,255.00","1,255.00","","-0.22%"
"05/30/2006","1,257.75","1,257.75","1,257.75","1,257.75","","0.13%"
"05/29/2006","1,256.07","1,256.07","1,256.07","1,256.07","","0.69%"
"05/26/2006","1,247.50","1,247.50","1,247.50","1,247.50","","-1.62%"
"05/25/2006","1,268.00","1,268.00","1,268.00","1,268.00","","0.92%"
"05/24/2006","1,256.50","1,256.50","1,256.50","1,256.50","","0.20%"
"05/23/2006","1,254.00","1,254.00","1,254.00","1,254.00","","0.52%"
"05/22/2006","1,247.50","1,247.50","1,247.50","1,247.50","","0.20%"
"05/19/2006","1,245.00","1,245.00","1,245.00","1,245.00","","0.20%"
"05/18/2006","1,242.50","1,242.50","1,242.50","1,242.50","","0.16%"
"05/17/2006","1,240.50","1,240.50","1,240.50","1,240.50","","0.85%"
"05/16/2006","1,230.00","1,230.00","1,230.00","1,230.00","","0.00%"
"05/15/2006","1,230.00","1,230.00","1,230.00","1,230.00","","-0.49%"
"05/12/2006","1,236.00","1,236.00","1,236.00","1,236.00","","0.00%"
"05/11/2006","1,236.00","1,236.00","1,236.00","1,236.00","","0.00%"
"05/10/2006","1,236.00","1,236.00","1,236.00","1,236.00","","0.24%"
"05/09/2006","1,233.00","1,233.00","1,233.00","1,233.00","","0.04%"
"05/08/2006","1,232.50","1,232.50","1,232.50","1,232.50","","0.20%"
"05/05/2006","1,230.00","1,230.00","1,230.00","1,230.00","","-0.20%"
"05/04/2006","1,232.50","1,232.50","1,232.50","1,232.50","","0.16%"
"05/03/2006","1,230.50","1,230.50","1,230.50","1,230.50","","0.53%"
"05/02/2006","1,224.00","1,224.00","1,224.00","1,224.00","","1.41%"
"05/01/2006","1,207.00","1,207.00","1,207.00","1,207.00","","-0.86%"
"04/28/2006","1,217.50","1,217.50","1,217.50","1,217.50","","-0.61%"
"04/27/2006","1,225.00","1,225.00","1,225.00","1,225.00","","0.62%"
"04/26/2006","1,217.50","1,217.50","1,217.50","1,217.50","","0.00%"
"04/25/2006","1,217.50","1,217.50","1,217.50","1,217.50","","-0.49%"
"04/24/2006","1,223.50","1,223.50","1,223.50","1,223.50","","-0.20%"
"04/21/2006","1,226.00","1,226.00","1,226.00","1,226.00","","0.08%"
"04/20/2006","1,225.00","1,225.00","1,225.00","1,225.00","","-0.16%"
"04/19/2006","1,227.00","1,227.00","1,227.00","1,227.00","","-0.24%"
"04/18/2006","1,230.00","1,230.00","1,230.00","1,230.00","","1.23%"
"04/17/2006","1,215.00","1,215.00","1,215.00","1,215.00","","0.00%"
"04/14/2006","1,215.00","1,215.00","1,215.00","1,215.00","","-0.61%"
"04/13/2006","1,222.50","1,222.50","1,222.50","1,222.50","","-0.06%"
"04/12/2006","1,223.25","1,223.25","1,223.25","1,223.25","","0.20%"
"04/11/2006","1,220.75","1,220.75","1,220.75","1,220.75","","-0.18%"
"04/10/2006","1,223.00","1,223.00","1,223.00","1,223.00","","-0.24%"
"04/07/2006","1,226.00","1,226.00","1,226.00","1,226.00","","-0.12%"
"04/06/2006","1,227.50","1,227.50","1,227.50","1,227.50","","0.24%"
"04/05/2006","1,224.50","1,224.50","1,224.50","1,224.50","","0.08%"
"04/04/2006","1,223.50","1,223.50","1,223.50","1,223.50","","0.78%"
"04/03/2006","1,214.00","1,214.00","1,214.00","1,214.00","","-0.90%"
"03/31/2006","1,225.00","1,225.00","1,225.00","1,225.00","","0.16%"
"03/30/2006","1,223.00","1,223.00","1,223.00","1,223.00","","0.08%"
"03/29/2006","1,222.00","1,222.00","1,222.00","1,222.00","","0.87%"
"03/28/2006","1,211.50","1,211.50","1,211.50","1,211.50","","-0.62%"
"03/27/2006","1,219.00","1,219.00","1,219.00","1,219.00","","0.21%"
"03/24/2006","1,216.50","1,216.50","1,216.50","1,216.50","","-0.04%"
"03/23/2006","1,217.00","1,217.00","1,217.00","1,217.00","","0.23%"
"03/22/2006","1,214.24","1,214.24","1,214.24","1,214.24","","0.08%"
"03/21/2006","1,213.25","1,213.25","1,213.25","1,213.25","","-0.02%"
"03/20/2006","1,213.50","1,213.50","1,213.50","1,213.50","","-0.31%"
"03/17/2006","1,217.25","1,217.25","1,217.25","1,217.25","","0.43%"
"03/16/2006","1,212.00","1,212.00","1,212.00","1,212.00","","-0.04%"
"03/15/2006","1,212.50","1,212.50","1,212.50","1,212.50","","0.08%"
"03/14/2006","1,211.50","1,211.50","1,211.50","1,211.50","","-0.25%"
"03/13/2006","1,214.50","1,214.50","1,214.50","1,214.50","","0.25%"
"03/10/2006","1,211.50","1,211.50","1,211.50","1,211.50","","-0.04%"
"03/09/2006","1,212.00","1,212.00","1,212.00","1,212.00","","0.06%"
"03/08/2006","1,211.24","1,211.24","1,211.24","1,211.24","","-0.31%"
"03/07/2006","1,215.00","1,215.00","1,215.00","1,215.00","","1.00%"
"03/06/2006","1,203.00","1,203.00","1,203.00","1,203.00","","0.50%"
"03/03/2006","1,197.00","1,197.00","1,197.00","1,197.00","","0.38%"
"03/02/2006","1,192.50","1,192.50","1,192.50","1,192.50","","0.21%"
"03/01/2006","1,190.00","1,190.00","1,190.00","1,190.00","","0.00%"
"02/28/2006","1,190.00","1,190.00","1,190.00","1,190.00","","0.00%"
"02/27/2006","1,190.00","1,190.00","1,190.00","1,190.00","","0.29%"
"02/24/2006","1,186.50","1,186.50","1,186.50","1,186.50","","0.98%"
"02/23/2006","1,175.00","1,175.00","1,175.00","1,175.00","","-1.34%"
"02/22/2006","1,191.00","1,191.00","1,191.00","1,191.00","","0.08%"
"02/21/2006","1,190.00","1,190.00","1,190.00","1,190.00","","-0.19%"
"02/20/2006","1,192.25","1,192.25","1,192.25","1,192.25","","0.19%"
"02/17/2006","1,190.00","1,190.00","1,190.00","1,190.00","","0.34%"
"02/16/2006","1,186.00","1,186.00","1,186.00","1,186.00","","0.25%"
"02/15/2006","1,183.00","1,183.00","1,183.00","1,183.00","","0.25%"
"02/14/2006","1,180.00","1,180.00","1,180.00","1,180.00","","0.25%"
"02/13/2006","1,177.00","1,177.00","1,177.00","1,177.00","","-0.88%"
"02/10/2006","1,187.50","1,187.50","1,187.50","1,187.50","","-0.21%"
"02/09/2006","1,190.00","1,190.00","1,190.00","1,190.00","","-0.42%"
"02/08/2006","1,195.00","1,195.00","1,195.00","1,195.00","","0.38%"
"02/07/2006","1,190.50","1,190.50","1,190.50","1,190.50","","-0.21%"
"02/06/2006","1,193.00","1,193.00","1,193.00","1,193.00","","0.17%"
"02/03/2006","1,191.00","1,191.00","1,191.00","1,191.00","","0.42%"
"02/02/2006","1,186.00","1,186.00","1,186.00","1,186.00","","0.17%"
"02/01/2006","1,184.00","1,184.00","1,184.00","1,184.00","","0.25%"
"01/31/2006","1,181.00","1,181.00","1,181.00","1,181.00","","-0.21%"
"01/30/2006","1,183.50","1,183.50","1,183.50","1,183.50","","0.51%"
"01/27/2006","1,177.50","1,177.50","1,177.50","1,177.50","","-0.34%"
"01/26/2006","1,181.50","1,181.50","1,181.50","1,181.50","","2.29%"
"01/25/2006","1,155.00","1,155.00","1,155.00","1,155.00","","-1.58%"
"01/24/2006","1,173.50","1,173.50","1,173.50","1,173.50","","0.09%"
"01/23/2006","1,172.50","1,172.50","1,172.50","1,172.50","","0.99%"
"01/20/2006","1,161.00","1,161.00","1,161.00","1,161.00","","-0.98%"
"01/19/2006","1,172.50","1,172.50","1,172.50","1,172.50","","-0.38%"
"01/18/2006","1,177.00","1,177.00","1,177.00","1,177.00","","-0.25%"
"01/17/2006","1,180.00","1,180.00","1,180.00","1,180.00","","-0.51%"
"01/16/2006","1,186.00","1,186.00","1,186.00","1,186.00","","0.51%"
"01/13/2006","1,180.00","1,180.00","1,180.00","1,180.00","","0.85%"
"01/12/2006","1,170.00","1,170.00","1,170.00","1,170.00","","-0.93%"
"01/11/2006","1,181.00","1,181.00","1,181.00","1,181.00","","-0.34%"
"01/10/2006","1,185.00","1,185.00","1,185.00","1,185.00","","0.25%"
"01/09/2006","1,182.00","1,182.00","1,182.00","1,182.00","","1.46%"
"01/06/2006","1,165.00","1,165.00","1,165.00","1,165.00","","-0.43%"
"01/05/2006","1,170.00","1,170.00","1,170.00","1,170.00","","0.34%"
"01/04/2006","1,166.00","1,166.00","1,166.00","1,166.00","","0.95%"
"01/03/2006","1,155.00","1,155.00","1,155.00","1,155.00","","-0.75%"
"01/02/2006","1,163.75","1,163.75","1,163.75","1,163.75","","1.20%"
"12/30/2005","1,150.00","1,150.00","1,150.00","1,150.00","","-1.25%"
"12/29/2005","1,164.50","1,164.50","1,164.50","1,164.50","","0.22%"
"12/28/2005","1,162.00","1,162.00","1,162.00","1,162.00","","0.04%"
"12/27/2005","1,161.50","1,161.50","1,161.50","1,161.50","","0.35%"
"12/26/2005","1,157.50","1,157.50","1,157.50","1,157.50","","0.00%"
"12/23/2005","1,157.50","1,157.50","1,157.50","1,157.50","","0.00%"
"12/22/2005","1,157.50","1,157.50","1,157.50","1,157.50","","-0.13%"
"12/21/2005","1,159.00","1,159.00","1,159.00","1,159.00","","-0.26%"
"12/20/2005","1,162.00","1,162.00","1,162.00","1,162.00","","-0.26%"
"12/19/2005","1,165.00","1,165.00","1,165.00","1,165.00","","0.65%"
"12/16/2005","1,157.50","1,157.50","1,157.50","1,157.50","","-0.81%"
"12/15/2005","1,167.00","1,167.00","1,167.00","1,167.00","","0.60%"
"12/14/2005","1,160.00","1,160.00","1,160.00","1,160.00","","-1.28%"
"12/13/2005","1,175.00","1,175.00","1,175.00","1,175.00","","0.13%"
"12/12/2005","1,173.50","1,173.50","1,173.50","1,173.50","","2.04%"
"12/09/2005","1,150.00","1,150.00","1,150.00","1,150.00","","-2.09%"
"12/08/2005","1,174.50","1,174.50","1,174.50","1,174.50","","0.60%"
"12/07/2005","1,167.50","1,167.50","1,167.50","1,167.50","","2.41%"
"12/06/2005","1,140.00","1,140.00","1,140.00","1,140.00","","-1.72%"
"12/05/2005","1,160.00","1,160.00","1,160.00","1,160.00","","-1.86%"
"12/02/2005","1,182.00","1,182.00","1,182.00","1,182.00","","-0.63%"
"12/01/2005","1,189.50","1,189.50","1,189.50","1,189.50","","-0.13%"
"11/30/2005","1,191.00","1,191.00","1,191.00","1,191.00","","-0.17%"
"11/29/2005","1,193.00","1,193.00","1,193.00","1,193.00","","0.00%"
"11/28/2005","1,193.00","1,193.00","1,193.00","1,193.00","","-0.04%"
"11/25/2005","1,193.50","1,193.50","1,193.50","1,193.50","","-0.33%"
"11/24/2005","1,197.50","1,197.50","1,197.50","1,197.50","","0.84%"
"11/23/2005","1,187.50","1,187.50","1,187.50","1,187.50","","0.42%"
"11/22/2005","1,182.50","1,182.50","1,182.50","1,182.50","","-1.05%"
"11/21/2005","1,195.00","1,195.00","1,195.00","1,195.00","","1.70%"
"11/18/2005","1,175.00","1,175.00","1,175.00","1,175.00","","0.86%"
"11/17/2005","1,165.00","1,165.00","1,165.00","1,165.00","","-0.64%"
"11/16/2005","1,172.50","1,172.50","1,172.50","1,172.50","","0.64%"
"11/15/2005","1,165.00","1,165.00","1,165.00","1,165.00","","0.43%"
"11/14/2005","1,160.00","1,160.00","1,160.00","1,160.00","","-0.35%"
"11/11/2005","1,164.13","1,164.13","1,164.13","1,164.13","","0.49%"
"11/10/2005","1,158.50","1,158.50","1,158.50","1,158.50","","0.13%"
"11/09/2005","1,157.00","1,157.00","1,157.00","1,157.00","","0.61%"
"11/08/2005","1,150.00","1,150.00","1,150.00","1,150.00","","0.44%"
"11/07/2005","1,145.00","1,145.00","1,145.00","1,145.00","","0.00%"
"11/04/2005","1,145.00","1,145.00","1,145.00","1,145.00","","0.09%"
"11/03/2005","1,144.00","1,144.00","1,144.00","1,144.00","","0.57%"
"11/02/2005","1,137.50","1,137.50","1,137.50","1,137.50","","0.22%"
"11/01/2005","1,135.00","1,135.00","1,135.00","1,135.00","","-0.74%"
"10/31/2005","1,143.50","1,143.50","1,143.50","1,143.50","","0.08%"
"10/28/2005","1,142.53","1,142.53","1,142.53","1,142.53","","0.20%"
"10/27/2005","1,140.25","1,140.25","1,140.25","1,140.25","","0.68%"
"10/26/2005","1,132.50","1,132.50","1,132.50","1,132.50","","-0.70%"
"10/25/2005","1,140.50","1,140.50","1,140.50","1,140.50","","-0.15%"
"10/24/2005","1,142.25","1,142.25","1,142.25","1,142.25","","-0.02%"
"10/21/2005","1,142.50","1,142.50","1,142.50","1,142.50","","-0.04%"
"10/20/2005","1,143.00","1,143.00","1,143.00","1,143.00","","0.09%"
"10/19/2005","1,141.92","1,141.92","1,141.92","1,141.92","","-0.08%"
"10/18/2005","1,142.85","1,142.85","1,142.85","1,142.85","","1.59%"
"10/17/2005","1,125.00","1,125.00","1,125.00","1,125.00","","-0.88%"
"10/14/2005","1,135.00","1,135.00","1,135.00","1,135.00","","-0.35%"
"10/13/2005","1,139.00","1,139.00","1,139.00","1,139.00","","0.66%"
"10/12/2005","1,131.50","1,131.50","1,131.50","1,131.50","","-0.92%"
"10/11/2005","1,142.00","1,142.00","1,142.00","1,142.00","","0.04%"
"10/10/2005","1,141.60","1,141.60","1,141.60","1,141.60","","0.18%"
"10/07/2005","1,139.50","1,139.50","1,139.50","1,139.50","","0.04%"
"10/06/2005","1,139.00","1,139.00","1,139.00","1,139.00","","-0.04%"
"10/05/2005","1,139.50","1,139.50","1,139.50","1,139.50","","0.18%"
"10/04/2005","1,137.50","1,137.50","1,137.50","1,137.50","","0.00%"
"10/03/2005","1,137.50","1,137.50","1,137.50","1,137.50","","0.89%"
"09/30/2005","1,127.50","1,127.50","1,127.50","1,127.50","","-0.70%"
"09/29/2005","1,135.50","1,135.50","1,135.50","1,135.50","","-0.04%"
"09/28/2005","1,136.00","1,136.00","1,136.00","1,136.00","","-0.18%"
"09/27/2005","1,138.00","1,138.00","1,138.00","1,138.00","","0.00%"
"09/26/2005","1,138.00","1,138.00","1,138.00","1,138.00","","-0.09%"
"09/23/2005","1,139.00","1,139.00","1,139.00","1,139.00","","0.00%"
"09/22/2005","1,139.00","1,139.00","1,139.00","1,139.00","","1.02%"
"09/21/2005","1,127.50","1,127.50","1,127.50","1,127.50","","-1.14%"
"09/20/2005","1,140.50","1,140.50","1,140.50","1,140.50","","0.40%"
"09/19/2005","1,136.00","1,136.00","1,136.00","1,136.00","","-0.02%"
"09/16/2005","1,136.25","1,136.25","1,136.25","1,136.25","","0.33%"
"09/15/2005","1,132.50","1,132.50","1,132.50","1,132.50","","-0.13%"
"09/14/2005","1,134.00","1,134.00","1,134.00","1,134.00","","0.35%"
"09/13/2005","1,130.00","1,130.00","1,130.00","1,130.00","","-0.04%"
"09/12/2005","1,130.50","1,130.50","1,130.50","1,130.50","","0.00%"
"09/09/2005","1,130.50","1,130.50","1,130.50","1,130.50","","-0.31%"
"09/08/2005","1,134.00","1,134.00","1,134.00","1,134.00","","0.00%"
"09/07/2005","1,134.00","1,134.00","1,134.00","1,134.00","","-0.40%"
"09/06/2005","1,138.50","1,138.50","1,138.50","1,138.50","","-0.13%"
"09/05/2005","1,140.00","1,140.00","1,140.00","1,140.00","","0.18%"
"09/02/2005","1,138.00","1,138.00","1,138.00","1,138.00","","0.26%"
"09/01/2005","1,135.00","1,135.00","1,135.00","1,135.00","","0.13%"
"08/31/2005","1,133.50","1,133.50","1,133.50","1,133.50","","0.53%"
"08/30/2005","1,127.50","1,127.50","1,127.50","1,127.50","","-0.35%"
"08/29/2005","1,131.50","1,131.50","1,131.50","1,131.50","","0.09%"
"08/26/2005","1,130.50","1,130.50","1,130.50","1,130.50","","-0.40%"
"08/25/2005","1,135.00","1,135.00","1,135.00","1,135.00","","0.09%"
"08/24/2005","1,134.00","1,134.00","1,134.00","1,134.00","","-0.18%"
"08/23/2005","1,136.00","1,136.00","1,136.00","1,136.00","","0.75%"
"08/22/2005","1,127.50","1,127.50","1,127.50","1,127.50","","-0.22%"
"08/19/2005","1,130.00","1,130.00","1,130.00","1,130.00","","-0.35%"
"08/18/2005","1,134.00","1,134.00","1,134.00","1,134.00","","0.35%"
"08/17/2005","1,130.00","1,130.00","1,130.00","1,130.00","","0.13%"
"08/16/2005","1,128.50","1,128.50","1,128.50","1,128.50","","0.98%"
"08/15/2005","1,117.50","1,117.50","1,117.50","1,117.50","","-0.45%"
"08/12/2005","1,122.50","1,122.50","1,122.50","1,122.50","","0.58%"
"08/11/2005","1,116.00","1,116.00","1,116.00","1,116.00","","0.31%"
"08/10/2005","1,112.50","1,112.50","1,112.50","1,112.50","","-0.67%"
"08/09/2005","1,120.00","1,120.00","1,120.00","1,120.00","","-0.88%"
"08/08/2005","1,130.00","1,130.00","1,130.00","1,130.00","","0.44%"
"08/05/2005","1,125.00","1,125.00","1,125.00","1,125.00","","-0.71%"
"08/04/2005","1,133.00","1,133.00","1,133.00","1,133.00","","0.22%"
"08/03/2005","1,130.50","1,130.50","1,130.50","1,130.50","","-0.40%"
"08/02/2005","1,135.00","1,135.00","1,135.00","1,135.00","","0.67%"
"08/01/2005","1,127.50","1,127.50","1,127.50","1,127.50","","-0.70%"
"07/29/2005","1,135.50","1,135.50","1,135.50","1,135.50","","-0.09%"
"07/28/2005","1,136.50","1,136.50","1,136.50","1,136.50","","0.00%"
"07/27/2005","1,136.50","1,136.50","1,136.50","1,136.50","","0.35%"
"07/26/2005","1,132.50","1,132.50","1,132.50","1,132.50","","0.00%"
"07/25/2005","1,132.50","1,132.50","1,132.50","1,132.50","","-0.44%"
"07/22/2005","1,137.50","1,137.50","1,137.50","1,137.50","","-0.44%"
"07/21/2005","1,142.50","1,142.50","1,142.50","1,142.50","","0.04%"
"07/20/2005","1,142.00","1,142.00","1,142.00","1,142.00","","0.84%"
"07/19/2005","1,132.50","1,132.50","1,132.50","1,132.50","","-0.22%"
"07/18/2005","1,135.00","1,135.00","1,135.00","1,135.00","","0.44%"
"07/15/2005","1,130.00","1,130.00","1,130.00","1,130.00","","-1.35%"
"07/14/2005","1,145.50","1,145.50","1,145.50","1,145.50","","0.48%"
"07/13/2005","1,140.00","1,140.00","1,140.00","1,140.00","","1.33%"
"07/12/2005","1,125.00","1,125.00","1,125.00","1,125.00","","-0.89%"
"07/11/2005","1,135.12","1,135.12","1,135.12","1,135.12","","0.32%"
"07/08/2005","1,131.50","1,131.50","1,131.50","1,131.50","","0.04%"
"07/07/2005","1,131.00","1,131.00","1,131.00","1,131.00","","1.21%"
"07/06/2005","1,117.50","1,117.50","1,117.50","1,117.50","","-1.19%"
"07/05/2005","1,131.00","1,131.00","1,131.00","1,131.00","","0.27%"
"07/04/2005","1,128.00","1,128.00","1,128.00","1,128.00","","-0.09%"
"07/01/2005","1,129.00","1,129.00","1,129.00","1,129.00","","0.18%"
"06/30/2005","1,127.00","1,127.00","1,127.00","1,127.00","","-0.04%"
"06/29/2005","1,127.50","1,127.50","1,127.50","1,127.50","","-0.09%"
"06/28/2005","1,128.50","1,128.50","1,128.50","1,128.50","","0.31%"
"06/27/2005","1,125.00","1,125.00","1,125.00","1,125.00","","-0.27%"
"06/24/2005","1,128.00","1,128.00","1,128.00","1,128.00","","0.04%"
"06/23/2005","1,127.50","1,127.50","1,127.50","1,127.50","","0.22%"
"06/22/2005","1,125.00","1,125.00","1,125.00","1,125.00","","-0.22%"
"06/21/2005","1,127.50","1,127.50","1,127.50","1,127.50","","-0.18%"
"06/20/2005","1,129.50","1,129.50","1,129.50","1,129.50","","0.40%"
"06/17/2005","1,125.00","1,125.00","1,125.00","1,125.00","","-0.18%"
"06/16/2005","1,127.00","1,127.00","1,127.00","1,127.00","","0.18%"
"06/15/2005","1,125.00","1,125.00","1,125.00","1,125.00","","0.45%"
"06/14/2005","1,120.00","1,120.00","1,120.00","1,120.00","","-0.53%"
"06/13/2005","1,126.00","1,126.00","1,126.00","1,126.00","","1.21%"
"06/10/2005","1,112.50","1,112.50","1,112.50","1,112.50","","0.23%"
"06/09/2005","1,110.00","1,110.00","1,110.00","1,110.00","","-1.11%"
"06/08/2005","1,122.50","1,122.50","1,122.50","1,122.50","","0.90%"
"06/07/2005","1,112.50","1,112.50","1,112.50","1,112.50","","-0.67%"
"06/06/2005","1,120.00","1,120.00","1,120.00","1,120.00","","-0.09%"
"06/03/2005","1,121.00","1,121.00","1,121.00","1,121.00","","-0.09%"
"06/02/2005","1,122.00","1,122.00","1,122.00","1,122.00","","0.18%"
"06/01/2005","1,120.00","1,120.00","1,120.00","1,120.00","","-0.44%"
"05/31/2005","1,125.00","1,125.00","1,125.00","1,125.00","","0.27%"
"05/30/2005","1,122.00","1,122.00","1,122.00","1,122.00","","0.45%"
"05/27/2005","1,117.00","1,117.00","1,117.00","1,117.00","","0.40%"
"05/26/2005","1,112.50","1,112.50","1,112.50","1,112.50","","-0.54%"
"05/25/2005","1,118.50","1,118.50","1,118.50","1,118.50","","0.04%"
"05/24/2005","1,118.00","1,118.00","1,118.00","1,118.00","","-0.18%"
"05/23/2005","1,120.00","1,120.00","1,120.00","1,120.00","","0.00%"
"05/20/2005","1,120.00","1,120.00","1,120.00","1,120.00","","-0.13%"
"05/19/2005","1,121.50","1,121.50","1,121.50","1,121.50","","0.81%"
"05/18/2005","1,112.50","1,112.50","1,112.50","1,112.50","","-0.31%"
"05/17/2005","1,116.00","1,116.00","1,116.00","1,116.00","","0.20%"
"05/16/2005","1,113.75","1,113.75","1,113.75","1,113.75","","0.11%"
"05/13/2005","1,112.50","1,112.50","1,112.50","1,112.50","","-0.85%"
"05/12/2005","1,122.00","1,122.00","1,122.00","1,122.00","","0.36%"
"05/11/2005","1,118.00","1,118.00","1,118.00","1,118.00","","0.63%"
"05/10/2005","1,111.00","1,111.00","1,111.00","1,111.00","","0.09%"
"05/09/2005","1,110.00","1,110.00","1,110.00","1,110.00","","-0.13%"
"05/06/2005","1,111.50","1,111.50","1,111.50","1,111.50","","-0.13%"
"05/05/2005","1,113.00","1,113.00","1,113.00","1,113.00","","0.04%"
"05/04/2005","1,112.50","1,112.50","1,112.50","1,112.50","","1.14%"
"05/03/2005","1,100.00","1,100.00","1,100.00","1,100.00","","-0.63%"
"05/02/2005","1,107.00","1,107.00","1,107.00","1,107.00","","0.00%"
"04/29/2005","1,107.00","1,107.00","1,107.00","1,107.00","","0.64%"
"04/28/2005","1,100.00","1,100.00","1,100.00","1,100.00","","-0.45%"
"04/27/2005","1,105.00","1,105.00","1,105.00","1,105.00","","0.00%"
"04/26/2005","1,105.00","1,105.00","1,105.00","1,105.00","","0.91%"
"04/25/2005","1,095.00","1,095.00","1,095.00","1,095.00","","-0.23%"
"04/22/2005","1,097.50","1,097.50","1,097.50","1,097.50","","-0.45%"
"04/21/2005","1,102.50","1,102.50","1,102.50","1,102.50","","-0.54%"
"04/20/2005","1,108.50","1,108.50","1,108.50","1,108.50","","-0.09%"
"04/19/2005","1,109.50","1,109.50","1,109.50","1,109.50","","0.41%"
"04/18/2005","1,105.00","1,105.00","1,105.00","1,105.00","","-0.36%"
"04/15/2005","1,109.00","1,109.00","1,109.00","1,109.00","","0.06%"
"04/14/2005","1,108.39","1,108.39","1,108.39","1,108.39","","0.76%"
"04/13/2005","1,100.00","1,100.00","1,100.00","1,100.00","","0.23%"
"04/12/2005","1,097.50","1,097.50","1,097.50","1,097.50","","-0.53%"
"04/11/2005","1,103.38","1,103.38","1,103.38","1,103.38","","0.54%"
"04/08/2005","1,097.50","1,097.50","1,097.50","1,097.50","","-0.23%"
"04/07/2005","1,100.00","1,100.00","1,100.00","1,100.00","","-0.18%"
"04/06/2005","1,102.00","1,102.00","1,102.00","1,102.00","","-0.05%"
"04/05/2005","1,102.50","1,102.50","1,102.50","1,102.50","","1.15%"
"04/04/2005","1,090.00","1,090.00","1,090.00","1,090.00","","-1.36%"
"04/01/2005","1,105.00","1,105.00","1,105.00","1,105.00","","0.68%"
"03/31/2005","1,097.50","1,097.50","1,097.50","1,097.50","","-0.57%"
"03/30/2005","1,103.84","1,103.84","1,103.84","1,103.84","","0.62%"
"03/29/2005","1,097.00","1,097.00","1,097.00","1,097.00","","-0.51%"
"03/28/2005","1,102.65","1,102.65","1,102.65","1,102.65","","0.00%"
"03/25/2005","1,102.65","1,102.65","1,102.65","1,102.65","","0.00%"
"03/24/2005","1,102.65","1,102.65","1,102.65","1,102.65","","-0.14%"
"03/23/2005","1,104.25","1,104.25","1,104.25","1,104.25","","-0.07%"
"03/22/2005","1,105.00","1,105.00","1,105.00","1,105.00","","0.09%"
"03/21/2005","1,104.00","1,104.00","1,104.00","1,104.00","","0.36%"
"03/18/2005","1,100.00","1,100.00","1,100.00","1,100.00","","-0.45%"
"03/17/2005","1,105.00","1,105.00","1,105.00","1,105.00","","-0.10%"
"03/16/2005","1,106.12","1,106.12","1,106.12","1,106.12","","-0.17%"
"03/15/2005","1,108.00","1,108.00","1,108.00","1,108.00","","-0.11%"
"03/14/2005","1,109.25","1,109.25","1,109.25","1,109.25","","0.11%"
"03/11/2005","1,108.00","1,108.00","1,108.00","1,108.00","","0.27%"
"03/10/2005","1,105.00","1,105.00","1,105.00","1,105.00","","0.68%"
"03/09/2005","1,097.50","1,097.50","1,097.50","1,097.50","","-0.77%"
"03/08/2005","1,106.00","1,106.00","1,106.00","1,106.00","","-0.14%"
"03/07/2005","1,107.50","1,107.50","1,107.50","1,107.50","","0.00%"
"03/04/2005","1,107.50","1,107.50","1,107.50","1,107.50","","-0.54%"
"03/03/2005","1,113.50","1,113.50","1,113.50","1,113.50","","-0.13%"
"03/02/2005","1,115.00","1,115.00","1,115.00","1,115.00","","1.36%"
"03/01/2005","1,100.00","1,100.00","1,100.00","1,100.00","","-0.95%"
"02/28/2005","1,110.50","1,110.50","1,110.50","1,110.50","","-0.18%"
"02/25/2005","1,112.50","1,112.50","1,112.50","1,112.50","","-0.04%"
"02/24/2005","1,113.00","1,113.00","1,113.00","1,113.00","","-0.07%"
"02/23/2005","1,113.75","1,113.75","1,113.75","1,113.75","","0.33%"
"02/22/2005","1,110.05","1,110.05","1,110.05","1,110.05","","0.28%"
"02/21/2005","1,107.00","1,107.00","1,107.00","1,107.00","","0.32%"
"02/18/2005","1,103.50","1,103.50","1,103.50","1,103.50","","-0.27%"
"02/17/2005","1,106.50","1,106.50","1,106.50","1,106.50","","0.04%"
"02/16/2005","1,106.04","1,106.04","1,106.04","1,106.04","","-0.13%"
"02/15/2005","1,107.50","1,107.50","1,107.50","1,107.50","","0.23%"
"02/14/2005","1,105.00","1,105.00","1,105.00","1,105.00","","-0.20%"
"02/11/2005","1,107.22","1,107.22","1,107.22","1,107.22","","-0.03%"
"02/10/2005","1,107.50","1,107.50","1,107.50","1,107.50","","0.50%"
"02/09/2005","1,102.00","1,102.00","1,102.00","1,102.00","","-0.41%"
"02/08/2005","1,106.50","1,106.50","1,106.50","1,106.50","","-0.27%"
"02/07/2005","1,109.50","1,109.50","1,109.50","1,109.50","","0.00%"
"02/04/2005","1,109.50","1,109.50","1,109.50","1,109.50","","0.05%"
"02/03/2005","1,109.00","1,109.00","1,109.00","1,109.00","","0.02%"
"02/02/2005","1,108.75","1,108.75","1,108.75","1,108.75","","0.09%"
"02/01/2005","1,107.75","1,107.75","1,107.75","1,107.75","","0.70%"
"01/31/2005","1,100.00","1,100.00","1,100.00","1,100.00","","0.50%"
"01/28/2005","1,094.50","1,094.50","1,094.50","1,094.50","","-0.05%"
"01/27/2005","1,095.00","1,095.00","1,095.00","1,095.00","","-1.79%"
"01/26/2005","1,115.00","1,115.00","1,115.00","1,115.00","","-1.50%"
"01/25/2005","1,132.00","1,132.00","1,132.00","1,132.00","","0.85%"
"01/24/2005","1,122.50","1,122.50","1,122.50","1,122.50","","0.90%"
"01/21/2005","1,112.50","1,112.50","1,112.50","1,112.50","","-0.36%"
"01/20/2005","1,116.50","1,116.50","1,116.50","1,116.50","","1.59%"
"01/19/2005","1,099.00","1,099.00","1,099.00","1,099.00","","-0.32%"
"01/18/2005","1,102.50","1,102.50","1,102.50","1,102.50","","0.68%"
"01/17/2005","1,095.00","1,095.00","1,095.00","1,095.00","","1.62%"
"01/14/2005","1,077.50","1,077.50","1,077.50","1,077.50","","1.65%"
"01/13/2005","1,060.00","1,060.00","1,060.00","1,060.00","","0.28%"
"01/12/2005","1,057.00","1,057.00","1,057.00","1,057.00","","-0.52%"
"01/11/2005","1,062.50","1,062.50","1,062.50","1,062.50","","0.19%"
"01/10/2005","1,060.50","1,060.50","1,060.50","1,060.50","","1.10%"
"01/07/2005","1,049.00","1,049.00","1,049.00","1,049.00","","0.24%"
"01/06/2005","1,046.50","1,046.50","1,046.50","1,046.50","","-0.33%"
"01/05/2005","1,050.00","1,050.00","1,050.00","1,050.00","","0.00%"
"01/04/2005","1,050.00","1,050.00","1,050.00","1,050.00","","0.49%"
"01/03/2005","1,044.83","1,044.83","1,044.83","1,044.83","","0.46%"
"12/31/2004","1,040.00","1,040.00","1,040.00","1,040.00","","0.24%"
"12/30/2004","1,037.50","1,037.50","1,037.50","1,037.50","","-0.53%"
"12/29/2004","1,043.00","1,043.00","1,043.00","1,043.00","","0.38%"
"12/28/2004","1,039.00","1,039.00","1,039.00","1,039.00","","-0.05%"
"12/27/2004","1,039.50","1,039.50","1,039.50","1,039.50","","0.00%"
"12/24/2004","1,039.50","1,039.50","1,039.50","1,039.50","","-0.34%"
"12/23/2004","1,043.03","1,043.03","1,043.03","1,043.03","","0.10%"
"12/22/2004","1,042.00","1,042.00","1,042.00","1,042.00","","0.05%"
"12/21/2004","1,041.50","1,041.50","1,041.50","1,041.50","","-0.38%"
"12/20/2004","1,045.50","1,045.50","1,045.50","1,045.50","","0.14%"
"12/17/2004","1,044.00","1,044.00","1,044.00","1,044.00","","-0.57%"
"12/16/2004","1,050.00","1,050.00","1,050.00","1,050.00","","0.05%"
"12/15/2004","1,049.50","1,049.50","1,049.50","1,049.50","","0.53%"
"12/14/2004","1,044.00","1,044.00","1,044.00","1,044.00","","-0.10%"
"12/13/2004","1,045.00","1,045.00","1,045.00","1,045.00","","-0.48%"
"12/10/2004","1,050.00","1,050.00","1,050.00","1,050.00","","0.00%"
"12/09/2004","1,050.00","1,050.00","1,050.00","1,050.00","","-0.47%"
"12/08/2004","1,055.00","1,055.00","1,055.00","1,055.00","","-0.28%"
"12/07/2004","1,058.00","1,058.00","1,058.00","1,058.00","","0.09%"
"12/06/2004","1,057.00","1,057.00","1,057.00","1,057.00","","-0.14%"
"12/03/2004","1,058.50","1,058.50","1,058.50","1,058.50","","0.14%"
"12/02/2004","1,057.00","1,057.00","1,057.00","1,057.00","","-0.14%"
"12/01/2004","1,058.50","1,058.50","1,058.50","1,058.50","","-0.05%"
"11/30/2004","1,059.00","1,059.00","1,059.00","1,059.00","","0.38%"
"11/29/2004","1,055.00","1,055.00","1,055.00","1,055.00","","-0.61%"
"11/26/2004","1,061.50","1,061.50","1,061.50","1,061.50","","0.00%"
"11/25/2004","1,061.50","1,061.50","1,061.50","1,061.50","","-0.05%"
"11/24/2004","1,062.00","1,062.00","1,062.00","1,062.00","","-0.05%"
"11/23/2004","1,062.50","1,062.50","1,062.50","1,062.50","","0.33%"
"11/22/2004","1,059.00","1,059.00","1,059.00","1,059.00","","0.05%"
"11/19/2004","1,058.50","1,058.50","1,058.50","1,058.50","","0.14%"
"11/18/2004","1,057.00","1,057.00","1,057.00","1,057.00","","-0.07%"
"11/17/2004","1,057.75","1,057.75","1,057.75","1,057.75","","0.17%"
"11/16/2004","1,056.00","1,056.00","1,056.00","1,056.00","","1.05%"
"11/15/2004","1,045.00","1,045.00","1,045.00","1,045.00","","-0.71%"
"11/12/2004","1,052.50","1,052.50","1,052.50","1,052.50","","-0.45%"
"11/11/2004","1,057.25","1,057.25","1,057.25","1,057.25","","1.17%"
"11/10/2004","1,045.00","1,045.00","1,045.00","1,045.00","","-1.04%"
"11/09/2004","1,056.00","1,056.00","1,056.00","1,056.00","","-0.28%"
"11/08/2004","1,059.00","1,059.00","1,059.00","1,059.00","","0.05%"
"11/05/2004","1,058.50","1,058.50","1,058.50","1,058.50","","0.38%"
"11/04/2004","1,054.50","1,054.50","1,054.50","1,054.50","","-0.75%"
"11/03/2004","1,062.50","1,062.50","1,062.50","1,062.50","","0.00%"
"11/02/2004","1,062.55","1,062.55","1,062.55","1,062.55","","1.10%"
"11/01/2004","1,051.00","1,051.00","1,051.00","1,051.00","","-0.47%"
"10/29/2004","1,056.00","1,056.00","1,056.00","1,056.00","","-0.61%"
"10/28/2004","1,062.50","1,062.50","1,062.50","1,062.50","","-0.23%"
"10/27/2004","1,065.00","1,065.00","1,065.00","1,065.00","","0.00%"
"10/26/2004","1,065.00","1,065.00","1,065.00","1,065.00","","-0.23%"
"10/25/2004","1,067.50","1,067.50","1,067.50","1,067.50","","0.00%"
"10/22/2004","1,067.50","1,067.50","1,067.50","1,067.50","","0.47%"
"10/21/2004","1,062.50","1,062.50","1,062.50","1,062.50","","-0.56%"
"10/20/2004","1,068.50","1,068.50","1,068.50","1,068.50","","0.28%"
"10/19/2004","1,065.50","1,065.50","1,065.50","1,065.50","","0.19%"
"10/18/2004","1,063.50","1,063.50","1,063.50","1,063.50","","0.05%"
"10/15/2004","1,063.00","1,063.00","1,063.00","1,063.00","","0.38%"
"10/14/2004","1,059.00","1,059.00","1,059.00","1,059.00","","0.00%"
"10/13/2004","1,059.00","1,059.00","1,059.00","1,059.00","","0.00%"
"10/12/2004","1,059.00","1,059.00","1,059.00","1,059.00","","0.42%"
"10/11/2004","1,054.54","1,054.54","1,054.54","1,054.54","","0.05%"
"10/08/2004","1,054.00","1,054.00","1,054.00","1,054.00","","0.14%"
"10/07/2004","1,052.50","1,052.50","1,052.50","1,052.50","","-0.19%"
"10/06/2004","1,054.50","1,054.50","1,054.50","1,054.50","","-1.27%"
"10/05/2004","1,068.05","1,068.05","1,068.05","1,068.05","","0.00%"
"10/04/2004","1,068.05","1,068.05","1,068.05","1,068.05","","1.00%"
"10/01/2004","1,057.50","1,057.50","1,057.50","1,057.50","","0.19%"
"09/30/2004","1,055.50","1,055.50","1,055.50","1,055.50","","-0.47%"
"09/29/2004","1,060.50","1,060.50","1,060.50","1,060.50","","-0.19%"
"09/28/2004","1,062.50","1,062.50","1,062.50","1,062.50","","-0.23%"
"09/27/2004","1,065.00","1,065.00","1,065.00","1,065.00","","-0.09%"
"09/24/2004","1,066.00","1,066.00","1,066.00","1,066.00","","-0.74%"
"09/23/2004","1,074.00","1,074.00","1,074.00","1,074.00","","0.28%"
"09/22/2004","1,071.00","1,071.00","1,071.00","1,071.00","","-0.28%"
"09/21/2004","1,074.00","1,074.00","1,074.00","1,074.00","","0.47%"
"09/20/2004","1,069.00","1,069.00","1,069.00","1,069.00","","-0.09%"
"09/17/2004","1,070.00","1,070.00","1,070.00","1,070.00","","-0.26%"
"09/16/2004","1,072.75","1,072.75","1,072.75","1,072.75","","0.09%"
"09/15/2004","1,071.75","1,071.75","1,071.75","1,071.75","","0.12%"
"09/14/2004","1,070.50","1,070.50","1,070.50","1,070.50","","0.09%"
"09/13/2004","1,069.50","1,069.50","1,069.50","1,069.50","","-0.03%"
"09/10/2004","1,069.84","1,069.84","1,069.84","1,069.84","","-0.25%"
"09/09/2004","1,072.50","1,072.50","1,072.50","1,072.50","","-0.36%"
"09/08/2004","1,076.34","1,076.34","1,076.34","1,076.34","","-0.01%"
"09/07/2004","1,076.50","1,076.50","1,076.50","1,076.50","","0.14%"
"09/06/2004","1,075.00","1,075.00","1,075.00","1,075.00","","-0.46%"
"09/03/2004","1,080.00","1,080.00","1,080.00","1,080.00","","0.28%"
"09/02/2004","1,077.00","1,077.00","1,077.00","1,077.00","","-0.28%"
"09/01/2004","1,080.00","1,080.00","1,080.00","1,080.00","","0.05%"
"08/31/2004","1,079.50","1,079.50","1,079.50","1,079.50","","0.00%"
"08/30/2004","1,079.50","1,079.50","1,079.50","1,079.50","","-0.51%"
"08/27/2004","1,085.00","1,085.00","1,085.00","1,085.00","","-0.09%"
"08/26/2004","1,086.00","1,086.00","1,086.00","1,086.00","","0.56%"
"08/25/2004","1,080.00","1,080.00","1,080.00","1,080.00","","-0.78%"
"08/24/2004","1,088.50","1,088.50","1,088.50","1,088.50","","0.32%"
"08/23/2004","1,085.00","1,085.00","1,085.00","1,085.00","","0.51%"
"08/20/2004","1,079.50","1,079.50","1,079.50","1,079.50","","-0.28%"
"08/19/2004","1,082.50","1,082.50","1,082.50","1,082.50","","0.19%"
"08/18/2004","1,080.50","1,080.50","1,080.50","1,080.50","","0.09%"
"08/17/2004","1,079.50","1,079.50","1,079.50","1,079.50","","-0.23%"
"08/16/2004","1,082.00","1,082.00","1,082.00","1,082.00","","0.23%"
"08/13/2004","1,079.50","1,079.50","1,079.50","1,079.50","","-0.47%"
"08/12/2004","1,084.59","1,084.59","1,084.59","1,084.59","","0.05%"
"08/11/2004","1,084.00","1,084.00","1,084.00","1,084.00","","0.14%"
"08/10/2004","1,082.50","1,082.50","1,082.50","1,082.50","","-0.51%"
"08/09/2004","1,088.00","1,088.00","1,088.00","1,088.00","","-0.18%"
"08/06/2004","1,090.00","1,090.00","1,090.00","1,090.00","","-0.41%"
"08/05/2004","1,094.50","1,094.50","1,094.50","1,094.50","","0.41%"
"08/04/2004","1,090.00","1,090.00","1,090.00","1,090.00","","-0.40%"
"08/03/2004","1,094.35","1,094.35","1,094.35","1,094.35","","0.40%"
"08/02/2004","1,090.00","1,090.00","1,090.00","1,090.00","","-0.47%"
"07/30/2004","1,095.15","1,095.15","1,095.15","1,095.15","","-0.44%"
"07/29/2004","1,100.00","1,100.00","1,100.00","1,100.00","","0.46%"
"07/28/2004","1,095.00","1,095.00","1,095.00","1,095.00","","-0.50%"
"07/27/2004","1,100.50","1,100.50","1,100.50","1,100.50","","0.96%"
"07/26/2004","1,090.00","1,090.00","1,090.00","1,090.00","","-0.68%"
"07/23/2004","1,097.50","1,097.50","1,097.50","1,097.50","","-0.41%"
"07/22/2004","1,102.00","1,102.00","1,102.00","1,102.00","","0.00%"
"07/21/2004","1,102.00","1,102.00","1,102.00","1,102.00","","0.18%"
"07/20/2004","1,100.00","1,100.00","1,100.00","1,100.00","","-0.09%"
"07/19/2004","1,101.00","1,101.00","1,101.00","1,101.00","","0.09%"
"07/16/2004","1,100.00","1,100.00","1,100.00","1,100.00","","-0.32%"
"07/15/2004","1,103.55","1,103.55","1,103.55","1,103.55","","0.87%"
"07/14/2004","1,094.00","1,094.00","1,094.00","1,094.00","","0.40%"
"07/13/2004","1,089.63","1,089.63","1,089.63","1,089.63","","-0.49%"
"07/12/2004","1,095.00","1,095.00","1,095.00","1,095.00","","-0.45%"
"07/09/2004","1,100.00","1,100.00","1,100.00","1,100.00","","0.00%"
"07/08/2004","1,100.00","1,100.00","1,100.00","1,100.00","","0.00%"
"07/07/2004","1,100.00","1,100.00","1,100.00","1,100.00","","-0.45%"
"07/06/2004","1,105.00","1,105.00","1,105.00","1,105.00","","0.00%"
"07/05/2004","1,105.05","1,105.05","1,105.05","1,105.05","","-0.18%"
"07/02/2004","1,107.00","1,107.00","1,107.00","1,107.00","","0.05%"
"07/01/2004","1,106.50","1,106.50","1,106.50","1,106.50","","-0.18%"
"06/30/2004","1,108.50","1,108.50","1,108.50","1,108.50","","0.20%"
"06/29/2004","1,106.32","1,106.32","1,106.32","1,106.32","","-0.14%"
"06/28/2004","1,107.86","1,107.86","1,107.86","1,107.86","","-0.06%"
"06/25/2004","1,108.50","1,108.50","1,108.50","1,108.50","","-0.06%"
"06/24/2004","1,109.20","1,109.20","1,109.20","1,109.20","","0.11%"
"06/23/2004","1,108.00","1,108.00","1,108.00","1,108.00","","-0.27%"
"06/22/2004","1,111.00","1,111.00","1,111.00","1,111.00","","0.16%"
"06/21/2004","1,109.25","1,109.25","1,109.25","1,109.25","","-0.16%"
"06/18/2004","1,111.00","1,111.00","1,111.00","1,111.00","","0.09%"
"06/17/2004","1,110.00","1,110.00","1,110.00","1,110.00","","-0.27%"
"06/16/2004","1,113.00","1,113.00","1,113.00","1,113.00","","0.09%"
"06/15/2004","1,112.00","1,112.00","1,112.00","1,112.00","","-0.09%"
"06/14/2004","1,113.00","1,113.00","1,113.00","1,113.00","","-0.13%"
"06/11/2004","1,114.50","1,114.50","1,114.50","1,114.50","","-0.09%"
"06/10/2004","1,115.50","1,115.50","1,115.50","1,115.50","","0.04%"
"06/09/2004","1,115.00","1,115.00","1,115.00","1,115.00","","-0.09%"
"06/08/2004","1,116.00","1,116.00","1,116.00","1,116.00","","0.31%"
"06/07/2004","1,112.50","1,112.50","1,112.50","1,112.50","","-0.22%"
"06/04/2004","1,115.00","1,115.00","1,115.00","1,115.00","","0.04%"
"06/03/2004","1,114.50","1,114.50","1,114.50","1,114.50","","-0.22%"
"06/02/2004","1,117.00","1,117.00","1,117.00","1,117.00","","0.00%"
"06/01/2004","1,117.00","1,117.00","1,117.00","1,117.00","","0.01%"
"05/31/2004","1,116.86","1,116.86","1,116.86","1,116.86","","0.05%"
"05/28/2004","1,116.25","1,116.25","1,116.25","1,116.25","","-0.16%"
"05/27/2004","1,118.00","1,118.00","1,118.00","1,118.00","","-0.25%"
"05/26/2004","1,120.75","1,120.75","1,120.75","1,120.75","","0.34%"
"05/25/2004","1,117.00","1,117.00","1,117.00","1,117.00","","0.49%"
"05/24/2004","1,111.50","1,111.50","1,111.50","1,111.50","","-0.41%"
"05/21/2004","1,116.09","1,116.09","1,116.09","1,116.09","","0.08%"
"05/20/2004","1,115.25","1,115.25","1,115.25","1,115.25","","0.13%"
"05/19/2004","1,113.84","1,113.84","1,113.84","1,113.84","","0.39%"
"05/18/2004","1,109.50","1,109.50","1,109.50","1,109.50","","0.09%"
"05/17/2004","1,108.50","1,108.50","1,108.50","1,108.50","","-0.08%"
"05/14/2004","1,109.38","1,109.38","1,109.38","1,109.38","","0.17%"
"05/13/2004","1,107.50","1,107.50","1,107.50","1,107.50","","-0.27%"
"05/12/2004","1,110.50","1,110.50","1,110.50","1,110.50","","-0.05%"
"05/11/2004","1,111.00","1,111.00","1,111.00","1,111.00","","-0.27%"
"05/10/2004","1,114.00","1,114.00","1,114.00","1,114.00","","-0.25%"
"05/07/2004","1,116.83","1,116.83","1,116.83","1,116.83","","0.09%"
"05/06/2004","1,115.84","1,115.84","1,115.84","1,115.84","","0.39%"
"05/05/2004","1,111.50","1,111.50","1,111.50","1,111.50","","0.23%"
"05/04/2004","1,109.00","1,109.00","1,109.00","1,109.00","","-0.58%"
"05/03/2004","1,115.50","1,115.50","1,115.50","1,115.50","","-0.36%"
"04/30/2004","1,119.50","1,119.50","1,119.50","1,119.50","","0.04%"
"04/29/2004","1,119.00","1,119.00","1,119.00","1,119.00","","0.00%"
"04/28/2004","1,119.00","1,119.00","1,119.00","1,119.00","","0.13%"
"04/27/2004","1,117.50","1,117.50","1,117.50","1,117.50","","0.45%"
"04/26/2004","1,112.50","1,112.50","1,112.50","1,112.50","","-0.18%"
"04/23/2004","1,114.50","1,114.50","1,114.50","1,114.50","","0.18%"
"04/22/2004","1,112.50","1,112.50","1,112.50","1,112.50","","-0.49%"
"04/21/2004","1,118.00","1,118.00","1,118.00","1,118.00","","0.46%"
"04/20/2004","1,112.87","1,112.87","1,112.87","1,112.87","","0.14%"
"04/19/2004","1,111.35","1,111.35","1,111.35","1,111.35","","0.15%"
"04/16/2004","1,109.74","1,109.74","1,109.74","1,109.74","","0.34%"
"04/15/2004","1,106.00","1,106.00","1,106.00","1,106.00","","0.05%"
"04/14/2004","1,105.50","1,105.50","1,105.50","1,105.50","","0.02%"
"04/13/2004","1,105.29","1,105.29","1,105.29","1,105.29","","-0.06%"
"04/12/2004","1,106.00","1,106.00","1,106.00","1,106.00","","0.00%"
"04/09/2004","1,106.00","1,106.00","1,106.00","1,106.00","","-0.09%"
"04/08/2004","1,107.00","1,107.00","1,107.00","1,107.00","","0.00%"
"04/07/2004","1,107.00","1,107.00","1,107.00","1,107.00","","0.14%"
"04/06/2004","1,105.50","1,105.50","1,105.50","1,105.50","","-0.23%"
"04/05/2004","1,108.00","1,108.00","1,108.00","1,108.00","","0.05%"
"04/02/2004","1,107.50","1,107.50","1,107.50","1,107.50","","0.05%"
"04/01/2004","1,107.00","1,107.00","1,107.00","1,107.00","","-0.02%"
"03/31/2004","1,107.20","1,107.20","1,107.20","1,107.20","","-0.14%"
"03/30/2004","1,108.70","1,108.70","1,108.70","1,108.70","","-0.03%"
"03/29/2004","1,109.00","1,109.00","1,109.00","1,109.00","","0.14%"
"03/26/2004","1,107.50","1,107.50","1,107.50","1,107.50","","-0.06%"
"03/25/2004","1,108.14","1,108.14","1,108.14","1,108.14","","-0.05%"
"03/24/2004","1,108.71","1,108.71","1,108.71","1,108.71","","0.02%"
"03/23/2004","1,108.50","1,108.50","1,108.50","1,108.50","","0.03%"
"03/22/2004","1,108.22","1,108.22","1,108.22","1,108.22","","-0.16%"
"03/19/2004","1,110.04","1,110.04","1,110.04","1,110.04","","0.23%"
"03/18/2004","1,107.50","1,107.50","1,107.50","1,107.50","","0.18%"
"03/17/2004","1,105.50","1,105.50","1,105.50","1,105.50","","-0.32%"
"03/16/2004","1,109.00","1,109.00","1,109.00","1,109.00","","0.55%"
"03/15/2004","1,102.90","1,102.90","1,102.90","1,102.90","","-0.25%"
"03/12/2004","1,105.71","1,105.71","1,105.71","1,105.71","","-0.24%"
"03/11/2004","1,108.41","1,108.41","1,108.41","1,108.41","","-0.19%"
"03/10/2004","1,110.52","1,110.52","1,110.52","1,110.52","","0.09%"
"03/09/2004","1,109.53","1,109.53","1,109.53","1,109.53","","-0.07%"
"03/08/2004","1,110.32","1,110.32","1,110.32","1,110.32","","0.00%"
"03/05/2004","1,110.34","1,110.34","1,110.34","1,110.34","","-0.01%"
"03/04/2004","1,110.50","1,110.50","1,110.50","1,110.50","","0.05%"
"03/03/2004","1,110.00","1,110.00","1,110.00","1,110.00","","0.40%"
"03/02/2004","1,105.55","1,105.55","1,105.55","1,105.55","","-0.56%"
"03/01/2004","1,111.82","1,111.82","1,111.82","1,111.82","","0.05%"
"02/27/2004","1,111.23","1,111.23","1,111.23","1,111.23","","0.00%"
"02/26/2004","1,111.24","1,111.24","1,111.24","1,111.24","","0.06%"
"02/25/2004","1,110.60","1,110.60","1,110.60","1,110.60","","0.14%"
"02/24/2004","1,109.00","1,109.00","1,109.00","1,109.00","","-0.17%"
"02/23/2004","1,110.94","1,110.94","1,110.94","1,110.94","","0.04%"
"02/20/2004","1,110.50","1,110.50","1,110.50","1,110.50","","0.09%"
"02/19/2004","1,109.50","1,109.50","1,109.50","1,109.50","","-0.05%"
"02/18/2004","1,110.00","1,110.00","1,110.00","1,110.00","","0.03%"
"02/17/2004","1,109.70","1,109.70","1,109.70","1,109.70","","0.11%"
"02/16/2004","1,108.50","1,108.50","1,108.50","1,108.50","","0.32%"
"02/13/2004","1,105.00","1,105.00","1,105.00","1,105.00","","-0.27%"
"02/12/2004","1,108.00","1,108.00","1,108.00","1,108.00","","0.18%"
"02/11/2004","1,106.00","1,106.00","1,106.00","1,106.00","","0.04%"
"02/10/2004","1,105.55","1,105.55","1,105.55","1,105.55","","-0.22%"
"02/09/2004","1,108.00","1,108.00","1,108.00","1,108.00","","0.23%"
"02/06/2004","1,105.50","1,105.50","1,105.50","1,105.50","","-0.36%"
"02/05/2004","1,109.50","1,109.50","1,109.50","1,109.50","","0.86%"
"02/04/2004","1,100.00","1,100.00","1,100.00","1,100.00","","-0.75%"
"02/03/2004","1,108.35","1,108.35","1,108.35","1,108.35","","-0.25%"
"02/02/2004","1,111.12","1,111.12","1,111.12","1,111.12","","-0.02%"
"01/30/2004","1,111.30","1,111.30","1,111.30","1,111.30","","0.30%"
"01/29/2004","1,108.00","1,108.00","1,108.00","1,108.00","","-0.41%"
"01/28/2004","1,112.54","1,112.54","1,112.54","1,112.54","","-0.04%"
"01/27/2004","1,113.00","1,113.00","1,113.00","1,113.00","","-0.09%"
"01/26/2004","1,114.00","1,114.00","1,114.00","1,114.00","","0.36%"
"01/23/2004","1,110.00","1,110.00","1,110.00","1,110.00","","0.10%"
"01/22/2004","1,108.93","1,108.93","1,108.93","1,108.93","","0.81%"
"01/21/2004","1,100.00","1,100.00","1,100.00","1,100.00","","0.96%"
"01/20/2004","1,089.50","1,089.50","1,089.50","1,089.50","","0.41%"
"01/19/2004","1,085.00","1,085.00","1,085.00","1,085.00","","0.70%"
"01/16/2004","1,077.50","1,077.50","1,077.50","1,077.50","","0.05%"
"01/15/2004","1,077.00","1,077.00","1,077.00","1,077.00","","0.21%"
"01/14/2004","1,074.74","1,074.74","1,074.74","1,074.74","","0.49%"
"01/13/2004","1,069.50","1,069.50","1,069.50","1,069.50","","0.33%"
"01/12/2004","1,066.00","1,066.00","1,066.00","1,066.00","","-0.09%"
"01/09/2004","1,067.00","1,067.00","1,067.00","1,067.00","","0.14%"
"01/08/2004","1,065.50","1,065.50","1,065.50","1,065.50","","-0.05%"
"01/07/2004","1,066.00","1,066.00","1,066.00","1,066.00","","0.57%"
"01/06/2004","1,059.91","1,059.91","1,059.91","1,059.91","","-0.20%"
"01/05/2004","1,062.00","1,062.00","1,062.00","1,062.00","","0.46%"
"01/02/2004","1,057.13","1,057.13","1,057.13","1,057.13","","-0.04%"
"12/31/2003","1,057.54","1,057.54","1,057.54","1,057.54","","-0.22%"
"12/30/2003","1,059.82","1,059.82","1,059.82","1,059.82","","-0.07%"
"12/29/2003","1,060.60","1,060.60","1,060.60","1,060.60","","0.05%"
"12/24/2003","1,060.10","1,060.10","1,060.10","1,060.10","","0.25%"
"12/23/2003","1,057.50","1,057.50","1,057.50","1,057.50","","-0.50%"
"12/22/2003","1,062.82","1,062.82","1,062.82","1,062.82","","0.28%"
"12/19/2003","1,059.90","1,059.90","1,059.90","1,059.90","","-0.36%"
"12/18/2003","1,063.76","1,063.76","1,063.76","1,063.76","","-0.35%"
"12/17/2003","1,067.50","1,067.50","1,067.50","1,067.50","","0.05%"
"12/16/2003","1,067.00","1,067.00","1,067.00","1,067.00","","0.42%"
"12/15/2003","1,062.50","1,062.50","1,062.50","1,062.50","","0.05%"
"12/12/2003","1,061.97","1,061.97","1,061.97","1,061.97","","0.28%"
"12/11/2003","1,059.00","1,059.00","1,059.00","1,059.00","","0.76%"
"12/10/2003","1,051.00","1,051.00","1,051.00","1,051.00","","-0.05%"
"12/09/2003","1,051.50","1,051.50","1,051.50","1,051.50","","-0.05%"
"12/08/2003","1,052.00","1,052.00","1,052.00","1,052.00","","-0.14%"
"12/05/2003","1,053.50","1,053.50","1,053.50","1,053.50","","-0.05%"
"12/04/2003","1,054.00","1,054.00","1,054.00","1,054.00","","0.09%"
"12/03/2003","1,053.00","1,053.00","1,053.00","1,053.00","","-0.09%"
"12/02/2003","1,054.00","1,054.00","1,054.00","1,054.00","","0.19%"
"12/01/2003","1,052.00","1,052.00","1,052.00","1,052.00","","-0.10%"
"11/28/2003","1,053.05","1,053.05","1,053.05","1,053.05","","0.53%"
"11/27/2003","1,047.50","1,047.50","1,047.50","1,047.50","","-0.24%"
"11/26/2003","1,050.00","1,050.00","1,050.00","1,050.00","","-0.10%"
"11/25/2003","1,051.00","1,051.00","1,051.00","1,051.00","","0.29%"
"11/24/2003","1,048.00","1,048.00","1,048.00","1,048.00","","-0.12%"
"11/21/2003","1,049.25","1,049.25","1,049.25","1,049.25","","0.12%"
"11/20/2003","1,048.00","1,048.00","1,048.00","1,048.00","","-0.57%"
"11/19/2003","1,054.00","1,054.00","1,054.00","1,054.00","","0.09%"
"11/18/2003","1,053.00","1,053.00","1,053.00","1,053.00","","0.77%"
"11/17/2003","1,045.00","1,045.00","1,045.00","1,045.00","","-0.69%"
"11/14/2003","1,052.25","1,052.25","1,052.25","1,052.25","","0.26%"
"11/13/2003","1,049.50","1,049.50","1,049.50","1,049.50","","0.14%"
"11/12/2003","1,048.00","1,048.00","1,048.00","1,048.00","","0.00%"
"11/11/2003","1,048.00","1,048.00","1,048.00","1,048.00","","0.00%"
"11/10/2003","1,048.00","1,048.00","1,048.00","1,048.00","","-0.14%"
"11/07/2003","1,049.50","1,049.50","1,049.50","1,049.50","","0.02%"
"11/06/2003","1,049.25","1,049.25","1,049.25","1,049.25","","-0.22%"
"11/05/2003","1,051.55","1,051.55","1,051.55","1,051.55","","0.15%"
"11/04/2003","1,050.00","1,050.00","1,050.00","1,050.00","","0.14%"
"11/03/2003","1,048.50","1,048.50","1,048.50","1,048.50","","0.00%"
"10/31/2003","1,048.50","1,048.50","1,048.50","1,048.50","","0.14%"
"10/30/2003","1,047.00","1,047.00","1,047.00","1,047.00","","-0.05%"
"10/29/2003","1,047.50","1,047.50","1,047.50","1,047.50","","-0.24%"
"10/28/2003","1,050.00","1,050.00","1,050.00","1,050.00","","0.29%"
"10/27/2003","1,047.00","1,047.00","1,047.00","1,047.00","","0.00%"
"10/24/2003","1,047.00","1,047.00","1,047.00","1,047.00","","0.19%"
"10/23/2003","1,045.00","1,045.00","1,045.00","1,045.00","","0.05%"
"10/22/2003","1,044.50","1,044.50","1,044.50","1,044.50","","-0.24%"
"10/21/2003","1,047.00","1,047.00","1,047.00","1,047.00","","0.23%"
"10/20/2003","1,044.55","1,044.55","1,044.55","1,044.55","","-0.09%"
"10/17/2003","1,045.50","1,045.50","1,045.50","1,045.50","","0.10%"
"10/16/2003","1,044.50","1,044.50","1,044.50","1,044.50","","-0.14%"
"10/15/2003","1,046.00","1,046.00","1,046.00","1,046.00","","0.10%"
"10/14/2003","1,045.00","1,045.00","1,045.00","1,045.00","","-0.19%"
"10/13/2003","1,047.00","1,047.00","1,047.00","1,047.00","","0.14%"
"10/10/2003","1,045.50","1,045.50","1,045.50","1,045.50","","0.34%"
"10/09/2003","1,042.00","1,042.00","1,042.00","1,042.00","","-0.10%"
"10/08/2003","1,043.00","1,043.00","1,043.00","1,043.00","","-0.10%"
"10/07/2003","1,044.00","1,044.00","1,044.00","1,044.00","","-0.05%"
"10/06/2003","1,044.50","1,044.50","1,044.50","1,044.50","","0.29%"
"10/03/2003","1,041.50","1,041.50","1,041.50","1,041.50","","-0.10%"
"10/02/2003","1,042.50","1,042.50","1,042.50","1,042.50","","-0.10%"
"10/01/2003","1,043.50","1,043.50","1,043.50","1,043.50","","-0.05%"
"09/30/2003","1,044.00","1,044.00","1,044.00","1,044.00","","-0.38%"
"09/29/2003","1,048.00","1,048.00","1,048.00","1,048.00","","0.46%"
"09/26/2003","1,043.20","1,043.20","1,043.20","1,043.20","","-0.27%"
"09/25/2003","1,046.00","1,046.00","1,046.00","1,046.00","","0.05%"
"09/24/2003","1,045.50","1,045.50","1,045.50","1,045.50","","-0.05%"
"09/23/2003","1,046.00","1,046.00","1,046.00","1,046.00","","-0.19%"
"09/22/2003","1,048.00","1,048.00","1,048.00","1,048.00","","-0.71%"
"09/19/2003","1,055.50","1,055.50","1,055.50","1,055.50","","0.29%"
"09/18/2003","1,052.50","1,052.50","1,052.50","1,052.50","","-0.05%"
"09/17/2003","1,053.00","1,053.00","1,053.00","1,053.00","","0.14%"
"09/16/2003","1,051.50","1,051.50","1,051.50","1,051.50","","0.19%"
"09/15/2003","1,049.50","1,049.50","1,049.50","1,049.50","","0.14%"
"09/12/2003","1,048.00","1,048.00","1,048.00","1,048.00","","-0.10%"
"09/11/2003","1,049.00","1,049.00","1,049.00","1,049.00","","0.43%"
"09/10/2003","1,044.50","1,044.50","1,044.50","1,044.50","","-0.24%"
"09/09/2003","1,047.00","1,047.00","1,047.00","1,047.00","","0.00%"
"09/08/2003","1,047.00","1,047.00","1,047.00","1,047.00","","0.09%"
"09/05/2003","1,046.03","1,046.03","1,046.03","1,046.03","","0.43%"
"09/04/2003","1,041.50","1,041.50","1,041.50","1,041.50","","-0.29%"
"09/03/2003","1,044.50","1,044.50","1,044.50","1,044.50","","-0.05%"
"09/02/2003","1,045.00","1,045.00","1,045.00","1,045.00","","-0.38%"
"09/01/2003","1,049.00","1,049.00","1,049.00","1,049.00","","0.48%"
"08/29/2003","1,044.00","1,044.00","1,044.00","1,044.00","","-0.14%"
"08/28/2003","1,045.50","1,045.50","1,045.50","1,045.50","","-0.24%"
"08/27/2003","1,048.00","1,048.00","1,048.00","1,048.00","","0.38%"
"08/26/2003","1,044.00","1,044.00","1,044.00","1,044.00","","0.00%"
"08/25/2003","1,044.00","1,044.00","1,044.00","1,044.00","","0.34%"
"08/22/2003","1,040.50","1,040.50","1,040.50","1,040.50","","-0.34%"
"08/21/2003","1,044.00","1,044.00","1,044.00","1,044.00","","0.14%"
"08/20/2003","1,042.50","1,042.50","1,042.50","1,042.50","","0.34%"
"08/19/2003","1,039.00","1,039.00","1,039.00","1,039.00","","0.05%"
"08/18/2003","1,038.50","1,038.50","1,038.50","1,038.50","","-0.29%"
"08/15/2003","1,041.50","1,041.50","1,041.50","1,041.50","","0.00%"
"08/14/2003","1,041.50","1,041.50","1,041.50","1,041.50","","-0.19%"
"08/13/2003","1,043.50","1,043.50","1,043.50","1,043.50","","-0.24%"
"08/12/2003","1,046.00","1,046.00","1,046.00","1,046.00","","0.00%"
"08/11/2003","1,046.00","1,046.00","1,046.00","1,046.00","","0.00%"
"08/08/2003","1,046.00","1,046.00","1,046.00","1,046.00","","-0.10%"
"08/07/2003","1,047.00","1,047.00","1,047.00","1,047.00","","0.10%"
"08/06/2003","1,046.00","1,046.00","1,046.00","1,046.00","","-0.10%"
"08/05/2003","1,047.00","1,047.00","1,047.00","1,047.00","","0.19%"
"08/04/2003","1,045.00","1,045.00","1,045.00","1,045.00","","0.00%"
"08/01/2003","1,045.00","1,045.00","1,045.00","1,045.00","","0.19%"
"07/31/2003","1,043.00","1,043.00","1,043.00","1,043.00","","0.14%"
"07/30/2003","1,041.50","1,041.50","1,041.50","1,041.50","","-0.24%"
"07/29/2003","1,044.00","1,044.00","1,044.00","1,044.00","","-0.10%"
"07/28/2003","1,045.00","1,045.00","1,045.00","1,045.00","","0.05%"
"07/25/2003","1,044.50","1,044.50","1,044.50","1,044.50","","0.58%"
"07/24/2003","1,038.50","1,038.50","1,038.50","1,038.50","","-0.05%"
"07/23/2003","1,039.00","1,039.00","1,039.00","1,039.00","","0.05%"
"07/22/2003","1,038.50","1,038.50","1,038.50","1,038.50","","0.14%"
"07/21/2003","1,037.00","1,037.00","1,037.00","1,037.00","","-0.34%"
"07/18/2003","1,040.50","1,040.50","1,040.50","1,040.50","","-0.53%"
"07/17/2003","1,046.00","1,046.00","1,046.00","1,046.00","","0.05%"
"07/16/2003","1,045.50","1,045.50","1,045.50","1,045.50","","0.24%"
"07/15/2003","1,043.00","1,043.00","1,043.00","1,043.00","","0.00%"
"07/14/2003","1,043.00","1,043.00","1,043.00","1,043.00","","-0.19%"
"07/11/2003","1,045.00","1,045.00","1,045.00","1,045.00","","0.38%"
"07/10/2003","1,041.00","1,041.00","1,041.00","1,041.00","","0.29%"
"07/09/2003","1,038.00","1,038.00","1,038.00","1,038.00","","0.78%"
"07/08/2003","1,030.00","1,030.00","1,030.00","1,030.00","","-1.06%"
"07/07/2003","1,041.00","1,041.00","1,041.00","1,041.00","","-0.10%"
"07/04/2003","1,042.00","1,042.00","1,042.00","1,042.00","","0.92%"
"07/03/2003","1,032.50","1,032.50","1,032.50","1,032.50","","-0.91%"
"07/02/2003","1,042.00","1,042.00","1,042.00","1,042.00","","0.39%"
"07/01/2003","1,038.00","1,038.00","1,038.00","1,038.00","","-0.10%"
"06/30/2003","1,039.00","1,039.00","1,039.00","1,039.00","","-0.38%"
"06/27/2003","1,043.00","1,043.00","1,043.00","1,043.00","","0.00%"
"06/26/2003","1,043.00","1,043.00","1,043.00","1,043.00","","0.14%"
"06/25/2003","1,041.50","1,041.50","1,041.50","1,041.50","","-0.05%"
"06/24/2003","1,042.00","1,042.00","1,042.00","1,042.00","","0.19%"
"06/23/2003","1,040.00","1,040.00","1,040.00","1,040.00","","-0.48%"
"06/20/2003","1,045.00","1,045.00","1,045.00","1,045.00","","-0.29%"
"06/19/2003","1,048.00","1,048.00","1,048.00","1,048.00","","-0.14%"
"06/18/2003","1,049.50","1,049.50","1,049.50","1,049.50","","0.43%"
"06/17/2003","1,045.00","1,045.00","1,045.00","1,045.00","","0.29%"
"06/16/2003","1,042.00","1,042.00","1,042.00","1,042.00","","0.24%"
"06/13/2003","1,039.50","1,039.50","1,039.50","1,039.50","","0.58%"
"06/12/2003","1,033.50","1,033.50","1,033.50","1,033.50","","0.34%"
"06/11/2003","1,030.00","1,030.00","1,030.00","1,030.00","","0.00%"
"06/10/2003","1,030.00","1,030.00","1,030.00","1,030.00","","0.00%"
"06/09/2003","1,030.00","1,030.00","1,030.00","1,030.00","","-0.48%"
"06/06/2003","1,035.00","1,035.00","1,035.00","1,035.00","","0.49%"
"06/05/2003","1,030.00","1,030.00","1,030.00","1,030.00","","-0.77%"
"06/04/2003","1,038.00","1,038.00","1,038.00","1,038.00","","0.00%"
"06/03/2003","1,038.00","1,038.00","1,038.00","1,038.00","","0.00%"
"06/02/2003","1,038.00","1,038.00","1,038.00","1,038.00","","-0.19%"
"05/30/2003","1,040.00","1,040.00","1,040.00","1,040.00","","0.00%"
"05/29/2003","1,040.00","1,040.00","1,040.00","1,040.00","","-0.38%"
"05/28/2003","1,044.00","1,044.00","1,044.00","1,044.00","","-0.19%"
"05/27/2003","1,046.00","1,046.00","1,046.00","1,046.00","","-0.48%"
"05/26/2003","1,051.00","1,051.00","1,051.00","1,051.00","","0.10%"
"05/23/2003","1,050.00","1,050.00","1,050.00","1,050.00","","0.14%"
"05/22/2003","1,048.50","1,048.50","1,048.50","1,048.50","","-0.14%"
"05/21/2003","1,050.00","1,050.00","1,050.00","1,050.00","","-0.28%"
"05/20/2003","1,053.00","1,053.00","1,053.00","1,053.00","","0.24%"
"05/19/2003","1,050.50","1,050.50","1,050.50","1,050.50","","0.53%"
"05/16/2003","1,045.00","1,045.00","1,045.00","1,045.00","","0.48%"
"05/15/2003","1,040.00","1,040.00","1,040.00","1,040.00","","0.58%"
"05/14/2003","1,034.00","1,034.00","1,034.00","1,034.00","","0.05%"
"05/13/2003","1,033.50","1,033.50","1,033.50","1,033.50","","0.10%"
"05/12/2003","1,032.50","1,032.50","1,032.50","1,032.50","","0.05%"
"05/09/2003","1,032.00","1,032.00","1,032.00","1,032.00","","-0.19%"
"05/08/2003","1,034.00","1,034.00","1,034.00","1,034.00","","0.10%"
"05/07/2003","1,033.00","1,033.00","1,033.00","1,033.00","","0.98%"
"05/06/2003","1,023.00","1,023.00","1,023.00","1,023.00","","-0.92%"
"05/05/2003","1,032.50","1,032.50","1,032.50","1,032.50","","-0.34%"
"05/02/2003","1,036.00","1,036.00","1,036.00","1,036.00","","-0.10%"
"05/01/2003","1,037.00","1,037.00","1,037.00","1,037.00","","-0.10%"
"04/30/2003","1,038.00","1,038.00","1,038.00","1,038.00","","-0.10%"
"04/29/2003","1,039.00","1,039.00","1,039.00","1,039.00","","-0.19%"
"04/28/2003","1,041.00","1,041.00","1,041.00","1,041.00","","-0.76%"
"04/25/2003","1,049.00","1,049.00","1,049.00","1,049.00","","-0.10%"
"04/24/2003","1,050.00","1,050.00","1,050.00","1,050.00","","-0.38%"
"04/23/2003","1,054.00","1,054.00","1,054.00","1,054.00","","0.09%"
"04/22/2003","1,053.00","1,053.00","1,053.00","1,053.00","","-0.19%"
"04/21/2003","1,055.00","1,055.00","1,055.00","1,055.00","","0.00%"
"04/18/2003","1,055.00","1,055.00","1,055.00","1,055.00","","0.00%"
"04/17/2003","1,055.00","1,055.00","1,055.00","1,055.00","","0.57%"
"04/16/2003","1,049.00","1,049.00","1,049.00","1,049.00","","0.19%"
"04/15/2003","1,047.00","1,047.00","1,047.00","1,047.00","","0.24%"
"04/14/2003","1,044.50","1,044.50","1,044.50","1,044.50","","0.67%"
"04/11/2003","1,037.50","1,037.50","1,037.50","1,037.50","","-0.29%"
"04/10/2003","1,040.50","1,040.50","1,040.50","1,040.50","","0.43%"
"04/09/2003","1,036.00","1,036.00","1,036.00","1,036.00","","0.34%"
"04/08/2003","1,032.50","1,032.50","1,032.50","1,032.50","","0.44%"
"04/07/2003","1,028.00","1,028.00","1,028.00","1,028.00","","0.10%"
"04/04/2003","1,027.00","1,027.00","1,027.00","1,027.00","","-0.10%"
"04/03/2003","1,028.00","1,028.00","1,028.00","1,028.00","","0.19%"
"04/02/2003","1,026.00","1,026.00","1,026.00","1,026.00","","-0.05%"
"04/01/2003","1,026.50","1,026.50","1,026.50","1,026.50","","-0.19%"
"03/31/2003","1,028.50","1,028.50","1,028.50","1,028.50","","-0.44%"
"03/28/2003","1,033.00","1,033.00","1,033.00","1,033.00","","0.12%"
"03/27/2003","1,031.80","1,031.80","1,031.80","1,031.80","","-0.12%"
"03/26/2003","1,033.00","1,033.00","1,033.00","1,033.00","","-0.14%"
"03/25/2003","1,034.50","1,034.50","1,034.50","1,034.50","","-0.05%"
"03/24/2003","1,035.05","1,035.05","1,035.05","1,035.05","","0.20%"
"03/21/2003","1,033.00","1,033.00","1,033.00","1,033.00","","-0.63%"
"03/20/2003","1,039.50","1,039.50","1,039.50","1,039.50","","-0.14%"
"03/19/2003","1,041.00","1,041.00","1,041.00","1,041.00","","0.58%"
"03/18/2003","1,035.00","1,035.00","1,035.00","1,035.00","","-0.67%"
"03/17/2003","1,042.00","1,042.00","1,042.00","1,042.00","","0.19%"
"03/14/2003","1,040.00","1,040.00","1,040.00","1,040.00","","-0.05%"
"03/13/2003","1,040.50","1,040.50","1,040.50","1,040.50","","-0.19%"
"03/12/2003","1,042.50","1,042.50","1,042.50","1,042.50","","0.14%"
"03/11/2003","1,041.00","1,041.00","1,041.00","1,041.00","","0.19%"
"03/10/2003","1,039.00","1,039.00","1,039.00","1,039.00","","-0.05%"
"03/07/2003","1,039.50","1,039.50","1,039.50","1,039.50","","0.05%"
"03/06/2003","1,039.00","1,039.00","1,039.00","1,039.00","","0.19%"
"03/05/2003","1,037.00","1,037.00","1,037.00","1,037.00","","-0.10%"
"03/04/2003","1,038.00","1,038.00","1,038.00","1,038.00","","0.44%"
"03/03/2003","1,033.50","1,033.50","1,033.50","1,033.50","","0.44%"
"02/28/2003","1,029.00","1,029.00","1,029.00","1,029.00","","1.38%"
"02/27/2003","1,015.00","1,015.00","1,015.00","1,015.00","","-1.22%"
"02/26/2003","1,027.50","1,027.50","1,027.50","1,027.50","","0.15%"
"02/25/2003","1,026.00","1,026.00","1,026.00","1,026.00","","0.10%"
"02/24/2003","1,025.00","1,025.00","1,025.00","1,025.00","","-0.19%"
"02/21/2003","1,027.00","1,027.00","1,027.00","1,027.00","","0.00%"
"02/20/2003","1,027.00","1,027.00","1,027.00","1,027.00","","0.29%"
"02/19/2003","1,024.00","1,024.00","1,024.00","1,024.00","","0.10%"
"02/18/2003","1,023.00","1,023.00","1,023.00","1,023.00","","0.29%"
"02/17/2003","1,020.00","1,020.00","1,020.00","1,020.00","","-0.05%"
"02/14/2003","1,020.50","1,020.50","1,020.50","1,020.50","","0.25%"
"02/13/2003","1,018.00","1,018.00","1,018.00","1,018.00","","0.49%"
"02/12/2003","1,013.00","1,013.00","1,013.00","1,013.00","","0.00%"
"02/11/2003","1,013.00","1,013.00","1,013.00","1,013.00","","-0.30%"
"02/10/2003","1,016.00","1,016.00","1,016.00","1,016.00","","0.00%"
"02/07/2003","1,016.00","1,016.00","1,016.00","1,016.00","","-0.39%"
"02/06/2003","1,020.00","1,020.00","1,020.00","1,020.00","","0.15%"
"02/05/2003","1,018.50","1,018.50","1,018.50","1,018.50","","-0.05%"
"02/04/2003","1,019.00","1,019.00","1,019.00","1,019.00","","-0.10%"
"02/03/2003","1,020.00","1,020.00","1,020.00","1,020.00","","0.10%"
"01/31/2003","1,019.00","1,019.00","1,019.00","1,019.00","","-0.29%"
"01/30/2003","1,022.00","1,022.00","1,022.00","1,022.00","","0.49%"
"01/29/2003","1,017.00","1,017.00","1,017.00","1,017.00","","0.20%"
"01/28/2003","1,015.00","1,015.00","1,015.00","1,015.00","","0.20%"
"01/27/2003","1,013.00","1,013.00","1,013.00","1,013.00","","0.15%"
"01/24/2003","1,011.50","1,011.50","1,011.50","1,011.50","","1.86%"
"01/23/2003","993.00","993.00","993.00","993.00","","0.00%"
"01/22/2003","993.00","993.00","993.00","993.00","","0.00%"
"01/21/2003","993.00","993.00","993.00","993.00","","0.00%"
"01/20/2003","993.00","993.00","993.00","993.00","","0.00%"
"01/17/2003","993.00","993.00","993.00","993.00","","0.00%"
"01/16/2003","993.00","993.00","993.00","993.00","","0.00%"
"01/15/2003","993.00","993.00","993.00","993.00","","0.00%"
"01/14/2003","993.00","993.00","993.00","993.00","","0.00%"
"01/13/2003","993.00","993.00","993.00","993.00","","0.00%"
"01/10/2003","993.00","993.00","993.00","993.00","","0.40%"
"01/09/2003","989.00","989.00","989.00","989.00","","0.51%"
"01/08/2003","984.00","984.00","984.00","984.00","","0.00%"
"01/07/2003","984.00","984.00","984.00","984.00","","0.61%"
"01/06/2003","978.00","978.00","978.00","978.00","","0.00%"
"01/03/2003","978.00","978.00","978.00","978.00","","-0.31%"
"01/02/2003","981.00","981.00","981.00","981.00","","0.62%"
"01/01/2003","975.00","975.00","975.00","975.00","","0.00%"