"Date","Price","Open","High","Low","Vol.","Change %"
"03/02/2022","415.590","416.090","416.090","416.090","","0.00%"
"03/01/2022","415.590","416.020","416.090","415.500","0.01K","0.02%"
"02/28/2022","415.520","415.890","416.020","415.500","0.03K","0.03%"
"02/25/2022","415.390","415.890","415.890","415.890","","0.00%"
"02/24/2022","415.390","415.890","415.890","415.890","","0.00%"
"02/23/2022","415.390","415.890","415.890","415.890","","0.00%"
"02/22/2022","415.390","415.870","415.890","415.870","0.02K","0.00%"
"02/21/2022","415.370","415.870","415.870","415.870","","0.00%"
"02/18/2022","415.370","415.870","415.900","415.870","0.02K","0.00%"
"02/17/2022","415.370","415.810","415.870","415.800","0.02K","0.01%"
"02/16/2022","415.310","415.810","415.810","415.800","0.01K","0.00%"
"02/15/2022","415.310","416.410","416.450","415.810","0.02K","-0.14%"
"02/14/2022","415.910","417.010","417.050","415.500","0.02K","-0.14%"
"02/11/2022","416.510","416.870","417.010","416.870","0.02K","0.03%"
"02/10/2022","416.370","416.750","416.870","416.750","0.02K","0.03%"
"02/09/2022","416.250","416.550","416.750","416.550","0.02K","0.05%"
"02/08/2022","416.050","416.380","416.550","415.500","0.01K","0.04%"
"02/07/2022","415.880","416.200","416.380","415.500","0.03K","0.04%"
"02/04/2022","415.700","416.040","416.200","416.020","0.02K","0.04%"
"02/03/2022","415.540","415.830","416.040","415.800","0.01K","0.05%"
"02/02/2022","415.330","414.760","415.860","414.760","0.04K","0.26%"
"02/01/2022","414.260","415.830","415.830","414.760","0.02K","-0.26%"
"01/31/2022","415.330","415.660","415.830","415.500","0.03K","0.04%"
"01/28/2022","415.160","415.490","415.660","415.490","0.02K","0.04%"
"01/27/2022","414.990","415.320","415.490","415.320","0.02K","0.04%"
"01/26/2022","414.820","415.120","415.320","415.120","0.03K","0.05%"
"01/25/2022","414.620","415.030","415.140","415.030","0.02K","0.02%"
"01/24/2022","414.530","414.950","415.500","414.950","0.02K","0.02%"
"01/21/2022","414.450","414.950","415.000","414.950","0.02K","0.00%"
"01/20/2022","414.450","414.670","414.950","414.670","0.03K","0.07%"
"01/19/2022","414.170","414.500","414.670","414.500","0.02K","0.04%"
"01/18/2022","414.000","414.290","414.500","414.290","0.03K","0.05%"
"01/17/2022","413.790","414.290","415.500","414.290","0.01K","0.00%"
"01/14/2022","413.790","414.100","414.290","414.100","0.02K","0.05%"
"01/13/2022","413.600","413.940","414.110","413.940","0.01K","0.04%"
"01/12/2022","413.440","413.600","414.500","413.600","0.03K","0.08%"
"01/11/2022","413.100","413.640","413.640","413.600","0.03K","-0.01%"
"01/10/2022","413.140","413.210","414.290","413.210","0.02K","0.04%"
"01/07/2022","412.960","413.040","413.210","413.040","0.03K","0.04%"
"01/06/2022","412.790","412.800","413.040","412.800","0.04K","0.06%"
"01/05/2022","412.550","412.740","412.920","412.740","0.04K","0.01%"
"01/04/2022","412.490","412.740","413.500","412.740","0.02K","0.00%"
"01/03/2022","412.490","411.950","412.740","411.930","0.03K","0.19%"
"12/31/2021","411.700","411.250","411.950","411.250","0.02K","0.17%"
"12/30/2021","411.000","411.200","413.500","411.200","0.02K","0.01%"
"12/29/2021","410.950","411.200","413.500","411.190","0.01K","0.00%"
"12/28/2021","410.950","411.200","411.200","411.150","0.02K","0.00%"
"12/27/2021","410.950","411.180","411.200","411.170","0.04K","0.00%"
"12/24/2021","410.930","411.180","411.180","411.180","","0.00%"
"12/23/2021","410.930","411.170","411.180","411.150","0.02K","0.00%"
"12/22/2021","410.920","411.160","411.170","411.150","0.02K","0.00%"
"12/21/2021","410.910","410.160","411.160","410.160","0.02K","0.24%"
"12/20/2021","409.910","410.160","413.500","410.160","0.01K","0.00%"
"12/17/2021","409.910","410.080","410.160","410.070","0.03K","0.02%"
"12/16/2021","409.830","409.980","410.080","409.970","0.01K","0.02%"
"12/15/2021","409.730","409.970","413.500","409.950","0.02K","0.00%"
"12/14/2021","409.720","410.200","413.500","409.970","0.02K","-0.06%"
"12/13/2021","409.950","409.970","413.500","409.970","0.03K","0.06%"
"12/10/2021","409.720","410.000","410.000","409.970","0.01K","0.00%"
"12/09/2021","409.740","409.990","410.000","409.990","0.01K","0.00%"
"12/08/2021","409.740","409.990","409.990","409.970","0.00K","0.00%"
"12/07/2021","409.740","409.990","409.990","409.990","","0.00%"
"12/06/2021","409.740","409.980","413.500","409.980","0.02K","0.00%"
"12/03/2021","409.730","409.950","409.980","409.950","0.01K","0.01%"
"12/02/2021","409.700","409.910","409.970","409.910","0.02K","0.01%"
"12/01/2021","409.660","409.890","409.910","409.890","0.02K","0.00%"
"11/30/2021","409.640","409.890","409.900","409.890","0.01K","0.00%"
"11/29/2021","409.640","409.890","413.500","409.890","0.02K","0.00%"
"11/26/2021","409.640","409.900","409.900","409.890","0.01K","0.00%"
"11/25/2021","409.630","409.880","409.880","409.880","","0.00%"
"11/24/2021","409.630","409.880","409.880","409.850","0.00K","0.00%"
"11/23/2021","409.630","410.840","410.840","409.880","0.01K","-0.23%"
"11/22/2021","410.590","410.840","413.500","410.840","0.00K","0.00%"
"11/19/2021","410.590","410.820","410.850","410.820","0.01K","0.00%"
"11/18/2021","410.570","410.680","410.820","410.680","0.02K","0.03%"
"11/17/2021","410.430","410.680","410.680","410.650","0.01K","0.00%"
"11/16/2021","410.430","410.670","410.680","410.650","0.02K","0.00%"
"11/15/2021","410.420","410.640","413.500","410.640","0.02K","0.01%"
"11/12/2021","410.390","410.620","410.640","410.600","0.02K","0.00%"
"11/11/2021","410.370","410.590","410.620","410.580","0.01K","0.01%"
"11/10/2021","410.340","410.570","410.590","410.550","0.02K","0.00%"
"11/09/2021","410.320","410.540","410.570","410.500","0.01K","0.01%"
"11/08/2021","410.290","410.520","413.500","409.500","0.02K","0.00%"
"11/05/2021","410.270","410.490","410.520","410.470","0.02K","0.01%"
"11/04/2021","410.240","410.460","413.830","410.450","0.02K","0.01%"
"11/03/2021","410.210","410.420","414.230","410.400","0.02K","0.01%"
"11/02/2021","410.170","410.300","410.420","410.300","0.02K","0.03%"
"11/01/2021","410.050","410.310","413.500","409.500","0.02K","0.00%"
"10/29/2021","410.060","410.250","410.310","410.250","0.01K","0.01%"
"10/28/2021","410.000","410.270","410.270","410.250","0.04K","0.00%"
"10/27/2021","410.020","410.240","410.270","410.230","0.03K","0.01%"
"10/26/2021","409.990","410.210","410.240","410.200","0.01K","0.01%"
"10/25/2021","409.960","410.900","413.500","410.180","0.02K","0.01%"
"10/22/2021","409.910","410.880","410.910","410.880","0.02K","0.01%"
"10/21/2021","409.880","410.820","410.880","410.800","0.01K","0.01%"
"10/20/2021","409.820","410.890","410.890","410.820","0.01K","-0.02%"
"10/19/2021","409.890","410.910","410.950","410.890","0.02K","0.00%"
"10/18/2021","409.910","410.910","413.500","410.900","0.01K","0.00%"
"10/15/2021","409.910","410.850","410.910","410.820","0.01K","0.01%"
"10/14/2021","409.850","410.820","410.850","410.800","0.01K","0.01%"
"10/13/2021","409.820","410.870","412.750","410.800","0.03K","-0.01%"
"10/12/2021","409.870","410.770","413.270","410.750","0.04K","0.02%"
"10/11/2021","409.770","410.810","413.500","410.770","0.02K","-0.01%"
"10/08/2021","409.810","410.810","410.810","410.800","0.01K","0.00%"
"10/07/2021","409.810","410.820","412.250","410.780","0.01K","0.00%"
"10/06/2021","409.820","410.800","410.820","410.800","0.01K","0.00%"
"10/05/2021","409.800","410.800","410.800","410.800","","0.00%"
"10/04/2021","409.800","410.770","413.500","410.770","0.01K","0.01%"
"10/01/2021","409.770","410.800","410.800","410.770","0.02K","-0.01%"
"09/30/2021","409.800","409.760","410.800","409.760","0.01K","0.25%"
"09/29/2021","408.760","409.760","413.500","409.760","0.01K","0.00%"
"09/28/2021","408.760","411.500","411.500","409.260","0.03K","-0.55%"
"09/27/2021","411.000","411.500","413.500","411.500","0.01K","0.00%"
"09/24/2021","411.000","411.500","412.430","411.500","0.01K","0.00%"
"09/23/2021","411.000","411.500","411.750","411.500","0.01K","0.00%"
"09/22/2021","411.000","411.500","412.500","411.500","0.01K","0.00%"
"09/21/2021","411.000","411.500","411.500","411.000","0.01K","0.00%"
"09/20/2021","411.000","411.500","411.750","411.500","0.01K","0.00%"
"09/17/2021","411.000","411.500","411.500","411.500","","0.00%"
"09/16/2021","411.000","411.500","412.000","411.500","0.02K","0.00%"
"09/15/2021","411.000","411.500","411.500","411.500","","0.00%"
"09/14/2021","411.000","411.500","411.500","409.500","0.01K","0.00%"
"09/13/2021","411.000","411.430","412.000","411.430","0.01K","0.02%"
"09/10/2021","410.930","411.400","411.750","411.200","0.01K","0.01%"
"09/09/2021","410.900","411.300","411.450","410.750","0.02K","0.02%"
"09/08/2021","410.800","411.500","411.500","411.000","0.01K","-0.05%"
"09/07/2021","411.000","411.520","411.520","410.250","0.01K","0.00%"
"09/06/2021","411.020","411.520","411.520","411.500","0.01K","0.00%"
"09/03/2021","411.020","411.500","411.520","410.750","0.02K","0.00%"
"09/02/2021","411.000","411.500","412.000","410.500","0.02K","0.00%"
"09/01/2021","411.000","411.500","412.000","411.500","0.01K","0.00%"
"08/31/2021","411.000","411.500","412.000","409.500","0.01K","0.00%"
"08/30/2021","411.000","411.500","412.000","411.500","0.01K","0.00%"
"08/27/2021","411.000","411.500","411.500","410.500","0.01K","0.00%"
"08/26/2021","411.000","411.550","411.550","411.500","0.01K","-0.01%"
"08/25/2021","411.050","411.500","411.550","411.500","0.01K","0.01%"
"08/24/2021","411.000","411.550","411.550","409.500","0.01K","-0.01%"
"08/23/2021","411.050","411.700","411.700","411.500","0.01K","-0.04%"
"08/20/2021","411.200","411.800","411.800","411.700","0.02K","-0.02%"
"08/19/2021","411.300","411.900","411.900","411.800","0.01K","-0.02%"
"08/18/2021","411.400","411.700","412.000","411.700","0.02K","0.05%"
"08/17/2021","411.200","411.500","412.000","411.500","0.01K","0.05%"
"08/16/2021","411.000","411.500","411.500","411.065","0.01K","0.00%"
"08/13/2021","411.000","411.500","411.500","410.500","0.01K","0.00%"
"08/12/2021","411.000","411.500","411.500","409.500","0.01K","0.00%"
"08/11/2021","411.000","411.500","411.500","411.500","","0.00%"
"08/10/2021","411.000","411.500","411.500","411.500","","0.00%"
"08/09/2021","411.000","411.500","411.500","411.500","","0.00%"
"08/06/2021","411.000","411.500","411.500","411.500","","0.00%"
"08/05/2021","411.000","411.500","411.500","411.500","","0.00%"
"08/04/2021","411.000","411.500","411.500","411.500","","0.00%"
"08/03/2021","411.000","411.500","411.500","411.500","","0.00%"
"08/02/2021","411.000","411.500","411.550","411.250","0.02K","0.00%"
"07/30/2021","411.000","411.500","411.500","411.500","","0.00%"
"07/29/2021","411.000","411.500","411.500","411.500","","0.00%"
"07/28/2021","411.000","411.500","411.500","411.500","","0.00%"
"07/27/2021","411.000","411.500","411.500","411.250","0.00K","0.00%"
"07/26/2021","411.000","411.500","411.500","411.250","0.01K","0.00%"
"07/23/2021","411.000","411.500","411.500","411.500","","0.00%"
"07/22/2021","411.000","411.500","411.500","411.500","","0.00%"
"07/21/2021","411.000","411.500","411.500","411.500","","0.00%"
"07/20/2021","411.000","411.500","411.500","411.500","","0.00%"
"07/19/2021","411.000","411.500","411.500","411.250","0.01K","0.00%"
"07/16/2021","411.000","411.500","411.500","411.250","0.01K","0.00%"
"07/15/2021","411.000","411.500","411.500","411.500","","0.00%"
"07/14/2021","411.000","411.500","411.500","411.500","","0.00%"
"07/13/2021","411.000","411.500","411.500","411.500","","0.00%"
"07/12/2021","411.000","411.500","411.500","411.250","0.01K","0.00%"
"07/09/2021","411.000","411.500","411.500","411.500","","0.00%"
"07/08/2021","411.000","411.500","411.500","411.500","","0.00%"
"07/07/2021","411.000","411.500","411.500","411.250","0.01K","0.00%"
"07/06/2021","411.000","411.500","411.500","411.500","","0.00%"
"07/05/2021","411.000","411.500","411.500","411.250","0.01K","0.00%"
"07/02/2021","411.000","411.500","411.500","411.250","0.01K","0.00%"
"07/01/2021","411.000","411.500","411.500","411.500","","0.00%"
"06/30/2021","411.000","411.500","411.500","411.500","","0.00%"
"06/29/2021","411.000","411.500","411.500","411.500","","0.00%"
"06/28/2021","411.000","411.500","411.500","411.250","0.00K","0.00%"
"06/25/2021","411.000","411.500","411.500","410.750","0.01K","0.00%"
"06/24/2021","411.000","411.500","411.500","411.500","","0.00%"
"06/23/2021","411.000","411.380","411.500","410.250","0.02K","0.03%"
"06/22/2021","410.880","410.900","411.500","408.500","0.03K","0.12%"
"06/21/2021","410.400","410.500","411.250","410.500","0.02K","0.10%"
"06/18/2021","410.000","410.500","410.500","410.500","","0.00%"
"06/17/2021","410.000","410.500","410.500","408.500","0.01K","0.00%"
"06/16/2021","410.000","412.980","412.980","408.500","0.01K","-0.12%"
"06/15/2021","410.480","412.590","413.240","408.500","0.04K","0.10%"
"06/14/2021","410.090","412.590","412.590","412.590","","0.00%"
"06/11/2021","410.090","412.540","412.595","410.250","0.03K","0.01%"
"06/10/2021","410.040","412.540","412.945","408.500","0.02K","0.00%"
"06/09/2021","410.040","412.540","412.540","410.250","0.02K","0.00%"
"06/08/2021","410.040","412.540","412.770","408.500","0.01K","0.00%"
"06/07/2021","410.050","412.550","413.025","408.500","0.01K","0.00%"
"06/04/2021","410.050","412.550","412.550","410.500","0.01K","0.00%"
"06/03/2021","410.050","412.550","412.550","410.250","0.01K","0.00%"
"06/02/2021","410.050","412.980","412.990","410.500","0.03K","-0.10%"
"06/01/2021","410.480","413.000","413.375","410.500","0.02K","0.00%"
"05/31/2021","410.500","413.000","413.250","410.250","0.01K","0.00%"
"05/28/2021","410.500","412.600","413.250","407.500","0.02K","0.10%"
"05/27/2021","410.100","412.600","412.600","412.600","","0.00%"
"05/26/2021","410.100","412.600","412.800","408.750","0.01K","0.00%"
"05/25/2021","410.100","412.610","412.805","410.500","0.04K","0.00%"
"05/24/2021","410.110","412.700","412.700","410.250","0.03K","-0.02%"
"05/21/2021","410.200","412.800","412.800","412.700","0.03K","-0.02%"
"05/20/2021","410.300","412.800","413.025","409.500","0.01K","0.00%"
"05/19/2021","410.300","413.400","413.425","410.815","0.02K","-0.15%"
"05/18/2021","410.900","413.400","413.400","413.400","","0.00%"
"05/17/2021","410.900","412.500","413.450","408.750","0.02K","0.22%"
"05/14/2021","410.000","381.090","412.665","381.090","0.04K","7.73%"
"05/13/2021","380.590","381.090","381.090","381.090","","0.00%"
"05/12/2021","380.590","381.090","381.090","381.090","","0.00%"
"05/11/2021","380.590","381.090","381.295","381.045","0.02K","0.00%"
"05/10/2021","380.590","381.090","381.090","380.750","0.01K","0.00%"
"05/07/2021","380.590","381.090","381.090","381.090","","0.00%"
"05/06/2021","380.590","381.070","381.090","381.070","0.03K","0.01%"
"05/05/2021","380.570","381.070","381.070","381.070","","0.00%"
"05/04/2021","380.570","381.070","381.285","381.035","0.01K","0.00%"
"05/03/2021","380.570","381.050","381.070","381.050","0.02K","0.01%"
"04/30/2021","380.550","381.050","381.050","381.050","","0.00%"
"04/29/2021","380.550","381.050","381.050","381.050","","0.00%"
"04/28/2021","380.550","381.050","381.050","381.050","","0.00%"
"04/27/2021","380.550","381.050","381.275","380.750","0.03K","0.00%"
"04/26/2021","380.550","381.050","381.275","380.750","0.01K","0.00%"
"04/23/2021","380.550","381.050","381.275","381.025","0.01K","0.00%"
"04/22/2021","380.550","381.050","381.275","381.025","0.01K","0.00%"
"04/21/2021","380.550","381.050","381.275","381.025","0.01K","0.00%"
"04/20/2021","380.550","381.050","381.275","380.750","0.01K","0.00%"
"04/19/2021","380.550","381.050","381.275","381.025","0.01K","0.00%"
"04/16/2021","380.550","381.050","381.275","380.750","0.01K","0.00%"
"04/15/2021","380.550","381.050","381.275","381.025","0.01K","0.00%"
"04/14/2021","380.550","381.050","381.275","380.750","0.01K","0.00%"
"04/13/2021","380.550","381.050","381.275","380.750","0.01K","0.00%"
"04/12/2021","380.550","381.050","381.275","380.750","0.01K","0.00%"
"04/09/2021","380.550","381.050","381.275","381.025","0.01K","0.00%"
"04/08/2021","380.550","381.050","381.275","381.025","","0.00%"
"04/07/2021","380.550","381.050","381.275","381.025","0.01K","0.00%"
"04/06/2021","380.550","381.050","381.275","381.025","0.01K","0.00%"
"04/05/2021","380.550","381.050","381.050","381.050","","0.00%"
"04/02/2021","380.550","381.050","381.050","381.050","","0.00%"
"04/01/2021","380.550","381.050","381.275","380.750","0.01K","0.00%"
"03/31/2021","380.550","381.050","381.050","380.750","0.01K","0.00%"
"03/30/2021","380.550","381.050","381.050","380.750","0.02K","0.00%"
"03/29/2021","380.550","381.050","381.050","380.750","0.01K","0.00%"
"03/26/2021","380.550","381.050","381.050","381.050","","0.00%"
"03/25/2021","380.550","381.050","381.050","380.750","0.01K","0.00%"
"03/24/2021","380.550","381.050","381.050","380.750","0.00K","0.00%"
"03/23/2021","380.550","381.050","381.050","381.050","","0.00%"
"03/22/2021","380.550","381.050","381.275","381.025","0.01K","0.00%"
"03/19/2021","380.550","381.050","381.050","380.750","0.01K","0.00%"
"03/18/2021","380.550","381.050","381.275","381.025","0.01K","0.00%"
"03/17/2021","380.550","381.050","381.050","380.750","0.01K","0.00%"
"03/16/2021","380.550","381.050","381.050","380.750","0.00K","0.00%"
"03/15/2021","380.550","381.050","381.275","380.750","0.01K","0.00%"
"03/12/2021","380.550","381.050","381.275","380.750","0.01K","0.00%"
"03/11/2021","380.550","381.050","381.275","381.025","0.01K","0.00%"
"03/10/2021","380.550","381.050","381.275","381.025","0.01K","0.00%"
"03/09/2021","380.550","381.050","381.050","381.050","","0.00%"
"03/08/2021","380.550","381.050","381.275","380.750","0.01K","0.00%"
"03/05/2021","380.550","381.050","381.275","381.025","0.01K","0.00%"
"03/04/2021","380.550","381.050","381.275","381.025","0.01K","0.00%"
"03/03/2021","380.550","381.050","381.275","380.750","0.01K","0.00%"
"03/02/2021","380.550","381.050","381.275","381.025","0.01K","0.00%"
"03/01/2021","380.550","381.080","381.290","381.025","0.02K","-0.01%"
"02/26/2021","380.580","381.080","381.290","381.040","0.01K","0.00%"
"02/25/2021","380.580","381.100","381.300","381.040","0.02K","-0.01%"
"02/24/2021","380.600","381.100","381.300","380.750","0.01K","0.00%"
"02/23/2021","380.600","381.100","381.300","381.050","0.01K","0.00%"
"02/22/2021","380.600","381.100","381.300","381.050","0.01K","0.00%"
"02/19/2021","380.600","381.100","381.300","381.050","0.01K","0.00%"
"02/18/2021","380.600","381.150","381.150","381.100","0.02K","-0.01%"
"02/17/2021","380.650","381.150","381.325","381.075","0.01K","0.00%"
"02/16/2021","380.650","381.150","381.325","381.075","0.01K","0.00%"
"02/15/2021","380.650","381.150","381.325","381.075","0.00K","0.00%"
"02/12/2021","380.650","381.200","381.200","381.150","0.02K","-0.01%"
"02/11/2021","380.700","381.200","381.350","381.100","0.01K","0.00%"
"02/10/2021","380.700","381.200","381.350","380.750","0.01K","0.00%"
"02/09/2021","380.700","381.200","381.350","381.100","0.01K","0.00%"
"02/08/2021","380.700","381.200","381.350","381.100","0.01K","0.00%"
"02/05/2021","380.700","381.200","381.350","381.100","0.00K","0.00%"
"02/04/2021","380.700","381.200","381.350","381.100","0.01K","0.00%"
"02/03/2021","380.700","381.200","381.350","381.100","0.01K","0.00%"
"02/02/2021","380.700","381.200","381.350","380.750","0.01K","0.00%"
"02/01/2021","380.700","381.200","381.200","381.200","","0.00%"
"01/29/2021","380.700","381.200","381.200","381.200","","0.00%"
"01/28/2021","380.700","381.180","381.200","381.180","0.02K","0.01%"
"01/27/2021","380.680","381.200","381.350","380.750","0.01K","-0.01%"
"01/26/2021","380.700","381.200","381.350","381.100","0.01K","0.00%"
"01/25/2021","380.700","381.200","381.350","381.100","0.01K","0.00%"
"01/22/2021","380.700","381.200","381.200","381.200","","0.00%"
"01/21/2021","380.700","381.200","381.350","381.100","0.01K","0.00%"
"01/20/2021","380.700","381.200","381.350","381.100","0.01K","0.00%"
"01/19/2021","380.700","381.200","381.350","380.250","0.01K","0.00%"
"01/18/2021","380.700","381.200","381.350","381.100","0.01K","0.00%"
"01/15/2021","380.700","381.200","381.350","381.100","0.01K","0.00%"
"01/14/2021","380.700","381.200","381.350","381.100","0.01K","0.00%"
"01/13/2021","380.700","381.200","381.200","380.250","0.02K","0.00%"
"01/12/2021","380.700","381.200","381.200","380.250","0.02K","0.00%"
"01/11/2021","380.700","381.200","381.350","381.100","0.01K","0.00%"
"01/08/2021","380.700","381.200","381.350","380.250","0.01K","0.00%"
"01/07/2021","380.700","381.200","381.350","381.100","0.01K","0.00%"
"01/06/2021","380.700","381.200","381.200","380.250","0.01K","0.00%"
"01/05/2021","380.700","381.200","381.200","381.200","","0.00%"
"01/04/2021","380.700","381.200","381.350","381.100","","0.00%"
"01/01/2021","380.700","381.200","381.200","381.200","","0.00%"
"12/31/2020","380.700","381.200","381.200","381.200","","0.00%"
"12/30/2020","380.700","381.200","381.200","381.180","0.02K","0.00%"
"12/29/2020","380.700","381.200","381.350","380.250","0.01K","0.00%"
"12/28/2020","380.700","381.200","381.200","381.200","","0.00%"
"12/25/2020","380.700","381.200","381.200","381.200","","0.00%"
"12/24/2020","380.700","381.200","381.200","381.200","","0.00%"
"12/23/2020","380.700","381.200","381.200","381.200","","0.00%"
"12/22/2020","380.700","381.200","381.350","381.100","0.01K","0.00%"
"12/21/2020","380.700","381.200","381.350","381.100","0.01K","0.00%"
"12/18/2020","380.700","381.200","381.350","380.250","0.01K","0.00%"
"12/17/2020","380.700","381.200","381.200","380.250","0.01K","0.00%"
"12/16/2020","380.700","381.200","381.350","380.750","0.01K","0.00%"
"12/15/2020","380.700","381.200","381.350","380.750","0.01K","0.00%"
"12/14/2020","380.700","381.200","381.350","380.250","0.01K","0.00%"
"12/11/2020","380.700","381.200","381.200","380.750","0.01K","0.00%"
"12/10/2020","380.700","381.200","381.200","380.750","0.01K","0.00%"
"12/09/2020","380.700","381.200","381.350","381.100","0.01K","0.00%"
"12/08/2020","380.700","381.200","381.350","380.750","0.01K","0.00%"
"12/07/2020","380.700","381.200","381.350","380.750","0.01K","0.00%"
"12/04/2020","380.700","381.200","381.200","380.750","0.01K","0.00%"
"12/03/2020","380.700","381.200","381.200","381.200","","0.00%"
"12/02/2020","380.700","381.200","381.350","381.100","0.01K","0.00%"
"12/01/2020","380.700","381.200","381.200","381.200","","0.00%"
"11/30/2020","380.700","381.200","381.350","381.100","0.01K","0.00%"
"11/27/2020","380.700","381.200","381.200","381.200","","0.00%"
"11/26/2020","380.700","381.200","381.200","381.200","","0.00%"
"11/25/2020","380.700","381.200","381.200","381.200","","0.00%"
"11/24/2020","380.700","381.200","381.200","381.200","","0.00%"
"11/23/2020","380.700","381.200","381.350","380.250","0.01K","0.00%"
"11/20/2020","380.700","381.200","381.200","380.250","0.01K","0.00%"
"11/19/2020","380.700","381.200","381.200","380.750","0.01K","0.00%"
"11/18/2020","380.700","381.200","381.200","381.200","","0.00%"
"11/17/2020","380.700","381.200","381.350","380.250","0.01K","0.00%"
"11/16/2020","380.700","381.200","382.345","381.100","0.01K","0.00%"
"11/13/2020","380.700","381.200","381.350","380.250","0.01K","0.00%"
"11/12/2020","380.700","381.200","381.350","380.250","0.01K","0.00%"
"11/11/2020","380.700","381.200","381.200","380.250","0.00K","0.00%"
"11/10/2020","380.700","381.200","381.200","380.250","0.00K","0.00%"
"11/09/2020","380.700","381.200","381.200","380.250","0.01K","0.00%"
"11/06/2020","380.700","381.200","381.200","380.750","0.00K","0.00%"
"11/05/2020","380.700","381.200","381.200","380.250","0.00K","0.00%"
"11/04/2020","380.700","381.200","381.350","381.100","0.00K","0.00%"
"11/03/2020","380.700","381.200","381.200","381.200","","0.00%"
"11/02/2020","380.700","381.200","381.350","380.250","0.01K","0.00%"
"10/30/2020","380.700","381.200","381.200","381.200","","0.00%"
"10/29/2020","380.700","381.200","381.200","381.200","","0.00%"
"10/28/2020","380.700","381.200","381.350","380.250","0.01K","0.00%"
"10/27/2020","380.700","381.200","381.200","381.200","","0.00%"
"10/26/2020","380.700","381.200","381.200","381.200","","0.00%"
"10/23/2020","380.700","381.100","381.200","381.100","0.01K","0.03%"
"10/22/2020","380.600","381.100","381.100","381.100","","0.00%"
"10/21/2020","380.600","381.100","381.100","381.100","","0.00%"
"10/20/2020","380.600","381.100","381.100","380.750","0.01K","0.00%"
"10/19/2020","380.600","381.100","381.100","380.750","0.01K","0.00%"
"10/16/2020","380.600","381.100","381.100","381.100","","0.00%"
"10/15/2020","380.600","381.100","381.100","380.750","0.00K","0.00%"
"10/14/2020","380.600","381.100","381.100","381.100","","0.00%"
"10/13/2020","380.600","381.100","381.100","380.750","0.00K","0.00%"
"10/12/2020","380.600","381.100","381.100","380.750","0.01K","0.00%"
"10/09/2020","380.600","381.100","381.100","380.750","0.00K","0.00%"
"10/08/2020","380.600","381.100","381.100","380.750","0.01K","0.00%"
"10/07/2020","380.600","381.100","381.100","381.100","","0.00%"
"10/06/2020","380.600","381.100","381.100","381.100","","0.00%"
"10/05/2020","380.600","381.100","381.100","381.100","","0.00%"
"10/02/2020","380.600","381.100","381.100","381.100","","0.00%"
"10/01/2020","380.600","381.100","381.100","381.100","","0.00%"
"09/30/2020","380.600","381.100","381.100","380.750","0.00K","0.00%"
"09/29/2020","380.600","381.100","381.100","380.250","0.00K","0.00%"
"09/28/2020","380.600","381.100","381.300","380.750","0.00K","0.00%"
"09/25/2020","380.600","381.100","381.100","381.100","","0.00%"
"09/24/2020","380.600","381.100","381.100","381.100","","0.00%"
"09/23/2020","380.600","381.100","381.100","381.100","","0.00%"
"09/22/2020","380.600","381.100","381.100","381.100","","0.00%"
"09/21/2020","380.600","381.100","381.100","381.100","","0.00%"
"09/18/2020","380.600","381.200","381.200","381.100","0.01K","-0.03%"
"09/17/2020","380.700","381.200","381.200","380.250","0.00K","0.00%"
"09/16/2020","380.700","381.200","381.200","380.750","0.01K","0.00%"
"09/15/2020","380.700","381.200","381.200","380.750","0.01K","0.00%"
"09/14/2020","380.700","381.200","381.350","380.250","0.01K","0.00%"
"09/11/2020","380.700","381.200","381.350","380.750","0.01K","0.00%"
"09/10/2020","380.700","381.200","381.350","380.750","0.01K","0.00%"
"09/09/2020","380.700","381.200","381.350","380.750","0.01K","0.00%"
"09/08/2020","380.700","381.200","381.200","380.750","0.00K","0.00%"
"09/07/2020","380.700","381.200","381.350","380.250","0.01K","0.00%"
"09/04/2020","380.700","381.200","381.350","380.250","0.01K","0.00%"
"09/03/2020","380.700","381.200","381.350","380.250","0.01K","0.00%"
"09/02/2020","380.700","381.200","381.350","380.250","0.01K","0.00%"
"09/01/2020","380.700","381.200","381.350","380.250","0.01K","0.00%"
"08/31/2020","380.700","381.200","381.350","380.250","0.01K","0.00%"
"08/28/2020","380.700","381.200","381.350","380.250","0.00K","0.00%"
"08/27/2020","380.700","381.200","381.350","380.250","0.01K","0.00%"
"08/26/2020","380.700","381.500","381.500","380.750","0.02K","-0.08%"
"08/25/2020","381.000","381.500","381.500","380.250","0.00K","0.00%"
"08/24/2020","381.000","381.500","381.500","381.250","0.00K","0.00%"
"08/21/2020","381.000","381.500","381.500","380.250","0.01K","0.00%"
"08/20/2020","381.000","381.500","381.500","380.250","0.01K","0.00%"
"08/19/2020","381.000","381.500","381.500","380.250","0.02K","0.00%"
"08/18/2020","381.000","381.500","381.500","380.750","0.01K","0.00%"
"08/17/2020","381.000","379.500","381.500","379.500","0.02K","0.53%"
"08/14/2020","379.000","381.050","381.275","379.500","0.02K","-0.41%"
"08/13/2020","380.550","381.000","381.275","380.250","0.02K","0.01%"
"08/12/2020","380.500","381.000","381.250","380.250","0.01K","0.00%"
"08/11/2020","380.500","381.300","381.400","380.250","0.02K","-0.08%"
"08/10/2020","380.800","381.250","381.400","380.250","0.01K","0.01%"
"08/07/2020","380.750","381.250","381.375","380.250","0.00K","0.00%"
"08/06/2020","380.750","381.300","381.400","380.750","0.02K","-0.01%"
"08/05/2020","380.800","381.000","381.400","380.750","0.02K","0.08%"
"08/04/2020","380.500","381.000","381.250","380.250","0.01K","0.00%"
"08/03/2020","380.500","381.000","381.250","380.250","0.01K","0.00%"
"07/31/2020","380.500","381.000","381.000","381.000","","0.00%"
"07/30/2020","380.500","381.100","381.100","381.000","","-0.03%"
"07/29/2020","380.600","380.250","381.100","380.250","0.00K","-0.10%"
"07/28/2020","381.000","381.250","381.250","381.250","","0.13%"
"07/27/2020","380.500","381.250","381.250","380.250","0.00K","0.00%"
"07/24/2020","380.500","381.250","381.250","380.250","0.00K","-0.13%"
"07/23/2020","381.000","380.750","381.250","380.250","0.00K","0.13%"
"07/22/2020","380.500","381.250","381.250","380.250","0.00K","0.13%"
"07/21/2020","380.000","381.250","381.250","380.250","0.00K","-0.13%"
"07/20/2020","380.500","381.250","381.250","380.250","0.00K","0.13%"
"07/17/2020","380.000","380.750","381.250","380.250","0.00K","-0.13%"
"07/16/2020","380.500","380.750","380.750","380.750","0.00K","0.00%"
"07/15/2020","380.500","381.250","381.250","380.750","0.00K","-0.13%"
"07/14/2020","381.000","380.750","381.250","380.750","0.00K","0.13%"
"07/13/2020","380.500","380.750","380.750","380.750","","0.00%"
"07/10/2020","380.500","380.500","380.500","380.500","","0.00%"
"07/09/2020","380.500","380.750","385.500","380.250","0.01K","5.69%"
"07/08/2020","360.000","360.500","361.250","360.500","0.02K","0.00%"
"07/07/2020","360.000","360.500","361.250","360.500","0.01K","0.00%"
"07/06/2020","360.000","360.500","361.250","360.500","0.00K","0.00%"
"07/03/2020","360.000","360.500","360.500","360.500","","0.00%"
"07/02/2020","360.000","360.500","360.500","360.500","","0.00%"
"07/01/2020","360.000","360.500","360.500","360.500","","0.00%"
"06/30/2020","360.000","360.500","361.250","360.500","0.01K","0.00%"
"06/29/2020","360.000","360.500","361.250","360.500","0.00K","0.00%"
"06/26/2020","360.000","360.500","360.500","360.500","","0.00%"
"06/25/2020","360.000","360.500","361.250","360.500","0.00K","0.00%"
"06/24/2020","360.000","360.500","361.250","360.500","0.01K","0.00%"
"06/23/2020","360.000","360.500","361.250","360.500","0.01K","0.00%"
"06/22/2020","360.000","360.500","361.250","360.500","0.01K","0.00%"
"06/19/2020","360.000","360.500","361.250","360.500","0.01K","0.00%"
"06/18/2020","360.000","360.500","361.250","360.500","0.01K","0.00%"
"06/17/2020","360.000","360.500","361.250","360.500","0.01K","0.00%"
"06/16/2020","360.000","360.500","361.250","360.500","0.01K","0.00%"
"06/15/2020","360.000","360.500","361.250","360.500","0.01K","0.00%"
"06/12/2020","360.000","360.500","360.500","360.500","","0.00%"
"06/11/2020","360.000","360.500","361.250","360.500","0.01K","0.00%"
"06/10/2020","360.000","360.500","361.250","360.500","0.02K","0.00%"
"06/09/2020","360.000","360.500","361.250","360.500","0.01K","0.00%"
"06/08/2020","360.000","360.500","361.250","360.500","0.01K","0.00%"
"06/05/2020","360.000","360.500","361.250","360.500","0.01K","0.00%"
"06/04/2020","360.000","360.500","361.250","360.500","0.01K","0.00%"
"06/03/2020","360.000","360.500","361.250","360.500","0.01K","0.00%"
"06/02/2020","360.000","360.500","361.250","360.500","0.01K","0.00%"
"06/01/2020","360.000","360.500","361.250","360.500","0.00K","0.00%"
"05/29/2020","360.000","360.500","361.250","360.250","0.01K","0.00%"
"05/28/2020","360.000","360.500","361.250","360.500","0.01K","0.00%"
"05/27/2020","360.000","360.500","361.750","360.500","0.01K","0.00%"
"05/26/2020","360.000","360.500","360.500","360.500","","0.00%"
"05/25/2020","360.000","360.500","360.500","360.500","","0.00%"
"05/22/2020","360.000","360.500","361.250","360.500","0.00K","0.00%"
"05/21/2020","360.000","360.500","361.250","360.250","0.01K","0.00%"
"05/20/2020","360.000","360.500","361.250","360.500","0.01K","0.00%"
"05/19/2020","360.000","360.500","360.500","360.500","","0.00%"
"05/18/2020","360.000","360.500","361.250","360.250","0.01K","0.00%"
"05/15/2020","360.000","360.500","361.250","360.250","0.01K","0.00%"
"05/14/2020","360.000","360.500","360.500","360.500","","0.00%"
"05/13/2020","360.000","360.500","360.500","360.500","","0.00%"
"05/12/2020","360.000","360.500","361.250","360.250","0.01K","0.00%"
"05/11/2020","360.000","360.500","360.500","360.500","","0.00%"
"05/08/2020","360.000","360.500","360.500","360.500","","0.00%"
"05/07/2020","360.000","360.500","360.500","360.500","","0.00%"
"05/06/2020","360.000","360.500","360.500","360.500","","0.00%"
"05/05/2020","360.000","360.500","360.500","360.500","","0.00%"
"05/04/2020","360.000","360.500","360.500","360.500","","0.00%"
"05/01/2020","360.000","360.500","360.500","360.500","","0.00%"
"04/30/2020","360.000","360.500","360.500","360.500","","0.00%"
"04/29/2020","360.000","360.500","360.500","360.500","","0.00%"
"04/28/2020","360.000","360.500","360.500","360.500","","0.00%"
"04/27/2020","360.000","360.500","360.500","360.500","","0.00%"
"04/24/2020","360.000","360.500","361.500","360.250","0.01K","0.00%"
"04/23/2020","360.000","360.500","360.500","360.500","","0.00%"
"04/22/2020","360.000","360.500","360.500","360.500","","0.00%"
"04/21/2020","360.000","360.500","361.250","360.250","0.01K","0.00%"
"04/20/2020","360.000","360.500","361.250","360.500","0.01K","0.00%"
"04/17/2020","360.000","360.500","360.500","360.500","","0.00%"
"04/16/2020","360.000","360.500","360.500","360.250","0.01K","0.00%"
"04/15/2020","360.000","360.500","360.500","360.500","","0.00%"
"04/14/2020","360.000","360.500","360.500","360.500","","0.00%"
"04/13/2020","360.000","360.500","360.500","360.500","","0.00%"
"04/10/2020","360.000","360.500","360.500","360.500","","0.00%"
"04/09/2020","360.000","360.500","360.500","360.500","","0.00%"
"04/08/2020","360.000","360.500","360.500","360.500","","0.00%"
"04/07/2020","360.000","360.500","360.500","360.500","","0.00%"
"04/06/2020","360.000","360.500","360.500","360.500","","0.00%"
"04/03/2020","360.000","360.500","361.250","360.500","0.01K","0.00%"
"04/02/2020","360.000","360.500","361.250","360.250","0.01K","0.00%"
"04/01/2020","360.000","360.500","361.250","360.500","0.01K","0.00%"
"03/31/2020","360.000","360.500","361.250","360.500","0.00K","0.00%"
"03/30/2020","360.000","360.500","361.250","360.500","0.01K","0.00%"
"03/27/2020","360.000","360.500","361.250","360.500","0.00K","0.00%"
"03/26/2020","360.000","360.500","361.250","360.250","0.01K","0.00%"
"03/25/2020","360.000","360.500","360.500","360.500","","0.00%"
"03/24/2020","360.000","359.750","380.250","359.750","0.00K","-3.23%"
"03/23/2020","372.000","306.500","372.250","306.450","0.01K","21.57%"
"03/20/2020","306.000","306.500","306.750","305.550","0.02K","0.00%"
"03/19/2020","306.000","306.500","306.725","306.475","0.01K","0.00%"
"03/18/2020","306.000","306.450","306.725","306.450","0.01K","0.02%"
"03/17/2020","305.950","306.500","306.725","305.550","0.02K","-0.02%"
"03/16/2020","306.000","306.500","306.725","306.450","0.01K","0.00%"
"03/13/2020","306.000","306.450","306.725","306.425","0.03K","0.02%"
"03/12/2020","305.950","306.400","306.700","306.400","0.04K","0.02%"
"03/11/2020","305.900","306.500","306.725","306.400","0.04K","-0.03%"
"03/10/2020","306.000","306.500","306.725","306.450","0.02K","0.00%"
"03/09/2020","306.000","306.500","307.250","306.425","0.01K","0.00%"
"03/06/2020","306.000","306.500","307.250","306.450","0.01K","0.00%"
"03/05/2020","306.000","306.500","306.725","306.475","","0.00%"
"03/04/2020","306.000","306.500","307.250","306.475","0.01K","0.00%"
"03/03/2020","306.000","306.450","306.725","306.450","0.02K","0.02%"
"03/02/2020","305.950","306.400","306.700","306.400","0.02K","0.02%"
"02/28/2020","305.900","306.450","306.700","306.400","0.01K","-0.02%"
"02/27/2020","305.950","306.450","306.700","306.425","0.01K","0.00%"
"02/26/2020","305.950","306.420","306.700","306.420","0.02K","0.01%"
"02/25/2020","305.920","306.500","307.200","306.410","0.02K","-0.03%"
"02/24/2020","306.000","306.500","306.725","306.450","0.01K","0.00%"
"02/21/2020","306.000","306.500","306.725","306.400","0.02K","0.00%"
"02/20/2020","306.000","306.450","307.250","306.400","0.05K","0.02%"
"02/19/2020","305.950","306.700","306.700","306.400","0.01K","0.00%"
"02/18/2020","305.950","306.450","306.700","306.425","0.02K","0.00%"
"02/17/2020","305.950","306.400","306.700","306.400","0.02K","0.02%"
"02/14/2020","305.900","306.400","306.700","306.400","0.03K","0.00%"
"02/13/2020","305.900","306.400","306.700","306.400","0.02K","0.00%"
"02/12/2020","305.900","306.400","307.200","306.400","0.02K","0.00%"
"02/11/2020","305.900","306.450","306.700","306.400","0.04K","-0.02%"
"02/10/2020","305.950","306.700","307.250","306.400","0.02K","0.00%"
"02/07/2020","305.950","306.450","306.700","306.400","0.03K","0.00%"
"02/06/2020","305.950","306.500","306.725","306.425","0.03K","-0.02%"
"02/05/2020","306.000","306.500","307.250","306.450","0.01K","0.00%"
"02/04/2020","306.000","306.700","307.250","306.450","0.03K","0.00%"
"02/03/2020","306.000","306.500","306.725","306.425","0.01K","0.00%"
"01/31/2020","306.000","306.500","307.250","306.450","0.01K","0.00%"
"01/30/2020","306.000","306.700","307.250","305.550","0.01K","0.00%"
"01/29/2020","306.000","306.400","307.250","306.400","0.05K","0.03%"
"01/28/2020","305.900","306.420","306.700","306.400","0.04K","-0.01%"
"01/27/2020","305.920","306.450","306.700","306.410","0.04K","-0.01%"
"01/24/2020","305.950","306.450","306.700","306.400","0.02K","0.00%"
"01/23/2020","305.950","306.450","306.700","306.400","0.03K","0.00%"
"01/22/2020","305.950","306.450","306.700","306.400","","0.00%"
"01/21/2020","305.950","306.450","306.700","306.400","","0.00%"
"01/20/2020","305.950","306.400","306.700","306.400","","0.02%"
"01/17/2020","305.880","306.380","306.700","306.380","","0.00%"
"01/16/2020","305.880","306.400","306.700","306.380","","-0.01%"
"01/15/2020","305.900","306.400","306.700","306.400","","0.00%"
"01/14/2020","305.900","306.400","306.700","306.400","","0.00%"
"01/13/2020","305.900","306.400","306.700","306.400","","0.00%"
"01/10/2020","305.900","306.700","306.700","306.400","","0.00%"
"01/09/2020","305.900","306.500","306.725","306.400","","-0.03%"
"01/08/2020","306.000","306.500","307.200","306.425","","0.00%"
"01/07/2020","306.000","306.480","306.725","306.440","","0.01%"
"01/06/2020","305.980","306.500","306.725","306.440","","-0.01%"
"01/03/2020","306.000","307.500","307.500","306.450","","-0.33%"
"01/02/2020","307.000","306.500","307.500","306.450","","0.33%"
"01/01/2020","306.000","306.500","306.725","306.475","","0.00%"
"12/31/2019","306.000","306.500","306.725","306.450","","0.00%"
"12/30/2019","306.000","306.500","306.750","306.450","","0.00%"
"12/27/2019","306.000","306.500","306.725","306.450","","0.00%"
"12/26/2019","306.000","306.700","306.750","306.475","","0.00%"
"12/25/2019","306.000","306.500","306.725","306.475","","0.00%"
"12/24/2019","306.000","306.450","306.725","306.400","","0.02%"
"12/23/2019","305.950","306.400","306.700","306.400","","0.02%"
"12/20/2019","305.900","306.400","306.700","306.400","","0.00%"
"12/19/2019","305.900","306.700","306.700","306.400","","-0.02%"
"12/18/2019","305.950","306.400","306.700","306.400","","0.02%"
"12/17/2019","305.900","306.350","306.700","306.350","","0.02%"
"12/16/2019","305.850","306.450","306.700","306.350","","-0.03%"
"12/13/2019","305.950","306.400","306.700","306.400","","0.02%"
"12/12/2019","305.900","306.700","307.200","306.380","","0.01%"
"12/11/2019","305.880","306.380","306.700","306.380","","0.00%"
"12/10/2019","305.880","306.700","306.700","306.380","","-0.01%"
"12/09/2019","305.900","306.450","306.700","306.400","","-0.02%"
"12/06/2019","305.950","306.450","306.700","306.400","","0.00%"
"12/05/2019","305.950","306.480","306.715","306.425","","0.00%"
"12/04/2019","305.950","306.400","306.700","306.400","","0.02%"
"12/03/2019","305.900","306.700","306.725","306.400","","-0.03%"
"12/02/2019","306.000","306.500","306.825","306.450","","0.00%"
"11/29/2019","306.000","306.700","306.725","306.425","","0.00%"
"11/28/2019","306.000","306.500","306.725","306.475","","0.00%"
"11/27/2019","306.000","306.450","306.725","306.400","","0.02%"
"11/26/2019","305.950","306.450","306.700","306.425","","0.00%"
"11/25/2019","305.950","306.400","306.700","306.400","","0.02%"
"11/22/2019","305.900","306.450","307.200","306.400","","-0.02%"
"11/21/2019","305.950","307.450","307.450","306.450","","-0.33%"
"11/20/2019","306.950","307.450","307.450","306.700","","0.00%"
"11/19/2019","306.950","307.450","307.450","306.700","","0.00%"
"11/18/2019","306.950","307.450","307.450","306.650","","0.00%"
"11/15/2019","306.950","307.400","307.450","306.700","","0.02%"
"11/14/2019","306.900","307.400","307.450","306.650","","0.00%"
"11/13/2019","306.900","306.700","307.450","306.650","","0.00%"
"11/12/2019","306.900","307.400","307.450","306.650","","0.00%"
"11/11/2019","306.900","307.400","307.450","306.700","","0.00%"
"11/08/2019","306.900","306.450","307.450","306.400","","0.31%"
"11/07/2019","305.950","306.450","307.200","306.400","","0.00%"
"11/06/2019","305.950","306.450","306.700","306.400","","0.00%"
"11/05/2019","305.950","306.500","306.725","306.450","","-0.02%"
"11/04/2019","306.000","306.500","306.725","306.475","","0.00%"
"11/01/2019","306.000","306.500","307.150","306.475","","0.00%"
"10/31/2019","306.000","306.480","306.725","306.440","","0.01%"
"10/30/2019","305.980","307.400","307.450","306.440","","-0.30%"
"10/29/2019","306.900","307.450","307.450","306.650","","-0.02%"
"10/28/2019","306.950","307.450","307.450","306.650","","0.00%"
"10/25/2019","306.950","307.400","307.475","306.650","","0.02%"
"10/24/2019","306.900","307.400","307.450","306.650","","0.00%"
"10/23/2019","306.900","306.700","307.450","306.700","","0.00%"
"10/22/2019","306.900","307.400","307.400","306.650","","0.00%"
"10/21/2019","306.900","306.400","307.425","306.400","","0.33%"
"10/18/2019","305.900","306.400","306.700","306.400","","0.00%"
"10/17/2019","305.900","306.450","306.700","306.400","","-0.02%"
"10/16/2019","305.950","306.700","306.700","306.425","","0.00%"
"10/15/2019","305.950","306.450","306.700","306.400","","0.00%"
"10/14/2019","305.950","306.450","306.700","306.400","","0.00%"
"10/11/2019","305.950","306.500","306.725","306.425","","-0.02%"
"10/10/2019","306.000","306.500","307.250","306.450","","0.00%"
"10/09/2019","306.000","306.500","307.250","306.450","","0.00%"
"10/08/2019","306.000","306.500","306.725","306.450","","0.00%"
"10/07/2019","306.000","306.500","306.725","306.450","","0.00%"
"10/04/2019","306.000","306.500","306.725","306.475","","0.00%"
"10/03/2019","306.000","306.700","306.725","306.450","","0.00%"
"10/02/2019","306.000","306.500","306.725","306.450","","0.00%"
"10/01/2019","306.000","306.450","306.725","306.400","","0.02%"
"09/30/2019","305.950","306.400","307.250","306.400","","0.02%"
"09/27/2019","305.900","306.450","307.200","306.400","","-0.02%"
"09/26/2019","305.950","306.450","307.150","306.400","","0.00%"
"09/25/2019","305.950","306.400","307.150","306.400","","0.02%"
"09/24/2019","305.900","306.400","307.200","306.350","","0.00%"
"09/23/2019","305.900","306.400","307.150","306.350","","0.00%"
"09/20/2019","305.900","306.400","307.150","306.400","","0.00%"
"09/19/2019","305.900","306.380","306.700","306.380","","0.01%"
"09/18/2019","305.880","306.380","307.200","306.380","","0.00%"
"09/17/2019","305.880","306.400","306.700","306.380","","-0.01%"
"09/16/2019","305.900","306.700","307.200","306.350","","0.02%"
"09/13/2019","305.850","306.350","306.700","306.350","","0.00%"
"09/12/2019","305.850","306.300","307.200","306.300","","0.02%"
"09/11/2019","305.800","306.400","306.700","306.300","","-0.03%"
"09/10/2019","305.900","306.380","306.700","306.365","","0.01%"
"09/09/2019","305.880","306.400","306.700","306.380","","-0.01%"
"09/06/2019","305.900","306.400","306.700","306.400","","0.00%"
"09/05/2019","305.900","306.450","306.700","306.400","","-0.02%"
"09/04/2019","305.950","306.700","306.700","306.420","","0.01%"
"09/03/2019","305.920","306.500","306.750","306.420","","-0.03%"
"09/02/2019","306.000","306.500","306.725","306.475","","0.00%"
"08/30/2019","306.000","306.700","306.750","306.475","","0.00%"
"08/29/2019","306.000","306.500","306.750","306.475","","0.00%"
"08/28/2019","306.000","306.700","307.250","306.450","","0.00%"
"08/27/2019","306.000","306.700","307.250","306.400","","0.02%"
"08/26/2019","305.950","306.400","306.750","306.400","","0.02%"
"08/23/2019","305.900","306.450","306.750","306.400","","-0.02%"
"08/22/2019","305.950","306.450","307.200","306.400","","0.00%"
"08/21/2019","305.950","306.450","307.200","306.450","","0.02%"
"08/20/2019","305.900","306.380","307.250","306.380","","0.01%"
"08/19/2019","305.880","306.400","306.700","306.380","","-0.01%"
"08/16/2019","305.900","306.400","306.700","306.350","","0.00%"
"08/15/2019","305.900","306.400","306.700","306.400","","0.00%"
"08/14/2019","305.900","306.400","306.700","306.400","","0.00%"
"08/13/2019","305.900","306.380","306.700","306.380","","0.01%"
"08/12/2019","305.880","306.700","306.700","306.380","","-0.01%"
"08/09/2019","305.900","306.400","307.250","306.400","","0.00%"
"08/08/2019","305.900","306.380","306.700","306.380","","0.01%"
"08/07/2019","305.880","306.380","307.100","306.380","","0.00%"
"08/06/2019","305.880","306.300","306.700","306.300","","0.03%"
"08/05/2019","305.800","306.700","307.250","306.300","","-0.03%"
"08/02/2019","305.880","306.700","306.700","306.300","","0.03%"
"08/01/2019","305.800","306.300","307.200","306.300","","0.00%"
"07/31/2019","305.800","306.380","306.700","306.300","","-0.03%"
"07/30/2019","305.880","306.380","306.700","306.380","","0.00%"
"07/29/2019","305.880","306.700","307.250","306.380","","0.00%"
"07/26/2019","305.880","306.380","306.700","306.380","","0.00%"
"07/25/2019","305.880","306.380","307.250","306.380","","0.00%"
"07/24/2019","305.880","306.400","307.200","306.380","","-0.01%"
"07/23/2019","305.900","306.450","307.250","306.400","","-0.02%"
"07/22/2019","305.950","306.700","306.700","306.450","","0.00%"
"07/19/2019","305.950","306.450","307.200","306.450","","0.00%"
"07/18/2019","305.950","306.400","307.200","306.400","","0.02%"
"07/17/2019","305.900","306.450","306.700","306.400","","-0.02%"
"07/16/2019","305.950","306.500","306.750","306.450","","-0.02%"
"07/15/2019","306.000","306.700","307.250","306.400","","0.00%"
"07/12/2019","306.000","306.500","307.250","306.475","","0.00%"
"07/11/2019","306.000","306.500","306.750","306.475","","0.00%"
"07/10/2019","306.000","306.500","307.250","306.475","","0.00%"
"07/09/2019","306.000","306.700","307.200","306.450","","0.02%"
"07/08/2019","305.950","306.450","307.250","306.400","","0.00%"
"07/05/2019","305.950","306.450","307.200","306.400","","0.00%"
"07/04/2019","305.950","306.700","307.200","306.400","","0.00%"
"07/03/2019","305.950","306.450","307.200","306.400","","0.00%"
"07/02/2019","305.950","306.400","307.200","306.400","","0.02%"
"07/01/2019","305.900","306.400","307.200","306.380","","0.00%"
"06/28/2019","305.900","306.400","307.150","306.400","","0.00%"
"06/27/2019","305.900","306.400","307.200","306.400","","0.00%"
"06/26/2019","305.900","306.380","307.200","306.380","","0.01%"
"06/25/2019","305.880","306.400","307.150","306.380","","-0.01%"
"06/24/2019","305.900","306.420","307.150","306.400","","-0.01%"
"06/21/2019","305.920","306.700","307.200","306.400","","0.01%"
"06/20/2019","305.900","306.450","307.200","306.350","","-0.02%"
"06/19/2019","305.950","306.450","307.200","306.400","","0.00%"
"06/18/2019","305.950","306.500","307.200","306.450","","-0.02%"
"06/17/2019","306.000","306.500","307.200","306.475","","0.00%"
"06/14/2019","306.000","306.500","307.250","306.375","","0.00%"
"06/13/2019","306.000","306.700","307.250","306.475","","0.00%"
"06/12/2019","306.000","306.500","306.725","306.450","","-0.33%"
"06/11/2019","307.000","306.400","307.250","306.400","","0.36%"
"06/10/2019","305.900","306.450","307.200","306.350","","-0.02%"
"06/07/2019","305.950","306.400","307.200","306.400","","0.02%"
"06/06/2019","305.900","306.450","307.200","306.400","","-0.02%"
"06/05/2019","305.950","306.450","306.700","306.450","","0.00%"
"06/04/2019","305.950","306.420","306.700","306.420","","0.01%"
"06/03/2019","305.920","306.400","307.200","306.350","","0.01%"
"05/31/2019","305.900","306.450","307.200","306.400","","-0.02%"
"05/30/2019","305.950","306.450","306.700","306.400","","0.00%"
"05/29/2019","305.950","306.420","306.700","306.420","","0.01%"
"05/28/2019","305.920","306.400","307.200","306.350","","0.01%"
"05/27/2019","305.900","306.400","306.700","306.400","","0.00%"
"05/24/2019","305.900","306.400","306.700","306.400","","0.00%"
"05/23/2019","305.900","306.700","306.700","306.380","","0.01%"
"05/22/2019","305.880","306.400","306.700","306.380","","-0.01%"
"05/21/2019","305.900","306.450","306.700","306.400","","-0.02%"
"05/20/2019","305.950","306.700","306.700","306.400","","0.00%"
"05/17/2019","305.950","306.450","306.700","306.400","","0.00%"
"05/16/2019","305.950","306.700","307.250","306.400","","0.00%"
"05/15/2019","305.950","306.450","306.700","306.380","","0.00%"
"05/14/2019","305.950","306.500","306.725","306.340","","-0.02%"
"05/13/2019","306.000","306.380","307.250","306.380","","0.00%"
"05/10/2019","306.000","306.500","306.750","306.380","","0.00%"
"05/09/2019","306.000","306.500","306.750","306.380","","0.00%"
"05/08/2019","306.000","306.500","306.750","306.340","","0.00%"
"05/07/2019","306.000","306.450","314.750","306.340","","0.02%"
"05/06/2019","305.950","306.450","314.750","306.340","","0.00%"
"05/03/2019","305.950","306.400","314.750","306.340","","0.02%"
"05/02/2019","305.900","306.420","314.750","306.380","","-0.01%"
"05/01/2019","305.920","306.450","306.450","306.380","","-0.01%"
"04/30/2019","305.950","306.380","314.750","306.340","","0.02%"
"04/29/2019","305.880","306.380","314.750","306.340","","0.00%"
"04/26/2019","305.880","306.380","314.750","306.340","","0.00%"
"04/25/2019","305.880","306.400","314.750","306.340","","-0.01%"
"04/24/2019","305.900","306.450","314.750","306.350","","-0.02%"
"04/23/2019","305.950","306.400","314.750","306.350","","0.02%"
"04/22/2019","305.900","306.450","306.450","306.400","","-0.02%"
"04/19/2019","305.950","306.400","306.450","306.400","","0.02%"
"04/18/2019","305.900","306.400","314.750","306.350","","0.00%"
"04/17/2019","305.900","306.400","314.750","306.350","","0.00%"
"04/16/2019","305.900","306.500","314.750","306.350","","-0.03%"
"04/15/2019","306.000","306.500","314.750","306.400","","0.00%"
"04/12/2019","306.000","306.500","314.750","305.000","","0.00%"
"04/11/2019","306.000","306.500","314.750","305.600","","0.00%"
"04/10/2019","306.000","306.500","314.750","306.400","","0.00%"
"04/09/2019","306.000","306.500","314.750","306.400","","0.00%"
"04/08/2019","306.000","306.500","314.750","306.400","","0.00%"
"04/05/2019","306.000","306.500","314.750","306.380","","0.00%"
"04/04/2019","306.000","306.500","314.750","306.340","","0.00%"
"04/03/2019","306.000","306.450","306.650","304.250","","0.02%"
"04/02/2019","305.950","306.450","314.750","306.380","","0.00%"
"04/01/2019","305.950","306.400","314.750","306.340","","0.02%"
"03/29/2019","305.900","306.450","314.750","306.380","","-0.02%"
"03/28/2019","305.950","306.450","314.750","306.380","","0.00%"
"03/27/2019","305.950","306.420","314.750","306.340","","0.01%"
"03/26/2019","305.920","306.380","314.750","306.380","","0.01%"
"03/25/2019","305.880","306.400","314.750","306.380","","-0.01%"
"03/22/2019","305.900","306.400","306.420","306.380","","0.00%"
"03/21/2019","305.900","306.400","314.750","306.340","","0.00%"
"03/20/2019","305.900","306.450","306.625","306.340","","-0.02%"
"03/19/2019","305.950","306.450","314.750","306.340","","0.00%"
"03/18/2019","305.950","306.450","314.750","306.380","","0.00%"
"03/15/2019","305.950","306.420","314.750","306.380","","0.01%"
"03/14/2019","305.920","306.450","314.750","306.380","","-0.01%"
"03/13/2019","305.950","306.450","314.750","306.380","","0.00%"
"03/12/2019","305.950","306.400","314.750","306.380","","0.02%"
"03/11/2019","305.900","306.400","314.750","306.400","","0.00%"
"03/08/2019","305.900","314.750","314.750","306.340","","0.01%"
"03/07/2019","305.880","306.380","314.750","306.380","","0.00%"
"03/06/2019","305.880","306.380","314.750","306.340","","0.00%"
"03/05/2019","305.880","314.750","314.750","306.300","","0.03%"
"03/04/2019","305.800","306.300","314.750","306.300","","0.00%"
"03/01/2019","305.800","314.750","314.750","306.300","","-0.01%"
"02/28/2019","305.820","306.300","314.750","306.300","","0.01%"
"02/27/2019","305.800","314.750","314.750","306.300","","0.00%"
"02/26/2019","305.800","306.300","314.750","306.200","","0.00%"
"02/25/2019","305.800","306.300","314.750","306.200","","0.00%"
"02/22/2019","305.800","306.300","314.750","306.200","","0.00%"
"02/21/2019","305.800","306.280","314.750","306.200","","0.01%"
"02/20/2019","305.780","306.280","314.750","306.200","","0.00%"
"02/19/2019","305.780","306.200","314.750","306.180","","0.03%"
"02/18/2019","305.700","306.250","314.750","306.180","","-0.02%"
"02/15/2019","305.750","306.180","307.000","306.180","","0.02%"
"02/14/2019","305.700","306.250","307.000","306.180","","-0.02%"
"02/13/2019","305.750","306.180","314.750","306.180","","0.02%"
"02/12/2019","305.680","306.200","314.750","306.180","","-0.01%"
"02/11/2019","305.700","306.200","314.750","306.200","","0.00%"
"02/08/2019","305.700","306.250","314.750","306.200","","-0.02%"
"02/07/2019","305.750","306.200","314.750","306.150","","0.02%"
"02/06/2019","305.700","306.280","314.750","306.200","","-0.03%"
"02/05/2019","305.780","307.200","314.750","305.550","","-0.30%"
"02/04/2019","306.700","307.200","307.280","306.550","","0.00%"
"02/01/2019","306.700","307.250","307.300","306.550","","-0.02%"
"01/31/2019","306.750","307.280","307.290","306.550","","0.02%"
"01/30/2019","306.700","307.200","307.280","304.750","","0.00%"
"01/29/2019","306.700","307.300","314.750","304.750","","-0.03%"
"01/28/2019","306.780","307.280","314.750","306.550","","0.00%"
"01/25/2019","306.780","307.300","314.750","306.550","","-0.01%"
"01/24/2019","306.800","307.280","314.750","306.250","","0.01%"
"01/23/2019","306.780","307.300","307.380","304.750","","-0.01%"
"01/22/2019","306.800","307.350","307.380","306.550","","-0.02%"
"01/21/2019","306.850","307.380","307.380","306.600","","0.02%"
"01/18/2019","306.800","307.350","307.380","306.600","","-0.02%"
"01/17/2019","306.850","307.350","307.450","304.750","","0.00%"
"01/16/2019","306.850","307.380","307.390","307.075","","0.02%"
"01/15/2019","306.800","307.300","307.440","307.150","","0.00%"
"01/14/2019","306.800","307.380","307.450","307.150","","-0.03%"
"01/11/2019","306.880","307.380","307.450","307.140","","0.00%"
"01/10/2019","306.880","307.380","307.450","304.750","","0.00%"
"01/09/2019","306.880","307.380","307.450","307.190","","0.00%"
"01/08/2019","306.880","307.400","307.475","306.250","","-0.01%"
"01/07/2019","306.900","307.400","307.475","307.200","","0.00%"
"01/04/2019","306.900","307.480","307.490","307.200","","-0.03%"
"01/03/2019","306.980","307.500","307.500","306.250","","-0.01%"
"01/02/2019","307.000","307.500","307.500","304.750","","0.00%"
"01/01/2019","307.000","306.850","307.500","306.850","","0.00%"
"12/31/2018","307.000","307.500","307.500","304.750","","0.00%"
"12/28/2018","307.000","306.850","307.500","306.850","","0.03%"
"12/27/2018","306.920","306.850","307.450","304.750","","0.33%"
"12/26/2018","305.920","306.850","306.850","306.400","","-0.01%"
"12/25/2018","305.950","306.450","306.850","306.450","","0.00%"
"12/24/2018","305.950","306.450","306.850","306.450","","0.00%"
"12/21/2018","305.950","306.450","306.850","306.400","","0.00%"
"12/20/2018","305.950","307.100","307.100","306.400","","0.00%"
"12/19/2018","305.950","306.450","307.100","306.450","","0.00%"
"12/18/2018","305.950","306.380","307.100","306.380","","0.02%"
"12/17/2018","305.880","306.380","307.100","306.380","","0.00%"
"12/14/2018","305.880","307.100","307.150","306.380","","0.00%"
"12/13/2018","305.880","307.100","307.150","306.350","","-0.01%"
"12/12/2018","305.900","306.380","307.150","306.380","","0.01%"
"12/11/2018","305.880","306.300","307.100","306.300","","0.03%"
"12/10/2018","305.800","306.300","307.100","306.250","","0.00%"
"12/07/2018","305.800","306.300","307.100","306.300","","0.00%"
"12/06/2018","305.800","306.320","307.100","304.750","","-0.01%"
"12/05/2018","305.820","306.300","307.050","306.280","","0.01%"
"12/04/2018","305.800","306.300","307.050","306.280","","0.00%"
"12/03/2018","305.800","306.280","307.050","306.140","","0.01%"
"11/30/2018","305.780","306.280","307.050","304.750","","0.00%"
"11/29/2018","305.780","306.300","307.050","306.200","","-0.01%"
"11/28/2018","305.800","306.300","314.750","306.200","","0.00%"
"11/27/2018","305.800","306.250","314.750","306.200","","0.02%"
"11/26/2018","305.750","306.200","314.750","306.100","","0.02%"
"11/23/2018","305.700","306.200","306.850","304.750","","0.00%"
"11/22/2018","305.700","306.200","306.850","306.200","","0.00%"
"11/21/2018","305.700","306.250","314.750","306.200","","-0.02%"
"11/20/2018","305.750","306.180","306.250","306.180","","0.02%"
"11/19/2018","305.680","306.200","314.750","306.180","","-0.01%"
"11/16/2018","305.700","306.180","314.750","306.180","","0.01%"
"11/15/2018","305.680","306.180","306.850","306.115","","0.00%"
"11/14/2018","305.680","306.180","306.900","306.100","","0.00%"
"11/13/2018","305.680","306.100","314.750","306.100","","0.03%"
"11/12/2018","305.600","306.100","306.900","306.100","","0.00%"
"11/09/2018","305.600","306.100","306.900","304.750","","0.00%"
"11/08/2018","305.600","306.100","306.900","306.100","","0.00%"
"11/07/2018","305.600","306.100","314.750","306.100","","0.00%"
"11/06/2018","305.600","306.080","306.900","306.050","","0.01%"
"11/05/2018","305.580","306.050","314.750","306.050","","0.01%"
"11/02/2018","305.550","306.080","314.750","305.750","","-0.01%"
"11/01/2018","305.580","306.050","314.750","304.750","","0.01%"
"10/31/2018","305.550","306.100","314.750","304.750","","-0.02%"
"10/30/2018","305.600","306.000","306.850","304.750","","0.03%"
"10/29/2018","305.500","306.000","306.800","304.750","","0.00%"
"10/26/2018","305.500","306.040","306.800","306.000","","-0.01%"
"10/25/2018","305.540","306.000","306.750","306.000","","0.01%"
"10/24/2018","305.500","306.000","306.650","305.450","","0.00%"
"10/23/2018","305.500","305.980","306.750","305.980","","0.01%"
"10/22/2018","305.480","305.980","306.750","305.980","","0.00%"
"10/19/2018","305.480","305.950","314.750","304.750","","0.01%"
"10/18/2018","305.450","305.950","306.750","305.950","","0.00%"
"10/17/2018","305.450","306.000","314.750","305.950","","-0.02%"
"10/16/2018","305.500","304.900","314.750","304.700","","0.36%"
"10/15/2018","304.400","304.900","314.750","304.900","","0.00%"
"10/12/2018","304.400","304.900","314.750","304.700","","0.00%"
"10/11/2018","304.400","304.950","306.700","304.900","","-0.02%"
"10/10/2018","304.450","305.900","314.750","304.950","","-0.31%"
"10/09/2018","305.400","305.900","314.750","305.700","","0.00%"
"10/08/2018","305.400","305.850","305.950","304.750","","0.02%"
"10/05/2018","305.350","305.900","306.600","304.750","","-0.02%"
"10/04/2018","305.400","305.880","306.600","304.750","","0.01%"
"10/03/2018","305.380","305.800","314.750","304.750","","0.03%"
"10/02/2018","305.300","305.800","306.600","305.650","","0.00%"
"10/01/2018","305.300","305.750","306.850","305.650","","-0.34%"
"09/28/2018","306.350","305.800","306.850","304.750","","0.34%"
"09/27/2018","305.300","305.800","314.750","305.650","","0.00%"
"09/26/2018","305.300","305.800","314.750","304.750","","0.00%"
"09/25/2018","305.300","305.780","306.100","305.625","","0.01%"
"09/24/2018","305.280","305.780","306.550","305.640","","0.00%"
"09/21/2018","305.280","305.780","306.550","304.750","","0.00%"
"09/20/2018","305.280","305.780","306.550","305.725","","0.00%"
"09/19/2018","305.280","305.750","314.750","305.700","","0.01%"
"09/18/2018","305.250","305.950","314.750","304.750","","0.02%"
"09/17/2018","305.200","304.720","306.550","304.720","","-0.01%"
"09/14/2018","305.220","304.720","314.750","304.610","","0.01%"
"09/13/2018","305.200","304.700","314.750","304.600","","0.33%"
"09/12/2018","304.200","304.720","306.500","304.600","","-0.01%"
"09/11/2018","304.220","305.700","314.750","304.700","","-0.32%"
"09/10/2018","305.200","305.680","305.990","305.575","","0.01%"
"09/07/2018","305.180","305.680","314.750","304.750","","0.00%"
"09/06/2018","305.180","305.700","306.400","305.650","","-0.01%"
"09/05/2018","305.200","305.650","314.750","305.600","","0.02%"
"09/04/2018","305.150","305.650","314.750","305.600","","0.00%"
"09/03/2018","305.150","305.650","314.750","305.650","","0.00%"
"08/31/2018","305.150","305.650","306.400","305.575","","0.00%"
"08/30/2018","305.150","305.650","306.300","305.580","","0.00%"
"08/29/2018","305.150","305.600","306.400","304.750","","0.02%"
"08/28/2018","305.100","305.650","306.300","305.540","","0.01%"
"08/27/2018","305.080","305.600","306.300","305.550","","-0.01%"
"08/24/2018","305.100","305.600","314.750","305.600","","0.00%"
"08/23/2018","305.100","305.600","314.750","304.750","","0.00%"
"08/22/2018","305.100","305.480","305.600","305.480","","0.00%"
"08/21/2018","305.100","305.600","305.600","305.480","","0.00%"
"08/20/2018","305.100","305.600","314.750","304.750","","0.00%"
"08/17/2018","305.100","305.520","314.750","305.480","","0.03%"
"08/16/2018","305.020","305.500","314.750","304.750","","0.01%"
"08/15/2018","305.000","305.550","314.750","304.750","","-0.02%"
"08/14/2018","305.050","305.450","314.750","305.450","","0.03%"
"08/13/2018","304.950","305.500","314.750","304.750","","-0.02%"
"08/10/2018","305.000","305.480","314.750","304.750","","0.01%"
"08/09/2018","304.980","305.500","314.750","305.480","","-0.01%"
"08/08/2018","305.000","305.500","315.250","305.250","","0.00%"
"08/07/2018","305.000","305.450","314.750","305.450","","0.02%"
"08/06/2018","304.950","305.420","314.750","305.420","","0.01%"
"08/03/2018","304.920","305.450","314.750","305.400","","-0.01%"
"08/02/2018","304.950","305.320","314.750","305.320","","0.04%"
"08/01/2018","304.820","305.380","314.750","305.320","","-0.02%"
"07/31/2018","304.880","305.380","314.750","304.750","","0.00%"
"07/30/2018","304.880","305.380","314.750","304.750","","0.00%"
"07/27/2018","304.880","305.380","314.750","304.750","","0.00%"
"07/26/2018","304.880","305.380","314.750","305.190","","0.00%"
"07/25/2018","304.880","305.300","314.750","305.150","","-3.06%"
"07/24/2018","314.500","305.300","314.750","305.300","","3.18%"
"07/23/2018","304.800","305.350","314.750","305.300","","-0.02%"
"07/20/2018","304.850","305.320","314.750","305.310","","0.01%"
"07/19/2018","304.820","305.550","314.750","305.280","","0.01%"
"07/18/2018","304.780","305.280","314.750","305.280","","0.00%"
"07/17/2018","304.780","305.280","314.750","305.240","","0.00%"
"07/16/2018","304.780","305.950","314.750","305.280","","0.00%"
"07/13/2018","304.780","305.200","306.050","305.175","","0.03%"
"07/12/2018","304.700","305.200","306.000","305.200","","-0.34%"
"07/11/2018","305.750","305.750","306.000","305.750","","0.18%"
"07/10/2018","305.200","314.750","314.750","305.450","","-0.16%"
"07/09/2018","305.700","314.750","314.750","305.250","","-2.80%"
"07/06/2018","314.500","314.750","314.750","314.750","","3.05%"
"07/05/2018","305.200","314.750","314.750","305.450","","0.00%"
"07/04/2018","305.200","315.250","315.250","305.450","","0.00%"
"07/03/2018","305.200","314.750","314.750","305.450","","-0.02%"
"07/02/2018","305.250","314.750","315.250","305.500","","0.00%"
"06/29/2018","305.250","305.950","314.750","305.500","","0.00%"
"06/28/2018","305.250","305.950","314.750","305.500","","-0.08%"
"06/27/2018","305.500","305.950","314.750","305.550","","0.07%"
"06/26/2018","305.300","305.950","315.250","305.550","","-2.93%"
"06/25/2018","314.500","314.750","314.750","305.950","","0.00%"
"06/22/2018","314.500","305.950","314.750","305.950","","0.00%"
"06/21/2018","314.500","305.950","315.250","305.950","","0.00%"
"06/20/2018","314.500","305.950","314.750","305.950","","2.88%"
"06/19/2018","305.700","314.750","314.750","305.950","","-2.95%"
"06/18/2018","315.000","315.000","315.000","315.000","","0.00%"
"06/15/2018","315.000","315.000","315.000","315.000","","0.00%"
"06/14/2018","315.000","314.750","315.250","305.700","","2.96%"
"06/13/2018","305.950","305.950","306.200","305.950","","-2.87%"
"06/12/2018","315.000","314.750","315.250","314.750","","3.04%"
"06/11/2018","305.700","314.750","315.250","305.750","","0.08%"
"06/08/2018","305.450","306.200","315.250","305.700","","-0.16%"
"06/07/2018","305.950","314.750","314.750","305.750","","0.08%"
"06/06/2018","305.700","314.750","314.750","305.700","","0.07%"
"06/05/2018","305.500","315.250","315.250","305.750","","0.00%"
"06/04/2018","305.500","314.750","314.750","305.700","","0.00%"
"06/01/2018","305.500","306.200","315.250","305.750","","-0.07%"
"05/31/2018","305.700","314.750","314.750","305.950","","-2.80%"
"05/30/2018","314.500","314.750","314.750","306.150","","2.98%"
"05/29/2018","305.400","305.400","305.400","305.400","","0.00%"
"05/28/2018","305.400","305.950","315.250","305.650","","0.00%"
"05/25/2018","305.400","314.750","314.750","305.650","","-3.05%"
"05/24/2018","315.000","315.250","315.250","305.950","","3.14%"
"05/23/2018","305.400","315.250","315.250","305.600","","0.02%"
"05/22/2018","305.350","314.750","315.250","305.600","","0.00%"
"05/21/2018","305.350","314.750","314.750","305.600","","0.00%"
"05/18/2018","305.350","314.750","315.250","305.550","","-2.75%"
"05/17/2018","314.000","314.750","314.750","306.050","","2.83%"
"05/16/2018","305.350","314.750","314.750","305.600","","0.02%"
"05/15/2018","305.300","314.250","314.750","305.550","","0.00%"
"05/14/2018","305.300","314.750","314.750","305.500","","-0.15%"
"05/11/2018","305.750","314.750","314.750","305.850","","0.16%"
"05/10/2018","305.250","314.750","314.750","305.500","","0.00%"
"05/09/2018","305.250","315.250","315.250","305.450","","0.00%"
"05/08/2018","305.250","314.750","315.250","305.500","","0.00%"
"05/07/2018","305.250","314.750","314.750","305.450","","0.02%"
"05/04/2018","305.200","314.750","314.750","305.450","","0.00%"
"05/03/2018","305.200","314.750","314.750","305.450","","0.00%"
"05/02/2018","305.200","305.850","314.750","305.450","","0.00%"
"05/01/2018","305.200","305.200","305.200","305.200","","0.00%"
"04/30/2018","305.200","314.750","314.750","305.450","","0.02%"
"04/27/2018","305.150","314.750","314.750","305.400","","0.00%"
"04/26/2018","305.150","314.750","314.750","305.400","","0.00%"
"04/25/2018","305.150","314.750","314.750","305.400","","0.00%"
"04/24/2018","305.150","305.900","315.000","305.350","","-0.15%"
"04/23/2018","305.600","305.850","305.850","305.850","","0.16%"
"04/20/2018","305.100","314.750","314.750","305.350","","0.00%"
"04/19/2018","305.100","314.750","314.750","305.350","","0.00%"
"04/18/2018","305.100","305.850","314.750","305.350","","0.00%"
"04/17/2018","305.100","305.850","315.250","305.350","","0.00%"
"04/16/2018","305.100","314.750","314.750","305.300","","0.02%"
"04/13/2018","305.050","314.750","315.000","305.300","","0.00%"
"04/12/2018","305.050","315.250","315.250","305.300","","0.00%"
"04/11/2018","305.050","314.750","314.750","305.300","","-0.02%"
"04/10/2018","305.100","314.750","314.750","305.350","","0.00%"
"04/09/2018","305.100","305.850","315.250","305.350","","0.00%"
"04/06/2018","305.100","314.750","314.750","305.350","","0.00%"
"04/05/2018","305.100","314.750","315.250","305.350","","0.00%"
"04/04/2018","305.100","314.750","314.750","305.350","","-0.02%"
"04/03/2018","305.150","315.050","315.250","305.400","","0.00%"
"04/02/2018","305.150","305.150","305.150","305.150","","0.00%"
"03/30/2018","305.150","305.150","305.150","305.150","","0.00%"
"03/29/2018","305.150","315.050","315.050","305.400","","0.00%"
"03/28/2018","305.150","306.100","314.750","305.400","","0.00%"
"03/27/2018","305.150","306.100","315.250","305.400","","0.00%"
"03/26/2018","305.150","314.750","315.250","305.400","","-0.02%"
"03/23/2018","305.200","306.000","315.000","305.450","","-2.96%"
"03/22/2018","314.500","314.750","314.750","306.000","","2.86%"
"03/21/2018","305.750","306.100","306.100","306.000","","0.18%"
"03/20/2018","305.200","314.750","314.750","305.450","","-0.18%"
"03/19/2018","305.750","315.050","315.050","305.500","","-0.02%"
"03/16/2018","305.800","314.750","315.050","305.500","","0.02%"
"03/15/2018","305.750","314.750","314.750","305.450","","-2.78%"
"03/14/2018","314.500","314.750","315.250","305.500","","-0.10%"
"03/13/2018","314.800","315.250","315.250","306.000","","0.00%"
"03/12/2018","314.800","315.000","315.050","305.500","","3.11%"
"03/09/2018","305.300","306.100","315.250","305.550","","-0.18%"
"03/08/2018","305.850","306.100","314.750","305.550","","0.18%"
"03/07/2018","305.300","315.250","315.250","305.550","","-0.18%"
"03/06/2018","305.850","306.000","321.000","306.000","","-2.90%"
"03/05/2018","315.000","315.000","315.250","305.450","","3.16%"
"03/02/2018","305.350","306.150","315.250","305.600","","0.00%"
"03/01/2018","305.350","314.750","315.250","305.150","","-0.02%"
"02/28/2018","305.400","306.200","306.200","305.650","","0.00%"
"02/27/2018","305.400","315.250","315.250","305.650","","-2.89%"
"02/26/2018","314.500","314.750","314.750","305.700","","2.96%"
"02/23/2018","305.450","315.250","315.250","305.700","","-0.02%"
"02/22/2018","305.500","314.750","315.250","305.750","","-0.16%"
"02/21/2018","306.000","306.250","306.400","305.750","","0.16%"
"02/20/2018","305.500","314.750","314.750","305.750","","0.00%"
"02/19/2018","305.500","314.750","314.750","305.700","","0.02%"
"02/16/2018","305.450","314.750","314.750","305.700","","0.00%"
"02/15/2018","305.450","306.000","314.750","305.700","","0.02%"
"02/14/2018","305.400","314.750","314.750","305.250","","0.00%"
"02/13/2018","305.400","314.750","314.750","305.650","","-0.15%"
"02/12/2018","305.850","314.750","314.750","305.500","","0.16%"
"02/09/2018","305.350","314.750","315.000","305.600","","-0.16%"
"02/08/2018","305.850","314.750","314.750","305.550","","0.16%"
"02/07/2018","305.350","314.750","314.750","305.450","","0.02%"
"02/06/2018","305.300","306.000","314.750","305.550","","0.00%"
"02/05/2018","305.300","314.750","314.750","305.550","","0.02%"
"02/02/2018","305.250","306.000","307.050","305.500","","-3.10%"
"02/01/2018","315.000","314.750","315.250","305.500","","3.21%"
"01/31/2018","305.200","306.000","315.250","305.450","","0.00%"
"01/30/2018","305.200","306.000","306.025","305.450","","0.00%"
"01/29/2018","305.200","306.050","315.250","305.400","","-3.11%"
"01/26/2018","315.000","315.250","315.250","314.750","","3.23%"
"01/25/2018","305.150","315.250","315.250","305.400","","0.02%"
"01/24/2018","305.100","315.250","315.250","305.350","","-0.02%"
"01/23/2018","305.150","306.000","306.000","305.400","","0.00%"
"01/22/2018","305.150","315.250","315.250","305.400","","-0.02%"
"01/19/2018","305.200","306.000","306.000","305.450","","0.00%"
"01/18/2018","305.200","315.250","315.250","305.250","","-0.02%"
"01/17/2018","305.250","315.250","315.250","305.500","","0.00%"
"01/16/2018","305.250","306.050","315.250","305.500","","-0.02%"
"01/15/2018","305.300","314.750","315.250","305.550","","0.00%"
"01/12/2018","305.300","314.750","315.250","305.550","","0.00%"
"01/11/2018","305.300","306.600","306.600","305.550","","-3.08%"
"01/10/2018","315.000","314.750","315.250","305.600","","3.14%"
"01/09/2018","305.400","315.250","315.250","305.650","","0.00%"
"01/08/2018","305.400","314.750","315.250","305.650","","-0.02%"
"01/05/2018","305.450","314.750","315.250","305.700","","0.00%"
"01/04/2018","305.450","305.750","315.250","305.700","","0.00%"
"01/03/2018","305.450","314.750","315.250","305.700","","-0.02%"
"01/02/2018","305.500","314.750","314.750","305.600","","-0.28%"
"01/01/2018","306.350","306.350","306.350","306.350","","0.00%"
"12/29/2017","306.350","306.650","306.650","306.600","","0.00%"
"12/28/2017","306.350","314.750","314.750","306.600","","-0.02%"
"12/27/2017","306.400","314.750","314.750","306.250","","0.13%"
"12/26/2017","306.000","306.000","306.000","306.000","","0.00%"
"12/25/2017","306.000","306.000","306.000","306.000","","0.00%"
"12/22/2017","306.000","314.750","314.750","306.250","","0.00%"
"12/21/2017","306.000","306.600","314.750","306.250","","-0.11%"
"12/20/2017","306.350","306.600","306.600","306.600","","0.00%"
"12/19/2017","306.350","314.750","315.250","306.600","","0.03%"
"12/18/2017","306.250","314.750","314.750","306.200","","-2.62%"
"12/15/2017","314.500","314.750","314.750","306.250","","2.78%"
"12/14/2017","306.000","314.750","314.750","306.250","","-0.10%"
"12/13/2017","306.300","314.750","314.750","306.250","","-2.61%"
"12/12/2017","314.500","314.750","314.750","305.750","","0.00%"
"12/11/2017","314.500","314.750","314.750","305.750","","2.64%"
"12/08/2017","306.400","314.750","314.750","305.750","","-0.02%"
"12/07/2017","306.450","314.750","314.750","306.600","","0.15%"
"12/06/2017","306.000","314.750","314.750","305.750","","-0.11%"
"12/05/2017","306.350","314.750","314.750","305.750","","-0.05%"
"12/04/2017","306.500","314.750","315.250","305.500","","0.33%"
"12/01/2017","305.500","305.500","305.500","305.500","","0.00%"
"11/30/2017","305.500","315.250","320.250","305.500","","0.08%"
"11/29/2017","305.250","314.750","315.250","305.500","","-0.02%"
"11/28/2017","305.300","306.250","306.250","305.550","","0.00%"
"11/27/2017","305.300","306.250","314.750","305.550","","-0.23%"
"11/24/2017","306.000","306.250","306.250","306.250","","0.00%"
"11/23/2017","306.000","314.750","314.750","306.250","","0.00%"
"11/22/2017","306.000","314.750","314.750","306.250","","0.20%"
"11/21/2017","305.400","306.250","306.250","305.650","","-0.18%"
"11/20/2017","305.950","306.250","314.750","306.100","","0.16%"
"11/17/2017","305.450","314.750","315.250","305.700","","-0.18%"
"11/16/2017","306.000","314.750","315.250","306.050","","0.16%"
"11/15/2017","305.500","315.250","315.250","305.750","","0.00%"
"11/14/2017","305.500","315.250","315.250","305.750","","0.00%"
"11/13/2017","305.500","314.750","315.250","305.700","","-2.86%"
"11/10/2017","314.500","315.250","315.250","306.050","","2.96%"
"11/09/2017","305.450","315.250","315.250","305.700","","0.00%"
"11/08/2017","305.450","305.250","315.250","305.250","","0.02%"
"11/07/2017","305.400","314.750","315.250","305.650","","0.00%"
"11/06/2017","305.400","306.050","314.750","305.650","","0.00%"
"11/03/2017","305.400","314.750","315.250","305.600","","0.02%"
"11/02/2017","305.350","315.250","315.250","305.600","","0.00%"
"11/01/2017","305.350","315.250","315.250","305.600","","-0.15%"
"10/31/2017","305.800","315.250","315.250","306.050","","0.16%"
"10/30/2017","305.300","314.750","325.250","305.550","","0.02%"
"10/27/2017","305.250","315.250","315.250","305.500","","0.00%"
"10/26/2017","305.250","315.250","325.250","305.500","","-3.10%"
"10/25/2017","315.000","305.900","315.250","305.900","","3.21%"
"10/24/2017","305.200","305.950","315.250","305.450","","0.02%"
"10/23/2017","305.150","314.750","315.250","305.400","","0.00%"
"10/20/2017","305.150","314.750","315.250","305.350","","-2.97%"
"10/19/2017","314.500","315.250","315.250","314.750","","3.08%"
"10/18/2017","305.100","315.250","315.250","305.300","","-0.13%"
"10/17/2017","305.500","315.250","315.250","305.750","","0.00%"
"10/16/2017","305.500","314.750","315.250","305.750","","0.11%"
"10/13/2017","305.150","315.250","325.250","305.400","","-0.13%"
"10/12/2017","305.550","314.750","315.250","305.800","","0.16%"
"10/11/2017","305.050","315.250","315.250","305.300","","-3.00%"
"10/10/2017","314.500","305.950","325.250","305.850","","2.88%"
"10/09/2017","305.700","305.950","315.250","305.900","","-2.80%"
"10/06/2017","314.500","314.250","314.750","305.900","","3.06%"
"10/05/2017","305.150","305.950","314.750","305.400","","-0.02%"
"10/04/2017","305.200","314.750","315.250","305.450","","-0.26%"
"10/03/2017","306.000","314.750","314.750","306.000","","0.08%"
"10/02/2017","305.750","305.750","305.750","305.750","","0.00%"
"09/29/2017","305.750","314.250","314.750","305.700","","0.10%"
"09/28/2017","305.450","314.750","314.750","305.250","","0.15%"
"09/27/2017","305.000","314.750","314.750","305.250","","-3.02%"
"09/26/2017","314.500","314.750","314.750","305.250","","0.00%"
"09/25/2017","314.500","306.250","315.250","306.100","","2.78%"
"09/22/2017","306.000","306.150","314.750","305.600","","-6.71%"
"09/21/2017","328.000","314.750","328.250","305.250","","4.29%"
"09/20/2017","314.500","314.250","314.750","305.650","","2.98%"
"09/19/2017","305.400","306.200","325.250","305.250","","-0.18%"
"09/18/2017","305.950","314.750","325.250","305.250","","-5.86%"
"09/15/2017","325.000","314.250","325.250","305.250","","6.21%"
"09/14/2017","306.000","314.250","314.750","306.200","","0.16%"
"09/13/2017","305.500","306.200","325.250","305.750","","-0.15%"
"09/12/2017","305.950","306.200","325.250","305.250","","0.15%"
"09/11/2017","305.500","305.800","325.250","305.750","","-0.15%"
"09/08/2017","305.950","314.250","325.250","305.600","","0.31%"
"09/07/2017","305.000","314.250","314.250","305.250","","-0.13%"
"09/06/2017","305.400","314.250","315.250","305.250","","0.13%"
"09/05/2017","305.000","305.800","325.250","305.250","","0.00%"
"09/04/2017","305.000","305.000","305.000","305.000","","0.00%"
"09/01/2017","305.000","305.000","305.000","305.000","","0.00%"
"08/31/2017","305.000","314.750","314.750","305.250","","-0.11%"
"08/30/2017","305.350","305.800","314.750","305.250","","0.11%"
"08/29/2017","305.000","305.800","314.750","305.250","","-0.26%"
"08/28/2017","305.800","314.750","314.750","305.250","","0.18%"
"08/25/2017","305.250","306.000","314.250","305.250","","-0.16%"
"08/24/2017","305.750","305.800","314.750","305.250","","0.25%"
"08/23/2017","305.000","305.800","314.750","305.250","","-0.25%"
"08/22/2017","305.750","305.250","315.250","305.250","","0.02%"
"08/21/2017","305.700","305.800","314.750","305.250","","0.16%"
"08/18/2017","305.200","314.250","315.250","305.250","","0.02%"
"08/17/2017","305.150","314.250","315.250","305.250","","0.00%"
"08/16/2017","305.150","314.250","314.750","305.250","","0.05%"
"08/15/2017","305.000","314.250","314.750","305.250","","-0.03%"
"08/14/2017","305.100","314.750","315.250","301.750","","-2.99%"
"08/11/2017","314.500","314.250","315.250","305.250","","-0.16%"
"08/10/2017","315.000","305.800","315.250","305.250","","0.16%"
"08/09/2017","314.500","307.250","314.750","305.250","","3.11%"
"08/08/2017","305.000","305.800","307.250","305.250","","-0.65%"
"08/07/2017","307.000","307.250","307.250","305.800","","0.00%"
"08/04/2017","307.000","307.250","307.250","305.250","","-2.38%"
"08/03/2017","314.500","314.750","314.750","305.800","","0.00%"
"08/02/2017","314.500","314.750","314.750","314.750","","-0.16%"
"08/01/2017","315.000","314.750","315.250","314.750","","3.06%"
"07/31/2017","305.650","315.250","315.250","305.250","","0.32%"
"07/28/2017","304.680","305.220","330.000","305.090","","-4.31%"
"07/27/2017","318.400","305.200","330.100","305.200","","-0.10%"
"07/26/2017","318.720","305.250","327.500","305.100","","-0.30%"
"07/25/2017","319.680","305.280","320.370","305.125","","0.18%"
"07/24/2017","319.110","305.280","325.250","305.140","","4.70%"
"07/21/2017","304.780","305.300","315.250","305.140","","-4.66%"
"07/20/2017","319.680","305.330","320.370","305.150","","-1.39%"
"07/19/2017","324.180","305.400","324.620","305.330","","6.32%"
"07/18/2017","304.900","305.350","320.275","305.175","","0.02%"
"07/17/2017","304.850","305.480","320.230","305.175","","-0.04%"
"07/14/2017","304.980","305.500","324.620","305.225","","-0.01%"
"07/13/2017","305.000","305.500","315.250","305.250","","0.00%"
"07/12/2017","305.000","324.620","324.620","305.240","","-5.92%"
"07/11/2017","324.180","305.500","324.605","305.450","","2.05%"
"07/10/2017","317.680","305.450","319.885","305.275","","-1.85%"
"07/07/2017","323.680","305.500","324.695","305.225","","6.12%"
"07/06/2017","305.000","305.450","324.665","305.400","","-5.92%"
"07/05/2017","324.180","305.450","324.620","305.200","","6.31%"
"07/04/2017","304.950","315.250","330.250","305.350","","-3.19%"
"07/03/2017","315.000","305.320","315.250","305.160","","3.32%"
"06/30/2017","304.880","305.320","315.250","305.320","","0.00%"
"06/29/2017","304.880","305.300","315.250","305.300","","0.03%"
"06/28/2017","304.800","305.320","315.250","305.300","","-0.01%"
"06/27/2017","304.820","305.350","315.250","305.300","","-0.01%"
"06/26/2017","304.850","305.300","315.250","305.280","","0.02%"
"06/23/2017","304.800","324.635","324.635","305.250","","-5.83%"
"06/22/2017","323.680","305.280","324.370","305.180","","6.20%"
"06/21/2017","304.780","305.180","327.300","305.180","","0.00%"
"06/20/2017","304.780","305.200","324.620","305.180","","-5.84%"
"06/19/2017","323.680","305.200","327.300","305.180","","6.23%"
"06/16/2017","304.700","305.180","327.300","305.150","","-5.57%"
"06/15/2017","322.680","305.180","327.300","305.100","","-0.31%"
"06/14/2017","323.680","305.100","327.300","305.050","","6.26%"
"06/13/2017","304.600","305.080","322.135","304.880","","-4.12%"
"06/12/2017","317.680","305.080","327.330","304.880","","4.30%"
"06/09/2017","304.580","305.050","327.300","304.880","","0.01%"
"06/08/2017","304.550","305.050","324.535","304.880","","0.00%"
"06/07/2017","304.550","305.000","324.520","304.880","","0.02%"
"06/06/2017","304.500","304.980","314.750","304.880","","0.01%"
"06/05/2017","304.480","304.880","327.300","304.750","","0.03%"
"06/02/2017","304.400","304.880","324.400","304.880","","0.01%"
"06/01/2017","304.380","319.855","325.000","304.800","","0.01%"
"05/31/2017","304.350","304.800","326.800","304.800","","-5.97%"
"05/30/2017","323.680","304.900","324.355","304.800","","6.33%"
"05/29/2017","304.400","304.950","326.800","304.900","","-0.02%"
"05/26/2017","304.450","304.950","326.800","304.900","","0.00%"
"05/25/2017","304.450","304.900","326.800","304.900","","0.02%"
"05/24/2017","304.400","304.900","326.800","304.850","","0.00%"
"05/23/2017","304.400","305.900","321.800","304.900","","-0.33%"
"05/22/2017","305.400","304.950","325.000","304.900","","0.31%"
"05/19/2017","304.450","304.900","315.155","304.900","","-3.10%"
"05/18/2017","314.190","315.110","324.500","304.900","","3.22%"
"05/17/2017","304.400","305.050","315.250","304.900","","-3.27%"
"05/16/2017","314.690","306.500","322.420","305.000","","2.84%"
"05/15/2017","306.000","305.050","324.500","305.050","","0.48%"
"05/12/2017","304.550","305.050","315.250","305.000","","0.00%"
"05/11/2017","304.550","305.150","315.250","305.050","","-0.03%"
"05/10/2017","304.650","305.200","322.800","305.150","","-0.02%"
"05/09/2017","304.700","305.150","324.590","305.150","","-2.86%"
"05/08/2017","313.680","305.150","322.800","305.100","","-0.32%"
"05/05/2017","314.680","305.200","322.800","305.150","","3.28%"
"05/04/2017","304.700","305.250","323.500","305.100","","-3.84%"
"05/03/2017","316.880","305.900","323.430","305.250","","3.76%"
"05/02/2017","305.400","305.300","323.000","305.250","","0.20%"
"05/01/2017","304.800","305.300","322.800","305.250","","0.02%"
"04/28/2017","304.740","305.300","315.805","305.245","","-0.02%"
"04/27/2017","304.800","305.500","315.805","305.300","","-0.07%"
"04/26/2017","305.000","305.500","323.500","305.500","","0.00%"
"04/25/2017","305.000","305.500","314.750","305.500","","0.00%"
"04/24/2017","305.000","305.550","315.150","305.370","","-0.02%"
"04/21/2017","305.050","305.550","314.750","305.500","","0.00%"
"04/20/2017","305.050","305.550","315.250","305.500","","0.00%"
"04/19/2017","305.050","305.500","315.250","305.500","","0.02%"
"04/18/2017","305.000","305.500","315.250","305.500","","0.00%"
"04/17/2017","305.000","305.600","315.150","305.500","","-0.03%"
"04/14/2017","305.100","305.600","315.550","305.600","","-1.38%"
"04/13/2017","309.360","305.550","318.000","305.550","","1.18%"
"04/12/2017","305.740","305.600","318.000","305.000","","-1.13%"
"04/11/2017","309.240","305.600","318.000","305.600","","1.36%"
"04/10/2017","305.100","305.650","318.500","305.600","","-0.02%"
"04/07/2017","305.150","305.650","313.940","305.650","","-2.45%"
"04/06/2017","312.820","305.750","315.280","305.650","","2.48%"
"04/05/2017","305.250","305.700","315.250","305.700","","-2.71%"
"04/04/2017","313.750","305.800","316.030","305.700","","-0.30%"
"04/03/2017","314.680","305.850","318.750","305.250","","3.06%"
"03/31/2017","305.350","305.950","314.750","305.000","","-0.03%"
"03/30/2017","305.450","307.100","314.750","305.950","","-0.38%"
"03/29/2017","306.600","306.200","307.150","306.000","","0.29%"
"03/28/2017","305.700","306.500","315.225","306.000","","-0.10%"
"03/27/2017","306.000","307.500","318.250","306.500","","-0.33%"
"03/24/2017","307.000","307.200","314.750","306.750","","-1.11%"
"03/23/2017","310.440","307.000","315.295","305.250","","1.29%"
"03/22/2017","306.500","306.950","316.015","306.500","","0.02%"
"03/21/2017","306.450","306.500","315.250","306.500","","0.15%"
"03/20/2017","306.000","306.200","318.250","306.200","","0.10%"
"03/17/2017","305.700","305.980","310.250","305.650","","0.07%"
"03/16/2017","305.480","305.650","314.750","305.500","","0.11%"
"03/15/2017","305.150","305.500","314.750","305.150","","0.05%"
"03/14/2017","305.000","305.250","314.750","305.125","","0.08%"
"03/13/2017","304.750","305.270","318.495","305.150","","-0.01%"
"03/10/2017","304.770","305.200","314.750","305.000","","0.04%"
"03/09/2017","304.650","305.200","315.250","304.950","","-0.02%"
"03/08/2017","304.700","304.950","314.750","304.500","","0.08%"
"03/07/2017","304.450","304.700","315.250","304.700","","0.08%"
"03/06/2017","304.200","304.700","318.250","304.700","","0.00%"
"03/03/2017","304.200","304.950","318.250","304.700","","-0.08%"
"03/02/2017","304.450","304.950","318.500","304.900","","0.02%"
"03/01/2017","304.400","304.950","318.500","302.500","","-0.02%"
"02/28/2017","304.450","305.000","318.500","304.950","","-0.02%"
"02/27/2017","304.500","304.980","318.250","304.950","","0.01%"
"02/24/2017","304.480","304.700","314.750","304.700","","0.09%"
"02/23/2017","304.200","304.700","315.150","304.700","","0.00%"
"02/22/2017","304.200","304.700","314.750","304.700","","0.00%"
"02/21/2017","304.200","304.950","315.250","304.700","","-0.08%"
"02/20/2017","304.450","305.000","318.250","304.950","","-0.02%"
"02/17/2017","304.500","314.750","318.250","304.950","","0.02%"
"02/16/2017","304.450","304.950","318.250","304.950","","0.00%"
"02/15/2017","304.450","304.500","318.250","304.500","","0.15%"
"02/14/2017","304.000","304.500","318.250","304.500","","0.00%"
"02/13/2017","304.000","304.500","318.250","304.500","","0.00%"
"02/10/2017","304.000","304.700","314.750","304.480","","-0.07%"
"02/09/2017","304.200","305.700","318.500","304.700","","-3.37%"
"02/08/2017","314.800","314.750","318.500","305.275","","0.18%"
"02/07/2017","314.250","304.750","318.340","304.750","","3.29%"
"02/06/2017","304.250","304.750","318.500","304.700","","0.00%"
"02/03/2017","304.250","304.750","314.750","304.750","","0.00%"
"02/02/2017","304.250","304.700","314.750","304.700","","0.02%"
"02/01/2017","304.200","304.750","304.750","304.700","","-0.02%"
"01/31/2017","304.250","312.415","314.750","304.700","","-2.35%"
"01/30/2017","311.580","304.700","318.250","304.500","","2.43%"
"01/27/2017","304.200","305.000","315.055","304.700","","-3.02%"
"01/26/2017","313.680","305.000","315.055","304.950","","0.00%"
"01/25/2017","313.680","305.000","315.305","304.950","","2.78%"
"01/24/2017","305.190","304.950","316.755","304.950","","-3.15%"
"01/23/2017","315.110","304.980","318.555","304.950","","3.49%"
"01/20/2017","304.480","304.700","318.500","304.700","","-3.47%"
"01/19/2017","315.430","304.700","318.715","304.500","","3.69%"
"01/18/2017","304.200","314.740","318.285","304.700","","0.00%"
"01/17/2017","304.200","304.500","318.475","304.500","","0.07%"
"01/16/2017","304.000","304.500","318.500","304.500","","0.00%"
"01/13/2017","304.000","304.500","315.385","304.500","","0.00%"
"01/12/2017","304.000","304.500","315.000","304.500","","0.00%"
"01/11/2017","304.000","304.700","315.480","304.500","","-3.40%"
"01/10/2017","314.690","304.500","315.620","304.500","","-0.10%"
"01/09/2017","315.000","304.500","318.500","304.500","","3.62%"
"01/06/2017","304.000","304.500","315.215","304.500","","0.00%"
"01/05/2017","304.000","304.500","315.510","304.500","","-3.30%"
"01/04/2017","314.380","304.500","315.515","304.500","","0.02%"
"01/03/2017","314.310","304.500","315.075","304.500","","3.39%"
"01/02/2017","304.000","304.700","317.000","304.500","","-0.07%"
"12/30/2016","304.200","304.700","314.980","304.700","","-0.02%"
"12/29/2016","304.250","304.700","314.980","304.700","","0.00%"
"12/28/2016","304.250","304.750","315.075","304.700","","-3.20%"
"12/27/2016","314.310","304.750","314.980","304.700","","3.31%"
"12/26/2016","304.250","304.750","317.000","304.700","","0.00%"
"12/23/2016","304.250","304.750","314.980","304.700","","0.00%"
"12/22/2016","304.250","304.700","314.980","304.700","","0.02%"
"12/21/2016","304.200","304.700","315.325","304.700","","0.00%"
"12/20/2016","304.200","305.000","315.325","304.500","","-0.10%"
"12/19/2016","304.500","305.000","318.750","304.950","","0.00%"
"12/16/2016","304.500","305.000","318.655","304.500","","0.02%"
"12/15/2016","304.450","305.000","318.750","304.725","","-0.02%"
"12/14/2016","304.500","305.000","318.750","304.950","","0.00%"
"12/13/2016","304.500","304.950","319.500","304.950","","0.02%"
"12/12/2016","304.450","305.000","319.500","304.950","","-0.02%"
"12/09/2016","304.500","305.000","315.250","304.950","","0.00%"
"12/08/2016","304.500","305.000","305.400","305.000","","0.00%"
"12/07/2016","304.500","304.950","315.120","304.625","","0.02%"
"12/06/2016","304.450","304.500","315.310","304.500","","0.15%"
"12/05/2016","304.000","304.500","319.250","304.500","","0.00%"
"12/02/2016","304.000","304.500","315.750","304.500","","0.00%"
"12/01/2016","304.000","304.750","315.060","304.500","","-0.08%"
"11/30/2016","304.250","304.700","315.250","304.600","","0.02%"
"11/29/2016","304.200","304.750","308.750","304.700","","-0.02%"
"11/28/2016","304.250","304.500","325.000","304.500","","0.08%"
"11/25/2016","304.000","304.500","314.750","304.500","","0.00%"
"11/24/2016","304.000","304.500","315.250","304.500","","0.00%"
"11/23/2016","304.000","304.500","315.250","304.500","","0.00%"
"11/22/2016","304.000","305.000","315.250","304.500","","-0.16%"
"11/21/2016","304.500","305.000","325.000","304.750","","0.00%"
"11/18/2016","304.500","305.000","315.120","305.000","","0.00%"
"11/17/2016","304.500","304.750","315.250","304.700","","0.08%"
"11/16/2016","304.250","304.700","314.810","304.700","","0.02%"
"11/15/2016","304.200","304.750","320.250","304.700","","-0.02%"
"11/14/2016","304.250","304.500","325.000","304.500","","0.08%"
"11/11/2016","304.000","304.500","315.375","304.500","","0.00%"
"11/10/2016","304.000","304.750","315.250","304.500","","-0.08%"
"11/09/2016","304.250","304.750","328.250","304.700","","0.00%"
"11/08/2016","304.250","304.700","319.250","304.700","","0.02%"
"11/07/2016","304.200","304.700","325.000","304.700","","0.00%"
"11/04/2016","304.200","304.700","325.000","304.700","","0.00%"
"11/03/2016","304.200","304.500","325.000","304.500","","0.07%"
"11/02/2016","304.000","305.000","325.000","304.500","","-0.16%"
"11/01/2016","304.500","305.000","325.000","304.500","","0.00%"
"10/31/2016","304.500","305.000","325.000","305.000","","0.00%"
"10/28/2016","304.500","318.050","318.100","305.000","","-4.11%"
"10/27/2016","317.550","305.000","318.100","305.000","","4.29%"
"10/26/2016","304.500","305.000","317.500","305.000","","0.00%"
"10/25/2016","304.500","304.750","320.000","304.700","","0.08%"
"10/24/2016","304.250","304.750","325.500","304.750","","0.00%"
"10/21/2016","304.250","305.000","316.850","304.750","","-0.08%"
"10/20/2016","304.500","305.000","318.550","305.000","","0.00%"
"10/19/2016","304.500","304.500","318.200","304.500","","0.16%"
"10/18/2016","304.000","304.500","319.750","304.500","","0.00%"
"10/17/2016","304.000","304.500","327.500","304.500","","0.00%"
"10/14/2016","304.000","304.750","319.500","304.500","","-0.08%"
"10/13/2016","304.250","304.750","319.500","304.750","","0.00%"
"10/12/2016","304.250","304.700","320.200","304.700","","0.02%"
"10/11/2016","304.200","304.500","320.200","304.500","","0.07%"
"10/10/2016","304.000","304.500","323.150","304.500","","0.00%"
"10/07/2016","304.000","304.750","323.150","304.500","","-0.08%"
"10/06/2016","304.250","304.700","322.150","304.700","","0.02%"
"10/05/2016","304.200","304.750","321.000","304.700","","-0.02%"
"10/04/2016","304.250","304.750","322.350","304.750","","0.00%"
"10/03/2016","304.250","305.000","322.250","304.750","","-0.08%"
"09/30/2016","304.500","315.250","322.250","305.000","","-5.80%"
"09/29/2016","323.250","315.250","323.750","315.250","","2.62%"
"09/28/2016","315.000","324.000","324.000","305.250","","0.00%"
"09/27/2016","315.000","315.250","325.250","305.250","","-2.63%"
"09/26/2016","323.500","323.900","324.000","305.250","","0.03%"
"09/23/2016","323.400","314.750","323.900","305.250","","6.03%"
"09/22/2016","305.000","315.250","326.250","305.250","","0.00%"
"09/21/2016","305.000","324.000","325.250","305.250","","0.00%"
"09/20/2016","305.000","314.750","324.000","305.050","","0.00%"
"09/19/2016","305.000","315.250","324.000","305.050","","0.00%"
"09/16/2016","305.000","315.250","318.250","305.250","","-3.33%"
"09/15/2016","315.500","315.500","324.000","305.250","","-2.77%"
"09/14/2016","324.500","314.750","325.000","305.250","","3.02%"
"09/13/2016","315.000","324.100","324.100","315.500","","0.00%"
"09/12/2016","315.000","315.000","315.000","315.000","","0.00%"
"09/09/2016","315.000","310.250","326.800","310.250","","3.28%"
"09/08/2016","305.000","310.250","326.800","305.250","","-6.15%"
"09/07/2016","325.000","315.500","325.800","304.750","","3.34%"
"09/06/2016","314.500","315.750","327.750","305.250","","-4.70%"
"09/05/2016","330.000","333.000","340.250","305.250","","4.76%"
"09/02/2016","315.000","315.750","333.000","304.750","","2.94%"
"09/01/2016","306.000","315.250","331.000","306.250","","-1.29%"
"08/31/2016","310.000","315.250","338.200","306.250","","1.31%"
"08/30/2016","306.000","330.250","339.000","306.250","","0.00%"
"08/29/2016","306.000","315.250","330.250","306.250","","-1.45%"
"08/26/2016","310.500","315.250","337.250","308.750","","-1.43%"
"08/25/2016","315.000","315.250","331.000","315.250","","0.00%"
"08/24/2016","315.000","330.250","340.250","314.750","","-4.55%"
"08/23/2016","330.000","325.500","335.250","325.500","","0.30%"
"08/22/2016","329.000","344.500","344.500","329.500","","-3.24%"
"08/19/2016","340.000","315.250","350.250","315.250","","5.92%"
"08/18/2016","321.000","312.250","354.250","312.250","","0.00%"
"08/17/2016","321.000","318.500","321.250","315.250","","1.90%"
"08/16/2016","315.000","318.500","321.250","315.250","","0.00%"
"08/15/2016","315.000","320.250","322.250","310.750","","1.29%"
"08/12/2016","311.000","318.750","318.750","309.750","","-0.80%"
"08/11/2016","313.500","320.250","320.250","313.750","","-2.03%"
"08/10/2016","320.000","317.250","322.250","317.000","","-0.62%"
"08/09/2016","322.000","320.250","322.250","317.000","","0.63%"
"08/08/2016","320.000","316.100","320.250","313.250","","1.11%"
"08/05/2016","316.500","315.250","320.250","311.750","","2.10%"
"08/04/2016","310.000","317.500","318.500","310.250","","-0.16%"
"08/03/2016","310.500","320.250","320.250","310.750","","0.00%"
"08/02/2016","310.500","313.250","320.250","310.750","","-2.82%"
"08/01/2016","319.500","318.500","320.500","313.250","","0.47%"
"07/29/2016","318.000","313.250","320.500","313.250","","-1.24%"
"07/28/2016","322.000","313.250","322.250","298.250","","2.22%"
"07/27/2016","315.000","310.750","315.250","305.250","","1.61%"
"07/26/2016","310.000","308.250","312.250","308.250","","0.00%"
"07/25/2016","310.000","299.750","310.250","294.750","","1.64%"
"07/22/2016","305.000","295.250","305.250","294.750","","4.45%"
"07/21/2016","292.000","294.500","298.250","292.250","","-0.85%"
"07/20/2016","294.500","295.250","295.250","294.750","","0.51%"
"07/19/2016","293.000","293.750","296.000","292.250","","3.45%"
"07/18/2016","283.220","283.000","295.250","282.000","","-0.26%"
"07/15/2016","283.970","283.500","290.250","282.000","","0.44%"
"07/14/2016","282.720","283.500","284.250","282.735","","0.09%"
"07/13/2016","282.470","282.750","284.000","282.735","","-0.26%"
"07/12/2016","283.220","283.500","283.640","282.250","","0.44%"
"07/11/2016","281.970","281.750","283.250","281.750","","-0.09%"
"07/08/2016","282.220","282.500","282.795","280.250","","0.18%"
"07/07/2016","281.720","282.000","282.155","282.000","","-0.04%"
"07/06/2016","281.820","282.125","282.220","282.125","","0.11%"
"07/05/2016","281.500","281.500","281.500","281.500","","0.00%"
"07/04/2016","281.500","282.000","283.500","281.750","","-0.08%"
"07/01/2016","281.720","282.250","283.250","282.110","","0.00%"
"06/30/2016","281.720","282.500","284.000","280.250","","-0.18%"
"06/29/2016","282.220","281.750","282.795","281.750","","0.11%"
"06/28/2016","281.920","282.500","285.010","281.500","","-0.49%"
"06/27/2016","283.310","282.000","285.025","281.500","","0.74%"
"06/24/2016","281.220","283.500","285.135","281.250","","-1.03%"
"06/23/2016","284.150","282.500","285.545","282.000","","-0.20%"
"06/22/2016","284.710","280.500","285.545","280.500","","0.10%"
"06/21/2016","284.430","286.500","286.500","280.000","","1.06%"
"06/20/2016","281.440","199.050","283.500","198.050","","41.71%"
"06/17/2016","198.600","199.250","199.250","198.850","","-0.10%"
"06/16/2016","198.800","198.820","199.260","198.750","","0.20%"
"06/15/2016","198.400","199.000","199.020","198.050","","-0.20%"
"06/14/2016","198.800","198.970","199.100","198.950","","0.00%"
"06/13/2016","198.800","199.050","199.275","198.050","","-0.10%"
"06/10/2016","199.000","199.000","199.100","198.050","","0.10%"
"06/09/2016","198.800","198.960","199.100","198.050","","0.00%"
"06/08/2016","198.800","198.960","199.250","198.050","","-0.10%"
"06/07/2016","199.000","198.960","199.260","198.050","","0.10%"
"06/06/2016","198.800","199.050","199.275","198.050","","0.00%"
"06/03/2016","198.800","198.960","199.250","198.050","","0.00%"
"06/02/2016","198.800","199.110","199.305","198.950","","0.00%"
"06/01/2016","198.800","198.980","199.295","198.950","","0.00%"
"05/31/2016","198.800","199.050","199.275","198.050","","0.13%"
"05/30/2016","198.550","199.185","199.185","199.050","","-0.13%"
"05/27/2016","198.800","199.020","199.185","198.945","","0.05%"
"05/26/2016","198.700","198.970","199.250","198.050","","-0.05%"
"05/25/2016","198.800","199.250","199.250","198.050","","-0.10%"
"05/24/2016","199.000","198.960","199.250","198.945","","0.10%"
"05/23/2016","198.800","199.050","199.280","198.825","","0.00%"
"05/20/2016","198.800","199.200","199.310","198.500","","0.00%"
"05/19/2016","198.800","198.050","199.300","198.050","","0.00%"
"05/18/2016","198.800","199.225","199.310","198.850","","-0.05%"
"05/17/2016","198.890","199.050","199.280","198.050","","0.05%"
"05/16/2016","198.800","199.050","199.280","198.050","","-0.10%"
"05/13/2016","199.000","199.170","199.275","198.825","","0.23%"
"05/12/2016","198.550","198.050","199.275","198.050","","-0.13%"
"05/11/2016","198.800","199.000","199.270","198.050","","0.00%"
"05/10/2016","198.800","199.050","199.275","198.825","","0.10%"
"05/09/2016","198.600","198.890","199.275","198.050","","0.00%"
"05/06/2016","198.600","199.200","199.250","198.050","","-0.10%"
"05/05/2016","198.800","198.970","199.250","198.950","","0.00%"
"05/04/2016","198.800","198.970","199.275","198.050","","0.00%"
"05/03/2016","198.800","199.000","199.285","198.815","","0.00%"
"05/02/2016","198.800","198.990","199.100","198.945","","0.00%"
"04/29/2016","198.800","198.990","199.250","198.050","","0.00%"
"04/28/2016","198.800","198.960","199.275","198.825","","0.00%"
"04/27/2016","198.800","198.750","199.100","198.500","","0.25%"
"04/26/2016","198.300","199.120","199.270","198.050","","-0.20%"
"04/25/2016","198.700","199.200","199.275","198.825","","-0.05%"
"04/22/2016","198.790","198.960","199.275","198.825","","-0.01%"
"04/21/2016","198.800","198.810","199.250","198.810","","0.13%"
"04/20/2016","198.550","198.890","199.275","198.050","","-0.03%"
"04/19/2016","198.600","198.050","199.250","198.050","","-0.10%"
"04/18/2016","198.800","199.050","199.060","198.950","","0.10%"
"04/15/2016","198.600","198.970","199.070","198.850","","-0.10%"
"04/14/2016","198.800","198.960","199.275","198.500","","0.00%"
"04/13/2016","198.800","198.960","199.250","198.940","","0.00%"
"04/12/2016","198.800","199.050","199.300","198.825","","0.40%"
"04/11/2016","198.000","199.000","199.250","198.050","","-0.45%"
"04/08/2016","198.900","199.050","199.275","198.050","","-0.05%"
"04/07/2016","199.000","199.050","199.050","199.050","","0.00%"
"04/06/2016","199.000","199.050","199.250","198.050","","0.05%"
"04/05/2016","198.900","199.050","199.250","198.050","","-0.05%"
"04/04/2016","199.000","199.050","199.250","198.050","","0.03%"
"04/01/2016","198.940","198.810","199.110","198.810","","0.07%"
"03/31/2016","198.800","199.250","199.250","198.810","","0.10%"
"03/30/2016","198.600","198.810","199.070","198.735","","0.10%"
"03/29/2016","198.400","199.250","199.250","198.050","","-0.20%"
"03/28/2016","198.800","199.050","199.110","198.950","","0.00%"
"03/25/2016","198.800","198.800","198.800","198.800","","0.00%"
"03/24/2016","198.800","199.050","199.275","198.050","","0.10%"
"03/23/2016","198.600","199.050","199.100","198.800","","-0.20%"
"03/22/2016","199.000","199.250","199.250","198.500","","0.00%"
"03/21/2016","199.000","199.050","199.275","198.825","","0.10%"
"03/18/2016","198.800","199.095","199.295","198.850","","0.00%"
"03/17/2016","198.800","199.250","199.285","198.850","","-0.10%"
"03/16/2016","199.000","199.050","199.275","198.825","","0.00%"
"03/15/2016","199.000","199.050","199.050","199.050","","0.10%"
"03/14/2016","198.800","198.050","199.250","198.050","","0.10%"
"03/11/2016","198.600","199.250","199.275","198.050","","-0.10%"
"03/10/2016","198.800","199.050","199.090","198.950","","0.30%"
"03/09/2016","198.200","199.050","199.090","198.650","","-0.30%"
"03/08/2016","198.800","199.250","199.250","198.950","","-0.12%"
"03/07/2016","199.030","198.050","199.275","198.050","","0.00%"
"03/04/2016","199.030","199.250","199.295","199.050","","0.02%"
"03/03/2016","199.000","198.050","199.320","198.050","","0.23%"
"03/02/2016","198.550","199.250","199.275","198.825","","-0.23%"
"03/01/2016","199.000","199.250","199.250","198.500","","0.10%"
"02/29/2016","198.800","199.050","199.300","198.050","","0.00%"
"02/26/2016","198.800","199.050","199.275","198.855","","0.00%"
"02/25/2016","198.800","198.500","199.250","198.050","","0.00%"
"02/24/2016","198.800","199.050","199.250","198.500","","0.10%"
"02/23/2016","198.600","199.250","199.250","198.850","","-0.10%"
"02/22/2016","198.800","199.050","199.275","198.825","","0.10%"
"02/19/2016","198.600","199.050","199.275","198.800","","-0.10%"
"02/18/2016","198.800","198.950","199.200","198.800","","0.00%"
"02/17/2016","198.800","199.250","199.270","198.500","","0.00%"
"02/16/2016","198.800","198.485","199.120","198.050","","0.10%"
"02/15/2016","198.600","199.050","199.275","198.050","","-0.10%"
"02/12/2016","198.800","198.050","199.250","198.050","","0.00%"
"02/11/2016","198.800","198.820","199.250","198.775","","0.08%"
"02/10/2016","198.650","199.050","199.275","198.050","","0.13%"
"02/09/2016","198.400","198.800","199.250","198.500","","0.00%"
"02/08/2016","198.400","198.865","199.100","198.050","","-0.10%"
"02/05/2016","198.600","199.250","199.250","198.050","","-0.20%"
"02/04/2016","199.000","198.960","199.250","198.950","","0.10%"
"02/03/2016","198.800","199.250","199.250","198.800","","0.00%"
"02/02/2016","198.800","198.970","198.970","198.050","","0.00%"
"02/01/2016","198.800","199.250","199.260","198.950","","0.00%"
"01/29/2016","198.800","199.070","199.470","198.850","","0.10%"
"01/28/2016","198.600","198.500","199.275","198.500","","-0.23%"
"01/27/2016","199.050","199.250","199.275","198.850","","0.03%"
"01/26/2016","199.000","198.870","199.250","198.850","","0.20%"
"01/25/2016","198.600","199.050","199.275","198.825","","-0.10%"
"01/22/2016","198.800","199.250","199.250","198.850","","0.10%"
"01/21/2016","198.600","199.160","199.260","198.850","","-0.10%"
"01/20/2016","198.800","199.185","199.185","199.040","","0.00%"
"01/19/2016","198.800","199.250","199.285","197.500","","0.40%"
"01/18/2016","198.000","199.040","199.250","198.050","","-0.30%"
"01/15/2016","198.600","198.500","199.250","198.500","","-0.15%"
"01/14/2016","198.900","198.960","199.320","198.500","","0.05%"
"01/13/2016","198.800","199.000","199.250","198.800","","-1.09%"
"01/12/2016","201.000","199.200","201.050","198.850","","1.11%"
"01/11/2016","198.800","199.050","199.240","198.050","","-0.25%"
"01/08/2016","199.300","199.250","199.410","199.100","","0.38%"
"01/07/2016","198.550","199.200","199.250","198.500","","0.28%"
"01/06/2016","198.000","199.250","199.250","198.050","","-0.40%"
"01/05/2016","198.800","199.250","199.250","198.825","","-0.08%"
"01/04/2016","198.950","199.050","199.250","198.500","","-0.03%"
"01/01/2016","199.000","199.000","199.000","199.000","","0.00%"
"12/31/2015","199.000","198.500","199.250","198.500","","0.13%"
"12/30/2015","198.750","198.050","199.400","198.050","","-0.03%"
"12/29/2015","198.800","198.970","199.250","198.685","","-0.10%"
"12/28/2015","199.000","199.050","199.250","198.500","","0.00%"
"12/25/2015","199.000","199.000","199.000","199.000","","0.00%"
"12/24/2015","199.000","199.050","199.050","199.050","","0.00%"
"12/23/2015","199.000","198.970","199.250","198.500","","0.00%"
"12/22/2015","199.000","198.970","199.250","198.785","","0.00%"
"12/21/2015","199.000","199.250","199.250","198.050","","0.11%"
"12/18/2015","198.780","199.050","199.250","198.925","","0.39%"
"12/17/2015","198.000","198.950","199.050","198.500","","-0.50%"
"12/16/2015","199.000","198.870","199.250","198.870","","0.09%"
"12/15/2015","198.820","199.250","199.250","198.870","","-0.09%"
"12/14/2015","199.000","199.050","199.250","198.500","","0.00%"
"12/11/2015","199.000","198.985","199.250","198.020","","0.27%"
"12/10/2015","198.470","199.250","199.250","198.935","","0.25%"
"12/09/2015","197.970","199.250","199.250","198.020","","0.00%"
"12/08/2015","197.970","199.250","199.250","198.020","","-0.52%"
"12/07/2015","199.000","198.500","199.250","198.050","","0.51%"
"12/04/2015","198.000","199.050","199.250","198.500","","-0.50%"
"12/03/2015","199.000","199.250","199.250","198.850","","0.00%"
"12/02/2015","199.000","199.020","199.250","199.020","","0.02%"
"12/01/2015","198.970","199.160","199.260","198.935","","0.09%"
"11/30/2015","198.800","199.250","199.260","198.900","","-0.10%"
"11/27/2015","199.000","198.500","199.300","198.500","","0.00%"
"11/26/2015","199.000","199.000","199.300","198.500","","0.10%"
"11/25/2015","198.800","199.000","199.260","198.900","","-0.10%"
"11/24/2015","199.000","199.250","199.260","198.950","","0.00%"
"11/23/2015","199.000","198.500","199.250","198.500","","0.05%"
"11/20/2015","198.900","198.950","199.250","198.950","","-0.05%"
"11/19/2015","199.000","198.500","199.250","198.500","","0.51%"
"11/18/2015","198.000","199.250","199.250","198.500","","0.00%"
"11/17/2015","198.000","198.500","199.250","198.050","","-0.50%"
"11/16/2015","199.000","198.500","199.250","198.500","","0.08%"
"11/13/2015","198.850","199.230","199.250","198.850","","-0.08%"
"11/12/2015","199.000","199.050","199.250","198.950","","0.00%"
"11/11/2015","199.000","198.500","199.240","198.050","","0.03%"
"11/10/2015","198.950","199.200","199.225","198.930","","0.00%"
"11/09/2015","198.950","198.500","199.240","198.500","","0.04%"
"11/06/2015","198.870","199.275","199.275","198.500","","-0.07%"
"11/05/2015","199.000","199.230","199.285","198.500","","-0.08%"
"11/04/2015","199.160","199.200","199.355","198.490","","0.14%"
"11/03/2015","198.890","199.050","199.255","198.995","","-0.02%"
"11/02/2015","198.930","198.500","199.250","198.050","","-0.02%"
"10/30/2015","198.960","198.500","199.290","198.050","","0.04%"
"10/29/2015","198.880","199.060","199.265","198.500","","-0.08%"
"10/28/2015","199.030","199.230","199.265","198.685","","0.03%"
"10/27/2015","198.980","199.230","199.250","198.705","","0.02%"
"10/26/2015","198.950","198.500","199.250","198.500","","0.02%"
"10/23/2015","198.920","199.250","199.260","198.500","","-0.03%"
"10/22/2015","198.980","199.070","199.260","198.900","","0.01%"
"10/21/2015","198.960","199.250","199.250","198.050","","0.00%"
"10/20/2015","198.960","198.500","199.270","198.475","","-0.10%"
"10/19/2015","199.160","199.050","199.330","198.500","","0.06%"
"10/16/2015","199.050","199.250","199.285","198.500","","0.07%"
"10/15/2015","198.920","199.050","199.215","199.020","","-0.03%"
"10/14/2015","198.980","199.050","199.240","198.950","","-0.09%"
"10/13/2015","199.160","199.250","199.360","199.020","","0.08%"
"10/12/2015","199.000","199.050","199.250","198.500","","-0.09%"
"10/09/2015","199.180","199.050","199.350","199.040","","0.09%"
"10/08/2015","199.000","199.050","199.270","199.000","","0.51%"
"10/07/2015","198.000","199.000","199.290","198.500","","-0.49%"
"10/06/2015","198.980","199.260","199.280","198.500","","-0.01%"
"10/05/2015","199.000","199.050","199.250","198.050","","0.03%"
"10/02/2015","198.950","199.260","199.270","198.500","","-0.02%"
"10/01/2015","198.980","199.050","199.270","198.500","","0.00%"
"09/30/2015","198.980","199.050","199.270","198.050","","0.09%"
"09/29/2015","198.800","199.000","199.280","198.150","","-0.08%"
"09/28/2015","198.960","198.500","199.280","198.050","","-0.01%"
"09/25/2015","198.980","198.500","199.260","198.050","","0.01%"
"09/24/2015","198.960","199.010","199.270","198.050","","0.02%"
"09/23/2015","198.930","199.260","199.270","198.050","","-0.03%"
"09/22/2015","198.980","199.125","199.295","198.050","","-0.03%"
"09/21/2015","199.030","198.500","199.275","198.050","","0.05%"
"09/18/2015","198.930","199.020","199.250","197.950","","-0.01%"
"09/17/2015","198.940","199.000","199.250","198.050","","-0.01%"
"09/16/2015","198.960","199.250","199.250","198.050","","-0.02%"
"09/15/2015","199.000","199.250","199.260","199.040","","0.00%"
"09/14/2015","199.000","199.050","199.270","198.800","","0.01%"
"09/11/2015","198.980","199.050","199.275","198.050","","-0.01%"
"09/10/2015","199.000","199.250","199.270","198.990","","0.05%"
"09/09/2015","198.900","199.250","199.250","198.000","","-0.05%"
"09/08/2015","199.000","199.050","199.260","199.000","","0.00%"
"09/07/2015","199.000","197.950","199.250","197.775","","0.08%"
"09/04/2015","198.850","199.000","199.250","197.775","","0.00%"
"09/03/2015","198.850","199.250","199.250","199.000","","-0.08%"
"09/02/2015","199.000","199.050","199.250","199.050","","0.00%"
"09/01/2015","199.000","199.050","199.250","198.950","","0.00%"
"08/31/2015","199.000","199.000","199.250","198.975","","0.00%"
"08/28/2015","199.000","199.130","199.140","198.975","","0.01%"
"08/27/2015","198.980","198.950","199.250","198.950","","0.04%"
"08/26/2015","198.900","199.120","199.140","198.950","","-0.03%"
"08/25/2015","198.960","199.250","199.250","199.100","","-0.01%"
"08/24/2015","198.980","197.950","199.250","197.950","","0.00%"
"08/21/2015","198.980","199.000","199.280","198.750","","0.01%"
"08/20/2015","198.960","199.050","199.270","199.030","","-0.01%"
"08/19/2015","198.980","199.250","199.280","198.500","","0.02%"
"08/18/2015","198.940","199.050","199.280","199.020","","-0.02%"
"08/17/2015","198.980","197.950","199.260","197.950","","0.05%"
"08/14/2015","198.880","199.100","199.170","197.950","","0.01%"
"08/13/2015","198.860","199.050","199.120","197.950","","0.44%"
"08/12/2015","197.980","199.350","199.350","197.775","","-0.60%"
"08/11/2015","199.180","198.050","199.350","198.050","","0.00%"
"08/10/2015","199.180","199.050","199.360","198.050","","0.12%"
"08/07/2015","198.940","199.050","199.265","197.950","","0.02%"
"08/06/2015","198.900","199.050","199.250","198.050","","-0.03%"
"08/05/2015","198.960","199.060","199.270","198.950","","0.00%"
"08/04/2015","198.960","199.000","199.260","198.980","","0.02%"
"08/03/2015","198.930","199.200","199.310","198.990","","-0.01%"
"07/31/2015","198.950","199.250","199.290","197.950","","-0.02%"
"07/30/2015","198.980","199.250","199.385","199.000","","0.00%"
"07/29/2015","198.980","199.000","199.270","198.955","","0.06%"
"07/28/2015","198.860","199.000","199.270","198.930","","-0.05%"
"07/27/2015","198.960","199.000","199.270","198.930","","0.05%"
"07/24/2015","198.860","199.075","199.270","198.930","","-0.06%"
"07/23/2015","198.980","199.060","199.250","198.915","","0.07%"
"07/22/2015","198.850","199.000","199.175","198.925","","-0.03%"
"07/21/2015","198.910","199.000","199.295","198.950","","-0.01%"
"07/20/2015","198.930","199.000","199.260","198.990","","0.00%"
"07/17/2015","198.930","199.235","199.265","198.050","","-0.02%"
"07/16/2015","198.960","198.950","199.215","198.050","","0.48%"
"07/15/2015","198.000","199.200","199.215","198.050","","-0.45%"
"07/14/2015","198.900","199.200","199.200","198.900","","0.04%"
"07/13/2015","198.830","198.950","199.225","198.050","","0.00%"
"07/10/2015","198.830","199.000","199.200","198.890","","-0.05%"
"07/09/2015","198.920","199.000","199.255","198.900","","-0.02%"
"07/08/2015","198.960","198.910","199.215","198.870","","0.08%"
"07/07/2015","198.810","199.000","199.175","198.880","","-0.09%"
"07/06/2015","198.980","198.950","199.035","198.900","","0.04%"
"07/03/2015","198.900","199.000","199.200","198.900","","0.00%"
"07/02/2015","198.900","198.900","199.200","198.890","","0.03%"
"07/01/2015","198.850","199.000","199.200","198.850","","-0.07%"
"06/30/2015","198.980","199.000","199.230","198.850","","0.10%"
"06/29/2015","198.780","198.950","199.205","198.050","","-0.08%"
"06/26/2015","198.930","199.000","199.215","198.850","","0.03%"
"06/25/2015","198.880","199.000","199.225","198.830","","0.06%"
"06/24/2015","198.760","198.950","199.205","198.830","","-0.09%"
"06/23/2015","198.930","199.000","199.205","198.850","","0.03%"
"06/22/2015","198.870","198.950","199.200","198.050","","-0.02%"
"06/19/2015","198.900","198.950","199.200","198.850","","-0.03%"
"06/18/2015","198.950","198.950","199.200","198.950","","0.03%"
"06/17/2015","198.900","198.950","198.950","198.950","","0.05%"
"06/16/2015","198.800","198.950","199.200","198.850","","0.00%"
"06/15/2015","198.800","198.950","199.200","198.850","","0.00%"
"06/12/2015","198.800","198.950","199.200","198.850","","-0.05%"
"06/11/2015","198.900","199.200","199.200","198.850","","0.00%"
"06/10/2015","198.900","198.950","199.200","198.850","","0.00%"
"06/09/2015","198.900","199.200","199.200","198.950","","-0.03%"
"06/08/2015","198.950","198.950","199.200","197.150","","0.03%"
"06/05/2015","198.900","199.000","199.095","198.050","","-0.03%"
"06/04/2015","198.950","199.000","199.200","198.150","","0.00%"
"06/03/2015","198.950","198.050","199.050","198.050","","0.48%"
"06/02/2015","198.000","198.050","199.050","198.050","","-0.50%"
"06/01/2015","199.000","199.000","199.050","195.050","","0.00%"
"05/29/2015","199.000","198.050","199.050","198.050","","0.00%"
"05/28/2015","199.000","198.050","199.050","198.050","","0.00%"
"05/27/2015","199.000","199.000","199.050","199.000","","0.00%"
"05/26/2015","199.000","199.050","199.050","199.000","","0.00%"
"05/25/2015","199.000","199.050","199.050","198.050","","0.00%"
"05/22/2015","199.000","199.050","199.050","199.050","","0.00%"
"05/21/2015","199.000","199.050","199.050","199.050","","0.00%"
"05/20/2015","199.000","199.050","199.050","199.050","","0.00%"
"05/19/2015","199.000","199.450","199.450","198.950","","-0.20%"
"05/18/2015","199.400","199.050","199.450","199.050","","0.20%"
"05/15/2015","199.000","198.950","199.050","198.950","","0.00%"
"05/14/2015","199.000","199.050","199.150","198.050","","-0.05%"
"05/13/2015","199.100","199.050","199.150","199.050","","0.05%"
"05/12/2015","199.000","199.050","199.050","198.550","","0.00%"
"05/11/2015","199.000","199.050","199.050","199.050","","0.00%"
"05/08/2015","199.000","199.050","199.050","199.050","","0.00%"
"05/07/2015","199.000","199.050","199.050","199.050","","0.00%"
"05/06/2015","199.000","198.050","199.050","198.050","","0.03%"
"05/05/2015","198.950","199.000","199.000","199.000","","0.00%"
"05/04/2015","198.950","199.000","199.000","199.000","","0.48%"
"05/01/2015","198.000","198.050","198.050","198.050","","0.00%"
"04/30/2015","198.000","199.000","199.000","198.050","","-0.48%"
"04/29/2015","198.950","199.000","199.000","199.000","","0.00%"
"04/28/2015","198.950","199.000","199.000","199.000","","0.48%"
"04/27/2015","198.000","199.000","199.000","198.050","","-0.50%"
"04/24/2015","199.000","199.050","199.075","199.000","","0.00%"
"04/23/2015","199.000","199.050","199.050","199.000","","0.03%"
"04/22/2015","198.950","199.050","199.050","199.000","","-0.03%"
"04/21/2015","199.000","199.000","199.050","198.450","","0.02%"
"04/20/2015","198.960","199.000","199.050","198.450","","0.01%"
"04/17/2015","198.950","199.050","199.050","199.000","","0.00%"
"04/16/2015","198.950","199.000","199.050","199.000","","0.00%"
"04/15/2015","198.950","198.550","199.000","198.550","","0.23%"
"04/14/2015","198.500","199.040","199.040","198.550","","-0.25%"
"04/13/2015","198.990","199.050","199.050","199.040","","-0.01%"
"04/10/2015","199.000","199.000","199.050","198.950","","0.00%"
"04/09/2015","199.000","199.050","199.050","199.050","","0.00%"
"04/08/2015","199.000","199.050","199.050","199.050","","0.03%"
"04/07/2015","198.950","199.000","199.100","199.000","","-0.03%"
"04/06/2015","199.000","199.050","199.050","199.050","","0.00%"
"04/03/2015","199.000","199.050","199.050","199.050","","0.00%"
"04/02/2015","199.000","199.050","199.050","199.050","","0.00%"
"04/01/2015","199.000","199.050","199.050","199.050","","0.00%"
"03/31/2015","199.000","199.050","199.050","199.050","","0.00%"
"03/30/2015","199.000","199.050","199.050","199.050","","0.00%"
"03/27/2015","199.000","199.050","199.050","199.050","","0.00%"
"03/26/2015","199.000","199.050","199.050","199.050","","0.00%"
"03/25/2015","199.000","199.050","199.750","199.000","","0.00%"
"03/24/2015","199.000","199.050","199.750","199.050","","0.00%"
"03/23/2015","199.000","199.750","199.750","195.950","","0.00%"
"03/20/2015","199.000","199.050","199.050","199.050","","0.00%"
"03/19/2015","199.000","199.050","199.750","199.050","","0.00%"
"03/18/2015","199.000","199.750","199.750","199.050","","-0.35%"
"03/17/2015","199.700","199.050","199.750","199.050","","0.35%"
"03/16/2015","199.000","199.050","199.750","197.050","","0.00%"
"03/13/2015","199.000","199.500","200.050","199.050","","-0.23%"
"03/12/2015","199.450","199.550","199.550","195.050","","0.23%"
"03/11/2015","199.000","199.500","199.500","199.050","","0.00%"
"03/10/2015","199.000","199.550","199.550","198.850","","0.05%"
"03/09/2015","198.900","199.500","199.950","198.950","","0.00%"
"03/06/2015","198.900","199.500","199.500","198.950","","0.00%"
"03/05/2015","198.900","199.550","199.950","198.850","","-0.30%"
"03/04/2015","199.500","199.750","200.550","199.550","","-0.10%"
"03/03/2015","199.700","197.850","202.200","197.750","","-0.15%"
"03/02/2015","200.000","202.550","202.550","197.850","","-1.23%"
"02/27/2015","202.500","202.000","203.950","202.000","","0.00%"
"02/26/2015","202.500","202.000","202.550","201.900","","0.25%"
"02/25/2015","202.000","200.050","202.050","200.050","","0.50%"
"02/24/2015","201.000","200.550","201.250","198.950","","0.25%"
"02/23/2015","200.500","199.950","205.050","198.750","","0.80%"
"02/20/2015","198.900","199.500","199.950","198.950","","0.00%"
"02/19/2015","198.900","197.050","199.000","197.050","","0.96%"
"02/18/2015","197.000","198.050","199.050","197.050","","-0.51%"
"02/17/2015","198.000","202.050","202.050","195.540","","-1.00%"
"02/16/2015","200.000","204.550","205.050","199.500","","-1.72%"
"02/13/2015","203.500","203.950","205.550","200.000","","-1.17%"
"02/12/2015","205.900","204.200","206.100","203.900","","1.68%"
"02/11/2015","202.500","193.850","204.900","193.850","","1.50%"
"02/10/2015","199.500","196.300","200.150","196.300","","1.60%"
"02/09/2015","196.350","192.350","196.750","191.950","","1.32%"
"02/06/2015","193.800","192.350","194.000","192.350","","0.68%"
"02/05/2015","192.500","193.000","195.050","191.950","","0.26%"
"02/04/2015","192.000","190.900","193.050","189.850","","1.11%"
"02/03/2015","189.900","190.050","190.050","189.050","","0.48%"
"02/02/2015","189.000","190.500","190.500","187.550","","0.80%"
"01/30/2015","187.500","190.550","190.550","185.150","","-0.74%"
"01/29/2015","188.900","189.930","194.600","188.850","","-0.52%"
"01/28/2015","189.880","192.250","193.900","188.050","","-1.31%"
"01/27/2015","192.400","191.150","194.610","190.250","","1.16%"
"01/26/2015","190.200","191.050","191.600","189.050","","0.63%"
"01/23/2015","189.000","190.700","191.450","188.050","","0.53%"
"01/22/2015","188.000","189.800","191.600","184.750","","1.62%"
"01/21/2015","185.000","189.250","190.450","184.050","","-2.22%"
"01/20/2015","189.200","186.200","189.650","186.200","","2.33%"
"01/19/2015","184.900","185.550","190.300","183.200","","0.00%"
"01/16/2015","184.900","183.250","188.150","180.050","","-0.38%"
"01/15/2015","185.600","183.250","185.900","183.050","","1.28%"
"01/14/2015","183.250","183.450","183.550","180.900","","-0.14%"
"01/13/2015","183.500","183.550","184.000","180.050","","0.55%"
"01/12/2015","182.500","183.050","183.750","180.050","","-0.27%"
"01/09/2015","183.000","183.550","183.600","179.150","","2.18%"
"01/08/2015","179.100","182.050","185.050","178.550","","-2.13%"
"01/07/2015","183.000","184.450","185.050","180.050","","-0.27%"
"01/06/2015","183.500","184.050","185.050","180.050","","0.00%"
"01/05/2015","183.500","184.050","184.050","183.500","","0.05%"
"01/02/2015","183.400","183.450","183.450","183.450","","0.27%"
"01/01/2015","182.900","182.900","182.900","182.900","","0.00%"
"12/31/2014","182.900","183.450","183.450","182.500","","-0.87%"
"12/30/2014","184.500","183.100","184.550","183.100","","0.54%"
"12/29/2014","183.500","183.550","183.525","183.525","","0.88%"
"12/26/2014","181.900","181.900","181.900","181.900","","0.00%"
"12/25/2014","181.900","181.900","181.900","181.900","","0.00%"
"12/24/2014","181.900","181.130","182.000","181.130","","-0.60%"
"12/23/2014","183.000","186.475","186.500","182.250","","-0.81%"
"12/22/2014","184.500","185.050","185.050","184.550","","0.03%"
"12/19/2014","184.450","184.700","184.725","184.525","","-0.03%"
"12/18/2014","184.500","186.850","187.450","184.550","","-1.39%"
"12/17/2014","187.100","180.450","187.150","180.450","","3.63%"
"12/16/2014","180.550","178.950","181.250","178.950","","1.06%"
"12/15/2014","178.650","180.350","180.400","177.500","","-0.58%"
"12/12/2014","179.700","181.750","182.070","179.600","","-0.55%"
"12/11/2014","180.700","179.550","181.300","179.550","","0.44%"
"12/10/2014","179.900","182.500","183.250","179.550","","-2.23%"
"12/09/2014","184.000","183.700","184.650","177.050","","1.94%"
"12/08/2014","180.500","180.050","184.550","179.850","","0.73%"
"12/05/2014","179.200","180.100","182.250","179.250","","-0.33%"
"12/04/2014","179.800","179.550","180.750","179.550","","-0.11%"
"12/03/2014","180.000","179.950","183.650","178.950","","0.28%"
"12/02/2014","179.500","184.050","187.000","177.050","","-2.37%"
"12/01/2014","183.850","178.550","184.100","178.550","","3.00%"
"11/28/2014","178.500","177.000","178.750","177.000","","2.06%"
"11/27/2014","174.900","177.550","177.650","174.550","","-1.07%"
"11/26/2014","176.800","177.550","178.300","176.300","","-0.39%"
"11/25/2014","177.500","176.250","177.550","175.050","","2.25%"
"11/24/2014","173.600","177.700","178.000","173.650","","-1.92%"
"11/21/2014","177.000","176.200","177.325","176.200","","0.51%"
"11/20/2014","176.100","174.050","177.550","174.050","","1.21%"
"11/19/2014","174.000","173.350","174.450","172.600","","0.40%"
"11/18/2014","173.300","173.170","176.100","171.750","","0.20%"
"11/17/2014","172.950","171.550","173.175","171.550","","1.20%"
"11/14/2014","170.900","172.350","173.500","167.050","","-0.58%"
"11/13/2014","171.900","169.300","173.650","169.300","","1.27%"
"11/12/2014","169.750","168.400","169.900","168.250","","0.83%"
"11/11/2014","168.350","168.050","169.300","168.050","","0.21%"
"11/10/2014","168.000","165.900","170.300","165.750","","1.48%"
"11/07/2014","165.550","170.100","173.050","165.600","","-2.65%"
"11/06/2014","170.050","167.300","172.050","166.800","","1.83%"
"11/05/2014","167.000","166.050","167.300","166.050","","0.60%"
"11/04/2014","166.000","165.600","166.425","165.600","","0.24%"
"11/03/2014","165.600","165.550","165.970","165.470","","0.03%"
"10/31/2014","165.550","165.630","165.665","165.400","","0.15%"
"10/30/2014","165.300","165.350","165.715","165.250","","0.00%"
"10/29/2014","165.300","165.580","165.815","164.550","","-0.15%"
"10/28/2014","165.550","164.950","165.690","164.950","","0.46%"
"10/27/2014","164.800","164.670","164.975","164.350","","0.11%"
"10/24/2014","164.620","165.200","165.250","164.150","","-0.11%"
"10/23/2014","164.800","164.900","165.925","164.550","","-0.09%"
"10/22/2014","164.950","165.600","166.125","164.650","","-0.30%"
"10/21/2014","165.440","165.150","165.615","165.150","","0.18%"
"10/20/2014","165.150","165.250","165.350","165.000","","-0.06%"
"10/17/2014","165.250","165.300","165.375","164.350","","0.12%"
"10/16/2014","165.050","164.500","165.450","164.100","","0.36%"
"10/15/2014","164.450","164.130","164.550","164.050","","0.21%"
"10/14/2014","164.100","163.800","164.250","163.760","","0.18%"
"10/13/2014","163.800","163.760","164.650","163.700","","-0.49%"
"10/10/2014","164.600","164.550","164.770","163.900","","0.06%"
"10/09/2014","164.500","164.400","164.970","164.225","","0.06%"
"10/08/2014","164.400","164.450","165.100","163.550","","0.11%"
"10/07/2014","164.220","164.400","164.520","164.250","","0.00%"
"10/06/2014","164.220","164.520","164.520","163.700","","0.01%"
"10/03/2014","164.200","164.070","164.850","163.980","","0.15%"
"10/02/2014","163.950","163.700","164.140","163.700","","0.28%"
"10/01/2014","163.500","163.680","163.680","163.615","","0.00%"
"09/30/2014","163.500","163.650","163.870","163.450","","-0.12%"
"09/29/2014","163.700","163.850","164.210","163.050","","0.12%"
"09/26/2014","163.500","163.850","164.150","163.670","","0.00%"
"09/25/2014","163.500","163.050","164.150","163.050","","0.58%"
"09/24/2014","162.550","163.770","164.230","162.550","","-0.73%"
"09/23/2014","163.750","163.850","163.960","163.620","","0.15%"
"09/22/2014","163.500","163.800","164.150","163.400","","0.06%"
"09/19/2014","163.400","163.650","164.200","163.300","","-0.06%"
"09/18/2014","163.500","163.400","164.450","162.800","","0.09%"
"09/17/2014","163.350","162.850","163.800","162.750","","0.28%"
"09/16/2014","162.900","162.850","163.800","162.750","","0.06%"
"09/15/2014","162.800","162.870","163.440","162.800","","-0.08%"
"09/12/2014","162.930","162.800","162.980","162.700","","0.11%"
"09/11/2014","162.750","162.750","163.350","162.740","","0.03%"
"09/10/2014","162.700","162.700","162.945","162.200","","0.43%"
"09/09/2014","162.000","162.200","162.850","161.800","","0.00%"
"09/08/2014","162.000","162.150","162.370","162.075","","-0.18%"
"09/05/2014","162.300","162.510","162.510","162.050","","0.19%"
"09/04/2014","162.000","162.340","162.600","161.800","","-0.18%"
"09/03/2014","162.300","162.390","162.450","161.800","","0.06%"
"09/02/2014","162.210","162.360","162.540","161.800","","-0.12%"
"09/01/2014","162.400","161.800","162.560","161.800","","0.12%"
"08/29/2014","162.210","162.100","162.530","162.080","","0.11%"
"08/28/2014","162.030","162.100","162.300","161.870","","0.08%"
"08/27/2014","161.900","161.900","162.200","161.850","","-0.09%"
"08/26/2014","162.050","161.905","162.450","161.460","","0.01%"
"08/25/2014","162.030","162.060","162.330","161.770","","0.11%"
"08/22/2014","161.850","162.060","162.060","161.840","","-0.03%"
"08/21/2014","161.900","162.180","162.190","161.600","","-0.03%"
"08/20/2014","161.950","162.200","162.200","162.000","","-0.03%"
"08/19/2014","162.000","162.200","162.260","161.790","","0.06%"
"08/18/2014","161.900","162.490","162.490","161.915","","-0.06%"
"08/15/2014","162.000","162.700","162.750","161.865","","-0.18%"
"08/14/2014","162.300","161.800","162.550","161.730","","0.37%"
"08/13/2014","161.700","161.750","162.450","161.050","","-0.12%"
"08/12/2014","161.900","162.680","163.060","161.600","","-0.28%"
"08/11/2014","162.350","162.850","162.850","162.325","","-0.22%"
"08/08/2014","162.700","162.670","162.980","162.550","","0.12%"
"08/07/2014","162.500","161.650","162.950","161.000","","0.59%"
"08/06/2014","161.550","161.000","161.750","160.600","","0.44%"
"08/05/2014","160.850","161.180","161.180","160.480","","-0.06%"
"08/04/2014","160.950","161.430","161.750","160.910","","-0.25%"
"08/01/2014","161.350","161.740","161.850","161.350","","-0.28%"
"07/31/2014","161.800","161.900","161.975","161.650","","0.00%"
"07/30/2014","161.800","162.000","162.000","161.700","","0.05%"
"07/29/2014","161.720","161.720","161.720","161.720","","0.00%"
"07/28/2014","161.720","161.770","162.000","161.750","","-0.14%"
"07/25/2014","161.950","162.070","162.070","161.700","","-0.03%"
"07/24/2014","162.000","161.860","162.170","161.860","","0.00%"
"07/23/2014","162.000","162.280","162.280","161.805","","-0.12%"
"07/22/2014","162.200","162.300","162.450","162.150","","0.03%"
"07/21/2014","162.150","161.990","162.225","161.925","","0.15%"
"07/18/2014","161.900","161.800","162.070","161.800","","0.06%"
"07/17/2014","161.800","162.120","162.670","161.700","","0.01%"
"07/16/2014","161.790","161.850","162.300","161.700","","-0.04%"
"07/15/2014","161.850","162.100","162.380","161.850","","-0.22%"
"07/14/2014","162.200","162.880","162.880","162.225","","-0.05%"
"07/11/2014","162.280","162.300","162.420","161.200","","-0.01%"
"07/10/2014","162.300","162.450","162.550","162.000","","-0.06%"
"07/09/2014","162.400","162.500","162.600","162.150","","-0.03%"
"07/08/2014","162.450","162.700","162.700","162.425","","-0.12%"
"07/07/2014","162.650","162.880","162.880","162.580","","0.03%"
"07/04/2014","162.600","162.730","162.800","162.565","","0.04%"
"07/03/2014","162.530","162.700","162.940","162.220","","-0.14%"
"07/02/2014","162.750","162.880","163.150","162.700","","0.00%"
"07/01/2014","162.750","162.950","163.100","162.675","","-0.09%"
"06/30/2014","162.900","163.200","163.225","162.800","","0.04%"
"06/27/2014","162.830","162.980","163.050","162.820","","0.08%"
"06/26/2014","162.700","162.950","163.220","162.750","","0.02%"
"06/25/2014","162.670","162.730","163.005","162.490","","0.01%"
"06/24/2014","162.650","162.600","162.900","162.600","","0.07%"
"06/23/2014","162.530","162.870","162.870","162.480","","-0.15%"
"06/20/2014","162.770","163.180","163.180","162.730","","-0.20%"
"06/19/2014","163.100","163.150","163.380","162.750","","-0.18%"
"06/18/2014","163.400","163.150","163.600","162.600","","0.18%"
"06/17/2014","163.100","162.750","163.175","162.650","","0.25%"
"06/16/2014","162.700","162.330","163.850","162.330","","-0.12%"
"06/13/2014","162.900","163.670","164.200","162.830","","-0.18%"
"06/12/2014","163.200","163.100","163.790","162.930","","0.25%"
"06/11/2014","162.790","162.890","163.550","162.650","","0.02%"
"06/10/2014","162.750","162.700","163.650","161.850","","0.06%"
"06/09/2014","162.650","162.850","163.200","162.500","","-0.15%"
"06/06/2014","162.900","162.860","164.800","162.550","","-0.43%"
"06/05/2014","163.600","162.560","163.900","162.560","","0.83%"
"06/04/2014","162.250","162.650","162.815","162.250","","-0.13%"
"06/03/2014","162.460","162.010","162.540","162.010","","0.30%"
"06/02/2014","161.980","162.630","162.650","161.800","","-0.44%"
"05/30/2014","162.690","162.450","162.840","162.350","","0.06%"
"05/29/2014","162.600","162.650","162.650","162.650","","-0.06%"
"05/28/2014","162.700","162.650","162.785","162.275","","0.06%"
"05/27/2014","162.610","162.380","162.730","162.250","","0.19%"
"05/26/2014","162.300","162.350","162.820","162.225","","0.00%"
"05/23/2014","162.300","162.290","162.820","161.800","","0.12%"
"05/22/2014","162.100","162.350","162.820","161.650","","-0.12%"
"05/21/2014","162.300","162.820","163.400","162.100","","-0.46%"
"05/20/2014","163.050","162.340","163.480","162.340","","0.33%"
"05/19/2014","162.510","162.240","162.820","162.230","","0.13%"
"05/16/2014","162.300","162.500","162.700","161.710","","-0.09%"
"05/15/2014","162.450","162.650","163.080","162.400","","-0.10%"
"05/14/2014","162.620","162.550","163.360","162.000","","0.07%"
"05/13/2014","162.500","161.400","162.600","161.400","","0.68%"
"05/12/2014","161.400","161.050","161.650","161.050","","0.16%"
"05/09/2014","161.150","161.650","161.650","160.600","","0.16%"
"05/08/2014","160.900","161.750","162.150","160.580","","-0.56%"
"05/07/2014","161.800","161.300","162.000","160.300","","0.15%"
"05/06/2014","161.550","158.700","161.700","158.320","","1.83%"
"05/05/2014","158.650","159.850","159.850","158.500","","-0.72%"
"05/02/2014","159.800","160.570","160.730","159.620","","-0.44%"
"05/01/2014","160.500","160.700","160.700","160.525","","-0.06%"
"04/30/2014","160.600","160.600","160.700","160.425","","0.06%"
"04/29/2014","160.500","161.050","161.135","160.550","","-0.31%"
"04/28/2014","161.000","161.050","161.075","160.730","","0.13%"
"04/25/2014","160.790","161.050","161.230","160.700","","-0.14%"
"04/24/2014","161.020","161.670","161.670","161.000","","-0.34%"
"04/23/2014","161.570","162.100","162.150","161.570","","-0.31%"
"04/22/2014","162.070","162.350","162.350","161.710","","-0.09%"
"04/21/2014","162.220","162.270","162.270","162.270","","0.00%"
"04/18/2014","162.220","162.270","162.270","162.270","","0.01%"
"04/17/2014","162.200","162.300","162.550","162.150","","0.09%"
"04/16/2014","162.050","162.050","162.200","161.850","","0.25%"
"04/15/2014","161.650","161.010","162.000","160.980","","0.29%"
"04/14/2014","161.180","161.000","161.850","160.950","","0.17%"
"04/11/2014","160.900","160.850","161.550","160.550","","0.08%"
"04/10/2014","160.770","162.900","163.100","160.400","","-1.28%"
"04/09/2014","162.850","163.740","163.800","162.550","","-0.64%"
"04/08/2014","163.900","164.050","164.050","163.450","","0.00%"
"04/07/2014","163.900","163.800","164.015","163.700","","-0.03%"
"04/04/2014","163.950","163.770","164.140","163.475","","0.31%"
"04/03/2014","163.450","163.950","164.030","163.350","","-0.27%"
"04/02/2014","163.900","164.900","165.075","163.750","","-0.52%"
"04/01/2014","164.750","164.900","164.960","164.625","","-0.15%"
"03/31/2014","165.000","165.000","165.050","164.750","","0.03%"
"03/28/2014","164.950","164.950","165.075","164.600","","-0.03%"
"03/27/2014","165.000","164.950","165.050","164.750","","0.09%"
"03/26/2014","164.850","164.950","165.130","164.600","","-0.12%"
"03/25/2014","165.050","164.950","165.650","164.600","","-0.05%"
"03/24/2014","165.140","165.060","165.190","164.600","","0.19%"
"03/21/2014","164.820","164.800","165.130","164.770","","0.01%"
"03/20/2014","164.800","164.800","164.925","164.530","","0.06%"
"03/19/2014","164.700","164.320","165.000","164.320","","0.24%"
"03/18/2014","164.300","164.250","164.925","164.050","","-0.16%"
"03/17/2014","164.570","165.030","165.040","164.400","","-0.02%"
"03/14/2014","164.600","164.650","165.050","164.600","","0.00%"
"03/13/2014","164.600","164.750","165.150","164.500","","-0.06%"
"03/12/2014","164.700","165.100","165.100","164.350","","-0.21%"
"03/11/2014","165.050","164.200","165.175","164.200","","0.46%"
"03/10/2014","164.300","165.050","165.100","164.200","","-0.22%"
"03/07/2014","164.670","164.350","164.865","164.250","","0.23%"
"03/06/2014","164.300","164.350","164.540","163.750","","0.18%"
"03/05/2014","164.000","163.950","164.075","163.550","","-0.30%"
"03/04/2014","164.500","164.350","164.575","163.950","","0.37%"
"03/03/2014","163.900","165.150","165.200","163.800","","-0.60%"
"02/28/2014","164.890","165.470","165.570","164.650","","-0.13%"
"02/27/2014","165.100","164.550","165.925","164.550","","0.30%"
"02/26/2014","164.600","164.550","165.325","163.950","","0.06%"
"02/25/2014","164.500","163.800","164.625","163.350","","0.12%"
"02/24/2014","164.300","166.200","166.325","163.100","","-0.76%"
"02/21/2014","165.550","165.000","166.550","164.375","","0.33%"
"02/20/2014","165.000","164.000","168.000","164.000","","0.73%"
"02/19/2014","163.800","163.300","164.100","162.650","","0.80%"
"02/18/2014","162.500","162.550","164.690","162.550","","-0.03%"
"02/17/2014","162.550","162.450","163.550","162.450","","0.09%"
"02/14/2014","162.400","163.450","164.550","162.400","","-0.43%"
"02/13/2014","163.100","164.600","167.000","163.100","","-0.94%"
"02/12/2014","164.650","164.850","164.870","164.050","","0.30%"
"02/11/2014","164.150","164.050","164.900","163.775","","0.09%"
"02/10/2014","164.000","163.370","164.600","163.320","","0.42%"
"02/07/2014","163.320","163.400","163.400","162.730","","-0.02%"
"02/06/2014","163.350","162.940","163.450","162.450","","0.68%"
"02/05/2014","162.250","162.780","163.450","162.300","","-0.29%"
"02/04/2014","162.730","162.970","162.970","162.600","","-0.12%"
"02/03/2014","162.920","162.660","162.970","162.250","","0.19%"
"01/31/2014","162.610","162.450","163.050","162.250","","0.19%"
"01/30/2014","162.300","163.050","163.280","162.200","","0.03%"
"01/29/2014","162.250","162.740","162.900","162.100","","-0.37%"
"01/28/2014","162.850","162.350","163.350","162.350","","0.34%"
"01/27/2014","162.300","160.600","163.400","160.600","","1.25%"
"01/24/2014","160.300","160.590","161.050","159.600","","0.12%"
"01/23/2014","160.100","159.510","160.250","159.150","","0.38%"
"01/22/2014","159.500","159.650","159.650","159.350","","0.19%"
"01/21/2014","159.200","159.300","159.650","159.180","","-0.25%"
"01/20/2014","159.600","160.070","160.110","159.360","","-0.26%"
"01/17/2014","160.020","159.980","160.650","159.600","","0.06%"
"01/16/2014","159.930","159.450","159.980","159.325","","0.33%"
"01/15/2014","159.400","159.650","159.875","159.325","","-0.13%"
"01/14/2014","159.600","159.630","159.650","159.630","","0.00%"
"01/13/2014","159.600","159.850","160.000","159.420","","0.13%"
"01/10/2014","159.400","159.470","159.660","158.900","","0.31%"
"01/09/2014","158.900","158.900","159.125","158.850","","-0.38%"
"01/08/2014","159.500","159.690","159.750","159.350","","-0.09%"
"01/07/2014","159.640","159.370","160.025","159.350","","0.34%"
"01/06/2014","159.100","158.970","159.400","158.720","","0.27%"
"01/03/2014","158.670","158.800","158.900","158.670","","-0.02%"
"01/02/2014","158.700","160.050","160.050","158.050","","-0.75%"
"01/01/2014","159.900","159.900","159.900","159.900","","0.00%"
"12/31/2013","159.900","160.350","160.650","159.200","","-0.77%"
"12/30/2013","161.140","160.500","161.190","160.450","","0.46%"
"12/27/2013","160.400","159.850","160.575","159.850","","0.38%"
"12/26/2013","159.800","159.850","159.850","159.850","","0.25%"
"12/25/2013","159.400","159.400","159.400","159.400","","0.00%"
"12/24/2013","159.400","159.650","160.050","159.450","","-0.06%"
"12/23/2013","159.500","159.250","159.900","159.100","","0.41%"
"12/20/2013","158.850","158.400","159.790","158.250","","0.41%"
"12/19/2013","158.200","159.900","160.900","158.250","","-1.04%"
"12/18/2013","159.870","159.050","159.950","159.050","","0.57%"
"12/17/2013","158.970","158.600","159.060","158.450","","0.33%"
"12/16/2013","158.450","158.800","159.150","158.500","","-0.22%"
"12/13/2013","158.800","158.500","158.850","158.450","","0.27%"
"12/12/2013","158.380","158.490","158.750","158.150","","-0.04%"
"12/11/2013","158.440","158.150","159.000","158.140","","0.22%"
"12/10/2013","158.090","158.500","158.650","158.095","","-0.13%"
"12/09/2013","158.300","158.600","158.900","158.150","","0.06%"
"12/06/2013","158.200","158.800","158.800","158.050","","-0.32%"
"12/05/2013","158.700","158.300","158.750","158.200","","0.25%"
"12/04/2013","158.300","158.400","158.550","158.050","","0.19%"
"12/03/2013","158.000","158.550","158.550","157.900","","-0.24%"
"12/02/2013","158.380","158.300","158.570","158.300","","0.02%"
"11/29/2013","158.350","158.350","158.850","158.200","","-0.13%"
"11/28/2013","158.550","158.550","158.900","158.400","","-0.13%"
"11/27/2013","158.750","158.700","159.000","158.480","","0.13%"
"11/26/2013","158.550","158.700","158.850","158.600","","0.00%"
"11/25/2013","158.550","158.650","158.750","158.150","","-0.01%"
"11/22/2013","158.560","158.750","158.875","158.550","","-0.20%"
"11/21/2013","158.880","158.910","159.000","158.750","","-0.01%"
"11/20/2013","158.900","159.050","159.050","158.700","","0.04%"
"11/19/2013","158.830","158.700","159.240","158.700","","-0.09%"
"11/18/2013","158.980","158.910","159.030","158.850","","0.24%"
"11/15/2013","158.600","159.250","159.250","158.600","","-0.33%"
"11/14/2013","159.120","159.550","159.700","159.100","","-0.24%"
"11/13/2013","159.500","159.060","159.550","159.055","","0.36%"
"11/12/2013","158.930","159.000","159.050","158.730","","-0.01%"
"11/11/2013","158.950","158.800","159.150","158.675","","0.41%"
"11/08/2013","158.300","158.570","158.600","158.400","","-0.06%"
"11/07/2013","158.400","158.450","159.000","158.400","","0.05%"
"11/06/2013","158.320","158.550","158.850","158.300","","-0.11%"
"11/05/2013","158.500","158.300","158.550","157.850","","0.06%"
"11/04/2013","158.400","158.650","158.750","158.390","","-0.18%"
"11/01/2013","158.680","158.600","158.730","158.585","","-0.01%"
"10/31/2013","158.700","158.750","159.140","158.150","","-0.08%"
"10/30/2013","158.820","159.100","159.350","158.700","","-0.24%"
"10/29/2013","159.200","159.000","159.400","158.670","","0.47%"
"10/28/2013","158.450","158.650","158.675","158.200","","-0.06%"
"10/25/2013","158.550","159.330","159.330","158.575","","-0.14%"
"10/24/2013","158.780","159.330","159.340","158.550","","-0.04%"
"10/23/2013","158.850","159.590","159.590","158.875","","-0.35%"
"10/22/2013","159.400","159.400","160.125","159.330","","-0.28%"
"10/21/2013","159.850","159.850","160.500","159.300","","0.00%"
"10/18/2013","159.850","159.950","160.100","159.500","","0.09%"
"10/17/2013","159.700","160.100","160.700","159.100","","-0.25%"
"10/16/2013","160.100","160.100","160.150","160.100","","0.00%"
"10/15/2013","160.100","160.100","160.150","160.075","","0.06%"
"10/14/2013","160.000","160.100","160.800","159.550","","0.00%"
"10/11/2013","160.000","160.750","160.750","160.060","","-0.40%"
"10/10/2013","160.650","160.300","160.880","160.300","","0.25%"
"10/09/2013","160.250","159.750","160.400","159.750","","0.36%"
"10/08/2013","159.680","160.350","160.350","159.550","","-0.36%"
"10/07/2013","160.250","160.350","160.400","160.050","","0.03%"
"10/04/2013","160.200","161.750","161.750","160.300","","-0.77%"
"10/03/2013","161.450","161.250","161.725","161.250","","-0.25%"
"10/02/2013","161.850","161.700","162.250","161.350","","0.22%"
"10/01/2013","161.500","161.700","161.700","161.550","","0.19%"
"09/30/2013","161.200","159.850","161.700","159.550","","0.84%"
"09/27/2013","159.850","161.250","161.730","159.200","","-0.87%"
"09/26/2013","161.250","160.050","161.850","160.050","","0.88%"
"09/25/2013","159.850","160.550","160.550","159.200","","-0.12%"
"09/24/2013","160.050","159.300","160.550","159.300","","0.66%"
"09/23/2013","159.000","160.750","160.750","159.075","","-1.26%"
"09/20/2013","161.030","161.350","161.400","160.500","","-0.04%"
"09/19/2013","161.100","161.750","161.800","160.825","","-0.49%"
"09/18/2013","161.900","162.300","162.425","161.900","","-0.22%"
"09/17/2013","162.250","162.100","162.400","161.800","","0.15%"
"09/16/2013","162.000","162.300","162.650","161.950","","0.09%"
"09/13/2013","161.850","162.900","163.350","161.885","","-0.61%"
"09/12/2013","162.850","162.550","163.530","162.300","","0.17%"
"09/11/2013","162.580","163.750","163.750","162.500","","-0.68%"
"09/10/2013","163.700","163.100","163.900","162.600","","0.71%"
"09/09/2013","162.550","163.500","164.100","162.575","","-0.46%"
"09/06/2013","163.300","163.550","164.350","162.900","","0.01%"
"09/05/2013","163.280","163.550","163.600","163.290","","-0.01%"
"09/04/2013","163.300","162.850","163.550","162.850","","0.32%"
"09/03/2013","162.780","163.020","163.120","162.775","","-0.07%"
"09/02/2013","162.900","162.150","163.100","162.150","","0.49%"
"08/30/2013","162.100","163.350","163.550","162.150","","-0.86%"
"08/29/2013","163.500","162.110","163.700","162.080","","0.86%"
"08/28/2013","162.100","162.000","162.300","161.950","","0.09%"
"08/27/2013","161.950","161.450","162.025","161.390","","0.41%"
"08/26/2013","161.290","161.710","161.950","161.390","","-0.01%"
"08/23/2013","161.300","161.700","161.700","161.275","","-0.20%"
"08/22/2013","161.620","161.450","161.910","161.300","","0.39%"
"08/21/2013","161.000","161.500","161.600","161.100","","-0.22%"
"08/20/2013","161.350","161.650","161.650","161.300","","-0.09%"
"08/19/2013","161.500","161.400","161.800","161.380","","0.06%"
"08/16/2013","161.400","161.290","161.500","161.270","","0.19%"
"08/15/2013","161.100","160.920","161.280","160.920","","0.19%"
"08/14/2013","160.800","160.800","160.950","160.775","","0.12%"
"08/13/2013","160.600","160.650","160.880","160.650","","0.06%"
"08/12/2013","160.500","160.100","160.600","159.550","","0.29%"
"08/09/2013","160.030","160.080","160.080","160.080","","0.08%"
"08/08/2013","159.900","160.050","160.050","160.050","","-0.08%"
"08/07/2013","160.030","159.560","160.150","159.560","","0.33%"
"08/06/2013","159.510","159.250","159.625","159.200","","0.01%"
"08/05/2013","159.500","160.020","160.050","159.300","","-0.37%"
"08/02/2013","160.090","159.800","160.230","159.800","","0.31%"
"08/01/2013","159.600","160.250","160.450","159.650","","-0.56%"
"07/31/2013","160.500","160.580","160.630","160.280","","-0.14%"
"07/30/2013","160.730","160.590","160.830","160.590","","0.08%"
"07/29/2013","160.600","160.750","161.170","160.400","","-0.06%"
"07/26/2013","160.700","161.020","161.035","160.600","","0.03%"
"07/25/2013","160.650","160.040","161.035","160.040","","0.34%"
"07/24/2013","160.100","161.720","161.720","159.750","","-1.04%"
"07/23/2013","161.790","161.200","161.840","161.100","","0.42%"
"07/22/2013","161.120","161.300","161.370","160.940","","-0.05%"
"07/19/2013","161.200","161.400","161.425","161.100","","0.00%"
"07/18/2013","161.200","161.450","161.650","161.160","","-0.06%"
"07/17/2013","161.300","161.100","161.450","161.100","","0.09%"
"07/16/2013","161.150","161.400","161.415","160.985","","-0.09%"
"07/15/2013","161.300","160.750","161.850","160.750","","-0.06%"
"07/12/2013","161.400","161.500","161.600","161.300","","0.03%"
"07/11/2013","161.350","161.250","161.550","160.900","","0.22%"
"07/10/2013","161.000","161.600","161.800","160.250","","-0.37%"
"07/09/2013","161.600","161.780","161.990","161.420","","-0.08%"
"07/08/2013","161.730","161.300","162.025","161.300","","0.20%"
"07/05/2013","161.400","161.500","162.450","161.430","","0.03%"
"07/04/2013","161.350","160.270","161.425","160.270","","0.84%"
"07/03/2013","160.000","160.550","160.585","160.100","","-0.25%"
"07/02/2013","160.400","161.800","161.825","160.150","","-0.68%"
"07/01/2013","161.500","162.500","162.500","161.500","","-0.60%"
"06/28/2013","162.480","161.650","162.600","161.450","","0.61%"
"06/27/2013","161.500","161.300","161.800","161.300","","0.19%"
"06/26/2013","161.200","160.900","161.600","160.100","","0.47%"
"06/25/2013","160.450","159.900","160.525","159.875","","0.60%"
"06/24/2013","159.500","159.500","161.400","159.300","","-0.28%"
"06/21/2013","159.950","162.020","162.025","159.450","","-0.65%"
"06/20/2013","161.000","160.200","161.100","160.200","","0.81%"
"06/19/2013","159.700","160.300","160.500","159.700","","-0.25%"
"06/18/2013","160.100","160.800","161.000","159.900","","0.06%"
"06/17/2013","160.000","162.300","162.400","160.000","","-1.54%"
"06/14/2013","162.500","161.400","162.600","161.100","","0.87%"
"06/13/2013","161.100","160.500","161.900","160.500","","0.69%"
"06/12/2013","160.000","159.600","160.060","159.600","","0.19%"
"06/11/2013","159.700","159.450","159.775","159.200","","0.54%"
"06/10/2013","158.850","159.500","160.450","158.900","","-0.47%"
"06/07/2013","159.600","158.800","159.700","158.800","","0.50%"
"06/06/2013","158.800","158.400","158.900","158.400","","0.19%"
"06/05/2013","158.500","158.600","158.700","158.300","","0.00%"
"06/04/2013","158.500","158.250","158.550","158.250","","0.28%"
"06/03/2013","158.050","158.450","158.500","158.050","","-0.03%"
"05/31/2013","158.100","158.375","158.840","158.200","","-0.13%"
"05/30/2013","158.300","158.200","158.450","158.200","","0.06%"
"05/29/2013","158.200","158.300","158.300","158.300","","-0.06%"
"05/28/2013","158.300","158.300","158.400","158.220","","0.08%"
"05/27/2013","158.180","158.450","158.450","158.000","","0.18%"
"05/24/2013","157.900","158.200","158.200","158.000","","-0.19%"
"05/23/2013","158.200","158.450","158.450","158.300","","0.00%"
"05/22/2013","158.200","158.300","158.380","158.300","","0.00%"
"05/21/2013","158.200","158.300","158.300","158.000","","0.00%"
"05/20/2013","158.200","158.450","158.450","158.200","","-0.06%"
"05/17/2013","158.300","158.150","158.350","158.100","","0.14%"
"05/16/2013","158.080","157.600","158.130","157.490","","0.50%"
"05/15/2013","157.300","157.900","157.900","157.400","","0.06%"
"05/14/2013","157.200","157.450","157.725","157.250","","-0.06%"
"05/13/2013","157.300","157.400","157.725","157.375","","-0.19%"
"05/10/2013","157.600","157.600","157.650","157.600","","0.13%"
"05/09/2013","157.400","157.750","158.050","157.300","","-0.16%"
"05/08/2013","157.650","157.700","157.900","157.700","","-0.16%"
"05/07/2013","157.900","157.400","158.000","157.400","","0.06%"
"05/06/2013","157.800","157.900","158.100","157.800","","-0.06%"
"05/03/2013","157.900","158.100","158.150","158.000","","-0.19%"
"05/02/2013","158.200","158.100","158.300","157.900","","0.19%"
"05/01/2013","157.900","157.900","157.900","157.900","","0.00%"
"04/30/2013","157.900","158.300","158.300","157.450","","0.13%"
"04/29/2013","157.700","158.700","159.000","157.750","","-0.57%"
"04/26/2013","158.600","159.200","159.275","158.650","","-0.19%"
"04/25/2013","158.900","159.000","159.200","158.950","","0.03%"
"04/24/2013","158.850","158.150","158.950","158.150","","0.13%"
"04/23/2013","158.650","158.850","158.900","158.700","","-0.03%"
"04/22/2013","158.700","158.300","158.800","158.225","","0.08%"
"04/19/2013","158.580","158.700","158.700","158.590","","0.11%"
"04/18/2013","158.400","158.400","158.900","158.400","","0.06%"
"04/17/2013","158.300","157.400","158.400","157.400","","0.19%"
"04/16/2013","158.000","158.300","158.300","157.400","","0.13%"
"04/15/2013","157.800","158.050","158.315","157.310","","0.00%"
"04/12/2013","157.800","157.800","157.900","157.800","","0.19%"
"04/11/2013","157.500","157.550","157.625","157.275","","0.13%"
"04/10/2013","157.300","157.650","157.675","157.400","","-0.19%"
"04/09/2013","157.600","157.550","157.675","157.525","","0.06%"
"04/08/2013","157.500","157.600","157.600","157.525","","0.06%"
"04/05/2013","157.400","157.350","157.500","157.350","","-0.08%"
"04/04/2013","157.520","158.050","158.050","157.550","","-0.27%"
"04/03/2013","157.950","158.150","158.150","158.000","","-0.28%"
"04/02/2013","158.400","158.475","158.500","158.300","","-0.03%"
"04/01/2013","158.450","158.175","158.575","158.175","","0.00%"
"03/29/2013","158.450","158.550","158.550","158.550","","0.00%"
"03/28/2013","158.450","158.230","158.600","158.140","","0.18%"
"03/27/2013","158.160","158.300","158.400","158.180","","-0.09%"
"03/26/2013","158.300","158.350","158.375","158.290","","0.06%"
"03/25/2013","158.200","158.290","158.295","158.100","","0.03%"
"03/22/2013","158.150","158.550","158.550","158.225","","-0.24%"
"03/21/2013","158.530","158.900","159.050","158.630","","-0.14%"
"03/20/2013","158.750","158.730","158.950","158.600","","0.09%"
"03/19/2013","158.600","158.810","158.850","158.600","","0.06%"
"03/18/2013","158.500","159.150","159.200","158.650","","0.00%"
"03/15/2013","158.500","159.500","159.780","158.625","","-0.61%"
"03/14/2013","159.480","158.980","159.760","158.950","","0.40%"
"03/13/2013","158.850","158.500","158.950","158.500","","0.28%"
"03/12/2013","158.400","158.350","158.450","158.250","","0.13%"
"03/11/2013","158.200","158.150","158.350","157.375","","0.32%"
"03/08/2013","157.700","158.050","158.050","157.750","","0.03%"
"03/07/2013","157.650","158.150","158.300","157.700","","-0.22%"
"03/06/2013","158.000","157.650","158.050","157.310","","0.25%"
"03/05/2013","157.600","157.400","157.750","157.340","","0.22%"
"03/04/2013","157.250","157.850","157.850","157.250","","-0.47%"
"03/01/2013","158.000","158.250","158.250","158.000","","-0.16%"
"02/28/2013","158.250","158.100","158.600","158.100","","0.16%"
"02/27/2013","158.000","157.600","158.300","157.600","","0.35%"
"02/26/2013","157.450","157.400","158.100","157.400","","0.06%"
"02/25/2013","157.350","157.300","157.700","157.300","","-0.03%"
"02/22/2013","157.400","157.250","157.450","157.250","","0.03%"
"02/21/2013","157.350","157.300","157.525","157.250","","0.04%"
"02/20/2013","157.280","157.300","157.340","157.200","","-0.04%"
"02/19/2013","157.350","157.400","157.450","157.300","","-0.03%"
"02/18/2013","157.400","157.330","157.500","157.305","","0.09%"
"02/15/2013","157.260","157.330","157.450","157.100","","-0.01%"
"02/14/2013","157.280","157.100","157.350","157.100","","-0.03%"
"02/13/2013","157.320","157.320","157.435","157.125","","0.08%"
"02/12/2013","157.200","157.350","157.450","157.275","","-0.05%"
"02/11/2013","157.280","157.150","157.400","157.150","","0.05%"
"02/08/2013","157.200","157.350","157.375","157.050","","-0.06%"
"02/07/2013","157.300","157.100","157.350","157.090","","0.06%"
"02/06/2013","157.200","156.975","157.350","156.750","","0.00%"
"02/05/2013","157.200","157.200","157.250","157.100","","0.03%"
"02/04/2013","157.150","157.100","157.400","157.100","","-0.05%"
"02/01/2013","157.230","157.350","157.350","156.750","","0.08%"
"01/31/2013","157.100","157.200","157.300","157.000","","-0.13%"
"01/30/2013","157.300","157.350","157.400","157.250","","0.13%"
"01/29/2013","157.100","157.200","157.225","156.825","","0.03%"
"01/28/2013","157.050","157.100","157.400","157.000","","0.10%"
"01/25/2013","156.900","157.500","157.500","156.975","","-0.32%"
"01/24/2013","157.400","157.400","157.400","157.400","","0.00%"
"01/23/2013","157.400","157.050","157.450","156.820","","0.19%"
"01/22/2013","157.100","157.100","157.245","156.800","","0.13%"
"01/21/2013","156.900","157.200","157.200","157.000","","-0.06%"
"01/18/2013","157.000","157.120","157.135","157.050","","0.00%"
"01/17/2013","157.000","157.250","157.250","156.700","","-0.13%"
"01/16/2013","157.200","157.200","157.330","157.175","","0.06%"
"01/15/2013","157.100","156.900","157.200","156.600","","0.54%"
"01/14/2013","156.250","156.700","157.200","156.225","","0.03%"
"01/11/2013","156.210","156.350","156.805","156.250","","0.13%"
"01/10/2013","156.000","156.200","156.585","155.800","","-0.26%"
"01/09/2013","156.400","156.300","156.735","156.260","","0.22%"
"01/08/2013","156.050","157.050","157.050","156.100","","-0.54%"
"01/07/2013","156.900","156.300","157.450","156.300","","0.19%"
"01/04/2013","156.600","156.300","156.700","156.275","","0.32%"
"01/03/2013","156.100","156.300","156.450","156.200","","-0.35%"
"01/02/2013","156.650","156.150","156.700","156.150","","0.35%"
"01/01/2013","156.100","156.100","156.100","156.100","","0.00%"
"12/31/2012","156.100","156.150","156.400","156.150","","0.00%"
"12/28/2012","156.100","157.150","157.150","156.000","","-0.51%"
"12/27/2012","156.900","157.150","157.300","157.000","","-0.13%"
"12/26/2012","157.100","157.100","157.100","157.100","","0.00%"
"12/25/2012","157.100","157.100","157.100","157.100","","0.06%"
"12/24/2012","157.000","157.150","157.275","157.050","","0.00%"
"12/21/2012","157.000","157.150","157.300","157.000","","-0.06%"
"12/20/2012","157.100","158.050","158.050","157.185","","-0.42%"
"12/19/2012","157.770","158.250","158.250","157.820","","0.01%"
"12/18/2012","157.750","157.150","158.250","157.100","","0.03%"
"12/17/2012","157.700","157.150","158.050","157.150","","0.10%"
"12/14/2012","157.550","157.730","157.730","157.600","","-0.10%"
"12/13/2012","157.700","157.500","157.800","157.500","","0.10%"
"12/12/2012","157.550","157.150","157.750","157.150","","0.10%"
"12/11/2012","157.400","157.150","157.500","157.100","","0.32%"
"12/10/2012","156.900","157.150","157.150","156.900","","0.00%"
"12/07/2012","156.900","157.150","157.150","156.950","","-0.20%"
"12/06/2012","157.220","157.250","157.310","157.150","","0.20%"
"12/05/2012","156.900","157.300","157.350","156.950","","-0.06%"
"12/04/2012","157.000","157.300","157.300","157.000","","-0.03%"
"12/03/2012","157.050","157.500","157.675","157.050","","-0.16%"
"11/30/2012","157.300","157.500","157.700","157.150","","0.06%"
"11/29/2012","157.200","157.470","157.550","157.300","","-0.19%"
"11/28/2012","157.500","157.470","157.650","157.470","","0.03%"
"11/27/2012","157.450","157.800","157.800","157.160","","0.06%"
"11/26/2012","157.350","157.250","157.875","157.150","","-0.03%"
"11/23/2012","157.400","157.250","157.700","157.250","","-0.03%"
"11/22/2012","157.450","157.250","157.550","157.250","","-0.13%"
"11/21/2012","157.650","157.730","157.730","157.600","","-0.19%"
"11/20/2012","157.950","158.000","158.000","157.600","","0.11%"
"11/19/2012","157.780","158.500","158.600","157.750","","-0.42%"
"11/16/2012","158.450","158.000","158.525","158.000","","0.32%"
"11/15/2012","157.950","157.800","158.000","157.800","","0.22%"
"11/14/2012","157.600","157.900","157.935","157.700","","-0.10%"
"11/13/2012","157.750","157.800","157.875","157.425","","-0.03%"
"11/12/2012","157.790","157.250","157.840","157.250","","0.31%"
"11/09/2012","157.300","157.250","157.525","157.250","","0.13%"
"11/08/2012","157.100","157.250","157.300","157.150","","-0.10%"
"11/07/2012","157.250","157.250","157.325","157.230","","0.29%"
"11/06/2012","156.800","157.250","157.410","156.925","","0.00%"
"11/05/2012","156.800","156.450","157.400","156.450","","0.03%"
"11/02/2012","156.750","156.450","156.800","156.250","","0.16%"
"11/01/2012","156.500","157.250","157.250","156.500","","-0.32%"
"10/31/2012","157.010","157.150","157.300","156.995","","0.02%"
"10/30/2012","156.980","157.250","157.275","157.000","","0.02%"
"10/29/2012","156.950","156.950","157.025","156.925","","-0.16%"
"10/26/2012","157.200","157.200","157.200","157.200","","0.00%"
"10/25/2012","157.200","157.250","157.250","157.250","","-0.03%"
"10/24/2012","157.250","157.250","157.300","157.200","","0.03%"
"10/23/2012","157.200","157.200","157.250","157.200","","0.03%"
"10/22/2012","157.150","157.350","157.455","157.200","","-0.10%"
"10/19/2012","157.300","157.250","157.570","157.150","","0.10%"
"10/18/2012","157.150","157.450","157.450","157.230","","-0.23%"
"10/17/2012","157.520","157.570","157.570","157.420","","0.24%"
"10/16/2012","157.150","157.700","157.725","157.275","","0.00%"
"10/15/2012","157.150","157.380","157.380","157.275","","0.00%"
"10/12/2012","157.150","157.250","157.350","157.225","","0.10%"
"10/11/2012","157.000","157.130","157.240","157.090","","-0.10%"
"10/10/2012","157.150","157.350","157.350","157.175","","-0.06%"
"10/09/2012","157.250","157.750","157.750","157.100","","0.16%"
"10/08/2012","157.000","157.350","157.400","156.950","","0.03%"
"10/05/2012","156.950","156.450","157.175","156.450","","0.29%"
"10/04/2012","156.500","157.150","157.150","156.275","","-0.32%"
"10/03/2012","157.000","157.300","157.375","157.115","","-0.06%"
"10/02/2012","157.100","157.150","157.450","157.050","","-0.03%"
"10/01/2012","157.150","157.650","157.650","157.250","","0.03%"
"09/28/2012","157.100","157.410","157.650","157.150","","0.00%"
"09/27/2012","157.100","157.250","157.275","157.125","","-0.13%"
"09/26/2012","157.300","157.750","157.750","157.300","","-0.13%"
"09/25/2012","157.500","157.810","157.810","157.550","","-0.03%"
"09/24/2012","157.550","157.650","158.015","157.590","","0.03%"
"09/21/2012","157.500","157.450","157.875","157.450","","-0.05%"
"09/20/2012","157.580","157.550","158.160","157.540","","0.11%"
"09/19/2012","157.400","157.450","157.635","157.385","","-0.18%"
"09/18/2012","157.680","157.450","157.770","157.450","","-0.01%"
"09/17/2012","157.700","157.550","157.850","157.545","","0.25%"
"09/14/2012","157.300","157.600","157.950","157.425","","-0.25%"
"09/13/2012","157.700","158.050","158.050","157.600","","-0.16%"
"09/12/2012","157.950","157.950","158.235","157.850","","0.10%"
"09/11/2012","157.800","157.750","158.250","157.625","","0.19%"
"09/10/2012","157.500","157.950","157.975","157.475","","0.06%"
"09/07/2012","157.400","157.900","157.900","157.150","","-0.25%"
"09/06/2012","157.800","158.300","158.300","157.800","","-0.25%"
"09/05/2012","158.200","158.250","158.600","158.150","","-0.13%"
"09/04/2012","158.400","158.250","158.550","158.075","","0.22%"
"09/03/2012","158.050","158.000","158.450","158.000","","0.10%"
"08/31/2012","157.900","157.925","158.235","157.925","","-0.09%"
"08/30/2012","158.050","158.100","158.150","157.700","","0.00%"
"08/29/2012","158.050","158.250","158.360","158.075","","-0.06%"
"08/28/2012","158.150","158.350","158.350","157.925","","0.16%"
"08/27/2012","157.900","158.250","158.350","157.950","","-0.03%"
"08/24/2012","157.950","158.150","158.425","157.700","","-0.19%"
"08/23/2012","158.250","157.800","158.420","157.700","","0.54%"
"08/22/2012","157.400","157.800","158.235","157.625","","-0.13%"
"08/21/2012","157.600","157.800","158.110","157.800","","0.06%"
"08/20/2012","157.500","157.800","158.100","157.750","","-0.06%"
"08/17/2012","157.600","156.900","158.025","156.825","","0.41%"
"08/16/2012","156.950","156.750","157.135","156.350","","0.29%"
"08/15/2012","156.500","158.550","158.675","156.750","","-1.26%"
"08/14/2012","158.500","157.850","158.800","157.635","","0.44%"
"08/13/2012","157.800","158.370","158.660","157.725","","-0.20%"
"08/10/2012","158.120","158.700","159.050","158.100","","-0.37%"
"08/09/2012","158.700","160.000","160.000","158.100","","-0.81%"
"08/08/2012","160.000","161.650","161.650","159.875","","-0.93%"
"08/07/2012","161.500","161.650","161.725","161.500","","0.00%"
"08/06/2012","161.500","161.800","161.955","161.465","","-0.15%"
"08/03/2012","161.750","161.400","161.800","161.300","","0.34%"
"08/02/2012","161.200","160.850","161.615","160.850","","0.31%"
"08/01/2012","160.700","160.750","161.050","160.645","","0.12%"
"07/31/2012","160.500","160.550","160.900","160.500","","0.12%"
"07/30/2012","160.300","160.900","161.400","160.425","","-0.31%"
"07/27/2012","160.800","160.700","161.250","160.700","","0.12%"
"07/26/2012","160.600","159.750","160.800","159.550","","0.75%"
"07/25/2012","159.400","160.875","160.875","157.875","","-0.84%"
"07/24/2012","160.750","161.100","161.100","160.425","","0.03%"
"07/23/2012","160.700","161.200","161.575","160.775","","-0.25%"
"07/20/2012","161.100","161.700","161.890","161.200","","-0.06%"
"07/19/2012","161.200","160.800","161.995","160.800","","0.12%"
"07/18/2012","161.000","160.350","161.275","159.925","","0.63%"
"07/17/2012","160.000","162.255","162.255","160.000","","-1.33%"
"07/16/2012","162.150","162.250","162.385","161.350","","0.00%"
"07/13/2012","162.150","162.205","162.300","161.900","","0.00%"
"07/12/2012","162.150","161.270","162.250","161.210","","0.71%"
"07/11/2012","161.000","160.840","161.250","160.730","","0.24%"
"07/10/2012","160.610","160.705","161.310","160.650","","0.04%"
"07/09/2012","160.550","162.550","162.550","160.570","","-0.06%"
"07/06/2012","160.650","162.100","162.250","160.725","","-0.80%"
"07/05/2012","161.950","163.190","163.190","161.925","","-0.43%"
"07/04/2012","162.650","162.650","163.145","162.500","","0.15%"
"07/03/2012","162.400","162.750","163.250","162.540","","-0.06%"
"07/02/2012","162.500","162.550","163.200","162.520","","0.00%"
"06/29/2012","162.500","163.190","163.195","162.525","","-0.05%"
"06/28/2012","162.580","162.650","163.175","162.550","","0.05%"
"06/27/2012","162.500","162.650","162.775","161.950","","0.00%"
"06/26/2012","162.500","162.750","163.030","162.400","","-0.03%"
"06/25/2012","162.550","163.190","163.235","162.650","","-0.16%"
"06/22/2012","162.810","162.550","163.195","162.200","","0.19%"
"06/21/2012","162.500","162.525","162.745","162.210","","0.06%"
"06/20/2012","162.400","161.625","162.790","161.330","","0.56%"
"06/19/2012","161.500","162.400","162.400","160.750","","-0.15%"
"06/18/2012","161.750","163.190","163.450","161.875","","-0.92%"
"06/15/2012","163.250","163.190","163.525","162.770","","0.28%"
"06/14/2012","162.800","163.190","163.245","162.770","","0.06%"
"06/13/2012","162.700","162.650","163.280","162.615","","0.12%"
"06/12/2012","162.500","163.000","163.500","162.495","","-0.15%"
"06/11/2012","162.740","162.700","163.080","162.425","","-0.01%"
"06/08/2012","162.750","162.425","163.005","162.350","","0.28%"
"06/07/2012","162.300","161.050","162.585","161.050","","0.81%"
"06/06/2012","161.000","162.350","163.550","160.950","","-0.73%"
"06/05/2012","162.180","161.350","162.450","161.350","","0.70%"
"06/04/2012","161.050","160.450","161.430","160.450","","0.44%"
"06/01/2012","160.350","159.950","160.700","159.875","","0.47%"
"05/31/2012","159.600","160.000","160.100","159.500","","-0.16%"
"05/30/2012","159.850","158.900","160.035","158.900","","0.53%"
"05/29/2012","159.000","158.900","159.125","158.900","","0.09%"
"05/28/2012","158.850","159.600","160.400","158.875","","-0.44%"
"05/25/2012","159.560","159.750","160.375","159.550","","0.04%"
"05/24/2012","159.500","159.450","160.160","159.350","","0.25%"
"05/23/2012","159.100","159.275","159.650","159.050","","0.06%"
"05/22/2012","159.000","158.850","159.300","158.800","","0.32%"
"05/21/2012","158.500","158.550","159.325","158.500","","-0.16%"
"05/18/2012","158.750","159.050","159.375","158.525","","0.00%"
"05/17/2012","158.750","158.900","159.225","158.600","","-0.11%"
"05/16/2012","158.930","158.025","159.045","157.900","","0.49%"
"05/15/2012","158.150","157.130","159.030","157.130","","0.18%"
"05/14/2012","157.860","157.130","157.985","157.130","","0.10%"
"05/11/2012","157.700","157.130","157.925","156.400","","0.13%"
"05/10/2012","157.500","157.130","157.860","157.130","","0.00%"
"05/09/2012","157.500","157.130","157.860","157.130","","0.03%"
"05/08/2012","157.450","157.130","157.550","157.115","","0.13%"
"05/07/2012","157.240","157.130","157.900","156.400","","0.15%"
"05/04/2012","157.000","157.130","158.280","157.040","","0.00%"
"05/03/2012","157.000","157.130","157.465","157.090","","-0.22%"
"05/02/2012","157.350","157.130","158.425","157.040","","0.02%"
"05/01/2012","157.320","157.130","157.445","157.130","","0.01%"
"04/30/2012","157.300","157.130","157.650","157.130","","-0.16%"
"04/27/2012","157.550","157.130","157.800","157.130","","0.08%"
"04/26/2012","157.420","157.130","157.585","157.010","","0.17%"
"04/25/2012","157.150","157.130","157.425","156.800","","-0.10%"
"04/24/2012","157.300","157.130","157.425","157.025","","0.06%"
"04/23/2012","157.200","157.130","157.750","157.090","","0.03%"
"04/20/2012","157.150","157.250","157.375","157.060","","-0.06%"
"04/19/2012","157.250","157.250","157.490","156.950","","0.10%"
"04/18/2012","157.100","157.440","157.710","157.200","","-0.19%"
"04/17/2012","157.400","157.440","158.050","157.300","","0.04%"
"04/16/2012","157.340","157.440","157.695","157.100","","-0.01%"
"04/13/2012","157.350","157.440","159.400","157.290","","-0.13%"
"04/12/2012","157.550","157.440","157.730","157.340","","0.03%"
"04/11/2012","157.500","157.440","157.870","157.250","","0.07%"
"04/10/2012","157.390","157.440","157.860","157.385","","-0.15%"
"04/09/2012","157.620","157.440","157.730","157.580","","0.04%"
"04/06/2012","157.550","157.440","157.695","157.620","","-0.02%"
"04/05/2012","157.580","157.440","157.730","157.510","","0.01%"
"04/04/2012","157.560","157.650","157.745","157.500","","0.04%"
"04/03/2012","157.500","157.650","157.750","157.445","","-0.10%"
"04/02/2012","157.650","157.650","157.875","157.395","","-0.06%"
"03/30/2012","157.750","157.650","157.875","157.625","","0.06%"
"03/29/2012","157.650","157.650","158.050","157.575","","0.00%"
"03/28/2012","157.650","157.340","157.875","157.445","","0.29%"
"03/27/2012","157.200","157.600","159.500","157.375","","-0.25%"
"03/26/2012","157.600","157.600","157.700","157.425","","-0.03%"
"03/23/2012","157.650","157.250","157.935","157.450","","0.00%"
"03/22/2012","157.650","157.550","157.825","157.375","","-0.10%"
"03/21/2012","157.800","157.550","158.000","157.425","","0.35%"
"03/20/2012","157.250","157.800","158.000","157.450","","-0.22%"
"03/19/2012","157.600","157.800","158.025","157.565","","0.00%"
"03/16/2012","157.600","157.700","158.025","157.525","","0.03%"
"03/15/2012","157.550","157.600","158.150","157.590","","0.03%"
"03/14/2012","157.500","157.800","158.100","157.450","","-0.16%"
"03/13/2012","157.750","157.750","158.300","157.825","","-0.16%"
"03/12/2012","158.000","157.750","158.250","157.230","","0.57%"
"03/09/2012","157.100","157.350","157.875","156.400","","-0.25%"
"03/08/2012","157.500","157.750","157.875","157.205","","0.19%"
"03/07/2012","157.200","157.750","157.875","157.350","","-0.19%"
"03/06/2012","157.500","157.750","157.935","157.400","","0.00%"
"03/05/2012","157.500","157.250","158.550","157.350","","0.06%"
"03/02/2012","157.400","157.250","158.075","157.350","","0.10%"
"03/01/2012","157.250","157.250","157.825","156.400","","0.03%"
"02/29/2012","157.200","157.500","157.840","157.325","","-0.16%"
"02/28/2012","157.450","157.500","157.725","157.100","","0.29%"
"02/27/2012","157.000","157.450","157.800","156.500","","-0.16%"
"02/24/2012","157.250","157.450","157.800","156.400","","0.35%"
"02/23/2012","156.700","157.450","157.550","156.100","","-0.41%"
"02/22/2012","157.350","157.160","157.775","157.250","","-0.13%"
"02/21/2012","157.550","157.350","157.800","157.200","","0.03%"
"02/20/2012","157.500","157.750","157.900","157.150","","-0.32%"
"02/17/2012","158.000","158.160","158.360","157.525","","-0.06%"
"02/16/2012","158.100","158.300","158.500","158.050","","0.06%"
"02/15/2012","158.000","158.520","159.100","158.025","","-0.32%"
"02/14/2012","158.500","159.240","159.625","158.300","","-0.25%"
"02/13/2012","158.900","159.240","159.470","158.710","","0.19%"
"02/10/2012","158.600","159.240","159.800","157.600","","-0.19%"
"02/09/2012","158.900","161.050","161.100","159.025","","-0.13%"
"02/08/2012","159.100","161.050","161.100","159.300","","-0.41%"
"02/07/2012","159.750","161.050","161.100","159.925","","-0.22%"
"02/06/2012","160.100","161.050","161.425","160.150","","0.09%"
"02/03/2012","159.950","161.050","161.235","160.125","","-0.29%"
"02/02/2012","160.420","161.280","161.480","160.250","","-0.36%"
"02/01/2012","161.000","161.280","161.550","161.025","","0.06%"
"01/31/2012","160.900","161.280","161.575","160.950","","-0.24%"
"01/30/2012","161.280","160.250","161.650","160.500","","0.24%"
"01/27/2012","160.900","160.470","161.150","160.500","","0.41%"
"01/26/2012","160.250","160.800","160.850","159.725","","0.34%"
"01/25/2012","159.700","160.800","160.940","159.750","","-0.68%"
"01/24/2012","160.800","160.800","161.420","160.675","","-0.06%"
"01/23/2012","160.900","160.800","161.500","159.600","","0.03%"
"01/20/2012","160.850","161.600","161.850","159.500","","-0.34%"
"01/19/2012","161.400","161.600","161.905","161.150","","0.12%"
"01/18/2012","161.200","162.200","162.800","161.250","","-0.74%"
"01/17/2012","162.400","162.200","163.170","161.895","","0.44%"
"01/16/2012","161.690","162.200","162.250","161.930","","-0.80%"
"01/13/2012","163.000","162.200","163.125","161.950","","0.74%"
"01/12/2012","161.810","162.200","162.250","161.955","","0.01%"
"01/11/2012","161.800","162.200","162.250","161.925","","-0.06%"
"01/10/2012","161.900","162.200","162.465","161.900","","-0.06%"
"01/09/2012","162.000","162.200","162.250","159.600","","1.25%"
"01/06/2012","160.000","162.200","162.250","159.825","","0.19%"
"01/05/2012","159.700","162.200","162.250","159.450","","-0.06%"
"01/04/2012","159.800","162.200","162.250","159.350","","-0.25%"
"01/03/2012","160.200","162.200","163.075","159.800","","-1.23%"
"01/02/2012","162.200","162.200","162.250","162.250","","0.00%"
"12/30/2011","162.200","162.200","163.100","162.050","","-0.49%"
"12/29/2011","163.000","162.200","163.075","162.250","","0.06%"
"12/28/2011","162.900","162.200","164.930","162.250","","-1.15%"
"12/27/2011","164.800","162.200","165.090","162.250","","1.60%"
"12/26/2011","162.200","162.200","162.250","162.250","","-1.63%"
"12/23/2011","164.880","162.200","165.250","162.250","","0.61%"
"12/22/2011","163.880","162.200","165.025","162.250","","0.42%"
"12/21/2011","163.200","162.200","163.275","162.175","","0.62%"
"12/20/2011","162.200","159.400","162.450","159.500","","-0.01%"
"12/19/2011","162.220","162.000","162.400","161.550","","0.45%"
"12/16/2011","161.500","162.200","162.250","161.525","","-0.25%"
"12/15/2011","161.900","162.500","162.550","162.050","","-0.37%"
"12/14/2011","162.500","162.250","162.650","162.050","","0.15%"
"12/13/2011","162.250","162.100","162.350","162.110","","0.15%"
"12/12/2011","162.000","161.600","162.325","161.750","","0.19%"
"12/09/2011","161.700","162.000","162.500","161.650","","-0.19%"
"12/08/2011","162.000","161.650","162.550","161.700","","0.31%"
"12/07/2011","161.500","161.500","161.980","161.275","","0.00%"
"12/06/2011","161.500","161.200","161.750","161.230","","0.25%"
"12/05/2011","161.100","161.350","161.575","161.050","","-0.19%"
"12/02/2011","161.400","161.200","161.650","160.950","","0.12%"
"12/01/2011","161.200","161.250","161.650","161.150","","0.00%"
"11/30/2011","161.200","161.000","161.600","159.350","","0.12%"
"11/29/2011","161.000","160.100","161.300","158.930","","0.56%"
"11/28/2011","160.100","159.550","160.450","159.550","","0.38%"
"11/25/2011","159.500","159.450","159.950","159.275","","0.03%"
"11/24/2011","159.450","158.850","159.750","158.865","","-0.16%"
"11/23/2011","159.700","158.850","159.825","158.865","","0.35%"
"11/22/2011","159.140","158.850","159.500","158.750","","0.40%"
"11/21/2011","158.500","158.850","159.970","158.475","","0.00%"
"11/18/2011","158.500","158.850","159.000","158.550","","-0.03%"
"11/17/2011","158.550","158.850","159.200","158.500","","-0.38%"
"11/16/2011","159.150","158.850","159.200","157.350","","0.00%"
"11/15/2011","159.150","158.850","159.750","157.350","","0.38%"
"11/14/2011","158.550","158.850","159.950","157.350","","0.03%"
"11/11/2011","158.500","158.850","159.000","158.250","","0.00%"
"11/10/2011","158.500","158.850","159.000","158.030","","0.19%"
"11/09/2011","158.200","157.550","159.000","157.360","","0.51%"
"11/08/2011","157.400","158.000","158.050","157.200","","0.25%"
"11/07/2011","157.000","158.000","158.050","157.250","","-0.06%"
"11/04/2011","157.100","158.000","158.050","156.500","","0.42%"
"11/03/2011","156.450","158.000","158.150","155.250","","-0.67%"
"11/02/2011","157.500","160.000","160.105","157.250","","-1.38%"
"11/01/2011","159.700","160.000","161.300","157.500","","0.31%"
"10/31/2011","159.200","160.000","160.325","156.200","","-0.25%"
"10/28/2011","159.600","160.000","160.700","156.200","","-0.65%"
"10/27/2011","160.650","159.400","160.800","159.350","","0.85%"
"10/26/2011","159.300","156.850","159.925","155.650","","2.38%"
"10/25/2011","155.600","159.400","162.050","155.250","","-3.95%"
"10/24/2011","162.000","159.400","164.950","158.825","","1.95%"
"10/21/2011","158.900","159.400","159.650","154.525","","1.96%"
"10/20/2011","155.850","159.400","160.000","156.000","","-0.80%"
"10/19/2011","157.100","162.000","162.050","157.050","","-1.19%"
"10/18/2011","159.000","162.000","162.900","159.125","","-2.27%"
"10/17/2011","162.700","158.400","164.950","158.500","","1.47%"
"10/14/2011","160.350","160.200","164.950","160.250","","0.09%"
"10/13/2011","160.200","156.100","160.650","156.150","","2.04%"
"10/12/2011","157.000","156.100","158.850","153.850","","-1.13%"
"10/11/2011","158.800","161.950","162.000","156.550","","-3.29%"
"10/10/2011","164.200","160.100","167.900","159.900","","2.56%"
"10/07/2011","160.100","164.100","164.900","159.950","","-2.32%"
"10/06/2011","163.900","161.400","164.900","160.025","","1.49%"
"10/05/2011","161.500","159.000","162.150","156.400","","1.57%"
"10/04/2011","159.000","159.850","159.925","157.550","","-0.44%"
"10/03/2011","159.700","159.850","160.050","159.675","","-0.09%"
"09/30/2011","159.850","159.210","160.600","159.260","","0.40%"
"09/29/2011","159.210","156.100","159.875","156.150","","0.77%"
"09/28/2011","158.000","157.820","158.475","156.150","","0.06%"
"09/27/2011","157.900","156.100","158.250","156.150","","0.05%"
"09/26/2011","157.820","156.100","158.200","154.750","","0.83%"
"09/23/2011","156.520","156.100","157.910","154.750","","-0.82%"
"09/22/2011","157.820","157.820","157.990","156.150","","0.14%"
"09/21/2011","157.600","157.100","157.960","154.750","","0.38%"
"09/20/2011","157.000","156.100","157.340","154.750","","0.20%"
"09/19/2011","156.680","156.150","156.935","154.750","","0.37%"
"09/16/2011","156.100","156.100","156.350","154.750","","0.00%"
"09/15/2011","156.100","156.100","157.250","154.750","","0.06%"
"09/14/2011","156.000","154.550","156.325","154.650","","0.52%"
"09/13/2011","155.200","154.550","155.525","154.650","","0.39%"
"09/12/2011","154.600","155.000","155.500","154.650","","0.00%"
"09/09/2011","154.600","154.550","156.130","152.350","","-0.58%"
"09/08/2011","155.500","154.550","156.450","154.650","","-0.26%"
"09/07/2011","155.900","154.550","156.400","154.650","","0.26%"
"09/06/2011","155.500","154.550","155.800","154.650","","-0.07%"
"09/05/2011","155.610","154.400","155.700","154.575","","0.63%"
"09/02/2011","154.630","154.600","154.925","154.550","","0.15%"
"09/01/2011","154.400","154.600","154.950","154.550","","-0.16%"
"08/31/2011","154.650","154.720","154.950","154.650","","-0.06%"
"08/30/2011","154.750","154.780","154.870","154.740","","-0.02%"
"08/29/2011","154.780","154.800","155.030","154.350","","0.12%"
"08/26/2011","154.600","154.900","155.030","154.625","","-0.18%"
"08/25/2011","154.880","154.200","155.930","151.050","","2.51%"
"08/24/2011","151.090","155.700","156.775","150.950","","-2.80%"
"08/23/2011","155.450","155.100","156.100","153.575","","-0.29%"
"08/22/2011","155.900","153.690","156.100","152.525","","1.56%"
"08/19/2011","153.500","153.550","153.970","153.495","","0.00%"
"08/18/2011","153.500","153.550","154.050","153.525","","-0.16%"
"08/17/2011","153.750","153.440","154.050","153.600","","0.01%"
"08/16/2011","153.740","152.200","153.970","152.250","","-0.04%"
"08/15/2011","153.800","152.200","153.890","152.250","","0.16%"
"08/12/2011","153.550","152.200","154.150","152.250","","-0.29%"
"08/11/2011","154.000","152.200","154.250","152.250","","0.69%"
"08/10/2011","152.940","152.200","153.975","152.250","","0.49%"
"08/09/2011","152.200","152.200","153.750","152.250","","0.00%"
"08/08/2011","152.200","152.200","153.450","152.250","","-0.72%"
"08/05/2011","153.300","152.200","153.425","152.250","","0.60%"
"08/04/2011","152.390","152.200","152.600","152.250","","-0.07%"
"08/03/2011","152.490","152.200","152.550","152.250","","-0.01%"
"08/02/2011","152.500","152.200","152.625","152.250","","0.00%"
"08/01/2011","152.500","152.950","153.050","152.250","","-0.13%"
"07/29/2011","152.700","153.060","153.430","152.250","","-0.20%"
"07/28/2011","153.000","152.200","153.350","151.750","","0.13%"
"07/27/2011","152.800","152.200","152.900","152.250","","0.53%"
"07/26/2011","152.000","152.200","152.570","151.870","","0.00%"
"07/25/2011","152.000","152.250","152.425","152.030","","0.00%"
"07/22/2011","152.000","152.150","152.400","152.125","","-0.10%"
"07/21/2011","152.150","152.120","152.400","152.000","","0.05%"
"07/20/2011","152.070","152.050","152.600","151.900","","0.01%"
"07/19/2011","152.050","152.150","152.425","151.850","","-0.04%"
"07/18/2011","152.110","152.300","152.550","151.850","","-0.12%"
"07/15/2011","152.300","152.300","152.350","151.750","","0.07%"
"07/14/2011","152.200","152.440","153.400","152.000","","0.07%"
"07/13/2011","152.100","151.500","152.550","151.735","","0.40%"
"07/12/2011","151.500","151.800","153.300","151.525","","-0.98%"
"07/11/2011","153.000","152.200","153.250","151.725","","0.38%"
"07/08/2011","152.420","153.200","153.450","152.250","","-0.51%"
"07/07/2011","153.200","152.400","153.450","152.525","","0.52%"
"07/06/2011","152.400","152.400","154.050","151.870","","0.00%"
"07/05/2011","152.400","152.650","152.875","151.550","","-0.20%"
"07/04/2011","152.700","151.050","153.150","150.925","","1.09%"
"07/01/2011","151.050","152.450","152.500","150.000","","-0.92%"
"06/30/2011","152.450","153.500","153.800","151.600","","-0.68%"
"06/29/2011","153.500","154.000","154.550","151.870","","-0.32%"
"06/28/2011","154.000","154.170","154.400","153.950","","-0.10%"
"06/27/2011","154.150","155.850","156.000","152.550","","-1.09%"
"06/24/2011","155.850","156.750","156.800","155.500","","-0.42%"
"06/23/2011","156.500","156.480","156.875","156.500","","0.01%"
"06/22/2011","156.480","156.320","156.760","156.300","","-0.08%"
"06/21/2011","156.600","156.600","156.760","156.300","","0.00%"
"06/20/2011","156.600","156.600","156.800","156.500","","0.06%"
"06/17/2011","156.500","156.650","156.725","156.400","","-0.10%"
"06/16/2011","156.650","156.800","156.850","156.675","","-0.10%"
"06/15/2011","156.800","156.680","156.900","155.570","","0.06%"
"06/14/2011","156.700","156.250","157.050","156.100","","0.29%"
"06/13/2011","156.250","155.300","156.375","155.350","","0.55%"
"06/10/2011","155.400","155.400","155.400","155.400","","0.45%"
"06/09/2011","154.700","154.700","154.700","154.700","","-0.19%"
"06/08/2011","155.000","155.000","155.000","155.000","","-0.19%"
"06/07/2011","155.300","155.300","155.300","155.300","","0.19%"
"06/06/2011","155.000","155.000","155.000","155.000","","-0.06%"
"06/03/2011","155.100","155.100","155.100","155.100","","-0.19%"
"06/02/2011","155.400","155.400","155.400","155.400","","-0.48%"
"06/01/2011","156.150","156.150","156.150","156.150","","-0.10%"
"05/31/2011","156.300","156.300","156.300","156.300","","-0.19%"
"05/30/2011","156.600","156.600","156.600","156.600","","0.00%"
"05/27/2011","156.600","156.600","156.600","156.600","","-0.06%"
"05/26/2011","156.700","156.700","156.700","156.700","","-0.44%"
"05/25/2011","157.400","157.400","157.400","157.400","","0.32%"
"05/24/2011","156.900","156.900","156.900","156.900","","0.20%"
"05/23/2011","156.580","156.580","156.580","156.580","","-0.01%"
"05/20/2011","156.600","156.600","156.600","156.600","","0.13%"
"05/19/2011","156.400","156.400","156.400","156.400","","-0.11%"
"05/18/2011","156.570","156.570","156.570","156.570","","0.53%"
"05/17/2011","155.750","155.750","155.750","155.750","","0.13%"
"05/16/2011","155.550","155.550","155.550","155.550","","-0.10%"
"05/13/2011","155.700","155.700","155.700","155.700","","-0.64%"
"05/12/2011","156.700","156.700","156.700","156.700","","-0.25%"
"05/11/2011","157.100","157.100","157.100","157.100","","0.58%"
"05/10/2011","156.200","156.200","156.200","156.200","","0.32%"
"05/09/2011","155.700","155.700","155.700","155.700","","0.48%"
"05/06/2011","154.950","154.950","154.950","154.950","","0.03%"
"05/05/2011","154.900","154.900","154.900","154.900","","0.26%"
"05/04/2011","154.500","154.500","154.500","154.500","","-0.10%"
"05/03/2011","154.650","154.650","154.650","154.650","","0.23%"
"05/02/2011","154.300","154.300","154.300","154.300","","-0.13%"
"04/29/2011","154.500","154.500","154.500","154.500","","0.26%"
"04/28/2011","154.100","154.100","154.100","154.100","","-0.26%"
"04/27/2011","154.500","154.500","154.500","154.500","","-0.05%"
"04/26/2011","154.580","154.580","154.580","154.580","","-0.05%"
"04/25/2011","154.650","154.650","154.650","154.650","","0.05%"
"04/22/2011","154.580","154.580","154.580","154.580","","-0.05%"
"04/21/2011","154.650","154.650","154.650","154.650","","0.16%"
"04/20/2011","154.400","154.400","154.400","154.400","","-0.13%"
"04/19/2011","154.600","154.600","154.600","154.600","","-0.06%"
"04/18/2011","154.700","154.700","154.700","154.700","","-0.03%"
"04/15/2011","154.750","154.750","154.750","154.750","","-0.03%"
"04/14/2011","154.800","154.800","154.800","154.800","","-0.32%"
"04/13/2011","155.300","155.300","155.300","155.300","","0.00%"
"04/12/2011","155.300","155.300","155.300","155.300","","0.31%"
"04/11/2011","154.820","154.820","154.820","154.820","","0.34%"
"04/08/2011","154.300","154.300","154.300","154.300","","0.03%"
"04/07/2011","154.250","154.250","154.250","154.250","","0.19%"
"04/06/2011","153.950","153.950","153.950","153.950","","0.10%"
"04/05/2011","153.800","153.800","153.800","153.800","","-0.13%"
"04/04/2011","154.000","154.000","154.000","154.000","","0.06%"
"04/01/2011","153.900","153.900","153.900","153.900","","-0.74%"
"03/31/2011","155.050","155.050","155.050","155.050","","-0.13%"
"03/30/2011","155.250","155.250","155.250","155.250","","-0.22%"
"03/29/2011","155.600","155.600","155.600","155.600","","0.03%"
"03/28/2011","155.550","155.550","155.550","155.550","","0.13%"
"03/25/2011","155.350","155.350","155.350","155.350","","-0.16%"
"03/24/2011","155.600","155.600","155.600","155.600","","-0.19%"
"03/23/2011","155.900","155.900","155.900","155.900","","0.58%"
"03/22/2011","155.000","155.000","155.000","155.000","","-0.61%"
"03/21/2011","155.950","155.950","155.950","155.950","","0.26%"
"03/18/2011","155.550","155.550","155.550","155.550","","-0.96%"
"03/17/2011","157.050","157.050","157.050","157.050","","0.35%"
"03/16/2011","156.500","156.500","156.500","156.500","","0.49%"
"03/15/2011","155.730","155.730","155.730","155.730","","0.41%"
"03/14/2011","155.100","155.100","155.100","155.100","","0.19%"
"03/11/2011","154.800","154.800","154.800","154.800","","-0.03%"
"03/10/2011","154.850","154.850","154.850","154.850","","0.52%"
"03/09/2011","154.050","154.050","154.050","154.050","","-0.08%"
"03/08/2011","154.180","154.180","154.180","154.180","","-0.05%"
"03/07/2011","154.250","154.250","154.250","154.250","","0.03%"
"03/04/2011","154.200","154.200","154.200","154.200","","-0.06%"
"03/03/2011","154.300","154.300","154.300","154.300","","0.46%"
"03/02/2011","153.600","153.600","153.600","153.600","","0.14%"
"03/01/2011","153.380","153.380","153.380","153.380","","0.08%"
"02/28/2011","153.250","153.250","153.250","153.250","","0.15%"
"02/25/2011","153.020","153.020","153.020","153.020","","0.00%"
"02/24/2011","153.020","153.020","153.020","153.020","","0.33%"
"02/23/2011","152.510","152.510","152.510","152.510","","-0.74%"
"02/22/2011","153.640","153.640","153.640","153.640","","-0.21%"
"02/21/2011","153.970","153.970","153.970","153.970","","0.16%"
"02/18/2011","153.730","153.730","153.730","153.730","","0.41%"
"02/17/2011","153.100","153.100","153.100","153.100","","0.39%"
"02/16/2011","152.500","152.500","152.500","152.500","","0.07%"
"02/15/2011","152.400","152.400","152.400","152.400","","0.00%"
"02/14/2011","152.400","152.400","152.400","152.400","","0.00%"
"02/11/2011","152.400","152.400","152.400","152.400","","0.23%"
"02/10/2011","152.050","152.050","152.050","152.050","","0.10%"
"02/09/2011","151.900","151.900","151.900","151.900","","-0.43%"
"02/08/2011","152.550","152.550","152.550","152.550","","0.03%"
"02/07/2011","152.500","152.500","152.500","152.500","","0.13%"
"02/04/2011","152.300","152.300","152.300","152.300","","-0.13%"
"02/03/2011","152.500","152.500","152.500","152.500","","0.26%"
"02/02/2011","152.100","152.100","152.100","152.100","","-0.10%"
"02/01/2011","152.250","152.250","152.250","152.250","","0.23%"
"01/31/2011","151.900","151.900","151.900","151.900","","-0.11%"
"01/28/2011","152.060","152.060","152.060","152.060","","0.17%"
"01/27/2011","151.800","151.800","151.800","151.800","","0.03%"
"01/26/2011","151.750","151.750","151.750","151.750","","-0.16%"
"01/25/2011","152.000","152.000","152.000","152.000","","-0.33%"
"01/24/2011","152.500","152.500","152.500","152.500","","0.16%"
"01/21/2011","152.250","152.250","152.250","152.250","","-0.18%"
"01/20/2011","152.520","152.520","152.520","152.520","","0.18%"
"01/19/2011","152.250","152.250","152.250","152.250","","0.00%"
"01/18/2011","152.250","152.250","152.250","152.250","","-0.87%"
"01/17/2011","153.580","153.580","153.580","153.580","","0.25%"
"01/14/2011","153.200","153.200","153.200","153.200","","-0.45%"
"01/13/2011","153.900","153.900","153.900","153.900","","0.65%"
"01/12/2011","152.900","152.900","152.900","152.900","","0.33%"
"01/11/2011","152.400","152.400","152.400","152.400","","-0.13%"
"01/10/2011","152.600","152.600","152.600","152.600","","0.26%"
"01/07/2011","152.200","152.200","152.200","152.200","","0.13%"
"01/06/2011","152.000","152.000","152.000","152.000","","0.00%"
"01/05/2011","152.000","152.000","152.000","152.000","","-0.20%"
"01/04/2011","152.300","152.300","152.300","152.300","","0.20%"
"01/03/2011","152.000","152.000","152.000","152.000","","0.03%"
"12/31/2010","151.950","151.950","151.950","151.950","","0.03%"
"12/30/2010","151.900","151.900","151.900","151.900","","-1.14%"
"12/29/2010","153.650","153.650","153.650","153.650","","-0.05%"
"12/28/2010","153.730","153.730","153.730","153.730","","0.00%"
"12/27/2010","153.730","153.730","153.730","153.730","","0.00%"
"12/24/2010","153.730","153.730","153.730","153.730","","0.84%"
"12/23/2010","152.450","152.450","152.450","152.450","","-0.26%"
"12/22/2010","152.850","152.850","152.850","152.850","","-0.94%"
"12/21/2010","154.300","154.300","154.300","154.300","","-0.39%"
"12/20/2010","154.900","154.900","154.900","154.900","","0.26%"
"12/17/2010","154.500","154.500","154.500","154.500","","-0.16%"
"12/16/2010","154.750","154.750","154.750","154.750","","0.81%"
"12/15/2010","153.500","153.500","153.500","153.500","","0.74%"
"12/14/2010","152.380","152.380","152.380","152.380","","0.25%"
"12/13/2010","152.000","152.000","152.000","152.000","","0.14%"
"12/10/2010","151.780","151.780","151.780","151.780","","0.12%"
"12/09/2010","151.600","151.600","151.600","151.600","","-0.13%"
"12/08/2010","151.800","151.800","151.800","151.800","","0.43%"
"12/07/2010","151.150","151.150","151.150","151.150","","-0.20%"
"12/06/2010","151.450","151.450","151.450","151.450","","0.20%"
"12/03/2010","151.150","151.150","151.150","151.150","","0.17%"
"12/02/2010","150.900","150.900","150.900","150.900","","-0.07%"
"12/01/2010","151.000","151.000","151.000","151.000","","0.13%"
"11/30/2010","150.800","150.800","150.800","150.800","","0.07%"
"11/29/2010","150.700","150.700","150.700","150.700","","0.00%"
"11/26/2010","150.700","150.700","150.700","150.700","","0.15%"
"11/25/2010","150.470","150.470","150.470","150.470","","-0.19%"
"11/24/2010","150.750","150.750","150.750","150.750","","0.21%"
"11/23/2010","150.430","150.430","150.430","150.430","","-0.06%"
"11/22/2010","150.520","150.520","150.520","150.520","","0.15%"
"11/19/2010","150.290","150.290","150.290","150.290","","0.23%"
"11/18/2010","149.950","149.950","149.950","149.950","","-0.53%"
"11/17/2010","150.750","150.750","150.750","150.750","","0.03%"
"11/16/2010","150.700","150.700","150.700","150.700","","0.00%"
"11/15/2010","150.700","150.700","150.700","150.700","","0.13%"
"11/12/2010","150.500","150.500","150.500","150.500","","0.00%"
"11/11/2010","150.500","150.500","150.500","150.500","","0.07%"
"11/10/2010","150.400","150.400","150.400","150.400","","0.15%"
"11/09/2010","150.180","150.180","150.180","150.180","","-0.21%"
"11/08/2010","150.500","150.500","150.500","150.500","","-0.05%"
"11/05/2010","150.580","150.580","150.580","150.580","","0.19%"
"11/04/2010","150.300","150.300","150.300","150.300","","0.02%"
"11/03/2010","150.270","150.270","150.270","150.270","","0.18%"
"11/02/2010","150.000","150.000","150.000","150.000","","0.00%"
"11/01/2010","150.000","150.000","150.000","150.000","","-0.50%"
"10/29/2010","150.750","150.750","150.750","150.750","","0.53%"
"10/28/2010","149.950","149.950","149.950","149.950","","-0.20%"
"10/27/2010","150.250","150.250","150.250","150.250","","-0.07%"
"10/26/2010","150.350","150.350","150.350","150.350","","-0.43%"
"10/25/2010","151.000","151.000","151.000","151.000","","-0.17%"
"10/22/2010","151.250","151.250","151.250","151.250","","-0.46%"
"10/21/2010","151.950","151.950","151.950","151.950","","-0.28%"
"10/20/2010","152.380","152.380","152.380","152.380","","0.25%"
"10/19/2010","152.000","152.000","152.000","152.000","","-0.39%"
"10/18/2010","152.600","152.600","152.600","152.600","","0.28%"
"10/15/2010","152.170","152.170","152.170","152.170","","0.11%"
"10/14/2010","152.000","152.000","152.000","152.000","","-0.07%"
"10/13/2010","152.100","152.100","152.100","152.100","","0.09%"
"10/12/2010","151.970","151.970","151.970","151.970","","-0.02%"
"10/11/2010","152.000","152.000","152.000","152.000","","0.83%"
"10/08/2010","150.750","150.750","150.750","150.750","","-0.42%"
"10/07/2010","151.380","151.380","151.380","151.380","","0.00%"
"10/06/2010","151.380","151.380","151.380","151.380","","-0.51%"
"10/05/2010","152.150","152.150","152.150","152.150","","-1.30%"
"10/04/2010","154.150","154.150","154.150","154.150","","-0.23%"
"10/01/2010","154.500","154.500","154.500","154.500","","0.19%"
"09/30/2010","154.200","154.200","154.200","154.200","","-0.03%"
"09/29/2010","154.250","154.250","154.250","154.250","","0.00%"
"09/28/2010","154.250","154.250","154.250","154.250","","-0.48%"
"09/27/2010","155.000","155.000","155.000","155.000","","1.17%"
"09/24/2010","153.200","153.200","153.200","153.200","","-0.29%"
"09/23/2010","153.650","153.650","153.650","153.650","","0.29%"
"09/22/2010","153.200","153.200","153.200","153.200","","0.07%"
"09/21/2010","153.100","153.100","153.100","153.100","","0.72%"
"09/20/2010","152.000","152.000","152.000","152.000","","0.07%"
"09/17/2010","151.900","151.900","151.900","151.900","","0.00%"
"09/16/2010","151.900","151.900","151.900","151.900","","0.43%"
"09/15/2010","151.250","151.250","151.250","151.250","","-0.17%"
"09/14/2010","151.500","151.500","151.500","151.500","","-0.13%"
"09/13/2010","151.700","151.700","151.700","151.700","","0.20%"
"09/10/2010","151.400","151.400","151.400","151.400","","0.00%"
"09/09/2010","151.400","151.400","151.400","151.400","","-0.13%"
"09/08/2010","151.600","151.600","151.600","151.600","","0.20%"
"09/07/2010","151.290","151.290","151.290","151.290","","-0.07%"
"09/06/2010","151.400","151.400","151.400","151.400","","0.77%"
"09/03/2010","150.250","150.250","150.250","150.250","","-0.50%"
"09/02/2010","151.000","151.000","151.000","151.000","","0.00%"
"09/01/2010","151.000","151.000","151.000","151.000","","-0.26%"
"08/31/2010","151.400","151.400","151.400","151.400","","-0.23%"
"08/30/2010","151.750","151.750","151.750","151.750","","0.33%"
"08/27/2010","151.250","151.250","151.250","151.250","","-0.07%"
"08/26/2010","151.350","151.350","151.350","151.350","","0.43%"
"08/25/2010","150.700","150.700","150.700","150.700","","-0.01%"
"08/24/2010","150.720","150.720","150.720","150.720","","0.08%"
"08/23/2010","150.600","150.600","150.600","150.600","","0.11%"
"08/20/2010","150.440","150.440","150.440","150.440","","-0.01%"
"08/19/2010","150.450","150.450","150.450","150.450","","-0.03%"
"08/18/2010","150.500","150.500","150.500","150.500","","0.00%"
"08/17/2010","150.500","150.500","150.500","150.500","","-0.03%"
"08/16/2010","150.550","150.550","150.550","150.550","","0.37%"
"08/13/2010","150.000","150.000","150.000","150.000","","-0.23%"
"08/12/2010","150.350","150.350","150.350","150.350","","0.23%"
"08/11/2010","150.000","150.000","150.000","150.000","","-0.13%"
"08/10/2010","150.200","150.200","150.200","150.200","","-0.10%"
"08/09/2010","150.350","150.350","150.350","150.350","","0.40%"
"08/06/2010","149.750","149.750","149.750","149.750","","0.00%"
"08/05/2010","149.750","149.750","149.750","149.750","","-0.27%"
"08/04/2010","150.150","150.150","150.150","150.150","","0.10%"
"08/03/2010","150.000","150.000","150.000","150.000","","0.07%"
"08/02/2010","149.900","149.900","149.900","149.900","","-0.13%"
"07/30/2010","150.100","150.100","150.100","150.100","","0.00%"
"07/29/2010","150.100","150.100","150.100","150.100","","-0.07%"
"07/28/2010","150.200","150.200","150.200","150.200","","-0.07%"
"07/27/2010","150.300","150.300","150.300","150.300","","0.07%"
"07/26/2010","150.200","150.200","150.200","150.200","","0.13%"
"07/23/2010","150.000","150.000","150.000","150.000","","0.03%"
"07/22/2010","149.950","149.950","149.950","149.950","","-0.20%"
"07/21/2010","150.250","150.250","150.250","150.250","","0.17%"
"07/20/2010","150.000","150.000","150.000","150.000","","-0.33%"
"07/19/2010","150.500","150.500","150.500","150.500","","0.27%"
"07/16/2010","150.100","150.100","150.100","150.100","","-0.20%"
"07/15/2010","150.400","150.400","150.400","150.400","","0.03%"
"07/14/2010","150.360","150.360","150.360","150.360","","0.11%"
"07/13/2010","150.200","150.200","150.200","150.200","","-0.17%"
"07/12/2010","150.450","150.450","150.450","150.450","","-0.07%"
"07/09/2010","150.550","150.550","150.550","150.550","","0.67%"
"07/08/2010","149.550","149.550","149.550","149.550","","0.00%"
"07/07/2010","149.550","149.550","149.550","149.550","","0.20%"
"07/06/2010","149.250","149.250","149.250","149.250","","-0.37%"
"07/05/2010","149.800","149.800","149.800","149.800","","0.07%"
"07/02/2010","149.700","149.700","149.700","149.700","","0.03%"
"07/01/2010","149.650","149.650","149.650","149.650","","-0.17%"
"06/30/2010","149.900","149.900","149.900","149.900","","-0.22%"
"06/29/2010","150.230","150.230","150.230","150.230","","-0.28%"
"06/28/2010","150.650","150.650","150.650","150.650","","-0.11%"
"06/25/2010","150.820","150.820","150.820","150.820","","-0.24%"
"06/24/2010","151.180","151.180","151.180","151.180","","0.12%"
"06/23/2010","151.000","151.000","151.000","151.000","","0.17%"
"06/22/2010","150.750","150.750","150.750","150.750","","-0.17%"
"06/21/2010","151.000","151.000","151.000","151.000","","-0.17%"
"06/18/2010","151.250","151.250","151.250","151.250","","0.03%"
"06/17/2010","151.200","151.200","151.200","151.200","","-0.04%"
"06/16/2010","151.260","151.260","151.260","151.260","","-0.03%"
"06/15/2010","151.300","151.300","151.300","151.300","","0.23%"
"06/14/2010","150.950","150.950","150.950","150.950","","0.10%"
"06/11/2010","150.800","150.800","150.800","150.800","","-0.26%"
"06/10/2010","151.190","151.190","151.190","151.190","","-0.02%"
"06/09/2010","151.220","151.220","151.220","151.220","","-0.05%"
"06/08/2010","151.290","151.290","151.290","151.290","","0.03%"
"06/07/2010","151.250","151.250","151.250","151.250","","0.33%"
"06/04/2010","150.750","150.750","150.750","150.750","","0.00%"
"06/03/2010","150.750","150.750","150.750","150.750","","-0.23%"
"06/02/2010","151.100","151.100","151.100","151.100","","-0.20%"
"06/01/2010","151.400","151.400","151.400","151.400","","0.26%"
"05/31/2010","151.000","151.000","151.000","151.000","","-0.33%"
"05/28/2010","151.500","151.500","151.500","151.500","","-0.36%"
"05/27/2010","152.050","152.050","152.050","152.050","","0.03%"
"05/26/2010","152.000","152.000","152.000","152.000","","0.16%"
"05/25/2010","151.750","151.750","151.750","151.750","","0.03%"
"05/24/2010","151.700","151.700","151.700","151.700","","0.13%"
"05/21/2010","151.500","151.500","151.500","151.500","","-0.23%"
"05/20/2010","151.850","151.850","151.850","151.850","","-0.10%"
"05/19/2010","152.000","152.000","152.000","152.000","","-0.16%"
"05/18/2010","152.250","152.250","152.250","152.250","","0.66%"
"05/17/2010","151.250","151.250","151.250","151.250","","0.09%"
"05/14/2010","151.120","151.120","151.120","151.120","","0.48%"
"05/13/2010","150.400","150.400","150.400","150.400","","-0.07%"
"05/12/2010","150.500","150.500","150.500","150.500","","0.00%"
"05/11/2010","150.500","150.500","150.500","150.500","","0.00%"
"05/10/2010","150.500","150.500","150.500","150.500","","-0.13%"
"05/07/2010","150.690","150.690","150.690","150.690","","0.39%"
"05/06/2010","150.100","150.100","150.100","150.100","","-0.53%"
"05/05/2010","150.900","150.900","150.900","150.900","","0.10%"
"05/04/2010","150.750","150.750","150.750","150.750","","-0.13%"
"05/03/2010","150.950","150.950","150.950","150.950","","0.30%"
"04/30/2010","150.500","150.500","150.500","150.500","","-0.13%"
"04/29/2010","150.700","150.700","150.700","150.700","","0.33%"
"04/28/2010","150.200","150.200","150.200","150.200","","0.07%"
"04/27/2010","150.100","150.100","150.100","150.100","","-0.23%"
"04/26/2010","150.450","150.450","150.450","150.450","","0.30%"
"04/23/2010","150.000","150.000","150.000","150.000","","-0.16%"
"04/22/2010","150.240","150.240","150.240","150.240","","-0.09%"
"04/21/2010","150.370","150.370","150.370","150.370","","0.08%"
"04/20/2010","150.250","150.250","150.250","150.250","","0.33%"
"04/19/2010","149.750","149.750","149.750","149.750","","-0.17%"
"04/16/2010","150.000","150.000","150.000","150.000","","0.07%"
"04/15/2010","149.900","149.900","149.900","149.900","","-0.07%"
"04/14/2010","150.000","150.000","150.000","150.000","","-0.13%"
"04/13/2010","150.200","150.200","150.200","150.200","","-0.15%"
"04/12/2010","150.420","150.420","150.420","150.420","","0.01%"
"04/09/2010","150.400","150.400","150.400","150.400","","0.13%"
"04/08/2010","150.200","150.200","150.200","150.200","","0.30%"
"04/07/2010","149.750","149.750","149.750","149.750","","0.00%"
"04/06/2010","149.750","149.750","149.750","149.750","","0.17%"
"04/05/2010","149.500","149.500","149.500","149.500","","-0.13%"
"04/02/2010","149.700","149.700","149.700","149.700","","-0.03%"
"04/01/2010","149.750","149.750","149.750","149.750","","0.03%"
"03/31/2010","149.700","149.700","149.700","149.700","","-0.17%"
"03/30/2010","149.950","149.950","149.950","149.950","","0.00%"
"03/29/2010","149.950","149.950","149.950","149.950","","0.64%"
"03/26/2010","149.000","149.000","149.000","149.000","","-0.53%"
"03/25/2010","149.800","149.800","149.800","149.800","","0.27%"
"03/24/2010","149.400","149.400","149.400","149.400","","-0.07%"
"03/23/2010","149.500","149.500","149.500","149.500","","-0.21%"
"03/22/2010","149.820","149.820","149.820","149.820","","0.25%"
"03/19/2010","149.450","149.450","149.450","149.450","","-0.23%"
"03/18/2010","149.800","149.800","149.800","149.800","","-0.07%"
"03/17/2010","149.900","149.900","149.900","149.900","","0.10%"
"03/16/2010","149.750","149.750","149.750","149.750","","-0.42%"
"03/15/2010","150.380","150.380","150.380","150.380","","0.05%"
"03/12/2010","150.300","150.300","150.300","150.300","","-0.07%"
"03/11/2010","150.400","150.400","150.400","150.400","","0.07%"
"03/10/2010","150.300","150.300","150.300","150.300","","0.03%"
"03/09/2010","150.250","150.250","150.250","150.250","","0.10%"
"03/08/2010","150.100","150.100","150.100","150.100","","-0.23%"
"03/05/2010","150.450","150.450","150.450","150.450","","0.16%"
"03/04/2010","150.210","150.210","150.210","150.210","","0.31%"
"03/03/2010","149.750","149.750","149.750","149.750","","0.13%"
"03/02/2010","149.550","149.550","149.550","149.550","","-0.50%"
"03/01/2010","150.300","150.300","150.300","150.300","","0.00%"
"02/26/2010","150.300","150.300","150.300","150.300","","0.13%"
"02/25/2010","150.100","150.100","150.100","150.100","","-0.10%"
"02/24/2010","150.250","150.250","150.250","150.250","","-0.05%"
"02/23/2010","150.330","150.330","150.330","150.330","","0.05%"
"02/22/2010","150.250","150.250","150.250","150.250","","-0.23%"
"02/19/2010","150.600","150.600","150.600","150.600","","-0.10%"
"02/18/2010","150.750","150.750","150.750","150.750","","-0.10%"
"02/17/2010","150.900","150.900","150.900","150.900","","0.27%"
"02/16/2010","150.500","150.500","150.500","150.500","","-0.20%"
"02/15/2010","150.800","150.800","150.800","150.800","","-0.13%"
"02/12/2010","151.000","151.000","151.000","151.000","","-0.13%"
"02/11/2010","151.190","151.190","151.190","151.190","","0.39%"
"02/10/2010","150.600","150.600","150.600","150.600","","-0.33%"
"02/09/2010","151.100","151.100","151.100","151.100","","0.03%"
"02/08/2010","151.050","151.050","151.050","151.050","","-0.27%"
"02/05/2010","151.460","151.460","151.460","151.460","","0.11%"
"02/04/2010","151.300","151.300","151.300","151.300","","-0.03%"
"02/03/2010","151.350","151.350","151.350","151.350","","-0.31%"
"02/02/2010","151.820","151.820","151.820","151.820","","0.61%"
"02/01/2010","150.900","150.900","150.900","150.900","","0.01%"
"01/29/2010","150.880","150.880","150.880","150.880","","0.25%"
"01/28/2010","150.500","150.500","150.500","150.500","","-0.17%"
"01/27/2010","150.750","150.750","150.750","150.750","","0.17%"
"01/26/2010","150.500","150.500","150.500","150.500","","-0.23%"
"01/25/2010","150.850","150.850","150.850","150.850","","0.57%"
"01/22/2010","150.000","150.000","150.000","150.000","","0.00%"
"01/21/2010","150.000","150.000","150.000","150.000","","-0.13%"
"01/20/2010","150.200","150.200","150.200","150.200","","0.33%"
"01/19/2010","149.700","149.700","149.700","149.700","","-0.27%"
"01/18/2010","150.100","150.100","150.100","150.100","","-0.66%"
"01/15/2010","151.100","151.100","151.100","151.100","","-0.20%"
"01/14/2010","151.400","151.400","151.400","151.400","","0.26%"
"01/13/2010","151.000","151.000","151.000","151.000","","0.50%"
"01/12/2010","150.250","150.250","150.250","150.250","","-0.43%"
"01/11/2010","150.900","150.900","150.900","150.900","","0.67%"
"01/08/2010","149.900","149.900","149.900","149.900","","0.60%"
"01/07/2010","149.000","149.000","149.000","149.000","","0.00%"
"01/06/2010","149.000","149.000","149.000","149.000","","-0.07%"
"01/05/2010","149.100","149.100","149.100","149.100","","-0.10%"
"01/04/2010","149.250","149.250","149.250","149.250","","-0.13%"
"01/01/2010","149.450","149.450","149.450","149.450","","0.00%"
"12/31/2009","149.450","149.450","149.450","149.450","","-0.50%"
"12/30/2009","150.200","150.200","150.200","150.200","","0.13%"
"12/29/2009","150.000","150.000","150.000","150.000","","0.13%"
"12/28/2009","149.800","149.800","149.800","149.800","","0.71%"
"12/25/2009","148.750","148.750","148.750","148.750","","0.00%"
"12/24/2009","148.750","148.750","148.750","148.750","","0.00%"
"12/23/2009","148.750","148.750","148.750","148.750","","0.17%"
"12/22/2009","148.500","148.500","148.500","148.500","","-0.40%"
"12/21/2009","149.100","149.100","149.100","149.100","","-0.10%"
"12/18/2009","149.250","149.250","149.250","149.250","","-0.96%"
"12/17/2009","150.700","150.700","150.700","150.700","","0.40%"
"12/16/2009","150.100","150.100","150.100","150.100","","0.33%"
"12/15/2009","149.600","149.600","149.600","149.600","","-0.27%"
"12/14/2009","150.000","150.000","150.000","150.000","","0.07%"
"12/11/2009","149.900","149.900","149.900","149.900","","0.00%"
"12/10/2009","149.900","149.900","149.900","149.900","","0.47%"
"12/09/2009","149.200","149.200","149.200","149.200","","-1.71%"
"12/08/2009","151.800","151.800","151.800","151.800","","0.16%"
"12/07/2009","151.550","151.550","151.550","151.550","","0.70%"
"12/04/2009","150.500","150.500","150.500","150.500","","1.18%"
"12/03/2009","148.750","148.750","148.750","148.750","","0.51%"
"12/02/2009","148.000","148.000","148.000","148.000","","1.68%"
"12/01/2009","145.550","145.550","145.550","145.550","","-1.79%"
"11/30/2009","148.200","148.200","148.200","148.200","","-1.13%"
"11/27/2009","149.900","149.900","149.900","149.900","","-0.10%"
"11/26/2009","150.050","150.050","150.050","150.050","","0.00%"
"11/25/2009","150.050","150.050","150.050","150.050","","0.70%"
"11/24/2009","149.000","149.000","149.000","149.000","","-0.47%"
"11/23/2009","149.700","149.700","149.700","149.700","","0.00%"
"11/20/2009","149.700","149.700","149.700","149.700","","-0.60%"
"11/19/2009","150.600","150.600","150.600","150.600","","-0.23%"
"11/18/2009","150.950","150.950","150.950","150.950","","-0.53%"
"11/17/2009","151.750","151.750","151.750","151.750","","-0.23%"
"11/16/2009","152.100","152.100","152.100","152.100","","0.26%"
"11/13/2009","151.700","151.700","151.700","151.700","","-0.13%"
"11/12/2009","151.900","151.900","151.900","151.900","","0.26%"
"11/11/2009","151.500","151.500","151.500","151.500","","-0.69%"
"11/10/2009","152.550","152.550","152.550","152.550","","0.39%"
"11/09/2009","151.960","151.960","151.960","151.960","","0.54%"
"11/06/2009","151.150","151.150","151.150","151.150","","-0.36%"
"11/05/2009","151.700","151.700","151.700","151.700","","0.43%"
"11/04/2009","151.050","151.050","151.050","151.050","","0.03%"
"11/03/2009","151.000","151.000","151.000","151.000","","-0.17%"
"11/02/2009","151.250","151.250","151.250","151.250","","0.27%"
"10/30/2009","150.850","150.850","150.850","150.850","","-0.17%"
"10/29/2009","151.100","151.100","151.100","151.100","","0.00%"
"10/28/2009","151.100","151.100","151.100","151.100","","0.00%"
"10/27/2009","151.100","151.100","151.100","151.100","","-0.03%"
"10/26/2009","151.150","151.150","151.150","151.150","","1.10%"
"10/23/2009","149.500","149.500","149.500","149.500","","-0.13%"
"10/22/2009","149.700","149.700","149.700","149.700","","0.03%"
"10/21/2009","149.650","149.650","149.650","149.650","","-0.07%"
"10/20/2009","149.750","149.750","149.750","149.750","","0.00%"
"10/19/2009","149.750","149.750","149.750","149.750","","-1.25%"
"10/16/2009","151.650","151.650","151.650","151.650","","0.00%"
"10/15/2009","151.650","151.650","151.650","151.650","","-0.56%"
"10/14/2009","152.500","152.500","152.500","152.500","","0.56%"
"10/13/2009","151.650","151.650","151.650","151.650","","1.54%"
"10/12/2009","149.350","149.350","149.350","149.350","","-0.07%"
"10/09/2009","149.450","149.450","149.450","149.450","","0.03%"
"10/08/2009","149.400","149.400","149.400","149.400","","0.13%"
"10/07/2009","149.200","149.200","149.200","149.200","","2.19%"
"10/06/2009","146.000","146.000","146.000","146.000","","-1.08%"
"10/05/2009","147.600","147.600","147.600","147.600","","1.03%"
"10/02/2009","146.100","146.100","146.100","146.100","","-1.02%"
"10/01/2009","147.600","147.600","147.600","147.600","","0.41%"
"09/30/2009","147.000","147.000","147.000","147.000","","-2.16%"
"09/29/2009","150.250","150.250","150.250","150.250","","-0.83%"
"09/28/2009","151.500","151.500","151.500","151.500","","0.73%"
"09/25/2009","150.400","150.400","150.400","150.400","","0.13%"
"09/24/2009","150.200","150.200","150.200","150.200","","-1.48%"
"09/23/2009","152.450","152.450","152.450","152.450","","-1.33%"
"09/22/2009","154.500","154.500","154.500","154.500","","-0.32%"
"09/21/2009","155.000","155.000","155.000","155.000","","0.81%"
"09/18/2009","153.750","153.750","153.750","153.750","","0.16%"
"09/17/2009","153.500","153.500","153.500","153.500","","-0.10%"
"09/16/2009","153.650","153.650","153.650","153.650","","-0.07%"
"09/15/2009","153.750","153.750","153.750","153.750","","-0.18%"
"09/14/2009","154.020","154.020","154.020","154.020","","0.05%"
"09/11/2009","153.950","153.950","153.950","153.950","","-0.18%"
"09/10/2009","154.220","154.220","154.220","154.220","","0.18%"
"09/09/2009","153.950","153.950","153.950","153.950","","-0.10%"
"09/08/2009","154.100","154.100","154.100","154.100","","-0.21%"
"09/07/2009","154.420","154.420","154.420","154.420","","0.27%"
"09/04/2009","154.000","154.000","154.000","154.000","","-0.05%"
"09/03/2009","154.080","154.080","154.080","154.080","","0.87%"
"09/02/2009","152.750","152.750","152.750","152.750","","-0.81%"
"09/01/2009","154.000","154.000","154.000","154.000","","-0.03%"
"08/31/2009","154.050","154.050","154.050","154.050","","0.03%"
"08/28/2009","154.000","154.000","154.000","154.000","","0.33%"
"08/27/2009","153.500","153.500","153.500","153.500","","-1.73%"
"08/26/2009","156.200","156.200","156.200","156.200","","1.17%"
"08/25/2009","154.400","154.400","154.400","154.400","","-0.80%"
"08/24/2009","155.650","155.650","155.650","155.650","","-0.22%"
"08/21/2009","156.000","156.000","156.000","156.000","","0.03%"
"08/20/2009","155.950","155.950","155.950","155.950","","-1.55%"
"08/19/2009","158.400","158.400","158.400","158.400","","0.13%"
"08/18/2009","158.200","158.200","158.200","158.200","","0.13%"
"08/17/2009","158.000","158.000","158.000","158.000","","1.28%"
"08/14/2009","156.000","156.000","156.000","156.000","","1.10%"
"08/13/2009","154.310","154.310","154.310","154.310","","0.40%"
"08/12/2009","153.700","153.700","153.700","153.700","","-0.52%"
"08/11/2009","154.500","154.500","154.500","154.500","","0.00%"
"08/10/2009","154.500","154.500","154.500","154.500","","0.46%"
"08/07/2009","153.800","153.800","153.800","153.800","","-0.29%"
"08/06/2009","154.250","154.250","154.250","154.250","","-0.10%"
"08/05/2009","154.400","154.400","154.400","154.400","","-0.39%"
"08/04/2009","155.000","155.000","155.000","155.000","","0.00%"
"08/03/2009","155.000","155.000","155.000","155.000","","-1.08%"
"07/31/2009","156.700","156.700","156.700","156.700","","0.13%"
"07/30/2009","156.500","156.500","156.500","156.500","","3.10%"
"07/29/2009","151.800","151.800","151.800","151.800","","0.10%"
"07/28/2009","151.650","151.650","151.650","151.650","","2.47%"
"07/27/2009","148.000","148.000","148.000","148.000","","-1.79%"
"07/24/2009","150.690","150.690","150.690","150.690","","-0.07%"
"07/23/2009","150.800","150.800","150.800","150.800","","0.94%"
"07/22/2009","149.400","149.400","149.400","149.400","","0.17%"
"07/21/2009","149.150","149.150","149.150","149.150","","-0.07%"
"07/20/2009","149.250","149.250","149.250","149.250","","0.37%"
"07/17/2009","148.700","148.700","148.700","148.700","","0.27%"
"07/16/2009","148.300","148.300","148.300","148.300","","-0.34%"
"07/15/2009","148.800","148.800","148.800","148.800","","0.68%"
"07/14/2009","147.800","147.800","147.800","147.800","","0.00%"
"07/13/2009","147.800","147.800","147.800","147.800","","0.54%"
"07/10/2009","147.000","147.000","147.000","147.000","","-0.47%"
"07/09/2009","147.700","147.700","147.700","147.700","","-0.44%"
"07/08/2009","148.350","148.350","148.350","148.350","","-0.07%"
"07/07/2009","148.450","148.450","148.450","148.450","","0.51%"
"07/06/2009","147.700","147.700","147.700","147.700","","-0.09%"
"07/03/2009","147.840","147.840","147.840","147.840","","0.01%"
"07/02/2009","147.820","147.820","147.820","147.820","","0.12%"
"07/01/2009","147.650","147.650","147.650","147.650","","-0.03%"
"06/30/2009","147.700","147.700","147.700","147.700","","0.00%"
"06/29/2009","147.700","147.700","147.700","147.700","","0.82%"
"06/26/2009","146.500","146.500","146.500","146.500","","-1.21%"
"06/25/2009","148.300","148.300","148.300","148.300","","-0.49%"
"06/24/2009","149.030","149.030","149.030","149.030","","1.59%"
"06/23/2009","146.700","146.700","146.700","146.700","","-1.44%"
"06/22/2009","148.850","148.850","148.850","148.850","","0.57%"
"06/19/2009","148.000","148.000","148.000","148.000","","0.00%"
"06/18/2009","148.000","148.000","148.000","148.000","","1.02%"
"06/17/2009","146.500","146.500","146.500","146.500","","-1.08%"
"06/16/2009","148.100","148.100","148.100","148.100","","0.75%"
"06/15/2009","147.000","147.000","147.000","147.000","","0.00%"
"06/12/2009","147.000","147.000","147.000","147.000","","-1.01%"
"06/11/2009","148.500","148.500","148.500","148.500","","0.99%"
"06/10/2009","147.050","147.050","147.050","147.050","","-0.72%"
"06/09/2009","148.110","148.110","148.110","148.110","","0.58%"
"06/08/2009","147.250","147.250","147.250","147.250","","0.17%"
"06/05/2009","147.000","147.000","147.000","147.000","","-1.12%"
"06/04/2009","148.670","148.670","148.670","148.670","","0.33%"
"06/03/2009","148.180","148.180","148.180","148.180","","0.80%"
"06/02/2009","147.000","147.000","147.000","147.000","","-1.34%"
"06/01/2009","148.990","148.990","148.990","148.990","","1.01%"
"05/29/2009","147.500","147.500","147.500","147.500","","0.00%"
"05/28/2009","147.500","147.500","147.500","147.500","","0.00%"
"05/27/2009","147.500","147.500","147.500","147.500","","0.68%"
"05/26/2009","146.500","146.500","146.500","146.500","","-0.34%"
"05/25/2009","147.000","147.000","147.000","147.000","","0.00%"
"05/22/2009","147.000","147.000","147.000","147.000","","0.00%"
"05/21/2009","147.000","147.000","147.000","147.000","","0.00%"
"05/20/2009","147.000","147.000","147.000","147.000","","0.00%"
"05/19/2009","147.000","147.000","147.000","147.000","","-0.17%"
"05/18/2009","147.250","147.250","147.250","147.250","","0.00%"
"05/15/2009","147.250","147.250","147.250","147.250","","0.07%"
"05/14/2009","147.150","147.150","147.150","147.150","","-0.07%"
"05/13/2009","147.250","147.250","147.250","147.250","","0.17%"
"05/12/2009","147.000","147.000","147.000","147.000","","0.00%"
"05/11/2009","147.000","147.000","147.000","147.000","","-0.17%"
"05/08/2009","147.250","147.250","147.250","147.250","","0.17%"
"05/07/2009","147.000","147.000","147.000","147.000","","0.00%"
"05/06/2009","147.000","147.000","147.000","147.000","","-0.34%"
"05/05/2009","147.500","147.500","147.500","147.500","","0.17%"
"05/04/2009","147.250","147.250","147.250","147.250","","-0.17%"
"05/01/2009","147.500","147.500","147.500","147.500","","-0.03%"
"04/30/2009","147.550","147.550","147.550","147.550","","0.37%"
"04/29/2009","147.000","147.000","147.000","147.000","","0.00%"
"04/28/2009","147.000","147.000","147.000","147.000","","0.17%"
"04/27/2009","146.750","146.750","146.750","146.750","","-0.17%"
"04/24/2009","147.000","147.000","147.000","147.000","","-0.17%"
"04/23/2009","147.250","147.250","147.250","147.250","","0.17%"
"04/22/2009","147.000","147.000","147.000","147.000","","-0.17%"
"04/21/2009","147.250","147.250","147.250","147.250","","0.00%"
"04/20/2009","147.250","147.250","147.250","147.250","","0.00%"
"04/17/2009","147.250","147.250","147.250","147.250","","0.00%"
"04/16/2009","147.250","147.250","147.250","147.250","","0.00%"
"04/15/2009","147.250","147.250","147.250","147.250","","0.17%"
"04/14/2009","147.000","147.000","147.000","147.000","","0.00%"
"04/13/2009","147.000","147.000","147.000","147.000","","-0.17%"
"04/10/2009","147.250","147.250","147.250","147.250","","0.00%"
"04/09/2009","147.250","147.250","147.250","147.250","","-0.17%"
"04/08/2009","147.500","147.500","147.500","147.500","","0.00%"
"04/07/2009","147.500","147.500","147.500","147.500","","0.00%"
"04/06/2009","147.500","147.500","147.500","147.500","","-0.03%"
"04/03/2009","147.550","147.550","147.550","147.550","","0.37%"
"04/02/2009","147.000","147.000","147.000","147.000","","-0.14%"
"04/01/2009","147.200","147.200","147.200","147.200","","-0.03%"
"03/31/2009","147.250","147.250","147.250","147.250","","0.17%"
"03/30/2009","147.000","147.000","147.000","147.000","","0.00%"
"03/27/2009","147.000","147.000","147.000","147.000","","-0.34%"
"03/26/2009","147.500","147.500","147.500","147.500","","0.00%"
"03/25/2009","147.500","147.500","147.500","147.500","","-0.77%"
"03/24/2009","148.650","148.650","148.650","148.650","","-0.03%"
"03/23/2009","148.700","148.700","148.700","148.700","","0.81%"
"03/20/2009","147.500","147.500","147.500","147.500","","0.00%"
"03/19/2009","147.500","147.500","147.500","147.500","","0.17%"
"03/18/2009","147.250","147.250","147.250","147.250","","-0.20%"
"03/17/2009","147.550","147.550","147.550","147.550","","0.10%"
"03/16/2009","147.400","147.400","147.400","147.400","","-0.07%"
"03/13/2009","147.500","147.500","147.500","147.500","","-0.07%"
"03/12/2009","147.600","147.600","147.600","147.600","","-0.07%"
"03/11/2009","147.700","147.700","147.700","147.700","","0.31%"
"03/10/2009","147.250","147.250","147.250","147.250","","-0.20%"
"03/09/2009","147.550","147.550","147.550","147.550","","0.00%"
"03/06/2009","147.550","147.550","147.550","147.550","","0.03%"
"03/05/2009","147.500","147.500","147.500","147.500","","-0.20%"
"03/04/2009","147.800","147.800","147.800","147.800","","0.20%"
"03/03/2009","147.500","147.500","147.500","147.500","","-0.17%"
"03/02/2009","147.750","147.750","147.750","147.750","","0.51%"
"02/27/2009","147.000","147.000","147.000","147.000","","-0.03%"
"02/26/2009","147.050","147.050","147.050","147.050","","0.03%"
"02/25/2009","147.000","147.000","147.000","147.000","","0.00%"
"02/24/2009","147.000","147.000","147.000","147.000","","-0.07%"
"02/23/2009","147.100","147.100","147.100","147.100","","0.41%"
"02/20/2009","146.500","146.500","146.500","146.500","","-1.01%"
"02/19/2009","148.000","148.000","148.000","148.000","","0.07%"
"02/18/2009","147.900","147.900","147.900","147.900","","-0.10%"
"02/17/2009","148.050","148.050","148.050","148.050","","0.10%"
"02/16/2009","147.900","147.900","147.900","147.900","","-0.10%"
"02/13/2009","148.050","148.050","148.050","148.050","","-0.30%"
"02/12/2009","148.500","148.500","148.500","148.500","","0.00%"
"02/11/2009","148.500","148.500","148.500","148.500","","0.00%"
"02/10/2009","148.500","148.500","148.500","148.500","","0.68%"
"02/09/2009","147.500","147.500","147.500","147.500","","-0.10%"
"02/06/2009","147.650","147.650","147.650","147.650","","1.65%"
"02/05/2009","145.250","145.250","145.250","145.250","","-3.23%"
"02/04/2009","150.100","150.100","150.100","150.100","","0.00%"
"02/03/2009","150.100","150.100","150.100","150.100","","0.91%"
"02/02/2009","148.750","148.750","148.750","148.750","","0.17%"
"01/30/2009","148.500","148.500","148.500","148.500","","1.64%"
"01/29/2009","146.100","146.100","146.100","146.100","","-1.15%"
"01/28/2009","147.800","147.800","147.800","147.800","","-1.30%"
"01/27/2009","149.750","149.750","149.750","149.750","","0.07%"
"01/26/2009","149.650","149.650","149.650","149.650","","-0.23%"
"01/23/2009","150.000","150.000","150.000","150.000","","0.00%"
"01/22/2009","150.000","150.000","150.000","150.000","","1.35%"
"01/21/2009","148.000","148.000","148.000","148.000","","0.00%"
"01/20/2009","148.000","148.000","148.000","148.000","","2.07%"
"01/19/2009","145.000","145.000","145.000","145.000","","-1.86%"
"01/16/2009","147.750","147.750","147.750","147.750","","-1.50%"
"01/15/2009","150.000","150.000","150.000","150.000","","-1.80%"
"01/14/2009","152.750","152.750","152.750","152.750","","2.72%"
"01/13/2009","148.700","148.700","148.700","148.700","","-3.03%"
"01/12/2009","153.350","153.350","153.350","153.350","","4.96%"
"01/09/2009","146.100","146.100","146.100","146.100","","1.53%"
"01/08/2009","143.900","143.900","143.900","143.900","","3.71%"
"01/07/2009","138.750","138.750","138.750","138.750","","1.20%"
"01/06/2009","137.100","137.100","137.100","137.100","","0.62%"
"01/05/2009","136.250","136.250","136.250","136.250","","-1.09%"
"01/02/2009","137.750","137.750","137.750","137.750","","1.29%"
"01/01/2009","136.000","136.000","136.000","136.000","","0.00%"
"12/31/2008","136.000","136.000","136.000","136.000","","0.22%"
"12/30/2008","135.700","135.700","135.700","135.700","","-1.84%"
"12/29/2008","138.250","138.250","138.250","138.250","","1.47%"
"12/26/2008","136.250","136.250","136.250","136.250","","-1.09%"
"12/25/2008","137.750","137.750","137.750","137.750","","0.00%"
"12/24/2008","137.750","137.750","137.750","137.750","","-0.18%"
"12/23/2008","138.000","138.000","138.000","138.000","","-0.72%"
"12/22/2008","139.000","139.000","139.000","139.000","","4.87%"
"12/19/2008","132.550","132.550","132.550","132.550","","-0.90%"
"12/18/2008","133.750","133.750","133.750","133.750","","0.56%"
"12/17/2008","133.000","133.000","133.000","133.000","","-1.59%"
"12/16/2008","135.150","135.150","135.150","135.150","","0.86%"
"12/15/2008","134.000","134.000","134.000","134.000","","-0.74%"
"12/12/2008","135.000","135.000","135.000","135.000","","0.00%"
"12/11/2008","135.000","135.000","135.000","135.000","","3.85%"
"12/10/2008","130.000","130.000","130.000","130.000","","0.00%"
"12/09/2008","130.000","130.000","130.000","130.000","","0.00%"
"12/08/2008","130.000","130.000","130.000","130.000","","4.00%"
"12/05/2008","125.000","125.000","125.000","125.000","","0.40%"
"12/04/2008","124.500","124.500","124.500","124.500","","-1.97%"
"12/03/2008","127.000","127.000","127.000","127.000","","0.00%"
"12/02/2008","127.000","127.000","127.000","127.000","","3.46%"
"12/01/2008","122.750","122.750","122.750","122.750","","3.06%"
"11/28/2008","119.100","119.100","119.100","119.100","","-0.29%"
"11/27/2008","119.450","119.450","119.450","119.450","","1.31%"
"11/26/2008","117.900","117.900","117.900","117.900","","0.00%"
"11/25/2008","117.900","117.900","117.900","117.900","","0.17%"
"11/24/2008","117.700","117.700","117.700","117.700","","-0.07%"
"11/21/2008","117.780","117.780","117.780","117.780","","-0.05%"
"11/20/2008","117.840","117.840","117.840","117.840","","0.02%"
"11/19/2008","117.820","117.820","117.820","117.820","","0.03%"
"11/18/2008","117.780","117.780","117.780","117.780","","0.15%"
"11/17/2008","117.600","117.600","117.600","117.600","","-0.19%"
"11/14/2008","117.820","117.820","117.820","117.820","","0.03%"
"11/13/2008","117.780","117.780","117.780","117.780","","0.03%"
"11/12/2008","117.740","117.740","117.740","117.740","","-0.01%"
"11/11/2008","117.750","117.750","117.750","117.750","","0.00%"
"11/10/2008","117.750","117.750","117.750","117.750","","0.04%"
"11/07/2008","117.700","117.700","117.700","117.700","","-0.03%"
"11/06/2008","117.730","117.730","117.730","117.730","","0.03%"
"11/05/2008","117.700","117.700","117.700","117.700","","0.03%"
"11/04/2008","117.670","117.670","117.670","117.670","","0.01%"
"11/03/2008","117.660","117.660","117.660","117.660","","-0.02%"
"10/31/2008","117.680","117.680","117.680","117.680","","-0.03%"
"10/30/2008","117.710","117.710","117.710","117.710","","-0.03%"
"10/29/2008","117.750","117.750","117.750","117.750","","-0.03%"
"10/28/2008","117.790","117.790","117.790","117.790","","0.00%"
"10/27/2008","117.790","117.790","117.790","117.790","","-0.09%"
"10/24/2008","117.900","117.900","117.900","117.900","","0.04%"
"10/23/2008","117.850","117.850","117.850","117.850","","0.01%"
"10/22/2008","117.840","117.840","117.840","117.840","","0.03%"
"10/21/2008","117.800","117.800","117.800","117.800","","-0.08%"
"10/20/2008","117.890","117.890","117.890","117.890","","0.04%"
"10/17/2008","117.840","117.840","117.840","117.840","","0.03%"
"10/16/2008","117.800","117.800","117.800","117.800","","0.05%"
"10/15/2008","117.740","117.740","117.740","117.740","","0.02%"
"10/14/2008","117.720","117.720","117.720","117.720","","0.00%"
"10/13/2008","117.720","117.720","117.720","117.720","","0.00%"
"10/10/2008","117.720","117.720","117.720","117.720","","0.02%"
"10/09/2008","117.700","117.700","117.700","117.700","","0.00%"
"10/08/2008","117.700","117.700","117.700","117.700","","0.00%"
"10/07/2008","117.700","117.700","117.700","117.700","","-0.02%"
"10/06/2008","117.720","117.720","117.720","117.720","","0.18%"
"10/03/2008","117.510","117.510","117.510","117.510","","-0.14%"
"10/02/2008","117.670","117.670","117.670","117.670","","0.14%"
"10/01/2008","117.500","117.500","117.500","117.500","","0.00%"
"09/30/2008","117.500","117.500","117.500","117.500","","-0.08%"
"09/29/2008","117.590","117.590","117.590","117.590","","0.00%"
"09/26/2008","117.590","117.590","117.590","117.590","","-0.03%"
"09/25/2008","117.620","117.620","117.620","117.620","","0.00%"
"09/24/2008","117.620","117.620","117.620","117.620","","-0.03%"
"09/23/2008","117.660","117.660","117.660","117.660","","0.00%"
"09/22/2008","117.660","117.660","117.660","117.660","","-0.03%"
"09/19/2008","117.690","117.690","117.690","117.690","","-0.02%"
"09/18/2008","117.710","117.710","117.710","117.710","","0.03%"
"09/17/2008","117.670","117.670","117.670","117.670","","0.00%"
"09/16/2008","117.670","117.670","117.670","117.670","","0.06%"
"09/15/2008","117.600","117.600","117.600","117.600","","0.03%"
"09/12/2008","117.570","117.570","117.570","117.570","","0.00%"
"09/11/2008","117.570","117.570","117.570","117.570","","-0.03%"
"09/10/2008","117.610","117.610","117.610","117.610","","0.01%"
"09/09/2008","117.600","117.600","117.600","117.600","","-0.02%"
"09/08/2008","117.620","117.620","117.620","117.620","","-0.02%"
"09/05/2008","117.640","117.640","117.640","117.640","","0.01%"
"09/04/2008","117.630","117.630","117.630","117.630","","-0.05%"
"09/03/2008","117.690","117.690","117.690","117.690","","0.12%"
"09/02/2008","117.550","117.550","117.550","117.550","","-0.03%"
"09/01/2008","117.590","117.590","117.590","117.590","","0.08%"
"08/29/2008","117.500","117.500","117.500","117.500","","-0.09%"
"08/28/2008","117.600","117.600","117.600","117.600","","-0.04%"
"08/27/2008","117.650","117.650","117.650","117.650","","-0.04%"
"08/26/2008","117.700","117.700","117.700","117.700","","0.01%"
"08/25/2008","117.690","117.690","117.690","117.690","","-0.01%"
"08/22/2008","117.700","117.700","117.700","117.700","","-0.03%"
"08/21/2008","117.740","117.740","117.740","117.740","","-0.01%"
"08/20/2008","117.750","117.750","117.750","117.750","","0.00%"
"08/19/2008","117.750","117.750","117.750","117.750","","0.00%"
"08/18/2008","117.750","117.750","117.750","117.750","","0.03%"
"08/15/2008","117.720","117.720","117.720","117.720","","0.00%"
"08/14/2008","117.720","117.720","117.720","117.720","","-0.01%"
"08/13/2008","117.730","117.730","117.730","117.730","","0.00%"
"08/12/2008","117.730","117.730","117.730","117.730","","0.00%"
"08/11/2008","117.730","117.730","117.730","117.730","","0.02%"
"08/08/2008","117.710","117.710","117.710","117.710","","0.01%"
"08/07/2008","117.700","117.700","117.700","117.700","","0.02%"
"08/06/2008","117.680","117.680","117.680","117.680","","-0.03%"
"08/05/2008","117.720","117.720","117.720","117.720","","0.00%"
"08/04/2008","117.720","117.720","117.720","117.720","","-0.02%"
"08/01/2008","117.740","117.740","117.740","117.740","","-0.01%"
"07/31/2008","117.750","117.750","117.750","117.750","","0.01%"
"07/30/2008","117.740","117.740","117.740","117.740","","0.00%"
"07/29/2008","117.740","117.740","117.740","117.740","","0.00%"
"07/28/2008","117.740","117.740","117.740","117.740","","-0.01%"
"07/25/2008","117.750","117.750","117.750","117.750","","-0.01%"
"07/24/2008","117.760","117.760","117.760","117.760","","0.02%"
"07/23/2008","117.740","117.740","117.740","117.740","","-0.01%"
"07/22/2008","117.750","117.750","117.750","117.750","","0.03%"
"07/21/2008","117.720","117.720","117.720","117.720","","0.02%"
"07/18/2008","117.700","117.700","117.700","117.700","","-0.01%"
"07/17/2008","117.710","117.710","117.710","117.710","","0.00%"
"07/16/2008","117.710","117.710","117.710","117.710","","0.14%"
"07/15/2008","117.550","117.550","117.550","117.550","","-0.11%"
"07/14/2008","117.680","117.680","117.680","117.680","","-0.03%"
"07/11/2008","117.710","117.710","117.710","117.710","","0.78%"
"07/10/2008","116.800","116.800","116.800","116.800","","0.00%"
"07/09/2008","116.800","116.800","116.800","116.800","","0.00%"
"07/08/2008","116.800","116.800","116.800","116.800","","0.04%"
"07/07/2008","116.750","116.750","116.750","116.750","","-0.76%"
"07/04/2008","117.650","117.650","117.650","117.650","","-0.06%"
"07/03/2008","117.720","117.720","117.720","117.720","","-0.04%"
"07/02/2008","117.770","117.770","117.770","117.770","","0.00%"
"07/01/2008","117.770","117.770","117.770","117.770","","0.02%"
"06/30/2008","117.750","117.750","117.750","117.750","","0.01%"
"06/27/2008","117.740","117.740","117.740","117.740","","-0.03%"
"06/26/2008","117.770","117.770","117.770","117.770","","-0.03%"
"06/25/2008","117.800","117.800","117.800","117.800","","0.02%"
"06/24/2008","117.780","117.780","117.780","117.780","","-0.02%"
"06/23/2008","117.800","117.800","117.800","117.800","","0.05%"
"06/20/2008","117.740","117.740","117.740","117.740","","-0.01%"
"06/19/2008","117.750","117.750","117.750","117.750","","0.86%"
"06/18/2008","116.750","116.750","116.750","116.750","","-0.87%"
"06/17/2008","117.780","117.780","117.780","117.780","","-0.02%"
"06/16/2008","117.800","117.800","117.800","117.800","","0.00%"
"06/13/2008","117.800","117.800","117.800","117.800","","0.01%"
"06/12/2008","117.790","117.790","117.790","117.790","","0.03%"
"06/11/2008","117.760","117.760","117.760","117.760","","0.01%"
"06/10/2008","117.750","117.750","117.750","117.750","","-0.03%"
"06/09/2008","117.790","117.790","117.790","117.790","","0.03%"
"06/06/2008","117.750","117.750","117.750","117.750","","-0.03%"
"06/05/2008","117.790","117.790","117.790","117.790","","0.00%"
"06/04/2008","117.790","117.790","117.790","117.790","","0.01%"
"06/03/2008","117.780","117.780","117.780","117.780","","-0.01%"
"06/02/2008","117.790","117.790","117.790","117.790","","-0.01%"
"05/30/2008","117.800","117.800","117.800","117.800","","0.00%"
"05/29/2008","117.800","117.800","117.800","117.800","","0.00%"
"05/28/2008","117.800","117.800","117.800","117.800","","0.08%"
"05/27/2008","117.700","117.700","117.700","117.700","","0.00%"
"05/26/2008","117.700","117.700","117.700","117.700","","-0.04%"
"05/23/2008","117.750","117.750","117.750","117.750","","-0.05%"
"05/22/2008","117.810","117.810","117.810","117.810","","0.09%"
"05/21/2008","117.700","117.700","117.700","117.700","","-0.10%"
"05/20/2008","117.820","117.820","117.820","117.820","","0.00%"
"05/19/2008","117.820","117.820","117.820","117.820","","0.00%"
"05/16/2008","117.820","117.820","117.820","117.820","","-0.02%"
"05/15/2008","117.840","117.840","117.840","117.840","","0.03%"
"05/14/2008","117.810","117.810","117.810","117.810","","-0.03%"
"05/13/2008","117.850","117.850","117.850","117.850","","0.04%"
"05/12/2008","117.800","117.800","117.800","117.800","","-0.04%"
"05/09/2008","117.850","117.850","117.850","117.850","","-0.03%"
"05/08/2008","117.890","117.890","117.890","117.890","","-0.01%"
"05/07/2008","117.900","117.900","117.900","117.900","","0.03%"
"05/06/2008","117.870","117.870","117.870","117.870","","0.00%"
"05/05/2008","117.870","117.870","117.870","117.870","","0.09%"
"05/02/2008","117.760","117.760","117.760","117.760","","-0.09%"
"05/01/2008","117.870","117.870","117.870","117.870","","0.00%"
"04/30/2008","117.870","117.870","117.870","117.870","","0.31%"
"04/29/2008","117.500","117.500","117.500","117.500","","-0.20%"
"04/28/2008","117.740","117.740","117.740","117.740","","0.03%"
"04/25/2008","117.700","117.700","117.700","117.700","","0.04%"
"04/24/2008","117.650","117.650","117.650","117.650","","-0.03%"
"04/23/2008","117.690","117.690","117.690","117.690","","0.50%"
"04/22/2008","117.100","117.100","117.100","117.100","","-0.47%"
"04/21/2008","117.650","117.650","117.650","117.650","","0.00%"
"04/18/2008","117.650","117.650","117.650","117.650","","0.26%"
"04/17/2008","117.350","117.350","117.350","117.350","","-0.25%"
"04/16/2008","117.650","117.650","117.650","117.650","","0.18%"
"04/15/2008","117.440","117.440","117.440","117.440","","0.02%"
"04/14/2008","117.420","117.420","117.420","117.420","","0.10%"
"04/11/2008","117.300","117.300","117.300","117.300","","0.02%"
"04/10/2008","117.280","117.280","117.280","117.280","","0.01%"
"04/09/2008","117.270","117.270","117.270","117.270","","-0.06%"
"04/08/2008","117.340","117.340","117.340","117.340","","-0.03%"
"04/07/2008","117.380","117.380","117.380","117.380","","-0.08%"
"04/04/2008","117.470","117.470","117.470","117.470","","0.08%"
"04/03/2008","117.380","117.380","117.380","117.380","","-0.06%"
"04/02/2008","117.450","117.450","117.450","117.450","","0.24%"
"04/01/2008","117.170","117.170","117.170","117.170","","0.11%"
"03/31/2008","117.040","117.040","117.040","117.040","","0.04%"
"03/28/2008","116.990","116.990","116.990","116.990","","-0.03%"
"03/27/2008","117.020","117.020","117.020","117.020","","0.15%"
"03/26/2008","116.840","116.840","116.840","116.840","","0.12%"
"03/25/2008","116.700","116.700","116.700","116.700","","0.09%"
"03/24/2008","116.590","116.590","116.590","116.590","","0.00%"
"03/21/2008","116.590","116.590","116.590","116.590","","0.00%"
"03/20/2008","116.590","116.590","116.590","116.590","","0.16%"
"03/19/2008","116.400","116.400","116.400","116.400","","-0.19%"
"03/18/2008","116.620","116.620","116.620","116.620","","0.12%"
"03/17/2008","116.480","116.480","116.480","116.480","","0.11%"
"03/14/2008","116.350","116.350","116.350","116.350","","-0.17%"
"03/13/2008","116.550","116.550","116.550","116.550","","0.04%"
"03/12/2008","116.500","116.500","116.500","116.500","","-0.09%"
"03/11/2008","116.600","116.600","116.600","116.600","","0.04%"
"03/10/2008","116.550","116.550","116.550","116.550","","-0.31%"
"03/07/2008","116.910","116.910","116.910","116.910","","0.07%"
"03/06/2008","116.830","116.830","116.830","116.830","","-0.15%"
"03/05/2008","117.000","117.000","117.000","117.000","","0.02%"
"03/04/2008","116.980","116.980","116.980","116.980","","-0.03%"
"03/03/2008","117.010","117.010","117.010","117.010","","0.01%"
"02/29/2008","117.000","117.000","117.000","117.000","","0.04%"
"02/28/2008","116.950","116.950","116.950","116.950","","-0.08%"
"02/27/2008","117.040","117.040","117.040","117.040","","-0.19%"
"02/26/2008","117.260","117.260","117.260","117.260","","-0.01%"
"02/25/2008","117.270","117.270","117.270","117.270","","-0.11%"
"02/22/2008","117.400","117.400","117.400","117.400","","-0.09%"
"02/21/2008","117.500","117.500","117.500","117.500","","0.30%"
"02/20/2008","117.150","117.150","117.150","117.150","","0.00%"
"02/19/2008","117.150","117.150","117.150","117.150","","-0.30%"
"02/18/2008","117.500","117.500","117.500","117.500","","-0.01%"
"02/15/2008","117.510","117.510","117.510","117.510","","-0.03%"
"02/14/2008","117.550","117.550","117.550","117.550","","0.17%"
"02/13/2008","117.350","117.350","117.350","117.350","","0.04%"
"02/12/2008","117.300","117.300","117.300","117.300","","-0.11%"
"02/11/2008","117.430","117.430","117.430","117.430","","-0.06%"
"02/08/2008","117.500","117.500","117.500","117.500","","-0.05%"
"02/07/2008","117.560","117.560","117.560","117.560","","0.14%"
"02/06/2008","117.400","117.400","117.400","117.400","","-0.18%"
"02/05/2008","117.610","117.610","117.610","117.610","","0.09%"
"02/04/2008","117.500","117.500","117.500","117.500","","0.00%"
"02/01/2008","117.500","117.500","117.500","117.500","","-0.17%"
"01/31/2008","117.700","117.700","117.700","117.700","","0.00%"
"01/30/2008","117.700","117.700","117.700","117.700","","0.00%"
"01/29/2008","117.700","117.700","117.700","117.700","","-0.04%"
"01/28/2008","117.750","117.750","117.750","117.750","","0.08%"
"01/25/2008","117.650","117.650","117.650","117.650","","0.00%"
"01/24/2008","117.650","117.650","117.650","117.650","","0.00%"
"01/23/2008","117.650","117.650","117.650","117.650","","0.15%"
"01/22/2008","117.470","117.470","117.470","117.470","","-0.01%"
"01/21/2008","117.480","117.480","117.480","117.480","","0.45%"
"01/18/2008","116.950","116.950","116.950","116.950","","-0.47%"
"01/17/2008","117.500","117.500","117.500","117.500","","0.00%"
"01/16/2008","117.500","117.500","117.500","117.500","","0.00%"
"01/15/2008","117.500","117.500","117.500","117.500","","0.00%"
"01/14/2008","117.500","117.500","117.500","117.500","","-0.42%"
"01/11/2008","118.000","118.000","118.000","118.000","","0.43%"
"01/10/2008","117.500","117.500","117.500","117.500","","-0.42%"
"01/09/2008","118.000","118.000","118.000","118.000","","-0.04%"
"01/08/2008","118.050","118.050","118.050","118.050","","-0.08%"
"01/07/2008","118.150","118.150","118.150","118.150","","0.04%"
"01/04/2008","118.100","118.100","118.100","118.100","","0.34%"
"01/03/2008","117.700","117.700","117.700","117.700","","-0.42%"
"01/02/2008","118.200","118.200","118.200","118.200","","0.00%"
"01/01/2008","118.200","118.200","118.200","118.200","","0.00%"
"12/31/2007","118.200","118.200","118.200","118.200","","0.00%"
"12/28/2007","118.200","118.200","118.200","118.200","","0.30%"
"12/27/2007","117.850","117.850","117.850","117.850","","0.00%"
"12/26/2007","117.850","117.850","117.850","117.850","","-0.04%"
"12/25/2007","117.900","117.900","117.900","117.900","","0.26%"
"12/24/2007","117.600","117.600","117.600","117.600","","-0.25%"
"12/21/2007","117.900","117.900","117.900","117.900","","0.08%"
"12/20/2007","117.800","117.800","117.800","117.800","","0.00%"
"12/19/2007","117.800","117.800","117.800","117.800","","0.00%"
"12/18/2007","117.800","117.800","117.800","117.800","","0.00%"
"12/17/2007","117.800","117.800","117.800","117.800","","0.00%"
"12/14/2007","117.800","117.800","117.800","117.800","","-0.04%"
"12/13/2007","117.850","117.850","117.850","117.850","","-0.03%"
"12/12/2007","117.890","117.890","117.890","117.890","","-0.05%"
"12/11/2007","117.950","117.950","117.950","117.950","","0.08%"
"12/10/2007","117.850","117.850","117.850","117.850","","0.30%"
"12/07/2007","117.500","117.500","117.500","117.500","","-0.49%"
"12/06/2007","118.080","118.080","118.080","118.080","","0.07%"
"12/05/2007","118.000","118.000","118.000","118.000","","0.00%"
"12/04/2007","118.000","118.000","118.000","118.000","","0.00%"
"12/03/2007","118.000","118.000","118.000","118.000","","-0.59%"
"11/30/2007","118.700","118.700","118.700","118.700","","0.00%"
"11/29/2007","118.700","118.700","118.700","118.700","","-0.12%"
"11/28/2007","118.840","118.840","118.840","118.840","","0.01%"
"11/27/2007","118.830","118.830","118.830","118.830","","-0.02%"
"11/26/2007","118.850","118.850","118.850","118.850","","0.00%"
"11/23/2007","118.850","118.850","118.850","118.850","","0.00%"
"11/22/2007","118.850","118.850","118.850","118.850","","-0.18%"
"11/21/2007","119.060","119.060","119.060","119.060","","-0.05%"
"11/20/2007","119.120","119.120","119.120","119.120","","-0.05%"
"11/19/2007","119.180","119.180","119.180","119.180","","0.13%"
"11/16/2007","119.020","119.020","119.020","119.020","","-0.23%"
"11/15/2007","119.300","119.300","119.300","119.300","","0.17%"
"11/14/2007","119.100","119.100","119.100","119.100","","0.17%"
"11/13/2007","118.900","118.900","118.900","118.900","","-0.08%"
"11/12/2007","119.000","119.000","119.000","119.000","","0.00%"
"11/09/2007","119.000","119.000","119.000","119.000","","0.00%"
"11/08/2007","119.000","119.000","119.000","119.000","","0.00%"
"11/07/2007","119.000","119.000","119.000","119.000","","-0.83%"
"11/06/2007","120.000","120.000","120.000","120.000","","-0.83%"
"11/05/2007","121.000","121.000","121.000","121.000","","-0.12%"
"11/02/2007","121.150","121.150","121.150","121.150","","0.00%"
"11/01/2007","121.150","121.150","121.150","121.150","","0.12%"
"10/31/2007","121.000","121.000","121.000","121.000","","0.00%"
"10/30/2007","121.000","121.000","121.000","121.000","","-0.17%"
"10/29/2007","121.200","121.200","121.200","121.200","","0.17%"
"10/26/2007","121.000","121.000","121.000","121.000","","0.08%"
"10/25/2007","120.900","120.900","120.900","120.900","","-0.49%"
"10/24/2007","121.500","121.500","121.500","121.500","","0.00%"
"10/23/2007","121.500","121.500","121.500","121.500","","-0.69%"
"10/22/2007","122.350","122.350","122.350","122.350","","-0.53%"
"10/19/2007","123.000","123.000","123.000","123.000","","-0.73%"
"10/18/2007","123.900","123.900","123.900","123.900","","-0.16%"
"10/17/2007","124.100","124.100","124.100","124.100","","-0.20%"
"10/16/2007","124.350","124.350","124.350","124.350","","0.00%"
"10/15/2007","124.350","124.350","124.350","124.350","","0.00%"
"10/12/2007","124.350","124.350","124.350","124.350","","-0.12%"
"10/11/2007","124.500","124.500","124.500","124.500","","0.00%"
"10/10/2007","124.500","124.500","124.500","124.500","","0.00%"
"10/09/2007","124.500","124.500","124.500","124.500","","0.00%"
"10/08/2007","124.500","124.500","124.500","124.500","","0.16%"
"10/05/2007","124.300","124.300","124.300","124.300","","-0.12%"
"10/04/2007","124.450","124.450","124.450","124.450","","-0.36%"
"10/03/2007","124.900","124.900","124.900","124.900","","0.08%"
"10/02/2007","124.800","124.800","124.800","124.800","","0.00%"
"10/01/2007","124.800","124.800","124.800","124.800","","-0.08%"
"09/28/2007","124.900","124.900","124.900","124.900","","-0.08%"
"09/27/2007","125.000","125.000","125.000","125.000","","0.08%"
"09/26/2007","124.900","124.900","124.900","124.900","","-0.31%"
"09/25/2007","125.290","125.290","125.290","125.290","","-0.01%"
"09/24/2007","125.300","125.300","125.300","125.300","","0.08%"
"09/21/2007","125.200","125.200","125.200","125.200","","-0.08%"
"09/20/2007","125.300","125.300","125.300","125.300","","-0.08%"
"09/19/2007","125.400","125.400","125.400","125.400","","-0.22%"
"09/18/2007","125.680","125.680","125.680","125.680","","0.13%"
"09/17/2007","125.520","125.520","125.520","125.520","","-0.30%"
"09/14/2007","125.900","125.900","125.900","125.900","","-0.08%"
"09/13/2007","126.000","126.000","126.000","126.000","","0.00%"
"09/12/2007","126.000","126.000","126.000","126.000","","-0.01%"
"09/11/2007","126.010","126.010","126.010","126.010","","0.05%"
"09/10/2007","125.950","125.950","125.950","125.950","","-0.08%"
"09/07/2007","126.050","126.050","126.050","126.050","","0.00%"
"09/06/2007","126.050","126.050","126.050","126.050","","0.02%"
"09/05/2007","126.020","126.020","126.020","126.020","","-0.02%"
"09/04/2007","126.050","126.050","126.050","126.050","","0.00%"
"09/03/2007","126.050","126.050","126.050","126.050","","-0.08%"
"08/31/2007","126.150","126.150","126.150","126.150","","-0.05%"
"08/30/2007","126.210","126.210","126.210","126.210","","0.01%"
"08/29/2007","126.200","126.200","126.200","126.200","","0.06%"
"08/28/2007","126.120","126.120","126.120","126.120","","-0.13%"
"08/27/2007","126.280","126.280","126.280","126.280","","0.02%"
"08/24/2007","126.250","126.250","126.250","126.250","","-0.06%"
"08/23/2007","126.320","126.320","126.320","126.320","","0.06%"
"08/22/2007","126.250","126.250","126.250","126.250","","0.16%"
"08/21/2007","126.050","126.050","126.050","126.050","","-0.18%"
"08/20/2007","126.280","126.280","126.280","126.280","","0.26%"
"08/17/2007","125.950","125.950","125.950","125.950","","-0.08%"
"08/16/2007","126.050","126.050","126.050","126.050","","-0.19%"
"08/15/2007","126.290","126.290","126.290","126.290","","0.03%"
"08/14/2007","126.250","126.250","126.250","126.250","","-0.49%"
"08/13/2007","126.870","126.870","126.870","126.870","","-0.05%"
"08/10/2007","126.930","126.930","126.930","126.930","","0.02%"
"08/09/2007","126.900","126.900","126.900","126.900","","0.00%"
"08/08/2007","126.900","126.900","126.900","126.900","","0.08%"
"08/07/2007","126.800","126.800","126.800","126.800","","-0.16%"
"08/06/2007","127.000","127.000","127.000","127.000","","-0.02%"
"08/03/2007","127.030","127.030","127.030","127.030","","-0.02%"
"08/02/2007","127.060","127.060","127.060","127.060","","0.05%"
"08/01/2007","127.000","127.000","127.000","127.000","","0.16%"
"07/31/2007","126.800","126.800","126.800","126.800","","-0.24%"
"07/30/2007","127.110","127.110","127.110","127.110","","0.28%"
"07/27/2007","126.750","126.750","126.750","126.750","","-0.20%"
"07/26/2007","127.000","127.000","127.000","127.000","","-0.04%"
"07/25/2007","127.050","127.050","127.050","127.050","","-0.04%"
"07/24/2007","127.100","127.100","127.100","127.100","","0.28%"
"07/23/2007","126.750","126.750","126.750","126.750","","0.00%"
"07/20/2007","126.750","126.750","126.750","126.750","","-0.08%"
"07/19/2007","126.850","126.850","126.850","126.850","","0.24%"
"07/18/2007","126.550","126.550","126.550","126.550","","-0.08%"
"07/17/2007","126.650","126.650","126.650","126.650","","-0.08%"
"07/16/2007","126.750","126.750","126.750","126.750","","-0.04%"
"07/13/2007","126.800","126.800","126.800","126.800","","0.00%"
"07/12/2007","126.800","126.800","126.800","126.800","","-0.20%"
"07/11/2007","127.050","127.050","127.050","127.050","","-0.16%"
"07/10/2007","127.250","127.250","127.250","127.250","","0.12%"
"07/09/2007","127.100","127.100","127.100","127.100","","-0.04%"
"07/06/2007","127.150","127.150","127.150","127.150","","0.08%"
"07/05/2007","127.050","127.050","127.050","127.050","","-0.04%"
"07/04/2007","127.100","127.100","127.100","127.100","","0.08%"
"07/03/2007","127.000","127.000","127.000","127.000","","-0.12%"
"07/02/2007","127.150","127.150","127.150","127.150","","0.04%"
"06/29/2007","127.100","127.100","127.100","127.100","","-0.04%"
"06/28/2007","127.150","127.150","127.150","127.150","","-0.04%"
"06/27/2007","127.200","127.200","127.200","127.200","","-0.04%"
"06/26/2007","127.250","127.250","127.250","127.250","","0.04%"
"06/25/2007","127.200","127.200","127.200","127.200","","-0.04%"
"06/22/2007","127.250","127.250","127.250","127.250","","-0.08%"
"06/21/2007","127.350","127.350","127.350","127.350","","-0.04%"
"06/20/2007","127.400","127.400","127.400","127.400","","-0.02%"
"06/19/2007","127.430","127.430","127.430","127.430","","0.02%"
"06/18/2007","127.400","127.400","127.400","127.400","","0.04%"
"06/15/2007","127.350","127.350","127.350","127.350","","-0.06%"
"06/14/2007","127.430","127.430","127.430","127.430","","0.02%"
"06/13/2007","127.400","127.400","127.400","127.400","","0.12%"
"06/12/2007","127.250","127.250","127.250","127.250","","-0.07%"
"06/11/2007","127.340","127.340","127.340","127.340","","-0.05%"
"06/08/2007","127.400","127.400","127.400","127.400","","0.00%"
"06/07/2007","127.400","127.400","127.400","127.400","","0.08%"
"06/06/2007","127.300","127.300","127.300","127.300","","-0.06%"
"06/05/2007","127.380","127.380","127.380","127.380","","-0.02%"
"06/04/2007","127.400","127.400","127.400","127.400","","-0.04%"
"06/01/2007","127.450","127.450","127.450","127.450","","-0.04%"
"05/31/2007","127.500","127.500","127.500","127.500","","0.10%"
"05/30/2007","127.370","127.370","127.370","127.370","","-0.05%"
"05/29/2007","127.430","127.430","127.430","127.430","","-0.02%"
"05/28/2007","127.450","127.450","127.450","127.450","","0.04%"
"05/25/2007","127.400","127.400","127.400","127.400","","0.00%"
"05/24/2007","127.400","127.400","127.400","127.400","","0.00%"
"05/23/2007","127.400","127.400","127.400","127.400","","0.04%"
"05/22/2007","127.350","127.350","127.350","127.350","","0.04%"
"05/21/2007","127.300","127.300","127.300","127.300","","-0.22%"
"05/18/2007","127.580","127.580","127.580","127.580","","0.10%"
"05/17/2007","127.450","127.450","127.450","127.450","","-0.01%"
"05/16/2007","127.460","127.460","127.460","127.460","","0.03%"
"05/15/2007","127.420","127.420","127.420","127.420","","-0.12%"
"05/14/2007","127.570","127.570","127.570","127.570","","0.11%"
"05/11/2007","127.430","127.430","127.430","127.430","","-0.02%"
"05/10/2007","127.450","127.450","127.450","127.450","","0.04%"
"05/09/2007","127.400","127.400","127.400","127.400","","0.04%"
"05/08/2007","127.350","127.350","127.350","127.350","","-0.12%"
"05/07/2007","127.500","127.500","127.500","127.500","","0.20%"
"05/04/2007","127.250","127.250","127.250","127.250","","-0.04%"
"05/03/2007","127.300","127.300","127.300","127.300","","0.20%"
"05/02/2007","127.050","127.050","127.050","127.050","","-0.12%"
"05/01/2007","127.200","127.200","127.200","127.200","","-0.16%"
"04/30/2007","127.400","127.400","127.400","127.400","","0.20%"
"04/27/2007","127.150","127.150","127.150","127.150","","-0.04%"
"04/26/2007","127.200","127.200","127.200","127.200","","0.00%"
"04/25/2007","127.200","127.200","127.200","127.200","","-0.39%"
"04/24/2007","127.700","127.700","127.700","127.700","","-0.16%"
"04/23/2007","127.900","127.900","127.900","127.900","","0.08%"
"04/20/2007","127.800","127.800","127.800","127.800","","-0.04%"
"04/19/2007","127.850","127.850","127.850","127.850","","-0.13%"
"04/18/2007","128.020","128.020","128.020","128.020","","0.21%"
"04/17/2007","127.750","127.750","127.750","127.750","","-0.23%"
"04/16/2007","128.050","128.050","128.050","128.050","","0.23%"
"04/13/2007","127.750","127.750","127.750","127.750","","-0.23%"
"04/12/2007","128.050","128.050","128.050","128.050","","0.08%"
"04/11/2007","127.950","127.950","127.950","127.950","","-0.12%"
"04/10/2007","128.100","128.100","128.100","128.100","","0.23%"
"04/09/2007","127.800","127.800","127.800","127.800","","0.00%"
"04/06/2007","127.800","127.800","127.800","127.800","","0.00%"
"04/05/2007","127.800","127.800","127.800","127.800","","-0.16%"
"04/04/2007","128.000","128.000","128.000","128.000","","0.00%"
"04/03/2007","128.000","128.000","128.000","128.000","","0.23%"
"04/02/2007","127.700","127.700","127.700","127.700","","-0.08%"
"03/30/2007","127.800","127.800","127.800","127.800","","-0.16%"
"03/29/2007","128.000","128.000","128.000","128.000","","0.00%"
"03/28/2007","128.000","128.000","128.000","128.000","","0.00%"
"03/27/2007","128.000","128.000","128.000","128.000","","0.16%"
"03/26/2007","127.800","127.800","127.800","127.800","","-0.23%"
"03/23/2007","128.100","128.100","128.100","128.100","","0.00%"
"03/22/2007","128.100","128.100","128.100","128.100","","0.12%"
"03/21/2007","127.950","127.950","127.950","127.950","","-0.16%"
"03/20/2007","128.150","128.150","128.150","128.150","","0.12%"
"03/19/2007","128.000","128.000","128.000","128.000","","0.00%"
"03/16/2007","128.000","128.000","128.000","128.000","","0.00%"
"03/15/2007","128.000","128.000","128.000","128.000","","0.00%"
"03/14/2007","128.000","128.000","128.000","128.000","","-0.08%"
"03/13/2007","128.100","128.100","128.100","128.100","","0.00%"
"03/12/2007","128.100","128.100","128.100","128.100","","-0.08%"
"03/09/2007","128.200","128.200","128.200","128.200","","0.08%"
"03/08/2007","128.100","128.100","128.100","128.100","","-0.08%"
"03/07/2007","128.200","128.200","128.200","128.200","","0.12%"
"03/06/2007","128.050","128.050","128.050","128.050","","0.02%"
"03/05/2007","128.030","128.030","128.030","128.030","","-0.02%"
"03/02/2007","128.050","128.050","128.050","128.050","","-0.08%"
"03/01/2007","128.150","128.150","128.150","128.150","","0.04%"
"02/28/2007","128.100","128.100","128.100","128.100","","0.12%"
"02/27/2007","127.950","127.950","127.950","127.950","","-0.12%"
"02/26/2007","128.100","128.100","128.100","128.100","","-0.03%"
"02/23/2007","128.140","128.140","128.140","128.140","","-0.01%"
"02/22/2007","128.150","128.150","128.150","128.150","","0.12%"
"02/21/2007","128.000","128.000","128.000","128.000","","0.04%"
"02/20/2007","127.950","127.950","127.950","127.950","","0.04%"
"02/19/2007","127.900","127.900","127.900","127.900","","0.00%"
"02/16/2007","127.900","127.900","127.900","127.900","","-0.10%"
"02/15/2007","128.030","128.030","128.030","128.030","","-0.02%"
"02/14/2007","128.050","128.050","128.050","128.050","","-0.04%"
"02/13/2007","128.100","128.100","128.100","128.100","","0.12%"
"02/12/2007","127.950","127.950","127.950","127.950","","-0.04%"
"02/09/2007","128.000","128.000","128.000","128.000","","0.00%"
"02/08/2007","128.000","128.000","128.000","128.000","","0.08%"
"02/07/2007","127.900","127.900","127.900","127.900","","-0.04%"
"02/06/2007","127.950","127.950","127.950","127.950","","-0.04%"
"02/05/2007","128.000","128.000","128.000","128.000","","0.04%"
"02/02/2007","127.950","127.950","127.950","127.950","","-0.12%"
"02/01/2007","128.100","128.100","128.100","128.100","","0.08%"
"01/31/2007","128.000","128.000","128.000","128.000","","-0.04%"
"01/30/2007","128.050","128.050","128.050","128.050","","0.16%"
"01/29/2007","127.850","127.850","127.850","127.850","","0.00%"
"01/26/2007","127.850","127.850","127.850","127.850","","0.04%"
"01/25/2007","127.800","127.800","127.800","127.800","","-0.08%"
"01/24/2007","127.900","127.900","127.900","127.900","","0.08%"
"01/23/2007","127.800","127.800","127.800","127.800","","-0.12%"
"01/22/2007","127.950","127.950","127.950","127.950","","0.01%"
"01/19/2007","127.940","127.940","127.940","127.940","","-0.01%"
"01/18/2007","127.950","127.950","127.950","127.950","","0.00%"
"01/17/2007","127.950","127.950","127.950","127.950","","-0.02%"
"01/16/2007","127.980","127.980","127.980","127.980","","0.06%"
"01/15/2007","127.900","127.900","127.900","127.900","","-0.09%"
"01/12/2007","128.020","128.020","128.020","128.020","","0.02%"
"01/11/2007","128.000","128.000","128.000","128.000","","0.39%"
"01/10/2007","127.500","127.500","127.500","127.500","","-0.43%"
"01/09/2007","128.050","128.050","128.050","128.050","","0.04%"
"01/08/2007","128.000","128.000","128.000","128.000","","0.00%"
"01/05/2007","128.000","128.000","128.000","128.000","","0.08%"
"01/04/2007","127.900","127.900","127.900","127.900","","-0.08%"
"01/03/2007","128.000","128.000","128.000","128.000","","0.00%"
"01/02/2007","128.000","128.000","128.000","128.000","","-0.23%"
"01/01/2007","128.300","128.300","128.300","128.300","","0.00%"
"12/29/2006","128.300","128.300","128.300","128.300","","0.23%"
"12/28/2006","128.000","128.000","128.000","128.000","","-0.08%"
"12/27/2006","128.100","128.100","128.100","128.100","","0.08%"
"12/26/2006","128.000","128.000","128.000","128.000","","0.00%"
"12/25/2006","128.000","128.000","128.000","128.000","","0.00%"
"12/22/2006","128.000","128.000","128.000","128.000","","-0.08%"
"12/21/2006","128.100","128.100","128.100","128.100","","0.12%"
"12/20/2006","127.950","127.950","127.950","127.950","","-0.04%"
"12/19/2006","128.000","128.000","128.000","128.000","","0.00%"
"12/18/2006","128.000","128.000","128.000","128.000","","-0.08%"
"12/15/2006","128.100","128.100","128.100","128.100","","0.08%"
"12/14/2006","128.000","128.000","128.000","128.000","","-0.08%"
"12/13/2006","128.100","128.100","128.100","128.100","","0.08%"
"12/12/2006","128.000","128.000","128.000","128.000","","0.08%"
"12/11/2006","127.900","127.900","127.900","127.900","","-0.12%"
"12/08/2006","128.050","128.050","128.050","128.050","","0.04%"
"12/07/2006","128.000","128.000","128.000","128.000","","0.00%"
"12/06/2006","128.000","128.000","128.000","128.000","","0.00%"
"12/05/2006","128.000","128.000","128.000","128.000","","0.20%"
"12/04/2006","127.750","127.750","127.750","127.750","","-0.12%"
"12/01/2006","127.900","127.900","127.900","127.900","","0.00%"
"11/30/2006","127.900","127.900","127.900","127.900","","-0.08%"
"11/29/2006","128.000","128.000","128.000","128.000","","0.39%"
"11/28/2006","127.500","127.500","127.500","127.500","","0.00%"
"11/27/2006","127.500","127.500","127.500","127.500","","-0.23%"
"11/24/2006","127.800","127.800","127.800","127.800","","0.04%"
"11/23/2006","127.750","127.750","127.750","127.750","","-0.04%"
"11/22/2006","127.800","127.800","127.800","127.800","","0.24%"
"11/21/2006","127.500","127.500","127.500","127.500","","0.00%"
"11/20/2006","127.500","127.500","127.500","127.500","","-0.25%"
"11/17/2006","127.820","127.820","127.820","127.820","","0.05%"
"11/16/2006","127.750","127.750","127.750","127.750","","-0.04%"
"11/15/2006","127.800","127.800","127.800","127.800","","0.04%"
"11/14/2006","127.750","127.750","127.750","127.750","","-0.31%"
"11/13/2006","128.150","128.150","128.150","128.150","","-0.04%"
"11/10/2006","128.200","128.200","128.200","128.200","","0.04%"
"11/09/2006","128.150","128.150","128.150","128.150","","-0.01%"
"11/08/2006","128.160","128.160","128.160","128.160","","0.01%"
"11/07/2006","128.150","128.150","128.150","128.150","","0.20%"
"11/06/2006","127.900","127.900","127.900","127.900","","-0.27%"
"11/03/2006","128.250","128.250","128.250","128.250","","0.39%"
"11/02/2006","127.750","127.750","127.750","127.750","","-0.39%"
"11/01/2006","128.250","128.250","128.250","128.250","","0.27%"
"10/31/2006","127.900","127.900","127.900","127.900","","-0.04%"
"10/30/2006","127.950","127.950","127.950","127.950","","0.04%"
"10/27/2006","127.900","127.900","127.900","127.900","","0.12%"
"10/26/2006","127.750","127.750","127.750","127.750","","-0.12%"
"10/25/2006","127.900","127.900","127.900","127.900","","0.04%"
"10/24/2006","127.850","127.850","127.850","127.850","","0.00%"
"10/23/2006","127.850","127.850","127.850","127.850","","0.08%"
"10/20/2006","127.750","127.750","127.750","127.750","","-0.12%"
"10/19/2006","127.900","127.900","127.900","127.900","","-0.16%"
"10/18/2006","128.100","128.100","128.100","128.100","","0.16%"
"10/17/2006","127.900","127.900","127.900","127.900","","-0.08%"
"10/16/2006","128.000","128.000","128.000","128.000","","0.16%"
"10/13/2006","127.800","127.800","127.800","127.800","","-0.08%"
"10/12/2006","127.900","127.900","127.900","127.900","","0.31%"
"10/11/2006","127.500","127.500","127.500","127.500","","-0.31%"
"10/10/2006","127.900","127.900","127.900","127.900","","-0.16%"
"10/09/2006","128.100","128.100","128.100","128.100","","0.16%"
"10/06/2006","127.900","127.900","127.900","127.900","","0.31%"
"10/05/2006","127.500","127.500","127.500","127.500","","-0.31%"
"10/04/2006","127.900","127.900","127.900","127.900","","-0.04%"
"10/03/2006","127.950","127.950","127.950","127.950","","0.04%"
"10/02/2006","127.900","127.900","127.900","127.900","","-0.08%"
"09/29/2006","128.000","128.000","128.000","128.000","","0.08%"
"09/28/2006","127.900","127.900","127.900","127.900","","-0.08%"
"09/27/2006","128.000","128.000","128.000","128.000","","0.16%"
"09/26/2006","127.800","127.800","127.800","127.800","","0.04%"
"09/25/2006","127.750","127.750","127.750","127.750","","0.00%"
"09/22/2006","127.750","127.750","127.750","127.750","","0.04%"
"09/21/2006","127.700","127.700","127.700","127.700","","-0.08%"
"09/20/2006","127.800","127.800","127.800","127.800","","-0.04%"
"09/19/2006","127.850","127.850","127.850","127.850","","-0.23%"
"09/18/2006","128.150","128.150","128.150","128.150","","0.16%"
"09/15/2006","127.950","127.950","127.950","127.950","","0.27%"
"09/14/2006","127.600","127.600","127.600","127.600","","-0.23%"
"09/13/2006","127.900","127.900","127.900","127.900","","0.04%"
"09/12/2006","127.850","127.850","127.850","127.850","","-0.04%"
"09/11/2006","127.900","127.900","127.900","127.900","","0.04%"
"09/08/2006","127.850","127.850","127.850","127.850","","-0.04%"
"09/07/2006","127.900","127.900","127.900","127.900","","0.04%"
"09/06/2006","127.850","127.850","127.850","127.850","","-0.04%"
"09/05/2006","127.900","127.900","127.900","127.900","","0.04%"
"09/04/2006","127.850","127.850","127.850","127.850","","0.08%"
"09/01/2006","127.750","127.750","127.750","127.750","","-0.12%"
"08/31/2006","127.900","127.900","127.900","127.900","","0.04%"
"08/30/2006","127.850","127.850","127.850","127.850","","-0.20%"
"08/29/2006","128.100","128.100","128.100","128.100","","-0.04%"
"08/28/2006","128.150","128.150","128.150","128.150","","0.04%"
"08/25/2006","128.100","128.100","128.100","128.100","","0.27%"
"08/24/2006","127.750","127.750","127.750","127.750","","-0.27%"
"08/23/2006","128.100","128.100","128.100","128.100","","0.31%"
"08/22/2006","127.700","127.700","127.700","127.700","","-0.31%"
"08/21/2006","128.100","128.100","128.100","128.100","","0.23%"
"08/18/2006","127.800","127.800","127.800","127.800","","0.04%"
"08/17/2006","127.750","127.750","127.750","127.750","","0.20%"
"08/16/2006","127.500","127.500","127.500","127.500","","0.00%"
"08/15/2006","127.500","127.500","127.500","127.500","","0.00%"
"08/14/2006","127.500","127.500","127.500","127.500","","-0.23%"
"08/11/2006","127.800","127.800","127.800","127.800","","-0.04%"
"08/10/2006","127.850","127.850","127.850","127.850","","0.08%"
"08/09/2006","127.750","127.750","127.750","127.750","","0.12%"
"08/08/2006","127.600","127.600","127.600","127.600","","-0.12%"
"08/07/2006","127.750","127.750","127.750","127.750","","-0.04%"
"08/04/2006","127.800","127.800","127.800","127.800","","-0.04%"
"08/03/2006","127.850","127.850","127.850","127.850","","0.27%"
"08/02/2006","127.500","127.500","127.500","127.500","","-0.39%"
"08/01/2006","128.000","128.000","128.000","128.000","","0.08%"
"07/31/2006","127.900","127.900","127.900","127.900","","-0.23%"
"07/28/2006","128.200","128.200","128.200","128.200","","0.55%"
"07/27/2006","127.500","127.500","127.500","127.500","","0.00%"
"07/26/2006","127.500","127.500","127.500","127.500","","-0.20%"
"07/25/2006","127.750","127.750","127.750","127.750","","0.20%"
"07/24/2006","127.500","127.500","127.500","127.500","","-0.39%"
"07/21/2006","128.000","128.000","128.000","128.000","","0.39%"
"07/20/2006","127.500","127.500","127.500","127.500","","0.00%"
"07/19/2006","127.500","127.500","127.500","127.500","","0.00%"
"07/18/2006","127.500","127.500","127.500","127.500","","0.00%"
"07/17/2006","127.500","127.500","127.500","127.500","","-0.20%"
"07/14/2006","127.750","127.750","127.750","127.750","","0.20%"
"07/13/2006","127.500","127.500","127.500","127.500","","-0.23%"
"07/12/2006","127.800","127.800","127.800","127.800","","0.24%"
"07/11/2006","127.500","127.500","127.500","127.500","","0.00%"
"07/10/2006","127.500","127.500","127.500","127.500","","0.00%"
"07/07/2006","127.500","127.500","127.500","127.500","","-0.08%"
"07/06/2006","127.600","127.600","127.600","127.600","","0.08%"
"07/05/2006","127.500","127.500","127.500","127.500","","-0.23%"
"07/04/2006","127.800","127.800","127.800","127.800","","-0.12%"
"07/03/2006","127.950","127.950","127.950","127.950","","0.35%"
"06/30/2006","127.500","127.500","127.500","127.500","","0.00%"
"06/29/2006","127.500","127.500","127.500","127.500","","-0.51%"
"06/28/2006","128.150","128.150","128.150","128.150","","0.04%"
"06/27/2006","128.100","128.100","128.100","128.100","","0.47%"
"06/26/2006","127.500","127.500","127.500","127.500","","-0.47%"
"06/23/2006","128.100","128.100","128.100","128.100","","0.47%"
"06/22/2006","127.500","127.500","127.500","127.500","","-0.51%"
"06/21/2006","128.150","128.150","128.150","128.150","","0.04%"
"06/20/2006","128.100","128.100","128.100","128.100","","0.00%"
"06/19/2006","128.100","128.100","128.100","128.100","","0.47%"
"06/16/2006","127.500","127.500","127.500","127.500","","-0.55%"
"06/15/2006","128.200","128.200","128.200","128.200","","0.47%"
"06/14/2006","127.600","127.600","127.600","127.600","","0.08%"
"06/13/2006","127.500","127.500","127.500","127.500","","-0.39%"
"06/12/2006","128.000","128.000","128.000","128.000","","0.39%"
"06/09/2006","127.500","127.500","127.500","127.500","","-0.55%"
"06/08/2006","128.200","128.200","128.200","128.200","","0.94%"
"06/07/2006","127.000","127.000","127.000","127.000","","-0.78%"
"06/06/2006","128.000","128.000","128.000","128.000","","0.39%"
"06/05/2006","127.500","127.500","127.500","127.500","","-0.39%"
"06/02/2006","128.000","128.000","128.000","128.000","","-0.27%"
"06/01/2006","128.350","128.350","128.350","128.350","","0.27%"
"05/31/2006","128.000","128.000","128.000","128.000","","-0.31%"
"05/30/2006","128.400","128.400","128.400","128.400","","0.31%"
"05/29/2006","128.000","128.000","128.000","128.000","","-0.08%"
"05/26/2006","128.100","128.100","128.100","128.100","","0.16%"
"05/25/2006","127.900","127.900","127.900","127.900","","0.31%"
"05/24/2006","127.500","127.500","127.500","127.500","","0.00%"
"05/23/2006","127.500","127.500","127.500","127.500","","0.00%"
"05/22/2006","127.500","127.500","127.500","127.500","","0.00%"
"05/19/2006","127.500","127.500","127.500","127.500","","0.00%"
"05/18/2006","127.500","127.500","127.500","127.500","","-0.23%"
"05/17/2006","127.800","127.800","127.800","127.800","","0.24%"
"05/16/2006","127.500","127.500","127.500","127.500","","0.00%"
"05/15/2006","127.500","127.500","127.500","127.500","","0.20%"
"05/12/2006","127.250","127.250","127.250","127.250","","-0.78%"
"05/11/2006","128.250","128.250","128.250","128.250","","0.59%"
"05/10/2006","127.500","127.500","127.500","127.500","","-0.39%"
"05/09/2006","128.000","128.000","128.000","128.000","","0.63%"
"05/08/2006","127.200","127.200","127.200","127.200","","-0.39%"
"05/05/2006","127.700","127.700","127.700","127.700","","-0.43%"
"05/04/2006","128.250","128.250","128.250","128.250","","0.59%"
"05/03/2006","127.500","127.500","127.500","127.500","","0.00%"
"05/02/2006","127.500","127.500","127.500","127.500","","0.20%"
"05/01/2006","127.250","127.250","127.250","127.250","","0.00%"
"04/28/2006","127.250","127.250","127.250","127.250","","-0.20%"
"04/27/2006","127.500","127.500","127.500","127.500","","-0.58%"
"04/26/2006","128.250","128.250","128.250","128.250","","0.59%"
"04/25/2006","127.500","127.500","127.500","127.500","","0.20%"
"04/24/2006","127.250","127.250","127.250","127.250","","-0.20%"
"04/21/2006","127.500","127.500","127.500","127.500","","0.00%"
"04/20/2006","127.500","127.500","127.500","127.500","","-0.47%"
"04/19/2006","128.100","128.100","128.100","128.100","","-0.08%"
"04/18/2006","128.200","128.200","128.200","128.200","","0.55%"
"04/17/2006","127.500","127.500","127.500","127.500","","0.00%"
"04/14/2006","127.500","127.500","127.500","127.500","","0.00%"
"04/13/2006","127.500","127.500","127.500","127.500","","-0.66%"
"04/12/2006","128.350","128.350","128.350","128.350","","0.86%"
"04/11/2006","127.250","127.250","127.250","127.250","","-0.20%"
"04/10/2006","127.500","127.500","127.500","127.500","","0.20%"
"04/07/2006","127.250","127.250","127.250","127.250","","0.00%"
"04/06/2006","127.250","127.250","127.250","127.250","","-1.01%"
"04/05/2006","128.550","128.550","128.550","128.550","","1.06%"
"04/04/2006","127.200","127.200","127.200","127.200","","-0.04%"
"04/03/2006","127.250","127.250","127.250","127.250","","-0.20%"
"03/31/2006","127.500","127.500","127.500","127.500","","0.00%"
"03/30/2006","127.500","127.500","127.500","127.500","","0.39%"
"03/29/2006","127.000","127.000","127.000","127.000","","-0.39%"
"03/28/2006","127.500","127.500","127.500","127.500","","0.00%"
"03/27/2006","127.500","127.500","127.500","127.500","","0.00%"
"03/24/2006","127.500","127.500","127.500","127.500","","0.08%"
"03/23/2006","127.400","127.400","127.400","127.400","","0.12%"
"03/22/2006","127.250","127.250","127.250","127.250","","0.04%"
"03/21/2006","127.200","127.200","127.200","127.200","","-0.24%"
"03/20/2006","127.500","127.500","127.500","127.500","","0.00%"
"03/17/2006","127.500","127.500","127.500","127.500","","0.39%"
"03/16/2006","127.000","127.000","127.000","127.000","","-0.16%"
"03/15/2006","127.200","127.200","127.200","127.200","","-0.90%"
"03/14/2006","128.350","128.350","128.350","128.350","","0.82%"
"03/13/2006","127.300","127.300","127.300","127.300","","-0.04%"
"03/10/2006","127.350","127.350","127.350","127.350","","-0.93%"
"03/09/2006","128.550","128.550","128.550","128.550","","1.62%"
"03/08/2006","126.500","126.500","126.500","126.500","","-1.17%"
"03/07/2006","128.000","128.000","128.000","128.000","","-0.51%"
"03/06/2006","128.650","128.650","128.650","128.650","","0.51%"
"03/03/2006","128.000","128.000","128.000","128.000","","0.59%"
"03/02/2006","127.250","127.250","127.250","127.250","","-0.20%"
"03/01/2006","127.500","127.500","127.500","127.500","","0.00%"
"02/28/2006","127.500","127.500","127.500","127.500","","0.39%"
"02/27/2006","127.000","127.000","127.000","127.000","","0.00%"
"02/24/2006","127.000","127.000","127.000","127.000","","-0.78%"
"02/23/2006","128.000","128.000","128.000","128.000","","-0.31%"
"02/22/2006","128.400","128.400","128.400","128.400","","0.31%"
"02/21/2006","128.000","128.000","128.000","128.000","","0.00%"
"02/20/2006","128.000","128.000","128.000","128.000","","0.00%"
"02/17/2006","128.000","128.000","128.000","128.000","","-0.78%"
"02/16/2006","129.000","129.000","129.000","129.000","","0.39%"
"02/15/2006","128.500","128.500","128.500","128.500","","0.00%"
"02/14/2006","128.500","128.500","128.500","128.500","","0.00%"
"02/13/2006","128.500","128.500","128.500","128.500","","-0.19%"
"02/10/2006","128.750","128.750","128.750","128.750","","0.19%"
"02/09/2006","128.500","128.500","128.500","128.500","","0.00%"
"02/08/2006","128.500","128.500","128.500","128.500","","0.00%"
"02/07/2006","128.500","128.500","128.500","128.500","","0.39%"
"02/06/2006","128.000","128.000","128.000","128.000","","0.39%"
"02/03/2006","127.500","127.500","127.500","127.500","","-0.62%"
"02/02/2006","128.300","128.300","128.300","128.300","","1.02%"
"02/01/2006","127.000","127.000","127.000","127.000","","-0.39%"
"01/31/2006","127.500","127.500","127.500","127.500","","0.00%"
"01/30/2006","127.500","127.500","127.500","127.500","","-0.93%"
"01/27/2006","128.700","128.700","128.700","128.700","","0.94%"
"01/26/2006","127.500","127.500","127.500","127.500","","0.00%"
"01/25/2006","127.500","127.500","127.500","127.500","","0.20%"
"01/24/2006","127.250","127.250","127.250","127.250","","-1.89%"
"01/23/2006","129.700","129.700","129.700","129.700","","0.15%"
"01/20/2006","129.500","129.500","129.500","129.500","","0.58%"
"01/19/2006","128.750","128.750","128.750","128.750","","1.38%"
"01/18/2006","127.000","127.000","127.000","127.000","","0.00%"
"01/17/2006","127.000","127.000","127.000","127.000","","0.00%"
"01/16/2006","127.000","127.000","127.000","127.000","","0.00%"
"01/13/2006","127.000","127.000","127.000","127.000","","0.00%"
"01/12/2006","127.000","127.000","127.000","127.000","","-0.94%"
"01/11/2006","128.200","128.200","128.200","128.200","","0.16%"
"01/10/2006","128.000","128.000","128.000","128.000","","0.79%"
"01/09/2006","127.000","127.000","127.000","127.000","","-0.78%"
"01/06/2006","128.000","128.000","128.000","128.000","","0.00%"
"01/05/2006","128.000","128.000","128.000","128.000","","0.00%"
"01/04/2006","128.000","128.000","128.000","128.000","","-0.39%"
"01/03/2006","128.500","128.500","128.500","128.500","","-1.31%"
"01/02/2006","130.200","130.200","130.200","130.200","","0.00%"
"12/30/2005","130.200","130.200","130.200","130.200","","1.32%"
"12/29/2005","128.500","128.500","128.500","128.500","","-1.27%"
"12/28/2005","130.150","130.150","130.150","130.150","","1.28%"
"12/27/2005","128.500","128.500","128.500","128.500","","0.00%"
"12/26/2005","128.500","128.500","128.500","128.500","","0.00%"
"12/23/2005","128.500","128.500","128.500","128.500","","0.00%"
"12/22/2005","128.500","128.500","128.500","128.500","","0.00%"
"12/21/2005","128.500","128.500","128.500","128.500","","0.39%"
"12/20/2005","128.000","128.000","128.000","128.000","","0.00%"
"12/19/2005","128.000","128.000","128.000","128.000","","0.00%"
"12/16/2005","128.000","128.000","128.000","128.000","","0.59%"
"12/15/2005","127.250","127.250","127.250","127.250","","0.00%"
"12/14/2005","127.250","127.250","127.250","127.250","","-1.74%"
"12/13/2005","129.500","129.500","129.500","129.500","","0.23%"
"12/12/2005","129.200","129.200","129.200","129.200","","0.04%"
"12/09/2005","129.150","129.150","129.150","129.150","","0.51%"
"12/08/2005","128.500","128.500","128.500","128.500","","0.39%"
"12/07/2005","128.000","128.000","128.000","128.000","","0.00%"
"12/06/2005","128.000","128.000","128.000","128.000","","0.00%"
"12/05/2005","128.000","128.000","128.000","128.000","","-0.39%"
"12/02/2005","128.500","128.500","128.500","128.500","","-0.39%"
"12/01/2005","129.000","129.000","129.000","129.000","","0.00%"
"11/30/2005","129.000","129.000","129.000","129.000","","0.00%"
"11/29/2005","129.000","129.000","129.000","129.000","","0.39%"
"11/28/2005","128.500","128.500","128.500","128.500","","-0.77%"
"11/25/2005","129.500","129.500","129.500","129.500","","-0.50%"
"11/24/2005","130.150","130.150","130.150","130.150","","0.50%"
"11/23/2005","129.500","129.500","129.500","129.500","","0.00%"
"11/22/2005","129.500","129.500","129.500","129.500","","0.19%"
"11/21/2005","129.250","129.250","129.250","129.250","","-1.00%"
"11/18/2005","130.550","130.550","130.550","130.550","","1.01%"
"11/17/2005","129.250","129.250","129.250","129.250","","-0.96%"
"11/16/2005","130.500","130.500","130.500","130.500","","0.97%"
"11/15/2005","129.250","129.250","129.250","129.250","","-1.11%"
"11/14/2005","130.700","130.700","130.700","130.700","","1.12%"
"11/11/2005","129.250","129.250","129.250","129.250","","-0.96%"
"11/10/2005","130.500","130.500","130.500","130.500","","1.48%"
"11/09/2005","128.600","128.600","128.600","128.600","","0.47%"
"11/08/2005","128.000","128.000","128.000","128.000","","-0.39%"
"11/07/2005","128.500","128.500","128.500","128.500","","-1.80%"
"11/04/2005","130.850","130.850","130.850","130.850","","1.59%"
"11/03/2005","128.800","128.800","128.800","128.800","","-0.16%"
"11/02/2005","129.000","129.000","129.000","129.000","","0.00%"
"11/01/2005","129.000","129.000","129.000","129.000","","-0.19%"
"10/31/2005","129.250","129.250","129.250","129.250","","-0.19%"
"10/28/2005","129.500","129.500","129.500","129.500","","0.39%"
"10/27/2005","129.000","129.000","129.000","129.000","","-0.15%"
"10/26/2005","129.200","129.200","129.200","129.200","","-0.23%"
"10/25/2005","129.500","129.500","129.500","129.500","","0.00%"
"10/24/2005","129.500","129.500","129.500","129.500","","-0.96%"
"10/21/2005","130.750","130.750","130.750","130.750","","0.04%"
"10/20/2005","130.700","130.700","130.700","130.700","","0.00%"
"10/19/2005","130.700","130.700","130.700","130.700","","1.32%"
"10/18/2005","129.000","129.000","129.000","129.000","","0.39%"
"10/17/2005","128.500","128.500","128.500","128.500","","0.00%"
"10/14/2005","128.500","128.500","128.500","128.500","","-0.31%"
"10/13/2005","128.900","128.900","128.900","128.900","","0.31%"
"10/12/2005","128.500","128.500","128.500","128.500","","0.00%"
"10/11/2005","128.500","128.500","128.500","128.500","","0.00%"
"10/10/2005","128.500","128.500","128.500","128.500","","0.00%"
"10/07/2005","128.500","128.500","128.500","128.500","","0.00%"
"10/06/2005","128.500","128.500","128.500","128.500","","-0.39%"
"10/05/2005","129.000","129.000","129.000","129.000","","0.39%"
"10/04/2005","128.500","128.500","128.500","128.500","","0.00%"
"10/03/2005","128.500","128.500","128.500","128.500","","0.00%"
"09/30/2005","128.500","128.500","128.500","128.500","","0.00%"
"09/29/2005","128.500","128.500","128.500","128.500","","-1.76%"
"09/28/2005","130.800","130.800","130.800","130.800","","0.62%"
"09/27/2005","130.000","130.000","130.000","130.000","","-0.27%"
"09/26/2005","130.350","130.350","130.350","130.350","","-1.36%"
"09/23/2005","132.150","132.150","132.150","132.150","","0.23%"
"09/22/2005","131.850","131.850","131.850","131.850","","2.21%"
"09/21/2005","129.000","129.000","129.000","129.000","","0.00%"
"09/20/2005","129.000","129.000","129.000","129.000","","-0.77%"
"09/19/2005","130.000","130.000","130.000","130.000","","-0.23%"
"09/16/2005","130.300","130.300","130.300","130.300","","0.23%"
"09/15/2005","130.000","130.000","130.000","130.000","","-0.76%"
"09/14/2005","131.000","131.000","131.000","131.000","","0.73%"
"09/13/2005","130.050","130.050","130.050","130.050","","-0.34%"
"09/12/2005","130.500","130.500","130.500","130.500","","0.38%"
"09/09/2005","130.000","130.000","130.000","130.000","","0.00%"
"09/08/2005","130.000","130.000","130.000","130.000","","-0.76%"
"09/07/2005","131.000","131.000","131.000","131.000","","1.51%"
"09/06/2005","129.050","129.050","129.050","129.050","","-1.86%"
"09/05/2005","131.500","131.500","131.500","131.500","","-1.57%"
"09/02/2005","133.600","133.600","133.600","133.600","","2.57%"
"09/01/2005","130.250","130.250","130.250","130.250","","0.00%"
"08/31/2005","130.250","130.250","130.250","130.250","","-0.19%"
"08/30/2005","130.500","130.500","130.500","130.500","","-0.87%"
"08/29/2005","131.650","131.650","131.650","131.650","","0.46%"
"08/26/2005","131.050","131.050","131.050","131.050","","0.04%"
"08/25/2005","131.000","131.000","131.000","131.000","","-0.19%"
"08/24/2005","131.250","131.250","131.250","131.250","","-1.83%"
"08/23/2005","133.700","133.700","133.700","133.700","","-1.69%"
"08/22/2005","136.000","136.000","136.000","136.000","","0.37%"
"08/19/2005","135.500","135.500","135.500","135.500","","-0.22%"
"08/18/2005","135.800","135.800","135.800","135.800","","-0.18%"
"08/17/2005","136.050","136.050","136.050","136.050","","0.78%"
"08/16/2005","135.000","135.000","135.000","135.000","","0.00%"
"08/15/2005","135.000","135.000","135.000","135.000","","-0.37%"
"08/12/2005","135.500","135.500","135.500","135.500","","0.00%"
"08/11/2005","135.500","135.500","135.500","135.500","","-0.37%"
"08/10/2005","136.000","136.000","136.000","136.000","","-0.15%"
"08/09/2005","136.200","136.200","136.200","136.200","","0.52%"
"08/08/2005","135.500","135.500","135.500","135.500","","0.37%"
"08/05/2005","135.000","135.000","135.000","135.000","","0.00%"
"08/04/2005","135.000","135.000","135.000","135.000","","-0.95%"
"08/03/2005","136.300","136.300","136.300","136.300","","0.22%"
"08/02/2005","136.000","136.000","136.000","136.000","","0.74%"
"08/01/2005","135.000","135.000","135.000","135.000","","-0.74%"
"07/29/2005","136.000","136.000","136.000","136.000","","2.64%"
"07/28/2005","132.500","132.500","132.500","132.500","","0.00%"
"07/27/2005","132.500","132.500","132.500","132.500","","0.19%"
"07/26/2005","132.250","132.250","132.250","132.250","","-0.38%"
"07/25/2005","132.750","132.750","132.750","132.750","","0.19%"
"07/22/2005","132.500","132.500","132.500","132.500","","-0.93%"
"07/21/2005","133.750","133.750","133.750","133.750","","0.38%"
"07/20/2005","133.250","133.250","133.250","133.250","","0.38%"
"07/19/2005","132.750","132.750","132.750","132.750","","0.38%"
"07/18/2005","132.250","132.250","132.250","132.250","","0.19%"
"07/15/2005","132.000","132.000","132.000","132.000","","0.00%"
"07/14/2005","132.000","132.000","132.000","132.000","","0.57%"
"07/13/2005","131.250","131.250","131.250","131.250","","-0.38%"
"07/12/2005","131.750","131.750","131.750","131.750","","0.19%"
"07/11/2005","131.500","131.500","131.500","131.500","","-0.19%"
"07/08/2005","131.750","131.750","131.750","131.750","","-1.68%"
"07/07/2005","134.000","134.000","134.000","134.000","","2.10%"
"07/06/2005","131.250","131.250","131.250","131.250","","-0.19%"
"07/05/2005","131.500","131.500","131.500","131.500","","-2.45%"
"07/04/2005","134.800","134.800","134.800","134.800","","2.51%"
"07/01/2005","131.500","131.500","131.500","131.500","","0.31%"
"06/30/2005","131.100","131.100","131.100","131.100","","-0.11%"
"06/29/2005","131.250","131.250","131.250","131.250","","-0.19%"
"06/28/2005","131.500","131.500","131.500","131.500","","0.19%"
"06/27/2005","131.250","131.250","131.250","131.250","","-0.19%"
"06/24/2005","131.500","131.500","131.500","131.500","","-0.15%"
"06/23/2005","131.700","131.700","131.700","131.700","","-0.79%"
"06/22/2005","132.750","132.750","132.750","132.750","","1.34%"
"06/21/2005","131.000","131.000","131.000","131.000","","-0.19%"
"06/20/2005","131.250","131.250","131.250","131.250","","-2.05%"
"06/17/2005","134.000","134.000","134.000","134.000","","2.29%"
"06/16/2005","131.000","131.000","131.000","131.000","","-1.50%"
"06/15/2005","133.000","133.000","133.000","133.000","","-0.97%"
"06/14/2005","134.300","134.300","134.300","134.300","","3.11%"
"06/13/2005","130.250","130.250","130.250","130.250","","-0.19%"
"06/10/2005","130.500","130.500","130.500","130.500","","0.19%"
"06/09/2005","130.250","130.250","130.250","130.250","","-0.19%"
"06/08/2005","130.500","130.500","130.500","130.500","","0.00%"
"06/07/2005","130.500","130.500","130.500","130.500","","-2.10%"
"06/06/2005","133.300","133.300","133.300","133.300","","2.34%"
"06/03/2005","130.250","130.250","130.250","130.250","","-0.19%"
"06/02/2005","130.500","130.500","130.500","130.500","","0.19%"
"06/01/2005","130.250","130.250","130.250","130.250","","0.00%"
"05/31/2005","130.250","130.250","130.250","130.250","","-1.33%"
"05/30/2005","132.000","132.000","132.000","132.000","","1.34%"
"05/27/2005","130.250","130.250","130.250","130.250","","0.00%"
"05/26/2005","130.250","130.250","130.250","130.250","","0.00%"
"05/25/2005","130.250","130.250","130.250","130.250","","0.00%"
"05/24/2005","130.250","130.250","130.250","130.250","","-1.25%"
"05/23/2005","131.900","131.900","131.900","131.900","","-0.94%"
"05/20/2005","133.150","133.150","133.150","133.150","","0.49%"
"05/19/2005","132.500","132.500","132.500","132.500","","1.73%"
"05/18/2005","130.250","130.250","130.250","130.250","","-0.19%"
"05/17/2005","130.500","130.500","130.500","130.500","","0.00%"
"05/16/2005","130.500","130.500","130.500","130.500","","0.19%"
"05/13/2005","130.250","130.250","130.250","130.250","","-1.96%"
"05/12/2005","132.850","132.850","132.850","132.850","","0.04%"
"05/11/2005","132.800","132.800","132.800","132.800","","0.04%"
"05/10/2005","132.750","132.750","132.750","132.750","","1.72%"
"05/09/2005","130.500","130.500","130.500","130.500","","0.19%"
"05/06/2005","130.250","130.250","130.250","130.250","","0.00%"
"05/05/2005","130.250","130.250","130.250","130.250","","0.00%"
"05/04/2005","130.250","130.250","130.250","130.250","","0.00%"
"05/03/2005","130.250","130.250","130.250","130.250","","0.00%"
"05/02/2005","130.250","130.250","130.250","130.250","","0.00%"
"04/29/2005","130.250","130.250","130.250","130.250","","-1.88%"
"04/28/2005","132.750","132.750","132.750","132.750","","1.92%"
"04/27/2005","130.250","130.250","130.250","130.250","","0.00%"
"04/26/2005","130.250","130.250","130.250","130.250","","0.00%"
"04/25/2005","130.250","130.250","130.250","130.250","","0.00%"
"04/22/2005","130.250","130.250","130.250","130.250","","0.00%"
"04/21/2005","130.250","130.250","130.250","130.250","","-0.19%"
"04/20/2005","130.500","130.500","130.500","130.500","","0.19%"
"04/19/2005","130.250","130.250","130.250","130.250","","-0.19%"
"04/18/2005","130.500","130.500","130.500","130.500","","0.19%"
"04/15/2005","130.250","130.250","130.250","130.250","","-0.19%"
"04/14/2005","130.500","130.500","130.500","130.500","","0.23%"
"04/13/2005","130.200","130.200","130.200","130.200","","-0.23%"
"04/12/2005","130.500","130.500","130.500","130.500","","0.19%"
"04/11/2005","130.250","130.250","130.250","130.250","","0.00%"
"04/08/2005","130.250","130.250","130.250","130.250","","0.00%"
"04/07/2005","130.250","130.250","130.250","130.250","","0.00%"
"04/06/2005","130.250","130.250","130.250","130.250","","-0.19%"
"04/05/2005","130.500","130.500","130.500","130.500","","0.12%"
"04/04/2005","130.350","130.350","130.350","130.350","","-0.69%"
"04/01/2005","131.250","131.250","131.250","131.250","","0.73%"
"03/31/2005","130.300","130.300","130.300","130.300","","0.04%"
"03/30/2005","130.250","130.250","130.250","130.250","","-1.88%"
"03/29/2005","132.750","132.750","132.750","132.750","","1.26%"
"03/28/2005","131.100","131.100","131.100","131.100","","0.00%"
"03/25/2005","131.100","131.100","131.100","131.100","","0.00%"
"03/24/2005","131.100","131.100","131.100","131.100","","0.46%"
"03/23/2005","130.500","130.500","130.500","130.500","","0.00%"
"03/22/2005","130.500","130.500","130.500","130.500","","0.19%"
"03/21/2005","130.250","130.250","130.250","130.250","","0.00%"
"03/18/2005","130.250","130.250","130.250","130.250","","0.00%"
"03/17/2005","130.250","130.250","130.250","130.250","","0.00%"
"03/16/2005","130.250","130.250","130.250","130.250","","-1.92%"
"03/15/2005","132.800","132.800","132.800","132.800","","1.76%"
"03/14/2005","130.500","130.500","130.500","130.500","","-1.71%"
"03/11/2005","132.770","132.770","132.770","132.770","","1.74%"
"03/10/2005","130.500","130.500","130.500","130.500","","-0.42%"
"03/09/2005","131.050","131.050","131.050","131.050","","0.42%"
"03/08/2005","130.500","130.500","130.500","130.500","","-0.57%"
"03/07/2005","131.250","131.250","131.250","131.250","","0.77%"
"03/04/2005","130.250","130.250","130.250","130.250","","-1.88%"
"03/03/2005","132.750","132.750","132.750","132.750","","2.12%"
"03/02/2005","130.000","130.000","130.000","130.000","","-0.38%"
"03/01/2005","130.500","130.500","130.500","130.500","","0.00%"
"02/28/2005","130.500","130.500","130.500","130.500","","0.38%"
"02/25/2005","130.000","130.000","130.000","130.000","","-0.76%"
"02/24/2005","131.000","131.000","131.000","131.000","","-0.76%"
"02/23/2005","132.000","132.000","132.000","132.000","","-0.45%"
"02/22/2005","132.600","132.600","132.600","132.600","","0.08%"
"02/21/2005","132.500","132.500","132.500","132.500","","1.53%"
"02/18/2005","130.500","130.500","130.500","130.500","","-1.44%"
"02/17/2005","132.400","132.400","132.400","132.400","","0.04%"
"02/16/2005","132.350","132.350","132.350","132.350","","1.81%"
"02/15/2005","130.000","130.000","130.000","130.000","","0.00%"
"02/14/2005","130.000","130.000","130.000","130.000","","-1.52%"
"02/11/2005","132.000","132.000","132.000","132.000","","0.00%"
"02/10/2005","132.000","132.000","132.000","132.000","","-0.53%"
"02/09/2005","132.700","132.700","132.700","132.700","","0.91%"
"02/08/2005","131.500","131.500","131.500","131.500","","-1.02%"
"02/07/2005","132.850","132.850","132.850","132.850","","1.03%"
"02/04/2005","131.500","131.500","131.500","131.500","","0.08%"
"02/03/2005","131.400","131.400","131.400","131.400","","0.04%"
"02/02/2005","131.350","131.350","131.350","131.350","","-0.68%"
"02/01/2005","132.250","132.250","132.250","132.250","","0.76%"
"01/31/2005","131.250","131.250","131.250","131.250","","0.57%"
"01/28/2005","130.500","130.500","130.500","130.500","","0.38%"
"01/27/2005","130.000","130.000","130.000","130.000","","-1.66%"
"01/26/2005","132.200","132.200","132.200","132.200","","0.08%"
"01/25/2005","132.100","132.100","132.100","132.100","","1.23%"
"01/24/2005","130.500","130.500","130.500","130.500","","0.00%"
"01/21/2005","130.500","130.500","130.500","130.500","","0.19%"
"01/20/2005","130.250","130.250","130.250","130.250","","-1.38%"
"01/19/2005","132.070","132.070","132.070","132.070","","1.40%"
"01/18/2005","130.250","130.250","130.250","130.250","","0.00%"
"01/17/2005","130.250","130.250","130.250","130.250","","0.00%"
"01/14/2005","130.250","130.250","130.250","130.250","","0.00%"
"01/13/2005","130.250","130.250","130.250","130.250","","0.04%"
"01/12/2005","130.200","130.200","130.200","130.200","","-0.23%"
"01/11/2005","130.500","130.500","130.500","130.500","","0.19%"
"01/10/2005","130.250","130.250","130.250","130.250","","-0.76%"
"01/07/2005","131.250","131.250","131.250","131.250","","0.77%"
"01/06/2005","130.250","130.250","130.250","130.250","","-0.76%"
"01/05/2005","131.250","131.250","131.250","131.250","","0.77%"
"01/04/2005","130.250","130.250","130.250","130.250","","-0.27%"
"01/03/2005","130.600","130.600","130.600","130.600","","0.08%"
"12/31/2004","130.500","130.500","130.500","130.500","","-0.08%"
"12/30/2004","130.600","130.600","130.600","130.600","","0.27%"
"12/29/2004","130.250","130.250","130.250","130.250","","-2.07%"
"12/28/2004","133.000","133.000","133.000","133.000","","-0.08%"
"12/27/2004","133.100","133.100","133.100","133.100","","-0.08%"
"12/24/2004","133.200","133.200","133.200","133.200","","2.26%"
"12/23/2004","130.250","130.250","130.250","130.250","","0.00%"
"12/22/2004","130.250","130.250","130.250","130.250","","-0.19%"
"12/21/2004","130.500","130.500","130.500","130.500","","0.19%"
"12/20/2004","130.250","130.250","130.250","130.250","","0.00%"
"12/17/2004","130.250","130.250","130.250","130.250","","-0.76%"
"12/16/2004","131.250","131.250","131.250","131.250","","0.77%"
"12/15/2004","130.250","130.250","130.250","130.250","","-0.19%"
"12/14/2004","130.500","130.500","130.500","130.500","","-0.76%"
"12/13/2004","131.500","131.500","131.500","131.500","","-0.75%"
"12/10/2004","132.500","132.500","132.500","132.500","","1.15%"
"12/09/2004","131.000","131.000","131.000","131.000","","0.77%"
"12/08/2004","130.000","130.000","130.000","130.000","","-0.15%"
"12/07/2004","130.200","130.200","130.200","130.200","","-1.51%"
"12/06/2004","132.200","132.200","132.200","132.200","","0.15%"
"12/03/2004","132.000","132.000","132.000","132.000","","-0.04%"
"12/02/2004","132.050","132.050","132.050","132.050","","0.04%"
"12/01/2004","132.000","132.000","132.000","132.000","","-0.04%"
"11/30/2004","132.050","132.050","132.050","132.050","","-0.08%"
"11/29/2004","132.150","132.150","132.150","132.150","","0.42%"
"11/26/2004","131.600","131.600","131.600","131.600","","-0.87%"
"11/25/2004","132.750","132.750","132.750","132.750","","0.04%"
"11/24/2004","132.700","132.700","132.700","132.700","","0.15%"
"11/23/2004","132.500","132.500","132.500","132.500","","0.00%"
"11/22/2004","132.500","132.500","132.500","132.500","","1.73%"
"11/19/2004","130.250","130.250","130.250","130.250","","-0.38%"
"11/18/2004","130.750","130.750","130.750","130.750","","0.00%"
"11/17/2004","130.750","130.750","130.750","130.750","","0.00%"
"11/16/2004","130.750","130.750","130.750","130.750","","-0.76%"
"11/15/2004","131.750","131.750","131.750","131.750","","0.11%"
"11/12/2004","131.600","131.600","131.600","131.600","","-0.83%"
"11/11/2004","132.700","132.700","132.700","132.700","","1.49%"
"11/10/2004","130.750","130.750","130.750","130.750","","0.00%"
"11/09/2004","130.750","130.750","130.750","130.750","","-0.76%"
"11/08/2004","131.750","131.750","131.750","131.750","","0.00%"
"11/05/2004","131.750","131.750","131.750","131.750","","0.76%"
"11/04/2004","130.750","130.750","130.750","130.750","","-0.76%"
"11/03/2004","131.750","131.750","131.750","131.750","","-0.90%"
"11/02/2004","132.950","132.950","132.950","132.950","","1.68%"
"11/01/2004","130.750","130.750","130.750","130.750","","0.38%"
"10/29/2004","130.250","130.250","130.250","130.250","","-1.99%"
"10/28/2004","132.900","132.900","132.900","132.900","","-0.06%"
"10/27/2004","132.980","132.980","132.980","132.980","","1.32%"
"10/26/2004","131.250","131.250","131.250","131.250","","-1.13%"
"10/25/2004","132.750","132.750","132.750","132.750","","1.14%"
"10/22/2004","131.250","131.250","131.250","131.250","","0.00%"
"10/21/2004","131.250","131.250","131.250","131.250","","-1.29%"
"10/20/2004","132.970","132.970","132.970","132.970","","1.31%"
"10/19/2004","131.250","131.250","131.250","131.250","","0.77%"
"10/18/2004","130.250","130.250","130.250","130.250","","0.00%"
"10/15/2004","130.250","130.250","130.250","130.250","","0.00%"
"10/14/2004","130.250","130.250","130.250","130.250","","-0.76%"
"10/13/2004","131.250","131.250","131.250","131.250","","0.77%"
"10/12/2004","130.250","130.250","130.250","130.250","","-1.88%"
"10/11/2004","132.750","132.750","132.750","132.750","","1.92%"
"10/08/2004","130.250","130.250","130.250","130.250","","-0.76%"
"10/07/2004","131.250","131.250","131.250","131.250","","0.00%"
"10/06/2004","131.250","131.250","131.250","131.250","","-1.87%"
"10/05/2004","133.750","133.750","133.750","133.750","","1.90%"
"10/04/2004","131.250","131.250","131.250","131.250","","0.77%"
"10/01/2004","130.250","130.250","130.250","130.250","","0.00%"
"09/30/2004","130.250","130.250","130.250","130.250","","0.00%"
"09/29/2004","130.250","130.250","130.250","130.250","","-0.76%"
"09/28/2004","131.250","131.250","131.250","131.250","","-0.64%"
"09/27/2004","132.100","132.100","132.100","132.100","","-0.11%"
"09/24/2004","132.250","132.250","132.250","132.250","","-0.64%"
"09/23/2004","133.100","133.100","133.100","133.100","","1.99%"
"09/22/2004","130.500","130.500","130.500","130.500","","-1.84%"
"09/21/2004","132.950","132.950","132.950","132.950","","1.10%"
"09/20/2004","131.500","131.500","131.500","131.500","","0.00%"
"09/17/2004","131.500","131.500","131.500","131.500","","0.00%"
"09/16/2004","131.500","131.500","131.500","131.500","","-0.34%"
"09/15/2004","131.950","131.950","131.950","131.950","","-0.42%"
"09/14/2004","132.500","132.500","132.500","132.500","","0.76%"
"09/13/2004","131.500","131.500","131.500","131.500","","-0.75%"
"09/10/2004","132.500","132.500","132.500","132.500","","0.00%"
"09/09/2004","132.500","132.500","132.500","132.500","","-0.19%"
"09/08/2004","132.750","132.750","132.750","132.750","","0.19%"
"09/07/2004","132.500","132.500","132.500","132.500","","-0.75%"
"09/06/2004","133.500","133.500","133.500","133.500","","1.71%"
"09/03/2004","131.250","131.250","131.250","131.250","","0.77%"
"09/02/2004","130.250","130.250","130.250","130.250","","-0.95%"
"09/01/2004","131.500","131.500","131.500","131.500","","0.19%"
"08/31/2004","131.250","131.250","131.250","131.250","","-1.35%"
"08/30/2004","133.050","133.050","133.050","133.050","","1.37%"
"08/27/2004","131.250","131.250","131.250","131.250","","0.77%"
"08/26/2004","130.250","130.250","130.250","130.250","","-1.99%"
"08/25/2004","132.900","132.900","132.900","132.900","","0.87%"
"08/24/2004","131.750","131.750","131.750","131.750","","0.38%"
"08/23/2004","131.250","131.250","131.250","131.250","","0.00%"
"08/20/2004","131.250","131.250","131.250","131.250","","0.77%"
"08/19/2004","130.250","130.250","130.250","130.250","","-1.18%"
"08/18/2004","131.800","131.800","131.800","131.800","","0.04%"
"08/17/2004","131.750","131.750","131.750","131.750","","0.19%"
"08/16/2004","131.500","131.500","131.500","131.500","","0.77%"
"08/13/2004","130.500","130.500","130.500","130.500","","-0.76%"
"08/12/2004","131.500","131.500","131.500","131.500","","0.00%"
"08/11/2004","131.500","131.500","131.500","131.500","","0.00%"
"08/10/2004","131.500","131.500","131.500","131.500","","0.19%"
"08/09/2004","131.250","131.250","131.250","131.250","","0.00%"
"08/06/2004","131.250","131.250","131.250","131.250","","0.00%"
"08/05/2004","131.250","131.250","131.250","131.250","","-1.46%"
"08/04/2004","133.200","133.200","133.200","133.200","","1.29%"
"08/03/2004","131.500","131.500","131.500","131.500","","0.00%"
"08/02/2004","131.500","131.500","131.500","131.500","","0.00%"
"07/30/2004","131.500","131.500","131.500","131.500","","0.00%"
"07/29/2004","131.500","131.500","131.500","131.500","","0.00%"
"07/28/2004","131.500","131.500","131.500","131.500","","0.00%"
"07/27/2004","131.500","131.500","131.500","131.500","","-1.31%"
"07/26/2004","133.250","133.250","133.250","133.250","","1.33%"
"07/23/2004","131.500","131.500","131.500","131.500","","-1.20%"
"07/22/2004","133.100","133.100","133.100","133.100","","1.41%"
"07/21/2004","131.250","131.250","131.250","131.250","","-0.76%"
"07/20/2004","132.250","132.250","132.250","132.250","","0.00%"
"07/19/2004","132.250","132.250","132.250","132.250","","-0.56%"
"07/16/2004","133.000","133.000","133.000","133.000","","-0.19%"
"07/15/2004","133.250","133.250","133.250","133.250","","0.00%"
"07/14/2004","133.250","133.250","133.250","133.250","","0.00%"
"07/13/2004","133.250","133.250","133.250","133.250","","0.00%"
"07/12/2004","133.250","133.250","133.250","133.250","","-0.86%"
"07/09/2004","134.400","134.400","134.400","134.400","","-0.88%"
"07/08/2004","135.600","135.600","135.600","135.600","","-0.15%"
"07/07/2004","135.800","135.800","135.800","135.800","","0.89%"
"07/06/2004","134.600","134.600","134.600","134.600","","0.98%"
"07/05/2004","133.300","133.300","133.300","133.300","","0.11%"
"07/02/2004","133.150","133.150","133.150","133.150","","1.25%"
"07/01/2004","131.500","131.500","131.500","131.500","","0.38%"
"06/30/2004","131.000","131.000","131.000","131.000","","-0.38%"
"06/29/2004","131.500","131.500","131.500","131.500","","0.00%"
"06/28/2004","131.500","131.500","131.500","131.500","","-1.31%"
"06/25/2004","133.250","133.250","133.250","133.250","","2.11%"
"06/24/2004","130.500","130.500","130.500","130.500","","-1.99%"
"06/23/2004","133.150","133.150","133.150","133.150","","2.03%"
"06/22/2004","130.500","130.500","130.500","130.500","","0.00%"
"06/21/2004","130.500","130.500","130.500","130.500","","0.00%"
"06/18/2004","130.500","130.500","130.500","130.500","","0.00%"
"06/17/2004","130.500","130.500","130.500","130.500","","-1.99%"
"06/16/2004","133.150","133.150","133.150","133.150","","2.03%"
"06/15/2004","130.500","130.500","130.500","130.500","","0.00%"
"06/14/2004","130.500","130.500","130.500","130.500","","-0.53%"
"06/11/2004","131.200","131.200","131.200","131.200","","0.54%"
"06/10/2004","130.500","130.500","130.500","130.500","","-0.53%"
"06/09/2004","131.200","131.200","131.200","131.200","","0.54%"
"06/08/2004","130.500","130.500","130.500","130.500","","0.00%"
"06/07/2004","130.500","130.500","130.500","130.500","","-0.57%"
"06/04/2004","131.250","131.250","131.250","131.250","","0.57%"
"06/03/2004","130.500","130.500","130.500","130.500","","0.00%"
"06/02/2004","130.500","130.500","130.500","130.500","","-2.10%"
"06/01/2004","133.300","133.300","133.300","133.300","","0.11%"
"05/31/2004","133.150","133.150","133.150","133.150","","2.03%"
"05/28/2004","130.500","130.500","130.500","130.500","","-2.03%"
"05/27/2004","133.200","133.200","133.200","133.200","","2.07%"
"05/26/2004","130.500","130.500","130.500","130.500","","-1.69%"
"05/25/2004","132.750","132.750","132.750","132.750","","0.95%"
"05/24/2004","131.500","131.500","131.500","131.500","","0.00%"
"05/21/2004","131.500","131.500","131.500","131.500","","0.00%"
"05/20/2004","131.500","131.500","131.500","131.500","","0.00%"
"05/19/2004","131.500","131.500","131.500","131.500","","0.00%"
"05/18/2004","131.500","131.500","131.500","131.500","","0.00%"
"05/17/2004","131.500","131.500","131.500","131.500","","0.00%"
"05/14/2004","131.500","131.500","131.500","131.500","","0.00%"
"05/13/2004","131.500","131.500","131.500","131.500","","-0.75%"
"05/12/2004","132.500","132.500","132.500","132.500","","0.76%"
"05/11/2004","131.500","131.500","131.500","131.500","","-0.38%"
"05/10/2004","132.000","132.000","132.000","132.000","","0.46%"
"05/07/2004","131.400","131.400","131.400","131.400","","-1.94%"
"05/06/2004","134.000","134.000","134.000","134.000","","1.90%"
"05/05/2004","131.500","131.500","131.500","131.500","","0.00%"
"05/04/2004","131.500","131.500","131.500","131.500","","-2.23%"
"05/03/2004","134.500","134.500","134.500","134.500","","2.28%"
"04/30/2004","131.500","131.500","131.500","131.500","","0.00%"
"04/29/2004","131.500","131.500","131.500","131.500","","0.19%"
"04/28/2004","131.250","131.250","131.250","131.250","","0.00%"
"04/27/2004","131.250","131.250","131.250","131.250","","0.00%"
"04/26/2004","131.250","131.250","131.250","131.250","","0.00%"
"04/23/2004","131.250","131.250","131.250","131.250","","-0.19%"
"04/22/2004","131.500","131.500","131.500","131.500","","0.00%"
"04/21/2004","131.500","131.500","131.500","131.500","","0.00%"
"04/20/2004","131.500","131.500","131.500","131.500","","0.00%"
"04/19/2004","131.500","131.500","131.500","131.500","","-2.95%"
"04/16/2004","135.500","135.500","135.500","135.500","","2.26%"
"04/15/2004","132.500","132.500","132.500","132.500","","0.00%"
"04/14/2004","132.500","132.500","132.500","132.500","","0.00%"
"04/13/2004","132.500","132.500","132.500","132.500","","1.07%"
"04/12/2004","131.100","131.100","131.100","131.100","","0.00%"
"04/09/2004","131.100","131.100","131.100","131.100","","0.00%"
"04/08/2004","131.100","131.100","131.100","131.100","","0.85%"
"04/07/2004","130.000","130.000","130.000","130.000","","-0.76%"
"04/06/2004","131.000","131.000","131.000","131.000","","0.77%"
"04/05/2004","130.000","130.000","130.000","130.000","","0.00%"
"04/02/2004","130.000","130.000","130.000","130.000","","0.00%"
"04/01/2004","130.000","130.000","130.000","130.000","","0.00%"
"03/31/2004","130.000","130.000","130.000","130.000","","0.00%"
"03/30/2004","130.000","130.000","130.000","130.000","","0.00%"
"03/29/2004","130.000","130.000","130.000","130.000","","-0.76%"
"03/26/2004","131.000","131.000","131.000","131.000","","-1.13%"
"03/25/2004","132.500","132.500","132.500","132.500","","0.00%"
"03/24/2004","132.500","132.500","132.500","132.500","","0.38%"
"03/23/2004","132.000","132.000","132.000","132.000","","0.00%"
"03/22/2004","132.000","132.000","132.000","132.000","","0.00%"
"03/19/2004","132.000","132.000","132.000","132.000","","0.00%"
"03/18/2004","132.000","132.000","132.000","132.000","","0.00%"
"03/17/2004","132.000","132.000","132.000","132.000","","0.00%"
"03/16/2004","132.000","132.000","132.000","132.000","","0.00%"
"03/15/2004","132.000","132.000","132.000","132.000","","0.00%"
"03/12/2004","132.000","132.000","132.000","132.000","","0.00%"
"03/11/2004","132.000","132.000","132.000","132.000","","0.00%"
"03/10/2004","132.000","132.000","132.000","132.000","","-0.75%"
"03/09/2004","133.000","133.000","133.000","133.000","","0.00%"
"03/08/2004","133.000","133.000","133.000","133.000","","0.00%"
"03/05/2004","133.000","133.000","133.000","133.000","","0.00%"
"03/04/2004","133.000","133.000","133.000","133.000","","0.00%"
"03/03/2004","133.000","133.000","133.000","133.000","","-1.63%"
"03/02/2004","135.200","135.200","135.200","135.200","","1.65%"
"03/01/2004","133.000","133.000","133.000","133.000","","-1.77%"
"02/27/2004","135.400","135.400","135.400","135.400","","-0.29%"
"02/26/2004","135.800","135.800","135.800","135.800","","-0.22%"
"02/25/2004","136.100","136.100","136.100","136.100","","-0.04%"
"02/24/2004","136.150","136.150","136.150","136.150","","0.00%"
"02/23/2004","136.150","136.150","136.150","136.150","","-0.15%"
"02/20/2004","136.350","136.350","136.350","136.350","","-0.07%"
"02/19/2004","136.450","136.450","136.450","136.450","","0.00%"
"02/18/2004","136.450","136.450","136.450","136.450","","0.11%"
"02/17/2004","136.300","136.300","136.300","136.300","","0.11%"
"02/16/2004","136.150","136.150","136.150","136.150","","0.00%"
"02/13/2004","136.155","136.155","136.155","136.155","","0.86%"
"02/12/2004","135.000","135.000","135.000","135.000","","0.75%"
"02/11/2004","134.000","134.000","134.000","134.000","","-0.89%"
"02/10/2004","135.200","135.200","135.200","135.200","","0.15%"
"02/09/2004","135.000","135.000","135.000","135.000","","0.75%"
"02/06/2004","134.000","134.000","134.000","134.000","","0.00%"
"02/05/2004","134.000","134.000","134.000","134.000","","-1.47%"
"02/04/2004","136.000","136.000","136.000","136.000","","1.49%"
"02/03/2004","134.000","134.000","134.000","134.000","","0.00%"
"02/02/2004","134.000","134.000","134.000","134.000","","-0.74%"
"01/30/2004","135.000","135.000","135.000","135.000","","-0.37%"
"01/29/2004","135.500","135.500","135.500","135.500","","0.00%"
"01/28/2004","135.500","135.500","135.500","135.500","","0.37%"
"01/27/2004","135.000","135.000","135.000","135.000","","0.00%"
"01/26/2004","135.000","135.000","135.000","135.000","","-1.10%"
"01/23/2004","136.500","136.500","136.500","136.500","","-0.11%"
"01/22/2004","136.650","136.650","136.650","136.650","","-0.33%"
"01/21/2004","137.100","137.100","137.100","137.100","","-0.07%"
"01/20/2004","137.200","137.200","137.200","137.200","","0.15%"
"01/19/2004","137.000","137.000","137.000","137.000","","-0.22%"
"01/16/2004","137.300","137.300","137.300","137.300","","-0.51%"
"01/15/2004","138.000","138.000","138.000","138.000","","-0.07%"
"01/14/2004","138.100","138.100","138.100","138.100","","0.07%"
"01/13/2004","138.000","138.000","138.000","138.000","","-0.11%"
"01/12/2004","138.150","138.150","138.150","138.150","","-0.11%"
"01/09/2004","138.300","138.300","138.300","138.300","","0.04%"
"01/08/2004","138.250","138.250","138.250","138.250","","-0.04%"
"01/07/2004","138.300","138.300","138.300","138.300","","-0.07%"
"01/06/2004","138.400","138.400","138.400","138.400","","-0.57%"
"01/05/2004","139.200","139.200","139.200","139.200","","0.22%"
"01/02/2004","138.900","138.900","138.900","138.900","","-0.13%"
"12/31/2003","139.085","139.085","139.085","139.085","","-0.62%"
"12/30/2003","139.950","139.950","139.950","139.950","","0.63%"
"12/29/2003","139.070","139.070","139.070","139.070","","0.27%"
"12/26/2003","138.700","138.700","138.700","138.700","","0.00%"
"12/25/2003","138.700","138.700","138.700","138.700","","0.00%"
"12/24/2003","138.700","138.700","138.700","138.700","","1.02%"
"12/23/2003","137.300","137.300","137.300","137.300","","0.20%"
"12/22/2003","137.020","137.020","137.020","137.020","","0.70%"
"12/19/2003","136.070","136.070","136.070","136.070","","-0.46%"
"12/18/2003","136.700","136.700","136.700","136.700","","-0.28%"
"12/17/2003","137.085","137.085","137.085","137.085","","-0.01%"
"12/16/2003","137.100","137.100","137.100","137.100","","0.07%"
"12/15/2003","137.000","137.000","137.000","137.000","","-0.15%"
"12/12/2003","137.200","137.200","137.200","137.200","","0.10%"
"12/11/2003","137.060","137.060","137.060","137.060","","-0.82%"
"12/10/2003","138.200","138.200","138.200","138.200","","-0.25%"
"12/09/2003","138.550","138.550","138.550","138.550","","0.04%"
"12/08/2003","138.500","138.500","138.500","138.500","","-0.29%"
"12/05/2003","138.900","138.900","138.900","138.900","","0.29%"
"12/04/2003","138.500","138.500","138.500","138.500","","-0.36%"
"12/03/2003","139.000","139.000","139.000","139.000","","-1.97%"
"12/02/2003","141.800","141.800","141.800","141.800","","0.21%"
"12/01/2003","141.500","141.500","141.500","141.500","","0.00%"
"11/28/2003","141.500","141.500","141.500","141.500","","-1.74%"
"11/27/2003","144.000","144.000","144.000","144.000","","1.41%"
"11/26/2003","142.000","142.000","142.000","142.000","","0.00%"
"11/25/2003","142.000","142.000","142.000","142.000","","-0.70%"
"11/24/2003","143.000","143.000","143.000","143.000","","-0.63%"
"11/21/2003","143.900","143.900","143.900","143.900","","-0.14%"
"11/20/2003","144.100","144.100","144.100","144.100","","2.20%"
"11/19/2003","141.000","141.000","141.000","141.000","","-1.09%"
"11/18/2003","142.550","142.550","142.550","142.550","","1.75%"
"11/17/2003","140.100","140.100","140.100","140.100","","5.82%"
"11/14/2003","132.400","132.400","132.400","132.400","","-0.15%"
"11/13/2003","132.600","132.600","132.600","132.600","","0.00%"
"11/12/2003","132.600","132.600","132.600","132.600","","-3.07%"
"11/11/2003","136.800","136.800","136.800","136.800","","-1.58%"
"11/10/2003","139.000","139.000","139.000","139.000","","0.25%"
"11/07/2003","138.650","138.650","138.650","138.650","","-6.95%"
"11/06/2003","149.000","149.000","149.000","149.000","","0.00%"
"11/05/2003","149.000","149.000","149.000","149.000","","-0.27%"
"11/04/2003","149.400","149.400","149.400","149.400","","9.85%"
"11/03/2003","136.000","136.000","136.000","136.000","","2.56%"
"10/31/2003","132.600","132.600","132.600","132.600","","-4.23%"
"10/30/2003","138.450","138.450","138.450","138.450","","0.11%"
"10/29/2003","138.300","138.300","138.300","138.300","","1.77%"
"10/28/2003","135.900","135.900","135.900","135.900","","0.67%"
"10/27/2003","135.000","135.000","135.000","135.000","","-0.37%"
"10/24/2003","135.500","135.500","135.500","135.500","","-0.15%"
"10/23/2003","135.700","135.700","135.700","135.700","","-0.29%"
"10/22/2003","136.100","136.100","136.100","136.100","","-1.48%"
"10/21/2003","138.150","138.150","138.150","138.150","","0.11%"
"10/20/2003","138.000","138.000","138.000","138.000","","1.62%"
"10/17/2003","135.800","135.800","135.800","135.800","","1.08%"
"10/16/2003","134.350","134.350","134.350","134.350","","0.75%"
"10/15/2003","133.350","133.350","133.350","133.350","","0.57%"
"10/14/2003","132.600","132.600","132.600","132.600","","0.19%"
"10/13/2003","132.350","132.350","132.350","132.350","","-0.23%"
"10/10/2003","132.650","132.650","132.650","132.650","","0.72%"
"10/09/2003","131.700","131.700","131.700","131.700","","0.04%"
"10/08/2003","131.650","131.650","131.650","131.650","","0.50%"
"10/07/2003","131.000","131.000","131.000","131.000","","0.00%"
"10/06/2003","131.000","131.000","131.000","131.000","","0.04%"
"10/03/2003","130.950","130.950","130.950","130.950","","0.04%"
"10/02/2003","130.900","130.900","130.900","130.900","","-0.08%"
"10/01/2003","131.000","131.000","131.000","131.000","","0.00%"
"09/30/2003","131.000","131.000","131.000","131.000","","0.08%"
"09/29/2003","130.900","130.900","130.900","130.900","","0.65%"
"09/26/2003","130.050","130.050","130.050","130.050","","-0.71%"
"09/25/2003","130.975","130.975","130.975","130.975","","-0.13%"
"09/24/2003","131.150","131.150","131.150","131.150","","0.19%"
"09/23/2003","130.900","130.900","130.900","130.900","","0.00%"
"09/22/2003","130.900","130.900","130.900","130.900","","0.69%"
"09/19/2003","130.000","130.000","130.000","130.000","","-0.65%"
"09/18/2003","130.850","130.850","130.850","130.850","","0.11%"
"09/17/2003","130.700","130.700","130.700","130.700","","-0.34%"
"09/16/2003","131.150","131.150","131.150","131.150","","0.34%"
"09/15/2003","130.700","130.700","130.700","130.700","","-0.34%"
"09/12/2003","131.150","131.150","131.150","131.150","","0.19%"
"09/11/2003","130.900","130.900","130.900","130.900","","0.15%"
"09/10/2003","130.700","130.700","130.700","130.700","","-0.08%"
"09/09/2003","130.800","130.800","130.800","130.800","","0.00%"
"09/08/2003","130.800","130.800","130.800","130.800","","-0.80%"
"09/05/2003","131.850","131.850","131.850","131.850","","3.82%"
"09/04/2003","127.000","127.000","127.000","127.000","","-1.55%"
"09/03/2003","129.000","129.000","129.000","129.000","","-0.77%"
"09/02/2003","130.000","130.000","130.000","130.000","","-1.52%"
"09/01/2003","132.000","132.000","132.000","132.000","","0.11%"
"08/29/2003","131.850","131.850","131.850","131.850","","1.03%"
"08/28/2003","130.500","130.500","130.500","130.500","","0.77%"
"08/27/2003","129.500","129.500","129.500","129.500","","-1.11%"
"08/26/2003","130.950","130.950","130.950","130.950","","-0.08%"
"08/25/2003","131.050","131.050","131.050","131.050","","1.59%"
"08/22/2003","129.000","129.000","129.000","129.000","","-1.98%"
"08/21/2003","131.600","131.600","131.600","131.600","","0.96%"
"08/20/2003","130.350","130.350","130.350","130.350","","0.27%"
"08/19/2003","130.000","130.000","130.000","130.000","","-0.31%"
"08/18/2003","130.400","130.400","130.400","130.400","","1.09%"
"08/15/2003","129.000","129.000","129.000","129.000","","-1.00%"
"08/14/2003","130.300","130.300","130.300","130.300","","-0.08%"
"08/13/2003","130.400","130.400","130.400","130.400","","0.23%"
"08/12/2003","130.100","130.100","130.100","130.100","","0.04%"
"08/11/2003","130.050","130.050","130.050","130.050","","0.04%"
"08/08/2003","130.000","130.000","130.000","130.000","","0.23%"
"08/07/2003","129.700","129.700","129.700","129.700","","0.62%"
"08/06/2003","128.900","128.900","128.900","128.900","","1.06%"
"08/05/2003","127.550","127.550","127.550","127.550","","-0.23%"
"08/04/2003","127.850","127.850","127.850","127.850","","-0.04%"
"08/01/2003","127.900","127.900","127.900","127.900","","0.00%"
"07/31/2003","127.900","127.900","127.900","127.900","","-0.04%"
"07/30/2003","127.950","127.950","127.950","127.950","","0.04%"
"07/29/2003","127.900","127.900","127.900","127.900","","-0.08%"
"07/28/2003","128.000","128.000","128.000","128.000","","-0.12%"
"07/25/2003","128.150","128.150","128.150","128.150","","0.51%"
"07/24/2003","127.500","127.500","127.500","127.500","","-0.62%"
"07/23/2003","128.300","128.300","128.300","128.300","","-0.47%"
"07/22/2003","128.900","128.900","128.900","128.900","","-0.46%"
"07/21/2003","129.500","129.500","129.500","129.500","","0.00%"
"07/18/2003","129.500","129.500","129.500","129.500","","-0.08%"
"07/17/2003","129.600","129.600","129.600","129.600","","0.04%"
"07/16/2003","129.550","129.550","129.550","129.550","","0.04%"
"07/15/2003","129.500","129.500","129.500","129.500","","-0.12%"
"07/14/2003","129.650","129.650","129.650","129.650","","0.12%"
"07/11/2003","129.500","129.500","129.500","129.500","","0.39%"
"07/10/2003","129.000","129.000","129.000","129.000","","-0.54%"
"07/09/2003","129.700","129.700","129.700","129.700","","-0.04%"
"07/08/2003","129.750","129.750","129.750","129.750","","0.19%"
"07/07/2003","129.500","129.500","129.500","129.500","","-0.08%"
"07/04/2003","129.600","129.600","129.600","129.600","","-0.15%"
"07/03/2003","129.800","129.800","129.800","129.800","","0.15%"
"07/02/2003","129.600","129.600","129.600","129.600","","-0.19%"
"07/01/2003","129.850","129.850","129.850","129.850","","0.23%"
"06/30/2003","129.550","129.550","129.550","129.550","","-0.12%"
"06/27/2003","129.700","129.700","129.700","129.700","","0.19%"
"06/26/2003","129.450","129.450","129.450","129.450","","-0.31%"
"06/25/2003","129.850","129.850","129.850","129.850","","0.00%"
"06/24/2003","129.850","129.850","129.850","129.850","","-0.95%"
"06/23/2003","131.100","131.100","131.100","131.100","","0.34%"
"06/20/2003","130.650","130.650","130.650","130.650","","-0.31%"
"06/19/2003","131.050","131.050","131.050","131.050","","0.04%"
"06/18/2003","131.000","131.000","131.000","131.000","","-0.19%"
"06/17/2003","131.250","131.250","131.250","131.250","","-0.04%"
"06/16/2003","131.300","131.300","131.300","131.300","","0.23%"
"06/13/2003","131.000","131.000","131.000","131.000","","-0.53%"
"06/12/2003","131.700","131.700","131.700","131.700","","0.92%"
"06/11/2003","130.500","130.500","130.500","130.500","","0.19%"
"06/10/2003","130.250","130.250","130.250","130.250","","-0.27%"
"06/09/2003","130.600","130.600","130.600","130.600","","-0.57%"
"06/06/2003","131.350","131.350","131.350","131.350","","0.88%"
"06/05/2003","130.200","130.200","130.200","130.200","","0.00%"
"06/04/2003","130.200","130.200","130.200","130.200","","0.15%"
"06/03/2003","130.000","130.000","130.000","130.000","","0.12%"
"06/02/2003","129.850","129.850","129.850","129.850","","0.27%"
"05/30/2003","129.500","129.500","129.500","129.500","","0.39%"
"05/29/2003","129.000","129.000","129.000","129.000","","-0.15%"
"05/28/2003","129.200","129.200","129.200","129.200","","0.04%"
"05/27/2003","129.150","129.150","129.150","129.150","","0.12%"
"05/26/2003","129.000","129.000","129.000","129.000","","0.00%"
"05/23/2003","129.000","129.000","129.000","129.000","","-0.35%"
"05/22/2003","129.450","129.450","129.450","129.450","","0.50%"
"05/21/2003","128.800","128.800","128.800","128.800","","-0.39%"
"05/20/2003","129.300","129.300","129.300","129.300","","-0.23%"
"05/19/2003","129.600","129.600","129.600","129.600","","-0.08%"
"05/16/2003","129.700","129.700","129.700","129.700","","0.00%"
"05/15/2003","129.700","129.700","129.700","129.700","","0.00%"
"05/14/2003","129.700","129.700","129.700","129.700","","0.08%"
"05/13/2003","129.600","129.600","129.600","129.600","","-0.08%"
"05/12/2003","129.700","129.700","129.700","129.700","","-0.08%"
"05/09/2003","129.800","129.800","129.800","129.800","","0.00%"
"05/08/2003","129.800","129.800","129.800","129.800","","-0.08%"
"05/07/2003","129.900","129.900","129.900","129.900","","0.31%"
"05/06/2003","129.500","129.500","129.500","129.500","","-0.77%"
"05/05/2003","130.500","130.500","130.500","130.500","","0.00%"
"05/02/2003","130.500","130.500","130.500","130.500","","0.00%"
"05/01/2003","130.500","130.500","130.500","130.500","","0.00%"
"04/30/2003","130.500","130.500","130.500","130.500","","0.00%"
"04/29/2003","130.500","130.500","130.500","130.500","","1.01%"
"04/28/2003","129.200","129.200","129.200","129.200","","-0.69%"
"04/25/2003","130.100","130.100","130.100","130.100","","0.00%"
"04/24/2003","130.100","130.100","130.100","130.100","","-0.31%"
"04/23/2003","130.500","130.500","130.500","130.500","","0.00%"
"04/22/2003","130.500","130.500","130.500","130.500","","0.15%"
"04/21/2003","130.300","130.300","130.300","130.300","","0.00%"
"04/18/2003","130.300","130.300","130.300","130.300","","0.00%"
"04/17/2003","130.300","130.300","130.300","130.300","","-0.31%"
"04/16/2003","130.700","130.700","130.700","130.700","","-0.23%"
"04/15/2003","131.000","131.000","131.000","131.000","","0.31%"
"04/14/2003","130.600","130.600","130.600","130.600","","0.08%"
"04/11/2003","130.500","130.500","130.500","130.500","","-0.08%"
"04/10/2003","130.600","130.600","130.600","130.600","","-0.31%"
"04/09/2003","131.000","131.000","131.000","131.000","","0.38%"
"04/08/2003","130.500","130.500","130.500","130.500","","0.23%"
"04/07/2003","130.200","130.200","130.200","130.200","","0.08%"
"04/04/2003","130.100","130.100","130.100","130.100","","0.54%"
"04/03/2003","129.400","129.400","129.400","129.400","","-0.04%"
"04/02/2003","129.450","129.450","129.450","129.450","","-0.08%"
"04/01/2003","129.550","129.550","129.550","129.550","","0.00%"
"03/31/2003","129.550","129.550","129.550","129.550","","0.27%"
"03/28/2003","129.200","129.200","129.200","129.200","","0.00%"
"03/27/2003","129.200","129.200","129.200","129.200","","-0.08%"
"03/26/2003","129.300","129.300","129.300","129.300","","-0.15%"
"03/25/2003","129.500","129.500","129.500","129.500","","0.00%"
"03/24/2003","129.500","129.500","129.500","129.500","","0.08%"
"03/21/2003","129.400","129.400","129.400","129.400","","-0.04%"
"03/20/2003","129.450","129.450","129.450","129.450","","0.15%"
"03/19/2003","129.250","129.250","129.250","129.250","","-0.19%"
"03/18/2003","129.500","129.500","129.500","129.500","","0.12%"
"03/17/2003","129.350","129.350","129.350","129.350","","0.00%"
"03/14/2003","129.350","129.350","129.350","129.350","","-0.04%"
"03/13/2003","129.400","129.400","129.400","129.400","","-0.31%"
"03/12/2003","129.800","129.800","129.800","129.800","","0.85%"
"03/11/2003","128.700","128.700","128.700","128.700","","-0.31%"
"03/10/2003","129.100","129.100","129.100","129.100","","0.47%"
"03/07/2003","128.500","128.500","128.500","128.500","","0.00%"
"03/06/2003","128.500","128.500","128.500","128.500","","0.08%"
"03/05/2003","128.400","128.400","128.400","128.400","","0.04%"
"03/04/2003","128.350","128.350","128.350","128.350","","0.00%"
"03/03/2003","128.350","128.350","128.350","128.350","","0.43%"
"02/28/2003","127.800","127.800","127.800","127.800","","-0.39%"
"02/27/2003","128.300","128.300","128.300","128.300","","0.00%"
"02/26/2003","128.300","128.300","128.300","128.300","","0.00%"
"02/25/2003","128.300","128.300","128.300","128.300","","-0.12%"
"02/24/2003","128.450","128.450","128.450","128.450","","0.04%"
"02/21/2003","128.400","128.400","128.400","128.400","","-0.08%"
"02/20/2003","128.500","128.500","128.500","128.500","","0.00%"
"02/19/2003","128.500","128.500","128.500","128.500","","0.71%"
"02/18/2003","127.600","127.600","127.600","127.600","","-0.78%"
"02/17/2003","128.600","128.600","128.600","128.600","","-0.08%"
"02/14/2003","128.700","128.700","128.700","128.700","","0.00%"
"02/13/2003","128.700","128.700","128.700","128.700","","0.55%"
"02/12/2003","128.000","128.000","128.000","128.000","","0.00%"
"02/11/2003","128.000","128.000","128.000","128.000","","-0.47%"
"02/10/2003","128.600","128.600","128.600","128.600","","0.47%"
"02/07/2003","128.000","128.000","128.000","128.000","","-0.19%"
"02/06/2003","128.250","128.250","128.250","128.250","","0.20%"
"02/05/2003","128.000","128.000","128.000","128.000","","-0.04%"
"02/04/2003","128.050","128.050","128.050","128.050","","0.12%"
"02/03/2003","127.900","127.900","127.900","127.900","","0.16%"
"01/31/2003","127.700","127.700","127.700","127.700","","-0.23%"
"01/30/2003","128.000","128.000","128.000","128.000","","0.00%"
"01/29/2003","128.000","128.000","128.000","128.000","","-0.66%"
"01/28/2003","128.850","128.850","128.850","128.850","","-0.12%"
"01/27/2003","129.000","129.000","129.000","129.000","","0.78%"
"01/24/2003","128.000","128.000","128.000","128.000","","-0.78%"
"01/23/2003","129.000","129.000","129.000","129.000","","-0.08%"
"01/22/2003","129.100","129.100","129.100","129.100","","0.23%"
"01/21/2003","128.800","128.800","128.800","128.800","","0.08%"
"01/20/2003","128.700","128.700","128.700","128.700","","-0.39%"
"01/17/2003","129.200","129.200","129.200","129.200","","0.00%"
"01/16/2003","129.200","129.200","129.200","129.200","","2.54%"
"01/15/2003","126.000","126.000","126.000","126.000","","-2.40%"
"01/14/2003","129.100","129.100","129.100","129.100","","0.31%"
"01/13/2003","128.700","128.700","128.700","128.700","","0.12%"
"01/10/2003","128.550","128.550","128.550","128.550","","-0.04%"
"01/09/2003","128.600","128.600","128.600","128.600","","0.27%"
"01/08/2003","128.250","128.250","128.250","128.250","","0.00%"
"01/07/2003","128.250","128.250","128.250","128.250","","-0.43%"
"01/06/2003","128.800","128.800","128.800","128.800","","-1.04%"
"01/03/2003","130.150","130.150","130.150","130.150","","0.23%"
"01/02/2003","129.850","129.850","129.850","129.850","","4.00%"
"01/01/2003","124.850","124.850","124.850","124.850","","0.00%"