"Date","Price","Open","High","Low","Vol.","Change %"
"03/17/2022","602.820","594.430","595.840","588.830","","-0.44%"
"03/16/2022","605.485","598.360","598.940","593.260","","-0.09%"
"03/15/2022","606.005","599.430","600.030","593.260","","1.08%"
"03/14/2022","599.540","592.000","599.810","592.000","","-1.44%"
"03/11/2022","608.330","593.950","601.630","591.000","","2.93%"
"03/10/2022","591.000","592.180","598.000","590.530","","-2.53%"
"03/09/2022","606.355","601.630","602.290","591.060","","-0.53%"
"03/08/2022","609.585","603.900","604.570","592.000","","0.89%"
"03/07/2022","604.230","589.000","606.920","589.000","","-0.09%"
"03/04/2022","604.750","592.660","602.460","588.000","","1.12%"
"03/03/2022","598.070","589.730","594.430","585.000","","0.50%"
"03/02/2022","595.090","589.470","593.140","582.000","","-0.13%"
"03/01/2022","595.885","584.740","591.430","581.000","","0.40%"
"02/28/2022","593.520","578.000","587.510","578.000","","2.69%"
"02/25/2022","578.000","586.040","587.410","575.000","","-1.36%"
"02/24/2022","585.940","580.030","590.530","575.000","","-0.14%"
"02/23/2022","586.780","579.060","580.390","575.000","","0.16%"
"02/22/2022","585.850","579.880","581.060","574.000","","-0.18%"
"02/21/2022","586.905","575.590","580.130","573.710","","2.25%"
"02/18/2022","574.000","577.220","578.450","573.980","","-2.12%"
"02/17/2022","586.430","576.610","579.260","574.000","","0.03%"
"02/16/2022","586.260","577.430","578.140","573.650","","0.25%"
"02/15/2022","584.770","580.030","580.340","572.000","","-0.10%"
"02/14/2022","585.360","575.440","581.420","572.000","","2.16%"
"02/11/2022","573.000","573.990","576.870","572.790","","-1.55%"
"02/10/2022","582.020","574.090","576.060","570.550","","-0.01%"
"02/09/2022","582.095","574.030","574.440","572.010","","0.08%"
"02/08/2022","581.645","573.190","575.550","570.730","","-0.70%"
"02/07/2022","585.725","571.720","574.590","569.920","","0.22%"
"02/04/2022","584.445","573.340","578.000","569.570","","-0.81%"
"02/03/2022","589.245","580.130","582.090","572.740","","-0.58%"
"02/02/2022","592.690","581.880","582.940","578.780","","-0.29%"
"02/01/2022","594.385","583.750","584.530","580.000","","-0.02%"
"01/31/2022","594.500","587.820","588.460","579.050","","0.24%"
"01/28/2022","593.105","588.410","589.730","578.000","","0.79%"
"01/27/2022","588.460","583.490","589.200","578.000","","-0.33%"
"01/26/2022","590.395","580.390","583.800","577.000","","0.39%"
"01/25/2022","588.110","578.900","582.350","577.000","","0.13%"
"01/24/2022","587.325","578.530","580.960","574.750","","0.40%"
"01/21/2022","584.985","579.040","579.160","575.020","","-0.04%"
"01/20/2022","585.245","578.240","578.850","574.650","","0.03%"
"01/19/2022","585.085","579.110","579.470","573.670","","0.10%"
"01/18/2022","584.515","574.850","579.670","571.600","","0.03%"
"01/17/2022","584.360","573.240","575.750","570.170","","-0.14%"
"01/14/2022","585.180","572.590","574.140","568.820","","0.12%"
"01/13/2022","584.455","575.000","576.450","570.000","","1.64%"
"01/12/2022","575.000","577.020","577.630","573.690","","-2.11%"
"01/11/2022","587.390","579.060","579.770","575.000","","-0.10%"
"01/10/2022","588.005","577.680","581.210","575.970","","0.11%"
"01/07/2022","587.340","580.750","580.960","576.000","","-0.40%"
"01/06/2022","589.690","579.670","581.210","576.000","","0.39%"
"01/05/2022","587.415","581.210","581.630","575.000","","-0.33%"
"01/04/2022","589.355","575.000","581.830","575.000","","2.50%"
"01/03/2022","575.000","576.000","577.720","575.000","","-2.07%"
"12/31/2021","587.160","579.110","580.290","576.000","","-0.23%"
"12/30/2021","588.530","577.830","580.490","575.800","","0.12%"
"12/29/2021","587.840","578.200","581.830","576.000","","2.06%"
"12/28/2021","576.000","578.550","578.690","576.000","","-0.30%"
"12/27/2021","577.710","579.140","579.420","576.550","","-1.86%"
"12/24/2021","588.630","578.960","580.290","578.140","","0.04%"
"12/23/2021","588.400","579.160","580.960","575.710","","-0.02%"
"12/22/2021","588.505","580.520","582.040","578.000","","1.48%"
"12/21/2021","579.950","580.810","580.810","577.750","","-0.04%"
"12/20/2021","580.200","583.460","583.590","577.090","","-1.70%"
"12/17/2021","590.215","578.650","583.800","574.910","","0.39%"
"12/16/2021","587.895","581.030","581.030","577.330","","-0.38%"
"12/15/2021","590.135","582.560","584.480","577.680","","-0.13%"
"12/14/2021","590.905","580.190","582.870","578.000","","2.05%"
"12/13/2021","579.040","578.280","582.500","577.000","","0.35%"
"12/10/2021","577.000","580.750","582.240","577.000","","-2.37%"
"12/09/2021","591.005","578.290","581.570","576.000","","0.50%"
"12/08/2021","588.060","582.190","582.240","577.460","","-0.55%"
"12/07/2021","591.320","581.060","584.160","578.020","","0.53%"
"12/06/2021","588.225","579.470","582.190","577.570","","0.18%"
"12/03/2021","587.180","580.340","582.190","577.620","","-0.08%"
"12/02/2021","587.655","579.420","580.700","574.000","","0.09%"
"12/01/2021","587.140","578.500","580.340","574.000","","-0.22%"
"11/30/2021","588.410","580.800","583.750","576.160","","-0.50%"
"11/29/2021","591.345","580.610","582.610","578.000","","0.05%"
"11/26/2021","591.055","585.150","585.310","579.310","","-0.63%"
"11/25/2021","594.805","585.680","585.680","581.930","","0.43%"
"11/24/2021","592.265","583.180","586.360","580.000","","0.27%"
"11/23/2021","590.645","583.800","584.270","580.000","","0.33%"
"11/22/2021","588.695","579.920","584.060","576.790","","0.33%"
"11/19/2021","586.735","576.770","583.020","574.800","","0.42%"
"11/18/2021","584.290","579.420","579.720","576.240","","0.85%"
"11/17/2021","579.360","579.310","582.300","571.020","","-0.01%"
"11/16/2021","579.420","576.870","579.930","570.710","","-0.41%"
"11/15/2021","581.820","563.000","577.580","563.000","","2.52%"
"11/12/2021","567.540","572.690","573.690","563.000","","-2.27%"
"11/11/2021","580.720","563.000","577.360","563.000","","3.15%"
"11/10/2021","563.000","565.280","565.550","563.000","","-0.31%"
"11/09/2021","564.770","565.830","565.830","562.910","","-0.09%"
"11/08/2021","565.280","567.860","567.860","564.860","","-1.75%"
"11/05/2021","575.330","567.680","569.700","564.670","","0.03%"
"11/04/2021","575.150","564.850","568.960","563.000","","0.13%"
"11/03/2021","574.390","566.460","567.290","562.000","","-0.01%"
"11/02/2021","574.475","564.990","566.650","562.210","","0.12%"
"11/01/2021","573.815","565.140","568.030","560.850","","0.08%"
"10/29/2021","573.345","561.560","568.470","560.850","","0.51%"
"10/28/2021","570.435","565.090","566.310","560.930","","-0.29%"
"10/27/2021","572.090","565.240","566.160","562.000","","0.03%"
"10/26/2021","571.895","564.990","566.160","562.000","","-0.18%"
"10/25/2021","572.905","561.590","565.920","559.670","","1.99%"
"10/22/2021","561.740","564.310","564.410","560.000","","-2.09%"
"10/21/2021","573.745","563.000","564.460","560.000","","0.12%"
"10/20/2021","573.070","563.780","564.600","560.000","","0.01%"
"10/19/2021","573.025","564.850","565.040","560.000","","-0.10%"
"10/18/2021","573.610","565.430","566.600","562.020","","-0.20%"
"10/15/2021","574.755","565.580","566.020","562.020","","-0.11%"
"10/14/2021","575.410","565.770","566.210","562.630","","0.05%"
"10/13/2021","575.115","568.910","568.960","564.750","","-0.29%"
"10/12/2021","576.815","567.780","569.160","564.610","","-0.02%"
"10/11/2021","576.930","566.860","567.930","563.640","","0.08%"
"10/08/2021","576.455","567.830","568.270","564.000","","0.21%"
"10/07/2021","575.220","565.270","567.980","563.000","","2.17%"
"10/06/2021","563.000","561.000","565.840","561.000","","0.36%"
"10/05/2021","561.000","562.000","563.440","561.000","","-0.18%"
"10/04/2021","562.000","565.400","565.400","562.000","","-1.79%"
"10/01/2021","572.220","566.210","567.240","560.910","","-0.06%"
"09/30/2021","572.560","565.530","567.240","558.770","","0.23%"
"09/29/2021","571.225","561.410","565.970","558.770","","0.36%"
"09/28/2021","569.170","560.740","562.140","557.000","","0.05%"
"09/27/2021","568.880","559.770","561.130","557.000","","0.14%"
"09/24/2021","568.060","558.690","560.600","555.750","","0.11%"
"09/23/2021","567.445","561.170","561.410","556.010","","-0.33%"
"09/22/2021","569.300","559.360","561.320","556.000","","0.49%"
"09/21/2021","566.535","559.260","559.880","556.000","","-0.09%"
"09/20/2021","567.035","554.000","560.600","554.000","","0.39%"
"09/17/2021","564.840","557.360","559.210","552.000","","-0.03%"
"09/16/2021","565.000","555.140","558.170","552.000","","0.07%"
"09/15/2021","564.580","555.610","555.900","551.810","","0.21%"
"09/14/2021","563.415","555.330","555.850","551.810","","0.01%"
"09/13/2021","563.345","554.780","557.270","551.670","","0.06%"
"09/10/2021","563.010","554.630","555.000","552.910","","0.16%"
"09/09/2021","562.100","555.000","555.610","552.030","","-0.08%"
"09/08/2021","562.525","553.920","555.750","549.000","","0.03%"
"09/07/2021","562.360","552.570","554.110","549.000","","0.13%"
"09/06/2021","561.635","552.050","553.270","549.140","","0.02%"
"09/03/2021","561.495","552.340","552.760","549.510","","-0.11%"
"09/02/2021","562.140","553.880","554.250","550.950","","-0.15%"
"09/01/2021","562.980","549.780","555.240","549.270","","0.29%"
"08/31/2021","561.330","550.380","551.980","548.060","","-0.05%"
"08/30/2021","561.635","554.340","554.990","550.010","","-0.43%"
"08/27/2021","564.065","552.540","554.590","550.150","","0.07%"
"08/26/2021","563.645","551.600","555.000","551.180","","0.00%"
"08/25/2021","563.625","552.440","555.280","551.460","","-0.14%"
"08/24/2021","564.430","557.000","557.850","551.880","","1.33%"
"08/23/2021","557.000","558.000","559.360","552.870","","-0.18%"
"08/20/2021","558.000","556.090","558.000","554.990","","-1.20%"
"08/19/2021","564.785","554.380","557.410","554.140","","0.18%"
"08/18/2021","563.750","554.520","556.530","552.960","","-0.06%"
"08/17/2021","564.090","551.360","556.070","550.940","","0.08%"
"08/16/2021","563.665","553.130","554.610","550.660","","0.09%"
"08/13/2021","563.130","557.370","557.370","550.060","","-0.48%"
"08/12/2021","565.870","553.150","556.010","552.680","","0.43%"
"08/11/2021","563.440","554.000","556.030","552.440","","0.09%"
"08/10/2021","562.930","555.710","555.730","553.100","","0.32%"
"08/09/2021","561.120","551.000","554.580","550.450","","0.14%"
"08/06/2021","560.330","548.660","552.440","548.570","","0.39%"
"08/05/2021","558.130","548.570","551.080","547.600","","-0.01%"
"08/04/2021","558.185","547.370","549.680","545.620","","0.19%"
"08/03/2021","557.125","547.090","549.390","545.940","","-0.44%"
"08/02/2021","559.560","551.110","551.110","545.760","","1.80%"
"07/30/2021","549.640","550.000","550.600","549.640","","-0.07%"
"07/29/2021","550.000","553.680","553.680","549.650","","-2.21%"
"07/28/2021","562.410","549.500","554.160","548.850","","0.14%"
"07/27/2021","561.600","550.200","554.000","548.340","","-0.02%"
"07/26/2021","561.735","554.000","555.700","549.450","","1.40%"
"07/23/2021","554.000","551.650","554.190","550.850","","-1.29%"
"07/22/2021","561.235","550.570","555.090","548.850","","0.10%"
"07/21/2021","560.695","551.220","555.090","550.010","","-0.05%"
"07/20/2021","561.000","550.240","552.590","550.060","","0.07%"
"07/19/2021","560.580","549.870","552.820","549.130","","-0.13%"
"07/16/2021","561.315","552.390","552.390","549.220","","0.20%"
"07/15/2021","560.185","548.480","552.050","547.880","","0.11%"
"07/14/2021","559.590","551.360","552.050","548.430","","-0.17%"
"07/13/2021","560.530","547.280","551.600","546.770","","0.23%"
"07/12/2021","559.240","550.000","551.150","546.810","","-0.06%"
"07/09/2021","559.565","552.000","552.950","546.490","","1.37%"
"07/08/2021","552.000","553.230","553.230","551.920","","-1.42%"
"07/07/2021","559.945","549.170","551.730","548.480","","-0.16%"
"07/06/2021","560.865","547.320","551.170","545.850","","0.17%"
"07/05/2021","559.895","550.000","552.310","546.540","","1.80%"
"07/02/2021","550.000","547.970","550.820","547.460","","-1.46%"
"07/01/2021","558.135","547.640","550.000","546.350","","0.09%"
"06/30/2021","557.645","545.800","549.650","545.210","","0.31%"
"06/29/2021","555.935","544.430","547.520","544.200","","0.14%"
"06/28/2021","555.170","546.000","549.720","543.660","","1.56%"
"06/25/2021","546.640","544.200","546.640","542.200","","-1.72%"
"06/24/2021","556.210","544.340","546.410","543.070","","-0.03%"
"06/23/2021","556.400","543.750","547.770","542.430","","-0.08%"
"06/22/2021","556.865","548.830","549.160","543.200","","0.03%"
"06/21/2021","556.675","541.000","548.080","541.000","","2.90%"
"06/18/2021","541.000","545.300","548.110","538.530","","-1.94%"
"06/17/2021","551.680","541.390","546.600","538.000","","0.37%"
"06/16/2021","549.670","539.240","541.390","535.360","","0.44%"
"06/15/2021","547.260","540.070","540.070","535.060","","1.53%"
"06/14/2021","538.990","539.400","540.730","535.850","","-1.23%"
"06/11/2021","545.680","533.470","538.370","532.420","","0.25%"
"06/10/2021","544.340","533.120","534.900","532.420","","-0.06%"
"06/09/2021","544.670","533.430","535.510","531.420","","0.10%"
"06/08/2021","544.140","532.730","535.900","532.420","","0.07%"
"06/07/2021","543.765","536.360","537.790","532.120","","-0.15%"
"06/04/2021","544.560","535.410","537.790","532.820","","0.04%"
"06/03/2021","544.345","531.730","537.000","531.510","","0.24%"
"06/02/2021","543.050","531.600","534.650","531.030","","-0.19%"
"06/01/2021","544.095","531.070","535.000","529.860","","-0.04%"
"05/31/2021","544.315","535.090","536.530","530.860","","0.41%"
"05/28/2021","542.100","532.470","535.230","532.030","","-0.02%"
"05/27/2021","542.185","532.600","534.050","531.550","","-0.15%"
"05/26/2021","543.005","529.990","533.070","529.470","","0.16%"
"05/25/2021","542.155","531.470","535.000","529.340","","-0.14%"
"05/24/2021","542.920","534.000","536.220","530.900","","1.37%"
"05/21/2021","535.560","530.990","535.560","530.470","","-1.33%"
"05/20/2021","542.790","533.470","534.290","530.940","","-0.21%"
"05/19/2021","543.945","531.380","534.000","530.250","","-0.11%"
"05/18/2021","544.525","534.310","535.040","530.730","","-0.50%"
"05/17/2021","547.285","540.000","540.300","533.560","","1.35%"
"05/14/2021","540.000","537.450","540.080","534.480","","-1.61%"
"05/13/2021","548.810","537.890","540.000","536.290","","-0.03%"
"05/12/2021","548.965","534.530","538.200","534.350","","0.30%"
"05/11/2021","547.305","535.360","538.950","533.040","","-0.22%"
"05/10/2021","548.490","538.930","539.130","533.170","","1.84%"
"05/07/2021","538.560","540.610","541.920","538.560","","-2.23%"
"05/06/2021","550.865","540.850","542.870","537.850","","-0.40%"
"05/05/2021","553.100","540.400","542.860","539.860","","0.54%"
"05/04/2021","550.110","538.250","541.700","538.160","","0.01%"
"05/03/2021","550.065","543.750","544.400","537.670","","-0.27%"
"04/30/2021","551.565","538.000","542.450","536.430","","2.52%"
"04/29/2021","538.000","535.450","540.000","534.400","","-1.73%"
"04/28/2021","547.485","537.000","540.350","535.060","","-0.23%"
"04/27/2021","548.745","537.360","540.290","536.910","","-0.07%"
"04/26/2021","549.105","539.800","540.830","536.200","","-0.26%"
"04/23/2021","550.555","540.440","541.730","537.670","","-0.11%"
"04/22/2021","551.180","539.500","542.190","537.940","","0.08%"
"04/21/2021","550.755","539.500","542.490","539.100","","-0.20%"
"04/20/2021","551.845","539.460","540.850","537.490","","-0.07%"
"04/19/2021","552.205","546.510","548.460","538.920","","1.32%"
"04/16/2021","545.000","545.000","546.000","544.290","","0.00%"
"04/15/2021","545.000","542.020","545.000","541.340","","-1.77%"
"04/14/2021","554.830","543.430","545.330","541.660","","-0.18%"
"04/13/2021","555.820","545.160","547.800","543.070","","-0.27%"
"04/12/2021","557.325","548.000","550.340","544.750","","1.70%"
"04/09/2021","548.000","545.030","548.850","544.710","","-1.97%"
"04/08/2021","558.985","547.180","548.260","544.390","","-0.47%"
"04/07/2021","561.600","546.770","552.390","544.930","","0.02%"
"04/06/2021","561.505","549.730","555.000","546.630","","-0.39%"
"04/05/2021","563.705","555.000","556.250","549.310","","1.57%"
"04/02/2021","555.000","555.000","555.280","554.780","","0.00%"
"04/01/2021","555.000","556.000","557.560","552.400","","-0.18%"
"03/31/2021","556.000","554.190","556.230","552.580","","-1.46%"
"03/30/2021","564.245","551.930","556.190","551.460","","0.32%"
"03/29/2021","562.425","553.000","556.000","550.620","","1.70%"
"03/26/2021","553.000","551.930","553.230","550.010","","-1.32%"
"03/25/2021","560.420","549.680","552.900","548.940","","0.35%"
"03/24/2021","558.475","552.010","552.010","547.000","","-0.18%"
"03/23/2021","559.500","544.110","550.460","543.750","","0.72%"
"03/22/2021","555.490","549.430","551.420","543.470","","-0.46%"
"03/19/2021","558.075","546.000","548.350","544.570","","2.21%"
"03/18/2021","546.000","542.070","548.000","541.570","","-1.54%"
"03/17/2021","554.540","545.530","548.250","541.750","","-0.31%"
"03/16/2021","556.255","544.290","547.500","543.250","","0.26%"
"03/15/2021","554.790","546.000","549.190","543.930","","1.60%"
"03/12/2021","546.050","543.610","546.240","543.290","","-0.96%"
"03/11/2021","551.360","548.000","548.000","542.020","","0.61%"
"03/10/2021","548.000","549.780","550.810","547.910","","-0.10%"
"03/09/2021","548.570","552.150","552.150","548.570","","-0.31%"
"03/08/2021","550.290","542.000","550.290","542.000","","1.53%"
"03/05/2021","542.000","542.520","545.940","541.190","","-1.87%"
"03/04/2021","552.340","538.200","542.880","538.070","","0.45%"
"03/03/2021","549.880","537.050","541.190","536.030","","0.44%"
"03/02/2021","547.490","541.930","541.930","536.870","","0.32%"
"03/01/2021","545.760","538.330","542.990","536.620","","0.00%"
"02/26/2021","545.780","533.210","536.960","532.860","","0.15%"
"02/25/2021","544.985","533.740","535.910","530.340","","-0.05%"
"02/24/2021","545.270","534.440","537.000","533.300","","-0.10%"
"02/23/2021","545.840","534.130","538.000","533.080","","-0.23%"
"02/22/2021","547.095","539.000","540.620","533.520","","1.50%"
"02/19/2021","539.000","537.050","539.190","534.660","","-1.58%"
"02/18/2021","547.645","539.370","539.550","536.830","","-0.22%"
"02/17/2021","548.850","536.380","540.040","536.120","","0.36%"
"02/16/2021","546.880","535.360","538.020","533.520","","-0.09%"
"02/15/2021","547.380","538.860","539.850","534.790","","-0.03%"
"02/12/2021","547.555","538.100","538.100","535.360","","-0.26%"
"02/11/2021","548.970","535.850","540.000","534.440","","-0.04%"
"02/10/2021","549.195","535.810","540.000","534.660","","-0.14%"
"02/09/2021","549.970","542.000","543.000","535.630","","1.47%"
"02/08/2021","542.000","543.200","545.320","538.120","","-1.96%"
"02/05/2021","552.810","542.750","544.840","538.830","","0.09%"
"02/04/2021","552.295","539.550","547.000","539.140","","0.50%"
"02/03/2021","549.550","539.280","542.170","538.830","","0.25%"
"02/02/2021","548.195","538.380","540.670","536.860","","-0.07%"
"02/01/2021","548.590","538.000","540.160","536.430","","1.97%"
"01/29/2021","538.000","535.590","538.440","534.130","","-1.51%"
"01/28/2021","546.225","536.120","537.840","534.750","","-0.01%"
"01/27/2021","546.300","533.960","538.560","533.520","","0.31%"
"01/26/2021","544.590","534.880","541.000","533.250","","-0.23%"
"01/25/2021","545.845","537.150","538.860","533.820","","-0.15%"
"01/22/2021","546.670","533.780","537.580","532.640","","0.18%"
"01/21/2021","545.690","536.380","540.060","533.390","","-0.50%"
"01/20/2021","548.435","535.410","537.670","534.040","","0.44%"
"01/19/2021","546.010","537.670","539.010","534.620","","-0.67%"
"01/18/2021","549.715","539.960","541.550","537.000","","2.37%"
"01/15/2021","537.000","534.040","537.450","533.820","","-1.49%"
"01/14/2021","545.095","534.090","537.170","533.120","","0.04%"
"01/13/2021","544.900","531.810","535.560","531.200","","0.54%"
"01/12/2021","541.960","534.350","535.770","528.890","","-0.68%"
"01/11/2021","545.660","533.930","537.760","531.570","","1.13%"
"01/08/2021","539.550","533.690","533.690","528.570","","-0.30%"
"01/07/2021","541.200","530.130","532.190","527.790","","0.39%"
"01/06/2021","539.105","532.960","532.960","525.960","","1.30%"
"01/05/2021","532.190","532.000","533.000","531.640","","0.04%"
"01/04/2021","532.000","534.000","535.480","531.010","","0.18%"
"01/01/2021","531.050","531.050","531.050","531.050","","-1.99%"
"12/31/2020","541.820","530.510","531.640","527.750","","0.14%"
"12/30/2020","541.070","530.080","533.000","527.450","","-0.24%"
"12/29/2020","542.385","531.510","533.130","528.950","","-0.16%"
"12/28/2020","543.230","536.340","537.360","530.030","","1.60%"
"12/25/2020","534.680","534.680","534.680","534.680","","-1.85%"
"12/24/2020","544.750","532.730","537.180","531.510","","0.13%"
"12/23/2020","544.025","533.820","534.850","531.290","","0.25%"
"12/22/2020","542.695","534.570","534.570","529.730","","0.00%"
"12/21/2020","542.675","533.690","537.150","530.640","","-0.17%"
"12/18/2020","543.610","533.000","534.070","529.260","","1.99%"
"12/17/2020","533.000","532.210","536.000","529.260","","-2.05%"
"12/16/2020","544.180","534.220","536.470","531.730","","-0.35%"
"12/15/2020","546.095","538.500","538.500","533.520","","0.78%"
"12/14/2020","541.875","541.120","541.150","537.010","","0.15%"
"12/11/2020","541.070","539.000","541.070","537.770","","0.38%"
"12/10/2020","539.000","539.240","541.890","539.000","","0.20%"
"12/09/2020","537.940","537.000","539.270","536.660","","0.18%"
"12/08/2020","537.000","537.000","539.200","537.000","","0.00%"
"12/07/2020","537.000","537.310","540.810","536.360","","-2.40%"
"12/04/2020","550.210","534.700","538.000","533.170","","0.10%"
"12/03/2020","549.685","536.120","540.000","533.250","","-0.12%"
"12/02/2020","550.345","544.000","544.000","535.760","","1.17%"
"12/01/2020","544.000","544.250","545.000","538.700","","-2.25%"
"11/30/2020","556.505","547.000","548.550","540.890","","1.74%"
"11/27/2020","547.000","547.940","547.940","542.790","","-1.82%"
"11/26/2020","557.150","547.510","547.510","544.290","","0.11%"
"11/25/2020","556.550","548.880","548.880","544.250","","-0.27%"
"11/24/2020","558.075","548.380","550.710","545.900","","-0.32%"
"11/23/2020","559.865","550.010","551.710","545.350","","0.21%"
"11/20/2020","558.700","546.770","551.580","546.030","","0.07%"
"11/19/2020","558.295","549.000","550.330","546.450","","1.69%"
"11/18/2020","549.000","547.370","549.510","546.030","","-1.94%"
"11/17/2020","559.860","550.670","550.840","545.900","","-0.18%"
"11/16/2020","560.855","552.000","552.000","547.090","","1.60%"
"11/13/2020","552.000","549.960","552.460","547.000","","-1.30%"
"11/12/2020","559.280","551.360","553.430","547.000","","-0.60%"
"11/11/2020","562.660","553.190","554.150","549.730","","0.31%"
"11/10/2020","560.900","549.640","551.770","548.250","","0.05%"
"11/09/2020","560.600","549.250","551.060","544.710","","-0.19%"
"11/06/2020","561.675","549.170","551.500","546.030","","-0.33%"
"11/05/2020","563.540","553.760","555.780","547.460","","-0.64%"
"11/04/2020","567.160","554.140","559.680","551.650","","0.10%"
"11/03/2020","566.615","555.800","561.460","553.060","","-0.24%"
"11/02/2020","568.000","559.510","562.670","557.040","","0.17%"
"10/30/2020","567.050","560.140","560.740","554.760","","0.41%"
"10/29/2020","564.715","552.000","558.320","551.930","","2.30%"
"10/28/2020","552.000","552.000","555.440","551.790","","0.00%"
"10/27/2020","552.000","551.000","552.930","548.430","","-1.73%"
"10/26/2020","561.700","552.000","553.240","548.940","","1.76%"
"10/23/2020","552.000","553.900","553.900","551.030","","0.01%"
"10/22/2020","551.950","551.710","552.130","549.580","","0.40%"
"10/21/2020","549.750","553.120","553.120","549.750","","-1.26%"
"10/20/2020","556.770","555.630","555.630","552.010","","0.44%"
"10/19/2020","554.310","558.170","559.110","554.310","","-0.47%"
"10/16/2020","556.920","558.550","558.550","556.880","","-0.03%"
"10/15/2020","557.090","556.410","558.120","554.840","","-1.24%"
"10/14/2020","564.110","552.770","555.610","551.600","","0.02%"
"10/13/2020","564.015","552.000","554.790","550.240","","2.18%"
"10/12/2020","552.000","552.130","553.680","549.410","","-1.77%"
"10/09/2020","561.970","555.050","555.050","548.760","","-0.18%"
"10/08/2020","562.960","555.310","556.400","551.690","","-0.26%"
"10/07/2020","564.415","555.050","556.430","551.080","","0.07%"
"10/06/2020","564.040","556.000","556.000","550.100","","1.45%"
"10/05/2020","556.000","557.450","558.400","550.340","","-1.86%"
"10/02/2020","566.525","557.490","557.490","553.290","","1.89%"
"10/01/2020","556.000","556.000","557.830","551.650","","0.00%"
"09/30/2020","556.000","552.960","556.200","552.350","","-1.94%"
"09/29/2020","567.020","561.000","561.380","552.770","","1.07%"
"09/28/2020","561.000","562.790","563.680","555.990","","-1.47%"
"09/25/2020","569.360","559.410","560.990","557.090","","0.61%"
"09/24/2020","565.880","556.800","558.980","555.850","","0.13%"
"09/23/2020","565.165","558.820","558.820","554.050","","0.29%"
"09/22/2020","563.555","550.000","556.190","550.000","","2.46%"
"09/21/2020","550.000","551.700","554.620","547.090","","-0.08%"
"09/18/2020","550.440","548.010","552.270","547.050","","-1.38%"
"09/17/2020","558.135","549.550","553.240","547.780","","-0.25%"
"09/16/2020","559.530","547.970","550.850","546.450","","0.07%"
"09/15/2020","559.150","547.090","550.000","545.620","","-0.02%"
"09/14/2020","559.270","551.270","553.430","546.170","","-0.45%"
"09/11/2020","561.820","551.900","551.900","546.770","","2.23%"
"09/10/2020","549.570","550.200","553.060","548.570","","-2.11%"
"09/09/2020","561.400","551.870","554.870","548.660","","-0.15%"
"09/08/2020","562.255","552.540","554.030","549.310","","0.10%"
"09/07/2020","561.680","551.320","552.730","547.970","","0.44%"
"09/04/2020","559.245","542.000","552.160","542.000","","3.18%"
"09/03/2020","542.000","547.690","551.520","542.000","","-2.83%"
"09/02/2020","557.770","545.120","550.470","544.250","","0.24%"
"09/01/2020","556.435","543.980","548.620","540.530","","-0.32%"
"08/31/2020","558.210","548.180","549.500","542.610","","-0.05%"
"08/28/2020","558.480","549.270","550.880","544.710","","-0.33%"
"08/27/2020","560.305","548.800","551.970","545.570","","-0.28%"
"08/26/2020","561.870","553.260","553.260","548.430","","-0.18%"
"08/25/2020","562.860","550.570","552.050","548.200","","0.32%"
"08/24/2020","561.090","553.850","554.950","547.970","","-0.01%"
"08/21/2020","561.130","548.000","553.080","548.000","","2.06%"
"08/20/2020","549.800","545.530","550.640","545.530","","-1.52%"
"08/19/2020","558.295","546.930","548.770","543.290","","0.00%"
"08/18/2020","558.315","547.050","548.810","542.610","","-0.27%"
"08/17/2020","559.800","551.020","552.330","546.490","","-0.28%"
"08/14/2020","561.385","553.770","553.770","547.880","","-0.47%"
"08/13/2020","564.045","550.990","554.000","547.280","","0.11%"
"08/12/2020","563.425","556.670","556.670","549.550","","1.63%"
"08/11/2020","554.370","556.950","558.190","549.920","","-0.02%"
"08/10/2020","554.460","553.590","554.870","548.210","","-1.21%"
"08/07/2020","561.240","549.490","552.400","548.110","","0.12%"
"08/06/2020","560.585","547.320","552.000","544.890","","0.21%"
"08/05/2020","559.410","554.720","554.720","545.390","","-0.85%"
"08/04/2020","564.190","552.710","564.280","550.060","","-0.08%"
"08/03/2020","564.655","551.790","567.600","550.940","","0.18%"
"07/31/2020","563.655","548.060","553.960","545.210","","0.28%"
"07/30/2020","562.100","551.050","566.390","548.010","","-0.41%"
"07/29/2020","564.405","554.240","555.210","551.270","","-0.79%"
"07/28/2020","568.890","552.580","564.410","551.460","","0.02%"
"07/27/2020","568.775","552.800","565.620","551.130","","-2.50%"
"07/24/2020","583.340","569.510","570.000","557.900","","-0.24%"
"07/23/2020","584.755","570.740","571.730","558.480","","-0.11%"
"07/22/2020","585.370","563.220","573.710","559.680","","1.34%"
"07/21/2020","577.620","567.210","574.960","562.640","","-0.43%"
"07/20/2020","580.120","568.950","571.590","566.170","","0.14%"
"07/17/2020","579.315","570.350","571.000","567.410","","-0.56%"
"07/16/2020","582.575","571.430","571.430","567.460","","-0.20%"
"07/15/2020","583.735","574.000","574.490","566.960","","1.70%"
"07/14/2020","574.000","571.940","574.180","569.100","","-1.89%"
"07/13/2020","585.075","574.950","576.610","570.800","","-0.48%"
"07/10/2020","587.925","575.450","586.430","573.320","","0.06%"
"07/09/2020","587.600","573.170","578.000","571.000","","0.29%"
"07/08/2020","585.915","585.660","586.170","571.950","","-0.20%"
"07/07/2020","587.105","575.520","586.430","573.420","","-0.13%"
"07/06/2020","587.865","586.690","586.690","572.310","","-2.74%"
"07/03/2020","604.415","575.170","588.260","575.170","","0.00%"
"07/02/2020","604.415","577.040","587.740","574.430","","2.20%"
"07/01/2020","591.400","585.380","586.320","575.860","","-1.96%"
"06/30/2020","603.235","577.550","586.850","576.520","","2.18%"
"06/29/2020","590.360","585.280","585.280","575.200","","1.61%"
"06/26/2020","581.000","579.000","586.060","577.700","","0.35%"
"06/25/2020","579.000","577.040","586.060","575.730","","-1.90%"
"06/24/2020","590.200","574.690","580.000","574.030","","0.40%"
"06/23/2020","587.840","586.850","586.850","572.110","","-0.56%"
"06/22/2020","591.135","586.850","586.850","576.170","","0.28%"
"06/19/2020","589.510","585.540","586.850","573.510","","0.00%"
"06/18/2020","589.490","578.000","585.540","573.510","","2.00%"
"06/17/2020","577.920","576.470","585.280","575.860","","-1.57%"
"06/16/2020","587.115","574.630","578.890","572.210","","-0.02%"
"06/15/2020","587.220","577.780","580.490","565.850","","-0.16%"
"06/12/2020","588.175","574.640","578.010","572.560","","0.22%"
"06/11/2020","586.875","574.000","576.780","569.400","","2.24%"
"06/10/2020","574.000","579.000","579.000","570.100","","-0.48%"
"06/09/2020","576.780","573.390","583.180","571.300","","-2.39%"
"06/08/2020","590.920","575.000","582.090","573.620","","2.29%"
"06/05/2020","577.680","578.390","581.320","570.350","","-1.94%"
"06/04/2020","589.110","583.850","586.060","571.450","","0.14%"
"06/03/2020","588.285","588.050","588.050","576.780","","-2.69%"
"06/02/2020","604.570","590.010","590.800","579.920","","-0.16%"
"06/01/2020","605.550","588.000","591.600","582.110","","-0.13%"
"05/29/2020","606.345","592.400","592.940","582.580","","-0.07%"
"05/28/2020","606.745","597.520","597.520","585.570","","-0.42%"
"05/27/2020","609.305","596.970","600.250","588.600","","0.05%"
"05/26/2020","609.030","603.000","603.000","595.670","","-0.49%"
"05/25/2020","612.045","596.870","603.830","596.870","","0.09%"
"05/22/2020","611.520","599.700","603.000","593.790","","0.18%"
"05/21/2020","610.395","597.680","600.250","589.770","","0.32%"
"05/20/2020","608.420","600.470","602.550","590.310","","-0.25%"
"05/19/2020","609.935","601.620","603.000","591.490","","-0.23%"
"05/18/2020","611.355","602.000","607.310","594.580","","1.46%"
"05/15/2020","602.550","602.000","607.930","598.410","","-0.08%"
"05/14/2020","603.030","606.300","608.720","599.790","","-1.55%"
"05/13/2020","612.500","603.000","606.690","595.830","","1.81%"
"05/12/2020","601.590","606.810","608.160","596.540","","-1.98%"
"05/11/2020","613.765","605.780","607.460","598.740","","0.17%"
"05/08/2020","612.735","604.000","606.470","596.980","","1.45%"
"05/07/2020","604.000","607.590","609.230","599.060","","-1.35%"
"05/06/2020","612.265","605.240","608.330","598.520","","0.40%"
"05/05/2020","609.835","595.290","605.850","594.250","","0.06%"
"05/04/2020","609.475","596.430","603.310","593.000","","0.12%"
"05/01/2020","608.760","599.260","603.830","594.680","","-0.23%"
"04/30/2020","610.175","604.050","605.460","591.710","","-0.39%"
"04/29/2020","612.570","605.500","606.620","597.090","","-0.12%"
"04/28/2020","613.295","599.570","607.460","596.270","","0.12%"
"04/27/2020","612.545","608.580","608.580","597.810","","-0.24%"
"04/24/2020","614.020","608.550","611.410","600.070","","0.08%"
"04/23/2020","613.535","606.110","609.800","598.630","","-0.01%"
"04/22/2020","613.600","604.010","607.460","596.490","","0.51%"
"04/21/2020","610.465","597.700","606.190","597.200","","0.16%"
"04/20/2020","609.505","600.000","606.670","595.440","","-0.51%"
"04/17/2020","612.600","606.050","606.900","595.440","","-0.16%"
"04/16/2020","613.570","601.070","606.360","595.000","","0.41%"
"04/15/2020","611.080","597.350","604.120","593.490","","0.31%"
"04/14/2020","609.220","600.910","601.460","589.510","","-0.33%"
"04/13/2020","611.215","600.250","602.180","592.740","","0.10%"
"04/10/2020","610.615","600.250","602.460","596.980","","-0.01%"
"04/09/2020","610.670","604.390","604.940","591.330","","-0.34%"
"04/08/2020","612.740","602.120","618.810","595.440","","0.19%"
"04/07/2020","611.605","608.580","608.580","594.100","","-0.53%"
"04/06/2020","614.835","607.460","610.150","595.440","","0.13%"
"04/03/2020","614.020","604.720","609.150","595.440","","0.18%"
"04/02/2020","612.905","599.210","605.830","592.690","","0.45%"
"04/01/2020","610.150","596.160","600.800","591.000","","0.25%"
"03/31/2020","608.625","593.730","600.310","588.810","","2.51%"
"03/30/2020","593.730","587.780","595.730","587.780","","0.88%"
"03/27/2020","588.570","594.590","598.720","586.950","","-1.00%"
"03/26/2020","594.490","602.680","603.660","589.080","","-2.81%"
"03/25/2020","611.690","607.870","612.870","596.000","","-0.69%"
"03/24/2020","615.940","616.750","616.750","595.080","","-0.13%"
"03/23/2020","616.750","620.040","620.330","596.350","","-0.51%"
"03/20/2020","619.930","613.450","620.330","599.460","","1.08%"
"03/19/2020","613.330","600.970","620.040","591.220","","2.21%"
"03/18/2020","600.040","601.200","610.610","589.980","","-1.33%"
"03/17/2020","608.100","582.000","610.670","580.250","","4.48%"
"03/16/2020","582.000","578.000","591.170","577.810","","-3.85%"
"03/13/2020","605.315","591.270","597.940","578.000","","0.36%"
"03/12/2020","603.135","586.560","596.320","582.980","","0.39%"
"03/11/2020","600.780","585.830","587.600","570.440","","0.06%"
"03/10/2020","600.415","571.000","585.830","569.850","","5.15%"
"03/09/2020","571.000","585.420","585.420","565.880","","-4.87%"
"03/06/2020","600.210","583.490","589.950","571.710","","2.84%"
"03/05/2020","583.640","594.720","594.720","578.060","","-3.51%"
"03/04/2020","604.860","591.590","596.590","581.170","","0.26%"
"03/03/2020","603.295","589.090","596.320","585.150","","2.42%"
"03/02/2020","589.040","600.320","600.320","585.070","","-1.33%"
"02/28/2020","596.950","601.470","602.290","590.980","","-1.94%"
"02/27/2020","608.780","608.090","608.370","595.580","","0.11%"
"02/26/2020","608.090","608.480","618.470","595.180","","-0.06%"
"02/25/2020","608.480","610.160","618.470","596.600","","-0.28%"
"02/24/2020","610.160","618.470","618.470","590.100","","0.90%"
"02/21/2020","604.740","613.440","613.440","596.400","","-1.42%"
"02/20/2020","613.440","612.590","613.440","599.990","","0.14%"
"02/19/2020","612.590","613.160","613.440","599.440","","-0.09%"
"02/18/2020","613.160","610.910","613.160","598.600","","0.37%"
"02/17/2020","610.910","602.000","611.180","598.580","","0.00%"
"02/14/2020","610.900","604.960","611.180","597.810","","-0.05%"
"02/13/2020","611.180","608.990","610.610","596.130","","0.36%"
"02/12/2020","608.990","606.420","608.990","593.330","","0.42%"
"02/11/2020","606.420","606.430","607.530","590.100","","0.00%"
"02/10/2020","606.430","604.760","606.430","591.000","","0.28%"
"02/07/2020","604.760","603.110","604.760","590.100","","0.27%"
"02/06/2020","603.110","596.320","603.110","588.480","","0.13%"
"02/05/2020","602.315","599.290","601.740","587.360","","0.50%"
"02/04/2020","599.290","593.090","599.830","585.770","","0.05%"
"02/03/2020","599.020","596.860","599.290","585.080","","1.26%"
"01/31/2020","591.545","599.830","600.920","581.480","","-1.38%"
"01/30/2020","599.830","589.720","600.920","586.990","","-0.31%"
"01/29/2020","601.685","600.900","601.740","587.890","","0.13%"
"01/28/2020","600.900","595.190","601.740","587.790","","0.95%"
"01/27/2020","595.240","599.830","601.190","587.200","","-0.95%"
"01/24/2020","600.925","593.300","600.650","585.400","","0.27%"
"01/23/2020","599.295","595.980","598.940","583.650","","-0.20%"
"01/22/2020","600.490","595.710","597.050","580.720","","0.02%"
"01/21/2020","600.355","595.710","596.510","583.990","","0.00%"
"01/20/2020","600.355","595.980","596.780","585.200","","-0.02%"
"01/17/2020","600.490","593.840","595.980","582.990","","0.18%"
"01/16/2020","599.420","588.140","593.840","579.840","","0.88%"
"01/15/2020","594.215","589.360","594.370","580.100","","-0.18%"
"01/14/2020","595.305","593.570","595.440","581.560","","-0.66%"
"01/13/2020","599.285","594.480","594.900","582.470","","-0.08%"
"01/10/2020","599.740","590.530","595.980","582.710","","0.54%"
"01/09/2020","596.540","594.640","595.710","582.610","","-0.55%"
"01/08/2020","599.820","592.930","594.640","581.720","","0.14%"
"01/07/2020","598.965","585.730","593.570","579.060","","1.24%"
"01/06/2020","591.640","583.000","592.240","578.290","","-0.32%"
"01/03/2020","593.550","587.040","592.240","579.380","","0.10%"
"01/02/2020","592.965","588.810","591.710","578.440","","-0.66%"
"01/01/2020","596.905","588.810","588.810","582.000","","0.00%"
"12/31/2019","596.905","589.860","590.130","577.700","","-0.09%"
"12/30/2019","597.430","586.000","618.470","583.000","","-0.09%"
"12/27/2019","597.985","595.220","595.440","586.000","","-0.35%"
"12/26/2019","600.110","596.510","596.510","580.770","","0.60%"
"12/25/2019","596.510","596.510","596.510","588.000","","0.00%"
"12/24/2019","596.510","595.710","597.320","588.000","","-0.64%"
"12/23/2019","600.355","587.000","596.510","584.130","","0.64%"
"12/20/2019","596.510","594.100","596.510","585.240","","-0.51%"
"12/19/2019","599.550","590.210","594.900","581.980","","0.57%"
"12/18/2019","596.165","588.300","594.640","582.050","","0.32%"
"12/17/2019","594.240","588.510","593.840","579.690","","-0.04%"
"12/16/2019","594.505","585.000","593.300","580.770","","-0.21%"
"12/13/2019","595.735","589.200","594.100","579.060","","0.08%"
"12/12/2019","595.255","589.250","594.900","581.040","","0.00%"
"12/11/2019","595.280","595.980","597.050","581.240","","-0.87%"
"12/10/2019","600.490","597.320","597.590","585.760","","0.53%"
"12/09/2019","597.320","588.000","597.800","584.600","","-0.05%"
"12/06/2019","597.590","595.550","598.400","583.550","","-0.45%"
"12/05/2019","600.275","596.510","596.780","588.000","","0.63%"
"12/04/2019","596.510","595.980","597.590","582.980","","-0.66%"
"12/03/2019","600.490","596.510","597.050","583.860","","0.67%"
"12/02/2019","596.510","592.000","600.850","584.710","","-0.81%"
"11/29/2019","601.360","600.850","601.940","588.700","","0.08%"
"11/28/2019","600.850","600.850","600.850","592.000","","0.00%"
"11/27/2019","600.850","599.700","601.390","587.520","","0.19%"
"11/26/2019","599.700","595.460","600.570","585.760","","0.70%"
"11/25/2019","595.510","589.000","600.850","586.770","","-0.66%"
"11/22/2019","599.490","597.590","599.490","585.240","","0.32%"
"11/21/2019","597.590","596.940","597.590","587.520","","0.11%"
"11/20/2019","596.940","596.570","597.860","587.520","","0.06%"
"11/19/2019","596.570","597.050","597.590","587.230","","-0.08%"
"11/18/2019","597.050","592.000","597.860","585.350","","-0.18%"
"11/15/2019","598.130","594.970","600.030","588.650","","-0.50%"
"11/14/2019","601.145","592.000","601.390","587.410","","1.54%"
"11/13/2019","592.000","600.570","600.850","581.500","","-1.43%"
"11/12/2019","600.570","598.940","600.570","581.500","","0.27%"
"11/11/2019","598.940","590.000","599.760","581.500","","-0.14%"
"11/08/2019","599.760","593.570","599.760","581.500","","0.03%"
"11/07/2019","599.590","597.050","598.400","581.500","","0.43%"
"11/06/2019","597.050","597.050","597.050","581.500","","-0.20%"
"11/05/2019","598.235","589.360","599.110","581.500","","0.48%"
"11/04/2019","595.365","585.000","592.150","581.270","","1.77%"
"11/01/2019","585.000","584.000","585.000","577.020","","0.17%"
"10/31/2019","584.000","588.140","589.250","579.940","","-1.71%"
"10/30/2019","594.185","588.000","593.350","580.670","","1.05%"
"10/29/2019","588.000","584.990","592.290","582.770","","-0.48%"
"10/28/2019","590.850","587.000","594.340","583.240","","0.66%"
"10/25/2019","587.000","586.000","595.140","579.980","","0.17%"
"10/24/2019","586.000","589.250","593.670","581.560","","-0.56%"
"10/23/2019","589.310","583.680","594.610","581.510","","-1.04%"
"10/22/2019","595.520","592.740","593.810","580.830","","-0.56%"
"10/21/2019","598.870","588.000","592.740","584.000","","0.06%"
"10/18/2019","598.500","589.620","594.610","583.310","","1.51%"
"10/17/2019","589.570","586.360","596.490","581.720","","-1.45%"
"10/16/2019","598.265","594.380","599.460","585.680","","0.65%"
"10/15/2019","594.430","594.810","601.100","586.410","","-1.08%"
"10/14/2019","600.895","598.100","599.730","587.960","","0.82%"
"10/11/2019","596.000","595.730","607.980","585.290","","0.06%"
"10/10/2019","595.620","596.320","607.420","588.060","","-2.06%"
"10/09/2019","608.160","597.960","609.280","589.510","","-0.13%"
"10/08/2019","608.980","613.620","613.620","589.180","","-0.76%"
"10/07/2019","613.620","613.280","614.420","588.640","","1.68%"
"10/04/2019","603.500","613.560","614.400","589.240","","-1.64%"
"10/03/2019","613.560","614.400","615.520","590.950","","-0.15%"
"10/02/2019","614.510","615.920","618.470","610.420","","-0.23%"
"10/01/2019","615.920","618.470","619.210","611.450","","-0.30%"
"09/30/2019","617.780","618.470","618.630","615.760","","0.33%"
"09/27/2019","615.760","616.660","618.470","615.260","","-0.15%"
"09/26/2019","616.660","615.260","618.470","610.530","","0.23%"
"09/25/2019","615.260","618.470","618.470","611.280","","0.46%"
"09/24/2019","612.460","612.740","618.470","612.460","","-0.05%"
"09/23/2019","612.740","611.630","613.860","608.530","","0.18%"
"09/20/2019","611.630","609.200","612.460","605.120","","-0.48%"
"09/19/2019","614.600","610.360","610.800","604.930","","-0.09%"
"09/18/2019","615.180","609.150","610.800","609.150","","0.10%"
"09/17/2019","614.575","612.460","612.460","602.000","","0.35%"
"09/16/2019","612.460","599.000","612.460","599.000","","2.25%"
"09/13/2019","599.000","608.870","608.870","586.240","","-2.51%"
"09/12/2019","614.435","611.910","616.100","590.880","","0.41%"
"09/11/2019","611.910","609.970","612.460","606.100","","-0.50%"
"09/10/2019","614.985","608.820","610.800","605.310","","0.09%"
"09/09/2019","614.410","610.520","611.350","604.730","","1.30%"
"09/06/2019","606.520","609.970","610.800","606.210","","-1.38%"
"09/05/2019","614.985","610.470","611.350","605.750","","-0.04%"
"09/04/2019","615.235","614.030","618.470","606.650","","0.20%"
"09/03/2019","614.030","614.700","618.470","609.420","","-0.11%"
"09/02/2019","614.700","618.470","618.470","609.690","","0.23%"
"08/30/2019","613.300","609.420","613.800","605.690","","0.64%"
"08/29/2019","609.420","608.050","609.420","605.280","","0.23%"
"08/28/2019","608.050","607.500","608.320","603.590","","0.09%"
"08/27/2019","607.500","607.060","607.500","595.950","","0.07%"
"08/26/2019","607.060","593.000","607.060","593.000","","2.13%"
"08/23/2019","594.400","597.890","607.770","593.000","","-0.59%"
"08/22/2019","597.940","607.660","608.600","596.810","","-1.60%"
"08/21/2019","607.660","606.730","607.660","596.380","","0.15%"
"08/20/2019","606.730","607.560","608.600","593.000","","-0.14%"
"08/19/2019","607.560","606.910","607.560","596.060","","1.72%"
"08/16/2019","597.290","605.820","605.820","596.430","","-1.41%"
"08/15/2019","605.820","604.730","605.820","603.650","","0.18%"
"08/14/2019","604.730","600.850","604.730","590.000","","0.65%"
"08/13/2019","600.850","599.250","601.490","595.900","","0.27%"
"08/12/2019","599.250","587.000","601.930","587.000","","2.36%"
"08/09/2019","585.410","592.480","592.540","585.060","","-1.19%"
"08/08/2019","592.480","599.620","602.030","585.210","","-2.16%"
"08/07/2019","605.555","600.950","602.030","587.000","","-0.11%"
"08/06/2019","606.220","591.320","602.300","588.850","","2.51%"
"08/05/2019","591.370","599.960","601.760","585.360","","-1.83%"
"08/02/2019","602.390","602.830","603.970","602.010","","-0.19%"
"08/01/2019","603.530","589.000","610.480","589.000","","2.47%"
"07/31/2019","589.000","593.810","601.660","589.000","","-0.81%"
"07/30/2019","593.810","594.400","600.720","587.830","","-0.11%"
"07/29/2019","594.450","601.640","602.010","588.410","","-3.14%"
"07/26/2019","613.720","604.190","605.820","600.200","","0.07%"
"07/25/2019","613.315","604.460","606.090","588.000","","-0.02%"
"07/24/2019","613.450","586.000","604.460","586.000","","2.97%"
"07/23/2019","595.740","597.870","600.180","586.000","","-0.12%"
"07/22/2019","596.430","596.350","597.020","590.110","","0.74%"
"07/19/2019","592.050","587.390","596.590","583.900","","0.78%"
"07/18/2019","587.440","585.000","596.670","580.420","","0.52%"
"07/17/2019","584.410","584.000","596.860","584.000","","0.07%"
"07/16/2019","584.000","585.000","591.110","582.840","","-0.17%"
"07/15/2019","585.000","584.000","588.640","580.420","","0.17%"
"07/12/2019","584.000","587.000","589.480","584.000","","-0.51%"
"07/11/2019","587.000","588.000","589.110","586.920","","-0.17%"
"07/10/2019","588.000","587.000","590.850","582.960","","0.17%"
"07/09/2019","587.000","585.000","591.800","580.470","","0.34%"
"07/08/2019","585.000","583.000","591.110","579.890","","-0.89%"
"07/05/2019","590.245","583.000","585.260","581.930","","0.52%"
"07/04/2019","587.210","583.000","583.000","580.900","","0.72%"
"07/03/2019","583.000","580.390","583.000","580.390","","0.34%"
"07/02/2019","581.000","579.000","581.160","579.000","","0.55%"
"07/01/2019","577.840","580.000","581.210","577.110","","-0.37%"
"06/28/2019","580.000","579.000","580.000","576.000","","0.17%"
"06/27/2019","579.000","606.000","606.000","579.000","","-4.46%"
"06/26/2019","606.000","605.000","606.890","604.540","","0.17%"
"06/25/2019","605.000","605.000","605.340","603.910","","0.00%"
"06/24/2019","605.000","611.000","611.000","604.060","","-0.98%"
"06/21/2019","611.000","614.160","618.470","605.660","","-0.51%"
"06/20/2019","614.160","617.440","619.000","613.620","","-0.53%"
"06/19/2019","617.440","619.000","619.650","617.440","","-0.25%"
"06/18/2019","619.000","617.710","620.200","617.170","","0.21%"
"06/17/2019","617.710","616.000","618.820","616.000","","-0.13%"
"06/14/2019","618.540","614.490","618.540","614.490","","0.66%"
"06/13/2019","614.490","614.160","618.470","613.890","","0.05%"
"06/12/2019","614.160","611.940","618.470","611.460","","-0.48%"
"06/11/2019","617.145","612.810","618.470","611.940","","0.68%"
"06/10/2019","613.000","612.000","618.470","612.000","","0.16%"
"06/07/2019","612.000","614.160","618.470","612.000","","-1.17%"
"06/06/2019","619.235","616.620","618.470","613.620","","0.42%"
"06/05/2019","616.620","616.290","618.470","614.000","","0.05%"
"06/04/2019","616.290","616.670","619.000","615.520","","-0.06%"
"06/03/2019","616.670","618.000","621.030","616.670","","-0.76%"
"05/31/2019","621.370","622.700","623.000","615.950","","-0.21%"
"05/30/2019","622.700","622.700","623.820","616.780","","0.00%"
"05/29/2019","622.700","620.480","623.260","616.000","","0.36%"
"05/28/2019","620.480","614.900","620.480","614.690","","0.89%"
"05/27/2019","615.010","615.000","618.470","614.490","","0.04%"
"05/24/2019","614.740","617.230","620.560","614.140","","-0.40%"
"05/23/2019","617.230","617.680","620.560","615.950","","-0.07%"
"05/22/2019","617.680","617.790","618.470","617.000","","-0.02%"
"05/21/2019","617.790","616.000","618.890","615.510","","0.29%"
"05/20/2019","616.000","618.470","618.470","616.000","","0.00%"
"05/17/2019","616.000","620.000","620.960","615.580","","-0.65%"
"05/16/2019","620.000","615.310","620.850","615.000","","0.81%"
"05/15/2019","615.000","615.030","620.460","615.000","","0.00%"
"05/14/2019","615.030","613.670","619.080","612.850","","0.22%"
"05/13/2019","613.670","617.790","617.790","612.850","","0.00%"
"05/10/2019","613.670","613.940","617.790","613.670","","-0.04%"
"05/09/2019","613.940","615.310","617.790","613.940","","-0.22%"
"05/08/2019","615.310","616.350","617.790","614.760","","-0.17%"
"05/07/2019","616.350","615.690","617.790","614.210","","0.11%"
"05/06/2019","615.690","620.000","620.000","615.580","","-0.07%"
"05/03/2019","616.130","616.960","622.800","616.130","","-0.13%"
"05/02/2019","616.960","615.000","617.790","613.000","","0.32%"
"05/01/2019","615.000","614.490","617.790","612.030","","0.08%"
"04/30/2019","614.490","616.850","620.180","614.490","","-0.38%"
"04/29/2019","616.850","621.000","622.130","616.850","","-0.20%"
"04/26/2019","618.060","623.080","624.090","613.770","","-0.80%"
"04/25/2019","623.020","618.060","623.810","610.140","","0.80%"
"04/24/2019","618.060","614.380","620.400","610.140","","0.60%"
"04/23/2019","614.380","616.050","619.680","610.140","","-0.25%"
"04/22/2019","615.940","613.120","617.000","610.140","","0.46%"
"04/19/2019","613.120","617.260","617.700","610.140","","-0.71%"
"04/18/2019","617.530","610.140","617.860","610.140","","1.21%"
"04/17/2019","610.140","610.680","616.000","609.060","","-0.09%"
"04/16/2019","610.680","609.870","616.360","609.460","","0.13%"
"04/15/2019","609.870","614.000","614.890","609.260","","-0.67%"
"04/12/2019","614.000","612.030","617.780","609.330","","0.32%"
"04/11/2019","612.030","611.160","614.520","611.000","","0.14%"
"04/10/2019","611.160","611.490","614.520","610.550","","-0.05%"
"04/09/2019","611.490","612.300","614.520","610.390","","-0.13%"
"04/08/2019","612.300","614.520","615.000","611.390","","-0.40%"
"04/05/2019","614.760","614.760","615.340","613.390","","0.00%"
"04/04/2019","614.760","613.390","615.030","612.580","","0.22%"
"04/03/2019","613.390","616.130","616.130","612.780","","-0.44%"
"04/02/2019","616.130","614.760","616.410","614.380","","0.22%"
"04/01/2019","614.760","616.000","616.000","613.060","","-0.15%"
"03/29/2019","615.690","615.960","616.790","614.380","","-0.04%"
"03/28/2019","615.960","614.050","616.510","613.390","","0.31%"
"03/27/2019","614.050","612.690","618.440","612.690","","0.22%"
"03/26/2019","612.690","611.300","616.470","610.530","","0.23%"
"03/25/2019","611.300","612.000","615.050","610.530","","-0.18%"
"03/22/2019","612.420","608.380","614.380","607.310","","-0.13%"
"03/21/2019","613.190","609.070","614.380","607.050","","0.66%"
"03/20/2019","609.180","608.920","614.380","606.650","","0.04%"
"03/19/2019","608.920","610.160","616.000","608.310","","-0.20%"
"03/18/2019","610.160","612.000","616.590","609.190","","-0.06%"
"03/15/2019","610.530","612.150","618.220","609.720","","-0.26%"
"03/14/2019","612.150","609.670","618.000","609.670","","0.41%"
"03/13/2019","609.670","618.770","619.000","609.060","","-1.45%"
"03/12/2019","618.610","615.800","621.000","613.290","","0.46%"
"03/11/2019","615.800","622.000","622.470","615.180","","-0.08%"
"03/08/2019","616.290","614.960","622.800","607.370","","0.22%"
"03/07/2019","614.960","618.000","622.740","607.370","","-0.39%"
"03/06/2019","617.380","611.960","621.730","608.110","","0.89%"
"03/05/2019","611.960","609.080","621.510","608.110","","0.47%"
"03/04/2019","609.080","616.000","620.470","608.110","","-0.73%"
"03/01/2019","613.540","610.000","618.060","608.110","","0.68%"
"02/28/2019","609.390","607.580","610.460","605.980","","0.30%"
"02/27/2019","607.580","608.110","613.390","606.520","","-0.88%"
"02/26/2019","613.000","607.850","613.980","607.470","","0.85%"
"02/25/2019","607.850","613.000","613.390","607.240","","-0.39%"
"02/22/2019","610.260","610.260","614.340","608.440","","0.00%"
"02/21/2019","610.260","607.000","614.130","606.030","","0.54%"
"02/20/2019","607.000","607.000","613.910","605.770","","0.00%"
"02/19/2019","607.000","608.710","616.580","606.300","","-0.28%"
"02/18/2019","608.710","617.000","617.000","606.300","","-0.02%"
"02/15/2019","608.810","608.490","617.420","608.490","","-0.85%"
"02/14/2019","614.000","610.380","615.940","609.520","","0.74%"
"02/13/2019","609.520","606.350","610.000","606.300","","-0.27%"
"02/12/2019","611.160","611.780","612.600","605.130","","-0.10%"
"02/11/2019","611.780","609.000","611.780","608.810","","0.44%"
"02/08/2019","609.080","607.740","612.680","607.000","","0.22%"
"02/07/2019","607.740","606.140","609.080","605.000","","0.26%"
"02/06/2019","606.140","603.650","606.410","602.680","","0.41%"
"02/05/2019","603.650","603.490","605.000","602.680","","0.03%"
"02/04/2019","603.490","603.000","605.230","602.100","","0.08%"
"02/01/2019","603.000","604.430","604.940","601.000","","-0.24%"
"01/31/2019","604.430","602.680","604.430","600.630","","0.07%"
"01/30/2019","604.000","603.410","604.530","600.500","","0.10%"
"01/29/2019","603.410","602.640","604.000","601.380","","0.13%"
"01/28/2019","602.640","603.680","605.590","601.640","","-0.17%"
"01/25/2019","603.680","609.060","609.060","603.080","","-0.88%"
"01/24/2019","609.060","605.300","609.060","604.380","","0.65%"
"01/23/2019","605.130","605.910","607.450","603.940","","-0.13%"
"01/22/2019","605.910","605.920","607.990","605.300","","0.00%"
"01/21/2019","605.920","607.000","607.190","604.700","","-0.01%"
"01/18/2019","606.010","603.480","607.450","601.000","","0.42%"
"01/17/2019","603.480","603.640","605.710","601.000","","-0.03%"
"01/16/2019","603.640","603.380","605.000","601.000","","0.05%"
"01/15/2019","603.320","601.000","605.130","600.480","","0.39%"
"01/14/2019","601.000","598.000","601.480","598.000","","0.50%"
"01/11/2019","598.000","597.000","601.060","596.450","","0.17%"
"01/10/2019","597.000","601.000","601.000","596.400","","-0.67%"
"01/09/2019","601.000","605.000","605.030","599.530","","-0.66%"
"01/08/2019","605.000","604.000","605.880","603.270","","0.17%"
"01/07/2019","604.000","602.490","605.240","600.390","","0.25%"
"01/04/2019","602.490","603.020","605.410","601.890","","-0.09%"
"01/03/2019","603.020","609.000","610.260","602.420","","-0.98%"
"01/02/2019","609.000","604.000","609.990","603.550","","0.83%"
"01/01/2019","604.000","606.780","606.780","604.000","","0.00%"
"12/31/2018","604.000","604.000","606.780","603.450","","0.00%"
"12/28/2018","604.000","602.000","605.350","602.000","","0.33%"
"12/27/2018","602.000","603.680","603.890","601.400","","-0.28%"
"12/26/2018","603.680","608.000","608.000","600.450","","-1.04%"
"12/25/2018","610.000","610.000","610.000","610.000","","0.33%"
"12/24/2018","608.000","608.000","608.000","606.780","","0.00%"
"12/21/2018","608.000","608.000","608.000","606.780","","0.00%"
"12/20/2018","608.000","608.000","608.000","606.780","","0.00%"
"12/19/2018","608.000","609.000","609.000","606.170","","0.04%"
"12/18/2018","607.780","610.000","611.530","606.840","","-0.36%"
"12/17/2018","610.000","615.000","615.210","607.370","","-0.42%"
"12/14/2018","612.570","611.530","617.000","609.340","","0.09%"
"12/13/2018","612.000","608.490","613.580","608.000","","0.58%"
"12/12/2018","608.490","611.710","613.030","607.880","","-0.53%"
"12/11/2018","611.710","610.090","612.790","607.880","","0.27%"
"12/10/2018","610.090","611.000","611.530","607.380","","0.26%"
"12/07/2018","608.480","609.500","611.530","607.870","","-0.17%"
"12/06/2018","609.500","611.480","614.000","609.120","","-0.32%"
"12/05/2018","611.480","612.020","614.670","609.880","","-0.09%"
"12/04/2018","612.020","609.800","613.690","607.060","","0.36%"
"12/03/2018","609.800","609.060","611.690","606.120","","0.12%"
"11/30/2018","609.060","608.000","611.770","605.320","","0.17%"
"11/29/2018","608.000","616.000","616.000","606.810","","-1.30%"
"11/28/2018","616.000","614.620","616.690","612.910","","0.22%"
"11/27/2018","614.620","610.590","616.140","610.260","","0.66%"
"11/26/2018","610.590","611.130","611.130","607.850","","-0.09%"
"11/23/2018","611.130","607.380","611.130","606.090","","-0.17%"
"11/22/2018","612.180","607.380","607.640","605.140","","0.00%"
"11/21/2018","612.180","607.910","608.980","605.560","","0.70%"
"11/20/2018","607.910","606.000","607.910","606.000","","0.32%"
"11/19/2018","606.000","611.000","611.000","605.390","","-0.82%"
"11/16/2018","611.000","610.000","611.670","607.380","","0.16%"
"11/15/2018","610.000","610.270","613.940","608.030","","-0.04%"
"11/14/2018","610.270","612.800","614.380","609.100","","-0.43%"
"11/13/2018","612.910","613.980","616.620","611.420","","-0.17%"
"11/12/2018","613.980","608.830","615.580","608.830","","0.85%"
"11/09/2018","608.830","604.040","611.450","604.040","","0.79%"
"11/08/2018","604.040","603.000","607.580","603.000","","0.17%"
"11/07/2018","603.000","606.870","607.130","601.660","","-0.64%"
"11/06/2018","606.870","605.000","608.200","601.990","","0.07%"
"11/05/2018","606.440","608.730","609.540","603.640","","-0.38%"
"11/02/2018","608.730","606.390","608.730","601.040","","0.39%"
"11/01/2018","606.390","611.150","611.780","603.320","","-0.78%"
"10/31/2018","611.150","611.510","612.860","606.780","","-0.06%"
"10/30/2018","611.510","609.050","612.050","605.770","","0.40%"
"10/29/2018","609.050","605.000","610.710","603.780","","0.67%"
"10/26/2018","605.000","610.980","612.050","603.790","","-0.98%"
"10/25/2018","610.980","607.000","611.000","607.000","","0.37%"
"10/24/2018","608.730","600.000","609.900","600.000","","1.45%"
"10/23/2018","600.000","600.000","605.390","599.180","","0.00%"
"10/22/2018","600.000","602.000","602.600","597.410","","-1.01%"
"10/19/2018","606.095","601.000","605.540","597.980","","0.53%"
"10/18/2018","602.910","595.000","603.430","595.000","","1.43%"
"10/17/2018","594.400","595.000","600.560","594.370","","0.00%"
"10/16/2018","594.400","596.270","598.740","592.580","","-0.31%"
"10/15/2018","596.270","597.000","597.280","591.790","","-0.11%"
"10/12/2018","596.940","594.120","598.420","593.600","","0.47%"
"10/11/2018","594.120","594.000","599.270","591.790","","0.02%"
"10/10/2018","594.000","603.000","603.000","593.690","","-1.49%"
"10/09/2018","603.000","600.220","605.350","598.400","","0.50%"
"10/08/2018","600.000","598.000","600.480","596.580","","-0.36%"
"10/05/2018","602.145","601.000","601.000","596.840","","0.19%"
"10/04/2018","601.000","602.820","603.340","597.930","","-0.31%"
"10/03/2018","602.870","598.000","603.550","597.400","","0.81%"
"10/02/2018","598.000","594.990","601.460","592.000","","0.51%"
"10/01/2018","594.990","592.220","594.990","591.790","","0.47%"
"09/28/2018","592.220","592.050","595.000","590.290","","-0.08%"
"09/27/2018","592.690","584.140","592.890","584.140","","0.97%"
"09/26/2018","587.000","583.990","588.440","583.990","","-0.34%"
"09/25/2018","588.995","584.680","586.670","583.410","","-0.06%"
"09/24/2018","589.340","587.970","589.470","583.200","","0.23%"
"09/21/2018","587.970","586.470","588.970","584.850","","-0.01%"
"09/20/2018","588.000","591.990","591.990","585.750","","-0.67%"
"09/19/2018","591.990","588.680","593.510","587.930","","0.56%"
"09/18/2018","588.680","588.680","591.160","587.670","","0.00%"
"09/17/2018","588.680","591.670","592.530","588.410","","-0.39%"
"09/14/2018","591.000","586.910","592.270","586.560","","-0.08%"
"09/13/2018","591.455","592.000","593.290","586.320","","-0.09%"
"09/12/2018","592.000","584.000","595.090","584.000","","1.37%"
"09/11/2018","584.000","583.000","586.940","582.620","","0.17%"
"09/10/2018","583.000","591.000","591.840","582.420","","-1.28%"
"09/07/2018","590.560","583.110","591.000","580.970","","1.28%"
"09/06/2018","583.110","586.580","586.580","578.450","","-0.58%"
"09/05/2018","586.530","583.730","588.910","580.750","","0.48%"
"09/04/2018","583.730","582.570","586.610","581.820","","0.20%"
"09/03/2018","582.570","582.370","583.580","582.000","","0.03%"
"08/31/2018","582.370","576.590","582.570","576.100","","1.00%"
"08/30/2018","576.590","575.360","578.650","574.870","","-0.62%"
"08/29/2018","580.170","575.760","578.320","574.780","","-0.03%"
"08/28/2018","580.370","578.170","578.170","574.210","","0.58%"
"08/27/2018","577.000","578.000","578.170","575.930","","-0.17%"
"08/24/2018","578.000","580.020","580.490","575.930","","-0.35%"
"08/23/2018","580.020","577.620","580.490","577.620","","-0.39%"
"08/22/2018","582.270","583.450","583.450","576.430","","-0.03%"
"08/21/2018","582.420","583.150","584.000","580.600","","-0.98%"
"08/20/2018","588.155","583.450","587.290","582.570","","0.63%"
"08/17/2018","584.460","588.060","589.000","583.880","","-0.61%"
"08/16/2018","588.060","589.770","592.000","586.950","","-0.29%"
"08/15/2018","589.770","590.130","592.740","589.770","","-0.06%"
"08/14/2018","590.130","588.060","591.000","586.520","","0.35%"
"08/13/2018","588.060","586.620","592.390","586.260","","0.25%"
"08/10/2018","586.620","580.400","591.350","580.400","","1.07%"
"08/09/2018","580.400","576.180","582.180","576.180","","0.73%"
"08/08/2018","576.180","577.220","580.920","575.600","","-0.18%"
"08/07/2018","577.220","578.770","580.870","575.970","","-0.27%"
"08/06/2018","578.770","578.270","580.930","578.000","","0.09%"
"08/03/2018","578.270","577.670","579.420","576.590","","0.10%"
"08/02/2018","577.670","573.860","577.670","573.860","","0.66%"
"08/01/2018","573.860","572.150","575.500","570.390","","0.30%"
"07/31/2018","572.150","571.520","572.490","570.220","","-0.65%"
"07/30/2018","575.885","572.890","574.070","570.950","","0.52%"
"07/27/2018","572.890","577.000","578.520","571.850","","-0.71%"
"07/26/2018","577.000","576.000","577.130","572.620","","0.17%"
"07/25/2018","576.000","570.780","576.390","567.600","","0.11%"
"07/24/2018","575.390","570.390","571.610","567.000","","0.03%"
"07/23/2018","575.195","569.270","571.750","569.000","","0.10%"
"07/20/2018","574.635","572.490","573.730","569.270","","0.37%"
"07/19/2018","572.490","571.950","575.940","570.000","","0.09%"
"07/18/2018","571.950","573.430","576.140","569.680","","-0.36%"
"07/17/2018","574.000","571.000","574.020","569.410","","0.53%"
"07/16/2018","571.000","571.110","572.250","569.000","","0.35%"
"07/13/2018","569.000","571.020","575.600","569.000","","-0.89%"
"07/12/2018","574.110","575.010","577.180","572.890","","0.02%"
"07/11/2018","574.000","570.000","574.060","570.000","","0.70%"
"07/10/2018","570.000","570.000","574.250","568.290","","0.00%"
"07/09/2018","570.000","572.000","572.000","569.120","","-0.31%"
"07/06/2018","571.745","574.315","575.815","570.735","","-0.39%"
"07/05/2018","574.000","575.500","575.690","572.740","","-0.19%"
"07/04/2018","575.065","575.285","576.985","574.775","","-0.09%"
"07/03/2018","575.600","583.100","583.100","575.250","","-1.27%"
"07/02/2018","583.000","581.000","584.850","579.730","","0.62%"
"06/29/2018","579.380","579.170","582.060","578.900","","-0.06%"
"06/28/2018","579.740","584.320","584.320","578.720","","-0.73%"
"06/27/2018","584.000","581.000","585.650","581.000","","0.52%"
"06/26/2018","581.000","582.000","582.640","580.160","","-0.26%"
"06/25/2018","582.500","583.120","583.120","582.500","","0.00%"
"06/22/2018","582.500","581.500","583.120","581.500","","0.17%"
"06/21/2018","581.500","582.270","586.140","581.500","","-0.58%"
"06/20/2018","584.885","584.785","586.985","584.235","","0.01%"
"06/19/2018","584.835","580.165","586.785","580.165","","1.36%"
"06/18/2018","577.000","577.000","577.000","576.420","","0.00%"
"06/15/2018","577.000","576.950","577.240","572.000","","0.87%"
"06/14/2018","572.000","573.000","576.500","571.430","","-0.04%"
"06/13/2018","572.235","572.945","579.035","572.235","","-0.12%"
"06/12/2018","572.910","571.660","577.150","571.050","","-1.23%"
"06/11/2018","580.055","582.175","585.945","578.445","","-0.35%"
"06/08/2018","582.085","580.535","584.535","578.205","","0.13%"
"06/07/2018","581.310","582.570","585.170","579.870","","0.49%"
"06/06/2018","578.500","577.510","578.980","576.090","","-0.69%"
"06/05/2018","582.505","584.075","587.245","580.165","","-0.13%"
"06/04/2018","583.290","584.710","587.150","581.710","","-0.16%"
"06/01/2018","584.230","582.990","586.460","580.770","","0.11%"
"05/31/2018","583.610","584.400","586.090","582.870","","0.71%"
"05/30/2018","579.500","579.500","581.550","577.500","","0.00%"
"05/29/2018","579.500","577.500","583.750","577.500","","0.35%"
"05/28/2018","577.500","580.500","582.200","577.410","","-0.46%"
"05/25/2018","580.180","577.220","581.520","576.820","","0.60%"
"05/24/2018","576.700","577.300","578.270","576.120","","-0.22%"
"05/23/2018","577.980","576.140","581.100","575.470","","0.52%"
"05/22/2018","575.000","573.990","576.030","573.120","","0.00%"
"05/21/2018","574.995","571.005","577.525","571.005","","0.79%"
"05/18/2018","570.500","574.350","576.290","569.950","","-0.77%"
"05/17/2018","574.925","572.445","575.645","571.075","","0.26%"
"05/16/2018","573.430","571.630","574.770","569.680","","0.83%"
"05/15/2018","568.735","562.445","572.625","562.445","","1.38%"
"05/14/2018","561.000","572.000","573.000","558.700","","-1.92%"
"05/11/2018","572.000","573.000","573.000","570.290","","-0.17%"
"05/10/2018","573.000","573.000","574.000","573.000","","0.00%"
"05/09/2018","573.000","574.000","574.000","571.860","","-0.09%"
"05/08/2018","573.500","574.500","574.500","572.930","","-0.17%"
"05/07/2018","574.500","572.230","575.050","571.230","","0.14%"
"05/04/2018","573.700","572.090","578.880","569.300","","0.49%"
"05/03/2018","570.895","568.105","573.265","568.105","","0.73%"
"05/02/2018","566.745","571.455","573.835","566.745","","-0.40%"
"05/01/2018","569.010","564.420","569.960","563.990","","0.40%"
"04/30/2018","566.715","565.045","568.015","564.765","","0.15%"
"04/27/2018","565.880","566.900","569.320","565.320","","0.35%"
"04/26/2018","563.890","560.240","564.210","556.900","","0.32%"
"04/25/2018","562.065","550.935","563.025","550.935","","2.10%"
"04/24/2018","550.500","550.500","552.040","550.500","","0.00%"
"04/23/2018","550.500","551.500","552.040","549.950","","-0.18%"
"04/20/2018","551.500","552.500","553.150","550.950","","-1.11%"
"04/19/2018","557.715","556.605","558.295","554.285","","0.10%"
"04/18/2018","557.160","557.690","559.160","554.250","","-0.05%"
"04/17/2018","557.425","558.575","558.895","556.195","","0.06%"
"04/16/2018","557.070","559.930","560.600","556.550","","-0.18%"
"04/13/2018","558.095","558.185","559.575","555.525","","-0.01%"
"04/12/2018","558.140","556.450","560.200","555.480","","0.15%"
"04/11/2018","557.295","556.105","558.705","555.655","","0.11%"
"04/10/2018","556.700","558.430","561.610","556.150","","-0.16%"
"04/09/2018","557.565","559.395","560.745","556.395","","-0.16%"
"04/06/2018","558.480","560.380","561.640","557.930","","-0.17%"
"04/05/2018","559.430","557.440","560.690","556.470","","0.18%"
"04/04/2018","558.435","560.575","561.485","557.185","","-0.19%"
"04/03/2018","559.505","557.535","560.865","554.065","","0.18%"
"04/02/2018","558.520","558.480","558.520","555.950","","0.03%"
"03/30/2018","558.340","558.660","559.020","557.560","","-0.02%"
"03/29/2018","558.475","557.525","560.005","555.095","","-0.01%"
"03/28/2018","558.520","553.820","558.520","553.480","","0.42%"
"03/27/2018","556.170","555.830","558.290","554.100","","1.31%"
"03/26/2018","549.000","551.280","553.240","546.890","","-1.46%"
"03/23/2018","557.120","558.880","560.010","555.780","","-0.21%"
"03/22/2018","558.320","559.680","559.680","555.250","","0.10%"
"03/21/2018","557.785","557.215","561.075","556.215","","0.90%"
"03/20/2018","552.815","551.245","553.695","551.245","","0.24%"
"03/19/2018","551.500","551.500","553.950","550.950","","0.02%"
"03/16/2018","551.400","551.660","554.110","551.400","","-0.02%"
"03/15/2018","551.500","552.500","553.500","550.950","","-0.09%"
"03/14/2018","552.000","552.000","553.000","551.450","","0.00%"
"03/13/2018","552.000","552.450","554.000","551.410","","-0.27%"
"03/12/2018","553.500","554.500","555.440","552.810","","-0.09%"
"03/09/2018","554.000","554.000","554.000","554.000","","0.00%"
"03/08/2018","554.000","554.000","554.000","554.000","","0.00%"
"03/07/2018","554.000","554.000","554.000","552.000","","0.00%"
"03/06/2018","554.000","554.000","554.000","552.000","","-0.09%"
"03/05/2018","554.500","553.500","556.470","552.500","","0.27%"
"03/02/2018","553.000","554.000","554.000","552.000","","-0.18%"
"03/01/2018","554.000","554.000","555.630","552.000","","0.00%"
"02/28/2018","554.000","552.000","554.770","552.000","","0.36%"
"02/27/2018","552.000","553.000","553.000","551.450","","-0.27%"
"02/26/2018","553.500","553.500","553.950","552.500","","0.09%"
"02/23/2018","553.000","554.000","554.000","552.000","","-0.18%"
"02/22/2018","554.010","555.110","558.210","552.130","","0.00%"
"02/21/2018","554.000","552.000","555.520","551.450","","0.36%"
"02/20/2018","552.000","552.000","554.620","549.650","","-0.09%"
"02/19/2018","552.500","552.500","552.500","552.500","","0.09%"
"02/16/2018","552.000","552.000","552.000","552.000","","0.04%"
"02/15/2018","551.755","552.305","552.305","551.755","","-0.13%"
"02/14/2018","552.500","552.500","552.500","550.850","","0.14%"
"02/13/2018","551.755","552.305","552.305","551.205","","-0.04%"
"02/12/2018","552.000","552.000","552.000","551.180","","0.00%"
"02/09/2018","552.000","551.540","552.000","551.000","","0.09%"
"02/08/2018","551.500","551.680","551.770","551.500","","0.16%"
"02/07/2018","550.615","547.935","550.615","547.935","","0.67%"
"02/06/2018","546.960","544.770","546.960","544.770","","0.35%"
"02/05/2018","545.065","542.855","545.065","542.855","","0.21%"
"02/02/2018","543.925","543.385","543.925","543.385","","0.02%"
"02/01/2018","543.825","543.925","543.925","543.825","","-0.05%"
"01/31/2018","544.095","545.455","545.455","544.005","","-0.15%"
"01/30/2018","544.920","544.440","544.920","543.900","","0.20%"
"01/29/2018","543.820","541.850","544.440","540.590","","-0.10%"
"01/26/2018","544.390","544.580","544.580","544.040","","0.04%"
"01/25/2018","544.150","547.270","547.970","544.150","","-0.68%"
"01/24/2018","547.885","549.965","550.675","547.405","","0.34%"
"01/23/2018","546.045","554.685","555.775","546.045","","-1.50%"
"01/22/2018","554.335","555.195","555.695","553.705","","0.18%"
"01/19/2018","553.335","553.285","556.075","553.055","","-0.19%"
"01/18/2018","554.400","555.040","557.820","553.540","","0.27%"
"01/17/2018","552.915","557.095","558.325","552.915","","-0.13%"
"01/16/2018","553.650","555.910","558.130","553.140","","0.34%"
"01/15/2018","551.800","553.910","557.050","550.500","","-2.55%"
"01/12/2018","566.220","567.900","567.900","566.220","","-0.09%"
"01/11/2018","566.720","566.310","567.280","566.310","","-0.28%"
"01/10/2018","568.295","570.985","571.125","563.945","","0.09%"
"01/09/2018","567.790","574.700","575.800","567.270","","-0.25%"
"01/08/2018","569.235","569.235","569.235","569.235","","0.00%"
"01/05/2018","569.235","569.805","571.315","567.305","","0.95%"
"01/04/2018","563.905","568.495","570.895","563.155","","-2.12%"
"01/03/2018","576.140","577.320","577.320","576.000","","0.01%"
"01/02/2018","576.070","576.530","577.720","576.070","","-0.03%"
"01/01/2018","576.235","576.235","576.235","576.235","","0.00%"
"12/29/2017","576.235","579.915","579.915","576.235","","-0.31%"
"12/28/2017","578.030","582.000","583.070","578.030","","-0.40%"
"12/27/2017","580.355","582.095","582.095","579.675","","-0.10%"
"12/26/2017","580.910","580.560","581.540","579.610","","-0.12%"
"12/25/2017","581.610","581.610","581.610","581.610","","0.00%"
"12/22/2017","581.610","580.350","581.810","578.910","","0.11%"
"12/21/2017","580.980","578.830","583.480","578.830","","0.13%"
"12/20/2017","580.250","582.420","585.060","580.250","","-0.23%"
"12/19/2017","581.565","584.295","585.695","580.695","","-0.27%"
"12/18/2017","583.125","584.145","584.475","580.785","","-0.10%"
"12/15/2017","583.720","581.100","583.720","580.280","","0.38%"
"12/14/2017","581.515","584.475","584.725","581.515","","0.20%"
"12/13/2017","580.380","585.900","586.130","580.380","","-0.71%"
"12/12/2017","584.530","584.590","586.570","581.830","","0.26%"
"12/11/2017","582.995","582.075","584.365","580.605","","-0.15%"
"12/08/2017","583.900","583.410","586.430","583.010","","0.51%"
"12/07/2017","580.915","580.515","581.755","580.505","","0.00%"
"12/06/2017","580.900","579.590","583.010","578.650","","-0.07%"
"12/05/2017","581.300","578.030","582.620","577.850","","0.50%"
"12/04/2017","578.380","577.170","581.060","577.170","","0.79%"
"12/01/2017","573.875","577.555","580.775","573.875","","-0.56%"
"11/30/2017","577.110","578.980","583.330","577.110","","0.47%"
"11/29/2017","574.385","574.955","575.525","574.385","","-0.08%"
"11/28/2017","574.865","575.665","580.245","574.705","","-0.04%"
"11/27/2017","575.090","573.250","576.890","572.390","","0.22%"
"11/24/2017","573.800","578.310","578.360","573.460","","-1.29%"
"11/23/2017","581.315","581.315","581.315","581.315","","0.00%"
"11/22/2017","581.315","582.475","582.475","581.315","","-0.34%"
"11/21/2017","583.270","582.400","584.670","581.760","","-0.08%"
"11/20/2017","583.750","582.950","584.330","582.370","","0.37%"
"11/17/2017","581.575","582.975","582.975","581.575","","-0.10%"
"11/16/2017","582.185","578.865","583.455","578.575","","0.05%"
"11/15/2017","581.900","578.090","582.480","577.900","","0.25%"
"11/14/2017","580.450","588.300","588.300","576.170","","-1.56%"
"11/13/2017","589.620","590.210","590.210","589.620","","0.00%"
"11/10/2017","589.620","591.390","591.390","589.620","","-0.04%"
"11/09/2017","589.885","591.065","591.065","589.885","","-0.04%"
"11/08/2017","590.150","589.470","592.960","586.650","","0.22%"
"11/07/2017","588.830","592.360","592.360","588.830","","-0.07%"
"11/06/2017","589.265","590.185","594.295","589.265","","-0.15%"
"11/03/2017","590.150","590.740","590.740","590.150","","0.04%"
"11/02/2017","589.885","591.065","591.065","589.885","","-0.13%"
"11/01/2017","590.680","584.490","591.750","584.440","","0.52%"
"10/31/2017","587.605","584.505","590.255","583.985","","0.34%"
"10/30/2017","585.615","586.165","591.895","585.215","","-0.30%"
"10/27/2017","587.355","587.485","588.525","586.905","","0.16%"
"10/26/2017","586.415","576.065","587.305","575.365","","1.22%"
"10/25/2017","579.340","575.100","579.340","575.100","","0.38%"
"10/24/2017","577.160","577.730","577.730","577.160","","-0.09%"
"10/23/2017","577.670","583.020","583.260","577.670","","0.11%"
"10/20/2017","577.055","573.585","580.075","573.585","","0.63%"
"10/19/2017","573.420","576.390","577.040","573.420","","-0.70%"
"10/18/2017","577.450","578.690","579.550","577.030","","0.09%"
"10/17/2017","576.905","577.355","578.105","576.905","","0.14%"
"10/16/2017","576.100","577.150","577.240","574.940","","0.60%"
"10/13/2017","572.655","573.225","573.225","572.655","","-0.09%"
"10/12/2017","573.165","573.685","573.755","573.165","","-0.07%"
"10/11/2017","573.565","574.875","576.825","573.505","","-0.36%"
"10/10/2017","575.655","579.125","579.785","575.655","","-0.45%"
"10/09/2017","578.285","579.075","580.125","577.995","","0.41%"
"10/06/2017","575.910","577.050","577.050","575.910","","-0.08%"
"10/05/2017","576.390","576.980","577.540","576.390","","-0.24%"
"10/04/2017","577.755","578.895","579.435","576.815","","0.83%"
"10/03/2017","572.985","575.835","575.835","572.985","","-0.26%"
"10/02/2017","574.485","2.785","2.785","2.785","","0.00%"
"09/29/2017","574.485","577.385","578.625","574.485","","-0.36%"
"09/28/2017","576.545","572.845","578.475","572.795","","0.50%"
"09/27/2017","573.695","574.475","575.505","572.775","","0.81%"
"09/26/2017","569.070","572.670","577.300","569.070","","0.12%"
"09/25/2017","568.380","569.750","569.750","568.380","","-0.01%"
"09/22/2017","568.435","569.575","569.575","568.435","","0.57%"
"09/21/2017","565.235","567.035","570.225","564.155","","-0.70%"
"09/20/2017","569.200","562.420","570.680","559.960","","0.83%"
"09/19/2017","564.500","564.090","567.730","563.200","","0.00%"
"09/18/2017","564.500","567.210","568.480","564.500","","-0.09%"
"09/15/2017","565.000","566.590","569.000","562.410","","0.06%"
"09/14/2017","564.655","566.895","566.895","564.655","","-0.27%"
"09/13/2017","566.195","566.845","570.975","562.475","","0.09%"
"09/12/2017","565.700","567.540","567.600","565.100","","-0.28%"
"09/11/2017","567.265","567.835","567.835","565.005","","0.09%"
"09/08/2017","566.755","568.465","568.465","566.525","","-0.03%"
"09/07/2017","566.935","569.315","569.405","566.935","","-0.20%"
"09/06/2017","568.050","567.570","568.480","566.440","","-0.01%"
"09/05/2017","568.115","568.245","569.685","567.675","","0.10%"
"09/04/2017","567.520","1.100","1.100","1.100","","0.00%"
"09/01/2017","567.520","1.100","1.100","1.100","","-0.11%"
"08/31/2017","568.120","568.540","571.220","568.100","","0.00%"
"08/30/2017","568.120","568.540","570.170","566.890","","0.24%"
"08/29/2017","566.755","568.465","568.465","566.755","","-0.13%"
"08/28/2017","567.520","1.100","1.100","1.100","","0.04%"
"08/25/2017","567.265","567.835","567.835","567.265","","0.13%"
"08/24/2017","566.505","568.775","568.775","566.505","","-0.04%"
"08/23/2017","566.755","568.465","568.465","566.755","","0.00%"
"08/22/2017","566.755","568.465","568.465","566.755","","-0.04%"
"08/21/2017","567.010","568.150","568.150","567.010","","-0.09%"
"08/18/2017","567.520","567.520","567.520","567.520","","0.13%"
"08/17/2017","566.755","568.465","568.465","566.755","","-0.04%"
"08/16/2017","567.010","568.150","568.150","567.010","","-0.09%"
"08/15/2017","567.520","565.810","567.520","565.810","","0.09%"
"08/14/2017","567.010","566.420","568.150","565.280","","1.69%"
"08/11/2017","557.570","557.350","557.570","557.310","","-1.49%"
"08/10/2017","566.005","564.150","567.125","563.030","","-0.26%"
"08/09/2017","567.470","566.420","570.690","565.140","","0.13%"
"08/08/2017","566.755","566.420","568.465","564.710","","-0.04%"
"08/07/2017","567.010","566.420","568.150","565.280","","-0.09%"
"08/04/2017","567.520","566.270","570.290","566.030","","-0.04%"
"08/03/2017","567.775","568.450","570.455","566.130","","-0.48%"
"08/02/2017","570.510","570.110","571.840","569.020","","-0.08%"
"08/01/2017","570.970","565.460","571.600","565.320","","0.83%"
"07/31/2017","566.250","567.220","569.130","565.270","","-0.23%"
"07/28/2017","567.575","567.220","568.715","566.080","","-0.16%"
"07/27/2017","568.480","567.220","569.350","566.350","","-0.04%"
"07/26/2017","568.735","567.220","570.695","566.920","","0.13%"
"07/25/2017","568.005","567.750","570.255","564.460","","-0.14%"
"07/24/2017","568.795","566.580","569.625","566.580","","0.24%"
"07/21/2017","567.450","570.830","572.430","566.200","","-0.31%"
"07/20/2017","569.210","572.820","576.680","567.220","","-0.90%"
"07/19/2017","574.355","573.270","575.945","572.820","","-0.03%"
"07/18/2017","574.500","574.530","576.310","572.820","","-0.88%"
"07/17/2017","579.605","580.200","580.965","578.080","","0.09%"
"07/14/2017","579.095","577.800","579.675","577.220","","-0.03%"
"07/13/2017","579.265","579.290","581.605","578.030","","-0.25%"
"07/12/2017","580.715","577.040","581.635","575.410","","0.57%"
"07/11/2017","577.445","579.900","582.335","575.860","","-0.59%"
"07/10/2017","580.865","577.940","582.205","577.940","","0.25%"
"07/07/2017","579.425","578.790","583.305","577.720","","-0.13%"
"07/06/2017","580.155","579.400","583.475","578.260","","-0.07%"
"07/05/2017","580.570","579.400","581.890","579.400","","0.02%"
"07/04/2017","580.470","579.400","580.470","579.400","","0.17%"
"07/03/2017","579.460","577.920","579.460","577.920","","0.27%"
"06/30/2017","577.890","578.160","581.870","576.670","","-0.16%"
"06/29/2017","578.790","581.360","582.480","577.480","","-0.58%"
"06/28/2017","582.185","586.820","587.645","580.360","","-0.80%"
"06/27/2017","586.890","589.790","589.860","586.820","","-0.35%"
"06/26/2017","588.970","589.790","590.620","588.140","","0.05%"
"06/23/2017","588.675","589.610","590.315","588.290","","-0.30%"
"06/22/2017","590.460","589.680","591.180","589.390","","0.09%"
"06/21/2017","589.910","590.170","590.420","589.840","","-0.31%"
"06/20/2017","591.760","589.500","591.760","589.500","","0.08%"
"06/19/2017","591.295","588.020","591.715","588.020","","0.10%"
"06/16/2017","590.690","589.560","592.200","588.670","","-0.09%"
"06/15/2017","591.220","589.120","591.610","587.730","","0.16%"
"06/14/2017","590.285","589.380","592.635","585.470","","-0.07%"
"06/13/2017","590.690","589.750","592.060","586.310","","0.42%"
"06/12/2017","588.245","588.190","591.275","587.100","","-0.43%"
"06/09/2017","590.815","586.300","592.505","585.050","","0.65%"
"06/08/2017","586.990","584.430","587.200","583.650","","0.11%"
"06/07/2017","586.350","585.630","591.630","582.820","","0.41%"
"06/06/2017","583.945","586.210","587.645","583.080","","-0.61%"
"06/05/2017","587.505","585.670","588.595","585.320","","-0.21%"
"06/02/2017","588.750","588.400","591.090","584.860","","-0.16%"
"06/01/2017","589.700","586.780","590.330","584.060","","0.27%"
"05/31/2017","588.105","587.770","592.315","584.320","","-0.51%"
"05/30/2017","591.100","590.930","594.870","586.770","","-0.20%"
"05/29/2017","592.290","589.290","592.450","587.660","","0.43%"
"05/26/2017","589.740","585.930","591.620","584.990","","0.19%"
"05/25/2017","588.615","585.460","589.555","583.840","","0.07%"
"05/24/2017","588.220","589.230","590.950","585.350","","-0.59%"
"05/23/2017","591.720","591.820","594.430","589.110","","-0.04%"
"05/22/2017","591.985","592.210","594.935","589.700","","-0.04%"
"05/19/2017","592.250","592.210","594.800","590.290","","-0.04%"
"05/18/2017","592.515","592.260","594.785","589.980","","0.11%"
"05/17/2017","591.860","593.740","595.770","590.070","","-0.21%"
"05/16/2017","593.085","599.960","600.895","591.810","","-1.36%"
"05/15/2017","601.240","600.650","602.660","597.650","","0.05%"
"05/12/2017","600.910","600.650","600.910","600.650","","-0.51%"
"05/11/2017","603.970","603.590","603.970","603.410","","0.51%"
"05/10/2017","600.910","600.650","600.910","600.650","","-0.61%"
"05/09/2017","604.610","601.870","605.930","600.650","","0.48%"
"05/08/2017","601.740","600.820","602.960","600.480","","0.32%"
"05/05/2017","599.830","600.660","603.630","598.730","","-0.17%"
"05/04/2017","600.870","603.360","604.090","600.800","","-0.56%"
"05/03/2017","604.230","600.880","604.450","600.550","","0.41%"
"05/02/2017","601.740","602.310","604.170","600.710","","0.01%"
"05/01/2017","601.700","602.020","602.020","601.470","","-0.98%"
"04/28/2017","607.670","606.630","609.730","602.810","","-0.12%"
"04/27/2017","608.420","602.480","609.700","600.820","","0.86%"
"04/26/2017","603.230","602.340","605.950","601.980","","-0.30%"
"04/25/2017","605.040","617.190","617.270","604.820","","-1.94%"
"04/24/2017","616.980","616.740","617.600","616.570","","0.00%"
"04/21/2017","616.970","614.280","616.980","613.670","","-0.05%"
"04/20/2017","617.280","616.600","619.000","615.020","","-0.05%"
"04/19/2017","617.560","616.780","620.380","615.780","","-0.09%"
"04/18/2017","618.120","618.730","619.990","617.020","","-0.05%"
"04/17/2017","618.400","618.730","620.510","617.640","","-0.02%"
"04/14/2017","618.530","618.820","619.240","618.110","","-0.03%"
"04/13/2017","618.690","619.750","620.490","617.950","","-0.26%"
"04/12/2017","620.285","619.690","621.525","618.690","","0.06%"
"04/11/2017","619.930","620.140","621.490","619.070","","-0.15%"
"04/10/2017","620.845","618.240","621.315","618.240","","0.27%"
"04/07/2017","619.190","617.700","620.730","616.100","","0.19%"
"04/06/2017","618.005","617.800","619.135","617.130","","0.02%"
"04/05/2017","617.880","616.950","618.180","616.950","","0.13%"
"04/04/2017","617.050","618.020","621.530","615.890","","-0.22%"
"04/03/2017","618.400","617.990","619.660","617.640","","0.09%"
"03/31/2017","617.820","616.900","618.440","616.900","","0.21%"
"03/30/2017","616.515","615.260","619.315","612.660","","-0.02%"
"03/29/2017","616.625","612.530","618.055","610.840","","0.44%"
"03/28/2017","613.915","613.190","614.765","610.780","","0.10%"
"03/27/2017","613.310","612.020","614.650","611.820","","0.33%"
"03/24/2017","611.305","611.750","614.535","610.050","","-0.20%"
"03/23/2017","612.555","611.730","615.965","611.180","","-0.37%"
"03/22/2017","614.800","611.190","616.170","610.090","","0.18%"
"03/21/2017","613.690","616.870","619.290","611.090","","-0.47%"
"03/20/2017","616.560","615.800","618.700","614.160","","0.08%"
"03/17/2017","616.070","615.260","618.080","613.080","","0.16%"
"03/16/2017","615.105","617.040","619.715","613.210","","-0.28%"
"03/15/2017","616.850","623.370","625.810","615.530","","-1.46%"
"03/14/2017","626.015","620.290","626.255","620.290","","0.59%"
"03/13/2017","622.345","620.060","623.935","619.050","","0.22%"
"03/10/2017","620.980","622.570","624.910","619.540","","-0.95%"
"03/09/2017","626.910","625.110","629.430","623.780","","-0.09%"
"03/08/2017","627.475","625.650","630.865","624.470","","0.31%"
"03/07/2017","625.525","624.780","629.235","623.420","","-0.11%"
"03/06/2017","626.235","626.400","627.915","623.250","","-0.01%"
"03/03/2017","626.320","625.900","627.260","624.810","","0.00%"
"03/02/2017","626.320","624.670","627.160","624.670","","0.00%"
"03/01/2017","626.320","624.260","627.140","624.160","","0.48%"
"02/28/2017","623.330","622.800","624.460","622.800","","0.07%"
"02/27/2017","622.900","623.400","624.640","622.820","","-0.28%"
"02/24/2017","624.650","623.720","625.930","623.400","","-0.27%"
"02/23/2017","626.320","624.850","626.320","624.130","","0.00%"
"02/22/2017","626.320","623.980","627.650","623.400","","0.26%"
"02/21/2017","624.680","623.710","626.800","621.430","","0.02%"
"02/20/2017","624.560","623.400","627.200","620.840","","0.13%"
"02/17/2017","623.735","620.260","626.255","619.780","","0.38%"
"02/16/2017","621.355","624.160","626.525","619.600","","-0.75%"
"02/15/2017","626.070","621.530","630.760","621.530","","0.68%"
"02/14/2017","621.840","617.080","621.840","615.990","","0.09%"
"02/13/2017","621.250","616.200","623.670","615.150","","0.62%"
"02/10/2017","617.420","615.330","619.940","615.180","","0.19%"
"02/09/2017","616.270","615.090","617.660","614.470","","-0.40%"
"02/08/2017","618.740","615.230","618.820","615.230","","0.10%"
"02/07/2017","618.150","613.480","618.150","611.580","","0.62%"
"02/06/2017","614.355","613.480","615.575","612.260","","-0.10%"
"02/03/2017","614.985","615.170","619.245","612.830","","-0.32%"
"02/02/2017","616.960","614.790","617.080","611.140","","0.19%"
"02/01/2017","615.815","613.080","618.075","612.270","","0.27%"
"01/31/2017","614.165","618.680","621.065","612.100","","-1.03%"
"01/30/2017","620.535","617.960","624.965","617.870","","0.10%"
"01/27/2017","619.895","619.850","623.185","617.060","","-0.22%"
"01/26/2017","621.235","615.680","622.805","614.660","","0.61%"
"01/25/2017","617.480","616.970","619.610","615.200","","-0.08%"
"01/24/2017","617.995","614.900","618.995","614.030","","0.31%"
"01/23/2017","616.075","620.070","621.435","614.480","","-0.80%"
"01/20/2017","621.050","618.700","621.530","617.410","","0.05%"
"01/19/2017","620.715","618.580","621.415","617.400","","0.20%"
"01/18/2017","619.505","616.350","619.505","616.350","","0.40%"
"01/17/2017","617.050","618.560","620.060","616.540","","-0.49%"
"01/16/2017","620.080","619.280","620.670","619.280","","0.07%"
"01/13/2017","619.650","619.840","623.330","617.750","","-0.42%"
"01/12/2017","622.270","624.460","624.550","622.180","","-0.37%"
"01/11/2017","624.550","620.810","626.080","620.810","","0.13%"
"01/10/2017","623.745","621.000","624.925","620.100","","0.00%"
"01/09/2017","623.730","622.580","626.210","621.060","","-0.03%"
"01/06/2017","623.890","622.670","624.700","621.770","","0.00%"
"01/05/2017","623.890","630.550","631.750","622.800","","-1.06%"
"01/04/2017","630.575","620.320","632.905","620.320","","2.10%"
"01/03/2017","617.600","620.320","620.740","617.180","","-1.43%"
"01/02/2017","626.560","623.300","626.560","623.300","","1.45%"
"12/30/2016","617.600","620.320","622.150","617.180","","-1.83%"
"12/29/2016","629.110","629.810","629.900","629.020","","-0.13%"
"12/28/2016","629.960","620.320","630.870","620.320","","0.44%"
"12/27/2016","627.230","627.230","627.920","627.230","","0.00%"
"12/26/2016","627.230","627.570","627.570","627.230","","-0.80%"
"12/23/2016","632.310","632.910","633.000","632.220","","0.02%"
"12/22/2016","632.160","633.240","633.320","631.930","","-0.18%"
"12/21/2016","633.330","634.390","634.470","620.320","","2.08%"
"12/20/2016","620.400","631.590","631.670","620.320","","-1.59%"
"12/19/2016","630.410","630.170","631.010","630.170","","0.14%"
"12/16/2016","629.510","629.810","633.110","627.340","","1.47%"
"12/15/2016","620.400","620.320","620.400","620.320","","0.12%"
"12/14/2016","619.670","620.320","620.420","619.590","","-0.14%"
"12/13/2016","620.540","621.340","621.430","619.740","","-0.14%"
"12/12/2016","621.420","612.740","621.420","612.740","","1.41%"
"12/09/2016","612.810","612.740","612.810","612.740","","0.16%"
"12/08/2016","611.810","612.740","612.820","610.320","","0.05%"
"12/07/2016","611.530","612.590","612.970","611.440","","-0.19%"
"12/06/2016","612.670","617.630","617.710","612.590","","-0.80%"
"12/05/2016","617.600","619.420","621.050","617.180","","-0.51%"
"12/02/2016","620.790","619.790","622.860","618.030","","0.26%"
"12/01/2016","619.180","620.810","621.800","618.840","","-0.26%"
"11/30/2016","620.780","619.850","623.400","618.650","","0.05%"
"11/29/2016","620.455","621.210","623.175","619.270","","-0.12%"
"11/28/2016","621.230","619.150","623.090","619.150","","-0.52%"
"11/25/2016","624.500","624.750","624.830","624.410","","-0.01%"
"11/24/2016","624.590","624.070","625.190","622.180","","0.06%"
"11/23/2016","624.240","619.410","624.660","616.940","","0.56%"
"11/22/2016","620.780","615.130","622.850","615.330","","0.12%"
"11/21/2016","620.050","617.620","621.410","617.110","","-0.22%"
"11/18/2016","621.420","615.570","621.730","615.320","","0.32%"
"11/17/2016","619.460","613.080","619.460","613.080","","-0.10%"
"11/16/2016","620.105","611.150","620.605","610.630","","1.04%"
"11/15/2016","613.750","611.610","615.640","610.680","","0.00%"
"11/14/2016","613.750","612.530","614.970","612.150","","-0.20%"
"11/11/2016","614.955","611.210","615.945","609.500","","0.42%"
"11/10/2016","612.355","610.310","614.045","607.720","","0.14%"
"11/09/2016","611.490","599.030","611.680","589.220","","1.94%"
"11/08/2016","599.860","597.690","599.860","597.690","","-0.04%"
"11/07/2016","600.130","598.890","600.730","598.290","","0.26%"
"11/04/2016","598.595","599.510","602.015","597.420","","-0.35%"
"11/03/2016","600.720","599.950","603.220","598.410","","-0.06%"
"11/02/2016","601.100","598.400","601.830","598.400","","-0.16%"
"11/01/2016","602.080","597.250","602.680","596.490","","-0.43%"
"10/31/2016","604.690","598.830","607.200","597.080","","0.03%"
"10/28/2016","604.530","601.800","609.680","596.760","","-0.80%"
"10/27/2016","609.410","601.850","610.180","599.430","","-0.25%"
"10/26/2016","610.935","604.810","612.015","603.730","","-0.08%"
"10/25/2016","611.415","602.570","612.335","602.290","","0.20%"
"10/24/2016","610.180","601.020","610.960","601.020","","0.66%"
"10/21/2016","606.180","600.030","606.740","599.980","","-0.22%"
"10/20/2016","607.530","597.630","609.070","594.330","","0.33%"
"10/19/2016","605.560","597.300","606.220","596.050","","0.16%"
"10/18/2016","604.580","596.030","605.400","594.590","","0.84%"
"10/17/2016","599.570","595.450","602.470","595.450","","-0.92%"
"10/14/2016","605.130","592.870","605.350","592.820","","1.44%"
"10/13/2016","596.555","595.570","600.585","592.850","","-0.43%"
"10/12/2016","599.105","593.250","600.045","592.710","","-0.28%"
"10/11/2016","600.800","588.880","600.970","588.670","","0.75%"
"10/10/2016","596.330","586.670","596.590","586.360","","0.56%"
"10/07/2016","593.020","587.960","597.920","585.200","","0.25%"
"10/06/2016","591.530","585.100","592.240","584.680","","0.49%"
"10/05/2016","588.655","585.150","589.645","583.610","","-0.01%"
"10/04/2016","588.730","584.810","592.340","583.460","","0.07%"
"10/03/2016","588.335","590.960","595.965","584.310","","-0.58%"
"09/30/2016","591.790","591.540","596.990","589.420","","-0.29%"
"09/29/2016","593.535","591.860","594.905","590.070","","-0.05%"
"09/28/2016","593.855","591.910","595.725","590.750","","-0.02%"
"09/27/2016","593.960","589.780","594.940","589.410","","0.35%"
"09/26/2016","591.900","590.460","592.770","588.600","","0.04%"
"09/23/2016","591.660","585.360","593.390","583.110","","-0.16%"
"09/22/2016","592.600","586.090","595.640","582.760","","-0.18%"
"09/21/2016","593.650","587.990","597.120","585.940","","-0.33%"
"09/20/2016","595.640","586.830","595.700","585.000","","1.14%"
"09/19/2016","588.930","587.880","590.140","585.680","","-1.06%"
"09/16/2016","595.220","583.230","595.590","582.710","","0.76%"
"09/15/2016","590.730","583.020","592.130","581.320","","0.04%"
"09/14/2016","590.520","584.530","592.390","581.780","","-0.26%"
"09/13/2016","592.030","583.380","592.910","582.610","","0.01%"
"09/12/2016","591.990","583.320","591.990","583.320","","0.04%"
"09/09/2016","591.780","582.350","591.780","581.240","","1.27%"
"09/08/2016","584.350","583.490","585.850","579.060","","-0.22%"
"09/07/2016","585.640","582.710","586.160","582.090","","-0.93%"
"09/06/2016","591.160","588.460","597.220","582.130","","0.14%"
"09/05/2016","590.360","586.810","590.830","586.720","","0.08%"
"09/02/2016","589.880","585.890","590.250","582.870","","-0.54%"
"09/01/2016","593.090","587.670","593.090","585.410","","0.55%"
"08/31/2016","589.830","588.570","591.680","587.350","","-1.05%"
"08/30/2016","596.070","586.300","596.750","585.680","","1.36%"
"08/29/2016","588.090","584.830","589.830","584.830","","0.06%"
"08/26/2016","587.730","581.060","588.570","578.390","","0.78%"
"08/25/2016","583.160","582.240","584.660","580.490","","-1.12%"
"08/24/2016","589.740","580.030","590.780","579.720","","0.37%"
"08/23/2016","587.580","579.360","587.790","577.580","","1.07%"
"08/22/2016","581.360","579.480","583.470","578.630","","0.05%"
"08/19/2016","581.060","577.680","582.240","577.120","","0.24%"
"08/18/2016","579.680","580.960","583.320","576.970","","-0.55%"
"08/17/2016","582.900","581.520","585.490","579.570","","-1.00%"
"08/16/2016","588.760","586.460","594.430","579.260","","0.07%"
"08/15/2016","588.360","586.560","589.620","585.410","","-0.19%"
"08/12/2016","589.460","588.880","591.360","584.480","","-0.23%"
"08/11/2016","590.830","586.780","591.040","585.990","","0.34%"
"08/10/2016","588.830","589.890","592.790","586.090","","-0.51%"
"08/09/2016","591.840","591.490","594.500","589.410","","-0.28%"
"08/08/2016","593.490","591.750","596.980","591.010","","-0.88%"
"08/05/2016","598.770","589.310","601.290","587.620","","1.27%"
"08/04/2016","591.250","588.250","592.150","587.880","","0.17%"
"08/03/2016","590.250","584.110","590.780","583.800","","-0.27%"
"08/02/2016","591.870","587.510","595.490","583.750","","0.41%"
"08/01/2016","589.460","587.300","592.150","586.670","","-0.85%"
"07/29/2016","594.540","591.970","600.050","585.780","","-0.86%"
"07/28/2016","599.680","592.980","601.130","590.050","","-0.16%"
"07/27/2016","600.640","596.870","605.840","592.770","","-0.62%"
"07/26/2016","604.370","596.320","607.320","595.190","","0.07%"
"07/25/2016","603.930","596.920","608.060","596.380","","0.55%"
"07/22/2016","600.640","594.650","600.640","594.160","","-0.29%"
"07/21/2016","602.360","595.300","605.820","593.410","","-0.06%"
"07/20/2016","602.740","595.350","605.740","594.860","","0.03%"
"07/19/2016","602.580","592.290","603.450","591.590","","0.50%"
"07/18/2016","599.570","596.520","604.950","591.810","","0.38%"
"07/15/2016","597.280","589.840","597.280","588.300","","0.00%"
"07/14/2016","597.280","591.270","600.200","587.510","","-0.29%"
"07/13/2016","598.990","592.820","601.290","589.890","","-0.24%"
"07/12/2016","600.430","593.200","600.970","589.780","","-0.22%"
"07/11/2016","601.780","599.320","608.320","592.390","","-0.34%"
"07/08/2016","603.805","592.770","603.915","590.370","","0.57%"
"07/07/2016","600.380","590.900","600.970","590.210","","0.34%"
"07/06/2016","598.350","592.020","601.930","590.210","","-0.21%"
"07/05/2016","599.630","587.830","600.380","586.510","","0.71%"
"07/04/2016","595.430","585.600","598.450","585.600","","-0.08%"
"07/01/2016","595.910","590.470","600.490","587.300","","-0.36%"
"06/30/2016","598.080","589.520","605.880","587.930","","0.19%"
"06/29/2016","596.970","592.710","601.070","589.200","","-0.55%"
"06/28/2016","600.270","594.920","603.230","590.310","","-0.31%"
"06/27/2016","602.150","598.830","609.860","591.700","","0.68%"
"06/24/2016","598.080","576.110","608.410","573.790","","2.51%"
"06/23/2016","583.460","583.910","591.980","575.350","","-0.31%"
"06/22/2016","585.250","581.670","588.010","578.850","","-0.36%"
"06/21/2016","587.355","586.270","590.655","578.800","","-0.47%"
"06/20/2016","590.120","585.960","592.570","573.360","","-0.42%"
"06/17/2016","592.615","589.580","595.005","588.280","","-0.04%"
"06/16/2016","592.835","589.160","593.425","583.180","","0.58%"
"06/15/2016","589.445","589.820","593.525","582.920","","-0.40%"
"06/14/2016","591.790","588.110","593.420","582.350","","0.49%"
"06/13/2016","588.930","586.970","593.260","580.290","","-0.03%"
"06/10/2016","589.130","586.050","596.820","573.360","","0.21%"
"06/09/2016","587.920","581.990","591.200","573.360","","0.89%"
"06/08/2016","582.750","584.860","594.100","573.360","","-0.69%"
"06/07/2016","586.820","585.090","590.800","576.970","","0.04%"
"06/06/2016","586.560","583.290","590.000","573.540","","0.02%"
"06/03/2016","586.460","591.880","599.540","577.880","","-0.32%"
"06/02/2016","588.330","590.510","591.640","584.680","","-0.51%"
"06/01/2016","591.360","591.940","594.020","586.410","","-0.51%"
"05/31/2016","594.380","590.330","594.480","586.990","","0.31%"
"05/30/2016","592.520","592.010","597.020","588.460","","-0.03%"
"05/27/2016","592.705","590.910","593.385","586.300","","0.23%"
"05/26/2016","591.330","590.280","591.330","585.470","","2.74%"
"05/25/2016","575.565","586.790","591.385","573.360","","-2.95%"
"05/24/2016","593.045","584.480","593.835","583.630","","0.18%"
"05/23/2016","591.980","586.750","595.110","584.010","","0.78%"
"05/20/2016","587.420","587.150","588.620","583.640","","-0.04%"
"05/19/2016","587.680","584.840","587.680","573.360","","0.15%"
"05/18/2016","586.775","577.620","586.775","577.620","","0.49%"
"05/17/2016","583.925","579.310","585.775","576.940","","-0.48%"
"05/16/2016","586.760","576.940","588.140","573.360","","-0.13%"
"05/13/2016","587.530","577.910","588.820","575.930","","1.57%"
"05/12/2016","578.450","577.340","579.380","573.710","","0.22%"
"05/11/2016","577.190","577.680","580.430","573.090","","-0.48%"
"05/10/2016","579.990","576.160","580.780","575.170","","-0.35%"
"05/09/2016","582.035","575.300","584.745","573.900","","0.02%"
"05/06/2016","581.915","575.050","583.145","571.490","","0.83%"
"05/05/2016","577.100","570.990","578.060","570.500","","0.73%"
"05/04/2016","572.890","570.150","573.990","569.010","","-0.71%"
"05/03/2016","576.980","566.800","577.250","564.750","","0.06%"
"05/02/2016","576.660","572.390","580.410","568.740","","0.38%"
"04/29/2016","574.490","577.730","580.600","572.340","","-0.92%"
"04/28/2016","579.830","579.260","582.650","576.920","","-0.25%"
"04/27/2016","581.310","580.390","583.730","577.330","","-0.19%"
"04/26/2016","582.390","582.090","584.710","578.450","","-0.31%"
"04/25/2016","584.190","582.870","585.380","581.520","","-0.79%"
"04/22/2016","588.835","581.060","589.425","579.930","","0.99%"
"04/21/2016","583.060","580.490","583.990","575.600","","0.09%"
"04/20/2016","582.540","577.430","582.960","576.010","","0.55%"
"04/19/2016","579.330","579.110","581.160","576.060","","-0.63%"
"04/18/2016","583.000","581.260","583.580","580.680","","-0.04%"
"04/15/2016","583.260","581.990","585.230","579.520","","-0.14%"
"04/14/2016","584.090","581.730","586.040","580.650","","0.08%"
"04/13/2016","583.630","576.160","584.040","575.700","","0.97%"
"04/12/2016","578.010","574.900","579.990","572.020","","0.24%"
"04/11/2016","576.640","575.100","578.670","572.920","","-0.05%"
"04/08/2016","576.950","577.220","579.940","574.390","","-1.05%"
"04/07/2016","583.100","574.430","586.000","572.790","","0.90%"
"04/06/2016","577.895","576.060","582.425","573.700","","-0.03%"
"04/05/2016","578.060","575.700","580.550","574.970","","0.04%"
"04/04/2016","577.800","576.140","579.530","574.800","","0.00%"
"04/01/2016","577.800","576.310","580.700","573.390","","-0.09%"
"03/31/2016","578.310","578.390","581.980","574.750","","-0.37%"
"03/30/2016","580.450","580.850","583.370","577.120","","-1.34%"
"03/29/2016","588.350","585.730","594.490","580.070","","-0.85%"
"03/28/2016","593.390","587.410","595.380","584.580","","0.69%"
"03/25/2016","589.300","586.930","590.090","586.150","","0.07%"
"03/24/2016","588.880","586.570","590.510","586.030","","0.08%"
"03/23/2016","588.410","584.630","589.720","584.220","","-0.63%"
"03/22/2016","592.130","583.380","593.650","582.450","","1.15%"
"03/21/2016","585.380","582.920","585.850","579.910","","0.26%"
"03/18/2016","583.880","579.420","584.540","579.360","","-0.52%"
"03/17/2016","586.920","584.220","592.760","578.170","","-0.82%"
"03/16/2016","591.770","591.260","600.640","583.490","","-1.03%"
"03/15/2016","597.920","590.630","599.800","589.520","","-0.05%"
"03/14/2016","598.190","588.340","599.570","588.340","","0.49%"
"03/11/2016","595.275","586.830","596.125","585.050","","0.18%"
"03/10/2016","594.220","596.160","613.520","584.740","","-1.53%"
"03/09/2016","603.450","595.570","606.710","593.790","","0.05%"
"03/08/2016","603.120","595.460","605.240","593.130","","0.04%"
"03/07/2016","602.900","597.320","606.950","594.700","","0.61%"
"03/04/2016","599.245","598.790","604.925","593.850","","-1.05%"
"03/03/2016","605.595","603.570","612.225","597.780","","-0.89%"
"03/02/2016","611.010","603.350","613.410","602.790","","0.02%"
"03/01/2016","610.900","602.750","612.850","602.360","","0.75%"
"02/29/2016","606.345","599.940","608.015","599.830","","-0.12%"
"02/26/2016","607.075","595.130","608.485","592.650","","0.72%"
"02/25/2016","602.740","595.400","604.350","593.520","","0.14%"
"02/24/2016","601.900","594.850","605.060","593.790","","0.54%"
"02/23/2016","598.690","594.340","600.350","593.370","","-0.40%"
"02/22/2016","601.080","592.830","602.850","592.350","","0.93%"
"02/19/2016","595.570","590.060","599.820","588.400","","-0.33%"
"02/18/2016","597.535","588.260","599.245","588.180","","0.37%"
"02/17/2016","595.310","586.890","597.120","586.630","","0.07%"
"02/16/2016","594.885","587.930","596.425","585.940","","0.84%"
"02/15/2016","589.930","586.670","591.410","586.620","","0.01%"
"02/12/2016","589.880","579.310","591.610","578.700","","1.48%"
"02/11/2016","581.260","580.800","583.830","576.560","","-0.26%"
"02/10/2016","582.800","580.750","589.670","579.830","","0.03%"
"02/09/2016","582.650","585.680","589.560","578.450","","-0.90%"
"02/08/2016","587.940","588.360","593.650","584.740","","-1.31%"
"02/05/2016","595.755","585.210","597.295","584.420","","0.66%"
"02/04/2016","591.860","591.750","598.470","583.700","","-1.25%"
"02/03/2016","599.375","600.640","607.955","592.070","","-0.53%"
"02/02/2016","602.580","601.460","604.130","599.490","","-0.98%"
"02/01/2016","608.550","604.680","612.040","601.020","","-0.57%"
"01/29/2016","612.025","602.510","613.525","600.310","","1.09%"
"01/28/2016","605.445","602.960","609.895","598.560","","-0.69%"
"01/27/2016","609.630","603.510","611.180","601.080","","-0.20%"
"01/26/2016","610.850","603.790","613.020","603.680","","-0.16%"
"01/25/2016","611.855","605.740","613.645","604.740","","-0.26%"
"01/22/2016","613.455","605.460","614.005","605.180","","0.24%"
"01/21/2016","611.965","602.020","615.215","600.680","","0.62%"
"01/20/2016","608.165","599.270","608.875","597.630","","0.09%"
"01/19/2016","607.615","602.070","611.095","599.940","","0.58%"
"01/18/2016","604.130","602.900","605.510","601.190","","0.20%"
"01/15/2016","602.910","603.680","606.290","597.080","","-0.44%"
"01/14/2016","605.570","603.070","607.290","599.380","","0.11%"
"01/13/2016","604.900","604.070","609.030","602.080","","-0.17%"
"01/12/2016","605.900","603.900","608.080","601.690","","0.00%"
"01/11/2016","605.900","600.690","606.510","600.360","","-0.37%"
"01/08/2016","608.140","602.790","612.180","600.750","","-0.32%"
"01/07/2016","610.120","608.380","615.390","603.070","","-0.77%"
"01/06/2016","614.880","611.050","618.290","607.260","","-0.31%"
"01/05/2016","616.785","606.860","619.225","606.240","","0.49%"
"01/04/2016","613.765","601.130","615.215","600.360","","0.63%"
"01/01/2016","609.900","603.400","609.900","603.400","","0.00%"
"12/31/2015","609.900","599.810","610.790","599.650","","1.33%"
"12/30/2015","601.870","600.640","603.630","599.270","","-0.84%"
"12/29/2015","606.970","597.520","608.300","596.700","","0.50%"
"12/28/2015","603.970","598.120","604.950","596.600","","-0.27%"
"12/25/2015","605.600","599.100","605.600","599.100","","0.00%"
"12/24/2015","605.600","599.430","606.480","598.060","","-0.61%"
"12/23/2015","609.290","600.090","609.730","599.760","","0.82%"
"12/22/2015","604.350","601.020","607.630","597.080","","-0.33%"
"12/21/2015","606.370","602.900","611.070","599.540","","-0.74%"
"12/18/2015","610.910","605.350","613.920","603.790","","0.40%"
"12/17/2015","608.470","600.800","609.260","600.750","","0.89%"
"12/16/2015","603.080","599.980","604.180","595.890","","0.19%"
"12/15/2015","601.920","596.700","603.460","593.040","","0.57%"
"12/14/2015","598.490","598.450","601.210","593.570","","0.06%"
"12/11/2015","598.160","599.210","601.760","594.650","","-1.26%"
"12/10/2015","605.770","596.490","606.750","596.320","","1.16%"
"12/09/2015","598.810","602.020","604.960","596.650","","-0.86%"
"12/08/2015","604.020","605.010","607.740","601.570","","-0.49%"
"12/07/2015","607.010","605.850","609.540","603.900","","-0.37%"
"12/04/2015","609.290","602.790","610.230","598.940","","0.26%"
"12/03/2015","607.740","619.410","628.730","599.380","","-3.07%"
"12/02/2015","626.970","617.600","627.610","616.850","","0.45%"
"12/01/2015","624.160","620.700","627.490","616.620","","-0.48%"
"11/30/2015","627.140","620.110","627.790","619.530","","0.34%"
"11/27/2015","625.040","618.130","625.270","618.010","","0.08%"
"11/26/2015","624.570","617.260","625.090","616.790","","0.12%"
"11/25/2015","623.810","616.150","627.200","615.170","","0.19%"
"11/24/2015","622.650","616.500","623.700","614.480","","-0.07%"
"11/23/2015","623.060","616.910","625.440","615.400","","0.07%"
"11/20/2015","622.650","610.930","622.830","610.360","","1.59%"
"11/19/2015","612.930","615.170","617.580","609.400","","-0.70%"
"11/18/2015","617.230","616.040","619.600","613.450","","-0.16%"
"11/17/2015","618.210","613.790","619.020","613.270","","-0.32%"
"11/16/2015","620.170","610.930","620.980","610.360","","0.99%"
"11/13/2015","614.070","606.360","614.240","606.300","","0.91%"
"11/12/2015","608.530","610.360","615.390","605.690","","-0.64%"
"11/11/2015","612.420","611.790","614.590","609.850","","-0.98%"
"11/10/2015","618.500","609.570","619.420","609.570","","0.84%"
"11/09/2015","613.330","608.900","615.070","607.780","","0.16%"
"11/06/2015","612.360","602.410","614.530","601.830","","0.54%"
"11/05/2015","609.070","603.510","611.910","601.660","","0.59%"
"11/04/2015","605.510","598.060","606.790","597.850","","0.91%"
"11/03/2015","600.060","595.300","601.760","594.590","","0.45%"
"11/02/2015","597.350","594.270","598.160","593.410","","-0.95%"
"10/30/2015","603.060","598.000","603.240","597.820","","-0.34%"
"10/29/2015","605.140","600.360","608.160","597.080","","0.46%"
"10/28/2015","602.360","593.470","602.860","591.170","","1.13%"
"10/27/2015","595.630","592.930","596.650","592.070","","0.12%"
"10/26/2015","594.930","593.570","598.050","592.610","","-0.37%"
"10/23/2015","597.130","590.420","598.600","588.720","","0.80%"
"10/22/2015","592.370","578.340","592.790","577.830","","2.07%"
"10/21/2015","580.340","577.480","580.700","577.170","","-0.47%"
"10/20/2015","583.085","578.900","583.965","576.010","","-0.39%"
"10/19/2015","585.350","578.090","586.580","576.970","","0.18%"
"10/16/2015","584.280","577.430","585.050","575.750","","0.20%"
"10/15/2015","583.110","571.690","583.780","570.790","","0.83%"
"10/14/2015","578.290","576.310","583.110","570.840","","-0.77%"
"10/13/2015","582.760","575.200","583.520","574.900","","0.73%"
"10/12/2015","578.560","576.460","579.530","575.450","","-0.16%"
"10/09/2015","579.480","581.570","584.140","576.010","","-0.69%"
"10/08/2015","583.520","583.700","585.900","579.160","","-0.35%"
"10/07/2015","585.590","581.730","587.000","581.260","","0.31%"
"10/06/2015","583.780","585.990","589.090","581.420","","-0.74%"
"10/05/2015","588.150","583.590","589.040","580.960","","0.17%"
"10/02/2015","587.150","585.730","590.200","579.570","","-0.12%"
"10/01/2015","587.830","586.830","590.990","585.150","","-0.14%"
"09/30/2015","588.670","584.010","589.880","583.750","","0.24%"
"09/29/2015","587.260","582.610","591.280","581.970","","-0.19%"
"09/28/2015","588.360","587.140","592.710","583.380","","-0.31%"
"09/25/2015","590.180","589.520","594.070","585.360","","0.60%"
"09/24/2015","586.640","585.470","590.910","580.650","","-0.94%"
"09/23/2015","592.220","589.200","595.150","586.150","","-0.22%"
"09/22/2015","593.540","586.990","593.930","585.260","","0.61%"
"09/21/2015","589.970","579.880","591.240","578.900","","1.34%"
"09/18/2015","582.180","575.250","582.450","574.800","","-0.41%"
"09/17/2015","584.580","580.600","585.220","578.500","","0.12%"
"09/16/2015","583.900","582.810","588.460","579.470","","-0.15%"
"09/15/2015","584.805","579.880","585.795","578.960","","0.50%"
"09/14/2015","581.880","578.040","583.210","577.830","","0.08%"
"09/11/2015","581.435","581.050","586.015","577.780","","-0.29%"
"09/10/2015","583.110","586.720","589.140","580.700","","-1.03%"
"09/09/2015","589.200","587.560","591.200","585.210","","0.00%"
"09/08/2015","589.210","586.720","590.630","585.730","","-0.21%"
"09/07/2015","590.460","588.040","591.780","586.780","","-0.43%"
"09/04/2015","593.000","588.880","594.170","587.620","","-0.10%"
"09/03/2015","593.580","584.370","594.590","583.380","","1.35%"
"09/02/2015","585.700","582.350","586.420","580.750","","0.30%"
"09/01/2015","583.930","582.660","585.900","581.420","","-0.44%"
"08/31/2015","586.530","584.320","588.620","583.330","","-0.17%"
"08/28/2015","587.520","583.790","589.880","581.010","","0.29%"
"08/27/2015","585.850","578.800","587.410","578.390","","1.32%"
"08/26/2015","578.210","572.490","579.730","571.890","","0.33%"
"08/25/2015","576.290","567.630","577.670","567.240","","1.25%"
"08/24/2015","569.195","570.840","573.705","560.260","","-1.91%"
"08/21/2015","580.300","582.500","586.160","576.560","","-1.25%"
"08/20/2015","587.650","588.990","591.240","584.530","","-1.25%"
"08/19/2015","595.090","593.520","597.250","592.500","","-0.34%"
"08/18/2015","597.130","592.710","597.420","591.220","","0.36%"
"08/17/2015","594.990","591.650","596.120","589.570","","0.46%"
"08/14/2015","592.260","587.720","593.010","586.200","","0.14%"
"08/13/2015","591.415","589.780","594.395","588.200","","0.15%"
"08/12/2015","590.540","592.020","595.110","584.940","","-1.11%"
"08/11/2015","597.140","596.110","600.220","591.650","","-0.11%"
"08/10/2015","597.810","597.520","603.580","594.430","","-0.59%"
"08/07/2015","601.370","600.860","606.330","597.410","","-0.50%"
"08/06/2015","604.420","601.300","607.070","600.420","","0.00%"
"08/05/2015","604.420","602.120","604.420","602.120","","0.29%"
"08/04/2015","602.660","598.010","603.210","596.870","","0.35%"
"08/03/2015","600.585","596.980","601.525","596.920","","0.45%"
"07/31/2015","597.890","599.700","604.580","590.310","","-0.90%"
"07/30/2015","603.350","598.500","604.130","597.140","","1.21%"
"07/29/2015","596.160","592.880","597.570","592.340","","0.11%"
"07/28/2015","595.490","592.980","596.850","592.230","","0.23%"
"07/27/2015","594.150","596.430","601.730","589.410","","-1.04%"
"07/24/2015","600.400","596.690","602.980","596.650","","0.50%"
"07/23/2015","597.440","601.770","602.780","595.240","","-0.83%"
"07/22/2015","602.430","599.950","603.950","598.770","","0.44%"
"07/21/2015","599.785","605.400","606.335","598.120","","-0.82%"
"07/20/2015","604.730","605.680","606.220","603.350","","-0.03%"
"07/17/2015","604.905","602.950","605.025","601.350","","0.33%"
"07/16/2015","602.940","598.930","604.740","598.930","","0.29%"
"07/15/2015","601.210","596.310","601.820","594.380","","0.79%"
"07/14/2015","596.510","596.050","598.130","594.550","","-0.36%"
"07/13/2015","598.660","588.640","598.990","588.640","","1.79%"
"07/10/2015","588.120","591.900","594.730","584.940","","-1.80%"
"07/09/2015","598.915","592.310","599.095","591.840","","0.99%"
"07/08/2015","593.035","595.400","596.165","591.270","","-1.43%"
"07/07/2015","601.615","594.040","603.765","594.040","","0.78%"
"07/06/2015","596.975","591.250","598.625","591.250","","0.58%"
"07/03/2015","593.560","591.750","594.410","589.940","","-0.11%"
"07/02/2015","594.200","592.880","596.460","590.370","","0.20%"
"07/01/2015","593.020","588.670","593.330","588.250","","0.31%"
"06/30/2015","591.170","583.700","592.120","583.280","","0.87%"
"06/29/2015","586.090","586.660","595.480","582.140","","-0.80%"
"06/26/2015","590.805","585.410","592.345","584.580","","0.51%"
"06/25/2015","587.810","584.600","590.540","584.600","","-0.16%"
"06/24/2015","588.740","587.370","590.690","584.630","","0.26%"
"06/23/2015","587.190","576.730","589.410","576.730","","1.67%"
"06/22/2015","577.540","577.680","581.270","574.950","","-0.29%"
"06/19/2015","579.200","576.270","581.790","576.270","","0.27%"
"06/18/2015","577.630","581.920","582.980","573.590","","-0.75%"
"06/17/2015","582.010","584.520","584.630","580.850","","-0.44%"
"06/16/2015","584.610","583.410","585.510","580.180","","0.11%"
"06/15/2015","583.970","584.010","586.400","581.160","","0.34%"
"06/12/2015","582.000","584.370","588.350","580.710","","-0.44%"
"06/11/2015","584.570","580.020","586.730","580.020","","0.73%"
"06/10/2015","580.340","582.300","583.340","577.940","","-0.49%"
"06/09/2015","583.170","581.420","585.930","579.930","","-0.17%"
"06/08/2015","584.190","589.040","592.100","582.090","","-1.35%"
"06/05/2015","592.210","581.830","595.520","581.780","","1.78%"
"06/04/2015","581.880","577.780","585.540","577.070","","-0.55%"
"06/03/2015","585.120","588.140","590.780","581.210","","-0.63%"
"06/02/2015","588.830","598.770","601.210","586.200","","-2.18%"
"06/01/2015","601.980","601.570","604.510","597.410","","0.47%"
"05/29/2015","599.190","598.560","600.720","596.000","","-0.37%"
"05/28/2015","601.430","599.810","605.180","599.050","","-0.57%"
"05/27/2015","604.850","602.570","608.130","601.300","","0.06%"
"05/26/2015","604.460","602.070","605.400","599.650","","0.75%"
"05/25/2015","599.970","596.600","600.950","596.430","","0.41%"
"05/22/2015","597.510","587.990","598.160","585.260","","1.02%"
"05/21/2015","591.470","589.200","592.630","586.620","","-0.29%"
"05/20/2015","593.170","591.590","594.230","588.510","","0.38%"
"05/19/2015","590.940","586.090","591.730","584.790","","1.51%"
"05/18/2015","582.130","575.550","582.440","574.090","","1.18%"
"05/15/2015","575.340","574.850","581.710","571.890","","-0.32%"
"05/14/2015","577.200","575.000","580.690","573.090","","-0.29%"
"05/13/2015","578.860","583.440","587.860","576.360","","-1.15%"
"05/12/2015","585.620","585.830","588.330","581.570","","-0.22%"
"05/11/2015","586.940","584.940","586.940","584.940","","0.00%"
"05/08/2015","586.940","582.190","588.570","581.320","","0.49%"
"05/07/2015","584.090","577.480","585.590","575.750","","-0.85%"
"05/06/2015","589.120","586.620","589.120","586.620","","0.00%"
"05/05/2015","589.120","590.000","593.400","585.210","","-0.33%"
"05/04/2015","591.070","587.510","592.180","586.200","","0.68%"
"05/01/2015","587.080","584.010","587.650","583.540","","-0.19%"
"04/30/2015","588.180","588.090","592.440","583.120","","-0.30%"
"04/29/2015","589.960","596.160","599.420","586.830","","-1.67%"
"04/28/2015","599.970","602.510","606.180","596.870","","-0.73%"
"04/27/2015","604.410","603.790","608.630","601.350","","-0.26%"
"04/24/2015","605.960","605.690","609.420","602.900","","-0.65%"
"04/23/2015","609.920","613.270","615.830","606.130","","-0.67%"
"04/22/2015","614.060","609.680","615.030","607.260","","0.13%"
"04/21/2015","613.260","611.050","613.830","610.310","","0.22%"
"04/20/2015","611.900","608.210","614.630","607.590","","0.82%"
"04/17/2015","606.945","611.000","611.085","606.860","","-1.14%"
"04/16/2015","613.940","616.270","619.810","609.850","","-1.15%"
"04/15/2015","621.090","618.130","622.850","614.480","","0.92%"
"04/14/2015","615.430","621.580","622.500","612.640","","-0.81%"
"04/13/2015","620.435","618.830","623.505","618.540","","0.42%"
"04/10/2015","617.810","614.310","617.810","614.310","","0.00%"
"04/09/2015","617.810","608.380","618.270","607.930","","1.00%"
"04/08/2015","611.710","606.530","612.670","602.400","","0.29%"
"04/07/2015","609.970","604.510","610.590","602.570","","1.59%"
"04/06/2015","600.420","596.920","600.420","596.920","","0.00%"
"04/03/2015","600.420","602.790","607.070","595.730","","-1.07%"
"04/02/2015","606.900","604.180","607.960","601.690","","-0.57%"
"04/01/2015","610.380","608.720","613.900","607.420","","0.08%"
"03/31/2015","609.910","606.410","609.910","606.410","","0.00%"
"03/30/2015","609.910","605.350","610.030","603.850","","0.84%"
"03/27/2015","604.850","602.020","607.730","599.270","","0.05%"
"03/26/2015","604.520","596.000","604.910","595.130","","0.53%"
"03/25/2015","601.350","600.360","605.190","595.510","","-0.14%"
"03/24/2015","602.200","596.980","604.240","594.760","","-0.65%"
"03/23/2015","606.120","604.120","606.120","604.120","","0.00%"
"03/20/2015","606.120","613.850","616.130","603.680","","-1.69%"
"03/19/2015","616.560","615.920","617.720","610.990","","-0.06%"
"03/18/2015","616.940","618.070","621.410","614.770","","-0.92%"
"03/17/2015","622.680","619.290","623.850","615.860","","0.07%"
"03/16/2015","622.270","622.590","626.800","617.840","","-0.84%"
"03/13/2015","627.570","617.780","629.000","617.370","","0.88%"
"03/12/2015","622.090","618.770","622.680","618.590","","-0.27%"
"03/11/2015","623.790","619.060","624.440","617.200","","1.35%"
"03/10/2015","615.500","610.000","615.500","610.000","","1.15%"
"03/09/2015","608.500","601.000","608.500","601.000","","1.25%"
"03/06/2015","600.970","598.060","601.950","597.030","","0.28%"
"03/05/2015","599.280","593.140","599.450","590.260","","0.55%"
"03/04/2015","596.000","587.200","596.380","587.200","","1.25%"
"03/03/2015","588.650","586.360","591.490","585.100","","0.02%"
"03/02/2015","588.510","586.620","588.830","583.490","","0.15%"
"02/27/2015","587.620","584.840","588.830","583.330","","0.30%"
"02/26/2015","585.885","578.040","585.885","576.360","","0.88%"
"02/25/2015","580.770","577.020","582.100","576.260","","-0.48%"
"02/24/2015","583.580","579.210","584.460","577.430","","0.54%"
"02/23/2015","580.450","577.480","582.750","577.170","","-0.06%"
"02/20/2015","580.770","578.900","584.870","576.720","","0.26%"
"02/19/2015","579.250","575.400","581.080","575.050","","-0.21%"
"02/18/2015","580.450","576.110","580.700","574.700","","0.22%"
"02/17/2015","579.200","577.730","581.380","572.890","","0.13%"
"02/16/2015","578.460","574.490","579.120","574.240","","0.54%"
"02/13/2015","575.350","575.150","576.410","573.490","","-0.58%"
"02/12/2015","578.700","578.600","583.740","574.190","","-0.59%"
"02/11/2015","582.150","579.360","584.970","578.040","","-0.12%"
"02/10/2015","582.860","579.060","585.330","578.600","","0.03%"
"02/09/2015","582.660","578.090","585.490","577.630","","1.42%"
"02/06/2015","574.500","579.000","581.500","572.000","","-1.12%"
"02/05/2015","581.000","578.040","582.240","577.830","","-0.11%"
"02/04/2015","581.640","571.240","583.070","571.140","","1.19%"
"02/03/2015","574.790","578.290","583.220","568.670","","-1.20%"
"02/02/2015","581.790","579.360","583.740","577.270","","-0.20%"
"01/30/2015","582.960","578.240","583.370","577.220","","0.06%"
"01/29/2015","582.590","580.900","583.210","579.520","","0.38%"
"01/28/2015","580.390","577.990","582.330","576.260","","0.26%"
"01/27/2015","578.860","581.990","584.600","574.140","","-0.73%"
"01/26/2015","583.100","584.010","586.520","580.650","","1.15%"
"01/23/2015","576.490","574.240","576.490","574.240","","0.00%"
"01/22/2015","576.490","564.850","577.400","563.340","","1.65%"
"01/21/2015","567.150","567.830","570.570","561.850","","-0.47%"
"01/20/2015","569.830","565.720","570.320","564.700","","0.56%"
"01/19/2015","566.660","567.000","569.390","563.540","","-0.88%"
"01/16/2015","571.710","563.540","574.440","563.340","","1.18%"
"01/15/2015","565.065","556.790","566.925","556.750","","1.46%"
"01/14/2015","556.910","556.230","559.230","553.690","","-0.42%"
"01/13/2015","559.280","554.060","560.180","553.970","","0.93%"
"01/12/2015","554.135","555.240","556.535","553.740","","0.03%"
"01/09/2015","553.945","555.280","557.475","553.780","","-0.65%"
"01/08/2015","557.570","555.900","560.020","555.240","","1.09%"
"01/07/2015","551.560","549.560","551.560","549.560","","0.00%"
"01/06/2015","551.560","549.560","553.920","548.730","","-0.14%"
"01/05/2015","552.350","549.380","553.730","549.150","","0.87%"
"01/02/2015","547.610","545.270","548.430","545.090","","1.21%"
"01/01/2015","541.070","538.820","541.070","538.820","","0.00%"
"12/31/2014","541.070","538.820","541.070","538.820","","0.00%"
"12/30/2014","541.070","538.730","542.220","538.150","","0.07%"
"12/29/2014","540.670","538.330","540.850","536.830","","-0.10%"
"12/26/2014","541.200","537.360","541.290","537.360","","0.30%"
"12/25/2014","539.570","537.320","539.570","537.320","","0.00%"
"12/24/2014","539.570","538.070","540.540","536.700","","-0.21%"
"12/23/2014","540.710","535.960","541.420","535.560","","0.60%"
"12/22/2014","537.510","535.080","537.640","534.430","","-0.17%"
"12/19/2014","538.430","533.520","538.860","533.130","","1.45%"
"12/18/2014","530.740","528.490","530.740","528.490","","0.00%"
"12/17/2014","530.740","526.240","531.760","525.690","","0.62%"
"12/16/2014","527.480","526.490","528.740","521.840","","-0.33%"
"12/15/2014","529.250","527.380","530.320","525.690","","0.25%"
"12/12/2014","527.940","528.060","530.440","525.350","","-0.68%"
"12/11/2014","531.550","526.870","532.150","526.070","","0.28%"
"12/10/2014","530.060","529.720","532.660","527.420","","-0.09%"
"12/09/2014","530.520","530.710","533.430","526.920","","-0.33%"
"12/08/2014","532.280","534.950","535.580","532.220","","-0.28%"
"12/05/2014","533.755","530.490","533.885","529.810","","0.73%"
"12/04/2014","529.890","532.610","535.780","526.580","","-0.59%"
"12/03/2014","533.060","530.190","533.190","530.110","","0.60%"
"12/02/2014","529.895","526.530","529.895","526.490","","0.44%"
"12/01/2014","527.560","527.300","529.970","524.470","","-0.38%"
"11/28/2014","529.550","526.830","529.930","525.140","","0.31%"
"11/27/2014","527.900","524.050","528.400","524.010","","0.24%"
"11/26/2014","526.640","525.560","529.330","523.470","","0.15%"
"11/25/2014","525.840","528.100","528.890","525.310","","-0.29%"
"11/24/2014","527.380","529.080","530.150","527.040","","-0.37%"
"11/21/2014","529.315","522.880","530.085","522.510","","1.25%"
"11/20/2014","522.760","523.090","524.510","521.640","","-0.03%"
"11/19/2014","522.905","523.130","524.155","521.720","","-0.50%"
"11/18/2014","525.510","526.830","529.330","522.880","","-0.67%"
"11/17/2014","529.080","523.720","529.290","523.630","","0.58%"
"11/14/2014","526.010","525.690","531.250","522.920","","-0.37%"
"11/13/2014","527.940","526.410","529.000","524.980","","-0.31%"
"11/12/2014","529.590","525.730","529.720","524.980","","0.30%"
"11/11/2014","528.030","528.100","531.420","524.770","","-0.43%"
"11/10/2014","530.310","525.940","530.400","524.350","","0.19%"
"11/07/2014","529.300","529.980","532.580","527.170","","-0.55%"
"11/06/2014","532.230","525.310","532.660","523.340","","0.89%"
"11/05/2014","527.520","522.800","528.780","522.050","","0.47%"
"11/04/2014","525.050","525.480","527.770","521.510","","-0.52%"
"11/03/2014","527.770","524.810","528.190","524.300","","0.45%"
"10/31/2014","525.430","520.020","527.140","519.780","","0.61%"
"10/30/2014","522.270","519.200","524.920","518.870","","0.14%"
"10/29/2014","521.530","515.080","521.530","513.630","","0.82%"
"10/28/2014","517.290","516.460","519.320","513.790","","-0.28%"
"10/27/2014","518.750","516.460","520.100","515.530","","-0.18%"
"10/24/2014","519.680","518.580","521.120","516.620","","-0.24%"
"10/23/2014","520.920","518.300","521.530","517.400","","0.02%"
"10/22/2014","520.830","515.770","521.290","515.490","","0.54%"
"10/21/2014","518.020","512.350","518.140","510.870","","0.66%"
"10/20/2014","514.640","513.910","516.610","511.750","","-0.26%"
"10/17/2014","516.000","511.990","516.890","510.950","","0.35%"
"10/16/2014","514.200","510.910","518.390","510.830","","0.20%"
"10/15/2014","513.160","518.670","521.200","509.200","","-1.35%"
"10/14/2014","520.180","514.310","521.080","513.670","","0.69%"
"10/13/2014","516.610","517.560","520.140","513.990","","-0.95%"
"10/10/2014","521.570","517.560","522.600","517.520","","0.49%"
"10/09/2014","519.030","513.910","519.850","512.830","","0.41%"
"10/08/2014","516.920","518.300","520.870","514.480","","-0.74%"
"10/07/2014","520.790","519.980","523.220","518.090","","-0.57%"
"10/06/2014","523.760","523.220","525.800","520.770","","-0.46%"
"10/03/2014","526.180","518.750","526.680","518.380","","1.32%"
"10/02/2014","519.320","519.410","521.820","516.870","","-0.51%"
"10/01/2014","521.980","520.890","523.180","518.870","","0.14%"
"09/30/2014","521.240","517.970","523.720","517.890","","0.48%"
"09/29/2014","518.750","516.950","519.890","515.850","","-0.04%"
"09/26/2014","518.950","514.440","519.280","514.190","","0.73%"
"09/25/2014","515.200","512.950","515.200","512.950","","0.00%"
"09/24/2014","515.200","510.670","515.680","509.840","","0.53%"
"09/23/2014","512.480","510.550","512.800","508.410","","-0.13%"
"09/22/2014","513.160","510.910","513.160","510.910","","0.00%"
"09/19/2014","513.160","508.930","513.440","508.340","","0.59%"
"09/18/2014","510.150","509.200","512.370","507.510","","0.33%"
"09/17/2014","508.470","506.370","509.130","505.280","","0.11%"
"09/16/2014","507.920","507.390","509.640","505.670","","-0.16%"
"09/15/2014","508.740","506.340","510.270","506.220","","0.04%"
"09/12/2014","508.550","507.390","510.310","505.980","","-0.11%"
"09/11/2014","509.090","507.820","510.430","506.370","","-0.23%"
"09/10/2014","510.270","507.040","510.820","506.020","","-0.05%"
"09/09/2014","510.510","509.010","512.290","507.510","","0.05%"
"09/08/2014","510.260","506.800","511.010","506.180","","0.35%"
"09/05/2014","508.470","506.690","509.410","505.280","","-0.10%"
"09/04/2014","508.960","498.750","509.590","498.600","","1.59%"
"09/03/2014","501.000","499.430","501.950","498.410","","-0.12%"
"09/02/2014","501.620","499.620","502.310","499.360","","-0.05%"
"09/01/2014","501.870","499.510","501.910","498.900","","0.04%"
"08/29/2014","501.680","497.540","501.720","496.970","","0.37%"
"08/28/2014","499.830","497.090","500.620","496.220","","0.08%"
"08/27/2014","499.410","498.070","500.430","496.520","","-0.20%"
"08/26/2014","500.390","497.200","500.510","496.520","","0.20%"
"08/25/2014","499.380","496.900","499.530","496.490","","0.36%"
"08/22/2014","497.610","493.870","498.360","493.390","","0.31%"
"08/21/2014","496.080","494.610","497.050","493.530","","-0.15%"
"08/20/2014","496.830","492.420","497.050","492.280","","0.44%"
"08/19/2014","494.670","490.840","494.930","490.690","","0.32%"
"08/18/2014","493.090","490.110","493.460","489.630","","0.24%"
"08/15/2014","491.920","490.730","492.950","489.010","","-0.21%"
"08/14/2014","492.940","490.690","493.240","489.190","","-0.02%"
"08/13/2014","493.020","491.170","493.790","488.940","","0.07%"
"08/12/2014","492.690","490.580","493.830","490.510","","0.13%"
"08/11/2014","492.030","489.740","492.220","489.560","","0.14%"
"08/08/2014","491.330","490.770","493.310","488.350","","-0.37%"
"08/07/2014","493.130","490.110","493.940","489.700","","0.16%"
"08/06/2014","492.320","490.360","494.160","490.030","","-0.06%"
"08/05/2014","492.610","488.720","493.200","488.610","","0.34%"
"08/04/2014","490.930","488.460","491.410","488.350","","0.08%"
"08/01/2014","490.530","489.890","492.360","487.950","","-0.32%"
"07/31/2014","492.100","489.630","492.610","489.450","","0.04%"
"07/30/2014","491.880","489.120","492.940","488.860","","0.10%"
"07/29/2014","491.370","488.060","491.590","487.920","","0.22%"
"07/28/2014","490.310","488.030","490.600","487.880","","-0.05%"
"07/25/2014","490.570","487.850","490.610","487.450","","0.30%"
"07/24/2014","489.080","486.940","489.340","486.360","","-0.02%"
"07/23/2014","489.190","486.940","489.410","486.760","","0.04%"
"07/22/2014","489.010","485.000","489.340","484.850","","0.41%"
"07/21/2014","487.030","485.100","487.390","484.750","","0.05%"
"07/18/2014","486.780","484.890","488.150","484.530","","-0.03%"
"07/17/2014","486.920","484.890","487.250","484.390","","0.00%"
"07/16/2014","486.920","483.350","487.100","483.210","","0.32%"
"07/15/2014","485.390","481.610","485.640","481.330","","0.37%"
"07/14/2014","483.610","481.440","483.970","481.150","","-0.13%"
"07/11/2014","484.250","481.970","484.530","481.400","","-0.01%"
"07/10/2014","484.320","481.010","484.640","480.910","","0.20%"
"07/09/2014","483.370","481.750","484.210","480.730","","-0.11%"
"07/08/2014","483.900","482.360","484.680","481.610","","-0.04%"
"07/07/2014","484.070","483.000","485.000","481.900","","-0.08%"
"07/04/2014","484.460","481.900","484.820","481.860","","0.11%"
"07/03/2014","483.930","480.380","484.390","479.990","","0.31%"
"07/02/2014","482.450","479.680","482.770","479.570","","0.20%"
"07/01/2014","481.470","479.050","481.570","478.840","","0.09%"
"06/30/2014","481.050","480.450","482.660","478.840","","-0.46%"
"06/27/2014","483.260","481.370","483.930","480.840","","-0.10%"
"06/26/2014","483.720","481.650","485.100","481.400","","0.15%"
"06/25/2014","482.980","481.750","484.290","480.450","","-0.31%"
"06/24/2014","484.460","481.540","484.890","481.330","","-0.01%"
"06/23/2014","484.530","482.430","485.140","482.180","","-0.03%"
"06/20/2014","484.680","481.680","485.570","481.650","","0.13%"
"06/19/2014","484.070","481.790","484.180","480.770","","-0.27%"
"06/18/2014","485.390","484.240","486.280","482.850","","-0.21%"
"06/17/2014","486.420","483.250","486.570","483.070","","0.25%"
"06/16/2014","485.210","484.210","487.350","483.000","","-0.32%"
"06/13/2014","486.780","483.920","486.920","483.000","","0.17%"
"06/12/2014","485.960","485.070","487.180","483.250","","-0.16%"
"06/11/2014","486.750","484.460","487.000","483.780","","0.06%"
"06/10/2014","486.460","482.500","486.640","482.390","","0.40%"
"06/09/2014","484.530","481.790","484.920","481.650","","0.36%"
"06/06/2014","482.770","480.100","483.540","479.570","","0.12%"
"06/05/2014","482.170","482.320","487.710","479.890","","-0.44%"
"06/04/2014","484.290","481.220","484.390","480.980","","0.20%"
"06/03/2014","483.330","482.360","484.780","480.590","","-0.22%"
"06/02/2014","484.390","482.430","484.710","481.260","","0.30%"
"05/30/2014","482.940","481.790","484.140","480.480","","-0.26%"
"05/29/2014","484.180","482.570","484.680","481.400","","-0.07%"
"05/28/2014","484.530","481.010","484.680","480.940","","0.30%"
"05/27/2014","483.080","480.660","483.830","480.170","","0.09%"
"05/26/2014","482.660","481.300","483.790","480.340","","-0.13%"
"05/23/2014","483.300","481.540","483.720","480.800","","0.16%"
"05/22/2014","482.550","480.130","482.700","479.190","","0.12%"
"05/21/2014","481.990","478.170","482.980","478.170","","0.21%"
"05/20/2014","480.980","478.450","481.500","478.280","","0.12%"
"05/19/2014","480.420","478.030","480.560","477.580","","-0.09%"
"05/16/2014","480.840","478.380","481.260","477.820","","0.10%"
"05/15/2014","480.380","478.240","482.520","477.680","","0.03%"
"05/14/2014","480.240","478.590","480.730","477.680","","-0.08%"
"05/13/2014","480.610","476.710","481.130","476.230","","0.39%"
"05/12/2014","478.750","476.750","479.060","476.120","","0.01%"
"05/09/2014","478.680","473.890","479.160","473.750","","0.59%"
"05/08/2014","475.850","471.540","476.160","468.810","","0.50%"
"05/07/2014","473.470","470.900","473.540","470.560","","0.10%"
"05/06/2014","473.000","472.690","474.900","470.120","","-0.36%"
"05/05/2014","474.690","472.830","474.900","472.320","","-0.01%"
"05/02/2014","474.760","472.930","476.880","472.520","","-0.04%"
"05/01/2014","474.930","473.030","475.140","472.520","","-0.01%"
"04/30/2014","474.970","474.850","477.680","472.660","","-0.40%"
"04/29/2014","476.880","473.550","477.120","472.730","","0.28%"
"04/28/2014","475.550","473.000","475.960","472.590","","-0.09%"
"04/25/2014","475.990","474.060","476.270","473.620","","-0.08%"
"04/24/2014","476.370","474.400","477.570","473.890","","-0.09%"
"04/23/2014","476.820","474.990","477.260","473.440","","-0.11%"
"04/22/2014","477.330","475.060","477.640","474.400","","0.11%"
"04/21/2014","476.820","474.820","476.820","474.820","","0.00%"
"04/18/2014","476.820","474.850","476.950","474.470","","0.01%"
"04/17/2014","476.780","474.780","476.950","473.030","","0.01%"
"04/16/2014","476.710","474.820","477.580","473.550","","-0.01%"
"04/15/2014","476.780","474.610","477.470","474.200","","0.04%"
"04/14/2014","476.570","474.370","476.990","474.200","","0.45%"
"04/11/2014","474.420","472.290","475.100","471.840","","0.02%"
"04/10/2014","474.320","473.340","476.030","471.910","","-0.22%"
"04/09/2014","475.380","475.430","477.990","473.210","","-0.42%"
"04/08/2014","477.370","477.340","479.340","474.920","","-0.41%"
"04/07/2014","479.340","478.240","480.350","477.090","","-0.27%"
"04/04/2014","480.660","478.730","481.610","477.750","","0.04%"
"04/03/2014","480.450","476.470","480.800","475.500","","0.37%"
"04/02/2014","478.680","474.780","478.920","474.780","","0.25%"
"04/01/2014","477.500","475.680","477.810","475.260","","-0.13%"
"03/31/2014","478.120","477.060","479.410","475.090","","-0.18%"
"03/28/2014","478.960","477.300","480.520","476.260","","-0.07%"
"03/27/2014","479.300","475.850","479.750","475.400","","0.29%"
"03/26/2014","477.920","474.370","478.060","474.300","","0.32%"
"03/25/2014","476.400","473.960","478.920","473.650","","0.09%"
"03/24/2014","475.960","475.190","478.640","472.730","","-0.34%"
"03/21/2014","477.570","475.810","478.090","474.880","","-0.08%"
"03/20/2014","477.950","474.400","478.990","474.270","","0.97%"
"03/19/2014","473.370","470.690","473.880","470.660","","0.14%"
"03/18/2014","472.690","471.300","474.420","470.690","","-0.06%"
"03/17/2014","472.960","472.320","474.390","470.350","","-0.10%"
"03/14/2014","473.440","472.800","475.140","470.760","","-0.04%"
"03/13/2014","473.610","471.780","473.950","469.650","","-0.04%"
"03/12/2014","473.780","473.240","475.790","471.400","","-0.30%"
"03/11/2014","475.210","472.660","476.130","472.520","","0.11%"
"03/10/2014","474.690","472.460","475.170","472.220","","-0.89%"
"03/07/2014","478.960","476.960","478.960","476.960","","0.00%"
"03/06/2014","478.960","477.890","480.000","476.510","","-0.14%"
"03/05/2014","479.650","477.820","481.920","477.160","","0.06%"
"03/04/2014","479.355","476.820","479.665","476.640","","0.18%"
"03/03/2014","478.485","476.160","478.865","475.780","","0.35%"
"02/28/2014","476.820","478.420","480.980","474.540","","-0.74%"
"02/27/2014","480.380","479.220","482.770","477.890","","-0.17%"
"02/26/2014","481.190","477.160","482.130","476.750","","0.42%"
"02/25/2014","479.200","477.550","480.170","476.510","","-0.07%"
"02/24/2014","479.550","476.990","480.490","476.400","","-0.06%"
"02/21/2014","479.820","478.140","480.630","476.820","","-0.05%"
"02/20/2014","480.065","478.870","481.155","478.000","","0.26%"
"02/19/2014","478.840","476.680","479.380","476.230","","0.03%"
"02/18/2014","478.710","478.450","480.910","476.400","","-0.38%"
"02/17/2014","480.520","478.560","482.450","478.420","","-0.09%"
"02/14/2014","480.940","479.400","481.680","478.240","","-0.11%"
"02/13/2014","481.470","482.430","484.820","478.980","","-0.62%"
"02/12/2014","484.460","480.910","485.640","480.410","","0.31%"
"02/11/2014","482.980","480.630","483.220","479.430","","0.07%"
"02/10/2014","482.660","481.190","483.970","480.410","","-0.04%"
"02/07/2014","482.870","482.610","485.850","480.840","","-0.35%"
"02/06/2014","484.570","484.670","488.150","481.790","","-0.43%"
"02/05/2014","486.655","485.210","487.875","483.990","","-0.11%"
"02/04/2014","487.180","484.920","488.000","484.750","","0.05%"
"02/03/2014","486.960","486.400","488.540","484.600","","-0.27%"
"01/31/2014","488.290","484.140","488.580","483.960","","0.55%"
"01/30/2014","485.600","481.650","485.600","481.440","","0.72%"
"01/29/2014","482.130","479.570","484.180","479.290","","0.11%"
"01/28/2014","481.610","479.610","481.610","479.610","","0.00%"
"01/27/2014","481.610","479.470","482.380","478.240","","-0.01%"
"01/24/2014","481.640","478.910","482.030","477.410","","0.16%"
"01/23/2014","480.870","484.170","486.750","478.800","","-1.08%"
"01/22/2014","486.140","483.670","486.600","482.850","","0.10%"
"01/21/2014","485.670","483.960","487.280","483.420","","-0.07%"
"01/20/2014","485.990","483.890","486.240","483.350","","-0.18%"
"01/17/2014","486.890","481.510","487.210","481.510","","0.68%"
"01/16/2014","483.580","482.040","484.850","480.590","","-0.10%"
"01/15/2014","484.040","479.470","484.920","479.430","","0.53%"
"01/14/2014","481.470","479.750","483.360","479.150","","-0.06%"
"01/13/2014","481.750","480.200","482.940","479.570","","-0.53%"
"01/10/2014","484.320","481.860","484.640","481.830","","-0.09%"
"01/09/2014","484.780","482.070","486.070","481.150","","0.93%"
"01/08/2014","480.305","480.270","480.305","480.270","","-0.40%"
"01/07/2014","482.230","481.220","483.220","480.340","","-0.11%"
"01/06/2014","482.760","482.110","483.960","480.410","","-0.18%"
"01/03/2014","483.610","480.310","483.820","480.270","","0.38%"
"01/02/2014","481.775","477.720","483.045","477.300","","0.85%"
"01/01/2014","477.730","476.230","477.730","476.230","","0.00%"
"12/31/2013","477.730","476.160","478.180","475.950","","0.31%"
"12/30/2013","476.250","476.960","478.980","474.640","","-0.56%"
"12/27/2013","478.910","479.050","480.690","475.330","","-0.33%"
"12/26/2013","480.480","479.080","480.970","478.770","","-0.07%"
"12/25/2013","480.830","479.330","480.830","479.330","","0.00%"
"12/24/2013","480.830","479.220","481.250","479.150","","0.18%"
"12/23/2013","479.990","479.290","481.180","478.240","","-0.20%"
"12/20/2013","480.930","481.010","482.620","478.490","","-0.11%"
"12/19/2013","481.460","479.710","481.910","479.640","","0.72%"
"12/18/2013","478.040","476.400","479.120","476.020","","0.03%"
"12/17/2013","477.900","476.230","479.360","476.020","","-0.05%"
"12/16/2013","478.140","476.920","478.840","475.370","","-0.23%"
"12/13/2013","479.220","476.540","479.880","476.330","","0.15%"
"12/12/2013","478.490","475.710","478.660","475.640","","0.33%"
"12/11/2013","476.900","476.640","478.630","475.260","","-0.25%"
"12/10/2013","478.110","477.150","478.840","475.540","","-0.51%"
"12/09/2013","480.550","479.050","480.550","479.050","","0.00%"
"12/06/2013","480.550","480.200","482.690","478.800","","-0.17%"
"12/05/2013","481.350","482.640","485.710","479.680","","-0.79%"
"12/04/2013","485.170","483.420","486.320","482.290","","0.36%"
"12/03/2013","483.430","483.890","485.460","481.830","","-0.42%"
"12/02/2013","485.490","482.040","486.420","482.000","","0.40%"
"11/29/2013","483.540","481.900","483.820","481.650","","-0.04%"
"11/28/2013","483.750","482.070","484.210","481.750","","-0.27%"
"11/27/2013","485.070","482.460","485.170","481.970","","-0.06%"
"11/26/2013","485.350","484.140","486.530","483.460","","-0.36%"
"11/25/2013","487.110","484.570","487.680","484.350","","0.27%"
"11/22/2013","485.820","486.180","487.680","483.990","","-0.54%"
"11/21/2013","488.480","488.030","490.250","486.650","","-0.22%"
"11/20/2013","489.560","484.750","490.360","484.210","","0.67%"
"11/19/2013","486.280","485.050","487.750","484.490","","-0.02%"
"11/18/2013","486.400","485.400","486.400","485.400","","0.14%"
"11/15/2013","485.725","485.710","485.725","485.710","","0.00%"
"11/14/2013","485.725","485.710","485.725","485.710","","-0.14%"
"11/13/2013","486.400","485.400","486.400","485.400","","0.00%"
"11/12/2013","486.400","485.400","486.400","485.400","","0.00%"
"11/11/2013","486.400","485.400","486.400","485.400","","0.00%"
"11/08/2013","486.400","485.400","486.400","485.400","","0.00%"
"11/07/2013","486.400","485.400","486.400","485.400","","0.00%"
"11/06/2013","486.400","485.400","486.400","485.400","","-0.30%"
"11/05/2013","487.860","486.360","487.860","486.360","","0.00%"
"11/04/2013","487.860","486.360","487.860","486.360","","0.00%"
"11/01/2013","487.860","482.820","488.080","482.640","","0.72%"
"10/31/2013","484.390","477.510","484.670","477.410","","1.12%"
"10/30/2013","479.010","477.300","480.230","476.020","","0.06%"
"10/29/2013","478.700","475.810","478.940","474.820","","0.28%"
"10/28/2013","477.350","474.950","477.590","474.820","","0.11%"
"10/25/2013","476.830","475.330","476.830","475.330","","0.02%"
"10/24/2013","476.730","476.120","477.940","474.440","","-0.19%"
"10/23/2013","477.620","475.880","478.800","475.540","","0.04%"
"10/22/2013","477.450","479.430","481.490","475.540","","-0.73%"
"10/21/2013","480.970","479.750","481.950","479.190","","0.06%"
"10/18/2013","480.690","479.850","481.670","478.660","","-1.21%"
"10/17/2013","486.570","485.070","486.570","485.070","","0.08%"
"10/16/2013","486.170","484.820","488.190","483.490","","-0.07%"
"10/15/2013","486.500","483.600","488.080","483.390","","0.27%"
"10/14/2013","485.210","483.570","485.740","482.430","","-0.16%"
"10/11/2013","485.990","485.070","486.680","482.920","","-0.13%"
"10/10/2013","486.600","485.070","487.470","484.240","","0.03%"
"10/09/2013","486.460","483.250","487.830","482.110","","0.35%"
"10/08/2013","484.750","482.920","485.170","482.000","","0.07%"
"10/07/2013","484.420","482.750","485.850","482.570","","0.34%"
"10/04/2013","482.760","481.260","482.760","481.260","","0.00%"
"10/03/2013","482.760","482.960","484.570","480.700","","-0.37%"
"10/02/2013","484.530","484.780","487.030","482.140","","-0.39%"
"10/01/2013","486.420","484.890","486.710","483.030","","0.00%"
"09/30/2013","486.420","486.000","487.650","483.890","","-0.03%"
"09/27/2013","486.570","486.290","487.930","483.570","","-0.24%"
"09/26/2013","487.750","484.920","488.330","484.820","","0.28%"
"09/25/2013","486.390","486.800","488.440","484.530","","-0.39%"
"09/24/2013","488.300","486.110","488.620","485.210","","0.15%"
"09/23/2013","487.570","485.680","488.080","485.000","","0.24%"
"09/20/2013","486.390","484.640","487.360","484.100","","0.15%"
"09/19/2013","485.640","483.450","486.170","483.390","","-1.26%"
"09/18/2013","491.830","491.130","493.260","490.140","","-0.16%"
"09/17/2013","492.630","491.940","493.440","490.620","","-0.14%"
"09/16/2013","493.330","491.350","493.550","490.070","","-0.30%"
"09/13/2013","494.810","493.160","496.260","492.390","","0.02%"
"09/12/2013","494.700","492.720","495.820","492.280","","0.10%"
"09/11/2013","494.220","494.390","496.450","492.310","","-0.32%"
"09/10/2013","495.820","494.840","497.240","494.060","","-0.12%"
"09/09/2013","496.410","497.620","499.530","493.940","","-0.54%"
"09/06/2013","499.120","499.890","502.000","497.390","","-0.46%"
"09/05/2013","501.430","496.600","501.770","496.040","","0.67%"
"09/04/2013","498.100","498.030","499.950","496.220","","-0.27%"
"09/03/2013","499.460","497.090","500.670","496.860","","0.17%"
"09/02/2013","498.630","496.000","499.000","495.890","","0.22%"
"08/30/2013","497.540","495.360","499.270","495.170","","0.14%"
"08/29/2013","496.820","491.720","497.690","491.570","","0.77%"
"08/28/2013","493.040","489.700","494.250","489.630","","0.41%"
"08/27/2013","491.020","490.440","493.510","489.590","","-0.20%"
"08/26/2013","492.010","490.690","492.370","489.780","","0.08%"
"08/23/2013","491.640","491.100","493.110","489.160","","-0.16%"
"08/22/2013","492.450","491.170","494.250","490.510","","0.01%"
"08/21/2013","492.410","488.830","493.110","488.640","","0.45%"
"08/20/2013","490.180","490.840","492.300","487.560","","-1.53%"
"08/19/2013","497.800","496.450","497.800","496.450","","0.00%"
"08/16/2013","497.800","496.450","497.800","496.450","","0.00%"
"08/15/2013","497.800","496.450","497.800","496.450","","0.00%"
"08/14/2013","497.800","496.450","497.800","496.450","","0.00%"
"08/13/2013","497.800","496.450","497.800","496.450","","0.00%"
"08/12/2013","497.800","496.450","497.800","496.450","","0.00%"
"08/09/2013","497.800","496.450","497.800","496.450","","0.00%"
"08/08/2013","497.800","496.450","497.800","496.450","","0.00%"
"08/07/2013","497.800","496.450","497.800","496.450","","0.00%"
"08/06/2013","497.800","496.450","497.800","496.450","","0.00%"
"08/05/2013","497.800","496.450","497.800","496.450","","0.00%"
"08/02/2013","497.800","496.450","497.800","496.450","","-0.04%"
"08/01/2013","497.990","493.020","498.360","492.720","","0.73%"
"07/31/2013","494.400","494.540","497.690","491.500","","-0.31%"
"07/30/2013","495.930","494.500","496.970","493.160","","0.00%"
"07/29/2013","495.930","494.500","496.750","493.310","","0.04%"
"07/26/2013","495.730","493.940","496.700","493.270","","0.07%"
"07/25/2013","495.370","496.900","499.530","493.350","","-0.57%"
"07/24/2013","498.210","496.000","499.150","494.760","","0.18%"
"07/23/2013","497.310","497.390","499.650","495.470","","-0.29%"
"07/22/2013","498.780","498.710","500.780","496.220","","-0.06%"
"07/19/2013","499.055","500.310","501.185","498.670","","-0.52%"
"07/18/2013","501.660","499.700","503.310","499.590","","0.11%"
"07/17/2013","501.090","498.300","502.650","497.800","","0.28%"
"07/16/2013","499.680","502.150","503.810","497.880","","-0.48%"
"07/15/2013","502.110","501.500","504.780","501.110","","0.03%"
"07/12/2013","501.955","500.850","504.655","500.620","","0.23%"
"07/11/2013","500.825","505.440","505.965","496.790","","-1.15%"
"07/10/2013","506.670","513.190","515.260","505.130","","-1.53%"
"07/09/2013","514.540","509.440","515.580","508.530","","0.69%"
"07/08/2013","510.990","511.790","513.180","509.130","","-0.29%"
"07/05/2013","512.500","507.900","513.540","507.750","","0.89%"
"07/04/2013","507.960","504.190","509.150","503.580","","0.48%"
"07/03/2013","505.510","505.320","508.900","503.340","","0.01%"
"07/02/2013","505.440","502.110","506.020","501.530","","0.40%"
"07/01/2013","503.420","504.000","505.700","501.920","","-0.16%"
"06/28/2013","504.215","503.110","504.945","500.540","","0.21%"
"06/27/2013","503.150","504.080","504.620","502.380","","-0.20%"
"06/26/2013","504.135","501.420","505.185","501.150","","0.54%"
"06/25/2013","501.420","499.740","502.110","499.050","","0.85%"
"06/24/2013","497.210","496.210","497.210","496.210","","0.00%"
"06/21/2013","497.210","496.040","497.560","494.880","","-0.05%"
"06/20/2013","497.460","496.150","499.720","495.400","","1.37%"
"06/19/2013","490.760","489.700","491.420","489.010","","-0.06%"
"06/18/2013","491.050","490.620","493.550","488.940","","-0.20%"
"06/17/2013","492.040","491.690","493.480","490.140","","-0.15%"
"06/14/2013","492.780","490.330","494.700","490.330","","0.21%"
"06/13/2013","491.750","491.760","495.290","490.220","","-0.28%"
"06/12/2013","493.150","492.610","495.780","490.950","","-0.17%"
"06/11/2013","494.000","494.760","497.050","492.460","","-0.43%"
"06/10/2013","496.110","496.560","499.080","494.350","","-0.25%"
"06/07/2013","497.350","495.170","498.550","493.790","","0.17%"
"06/06/2013","496.490","500.920","502.540","492.980","","-1.15%"
"06/05/2013","502.250","501.340","503.860","500.120","","0.15%"
"06/04/2013","501.495","501.570","502.995","500.620","","-0.29%"
"06/03/2013","502.960","503.960","507.650","500.500","","-0.57%"
"05/31/2013","505.820","502.570","508.080","502.190","","0.37%"
"05/30/2013","503.960","506.770","508.590","502.150","","-0.58%"
"05/29/2013","506.900","510.150","510.970","505.440","","-0.66%"
"05/28/2013","510.250","507.160","510.530","506.530","","0.35%"
"05/27/2013","508.470","507.000","509.210","506.490","","0.24%"
"05/24/2013","507.255","507.040","508.395","504.850","","-0.23%"
"05/23/2013","508.430","510.080","512.900","506.300","","-0.34%"
"05/22/2013","510.155","508.220","511.185","504.580","","0.12%"
"05/21/2013","509.530","509.130","512.140","507.120","","-0.18%"
"05/20/2013","510.440","510.590","512.100","508.380","","-0.36%"
"05/17/2013","512.260","509.160","513.940","508.810","","0.36%"
"05/16/2013","510.440","509.010","511.900","507.310","","0.28%"
"05/15/2013","509.010","507.630","510.750","506.880","","0.25%"
"05/14/2013","507.725","505.520","507.805","503.460","","0.43%"
"05/13/2013","505.575","506.100","506.825","504.620","","0.14%"
"05/10/2013","504.855","503.420","507.115","503.000","","0.55%"
"05/09/2013","502.090","498.710","502.130","497.770","","0.67%"
"05/08/2013","498.735","501.500","501.855","497.350","","-0.57%"
"05/07/2013","501.570","501.570","501.960","500.040","","-0.28%"
"05/06/2013","502.960","500.080","503.850","499.130","","0.32%"
"05/03/2013","501.360","502.030","504.620","498.520","","-0.39%"
"05/02/2013","503.310","497.620","504.460","496.300","","0.80%"
"05/01/2013","499.330","498.140","500.120","495.280","","0.24%"
"04/30/2013","498.145","500.650","502.415","497.430","","-0.77%"
"04/29/2013","502.000","503.300","504.730","500.160","","-0.56%"
"04/26/2013","504.850","504.120","506.240","502.730","","-0.11%"
"04/25/2013","505.390","503.920","506.320","500.880","","0.04%"
"04/24/2013","505.200","504.540","507.610","503.190","","0.13%"
"04/23/2013","504.560","501.960","505.610","501.340","","0.51%"
"04/22/2013","502.015","502.340","504.015","501.610","","-0.11%"
"04/19/2013","502.570","502.500","502.770","499.660","","-0.01%"
"04/18/2013","502.610","503.300","503.770","500.850","","-0.40%"
"04/17/2013","504.650","497.690","505.850","496.940","","1.12%"
"04/16/2013","499.080","503.070","504.810","496.820","","-1.07%"
"04/15/2013","504.500","499.360","504.620","499.360","","0.60%"
"04/12/2013","501.510","500.730","504.460","499.660","","-0.09%"
"04/11/2013","501.970","501.800","504.230","499.210","","0.03%"
"04/10/2013","501.800","501.340","502.570","499.850","","-0.18%"
"04/09/2013","502.690","504.160","505.660","501.340","","-0.56%"
"04/08/2013","505.540","505.520","507.290","503.420","","-0.11%"
"04/05/2013","506.090","507.750","509.760","503.000","","-1.04%"
"04/04/2013","511.430","510.350","514.190","510.230","","-0.08%"
"04/03/2013","511.820","511.550","514.180","509.880","","-0.23%"
"04/02/2013","512.980","510.790","513.420","510.150","","0.00%"
"04/01/2013","512.980","511.630","512.980","511.630","","0.00%"
"03/29/2013","512.980","511.830","514.020","510.910","","-0.03%"
"03/28/2013","513.140","513.230","515.580","510.950","","-0.28%"
"03/27/2013","514.580","509.960","515.620","509.720","","0.63%"
"03/26/2013","511.350","510.080","512.340","508.890","","0.40%"
"03/25/2013","509.330","505.550","509.410","503.770","","0.86%"
"03/22/2013","504.970","508.490","508.970","504.190","","-0.96%"
"03/21/2013","509.840","507.120","510.590","506.260","","0.25%"
"03/20/2013","508.550","509.130","511.500","505.320","","-0.13%"
"03/19/2013","509.220","506.180","510.730","505.870","","0.33%"
"03/18/2013","507.570","504.000","509.020","504.000","","0.84%"
"03/15/2013","503.350","503.610","505.120","500.420","","-0.87%"
"03/14/2013","507.760","506.060","509.370","505.280","","0.08%"
"03/13/2013","507.330","503.230","508.860","502.030","","0.54%"
"03/12/2013","504.620","502.760","506.130","501.650","","0.09%"
"03/11/2013","504.150","504.580","506.710","502.420","","-0.36%"
"03/08/2013","505.970","500.390","507.610","499.360","","0.83%"
"03/07/2013","501.810","505.830","507.220","499.960","","-1.06%"
"03/06/2013","507.180","502.500","507.260","502.000","","0.91%"
"03/05/2013","502.590","503.500","504.180","501.610","","-0.19%"
"03/04/2013","503.560","504.270","505.220","503.380","","1.06%"
"03/01/2013","498.255","498.000","498.255","498.000","","-0.45%"
"02/28/2013","500.500","499.000","500.500","499.000","","0.00%"
"02/27/2013","500.500","499.750","501.500","499.000","","0.60%"
"02/26/2013","497.500","496.000","497.500","496.000","","0.00%"
"02/25/2013","497.500","497.690","499.190","495.580","","-0.31%"
"02/22/2013","499.035","497.310","500.445","495.470","","0.09%"
"02/21/2013","498.590","493.870","499.720","493.490","","0.69%"
"02/20/2013","495.180","489.920","495.550","488.350","","0.74%"
"02/19/2013","491.550","491.320","493.680","489.590","","-0.22%"
"02/18/2013","492.630","490.940","493.700","490.290","","0.08%"
"02/15/2013","492.230","491.000","494.290","490.360","","-0.14%"
"02/14/2013","492.930","487.000","493.050","487.000","","0.78%"
"02/13/2013","489.120","487.520","489.450","485.100","","0.06%"
"02/12/2013","488.830","489.260","492.080","486.720","","-0.35%"
"02/11/2013","490.540","490.940","493.480","488.460","","-0.32%"
"02/08/2013","492.120","489.630","492.560","488.430","","0.24%"
"02/07/2013","490.960","484.960","491.910","483.070","","0.93%"
"02/06/2013","486.420","482.820","487.420","482.420","","0.40%"
"02/05/2013","484.490","485.350","488.940","482.360","","-0.51%"
"02/04/2013","486.985","480.730","487.275","480.170","","1.11%"
"02/01/2013","481.620","483.030","484.600","478.310","","-0.55%"
"01/31/2013","484.270","483.420","485.740","482.460","","-0.12%"
"01/30/2013","484.840","486.110","487.860","482.750","","-0.54%"
"01/29/2013","487.460","487.480","490.320","485.890","","-0.28%"
"01/28/2013","488.815","487.190","489.835","486.690","","0.03%"
"01/25/2013","488.690","488.500","490.400","486.610","","-0.64%"
"01/24/2013","491.860","491.910","493.880","490.030","","-0.13%"
"01/23/2013","492.500","492.310","494.260","491.000","","-0.24%"
"01/22/2013","493.680","492.680","494.720","490.690","","-0.06%"
"01/21/2013","494.000","492.650","494.550","492.280","","-0.04%"
"01/18/2013","494.180","491.210","494.700","491.130","","0.33%"
"01/17/2013","492.560","493.530","495.590","491.130","","-0.47%"
"01/16/2013","494.880","492.940","495.890","492.380","","0.12%"
"01/15/2013","494.310","490.140","495.350","489.670","","0.58%"
"01/14/2013","491.460","491.610","493.180","489.370","","-0.40%"
"01/11/2013","493.445","494.200","496.795","490.730","","-0.42%"
"01/10/2013","495.550","502.030","504.380","494.170","","-1.56%"
"01/09/2013","503.420","501.340","504.460","500.850","","0.07%"
"01/08/2013","503.070","501.150","503.950","501.150","","0.56%"
"01/07/2013","500.255","500.000","500.255","500.000","","-0.82%"
"01/04/2013","504.415","502.760","504.415","502.760","","1.36%"
"01/03/2013","497.630","496.000","497.630","496.000","","0.00%"
"01/02/2013","497.630","496.750","498.380","496.000","","-0.21%"
"01/01/2013","498.665","497.010","498.665","497.010","","0.00%"
"12/31/2012","498.665","495.730","498.665","495.730","","0.16%"
"12/28/2012","497.875","496.220","498.245","495.580","","1.35%"
"12/27/2012","491.250","491.000","491.250","491.000","","-1.06%"
"12/26/2012","496.500","495.000","496.500","495.000","","0.00%"
"12/25/2012","496.500","495.000","496.500","495.000","","0.00%"
"12/24/2012","496.500","495.000","496.500","495.000","","0.00%"
"12/21/2012","496.500","493.000","496.500","493.000","","0.40%"
"12/20/2012","494.500","493.000","494.500","493.000","","-0.20%"
"12/19/2012","495.500","494.000","495.500","494.000","","-0.40%"
"12/18/2012","497.500","497.000","498.500","496.000","","0.00%"
"12/17/2012","497.500","497.000","498.500","496.000","","-0.63%"
"12/14/2012","500.670","501.380","503.270","499.320","","-0.43%"
"12/13/2012","502.850","501.650","504.310","500.650","","-0.03%"
"12/12/2012","502.980","504.350","506.030","500.880","","-0.52%"
"12/11/2012","505.630","506.770","508.590","503.960","","-0.49%"
"12/10/2012","508.120","508.300","510.550","506.570","","-0.10%"
"12/07/2012","508.620","505.790","510.550","505.590","","0.29%"
"12/06/2012","507.160","501.960","507.820","501.190","","0.78%"
"12/05/2012","503.230","500.880","503.580","499.700","","0.19%"
"12/04/2012","502.270","502.460","504.110","500.350","","-0.30%"
"12/03/2012","503.770","505.090","506.900","501.570","","-0.39%"
"11/30/2012","505.740","505.360","507.100","503.650","","-0.20%"
"11/29/2012","506.750","506.370","508.190","504.120","","-0.20%"
"11/28/2012","507.760","506.770","509.800","506.300","","-0.06%"
"11/27/2012","508.080","505.670","509.170","504.270","","0.21%"
"11/26/2012","507.035","506.140","507.935","505.280","","0.06%"
"11/23/2012","506.710","509.050","511.070","504.890","","-0.72%"
"11/22/2012","510.360","511.230","512.740","508.410","","-0.43%"
"11/21/2012","512.580","511.710","516.230","511.110","","-0.10%"
"11/20/2012","513.100","513.190","514.540","511.350","","-0.43%"
"11/19/2012","515.315","513.910","515.395","512.950","","-0.20%"
"11/16/2012","516.350","513.190","518.140","512.990","","0.36%"
"11/15/2012","514.500","515.000","517.120","512.310","","-0.37%"
"11/14/2012","516.390","516.300","517.810","513.390","","-0.24%"
"11/13/2012","517.610","516.050","519.320","515.320","","0.03%"
"11/12/2012","517.450","515.930","517.890","514.840","","0.00%"
"11/09/2012","517.450","514.520","518.220","512.910","","0.30%"
"11/08/2012","515.910","513.590","517.000","513.190","","0.19%"
"11/07/2012","514.940","511.830","516.350","509.360","","0.35%"
"11/06/2012","513.140","512.470","515.180","511.270","","-0.15%"
"11/05/2012","513.900","511.670","515.060","510.710","","0.33%"
"11/02/2012","512.220","506.770","512.940","506.410","","0.80%"
"11/01/2012","508.150","506.140","508.860","505.170","","0.15%"
"10/31/2012","507.410","506.100","508.000","503.690","","0.00%"
"10/30/2012","507.385","506.840","508.565","505.130","","-0.22%"
"10/29/2012","508.500","507.000","508.500","507.000","","0.07%"
"10/26/2012","508.135","508.220","510.145","506.450","","0.36%"
"10/25/2012","506.320","505.590","507.370","503.610","","-0.12%"
"10/24/2012","506.905","505.090","509.015","504.780","","0.10%"
"10/23/2012","506.400","502.230","507.760","501.570","","0.57%"
"10/22/2012","503.540","503.380","504.960","501.300","","-0.25%"
"10/19/2012","504.795","501.960","505.375","501.500","","0.30%"
"10/18/2012","503.310","500.010","503.730","499.550","","0.40%"
"10/17/2012","501.320","500.580","502.310","499.170","","-0.57%"
"10/16/2012","504.190","506.530","508.120","502.150","","-0.72%"
"10/15/2012","507.840","506.000","508.660","505.320","","0.02%"
"10/12/2012","507.720","507.310","508.820","504.820","","-0.19%"
"10/11/2012","508.700","509.400","512.140","506.370","","-0.39%"
"10/10/2012","510.710","509.000","511.700","507.980","","0.24%"
"10/09/2012","509.500","505.750","509.800","504.000","","0.48%"
"10/08/2012","507.060","503.580","508.230","503.000","","0.49%"
"10/05/2012","504.580","503.960","506.130","501.730","","-0.14%"
"10/04/2012","505.310","508.260","509.730","503.960","","-0.84%"
"10/03/2012","509.570","508.020","510.280","506.960","","0.85%"
"10/02/2012","505.255","505.000","505.255","505.000","","-0.20%"
"10/01/2012","506.255","506.000","506.255","506.000","","-0.64%"
"09/28/2012","509.500","507.200","509.500","506.000","","0.00%"
"09/27/2012","509.500","509.000","511.580","508.000","","-0.20%"
"09/26/2012","510.500","506.000","511.620","506.000","","0.79%"
"09/25/2012","506.500","507.000","508.500","504.000","","-0.20%"
"09/24/2012","507.500","502.000","508.500","502.000","","0.59%"
"09/21/2012","504.500","503.000","505.500","501.000","","-0.39%"
"09/20/2012","506.500","504.000","507.500","504.000","","0.80%"
"09/19/2012","502.500","501.000","502.500","501.000","","0.00%"
"09/18/2012","502.500","500.000","502.500","500.000","","0.17%"
"09/17/2012","501.630","500.630","501.630","500.630","","-0.02%"
"09/14/2012","501.740","500.000","503.650","499.930","","-1.64%"
"09/13/2012","510.080","508.380","510.440","507.200","","-0.36%"
"09/12/2012","511.900","510.790","513.020","510.470","","0.02%"
"09/11/2012","511.820","512.000","514.340","510.470","","-0.46%"
"09/10/2012","514.180","512.590","514.860","512.000","","0.21%"
"09/07/2012","513.100","519.240","520.760","511.670","","-1.45%"
"09/06/2012","520.630","520.560","522.900","518.540","","-0.25%"
"09/05/2012","521.910","521.000","524.690","520.480","","-0.28%"
"09/04/2012","523.375","520.110","523.455","519.610","","0.25%"
"09/03/2012","522.065","522.050","523.565","520.190","","-0.17%"
"08/31/2012","522.940","524.510","526.330","518.990","","-0.55%"
"08/30/2012","525.845","522.720","526.645","522.010","","0.22%"
"08/29/2012","524.690","523.010","525.280","521.720","","-0.21%"
"08/28/2012","525.780","524.000","526.030","524.000","","0.05%"
"08/27/2012","525.530","524.770","526.490","523.180","","0.00%"
"08/24/2012","525.530","522.010","526.700","521.800","","0.42%"
"08/23/2012","523.320","523.510","525.070","520.970","","-0.29%"
"08/22/2012","524.820","525.820","528.940","523.130","","-0.48%"
"08/21/2012","527.365","531.180","532.565","525.350","","-1.01%"
"08/20/2012","532.725","531.270","534.845","530.240","","-0.06%"
"08/17/2012","533.050","530.800","535.090","529.770","","0.17%"
"08/16/2012","532.120","533.650","536.500","530.150","","-0.57%"
"08/15/2012","535.155","532.300","536.155","531.310","","0.28%"
"08/14/2012","533.655","531.870","533.955","529.550","","0.08%"
"08/13/2012","533.225","534.080","536.305","530.020","","-0.35%"
"08/10/2012","535.080","533.000","537.180","532.520","","0.15%"
"08/09/2012","534.260","530.370","536.040","529.510","","0.47%"
"08/08/2012","531.760","528.910","533.440","528.870","","0.27%"
"08/07/2012","530.350","528.870","531.290","527.170","","0.02%"
"08/06/2012","530.260","529.510","532.790","527.250","","-0.11%"
"08/03/2012","530.860","538.550","540.350","529.250","","-1.67%"
"08/02/2012","539.855","536.390","541.945","528.870","","0.39%"
"08/01/2012","537.735","533.080","538.135","531.660","","0.63%"
"07/31/2012","534.350","534.910","536.830","531.960","","-0.36%"
"07/30/2012","536.290","531.480","537.910","531.440","","0.46%"
"07/27/2012","533.810","533.990","537.200","529.380","","-0.28%"
"07/26/2012","535.330","539.440","542.690","532.090","","-1.01%"
"07/25/2012","540.790","543.910","545.490","539.040","","-0.81%"
"07/24/2012","545.220","541.310","545.940","540.000","","0.45%"
"07/23/2012","542.775","541.000","544.835","540.060","","0.35%"
"07/20/2012","540.880","534.120","541.320","533.990","","1.03%"
"07/19/2012","535.390","533.000","537.660","532.650","","-0.14%"
"07/18/2012","536.130","533.690","537.830","532.520","","-0.15%"
"07/17/2012","536.960","533.340","536.960","532.000","","0.13%"
"07/16/2012","536.260","535.960","540.040","534.910","","-0.23%"
"07/13/2012","537.515","535.000","539.015","535.000","","0.19%"
"07/12/2012","536.500","535.000","536.500","535.000","","0.01%"
"07/11/2012","536.420","534.430","536.420","534.170","","0.17%"
"07/10/2012","535.500","532.650","535.970","532.610","","0.27%"
"07/09/2012","534.065","533.000","534.675","532.650","","-0.12%"
"07/06/2012","534.720","533.130","534.770","532.820","","1.75%"
"07/05/2012","525.500","522.000","525.930","522.000","","0.38%"
"07/04/2012","523.500","520.310","523.510","520.230","","0.37%"
"07/03/2012","521.590","521.060","522.710","519.980","","0.40%"
"07/02/2012","519.500","517.000","520.540","517.000","","-1.33%"
"06/29/2012","526.500","525.000","526.500","525.000","","0.00%"
"06/28/2012","526.500","524.770","526.730","524.560","","0.00%"
"06/27/2012","526.500","525.060","527.150","524.560","","0.01%"
"06/26/2012","526.455","522.000","526.965","522.000","","0.56%"
"06/25/2012","523.500","522.000","523.500","522.000","","1.05%"
"06/22/2012","518.040","522.800","524.170","522.760","","0.00%"
"06/21/2012","518.040","516.710","518.080","516.500","","-0.01%"
"06/20/2012","518.080","516.420","518.120","516.050","","-0.20%"
"06/19/2012","519.100","518.000","519.680","517.720","","-0.08%"
"06/18/2012","519.500","518.000","519.500","518.000","","0.00%"
"06/15/2012","519.500","517.000","520.660","517.000","","-0.87%"
"06/14/2012","524.045","522.720","524.165","522.720","","0.00%"
"06/13/2012","524.045","523.430","525.165","522.000","","-0.64%"
"06/12/2012","527.405","522.000","527.915","522.000","","0.75%"
"06/11/2012","523.500","517.000","523.760","517.000","","-0.35%"
"06/08/2012","525.345","522.090","528.585","521.680","","0.36%"
"06/07/2012","523.480","521.350","524.400","519.570","","0.07%"
"06/06/2012","523.125","526.830","528.535","521.100","","-0.94%"
"06/05/2012","528.080","524.980","529.870","523.510","","0.36%"
"06/04/2012","526.185","527.590","530.845","524.390","","-0.52%"
"06/01/2012","528.910","530.540","534.570","526.920","","-0.59%"
"05/31/2012","532.035","530.370","533.025","527.680","","0.07%"
"05/30/2012","531.650","525.230","531.910","524.930","","1.04%"
"05/29/2012","526.185","523.010","527.705","521.640","","0.35%"
"05/28/2012","524.335","520.310","525.095","520.310","","-0.17%"
"05/25/2012","525.240","523.050","526.120","520.480","","0.37%"
"05/24/2012","523.280","520.970","524.110","519.820","","0.16%"
"05/23/2012","522.465","517.030","524.205","516.950","","0.79%"
"05/22/2012","518.385","511.910","519.445","511.750","","1.28%"
"05/21/2012","511.850","513.110","515.470","511.430","","-0.49%"
"05/18/2012","514.370","516.220","520.130","512.630","","-0.38%"
"05/17/2012","516.320","515.770","516.320","514.960","","-0.16%"
"05/16/2012","517.160","514.000","517.400","514.000","","0.09%"
"05/15/2012","516.715","511.390","516.715","508.000","","0.78%"
"05/14/2012","512.705","508.770","512.905","505.000","","1.02%"
"05/11/2012","507.530","506.000","507.730","504.000","","0.40%"
"05/10/2012","505.500","507.160","508.970","502.000","","-0.59%"
"05/09/2012","508.505","503.000","509.365","501.000","","0.57%"
"05/08/2012","505.610","502.340","506.500","500.000","","0.38%"
"05/07/2012","503.715","503.000","506.115","500.000","","0.22%"
"05/04/2012","502.600","498.670","502.790","496.000","","0.77%"
"05/03/2012","498.770","498.670","500.750","495.000","","-0.20%"
"05/02/2012","499.770","495.470","501.060","492.000","","0.86%"
"05/01/2012","495.490","495.250","496.770","492.000","","0.01%"
"04/30/2012","495.420","495.360","496.580","493.000","","-0.15%"
"04/27/2012","496.170","497.240","499.810","493.000","","-0.08%"
"04/26/2012","496.580","496.070","496.920","493.000","","0.10%"
"04/25/2012","496.075","497.090","497.955","494.000","","-0.47%"
"04/24/2012","498.405","498.520","500.295","495.000","","-0.31%"
"04/23/2012","499.975","497.130","501.845","495.000","","0.50%"
"04/20/2012","497.465","499.360","500.895","494.000","","-0.63%"
"04/19/2012","500.605","499.890","503.165","496.000","","0.14%"
"04/18/2012","499.930","499.660","502.340","497.000","","0.03%"
"04/17/2012","499.775","499.400","501.075","496.000","","0.09%"
"04/16/2012","499.340","501.960","504.680","498.860","","-0.45%"
"04/13/2012","501.590","497.460","501.900","495.000","","0.58%"
"04/12/2012","498.710","500.310","501.900","496.000","","-0.58%"
"04/11/2012","501.600","501.380","503.290","496.000","","-0.22%"
"04/10/2012","502.710","500.390","503.710","498.000","","0.41%"
"04/09/2012","500.635","500.620","503.285","498.000","","-0.05%"
"04/06/2012","500.885","502.110","502.645","498.000","","-0.24%"
"04/05/2012","502.110","499.130","503.230","496.000","","0.60%"
"04/04/2012","499.130","495.440","500.430","494.000","","0.73%"
"04/03/2012","495.530","492.350","495.530","489.000","","0.64%"
"04/02/2012","492.370","490.950","494.030","489.000","","0.15%"
"03/30/2012","491.645","493.160","493.345","489.000","","-0.31%"
"03/29/2012","493.165","492.530","494.985","489.000","","0.11%"
"03/28/2012","492.645","492.530","494.055","487.000","","0.04%"
"03/27/2012","492.460","491.100","492.720","488.000","","0.03%"
"03/26/2012","492.290","494.200","498.500","490.000","","-0.66%"
"03/23/2012","495.570","496.940","498.530","490.000","","-0.54%"
"03/22/2012","498.255","496.520","500.675","492.000","","0.11%"
"03/21/2012","497.730","496.040","498.970","491.000","","0.10%"
"03/20/2012","497.240","495.400","499.200","492.000","","0.12%"
"03/19/2012","496.620","497.960","500.420","493.000","","-0.51%"
"03/16/2012","499.145","501.380","503.955","496.000","","-0.70%"
"03/15/2012","502.655","503.420","505.705","499.000","","-0.41%"
"03/14/2012","504.735","501.500","505.435","499.000","","0.41%"
"03/13/2012","502.655","498.830","503.805","495.000","","0.55%"
"03/12/2012","499.900","500.160","502.840","497.000","","-0.30%"
"03/09/2012","501.390","493.910","502.080","492.000","","1.44%"
"03/08/2012","494.260","498.860","499.450","492.000","","-1.16%"
"03/07/2012","500.075","500.120","502.135","495.000","","-0.02%"
"03/06/2012","500.160","496.110","500.620","493.000","","0.79%"
"03/05/2012","496.240","497.200","498.430","494.000","","-0.11%"
"03/02/2012","496.770","492.680","497.410","490.000","","0.57%"
"03/01/2012","493.970","492.200","494.970","488.000","","0.10%"
"02/29/2012","493.465","487.080","493.875","483.000","","1.05%"
"02/28/2012","488.335","489.560","491.065","485.000","","-0.49%"
"02/27/2012","490.745","486.000","492.025","484.000","","0.48%"
"02/24/2012","488.395","490.360","492.115","485.000","","-0.71%"
"02/23/2012","491.900","495.170","496.940","490.000","","-0.85%"
"02/22/2012","496.095","495.590","497.295","491.000","","-0.03%"
"02/21/2012","496.265","495.140","497.885","491.000","","-0.01%"
"02/20/2012","496.305","496.520","498.145","492.000","","-0.63%"
"02/17/2012","499.450","499.360","500.900","495.000","","-0.12%"
"02/16/2012","500.040","501.960","506.470","498.450","","-0.53%"
"02/15/2012","502.720","499.700","503.720","494.000","","0.37%"
"02/14/2012","500.880","497.090","502.370","495.000","","0.57%"
"02/13/2012","498.055","496.520","498.275","491.000","","0.02%"
"02/10/2012","497.935","493.720","498.615","491.000","","0.84%"
"02/09/2012","493.810","494.690","496.320","490.000","","-0.37%"
"02/08/2012","495.645","494.610","496.995","491.000","","0.23%"
"02/07/2012","494.485","499.400","501.165","493.000","","-1.17%"
"02/06/2012","500.330","500.120","504.430","497.000","","0.10%"
"02/03/2012","499.830","498.980","502.810","495.000","","0.00%"
"02/02/2012","499.850","498.330","502.140","494.000","","0.27%"
"02/01/2012","498.505","501.380","503.475","494.000","","-0.78%"
"01/31/2012","502.435","499.210","503.775","494.000","","0.38%"
"01/30/2012","500.555","495.000","502.465","495.000","","0.61%"
"01/27/2012","497.500","500.500","503.030","496.000","","-0.82%"
"01/26/2012","501.625","500.540","502.015","496.000","","0.03%"
"01/25/2012","501.455","503.380","508.155","500.000","","-0.44%"
"01/24/2012","503.690","503.340","506.420","500.000","","0.06%"
"01/23/2012","503.365","506.000","508.115","501.000","","-0.75%"
"01/20/2012","507.180","505.790","508.990","503.000","","0.23%"
"01/19/2012","506.040","510.120","510.850","505.000","","-0.80%"
"01/18/2012","510.100","514.880","515.060","509.000","","-1.11%"
"01/17/2012","515.840","517.850","519.500","510.000","","-0.66%"
"01/16/2012","519.265","518.910","520.865","515.000","","0.23%"
"01/13/2012","518.075","511.430","520.455","508.000","","1.30%"
"01/12/2012","511.450","516.140","516.520","509.000","","-1.10%"
"01/11/2012","517.140","513.470","518.890","511.000","","0.72%"
"01/10/2012","513.450","513.750","514.820","510.000","","-0.08%"
"01/09/2012","513.870","516.220","516.420","511.000","","-0.51%"
"01/06/2012","516.530","512.910","517.460","509.000","","0.49%"
"01/05/2012","514.025","506.730","514.505","504.000","","1.25%"
"01/04/2012","507.675","502.500","509.395","500.000","","0.82%"
"01/03/2012","503.545","507.080","508.175","500.000","","-0.91%"
"01/02/2012","508.145","505.000","508.615","504.000","","0.08%"
"12/30/2011","507.750","505.000","508.930","503.000","","-0.23%"
"12/29/2011","508.910","506.960","511.090","503.000","","0.19%"
"12/28/2011","507.925","501.840","508.125","501.000","","1.03%"
"12/27/2011","502.735","498.000","503.355","498.000","","0.25%"
"12/26/2011","501.500","500.000","501.500","499.000","","-0.47%"
"12/23/2011","503.855","502.570","504.435","497.000","","0.06%"
"12/22/2011","503.545","500.000","504.825","497.000","","0.21%"
"12/21/2011","502.500","501.420","503.760","497.090","","0.04%"
"12/20/2011","502.295","504.120","505.265","499.000","","-0.47%"
"12/19/2011","504.650","500.000","504.650","500.000","","0.88%"
"12/16/2011","500.255","500.000","500.255","500.000","","-1.07%"
"12/15/2011","505.680","505.280","507.120","500.000","","-0.13%"
"12/14/2011","506.320","492.000","507.570","492.000","","1.81%"
"12/13/2011","497.300","494.000","497.370","494.000","","-0.01%"
"12/12/2011","497.355","492.610","497.355","489.000","","0.80%"
"12/09/2011","493.430","491.460","494.690","489.000","","0.20%"
"12/08/2011","492.455","488.940","494.485","487.370","","0.51%"
"12/07/2011","489.960","489.410","490.720","487.480","","-0.07%"
"12/06/2011","490.300","489.810","492.060","487.000","","0.00%"
"12/05/2011","490.285","488.170","491.275","484.000","","0.02%"
"12/02/2011","490.210","487.120","491.720","484.240","","0.43%"
"12/01/2011","488.135","488.100","489.775","485.070","","-0.16%"
"11/30/2011","488.900","492.460","495.600","486.720","","-0.86%"
"11/29/2011","493.135","492.680","494.615","487.000","","-0.10%"
"11/28/2011","493.605","490.000","494.345","489.480","","-0.37%"
"11/25/2011","495.445","491.460","495.445","489.000","","0.63%"
"11/24/2011","492.325","491.500","493.395","489.120","","-0.08%"
"11/23/2011","492.695","485.500","493.315","484.000","","1.35%"
"11/22/2011","486.150","486.040","487.840","483.420","","-0.14%"
"11/21/2011","486.815","487.740","489.205","484.000","","0.14%"
"11/18/2011","486.150","487.300","489.330","481.000","","-0.42%"
"11/17/2011","488.190","487.370","490.270","483.000","","-0.01%"
"11/16/2011","488.245","484.490","489.995","483.740","","0.56%"
"11/15/2011","485.505","481.080","487.525","479.000","","0.70%"
"11/14/2011","482.120","474.950","484.080","474.820","","0.91%"
"11/11/2011","477.770","482.210","484.530","475.470","","-1.06%"
"11/10/2011","482.880","484.170","487.970","480.480","","-0.43%"
"11/09/2011","484.965","474.060","486.515","473.000","","2.30%"
"11/08/2011","474.040","476.020","477.980","473.650","","-0.66%"
"11/07/2011","477.180","474.770","480.250","473.990","","0.16%"
"11/04/2011","476.420","474.850","479.880","471.000","","0.15%"
"11/03/2011","475.700","477.020","481.150","473.380","","-0.49%"
"11/02/2011","478.035","478.800","481.845","474.300","","-0.36%"
"11/01/2011","479.780","473.380","482.880","472.800","","1.36%"
"10/31/2011","473.325","463.510","474.355","462.850","","2.09%"
"10/28/2011","463.620","462.500","464.120","460.000","","0.32%"
"10/27/2011","462.150","472.460","473.080","460.390","","-2.22%"
"10/26/2011","472.650","471.570","476.280","467.000","","0.02%"
"10/25/2011","472.550","470.900","474.530","468.000","","0.14%"
"10/24/2011","471.875","473.030","475.385","469.000","","-0.04%"
"10/21/2011","472.050","476.160","478.630","471.780","","-1.05%"
"10/20/2011","477.045","476.820","481.155","473.890","","0.05%"
"10/19/2011","476.800","477.410","477.980","472.860","","-0.31%"
"10/18/2011","478.295","477.620","481.295","474.710","","0.02%"
"10/17/2011","478.210","472.350","478.730","469.000","","0.94%"
"10/14/2011","473.755","476.190","479.195","472.080","","-0.51%"
"10/13/2011","476.190","475.880","479.360","471.000","","0.09%"
"10/12/2011","475.765","480.550","482.975","472.000","","-1.03%"
"10/11/2011","480.715","480.800","483.545","477.000","","-0.02%"
"10/10/2011","480.805","489.890","490.285","478.770","","-1.95%"
"10/07/2011","490.345","488.320","490.975","484.000","","0.24%"
"10/06/2011","489.155","491.210","496.235","487.590","","-0.46%"
"10/05/2011","491.425","492.390","494.685","489.000","","-0.39%"
"10/04/2011","493.340","497.540","499.860","492.390","","-0.96%"
"10/03/2011","498.125","491.210","498.315","487.000","","1.48%"
"09/30/2011","490.870","482.850","490.980","482.000","","1.73%"
"09/29/2011","482.520","484.780","485.230","479.500","","-0.37%"
"09/28/2011","484.330","482.610","484.760","478.000","","0.35%"
"09/27/2011","482.625","484.820","486.595","479.890","","-0.37%"
"09/26/2011","484.440","485.500","490.890","484.070","","-0.30%"
"09/23/2011","485.895","487.190","488.865","482.000","","-0.45%"
"09/22/2011","488.100","482.920","490.800","481.000","","1.01%"
"09/21/2011","483.210","478.700","483.850","475.710","","0.97%"
"09/20/2011","478.575","479.640","482.485","476.000","","-0.20%"
"09/19/2011","479.555","479.750","482.765","475.000","","0.73%"
"09/16/2011","476.090","472.390","477.750","472.000","","0.74%"
"09/15/2011","472.605","477.200","479.155","470.590","","-0.96%"
"09/14/2011","477.180","479.360","482.700","475.810","","-0.64%"
"09/13/2011","480.270","479.820","485.000","477.370","","-0.06%"
"09/12/2011","480.570","483.420","487.170","478.980","","0.02%"
"09/09/2011","480.480","472.460","481.700","469.000","","1.69%"
"09/08/2011","472.505","465.380","472.815","463.000","","1.37%"
"09/07/2011","466.115","468.610","469.545","464.070","","-0.69%"
"09/06/2011","469.345","465.320","470.245","459.350","","0.83%"
"09/05/2011","465.500","463.280","466.490","460.000","","0.64%"
"09/02/2011","462.555","460.000","463.305","457.000","","0.39%"
"09/01/2011","460.740","456.190","461.900","455.000","","0.82%"
"08/31/2011","457.005","454.330","457.605","453.420","","0.44%"
"08/30/2011","455.010","451.850","456.780","451.290","","0.48%"
"08/29/2011","452.850","452.510","454.250","450.890","","-0.08%"
"08/26/2011","453.205","456.350","458.605","451.000","","-0.65%"
"08/25/2011","456.160","455.110","457.810","451.000","","0.06%"
"08/24/2011","455.880","454.420","456.920","452.000","","0.34%"
"08/23/2011","454.315","456.790","456.965","451.000","","-0.72%"
"08/22/2011","457.625","456.220","458.045","452.000","","0.27%"
"08/19/2011","456.405","457.750","460.775","453.820","","-0.30%"
"08/18/2011","457.770","454.640","459.690","451.000","","0.67%"
"08/17/2011","454.735","455.370","457.945","451.000","","-0.28%"
"08/16/2011","456.025","453.980","457.795","453.230","","0.42%"
"08/15/2011","454.140","459.840","459.900","453.170","","-1.35%"
"08/12/2011","460.340","460.580","463.620","458.940","","-0.06%"
"08/11/2011","460.595","463.080","465.135","457.000","","-0.67%"
"08/10/2011","463.680","455.650","463.970","453.000","","1.69%"
"08/09/2011","455.955","462.690","463.525","455.870","","-1.49%"
"08/08/2011","462.835","457.180","464.245","454.000","","0.74%"
"08/05/2011","459.435","465.220","466.655","458.740","","-1.36%"
"08/04/2011","465.770","457.620","466.390","456.410","","1.54%"
"08/03/2011","458.700","462.400","464.550","457.210","","-0.92%"
"08/02/2011","462.960","459.870","464.370","458.000","","0.40%"
"08/01/2011","461.110","456.790","463.210","453.790","","1.20%"
"07/29/2011","455.650","457.720","460.930","455.050","","-0.63%"
"07/28/2011","458.525","456.320","460.995","453.000","","0.24%"
"07/27/2011","457.420","451.850","458.250","449.000","","1.02%"
"07/26/2011","452.785","456.220","457.695","449.000","","-0.95%"
"07/25/2011","457.115","456.080","459.005","453.000","","-0.11%"
"07/22/2011","457.640","454.770","459.210","452.000","","0.63%"
"07/21/2011","454.780","461.130","464.450","454.230","","-1.59%"
"07/20/2011","462.150","463.480","467.230","459.000","","-0.44%"
"07/19/2011","464.175","465.050","467.405","459.000","","-0.34%"
"07/18/2011","465.765","465.090","469.385","464.000","","0.25%"
"07/15/2011","464.585","464.590","467.045","461.880","","0.01%"
"07/14/2011","464.530","463.380","466.300","459.260","","0.27%"
"07/13/2011","463.270","470.510","471.990","461.490","","-1.46%"
"07/12/2011","470.135","467.990","475.915","466.710","","0.24%"
"07/11/2011","469.005","462.370","470.305","460.970","","1.65%"
"07/08/2011","461.410","456.730","463.090","455.000","","1.02%"
"07/07/2011","456.750","458.130","462.310","455.000","","-0.31%"
"07/06/2011","458.180","454.740","459.210","453.000","","0.57%"
"07/05/2011","455.580","450.980","456.370","450.000","","0.99%"
"07/04/2011","451.125","450.950","452.525","448.000","","-0.09%"
"07/01/2011","451.545","452.320","454.895","449.000","","-0.14%"
"06/30/2011","452.195","454.920","455.205","450.000","","-0.75%"
"06/29/2011","455.615","457.080","458.725","452.000","","-0.47%"
"06/28/2011","457.770","459.160","461.940","455.000","","-0.58%"
"06/27/2011","460.450","462.140","465.830","458.810","","-0.57%"
"06/24/2011","463.095","459.840","464.715","457.000","","0.42%"
"06/23/2011","461.175","458.070","465.475","456.000","","0.57%"
"06/22/2011","458.570","456.000","458.690","452.000","","0.54%"
"06/21/2011","456.085","458.450","459.835","454.000","","-0.70%"
"06/20/2011","459.305","459.420","463.435","457.780","","0.02%"
"06/17/2011","459.225","462.000","465.645","457.340","","-0.76%"
"06/16/2011","462.765","463.120","467.125","460.000","","-0.22%"
"06/15/2011","463.795","454.640","464.635","453.000","","1.93%"
"06/14/2011","455.010","455.400","457.470","450.000","","-0.27%"
"06/13/2011","456.230","458.190","459.160","454.000","","-0.47%"
"06/10/2011","458.395","452.570","459.165","450.000","","1.11%"
"06/09/2011","453.355","449.840","454.205","445.000","","0.75%"
"06/08/2011","449.980","446.470","450.880","444.000","","0.58%"
"06/07/2011","447.375","449.930","451.705","444.000","","-0.60%"
"06/06/2011","450.075","448.270","451.065","445.000","","0.41%"
"06/03/2011","448.225","452.630","454.305","447.910","","-1.26%"
"06/02/2011","453.930","457.850","459.160","451.920","","-0.95%"
"06/01/2011","458.265","455.650","458.995","451.000","","0.30%"
"05/31/2011","456.880","459.670","460.460","452.000","","-0.77%"
"05/30/2011","460.445","459.680","461.125","456.000","","0.51%"
"05/27/2011","458.120","463.970","464.380","457.000","","-1.26%"
"05/26/2011","463.950","465.680","466.290","459.000","","-0.37%"
"05/25/2011","465.660","465.120","468.060","464.000","","-0.04%"
"05/24/2011","465.850","466.940","469.270","463.000","","-0.38%"
"05/23/2011","467.620","464.070","470.360","463.670","","0.93%"
"05/20/2011","463.330","458.360","464.180","457.180","","0.91%"
"05/19/2011","459.145","460.220","462.475","456.000","","-0.27%"
"05/18/2011","460.385","460.710","462.105","456.000","","-0.26%"
"05/17/2011","461.595","463.080","465.285","460.000","","-0.40%"
"05/16/2011","463.460","465.910","466.960","460.000","","-0.43%"
"05/13/2011","465.440","460.610","467.150","455.000","","1.04%"
"05/12/2011","460.630","461.780","464.410","458.000","","-0.47%"
"05/11/2011","462.815","455.210","463.605","453.000","","1.65%"
"05/10/2011","455.320","456.990","459.720","454.000","","-0.47%"
"05/09/2011","457.485","456.480","460.975","451.000","","-0.34%"
"05/06/2011","459.045","451.020","459.175","448.000","","1.58%"
"05/05/2011","451.885","442.290","452.845","437.000","","1.95%"
"05/04/2011","443.260","442.470","444.750","438.000","","0.02%"
"05/03/2011","443.170","442.620","445.390","440.000","","0.17%"
"05/02/2011","442.410","442.290","444.260","440.090","","-0.32%"
"04/29/2011","443.840","442.410","443.900","439.000","","0.12%"
"04/28/2011","443.290","443.720","444.870","439.000","","-0.30%"
"04/27/2011","444.620","447.750","449.050","443.270","","-0.89%"
"04/26/2011","448.625","449.810","453.355","446.000","","-0.44%"
"04/25/2011","450.595","450.520","452.385","447.000","","0.03%"
"04/22/2011","450.460","450.770","451.380","448.000","","-0.25%"
"04/21/2011","451.605","451.670","453.005","445.000","","-0.20%"
"04/20/2011","452.490","457.430","458.660","448.000","","-1.28%"
"04/19/2011","458.375","461.030","462.565","456.000","","-0.53%"
"04/18/2011","460.835","454.930","463.345","454.000","","1.38%"
"04/15/2011","454.545","452.760","455.845","450.000","","0.38%"
"04/14/2011","452.825","454.080","456.665","449.000","","-0.32%"
"04/13/2011","454.295","453.070","455.145","449.000","","0.26%"
"04/12/2011","453.135","454.450","456.225","450.000","","-0.28%"
"04/11/2011","454.390","453.670","454.920","450.000","","0.16%"
"04/08/2011","453.675","458.550","459.855","452.000","","-1.25%"
"04/07/2011","459.400","457.560","461.330","456.000","","0.21%"
"04/06/2011","458.455","461.290","462.385","455.000","","-0.59%"
"04/05/2011","461.175","461.360","463.495","459.000","","-0.01%"
"04/04/2011","461.225","460.970","462.175","457.000","","0.09%"
"04/01/2011","460.790","462.890","466.520","460.000","","-0.65%"
"03/31/2011","463.825","464.230","465.505","459.000","","-0.09%"
"03/30/2011","464.265","464.820","466.845","463.000","","-0.13%"
"03/29/2011","464.875","465.780","466.955","461.000","","-0.38%"
"03/28/2011","466.630","466.940","468.790","463.000","","0.04%"
"03/25/2011","466.430","462.890","467.520","459.000","","0.80%"
"03/24/2011","462.725","465.380","466.775","460.000","","-0.83%"
"03/23/2011","466.595","461.840","466.655","460.000","","0.85%"
"03/22/2011","462.685","461.230","463.505","457.000","","0.35%"
"03/21/2011","461.065","462.590","463.935","460.000","","-0.48%"
"03/18/2011","463.305","467.940","470.015","461.000","","-1.14%"
"03/17/2011","468.625","471.570","473.745","465.000","","-0.85%"
"03/16/2011","472.640","468.510","473.830","466.000","","0.68%"
"03/15/2011","469.460","469.000","474.260","467.000","","-0.03%"
"03/14/2011","469.610","470.250","472.580","467.000","","-0.64%"
"03/11/2011","472.650","475.430","477.830","471.000","","-0.79%"
"03/10/2011","476.425","471.570","477.115","470.960","","0.84%"
"03/09/2011","472.465","471.640","474.195","469.000","","0.15%"
"03/08/2011","471.775","469.550","473.135","468.000","","0.32%"
"03/07/2011","470.285","468.640","470.855","465.000","","0.09%"
"03/04/2011","469.865","469.650","471.345","466.000","","-0.14%"
"03/03/2011","470.505","472.970","475.055","468.000","","-0.73%"
"03/02/2011","473.985","476.090","478.115","470.000","","-0.62%"
"03/01/2011","476.960","475.120","477.470","472.000","","0.36%"
"02/28/2011","475.265","476.960","478.415","472.000","","-0.35%"
"02/25/2011","476.955","475.300","477.965","472.000","","0.36%"
"02/24/2011","475.245","477.090","478.645","473.000","","-0.60%"
"02/23/2011","478.120","480.200","481.480","474.000","","-0.66%"
"02/22/2011","481.275","479.500","485.745","477.000","","0.33%"
"02/21/2011","479.675","478.630","480.625","477.000","","0.08%"
"02/18/2011","479.295","481.970","484.275","478.310","","-0.79%"
"02/17/2011","483.090","483.460","485.410","480.000","","-0.25%"
"02/16/2011","484.305","486.330","488.045","480.000","","-0.42%"
"02/15/2011","486.365","486.290","487.305","482.000","","-0.01%"
"02/14/2011","486.415","485.570","488.485","480.000","","0.28%"
"02/11/2011","485.070","482.390","486.870","481.000","","0.53%"
"02/10/2011","482.500","477.750","483.140","477.000","","0.82%"
"02/09/2011","478.590","481.400","482.870","476.000","","-0.55%"
"02/08/2011","481.260","482.890","483.350","477.000","","-0.50%"
"02/07/2011","483.680","483.640","486.430","479.000","","0.20%"
"02/04/2011","482.715","480.940","484.315","478.000","","0.16%"
"02/03/2011","481.925","474.920","482.815","471.000","","1.42%"
"02/02/2011","475.155","474.270","476.405","470.000","","0.19%"
"02/01/2011","474.245","479.220","479.305","473.000","","-1.20%"
"01/31/2011","480.025","482.250","484.225","476.000","","-0.60%"
"01/28/2011","482.900","477.580","483.710","475.000","","0.87%"
"01/27/2011","478.730","478.380","481.780","475.000","","-0.21%"
"01/26/2011","479.730","479.260","481.590","476.000","","-0.03%"
"01/25/2011","479.885","480.940","484.045","476.000","","-0.21%"
"01/24/2011","480.905","480.910","484.425","477.000","","-0.36%"
"01/21/2011","482.630","486.830","488.580","481.000","","-1.04%"
"01/20/2011","487.705","486.760","490.535","483.000","","0.16%"
"01/19/2011","486.920","489.890","490.710","484.000","","-0.62%"
"01/18/2011","489.960","493.420","494.920","485.000","","-0.75%"
"01/17/2011","493.645","490.000","495.285","489.920","","0.64%"
"01/14/2011","490.490","490.770","492.630","486.000","","-0.11%"
"01/13/2011","491.025","499.400","501.185","489.000","","-1.71%"
"01/12/2011","499.545","505.520","506.095","498.980","","-1.20%"
"01/11/2011","505.595","506.410","508.375","503.000","","-0.37%"
"01/10/2011","507.495","509.090","510.405","504.000","","-0.12%"
"01/07/2011","508.080","504.310","508.320","502.000","","0.78%"
"01/06/2011","504.155","498.860","504.655","496.000","","1.08%"
"01/05/2011","498.750","492.900","499.780","491.000","","1.18%"
"01/04/2011","492.925","491.020","493.555","487.000","","0.18%"
"01/03/2011","492.030","493.200","495.960","488.000","","0.72%"
"12/31/2010","488.500","493.530","495.180","487.000","","-1.23%"
"12/30/2010","494.585","496.000","497.355","491.000","","-0.49%"
"12/29/2010","497.035","499.930","502.225","495.000","","-0.75%"
"12/28/2010","500.800","498.110","501.870","492.000","","0.33%"
"12/27/2010","499.130","500.120","502.600","495.000","","-0.20%"
"12/24/2010","500.120","500.080","500.920","496.000","","-0.15%"
"12/23/2010","500.880","500.770","503.330","497.000","","-0.14%"
"12/22/2010","501.605","500.810","502.485","495.000","","-0.02%"
"12/21/2010","501.700","499.550","502.660","494.000","","0.36%"
"12/20/2010","499.910","497.620","500.940","495.000","","0.31%"
"12/17/2010","498.350","495.440","500.320","489.000","","0.56%"
"12/16/2010","495.585","496.370","497.615","492.000","","-0.37%"
"12/15/2010","497.430","490.140","497.500","488.000","","1.31%"
"12/14/2010","491.000","489.780","491.730","484.000","","0.20%"
"12/13/2010","490.000","496.600","497.650","488.000","","-1.36%"
"12/10/2010","496.755","495.400","498.555","491.000","","0.29%"
"12/09/2010","495.325","494.540","498.215","491.000","","-0.02%"
"12/08/2010","495.440","494.580","498.600","493.000","","0.20%"
"12/07/2010","494.465","492.870","494.645","488.000","","0.27%"
"12/06/2010","493.125","490.070","495.215","488.000","","0.65%"
"12/03/2010","489.940","496.070","497.980","488.000","","-1.42%"
"12/02/2010","496.975","499.240","503.055","493.000","","-0.43%"
"12/01/2010","499.145","505.130","505.725","496.000","","-1.21%"
"11/30/2010","505.240","499.850","505.750","497.000","","0.90%"
"11/29/2010","500.710","493.650","503.000","491.000","","1.12%"
"11/26/2010","495.175","491.210","496.935","490.690","","0.62%"
"11/25/2010","492.105","492.020","494.545","488.000","","-0.16%"
"11/24/2010","492.900","490.660","494.670","486.000","","0.45%"
"11/23/2010","490.695","481.540","490.945","480.000","","1.90%"
"11/22/2010","481.525","478.170","483.115","474.000","","0.45%"
"11/19/2010","479.345","480.700","482.015","476.000","","-0.50%"
"11/18/2010","481.770","484.780","485.850","478.000","","-0.68%"
"11/17/2010","485.090","486.220","487.390","482.000","","-0.39%"
"11/16/2010","486.980","482.750","488.610","478.000","","0.66%"
"11/15/2010","483.785","478.380","484.505","476.960","","0.99%"
"11/12/2010","479.045","479.960","483.175","474.000","","-0.24%"
"11/11/2010","480.185","475.850","481.105","473.000","","0.71%"
"11/10/2010","476.785","476.120","480.615","473.000","","0.14%"
"11/09/2010","476.125","471.100","477.065","468.000","","0.83%"
"11/08/2010","472.210","466.770","473.200","465.650","","1.01%"
"11/05/2010","467.490","461.360","467.720","458.000","","1.02%"
"11/04/2010","462.750","463.930","465.960","457.000","","-0.22%"
"11/03/2010","463.755","467.270","468.795","462.790","","-0.73%"
"11/02/2010","467.175","471.950","474.425","467.010","","-1.07%"
"11/01/2010","472.215","468.740","473.135","466.000","","0.23%"
"10/29/2010","471.145","471.030","476.045","469.000","","-0.11%"
"10/28/2010","471.650","476.510","477.540","468.000","","-1.17%"
"10/27/2010","477.235","473.240","478.445","472.000","","0.66%"
"10/26/2010","474.120","469.580","475.350","466.000","","0.94%"
"10/25/2010","469.685","469.950","470.765","464.000","","-0.26%"
"10/22/2010","470.925","471.000","474.045","468.000","","-0.24%"
"10/21/2010","472.040","469.820","473.640","464.000","","0.50%"
"10/20/2010","469.685","477.510","478.835","467.000","","-1.82%"
"10/19/2010","478.380","470.220","479.250","468.000","","1.72%"
"10/18/2010","470.285","469.450","474.235","467.810","","0.04%"
"10/15/2010","470.115","465.880","471.525","461.000","","0.66%"
"10/14/2010","467.010","469.980","471.220","461.250","","-0.59%"
"10/13/2010","469.785","471.370","471.505","466.000","","-0.26%"
"10/12/2010","471.030","472.800","476.190","470.130","","-0.61%"
"10/11/2010","473.940","468.610","474.280","466.420","","0.44%"
"10/08/2010","471.850","471.230","475.350","466.380","","-0.07%"
"10/07/2010","472.190","470.830","474.600","466.000","","0.32%"
"10/06/2010","470.675","474.060","475.345","469.000","","-0.74%"
"10/05/2010","474.180","479.430","480.960","472.000","","-1.10%"
"10/04/2010","479.430","475.610","479.990","472.600","","0.80%"
"10/01/2010","475.605","481.220","481.645","474.000","","-1.16%"
"09/30/2010","481.170","481.440","483.650","478.000","","-0.03%"
"09/29/2010","481.295","483.030","483.565","478.000","","-0.35%"
"09/28/2010","482.980","487.810","490.230","481.000","","-0.92%"
"09/27/2010","487.445","486.900","488.575","483.260","","0.24%"
"09/24/2010","486.255","492.610","493.685","484.000","","-1.32%"
"09/23/2010","492.755","489.700","492.935","485.300","","0.66%"
"09/22/2010","489.500","494.840","495.230","487.000","","-1.10%"
"09/21/2010","494.950","502.070","502.370","493.280","","-1.42%"
"09/20/2010","502.055","502.380","503.515","497.000","","-0.13%"
"09/17/2010","502.705","501.500","503.825","495.240","","0.23%"
"09/16/2010","501.570","504.000","505.480","498.000","","-0.56%"
"09/15/2010","504.390","504.850","506.340","501.000","","-0.07%"
"09/14/2010","504.740","509.280","511.230","502.570","","-0.89%"
"09/13/2010","509.280","516.050","516.300","507.000","","-1.48%"
"09/10/2010","516.910","516.580","519.210","513.000","","0.03%"
"09/09/2010","516.730","515.530","517.910","512.000","","0.22%"
"09/08/2010","515.570","517.070","518.210","511.890","","-0.31%"
"09/07/2010","517.170","509.480","517.380","508.420","","1.50%"
"09/06/2010","509.520","506.000","509.880","504.060","","0.17%"
"09/03/2010","508.650","511.310","511.990","507.000","","-0.50%"
"09/02/2010","511.190","512.310","513.850","508.000","","-0.16%"
"09/01/2010","511.990","516.990","518.010","508.000","","-0.94%"
"08/31/2010","516.870","517.000","518.090","513.000","","-0.14%"
"08/30/2010","517.610","513.000","517.930","511.000","","0.75%"
"08/27/2010","513.750","513.000","517.030","512.000","","-0.35%"
"08/26/2010","515.570","518.090","518.960","511.640","","-0.51%"
"08/25/2010","518.235","519.200","520.295","512.000","","-0.23%"
"08/24/2010","519.445","518.580","521.185","514.000","","0.24%"
"08/23/2010","518.195","516.140","518.605","512.000","","0.41%"
"08/20/2010","516.095","511.590","517.975","508.000","","0.87%"
"08/19/2010","511.630","510.190","513.590","507.000","","0.34%"
"08/18/2010","509.920","509.200","511.970","506.000","","0.13%"
"08/17/2010","509.260","511.470","512.250","506.000","","-0.35%"
"08/16/2010","511.070","513.990","515.540","508.000","","-0.63%"
"08/13/2010","514.315","511.270","514.485","504.000","","0.55%"
"08/12/2010","511.510","510.630","513.150","499.000","","0.09%"
"08/11/2010","511.070","497.690","511.310","494.000","","2.67%"
"08/10/2010","497.765","495.960","501.605","494.000","","0.43%"
"08/09/2010","495.645","493.910","496.395","490.000","","0.34%"
"08/06/2010","493.965","497.430","498.575","490.000","","-0.66%"
"08/05/2010","497.240","498.600","500.010","494.000","","-0.25%"
"08/04/2010","498.465","495.660","499.485","494.000","","0.52%"
"08/03/2010","495.885","497.690","498.975","493.000","","-0.34%"
"08/02/2010","497.600","501.340","502.400","495.000","","-0.99%"
"07/30/2010","502.590","500.680","505.340","499.000","","0.21%"
"07/29/2010","501.515","505.010","505.455","498.000","","-0.66%"
"07/28/2010","504.855","504.470","505.865","500.000","","0.01%"
"07/27/2010","504.815","504.970","506.405","500.000","","0.00%"
"07/26/2010","504.800","508.380","509.380","503.000","","-0.62%"
"07/23/2010","507.940","508.970","512.850","503.000","","-0.17%"
"07/22/2010","508.810","514.270","515.000","506.000","","-1.05%"
"07/21/2010","514.190","509.010","515.200","506.000","","1.01%"
"07/20/2010","509.050","506.650","510.830","502.000","","0.47%"
"07/19/2010","506.680","508.610","510.020","502.000","","-0.04%"
"07/16/2010","506.880","507.240","509.350","502.000","","-0.02%"
"07/15/2010","506.960","514.880","516.140","505.560","","-1.53%"
"07/14/2010","514.840","515.490","519.040","511.000","","-0.10%"
"07/13/2010","515.365","520.890","523.725","513.000","","-1.09%"
"07/12/2010","521.035","519.000","522.655","517.000","","0.41%"
"07/09/2010","518.930","516.580","520.290","513.000","","0.42%"
"07/08/2010","516.750","519.160","519.730","515.000","","-0.46%"
"07/07/2010","519.140","519.450","522.440","517.000","","-0.08%"
"07/06/2010","519.570","520.000","522.800","517.000","","-0.56%"
"07/05/2010","522.500","521.000","524.680","520.000","","0.17%"
"07/02/2010","521.600","522.930","524.350","519.000","","-0.35%"
"07/01/2010","523.430","535.340","536.500","522.430","","-2.32%"
"06/30/2010","535.840","537.500","538.000","531.000","","-0.40%"
"06/29/2010","538.000","533.000","539.590","533.000","","0.74%"
"06/28/2010","534.050","528.000","534.530","526.000","","0.81%"
"06/25/2010","529.740","530.000","534.120","528.470","","-0.31%"
"06/24/2010","531.370","530.000","535.060","528.000","","-0.20%"
"06/23/2010","532.410","534.910","536.940","530.000","","-0.36%"
"06/22/2010","534.320","528.000","535.280","528.000","","0.38%"
"06/21/2010","532.280","528.720","532.880","525.000","","0.58%"
"06/18/2010","529.220","529.940","530.770","525.000","","0.02%"
"06/17/2010","529.140","532.000","534.500","527.830","","-0.64%"
"06/16/2010","532.540","531.570","536.550","529.000","","0.16%"
"06/15/2010","531.670","536.050","539.410","530.000","","-0.91%"
"06/14/2010","536.550","536.000","537.500","532.000","","-0.89%"
"06/11/2010","541.380","545.000","545.500","538.000","","0.13%"
"06/10/2010","540.660","545.000","547.340","539.000","","-1.22%"
"06/09/2010","547.340","547.120","548.120","541.000","","-0.05%"
"06/08/2010","547.620","549.410","550.330","544.000","","-0.42%"
"06/07/2010","549.910","548.000","550.380","545.000","","0.39%"
"06/04/2010","547.800","538.690","548.400","534.000","","1.60%"
"06/03/2010","539.190","534.560","539.550","527.000","","0.76%"
"06/02/2010","535.100","535.650","538.440","530.000","","-0.20%"
"06/01/2010","536.150","532.000","540.500","529.000","","0.50%"
"05/31/2010","533.500","531.000","534.500","526.000","","-0.14%"
"05/28/2010","534.270","529.580","534.530","524.000","","0.79%"
"05/27/2010","530.080","538.340","538.840","528.430","","-1.62%"
"05/26/2010","538.800","530.570","538.880","530.000","","1.46%"
"05/25/2010","531.070","529.670","538.180","530.310","","0.17%"
"05/24/2010","530.170","523.000","530.850","522.000","","1.68%"
"05/21/2010","521.390","525.330","525.910","519.000","","-0.69%"
"05/20/2010","525.030","527.570","533.060","519.900","","-0.58%"
"05/19/2010","528.070","536.660","539.830","527.530","","-1.69%"
"05/18/2010","537.160","528.380","539.060","525.000","","1.57%"
"05/17/2010","528.880","533.000","533.790","526.000","","-0.25%"
"05/14/2010","530.210","522.000","530.470","520.000","","1.38%"
"05/13/2010","522.980","514.000","523.730","514.000","","0.61%"
"05/12/2010","519.820","511.000","519.860","511.000","","0.47%"
"05/11/2010","517.400","502.000","517.970","502.000","","0.91%"
"05/10/2010","512.750","505.000","513.870","499.000","","-0.20%"
"05/07/2010","513.790","518.910","519.950","511.000","","-1.08%"
"05/06/2010","519.410","511.130","523.430","509.000","","1.52%"
"05/05/2010","511.630","504.310","511.990","503.000","","1.35%"
"05/04/2010","504.810","496.310","505.000","495.000","","1.61%"
"05/03/2010","496.810","493.000","498.320","492.000","","0.75%"
"04/30/2010","493.110","494.920","495.420","489.000","","-0.47%"
"04/29/2010","495.420","495.970","497.300","492.000","","-0.15%"
"04/28/2010","496.170","497.140","499.880","493.000","","-0.30%"
"04/27/2010","497.640","489.410","497.940","488.000","","1.58%"
"04/26/2010","489.910","488.000","493.000","487.000","","0.03%"
"04/23/2010","489.760","492.720","494.500","488.000","","-0.70%"
"04/22/2010","493.220","489.110","494.150","486.000","","0.74%"
"04/21/2010","489.610","486.000","490.790","484.000","","0.43%"
"04/20/2010","487.500","485.590","489.200","483.000","","0.29%"
"04/19/2010","486.090","486.000","488.770","484.000","","0.15%"
"04/16/2010","485.370","482.440","486.560","481.000","","0.50%"
"04/15/2010","482.940","479.750","484.510","478.000","","0.56%"
"04/14/2010","480.250","478.000","482.160","477.000","","-0.27%"
"04/13/2010","481.550","478.000","486.500","478.000","","-0.17%"
"04/12/2010","482.370","486.000","486.500","479.000","","-0.70%"
"04/09/2010","485.770","489.000","490.710","484.000","","-0.99%"
"04/08/2010","490.640","486.000","493.220","486.000","","-0.13%"
"04/07/2010","491.300","485.000","491.960","485.000","","0.40%"
"04/06/2010","489.320","485.660","490.860","485.000","","0.65%"
"04/05/2010","486.160","485.000","487.070","483.000","","-0.01%"
"04/02/2010","486.200","482.120","486.560","482.000","","0.74%"
"04/01/2010","482.620","484.760","487.170","481.000","","-0.54%"
"03/31/2010","485.260","488.350","488.850","482.000","","-0.73%"
"03/30/2010","488.850","485.730","489.430","481.000","","0.54%"
"03/29/2010","486.230","486.000","487.970","483.000","","-0.54%"
"03/26/2010","488.880","493.430","493.930","487.000","","-1.02%"
"03/25/2010","493.930","491.910","494.120","488.000","","0.28%"
"03/24/2010","492.560","487.000","492.740","484.050","","1.43%"
"03/23/2010","485.620","483.040","486.490","482.000","","0.43%"
"03/22/2010","483.540","484.050","486.920","482.000","","-0.21%"
"03/19/2010","484.550","481.370","485.590","478.000","","0.56%"
"03/18/2010","481.870","476.810","482.550","476.000","","0.96%"
"03/17/2010","477.310","475.530","477.590","472.000","","0.27%"
"03/16/2010","476.030","478.840","480.020","475.000","","-0.69%"
"03/15/2010","479.340","476.000","480.570","474.000","","0.62%"
"03/12/2010","476.370","478.800","479.370","474.000","","-0.61%"
"03/11/2010","479.270","479.610","482.010","477.000","","-0.17%"
"03/10/2010","480.070","481.550","482.600","478.000","","-0.40%"
"03/09/2010","482.010","480.380","484.220","476.000","","0.23%"
"03/08/2010","480.920","477.000","481.840","476.000","","-0.09%"
"03/05/2010","481.340","482.220","484.040","479.000","","-0.30%"
"03/04/2010","482.800","478.240","483.790","477.000","","0.89%"
"03/03/2010","478.530","480.950","482.010","476.000","","-0.69%"
"03/02/2010","481.870","483.120","487.280","480.700","","-0.34%"
"03/01/2010","483.510","480.000","487.070","478.000","","0.50%"
"02/26/2010","481.100","483.400","483.940","478.000","","-0.53%"
"02/25/2010","483.650","483.830","487.170","482.650","","-0.17%"
"02/24/2010","484.470","484.760","485.330","480.000","","-0.19%"
"02/23/2010","485.410","481.830","485.770","476.000","","0.67%"
"02/22/2010","482.160","480.000","482.720","479.000","","0.05%"
"02/19/2010","481.940","483.900","487.540","481.270","","0.10%"
"02/18/2010","481.480","481.440","483.690","479.000","","-0.07%"
"02/17/2010","481.840","475.670","482.480","474.000","","1.18%"
"02/16/2010","476.200","481.660","482.230","475.000","","-1.24%"
"02/15/2010","482.160","481.000","482.950","478.000","","0.14%"
"02/12/2010","481.480","478.310","484.020","478.000","","0.49%"
"02/11/2010","479.130","476.950","482.190","472.000","","0.32%"
"02/10/2010","477.590","474.840","479.370","472.000","","0.43%"
"02/09/2010","475.540","479.850","480.570","473.000","","-0.96%"
"02/08/2010","480.140","479.000","480.570","476.000","","0.07%"
"02/05/2010","479.790","477.020","482.580","470.000","","0.47%"
"02/04/2010","477.550","471.590","477.590","470.000","","1.24%"
"02/03/2010","471.710","469.120","472.020","466.000","","0.46%"
"02/02/2010","469.550","470.160","471.560","467.000","","-0.22%"
"02/01/2010","470.590","470.000","471.950","468.000","","-0.47%"
"01/29/2010","472.830","468.750","472.940","467.000","","0.71%"
"01/28/2010","469.480","467.110","469.920","464.000","","0.39%"
"01/27/2010","467.670","465.310","468.170","463.000","","0.41%"
"01/26/2010","465.740","462.910","466.810","462.000","","0.54%"
"01/25/2010","463.240","462.000","464.320","460.000","","-0.14%"
"01/22/2010","463.870","464.980","465.580","460.000","","-0.29%"
"01/21/2010","465.220","464.320","467.140","462.970","","0.05%"
"01/20/2010","464.980","458.270","465.650","458.170","","1.42%"
"01/19/2010","458.450","453.000","459.990","452.000","","0.64%"
"01/18/2010","455.550","453.000","456.150","453.000","","-0.04%"
"01/15/2010","455.710","451.560","457.230","451.000","","0.81%"
"01/14/2010","452.030","451.250","453.840","448.000","","0.05%"
"01/13/2010","451.810","451.900","453.000","448.000","","-0.12%"
"01/12/2010","452.340","451.220","455.500","449.000","","0.15%"
"01/11/2010","451.650","451.000","455.500","449.000","","-0.68%"
"01/08/2010","454.760","457.340","459.540","453.000","","-0.69%"
"01/07/2010","457.900","454.540","458.480","453.000","","0.68%"
"01/06/2010","454.820","455.840","458.960","450.000","","-0.31%"
"01/05/2010","456.240","454.480","456.910","450.000","","0.30%"
"01/04/2010","454.880","457.000","458.500","452.000","","-0.14%"
"01/01/2010","455.500","454.000","455.500","454.000","","-0.51%"
"12/31/2009","457.840","456.600","458.220","452.000","","0.11%"
"12/30/2009","457.330","456.290","459.310","454.000","","0.11%"
"12/29/2009","456.820","455.490","457.420","452.000","","0.22%"
"12/28/2009","455.830","454.000","455.990","453.000","","0.29%"
"12/25/2009","454.500","454.000","455.500","452.000","","-0.42%"
"12/24/2009","456.400","456.760","457.550","453.000","","-0.26%"
"12/23/2009","457.580","460.160","461.240","455.000","","-0.59%"
"12/22/2009","460.290","459.190","461.350","456.000","","0.21%"
"12/21/2009","459.305","456.000","459.825","454.000","","0.51%"
"12/18/2009","456.980","456.730","459.730","452.000","","0.01%"
"12/17/2009","456.940","450.470","458.350","450.470","","1.32%"
"12/16/2009","451.000","450.560","451.970","448.000","","-0.01%"
"12/15/2009","451.030","446.780","452.030","445.000","","0.81%"
"12/14/2009","447.400","445.000","448.320","444.000","","-0.20%"
"12/11/2009","448.290","444.530","449.500","442.000","","0.76%"
"12/10/2009","444.910","444.710","446.180","443.000","","-0.01%"
"12/09/2009","444.940","445.380","446.980","442.000","","-0.24%"
"12/08/2009","446.030","441.830","446.610","440.000","","0.82%"
"12/07/2009","442.390","440.000","444.280","432.000","","0.20%"
"12/04/2009","441.490","435.040","442.300","433.000","","1.49%"
"12/03/2009","435.020","435.330","436.570","431.000","","-0.22%"
"12/02/2009","435.985","434.810","436.385","432.000","","0.28%"
"12/01/2009","434.755","436.310","436.455","432.000","","-0.48%"
"11/30/2009","436.870","434.000","437.780","433.000","","-0.28%"
"11/27/2009","438.100","437.000","441.600","436.000","","-0.99%"
"11/26/2009","442.500","432.700","442.500","432.700","","2.20%"
"11/25/2009","432.980","437.720","438.300","432.420","","-1.19%"
"11/24/2009","438.190","437.570","439.500","436.000","","0.03%"
"11/23/2009","438.040","437.000","438.300","435.000","","-0.70%"
"11/20/2009","441.140","438.830","442.770","437.000","","0.39%"
"11/19/2009","439.420","437.660","441.670","437.000","","0.31%"
"11/18/2009","438.070","440.250","440.750","436.000","","-0.65%"
"11/17/2009","440.930","437.330","442.600","435.000","","0.71%"
"11/16/2009","437.830","439.470","440.240","434.000","","-0.37%"
"11/13/2009","439.450","441.780","443.250","437.000","","-0.51%"
"11/12/2009","441.700","437.890","443.070","434.000","","0.89%"
"11/11/2009","437.815","436.980","438.705","433.000","","0.00%"
"11/10/2009","437.830","436.600","439.060","435.000","","0.15%"
"11/09/2009","437.160","440.540","442.100","435.000","","-0.99%"
"11/06/2009","441.520","441.130","443.270","438.000","","0.16%"
"11/05/2009","440.815","441.100","442.905","438.000","","0.00%"
"11/04/2009","440.800","444.560","445.050","439.690","","-1.06%"
"11/03/2009","445.540","444.020","448.450","441.000","","0.32%"
"11/02/2009","444.125","445.770","446.665","440.000","","-0.26%"
"10/30/2009","445.300","442.080","446.610","439.000","","0.70%"
"10/29/2009","442.185","443.000","445.665","440.000","","-0.79%"
"10/28/2009","445.700","440.000","446.090","439.000","","0.63%"
"10/27/2009","442.890","440.640","443.850","438.000","","0.44%"
"10/26/2009","440.930","434.000","441.640","432.500","","0.94%"
"10/23/2009","436.840","434.000","437.400","433.000","","0.14%"
"10/22/2009","436.230","437.280","439.380","435.000","","-0.17%"
"10/21/2009","436.985","439.180","440.615","435.000","","-0.47%"
"10/20/2009","439.060","438.010","440.770","435.000","","0.14%"
"10/19/2009","438.430","438.000","440.220","435.000","","-0.30%"
"10/16/2009","439.740","438.160","442.520","437.000","","0.24%"
"10/15/2009","438.680","436.000","441.460","435.000","","-0.11%"
"10/14/2009","439.150","439.000","441.180","436.000","","-0.51%"
"10/13/2009","441.400","443.000","446.700","439.000","","-0.54%"
"10/12/2009","443.790","445.000","445.500","441.000","","-0.29%"
"10/09/2009","445.060","443.390","446.790","442.000","","0.36%"
"10/08/2009","443.465","446.560","446.765","440.000","","-0.70%"
"10/07/2009","446.590","445.650","447.750","443.000","","0.21%"
"10/06/2009","445.665","447.720","447.885","443.000","","-0.47%"
"10/05/2009","447.750","449.530","449.900","446.000","","-0.50%"
"10/02/2009","449.995","451.330","452.945","446.000","","-0.27%"
"10/01/2009","451.215","448.090","451.895","447.000","","0.68%"
"09/30/2009","448.165","449.780","449.985","445.000","","-0.36%"
"09/29/2009","449.765","447.000","451.525","446.000","","0.26%"
"09/28/2009","448.620","448.000","449.420","445.000","","0.57%"
"09/25/2009","446.090","445.000","448.230","444.000","","-0.21%"
"09/24/2009","447.030","442.000","448.160","441.000","","0.49%"
"09/23/2009","444.850","442.000","445.120","441.000","","0.37%"
"09/22/2009","443.190","444.000","446.700","441.000","","-0.79%"
"09/21/2009","446.700","445.000","448.780","444.000","","0.22%"
"09/18/2009","445.730","444.000","446.650","443.000","","0.24%"
"09/17/2009","444.670","443.000","446.360","442.000","","-0.24%"
"09/16/2009","445.730","445.000","447.640","444.000","","-0.32%"
"09/15/2009","447.160","447.600","450.400","445.990","","-0.25%"
"09/14/2009","448.290","449.000","451.330","446.000","","-0.33%"
"09/11/2009","449.760","447.000","450.350","447.000","","0.03%"
"09/10/2009","449.610","449.000","452.030","447.000","","-0.18%"
"09/09/2009","450.410","450.000","452.880","448.000","","-0.48%"
"09/08/2009","452.560","455.000","453.180","451.000","","-1.03%"
"09/07/2009","457.260","457.110","457.680","455.000","","-0.27%"
"09/04/2009","458.480","459.560","461.940","457.000","","-0.29%"
"09/03/2009","459.800","458.000","461.000","455.000","","0.06%"
"09/02/2009","459.540","460.560","462.090","457.210","","-0.32%"
"09/01/2009","461.030","457.750","462.430","454.000","","0.69%"
"08/31/2009","457.860","457.000","459.920","455.000","","-0.09%"
"08/28/2009","458.290","455.000","459.600","454.000","","0.30%"
"08/27/2009","456.910","458.000","460.960","454.670","","-0.67%"
"08/26/2009","459.990","457.850","461.480","456.000","","0.32%"
"08/25/2009","458.510","458.010","459.600","455.000","","0.04%"
"08/24/2009","458.320","456.350","461.550","455.000","","0.14%"
"08/21/2009","457.680","459.620","461.550","454.000","","-0.45%"
"08/20/2009","459.730","460.660","461.610","458.000","","-0.24%"
"08/19/2009","460.830","463.000","465.180","458.000","","-0.64%"
"08/18/2009","463.800","465.280","466.080","459.500","","-0.47%"
"08/17/2009","465.980","462.000","466.640","459.350","","0.95%"
"08/14/2009","461.580","459.260","463.010","457.000","","0.55%"
"08/13/2009","459.065","461.780","464.895","456.000","","-0.61%"
"08/12/2009","461.860","463.640","465.660","459.000","","-0.39%"
"08/11/2009","463.655","463.670","464.905","459.350","","-0.02%"
"08/10/2009","463.735","462.720","465.085","455.530","","0.20%"
"08/07/2009","462.815","456.860","463.435","454.000","","1.23%"
"08/06/2009","457.175","454.890","459.415","453.000","","0.41%"
"08/05/2009","455.320","455.650","459.400","452.000","","-0.03%"
"08/04/2009","455.465","454.960","459.415","453.000","","0.11%"
"08/03/2009","454.955","460.550","461.745","453.000","","-1.08%"
"07/31/2009","459.930","462.000","466.110","458.000","","-1.26%"
"07/30/2009","465.810","466.610","467.810","463.000","","-0.26%"
"07/29/2009","467.010","462.000","468.070","459.700","","0.96%"
"07/28/2009","462.590","460.450","463.960","457.000","","0.45%"
"07/27/2009","460.515","460.710","461.845","457.000","","-0.20%"
"07/24/2009","461.450","463.180","464.500","458.000","","-0.39%"
"07/23/2009","463.245","459.000","464.555","457.000","","0.47%"
"07/22/2009","461.090","461.000","463.140","459.000","","0.01%"
"07/21/2009","461.030","459.000","462.920","457.000","","0.09%"
"07/20/2009","460.610","461.000","462.500","458.000","","-0.93%"
"07/17/2009","464.950","462.000","466.140","462.000","","0.37%"
"07/16/2009","463.240","464.000","465.500","461.000","","-0.32%"
"07/15/2009","464.750","468.850","470.720","463.000","","-0.97%"
"07/14/2009","469.280","466.000","471.240","466.000","","0.06%"
"07/13/2009","469.010","470.000","471.140","467.000","","-0.28%"
"07/10/2009","470.320","468.000","472.120","467.140","","0.57%"
"07/09/2009","467.670","469.000","470.090","465.000","","-0.96%"
"07/08/2009","472.190","470.000","473.960","469.000","","0.25%"
"07/07/2009","471.030","468.000","471.300","465.000","","0.41%"
"07/06/2009","469.110","468.000","472.390","468.000","","0.02%"
"07/03/2009","469.010","469.350","469.920","466.000","","0.15%"
"07/02/2009","468.310","462.500","468.680","462.500","","1.06%"
"07/01/2009","463.410","463.500","466.770","461.000","","-0.80%"
"06/30/2009","467.140","466.500","468.210","462.000","","0.36%"
"06/29/2009","465.480","464.500","467.900","463.640","","-0.22%"
"06/26/2009","466.500","468.670","470.930","463.000","","-0.50%"
"06/25/2009","468.860","470.660","472.300","464.300","","-0.45%"
"06/24/2009","470.965","465.940","472.285","462.000","","1.07%"
"06/23/2009","465.975","473.210","474.365","464.250","","-1.53%"
"06/22/2009","473.205","469.980","474.435","468.000","","0.57%"
"06/19/2009","470.525","471.640","472.515","466.000","","-0.26%"
"06/18/2009","471.760","472.500","472.880","467.000","","0.35%"
"06/17/2009","470.120","470.500","474.270","468.310","","-0.77%"
"06/16/2009","473.790","475.740","477.560","469.000","","-0.40%"
"06/15/2009","475.690","468.910","476.870","465.020","","1.65%"
"06/12/2009","467.990","465.180","470.670","463.000","","0.65%"
"06/11/2009","464.955","469.610","473.565","461.960","","-0.98%"
"06/10/2009","469.550","465.510","473.600","462.000","","0.72%"
"06/09/2009","466.190","471.950","473.530","464.520","","-1.23%"
"06/08/2009","471.980","466.500","474.570","466.500","","0.58%"
"06/05/2009","469.280","460.500","470.530","458.000","","1.57%"
"06/04/2009","462.030","463.640","465.650","459.000","","-0.31%"
"06/03/2009","463.490","458.400","464.910","458.400","","1.14%"
"06/02/2009","458.250","462.000","464.000","456.990","","-1.02%"
"06/01/2009","462.980","462.500","463.540","459.000","","-0.01%"
"05/29/2009","463.010","470.500","471.000","462.000","","-1.51%"
"05/28/2009","470.090","468.500","474.000","467.000","","-0.83%"
"05/27/2009","474.030","468.500","474.170","467.000","","1.12%"
"05/26/2009","468.780","467.410","472.970","467.000","","0.21%"
"05/25/2009","467.810","468.000","468.740","466.000","","-0.09%"
"05/22/2009","468.240","467.500","471.000","464.500","","-0.80%"
"05/21/2009","472.020","474.500","477.480","467.500","","-0.79%"
"05/20/2009","475.790","480.700","482.000","473.630","","-1.09%"
"05/19/2009","481.020","485.500","486.000","479.000","","-0.50%"
"05/18/2009","483.440","482.500","487.030","482.500","","-0.50%"
"05/15/2009","485.870","481.500","486.990","479.000","","1.09%"
"05/14/2009","480.640","478.500","484.240","478.500","","-0.33%"
"05/13/2009","482.230","478.500","483.150","477.000","","0.40%"
"05/12/2009","480.320","480.500","482.950","477.000","","-0.49%"
"05/11/2009","482.690","485.500","491.120","479.000","","0.46%"
"05/08/2009","480.460","486.500","491.220","479.780","","-1.88%"
"05/07/2009","489.650","490.500","494.230","485.000","","-0.44%"
"05/06/2009","491.820","492.200","494.900","487.500","","-0.13%"
"05/05/2009","492.450","492.500","493.560","486.000","","0.71%"
"05/04/2009","488.990","493.000","496.760","488.130","","-1.04%"
"05/01/2009","494.120","492.000","495.200","490.000","","-0.29%"
"04/30/2009","495.540","494.500","496.810","488.000","","0.32%"
"04/29/2009","493.970","501.500","502.000","490.000","","-0.93%"
"04/28/2009","498.630","498.500","505.590","497.480","","-0.89%"
"04/27/2009","503.100","497.000","504.190","492.190","","1.61%"
"04/24/2009","495.120","502.500","503.050","492.000","","-0.75%"
"04/23/2009","498.850","503.500","507.420","497.670","","-1.04%"
"04/22/2009","504.110","505.500","508.150","501.000","","-0.45%"
"04/21/2009","506.410","506.810","507.810","503.000","","-0.22%"
"04/20/2009","507.550","500.500","508.650","500.500","","0.99%"
"04/17/2009","502.560","494.500","503.570","494.500","","1.07%"
"04/16/2009","497.260","497.500","499.390","494.000","","0.30%"
"04/15/2009","495.760","493.500","498.630","491.000","","0.27%"
"04/14/2009","494.410","496.500","497.000","490.000","","0.83%"
"04/13/2009","490.350","494.500","497.000","487.250","","-1.35%"
"04/10/2009","497.080","497.370","500.840","496.540","","-0.18%"
"04/09/2009","497.980","493.730","499.460","490.000","","0.71%"
"04/08/2009","494.450","493.650","499.000","491.000","","0.04%"
"04/07/2009","494.260","488.820","495.610","486.500","","1.08%"
"04/06/2009","488.990","482.000","490.750","482.000","","0.60%"
"04/03/2009","486.050","487.500","491.780","485.000","","-0.19%"
"04/02/2009","486.990","494.500","495.000","484.620","","-1.61%"
"04/01/2009","494.940","491.500","497.240","491.500","","0.03%"
"03/31/2009","494.790","497.500","498.000","490.000","","-0.34%"
"03/30/2009","496.470","493.500","499.650","490.490","","0.64%"
"03/27/2009","493.300","482.500","494.380","481.000","","1.75%"
"03/26/2009","484.800","482.500","485.550","479.000","","0.45%"
"03/25/2009","482.620","483.500","487.500","479.000","","-0.86%"
"03/24/2009","486.810","481.500","488.040","479.500","","1.24%"
"03/23/2009","480.850","482.500","485.290","476.000","","-0.42%"
"03/20/2009","482.900","478.500","484.980","476.000","","0.66%"
"03/19/2009","479.720","502.500","503.000","476.000","","-1.35%"
"03/18/2009","486.270","504.500","505.000","485.770","","-3.45%"
"03/17/2009","503.650","502.500","507.000","502.000","","-0.40%"
"03/16/2009","505.670","507.500","508.000","500.000","","-0.28%"
"03/13/2009","507.070","507.500","509.560","504.000","","-0.20%"
"03/12/2009","508.100","512.500","514.880","505.990","","-0.53%"
"03/11/2009","510.830","512.500","519.000","509.100","","-1.19%"
"03/10/2009","516.990","518.500","519.820","510.000","","-0.58%"
"03/09/2009","520.030","516.500","522.270","515.030","","0.26%"
"03/06/2009","518.670","521.930","522.890","513.000","","-0.61%"
"03/05/2009","521.850","517.390","525.280","517.230","","0.58%"
"03/04/2009","518.840","521.640","524.000","517.000","","-0.55%"
"03/03/2009","521.730","520.690","523.560","516.000","","0.07%"
"03/02/2009","521.350","518.500","522.350","518.000","","0.73%"
"02/27/2009","517.570","513.900","520.070","513.000","","0.51%"
"02/26/2009","514.920","514.910","515.610","510.000","","-0.27%"
"02/25/2009","516.300","509.000","516.630","507.000","","1.11%"
"02/24/2009","510.630","515.960","517.770","506.500","","-1.07%"
"02/23/2009","516.140","512.500","516.460","503.000","","1.14%"
"02/20/2009","510.310","516.940","522.060","508.390","","-1.43%"
"02/19/2009","517.690","522.640","523.310","512.000","","-0.96%"
"02/18/2009","522.720","520.560","523.850","517.000","","0.39%"
"02/17/2009","520.690","512.010","521.890","511.330","","1.49%"
"02/16/2009","513.070","508.500","515.000","507.500","","0.67%"
"02/13/2009","509.680","509.020","511.350","505.000","","0.02%"
"02/12/2009","509.560","507.680","515.290","505.000","","0.25%"
"02/11/2009","508.290","507.090","510.870","503.000","","0.00%"
"02/10/2009","508.290","503.340","510.710","500.000","","0.87%"
"02/09/2009","503.920","507.500","509.000","499.000","","-0.59%"
"02/06/2009","506.920","511.730","514.000","504.120","","-1.14%"
"02/05/2009","512.790","509.570","513.710","507.000","","0.38%"
"02/04/2009","510.830","502.680","511.590","501.000","","1.58%"
"02/03/2009","502.870","509.610","512.800","501.640","","-1.43%"
"02/02/2009","510.150","509.500","516.000","498.210","","-0.49%"
"01/30/2009","512.670","505.750","513.030","498.210","","1.35%"
"01/29/2009","505.860","497.900","506.920","492.500","","1.37%"
"01/28/2009","499.010","497.600","500.380","491.540","","0.24%"
"01/27/2009","497.830","496.950","500.000","492.500","","-0.04%"
"01/26/2009","498.020","510.500","511.000","496.010","","-2.25%"
"01/23/2009","509.490","505.500","513.250","503.830","","-0.10%"
"01/22/2009","510.000","502.030","510.000","501.950","","1.48%"
"01/21/2009","502.560","507.560","511.310","501.260","","-1.25%"
"01/20/2009","508.930","492.500","510.110","492.500","","1.98%"
"01/19/2009","499.040","495.500","499.690","490.960","","1.25%"
"01/16/2009","492.890","499.500","500.000","491.350","","-1.81%"
"01/15/2009","502.000","499.500","502.000","498.500","","-0.10%"
"01/14/2009","502.500","494.500","502.500","492.250","","1.11%"
"01/13/2009","497.000","483.690","497.000","483.690","","0.91%"
"01/12/2009","492.500","482.500","492.500","476.500","","1.65%"
"01/09/2009","484.500","476.500","484.500","476.500","","0.73%"
"01/08/2009","481.000","479.500","486.000","476.500","","-0.31%"
"01/07/2009","482.500","487.500","490.500","479.500","","-1.53%"
"01/06/2009","490.000","468.300","492.020","468.300","","1.03%"
"01/05/2009","485.000","470.500","485.500","468.300","","2.54%"
"01/02/2009","473.000","466.500","473.000","466.440","","1.07%"
"01/01/2009","468.000","466.500","468.000","466.500","","0.00%"
"12/31/2008","468.000","461.500","468.000","461.500","","1.45%"
"12/30/2008","461.320","459.500","462.500","459.500","","-0.26%"
"12/29/2008","462.500","468.500","471.500","459.500","","-1.91%"
"12/26/2008","471.500","462.270","471.500","462.270","","0.00%"
"12/25/2008","471.500","468.500","471.500","468.500","","0.00%"
"12/24/2008","471.500","468.500","472.150","465.220","","0.00%"
"12/23/2008","471.500","469.500","472.750","463.570","","0.43%"
"12/22/2008","469.500","469.500","473.620","464.500","","-0.63%"
"12/19/2008","472.500","446.780","472.500","446.780","","3.91%"
"12/18/2008","454.700","453.700","454.700","453.700","","-6.82%"
"12/17/2008","488.000","483.500","488.000","483.500","","0.00%"
"12/16/2008","488.000","483.500","488.000","483.500","","0.00%"
"12/15/2008","488.000","487.040","493.790","483.500","","-0.91%"
"12/12/2008","492.500","495.500","497.600","490.000","","-0.61%"
"12/11/2008","495.500","505.500","507.000","494.000","","-2.46%"
"12/10/2008","508.000","511.500","514.000","503.750","","-1.07%"
"12/09/2008","513.500","508.000","513.500","505.000","","0.69%"
"12/08/2008","510.000","515.500","518.000","505.000","","-1.73%"
"12/05/2008","519.000","519.500","523.000","511.000","","-0.38%"
"12/04/2008","521.000","518.500","521.500","514.000","","0.10%"
"12/03/2008","520.500","515.500","520.500","515.000","","0.29%"
"12/02/2008","519.000","518.500","524.550","515.000","","0.10%"
"12/01/2008","518.500","514.500","520.500","513.480","","0.39%"
"11/28/2008","516.500","507.500","517.500","504.000","","1.57%"
"11/27/2008","508.500","506.500","509.500","504.000","","0.00%"
"11/26/2008","508.500","503.000","511.000","502.000","","0.20%"
"11/25/2008","507.500","512.500","514.000","506.000","","-1.36%"
"11/24/2008","514.500","519.500","522.150","509.000","","-1.72%"
"11/21/2008","523.500","521.500","524.500","517.000","","0.10%"
"11/20/2008","523.000","518.500","524.000","518.500","","0.29%"
"11/19/2008","521.500","517.500","523.000","515.000","","0.97%"
"11/18/2008","516.500","519.000","521.500","515.000","","-0.48%"
"11/17/2008","519.000","516.500","521.050","512.020","","0.10%"
"11/14/2008","518.500","523.500","526.170","513.000","","-1.43%"
"11/13/2008","526.000","523.500","528.500","520.000","","0.19%"
"11/12/2008","525.000","515.500","525.500","515.500","","1.35%"
"11/11/2008","518.000","508.500","520.500","508.500","","1.47%"
"11/10/2008","510.500","510.500","514.340","506.000","","-0.81%"
"11/07/2008","514.680","515.190","516.020","509.000","","-0.37%"
"11/06/2008","516.590","509.500","516.590","505.000","","2.03%"
"11/05/2008","506.290","507.000","510.500","499.000","","0.50%"
"11/04/2008","503.760","511.500","519.500","502.000","","-1.90%"
"11/03/2008","513.500","511.980","519.560","508.000","","-0.77%"
"10/31/2008","517.500","505.500","519.580","505.500","","1.90%"
"10/30/2008","507.860","499.650","511.470","498.000","","0.07%"
"10/29/2008","507.500","524.500","526.000","503.000","","-3.97%"
"10/28/2008","528.500","525.500","530.430","519.860","","-0.09%"
"10/27/2008","529.000","519.500","530.500","518.660","","1.83%"
"10/24/2008","519.490","510.500","521.980","508.570","","1.36%"
"10/23/2008","512.500","507.500","516.220","507.000","","0.50%"
"10/22/2008","509.950","497.500","512.430","497.500","","1.56%"
"10/21/2008","502.100","487.500","502.100","487.500","","2.11%"
"10/20/2008","491.710","488.500","493.410","483.000","","0.54%"
"10/17/2008","489.060","484.500","489.690","482.320","","0.37%"
"10/16/2008","487.250","480.500","489.940","480.500","","0.07%"
"10/15/2008","486.920","476.500","486.920","476.500","","1.14%"
"10/14/2008","481.450","480.500","481.480","475.000","","-0.15%"
"10/13/2008","482.190","484.500","486.420","478.000","","-0.89%"
"10/10/2008","486.500","478.500","487.000","476.980","","1.35%"
"10/09/2008","480.000","480.500","482.660","476.000","","-0.93%"
"10/08/2008","484.500","481.500","486.000","476.000","","0.48%"
"10/07/2008","482.190","482.000","485.000","476.880","","-0.63%"
"10/06/2008","485.260","471.500","485.770","471.500","","1.97%"
"10/03/2008","475.890","471.500","478.530","468.590","","0.27%"
"10/02/2008","474.620","466.500","475.990","466.500","","1.38%"
"10/01/2008","468.140","463.000","468.840","461.000","","0.61%"
"09/30/2008","465.280","456.500","466.710","453.000","","2.47%"
"09/29/2008","454.060","447.500","457.000","446.050","","1.26%"
"09/26/2008","448.410","446.000","450.000","444.320","","-0.11%"
"09/25/2008","448.900","446.000","449.330","442.000","","0.09%"
"09/24/2008","448.500","444.500","448.620","443.000","","0.21%"
"09/23/2008","447.550","443.000","448.260","441.000","","0.91%"
"09/22/2008","443.520","450.000","451.500","442.930","","-2.16%"
"09/19/2008","453.310","452.000","461.500","451.870","","-0.81%"
"09/18/2008","457.010","458.500","459.000","450.000","","-1.40%"
"09/17/2008","463.500","461.000","467.120","456.510","","-0.17%"
"09/16/2008","464.300","461.000","464.300","458.000","","1.11%"
"09/15/2008","459.190","465.500","466.000","458.690","","-0.49%"
"09/12/2008","461.450","469.500","470.000","460.000","","-1.49%"
"09/11/2008","468.410","465.500","471.950","465.500","","0.17%"
"09/10/2008","467.610","463.000","467.810","461.000","","0.78%"
"09/09/2008","464.000","460.500","465.780","460.000","","-0.07%"
"09/08/2008","464.330","458.500","466.410","455.000","","1.02%"
"09/05/2008","459.640","451.500","460.770","450.770","","0.58%"
"09/04/2008","456.980","452.500","456.980","449.000","","1.02%"
"09/03/2008","452.370","452.000","455.500","451.000","","0.18%"
"09/02/2008","451.560","448.700","453.000","448.000","","0.68%"
"09/01/2008","448.500","444.500","450.200","444.500","","0.34%"
"08/29/2008","447.000","444.500","447.740","442.000","","0.24%"
"08/28/2008","445.940","444.100","446.550","441.000","","0.16%"
"08/27/2008","445.240","448.900","449.400","442.000","","-0.55%"
"08/26/2008","447.710","443.750","449.400","443.750","","0.72%"
"08/25/2008","444.520","442.100","445.100","440.610","","0.26%"
"08/22/2008","443.370","442.100","444.030","438.000","","0.75%"
"08/21/2008","440.070","444.750","445.250","439.000","","-1.03%"
"08/20/2008","444.640","446.300","446.880","442.000","","0.20%"
"08/19/2008","443.760","445.500","448.000","442.780","","-0.53%"
"08/18/2008","446.120","444.750","446.270","443.000","","-0.06%"
"08/15/2008","446.390","439.500","447.250","439.500","","0.88%"
"08/14/2008","442.480","439.500","443.340","437.000","","0.63%"
"08/13/2008","439.690","439.500","441.670","436.000","","0.08%"
"08/12/2008","439.330","436.500","441.500","436.500","","-0.11%"
"08/11/2008","439.800","433.500","440.160","433.000","","0.65%"
"08/08/2008","436.960","423.500","437.080","422.950","","2.25%"
"08/07/2008","427.330","423.500","427.360","422.000","","0.42%"
"08/06/2008","425.550","422.500","425.750","420.490","","0.30%"
"08/05/2008","424.290","420.500","424.370","420.000","","0.80%"
"08/04/2008","420.930","421.500","422.000","418.000","","-0.14%"
"08/01/2008","421.500","419.500","422.210","419.000","","0.26%"
"07/31/2008","420.390","421.500","422.000","416.000","","-0.14%"
"07/30/2008","420.960","420.000","422.370","417.500","","0.08%"
"07/29/2008","420.610","414.000","421.500","414.000","","0.99%"
"07/28/2008","416.470","415.000","418.000","414.000","","-0.25%"
"07/25/2008","417.530","417.000","418.300","415.000","","-0.16%"
"07/24/2008","418.190","417.530","419.320","416.000","","0.07%"
"07/23/2008","417.900","411.500","418.300","411.500","","0.61%"
"07/22/2008","415.380","413.000","415.730","410.000","","0.91%"
"07/21/2008","411.650","414.000","414.500","410.000","","-0.51%"
"07/18/2008","413.760","413.500","414.600","411.000","","0.06%"
"07/17/2008","413.520","412.500","415.250","411.000","","-0.21%"
"07/16/2008","414.390","409.500","414.940","409.000","","0.56%"
"07/15/2008","412.090","412.100","413.160","407.000","","-0.01%"
"07/14/2008","412.120","412.000","413.750","408.970","","0.15%"
"07/11/2008","411.500","417.500","418.000","410.000","","-0.91%"
"07/10/2008","415.300","417.000","418.000","413.000","","-0.29%"
"07/09/2008","416.520","417.500","418.500","415.000","","-0.46%"
"07/08/2008","418.460","417.500","419.240","414.910","","0.38%"
"07/07/2008","416.890","417.000","420.500","415.970","","-0.62%"
"07/04/2008","419.500","415.000","419.500","411.920","","0.39%"
"07/03/2008","417.850","414.700","417.980","410.000","","1.20%"
"07/02/2008","412.900","413.000","415.200","411.000","","-0.54%"
"07/01/2008","415.150","415.000","416.520","413.000","","-0.31%"
"06/30/2008","416.440","413.000","416.700","412.000","","0.30%"
"06/27/2008","415.200","415.700","417.250","414.000","","-0.22%"
"06/26/2008","416.100","418.040","419.130","415.460","","-0.56%"
"06/25/2008","418.430","420.000","421.230","417.530","","-0.68%"
"06/24/2008","421.280","419.000","422.500","418.000","","-0.34%"
"06/23/2008","422.700","419.000","423.680","417.630","","0.61%"
"06/20/2008","420.150","420.000","422.380","417.000","","-0.66%"
"06/19/2008","422.940","420.000","424.240","419.000","","0.21%"
"06/18/2008","422.040","422.000","423.680","419.500","","-0.17%"
"06/17/2008","422.750","423.400","423.970","420.000","","-0.26%"
"06/16/2008","423.870","424.000","426.150","421.000","","-0.60%"
"06/13/2008","426.410","424.000","428.530","421.620","","0.37%"
"06/12/2008","424.840","422.000","426.130","422.000","","0.78%"
"06/11/2008","421.560","421.000","423.130","419.000","","-0.46%"
"06/10/2008","423.500","415.000","423.860","415.000","","1.20%"
"06/09/2008","418.460","415.000","418.510","412.000","","0.66%"
"06/06/2008","415.730","420.110","420.610","415.000","","-1.14%"
"06/05/2008","420.530","424.000","426.110","419.890","","-0.98%"
"06/04/2008","424.700","422.000","425.000","422.000","","0.07%"
"06/03/2008","424.420","419.000","425.060","418.000","","0.59%"
"06/02/2008","421.910","419.050","423.130","419.000","","0.08%"
"05/30/2008","421.560","421.000","423.000","418.310","","-0.28%"
"05/29/2008","422.730","419.000","423.380","418.000","","0.85%"
"05/28/2008","419.180","414.000","419.610","414.000","","0.29%"
"05/27/2008","417.950","413.000","418.090","413.000","","0.53%"
"05/26/2008","415.730","415.420","416.250","413.520","","0.01%"
"05/23/2008","415.670","415.000","416.500","413.000","","-0.27%"
"05/22/2008","416.780","415.000","417.690","414.000","","0.37%"
"05/21/2008","415.250","415.000","416.730","414.730","","-0.90%"
"05/20/2008","419.020","420.000","420.500","417.000","","-0.89%"
"05/19/2008","422.780","420.000","423.330","420.000","","0.48%"
"05/16/2008","420.740","422.000","424.070","419.970","","-0.88%"
"05/15/2008","424.480","421.000","425.170","420.000","","0.18%"
"05/14/2008","423.710","422.000","424.810","422.000","","-0.02%"
"05/13/2008","423.790","421.000","424.700","420.000","","0.49%"
"05/12/2008","421.720","424.000","424.810","420.000","","-0.44%"
"05/09/2008","423.600","423.000","426.800","419.820","","-0.55%"
"05/08/2008","425.940","426.000","427.240","423.000","","0.01%"
"05/07/2008","425.880","422.000","426.520","421.000","","0.86%"
"05/06/2008","422.260","422.000","422.890","419.000","","-0.20%"
"05/05/2008","423.110","422.000","425.030","421.000","","-0.48%"
"05/02/2008","425.140","423.000","426.440","419.130","","0.33%"
"05/01/2008","423.760","419.250","424.730","417.000","","0.93%"
"04/30/2008","419.850","419.000","422.450","418.000","","-0.26%"
"04/29/2008","420.960","418.000","421.470","418.000","","0.55%"
"04/28/2008","418.650","417.000","420.370","416.000","","-0.24%"
"04/25/2008","419.640","416.000","420.580","416.000","","0.36%"
"04/24/2008","418.140","412.000","419.050","411.000","","1.30%"
"04/23/2008","412.790","409.000","413.110","408.000","","0.65%"
"04/22/2008","410.110","412.000","412.500","408.000","","-0.48%"
"04/21/2008","412.090","412.000","414.480","410.000","","-0.60%"
"04/18/2008","414.570","409.000","417.080","409.000","","0.49%"
"04/17/2008","412.530","410.000","413.370","409.000","","0.35%"
"04/16/2008","411.110","412.000","413.500","409.000","","-1.00%"
"04/15/2008","415.280","412.000","415.880","411.000","","0.25%"
"04/14/2008","414.230","415.000","416.500","411.000","","-0.09%"
"04/11/2008","414.600","413.000","415.230","412.000","","-0.45%"
"04/10/2008","416.490","413.000","416.920","412.290","","0.55%"
"04/09/2008","414.200","415.000","417.100","413.000","","-0.75%"
"04/08/2008","417.310","416.840","418.060","414.000","","-0.08%"
"04/07/2008","417.660","417.000","418.500","414.170","","0.25%"
"04/04/2008","416.620","416.000","419.410","414.000","","-0.35%"
"04/03/2008","418.090","417.000","421.500","417.000","","0.06%"
"04/02/2008","417.850","420.000","420.740","417.000","","-0.52%"
"04/01/2008","420.040","415.000","421.120","412.660","","1.10%"
"03/31/2008","415.490","413.000","415.650","411.000","","0.11%"
"03/28/2008","415.040","414.000","416.230","412.000","","-0.13%"
"03/27/2008","415.570","413.000","416.550","413.000","","0.43%"
"03/26/2008","413.780","419.000","419.500","413.020","","-1.23%"
"03/25/2008","418.940","420.000","421.180","418.440","","-1.46%"
"03/24/2008","425.140","424.640","425.140","424.640","","0.15%"
"03/21/2008","424.510","422.000","424.950","422.000","","-0.10%"
"03/20/2008","424.920","419.000","425.660","419.000","","1.39%"
"03/19/2008","419.100","416.000","419.100","414.000","","0.03%"
"03/18/2008","418.970","415.000","418.970","412.000","","0.51%"
"03/17/2008","416.860","415.970","417.820","414.000","","-0.36%"
"03/14/2008","418.350","418.000","423.580","417.000","","-0.24%"
"03/13/2008","419.340","419.870","421.370","418.000","","-0.68%"
"03/12/2008","422.210","425.000","425.500","421.000","","-1.26%"
"03/11/2008","427.610","425.000","428.670","421.000","","0.05%"
"03/10/2008","427.380","424.000","427.640","424.000","","0.03%"
"03/07/2008","427.270","425.770","428.290","423.000","","0.27%"
"03/06/2008","426.110","429.070","429.570","425.000","","-0.79%"
"03/05/2008","429.510","430.370","431.890","427.000","","-0.34%"
"03/04/2008","430.980","430.960","431.890","428.000","","-0.04%"
"03/03/2008","431.150","429.000","432.060","428.000","","-0.18%"
"02/29/2008","431.920","430.960","433.510","429.000","","0.24%"
"02/28/2008","430.900","433.080","434.180","430.140","","-0.62%"
"02/27/2008","433.580","437.310","437.920","431.000","","-1.04%"
"02/26/2008","438.130","441.680","442.500","437.310","","-0.94%"
"02/25/2008","442.270","440.000","442.830","440.000","","0.03%"
"02/22/2008","442.120","444.350","444.850","440.000","","-0.12%"
"02/21/2008","442.660","445.230","445.730","441.000","","-0.71%"
"02/20/2008","445.820","444.770","448.260","444.000","","0.13%"
"02/19/2008","445.240","444.000","445.270","444.000","","-0.52%"
"02/18/2008","447.580","446.000","448.410","443.930","","0.24%"
"02/15/2008","446.520","446.050","449.270","444.000","","-0.33%"
"02/14/2008","447.980","449.480","449.980","447.000","","-0.46%"
"02/13/2008","450.070","449.260","451.190","447.000","","0.09%"
"02/12/2008","449.670","451.150","451.880","447.000","","-0.39%"
"02/11/2008","451.440","448.000","452.430","448.000","","-0.10%"
"02/08/2008","451.900","452.310","452.930","446.970","","-0.17%"
"02/07/2008","452.650","447.730","454.000","446.000","","0.94%"
"02/06/2008","448.440","447.140","448.660","445.000","","0.21%"
"02/05/2008","447.520","441.680","448.380","440.310","","1.19%"
"02/04/2008","442.240","435.880","442.800","435.880","","0.17%"
"02/01/2008","441.500","440.670","442.500","437.000","","0.06%"
"01/31/2008","441.220","440.720","442.800","438.000","","0.10%"
"01/30/2008","440.780","443.260","443.820","440.190","","-0.67%"
"01/29/2008","443.760","443.050","444.700","442.000","","0.05%"
"01/28/2008","443.520","444.000","446.500","442.000","","-0.76%"
"01/25/2008","446.910","443.900","447.470","443.000","","0.66%"
"01/24/2008","443.970","447.690","448.500","443.380","","-0.92%"
"01/23/2008","448.070","447.790","451.440","446.000","","0.03%"
"01/22/2008","447.950","453.000","455.500","446.000","","-1.35%"
"01/21/2008","454.100","446.760","454.190","445.820","","1.17%"
"01/18/2008","448.840","447.360","448.840","444.000","","0.34%"
"01/17/2008","447.310","447.050","448.500","444.000","","0.01%"
"01/16/2008","447.280","442.480","448.040","440.000","","0.97%"
"01/15/2008","442.980","440.520","442.980","438.000","","0.43%"
"01/14/2008","441.080","439.000","443.600","438.000","","-0.61%"
"01/11/2008","443.790","442.330","446.220","441.000","","0.19%"
"01/10/2008","442.950","446.560","447.490","442.240","","-0.96%"
"01/09/2008","447.250","445.350","447.740","443.000","","0.32%"
"01/08/2008","445.820","445.740","446.240","442.210","","-0.07%"
"01/07/2008","446.150","444.000","446.700","442.210","","0.33%"
"01/04/2008","444.700","443.000","446.000","441.000","","0.01%"
"01/03/2008","444.670","444.860","445.760","442.000","","-0.14%"
"01/02/2008","445.300","445.000","447.740","443.000","","-0.93%"
"01/01/2008","449.500","448.000","449.500","448.000","","0.22%"
"12/31/2007","448.500","443.000","449.500","443.000","","0.65%"
"12/28/2007","445.600","447.850","451.530","444.000","","-0.72%"
"12/27/2007","448.810","452.060","452.560","447.000","","-0.82%"
"12/26/2007","452.530","453.000","454.000","451.000","","-0.65%"
"12/25/2007","455.500","454.000","455.500","453.000","","0.07%"
"12/24/2007","455.170","454.000","456.780","453.000","","-0.32%"
"12/21/2007","456.630","457.150","457.650","453.000","","-0.28%"
"12/20/2007","457.930","455.330","458.060","454.000","","0.40%"
"12/19/2007","456.090","454.410","457.200","453.000","","0.20%"
"12/18/2007","455.170","454.830","455.610","453.000","","-0.05%"
"12/17/2007","455.420","453.000","456.690","451.740","","0.31%"
"12/14/2007","454.030","447.600","454.220","445.970","","1.29%"
"12/13/2007","448.260","445.320","449.180","443.000","","0.53%"
"12/12/2007","445.880","446.900","447.400","443.000","","-0.37%"
"12/11/2007","447.520","445.290","447.800","443.000","","0.43%"
"12/10/2007","445.600","446.000","447.220","443.000","","-0.41%"
"12/07/2007","447.430","447.660","449.060","445.000","","-0.16%"
"12/06/2007","448.130","448.220","450.780","446.000","","-0.20%"
"12/05/2007","449.050","444.000","449.180","443.000","","1.11%"
"12/04/2007","444.130","446.000","446.500","443.000","","-0.67%"
"12/03/2007","447.120","444.000","447.940","440.910","","-0.22%"
"11/30/2007","448.100","444.230","448.260","442.000","","0.72%"
"11/29/2007","444.880","441.350","444.940","440.000","","0.64%"
"11/28/2007","442.060","441.800","444.700","440.930","","-0.03%"
"11/27/2007","442.210","440.370","442.740","438.000","","0.34%"
"11/26/2007","440.690","440.000","442.060","439.000","","-0.28%"
"11/23/2007","441.910","438.000","443.100","438.000","","0.09%"
"11/22/2007","441.500","441.000","442.500","440.000","","0.01%"
"11/21/2007","441.460","441.290","443.250","440.000","","-0.19%"
"11/20/2007","442.300","446.660","447.160","441.800","","-1.08%"
"11/19/2007","447.120","447.000","448.100","444.520","","-0.08%"
"11/16/2007","447.490","448.250","448.750","445.000","","-0.21%"
"11/15/2007","448.440","447.020","448.720","446.000","","0.21%"
"11/14/2007","447.520","448.590","449.090","444.000","","-0.33%"
"11/13/2007","448.990","447.000","449.420","446.000","","-0.47%"
"11/12/2007","451.130","446.000","451.220","444.050","","0.96%"
"11/09/2007","446.850","446.380","447.640","443.000","","0.01%"
"11/08/2007","446.820","447.450","448.040","444.000","","-0.21%"
"11/07/2007","447.770","449.970","450.470","444.000","","-0.61%"
"11/06/2007","450.510","452.720","453.220","449.000","","-0.59%"
"11/05/2007","453.180","451.000","453.400","449.140","","0.23%"
"11/02/2007","452.120","451.000","453.680","450.000","","-0.53%"
"11/01/2007","454.540","451.000","455.040","451.000","","0.42%"
"10/31/2007","452.650","452.000","454.690","451.000","","-0.37%"
"10/30/2007","454.320","454.000","455.830","453.000","","-0.04%"
"10/29/2007","454.500","453.000","455.860","452.000","","-0.24%"
"10/26/2007","455.580","456.000","456.970","454.000","","-0.48%"
"10/25/2007","457.770","458.000","458.640","456.000","","-0.41%"
"10/24/2007","459.640","459.000","461.630","458.000","","-0.01%"
"10/23/2007","459.670","460.000","461.500","458.000","","-0.55%"
"10/22/2007","462.200","456.000","464.130","455.690","","0.80%"
"10/19/2007","458.510","456.000","460.120","456.000","","-0.06%"
"10/18/2007","458.800","459.000","460.180","457.000","","-0.58%"
"10/17/2007","461.480","460.000","462.770","459.000","","-0.30%"
"10/16/2007","462.850","460.000","463.540","459.000","","0.28%"
"10/15/2007","461.580","460.000","462.310","459.000","","-0.23%"
"10/12/2007","462.650","460.000","463.010","459.820","","0.16%"
"10/11/2007","461.900","460.000","463.250","459.000","","-0.36%"
"10/10/2007","463.570","463.000","464.160","461.000","","-0.28%"
"10/09/2007","464.850","466.000","467.710","461.090","","-0.45%"
"10/08/2007","466.970","463.000","467.110","463.000","","0.68%"
"10/05/2007","463.830","463.000","465.500","461.000","","-0.01%"
"10/04/2007","463.870","464.000","465.580","462.000","","-0.32%"
"10/03/2007","465.380","460.000","465.550","460.000","","0.45%"
"10/02/2007","463.310","460.000","463.470","460.000","","0.56%"
"10/01/2007","460.740","458.000","461.250","456.820","","0.23%"
"09/28/2007","459.670","461.000","463.550","458.980","","-0.76%"
"09/27/2007","463.180","461.000","463.830","461.000","","-0.21%"
"09/26/2007","464.160","463.000","464.590","462.000","","0.09%"
"09/25/2007","463.730","465.000","465.500","462.000","","-0.40%"
"09/24/2007","465.580","463.000","465.780","462.000","","0.04%"
"09/21/2007","465.380","464.000","467.690","463.000","","-0.16%"
"09/20/2007","466.140","468.980","469.580","464.000","","-0.77%"
"09/19/2007","469.780","468.000","470.320","468.000","","0.21%"
"09/18/2007","468.810","472.510","473.600","468.310","","-0.86%"
"09/17/2007","472.870","471.000","473.210","470.000","","0.05%"
"09/14/2007","472.630","470.000","473.600","469.230","","0.09%"
"09/13/2007","472.190","471.040","472.770","469.000","","0.13%"
"09/12/2007","471.580","471.000","472.770","470.000","","-0.47%"
"09/11/2007","473.830","473.000","475.140","472.000","","-0.29%"
"09/10/2007","475.230","473.380","476.060","473.000","","-0.23%"
"09/07/2007","476.310","478.000","479.650","473.000","","-0.54%"
"09/06/2007","478.880","479.000","483.530","477.000","","-0.35%"
"09/05/2007","480.570","481.000","482.970","479.000","","-0.28%"
"09/04/2007","481.910","481.000","484.070","480.000","","0.01%"
"09/03/2007","481.870","478.000","481.870","478.000","","0.13%"
"08/31/2007","481.240","478.000","481.240","477.000","","0.01%"
"08/30/2007","481.200","479.000","482.300","478.000","","0.36%"
"08/29/2007","479.480","481.000","482.110","478.000","","-0.40%"
"08/28/2007","481.400","480.000","482.980","478.000","","0.20%"
"08/27/2007","480.430","478.000","480.810","476.590","","0.21%"
"08/24/2007","479.410","481.000","483.630","478.910","","-0.83%"
"08/23/2007","483.400","482.000","483.940","481.000","","-0.16%"
"08/22/2007","484.190","484.000","486.670","482.000","","-0.58%"
"08/21/2007","487.030","484.000","487.070","483.000","","0.10%"
"08/20/2007","486.560","485.000","487.100","483.690","","-0.01%"
"08/17/2007","486.630","487.840","489.650","484.000","","-0.39%"
"08/16/2007","488.550","487.000","489.720","486.000","","0.16%"
"08/15/2007","487.750","484.000","487.750","484.000","","0.94%"
"08/14/2007","483.220","481.000","483.220","480.000","","0.28%"
"08/13/2007","481.870","478.000","482.010","478.000","","0.62%"
"08/10/2007","478.920","478.000","480.530","477.000","","0.06%"
"08/09/2007","478.640","474.000","478.670","473.000","","0.72%"
"08/08/2007","475.230","476.000","476.500","473.000","","-0.45%"
"08/07/2007","477.380","474.000","477.380","473.000","","0.41%"
"08/06/2007","475.440","473.000","475.850","472.000","","-0.13%"
"08/03/2007","476.060","478.380","479.610","474.000","","-0.52%"
"08/02/2007","478.530","479.150","480.320","477.000","","-0.28%"
"08/01/2007","479.860","478.940","480.570","477.000","","0.06%"
"07/31/2007","479.580","477.000","479.580","476.000","","0.17%"
"07/30/2007","478.780","478.000","480.710","477.000","","-0.44%"
"07/27/2007","480.880","477.000","481.100","477.000","","0.77%"
"07/26/2007","477.210","476.000","478.950","475.980","","-0.27%"
"07/25/2007","478.500","474.000","478.550","474.000","","0.87%"
"07/24/2007","474.370","474.320","474.820","472.000","","-0.12%"
"07/23/2007","474.920","473.000","475.300","471.360","","0.15%"
"07/20/2007","474.200","474.000","474.860","472.000","","-0.18%"
"07/19/2007","475.060","474.000","475.270","472.000","","0.01%"
"07/18/2007","474.990","473.000","476.510","473.000","","-0.17%"
"07/17/2007","475.820","475.000","476.270","474.000","","-0.06%"
"07/16/2007","476.100","475.000","476.100","472.860","","0.07%"
"07/13/2007","475.790","475.000","475.960","473.000","","0.04%"
"07/12/2007","475.610","474.000","476.480","473.000","","-0.30%"
"07/11/2007","477.030","476.080","477.170","474.000","","0.01%"
"07/10/2007","477.000","479.000","480.500","476.500","","-0.88%"
"07/09/2007","481.240","480.000","481.520","478.250","","0.01%"
"07/06/2007","481.200","480.000","482.940","478.850","","-0.23%"
"07/05/2007","482.300","479.000","482.900","478.000","","0.17%"
"07/04/2007","481.500","479.000","481.500","479.000","","-0.06%"
"07/03/2007","481.770","480.000","482.820","479.000","","0.10%"
"07/02/2007","481.310","482.000","483.530","479.000","","-0.60%"
"06/29/2007","484.220","487.150","487.650","483.000","","-0.70%"
"06/28/2007","487.610","487.000","488.300","485.000","","0.03%"
"06/27/2007","487.460","486.000","488.350","486.000","","0.02%"
"06/26/2007","487.360","485.000","487.550","485.000","","0.05%"
"06/25/2007","487.100","485.000","487.720","485.000","","0.05%"
"06/22/2007","486.850","487.000","488.560","485.000","","-0.60%"
"06/21/2007","489.800","488.000","490.390","487.000","","0.12%"
"06/20/2007","489.210","486.000","489.500","486.000","","0.17%"
"06/19/2007","488.370","486.000","490.750","486.000","","-0.08%"
"06/18/2007","488.770","488.000","489.500","487.000","","-0.21%"
"06/15/2007","489.800","490.000","492.560","489.000","","-0.58%"
"06/14/2007","492.670","492.000","493.700","491.000","","-0.01%"
"06/13/2007","492.700","491.000","494.120","491.000","","-0.05%"
"06/12/2007","492.960","490.000","492.960","489.000","","0.50%"
"06/11/2007","490.500","490.000","491.500","489.000","","0.00%"
"06/08/2007","490.490","488.000","490.640","487.000","","0.49%"
"06/07/2007","488.120","485.000","488.440","485.000","","0.51%"
"06/06/2007","485.620","484.000","486.090","483.000","","0.16%"
"06/05/2007","484.830","483.000","485.850","482.000","","-0.26%"
"06/04/2007","486.090","486.000","487.660","484.000","","-0.30%"
"06/01/2007","487.570","487.580","489.430","485.040","","0.03%"
"05/31/2007","487.430","486.000","487.900","485.000","","-0.18%"
"05/30/2007","488.300","486.000","488.880","486.000","","0.15%"
"05/29/2007","487.570","485.000","487.680","483.000","","0.04%"
"05/28/2007","487.390","485.000","487.460","485.000","","-0.10%"
"05/25/2007","487.860","487.760","488.410","484.900","","-0.09%"
"05/24/2007","488.300","486.710","488.590","485.000","","0.23%"
"05/23/2007","487.170","487.070","487.570","484.000","","-0.08%"
"05/22/2007","487.570","485.000","487.790","485.000","","0.13%"
"05/21/2007","486.920","483.000","487.900","482.480","","0.30%"
"05/18/2007","485.480","485.000","486.670","482.410","","-0.10%"
"05/17/2007","485.980","482.000","486.930","482.000","","0.19%"
"05/16/2007","485.080","481.000","485.410","480.000","","0.56%"
"05/15/2007","482.370","483.000","484.960","480.000","","-0.35%"
"05/14/2007","484.080","482.000","484.610","481.890","","-0.15%"
"05/11/2007","484.830","485.000","486.930","482.110","","-0.30%"
"05/10/2007","486.310","484.220","486.740","483.900","","0.33%"
"05/09/2007","484.720","483.650","485.140","483.120","","0.12%"
"05/08/2007","484.150","481.590","484.980","481.590","","0.43%"
"05/07/2007","482.090","482.050","482.550","479.530","","-0.08%"
"05/04/2007","482.480","483.440","483.940","481.550","","-0.30%"
"05/03/2007","483.940","481.980","483.940","481.200","","0.30%"
"05/02/2007","482.480","481.660","483.150","480.550","","0.07%"
"05/01/2007","482.160","479.890","482.410","479.150","","0.37%"
"04/30/2007","480.390","479.890","481.910","477.390","","0.00%"
"04/27/2007","480.390","481.440","481.940","479.150","","-0.32%"
"04/26/2007","481.940","480.380","482.580","480.380","","0.22%"
"04/25/2007","480.880","480.240","481.020","479.640","","0.03%"
"04/24/2007","480.740","482.470","483.350","480.140","","-0.46%"
"04/23/2007","482.970","482.120","483.870","482.120","","0.07%"
"04/20/2007","482.620","481.270","482.620","481.270","","0.18%"
"04/19/2007","481.770","481.870","482.580","481.230","","-0.01%"
"04/18/2007","481.800","481.690","483.290","481.300","","-0.32%"
"04/17/2007","483.370","483.580","484.080","481.980","","-0.24%"
"04/16/2007","484.510","483.440","484.620","481.770","","-0.02%"
"04/13/2007","484.620","483.580","487.090","483.580","","-0.34%"
"04/12/2007","486.270","486.460","487.320","485.300","","-0.42%"
"04/11/2007","488.300","488.240","488.850","487.470","","0.07%"
"04/10/2007","487.970","488.240","488.810","487.110","","-0.62%"
"04/09/2007","491.010","489.920","491.450","489.740","","-0.64%"
"04/06/2007","494.180","488.130","494.980","487.060","","1.20%"
"04/05/2007","488.300","489.770","491.210","487.440","","-0.45%"
"04/04/2007","490.490","490.840","491.340","489.740","","-0.29%"
"04/03/2007","491.930","490.140","492.080","489.810","","0.30%"
"04/02/2007","490.460","490.400","490.900","489.700","","-0.12%"
"03/30/2007","491.040","492.170","493.450","489.260","","-0.17%"
"03/29/2007","491.890","491.950","492.700","490.690","","-0.13%"
"03/28/2007","492.520","490.690","492.590","490.140","","0.39%"
"03/27/2007","490.600","490.730","491.890","490.100","","-0.28%"
"03/26/2007","491.960","493.580","494.410","491.060","","-0.30%"
"03/23/2007","493.450","491.870","493.670","487.660","","0.32%"
"03/22/2007","491.890","490.360","492.450","489.960","","0.40%"
"03/21/2007","489.910","492.610","493.330","489.260","","-0.49%"
"03/20/2007","492.330","493.170","493.670","491.800","","-0.15%"
"03/19/2007","493.070","492.910","493.590","489.390","","0.09%"
"03/16/2007","492.630","491.500","495.790","491.210","","-0.56%"
"03/15/2007","495.390","495.640","496.320","494.510","","-0.10%"
"03/14/2007","495.870","496.920","497.570","494.660","","-0.21%"
"03/13/2007","496.890","496.800","497.380","495.560","","-0.04%"
"03/12/2007","497.080","497.180","499.660","496.580","","-0.61%"
"03/09/2007","500.110","498.890","500.840","497.820","","0.14%"
"03/08/2007","499.420","497.100","499.770","497.100","","0.37%"
"03/07/2007","497.600","499.040","499.540","496.950","","-0.40%"
"03/06/2007","499.580","500.450","501.300","499.080","","-0.27%"
"03/05/2007","500.910","500.570","501.410","499.650","","0.78%"
"03/02/2007","497.040","496.800","498.290","496.350","","-0.06%"
"03/01/2007","497.340","495.410","498.290","495.150","","0.36%"
"02/28/2007","495.540","494.700","496.850","494.700","","0.05%"
"02/27/2007","495.310","495.820","496.320","494.210","","-0.42%"
"02/26/2007","497.380","497.860","498.470","494.990","","-0.13%"
"02/23/2007","498.020","499.150","500.190","496.900","","-0.33%"
"02/22/2007","499.650","498.580","500.720","498.540","","0.11%"
"02/21/2007","499.080","499.110","500.000","498.240","","-0.01%"
"02/20/2007","499.120","498.580","499.390","498.090","","0.10%"
"02/19/2007","498.630","498.660","499.310","497.970","","-0.10%"
"02/16/2007","499.120","498.390","500.420","498.390","","0.05%"
"02/15/2007","498.890","498.920","499.460","497.560","","-0.12%"
"02/14/2007","499.500","501.500","502.000","498.320","","-0.69%"
"02/13/2007","502.990","505.360","505.860","502.330","","-0.58%"
"02/12/2007","505.900","505.870","506.640","505.240","","0.33%"
"02/09/2007","504.230","502.370","505.000","501.000","","0.27%"
"02/08/2007","502.870","503.650","504.150","502.370","","-0.15%"
"02/07/2007","503.610","504.540","505.470","503.110","","-0.31%"
"02/06/2007","505.200","506.690","507.190","504.470","","-0.39%"
"02/05/2007","507.190","502.830","507.820","502.830","","0.29%"
"02/02/2007","505.710","503.070","506.330","500.540","","0.42%"
"02/01/2007","503.610","504.000","504.500","502.030","","0.10%"
"01/31/2007","503.100","505.210","507.420","502.600","","-0.53%"
"01/30/2007","505.780","505.600","508.010","504.820","","-0.09%"
"01/29/2007","506.250","507.050","508.020","504.560","","-0.27%"
"01/26/2007","507.620","506.570","508.610","502.700","","0.11%"
"01/25/2007","507.070","505.050","507.510","504.350","","0.26%"
"01/24/2007","505.780","502.910","506.370","502.910","","0.46%"
"01/23/2007","503.450","505.990","506.840","502.330","","-0.53%"
"01/22/2007","506.140","503.000","507.190","503.000","","0.09%"
"01/19/2007","505.710","505.400","507.660","503.540","","-0.05%"
"01/18/2007","505.980","506.810","508.010","505.210","","-0.15%"
"01/17/2007","506.760","507.900","508.400","505.910","","-0.09%"
"01/16/2007","507.230","505.750","507.900","505.010","","0.03%"
"01/15/2007","507.070","506.220","507.150","504.310","","-0.12%"
"01/12/2007","507.700","508.220","509.480","506.260","","-0.16%"
"01/11/2007","508.530","505.550","508.890","504.230","","0.35%"
"01/10/2007","506.760","504.770","507.070","504.120","","0.45%"
"01/09/2007","504.500","502.950","504.890","502.880","","0.16%"
"01/08/2007","503.680","504.190","505.040","496.250","","-0.12%"
"01/05/2007","504.270","500.680","504.810","496.320","","0.60%"
"01/04/2007","501.260","497.440","501.330","494.130","","0.61%"
"01/03/2007","498.210","493.470","498.660","493.470","","0.87%"
"01/02/2007","493.930","493.760","494.260","492.910","","-0.63%"
"01/01/2007","497.080","496.580","497.080","496.580","","0.00%"
"12/29/2006","497.080","498.160","498.660","496.200","","-0.34%"
"12/28/2006","498.780","499.530","500.030","496.500","","-0.18%"
"12/27/2006","499.690","500.180","500.680","498.920","","-0.15%"
"12/26/2006","500.450","498.700","500.800","498.540","","0.19%"
"12/25/2006","499.500","499.000","499.500","499.000","","0.00%"
"12/22/2006","499.500","497.330","500.030","496.050","","0.32%"
"12/21/2006","497.910","497.480","498.970","497.100","","0.02%"
"12/20/2006","497.830","495.970","498.210","495.640","","0.16%"
"12/19/2006","497.040","500.180","500.680","495.750","","-0.71%"
"12/18/2006","500.570","498.270","502.260","498.270","","-0.13%"
"12/15/2006","501.220","498.430","501.870","493.880","","0.49%"
"12/14/2006","498.780","495.790","498.930","495.790","","0.53%"
"12/13/2006","496.170","493.280","496.960","493.090","","0.48%"
"12/12/2006","493.780","494.920","495.760","493.020","","-0.33%"
"12/11/2006","495.420","495.930","497.190","493.660","","-0.26%"
"12/08/2006","496.700","492.950","496.850","490.390","","0.64%"
"12/07/2006","493.520","493.210","493.860","492.460","","0.04%"
"12/06/2006","493.330","491.830","494.380","491.830","","0.23%"
"12/05/2006","492.190","491.130","493.190","490.540","","0.02%"
"12/04/2006","492.110","488.630","493.220","488.630","","0.08%"
"12/01/2006","491.740","494.740","497.050","491.020","","-0.69%"
"11/30/2006","495.160","495.940","497.080","493.840","","-0.70%"
"11/29/2006","498.660","497.970","499.160","497.290","","0.39%"
"11/28/2006","496.700","498.810","499.310","496.010","","-0.53%"
"11/27/2006","499.350","499.950","500.450","497.670","","-0.29%"
"11/24/2006","500.800","505.920","506.420","499.920","","-1.22%"
"11/23/2006","507.000","506.500","507.000","506.500","","0.00%"
"11/22/2006","507.000","508.390","508.930","505.600","","-0.69%"
"11/21/2006","510.510","511.170","512.230","509.850","","-0.25%"
"11/20/2006","511.790","508.080","511.990","508.080","","0.09%"
"11/17/2006","511.350","512.050","514.170","508.700","","-0.23%"
"11/16/2006","512.550","511.530","512.750","510.850","","0.25%"
"11/15/2006","511.270","512.290","513.190","510.730","","-0.07%"
"11/14/2006","511.630","511.390","512.270","509.220","","-0.09%"
"11/13/2006","512.110","511.060","512.350","507.540","","0.31%"
"11/10/2006","510.550","510.690","512.970","508.780","","-0.14%"
"11/09/2006","511.270","513.070","513.710","510.130","","-0.53%"
"11/08/2006","513.990","512.870","514.160","512.330","","0.10%"
"11/07/2006","513.470","514.270","514.770","511.370","","-0.37%"
"11/06/2006","515.370","514.880","517.000","512.520","","-0.05%"
"11/03/2006","515.650","512.610","516.750","512.610","","0.46%"
"11/02/2006","513.270","513.170","514.770","512.490","","-0.17%"
"11/01/2006","514.160","513.290","514.770","512.370","","0.08%"
"10/31/2006","513.750","514.870","517.000","512.610","","-0.26%"
"10/30/2006","515.080","514.500","516.220","511.550","","0.05%"
"10/27/2006","514.800","515.470","517.080","513.980","","-0.35%"
"10/26/2006","516.630","517.760","521.510","515.880","","-0.87%"
"10/25/2006","521.150","520.730","521.600","520.110","","-0.18%"
"10/24/2006","522.100","522.430","523.140","520.940","","-0.08%"
"10/23/2006","522.520","522.470","522.970","516.530","","0.49%"
"10/20/2006","519.950","521.310","521.810","518.710","","0.11%"
"10/19/2006","519.370","521.840","522.340","518.340","","-0.75%"
"10/18/2006","523.310","523.090","524.360","522.180","","0.10%"
"10/17/2006","522.770","522.890","523.890","521.390","","-0.10%"
"10/16/2006","523.310","520.880","524.850","520.880","","-0.17%"
"10/13/2006","524.190","522.670","525.150","520.090","","0.35%"
"10/12/2006","522.350","523.090","523.600","521.730","","-0.33%"
"10/11/2006","524.060","522.060","524.310","521.810","","0.18%"
"10/10/2006","523.100","522.560","523.560","522.390","","0.51%"
"10/09/2006","520.440","517.230","520.730","517.230","","0.00%"
"10/06/2006","520.440","515.620","521.350","513.250","","0.75%"
"10/05/2006","516.590","516.170","516.790","516.050","","0.17%"
"10/04/2006","515.730","516.860","517.480","515.190","","0.13%"
"10/03/2006","515.080","514.180","515.490","514.140","","0.06%"
"10/02/2006","514.760","516.250","520.870","513.570","","-0.51%"
"09/29/2006","517.400","515.300","518.710","512.940","","0.22%"
"09/28/2006","516.260","515.480","517.080","515.350","","-0.02%"
"09/27/2006","516.340","516.170","517.280","515.480","","-0.13%"
"09/26/2006","516.990","516.090","517.730","515.880","","0.49%"
"09/25/2006","514.480","512.970","515.080","509.830","","0.51%"
"09/22/2006","511.870","512.280","515.130","511.130","","-0.23%"
"09/21/2006","513.070","514.830","515.770","511.970","","-0.74%"
"09/20/2006","516.910","516.780","517.360","515.070","","-0.01%"
"09/19/2006","516.950","517.310","518.300","515.350","","0.16%"
"09/18/2006","516.140","517.350","517.850","514.740","","-0.29%"
"09/15/2006","517.650","515.470","519.120","513.100","","0.42%"
"09/14/2006","515.490","514.870","516.380","513.860","","-0.25%"
"09/13/2006","516.790","516.450","517.440","515.310","","-0.02%"
"09/12/2006","516.910","515.310","517.320","514.870","","0.13%"
"09/11/2006","516.260","515.070","517.110","514.250","","-0.23%"
"09/08/2006","517.440","515.230","517.970","515.150","","0.43%"
"09/07/2006","515.250","514.300","515.980","513.610","","0.62%"
"09/06/2006","512.070","511.650","513.350","511.210","","0.09%"
"09/05/2006","511.590","510.690","512.270","510.610","","0.68%"
"09/04/2006","508.130","509.340","510.460","507.750","","-0.61%"
"09/01/2006","511.270","510.970","513.790","508.120","","-0.09%"
"08/31/2006","511.710","510.080","512.710","508.740","","0.14%"
"08/30/2006","510.990","511.170","511.750","510.090","","-0.09%"
"08/29/2006","511.430","512.070","514.200","510.410","","-0.31%"
"08/28/2006","513.030","511.060","513.910","511.060","","-0.23%"
"08/25/2006","514.200","513.670","515.080","509.820","","0.09%"
"08/24/2006","513.750","511.070","514.240","510.450","","0.17%"
"08/23/2006","512.870","510.970","513.030","510.170","","0.10%"
"08/22/2006","512.350","510.670","512.830","509.970","","0.72%"
"08/21/2006","508.690","508.200","511.500","506.610","","-0.50%"
"08/18/2006","511.230","510.770","512.830","507.210","","0.00%"
"08/17/2006","511.230","509.100","511.670","508.500","","0.11%"
"08/16/2006","510.670","512.610","513.110","509.340","","-0.43%"
"08/15/2006","512.870","515.480","515.980","511.970","","-0.60%"
"08/14/2006","515.940","512.410","515.940","512.410","","0.08%"
"08/11/2006","515.530","512.890","515.530","507.540","","0.57%"
"08/10/2006","512.630","509.300","514.200","509.180","","0.54%"
"08/09/2006","509.880","508.310","510.070","508.070","","-0.19%"
"08/08/2006","510.830","510.130","511.750","509.140","","0.03%"
"08/07/2006","510.670","508.560","514.370","506.230","","0.27%"
"08/04/2006","509.280","512.130","512.870","507.520","","-0.55%"
"08/03/2006","512.110","512.770","513.350","510.730","","-0.16%"
"08/02/2006","512.950","511.730","513.230","511.250","","0.34%"
"08/01/2006","511.190","513.130","515.000","510.690","","-0.43%"
"07/31/2006","513.390","513.610","514.520","511.000","","-0.09%"
"07/28/2006","513.870","517.230","517.890","512.390","","-0.54%"
"07/27/2006","516.670","514.880","517.120","513.130","","0.17%"
"07/26/2006","515.810","520.600","521.150","515.310","","-1.06%"
"07/25/2006","521.350","518.750","521.850","517.640","","1.04%"
"07/24/2006","515.960","519.980","520.020","513.550","","-0.13%"
"07/21/2006","516.630","516.780","519.640","516.130","","-0.47%"
"07/20/2006","519.080","518.460","519.580","517.880","","-0.25%"
"07/19/2006","520.400","524.530","525.950","519.780","","-0.79%"
"07/18/2006","524.520","523.090","525.240","521.930","","0.12%"
"07/17/2006","523.890","517.600","523.890","517.600","","1.07%"
"07/14/2006","518.340","516.900","519.290","516.620","","0.28%"
"07/13/2006","516.870","517.070","517.570","515.070","","0.12%"
"07/12/2006","516.260","515.070","517.120","514.580","","0.57%"
"07/11/2006","513.310","513.740","515.490","512.810","","-0.33%"
"07/10/2006","515.000","508.740","515.370","508.740","","0.60%"
"07/07/2006","511.950","513.460","514.520","509.420","","-0.23%"
"07/06/2006","513.150","514.220","515.120","512.650","","-0.46%"
"07/05/2006","515.530","513.860","516.140","513.570","","0.67%"
"07/04/2006","512.110","511.610","512.110","511.610","","0.00%"
"07/03/2006","512.110","509.540","513.190","509.540","","-0.09%"
"06/30/2006","512.590","515.480","516.020","512.090","","-1.06%"
"06/29/2006","518.060","523.100","523.600","517.560","","-0.81%"
"06/28/2006","522.270","521.230","523.890","521.140","","0.18%"
"06/27/2006","521.310","520.980","522.140","519.740","","0.02%"
"06/26/2006","521.190","521.600","524.010","519.900","","-0.53%"
"06/23/2006","523.980","516.270","525.360","516.270","","0.49%"
"06/22/2006","521.440","521.010","522.180","520.190","","0.67%"
"06/21/2006","517.970","519.360","519.860","516.820","","-0.63%"
"06/20/2006","521.230","521.840","522.340","519.410","","-0.02%"
"06/19/2006","521.350","517.810","522.350","515.440","","0.47%"
"06/16/2006","518.920","517.800","519.750","516.870","","-0.14%"
"06/15/2006","519.660","520.270","520.940","517.970","","-0.17%"
"06/14/2006","520.520","521.180","523.020","518.460","","-0.52%"
"06/13/2006","523.230","520.730","523.350","519.320","","0.35%"
"06/12/2006","521.390","515.800","521.510","515.800","","0.48%"
"06/09/2006","518.880","517.520","520.240","516.580","","0.09%"
"06/08/2006","518.430","513.910","519.290","513.910","","1.08%"
"06/07/2006","512.910","511.970","513.750","511.330","","0.37%"
"06/06/2006","511.030","509.480","511.830","508.940","","0.98%"
"06/05/2006","506.060","506.260","507.040","505.360","","-0.27%"
"06/02/2006","507.430","511.090","512.760","506.420","","-0.92%"
"06/01/2006","512.150","513.860","515.290","511.130","","0.02%"
"05/31/2006","512.030","509.380","512.030","508.860","","0.49%"
"05/30/2006","509.520","509.490","511.710","507.640","","-0.86%"
"05/29/2006","513.960","511.740","514.600","511.740","","-0.23%"
"05/26/2006","515.170","511.130","515.850","510.540","","0.52%"
"05/25/2006","512.510","513.090","513.950","511.370","","-0.33%"
"05/24/2006","514.200","510.070","515.040","508.230","","0.61%"
"05/23/2006","511.070","509.890","511.630","508.860","","0.27%"
"05/22/2006","509.680","513.870","514.370","508.780","","-0.71%"
"05/19/2006","513.350","510.310","516.140","510.310","","0.58%"
"05/18/2006","510.390","513.170","513.790","509.850","","-0.79%"
"05/17/2006","514.480","508.070","516.180","507.200","","0.89%"
"05/16/2006","509.950","511.670","512.170","509.300","","-0.55%"
"05/15/2006","512.750","511.410","513.070","504.180","","1.01%"
"05/12/2006","507.620","512.860","513.540","506.890","","-0.63%"
"05/11/2006","510.830","515.190","517.500","509.300","","-0.44%"
"05/10/2006","513.070","512.570","513.310","511.170","","-0.15%"
"05/09/2006","513.830","515.880","517.770","512.890","","-0.42%"
"05/08/2006","515.980","512.150","516.340","512.150","","0.15%"
"05/05/2006","515.210","518.350","518.850","513.490","","-0.27%"
"05/04/2006","516.590","519.940","520.900","514.910","","-0.52%"
"05/03/2006","519.290","519.360","520.810","517.110","","-0.15%"
"05/02/2006","520.070","518.990","520.150","517.680","","-0.17%"
"05/01/2006","520.980","519.360","522.310","517.110","","0.37%"
"04/28/2006","519.040","523.010","525.910","518.540","","-0.78%"
"04/27/2006","523.100","527.500","528.410","522.140","","-0.69%"
"04/26/2006","526.760","527.740","529.180","525.500","","-0.15%"
"04/25/2006","527.560","528.680","529.820","526.680","","-0.27%"
"04/24/2006","529.010","530.460","531.280","527.830","","-0.47%"
"04/21/2006","531.500","528.150","532.750","528.150","","-0.20%"
"04/20/2006","532.580","531.560","533.580","530.740","","0.55%"
"04/19/2006","529.690","530.960","533.620","528.640","","-0.45%"
"04/18/2006","532.100","534.560","535.060","530.000","","-0.59%"
"04/17/2006","535.280","537.370","538.130","533.340","","-1.17%"
"04/14/2006","541.600","541.280","542.050","540.790","","0.02%"
"04/13/2006","541.470","541.590","543.260","540.790","","-0.02%"
"04/12/2006","541.560","539.400","543.500","539.400","","0.34%"
"04/11/2006","539.730","540.790","542.500","539.140","","-0.33%"
"04/10/2006","541.510","538.980","542.950","538.980","","-0.12%"
"04/07/2006","542.180","537.990","542.230","533.720","","1.11%"
"04/06/2006","536.240","532.170","537.430","531.950","","0.47%"
"04/05/2006","533.710","534.380","535.010","532.510","","-0.24%"
"04/04/2006","535.010","539.620","540.120","533.860","","-0.98%"
"04/03/2006","540.310","543.690","544.190","532.480","","-0.16%"
"03/31/2006","541.150","538.650","542.540","538.650","","0.42%"
"03/30/2006","538.880","544.750","545.250","538.380","","-1.15%"
"03/29/2006","545.160","546.160","546.770","543.980","","-0.18%"
"03/28/2006","546.160","541.950","546.160","541.460","","0.06%"
"03/27/2006","545.840","545.500","546.290","536.110","","0.19%"
"03/24/2006","544.800","535.430","548.170","535.430","","-0.53%"
"03/23/2006","547.710","543.210","548.490","542.990","","0.88%"
"03/22/2006","542.950","541.860","543.510","541.230","","0.08%"
"03/21/2006","542.500","538.470","542.860","538.470","","0.66%"
"03/20/2006","538.930","534.690","539.680","529.380","","0.19%"
"03/17/2006","537.910","538.210","542.290","533.590","","-0.13%"
"03/16/2006","538.620","542.810","543.530","537.540","","-0.85%"
"03/15/2006","543.260","545.480","546.020","542.630","","-0.45%"
"03/14/2006","545.700","548.920","549.420","544.930","","-0.47%"
"03/13/2006","548.300","550.390","550.890","541.910","","-0.38%"
"03/10/2006","550.380","550.150","552.740","540.850","","-0.03%"
"03/09/2006","550.560","549.280","550.840","548.950","","0.17%"
"03/08/2006","549.640","551.270","551.770","549.140","","-0.39%"
"03/07/2006","551.770","545.200","552.370","545.200","","1.11%"
"03/06/2006","545.700","535.550","548.720","535.550","","0.17%"
"03/03/2006","544.750","544.300","548.860","540.060","","0.04%"
"03/02/2006","544.520","549.380","550.050","544.020","","-1.09%"
"03/01/2006","550.520","549.550","551.070","547.530","","0.07%"
"02/28/2006","550.150","553.040","553.540","542.500","","-0.62%"
"02/27/2006","553.580","551.240","553.720","543.280","","0.22%"
"02/24/2006","552.370","549.460","553.460","541.120","","0.40%"
"02/23/2006","550.150","548.000","551.470","547.620","","-0.07%"
"02/22/2006","550.560","550.110","552.650","549.690","","0.01%"
"02/21/2006","550.520","548.860","551.470","545.000","","0.20%"
"02/20/2006","549.410","548.910","550.450","540.890","","-0.04%"
"02/17/2006","549.640","548.800","553.350","542.980","","-0.29%"
"02/16/2006","551.260","550.990","553.500","550.760","","-0.07%"
"02/15/2006","551.630","550.150","552.320","548.000","","0.23%"
"02/14/2006","550.380","550.520","552.510","549.780","","-0.09%"
"02/13/2006","550.890","541.970","552.420","541.970","","-0.02%"
"02/10/2006","551.020","546.840","551.260","538.870","","0.69%"
"02/09/2006","547.250","547.620","548.670","546.750","","-0.27%"
"02/08/2006","548.720","546.930","550.050","546.930","","0.21%"
"02/07/2006","547.570","548.000","548.670","546.570","","-0.10%"
"02/06/2006","548.120","536.530","548.900","536.530","","0.50%"
"02/03/2006","545.390","541.860","547.570","534.540","","0.61%"
"02/02/2006","542.090","543.080","544.070","541.320","","-0.31%"
"02/01/2006","543.800","538.920","543.890","538.920","","0.80%"
"01/31/2006","539.460","541.860","542.360","537.810","","-0.55%"
"01/30/2006","542.450","542.000","543.260","533.330","","0.13%"
"01/27/2006","541.730","536.880","542.270","533.060","","0.88%"
"01/26/2006","536.990","535.080","537.210","534.380","","0.29%"
"01/25/2006","535.450","533.470","535.840","532.430","","0.28%"
"01/24/2006","533.970","532.380","534.970","532.380","","0.24%"
"01/23/2006","532.710","537.100","540.070","531.770","","-1.41%"
"01/20/2006","540.350","541.590","543.350","533.330","","-0.30%"
"01/19/2006","542.000","542.400","543.800","540.650","","0.05%"
"01/18/2006","541.730","541.230","542.990","539.000","","0.00%"
"01/17/2006","541.730","542.090","544.120","541.230","","-0.56%"
"01/16/2006","544.770","531.390","544.770","539.390","","0.81%"
"01/13/2006","540.390","543.260","544.750","538.250","","-0.84%"
"01/12/2006","544.980","540.430","545.930","539.810","","0.75%"
"01/11/2006","540.930","542.990","543.490","539.720","","-0.45%"
"01/10/2006","543.400","542.180","544.660","542.180","","0.15%"
"01/09/2006","542.590","542.350","543.040","531.010","","0.72%"
"01/06/2006","538.730","541.190","542.380","533.040","","-0.57%"
"01/05/2006","541.820","540.520","543.270","540.450","","0.20%"
"01/04/2006","540.750","545.340","545.840","539.720","","-0.96%"
"01/03/2006","545.980","545.000","552.510","544.610","","-1.42%"
"01/02/2006","553.820","553.320","553.820","553.320","","0.03%"
"12/30/2005","553.680","553.180","556.690","543.320","","-0.01%"
"12/29/2005","553.720","553.600","554.520","552.040","","-0.07%"
"12/28/2005","554.100","553.930","555.180","549.020","","-0.07%"
"12/27/2005","554.470","552.380","554.470","543.480","","0.31%"
"12/26/2005","552.740","552.240","552.740","552.240","","0.00%"
"12/23/2005","552.740","553.270","554.100","551.730","","0.03%"
"12/22/2005","552.560","553.970","555.130","551.080","","-0.29%"
"12/21/2005","554.190","551.920","555.740","551.780","","0.29%"
"12/20/2005","552.560","545.660","553.720","545.660","","1.13%"
"12/19/2005","546.390","542.560","547.570","537.560","","0.10%"
"12/16/2005","545.840","546.610","548.030","545.110","","-0.32%"
"12/15/2005","547.570","545.930","549.270","545.430","","0.22%"
"12/14/2005","546.390","548.590","549.090","543.390","","-0.56%"
"12/13/2005","549.450","548.080","550.100","547.120","","0.13%"
"12/12/2005","548.720","551.740","554.770","547.030","","-1.18%"
"12/09/2005","555.270","554.640","557.700","548.760","","0.15%"
"12/08/2005","554.430","558.940","559.490","553.130","","-0.90%"
"12/07/2005","559.490","556.050","560.490","555.900","","0.59%"
"12/06/2005","556.210","555.760","557.820","554.160","","-0.06%"
"12/05/2005","556.550","550.680","559.270","550.680","","-0.58%"
"12/02/2005","559.780","558.320","561.700","558.290","","0.14%"
"12/01/2005","559.010","558.940","560.730","557.990","","0.48%"
"11/30/2005","556.360","556.420","557.630","555.200","","-0.03%"
"11/29/2005","556.500","553.040","558.200","552.760","","0.54%"
"11/28/2005","553.490","559.130","559.730","550.380","","-1.37%"
"11/25/2005","561.185","555.440","561.185","555.440","","1.13%"
"11/24/2005","554.940","554.440","554.940","554.440","","0.03%"
"11/23/2005","554.800","554.490","557.020","554.300","","-0.05%"
"11/22/2005","555.080","560.090","560.830","554.440","","-0.72%"
"11/21/2005","559.110","547.770","559.490","547.770","","0.35%"
"11/18/2005","557.160","554.570","561.840","548.700","","-0.12%"
"11/17/2005","557.820","561.580","562.130","557.040","","-0.72%"
"11/16/2005","561.840","559.040","562.760","559.040","","0.42%"
"11/15/2005","559.490","560.520","562.800","558.750","","-0.26%"
"11/14/2005","560.930","558.870","562.130","550.580","","0.28%"
"11/11/2005","559.390","560.760","561.310","551.990","","-0.32%"
"11/10/2005","561.210","556.940","561.360","555.000","","0.69%"
"11/09/2005","557.350","556.090","559.440","555.900","","0.14%"
"11/08/2005","556.550","558.180","558.680","555.530","","0.21%"
"11/07/2005","555.370","554.870","556.780","554.160","","0.11%"
"11/04/2005","554.760","540.110","555.370","540.110","","1.14%"
"11/03/2005","548.530","542.720","548.630","542.720","","0.94%"
"11/02/2005","543.400","546.340","546.930","542.450","","-0.45%"
"11/01/2005","545.880","546.390","547.210","545.020","","-0.22%"
"10/31/2005","547.070","544.660","547.800","534.870","","0.68%"
"10/28/2005","543.400","539.140","544.030","531.430","","0.60%"
"10/27/2005","540.170","540.210","540.880","538.430","","-0.59%"
"10/26/2005","543.400","542.720","543.980","541.640","","0.32%"
"10/25/2005","541.640","544.520","545.520","540.920","","-1.03%"
"10/24/2005","547.300","545.930","549.180","540.290","","-0.25%"
"10/21/2005","548.670","545.160","549.590","544.160","","0.58%"
"10/20/2005","545.520","547.760","548.670","545.020","","-0.43%"
"10/19/2005","547.890","548.260","549.320","547.390","","-0.09%"
"10/18/2005","548.400","548.860","550.100","547.580","","0.55%"
"10/17/2005","545.390","542.130","545.430","534.070","","0.43%"
"10/14/2005","543.080","536.030","546.890","542.680","","-0.42%"
"10/13/2005","545.390","547.070","550.280","544.430","","0.03%"
"10/12/2005","545.250","545.290","546.290","544.110","","-0.27%"
"10/11/2005","546.750","544.660","547.480","544.570","","0.52%"
"10/10/2005","543.940","542.310","544.610","532.570","","0.52%"
"10/07/2005","541.150","538.920","541.870","529.600","","0.51%"
"10/06/2005","538.400","543.300","544.210","537.150","","-1.70%"
"10/05/2005","547.710","548.170","549.590","546.710","","-0.46%"
"10/04/2005","550.240","549.050","550.470","548.680","","0.01%"
"10/03/2005","550.190","541.980","550.890","536.380","","0.91%"
"09/30/2005","545.250","543.530","546.290","542.090","","0.03%"
"09/29/2005","545.110","543.440","545.980","543.260","","0.07%"
"09/28/2005","544.750","544.750","546.570","544.020","","-0.21%"
"09/27/2005","545.880","545.380","547.250","544.890","","0.51%"
"09/26/2005","543.130","541.490","545.200","535.800","","-0.25%"
"09/23/2005","544.480","540.880","544.660","530.860","","0.91%"
"09/22/2005","539.550","535.780","540.170","535.740","","0.52%"
"09/21/2005","536.770","536.400","537.690","535.340","","-0.83%"
"09/20/2005","541.240","538.650","541.330","537.680","","0.20%"
"09/19/2005","540.170","539.980","540.800","527.130","","1.46%"
"09/16/2005","532.410","536.050","540.770","527.690","","-0.78%"
"09/15/2005","536.590","535.960","537.470","535.480","","0.56%"
"09/14/2005","533.620","533.340","534.270","531.650","","-0.20%"
"09/13/2005","534.710","533.730","535.190","533.080","","0.16%"
"09/12/2005","533.880","519.620","534.360","519.620","","1.05%"
"09/09/2005","528.330","528.550","529.310","526.510","","-0.11%"
"09/08/2005","528.930","527.910","529.520","526.380","","0.14%"
"09/07/2005","528.200","525.540","528.330","525.540","","0.43%"
"09/06/2005","525.950","525.200","526.040","523.690","","0.54%"
"09/05/2005","523.100","514.600","524.020","514.600","","0.00%"
"09/02/2005","523.100","516.500","524.880","516.500","","-0.36%"
"09/01/2005","524.990","528.810","529.520","523.900","","-1.16%"
"08/31/2005","531.150","536.530","537.290","530.220","","-1.01%"
"08/30/2005","536.590","537.680","538.570","535.870","","-0.36%"
"08/29/2005","538.530","525.160","538.530","525.160","","0.14%"
"08/26/2005","537.785","524.480","537.785","524.480","","0.97%"
"08/25/2005","532.620","532.860","534.530","531.910","","-0.32%"
"08/24/2005","534.320","536.750","537.340","533.680","","-0.34%"
"08/23/2005","536.150","535.130","537.560","535.130","","-0.04%"
"08/22/2005","536.370","530.380","538.980","530.380","","-0.52%"
"08/19/2005","539.190","537.760","540.310","537.450","","0.11%"
"08/18/2005","538.620","536.270","539.330","536.090","","0.75%"
"08/17/2005","534.620","532.900","534.790","532.340","","0.73%"
"08/16/2005","530.720","531.430","533.010","529.970","","0.10%"
"08/15/2005","530.210","526.150","531.070","518.240","","0.57%"
"08/12/2005","527.180","522.980","529.180","517.530","","0.26%"
"08/11/2005","525.790","527.740","528.670","525.200","","-0.80%"
"08/10/2005","530.040","529.070","531.540","528.250","","-0.02%"
"08/09/2005","530.170","529.790","531.800","529.450","","-0.09%"
"08/08/2005","530.640","537.000","537.500","522.310","","-0.02%"
"08/05/2005","530.720","529.280","532.410","521.090","","0.23%"
"08/04/2005","529.520","531.260","532.620","522.940","","-0.38%"
"08/03/2005","531.540","534.560","537.510","528.950","","-1.14%"
"08/02/2005","537.650","536.090","541.350","529.340","","-0.09%"
"08/01/2005","538.130","535.690","539.060","532.780","","-0.54%"
"07/29/2005","541.060","541.320","542.090","531.430","","0.14%"
"07/28/2005","540.310","542.400","542.900","534.250","","-0.52%"
"07/27/2005","543.130","544.930","547.570","536.830","","-0.50%"
"07/26/2005","545.840","546.660","547.160","534.470","","0.45%"
"07/25/2005","543.400","541.230","544.520","535.430","","-0.07%"
"07/22/2005","543.800","539.090","543.940","530.420","","0.93%"
"07/21/2005","538.800","537.190","541.330","530.950","","-0.25%"
"07/20/2005","540.170","542.360","546.430","535.800","","-0.87%"
"07/19/2005","544.930","535.270","548.490","535.270","","0.26%"
"07/18/2005","543.530","543.480","544.210","542.900","","-0.19%"
"07/15/2005","544.570","541.950","545.200","533.850","","0.32%"
"07/14/2005","542.860","534.330","543.400","533.630","","0.06%"
"07/13/2005","542.540","527.610","542.900","527.610","","1.25%"
"07/12/2005","535.840","534.600","539.640","534.600","","-1.35%"
"07/11/2005","543.170","538.620","546.340","538.620","","-0.91%"
"07/08/2005","548.170","550.110","551.120","547.530","","-0.17%"
"07/07/2005","549.090","549.170","550.010","544.800","","-0.11%"
"07/06/2005","549.680","545.400","551.500","545.400","","-0.09%"
"07/05/2005","550.190","550.280","551.860","545.990","","0.28%"
"07/04/2005","548.645","548.350","548.645","548.350","","0.04%"
"07/01/2005","548.440","542.450","550.500","533.710","","1.23%"
"06/30/2005","541.780","543.280","543.780","535.390","","-0.28%"
"06/29/2005","543.310","543.570","545.250","538.970","","-0.12%"
"06/28/2005","543.940","541.840","543.940","531.120","","0.86%"
"06/27/2005","539.280","538.770","542.580","534.500","","-0.52%"
"06/24/2005","542.090","542.540","543.710","536.420","","-0.47%"
"06/23/2005","544.660","542.360","545.290","532.700","","0.75%"
"06/22/2005","540.620","542.980","543.480","537.990","","0.45%"
"06/21/2005","538.220","542.360","543.510","537.720","","-0.33%"
"06/20/2005","539.990","536.620","540.660","530.900","","1.16%"
"06/17/2005","533.790","543.460","543.960","533.210","","-1.51%"
"06/16/2005","541.960","540.610","546.900","539.090","","0.07%"
"06/15/2005","541.600","543.840","544.610","540.210","","-0.66%"
"06/14/2005","545.200","540.610","546.680","539.140","","0.71%"
"06/13/2005","541.330","543.840","545.020","539.140","","0.04%"
"06/10/2005","541.110","535.520","541.510","535.520","","0.87%"
"06/09/2005","536.460","531.180","537.870","531.180","","0.03%"
"06/08/2005","536.280","531.520","536.810","528.000","","0.47%"
"06/07/2005","533.750","533.950","534.790","532.280","","-0.21%"
"06/06/2005","534.880","533.850","536.200","532.990","","-0.25%"
"06/03/2005","536.240","533.470","537.250","531.840","","0.33%"
"06/02/2005","534.450","537.010","537.510","532.860","","-0.76%"
"06/01/2005","538.530","535.480","539.150","530.550","","1.04%"
"05/31/2005","533.010","531.820","533.140","523.490","","1.33%"
"05/30/2005","526.000","525.290","529.290","520.030","","0.90%"
"05/27/2005","521.310","523.720","531.060","520.560","","-0.58%"
"05/26/2005","524.360","523.180","527.150","517.930","","0.78%"
"05/25/2005","520.320","522.260","527.940","518.700","","-0.20%"
"05/24/2005","521.350","519.620","521.810","518.830","","0.02%"
"05/23/2005","521.270","517.570","523.260","517.570","","-0.15%"
"05/20/2005","522.060","520.560","523.020","516.780","","0.59%"
"05/19/2005","519.000","515.610","519.740","514.820","","0.33%"
"05/18/2005","517.280","519.360","520.270","516.620","","-0.44%"
"05/17/2005","519.580","518.290","519.780","515.900","","0.10%"
"05/16/2005","519.040","519.690","520.480","515.340","","-0.09%"
"05/13/2005","519.530","514.590","519.910","513.810","","0.66%"
"05/12/2005","516.100","513.090","516.420","509.060","","0.78%"
"05/11/2005","512.110","508.000","512.870","506.450","","0.52%"
"05/10/2005","509.440","509.150","510.690","508.370","","-0.21%"
"05/09/2005","510.510","510.730","511.990","507.960","","-0.16%"
"05/06/2005","511.350","505.790","511.630","503.280","","1.02%"
"05/05/2005","506.170","505.560","507.270","504.400","","-0.06%"
"05/04/2005","506.490","507.290","512.090","505.440","","-0.51%"
"05/03/2005","509.080","509.570","510.310","506.120","","-0.18%"
"05/02/2005","509.990","508.940","510.630","508.860","","0.07%"
"04/29/2005","509.640","505.600","510.100","505.540","","0.19%"
"04/28/2005","508.690","505.610","508.930","505.610","","0.32%"
"04/27/2005","507.070","505.780","507.780","500.730","","0.32%"
"04/26/2005","505.470","504.890","506.450","503.120","","0.15%"
"04/25/2005","504.730","500.500","506.060","500.500","","0.56%"
"04/22/2005","501.910","501.330","503.030","497.850","","-0.10%"
"04/21/2005","502.410","496.490","503.180","496.490","","0.31%"
"04/20/2005","500.870","497.210","504.580","497.210","","-0.21%"
"04/19/2005","501.910","503.030","508.210","500.990","","-0.38%"
"04/18/2005","503.800","508.100","508.600","502.300","","-0.75%"
"04/15/2005","507.620","511.870","512.370","506.570","","-0.78%"
"04/14/2005","511.630","508.490","513.070","503.410","","0.73%"
"04/13/2005","507.940","503.050","509.990","503.050","","0.06%"
"04/12/2005","507.620","504.660","509.480","500.960","","0.40%"
"04/11/2005","505.590","502.900","507.890","502.900","","-0.29%"
"04/08/2005","507.070","510.370","511.710","505.560","","-0.58%"
"04/07/2005","510.030","508.820","510.390","504.970","","0.10%"
"04/06/2005","509.520","508.540","514.170","508.160","","-0.02%"
"04/05/2005","509.600","511.850","512.350","509.100","","-0.13%"
"04/04/2005","510.270","508.310","511.350","507.130","","0.43%"
"04/01/2005","508.060","504.360","509.280","502.600","","0.37%"
"03/31/2005","506.210","506.350","508.480","503.530","","-0.26%"
"03/30/2005","507.550","507.750","508.250","504.850","","0.00%"
"03/29/2005","507.550","507.330","509.470","506.340","","-0.21%"
"03/28/2005","508.610","506.650","509.880","506.610","","0.48%"
"03/25/2005","506.170","506.180","506.680","505.560","","-0.12%"
"03/24/2005","506.760","504.540","507.040","501.000","","0.37%"
"03/23/2005","504.890","501.030","505.670","497.010","","0.75%"
"03/22/2005","501.140","497.070","502.180","495.710","","0.66%"
"03/21/2005","497.870","492.720","498.660","488.240","","1.09%"
"03/18/2005","492.480","492.320","494.260","486.090","","0.42%"
"03/17/2005","490.420","488.160","491.120","487.220","","0.35%"
"03/16/2005","488.700","491.210","493.330","487.510","","-0.76%"
"03/15/2005","492.450","489.660","492.930","489.040","","0.41%"
"03/14/2005","490.460","488.890","491.520","485.810","","0.63%"
"03/11/2005","487.390","486.790","489.140","486.100","","-0.18%"
"03/10/2005","488.260","488.310","490.570","487.290","","-0.23%"
"03/09/2005","489.390","490.540","492.190","488.200","","-0.43%"
"03/08/2005","491.490","494.590","497.060","490.580","","-1.06%"
"03/07/2005","496.740","495.440","497.420","493.770","","0.29%"
"03/04/2005","495.310","498.700","500.890","494.320","","-0.95%"
"03/03/2005","500.070","498.430","500.530","497.870","","0.11%"
"03/02/2005","499.500","497.500","500.950","495.980","","0.42%"
"03/01/2005","497.420","495.260","497.720","493.810","","0.44%"
"02/28/2005","495.240","496.790","497.290","493.540","","0.02%"
"02/25/2005","495.160","498.050","498.550","494.660","","-0.30%"
"02/24/2005","496.660","497.500","498.000","493.950","","0.04%"
"02/23/2005","496.440","498.070","498.570","493.250","","0.35%"
"02/22/2005","494.710","500.500","504.110","494.060","","-1.39%"
"02/21/2005","501.680","502.460","502.960","500.770","","-0.03%"
"02/18/2005","501.830","501.370","504.110","500.000","","0.01%"
"02/17/2005","501.760","502.800","505.470","500.600","","-0.31%"
"02/16/2005","503.340","502.990","507.700","501.800","","-0.09%"
"02/15/2005","503.800","504.470","507.620","502.220","","-0.42%"
"02/14/2005","505.900","505.210","510.580","504.740","","-0.73%"
"02/11/2005","509.600","509.220","514.980","508.030","","0.06%"
"02/10/2005","509.280","511.530","515.060","507.870","","-0.59%"
"02/09/2005","512.310","512.870","514.520","511.410","","-0.23%"
"02/08/2005","513.470","513.570","514.560","509.920","","0.01%"
"02/07/2005","513.430","509.650","514.840","508.510","","0.80%"
"02/04/2005","509.360","503.930","509.520","502.880","","0.75%"
"02/03/2005","505.550","503.190","506.680","501.610","","0.49%"
"02/02/2005","503.070","503.040","503.880","501.100","","0.08%"
"02/01/2005","502.680","502.680","504.300","501.830","","-0.12%"
"01/31/2005","503.260","503.300","503.840","501.730","","0.12%"
"01/28/2005","502.640","503.460","504.690","501.060","","-0.08%"
"01/27/2005","503.030","502.920","503.800","500.150","","0.24%"
"01/26/2005","501.830","504.390","504.890","500.180","","-0.72%"
"01/25/2005","505.470","501.760","506.330","500.730","","0.63%"
"01/24/2005","502.300","501.190","503.380","501.190","","-0.05%"
"01/21/2005","502.560","505.070","506.140","501.600","","-0.64%"
"01/20/2005","505.820","506.420","506.920","502.840","","0.22%"
"01/19/2005","504.730","503.810","505.510","499.380","","0.29%"
"01/18/2005","503.260","501.680","504.110","501.260","","0.34%"
"01/17/2005","501.530","500.690","501.560","500.260","","0.23%"
"01/14/2005","500.380","496.340","501.260","496.340","","0.73%"
"01/13/2005","496.740","500.880","501.380","494.660","","0.48%"
"01/12/2005","494.380","499.400","499.900","492.870","","-1.15%"
"01/11/2005","500.150","500.120","500.620","497.670","","-0.21%"
"01/10/2005","501.180","500.220","503.030","499.570","","-0.28%"
"01/07/2005","502.600","497.100","503.340","494.890","","0.95%"
"01/06/2005","497.870","496.410","498.130","496.410","","0.69%"
"01/05/2005","494.450","493.390","495.950","489.160","","0.10%"
"01/04/2005","493.970","486.420","494.750","483.640","","1.43%"
"01/03/2005","486.990","484.830","487.790","484.330","","0.46%"
"12/31/2004","484.760","481.610","484.760","479.850","","0.81%"
"12/30/2004","480.880","481.410","483.280","479.780","","-0.26%"
"12/29/2004","482.120","482.250","483.540","481.230","","0.06%"
"12/28/2004","481.840","484.670","485.170","480.310","","0.08%"
"12/27/2004","481.450","483.830","484.400","480.380","","-0.62%"
"12/24/2004","484.440","486.470","486.970","483.790","","-0.25%"
"12/23/2004","485.660","491.430","491.930","485.160","","-0.83%"
"12/22/2004","489.720","490.660","499.150","489.080","","-0.21%"
"12/21/2004","490.750","491.760","492.260","488.860","","0.26%"
"12/20/2004","489.500","489.810","494.630","488.670","","-0.80%"
"12/17/2004","493.450","487.520","499.110","487.520","","-0.33%"
"12/16/2004","495.090","491.910","498.220","488.310","","1.25%"
"12/15/2004","488.990","493.390","493.890","487.730","","-0.78%"
"12/14/2004","492.850","495.440","495.940","491.350","","0.01%"
"12/13/2004","492.780","496.520","497.020","491.610","","-0.56%"
"12/10/2004","495.540","494.390","497.490","494.390","","0.65%"
"12/09/2004","492.330","491.280","494.710","491.060","","0.10%"
"12/08/2004","491.850","486.440","495.950","486.440","","0.72%"
"12/07/2004","488.340","497.280","497.780","486.460","","-0.19%"
"12/06/2004","489.280","487.400","491.670","486.890","","0.40%"
"12/03/2004","487.320","493.010","493.510","486.710","","-1.40%"
"12/02/2004","494.260","492.130","495.160","490.840","","0.39%"
"12/01/2004","492.330","494.540","495.040","491.580","","-0.20%"
"11/30/2004","493.300","493.940","494.820","491.910","","-0.14%"
"11/29/2004","494.000","492.310","495.460","492.310","","0.14%"
"11/26/2004","493.330","494.800","495.950","492.830","","-2.60%"
"11/25/2004","506.480","497.580","519.640","497.580","","1.73%"
"11/24/2004","497.870","514.320","514.820","497.370","","-0.67%"
"11/23/2004","501.220","502.570","514.770","500.110","","-0.35%"
"11/22/2004","502.990","502.150","516.440","502.060","","-0.14%"
"11/19/2004","503.720","503.180","516.320","501.530","","-0.38%"
"11/18/2004","505.630","515.710","516.210","502.990","","0.52%"
"11/17/2004","502.990","517.470","517.970","502.410","","-0.61%"
"11/16/2004","506.060","505.440","519.590","504.150","","-0.15%"
"11/15/2004","506.800","520.010","520.510","505.170","","0.27%"
"11/12/2004","505.430","506.730","522.450","504.470","","-0.53%"
"11/11/2004","508.100","509.300","518.550","507.560","","-0.16%"
"11/10/2004","508.930","504.930","521.200","503.960","","0.12%"
"11/09/2004","508.330","505.590","519.450","505.590","","0.10%"
"11/08/2004","507.820","508.690","507.820","505.480","","0.26%"
"11/05/2004","506.490","509.070","522.580","505.990","","-0.65%"
"11/04/2004","509.800","527.980","528.480","508.070","","-0.36%"
"11/03/2004","511.630","528.650","529.150","510.730","","-0.75%"
"11/02/2004","515.490","526.790","527.290","514.360","","0.17%"
"11/01/2004","514.600","526.470","526.970","513.050","","0.37%"
"10/29/2004","512.710","529.940","530.440","512.090","","-0.36%"
"10/28/2004","514.560","515.100","525.670","512.350","","-0.31%"
"10/27/2004","516.180","511.830","525.460","511.610","","0.52%"
"10/26/2004","513.510","512.090","525.630","511.350","","0.23%"
"10/25/2004","512.350","531.960","532.460","511.130","","-1.16%"
"10/22/2004","518.340","518.580","520.280","517.840","","-0.25%"
"10/21/2004","519.660","518.870","520.810","518.500","","-0.25%"
"10/20/2004","520.980","520.520","526.700","518.990","","-0.54%"
"10/19/2004","523.810","525.060","525.560","523.270","","-0.11%"
"10/18/2004","524.400","528.230","528.730","522.890","","-0.22%"
"10/15/2004","525.580","528.210","532.290","524.150","","-0.66%"
"10/14/2004","529.050","534.950","535.450","527.660","","-0.44%"
"10/13/2004","531.370","534.080","535.930","530.830","","-0.29%"
"10/12/2004","532.930","532.040","533.360","530.500","","0.63%"
"10/11/2004","529.610","528.270","529.740","528.270","","0.25%"
"10/08/2004","528.290","532.080","533.140","527.190","","-1.00%"
"10/07/2004","533.620","533.080","533.970","532.510","","-0.10%"
"10/06/2004","534.140","533.420","535.230","532.340","","0.33%"
"10/05/2004","532.360","533.600","534.100","531.350","","-0.28%"
"10/04/2004","533.880","532.900","534.750","529.250","","1.01%"
"10/01/2004","528.540","528.640","529.140","527.570","","0.25%"
"09/30/2004","527.220","529.750","532.720","526.720","","-0.88%"
"09/29/2004","531.890","531.730","534.230","531.210","","-0.07%"
"09/28/2004","532.280","534.080","534.580","530.780","","-0.28%"
"09/27/2004","533.790","534.640","535.140","532.210","","-0.17%"
"09/24/2004","534.710","534.600","535.360","530.400","","0.09%"
"09/23/2004","534.230","536.700","537.200","531.600","","-0.15%"
"09/22/2004","535.010","535.480","536.190","533.860","","0.53%"
"09/21/2004","532.190","539.040","539.540","531.690","","-1.23%"
"09/20/2004","538.840","539.810","540.750","538.070","","0.09%"
"09/17/2004","538.350","536.180","539.240","536.180","","0.09%"
"09/16/2004","537.870","538.960","540.880","537.320","","-0.30%"
"09/15/2004","539.500","537.490","540.080","535.390","","0.76%"
"09/14/2004","535.450","534.510","537.070","532.900","","0.07%"
"09/13/2004","535.060","535.340","536.410","534.120","","0.02%"
"09/10/2004","534.930","539.880","540.380","532.470","","-0.54%"
"09/09/2004","537.820","537.850","539.460","536.880","","-0.04%"
"09/08/2004","538.040","544.520","545.200","537.540","","-0.68%"
"09/07/2004","541.730","541.680","543.620","541.140","","-0.27%"
"09/06/2004","543.220","542.580","543.220","542.490","","-0.14%"
"09/03/2004","543.980","538.250","544.340","538.160","","0.90%"
"09/02/2004","539.150","538.210","539.990","537.810","","0.17%"
"09/01/2004","538.260","537.990","539.550","536.350","","0.07%"
"08/31/2004","537.910","541.190","541.910","537.410","","-1.15%"
"08/30/2004","544.160","544.020","545.520","543.120","","-0.35%"
"08/27/2004","546.070","542.090","546.070","541.820","","0.83%"
"08/26/2004","541.600","542.310","543.440","540.970","","-0.18%"
"08/25/2004","542.590","542.220","543.040","541.280","","-0.06%"
"08/24/2004","542.900","539.400","543.670","539.400","","0.53%"
"08/23/2004","540.040","534.730","540.040","534.560","","1.31%"
"08/20/2004","533.060","532.340","533.710","531.260","","0.53%"
"08/19/2004","530.250","529.920","531.410","529.490","","-0.24%"
"08/18/2004","531.540","531.470","533.660","530.780","","0.14%"
"08/17/2004","530.810","531.040","532.490","530.100","","0.03%"
"08/16/2004","530.640","530.830","532.230","529.920","","0.13%"
"08/13/2004","529.950","536.840","537.340","529.450","","-0.99%"
"08/12/2004","535.230","533.950","536.500","533.770","","-0.27%"
"08/11/2004","536.680","536.000","537.780","535.340","","0.12%"
"08/10/2004","536.060","533.470","536.190","531.990","","0.31%"
"08/09/2004","534.400","534.290","535.540","533.730","","0.12%"
"08/06/2004","533.750","535.080","535.580","533.210","","-1.84%"
"08/05/2004","543.760","543.890","545.200","542.900","","-0.16%"
"08/04/2004","544.610","545.570","547.530","543.170","","0.09%"
"08/03/2004","544.120","545.160","545.790","542.760","","-0.17%"
"08/02/2004","545.070","543.030","545.290","543.030","","-0.09%"
"07/30/2004","545.570","543.660","545.980","540.790","","0.12%"
"07/29/2004","544.930","544.840","546.160","541.860","","0.05%"
"07/28/2004","544.660","544.110","545.930","542.760","","0.03%"
"07/27/2004","544.520","538.610","544.520","538.300","","0.85%"
"07/26/2004","539.950","538.780","540.620","538.520","","-0.36%"
"07/23/2004","541.910","538.610","542.050","538.030","","1.29%"
"07/22/2004","535.010","533.730","535.760","533.210","","-0.07%"
"07/21/2004","535.360","532.640","536.940","532.640","","0.60%"
"07/20/2004","532.150","528.940","532.490","528.850","","0.87%"
"07/19/2004","527.560","527.400","528.750","526.600","","0.16%"
"07/16/2004","526.720","530.010","530.510","526.050","","-0.81%"
"07/15/2004","531.030","530.140","531.840","529.410","","0.28%"
"07/14/2004","529.570","529.620","530.120","527.570","","-0.44%"
"07/13/2004","531.890","527.960","533.100","527.960","","0.66%"
"07/12/2004","528.410","528.210","529.350","527.740","","-0.04%"
"07/09/2004","528.630","528.850","529.990","528.080","","-0.15%"
"07/08/2004","529.440","530.740","531.240","528.250","","-0.16%"
"07/07/2004","530.290","530.100","530.850","528.850","","-0.61%"
"07/06/2004","533.530","533.680","534.490","531.650","","0.11%"
"07/05/2004","532.930","532.430","532.930","532.430","","0.00%"
"07/02/2004","532.930","538.740","539.680","532.430","","-1.07%"
"07/01/2004","538.710","539.000","539.730","538.030","","0.17%"
"06/30/2004","537.780","539.050","539.730","536.840","","-0.92%"
"06/29/2004","542.770","538.610","543.400","538.070","","0.84%"
"06/28/2004","538.260","538.250","539.330","535.960","","-0.22%"
"06/25/2004","539.460","539.490","540.880","538.470","","0.11%"
"06/24/2004","538.880","540.070","541.060","537.760","","-0.67%"
"06/23/2004","542.540","542.090","543.350","541.590","","0.05%"
"06/22/2004","542.270","542.040","543.130","541.280","","0.13%"
"06/21/2004","541.560","541.060","542.900","540.740","","0.26%"
"06/18/2004","540.170","544.390","544.890","539.580","","-0.64%"
"06/17/2004","543.670","543.930","545.750","542.760","","-0.45%"
"06/16/2004","546.110","543.300","546.890","543.170","","1.31%"
"06/15/2004","539.060","538.560","539.060","538.560","","-0.84%"
"06/14/2004","543.620","545.290","546.430","542.090","","-0.46%"
"06/11/2004","546.110","544.890","546.840","544.890","","0.83%"
"06/10/2004","541.600","544.020","544.930","541.010","","-0.55%"
"06/09/2004","544.570","538.470","544.840","538.470","","1.81%"
"06/08/2004","534.880","531.730","535.280","530.740","","0.45%"
"06/07/2004","532.490","531.690","532.750","531.170","","-0.24%"
"06/04/2004","533.790","536.930","537.430","532.820","","-0.46%"
"06/03/2004","536.280","536.130","537.820","535.170","","-0.01%"
"06/02/2004","536.330","533.510","537.210","532.690","","0.12%"
"06/01/2004","535.710","535.910","537.650","534.860","","-0.25%"
"05/31/2004","537.070","536.570","537.070","536.570","","0.00%"
"05/28/2004","537.070","536.570","537.070","536.570","","0.39%"
"05/27/2004","534.970","534.470","534.970","534.470","","-1.23%"
"05/26/2004","541.640","541.140","541.640","541.140","","-0.09%"
"05/25/2004","542.140","542.630","543.530","540.650","","-0.75%"
"05/24/2004","546.250","547.390","548.950","545.110","","-0.02%"
"05/21/2004","546.340","543.980","546.480","543.300","","-0.63%"
"05/20/2004","549.780","549.650","551.020","548.400","","0.71%"
"05/19/2004","545.880","546.200","547.110","544.610","","-0.48%"
"05/18/2004","548.490","546.570","549.450","546.340","","0.57%"
"05/17/2004","545.390","545.340","546.700","543.530","","-1.18%"
"05/14/2004","551.910","555.380","556.070","551.030","","-0.54%"
"05/13/2004","554.900","554.020","556.450","552.800","","0.69%"
"05/12/2004","551.120","552.380","553.440","549.050","","-0.28%"
"05/11/2004","552.650","554.870","555.930","551.680","","-0.04%"
"05/10/2004","552.880","553.970","554.850","552.240","","0.18%"
"05/07/2004","551.910","550.990","552.180","550.710","","1.63%"
"05/06/2004","543.040","540.650","543.440","540.300","","0.78%"
"05/05/2004","538.840","539.760","540.970","538.300","","-0.61%"
"05/04/2004","542.140","543.300","543.800","541.550","","-1.38%"
"05/03/2004","549.730","547.530","550.100","547.300","","0.44%"
"04/30/2004","547.340","548.130","549.450","545.890","","-0.06%"
"04/29/2004","547.660","554.870","555.370","547.160","","-1.13%"
"04/28/2004","553.910","549.880","554.470","549.880","","0.79%"
"04/27/2004","549.550","550.990","552.840","548.720","","-0.50%"
"04/26/2004","552.320","553.600","554.100","551.410","","-0.36%"
"04/23/2004","554.330","551.130","555.700","550.900","","0.58%"
"04/22/2004","551.160","551.550","553.490","550.660","","-0.51%"
"04/21/2004","553.960","554.020","554.570","550.250","","0.52%"
"04/20/2004","551.070","550.250","551.810","549.140","","1.03%"
"04/19/2004","545.430","543.350","545.980","543.350","","-0.27%"
"04/16/2004","546.890","546.980","549.640","544.020","","-0.07%"
"04/15/2004","547.300","550.290","550.840","546.750","","-0.13%"
"04/14/2004","548.030","550.430","552.230","547.530","","-0.26%"
"04/13/2004","549.450","547.070","550.560","546.660","","1.14%"
"04/12/2004","543.260","542.720","543.890","541.820","","0.24%"
"04/09/2004","541.960","541.460","542.140","541.100","","-0.22%"
"04/08/2004","543.170","540.560","543.530","540.560","","0.87%"
"04/07/2004","538.490","541.910","542.590","537.280","","-0.69%"
"04/06/2004","542.230","541.820","544.120","540.610","","-0.65%"
"04/05/2004","545.790","545.250","546.980","544.700","","0.98%"
"04/02/2004","540.480","532.040","541.730","531.730","","1.94%"
"04/01/2004","530.210","531.910","532.840","529.110","","-0.54%"
"03/31/2004","533.100","538.470","538.970","532.040","","-1.10%"
"03/30/2004","539.020","537.410","539.060","536.790","","-0.14%"
"03/29/2004","539.770","540.340","541.110","538.560","","-0.24%"
"03/26/2004","541.060","540.030","542.230","537.010","","0.08%"
"03/25/2004","540.620","539.980","541.200","537.280","","-0.06%"
"03/24/2004","540.930","536.790","540.970","536.180","","1.67%"
"03/23/2004","532.020","533.290","534.400","530.650","","0.02%"
"03/22/2004","531.890","531.340","532.020","528.510","","-0.40%"
"03/19/2004","534.010","530.960","534.620","530.220","","0.86%"
"03/18/2004","529.480","534.080","535.450","528.000","","-1.18%"
"03/17/2004","535.800","534.730","538.310","534.430","","0.14%"
"03/16/2004","535.060","530.270","535.190","530.270","","0.13%"
"03/15/2004","534.360","533.730","536.900","533.080","","-0.42%"
"03/12/2004","536.630","535.830","538.400","534.910","","0.95%"
"03/11/2004","531.590","534.780","536.060","530.830","","-0.70%"
"03/10/2004","535.320","532.210","537.030","532.210","","0.48%"
"03/09/2004","532.750","530.010","533.490","526.680","","0.74%"
"03/08/2004","528.840","529.920","531.070","528.170","","-0.20%"
"03/05/2004","529.910","537.190","537.950","527.150","","-1.45%"
"03/04/2004","537.730","537.100","540.220","535.520","","0.10%"
"03/03/2004","537.210","536.180","542.090","536.130","","0.12%"
"03/02/2004","536.550","525.960","537.250","525.580","","1.82%"
"03/01/2004","526.970","524.910","527.560","523.650","","0.37%"
"02/27/2004","525.030","528.340","528.840","524.190","","-0.46%"
"02/26/2004","527.440","527.280","529.100","525.240","","0.48%"
"02/25/2004","524.940","518.210","525.410","518.210","","1.51%"
"02/24/2004","517.120","520.070","521.270","515.640","","-1.03%"
"02/23/2004","522.520","521.430","523.690","520.400","","-0.27%"
"02/20/2004","523.940","517.600","524.440","517.310","","1.51%"
"02/19/2004","516.140","511.000","517.810","510.000","","-0.24%"
"02/18/2004","517.360","504.000","517.360","503.000","","1.25%"
"02/17/2004","510.950","509.000","512.110","504.000","","-0.51%"
"02/16/2004","513.550","513.860","514.720","507.000","","-0.21%"
"02/13/2004","514.640","511.250","515.170","508.190","","0.48%"
"02/12/2004","512.190","511.210","512.590","510.730","","0.23%"
"02/11/2004","511.030","517.230","517.970","510.530","","-1.01%"
"02/10/2004","516.260","512.970","516.830","512.970","","-0.15%"
"02/09/2004","517.030","514.710","518.180","514.260","","0.16%"
"02/06/2004","516.220","522.600","523.350","514.950","","-1.28%"
"02/05/2004","522.930","518.000","523.020","514.000","","-0.07%"
"02/04/2004","523.310","518.000","524.230","517.000","","0.05%"
"02/03/2004","523.060","517.000","523.520","515.000","","-1.01%"
"02/02/2004","528.410","521.000","529.050","520.000","","0.48%"
"01/30/2004","525.910","523.000","530.080","520.000","","-0.55%"
"01/29/2004","528.800","525.370","530.040","518.000","","0.63%"
"01/28/2004","525.490","514.000","525.490","514.000","","1.22%"
"01/27/2004","519.160","520.000","523.980","513.000","","-1.27%"
"01/26/2004","525.830","518.000","526.080","515.000","","0.97%"
"01/23/2004","520.770","510.000","521.640","510.000","","0.96%"
"01/22/2004","515.810","513.000","516.910","509.000","","-0.67%"
"01/21/2004","519.290","515.000","521.310","513.000","","-0.44%"
"01/20/2004","521.600","520.000","524.900","515.000","","-1.54%"
"01/19/2004","529.780","524.000","530.640","524.000","","-0.02%"
"01/16/2004","529.870","518.000","530.420","517.000","","1.59%"
"01/15/2004","521.560","513.000","521.680","512.000","","0.71%"
"01/14/2004","517.890","511.000","518.920","510.000","","0.74%"
"01/13/2004","514.070","509.000","515.490","507.000","","-0.14%"
"01/12/2004","514.800","504.000","514.880","503.000","","0.85%"
"01/09/2004","510.470","509.000","514.960","504.000","","-0.65%"
"01/08/2004","513.830","519.120","519.620","513.330","","-2.93%"
"12/23/2003","529.350","528.340","529.480","527.660","","0.05%"
"12/22/2003","529.100","526.980","529.100","526.770","","-0.18%"
"12/19/2003","530.040","527.450","530.940","527.230","","0.49%"
"12/18/2003","527.440","527.870","530.470","526.810","","-0.24%"
"12/17/2003","528.710","528.210","532.880","527.870","","-0.75%"
"12/16/2003","532.710","532.300","532.800","532.210","","-0.07%"
"12/15/2003","533.100","537.010","537.510","532.120","","-0.07%"
"12/12/2003","533.450","534.910","536.630","532.560","","-0.67%"
"12/11/2003","537.030","539.630","540.880","536.440","","0.03%"
"12/10/2003","536.850","536.180","537.380","534.210","","0.11%"
"12/09/2003","536.240","534.340","537.870","534.160","","-0.04%"
"12/08/2003","536.460","536.750","537.510","535.340","","-0.47%"
"12/05/2003","538.970","542.540","543.260","538.470","","-0.71%"
"12/04/2003","542.810","543.170","544.480","539.360","","0.12%"
"12/03/2003","542.140","540.790","543.130","540.790","","-0.15%"
"12/02/2003","542.950","548.310","548.810","541.910","","-0.88%"
"12/01/2003","547.760","544.890","549.130","544.890","","0.15%"
"11/28/2003","546.930","545.840","547.480","545.610","","-0.77%"
"11/27/2003","551.175","547.360","551.175","547.360","","0.31%"
"11/26/2003","549.450","554.160","555.840","548.820","","-1.27%"
"11/25/2003","556.500","556.570","557.350","554.910","","-0.19%"
"11/24/2003","557.540","554.210","557.540","554.020","","1.30%"
"11/21/2003","550.380","549.160","551.910","548.820","","-2.59%"
"11/20/2003","565.000","557.000","565.000","557.000","","1.77%"
"11/18/2003","555.180","557.940","558.440","554.680","","-0.53%"
"11/17/2003","558.160","554.490","559.110","554.490","","0.24%"
"11/14/2003","556.830","557.080","558.730","555.810","","-0.38%"
"11/13/2003","558.970","557.080","560.490","557.080","","-0.79%"
"11/12/2003","563.430","564.590","565.820","557.080","","-1.02%"
"11/11/2003","569.260","569.650","570.590","567.990","","-0.23%"
"11/10/2003","570.590","567.300","571.690","566.000","","0.36%"
"11/07/2003","568.520","574.000","576.010","564.000","","-1.06%"
"11/06/2003","574.600","567.000","575.500","567.000","","0.18%"
"11/05/2003","573.590","570.090","574.190","566.000","","0.60%"
"11/04/2003","570.150","571.740","572.340","565.000","","-0.34%"
"11/03/2003","572.090","560.000","573.490","557.080","","1.04%"
"10/31/2003","566.210","563.420","566.990","557.000","","0.41%"
"10/30/2003","563.920","557.000","564.310","552.000","","0.35%"
"10/29/2003","561.980","555.000","562.080","554.000","","-0.01%"
"10/28/2003","562.030","555.000","562.230","553.000","","0.63%"
"10/27/2003","558.490","557.200","558.870","551.000","","-0.47%"
"10/24/2003","561.125","550.000","561.125","548.000","","0.78%"
"10/23/2003","556.780","549.000","557.630","548.000","","0.25%"
"10/22/2003","555.370","558.180","561.260","550.000","","-1.30%"
"10/21/2003","562.660","558.000","564.110","555.000","","-0.17%"
"10/20/2003","563.630","557.000","564.600","556.000","","0.27%"
"10/17/2003","562.130","559.000","567.340","558.000","","-0.65%"
"10/16/2003","565.820","559.000","565.870","555.000","","0.48%"
"10/15/2003","563.090","554.000","564.790","554.000","","0.64%"
"10/14/2003","559.490","559.000","564.400","554.000","","-0.30%"
"10/13/2003","561.170","554.000","561.740","553.000","","1.04%"
"10/10/2003","555.410","554.000","557.110","548.000","","-0.57%"
"10/09/2003","558.580","548.000","560.930","548.000","","0.60%"
"10/08/2003","555.230","552.650","556.970","549.000","","-0.38%"
"10/07/2003","557.350","562.120","562.620","554.340","","-0.42%"
"10/06/2003","559.680","562.000","566.310","559.130","","-1.22%"
"10/03/2003","566.600","556.000","567.480","554.000","","0.98%"
"10/02/2003","561.120","554.000","561.890","553.000","","0.20%"
"10/01/2003","560.020","557.000","562.230","554.000","","-0.45%"
"09/30/2003","562.560","559.000","563.580","553.000","","-0.50%"
"09/29/2003","565.380","567.000","574.340","561.000","","-1.17%"
"09/26/2003","572.090","565.000","572.940","565.000","","0.27%"
"09/25/2003","570.540","566.000","571.890","563.000","","0.02%"
"09/24/2003","570.400","568.880","573.090","568.880","","-0.46%"
"09/23/2003","573.040","568.630","573.240","568.140","","0.23%"
"09/22/2003","571.740","569.000","572.040","557.200","","-0.94%"
"09/19/2003","577.180","578.000","580.600","572.000","","-1.07%"
"09/18/2003","583.440","576.000","583.910","573.000","","0.42%"
"09/17/2003","581.010","586.550","588.520","578.000","","-0.97%"
"09/16/2003","586.730","577.000","587.630","576.000","","0.94%"
"09/15/2003","581.270","578.000","582.250","575.000","","0.04%"
"09/12/2003","581.060","582.000","587.890","574.000","","-0.70%"
"09/11/2003","585.160","578.000","587.580","577.000","","0.11%"
"09/10/2003","584.540","579.000","587.210","578.000","","0.06%"
"09/09/2003","584.170","585.000","589.110","580.000","","-1.19%"
"09/08/2003","591.230","587.000","593.210","584.000","","0.08%"
"09/05/2003","590.750","594.000","600.710","587.000","","-1.50%"
"09/04/2003","599.720","602.600","606.380","596.000","","-0.92%"
"09/03/2003","605.260","601.000","608.350","601.000","","-0.19%"
"09/02/2003","606.440","596.000","606.660","596.000","","1.42%"
"09/01/2003","597.920","591.000","598.520","591.000","","0.06%"
"08/29/2003","597.540","596.000","601.490","591.000","","-0.95%"
"08/28/2003","603.260","599.000","606.440","596.000","","0.06%"
"08/27/2003","602.920","599.000","603.260","595.000","","0.00%"
"08/26/2003","602.920","598.000","606.720","596.000","","0.04%"
"08/25/2003","602.700","597.910","603.980","597.910","","0.04%"
"08/22/2003","602.480","595.000","604.980","594.000","","0.31%"
"08/21/2003","600.600","587.000","601.490","587.000","","1.81%"
"08/20/2003","589.950","585.000","591.500","583.000","","0.18%"
"08/19/2003","588.890","586.000","593.000","584.000","","0.09%"
"08/18/2003","588.370","579.000","589.320","578.000","","0.96%"
"08/15/2003","582.770","577.000","583.030","577.000","","-0.07%"
"08/14/2003","583.180","574.000","584.070","573.000","","0.64%"
"08/13/2003","579.470","576.000","582.920","563.000","","-0.09%"
"08/12/2003","579.980","574.940","581.220","573.000","","0.41%"
"08/11/2003","577.630","579.030","581.580","573.000","","-0.48%"
"08/08/2003","580.400","571.000","580.650","571.000","","0.61%"
"08/07/2003","576.870","573.000","577.530","569.000","","-0.15%"
"08/06/2003","577.740","569.000","578.910","569.000","","0.08%"
"08/05/2003","577.280","572.000","579.830","571.000","","0.01%"
"08/04/2003","577.230","577.000","580.920","573.000","","-0.82%"
"08/01/2003","581.990","578.000","587.360","576.000","","-0.25%"
"07/31/2003","583.440","573.000","584.120","573.000","","1.00%"
"07/30/2003","577.680","568.000","577.680","568.000","","0.93%"
"07/29/2003","572.340","564.000","572.440","563.000","","0.30%"
"07/28/2003","570.640","567.000","571.990","564.000","","0.16%"
"07/25/2003","569.750","567.000","572.540","563.000","","-0.32%"
"07/24/2003","571.590","567.000","573.840","564.000","","0.07%"
"07/23/2003","571.190","572.000","575.500","566.000","","-1.33%"
"07/22/2003","578.910","574.000","579.420","571.000","","0.19%"
"07/21/2003","577.840","579.490","581.990","573.000","","-0.50%"
"07/18/2003","580.760","579.000","586.420","578.000","","-0.70%"
"07/17/2003","584.850","579.000","587.580","578.000","","-0.01%"
"07/16/2003","584.900","580.000","589.050","579.000","","-0.23%"
"07/15/2003","586.260","576.000","587.360","573.000","","0.82%"
"07/14/2003","581.480","577.000","581.840","575.000","","0.29%"
"07/11/2003","579.780","575.710","580.960","573.000","","0.57%"
"07/10/2003","576.470","572.000","578.860","571.000","","-0.25%"
"07/09/2003","577.890","573.000","579.630","572.000","","-0.30%"
"07/08/2003","579.630","573.000","581.790","572.000","","0.12%"
"07/07/2003","578.910","569.000","579.420","557.200","","1.03%"
"07/04/2003","573.000","567.000","576.630","565.000","","0.37%"
"07/03/2003","570.890","564.000","572.540","563.000","","0.47%"
"07/02/2003","568.220","563.000","569.850","562.000","","0.18%"
"07/01/2003","567.190","564.000","568.860","560.000","","-0.55%"
"06/30/2003","570.350","570.500","574.190","565.000","","-0.56%"
"06/27/2003","573.590","569.000","575.000","566.000","","-0.08%"
"06/26/2003","574.040","564.000","574.550","564.000","","0.95%"
"06/25/2003","568.610","565.000","568.960","560.000","","-0.17%"
"06/24/2003","569.600","563.000","571.290","557.200","","0.28%"
"06/23/2003","568.020","561.000","569.450","557.200","","0.53%"
"06/20/2003","565.040","557.200","567.040","555.000","","0.98%"
"06/19/2003","559.540","560.000","563.580","556.000","","-0.30%"
"06/18/2003","561.210","553.000","561.790","552.000","","0.89%"
"06/17/2003","556.260","548.000","557.070","548.000","","0.38%"
"06/16/2003","554.150","548.000","554.290","545.000","","0.25%"
"06/13/2003","552.790","552.000","558.350","549.000","","-0.81%"
"06/12/2003","557.300","553.000","560.020","551.000","","-0.19%"
"06/11/2003","558.350","555.000","558.490","551.000","","-0.58%"
"06/10/2003","561.600","556.340","561.700","554.000","","0.45%"
"06/09/2003","559.110","556.340","560.730","551.000","","-0.21%"
"06/06/2003","560.265","557.530","564.305","547.000","","-0.21%"
"06/05/2003","561.460","557.530","563.400","546.000","","0.00%"
"06/04/2003","561.460","557.530","565.170","553.000","","0.00%"
"06/03/2003","561.460","557.530","564.070","552.000","","0.00%"
"06/02/2003","561.460","554.000","565.370","553.000","","0.87%"
"05/30/2003","556.640","546.000","559.010","546.000","","0.88%"
"05/29/2003","551.810","557.530","560.300","548.000","","-1.72%"
"05/28/2003","561.460","554.730","563.590","549.000","","1.12%"
"05/27/2003","555.230","557.530","559.010","544.000","","-1.11%"
"05/26/2003","561.460","557.530","562.440","552.100","","1.24%"
"05/23/2003","554.570","557.530","559.010","551.000","","-1.23%"
"05/22/2003","561.460","557.530","565.170","554.000","","0.00%"
"05/21/2003","561.460","555.000","565.460","553.000","","0.27%"
"05/20/2003","559.970","559.000","563.480","555.000","","-0.43%"
"05/19/2003","562.370","556.000","563.680","554.000","","-0.74%"
"05/16/2003","566.550","570.000","573.290","562.000","","-1.58%"
"05/15/2003","575.660","568.000","576.410","566.000","","0.95%"
"05/14/2003","570.250","564.000","570.990","564.000","","0.17%"
"05/13/2003","569.310","566.740","571.590","562.000","","0.36%"
"05/12/2003","567.290","562.360","568.860","560.000","","-0.60%"
"05/09/2003","570.740","565.000","572.890","564.000","","0.05%"
"05/08/2003","570.450","574.000","576.970","566.000","","-1.10%"
"05/07/2003","576.770","571.000","578.700","569.000","","0.66%"
"05/06/2003","572.990","575.000","579.420","572.000","","-1.42%"
"05/05/2003","581.220","580.000","584.740","576.000","","-0.50%"
"05/02/2003","584.120","579.000","585.890","577.000","","0.08%"
"05/01/2003","583.650","581.000","587.580","576.000","","-0.58%"
"04/30/2003","587.050","585.000","589.900","584.000","","-0.90%"
"04/29/2003","592.410","593.000","599.670","590.000","","-0.79%"
"04/28/2003","597.100","588.000","597.430","588.000","","0.41%"
"04/25/2003","594.660","590.000","598.080","588.000","","0.02%"
"04/24/2003","594.560","592.000","596.670","588.000","","-0.61%"
"04/23/2003","598.190","593.000","600.270","592.000","","0.02%"
"04/22/2003","598.080","597.000","598.790","591.000","","-0.95%"
"04/21/2003","603.810","601.430","605.650","601.320","","0.21%"
"04/18/2003","602.540","598.000","603.030","598.000","","-0.04%"
"04/17/2003","602.810","598.000","603.260","594.000","","0.31%"
"04/16/2003","600.930","602.000","615.310","600.210","","-0.88%"
"04/15/2003","606.270","608.420","610.790","604.500","","-0.43%"
"04/14/2003","608.860","607.590","610.960","606.240","","-0.14%"
"04/11/2003","609.710","606.200","613.130","605.980","","0.50%"
"04/10/2003","606.705","606.200","609.485","604.780","","0.00%"
"04/09/2003","606.705","606.000","613.995","606.000","","-0.87%"
"04/08/2003","612.040","609.980","615.430","609.980","","-0.46%"
"04/07/2003","614.860","609.520","619.910","609.520","","0.60%"
"04/04/2003","611.190","608.980","613.020","608.390","","0.22%"
"04/03/2003","609.820","605.000","612.160","602.000","","0.10%"
"04/02/2003","609.200","599.000","609.880","598.000","","1.42%"
"04/01/2003","600.660","596.350","603.260","596.000","","-0.17%"
"03/31/2003","601.660","600.000","608.420","595.000","","-1.13%"
"03/28/2003","608.520","608.000","611.760","603.000","","-0.57%"
"03/27/2003","611.985","607.000","613.475","605.000","","-0.29%"
"03/26/2003","613.760","615.280","615.780","608.000","","-0.31%"
"03/25/2003","615.660","606.170","616.650","606.170","","0.85%"
"03/24/2003","610.445","611.500","621.065","606.170","","0.00%"
"03/21/2003","610.445","606.170","628.055","606.170","","-1.20%"
"03/20/2003","617.870","620.350","621.680","606.170","","-0.54%"
"03/19/2003","621.210","616.320","621.320","612.500","","0.71%"
"03/18/2003","616.820","617.140","622.150","613.420","","-0.07%"
"03/17/2003","617.230","606.170","618.740","602.320","","1.09%"
"03/14/2003","610.590","590.750","616.160","590.750","","2.63%"
"03/13/2003","594.915","595.840","610.885","590.750","","-0.17%"
"03/12/2003","595.910","593.300","596.780","590.410","","0.33%"
"03/11/2003","593.960","591.890","595.150","589.110","","0.13%"
"03/10/2003","593.210","591.680","595.160","590.440","","-0.94%"
"03/07/2003","598.855","594.660","601.395","592.000","","0.00%"
"03/06/2003","598.855","594.310","602.325","594.090","","0.06%"
"03/05/2003","598.520","601.870","602.370","593.260","","-0.61%"
"03/04/2003","602.200","601.540","602.870","596.430","","0.03%"
"03/03/2003","602.040","605.000","607.840","600.250","","-0.88%"
"02/28/2003","607.390","603.480","608.800","603.480","","-0.42%"
"02/27/2003","609.940","607.850","610.280","603.060","","0.30%"
"02/26/2003","608.130","608.980","609.990","604.540","","-0.24%"
"02/25/2003","609.600","606.840","610.160","601.000","","0.36%"
"02/24/2003","607.390","605.360","611.130","603.000","","-0.32%"
"02/21/2003","609.370","605.430","609.990","599.000","","0.50%"
"02/20/2003","606.330","609.720","610.220","600.000","","-0.64%"
"02/19/2003","610.220","613.200","613.700","605.000","","-0.55%"
"02/18/2003","613.590","606.000","613.990","605.000","","0.10%"
"02/17/2003","613.000","607.000","619.600","604.570","","0.90%"
"02/14/2003","607.560","605.210","609.090","600.000","","0.28%"
"02/13/2003","605.880","611.940","612.440","600.000","","-0.94%"
"02/12/2003","611.640","610.230","612.560","604.000","","0.09%"
"02/11/2003","611.070","610.630","614.160","604.000","","0.05%"
"02/10/2003","610.790","602.420","611.300","601.750","","0.80%"
"02/07/2003","605.930","605.100","610.390","603.140","","-0.02%"
"02/06/2003","606.040","607.850","608.350","603.370","","-0.34%"
"02/05/2003","608.130","601.700","610.500","597.690","","0.91%"
"02/04/2003","602.650","607.460","607.960","601.540","","-1.03%"
"02/03/2003","608.920","609.810","611.530","607.740","","-0.07%"
"01/31/2003","609.370","603.100","611.240","601.000","","0.50%"
"01/30/2003","606.330","604.540","610.790","604.540","","0.18%"
"01/29/2003","605.260","605.040","606.380","598.600","","-0.12%"
"01/28/2003","605.990","603.760","607.280","603.760","","0.31%"
"01/27/2003","604.090","600.000","607.640","598.000","","-0.30%"
"01/24/2003","605.930","609.780","610.280","600.000","","-0.66%"
"01/23/2003","609.940","610.460","610.960","603.000","","-0.24%"
"01/22/2003","611.410","610.570","613.360","605.000","","-0.02%"
"01/21/2003","611.530","611.000","616.130","608.000","","-0.52%"
"01/20/2003","614.740","610.000","615.780","609.000","","-0.01%"
"01/17/2003","614.800","617.190","617.690","612.730","","-0.48%"
"01/16/2003","617.750","617.310","621.210","616.960","","-0.63%"
"01/15/2003","621.680","621.060","623.210","617.320","","0.04%"
"01/14/2003","621.440","621.890","622.390","616.780","","-0.09%"
"01/13/2003","622.030","615.770","622.800","615.450","","0.29%"
"01/10/2003","620.230","624.970","629.310","615.000","","-0.82%"
"01/09/2003","625.360","620.640","626.730","618.080","","0.08%"
"01/08/2003","624.870","625.560","636.470","618.550","","-0.77%"
"01/07/2003","629.730","622.510","634.200","622.300","","0.51%"
"01/06/2003","626.515","625.320","630.795","620.700","","-0.46%"
"01/03/2003","629.395","632.650","637.055","624.120","","-0.58%"
"01/02/2003","633.090","621.800","634.490","620.550","","1.33%"
"01/01/2003","624.810","620.440","624.810","620.440","","0.00%"