"Date","Price","Open","High","Low","Vol.","Change %"
"03/02/2022","0.8991","0.8987","0.9044","0.8971","79.29K","0.03%"
"03/01/2022","0.8988","0.8915","0.9018","0.8902","89.11K","0.85%"
"02/28/2022","0.8912","0.8946","0.8991","0.8891","86.10K","0.43%"
"02/25/2022","0.8874","0.8935","0.8956","0.8869","79.32K","-0.68%"
"02/24/2022","0.8935","0.8840","0.9004","0.8839","103.42K","1.06%"
"02/23/2022","0.8841","0.8829","0.8849","0.8803","64.39K","0.14%"
"02/22/2022","0.8829","0.8840","0.8860","0.8797","85.66K","-0.14%"
"02/21/2022","0.8841","0.8838","0.8845","0.8779","51.07K","0.10%"
"02/18/2022","0.8832","0.8802","0.8839","0.8789","64.20K","0.34%"
"02/17/2022","0.8802","0.8792","0.8832","0.8782","80.16K","0.11%"
"02/16/2022","0.8792","0.8803","0.8815","0.8775","70.76K","-0.15%"
"02/15/2022","0.8805","0.8845","0.8849","0.8796","74.42K","-0.45%"
"02/14/2022","0.8845","0.8815","0.8866","0.8796","81.23K","0.40%"
"02/11/2022","0.8810","0.8751","0.8827","0.8748","82.40K","0.67%"
"02/10/2022","0.8751","0.8750","0.8792","0.8699","84.63K","-0.03%"
"02/09/2022","0.8754","0.8759","0.8771","0.8735","67.49K","-0.08%"
"02/08/2022","0.8761","0.8739","0.8776","0.8734","100.06K","0.24%"
"02/07/2022","0.8740","0.8720","0.8761","0.8720","75.92K","0.05%"
"02/04/2022","0.8736","0.8742","0.8764","0.8708","85.84K","-0.07%"
"02/03/2022","0.8742","0.8846","0.8876","0.8732","68.02K","-1.19%"
"02/02/2022","0.8847","0.8874","0.8876","0.8826","48.06K","-0.29%"
"02/01/2022","0.8873","0.8902","0.8912","0.8866","53.47K","-0.31%"
"01/31/2022","0.8901","0.8972","0.8978","0.8890","55.97K","-0.80%"
"01/28/2022","0.8973","0.8972","0.8993","0.8949","62.02K","0.00%"
"01/27/2022","0.8973","0.8897","0.8984","0.8893","68.31K","0.84%"
"01/26/2022","0.8898","0.8849","0.8901","0.8841","62.70K","0.55%"
"01/25/2022","0.8849","0.8831","0.8879","0.8826","72.71K","0.22%"
"01/24/2022","0.8830","0.8816","0.8858","0.8814","93.65K","0.15%"
"01/21/2022","0.8817","0.8840","0.8849","0.8803","70.09K","-0.27%"
"01/20/2022","0.8841","0.8817","0.8848","0.8796","74.10K","0.27%"
"01/19/2022","0.8817","0.8834","0.8836","0.8805","87.94K","-0.14%"
"01/18/2022","0.8829","0.8766","0.8839","0.8755","102.17K","0.73%"
"01/17/2022","0.8765","0.8762","0.8779","0.8745","60.66K","0.06%"
"01/14/2022","0.8760","0.8729","0.8774","0.8708","63.78K","0.34%"
"01/13/2022","0.8730","0.8739","0.8745","0.8709","59.44K","-0.10%"
"01/12/2022","0.8739","0.8799","0.8808","0.8731","60.52K","-0.67%"
"01/11/2022","0.8798","0.8830","0.8840","0.8791","58.48K","-0.36%"
"01/10/2022","0.8830","0.8809","0.8862","0.8802","55.31K","0.32%"
"01/07/2022","0.8802","0.8855","0.8858","0.8799","44.10K","-0.60%"
"01/06/2022","0.8855","0.8839","0.8862","0.8824","66.51K","0.19%"
"01/05/2022","0.8838","0.8860","0.8868","0.8813","45.06K","-0.25%"
"01/04/2022","0.8860","0.8852","0.8872","0.8831","47.58K","0.08%"
"01/03/2022","0.8853","0.8799","0.8866","0.8787","33.87K","0.65%"
"12/31/2021","0.8796","0.8833","0.8848","0.8782","25.72K","-0.40%"
"12/30/2021","0.8831","0.8811","0.8851","0.8803","37.87K","0.23%"
"12/29/2021","0.8811","0.8842","0.8871","0.8796","42.45K","-0.34%"
"12/28/2021","0.8841","0.8829","0.8858","0.8823","43.38K","0.15%"
"12/27/2021","0.8828","0.8836","0.8848","0.8822","38.11K","-0.08%"
"12/24/2021","0.8835","0.8827","0.8847","0.8815","47.10K","0.09%"
"12/23/2021","0.8827","0.8830","0.8858","0.8817","58.12K","-0.03%"
"12/22/2021","0.8830","0.8866","0.8878","0.8816","62.74K","-0.36%"
"12/21/2021","0.8862","0.8868","0.8881","0.8847","74.53K","-0.07%"
"12/20/2021","0.8868","0.8896","0.8902","0.8846","80.10K","-0.33%"
"12/17/2021","0.8897","0.8826","0.8901","0.8811","64.50K","0.79%"
"12/16/2021","0.8827","0.8861","0.8865","0.8802","67.61K","-0.37%"
"12/15/2021","0.8860","0.8882","0.8912","0.8850","101.41K","-0.25%"
"12/14/2021","0.8882","0.8862","0.8887","0.8829","153.69K","0.23%"
"12/13/2021","0.8862","0.8837","0.8882","0.8834","75.50K","0.25%"
"12/10/2021","0.8840","0.8855","0.8878","0.8830","89.00K","-0.17%"
"12/09/2021","0.8855","0.8817","0.8867","0.8813","81.41K","0.43%"
"12/08/2021","0.8817","0.8876","0.8878","0.8806","141.96K","-0.65%"
"12/07/2021","0.8875","0.8860","0.8907","0.8849","155.96K","0.17%"
"12/06/2021","0.8860","0.8834","0.8876","0.8834","93.43K","0.25%"
"12/03/2021","0.8838","0.8849","0.8877","0.8823","79.00K","-0.12%"
"12/02/2021","0.8849","0.8834","0.8854","0.8812","85.50K","0.17%"
"12/01/2021","0.8834","0.8820","0.8848","0.8803","117.47K","0.16%"
"11/30/2021","0.8820","0.8856","0.8901","0.8785","128.37K","-0.42%"
"11/29/2021","0.8857","0.8848","0.8883","0.8837","85.22K","0.25%"
"11/26/2021","0.8835","0.8922","0.8925","0.8825","118.35K","-0.99%"
"11/25/2021","0.8923","0.8929","0.8929","0.8904","77.41K","-0.09%"
"11/24/2021","0.8931","0.8891","0.8940","0.8884","81.95K","0.45%"
"11/23/2021","0.8891","0.8900","0.8908","0.8869","94.41K","-0.10%"
"11/22/2021","0.8900","0.8856","0.8905","0.8856","130.39K","0.47%"
"11/19/2021","0.8858","0.8795","0.8889","0.8792","64.96K","0.72%"
"11/18/2021","0.8795","0.8835","0.8839","0.8791","102.38K","-0.45%"
"11/17/2021","0.8835","0.8834","0.8878","0.8824","84.79K","0.01%"
"11/16/2021","0.8834","0.8797","0.8843","0.8782","75.97K","0.43%"
"11/15/2021","0.8796","0.8733","0.8806","0.8723","68.25K","0.72%"
"11/12/2021","0.8733","0.8731","0.8747","0.8724","67.65K","0.00%"
"11/11/2021","0.8733","0.8710","0.8739","0.8704","52.72K","0.25%"
"11/10/2021","0.8711","0.8626","0.8714","0.8623","77.73K","0.99%"
"11/09/2021","0.8626","0.8629","0.8644","0.8614","59.02K","-0.03%"
"11/08/2021","0.8629","0.8655","0.8658","0.8624","68.43K","-0.19%"
"11/05/2021","0.8645","0.8656","0.8686","0.8640","73.65K","-0.12%"
"11/04/2021","0.8655","0.8612","0.8675","0.8608","81.97K","0.50%"
"11/03/2021","0.8612","0.8637","0.8650","0.8609","84.99K","-0.29%"
"11/02/2021","0.8637","0.8615","0.8640","0.8610","76.22K","0.23%"
"11/01/2021","0.8617","0.8652","0.8662","0.8614","88.67K","-0.37%"
"10/29/2021","0.8649","0.8562","0.8670","0.8554","66.75K","1.03%"
"10/28/2021","0.8561","0.8617","0.8635","0.8552","76.73K","-0.65%"
"10/27/2021","0.8617","0.8623","0.8632","0.8601","58.77K","-0.09%"
"10/26/2021","0.8625","0.8616","0.8632","0.8601","52.40K","0.12%"
"10/25/2021","0.8615","0.8589","0.8628","0.8572","64.09K","0.35%"
"10/22/2021","0.8585","0.8604","0.8606","0.8580","59.50K","-0.22%"
"10/21/2021","0.8604","0.8584","0.8606","0.8571","62.61K","0.24%"
"10/20/2021","0.8583","0.8596","0.8609","0.8577","58.84K","-0.15%"
"10/19/2021","0.8596","0.8613","0.8615","0.8569","54.62K","-0.20%"
"10/18/2021","0.8613","0.8623","0.8643","0.8603","80.36K","-0.09%"
"10/15/2021","0.8621","0.8622","0.8630","0.8606","77.65K","-0.03%"
"10/14/2021","0.8624","0.8626","0.8633","0.8602","47.44K","-0.02%"
"10/13/2021","0.8626","0.8675","0.8676","0.8622","81.90K","-0.55%"
"10/12/2021","0.8674","0.8655","0.8678","0.8643","49.29K","0.20%"
"10/11/2021","0.8657","0.8638","0.8659","0.8630","61.78K","0.15%"
"10/08/2021","0.8644","0.8658","0.8665","0.8632","55.79K","-0.15%"
"10/07/2021","0.8657","0.8654","0.8660","0.8641","58.87K","0.05%"
"10/06/2021","0.8653","0.8619","0.8674","0.8617","68.60K","0.35%"
"10/05/2021","0.8623","0.8604","0.8636","0.8603","67.91K","0.21%"
"10/04/2021","0.8605","0.8626","0.8631","0.8591","52.38K","-0.22%"
"10/01/2021","0.8624","0.8635","0.8649","0.8615","51.54K","-0.12%"
"09/30/2021","0.8634","0.8624","0.8649","0.8612","73.40K","0.13%"
"09/29/2021","0.8623","0.8560","0.8629","0.8554","66.60K","0.74%"
"09/28/2021","0.8560","0.8550","0.8571","0.8544","74.31K","0.11%"
"09/27/2021","0.8551","0.8530","0.8558","0.8527","60.19K","0.18%"
"09/24/2021","0.8536","0.8520","0.8547","0.8512","75.21K","0.19%"
"09/23/2021","0.8520","0.8558","0.8560","0.8510","70.89K","-0.42%"
"09/22/2021","0.8556","0.8529","0.8559","0.8506","74.06K","0.32%"
"09/21/2021","0.8529","0.8529","0.8537","0.8510","67.77K","0.01%"
"09/20/2021","0.8528","0.8524","0.8547","0.8520","68.96K","0.00%"
"09/17/2021","0.8528","0.8502","0.8530","0.8482","66.23K","0.33%"
"09/16/2021","0.8500","0.8464","0.8510","0.8459","91.38K","0.44%"
"09/15/2021","0.8463","0.8471","0.8476","0.8451","66.94K","-0.11%"
"09/14/2021","0.8472","0.8466","0.8475","0.8441","69.12K","0.05%"
"09/13/2021","0.8468","0.8465","0.8497","0.8462","51.85K","0.05%"
"09/10/2021","0.8464","0.8456","0.8469","0.8438","66.66K","0.09%"
"09/09/2021","0.8456","0.8463","0.8471","0.8444","60.73K","-0.09%"
"09/08/2021","0.8464","0.8446","0.8474","0.8438","79.42K","0.21%"
"09/07/2021","0.8446","0.8425","0.8448","0.8414","72.58K","0.25%"
"09/06/2021","0.8425","0.8419","0.8436","0.8412","49.82K","0.11%"
"09/03/2021","0.8416","0.8421","0.8428","0.8397","84.79K","-0.06%"
"09/02/2021","0.8421","0.8446","0.8451","0.8420","62.57K","-0.31%"
"09/01/2021","0.8447","0.8468","0.8480","0.8434","75.94K","-0.26%"
"08/31/2021","0.8469","0.8477","0.8479","0.8441","72.91K","-0.09%"
"08/30/2021","0.8477","0.8480","0.8487","0.8467","52.84K","-0.02%"
"08/27/2021","0.8479","0.8510","0.8522","0.8473","96.31K","-0.36%"
"08/26/2021","0.8510","0.8495","0.8514","0.8489","76.19K","0.18%"
"08/25/2021","0.8495","0.8508","0.8529","0.8492","77.10K","-0.14%"
"08/24/2021","0.8507","0.8514","0.8528","0.8500","47.89K","-0.09%"
"08/23/2021","0.8515","0.8552","0.8553","0.8510","55.86K","-0.40%"
"08/20/2021","0.8549","0.8566","0.8574","0.8543","60.24K","-0.19%"
"08/19/2021","0.8565","0.8539","0.8572","0.8535","77.27K","0.30%"
"08/18/2021","0.8539","0.8540","0.8552","0.8516","71.01K","-0.01%"
"08/17/2021","0.8540","0.8492","0.8542","0.8485","66.42K","0.59%"
"08/16/2021","0.8490","0.8479","0.8499","0.8474","67.85K","0.12%"
"08/13/2021","0.8480","0.8527","0.8527","0.8471","61.35K","-0.53%"
"08/12/2021","0.8525","0.8520","0.8530","0.8512","71.78K","0.07%"
"08/11/2021","0.8519","0.8533","0.8543","0.8508","64.43K","-0.16%"
"08/10/2021","0.8533","0.8520","0.8540","0.8515","110.03K","0.16%"
"08/09/2021","0.8519","0.8502","0.8522","0.8497","75.77K","0.20%"
"08/06/2021","0.8502","0.8451","0.8508","0.8449","64.10K","0.60%"
"08/05/2021","0.8451","0.8449","0.8455","0.8433","77.62K","0.02%"
"08/04/2021","0.8449","0.8429","0.8451","0.8403","71.34K","0.21%"
"08/03/2021","0.8431","0.8426","0.8437","0.8408","57.11K","0.06%"
"08/02/2021","0.8426","0.8429","0.8433","0.8405","46.14K","0.02%"
"07/30/2021","0.8424","0.8412","0.8438","0.8397","60.74K","0.14%"
"07/29/2021","0.8412","0.8443","0.8446","0.8408","80.60K","-0.38%"
"07/28/2021","0.8444","0.8463","0.8494","0.8439","93.67K","-0.24%"
"07/27/2021","0.8464","0.8472","0.8497","0.8445","64.66K","-0.12%"
"07/26/2021","0.8474","0.8491","0.8502","0.8462","49.61K","-0.25%"
"07/23/2021","0.8495","0.8497","0.8508","0.8483","72.94K","-0.01%"
"07/22/2021","0.8496","0.8480","0.8506","0.8453","61.50K","0.20%"
"07/21/2021","0.8479","0.8488","0.8510","0.8471","63.86K","-0.12%"
"07/20/2021","0.8489","0.8474","0.8507","0.8471","97.72K","0.17%"
"07/19/2021","0.8475","0.8469","0.8501","0.8457","77.07K","0.06%"
"07/16/2021","0.8470","0.8465","0.8481","0.8458","71.21K","0.06%"
"07/15/2021","0.8465","0.8449","0.8478","0.8438","75.96K","0.19%"
"07/14/2021","0.8449","0.8492","0.8495","0.8446","53.48K","-0.51%"
"07/13/2021","0.8492","0.8431","0.8495","0.8421","57.96K","0.72%"
"07/12/2021","0.8431","0.8424","0.8449","0.8417","73.86K","0.12%"
"07/09/2021","0.8421","0.8444","0.8457","0.8416","51.08K","-0.27%"
"07/08/2021","0.8444","0.8481","0.8487","0.8426","59.00K","-0.44%"
"07/07/2021","0.8481","0.8458","0.8488","0.8447","57.92K","0.27%"
"07/06/2021","0.8458","0.8430","0.8470","0.8407","90.38K","0.33%"
"07/05/2021","0.8430","0.8431","0.8438","0.8417","51.44K","0.02%"
"07/02/2021","0.8428","0.8439","0.8470","0.8421","62.36K","-0.13%"
"07/01/2021","0.8439","0.8433","0.8448","0.8414","53.04K","0.06%"
"06/30/2021","0.8434","0.8406","0.8443","0.8397","60.66K","0.33%"
"06/29/2021","0.8406","0.8385","0.8419","0.8381","57.48K","0.25%"
"06/28/2021","0.8385","0.8379","0.8402","0.8371","51.12K","0.07%"
"06/25/2021","0.8379","0.8381","0.8385","0.8350","61.85K","-0.02%"
"06/24/2021","0.8381","0.8385","0.8391","0.8364","77.34K","-0.05%"
"06/23/2021","0.8385","0.8376","0.8396","0.8354","64.06K","0.11%"
"06/22/2021","0.8376","0.8392","0.8417","0.8366","76.87K","-0.19%"
"06/21/2021","0.8392","0.8426","0.8441","0.8388","107.09K","-0.46%"
"06/18/2021","0.8431","0.8398","0.8441","0.8385","101.78K","0.39%"
"06/17/2021","0.8398","0.8337","0.8409","0.8329","88.23K","0.72%"
"06/16/2021","0.8338","0.8246","0.8338","0.8240","79.83K","1.10%"
"06/15/2021","0.8247","0.8252","0.8264","0.8231","61.73K","-0.06%"
"06/14/2021","0.8252","0.8258","0.8269","0.8244","49.58K","-0.08%"
"06/11/2021","0.8259","0.8217","0.8270","0.8200","79.62K","0.51%"
"06/10/2021","0.8217","0.8210","0.8236","0.8200","77.81K","0.07%"
"06/09/2021","0.8211","0.8215","0.8217","0.8184","58.04K","-0.05%"
"06/08/2021","0.8215","0.8204","0.8221","0.8200","58.82K","0.13%"
"06/07/2021","0.8204","0.8219","0.8234","0.8195","47.63K","-0.18%"
"06/04/2021","0.8219","0.8245","0.8262","0.8206","63.12K","-0.34%"
"06/03/2021","0.8247","0.8190","0.8253","0.8186","59.68K","0.70%"
"06/02/2021","0.8190","0.8188","0.8221","0.8178","67.04K","0.02%"
"06/01/2021","0.8188","0.8179","0.8190","0.8160","73.68K","0.11%"
"05/31/2021","0.8179","0.8202","0.8208","0.8175","75.22K","-0.28%"
"05/28/2021","0.8202","0.8201","0.8243","0.8193","66.94K","0.02%"
"05/27/2021","0.8200","0.8202","0.8214","0.8186","88.02K","-0.02%"
"05/26/2021","0.8202","0.8163","0.8209","0.8154","81.36K","0.49%"
"05/25/2021","0.8162","0.8188","0.8190","0.8152","94.45K","-0.31%"
"05/24/2021","0.8187","0.8212","0.8216","0.8176","89.84K","-0.28%"
"05/21/2021","0.8210","0.8178","0.8223","0.8170","98.55K","0.39%"
"05/20/2021","0.8178","0.8217","0.8218","0.8177","101.34K","-0.45%"
"05/19/2021","0.8215","0.8182","0.8224","0.8166","97.65K","0.40%"
"05/18/2021","0.8182","0.8229","0.8230","0.8174","90.30K","-0.57%"
"05/17/2021","0.8229","0.8238","0.8247","0.8217","84.67K","-0.08%"
"05/14/2021","0.8236","0.8279","0.8285","0.8230","76.08K","-0.52%"
"05/13/2021","0.8279","0.8285","0.8298","0.8259","98.85K","-0.05%"
"05/12/2021","0.8283","0.8232","0.8289","0.8229","102.13K","0.62%"
"05/11/2021","0.8232","0.8245","0.8249","0.8209","118.04K","-0.15%"
"05/10/2021","0.8244","0.8223","0.8246","0.8211","110.40K","0.28%"
"05/07/2021","0.8221","0.8288","0.8297","0.8215","89.19K","-0.81%"
"05/06/2021","0.8288","0.8330","0.8339","0.8283","108.32K","-0.49%"
"05/05/2021","0.8329","0.8325","0.8343","0.8314","121.93K","0.07%"
"05/04/2021","0.8323","0.8289","0.8334","0.8288","113.78K","0.40%"
"05/03/2021","0.8290","0.8312","0.8325","0.8281","68.48K","-0.36%"
"04/30/2021","0.8320","0.8254","0.8323","0.8246","94.17K","0.84%"
"04/29/2021","0.8251","0.8247","0.8263","0.8230","104.13K","0.04%"
"04/28/2021","0.8248","0.8270","0.8295","0.8240","87.02K","-0.28%"
"04/27/2021","0.8271","0.8279","0.8295","0.8269","117.36K","-0.08%"
"04/26/2021","0.8278","0.8269","0.8292","0.8253","94.15K","0.16%"
"04/23/2021","0.8265","0.8323","0.8325","0.8264","94.70K","-0.70%"
"04/22/2021","0.8323","0.8309","0.8339","0.8285","114.06K","0.17%"
"04/21/2021","0.8309","0.8308","0.8335","0.8303","116.32K","0.00%"
"04/20/2021","0.8309","0.8309","0.8318","0.8278","109.15K","0.00%"
"04/19/2021","0.8309","0.8345","0.8374","0.8300","82.28K","-0.42%"
"04/16/2021","0.8344","0.8357","0.8369","0.8337","107.29K","-0.16%"
"04/15/2021","0.8357","0.8348","0.8364","0.8337","127.72K","0.11%"
"04/14/2021","0.8348","0.8370","0.8371","0.8342","108.55K","-0.25%"
"04/13/2021","0.8369","0.8396","0.8419","0.8364","104.19K","-0.32%"
"04/12/2021","0.8396","0.8410","0.8424","0.8390","97.85K","-0.07%"
"04/09/2021","0.8402","0.8395","0.8427","0.8389","83.39K","0.10%"
"04/08/2021","0.8394","0.8427","0.8431","0.8384","87.06K","-0.36%"
"04/07/2021","0.8424","0.8421","0.8431","0.8392","105.52K","0.05%"
"04/06/2021","0.8420","0.8465","0.8478","0.8419","81.85K","-0.54%"
"04/05/2021","0.8466","0.8503","0.8520","0.8460","39.42K","-0.41%"
"04/02/2021","0.8501","0.8492","0.8512","0.8484","46.83K","0.11%"
"04/01/2021","0.8492","0.8525","0.8538","0.8489","114.05K","-0.40%"
"03/31/2021","0.8526","0.8536","0.8545","0.8503","109.16K","-0.12%"
"03/30/2021","0.8536","0.8501","0.8539","0.8493","73.52K","0.41%"
"03/29/2021","0.8501","0.8479","0.8503","0.8477","84.18K","0.26%"
"03/26/2021","0.8479","0.8501","0.8502","0.8471","101.87K","-0.26%"
"03/25/2021","0.8501","0.8466","0.8502","0.8454","109.83K","0.41%"
"03/24/2021","0.8466","0.8439","0.8468","0.8436","124.61K","0.32%"
"03/23/2021","0.8439","0.8381","0.8445","0.8374","94.56K","0.72%"
"03/22/2021","0.8379","0.8404","0.8424","0.8370","99.73K","-0.26%"
"03/19/2021","0.8401","0.8393","0.8422","0.8376","108.42K","0.10%"
"03/18/2021","0.8393","0.8348","0.8399","0.8341","98.75K","0.54%"
"03/17/2021","0.8348","0.8400","0.8414","0.8343","101.58K","-0.64%"
"03/16/2021","0.8402","0.8383","0.8416","0.8367","96.88K","0.23%"
"03/15/2021","0.8383","0.8367","0.8396","0.8355","96.80K","0.20%"
"03/12/2021","0.8366","0.8346","0.8397","0.8341","107.51K","0.28%"
"03/11/2021","0.8343","0.8385","0.8392","0.8340","104.72K","-0.50%"
"03/10/2021","0.8385","0.8404","0.8426","0.8382","111.86K","-0.23%"
"03/09/2021","0.8404","0.8441","0.8450","0.8392","127.75K","-0.46%"
"03/08/2021","0.8443","0.8388","0.8444","0.8380","119.38K","0.62%"
"03/05/2021","0.8391","0.8356","0.8408","0.8348","121.58K","0.42%"
"03/04/2021","0.8356","0.8289","0.8361","0.8287","130.05K","0.81%"
"03/03/2021","0.8289","0.8270","0.8304","0.8255","125.20K","0.22%"
"03/02/2021","0.8271","0.8300","0.8340","0.8268","117.17K","-0.35%"
"03/01/2021","0.8300","0.8279","0.8315","0.8263","138.89K","0.23%"
"02/26/2021","0.8281","0.8213","0.8291","0.8206","158.34K","0.84%"
"02/25/2021","0.8212","0.8221","0.8227","0.8168","179.31K","-0.12%"
"02/24/2021","0.8222","0.8231","0.8259","0.8213","130.68K","-0.11%"
"02/23/2021","0.8231","0.8227","0.8241","0.8210","149.82K","0.05%"
"02/22/2021","0.8227","0.8253","0.8271","0.8217","111.59K","-0.30%"
"02/19/2021","0.8252","0.8271","0.8277","0.8234","128.46K","-0.24%"
"02/18/2021","0.8272","0.8307","0.8309","0.8268","126.81K","-0.42%"
"02/17/2021","0.8307","0.8261","0.8318","0.8257","134.24K","0.57%"
"02/16/2021","0.8260","0.8245","0.8268","0.8217","123.99K","0.19%"
"02/15/2021","0.8244","0.8249","0.8254","0.8234","86.10K","-0.08%"
"02/12/2021","0.8251","0.8244","0.8278","0.8240","96.59K","0.08%"
"02/11/2021","0.8244","0.8253","0.8256","0.8231","103.48K","-0.11%"
"02/10/2021","0.8253","0.8252","0.8259","0.8234","125.15K","0.01%"
"02/09/2021","0.8252","0.8300","0.8303","0.8249","134.12K","-0.58%"
"02/08/2021","0.8300","0.8305","0.8321","0.8287","150.87K","-0.04%"
"02/05/2021","0.8303","0.8359","0.8367","0.8298","106.01K","-0.68%"
"02/04/2021","0.8360","0.8310","0.8364","0.8303","116.51K","0.60%"
"02/03/2021","0.8310","0.8303","0.8332","0.8298","140.65K","0.07%"
"02/02/2021","0.8304","0.8293","0.8326","0.8272","165.35K","0.14%"
"02/01/2021","0.8292","0.8238","0.8297","0.8234","150.23K","0.63%"
"01/29/2021","0.8240","0.8250","0.8270","0.8226","181.14K","-0.11%"
"01/28/2021","0.8249","0.8258","0.8279","0.8236","194.46K","-0.10%"
"01/27/2021","0.8257","0.8224","0.8294","0.8217","149.64K","0.40%"
"01/26/2021","0.8224","0.8239","0.8259","0.8213","110.11K","-0.17%"
"01/25/2021","0.8238","0.8219","0.8254","0.8208","109.57K","0.23%"
"01/22/2021","0.8219","0.8221","0.8230","0.8203","108.28K","-0.02%"
"01/21/2021","0.8221","0.8261","0.8263","0.8214","118.93K","-0.48%"
"01/20/2021","0.8261","0.8245","0.8281","0.8225","111.47K","0.18%"
"01/19/2021","0.8246","0.8280","0.8283","0.8234","98.73K","-0.41%"
"01/18/2021","0.8280","0.8275","0.8296","0.8271","91.54K","0.01%"
"01/15/2021","0.8279","0.8227","0.8283","0.8221","105.00K","0.66%"
"01/14/2021","0.8225","0.8225","0.8257","0.8211","100.47K","-0.01%"
"01/13/2021","0.8226","0.8191","0.8238","0.8181","103.13K","0.42%"
"01/12/2021","0.8192","0.8229","0.8240","0.8190","117.45K","-0.46%"
"01/11/2021","0.8230","0.8186","0.8243","0.8179","123.21K","0.56%"
"01/08/2021","0.8184","0.8148","0.8202","0.8140","99.67K","0.43%"
"01/07/2021","0.8149","0.8113","0.8167","0.8099","109.24K","0.44%"
"01/06/2021","0.8113","0.8133","0.8153","0.8098","109.23K","-0.23%"
"01/05/2021","0.8132","0.8166","0.8166","0.8126","107.74K","-0.39%"
"01/04/2021","0.8164","0.8176","0.8181","0.8124","100.67K","-0.90%"
"01/01/2021","0.8238","0.8238","0.8238","0.8238","","0.62%"
"12/31/2020","0.8187","0.8132","0.8191","0.8124","89.06K","0.68%"
"12/30/2020","0.8132","0.8165","0.8166","0.8123","104.54K","-0.39%"
"12/29/2020","0.8164","0.8186","0.8192","0.8146","98.52K","-0.27%"
"12/28/2020","0.8186","0.8196","0.8210","0.8163","77.76K","-0.09%"
"12/25/2020","0.8193","0.8206","0.8221","0.8189","14.42K","-0.16%"
"12/24/2020","0.8206","0.8205","0.8213","0.8186","134.45K","0.00%"
"12/23/2020","0.8206","0.8222","0.8228","0.8182","197.63K","-0.19%"
"12/22/2020","0.8222","0.8168","0.8229","0.8158","179.41K","0.66%"
"12/21/2020","0.8168","0.8169","0.8244","0.8161","162.42K","0.11%"
"12/18/2020","0.8159","0.8152","0.8180","0.8148","103.62K","0.09%"
"12/17/2020","0.8152","0.8198","0.8203","0.8148","118.83K","-0.56%"
"12/16/2020","0.8198","0.8229","0.8248","0.8188","141.79K","-0.38%"
"12/15/2020","0.8229","0.8235","0.8250","0.8217","121.00K","-0.06%"
"12/14/2020","0.8234","0.8244","0.8254","0.8212","92.55K","-0.27%"
"12/11/2020","0.8256","0.8240","0.8261","0.8221","86.53K","0.21%"
"12/10/2020","0.8239","0.8276","0.8282","0.8224","94.87K","-0.46%"
"12/09/2020","0.8277","0.8263","0.8293","0.8231","134.03K","0.17%"
"12/08/2020","0.8263","0.8258","0.8268","0.8241","150.89K","0.05%"
"12/07/2020","0.8259","0.8245","0.8280","0.8219","130.83K","0.11%"
"12/04/2020","0.8250","0.8234","0.8258","0.8211","131.09K","0.18%"
"12/03/2020","0.8235","0.8254","0.8264","0.8213","132.12K","-0.24%"
"12/02/2020","0.8255","0.8285","0.8306","0.8251","105.23K","-0.36%"
"12/01/2020","0.8285","0.8384","0.8385","0.8280","100.31K","-1.17%"
"11/30/2020","0.8383","0.8363","0.8387","0.8330","74.00K","0.29%"
"11/27/2020","0.8359","0.8395","0.8399","0.8358","72.27K","-0.42%"
"11/26/2020","0.8394","0.8392","0.8414","0.8374","78.64K","0.01%"
"11/25/2020","0.8393","0.8411","0.8417","0.8382","105.99K","-0.19%"
"11/24/2020","0.8409","0.8445","0.8449","0.8406","96.60K","-0.44%"
"11/23/2020","0.8446","0.8437","0.8475","0.8399","86.12K","0.12%"
"11/20/2020","0.8436","0.8421","0.8439","0.8409","103.33K","0.18%"
"11/19/2020","0.8421","0.8436","0.8463","0.8416","113.76K","-0.18%"
"11/18/2020","0.8436","0.8430","0.8440","0.8409","129.04K","0.07%"
"11/17/2020","0.8430","0.8438","0.8444","0.8407","87.18K","-0.07%"
"11/16/2020","0.8436","0.8454","0.8465","0.8425","84.28K","-0.18%"
"11/13/2020","0.8451","0.8471","0.8476","0.8448","117.64K","-0.24%"
"11/12/2020","0.8471","0.8492","0.8505","0.8458","136.54K","-0.24%"
"11/11/2020","0.8491","0.8468","0.8515","0.8450","141.99K","0.32%"
"11/10/2020","0.8464","0.8466","0.8489","0.8443","164.32K","-0.02%"
"11/09/2020","0.8466","0.8417","0.8479","0.8389","151.73K","0.52%"
"11/06/2020","0.8422","0.8459","0.8479","0.8409","133.32K","-0.39%"
"11/05/2020","0.8455","0.8528","0.8539","0.8431","124.20K","-0.87%"
"11/04/2020","0.8529","0.8537","0.8618","0.8497","143.65K","-0.09%"
"11/03/2020","0.8537","0.8590","0.8596","0.8518","89.57K","-0.63%"
"11/02/2020","0.8591","0.8578","0.8605","0.8578","87.86K","0.07%"
"10/30/2020","0.8585","0.8567","0.8592","0.8544","116.35K","0.22%"
"10/29/2020","0.8566","0.8514","0.8584","0.8504","148.26K","0.61%"
"10/28/2020","0.8514","0.8478","0.8534","0.8476","110.99K","0.42%"
"10/27/2020","0.8478","0.8468","0.8480","0.8446","87.25K","0.11%"
"10/26/2020","0.8469","0.8434","0.8473","0.8431","84.54K","0.45%"
"10/23/2020","0.8431","0.8462","0.8484","0.8428","99.23K","-0.35%"
"10/22/2020","0.8461","0.8430","0.8466","0.8426","92.34K","0.34%"
"10/21/2020","0.8432","0.8459","0.8460","0.8417","102.14K","-0.32%"
"10/20/2020","0.8459","0.8497","0.8504","0.8445","80.90K","-0.47%"
"10/19/2020","0.8499","0.8532","0.8545","0.8479","79.03K","-0.40%"
"10/16/2020","0.8533","0.8542","0.8552","0.8513","99.82K","-0.11%"
"10/15/2020","0.8542","0.8513","0.8556","0.8504","93.65K","0.34%"
"10/14/2020","0.8513","0.8514","0.8533","0.8495","102.00K","-0.01%"
"10/13/2020","0.8514","0.8466","0.8525","0.8463","109.71K","0.58%"
"10/12/2020","0.8465","0.8461","0.8485","0.8455","93.74K","0.11%"
"10/09/2020","0.8456","0.8505","0.8509","0.8451","80.07K","-0.56%"
"10/08/2020","0.8504","0.8502","0.8523","0.8487","123.24K","0.02%"
"10/07/2020","0.8502","0.8523","0.8529","0.8487","110.95K","-0.25%"
"10/06/2020","0.8523","0.8488","0.8524","0.8469","116.86K","0.42%"
"10/05/2020","0.8487","0.8536","0.8542","0.8476","89.85K","-0.57%"
"10/02/2020","0.8536","0.8513","0.8550","0.8510","133.92K","0.28%"
"10/01/2020","0.8512","0.8533","0.8535","0.8496","124.50K","-0.25%"
"09/30/2020","0.8533","0.8516","0.8558","0.8507","97.74K","0.21%"
"09/29/2020","0.8515","0.8572","0.8576","0.8513","83.24K","-0.66%"
"09/28/2020","0.8572","0.8593","0.8610","0.8561","67.39K","-0.29%"
"09/25/2020","0.8597","0.8569","0.8612","0.8558","110.25K","0.35%"
"09/24/2020","0.8567","0.8576","0.8602","0.8556","137.59K","-0.10%"
"09/23/2020","0.8576","0.8541","0.8583","0.8533","138.95K","0.40%"
"09/22/2020","0.8542","0.8496","0.8553","0.8493","126.68K","0.54%"
"09/21/2020","0.8496","0.8441","0.8525","0.8423","138.82K","0.58%"
"09/18/2020","0.8447","0.8440","0.8456","0.8424","101.56K","0.08%"
"09/17/2020","0.8440","0.8464","0.8521","0.8436","120.76K","-0.28%"
"09/16/2020","0.8464","0.8439","0.8484","0.8415","99.17K","0.27%"
"09/15/2020","0.8441","0.8429","0.8447","0.8403","74.09K","0.18%"
"09/14/2020","0.8426","0.8446","0.8454","0.8412","66.10K","-0.18%"
"09/11/2020","0.8441","0.8465","0.8466","0.8421","85.26K","-0.27%"
"09/10/2020","0.8464","0.8474","0.8475","0.8391","97.14K","-0.11%"
"09/09/2020","0.8473","0.8489","0.8509","0.8450","107.96K","-0.22%"
"09/08/2020","0.8492","0.8463","0.8500","0.8454","108.81K","0.35%"
"09/07/2020","0.8462","0.8451","0.8466","0.8439","72.67K","0.18%"
"09/04/2020","0.8447","0.8439","0.8489","0.8428","99.67K","0.09%"
"09/03/2020","0.8439","0.8438","0.8483","0.8428","106.37K","0.04%"
"09/02/2020","0.8436","0.8396","0.8459","0.8382","102.49K","0.49%"
"09/01/2020","0.8395","0.8378","0.8403","0.8325","103.88K","0.20%"
"08/31/2020","0.8378","0.8404","0.8415","0.8357","86.89K","-0.26%"
"08/28/2020","0.8400","0.8459","0.8467","0.8389","95.95K","-0.70%"
"08/27/2020","0.8459","0.8453","0.8502","0.8402","104.95K","0.07%"
"08/26/2020","0.8453","0.8450","0.8495","0.8446","99.77K","0.04%"
"08/25/2020","0.8450","0.8480","0.8487","0.8443","99.43K","-0.39%"
"08/24/2020","0.8483","0.8484","0.8487","0.8439","86.28K","0.07%"
"08/21/2020","0.8477","0.8432","0.8508","0.8415","98.56K","0.55%"
"08/20/2020","0.8431","0.8447","0.8474","0.8425","114.05K","-0.20%"
"08/19/2020","0.8448","0.8382","0.8454","0.8366","110.24K","0.79%"
"08/18/2020","0.8382","0.8424","0.8428","0.8357","104.99K","-0.51%"
"08/17/2020","0.8425","0.8446","0.8454","0.8417","86.60K","-0.23%"
"08/14/2020","0.8444","0.8464","0.8487","0.8438","78.13K","-0.25%"
"08/13/2020","0.8465","0.8485","0.8489","0.8428","93.34K","-0.26%"
"08/12/2020","0.8487","0.8518","0.8539","0.8464","81.07K","-0.36%"
"08/11/2020","0.8518","0.8520","0.8531","0.8469","101.79K","-0.02%"
"08/10/2020","0.8520","0.8484","0.8521","0.8473","87.41K","0.42%"
"08/07/2020","0.8484","0.8420","0.8507","0.8414","102.81K","0.76%"
"08/06/2020","0.8420","0.8430","0.8462","0.8392","121.22K","-0.12%"
"08/05/2020","0.8430","0.8474","0.8480","0.8399","106.24K","-0.51%"
"08/04/2020","0.8473","0.8500","0.8532","0.8470","90.12K","-0.34%"
"08/03/2020","0.8502","0.8487","0.8550","0.8476","97.01K","0.14%"
"07/31/2020","0.8490","0.8442","0.8504","0.8397","111.28K","0.58%"
"07/30/2020","0.8441","0.8484","0.8525","0.8440","119.56K","-0.47%"
"07/29/2020","0.8481","0.8534","0.8537","0.8470","99.77K","-0.64%"
"07/28/2020","0.8536","0.8509","0.8548","0.8493","103.30K","0.31%"
"07/27/2020","0.8510","0.8587","0.8594","0.8488","102.17K","-0.82%"
"07/24/2020","0.8580","0.8623","0.8635","0.8577","107.48K","-0.51%"
"07/23/2020","0.8624","0.8640","0.8666","0.8600","101.83K","-0.23%"
"07/22/2020","0.8644","0.8676","0.8691","0.8620","98.98K","-0.37%"
"07/21/2020","0.8676","0.8736","0.8755","0.8665","91.41K","-0.70%"
"07/20/2020","0.8737","0.8765","0.8771","0.8720","91.33K","-0.16%"
"07/17/2020","0.8751","0.8785","0.8790","0.8738","104.77K","-0.38%"
"07/16/2020","0.8784","0.8764","0.8795","0.8739","117.85K","0.24%"
"07/15/2020","0.8763","0.8772","0.8779","0.8732","114.09K","-0.13%"
"07/14/2020","0.8774","0.8817","0.8831","0.8765","122.19K","-0.48%"
"07/13/2020","0.8816","0.8850","0.8852","0.8791","94.59K","-0.38%"
"07/10/2020","0.8850","0.8863","0.8886","0.8830","92.41K","-0.14%"
"07/09/2020","0.8862","0.8827","0.8866","0.8794","102.92K","0.41%"
"07/08/2020","0.8826","0.8871","0.8880","0.8809","114.71K","-0.52%"
"07/07/2020","0.8872","0.8844","0.8882","0.8824","118.91K","0.33%"
"07/06/2020","0.8843","0.8896","0.8897","0.8813","92.46K","-0.53%"
"07/03/2020","0.8890","0.8897","0.8914","0.8886","117.33K","-0.09%"
"07/02/2020","0.8898","0.8888","0.8911","0.8847","109.99K","0.11%"
"07/01/2020","0.8888","0.8903","0.8941","0.8869","98.49K","-0.17%"
"06/30/2020","0.8903","0.8896","0.8936","0.8879","125.66K","0.08%"
"06/29/2020","0.8896","0.8908","0.8916","0.8858","120.44K","-0.20%"
"06/26/2020","0.8914","0.8913","0.8933","0.8897","117.83K","-0.01%"
"06/25/2020","0.8915","0.8889","0.8937","0.8880","130.06K","0.30%"
"06/24/2020","0.8888","0.8843","0.8891","0.8829","121.53K","0.50%"
"06/23/2020","0.8844","0.8882","0.8903","0.8811","131.87K","-0.42%"
"06/22/2020","0.8881","0.8941","0.8954","0.8873","109.67K","-0.74%"
"06/19/2020","0.8947","0.8924","0.8954","0.8885","122.27K","0.24%"
"06/18/2020","0.8926","0.8894","0.8940","0.8878","125.42K","0.37%"
"06/17/2020","0.8893","0.8878","0.8924","0.8854","137.08K","0.17%"
"06/16/2020","0.8878","0.8832","0.8907","0.8808","120.58K","0.53%"
"06/15/2020","0.8831","0.8893","0.8908","0.8823","127.37K","-0.61%"
"06/12/2020","0.8885","0.8851","0.8919","0.8818","119.07K","0.38%"
"06/11/2020","0.8851","0.8793","0.8860","0.8769","144.07K","0.64%"
"06/10/2020","0.8795","0.8817","0.8832","0.8755","120.98K","-0.28%"
"06/09/2020","0.8820","0.8852","0.8897","0.8799","119.40K","-0.40%"
"06/08/2020","0.8855","0.8859","0.8875","0.8834","92.17K","-0.07%"
"06/05/2020","0.8861","0.8820","0.8867","0.8784","118.69K","0.46%"
"06/04/2020","0.8820","0.8902","0.8933","0.8801","123.94K","-0.92%"
"06/03/2020","0.8902","0.8951","0.8956","0.8883","136.51K","-0.56%"
"06/02/2020","0.8952","0.8979","0.8997","0.8932","128.72K","-0.32%"
"06/01/2020","0.8981","0.9012","0.9013","0.8965","103.97K","-0.32%"
"05/29/2020","0.9010","0.9028","0.9034","0.8972","119.66K","-0.20%"
"05/28/2020","0.9028","0.9087","0.9099","0.9014","121.59K","-0.65%"
"05/27/2020","0.9087","0.9105","0.9146","0.9065","123.60K","-0.21%"
"05/26/2020","0.9106","0.9175","0.9182","0.9094","100.33K","-0.74%"
"05/25/2020","0.9174","0.9173","0.9200","0.9162","65.12K","0.00%"
"05/22/2020","0.9174","0.9133","0.9187","0.9124","118.98K","0.46%"
"05/21/2020","0.9132","0.9108","0.9144","0.9083","109.50K","0.25%"
"05/20/2020","0.9109","0.9151","0.9160","0.9091","118.50K","-0.50%"
"05/19/2020","0.9155","0.9164","0.9173","0.9110","112.06K","-0.10%"
"05/18/2020","0.9164","0.9246","0.9260","0.9151","90.58K","-0.89%"
"05/15/2020","0.9246","0.9255","0.9269","0.9216","98.48K","-0.10%"
"05/14/2020","0.9255","0.9244","0.9281","0.9238","115.47K","0.11%"
"05/13/2020","0.9245","0.9219","0.9250","0.9177","119.99K","0.28%"
"05/12/2020","0.9219","0.9254","0.9273","0.9187","125.12K","-0.37%"
"05/11/2020","0.9253","0.9227","0.9259","0.9216","96.78K","0.30%"
"05/08/2020","0.9225","0.9231","0.9247","0.9194","104.97K","-0.05%"
"05/07/2020","0.9230","0.9264","0.9289","0.9229","109.25K","-0.37%"
"05/06/2020","0.9264","0.9225","0.9275","0.9218","106.06K","0.39%"
"05/05/2020","0.9228","0.9169","0.9238","0.9152","100.33K","0.65%"
"05/04/2020","0.9168","0.9107","0.9179","0.9107","87.75K","0.67%"
"05/01/2020","0.9107","0.9128","0.9146","0.9076","91.35K","-0.22%"
"04/30/2020","0.9127","0.9198","0.9232","0.9114","122.44K","-0.75%"
"04/29/2020","0.9196","0.9243","0.9245","0.9186","131.41K","-0.50%"
"04/28/2020","0.9242","0.9234","0.9251","0.9183","132.70K","0.09%"
"04/27/2020","0.9234","0.9252","0.9253","0.9206","113.19K","-0.08%"
"04/24/2020","0.9241","0.9278","0.9323","0.9233","119.65K","-0.40%"
"04/23/2020","0.9278","0.9239","0.9298","0.9219","121.04K","0.41%"
"04/22/2020","0.9240","0.9211","0.9258","0.9186","114.98K","0.33%"
"04/21/2020","0.9210","0.9207","0.9246","0.9190","121.51K","0.04%"
"04/20/2020","0.9206","0.9196","0.9225","0.9177","114.31K","0.10%"
"04/17/2020","0.9197","0.9230","0.9250","0.9180","129.16K","-0.34%"
"04/16/2020","0.9228","0.9166","0.9245","0.9163","128.71K","0.67%"
"04/15/2020","0.9167","0.9107","0.9211","0.9098","111.31K","0.66%"
"04/14/2020","0.9107","0.9162","0.9171","0.9101","110.47K","-0.61%"
"04/13/2020","0.9163","0.9140","0.9181","0.9117","62.17K","0.21%"
"04/10/2020","0.9144","0.9149","0.9159","0.9131","62.11K","-0.07%"
"04/09/2020","0.9150","0.9211","0.9225","0.9131","116.28K","-0.65%"
"04/08/2020","0.9210","0.9182","0.9234","0.9172","128.09K","0.30%"
"04/07/2020","0.9182","0.9266","0.9274","0.9153","140.12K","-0.91%"
"04/06/2020","0.9266","0.9248","0.9288","0.9229","115.26K","0.15%"
"04/03/2020","0.9252","0.9210","0.9283","0.9204","114.66K","0.46%"
"04/02/2020","0.9210","0.9121","0.9242","0.9116","131.83K","0.98%"
"04/01/2020","0.9121","0.9066","0.9172","0.9058","127.78K","0.61%"
"03/31/2020","0.9066","0.9053","0.9153","0.9045","132.03K","0.17%"
"03/30/2020","0.9051","0.8980","0.9083","0.8973","120.26K","0.85%"
"03/27/2020","0.8975","0.9066","0.9130","0.8971","137.10K","-1.01%"
"03/26/2020","0.9067","0.9190","0.9200","0.9042","135.71K","-1.34%"
"03/25/2020","0.9190","0.9269","0.9294","0.9179","141.89K","-0.85%"
"03/24/2020","0.9269","0.9324","0.9327","0.9184","140.57K","-0.61%"
"03/23/2020","0.9326","0.9350","0.9402","0.9235","142.13K","-0.26%"
"03/20/2020","0.9350","0.9353","0.9401","0.9232","157.42K","-0.03%"
"03/19/2020","0.9353","0.9162","0.9386","0.9106","154.12K","2.08%"
"03/18/2020","0.9162","0.9094","0.9258","0.9054","142.40K","0.75%"
"03/17/2020","0.9094","0.8943","0.9129","0.8937","135.65K","1.69%"
"03/16/2020","0.8943","0.9022","0.9054","0.8899","140.34K","-0.68%"
"03/13/2020","0.9004","0.8941","0.9047","0.8911","150.52K","0.70%"
"03/12/2020","0.8941","0.8874","0.9046","0.8823","141.45K","0.76%"
"03/11/2020","0.8874","0.8865","0.8884","0.8797","136.10K","0.10%"
"03/10/2020","0.8865","0.8737","0.8870","0.8727","130.04K","1.49%"
"03/09/2020","0.8735","0.8856","0.8863","0.8701","140.68K","-1.42%"
"03/06/2020","0.8861","0.8897","0.8920","0.8806","120.58K","-0.40%"
"03/05/2020","0.8897","0.8980","0.8994","0.8893","95.96K","-0.92%"
"03/04/2020","0.8980","0.8951","0.9014","0.8939","99.17K","0.32%"
"03/03/2020","0.8951","0.8982","0.9013","0.8918","111.39K","-0.35%"
"03/02/2020","0.8982","0.9089","0.9089","0.8940","112.46K","-0.96%"
"02/28/2020","0.9069","0.9090","0.9132","0.9047","103.28K","-0.24%"
"02/27/2020","0.9091","0.9188","0.9193","0.9086","96.55K","-1.09%"
"02/26/2020","0.9191","0.9191","0.9213","0.9167","96.52K","0.00%"
"02/25/2020","0.9191","0.9213","0.9234","0.9182","95.39K","-0.24%"
"02/24/2020","0.9213","0.9225","0.9255","0.9198","80.31K","-0.09%"
"02/21/2020","0.9221","0.9272","0.9274","0.9205","72.95K","-0.56%"
"02/20/2020","0.9273","0.9254","0.9280","0.9241","79.09K","0.21%"
"02/19/2020","0.9254","0.9267","0.9275","0.9249","78.97K","-0.13%"
"02/18/2020","0.9266","0.9227","0.9272","0.9227","79.01K","0.40%"
"02/17/2020","0.9229","0.9232","0.9241","0.9216","57.61K","-0.03%"
"02/14/2020","0.9232","0.9225","0.9236","0.9207","71.96K","0.09%"
"02/13/2020","0.9224","0.9197","0.9231","0.9183","74.39K","0.29%"
"02/12/2020","0.9197","0.9161","0.9205","0.9152","71.52K","0.39%"
"02/11/2020","0.9161","0.9165","0.9183","0.9153","73.61K","-0.04%"
"02/10/2020","0.9165","0.9132","0.9168","0.9126","75.92K","0.31%"
"02/07/2020","0.9137","0.9105","0.9140","0.9103","69.26K","0.33%"
"02/06/2020","0.9107","0.9092","0.9121","0.9079","72.55K","0.16%"
"02/05/2020","0.9092","0.9055","0.9097","0.9051","71.87K","0.41%"
"02/04/2020","0.9055","0.9042","0.9064","0.9038","71.23K","0.14%"
"02/03/2020","0.9042","0.9016","0.9062","0.9012","63.80K","0.31%"
"01/31/2020","0.9014","0.9065","0.9078","0.9012","69.73K","-0.56%"
"01/30/2020","0.9065","0.9083","0.9087","0.9058","71.94K","-0.19%"
"01/29/2020","0.9082","0.9073","0.9098","0.9068","66.91K","0.10%"
"01/28/2020","0.9073","0.9076","0.9093","0.9070","63.23K","-0.02%"
"01/27/2020","0.9075","0.9074","0.9084","0.9059","66.69K","0.04%"
"01/24/2020","0.9071","0.9046","0.9075","0.9040","56.27K","0.27%"
"01/23/2020","0.9047","0.9015","0.9061","0.9002","51.04K","0.35%"
"01/22/2020","0.9015","0.9022","0.9034","0.9010","61.01K","-0.08%"
"01/21/2020","0.9022","0.9013","0.9025","0.8994","59.80K","0.10%"
"01/20/2020","0.9013","0.9016","0.9029","0.9006","48.78K","-0.06%"
"01/17/2020","0.9018","0.8980","0.9021","0.8974","51.68K","0.43%"
"01/16/2020","0.8979","0.8968","0.8987","0.8950","63.96K","0.12%"
"01/15/2020","0.8968","0.8986","0.8995","0.8957","73.34K","-0.20%"
"01/14/2020","0.8986","0.8981","0.9006","0.8972","75.22K","0.06%"
"01/13/2020","0.8981","0.8989","0.8999","0.8971","64.89K","-0.12%"
"01/10/2020","0.8992","0.9005","0.9022","0.8985","63.10K","-0.13%"
"01/09/2020","0.9004","0.9005","0.9015","0.8992","71.07K","-0.01%"
"01/08/2020","0.9005","0.8967","0.9008","0.8954","87.76K","0.43%"
"01/07/2020","0.8966","0.8933","0.8983","0.8930","69.97K","0.40%"
"01/06/2020","0.8930","0.8955","0.8965","0.8923","58.88K","-0.32%"
"01/03/2020","0.8959","0.8951","0.8989","0.8944","56.62K","0.10%"
"01/02/2020","0.8950","0.8919","0.8958","0.8908","43.89K","0.35%"
"01/01/2020","0.8919","0.8919","0.8925","0.8910","0.78K","0.00%"
"12/31/2019","0.8919","0.8931","0.8931","0.8897","43.32K","-0.12%"
"12/30/2019","0.8930","0.8949","0.8953","0.8910","51.64K","-0.20%"
"12/27/2019","0.8948","0.9012","0.9013","0.8938","51.37K","-0.70%"
"12/26/2019","0.9011","0.9017","0.9024","0.9001","30.96K","-0.07%"
"12/25/2019","0.9017","0.9018","0.9031","0.9003","16.74K","-0.02%"
"12/24/2019","0.9019","0.9018","0.9034","0.9013","55.94K","0.00%"
"12/23/2019","0.9019","0.9025","0.9034","0.9012","48.04K","-0.08%"
"12/20/2019","0.9026","0.8992","0.9037","0.8988","49.59K","0.38%"
"12/19/2019","0.8992","0.8999","0.9004","0.8973","53.35K","-0.08%"
"12/18/2019","0.8999","0.8969","0.9001","0.8964","54.79K","0.33%"
"12/17/2019","0.8969","0.8975","0.8986","0.8948","58.49K","-0.06%"
"12/16/2019","0.8974","0.8991","0.8991","0.8962","55.19K","-0.20%"
"12/13/2019","0.8992","0.8985","0.9000","0.8928","81.10K","0.08%"
"12/12/2019","0.8985","0.8985","0.9007","0.8965","67.59K","0.00%"
"12/11/2019","0.8985","0.9016","0.9034","0.8972","62.71K","-0.33%"
"12/10/2019","0.9015","0.9039","0.9040","0.9010","59.62K","-0.27%"
"12/09/2019","0.9039","0.9046","0.9048","0.9026","42.70K","-0.04%"
"12/06/2019","0.9043","0.9007","0.9059","0.9001","47.04K","0.41%"
"12/05/2019","0.9006","0.9026","0.9028","0.9002","53.75K","-0.23%"
"12/04/2019","0.9027","0.9024","0.9037","0.8996","65.26K","0.04%"
"12/03/2019","0.9023","0.9026","0.9038","0.9014","67.16K","-0.03%"
"12/02/2019","0.9026","0.9080","0.9089","0.9017","62.32K","-0.56%"
"11/29/2019","0.9077","0.9084","0.9107","0.9067","57.11K","-0.08%"
"11/28/2019","0.9084","0.9092","0.9092","0.9075","60.18K","-0.09%"
"11/27/2019","0.9092","0.9075","0.9098","0.9070","61.76K","0.19%"
"11/26/2019","0.9075","0.9080","0.9086","0.9069","60.85K","-0.06%"
"11/25/2019","0.9080","0.9071","0.9088","0.9064","57.55K","0.10%"
"11/22/2019","0.9071","0.9043","0.9080","0.9020","65.36K","0.31%"
"11/21/2019","0.9043","0.9031","0.9049","0.9011","70.47K","0.13%"
"11/20/2019","0.9031","0.9027","0.9048","0.9023","75.06K","0.06%"
"11/19/2019","0.9026","0.9032","0.9040","0.9022","67.01K","-0.07%"
"11/18/2019","0.9032","0.9048","0.9052","0.9017","64.20K","-0.18%"
"11/15/2019","0.9048","0.9072","0.9080","0.9043","65.27K","-0.26%"
"11/14/2019","0.9072","0.9086","0.9101","0.9068","68.06K","-0.14%"
"11/13/2019","0.9085","0.9083","0.9096","0.9074","64.75K","0.01%"
"11/12/2019","0.9084","0.9064","0.9089","0.9059","58.97K","0.22%"
"11/11/2019","0.9064","0.9073","0.9078","0.9055","45.87K","-0.12%"
"11/08/2019","0.9075","0.9050","0.9078","0.9045","56.67K","0.28%"
"11/07/2019","0.9050","0.9036","0.9062","0.9015","84.05K","0.13%"
"11/06/2019","0.9038","0.9030","0.9039","0.9014","73.32K","0.09%"
"11/05/2019","0.9030","0.8987","0.9039","0.8976","81.70K","0.48%"
"11/04/2019","0.8987","0.8959","0.8990","0.8948","66.79K","0.36%"
"11/01/2019","0.8955","0.8967","0.8987","0.8951","67.56K","-0.13%"
"10/31/2019","0.8967","0.8968","0.8985","0.8948","84.76K","-0.02%"
"10/30/2019","0.8969","0.9000","0.9026","0.8967","71.39K","-0.34%"
"10/29/2019","0.9000","0.9010","0.9031","0.8993","56.62K","-0.10%"
"10/28/2019","0.9009","0.9024","0.9029","0.9003","49.68K","-0.19%"
"10/25/2019","0.9026","0.9006","0.9032","0.8990","66.88K","0.22%"
"10/24/2019","0.9006","0.8984","0.9015","0.8958","77.93K","0.23%"
"10/23/2019","0.8985","0.8989","0.9005","0.8976","77.54K","-0.04%"
"10/22/2019","0.8989","0.8969","0.8995","0.8962","77.87K","0.21%"
"10/21/2019","0.8970","0.8975","0.8979","0.8945","72.46K","0.20%"
"10/18/2019","0.8952","0.8989","0.8998","0.8950","71.33K","-0.42%"
"10/17/2019","0.8990","0.9032","0.9038","0.8976","86.08K","-0.47%"
"10/16/2019","0.9032","0.9064","0.9073","0.9020","87.18K","-0.35%"
"10/15/2019","0.9064","0.9068","0.9099","0.9053","88.26K","-0.03%"
"10/14/2019","0.9067","0.9055","0.9081","0.9050","70.53K","0.11%"
"10/11/2019","0.9057","0.9086","0.9091","0.9039","92.51K","-0.32%"
"10/10/2019","0.9086","0.9115","0.9116","0.9062","90.93K","-0.32%"
"10/09/2019","0.9115","0.9127","0.9131","0.9099","74.64K","-0.14%"
"10/08/2019","0.9128","0.9115","0.9141","0.9094","77.64K","0.14%"
"10/07/2019","0.9115","0.9111","0.9123","0.9090","63.62K","0.07%"
"10/04/2019","0.9109","0.9121","0.9127","0.9096","77.21K","-0.11%"
"10/03/2019","0.9119","0.9125","0.9141","0.9091","74.96K","-0.07%"
"10/02/2019","0.9125","0.9147","0.9172","0.9121","59.62K","-0.25%"
"10/01/2019","0.9148","0.9174","0.9193","0.9138","66.57K","-0.29%"
"09/30/2019","0.9175","0.9141","0.9188","0.9134","60.67K","0.36%"
"09/27/2019","0.9142","0.9157","0.9171","0.9125","70.74K","-0.15%"
"09/26/2019","0.9156","0.9139","0.9167","0.9117","77.23K","0.19%"
"09/25/2019","0.9139","0.9075","0.9143","0.9071","70.80K","0.71%"
"09/24/2019","0.9075","0.9096","0.9105","0.9070","67.68K","-0.24%"
"09/23/2019","0.9097","0.9078","0.9120","0.9069","62.98K","0.23%"
"09/20/2019","0.9076","0.9057","0.9095","0.9034","66.06K","0.21%"
"09/19/2019","0.9057","0.9067","0.9073","0.9030","68.94K","-0.10%"
"09/18/2019","0.9066","0.9031","0.9080","0.9028","68.22K","0.38%"
"09/17/2019","0.9032","0.9091","0.9100","0.9029","78.20K","-0.64%"
"09/16/2019","0.9090","0.9020","0.9097","0.9015","76.33K","0.66%"
"09/13/2019","0.9030","0.9040","0.9046","0.9001","81.76K","-0.11%"
"09/12/2019","0.9040","0.9082","0.9152","0.9019","89.75K","-0.47%"
"09/11/2019","0.9083","0.9056","0.9104","0.9045","75.20K","0.30%"
"09/10/2019","0.9056","0.9053","0.9066","0.9041","72.76K","0.04%"
"09/09/2019","0.9052","0.9071","0.9079","0.9035","67.88K","-0.17%"
"09/06/2019","0.9067","0.9062","0.9075","0.9044","84.70K","0.06%"
"09/05/2019","0.9062","0.9063","0.9078","0.9021","91.31K","0.00%"
"09/04/2019","0.9062","0.9113","0.9118","0.9059","94.44K","-0.56%"
"09/03/2019","0.9113","0.9116","0.9153","0.9108","94.86K","-0.05%"
"09/02/2019","0.9118","0.9101","0.9127","0.9091","67.02K","0.21%"
"08/30/2019","0.9099","0.9045","0.9122","0.9041","83.85K","0.61%"
"08/29/2019","0.9044","0.9028","0.9057","0.9015","83.42K","0.18%"
"08/28/2019","0.9028","0.9017","0.9032","0.9010","83.86K","0.12%"
"08/27/2019","0.9017","0.9007","0.9021","0.8996","84.15K","0.10%"
"08/26/2019","0.9008","0.8973","0.9015","0.8956","94.64K","0.39%"
"08/23/2019","0.8973","0.9026","0.9049","0.8966","91.22K","-0.59%"
"08/22/2019","0.9026","0.9022","0.9039","0.8998","81.70K","0.04%"
"08/21/2019","0.9022","0.9009","0.9025","0.9003","79.98K","0.14%"
"08/20/2019","0.9009","0.9026","0.9037","0.9003","82.51K","-0.20%"
"08/19/2019","0.9027","0.9016","0.9029","0.8997","71.55K","0.11%"
"08/16/2019","0.9017","0.9004","0.9037","0.8998","75.88K","0.14%"
"08/15/2019","0.9004","0.8978","0.9017","0.8961","92.30K","0.29%"
"08/14/2019","0.8978","0.8952","0.8985","0.8936","91.93K","0.29%"
"08/13/2019","0.8952","0.8918","0.8953","0.8905","92.35K","0.37%"
"08/12/2019","0.8919","0.8926","0.8960","0.8904","72.49K","-0.11%"
"08/09/2019","0.8929","0.8944","0.8945","0.8910","89.36K","-0.18%"
"08/08/2019","0.8945","0.8930","0.8947","0.8903","101.85K","0.17%"
"08/07/2019","0.8930","0.8930","0.8946","0.8895","105.39K","0.01%"
"08/06/2019","0.8929","0.8927","0.8955","0.8889","105.46K","0.02%"
"08/05/2019","0.8927","0.9007","0.9007","0.8918","100.41K","-0.83%"
"08/02/2019","0.9002","0.9022","0.9034","0.8995","97.58K","-0.22%"
"08/01/2019","0.9022","0.9029","0.9069","0.9012","103.82K","-0.08%"
"07/31/2019","0.9029","0.8965","0.9042","0.8958","84.76K","0.71%"
"07/30/2019","0.8965","0.8974","0.8984","0.8960","78.92K","-0.09%"
"07/29/2019","0.8973","0.8988","0.8999","0.8968","64.10K","-0.17%"
"07/26/2019","0.8988","0.8971","0.9000","0.8968","65.45K","0.19%"
"07/25/2019","0.8971","0.8976","0.9008","0.8938","79.25K","-0.07%"
"07/24/2019","0.8977","0.8967","0.8988","0.8962","80.49K","0.11%"
"07/23/2019","0.8967","0.8921","0.8973","0.8920","75.82K","0.52%"
"07/22/2019","0.8921","0.8915","0.8924","0.8908","66.81K","0.11%"
"07/19/2019","0.8911","0.8868","0.8926","0.8863","86.56K","0.48%"
"07/18/2019","0.8868","0.8910","0.8925","0.8864","82.74K","-0.47%"
"07/17/2019","0.8910","0.8920","0.8929","0.8901","72.84K","-0.11%"
"07/16/2019","0.8920","0.8883","0.8928","0.8878","70.68K","0.42%"
"07/15/2019","0.8883","0.8874","0.8887","0.8862","61.89K","0.11%"
"07/12/2019","0.8873","0.8886","0.8899","0.8869","78.18K","-0.15%"
"07/11/2019","0.8886","0.8889","0.8893","0.8860","82.67K","-0.03%"
"07/10/2019","0.8889","0.8923","0.8928","0.8878","81.57K","-0.38%"
"07/09/2019","0.8923","0.8917","0.8934","0.8913","70.42K","0.06%"
"07/08/2019","0.8918","0.8911","0.8924","0.8901","65.61K","0.10%"
"07/05/2019","0.8909","0.8862","0.8924","0.8859","80.74K","0.53%"
"07/04/2019","0.8862","0.8867","0.8871","0.8853","60.35K","-0.06%"
"07/03/2019","0.8867","0.8862","0.8875","0.8841","74.72K","0.06%"
"07/02/2019","0.8862","0.8861","0.8870","0.8834","77.15K","0.01%"
"07/01/2019","0.8861","0.8795","0.8865","0.8791","76.26K","0.74%"
"06/28/2019","0.8796","0.8796","0.8810","0.8777","65.17K","0.00%"
"06/27/2019","0.8796","0.8796","0.8813","0.8786","66.45K","0.00%"
"06/26/2019","0.8796","0.8798","0.8813","0.8779","73.53K","-0.03%"
"06/25/2019","0.8799","0.8773","0.8816","0.8762","72.50K","0.30%"
"06/24/2019","0.8773","0.8802","0.8802","0.8769","59.48K","-0.27%"
"06/21/2019","0.8797","0.8856","0.8864","0.8789","72.79K","-0.65%"
"06/20/2019","0.8855","0.8908","0.8908","0.8835","75.43K","-0.59%"
"06/19/2019","0.8908","0.8935","0.8940","0.8886","58.20K","-0.30%"
"06/18/2019","0.8935","0.8914","0.8944","0.8894","65.20K","0.24%"
"06/17/2019","0.8914","0.8916","0.8926","0.8891","55.65K","-0.09%"
"06/14/2019","0.8922","0.8863","0.8928","0.8857","69.78K","0.61%"
"06/13/2019","0.8868","0.8860","0.8875","0.8846","82.34K","0.11%"
"06/12/2019","0.8858","0.8830","0.8864","0.8815","85.75K","0.37%"
"06/11/2019","0.8825","0.8841","0.8849","0.8820","80.88K","-0.15%"
"06/10/2019","0.8838","0.8831","0.8858","0.8825","69.46K","0.16%"
"06/07/2019","0.8824","0.8869","0.8889","0.8812","75.23K","-0.51%"
"06/06/2019","0.8869","0.8905","0.8918","0.8842","93.76K","-0.48%"
"06/05/2019","0.8912","0.8889","0.8914","0.8844","93.13K","0.27%"
"06/04/2019","0.8888","0.8896","0.8908","0.8867","90.46K","-0.09%"
"06/03/2019","0.8896","0.8954","0.8964","0.8878","90.57K","-0.51%"
"05/31/2019","0.8942","0.8981","0.8989","0.8942","123.50K","-0.48%"
"05/30/2019","0.8985","0.8984","0.8997","0.8973","99.88K","0.01%"
"05/29/2019","0.8984","0.8961","0.8990","0.8949","114.39K","0.26%"
"05/28/2019","0.8961","0.8930","0.8962","0.8926","104.19K","0.35%"
"05/27/2019","0.8930","0.8932","0.8940","0.8916","76.74K","0.06%"
"05/24/2019","0.8925","0.8943","0.8950","0.8918","90.14K","-0.22%"
"05/23/2019","0.8945","0.8968","0.9003","0.8938","102.90K","-0.25%"
"05/22/2019","0.8967","0.8955","0.8972","0.8944","90.51K","0.08%"
"05/21/2019","0.8960","0.8953","0.8976","0.8938","95.76K","0.09%"
"05/20/2019","0.8952","0.8962","0.8969","0.8947","80.11K","-0.10%"
"05/17/2019","0.8961","0.8949","0.8966","0.8940","99.45K","0.12%"
"05/16/2019","0.8950","0.8927","0.8956","0.8908","100.26K","0.26%"
"05/15/2019","0.8927","0.8919","0.8948","0.8908","108.97K","0.09%"
"05/14/2019","0.8919","0.8910","0.8928","0.8892","97.88K","0.10%"
"05/13/2019","0.8910","0.8896","0.8912","0.8876","92.54K","0.10%"
"05/10/2019","0.8901","0.8911","0.8918","0.8886","125.72K","-0.17%"
"05/09/2019","0.8916","0.8935","0.8951","0.8887","129.04K","-0.22%"
"05/08/2019","0.8936","0.8936","0.8943","0.8916","127.31K","0.00%"
"05/07/2019","0.8936","0.8930","0.8956","0.8911","132.43K","0.07%"
"05/06/2019","0.8930","0.8926","0.8961","0.8920","105.09K","0.03%"
"05/03/2019","0.8927","0.8946","0.8981","0.8923","103.47K","-0.21%"
"05/02/2019","0.8946","0.8927","0.8953","0.8912","102.84K","0.16%"
"05/01/2019","0.8932","0.8916","0.8939","0.8876","79.68K","0.17%"
"04/30/2019","0.8917","0.8940","0.8949","0.8904","102.97K","-0.26%"
"04/29/2019","0.8940","0.8967","0.8976","0.8936","82.35K","-0.33%"
"04/26/2019","0.8970","0.8984","0.9000","0.8948","114.90K","-0.14%"
"04/25/2019","0.8983","0.8960","0.8995","0.8958","124.49K","0.19%"
"04/24/2019","0.8966","0.8907","0.8977","0.8903","141.63K","0.67%"
"04/23/2019","0.8906","0.8883","0.8936","0.8878","125.19K","0.28%"
"04/22/2019","0.8881","0.8894","0.8901","0.8878","72.39K","-0.10%"
"04/19/2019","0.8890","0.8896","0.8906","0.8886","89.84K","-0.16%"
"04/18/2019","0.8904","0.8852","0.8908","0.8845","125.60K","0.59%"
"04/17/2019","0.8852","0.8865","0.8867","0.8830","128.15K","-0.15%"
"04/16/2019","0.8865","0.8847","0.8866","0.8838","115.86K","0.26%"
"04/15/2019","0.8842","0.8850","0.8854","0.8832","93.51K","-0.07%"
"04/12/2019","0.8848","0.8886","0.8888","0.8829","128.28K","-0.44%"
"04/11/2019","0.8887","0.8871","0.8890","0.8857","124.36K","0.18%"
"04/10/2019","0.8871","0.8879","0.8906","0.8859","123.97K","-0.09%"
"04/09/2019","0.8879","0.8872","0.8886","0.8860","132.96K","-0.02%"
"04/08/2019","0.8881","0.8915","0.8919","0.8868","101.26K","-0.39%"
"04/05/2019","0.8916","0.8910","0.8921","0.8892","132.17K","0.04%"
"04/04/2019","0.8912","0.8901","0.8925","0.8889","135.43K","0.11%"
"04/03/2019","0.8902","0.8926","0.8929","0.8884","140.49K","-0.26%"
"04/02/2019","0.8925","0.8916","0.8943","0.8914","144.84K","0.08%"
"04/01/2019","0.8918","0.8915","0.8927","0.8889","115.78K","0.04%"
"03/29/2019","0.8914","0.8911","0.8922","0.8890","145.74K","0.10%"
"03/28/2019","0.8905","0.8891","0.8918","0.8878","151.79K","0.12%"
"03/27/2019","0.8894","0.8874","0.8896","0.8860","159.40K","0.19%"
"03/26/2019","0.8877","0.8840","0.8880","0.8827","143.12K","0.42%"
"03/25/2019","0.8840","0.8837","0.8863","0.8824","114.78K","0.01%"
"03/22/2019","0.8839","0.8792","0.8871","0.8777","161.24K","0.53%"
"03/21/2019","0.8792","0.8762","0.8817","0.8742","149.66K","0.34%"
"03/20/2019","0.8762","0.8810","0.8823","0.8734","140.48K","-0.53%"
"03/19/2019","0.8809","0.8821","0.8824","0.8800","131.55K","-0.14%"
"03/18/2019","0.8821","0.8832","0.8836","0.8803","95.07K","-0.10%"
"03/15/2019","0.8830","0.8846","0.8853","0.8813","145.78K","-0.19%"
"03/14/2019","0.8847","0.8829","0.8855","0.8817","169.18K","0.20%"
"03/13/2019","0.8829","0.8860","0.8868","0.8818","160.62K","-0.34%"
"03/12/2019","0.8859","0.8889","0.8894","0.8844","165.86K","-0.34%"
"03/11/2019","0.8889","0.8898","0.8912","0.8882","126.00K","-0.08%"
"03/08/2019","0.8896","0.8934","0.8942","0.8891","136.43K","-0.43%"
"03/07/2019","0.8934","0.8845","0.8948","0.8833","137.53K","1.01%"
"03/06/2019","0.8845","0.8839","0.8861","0.8829","138.89K","0.01%"
"03/05/2019","0.8844","0.8820","0.8858","0.8809","140.88K","0.28%"
"03/04/2019","0.8819","0.8789","0.8843","0.8775","110.26K","0.33%"
"03/01/2019","0.8790","0.8785","0.8810","0.8765","156.73K","-0.06%"
"02/28/2019","0.8795","0.8794","0.8805","0.8756","160.78K","-0.01%"
"02/27/2019","0.8796","0.8779","0.8802","0.8768","151.86K","0.25%"
"02/26/2019","0.8774","0.8798","0.8816","0.8769","142.08K","-0.34%"
"02/25/2019","0.8804","0.8821","0.8831","0.8796","130.22K","-0.14%"
"02/22/2019","0.8816","0.8822","0.8838","0.8804","153.24K","-0.07%"
"02/21/2019","0.8822","0.8821","0.8834","0.8797","162.59K","0.01%"
"02/20/2019","0.8821","0.8818","0.8831","0.8793","147.52K","0.03%"
"02/19/2019","0.8818","0.8842","0.8870","0.8804","135.02K","-0.26%"
"02/18/2019","0.8841","0.8861","0.8863","0.8822","103.75K","-0.15%"
"02/15/2019","0.8854","0.8853","0.8903","0.8840","152.82K","0.01%"
"02/14/2019","0.8853","0.8875","0.8892","0.8841","153.82K","-0.30%"
"02/13/2019","0.8880","0.8830","0.8882","0.8815","153.98K","0.57%"
"02/12/2019","0.8830","0.8865","0.8885","0.8817","144.06K","-0.44%"
"02/11/2019","0.8869","0.8828","0.8877","0.8826","118.57K","0.49%"
"02/08/2019","0.8826","0.8819","0.8835","0.8808","154.67K","0.15%"
"02/07/2019","0.8813","0.8802","0.8832","0.8791","158.35K","0.12%"
"02/06/2019","0.8802","0.8768","0.8804","0.8757","173.89K","0.47%"
"02/05/2019","0.8761","0.8742","0.8773","0.8730","171.17K","0.22%"
"02/04/2019","0.8742","0.8730","0.8757","0.8722","121.20K","0.14%"
"02/01/2019","0.8730","0.8737","0.8747","0.8704","167.34K","-0.07%"
"01/31/2019","0.8736","0.8711","0.8746","0.8683","174.90K","0.28%"
"01/30/2019","0.8712","0.8747","0.8769","0.8693","179.84K","-0.41%"
"01/29/2019","0.8748","0.8749","0.8765","0.8732","178.21K","-0.05%"
"01/28/2019","0.8752","0.8767","0.8781","0.8736","160.92K","-0.17%"
"01/25/2019","0.8767","0.8846","0.8852","0.8756","169.55K","-0.88%"
"01/24/2019","0.8845","0.8787","0.8859","0.8773","155.75K","0.66%"
"01/23/2019","0.8787","0.8803","0.8812","0.8774","139.45K","-0.19%"
"01/22/2019","0.8804","0.8799","0.8823","0.8782","154.96K","0.07%"
"01/21/2019","0.8798","0.8796","0.8807","0.8766","132.28K","-0.03%"
"01/18/2019","0.8801","0.8774","0.8810","0.8762","157.65K","0.28%"
"01/17/2019","0.8776","0.8776","0.8796","0.8765","178.91K","0.05%"
"01/16/2019","0.8772","0.8760","0.8791","0.8751","","0.11%"
"01/15/2019","0.8762","0.8717","0.8788","0.8701","","0.55%"
"01/14/2019","0.8714","0.8719","0.8743","0.8708","","-0.07%"
"01/11/2019","0.8720","0.8697","0.8729","0.8665","155.95K","0.28%"
"01/10/2019","0.8696","0.8664","0.8708","0.8643","","0.37%"
"01/09/2019","0.8664","0.8740","0.8746","0.8654","","-0.87%"
"01/08/2019","0.8740","0.8714","0.8756","0.8706","6.64K","0.30%"
"01/07/2019","0.8714","0.8779","0.8779","0.8708","5.20K","-0.71%"
"01/04/2019","0.8776","0.8778","0.8815","0.8756","144.77K","-0.01%"
"01/03/2019","0.8777","0.8815","0.8843","0.8762","9.25K","-0.44%"
"01/02/2019","0.8816","0.8723","0.8830","0.8697","9.01K","1.07%"
"01/01/2019","0.8723","0.8722","0.8753","0.8660","3.38K","0.06%"
"12/31/2018","0.8718","0.8739","0.8756","0.8718","0.22K","-0.24%"
"12/28/2018","0.8739","0.8749","0.8755","0.8713","","-0.11%"
"12/27/2018","0.8749","0.8809","0.8811","0.8729","9.65K","-0.68%"
"12/26/2018","0.8809","0.8801","0.8817","0.8755","6.79K","0.09%"
"12/25/2018","0.8801","0.8772","0.8803","0.8749","9.26K","0.32%"
"12/24/2018","0.8773","0.8795","0.8810","0.8742","3.16K","-0.24%"
"12/21/2018","0.8794","0.8737","0.8809","0.8715","","0.65%"
"12/20/2018","0.8737","0.8790","0.8795","0.8706","11.03K","-0.60%"
"12/19/2018","0.8790","0.8802","0.8803","0.8740","","-0.14%"
"12/18/2018","0.8802","0.8813","0.8822","0.8769","","-0.12%"
"12/17/2018","0.8813","0.8844","0.8851","0.8804","","-0.33%"
"12/14/2018","0.8842","0.8802","0.8875","0.8793","","0.48%"
"12/13/2018","0.8800","0.8796","0.8827","0.8776","","0.03%"
"12/12/2018","0.8797","0.8837","0.8840","0.8780","","-0.44%"
"12/11/2018","0.8836","0.8806","0.8847","0.8771","","0.34%"
"12/10/2018","0.8806","0.8771","0.8812","0.8738","","0.19%"
"12/07/2018","0.8789","0.8790","0.8804","0.8753","","-0.02%"
"12/06/2018","0.8791","0.8815","0.8834","0.8762","","-0.27%"
"12/05/2018","0.8815","0.8817","0.8842","0.8801","","0.01%"
"12/04/2018","0.8814","0.8808","0.8836","0.8756","","0.07%"
"12/03/2018","0.8808","0.8839","0.8839","0.8787","","-0.33%"
"11/30/2018","0.8837","0.8777","0.8847","0.8771","","0.67%"
"11/29/2018","0.8778","0.8798","0.8813","0.8770","","-0.23%"
"11/28/2018","0.8798","0.8856","0.8877","0.8781","","-0.69%"
"11/27/2018","0.8859","0.8828","0.8868","0.8815","","0.35%"
"11/26/2018","0.8828","0.8817","0.8832","0.8784","","0.12%"
"11/23/2018","0.8817","0.8769","0.8830","0.8755","","0.58%"
"11/22/2018","0.8766","0.8784","0.8788","0.8745","","-0.20%"
"11/21/2018","0.8784","0.8795","0.8801","0.8752","","-0.13%"
"11/20/2018","0.8795","0.8732","0.8805","0.8716","","0.72%"
"11/19/2018","0.8732","0.8767","0.8778","0.8721","","-0.29%"
"11/16/2018","0.8757","0.8827","0.8834","0.8755","","-0.80%"
"11/15/2018","0.8828","0.8843","0.8873","0.8801","","-0.16%"
"11/14/2018","0.8842","0.8858","0.8880","0.8812","","-0.17%"
"11/13/2018","0.8857","0.8914","0.8916","0.8852","","-0.64%"
"11/12/2018","0.8914","0.8826","0.8917","0.8823","","1.04%"
"11/09/2018","0.8822","0.8801","0.8837","0.8795","","0.25%"
"11/08/2018","0.8800","0.8752","0.8810","0.8735","","0.55%"
"11/07/2018","0.8752","0.8751","0.8776","0.8695","","0.00%"
"11/06/2018","0.8752","0.8767","0.8780","0.8742","","-0.17%"
"11/05/2018","0.8767","0.8779","0.8806","0.8753","","-0.17%"
"11/02/2018","0.8782","0.8766","0.8794","0.8729","","0.19%"
"11/01/2018","0.8765","0.8841","0.8845","0.8752","","-0.86%"
"10/31/2018","0.8841","0.8815","0.8849","0.8801","","0.29%"
"10/30/2018","0.8815","0.8793","0.8820","0.8781","","0.24%"
"10/29/2018","0.8794","0.8767","0.8803","0.8759","","0.30%"
"10/26/2018","0.8768","0.8791","0.8823","0.8756","","-0.26%"
"10/25/2018","0.8791","0.8779","0.8807","0.8746","","0.15%"
"10/24/2018","0.8778","0.8718","0.8789","0.8713","","0.70%"
"10/23/2018","0.8717","0.8722","0.8743","0.8700","","-0.07%"
"10/22/2018","0.8723","0.8691","0.8730","0.8658","","0.44%"
"10/19/2018","0.8685","0.8733","0.8748","0.8669","","-0.54%"
"10/18/2018","0.8732","0.8695","0.8735","0.8675","","0.43%"
"10/17/2018","0.8695","0.8640","0.8700","0.8632","","0.64%"
"10/16/2018","0.8640","0.8636","0.8647","0.8604","","0.03%"
"10/15/2018","0.8637","0.8652","0.8669","0.8616","","-0.14%"
"10/12/2018","0.8649","0.8626","0.8670","0.8612","","0.28%"
"10/11/2018","0.8625","0.8681","0.8683","0.8620","","-0.65%"
"10/10/2018","0.8681","0.8703","0.8712","0.8661","","-0.25%"
"10/09/2018","0.8703","0.8703","0.8749","0.8692","","0.01%"
"10/08/2018","0.8702","0.8681","0.8727","0.8669","","0.28%"
"10/05/2018","0.8678","0.8685","0.8708","0.8658","","-0.08%"
"10/04/2018","0.8685","0.8713","0.8724","0.8664","","-0.32%"
"10/03/2018","0.8713","0.8660","0.8723","0.8625","","0.61%"
"10/02/2018","0.8660","0.8637","0.8692","0.8635","","0.25%"
"10/01/2018","0.8638","0.8615","0.8649","0.8600","","0.28%"
"09/28/2018","0.8614","0.8591","0.8645","0.8582","","0.28%"
"09/27/2018","0.8590","0.8518","0.8594","0.8505","","0.83%"
"09/26/2018","0.8519","0.8499","0.8529","0.8476","","0.28%"
"09/25/2018","0.8495","0.8512","0.8525","0.8479","","-0.21%"
"09/24/2018","0.8513","0.8511","0.8531","0.8463","","0.02%"
"09/21/2018","0.8511","0.8492","0.8524","0.8471","","0.22%"
"09/20/2018","0.8492","0.8568","0.8572","0.8485","","-0.88%"
"09/19/2018","0.8567","0.8572","0.8585","0.8535","","-0.05%"
"09/18/2018","0.8571","0.8559","0.8583","0.8529","","0.14%"
"09/17/2018","0.8559","0.8603","0.8608","0.8547","","-0.45%"
"09/14/2018","0.8598","0.8555","0.8608","0.8531","","0.50%"
"09/13/2018","0.8555","0.8601","0.8615","0.8545","","-0.55%"
"09/12/2018","0.8602","0.8618","0.8644","0.8583","","-0.16%"
"09/11/2018","0.8616","0.8626","0.8647","0.8588","","-0.12%"
"09/10/2018","0.8626","0.8652","0.8677","0.8609","","-0.35%"
"09/07/2018","0.8656","0.8603","0.8659","0.8583","","0.59%"
"09/06/2018","0.8605","0.8599","0.8618","0.8577","","0.07%"
"09/05/2018","0.8599","0.8635","0.8664","0.8591","","-0.41%"
"09/04/2018","0.8634","0.8603","0.8674","0.8599","","0.36%"
"09/03/2018","0.8603","0.8624","0.8633","0.8599","","-0.19%"
"08/31/2018","0.8619","0.8569","0.8633","0.8554","","0.58%"
"08/30/2018","0.8569","0.8542","0.8591","0.8533","","0.32%"
"08/29/2018","0.8542","0.8551","0.8583","0.8539","","-0.11%"
"08/28/2018","0.8551","0.8564","0.8575","0.8522","","-0.14%"
"08/27/2018","0.8563","0.8598","0.8626","0.8551","","-0.49%"
"08/24/2018","0.8605","0.8667","0.8671","0.8591","","-0.70%"
"08/23/2018","0.8666","0.8624","0.8674","0.8620","","0.50%"
"08/22/2018","0.8623","0.8643","0.8657","0.8603","","-0.23%"
"08/21/2018","0.8643","0.8710","0.8712","0.8620","","-0.77%"
"08/20/2018","0.8710","0.8740","0.8777","0.8706","","-0.39%"
"08/17/2018","0.8744","0.8790","0.8799","0.8736","","-0.52%"
"08/16/2018","0.8790","0.8815","0.8823","0.8764","","-0.28%"
"08/15/2018","0.8815","0.8816","0.8851","0.8806","","-0.01%"
"08/14/2018","0.8816","0.8765","0.8827","0.8749","","0.58%"
"08/13/2018","0.8765","0.8781","0.8800","0.8746","","0.01%"
"08/10/2018","0.8764","0.8675","0.8783","0.8668","","1.01%"
"08/09/2018","0.8676","0.8614","0.8677","0.8606","","0.73%"
"08/08/2018","0.8613","0.8622","0.8642","0.8599","","-0.10%"
"08/07/2018","0.8622","0.8656","0.8661","0.8614","","-0.39%"
"08/06/2018","0.8656","0.8641","0.8674","0.8640","","0.13%"
"08/03/2018","0.8645","0.8632","0.8651","0.8612","","0.14%"
"08/02/2018","0.8633","0.8577","0.8635","0.8570","","0.65%"
"08/01/2018","0.8577","0.8554","0.8580","0.8546","","0.27%"
"07/31/2018","0.8554","0.8542","0.8560","0.8513","","0.13%"
"07/30/2018","0.8543","0.8577","0.8586","0.8533","","-0.42%"
"07/27/2018","0.8579","0.8589","0.8606","0.8573","","-0.12%"
"07/26/2018","0.8589","0.8526","0.8592","0.8515","","0.73%"
"07/25/2018","0.8527","0.8558","0.8574","0.8518","","-0.36%"
"07/24/2018","0.8558","0.8553","0.8581","0.8534","","0.06%"
"07/23/2018","0.8553","0.8528","0.8561","0.8510","","0.23%"
"07/20/2018","0.8533","0.8589","0.8602","0.8518","","-0.65%"
"07/19/2018","0.8589","0.8592","0.8641","0.8563","","-0.05%"
"07/18/2018","0.8593","0.8576","0.8620","0.8572","","0.20%"
"07/17/2018","0.8576","0.8539","0.8585","0.8514","","0.42%"
"07/16/2018","0.8540","0.8564","0.8566","0.8528","","-0.21%"
"07/13/2018","0.8558","0.8569","0.8612","0.8555","","-0.11%"
"07/12/2018","0.8567","0.8567","0.8585","0.8550","","0.00%"
"07/11/2018","0.8567","0.8515","0.8573","0.8504","","0.61%"
"07/10/2018","0.8515","0.8510","0.8555","0.8501","","0.06%"
"07/09/2018","0.8510","0.8514","0.8525","0.8481","","-0.04%"
"07/06/2018","0.8513","0.8555","0.8563","0.8497","","-0.48%"
"07/05/2018","0.8554","0.8580","0.8585","0.8531","","-0.29%"
"07/04/2018","0.8579","0.8579","0.8600","0.8560","","0.00%"
"07/03/2018","0.8579","0.8592","0.8606","0.8566","","-0.15%"
"07/02/2018","0.8592","0.8584","0.8628","0.8548","","0.40%"
"06/29/2018","0.8558","0.8644","0.8653","0.8553","","-0.99%"
"06/28/2018","0.8644","0.8655","0.8676","0.8620","","-0.14%"
"06/27/2018","0.8656","0.8586","0.8666","0.8567","","0.82%"
"06/26/2018","0.8586","0.8545","0.8595","0.8532","","0.48%"
"06/25/2018","0.8545","0.8579","0.8601","0.8537","","-0.40%"
"06/22/2018","0.8579","0.8618","0.8622","0.8565","","-0.46%"
"06/21/2018","0.8619","0.8642","0.8690","0.8595","","-0.27%"
"06/20/2018","0.8642","0.8629","0.8668","0.8620","","0.15%"
"06/19/2018","0.8629","0.8604","0.8674","0.8587","","0.29%"
"06/18/2018","0.8604","0.8614","0.8648","0.8602","","-0.12%"
"06/15/2018","0.8614","0.8645","0.8664","0.8600","","-0.35%"
"06/14/2018","0.8644","0.8481","0.8650","0.8437","","1.92%"
"06/13/2018","0.8481","0.8515","0.8529","0.8473","","-0.40%"
"06/12/2018","0.8515","0.8487","0.8523","0.8468","","0.33%"
"06/11/2018","0.8487","0.8500","0.8509","0.8459","","-0.13%"
"06/08/2018","0.8498","0.8475","0.8529","0.8466","","0.26%"
"06/07/2018","0.8476","0.8494","0.8495","0.8445","","-0.21%"
"06/06/2018","0.8494","0.8534","0.8540","0.8477","","-0.47%"
"06/05/2018","0.8534","0.8548","0.8582","0.8523","","-0.16%"
"06/04/2018","0.8548","0.8580","0.8582","0.8514","","-0.33%"
"06/01/2018","0.8576","0.8553","0.8608","0.8534","","0.27%"
"05/31/2018","0.8553","0.8573","0.8591","0.8529","","-0.26%"
"05/30/2018","0.8575","0.8666","0.8683","0.8564","","-1.05%"
"05/29/2018","0.8666","0.8603","0.8689","0.8591","","0.73%"
"05/28/2018","0.8603","0.8583","0.8617","0.8526","","0.23%"
"05/25/2018","0.8583","0.8533","0.8588","0.8522","","0.59%"
"05/24/2018","0.8533","0.8549","0.8555","0.8510","","-0.20%"
"05/23/2018","0.8550","0.8490","0.8566","0.8481","","0.71%"
"05/22/2018","0.8490","0.8481","0.8507","0.8453","","0.11%"
"05/21/2018","0.8481","0.8502","0.8536","0.8477","","-0.12%"
"05/18/2018","0.8491","0.8479","0.8512","0.8458","","0.14%"
"05/17/2018","0.8479","0.8469","0.8493","0.8447","","0.11%"
"05/16/2018","0.8470","0.8448","0.8502","0.8435","","0.26%"
"05/15/2018","0.8448","0.8385","0.8462","0.8376","","0.75%"
"05/14/2018","0.8385","0.8371","0.8385","0.8336","","0.14%"
"05/11/2018","0.8373","0.8393","0.8410","0.8355","","-0.24%"
"05/10/2018","0.8393","0.8439","0.8444","0.8370","","-0.55%"
"05/09/2018","0.8439","0.8429","0.8459","0.8405","","0.12%"
"05/08/2018","0.8429","0.8388","0.8448","0.8376","","0.49%"
"05/07/2018","0.8388","0.8367","0.8406","0.8348","","0.31%"
"05/04/2018","0.8362","0.8341","0.8396","0.8336","","0.25%"
"05/03/2018","0.8341","0.8368","0.8371","0.8327","","-0.32%"
"05/02/2018","0.8368","0.8339","0.8378","0.8311","","0.36%"
"05/01/2018","0.8338","0.8280","0.8347","0.8273","","0.71%"
"04/30/2018","0.8279","0.8248","0.8289","0.8238","","0.42%"
"04/27/2018","0.8244","0.8261","0.8296","0.8242","","-0.23%"
"04/26/2018","0.8263","0.8223","0.8268","0.8190","","0.49%"
"04/25/2018","0.8223","0.8176","0.8224","0.8170","","0.59%"
"04/24/2018","0.8175","0.8191","0.8209","0.8166","","-0.20%"
"04/23/2018","0.8191","0.8138","0.8198","0.8136","","0.65%"
"04/20/2018","0.8138","0.8100","0.8164","0.8095","","0.48%"
"04/19/2018","0.8099","0.8082","0.8111","0.8064","","0.21%"
"04/18/2018","0.8082","0.8084","0.8103","0.8066","","-0.02%"
"04/17/2018","0.8084","0.8078","0.8107","0.8055","","0.07%"
"04/16/2018","0.8078","0.8111","0.8115","0.8067","","-0.39%"
"04/13/2018","0.8110","0.8113","0.8126","0.8099","","-0.04%"
"04/12/2018","0.8113","0.8086","0.8131","0.8077","","0.33%"
"04/11/2018","0.8086","0.8094","0.8099","0.8067","","-0.10%"
"04/10/2018","0.8094","0.8117","0.8128","0.8079","","-0.28%"
"04/09/2018","0.8117","0.8144","0.8157","0.8110","","-0.29%"
"04/06/2018","0.8141","0.8170","0.8188","0.8136","","-0.35%"
"04/05/2018","0.8170","0.8145","0.8185","0.8136","","0.31%"
"04/04/2018","0.8145","0.8150","0.8159","0.8121","","-0.05%"
"04/03/2018","0.8149","0.8129","0.8161","0.8107","","0.25%"
"04/02/2018","0.8129","0.8115","0.8142","0.8100","","0.17%"
"03/30/2018","0.8115","0.8130","0.8135","0.8109","","-0.18%"
"03/29/2018","0.8130","0.8124","0.8141","0.8106","","0.06%"
"03/28/2018","0.8125","0.8063","0.8131","0.8050","","0.77%"
"03/27/2018","0.8063","0.8036","0.8083","0.8015","","0.32%"
"03/26/2018","0.8037","0.8099","0.8103","0.8024","","-0.73%"
"03/23/2018","0.8096","0.8129","0.8130","0.8082","","-0.41%"
"03/22/2018","0.8129","0.8105","0.8140","0.8072","","0.30%"
"03/21/2018","0.8105","0.8169","0.8170","0.8097","","-0.78%"
"03/20/2018","0.8169","0.8107","0.8171","0.8094","","0.76%"
"03/19/2018","0.8107","0.8140","0.8158","0.8091","","-0.37%"
"03/16/2018","0.8137","0.8127","0.8157","0.8106","","0.12%"
"03/15/2018","0.8127","0.8086","0.8130","0.8075","","0.51%"
"03/14/2018","0.8086","0.8071","0.8099","0.8056","","0.19%"
"03/13/2018","0.8071","0.8107","0.8121","0.8059","","-0.44%"
"03/12/2018","0.8107","0.8123","0.8137","0.8099","","-0.23%"
"03/09/2018","0.8126","0.8122","0.8148","0.8107","","0.05%"
"03/08/2018","0.8122","0.8056","0.8132","0.8034","","0.79%"
"03/07/2018","0.8058","0.8062","0.8075","0.8036","","-0.05%"
"03/06/2018","0.8062","0.8107","0.8112","0.8051","","-0.56%"
"03/05/2018","0.8107","0.8115","0.8151","0.8086","","-0.15%"
"03/02/2018","0.8119","0.8152","0.8163","0.8106","","-0.40%"
"03/01/2018","0.8152","0.8200","0.8227","0.8148","","-0.60%"
"02/28/2018","0.8201","0.8175","0.8205","0.8169","","0.32%"
"02/27/2018","0.8175","0.8119","0.8183","0.8099","","0.69%"
"02/26/2018","0.8119","0.8132","0.8145","0.8094","","-0.20%"
"02/23/2018","0.8135","0.8111","0.8144","0.8105","","0.31%"
"02/22/2018","0.8110","0.8141","0.8157","0.8095","","-0.37%"
"02/21/2018","0.8140","0.8105","0.8143","0.8090","","0.43%"
"02/20/2018","0.8105","0.8059","0.8118","0.8056","","0.57%"
"02/19/2018","0.8059","0.8059","0.8085","0.8042","","-0.01%"
"02/16/2018","0.8060","0.7996","0.8069","0.7965","","0.79%"
"02/15/2018","0.7997","0.8032","0.8034","0.7993","","-0.44%"
"02/14/2018","0.8032","0.8096","0.8146","0.8022","","-0.79%"
"02/13/2018","0.8096","0.8135","0.8140","0.8083","","-0.49%"
"02/12/2018","0.8136","0.8160","0.8174","0.8132","","-0.46%"
"02/09/2018","0.8174","0.8167","0.8194","0.8138","","0.10%"
"02/08/2018","0.8166","0.8154","0.8189","0.8133","","0.15%"
"02/07/2018","0.8154","0.8080","0.8166","0.8060","","0.93%"
"02/06/2018","0.8079","0.8086","0.8121","0.8042","","-0.09%"
"02/05/2018","0.8086","0.8028","0.8089","0.8016","","0.76%"
"02/02/2018","0.8025","0.7994","0.8059","0.7988","","0.39%"
"02/01/2018","0.7994","0.8056","0.8075","0.7985","","-0.71%"
"01/31/2018","0.8051","0.8064","0.8073","0.8016","","-0.16%"
"01/30/2018","0.8064","0.8076","0.8107","0.8029","","-0.15%"
"01/29/2018","0.8076","0.8047","0.8106","0.8040","","0.31%"
"01/26/2018","0.8051","0.8068","0.8084","0.8004","","-0.20%"
"01/25/2018","0.8067","0.8059","0.8088","0.7976","","0.10%"
"01/24/2018","0.8059","0.8131","0.8135","0.8054","","-0.89%"
"01/23/2018","0.8131","0.8155","0.8182","0.8126","","-0.31%"
"01/22/2018","0.8156","0.8153","0.8188","0.8147","","-0.32%"
"01/19/2018","0.8182","0.8172","0.8185","0.8132","","0.13%"
"01/18/2018","0.8171","0.8206","0.8221","0.8153","","-0.43%"
"01/17/2018","0.8206","0.8157","0.8213","0.8115","","0.61%"
"01/16/2018","0.8156","0.8155","0.8200","0.8141","","0.01%"
"01/15/2018","0.8155","0.8199","0.8206","0.8132","","-0.62%"
"01/12/2018","0.8206","0.8311","0.8313","0.8204","","-1.26%"
"01/11/2018","0.8311","0.8371","0.8383","0.8292","","-0.72%"
"01/10/2018","0.8371","0.8378","0.8388","0.8321","","-0.08%"
"01/09/2018","0.8378","0.8357","0.8392","0.8350","","0.25%"
"01/08/2018","0.8357","0.8314","0.8365","0.8297","","0.53%"
"01/05/2018","0.8313","0.8287","0.8320","0.8276","","0.31%"
"01/04/2018","0.8287","0.8324","0.8331","0.8272","","-0.43%"
"01/03/2018","0.8323","0.8294","0.8333","0.8286","","0.36%"
"01/02/2018","0.8293","0.8325","0.8333","0.8276","","-0.41%"
"01/01/2018","0.8327","0.8332","0.8337","0.8324","","-0.10%"
"12/29/2017","0.8335","0.8374","0.8378","0.8313","","-0.47%"
"12/28/2017","0.8374","0.8412","0.8412","0.8362","","-0.45%"
"12/27/2017","0.8412","0.8433","0.8436","0.8396","","-0.25%"
"12/26/2017","0.8433","0.8427","0.8442","0.8418","","0.08%"
"12/25/2017","0.8426","0.8441","0.8444","0.8416","","-0.08%"
"12/22/2017","0.8433","0.8422","0.8463","0.8420","","0.13%"
"12/21/2017","0.8422","0.8424","0.8440","0.8410","","-0.02%"
"12/20/2017","0.8424","0.8446","0.8455","0.8402","","-0.26%"
"12/19/2017","0.8446","0.8488","0.8492","0.8439","","-0.49%"
"12/18/2017","0.8488","0.8507","0.8520","0.8450","","-0.24%"
"12/15/2017","0.8508","0.8491","0.8511","0.8466","","0.20%"
"12/14/2017","0.8491","0.8456","0.8496","0.8429","","0.41%"
"12/13/2017","0.8456","0.8517","0.8526","0.8451","","-0.72%"
"12/12/2017","0.8517","0.8497","0.8535","0.8479","","0.24%"
"12/11/2017","0.8497","0.8497","0.8502","0.8466","","-0.05%"
"12/08/2017","0.8501","0.8494","0.8526","0.8490","","0.08%"
"12/07/2017","0.8494","0.8478","0.8496","0.8464","","0.19%"
"12/06/2017","0.8478","0.8456","0.8489","0.8440","","0.26%"
"12/05/2017","0.8456","0.8428","0.8475","0.8419","","0.33%"
"12/04/2017","0.8428","0.8417","0.8454","0.8411","","0.21%"
"12/01/2017","0.8410","0.8401","0.8439","0.8375","","0.11%"
"11/30/2017","0.8401","0.8441","0.8469","0.8381","","-0.47%"
"11/29/2017","0.8441","0.8446","0.8463","0.8415","","-0.05%"
"11/28/2017","0.8445","0.8405","0.8456","0.8389","","0.48%"
"11/27/2017","0.8405","0.8381","0.8407","0.8360","","0.27%"
"11/24/2017","0.8382","0.8438","0.8449","0.8372","","-0.66%"
"11/23/2017","0.8438","0.8459","0.8466","0.8434","","-0.25%"
"11/22/2017","0.8459","0.8520","0.8524","0.8455","","-0.72%"
"11/21/2017","0.8520","0.8523","0.8538","0.8504","","-0.05%"
"11/20/2017","0.8524","0.8481","0.8531","0.8468","","0.53%"
"11/17/2017","0.8479","0.8496","0.8500","0.8459","","-0.20%"
"11/16/2017","0.8496","0.8481","0.8507","0.8473","","0.18%"
"11/15/2017","0.8481","0.8476","0.8486","0.8431","","0.06%"
"11/14/2017","0.8476","0.8571","0.8577","0.8471","","-1.12%"
"11/13/2017","0.8572","0.8572","0.8594","0.8565","","-0.01%"
"11/10/2017","0.8573","0.8590","0.8605","0.8563","","-0.20%"
"11/09/2017","0.8590","0.8625","0.8632","0.8580","","-0.39%"
"11/08/2017","0.8624","0.8631","0.8637","0.8612","","-0.08%"
"11/07/2017","0.8631","0.8614","0.8656","0.8608","","0.20%"
"11/06/2017","0.8614","0.8614","0.8636","0.8602","","0.00%"
"11/03/2017","0.8614","0.8578","0.8622","0.8553","","0.42%"
"11/02/2017","0.8578","0.8607","0.8612","0.8556","","-0.34%"
"11/01/2017","0.8607","0.8587","0.8616","0.8578","","0.23%"
"10/31/2017","0.8587","0.8583","0.8603","0.8575","","0.05%"
"10/30/2017","0.8583","0.8619","0.8626","0.8577","","-0.36%"
"10/27/2017","0.8614","0.8584","0.8640","0.8578","","0.35%"
"10/26/2017","0.8584","0.8466","0.8591","0.8448","","1.39%"
"10/25/2017","0.8466","0.8503","0.8509","0.8461","","-0.44%"
"10/24/2017","0.8503","0.8512","0.8517","0.8479","","-0.11%"
"10/23/2017","0.8512","0.8494","0.8529","0.8491","","0.32%"
"10/20/2017","0.8485","0.8437","0.8502","0.8433","","0.56%"
"10/19/2017","0.8438","0.8484","0.8498","0.8433","","-0.54%"
"10/18/2017","0.8484","0.8499","0.8526","0.8471","","-0.19%"
"10/17/2017","0.8500","0.8477","0.8521","0.8474","","0.27%"
"10/16/2017","0.8477","0.8457","0.8489","0.8456","","0.22%"
"10/13/2017","0.8458","0.8453","0.8471","0.8421","","0.06%"
"10/12/2017","0.8453","0.8432","0.8456","0.8417","","0.24%"
"10/11/2017","0.8433","0.8469","0.8479","0.8424","","-0.44%"
"10/10/2017","0.8470","0.8518","0.8519","0.8456","","-0.56%"
"10/09/2017","0.8518","0.8526","0.8534","0.8506","","-0.06%"
"10/06/2017","0.8523","0.8539","0.8570","0.8518","","-0.19%"
"10/05/2017","0.8539","0.8504","0.8548","0.8489","","0.42%"
"10/04/2017","0.8503","0.8515","0.8522","0.8483","","-0.14%"
"10/03/2017","0.8515","0.8524","0.8550","0.8494","","-0.09%"
"10/02/2017","0.8523","0.8462","0.8526","0.8462","","0.69%"
"09/29/2017","0.8465","0.8484","0.8495","0.8451","","-0.24%"
"09/28/2017","0.8485","0.8515","0.8533","0.8471","","-0.35%"
"09/27/2017","0.8515","0.8480","0.8535","0.8478","","0.41%"
"09/26/2017","0.8480","0.8441","0.8505","0.8430","","0.46%"
"09/25/2017","0.8441","0.8367","0.8452","0.8360","","0.85%"
"09/22/2017","0.8370","0.8374","0.8378","0.8330","","-0.05%"
"09/21/2017","0.8374","0.8409","0.8428","0.8365","","-0.42%"
"09/20/2017","0.8409","0.8338","0.8431","0.8311","","0.85%"
"09/19/2017","0.8338","0.8365","0.8369","0.8328","","-0.33%"
"09/18/2017","0.8366","0.8369","0.8393","0.8354","","-0.10%"
"09/15/2017","0.8374","0.8390","0.8403","0.8342","","-0.19%"
"09/14/2017","0.8390","0.8414","0.8448","0.8388","","-0.27%"
"09/13/2017","0.8413","0.8357","0.8423","0.8337","","0.67%"
"09/12/2017","0.8357","0.8367","0.8385","0.8348","","-0.12%"
"09/11/2017","0.8367","0.8305","0.8371","0.8305","","0.70%"
"09/08/2017","0.8309","0.8317","0.8323","0.8269","","-0.11%"
"09/07/2017","0.8318","0.8392","0.8394","0.8292","","-0.88%"
"09/06/2017","0.8392","0.8394","0.8402","0.8368","","-0.02%"
"09/05/2017","0.8394","0.8407","0.8426","0.8375","","-0.14%"
"09/04/2017","0.8406","0.8433","0.8436","0.8387","","-0.32%"
"09/01/2017","0.8433","0.8397","0.8439","0.8347","","0.43%"
"08/31/2017","0.8397","0.8416","0.8459","0.8394","","-0.21%"
"08/30/2017","0.8415","0.8352","0.8418","0.8344","","0.74%"
"08/29/2017","0.8353","0.8348","0.8371","0.8285","","0.06%"
"08/28/2017","0.8348","0.8385","0.8392","0.8344","","-0.47%"
"08/25/2017","0.8387","0.8476","0.8494","0.8374","","-1.05%"
"08/24/2017","0.8476","0.8470","0.8487","0.8459","","0.08%"
"08/23/2017","0.8469","0.8502","0.8518","0.8457","","-0.39%"
"08/22/2017","0.8502","0.8464","0.8515","0.8456","","0.45%"
"08/21/2017","0.8464","0.8507","0.8525","0.8454","","-0.45%"
"08/18/2017","0.8502","0.8531","0.8542","0.8493","","-0.33%"
"08/17/2017","0.8530","0.8497","0.8575","0.8481","","0.36%"
"08/16/2017","0.8499","0.8522","0.8562","0.8489","","-0.27%"
"08/15/2017","0.8522","0.8489","0.8557","0.8479","","0.39%"
"08/14/2017","0.8489","0.8470","0.8497","0.8446","","0.34%"
"08/11/2017","0.8460","0.8494","0.8512","0.8441","","-0.41%"
"08/10/2017","0.8495","0.8505","0.8545","0.8485","","-0.12%"
"08/09/2017","0.8505","0.8511","0.8556","0.8500","","-0.05%"
"08/08/2017","0.8509","0.8478","0.8537","0.8457","","0.37%"
"08/07/2017","0.8478","0.8498","0.8499","0.8464","","-0.20%"
"08/04/2017","0.8495","0.8425","0.8527","0.8411","","0.83%"
"08/03/2017","0.8425","0.8435","0.8453","0.8408","","-0.12%"
"08/02/2017","0.8435","0.8474","0.8480","0.8397","","-0.46%"
"08/01/2017","0.8474","0.8445","0.8486","0.8441","","0.34%"
"07/31/2017","0.8445","0.8520","0.8531","0.8441","","-0.76%"
"07/28/2017","0.8510","0.8564","0.8569","0.8500","","-0.63%"
"07/27/2017","0.8564","0.8523","0.8584","0.8491","","0.48%"
"07/26/2017","0.8523","0.8582","0.8612","0.8518","","-0.73%"
"07/25/2017","0.8586","0.8590","0.8599","0.8538","","-0.05%"
"07/24/2017","0.8590","0.8577","0.8602","0.8558","","0.17%"
"07/21/2017","0.8575","0.8598","0.8607","0.8559","","-0.27%"
"07/20/2017","0.8598","0.8684","0.8712","0.8579","","-0.99%"
"07/19/2017","0.8684","0.8656","0.8689","0.8652","","0.34%"
"07/18/2017","0.8655","0.8712","0.8718","0.8633","","-0.65%"
"07/17/2017","0.8712","0.8723","0.8746","0.8705","","-0.09%"
"07/14/2017","0.8720","0.8773","0.8779","0.8717","","-0.60%"
"07/13/2017","0.8773","0.8763","0.8795","0.8729","","0.11%"
"07/12/2017","0.8763","0.8722","0.8779","0.8703","","0.49%"
"07/11/2017","0.8720","0.8773","0.8786","0.8711","","-0.59%"
"07/10/2017","0.8772","0.8778","0.8787","0.8758","","0.01%"
"07/07/2017","0.8771","0.8755","0.8788","0.8741","","0.18%"
"07/06/2017","0.8755","0.8808","0.8827","0.8752","","-0.61%"
"07/05/2017","0.8809","0.8814","0.8840","0.8796","","-0.06%"
"07/04/2017","0.8814","0.8800","0.8822","0.8789","","0.17%"
"07/03/2017","0.8799","0.8756","0.8808","0.8750","","0.54%"
"06/30/2017","0.8752","0.8741","0.8779","0.8736","","0.13%"
"06/29/2017","0.8741","0.8789","0.8793","0.8736","","-0.55%"
"06/28/2017","0.8789","0.8820","0.8857","0.8779","","-0.35%"
"06/27/2017","0.8820","0.8943","0.8947","0.8810","","-1.39%"
"06/26/2017","0.8944","0.8927","0.8952","0.8912","","0.11%"
"06/23/2017","0.8934","0.8967","0.8973","0.8921","","-0.37%"
"06/22/2017","0.8967","0.8954","0.8978","0.8946","","0.13%"
"06/21/2017","0.8955","0.8982","0.8987","0.8951","","-0.29%"
"06/20/2017","0.8981","0.8970","0.8995","0.8956","","0.12%"
"06/19/2017","0.8970","0.8929","0.8975","0.8916","","0.44%"
"06/16/2017","0.8931","0.8972","0.8978","0.8927","","-0.47%"
"06/15/2017","0.8973","0.8915","0.8984","0.8905","","0.65%"
"06/14/2017","0.8915","0.8920","0.8935","0.8852","","-0.06%"
"06/13/2017","0.8920","0.8926","0.8941","0.8908","","-0.08%"
"06/12/2017","0.8927","0.8933","0.8936","0.8903","","-0.06%"
"06/09/2017","0.8932","0.8918","0.8956","0.8898","","0.16%"
"06/08/2017","0.8918","0.8884","0.8933","0.8874","","0.38%"
"06/07/2017","0.8884","0.8868","0.8926","0.8863","","0.19%"
"06/06/2017","0.8867","0.8886","0.8897","0.8862","","-0.20%"
"06/05/2017","0.8885","0.8866","0.8902","0.8861","","0.24%"
"06/02/2017","0.8864","0.8919","0.8926","0.8860","","-0.62%"
"06/01/2017","0.8919","0.8894","0.8927","0.8883","","0.28%"
"05/31/2017","0.8894","0.8940","0.8958","0.8886","","-0.51%"
"05/30/2017","0.8940","0.8957","0.9002","0.8924","","-0.20%"
"05/29/2017","0.8958","0.8945","0.8960","0.8936","","0.18%"
"05/26/2017","0.8942","0.8920","0.8961","0.8901","","0.24%"
"05/25/2017","0.8921","0.8914","0.8934","0.8888","","0.08%"
"05/24/2017","0.8914","0.8942","0.8954","0.8912","","-0.31%"
"05/23/2017","0.8942","0.8899","0.8950","0.8874","","0.48%"
"05/22/2017","0.8899","0.8927","0.8960","0.8878","","-0.27%"
"05/19/2017","0.8923","0.9007","0.9013","0.8919","","-0.93%"
"05/18/2017","0.9007","0.8962","0.9030","0.8951","","0.50%"
"05/17/2017","0.8962","0.9023","0.9026","0.8958","","-0.69%"
"05/16/2017","0.9024","0.9112","0.9114","0.9010","","-0.97%"
"05/15/2017","0.9112","0.9152","0.9157","0.9099","","-0.40%"
"05/12/2017","0.9149","0.9207","0.9212","0.9145","","-0.63%"
"05/11/2017","0.9207","0.9200","0.9226","0.9180","","0.05%"
"05/10/2017","0.9202","0.9197","0.9215","0.9175","","0.05%"
"05/09/2017","0.9197","0.9154","0.9206","0.9146","","0.47%"
"05/08/2017","0.9154","0.9092","0.9161","0.9071","","0.67%"
"05/05/2017","0.9093","0.9100","0.9133","0.9090","","-0.12%"
"05/04/2017","0.9104","0.9187","0.9196","0.9101","","-0.90%"
"05/03/2017","0.9187","0.9150","0.9190","0.9143","","0.42%"
"05/02/2017","0.9149","0.9175","0.9185","0.9146","","-0.28%"
"05/01/2017","0.9175","0.9169","0.9188","0.9154","","-0.02%"
"04/28/2017","0.9177","0.9194","0.9211","0.9134","","-0.22%"
"04/27/2017","0.9197","0.9172","0.9216","0.9146","","0.27%"
"04/26/2017","0.9172","0.9153","0.9212","0.9131","","0.21%"
"04/25/2017","0.9153","0.9202","0.9216","0.9132","","-0.53%"
"04/24/2017","0.9202","0.9155","0.9242","0.9144","","-1.29%"
"04/21/2017","0.9322","0.9331","0.9362","0.9313","","-0.10%"
"04/20/2017","0.9331","0.9336","0.9340","0.9278","","-0.05%"
"04/19/2017","0.9336","0.9317","0.9347","0.9313","","0.18%"
"04/18/2017","0.9319","0.9397","0.9402","0.9313","","-0.81%"
"04/17/2017","0.9395","0.9421","0.9432","0.9371","","-0.31%"
"04/14/2017","0.9424","0.9422","0.9429","0.9404","","0.02%"
"04/13/2017","0.9422","0.9377","0.9427","0.9365","","0.49%"
"04/12/2017","0.9376","0.9430","0.9445","0.9367","","-0.59%"
"04/11/2017","0.9432","0.9438","0.9454","0.9407","","-0.05%"
"04/10/2017","0.9437","0.9441","0.9462","0.9428","","-0.06%"
"04/07/2017","0.9443","0.9395","0.9453","0.9375","","0.51%"
"04/06/2017","0.9395","0.9378","0.9409","0.9359","","0.18%"
"04/05/2017","0.9378","0.9369","0.9404","0.9355","","0.10%"
"04/04/2017","0.9369","0.9371","0.9403","0.9364","","-0.05%"
"04/03/2017","0.9374","0.9381","0.9397","0.9362","","-0.14%"
"03/31/2017","0.9387","0.9369","0.9390","0.9343","","0.20%"
"03/30/2017","0.9368","0.9289","0.9371","0.9284","","0.86%"
"03/29/2017","0.9288","0.9249","0.9312","0.9236","","0.43%"
"03/28/2017","0.9248","0.9206","0.9262","0.9197","","0.47%"
"03/27/2017","0.9205","0.9263","0.9263","0.9170","","-0.60%"
"03/24/2017","0.9261","0.9274","0.9294","0.9243","","-0.14%"
"03/23/2017","0.9274","0.9262","0.9288","0.9255","","0.13%"
"03/22/2017","0.9262","0.9251","0.9281","0.9237","","0.13%"
"03/21/2017","0.9250","0.9312","0.9330","0.9242","","-0.67%"
"03/20/2017","0.9312","0.9313","0.9325","0.9278","","-0.01%"
"03/17/2017","0.9313","0.9289","0.9322","0.9274","","0.26%"
"03/16/2017","0.9289","0.9316","0.9341","0.9284","","-0.29%"
"03/15/2017","0.9316","0.9431","0.9432","0.9310","","-1.22%"
"03/14/2017","0.9431","0.9387","0.9435","0.9378","","0.47%"
"03/13/2017","0.9387","0.9369","0.9389","0.9333","","0.17%"
"03/10/2017","0.9371","0.9455","0.9460","0.9346","","-0.89%"
"03/09/2017","0.9455","0.9488","0.9502","0.9420","","-0.34%"
"03/08/2017","0.9487","0.9464","0.9493","0.9456","","0.24%"
"03/07/2017","0.9464","0.9450","0.9472","0.9431","","0.14%"
"03/06/2017","0.9451","0.9420","0.9458","0.9397","","0.39%"
"03/03/2017","0.9414","0.9518","0.9523","0.9412","","-1.09%"
"03/02/2017","0.9518","0.9482","0.9529","0.9476","","0.39%"
"03/01/2017","0.9481","0.9456","0.9511","0.9443","","0.27%"
"02/28/2017","0.9455","0.9446","0.9462","0.9407","","0.10%"
"02/27/2017","0.9446","0.9468","0.9479","0.9406","","-0.22%"
"02/24/2017","0.9467","0.9450","0.9473","0.9418","","0.18%"
"02/23/2017","0.9450","0.9472","0.9490","0.9438","","-0.24%"
"02/22/2017","0.9473","0.9490","0.9530","0.9456","","-0.18%"
"02/21/2017","0.9490","0.9422","0.9501","0.9418","","0.72%"
"02/20/2017","0.9422","0.9420","0.9432","0.9404","","0.00%"
"02/17/2017","0.9422","0.9369","0.9431","0.9366","","0.57%"
"02/16/2017","0.9369","0.9433","0.9444","0.9363","","-0.68%"
"02/15/2017","0.9433","0.9454","0.9505","0.9426","","-0.22%"
"02/14/2017","0.9454","0.9436","0.9470","0.9404","","0.19%"
"02/13/2017","0.9436","0.9403","0.9442","0.9382","","0.40%"
"02/10/2017","0.9398","0.9385","0.9428","0.9374","","0.14%"
"02/09/2017","0.9385","0.9347","0.9390","0.9337","","0.41%"
"02/08/2017","0.9347","0.9363","0.9399","0.9333","","-0.15%"
"02/07/2017","0.9361","0.9302","0.9386","0.9301","","0.63%"
"02/06/2017","0.9302","0.9274","0.9343","0.9256","","0.31%"
"02/03/2017","0.9273","0.9296","0.9335","0.9260","","-0.24%"
"02/02/2017","0.9295","0.9287","0.9299","0.9234","","0.10%"
"02/01/2017","0.9286","0.9262","0.9319","0.9251","","0.27%"
"01/31/2017","0.9261","0.9349","0.9361","0.9249","","-0.96%"
"01/30/2017","0.9351","0.9354","0.9418","0.9310","","0.04%"
"01/27/2017","0.9347","0.9361","0.9384","0.9324","","-0.15%"
"01/26/2017","0.9361","0.9307","0.9384","0.9288","","0.60%"
"01/25/2017","0.9305","0.9319","0.9337","0.9285","","-0.15%"
"01/24/2017","0.9319","0.9290","0.9329","0.9280","","0.31%"
"01/23/2017","0.9290","0.9357","0.9359","0.9285","","-0.58%"
"01/20/2017","0.9344","0.9377","0.9413","0.9337","","-0.35%"
"01/19/2017","0.9377","0.9408","0.9445","0.9366","","-0.32%"
"01/18/2017","0.9407","0.9335","0.9411","0.9331","","0.78%"
"01/17/2017","0.9334","0.9435","0.9439","0.9329","","-1.04%"
"01/16/2017","0.9432","0.9419","0.9453","0.9401","","0.39%"
"01/13/2017","0.9395","0.9423","0.9438","0.9370","","-0.30%"
"01/12/2017","0.9423","0.9450","0.9460","0.9359","","-0.29%"
"01/11/2017","0.9450","0.9475","0.9567","0.9413","","-0.25%"
"01/10/2017","0.9474","0.9457","0.9479","0.9410","","0.18%"
"01/09/2017","0.9457","0.9489","0.9516","0.9449","","-0.39%"
"01/06/2017","0.9494","0.9428","0.9504","0.9414","","0.70%"
"01/05/2017","0.9428","0.9533","0.9543","0.9420","","-1.11%"
"01/04/2017","0.9534","0.9610","0.9626","0.9524","","-0.79%"
"01/03/2017","0.9610","0.9566","0.9671","0.9532","","0.51%"
"01/02/2017","0.9561","0.9496","0.9571","0.9491","","0.54%"
"12/30/2016","0.9510","0.9532","0.9542","0.9386","","-0.23%"
"12/29/2016","0.9532","0.9603","0.9610","0.9528","","-0.75%"
"12/28/2016","0.9604","0.9563","0.9643","0.9542","","0.43%"
"12/27/2016","0.9563","0.9565","0.9587","0.9556","","-0.01%"
"12/26/2016","0.9564","0.9567","0.9581","0.9549","","0.00%"
"12/23/2016","0.9564","0.9581","0.9592","0.9552","","-0.19%"
"12/22/2016","0.9582","0.9593","0.9596","0.9524","","-0.11%"
"12/21/2016","0.9593","0.9627","0.9633","0.9568","","-0.35%"
"12/20/2016","0.9627","0.9612","0.9661","0.9599","","0.14%"
"12/19/2016","0.9614","0.9573","0.9624","0.9542","","0.47%"
"12/16/2016","0.9569","0.9600","0.9616","0.9547","","-0.35%"
"12/15/2016","0.9603","0.9492","0.9648","0.9484","","1.18%"
"12/14/2016","0.9491","0.9411","0.9528","0.9372","","0.86%"
"12/13/2016","0.9410","0.9403","0.9432","0.9375","","0.06%"
"12/12/2016","0.9404","0.9476","0.9502","0.9387","","-0.68%"
"12/09/2016","0.9468","0.9421","0.9497","0.9407","","0.50%"
"12/08/2016","0.9421","0.9301","0.9437","0.9197","","1.30%"
"12/07/2016","0.9300","0.9330","0.9339","0.9286","","-0.33%"
"12/06/2016","0.9331","0.9291","0.9348","0.9271","","0.43%"
"12/05/2016","0.9291","0.9366","0.9519","0.9261","","-0.84%"
"12/02/2016","0.9370","0.9379","0.9413","0.9354","","-0.10%"
"12/01/2016","0.9379","0.9445","0.9449","0.9372","","-0.70%"
"11/30/2016","0.9445","0.9390","0.9477","0.9374","","0.58%"
"11/29/2016","0.9391","0.9421","0.9466","0.9384","","-0.32%"
"11/28/2016","0.9421","0.9434","0.9468","0.9359","","-0.26%"
"11/25/2016","0.9446","0.9475","0.9491","0.9408","","-0.31%"
"11/24/2016","0.9475","0.9477","0.9509","0.9446","","0.01%"
"11/23/2016","0.9474","0.9410","0.9501","0.9394","","0.68%"
"11/22/2016","0.9410","0.9408","0.9449","0.9382","","0.02%"
"11/21/2016","0.9408","0.9448","0.9454","0.9390","","-0.39%"
"11/18/2016","0.9445","0.9411","0.9462","0.9396","","0.36%"
"11/17/2016","0.9411","0.9354","0.9419","0.9306","","0.61%"
"11/16/2016","0.9354","0.9327","0.9377","0.9294","","0.29%"
"11/15/2016","0.9327","0.9314","0.9336","0.9245","","0.14%"
"11/14/2016","0.9314","0.9215","0.9340","0.9214","","1.11%"
"11/11/2016","0.9212","0.9180","0.9235","0.9154","","0.34%"
"11/10/2016","0.9181","0.9167","0.9205","0.9127","","0.15%"
"11/09/2016","0.9167","0.9070","0.9171","0.8849","","1.07%"
"11/08/2016","0.9070","0.9058","0.9085","0.9035","","0.13%"
"11/07/2016","0.9058","0.8980","0.9069","0.8978","","0.91%"
"11/04/2016","0.8976","0.9005","0.9026","0.8972","","-0.32%"
"11/03/2016","0.9005","0.9011","0.9043","0.8987","","-0.07%"
"11/02/2016","0.9011","0.9045","0.9051","0.8990","","-0.38%"
"11/01/2016","0.9045","0.9107","0.9126","0.9033","","-0.68%"
"10/31/2016","0.9107","0.9102","0.9145","0.9096","","0.05%"
"10/28/2016","0.9102","0.9177","0.9183","0.9097","","-0.82%"
"10/27/2016","0.9177","0.9167","0.9190","0.9138","","0.11%"
"10/26/2016","0.9167","0.9184","0.9199","0.9136","","-0.20%"
"10/25/2016","0.9185","0.9190","0.9217","0.9170","","-0.05%"
"10/24/2016","0.9190","0.9190","0.9209","0.9174","","0.02%"
"10/21/2016","0.9188","0.9150","0.9210","0.9146","","0.43%"
"10/20/2016","0.9149","0.9113","0.9162","0.9058","","0.40%"
"10/19/2016","0.9113","0.9107","0.9129","0.9087","","0.07%"
"10/18/2016","0.9107","0.9091","0.9117","0.9068","","0.18%"
"10/17/2016","0.9091","0.9113","0.9122","0.9083","","-0.26%"
"10/14/2016","0.9115","0.9045","0.9118","0.9041","","0.77%"
"10/13/2016","0.9045","0.9086","0.9105","0.9042","","-0.43%"
"10/12/2016","0.9084","0.9047","0.9089","0.9032","","0.41%"
"10/11/2016","0.9047","0.8978","0.9052","0.8972","","0.77%"
"10/10/2016","0.8978","0.8931","0.8986","0.8926","","0.56%"
"10/07/2016","0.8928","0.8968","0.9007","0.8923","","-0.46%"
"10/06/2016","0.8969","0.8925","0.8978","0.8918","","0.50%"
"10/05/2016","0.8924","0.8925","0.8938","0.8901","","-0.01%"
"10/04/2016","0.8925","0.8920","0.8980","0.8897","","0.06%"
"10/03/2016","0.8920","0.8900","0.8925","0.8893","","0.27%"
"09/30/2016","0.8896","0.8911","0.8968","0.8888","","-0.17%"
"09/29/2016","0.8911","0.8915","0.8932","0.8889","","-0.06%"
"09/28/2016","0.8916","0.8917","0.8944","0.8899","","-0.01%"
"09/27/2016","0.8917","0.8887","0.8938","0.8879","","0.35%"
"09/26/2016","0.8886","0.8908","0.8913","0.8866","","-0.25%"
"09/23/2016","0.8908","0.8923","0.8935","0.8896","","-0.17%"
"09/22/2016","0.8923","0.8933","0.8943","0.8882","","-0.17%"
"09/21/2016","0.8938","0.8965","0.8993","0.8931","","-0.31%"
"09/20/2016","0.8966","0.8949","0.8972","0.8918","","0.19%"
"09/19/2016","0.8949","0.8959","0.8971","0.8930","","-0.16%"
"09/16/2016","0.8963","0.8894","0.8971","0.8885","","0.78%"
"09/15/2016","0.8894","0.8889","0.8914","0.8862","","0.06%"
"09/14/2016","0.8889","0.8914","0.8922","0.8870","","-0.27%"
"09/13/2016","0.8913","0.8901","0.8927","0.8881","","0.12%"
"09/12/2016","0.8902","0.8903","0.8921","0.8874","","-0.01%"
"09/09/2016","0.8903","0.8881","0.8930","0.8860","","0.25%"
"09/08/2016","0.8881","0.8897","0.8903","0.8828","","-0.17%"
"09/07/2016","0.8896","0.8885","0.8907","0.8873","","0.12%"
"09/06/2016","0.8885","0.8971","0.8978","0.8878","","-0.97%"
"09/05/2016","0.8972","0.8966","0.8978","0.8942","","0.09%"
"09/02/2016","0.8964","0.8931","0.8969","0.8887","","0.37%"
"09/01/2016","0.8931","0.8963","0.8987","0.8924","","-0.35%"
"08/31/2016","0.8962","0.8974","0.8991","0.8956","","-0.14%"
"08/30/2016","0.8975","0.8938","0.8985","0.8931","","0.41%"
"08/29/2016","0.8938","0.8934","0.8963","0.8922","","0.08%"
"08/26/2016","0.8931","0.8863","0.8946","0.8817","","0.77%"
"08/25/2016","0.8863","0.8878","0.8885","0.8851","","-0.17%"
"08/24/2016","0.8878","0.8845","0.8894","0.8838","","0.36%"
"08/23/2016","0.8846","0.8834","0.8849","0.8806","","0.12%"
"08/22/2016","0.8835","0.8847","0.8873","0.8825","","0.07%"
"08/19/2016","0.8829","0.8809","0.8847","0.8799","","0.24%"
"08/18/2016","0.8808","0.8856","0.8863","0.8798","","-0.58%"
"08/17/2016","0.8859","0.8867","0.8897","0.8837","","-0.08%"
"08/16/2016","0.8866","0.8943","0.8949","0.8832","","-0.85%"
"08/15/2016","0.8942","0.8958","0.8966","0.8926","","-0.20%"
"08/12/2016","0.8960","0.8979","0.8986","0.8911","","-0.21%"
"08/11/2016","0.8979","0.8948","0.8982","0.8934","","0.36%"
"08/10/2016","0.8947","0.8996","0.9008","0.8936","","-0.51%"
"08/09/2016","0.8993","0.9019","0.9035","0.8991","","-0.24%"
"08/08/2016","0.9015","0.9020","0.9032","0.9004","","-0.07%"
"08/05/2016","0.9021","0.8985","0.9054","0.8958","","0.39%"
"08/04/2016","0.8986","0.8969","0.8998","0.8963","","0.18%"
"08/03/2016","0.8970","0.8910","0.8978","0.8902","","0.71%"
"08/02/2016","0.8907","0.8959","0.8965","0.8901","","-0.58%"
"08/01/2016","0.8959","0.8947","0.8966","0.8941","","0.10%"
"07/29/2016","0.8950","0.9027","0.9035","0.8930","","-0.87%"
"07/28/2016","0.9029","0.9044","0.9051","0.8993","","-0.15%"
"07/27/2016","0.9043","0.9103","0.9124","0.9037","","-0.64%"
"07/26/2016","0.9101","0.9094","0.9110","0.9066","","0.05%"
"07/25/2016","0.9096","0.9116","0.9131","0.9091","","-0.16%"
"07/22/2016","0.9111","0.9067","0.9130","0.9057","","0.44%"
"07/21/2016","0.9071","0.9081","0.9108","0.9042","","-0.09%"
"07/20/2016","0.9079","0.9073","0.9107","0.9065","","0.07%"
"07/19/2016","0.9073","0.9030","0.9092","0.9020","","0.47%"
"07/18/2016","0.9031","0.9056","0.9061","0.9022","","-0.34%"
"07/15/2016","0.9062","0.8994","0.9072","0.8969","","0.77%"
"07/14/2016","0.8993","0.9017","0.9022","0.8956","","-0.28%"
"07/13/2016","0.9018","0.9041","0.9057","0.8993","","-0.27%"
"07/12/2016","0.9042","0.9044","0.9050","0.8988","","-0.02%"
"07/11/2016","0.9044","0.9048","0.9079","0.9029","","-0.02%"
"07/08/2016","0.9046","0.9040","0.9090","0.8998","","0.08%"
"07/07/2016","0.9039","0.9009","0.9050","0.9000","","0.32%"
"07/06/2016","0.9010","0.9029","0.9067","0.8999","","-0.21%"
"07/05/2016","0.9029","0.8966","0.9041","0.8941","","0.73%"
"07/04/2016","0.8964","0.8975","0.9012","0.8956","","-0.18%"
"07/01/2016","0.8980","0.9005","0.9033","0.8953","","-0.28%"
"06/30/2016","0.9005","0.8989","0.9071","0.8964","","0.18%"
"06/29/2016","0.8989","0.9038","0.9052","0.8984","","-0.53%"
"06/28/2016","0.9037","0.9072","0.9084","0.9000","","-0.39%"
"06/27/2016","0.9072","0.9032","0.9116","0.9021","","0.84%"
"06/24/2016","0.8996","0.8779","0.9165","0.8746","","2.45%"
"06/23/2016","0.8781","0.8852","0.8854","0.8755","","-0.80%"
"06/22/2016","0.8852","0.8891","0.8900","0.8820","","-0.49%"
"06/21/2016","0.8896","0.8839","0.8896","0.8810","","0.64%"
"06/20/2016","0.8839","0.8863","0.8863","0.8785","","-0.33%"
"06/17/2016","0.8868","0.8909","0.8913","0.8852","","-0.45%"
"06/16/2016","0.8908","0.8882","0.8985","0.8852","","0.30%"
"06/15/2016","0.8881","0.8923","0.8938","0.8850","","-0.47%"
"06/14/2016","0.8923","0.8857","0.8939","0.8847","","0.76%"
"06/13/2016","0.8856","0.8887","0.8903","0.8847","","-0.37%"
"06/10/2016","0.8889","0.8837","0.8893","0.8827","","0.59%"
"06/09/2016","0.8837","0.8772","0.8846","0.8759","","0.68%"
"06/08/2016","0.8777","0.8805","0.8812","0.8763","","-0.32%"
"06/07/2016","0.8805","0.8807","0.8820","0.8786","","-0.02%"
"06/06/2016","0.8807","0.8809","0.8829","0.8778","","0.10%"
"06/03/2016","0.8798","0.8969","0.8980","0.8789","","-1.90%"
"06/02/2016","0.8968","0.8939","0.8975","0.8912","","0.34%"
"06/01/2016","0.8938","0.8983","0.8999","0.8931","","-0.51%"
"05/31/2016","0.8984","0.8978","0.8992","0.8950","","0.14%"
"05/30/2016","0.8971","0.8997","0.9011","0.8971","","-0.29%"
"05/27/2016","0.8997","0.8934","0.9003","0.8928","","0.71%"
"05/26/2016","0.8934","0.8965","0.8974","0.8915","","-0.35%"
"05/25/2016","0.8965","0.8976","0.8987","0.8954","","-0.12%"
"05/24/2016","0.8976","0.8912","0.8984","0.8907","","0.70%"
"05/23/2016","0.8914","0.8915","0.8940","0.8894","","0.04%"
"05/20/2016","0.8910","0.8926","0.8934","0.8898","","-0.18%"
"05/19/2016","0.8926","0.8915","0.8945","0.8905","","0.12%"
"05/18/2016","0.8915","0.8839","0.8920","0.8829","","0.86%"
"05/17/2016","0.8839","0.8833","0.8849","0.8812","","0.05%"
"05/16/2016","0.8835","0.8842","0.8849","0.8816","","-0.11%"
"05/13/2016","0.8845","0.8790","0.8864","0.8786","","0.63%"
"05/12/2016","0.8790","0.8752","0.8797","0.8746","","0.42%"
"05/11/2016","0.8753","0.8794","0.8797","0.8736","","-0.47%"
"05/10/2016","0.8794","0.8785","0.8805","0.8764","","0.10%"
"05/09/2016","0.8785","0.8771","0.8792","0.8756","","0.19%"
"05/06/2016","0.8768","0.8766","0.8783","0.8712","","0.00%"
"05/05/2016","0.8768","0.8705","0.8784","0.8698","","0.71%"
"05/04/2016","0.8706","0.8698","0.8721","0.8674","","0.09%"
"05/03/2016","0.8698","0.8670","0.8700","0.8609","","0.31%"
"05/02/2016","0.8671","0.8737","0.8738","0.8667","","-0.68%"
"04/29/2016","0.8730","0.8808","0.8823","0.8726","","-0.90%"
"04/28/2016","0.8809","0.8833","0.8854","0.8796","","-0.27%"
"04/27/2016","0.8833","0.8851","0.8871","0.8801","","-0.20%"
"04/26/2016","0.8851","0.8877","0.8885","0.8819","","-0.27%"
"04/25/2016","0.8875","0.8905","0.8916","0.8867","","-0.30%"
"04/22/2016","0.8902","0.8859","0.8915","0.8842","","0.49%"
"04/21/2016","0.8859","0.8852","0.8873","0.8776","","0.08%"
"04/20/2016","0.8852","0.8806","0.8859","0.8782","","0.53%"
"04/19/2016","0.8805","0.8839","0.8849","0.8783","","-0.38%"
"04/18/2016","0.8839","0.8852","0.8871","0.8824","","-0.27%"
"04/15/2016","0.8863","0.8875","0.8893","0.8836","","-0.14%"
"04/14/2016","0.8875","0.8870","0.8903","0.8853","","0.06%"
"04/13/2016","0.8870","0.8783","0.8876","0.8778","","0.99%"
"04/12/2016","0.8783","0.8765","0.8813","0.8722","","0.19%"
"04/11/2016","0.8766","0.8766","0.8793","0.8736","","-0.06%"
"04/08/2016","0.8771","0.8789","0.8812","0.8757","","-0.22%"
"04/07/2016","0.8790","0.8773","0.8821","0.8730","","0.19%"
"04/06/2016","0.8773","0.8785","0.8829","0.8747","","-0.14%"
"04/05/2016","0.8785","0.8779","0.8822","0.8768","","0.07%"
"04/04/2016","0.8779","0.8778","0.8806","0.8762","","-0.02%"
"04/01/2016","0.8781","0.8787","0.8824","0.8743","","-0.08%"
"03/31/2016","0.8788","0.8820","0.8843","0.8762","","-0.36%"
"03/30/2016","0.8820","0.8858","0.8865","0.8799","","-0.42%"
"03/29/2016","0.8857","0.8932","0.8955","0.8846","","-0.84%"
"03/28/2016","0.8932","0.8958","0.8967","0.8913","","-0.27%"
"03/25/2016","0.8956","0.8949","0.8967","0.8938","","0.07%"
"03/24/2016","0.8950","0.8944","0.8974","0.8938","","0.09%"
"03/23/2016","0.8942","0.8915","0.8962","0.8908","","0.30%"
"03/22/2016","0.8915","0.8894","0.8938","0.8880","","0.21%"
"03/21/2016","0.8896","0.8874","0.8902","0.8861","","0.26%"
"03/18/2016","0.8873","0.8836","0.8885","0.8820","","0.43%"
"03/17/2016","0.8835","0.8910","0.8925","0.8816","","-0.83%"
"03/16/2016","0.8909","0.9002","0.9045","0.8895","","-1.03%"
"03/15/2016","0.9002","0.9007","0.9032","0.8989","","-0.03%"
"03/14/2016","0.9005","0.8967","0.9029","0.8948","","0.41%"
"03/11/2016","0.8968","0.8947","0.9026","0.8920","","0.23%"
"03/10/2016","0.8947","0.9086","0.9241","0.8914","","-1.54%"
"03/09/2016","0.9087","0.9086","0.9137","0.9061","","0.00%"
"03/08/2016","0.9087","0.9080","0.9098","0.9043","","0.08%"
"03/07/2016","0.9080","0.9084","0.9141","0.9069","","-0.09%"
"03/04/2016","0.9088","0.9127","0.9172","0.9055","","-0.41%"
"03/03/2016","0.9125","0.9197","0.9215","0.9113","","-0.84%"
"03/02/2016","0.9202","0.9202","0.9239","0.9191","","-0.01%"
"03/01/2016","0.9203","0.9198","0.9231","0.9179","","0.07%"
"02/29/2016","0.9197","0.9148","0.9210","0.9121","","0.56%"
"02/26/2016","0.9146","0.9076","0.9165","0.9034","","0.82%"
"02/25/2016","0.9072","0.9080","0.9102","0.9049","","-0.10%"
"02/24/2016","0.9081","0.9075","0.9127","0.9053","","0.08%"
"02/23/2016","0.9074","0.9067","0.9101","0.9048","","0.08%"
"02/22/2016","0.9067","0.8987","0.9090","0.8980","","0.96%"
"02/19/2016","0.8981","0.9004","0.9038","0.8977","","-0.26%"
"02/18/2016","0.9004","0.8987","0.9034","0.8968","","0.19%"
"02/17/2016","0.8987","0.8974","0.9005","0.8945","","0.14%"
"02/16/2016","0.8974","0.8965","0.8992","0.8934","","0.10%"
"02/15/2016","0.8965","0.8888","0.8988","0.8886","","0.95%"
"02/12/2016","0.8881","0.8828","0.8918","0.8824","","0.57%"
"02/11/2016","0.8831","0.8858","0.8871","0.8790","","-0.30%"
"02/10/2016","0.8858","0.8855","0.8961","0.8841","","0.03%"
"02/09/2016","0.8855","0.8931","0.8959","0.8820","","-0.85%"
"02/08/2016","0.8931","0.8963","0.9021","0.8915","","-0.35%"
"02/05/2016","0.8962","0.8923","0.9003","0.8892","","0.44%"
"02/04/2016","0.8923","0.9006","0.9034","0.8897","","-0.92%"
"02/03/2016","0.9006","0.9158","0.9172","0.8972","","-1.67%"
"02/02/2016","0.9159","0.9184","0.9188","0.9140","","-0.27%"
"02/01/2016","0.9184","0.9231","0.9248","0.9163","","-0.48%"
"01/29/2016","0.9228","0.9142","0.9251","0.9133","","0.94%"
"01/28/2016","0.9142","0.9181","0.9201","0.9117","","-0.42%"
"01/27/2016","0.9181","0.9199","0.9217","0.9160","","-0.18%"
"01/26/2016","0.9198","0.9218","0.9244","0.9196","","-0.22%"
"01/25/2016","0.9218","0.9260","0.9270","0.9210","","-0.48%"
"01/22/2016","0.9262","0.9196","0.9269","0.9193","","0.71%"
"01/21/2016","0.9197","0.9181","0.9278","0.9157","","0.16%"
"01/20/2016","0.9182","0.9167","0.9194","0.9111","","0.16%"
"01/19/2016","0.9167","0.9182","0.9209","0.9141","","-0.15%"
"01/18/2016","0.9181","0.9159","0.9201","0.9140","","0.22%"
"01/15/2016","0.9161","0.9204","0.9214","0.9103","","-0.47%"
"01/14/2016","0.9204","0.9191","0.9230","0.9136","","0.11%"
"01/13/2016","0.9194","0.9210","0.9256","0.9184","","-0.17%"
"01/12/2016","0.9210","0.9209","0.9243","0.9173","","0.02%"
"01/11/2016","0.9208","0.9154","0.9219","0.9115","","0.66%"
"01/08/2016","0.9148","0.9147","0.9257","0.9145","","0.03%"
"01/07/2016","0.9145","0.9276","0.9285","0.9139","","-1.41%"
"01/06/2016","0.9276","0.9304","0.9329","0.9259","","-0.30%"
"01/05/2016","0.9304","0.9233","0.9337","0.9226","","0.78%"
"01/04/2016","0.9232","0.9209","0.9276","0.9135","","0.26%"
"01/01/2016","0.9208","0.9208","0.9223","0.9200","","0.00%"
"12/31/2015","0.9208","0.9145","0.9217","0.9142","","0.67%"
"12/30/2015","0.9147","0.9158","0.9173","0.9137","","-0.14%"
"12/29/2015","0.9160","0.9118","0.9176","0.9097","","0.46%"
"12/28/2015","0.9118","0.9129","0.9132","0.9097","","0.09%"
"12/25/2015","0.9110","0.9114","0.9139","0.9110","","-0.08%"
"12/24/2015","0.9117","0.9165","0.9174","0.9113","","-0.55%"
"12/23/2015","0.9167","0.9126","0.9200","0.9125","","0.42%"
"12/22/2015","0.9129","0.9161","0.9173","0.9103","","-0.36%"
"12/21/2015","0.9162","0.9205","0.9219","0.9141","","-0.43%"
"12/18/2015","0.9202","0.9237","0.9256","0.9195","","-0.39%"
"12/17/2015","0.9238","0.9162","0.9259","0.9160","","0.81%"
"12/16/2015","0.9164","0.9145","0.9185","0.9084","","0.13%"
"12/15/2015","0.9152","0.9098","0.9172","0.9041","","0.59%"
"12/14/2015","0.9098","0.9103","0.9137","0.9050","","-0.02%"
"12/11/2015","0.9100","0.9138","0.9154","0.9066","","-0.45%"
"12/10/2015","0.9141","0.9068","0.9153","0.9067","","0.78%"
"12/09/2015","0.9070","0.9182","0.9194","0.9056","","-1.20%"
"12/08/2015","0.9180","0.9227","0.9236","0.9172","","-0.53%"
"12/07/2015","0.9229","0.9203","0.9264","0.9184","","0.47%"
"12/04/2015","0.9186","0.9140","0.9230","0.9127","","0.47%"
"12/03/2015","0.9143","0.9421","0.9489","0.9106","","-2.95%"
"12/02/2015","0.9421","0.9405","0.9479","0.9397","","0.16%"
"12/01/2015","0.9406","0.9463","0.9468","0.9399","","-0.63%"
"11/30/2015","0.9466","0.9441","0.9472","0.9436","","0.26%"
"11/27/2015","0.9441","0.9425","0.9463","0.9400","","0.16%"
"11/26/2015","0.9426","0.9411","0.9435","0.9404","","0.16%"
"11/25/2015","0.9411","0.9396","0.9464","0.9354","","0.14%"
"11/24/2015","0.9398","0.9402","0.9416","0.9368","","-0.04%"
"11/23/2015","0.9402","0.9393","0.9441","0.9383","","0.09%"
"11/20/2015","0.9394","0.9316","0.9399","0.9307","","0.84%"
"11/19/2015","0.9316","0.9382","0.9386","0.9291","","-0.70%"
"11/18/2015","0.9382","0.9396","0.9419","0.9352","","-0.14%"
"11/17/2015","0.9395","0.9356","0.9408","0.9350","","0.40%"
"11/16/2015","0.9358","0.9300","0.9370","0.9277","","0.87%"
"11/13/2015","0.9277","0.9247","0.9334","0.9244","","0.35%"
"11/12/2015","0.9245","0.9308","0.9354","0.9234","","-0.68%"
"11/11/2015","0.9308","0.9325","0.9341","0.9281","","-0.19%"
"11/10/2015","0.9326","0.9301","0.9369","0.9290","","0.25%"
"11/09/2015","0.9303","0.9318","0.9330","0.9267","","-0.09%"
"11/06/2015","0.9311","0.9188","0.9340","0.9179","","1.34%"
"11/05/2015","0.9188","0.9203","0.9231","0.9177","","-0.16%"
"11/04/2015","0.9203","0.9118","0.9223","0.9116","","0.93%"
"11/03/2015","0.9118","0.9079","0.9145","0.9066","","0.45%"
"11/02/2015","0.9077","0.9068","0.9091","0.9048","","-0.11%"
"10/30/2015","0.9087","0.9110","0.9119","0.9031","","-0.26%"
"10/29/2015","0.9111","0.9154","0.9171","0.9103","","-0.51%"
"10/28/2015","0.9158","0.9049","0.9179","0.9012","","1.18%"
"10/27/2015","0.9051","0.9043","0.9067","0.9026","","0.07%"
"10/26/2015","0.9045","0.9084","0.9100","0.9034","","-0.35%"
"10/23/2015","0.9077","0.9002","0.9097","0.8976","","0.81%"
"10/22/2015","0.9004","0.8819","0.9010","0.8809","","2.10%"
"10/21/2015","0.8819","0.8814","0.8824","0.8789","","0.07%"
"10/20/2015","0.8813","0.8829","0.8832","0.8782","","-0.20%"
"10/19/2015","0.8831","0.8809","0.8845","0.8788","","0.19%"
"10/16/2015","0.8814","0.8786","0.8823","0.8773","","0.33%"
"10/15/2015","0.8785","0.8716","0.8801","0.8699","","0.79%"
"10/14/2015","0.8716","0.8788","0.8791","0.8703","","-0.81%"
"10/13/2015","0.8787","0.8807","0.8815","0.8763","","-0.23%"
"10/12/2015","0.8807","0.8806","0.8808","0.8774","","0.03%"
"10/09/2015","0.8804","0.8867","0.8876","0.8781","","-0.70%"
"10/08/2015","0.8866","0.8899","0.8903","0.8829","","-0.39%"
"10/07/2015","0.8901","0.8871","0.8920","0.8862","","0.33%"
"10/06/2015","0.8872","0.8936","0.8952","0.8865","","-0.77%"
"10/05/2015","0.8941","0.8911","0.8952","0.8858","","0.22%"
"10/02/2015","0.8921","0.8933","0.8969","0.8835","","-0.12%"
"10/01/2015","0.8932","0.8948","0.8981","0.8920","","-0.17%"
"09/30/2015","0.8947","0.8890","0.8963","0.8879","","0.64%"
"09/29/2015","0.8890","0.8892","0.8934","0.8863","","-0.02%"
"09/28/2015","0.8892","0.8932","0.8972","0.8890","","-0.46%"
"09/25/2015","0.8933","0.8905","0.8997","0.8902","","0.31%"
"09/24/2015","0.8905","0.8940","0.8957","0.8852","","-0.39%"
"09/23/2015","0.8940","0.8993","0.9006","0.8917","","-0.59%"
"09/22/2015","0.8993","0.8937","0.8999","0.8922","","0.63%"
"09/21/2015","0.8937","0.8860","0.8944","0.8826","","1.03%"
"09/18/2015","0.8846","0.8744","0.8875","0.8726","","1.17%"
"09/17/2015","0.8744","0.8858","0.8862","0.8739","","-1.29%"
"09/16/2015","0.8858","0.8873","0.8918","0.8833","","-0.20%"
"09/15/2015","0.8876","0.8839","0.8883","0.8827","","0.48%"
"09/14/2015","0.8834","0.8819","0.8864","0.8793","","0.17%"
"09/11/2015","0.8819","0.8866","0.8886","0.8810","","-0.53%"
"09/10/2015","0.8866","0.8923","0.8952","0.8853","","-0.66%"
"09/09/2015","0.8925","0.8927","0.8985","0.8915","","-0.04%"
"09/08/2015","0.8929","0.8952","0.8967","0.8905","","-0.29%"
"09/07/2015","0.8955","0.8962","0.8992","0.8946","","-0.18%"
"09/04/2015","0.8971","0.8990","0.9018","0.8943","","-0.21%"
"09/03/2015","0.8990","0.8906","0.9020","0.8893","","0.93%"
"09/02/2015","0.8907","0.8841","0.8916","0.8833","","0.78%"
"09/01/2015","0.8838","0.8920","0.8925","0.8824","","-0.89%"
"08/31/2015","0.8917","0.8948","0.8960","0.8879","","-0.31%"
"08/28/2015","0.8945","0.8893","0.8965","0.8842","","0.58%"
"08/27/2015","0.8893","0.8838","0.8926","0.8799","","0.62%"
"08/26/2015","0.8838","0.8683","0.8858","0.8649","","1.79%"
"08/25/2015","0.8683","0.8606","0.8774","0.8603","","0.91%"
"08/24/2015","0.8605","0.8801","0.8801","0.8539","","-1.99%"
"08/21/2015","0.8780","0.8893","0.8908","0.8778","","-1.30%"
"08/20/2015","0.8896","0.8994","0.9004","0.8892","","-1.08%"
"08/19/2015","0.8993","0.9073","0.9077","0.8980","","-0.89%"
"08/18/2015","0.9074","0.9027","0.9077","0.9014","","0.52%"
"08/17/2015","0.9027","0.9004","0.9043","0.8989","","0.26%"
"08/14/2015","0.9004","0.8969","0.9011","0.8937","","0.38%"
"08/13/2015","0.8970","0.8964","0.9025","0.8938","","0.07%"
"08/12/2015","0.8964","0.9058","0.9071","0.8918","","-1.04%"
"08/11/2015","0.9058","0.9076","0.9124","0.9018","","-0.19%"
"08/10/2015","0.9075","0.9117","0.9153","0.9056","","-0.46%"
"08/07/2015","0.9117","0.9151","0.9212","0.9108","","-0.40%"
"08/06/2015","0.9154","0.9167","0.9196","0.9139","","-0.17%"
"08/05/2015","0.9170","0.9191","0.9218","0.9143","","-0.22%"
"08/04/2015","0.9190","0.9130","0.9193","0.9100","","0.64%"
"08/03/2015","0.9132","0.9116","0.9140","0.9094","","0.34%"
"07/31/2015","0.9101","0.9147","0.9157","0.8998","","-0.50%"
"07/30/2015","0.9147","0.9102","0.9180","0.9098","","0.48%"
"07/29/2015","0.9103","0.9042","0.9119","0.9021","","0.67%"
"07/28/2015","0.9042","0.9014","0.9073","0.9009","","0.31%"
"07/27/2015","0.9014","0.9113","0.9117","0.8985","","-0.99%"
"07/24/2015","0.9104","0.9106","0.9153","0.9094","","-0.02%"
"07/23/2015","0.9106","0.9150","0.9157","0.9075","","-0.45%"
"07/22/2015","0.9147","0.9144","0.9200","0.9118","","0.04%"
"07/21/2015","0.9143","0.9238","0.9250","0.9116","","-1.01%"
"07/20/2015","0.9236","0.9231","0.9252","0.9199","","0.01%"
"07/17/2015","0.9235","0.9196","0.9236","0.9168","","0.44%"
"07/16/2015","0.9195","0.9134","0.9212","0.9121","","0.67%"
"07/15/2015","0.9134","0.9082","0.9150","0.9062","","0.58%"
"07/14/2015","0.9081","0.9089","0.9120","0.9024","","-0.08%"
"07/13/2015","0.9088","0.9007","0.9095","0.8931","","1.46%"
"07/10/2015","0.8957","0.9060","0.9066","0.8916","","-1.13%"
"07/09/2015","0.9059","0.9028","0.9099","0.8989","","0.37%"
"07/08/2015","0.9026","0.9081","0.9113","0.9015","","-0.61%"
"07/07/2015","0.9081","0.9044","0.9161","0.9041","","0.41%"
"07/06/2015","0.9044","0.9090","0.9117","0.9012","","0.51%"
"07/03/2015","0.8998","0.9022","0.9038","0.8994","","-0.27%"
"07/02/2015","0.9022","0.9047","0.9066","0.8990","","-0.28%"
"07/01/2015","0.9047","0.8976","0.9057","0.8951","","0.76%"
"06/30/2015","0.8979","0.8900","0.8999","0.8893","","0.89%"
"06/29/2015","0.8900","0.9060","0.9129","0.8866","","-0.63%"
"06/26/2015","0.8956","0.8925","0.8985","0.8912","","0.35%"
"06/25/2015","0.8925","0.8924","0.8966","0.8906","","0.00%"
"06/24/2015","0.8925","0.8953","0.8965","0.8900","","-0.31%"
"06/23/2015","0.8953","0.8818","0.8981","0.8812","","1.53%"
"06/22/2015","0.8818","0.8800","0.8840","0.8764","","0.11%"
"06/19/2015","0.8808","0.8804","0.8856","0.8778","","0.06%"
"06/18/2015","0.8803","0.8821","0.8827","0.8744","","-0.20%"
"06/17/2015","0.8821","0.8890","0.8919","0.8803","","-0.79%"
"06/16/2015","0.8891","0.8860","0.8925","0.8826","","0.32%"
"06/15/2015","0.8863","0.8908","0.8938","0.8853","","-0.12%"
"06/12/2015","0.8874","0.8883","0.8969","0.8852","","-0.10%"
"06/11/2015","0.8883","0.8831","0.8942","0.8823","","0.61%"
"06/10/2015","0.8829","0.8863","0.8881","0.8783","","-0.38%"
"06/09/2015","0.8863","0.8857","0.8918","0.8814","","0.07%"
"06/08/2015","0.8857","0.8998","0.9024","0.8843","","-1.58%"
"06/05/2015","0.8999","0.8899","0.9051","0.8865","","1.14%"
"06/04/2015","0.8898","0.8870","0.8909","0.8788","","0.30%"
"06/03/2015","0.8871","0.8965","0.9026","0.8861","","-1.05%"
"06/02/2015","0.8965","0.9151","0.9162","0.8936","","-2.03%"
"06/01/2015","0.9151","0.9102","0.9186","0.9100","","0.55%"
"05/29/2015","0.9101","0.9134","0.9153","0.9086","","-0.35%"
"05/28/2015","0.9133","0.9171","0.9201","0.9125","","-0.40%"
"05/27/2015","0.9170","0.9198","0.9243","0.9149","","-0.29%"
"05/26/2015","0.9197","0.9110","0.9206","0.9102","","0.95%"
"05/25/2015","0.9110","0.9087","0.9125","0.9082","","0.36%"
"05/22/2015","0.9077","0.8999","0.9089","0.8922","","0.87%"
"05/21/2015","0.8999","0.9015","0.9025","0.8943","","-0.18%"
"05/20/2015","0.9015","0.8969","0.9040","0.8964","","0.51%"
"05/19/2015","0.8969","0.8838","0.8994","0.8828","","1.48%"
"05/18/2015","0.8838","0.8731","0.8851","0.8731","","1.21%"
"05/15/2015","0.8732","0.8765","0.8831","0.8720","","-0.38%"
"05/14/2015","0.8765","0.8805","0.8819","0.8737","","-0.45%"
"05/13/2015","0.8805","0.8918","0.8927","0.8785","","-1.26%"
"05/12/2015","0.8917","0.8965","0.8982","0.8866","","-0.54%"
"05/11/2015","0.8965","0.8931","0.8985","0.8923","","0.45%"
"05/08/2015","0.8925","0.8876","0.8946","0.8859","","0.55%"
"05/07/2015","0.8876","0.8813","0.8899","0.8778","","0.77%"
"05/06/2015","0.8808","0.8940","0.8949","0.8794","","-1.48%"
"05/05/2015","0.8940","0.8972","0.9037","0.8911","","-0.36%"
"05/04/2015","0.8972","0.8927","0.8992","0.8909","","0.49%"
"05/01/2015","0.8928","0.8910","0.8949","0.8858","","0.21%"
"04/30/2015","0.8909","0.8986","0.9033","0.8876","","-0.83%"
"04/29/2015","0.8984","0.9106","0.9125","0.8938","","-1.34%"
"04/28/2015","0.9106","0.9180","0.9209","0.9098","","-0.85%"
"04/27/2015","0.9184","0.9198","0.9243","0.9152","","-0.14%"
"04/24/2015","0.9197","0.9239","0.9273","0.9174","","-0.43%"
"04/23/2015","0.9237","0.9325","0.9376","0.9220","","-0.92%"
"04/22/2015","0.9323","0.9314","0.9339","0.9258","","0.09%"
"04/21/2015","0.9315","0.9313","0.9382","0.9275","","0.03%"
"04/20/2015","0.9312","0.9240","0.9335","0.9238","","0.63%"
"04/17/2015","0.9254","0.9293","0.9315","0.9218","","-0.42%"
"04/16/2015","0.9293","0.9359","0.9413","0.9244","","-0.69%"
"04/15/2015","0.9358","0.9386","0.9461","0.9345","","-0.31%"
"04/14/2015","0.9387","0.9464","0.9497","0.9339","","-0.80%"
"04/13/2015","0.9463","0.9432","0.9506","0.9416","","0.34%"
"04/10/2015","0.9431","0.9382","0.9463","0.9360","","0.52%"
"04/09/2015","0.9382","0.9276","0.9401","0.9269","","1.14%"
"04/08/2015","0.9276","0.9246","0.9290","0.9185","","0.31%"
"04/07/2015","0.9247","0.9157","0.9257","0.9128","","1.00%"
"04/06/2015","0.9155","0.9099","0.9166","0.9061","","0.50%"
"04/03/2015","0.9109","0.9188","0.9206","0.9068","","-0.86%"
"04/02/2015","0.9188","0.9291","0.9302","0.9170","","-1.11%"
"04/01/2015","0.9291","0.9315","0.9330","0.9259","","-0.30%"
"03/31/2015","0.9319","0.9230","0.9334","0.9220","","0.95%"
"03/30/2015","0.9231","0.9183","0.9252","0.9178","","0.51%"
"03/27/2015","0.9184","0.9186","0.9259","0.9133","","-0.04%"
"03/26/2015","0.9188","0.9116","0.9212","0.9048","","0.80%"
"03/25/2015","0.9115","0.9154","0.9174","0.9078","","-0.40%"
"03/24/2015","0.9152","0.9137","0.9183","0.9066","","0.18%"
"03/23/2015","0.9136","0.9226","0.9288","0.9114","","-1.14%"
"03/20/2015","0.9241","0.9381","0.9390","0.9190","","-1.49%"
"03/19/2015","0.9381","0.9203","0.9423","0.9162","","1.93%"
"03/18/2015","0.9203","0.9437","0.9453","0.9097","","-2.47%"
"03/17/2015","0.9436","0.9462","0.9479","0.9389","","-0.27%"
"03/16/2015","0.9462","0.9529","0.9563","0.9416","","-0.70%"
"03/13/2015","0.9529","0.9403","0.9559","0.9400","","1.34%"
"03/12/2015","0.9403","0.9481","0.9529","0.9360","","-0.83%"
"03/11/2015","0.9482","0.9348","0.9515","0.9331","","1.43%"
"03/10/2015","0.9348","0.9215","0.9353","0.9210","","1.44%"
"03/09/2015","0.9215","0.9232","0.9240","0.9168","","-0.08%"
"03/06/2015","0.9222","0.9064","0.9224","0.9063","","1.72%"
"03/05/2015","0.9066","0.9027","0.9102","0.8997","","0.44%"
"03/04/2015","0.9026","0.8948","0.9041","0.8940","","0.87%"
"03/03/2015","0.8948","0.8943","0.8966","0.8914","","0.08%"
"03/02/2015","0.8941","0.8939","0.8961","0.8896","","0.10%"
"02/27/2015","0.8932","0.8930","0.8949","0.8892","","0.01%"
"02/26/2015","0.8931","0.8803","0.8942","0.8787","","1.47%"
"02/25/2015","0.8802","0.8819","0.8822","0.8781","","-0.18%"
"02/24/2015","0.8818","0.8823","0.8859","0.8803","","-0.07%"
"02/23/2015","0.8824","0.8785","0.8854","0.8762","","0.42%"
"02/20/2015","0.8787","0.8797","0.8866","0.8749","","-0.13%"
"02/19/2015","0.8798","0.8774","0.8807","0.8733","","0.27%"
"02/18/2015","0.8774","0.8764","0.8824","0.8759","","0.13%"
"02/17/2015","0.8763","0.8809","0.8833","0.8735","","-0.50%"
"02/16/2015","0.8807","0.8782","0.8836","0.8749","","0.27%"
"02/13/2015","0.8783","0.8770","0.8788","0.8739","","0.15%"
"02/12/2015","0.8770","0.8823","0.8848","0.8754","","-0.60%"
"02/11/2015","0.8823","0.8834","0.8866","0.8812","","-0.12%"
"02/10/2015","0.8834","0.8831","0.8871","0.8813","","0.03%"
"02/09/2015","0.8831","0.8837","0.8873","0.8803","","-0.07%"
"02/06/2015","0.8837","0.8714","0.8841","0.8705","","1.41%"
"02/05/2015","0.8714","0.8814","0.8847","0.8696","","-1.12%"
"02/04/2015","0.8813","0.8711","0.8837","0.8707","","1.17%"
"02/03/2015","0.8711","0.8817","0.8840","0.8671","","-1.20%"
"02/02/2015","0.8817","0.8862","0.8866","0.8801","","-0.47%"
"01/30/2015","0.8859","0.8834","0.8867","0.8800","","0.28%"
"01/29/2015","0.8834","0.8860","0.8880","0.8796","","-0.28%"
"01/28/2015","0.8859","0.8786","0.8869","0.8784","","0.82%"
"01/27/2015","0.8787","0.8898","0.8910","0.8754","","-1.25%"
"01/26/2015","0.8898","0.8939","0.9010","0.8853","","-0.27%"
"01/23/2015","0.8922","0.8799","0.8997","0.8792","","1.41%"
"01/22/2015","0.8798","0.8613","0.8836","0.8586","","2.15%"
"01/21/2015","0.8613","0.8657","0.8665","0.8565","","-0.52%"
"01/20/2015","0.8658","0.8617","0.8666","0.8609","","0.48%"
"01/19/2015","0.8617","0.8658","0.8662","0.8591","","-0.31%"
"01/16/2015","0.8644","0.8597","0.8726","0.8584","","0.54%"
"01/15/2015","0.8598","0.8483","0.8645","0.8479","","1.37%"
"01/14/2015","0.8482","0.8494","0.8527","0.8441","","-0.15%"
"01/13/2015","0.8495","0.8450","0.8509","0.8432","","0.52%"
"01/12/2015","0.8451","0.8448","0.8485","0.8424","","0.07%"
"01/09/2015","0.8445","0.8480","0.8502","0.8441","","-0.41%"
"01/08/2015","0.8480","0.8447","0.8508","0.8440","","0.39%"
"01/07/2015","0.8447","0.8411","0.8474","0.8405","","0.43%"
"01/06/2015","0.8411","0.8380","0.8415","0.8355","","0.37%"
"01/05/2015","0.8380","0.8332","0.8417","0.8328","","0.58%"
"01/02/2015","0.8332","0.8262","0.8333","0.8258","","0.85%"
"01/01/2015","0.8262","0.8266","0.8269","0.8260","","-0.05%"
"12/31/2014","0.8266","0.8227","0.8267","0.8217","","0.50%"
"12/30/2014","0.8225","0.8229","0.8249","0.8204","","-0.05%"
"12/29/2014","0.8229","0.8209","0.8237","0.8182","","0.19%"
"12/26/2014","0.8213","0.8182","0.8219","0.8178","","0.38%"
"12/25/2014","0.8182","0.8200","0.8207","0.8160","","-0.22%"
"12/24/2014","0.8200","0.8216","0.8218","0.8183","","-0.18%"
"12/23/2014","0.8215","0.8177","0.8221","0.8166","","0.48%"
"12/22/2014","0.8176","0.8180","0.8186","0.8148","","-0.02%"
"12/19/2014","0.8178","0.8139","0.8184","0.8128","","0.48%"
"12/18/2014","0.8139","0.8103","0.8154","0.8095","","0.46%"
"12/17/2014","0.8102","0.7993","0.8117","0.7989","","1.36%"
"12/16/2014","0.7993","0.8040","0.8044","0.7956","","-0.58%"
"12/15/2014","0.8040","0.8024","0.8056","0.8009","","0.19%"
"12/12/2014","0.8025","0.8057","0.8075","0.8009","","-0.41%"
"12/11/2014","0.8058","0.8034","0.8085","0.8003","","0.30%"
"12/10/2014","0.8034","0.8082","0.8090","0.8032","","-0.58%"
"12/09/2014","0.8081","0.8119","0.8136","0.8033","","-0.47%"
"12/08/2014","0.8119","0.8144","0.8166","0.8101","","-0.25%"
"12/05/2014","0.8139","0.8078","0.8149","0.8069","","0.74%"
"12/04/2014","0.8079","0.8123","0.8142","0.8028","","-0.54%"
"12/03/2014","0.8123","0.8076","0.8130","0.8070","","0.58%"
"12/02/2014","0.8076","0.8019","0.8080","0.8014","","0.71%"
"12/01/2014","0.8019","0.8031","0.8053","0.7995","","-0.15%"
"11/28/2014","0.8031","0.8022","0.8048","0.8006","","0.11%"
"11/27/2014","0.8022","0.7996","0.8023","0.7984","","0.31%"
"11/26/2014","0.7997","0.8017","0.8037","0.7979","","-0.25%"
"11/25/2014","0.8017","0.8037","0.8064","0.8008","","-0.25%"
"11/24/2014","0.8037","0.8079","0.8092","0.8035","","-0.42%"
"11/21/2014","0.8071","0.7975","0.8082","0.7956","","1.20%"
"11/20/2014","0.7975","0.7966","0.7998","0.7952","","0.11%"
"11/19/2014","0.7966","0.7977","0.7993","0.7937","","-0.14%"
"11/18/2014","0.7977","0.8032","0.8037","0.7970","","-0.68%"
"11/17/2014","0.8032","0.7983","0.8036","0.7951","","0.59%"
"11/14/2014","0.7985","0.8016","0.8066","0.7970","","-0.37%"
"11/13/2014","0.8015","0.8039","0.8048","0.8005","","-0.30%"
"11/12/2014","0.8039","0.8016","0.8053","0.8001","","0.29%"
"11/11/2014","0.8016","0.8051","0.8069","0.8000","","-0.43%"
"11/10/2014","0.8051","0.8031","0.8053","0.7994","","0.26%"
"11/07/2014","0.8030","0.8081","0.8092","0.8019","","-0.63%"
"11/06/2014","0.8081","0.8009","0.8088","0.7978","","0.90%"
"11/05/2014","0.8009","0.7971","0.8028","0.7957","","0.48%"
"11/04/2014","0.7971","0.8012","0.8013","0.7951","","-0.51%"
"11/03/2014","0.8012","0.7989","0.8037","0.7988","","0.34%"
"10/31/2014","0.7985","0.7929","0.8009","0.7925","","0.71%"
"10/30/2014","0.7929","0.7917","0.7970","0.7911","","0.16%"
"10/29/2014","0.7916","0.7853","0.7917","0.7831","","0.80%"
"10/28/2014","0.7853","0.7875","0.7884","0.7834","","-0.28%"
"10/27/2014","0.7875","0.7886","0.7896","0.7859","","-0.23%"
"10/24/2014","0.7893","0.7907","0.7915","0.7876","","-0.19%"
"10/23/2014","0.7908","0.7906","0.7928","0.7888","","0.03%"
"10/22/2014","0.7906","0.7865","0.7914","0.7849","","0.53%"
"10/21/2014","0.7864","0.7812","0.7866","0.7788","","0.64%"
"10/20/2014","0.7814","0.7837","0.7855","0.7802","","-0.28%"
"10/17/2014","0.7836","0.7807","0.7847","0.7790","","0.37%"
"10/16/2014","0.7807","0.7790","0.7871","0.7785","","0.22%"
"10/15/2014","0.7790","0.7900","0.7922","0.7760","","-1.39%"
"10/14/2014","0.7900","0.7842","0.7912","0.7831","","0.74%"
"10/13/2014","0.7842","0.7914","0.7924","0.7836","","-0.97%"
"10/10/2014","0.7919","0.7880","0.7934","0.7864","","0.49%"
"10/09/2014","0.7880","0.7853","0.7897","0.7817","","0.34%"
"10/08/2014","0.7853","0.7893","0.7923","0.7843","","-0.51%"
"10/07/2014","0.7893","0.7902","0.7947","0.7885","","-0.13%"
"10/06/2014","0.7903","0.7995","0.7998","0.7890","","-1.08%"
"10/03/2014","0.7989","0.7894","0.8000","0.7889","","1.20%"
"10/02/2014","0.7894","0.7922","0.7928","0.7874","","-0.35%"
"10/01/2014","0.7922","0.7917","0.7947","0.7911","","0.06%"
"09/30/2014","0.7917","0.7884","0.7955","0.7873","","0.42%"
"09/29/2014","0.7884","0.7884","0.7897","0.7864","","0.00%"
"09/26/2014","0.7884","0.7843","0.7889","0.7836","","0.52%"
"09/25/2014","0.7843","0.7825","0.7876","0.7823","","0.23%"
"09/24/2014","0.7825","0.7784","0.7829","0.7773","","0.53%"
"09/23/2014","0.7784","0.7783","0.7787","0.7751","","0.03%"
"09/22/2014","0.7782","0.7796","0.7803","0.7771","","-0.17%"
"09/19/2014","0.7795","0.7739","0.7796","0.7734","","0.72%"
"09/18/2014","0.7739","0.7773","0.7792","0.7733","","-0.44%"
"09/17/2014","0.7773","0.7716","0.7781","0.7703","","0.74%"
"09/16/2014","0.7716","0.7729","0.7739","0.7695","","-0.14%"
"09/15/2014","0.7727","0.7707","0.7748","0.7703","","0.18%"
"09/12/2014","0.7713","0.7738","0.7747","0.7705","","-0.30%"
"09/11/2014","0.7736","0.7742","0.7754","0.7721","","-0.08%"
"09/10/2014","0.7742","0.7730","0.7763","0.7714","","0.16%"
"09/09/2014","0.7730","0.7754","0.7776","0.7717","","-0.31%"
"09/08/2014","0.7754","0.7727","0.7763","0.7714","","0.41%"
"09/05/2014","0.7722","0.7726","0.7739","0.7700","","-0.04%"
"09/04/2014","0.7725","0.7607","0.7740","0.7602","","1.59%"
"09/03/2014","0.7604","0.7615","0.7621","0.7599","","-0.14%"
"09/02/2014","0.7615","0.7617","0.7628","0.7612","","-0.04%"
"09/01/2014","0.7618","0.7612","0.7623","0.7607","","0.04%"
"08/29/2014","0.7615","0.7588","0.7615","0.7577","","0.38%"
"08/28/2014","0.7586","0.7580","0.7600","0.7564","","0.08%"
"08/27/2014","0.7580","0.7594","0.7603","0.7570","","-0.18%"
"08/26/2014","0.7594","0.7581","0.7597","0.7567","","0.18%"
"08/25/2014","0.7580","0.7565","0.7586","0.7565","","0.38%"
"08/22/2014","0.7551","0.7529","0.7565","0.7520","","0.29%"
"08/21/2014","0.7529","0.7542","0.7552","0.7525","","-0.17%"
"08/20/2014","0.7542","0.7509","0.7544","0.7504","","0.45%"
"08/19/2014","0.7508","0.7484","0.7512","0.7481","","0.32%"
"08/18/2014","0.7484","0.7467","0.7489","0.7463","","0.27%"
"08/15/2014","0.7464","0.7482","0.7487","0.7456","","-0.25%"
"08/14/2014","0.7483","0.7483","0.7492","0.7458","","0.00%"
"08/13/2014","0.7483","0.7480","0.7496","0.7454","","0.04%"
"08/12/2014","0.7480","0.7471","0.7499","0.7470","","0.12%"
"08/11/2014","0.7471","0.7463","0.7474","0.7454","","0.19%"
"08/08/2014","0.7457","0.7483","0.7494","0.7445","","-0.35%"
"08/07/2014","0.7483","0.7473","0.7498","0.7466","","0.13%"
"08/06/2014","0.7473","0.7476","0.7501","0.7470","","-0.05%"
"08/05/2014","0.7477","0.7451","0.7487","0.7449","","0.35%"
"08/04/2014","0.7451","0.7447","0.7458","0.7444","","0.07%"
"08/01/2014","0.7446","0.7468","0.7475","0.7438","","-0.31%"
"07/31/2014","0.7469","0.7465","0.7479","0.7462","","0.05%"
"07/30/2014","0.7465","0.7458","0.7482","0.7454","","0.09%"
"07/29/2014","0.7458","0.7441","0.7461","0.7438","","0.24%"
"07/28/2014","0.7440","0.7445","0.7448","0.7438","","-0.08%"
"07/25/2014","0.7446","0.7428","0.7451","0.7420","","0.24%"
"07/24/2014","0.7428","0.7428","0.7442","0.7416","","0.01%"
"07/23/2014","0.7427","0.7427","0.7433","0.7422","","0.00%"
"07/22/2014","0.7427","0.7394","0.7430","0.7391","","0.45%"
"07/21/2014","0.7394","0.7392","0.7401","0.7381","","0.00%"
"07/18/2014","0.7394","0.7393","0.7413","0.7388","","0.01%"
"07/17/2014","0.7393","0.7393","0.7399","0.7385","","0.00%"
"07/16/2014","0.7393","0.7370","0.7396","0.7366","","0.33%"
"07/15/2014","0.7369","0.7343","0.7374","0.7338","","0.35%"
"07/14/2014","0.7343","0.7351","0.7355","0.7331","","-0.08%"
"07/11/2014","0.7349","0.7348","0.7358","0.7339","","0.01%"
"07/10/2014","0.7348","0.7329","0.7359","0.7325","","0.26%"
"07/09/2014","0.7329","0.7346","0.7352","0.7327","","-0.23%"
"07/08/2014","0.7346","0.7350","0.7360","0.7343","","-0.05%"
"07/07/2014","0.7350","0.7354","0.7366","0.7347","","-0.08%"
"07/04/2014","0.7356","0.7347","0.7362","0.7346","","0.12%"
"07/03/2014","0.7347","0.7321","0.7356","0.7318","","0.36%"
"07/02/2014","0.7321","0.7311","0.7331","0.7308","","0.15%"
"07/01/2014","0.7310","0.7304","0.7313","0.7299","","0.08%"
"06/30/2014","0.7304","0.7328","0.7332","0.7301","","-0.31%"
"06/27/2014","0.7327","0.7347","0.7349","0.7325","","-0.27%"
"06/26/2014","0.7347","0.7338","0.7366","0.7330","","0.14%"
"06/25/2014","0.7337","0.7350","0.7353","0.7325","","-0.18%"
"06/24/2014","0.7350","0.7350","0.7363","0.7338","","-0.01%"
"06/23/2014","0.7351","0.7356","0.7367","0.7345","","-0.03%"
"06/20/2014","0.7353","0.7349","0.7373","0.7335","","0.05%"
"06/19/2014","0.7349","0.7356","0.7362","0.7330","","-0.10%"
"06/18/2014","0.7356","0.7382","0.7385","0.7353","","-0.37%"
"06/17/2014","0.7383","0.7367","0.7388","0.7360","","0.22%"
"06/16/2014","0.7367","0.7388","0.7401","0.7364","","-0.23%"
"06/13/2014","0.7384","0.7379","0.7396","0.7364","","0.07%"
"06/12/2014","0.7379","0.7390","0.7401","0.7368","","-0.15%"
"06/11/2014","0.7390","0.7382","0.7396","0.7376","","0.12%"
"06/10/2014","0.7381","0.7357","0.7390","0.7352","","0.34%"
"06/09/2014","0.7356","0.7329","0.7363","0.7316","","0.35%"
"06/06/2014","0.7330","0.7321","0.7342","0.7311","","0.12%"
"06/05/2014","0.7321","0.7354","0.7406","0.7316","","-0.44%"
"06/04/2014","0.7353","0.7338","0.7356","0.7332","","0.20%"
"06/03/2014","0.7338","0.7354","0.7361","0.7328","","-0.22%"
"06/02/2014","0.7354","0.7334","0.7360","0.7328","","0.23%"
"05/30/2014","0.7337","0.7352","0.7354","0.7326","","-0.20%"
"05/29/2014","0.7352","0.7358","0.7361","0.7339","","-0.08%"
"05/28/2014","0.7358","0.7335","0.7360","0.7332","","0.33%"
"05/27/2014","0.7334","0.7328","0.7347","0.7316","","0.07%"
"05/26/2014","0.7329","0.7338","0.7345","0.7323","","-0.08%"
"05/23/2014","0.7335","0.7323","0.7345","0.7320","","0.16%"
"05/22/2014","0.7323","0.7307","0.7329","0.7306","","0.22%"
"05/21/2014","0.7307","0.7298","0.7335","0.7287","","0.12%"
"05/20/2014","0.7298","0.7294","0.7311","0.7292","","0.05%"
"05/19/2014","0.7294","0.7298","0.7306","0.7281","","-0.12%"
"05/16/2014","0.7303","0.7293","0.7308","0.7285","","0.14%"
"05/15/2014","0.7293","0.7292","0.7328","0.7282","","0.01%"
"05/14/2014","0.7292","0.7298","0.7301","0.7282","","-0.07%"
"05/13/2014","0.7297","0.7269","0.7306","0.7261","","0.39%"
"05/12/2014","0.7269","0.7271","0.7273","0.7259","","0.01%"
"05/09/2014","0.7268","0.7226","0.7276","0.7223","","0.60%"
"05/08/2014","0.7225","0.7188","0.7230","0.7146","","0.50%"
"05/07/2014","0.7189","0.7180","0.7190","0.7174","","0.13%"
"05/06/2014","0.7180","0.7207","0.7210","0.7167","","-0.37%"
"05/05/2014","0.7207","0.7210","0.7212","0.7197","","-0.04%"
"05/02/2014","0.7210","0.7210","0.7241","0.7204","","0.00%"
"05/01/2014","0.7210","0.7211","0.7214","0.7200","","-0.01%"
"04/30/2014","0.7211","0.7240","0.7259","0.7207","","-0.41%"
"04/29/2014","0.7241","0.7221","0.7244","0.7205","","0.28%"
"04/28/2014","0.7221","0.7227","0.7240","0.7205","","-0.11%"
"04/25/2014","0.7229","0.7230","0.7234","0.7221","","-0.01%"
"04/24/2014","0.7230","0.7238","0.7252","0.7224","","-0.11%"
"04/23/2014","0.7238","0.7244","0.7247","0.7218","","-0.08%"
"04/22/2014","0.7244","0.7251","0.7255","0.7233","","-0.10%"
"04/21/2014","0.7251","0.7239","0.7253","0.7230","","0.17%"
"04/18/2014","0.7239","0.7239","0.7243","0.7234","","0.00%"
"04/17/2014","0.7239","0.7239","0.7242","0.7212","","0.01%"
"04/16/2014","0.7238","0.7240","0.7245","0.7220","","-0.01%"
"04/15/2014","0.7239","0.7236","0.7252","0.7229","","0.04%"
"04/14/2014","0.7236","0.7227","0.7243","0.7212","","0.47%"
"04/11/2014","0.7202","0.7201","0.7214","0.7192","","0.01%"
"04/10/2014","0.7201","0.7218","0.7228","0.7194","","-0.24%"
"04/09/2014","0.7218","0.7249","0.7258","0.7214","","-0.43%"
"04/08/2014","0.7249","0.7278","0.7280","0.7241","","-0.40%"
"04/07/2014","0.7278","0.7301","0.7306","0.7273","","-0.27%"
"04/04/2014","0.7298","0.7289","0.7315","0.7282","","0.12%"
"04/03/2014","0.7289","0.7264","0.7301","0.7243","","0.34%"
"04/02/2014","0.7264","0.7250","0.7272","0.7236","","0.19%"
"04/01/2014","0.7250","0.7263","0.7264","0.7238","","-0.17%"
"03/31/2014","0.7262","0.7270","0.7281","0.7243","","-0.14%"
"03/28/2014","0.7272","0.7278","0.7297","0.7261","","-0.08%"
"03/27/2014","0.7278","0.7256","0.7284","0.7248","","0.32%"
"03/26/2014","0.7255","0.7232","0.7259","0.7232","","0.32%"
"03/25/2014","0.7232","0.7226","0.7273","0.7222","","0.08%"
"03/24/2014","0.7226","0.7251","0.7268","0.7207","","-0.33%"
"03/21/2014","0.7250","0.7258","0.7265","0.7240","","-0.11%"
"03/20/2014","0.7258","0.7229","0.7273","0.7223","","0.39%"
"03/19/2014","0.7230","0.7178","0.7242","0.7176","","0.74%"
"03/18/2014","0.7177","0.7183","0.7205","0.7172","","-0.08%"
"03/17/2014","0.7183","0.7190","0.7206","0.7169","","-0.06%"
"03/14/2014","0.7187","0.7211","0.7222","0.7175","","-0.33%"
"03/13/2014","0.7211","0.7192","0.7223","0.7160","","0.26%"
"03/12/2014","0.7192","0.7216","0.7224","0.7187","","-0.33%"
"03/11/2014","0.7216","0.7207","0.7230","0.7205","","0.12%"
"03/10/2014","0.7207","0.7207","0.7215","0.7196","","0.01%"
"03/07/2014","0.7206","0.7215","0.7219","0.7186","","-0.12%"
"03/06/2014","0.7215","0.7282","0.7289","0.7209","","-0.92%"
"03/05/2014","0.7282","0.7276","0.7296","0.7274","","0.08%"
"03/04/2014","0.7276","0.7281","0.7289","0.7256","","-0.07%"
"03/03/2014","0.7281","0.7254","0.7286","0.7250","","0.50%"
"02/28/2014","0.7245","0.7295","0.7303","0.7234","","-0.69%"
"02/27/2014","0.7295","0.7306","0.7330","0.7285","","-0.15%"
"02/26/2014","0.7306","0.7276","0.7321","0.7269","","0.43%"
"02/25/2014","0.7275","0.7281","0.7292","0.7264","","-0.08%"
"02/24/2014","0.7281","0.7280","0.7295","0.7262","","0.03%"
"02/21/2014","0.7279","0.7290","0.7299","0.7268","","-0.15%"
"02/20/2014","0.7290","0.7282","0.7307","0.7266","","0.11%"
"02/19/2014","0.7282","0.7269","0.7287","0.7261","","0.18%"
"02/18/2014","0.7269","0.7296","0.7303","0.7262","","-0.36%"
"02/17/2014","0.7295","0.7307","0.7307","0.7286","","-0.12%"
"02/14/2014","0.7304","0.7310","0.7313","0.7291","","-0.07%"
"02/13/2014","0.7309","0.7356","0.7362","0.7303","","-0.64%"
"02/12/2014","0.7356","0.7333","0.7373","0.7324","","0.31%"
"02/11/2014","0.7333","0.7328","0.7338","0.7308","","0.07%"
"02/10/2014","0.7328","0.7336","0.7349","0.7325","","-0.08%"
"02/07/2014","0.7334","0.7359","0.7379","0.7331","","-0.33%"
"02/06/2014","0.7358","0.7390","0.7416","0.7342","","-0.42%"
"02/05/2014","0.7389","0.7397","0.7408","0.7377","","-0.11%"
"02/04/2014","0.7397","0.7394","0.7412","0.7387","","0.05%"
"02/03/2014","0.7393","0.7412","0.7420","0.7388","","-0.28%"
"01/31/2014","0.7414","0.7377","0.7419","0.7370","","0.50%"
"01/30/2014","0.7377","0.7320","0.7383","0.7317","","0.78%"
"01/29/2014","0.7320","0.7316","0.7352","0.7307","","0.05%"
"01/28/2014","0.7316","0.7313","0.7338","0.7305","","0.03%"
"01/27/2014","0.7314","0.7313","0.7325","0.7291","","0.03%"
"01/24/2014","0.7312","0.7302","0.7320","0.7278","","0.14%"
"01/23/2014","0.7302","0.7382","0.7391","0.7300","","-1.08%"
"01/22/2014","0.7382","0.7374","0.7389","0.7362","","0.12%"
"01/21/2014","0.7373","0.7379","0.7399","0.7370","","-0.08%"
"01/20/2014","0.7379","0.7384","0.7403","0.7370","","-0.08%"
"01/17/2014","0.7385","0.7343","0.7399","0.7341","","0.59%"
"01/16/2014","0.7342","0.7350","0.7363","0.7326","","-0.11%"
"01/15/2014","0.7350","0.7310","0.7364","0.7308","","0.55%"
"01/14/2014","0.7310","0.7315","0.7327","0.7300","","-0.07%"
"01/13/2014","0.7315","0.7315","0.7333","0.7307","","-0.01%"
"01/10/2014","0.7316","0.7349","0.7366","0.7306","","-0.46%"
"01/09/2014","0.7350","0.7366","0.7381","0.7335","","-0.22%"
"01/08/2014","0.7366","0.7345","0.7378","0.7333","","0.29%"
"01/07/2014","0.7345","0.7338","0.7355","0.7322","","0.10%"
"01/06/2014","0.7338","0.7358","0.7369","0.7324","","-0.29%"
"01/03/2014","0.7359","0.7315","0.7363","0.7313","","0.62%"
"01/02/2014","0.7314","0.7270","0.7337","0.7259","","0.59%"
"01/01/2014","0.7271","0.7275","0.7277","0.7263","","-0.05%"
"12/31/2013","0.7275","0.7245","0.7277","0.7240","","0.43%"
"12/30/2013","0.7244","0.7276","0.7284","0.7236","","-0.45%"
"12/27/2013","0.7277","0.7304","0.7307","0.7198","","-0.37%"
"12/26/2013","0.7304","0.7310","0.7319","0.7298","","-0.08%"
"12/25/2013","0.7310","0.7308","0.7320","0.7294","","0.03%"
"12/24/2013","0.7308","0.7302","0.7324","0.7297","","0.08%"
"12/23/2013","0.7302","0.7314","0.7317","0.7291","","-0.18%"
"12/20/2013","0.7315","0.7320","0.7340","0.7293","","-0.07%"
"12/19/2013","0.7320","0.7308","0.7326","0.7302","","0.18%"
"12/18/2013","0.7307","0.7263","0.7313","0.7240","","0.61%"
"12/17/2013","0.7263","0.7267","0.7288","0.7255","","-0.06%"
"12/16/2013","0.7267","0.7278","0.7286","0.7247","","-0.12%"
"12/13/2013","0.7276","0.7270","0.7295","0.7262","","0.07%"
"12/12/2013","0.7271","0.7253","0.7280","0.7245","","0.23%"
"12/11/2013","0.7254","0.7267","0.7278","0.7241","","-0.18%"
"12/10/2013","0.7267","0.7279","0.7282","0.7249","","-0.16%"
"12/09/2013","0.7279","0.7284","0.7303","0.7275","","-0.25%"
"12/06/2013","0.7297","0.7317","0.7338","0.7295","","-0.27%"
"12/05/2013","0.7317","0.7357","0.7383","0.7311","","-0.54%"
"12/04/2013","0.7357","0.7359","0.7393","0.7351","","-0.03%"
"12/03/2013","0.7359","0.7385","0.7394","0.7345","","-0.35%"
"12/02/2013","0.7385","0.7358","0.7393","0.7344","","0.37%"
"11/29/2013","0.7358","0.7351","0.7364","0.7341","","0.11%"
"11/28/2013","0.7350","0.7364","0.7373","0.7343","","-0.20%"
"11/27/2013","0.7365","0.7368","0.7377","0.7346","","-0.05%"
"11/26/2013","0.7369","0.7399","0.7400","0.7366","","-0.41%"
"11/25/2013","0.7399","0.7380","0.7413","0.7375","","0.31%"
"11/22/2013","0.7376","0.7418","0.7429","0.7376","","-0.57%"
"11/21/2013","0.7418","0.7440","0.7464","0.7414","","-0.31%"
"11/20/2013","0.7441","0.7386","0.7454","0.7365","","0.74%"
"11/19/2013","0.7386","0.7405","0.7414","0.7382","","-0.26%"
"11/18/2013","0.7405","0.7406","0.7422","0.7384","","-0.07%"
"11/15/2013","0.7410","0.7430","0.7445","0.7405","","-0.27%"
"11/14/2013","0.7430","0.7414","0.7453","0.7408","","0.22%"
"11/13/2013","0.7414","0.7443","0.7469","0.7410","","-0.39%"
"11/12/2013","0.7443","0.7459","0.7486","0.7432","","-0.23%"
"11/11/2013","0.7460","0.7484","0.7494","0.7454","","-0.25%"
"11/08/2013","0.7479","0.7452","0.7509","0.7441","","0.36%"
"11/07/2013","0.7452","0.7401","0.7521","0.7391","","0.69%"
"11/06/2013","0.7401","0.7422","0.7426","0.7381","","-0.28%"
"11/05/2013","0.7422","0.7399","0.7436","0.7394","","0.31%"
"11/04/2013","0.7399","0.7413","0.7440","0.7393","","-0.20%"
"11/01/2013","0.7414","0.7362","0.7419","0.7358","","0.71%"
"10/31/2013","0.7362","0.7281","0.7367","0.7278","","1.11%"
"10/30/2013","0.7281","0.7275","0.7302","0.7255","","0.08%"
"10/29/2013","0.7275","0.7255","0.7281","0.7240","","0.28%"
"10/28/2013","0.7255","0.7245","0.7260","0.7237","","0.15%"
"10/25/2013","0.7244","0.7246","0.7261","0.7230","","-0.04%"
"10/24/2013","0.7247","0.7259","0.7266","0.7232","","-0.17%"
"10/23/2013","0.7259","0.7256","0.7278","0.7250","","0.04%"
"10/22/2013","0.7256","0.7309","0.7321","0.7251","","-0.73%"
"10/21/2013","0.7309","0.7307","0.7326","0.7303","","0.03%"
"10/18/2013","0.7307","0.7313","0.7322","0.7297","","-0.08%"
"10/17/2013","0.7313","0.7389","0.7400","0.7309","","-1.03%"
"10/16/2013","0.7389","0.7394","0.7423","0.7370","","-0.07%"
"10/15/2013","0.7394","0.7374","0.7419","0.7369","","0.27%"
"10/14/2013","0.7374","0.7383","0.7383","0.7354","","-0.15%"
"10/11/2013","0.7385","0.7397","0.7398","0.7363","","-0.16%"
"10/10/2013","0.7397","0.7394","0.7414","0.7383","","0.05%"
"10/09/2013","0.7393","0.7367","0.7416","0.7350","","0.34%"
"10/08/2013","0.7368","0.7363","0.7377","0.7349","","0.07%"
"10/07/2013","0.7363","0.7377","0.7385","0.7358","","-0.18%"
"10/04/2013","0.7376","0.7344","0.7387","0.7336","","0.44%"
"10/03/2013","0.7344","0.7365","0.7366","0.7328","","-0.29%"
"10/02/2013","0.7365","0.7393","0.7403","0.7349","","-0.38%"
"10/01/2013","0.7393","0.7393","0.7399","0.7359","","0.00%"
"09/30/2013","0.7393","0.7419","0.7425","0.7377","","-0.04%"
"09/27/2013","0.7396","0.7414","0.7422","0.7372","","-0.23%"
"09/26/2013","0.7413","0.7393","0.7423","0.7391","","0.27%"
"09/25/2013","0.7393","0.7422","0.7429","0.7387","","-0.39%"
"09/24/2013","0.7422","0.7412","0.7428","0.7397","","0.13%"
"09/23/2013","0.7412","0.7383","0.7419","0.7377","","0.24%"
"09/20/2013","0.7394","0.7391","0.7409","0.7381","","0.04%"
"09/19/2013","0.7391","0.7396","0.7407","0.7370","","-0.07%"
"09/18/2013","0.7396","0.7486","0.7498","0.7384","","-1.20%"
"09/17/2013","0.7486","0.7500","0.7504","0.7480","","-0.19%"
"09/16/2013","0.7500","0.7514","0.7521","0.7470","","-0.29%"
"09/13/2013","0.7522","0.7519","0.7544","0.7506","","0.04%"
"09/12/2013","0.7519","0.7513","0.7542","0.7504","","0.09%"
"09/11/2013","0.7512","0.7537","0.7551","0.7505","","-0.33%"
"09/10/2013","0.7537","0.7544","0.7559","0.7532","","-0.09%"
"09/09/2013","0.7544","0.7593","0.7599","0.7529","","-0.58%"
"09/06/2013","0.7588","0.7622","0.7632","0.7582","","-0.45%"
"09/05/2013","0.7622","0.7572","0.7628","0.7562","","0.67%"
"09/04/2013","0.7571","0.7593","0.7601","0.7565","","-0.29%"
"09/03/2013","0.7593","0.7581","0.7611","0.7577","","0.16%"
"09/02/2013","0.7581","0.7556","0.7585","0.7555","","0.24%"
"08/30/2013","0.7563","0.7553","0.7592","0.7544","","0.13%"
"08/29/2013","0.7553","0.7496","0.7565","0.7494","","0.75%"
"08/28/2013","0.7497","0.7467","0.7516","0.7464","","0.40%"
"08/27/2013","0.7467","0.7480","0.7506","0.7463","","-0.19%"
"08/26/2013","0.7481","0.7472","0.7487","0.7466","","0.11%"
"08/23/2013","0.7473","0.7488","0.7501","0.7457","","-0.19%"
"08/22/2013","0.7487","0.7487","0.7520","0.7478","","0.00%"
"08/21/2013","0.7487","0.7454","0.7500","0.7448","","0.44%"
"08/20/2013","0.7454","0.7498","0.7506","0.7434","","-0.60%"
"08/19/2013","0.7499","0.7503","0.7511","0.7477","","-0.04%"
"08/16/2013","0.7502","0.7492","0.7513","0.7474","","0.13%"
"08/15/2013","0.7492","0.7544","0.7573","0.7483","","-0.69%"
"08/14/2013","0.7544","0.7540","0.7554","0.7531","","0.05%"
"08/13/2013","0.7540","0.7519","0.7557","0.7509","","0.28%"
"08/12/2013","0.7519","0.7497","0.7532","0.7494","","0.33%"
"08/09/2013","0.7494","0.7473","0.7501","0.7468","","0.28%"
"08/08/2013","0.7473","0.7498","0.7503","0.7463","","-0.33%"
"08/07/2013","0.7498","0.7515","0.7539","0.7493","","-0.23%"
"08/06/2013","0.7515","0.7542","0.7550","0.7506","","-0.36%"
"08/05/2013","0.7542","0.7533","0.7558","0.7519","","0.17%"
"08/02/2013","0.7529","0.7572","0.7582","0.7521","","-0.57%"
"08/01/2013","0.7572","0.7518","0.7578","0.7512","","0.72%"
"07/31/2013","0.7518","0.7540","0.7568","0.7494","","-0.29%"
"07/30/2013","0.7540","0.7541","0.7557","0.7518","","0.00%"
"07/29/2013","0.7540","0.7530","0.7554","0.7521","","0.12%"
"07/26/2013","0.7531","0.7532","0.7546","0.7520","","-0.01%"
"07/25/2013","0.7532","0.7576","0.7595","0.7521","","-0.57%"
"07/24/2013","0.7575","0.7562","0.7590","0.7543","","0.16%"
"07/23/2013","0.7563","0.7584","0.7597","0.7553","","-0.29%"
"07/22/2013","0.7585","0.7607","0.7615","0.7565","","-0.32%"
"07/19/2013","0.7609","0.7628","0.7640","0.7603","","-0.25%"
"07/18/2013","0.7628","0.7619","0.7653","0.7617","","0.12%"
"07/17/2013","0.7619","0.7598","0.7643","0.7589","","0.28%"
"07/16/2013","0.7598","0.7655","0.7661","0.7591","","-0.74%"
"07/15/2013","0.7655","0.7650","0.7696","0.7641","","0.04%"
"07/12/2013","0.7652","0.7636","0.7693","0.7633","","0.22%"
"07/11/2013","0.7635","0.7707","0.7714","0.7574","","-0.92%"
"07/10/2013","0.7706","0.7825","0.7834","0.7702","","-1.52%"
"07/09/2013","0.7825","0.7770","0.7840","0.7753","","0.71%"
"07/08/2013","0.7770","0.7796","0.7807","0.7762","","-0.30%"
"07/05/2013","0.7793","0.7744","0.7809","0.7742","","0.63%"
"07/04/2013","0.7744","0.7688","0.7763","0.7678","","0.74%"
"07/03/2013","0.7687","0.7705","0.7739","0.7674","","-0.23%"
"07/02/2013","0.7705","0.7655","0.7715","0.7645","","0.65%"
"07/01/2013","0.7655","0.7686","0.7691","0.7653","","-0.42%"
"06/28/2013","0.7687","0.7671","0.7698","0.7632","","0.21%"
"06/27/2013","0.7671","0.7686","0.7693","0.7659","","-0.20%"
"06/26/2013","0.7686","0.7643","0.7702","0.7641","","0.55%"
"06/25/2013","0.7644","0.7623","0.7654","0.7604","","0.28%"
"06/24/2013","0.7623","0.7624","0.7658","0.7608","","0.03%"
"06/21/2013","0.7621","0.7564","0.7635","0.7544","","0.75%"
"06/20/2013","0.7564","0.7522","0.7598","0.7517","","0.56%"
"06/19/2013","0.7522","0.7466","0.7541","0.7454","","0.75%"
"06/18/2013","0.7466","0.7480","0.7504","0.7454","","-0.19%"
"06/17/2013","0.7480","0.7494","0.7509","0.7473","","-0.17%"
"06/14/2013","0.7493","0.7477","0.7522","0.7476","","0.21%"
"06/13/2013","0.7477","0.7498","0.7531","0.7468","","-0.28%"
"06/12/2013","0.7498","0.7511","0.7538","0.7485","","-0.17%"
"06/11/2013","0.7511","0.7544","0.7558","0.7509","","-0.44%"
"06/10/2013","0.7544","0.7571","0.7589","0.7535","","-0.25%"
"06/07/2013","0.7563","0.7549","0.7581","0.7527","","0.19%"
"06/06/2013","0.7549","0.7638","0.7649","0.7515","","-1.17%"
"06/05/2013","0.7638","0.7645","0.7662","0.7625","","-0.09%"
"06/04/2013","0.7645","0.7648","0.7668","0.7633","","-0.04%"
"06/03/2013","0.7648","0.7736","0.7719","0.7629","","-0.58%"
"05/31/2013","0.7693","0.7663","0.7726","0.7656","","0.39%"
"05/30/2013","0.7663","0.7728","0.7733","0.7655","","-0.84%"
"05/29/2013","0.7728","0.7778","0.7789","0.7705","","-0.66%"
"05/28/2013","0.7779","0.7734","0.7783","0.7722","","0.58%"
"05/27/2013","0.7734","0.7733","0.7743","0.7722","","0.00%"
"05/24/2013","0.7734","0.7731","0.7750","0.7695","","0.04%"
"05/23/2013","0.7731","0.7777","0.7800","0.7718","","-0.59%"
"05/22/2013","0.7777","0.7749","0.7793","0.7693","","0.37%"
"05/21/2013","0.7748","0.7763","0.7788","0.7732","","-0.18%"
"05/20/2013","0.7762","0.7801","0.7806","0.7751","","-0.35%"
"05/17/2013","0.7789","0.7763","0.7815","0.7758","","0.33%"
"05/16/2013","0.7763","0.7760","0.7785","0.7734","","0.04%"
"05/15/2013","0.7760","0.7740","0.7786","0.7727","","0.26%"
"05/14/2013","0.7740","0.7707","0.7744","0.7676","","0.43%"
"05/13/2013","0.7707","0.7716","0.7727","0.7671","","0.14%"
"05/10/2013","0.7696","0.7667","0.7731","0.7662","","0.38%"
"05/09/2013","0.7667","0.7604","0.7687","0.7589","","0.84%"
"05/08/2013","0.7603","0.7646","0.7650","0.7579","","-0.56%"
"05/07/2013","0.7646","0.7648","0.7653","0.7615","","-0.03%"
"05/06/2013","0.7648","0.7625","0.7661","0.7610","","0.30%"
"05/03/2013","0.7625","0.7654","0.7673","0.7600","","-0.38%"
"05/02/2013","0.7654","0.7588","0.7671","0.7566","","0.87%"
"05/01/2013","0.7588","0.7594","0.7599","0.7552","","-0.09%"
"04/30/2013","0.7595","0.7634","0.7660","0.7584","","-0.51%"
"04/29/2013","0.7634","0.7674","0.7676","0.7625","","-0.55%"
"04/26/2013","0.7676","0.7686","0.7698","0.7664","","-0.12%"
"04/25/2013","0.7685","0.7683","0.7699","0.7637","","0.03%"
"04/24/2013","0.7683","0.7693","0.7719","0.7672","","-0.13%"
"04/23/2013","0.7693","0.7654","0.7709","0.7643","","0.52%"
"04/22/2013","0.7653","0.7645","0.7684","0.7637","","-0.12%"
"04/19/2013","0.7662","0.7661","0.7665","0.7617","","-0.01%"
"04/18/2013","0.7663","0.7671","0.7680","0.7635","","-0.13%"
"04/17/2013","0.7673","0.7586","0.7692","0.7575","","1.12%"
"04/16/2013","0.7588","0.7666","0.7676","0.7574","","-1.00%"
"04/15/2013","0.7665","0.7626","0.7680","0.7626","","0.47%"
"04/12/2013","0.7629","0.7630","0.7671","0.7618","","-0.03%"
"04/11/2013","0.7631","0.7653","0.7667","0.7611","","-0.27%"
"04/10/2013","0.7652","0.7645","0.7662","0.7621","","0.09%"
"04/09/2013","0.7645","0.7682","0.7690","0.7631","","-0.49%"
"04/08/2013","0.7683","0.7696","0.7712","0.7670","","-0.19%"
"04/05/2013","0.7698","0.7734","0.7752","0.7669","","-0.45%"
"04/04/2013","0.7733","0.7785","0.7845","0.7722","","-0.68%"
"04/03/2013","0.7786","0.7796","0.7819","0.7773","","-0.19%"
"04/02/2013","0.7801","0.7784","0.7807","0.7765","","0.18%"
"04/01/2013","0.7787","0.7806","0.7831","0.7772","","-0.17%"
"03/29/2013","0.7800","0.7803","0.7817","0.7790","","-0.03%"
"03/28/2013","0.7802","0.7826","0.7840","0.7786","","-0.29%"
"03/27/2013","0.7825","0.7777","0.7843","0.7772","","0.62%"
"03/26/2013","0.7777","0.7782","0.7796","0.7758","","-0.03%"
"03/25/2013","0.7779","0.7711","0.7795","0.7664","","1.03%"
"03/22/2013","0.7700","0.7755","0.7760","0.7687","","-0.66%"
"03/21/2013","0.7751","0.7728","0.7764","0.7718","","0.23%"
"03/20/2013","0.7733","0.7773","0.7779","0.7705","","-0.46%"
"03/19/2013","0.7769","0.7714","0.7786","0.7711","","0.62%"
"03/18/2013","0.7721","0.7741","0.7763","0.7695","","0.97%"
"03/15/2013","0.7647","0.7691","0.7693","0.7629","","-0.57%"
"03/14/2013","0.7691","0.7717","0.7746","0.7673","","-0.35%"
"03/13/2013","0.7718","0.7676","0.7739","0.7654","","0.56%"
"03/12/2013","0.7675","0.7668","0.7698","0.7648","","0.12%"
"03/11/2013","0.7666","0.7696","0.7705","0.7660","","-0.35%"
"03/08/2013","0.7693","0.7631","0.7719","0.7613","","0.83%"
"03/07/2013","0.7630","0.7706","0.7714","0.7623","","-0.88%"
"03/06/2013","0.7698","0.7664","0.7703","0.7651","","0.40%"
"03/05/2013","0.7667","0.7676","0.7687","0.7648","","-0.17%"
"03/04/2013","0.7680","0.7685","0.7703","0.7674","","0.00%"
"03/01/2013","0.7680","0.7655","0.7712","0.7633","","0.34%"
"02/28/2013","0.7654","0.7611","0.7661","0.7597","","0.60%"
"02/27/2013","0.7608","0.7656","0.7669","0.7606","","-0.61%"
"02/26/2013","0.7655","0.7645","0.7682","0.7621","","0.00%"
"02/25/2013","0.7655","0.7567","0.7664","0.7508","","0.92%"
"02/22/2013","0.7585","0.7583","0.7608","0.7550","","0.01%"
"02/21/2013","0.7584","0.7528","0.7599","0.7524","","0.72%"
"02/20/2013","0.7530","0.7468","0.7535","0.7444","","0.80%"
"02/19/2013","0.7470","0.7490","0.7503","0.7465","","-0.29%"
"02/18/2013","0.7492","0.7492","0.7507","0.7475","","0.12%"
"02/15/2013","0.7483","0.7487","0.7515","0.7467","","-0.07%"
"02/14/2013","0.7488","0.7435","0.7511","0.7432","","0.71%"
"02/13/2013","0.7435","0.7433","0.7449","0.7396","","0.01%"
"02/12/2013","0.7434","0.7460","0.7483","0.7420","","-0.34%"
"02/11/2013","0.7459","0.7485","0.7487","0.7448","","-0.32%"
"02/08/2013","0.7483","0.7465","0.7489","0.7446","","0.25%"
"02/07/2013","0.7464","0.7397","0.7480","0.7365","","0.91%"
"02/06/2013","0.7397","0.7362","0.7411","0.7355","","0.43%"
"02/05/2013","0.7365","0.7399","0.7431","0.7354","","-0.46%"
"02/04/2013","0.7399","0.7329","0.7405","0.7321","","1.00%"
"02/01/2013","0.7326","0.7365","0.7368","0.7292","","-0.52%"
"01/31/2013","0.7364","0.7371","0.7385","0.7356","","-0.11%"
"01/30/2013","0.7372","0.7411","0.7418","0.7360","","-0.54%"
"01/29/2013","0.7412","0.7432","0.7454","0.7408","","-0.28%"
"01/28/2013","0.7433","0.7431","0.7450","0.7420","","0.01%"
"01/25/2013","0.7432","0.7475","0.7491","0.7419","","-0.60%"
"01/24/2013","0.7477","0.7508","0.7527","0.7467","","-0.40%"
"01/23/2013","0.7507","0.7507","0.7539","0.7488","","-0.03%"
"01/22/2013","0.7509","0.7512","0.7538","0.7478","","-0.07%"
"01/21/2013","0.7514","0.7515","0.7520","0.7500","","0.04%"
"01/18/2013","0.7511","0.7475","0.7531","0.7461","","0.47%"
"01/17/2013","0.7476","0.7526","0.7537","0.7469","","-0.64%"
"01/16/2013","0.7524","0.7517","0.7544","0.7504","","0.12%"
"01/15/2013","0.7515","0.7477","0.7538","0.7466","","0.54%"
"01/14/2013","0.7475","0.7483","0.7499","0.7460","","-0.28%"
"01/11/2013","0.7496","0.7542","0.7549","0.7482","","-0.64%"
"01/10/2013","0.7544","0.7655","0.7670","0.7538","","-1.42%"
"01/09/2013","0.7653","0.7645","0.7671","0.7636","","0.13%"
"01/08/2013","0.7643","0.7624","0.7660","0.7611","","0.24%"
"01/07/2013","0.7625","0.7646","0.7683","0.7622","","-0.34%"
"01/04/2013","0.7651","0.7662","0.7694","0.7640","","-0.16%"
"01/03/2013","0.7663","0.7585","0.7664","0.7581","","1.04%"
"01/02/2013","0.7584","0.7575","0.7601","0.7519","","0.04%"
"01/01/2013","0.7581","0.7582","0.7587","0.7564","","0.04%"
"12/31/2012","0.7578","0.7568","0.7592","0.7555","","0.19%"
"12/28/2012","0.7564","0.7571","0.7580","0.7545","","0.13%"
"12/27/2012","0.7554","0.7563","0.7575","0.7527","","-0.11%"
"12/26/2012","0.7562","0.7585","0.7593","0.7544","","-0.28%"
"12/25/2012","0.7583","0.7582","0.7593","0.7571","","0.01%"
"12/24/2012","0.7582","0.7590","0.7593","0.7557","","-0.03%"
"12/21/2012","0.7584","0.7552","0.7600","0.7545","","0.42%"
"12/20/2012","0.7552","0.7559","0.7583","0.7521","","-0.03%"
"12/19/2012","0.7554","0.7561","0.7563","0.7514","","-0.12%"
"12/18/2012","0.7563","0.7598","0.7602","0.7554","","-0.45%"
"12/17/2012","0.7597","0.7593","0.7608","0.7583","","-0.03%"
"12/14/2012","0.7599","0.7648","0.7654","0.7591","","-0.63%"
"12/13/2012","0.7647","0.7648","0.7669","0.7633","","-0.08%"
"12/12/2012","0.7653","0.7689","0.7696","0.7635","","-0.48%"
"12/11/2012","0.7690","0.7727","0.7736","0.7683","","-0.45%"
"12/10/2012","0.7725","0.7759","0.7761","0.7724","","-0.13%"
"12/07/2012","0.7735","0.7710","0.7765","0.7708","","0.31%"
"12/06/2012","0.7711","0.7652","0.7722","0.7640","","0.80%"
"12/05/2012","0.7650","0.7637","0.7657","0.7618","","0.18%"
"12/04/2012","0.7636","0.7661","0.7665","0.7629","","-0.35%"
"12/03/2012","0.7663","0.7705","0.7705","0.7647","","-0.34%"
"11/30/2012","0.7689","0.7707","0.7712","0.7676","","-0.25%"
"11/29/2012","0.7708","0.7728","0.7730","0.7684","","-0.27%"
"11/28/2012","0.7729","0.7728","0.7764","0.7724","","-0.01%"
"11/27/2012","0.7730","0.7710","0.7743","0.7687","","0.26%"
"11/26/2012","0.7710","0.7714","0.7726","0.7701","","0.01%"
"11/23/2012","0.7709","0.7761","0.7772","0.7698","","-0.68%"
"11/22/2012","0.7762","0.7796","0.7797","0.7751","","-0.45%"
"11/21/2012","0.7797","0.7803","0.7853","0.7792","","-0.08%"
"11/20/2012","0.7803","0.7804","0.7834","0.7794","","-0.03%"
"11/19/2012","0.7805","0.7843","0.7850","0.7800","","-0.59%"
"11/16/2012","0.7851","0.7824","0.7880","0.7821","","0.33%"
"11/15/2012","0.7825","0.7852","0.7864","0.7811","","-0.34%"
"11/14/2012","0.7852","0.7871","0.7874","0.7826","","-0.27%"
"11/13/2012","0.7873","0.7869","0.7898","0.7857","","0.05%"
"11/12/2012","0.7869","0.7866","0.7876","0.7849","","0.04%"
"11/09/2012","0.7866","0.7843","0.7881","0.7818","","0.28%"
"11/08/2012","0.7844","0.7832","0.7863","0.7824","","0.17%"
"11/07/2012","0.7831","0.7804","0.7852","0.7766","","0.35%"
"11/06/2012","0.7804","0.7817","0.7836","0.7796","","-0.20%"
"11/05/2012","0.7820","0.7800","0.7833","0.7786","","0.37%"
"11/02/2012","0.7791","0.7729","0.7800","0.7721","","0.83%"
"11/01/2012","0.7727","0.7717","0.7738","0.7702","","0.13%"
"10/31/2012","0.7717","0.7716","0.7725","0.7679","","0.01%"
"10/30/2012","0.7716","0.7751","0.7761","0.7702","","-0.43%"
"10/29/2012","0.7749","0.7727","0.7761","0.7725","","0.31%"
"10/26/2012","0.7725","0.7728","0.7763","0.7718","","-0.08%"
"10/25/2012","0.7731","0.7712","0.7736","0.7678","","0.26%"
"10/24/2012","0.7711","0.7702","0.7740","0.7694","","0.13%"
"10/23/2012","0.7701","0.7654","0.7721","0.7647","","0.60%"
"10/22/2012","0.7655","0.7678","0.7684","0.7643","","-0.29%"
"10/19/2012","0.7677","0.7653","0.7685","0.7646","","0.30%"
"10/18/2012","0.7654","0.7624","0.7660","0.7617","","0.41%"
"10/17/2012","0.7623","0.7636","0.7644","0.7611","","-0.29%"
"10/16/2012","0.7645","0.7724","0.7727","0.7645","","-1.04%"
"10/15/2012","0.7725","0.7717","0.7758","0.7704","","0.06%"
"10/12/2012","0.7720","0.7735","0.7739","0.7696","","-0.19%"
"10/11/2012","0.7735","0.7775","0.7797","0.7720","","-0.49%"
"10/10/2012","0.7773","0.7765","0.7792","0.7744","","0.10%"
"10/09/2012","0.7765","0.7712","0.7777","0.7697","","0.69%"
"10/08/2012","0.7712","0.7679","0.7730","0.7676","","0.51%"
"10/05/2012","0.7673","0.7682","0.7696","0.7650","","-0.10%"
"10/04/2012","0.7681","0.7748","0.7748","0.7673","","-0.86%"
"10/03/2012","0.7748","0.7742","0.7766","0.7729","","0.08%"
"10/02/2012","0.7742","0.7761","0.7765","0.7711","","-0.23%"
"10/01/2012","0.7760","0.7784","0.7810","0.7728","","-0.23%"
"09/28/2012","0.7778","0.7744","0.7790","0.7716","","0.45%"
"09/27/2012","0.7743","0.7768","0.7795","0.7735","","-0.35%"
"09/26/2012","0.7770","0.7750","0.7792","0.7744","","0.23%"
"09/25/2012","0.7752","0.7733","0.7760","0.7709","","0.23%"
"09/24/2012","0.7734","0.7706","0.7758","0.7704","","0.36%"
"09/21/2012","0.7706","0.7713","0.7719","0.7664","","-0.08%"
"09/20/2012","0.7712","0.7666","0.7741","0.7657","","0.61%"
"09/19/2012","0.7665","0.7665","0.7697","0.7641","","-0.03%"
"09/18/2012","0.7667","0.7625","0.7676","0.7622","","0.55%"
"09/17/2012","0.7625","0.7618","0.7644","0.7593","","0.11%"
"09/14/2012","0.7617","0.7701","0.7705","0.7593","","-1.09%"
"09/13/2012","0.7701","0.7752","0.7777","0.7691","","-0.67%"
"09/12/2012","0.7753","0.7782","0.7803","0.7730","","-0.36%"
"09/11/2012","0.7781","0.7837","0.7840","0.7769","","-0.75%"
"09/10/2012","0.7840","0.7808","0.7841","0.7807","","0.50%"
"09/07/2012","0.7801","0.7916","0.7921","0.7801","","-1.45%"
"09/06/2012","0.7916","0.7935","0.7961","0.7904","","-0.23%"
"09/05/2012","0.7934","0.7958","0.8000","0.7921","","-0.30%"
"09/04/2012","0.7958","0.7945","0.7965","0.7919","","0.19%"
"09/03/2012","0.7943","0.7948","0.7962","0.7929","","-0.08%"
"08/31/2012","0.7949","0.7997","0.8005","0.7913","","-0.58%"
"08/30/2012","0.7995","0.7980","0.8008","0.7958","","0.18%"
"08/29/2012","0.7981","0.7960","0.7989","0.7953","","0.28%"
"08/28/2012","0.7959","0.8001","0.8023","0.7951","","-0.54%"
"08/27/2012","0.8002","0.7995","0.8007","0.7977","","0.13%"
"08/24/2012","0.7992","0.7960","0.8012","0.7956","","0.40%"
"08/23/2012","0.7960","0.7981","0.7985","0.7943","","-0.30%"
"08/22/2012","0.7984","0.8018","0.8045","0.7975","","-0.42%"
"08/21/2012","0.8018","0.8101","0.8102","0.8007","","-1.00%"
"08/20/2012","0.8099","0.8102","0.8134","0.8084","","-0.10%"
"08/17/2012","0.8107","0.8093","0.8138","0.8076","","0.15%"
"08/16/2012","0.8095","0.8139","0.8160","0.8082","","-0.53%"
"08/15/2012","0.8138","0.8117","0.8155","0.8100","","0.26%"
"08/14/2012","0.8117","0.8110","0.8119","0.8073","","0.10%"
"08/13/2012","0.8109","0.8139","0.8156","0.8081","","-0.32%"
"08/10/2012","0.8135","0.8128","0.8170","0.8119","","0.11%"
"08/09/2012","0.8126","0.8088","0.8153","0.8072","","0.44%"
"08/08/2012","0.8090","0.8066","0.8113","0.8062","","0.29%"
"08/07/2012","0.8067","0.8067","0.8081","0.8037","","0.01%"
"08/06/2012","0.8066","0.8066","0.8103","0.8036","","-0.07%"
"08/03/2012","0.8072","0.8208","0.8220","0.8069","","-1.66%"
"08/02/2012","0.8208","0.8177","0.8242","0.8062","","0.35%"
"08/01/2012","0.8179","0.8132","0.8185","0.8105","","0.62%"
"07/31/2012","0.8129","0.8158","0.8165","0.8110","","-0.34%"
"07/30/2012","0.8157","0.8126","0.8180","0.8122","","0.51%"
"07/27/2012","0.8116","0.8144","0.8169","0.8071","","-0.32%"
"07/26/2012","0.8142","0.8230","0.8253","0.8111","","-1.06%"
"07/25/2012","0.8229","0.8289","0.8298","0.8217","","-0.74%"
"07/24/2012","0.8290","0.8257","0.8305","0.8238","","0.50%"
"07/23/2012","0.8249","0.8250","0.8287","0.8234","","0.27%"
"07/20/2012","0.8227","0.8145","0.8234","0.8140","","1.02%"
"07/19/2012","0.8144","0.8143","0.8178","0.8115","","0.02%"
"07/18/2012","0.8142","0.8138","0.8186","0.8125","","0.07%"
"07/17/2012","0.8136","0.8150","0.8204","0.8119","","-0.16%"
"07/16/2012","0.8149","0.8159","0.8214","0.8136","","-0.16%"
"07/13/2012","0.8162","0.8198","0.8223","0.8158","","-0.43%"
"07/12/2012","0.8197","0.8171","0.8219","0.8164","","0.32%"
"07/11/2012","0.8171","0.8163","0.8189","0.8132","","0.09%"
"07/10/2012","0.8164","0.8121","0.8174","0.8107","","0.58%"
"07/09/2012","0.8117","0.8149","0.8159","0.8114","","-0.26%"
"07/06/2012","0.8138","0.8070","0.8157","0.8063","","0.86%"
"07/05/2012","0.8069","0.7983","0.8089","0.7975","","1.06%"
"07/04/2012","0.7984","0.7933","0.7996","0.7932","","0.66%"
"07/03/2012","0.7932","0.7948","0.7963","0.7919","","-0.16%"
"07/02/2012","0.7945","0.7891","0.7957","0.7890","","0.58%"
"06/29/2012","0.7899","0.8038","0.8044","0.7878","","-1.73%"
"06/28/2012","0.8038","0.8018","0.8060","0.7984","","0.25%"
"06/27/2012","0.8018","0.8005","0.8036","0.7993","","0.15%"
"06/26/2012","0.8006","0.7999","0.8038","0.7980","","0.11%"
"06/25/2012","0.7997","0.7966","0.8019","0.7963","","0.52%"
"06/22/2012","0.7956","0.7970","0.7988","0.7946","","-0.20%"
"06/21/2012","0.7972","0.7871","0.7981","0.7871","","1.28%"
"06/20/2012","0.7871","0.7883","0.7913","0.7847","","-0.14%"
"06/19/2012","0.7882","0.7952","0.7956","0.7855","","-0.86%"
"06/18/2012","0.7950","0.7860","0.7964","0.7844","","0.47%"
"06/15/2012","0.7913","0.7920","0.7943","0.7896","","-0.04%"
"06/14/2012","0.7916","0.7959","0.7974","0.7913","","-0.57%"
"06/13/2012","0.7961","0.7997","0.8017","0.7929","","-0.40%"
"06/12/2012","0.7993","0.8022","0.8038","0.7981","","-0.31%"
"06/11/2012","0.8018","0.7901","0.8018","0.7893","","0.36%"
"06/08/2012","0.7989","0.7960","0.8042","0.7952","","0.34%"
"06/07/2012","0.7962","0.7950","0.7975","0.7921","","0.09%"
"06/06/2012","0.7955","0.8031","0.8038","0.7945","","-0.95%"
"06/05/2012","0.8031","0.8004","0.8058","0.7972","","0.36%"
"06/04/2012","0.8002","0.8044","0.8074","0.7993","","-0.51%"
"06/01/2012","0.8043","0.8091","0.8138","0.8027","","-0.61%"
"05/31/2012","0.8092","0.8087","0.8106","0.8045","","0.09%"
"05/30/2012","0.8085","0.8009","0.8090","0.8004","","1.04%"
"05/29/2012","0.8002","0.7974","0.8025","0.7952","","0.35%"
"05/28/2012","0.7974","0.7957","0.7985","0.7921","","-0.19%"
"05/25/2012","0.7989","0.7975","0.8003","0.7935","","0.15%"
"05/24/2012","0.7977","0.7944","0.7990","0.7924","","0.38%"
"05/23/2012","0.7947","0.7883","0.7972","0.7882","","0.76%"
"05/22/2012","0.7887","0.7805","0.7901","0.7802","","1.05%"
"05/21/2012","0.7805","0.7823","0.7859","0.7797","","-0.23%"
"05/18/2012","0.7823","0.7883","0.7911","0.7816","","-0.69%"
"05/17/2012","0.7877","0.7864","0.7895","0.7843","","0.17%"
"05/16/2012","0.7864","0.7854","0.7886","0.7837","","0.11%"
"05/15/2012","0.7855","0.7797","0.7861","0.7770","","0.76%"
"05/14/2012","0.7796","0.7762","0.7800","0.7749","","0.70%"
"05/11/2012","0.7742","0.7733","0.7749","0.7717","","0.14%"
"05/10/2012","0.7731","0.7733","0.7738","0.7704","","-0.01%"
"05/09/2012","0.7732","0.7693","0.7746","0.7688","","0.55%"
"05/08/2012","0.7690","0.7659","0.7703","0.7653","","0.39%"
"05/07/2012","0.7660","0.7674","0.7719","0.7653","","0.22%"
"05/04/2012","0.7643","0.7604","0.7645","0.7588","","0.51%"
"05/03/2012","0.7604","0.7603","0.7635","0.7587","","0.03%"
"05/02/2012","0.7602","0.7554","0.7621","0.7552","","0.62%"
"05/01/2012","0.7555","0.7552","0.7574","0.7528","","0.03%"
"04/30/2012","0.7553","0.7553","0.7572","0.7537","","0.11%"
"04/27/2012","0.7545","0.7583","0.7601","0.7535","","-0.34%"
"04/26/2012","0.7571","0.7564","0.7577","0.7540","","0.11%"
"04/25/2012","0.7563","0.7579","0.7591","0.7555","","-0.21%"
"04/24/2012","0.7579","0.7601","0.7608","0.7565","","-0.32%"
"04/23/2012","0.7603","0.7580","0.7632","0.7569","","0.53%"
"04/20/2012","0.7563","0.7612","0.7618","0.7560","","-0.64%"
"04/19/2012","0.7612","0.7620","0.7652","0.7595","","-0.12%"
"04/18/2012","0.7621","0.7617","0.7659","0.7610","","0.03%"
"04/17/2012","0.7619","0.7613","0.7640","0.7592","","0.08%"
"04/16/2012","0.7613","0.7653","0.7696","0.7606","","-0.44%"
"04/13/2012","0.7647","0.7584","0.7652","0.7574","","0.83%"
"04/12/2012","0.7584","0.7627","0.7633","0.7568","","-0.58%"
"04/11/2012","0.7628","0.7644","0.7654","0.7600","","-0.20%"
"04/10/2012","0.7643","0.7628","0.7661","0.7607","","0.17%"
"04/09/2012","0.7630","0.7632","0.7673","0.7614","","-0.08%"
"04/06/2012","0.7636","0.7655","0.7663","0.7626","","-0.25%"
"04/05/2012","0.7655","0.7609","0.7672","0.7595","","0.59%"
"04/04/2012","0.7610","0.7556","0.7631","0.7554","","0.70%"
"04/03/2012","0.7557","0.7506","0.7569","0.7480","","0.68%"
"04/02/2012","0.7506","0.7484","0.7532","0.7473","","0.16%"
"03/30/2012","0.7494","0.7518","0.7521","0.7476","","-0.33%"
"03/29/2012","0.7519","0.7509","0.7546","0.7493","","0.12%"
"03/28/2012","0.7510","0.7508","0.7532","0.7478","","0.03%"
"03/27/2012","0.7508","0.7486","0.7512","0.7470","","0.28%"
"03/26/2012","0.7487","0.7534","0.7581","0.7480","","-0.62%"
"03/23/2012","0.7534","0.7577","0.7582","0.7522","","-0.58%"
"03/22/2012","0.7578","0.7569","0.7614","0.7544","","0.12%"
"03/21/2012","0.7569","0.7562","0.7589","0.7527","","0.08%"
"03/20/2012","0.7563","0.7552","0.7592","0.7545","","0.13%"
"03/19/2012","0.7553","0.7586","0.7610","0.7538","","-0.50%"
"03/16/2012","0.7591","0.7644","0.7664","0.7583","","-0.68%"
"03/15/2012","0.7643","0.7675","0.7690","0.7622","","-0.43%"
"03/14/2012","0.7676","0.7646","0.7687","0.7639","","0.42%"
"03/13/2012","0.7644","0.7605","0.7663","0.7580","","0.53%"
"03/12/2012","0.7604","0.7625","0.7646","0.7599","","-0.25%"
"03/09/2012","0.7623","0.7529","0.7636","0.7528","","1.18%"
"03/08/2012","0.7534","0.7605","0.7614","0.7523","","-0.92%"
"03/07/2012","0.7604","0.7624","0.7636","0.7595","","-0.30%"
"03/06/2012","0.7627","0.7564","0.7632","0.7560","","0.79%"
"03/05/2012","0.7567","0.7580","0.7600","0.7552","","-0.13%"
"03/02/2012","0.7577","0.7510","0.7584","0.7500","","0.87%"
"03/01/2012","0.7512","0.7504","0.7529","0.7487","","0.12%"
"02/29/2012","0.7503","0.7425","0.7511","0.7415","","1.02%"
"02/28/2012","0.7427","0.7463","0.7469","0.7423","","-0.48%"
"02/27/2012","0.7463","0.7426","0.7482","0.7418","","0.43%"
"02/24/2012","0.7431","0.7476","0.7487","0.7414","","-0.60%"
"02/23/2012","0.7476","0.7549","0.7558","0.7476","","-0.98%"
"02/22/2012","0.7550","0.7554","0.7570","0.7538","","-0.05%"
"02/21/2012","0.7554","0.7549","0.7584","0.7523","","0.03%"
"02/20/2012","0.7552","0.7583","0.7591","0.7532","","-0.68%"
"02/17/2012","0.7604","0.7613","0.7625","0.7577","","-0.13%"
"02/16/2012","0.7614","0.7652","0.7708","0.7599","","-0.51%"
"02/15/2012","0.7653","0.7617","0.7667","0.7581","","0.38%"
"02/14/2012","0.7624","0.7579","0.7645","0.7566","","0.58%"
"02/13/2012","0.7580","0.7569","0.7583","0.7528","","-0.09%"
"02/10/2012","0.7587","0.7527","0.7602","0.7523","","0.80%"
"02/09/2012","0.7527","0.7541","0.7568","0.7506","","-0.23%"
"02/08/2012","0.7544","0.7540","0.7564","0.7524","","0.05%"
"02/07/2012","0.7540","0.7613","0.7641","0.7535","","-1.04%"
"02/06/2012","0.7619","0.7624","0.7676","0.7609","","0.14%"
"02/03/2012","0.7608","0.7607","0.7654","0.7573","","0.01%"
"02/02/2012","0.7607","0.7597","0.7643","0.7577","","0.09%"
"02/01/2012","0.7600","0.7643","0.7678","0.7565","","-0.61%"
"01/31/2012","0.7647","0.7612","0.7668","0.7568","","0.46%"
"01/30/2012","0.7612","0.7560","0.7648","0.7558","","0.67%"
"01/27/2012","0.7561","0.7631","0.7647","0.7559","","-0.96%"
"01/26/2012","0.7634","0.7630","0.7640","0.7585","","0.07%"
"01/25/2012","0.7629","0.7674","0.7734","0.7621","","-0.65%"
"01/24/2012","0.7679","0.7675","0.7721","0.7655","","0.07%"
"01/23/2012","0.7674","0.7768","0.7770","0.7661","","-0.75%"
"01/20/2012","0.7732","0.7711","0.7760","0.7700","","0.22%"
"01/19/2012","0.7715","0.7777","0.7789","0.7709","","-0.78%"
"01/18/2012","0.7776","0.7849","0.7853","0.7773","","-0.96%"
"01/17/2012","0.7851","0.7895","0.7906","0.7807","","-0.58%"
"01/16/2012","0.7897","0.7911","0.7921","0.7881","","0.08%"
"01/13/2012","0.7891","0.7797","0.7922","0.7764","","1.21%"
"01/12/2012","0.7797","0.7869","0.7875","0.7785","","-0.94%"
"01/11/2012","0.7871","0.7827","0.7897","0.7818","","0.55%"
"01/10/2012","0.7828","0.7833","0.7848","0.7801","","-0.08%"
"01/09/2012","0.7834","0.7876","0.7895","0.7821","","-0.36%"
"01/06/2012","0.7862","0.7820","0.7876","0.7804","","0.50%"
"01/05/2012","0.7823","0.7725","0.7831","0.7724","","1.26%"
"01/04/2012","0.7726","0.7662","0.7754","0.7649","","0.81%"
"01/03/2012","0.7664","0.7730","0.7733","0.7647","","-0.91%"
"01/02/2012","0.7734","0.7727","0.7742","0.7711","","0.08%"
"12/30/2011","0.7728","0.7715","0.7750","0.7693","","0.16%"
"12/29/2011","0.7716","0.7729","0.7777","0.7713","","-0.18%"
"12/28/2011","0.7730","0.7649","0.7745","0.7645","","1.03%"
"12/27/2011","0.7651","0.7656","0.7668","0.7643","","-0.10%"
"12/26/2011","0.7659","0.7665","0.7674","0.7643","","-0.09%"
"12/23/2011","0.7666","0.7662","0.7677","0.7636","","0.03%"
"12/22/2011","0.7664","0.7663","0.7683","0.7622","","-0.04%"
"12/21/2011","0.7667","0.7644","0.7678","0.7577","","0.29%"
"12/20/2011","0.7645","0.7691","0.7696","0.7615","","-0.65%"
"12/19/2011","0.7695","0.7666","0.7703","0.7666","","0.31%"
"12/16/2011","0.7671","0.7682","0.7696","0.7642","","-0.16%"
"12/15/2011","0.7683","0.7702","0.7719","0.7663","","-0.30%"
"12/14/2011","0.7706","0.7673","0.7725","0.7654","","0.46%"
"12/13/2011","0.7671","0.7582","0.7687","0.7554","","1.16%"
"12/12/2011","0.7583","0.7470","0.7597","0.7470","","1.44%"
"12/09/2011","0.7475","0.7493","0.7530","0.7444","","-0.25%"
"12/08/2011","0.7494","0.7454","0.7525","0.7429","","0.50%"
"12/07/2011","0.7457","0.7462","0.7491","0.7432","","-0.07%"
"12/06/2011","0.7462","0.7467","0.7501","0.7447","","0.01%"
"12/05/2011","0.7461","0.7442","0.7477","0.7414","","-0.01%"
"12/02/2011","0.7462","0.7427","0.7484","0.7381","","0.44%"
"12/01/2011","0.7429","0.7441","0.7454","0.7395","","-0.15%"
"11/30/2011","0.7440","0.7508","0.7542","0.7390","","-0.87%"
"11/29/2011","0.7505","0.7511","0.7527","0.7439","","-0.09%"
"11/28/2011","0.7512","0.7508","0.7534","0.7463","","-0.57%"
"11/25/2011","0.7555","0.7492","0.7569","0.7487","","0.84%"
"11/24/2011","0.7492","0.7492","0.7510","0.7456","","-0.08%"
"11/23/2011","0.7498","0.7401","0.7508","0.7389","","1.34%"
"11/22/2011","0.7399","0.7409","0.7425","0.7370","","-0.12%"
"11/21/2011","0.7408","0.7402","0.7446","0.7385","","0.11%"
"11/18/2011","0.7400","0.7429","0.7437","0.7345","","-0.40%"
"11/17/2011","0.7430","0.7430","0.7451","0.7385","","0.00%"
"11/16/2011","0.7430","0.7386","0.7447","0.7375","","0.55%"
"11/15/2011","0.7389","0.7335","0.7410","0.7330","","0.71%"
"11/14/2011","0.7337","0.7241","0.7358","0.7240","","0.89%"
"11/11/2011","0.7272","0.7352","0.7365","0.7248","","-1.05%"
"11/10/2011","0.7349","0.7381","0.7417","0.7324","","-0.43%"
"11/09/2011","0.7381","0.7227","0.7394","0.7216","","2.13%"
"11/08/2011","0.7227","0.7257","0.7287","0.7222","","-0.48%"
"11/07/2011","0.7262","0.7226","0.7310","0.7226","","0.18%"
"11/04/2011","0.7249","0.7238","0.7293","0.7211","","0.12%"
"11/03/2011","0.7240","0.7272","0.7323","0.7218","","-0.47%"
"11/02/2011","0.7274","0.7300","0.7333","0.7231","","-0.37%"
"11/01/2011","0.7301","0.7215","0.7349","0.7209","","1.18%"
"10/31/2011","0.7216","0.7066","0.7232","0.7057","","2.09%"
"10/28/2011","0.7068","0.7050","0.7076","0.7042","","0.27%"
"10/27/2011","0.7049","0.7203","0.7212","0.7019","","-2.00%"
"10/26/2011","0.7193","0.7189","0.7248","0.7156","","0.04%"
"10/25/2011","0.7190","0.7178","0.7221","0.7163","","0.13%"
"10/24/2011","0.7181","0.7211","0.7235","0.7165","","-0.21%"
"10/21/2011","0.7196","0.7259","0.7298","0.7193","","-0.87%"
"10/20/2011","0.7259","0.7270","0.7323","0.7224","","-0.15%"
"10/19/2011","0.7270","0.7278","0.7286","0.7210","","-0.14%"
"10/18/2011","0.7280","0.7281","0.7325","0.7237","","0.03%"
"10/17/2011","0.7278","0.7200","0.7286","0.7186","","1.00%"
"10/14/2011","0.7206","0.7260","0.7288","0.7197","","-0.74%"
"10/13/2011","0.7260","0.7254","0.7308","0.7232","","0.10%"
"10/12/2011","0.7253","0.7326","0.7363","0.7229","","-1.05%"
"10/11/2011","0.7330","0.7330","0.7372","0.7308","","0.00%"
"10/10/2011","0.7330","0.7463","0.7475","0.7300","","-1.94%"
"10/07/2011","0.7475","0.7445","0.7485","0.7393","","0.39%"
"10/06/2011","0.7446","0.7488","0.7552","0.7434","","-0.63%"
"10/05/2011","0.7493","0.7490","0.7542","0.7471","","0.09%"
"10/04/2011","0.7486","0.7584","0.7607","0.7479","","-1.42%"
"10/03/2011","0.7594","0.7497","0.7597","0.7473","","1.65%"
"09/30/2011","0.7471","0.7361","0.7473","0.7352","","1.56%"
"09/29/2011","0.7356","0.7391","0.7397","0.7310","","-0.45%"
"09/28/2011","0.7389","0.7357","0.7390","0.7305","","0.39%"
"09/27/2011","0.7360","0.7391","0.7419","0.7316","","-0.41%"
"09/26/2011","0.7390","0.7401","0.7484","0.7381","","-0.26%"
"09/23/2011","0.7409","0.7428","0.7453","0.7371","","-0.26%"
"09/22/2011","0.7428","0.7363","0.7472","0.7352","","0.83%"
"09/21/2011","0.7367","0.7298","0.7376","0.7252","","0.97%"
"09/20/2011","0.7296","0.7312","0.7357","0.7276","","-0.16%"
"09/19/2011","0.7308","0.7314","0.7360","0.7288","","0.84%"
"09/16/2011","0.7247","0.7203","0.7272","0.7202","","0.62%"
"09/15/2011","0.7202","0.7276","0.7298","0.7175","","-1.00%"
"09/14/2011","0.7275","0.7309","0.7358","0.7255","","-0.45%"
"09/13/2011","0.7308","0.7315","0.7376","0.7278","","-0.07%"
"09/12/2011","0.7313","0.7370","0.7408","0.7303","","-0.15%"
"09/09/2011","0.7324","0.7203","0.7339","0.7175","","1.68%"
"09/08/2011","0.7203","0.7095","0.7209","0.7094","","1.55%"
"09/07/2011","0.7093","0.7144","0.7146","0.7068","","-0.70%"
"09/06/2011","0.7143","0.7094","0.7157","0.7004","","0.65%"
"09/05/2011","0.7097","0.7059","0.7112","0.7055","","0.81%"
"09/02/2011","0.7040","0.7013","0.7051","0.6998","","0.40%"
"09/01/2011","0.7012","0.6954","0.7030","0.6953","","0.82%"
"08/31/2011","0.6955","0.6926","0.6965","0.6911","","0.45%"
"08/30/2011","0.6924","0.6888","0.6952","0.6880","","0.46%"
"08/29/2011","0.6892","0.6898","0.6913","0.6873","","-0.07%"
"08/26/2011","0.6897","0.6956","0.6979","0.6896","","-0.82%"
"08/25/2011","0.6954","0.6938","0.6980","0.6909","","0.23%"
"08/24/2011","0.6938","0.6927","0.6955","0.6905","","0.17%"
"08/23/2011","0.6926","0.6964","0.6968","0.6897","","-0.55%"
"08/22/2011","0.6964","0.6956","0.6970","0.6928","","0.26%"
"08/19/2011","0.6946","0.6978","0.7014","0.6919","","-0.47%"
"08/18/2011","0.6979","0.6931","0.7008","0.6919","","0.75%"
"08/17/2011","0.6927","0.6942","0.6981","0.6888","","-0.22%"
"08/16/2011","0.6942","0.6921","0.6967","0.6909","","0.29%"
"08/15/2011","0.6922","0.7011","0.7012","0.6908","","-1.37%"
"08/12/2011","0.7018","0.7021","0.7068","0.6997","","-0.04%"
"08/11/2011","0.7021","0.7059","0.7091","0.6995","","-0.48%"
"08/10/2011","0.7055","0.6947","0.7062","0.6944","","1.39%"
"08/09/2011","0.6958","0.7055","0.7067","0.6954","","-1.36%"
"08/08/2011","0.7054","0.6950","0.7078","0.6943","","0.74%"
"08/05/2011","0.7002","0.7092","0.7115","0.6994","","-1.23%"
"08/04/2011","0.7089","0.6976","0.7098","0.6958","","1.55%"
"08/03/2011","0.6981","0.7049","0.7071","0.6971","","-0.92%"
"08/02/2011","0.7046","0.7011","0.7067","0.7000","","0.46%"
"08/01/2011","0.7014","0.6964","0.7050","0.6919","","0.96%"
"07/29/2011","0.6947","0.6977","0.7028","0.6938","","-0.44%"
"07/28/2011","0.6978","0.6957","0.7017","0.6944","","0.24%"
"07/27/2011","0.6961","0.6888","0.6974","0.6879","","1.03%"
"07/26/2011","0.6890","0.6955","0.6966","0.6883","","-0.96%"
"07/25/2011","0.6957","0.6946","0.6981","0.6941","","-0.13%"
"07/22/2011","0.6966","0.6933","0.6982","0.6926","","0.48%"
"07/21/2011","0.6933","0.7029","0.7073","0.6926","","-1.44%"
"07/20/2011","0.7034","0.7066","0.7076","0.7022","","-0.42%"
"07/19/2011","0.7064","0.7089","0.7108","0.7034","","-0.35%"
"07/18/2011","0.7089","0.7084","0.7137","0.7075","","0.33%"
"07/15/2011","0.7066","0.7069","0.7097","0.7042","","-0.06%"
"07/14/2011","0.7070","0.7048","0.7085","0.7001","","0.24%"
"07/13/2011","0.7053","0.7156","0.7168","0.7037","","-1.43%"
"07/12/2011","0.7155","0.7119","0.7227","0.7111","","0.41%"
"07/11/2011","0.7126","0.7034","0.7150","0.7028","","1.68%"
"07/08/2011","0.7008","0.6963","0.7040","0.6959","","0.65%"
"07/07/2011","0.6963","0.6984","0.7032","0.6956","","-0.31%"
"07/06/2011","0.6985","0.6933","0.7000","0.6912","","0.75%"
"07/05/2011","0.6933","0.6875","0.6947","0.6871","","0.80%"
"07/04/2011","0.6878","0.6875","0.6901","0.6859","","-0.10%"
"07/01/2011","0.6885","0.6896","0.6927","0.6872","","-0.13%"
"06/30/2011","0.6894","0.6928","0.6932","0.6878","","-0.49%"
"06/29/2011","0.6928","0.6960","0.6980","0.6921","","-0.46%"
"06/28/2011","0.6960","0.7000","0.7024","0.6945","","-0.59%"
"06/27/2011","0.7001","0.7045","0.7091","0.6995","","-0.64%"
"06/24/2011","0.7046","0.7010","0.7072","0.6988","","0.48%"
"06/23/2011","0.7012","0.6976","0.7080","0.6974","","0.56%"
"06/22/2011","0.6973","0.6944","0.6976","0.6924","","0.46%"
"06/21/2011","0.6941","0.6990","0.6990","0.6933","","-0.70%"
"06/20/2011","0.6990","0.7004","0.7047","0.6979","","0.03%"
"06/17/2011","0.6988","0.7035","0.7080","0.6973","","-0.70%"
"06/16/2011","0.7037","0.7059","0.7106","0.7032","","-0.34%"
"06/15/2011","0.7061","0.6922","0.7065","0.6918","","1.98%"
"06/14/2011","0.6924","0.6933","0.6955","0.6897","","-0.19%"
"06/13/2011","0.6937","0.6979","0.6983","0.6929","","-0.47%"
"06/10/2011","0.6970","0.6891","0.6983","0.6872","","1.10%"
"06/09/2011","0.6894","0.6858","0.6908","0.6824","","0.48%"
"06/08/2011","0.6861","0.6806","0.6867","0.6806","","0.78%"
"06/07/2011","0.6808","0.6859","0.6867","0.6804","","-0.76%"
"06/06/2011","0.6860","0.6834","0.6869","0.6822","","0.41%"
"06/03/2011","0.6832","0.6900","0.6919","0.6829","","-1.00%"
"06/02/2011","0.6901","0.6980","0.6982","0.6889","","-1.22%"
"06/01/2011","0.6986","0.6945","0.6990","0.6916","","0.56%"
"05/31/2011","0.6947","0.6999","0.7001","0.6932","","-0.79%"
"05/30/2011","0.7002","0.6985","0.7015","0.6986","","0.29%"
"05/27/2011","0.6982","0.7073","0.7080","0.6981","","-1.30%"
"05/26/2011","0.7074","0.7099","0.7109","0.7038","","-0.35%"
"05/25/2011","0.7099","0.7090","0.7137","0.7083","","0.11%"
"05/24/2011","0.7091","0.7118","0.7142","0.7075","","-0.35%"
"05/23/2011","0.7116","0.7076","0.7159","0.7070","","0.72%"
"05/20/2011","0.7065","0.6988","0.7076","0.6970","","1.13%"
"05/19/2011","0.6986","0.7018","0.7040","0.6980","","-0.48%"
"05/18/2011","0.7020","0.7022","0.7045","0.6999","","-0.06%"
"05/17/2011","0.7024","0.7060","0.7082","0.7022","","-0.55%"
"05/16/2011","0.7063","0.7103","0.7119","0.7020","","-0.27%"
"05/13/2011","0.7082","0.7022","0.7110","0.6973","","0.87%"
"05/12/2011","0.7021","0.7039","0.7081","0.7004","","-0.31%"
"05/11/2011","0.7043","0.6940","0.7057","0.6933","","1.45%"
"05/10/2011","0.6942","0.6967","0.7008","0.6937","","-0.29%"
"05/09/2011","0.6962","0.6957","0.7016","0.6924","","-0.37%"
"05/06/2011","0.6988","0.6876","0.6988","0.6855","","1.61%"
"05/05/2011","0.6877","0.6744","0.6892","0.6712","","1.94%"
"05/04/2011","0.6746","0.6745","0.6768","0.6693","","0.01%"
"05/03/2011","0.6745","0.6747","0.6778","0.6716","","0.00%"
"05/02/2011","0.6745","0.6744","0.6774","0.6710","","-0.16%"
"04/29/2011","0.6756","0.6744","0.6756","0.6721","","0.15%"
"04/28/2011","0.6746","0.6765","0.6771","0.6720","","-0.31%"
"04/27/2011","0.6767","0.6826","0.6835","0.6758","","-0.91%"
"04/26/2011","0.6829","0.6858","0.6899","0.6822","","-0.42%"
"04/25/2011","0.6858","0.6868","0.6885","0.6836","","-0.16%"
"04/22/2011","0.6869","0.6872","0.6881","0.6854","","-0.04%"
"04/21/2011","0.6872","0.6887","0.6895","0.6825","","-0.23%"
"04/20/2011","0.6888","0.6974","0.6980","0.6874","","-1.25%"
"04/19/2011","0.6975","0.7028","0.7040","0.6967","","-0.71%"
"04/18/2011","0.7025","0.6935","0.7064","0.6934","","1.39%"
"04/15/2011","0.6929","0.6902","0.6949","0.6894","","0.36%"
"04/14/2011","0.6904","0.6923","0.6962","0.6889","","-0.30%"
"04/13/2011","0.6925","0.6907","0.6939","0.6887","","0.23%"
"04/12/2011","0.6909","0.6928","0.6956","0.6887","","-0.27%"
"04/11/2011","0.6928","0.6916","0.6936","0.6904","","0.32%"
"04/08/2011","0.6906","0.6991","0.6998","0.6902","","-1.22%"
"04/07/2011","0.6991","0.6974","0.7021","0.6971","","0.19%"
"04/06/2011","0.6978","0.7031","0.7037","0.6968","","-0.77%"
"04/05/2011","0.7032","0.7032","0.7067","0.7019","","0.00%"
"04/04/2011","0.7032","0.7027","0.7047","0.7008","","0.07%"
"04/01/2011","0.7027","0.7055","0.7112","0.7019","","-0.45%"
"03/31/2011","0.7059","0.7077","0.7085","0.7025","","-0.28%"
"03/30/2011","0.7079","0.7086","0.7117","0.7068","","-0.11%"
"03/29/2011","0.7087","0.7101","0.7119","0.7067","","-0.18%"
"03/28/2011","0.7100","0.7118","0.7140","0.7084","","-0.01%"
"03/25/2011","0.7101","0.7057","0.7115","0.7045","","0.67%"
"03/24/2011","0.7054","0.7095","0.7117","0.7031","","-0.66%"
"03/23/2011","0.7101","0.7041","0.7103","0.7034","","0.82%"
"03/22/2011","0.7043","0.7031","0.7055","0.7018","","0.20%"
"03/21/2011","0.7029","0.7050","0.7074","0.7022","","-0.33%"
"03/18/2011","0.7052","0.7133","0.7153","0.7049","","-1.11%"
"03/17/2011","0.7131","0.7189","0.7211","0.7115","","-0.86%"
"03/16/2011","0.7193","0.7143","0.7212","0.7142","","0.67%"
"03/15/2011","0.7145","0.7147","0.7219","0.7136","","-0.04%"
"03/14/2011","0.7148","0.7161","0.7192","0.7141","","-0.58%"
"03/11/2011","0.7190","0.7247","0.7272","0.7186","","-0.83%"
"03/10/2011","0.7250","0.7191","0.7260","0.7181","","0.81%"
"03/09/2011","0.7192","0.7190","0.7218","0.7172","","0.00%"
"03/08/2011","0.7192","0.7157","0.7214","0.7146","","0.49%"
"03/07/2011","0.7157","0.7144","0.7167","0.7124","","0.08%"
"03/04/2011","0.7151","0.7160","0.7175","0.7139","","-0.14%"
"03/03/2011","0.7161","0.7209","0.7230","0.7157","","-0.73%"
"03/02/2011","0.7214","0.7256","0.7277","0.7199","","-0.62%"
"03/01/2011","0.7259","0.7244","0.7267","0.7217","","0.18%"
"02/28/2011","0.7246","0.7268","0.7293","0.7218","","-0.36%"
"02/25/2011","0.7272","0.7246","0.7288","0.7226","","0.37%"
"02/24/2011","0.7245","0.7274","0.7298","0.7235","","-0.41%"
"02/23/2011","0.7275","0.7322","0.7328","0.7252","","-0.67%"
"02/22/2011","0.7324","0.7309","0.7393","0.7297","","0.16%"
"02/21/2011","0.7312","0.7298","0.7328","0.7290","","0.18%"
"02/18/2011","0.7299","0.7348","0.7383","0.7291","","-0.68%"
"02/17/2011","0.7349","0.7370","0.7388","0.7342","","-0.33%"
"02/16/2011","0.7373","0.7413","0.7429","0.7358","","-0.55%"
"02/15/2011","0.7414","0.7413","0.7430","0.7378","","0.03%"
"02/14/2011","0.7412","0.7402","0.7448","0.7375","","0.41%"
"02/11/2011","0.7382","0.7354","0.7410","0.7341","","0.41%"
"02/10/2011","0.7352","0.7283","0.7366","0.7280","","0.93%"
"02/09/2011","0.7284","0.7339","0.7349","0.7276","","-0.72%"
"02/08/2011","0.7337","0.7361","0.7369","0.7305","","-0.33%"
"02/07/2011","0.7361","0.7373","0.7403","0.7338","","0.01%"
"02/04/2011","0.7360","0.7331","0.7384","0.7311","","0.35%"
"02/03/2011","0.7334","0.7239","0.7349","0.7232","","1.24%"
"02/02/2011","0.7244","0.7229","0.7264","0.7214","","0.18%"
"02/01/2011","0.7231","0.7305","0.7307","0.7223","","-1.01%"
"01/31/2011","0.7305","0.7353","0.7370","0.7278","","-0.54%"
"01/28/2011","0.7345","0.7281","0.7363","0.7274","","0.81%"
"01/27/2011","0.7286","0.7293","0.7333","0.7268","","-0.21%"
"01/26/2011","0.7301","0.7306","0.7330","0.7288","","-0.04%"
"01/25/2011","0.7304","0.7332","0.7369","0.7297","","-0.38%"
"01/24/2011","0.7332","0.7331","0.7387","0.7306","","-0.15%"
"01/21/2011","0.7343","0.7422","0.7437","0.7338","","-1.06%"
"01/20/2011","0.7422","0.7421","0.7466","0.7394","","-0.01%"
"01/19/2011","0.7423","0.7468","0.7481","0.7386","","-0.63%"
"01/18/2011","0.7470","0.7522","0.7546","0.7430","","-0.76%"
"01/17/2011","0.7527","0.7472","0.7550","0.7469","","0.68%"
"01/14/2011","0.7476","0.7482","0.7512","0.7431","","-0.15%"
"01/13/2011","0.7487","0.7614","0.7641","0.7471","","-1.69%"
"01/12/2011","0.7616","0.7707","0.7716","0.7607","","-1.19%"
"01/11/2011","0.7708","0.7720","0.7750","0.7696","","-0.21%"
"01/10/2011","0.7724","0.7762","0.7768","0.7713","","-0.28%"
"01/07/2011","0.7746","0.7688","0.7749","0.7679","","0.78%"
"01/06/2011","0.7686","0.7605","0.7695","0.7592","","1.08%"
"01/05/2011","0.7604","0.7514","0.7619","0.7504","","1.20%"
"01/04/2011","0.7514","0.7486","0.7524","0.7444","","0.35%"
"01/03/2011","0.7488","0.7491","0.7548","0.7465","","0.19%"
"12/31/2010","0.7474","0.7523","0.7529","0.7449","","-0.70%"
"12/30/2010","0.7527","0.7562","0.7569","0.7510","","-0.49%"
"12/29/2010","0.7564","0.7621","0.7644","0.7553","","-0.76%"
"12/28/2010","0.7622","0.7594","0.7638","0.7533","","0.36%"
"12/27/2010","0.7595","0.7623","0.7650","0.7592","","-0.37%"
"12/24/2010","0.7623","0.7625","0.7638","0.7605","","0.00%"
"12/23/2010","0.7623","0.7634","0.7660","0.7603","","-0.14%"
"12/22/2010","0.7634","0.7634","0.7647","0.7586","","-0.01%"
"12/21/2010","0.7635","0.7617","0.7650","0.7574","","0.18%"
"12/20/2010","0.7621","0.7586","0.7637","0.7583","","0.50%"
"12/17/2010","0.7583","0.7553","0.7615","0.7485","","0.37%"
"12/16/2010","0.7555","0.7569","0.7587","0.7538","","-0.20%"
"12/15/2010","0.7570","0.7472","0.7571","0.7472","","1.30%"
"12/14/2010","0.7473","0.7467","0.7484","0.7408","","0.04%"
"12/13/2010","0.7470","0.7571","0.7587","0.7443","","-1.15%"
"12/10/2010","0.7557","0.7553","0.7589","0.7528","","0.09%"
"12/09/2010","0.7550","0.7539","0.7596","0.7505","","0.11%"
"12/08/2010","0.7542","0.7540","0.7588","0.7529","","0.03%"
"12/07/2010","0.7540","0.7514","0.7541","0.7462","","0.31%"
"12/06/2010","0.7517","0.7471","0.7551","0.7450","","0.83%"
"12/03/2010","0.7455","0.7563","0.7580","0.7452","","-1.39%"
"12/02/2010","0.7560","0.7610","0.7659","0.7548","","-0.64%"
"12/01/2010","0.7609","0.7699","0.7710","0.7586","","-1.23%"
"11/30/2010","0.7704","0.7620","0.7713","0.7604","","1.06%"
"11/29/2010","0.7623","0.7526","0.7655","0.7518","","0.95%"
"11/26/2010","0.7551","0.7488","0.7577","0.7482","","0.91%"
"11/25/2010","0.7483","0.7501","0.7527","0.7470","","-0.24%"
"11/24/2010","0.7501","0.7480","0.7529","0.7450","","0.31%"
"11/23/2010","0.7478","0.7340","0.7485","0.7334","","1.89%"
"11/22/2010","0.7339","0.7290","0.7366","0.7253","","0.44%"
"11/19/2010","0.7307","0.7328","0.7349","0.7282","","-0.31%"
"11/18/2010","0.7330","0.7390","0.7394","0.7317","","-0.91%"
"11/17/2010","0.7397","0.7412","0.7430","0.7371","","-0.20%"
"11/16/2010","0.7412","0.7359","0.7437","0.7323","","0.69%"
"11/15/2010","0.7361","0.7293","0.7373","0.7272","","0.79%"
"11/12/2010","0.7303","0.7316","0.7367","0.7258","","-0.26%"
"11/11/2010","0.7322","0.7255","0.7333","0.7235","","0.94%"
"11/10/2010","0.7254","0.7258","0.7315","0.7232","","-0.04%"
"11/09/2010","0.7257","0.7182","0.7272","0.7156","","1.02%"
"11/08/2010","0.7184","0.7116","0.7201","0.7100","","0.81%"
"11/05/2010","0.7126","0.7032","0.7131","0.7019","","1.19%"
"11/04/2010","0.7042","0.7073","0.7091","0.7002","","-0.41%"
"11/03/2010","0.7071","0.7124","0.7147","0.7054","","-0.73%"
"11/02/2010","0.7123","0.7194","0.7205","0.7113","","-1.04%"
"11/01/2010","0.7198","0.7161","0.7213","0.7137","","0.40%"
"10/29/2010","0.7169","0.7181","0.7244","0.7167","","-0.13%"
"10/28/2010","0.7178","0.7264","0.7269","0.7171","","-1.16%"
"10/27/2010","0.7262","0.7214","0.7282","0.7206","","0.65%"
"10/26/2010","0.7215","0.7159","0.7234","0.7151","","0.75%"
"10/25/2010","0.7161","0.7164","0.7177","0.7102","","-0.10%"
"10/22/2010","0.7168","0.7180","0.7217","0.7156","","-0.22%"
"10/21/2010","0.7184","0.7162","0.7209","0.7117","","0.34%"
"10/20/2010","0.7160","0.7280","0.7301","0.7147","","-1.65%"
"10/19/2010","0.7280","0.7168","0.7292","0.7141","","1.46%"
"10/18/2010","0.7175","0.7155","0.7231","0.7143","","0.31%"
"10/15/2010","0.7153","0.7102","0.7176","0.7063","","0.72%"
"10/14/2010","0.7102","0.7164","0.7166","0.7081","","-0.82%"
"10/13/2010","0.7161","0.7186","0.7189","0.7141","","-0.28%"
"10/12/2010","0.7181","0.7208","0.7260","0.7177","","-0.36%"
"10/11/2010","0.7207","0.7144","0.7212","0.7136","","0.49%"
"10/08/2010","0.7172","0.7184","0.7229","0.7151","","-0.13%"
"10/07/2010","0.7181","0.7178","0.7217","0.7128","","0.07%"
"10/06/2010","0.7176","0.7227","0.7247","0.7170","","-0.75%"
"10/05/2010","0.7230","0.7310","0.7333","0.7215","","-1.08%"
"10/04/2010","0.7309","0.7251","0.7318","0.7251","","0.80%"
"10/01/2010","0.7251","0.7336","0.7343","0.7249","","-1.16%"
"09/30/2010","0.7336","0.7339","0.7376","0.7308","","-0.03%"
"09/29/2010","0.7338","0.7364","0.7372","0.7327","","-0.35%"
"09/28/2010","0.7364","0.7438","0.7474","0.7355","","-0.91%"
"09/27/2010","0.7432","0.7416","0.7449","0.7403","","0.26%"
"09/24/2010","0.7413","0.7511","0.7527","0.7410","","-1.32%"
"09/23/2010","0.7512","0.7465","0.7517","0.7454","","0.66%"
"09/22/2010","0.7463","0.7544","0.7549","0.7440","","-1.10%"
"09/21/2010","0.7546","0.7654","0.7659","0.7529","","-1.41%"
"09/20/2010","0.7654","0.7660","0.7676","0.7621","","-0.13%"
"09/17/2010","0.7664","0.7646","0.7682","0.7599","","0.21%"
"09/16/2010","0.7648","0.7683","0.7707","0.7624","","-0.55%"
"09/15/2010","0.7690","0.7696","0.7719","0.7670","","-0.06%"
"09/14/2010","0.7695","0.7765","0.7795","0.7672","","-0.89%"
"09/13/2010","0.7764","0.7867","0.7872","0.7756","","-1.56%"
"09/10/2010","0.7887","0.7875","0.7909","0.7845","","0.13%"
"09/09/2010","0.7877","0.7859","0.7897","0.7832","","0.22%"
"09/08/2010","0.7860","0.7883","0.7900","0.7834","","-0.32%"
"09/07/2010","0.7885","0.7767","0.7889","0.7766","","1.51%"
"09/06/2010","0.7768","0.7758","0.7773","0.7741","","0.17%"
"09/03/2010","0.7755","0.7795","0.7807","0.7752","","-0.53%"
"09/02/2010","0.7796","0.7810","0.7827","0.7782","","-0.13%"
"09/01/2010","0.7806","0.7881","0.7897","0.7778","","-0.94%"
"08/31/2010","0.7880","0.7896","0.7921","0.7847","","-0.20%"
"08/30/2010","0.7896","0.7833","0.7900","0.7830","","0.79%"
"08/27/2010","0.7834","0.7865","0.7888","0.7826","","-0.36%"
"08/26/2010","0.7862","0.7898","0.7906","0.7834","","-0.49%"
"08/25/2010","0.7901","0.7918","0.7934","0.7857","","-0.25%"
"08/24/2010","0.7921","0.7905","0.7945","0.7862","","0.25%"
"08/23/2010","0.7901","0.7868","0.7907","0.7854","","0.41%"
"08/20/2010","0.7869","0.7799","0.7897","0.7792","","0.88%"
"08/19/2010","0.7800","0.7778","0.7830","0.7750","","0.28%"
"08/18/2010","0.7778","0.7763","0.7799","0.7738","","0.18%"
"08/17/2010","0.7764","0.7798","0.7810","0.7742","","-0.41%"
"08/16/2010","0.7796","0.7836","0.7853","0.7769","","-0.59%"
"08/13/2010","0.7842","0.7794","0.7844","0.7748","","0.56%"
"08/12/2010","0.7798","0.7783","0.7825","0.7732","","0.06%"
"08/11/2010","0.7793","0.7587","0.7795","0.7581","","2.69%"
"08/10/2010","0.7589","0.7561","0.7650","0.7555","","0.41%"
"08/09/2010","0.7558","0.7523","0.7567","0.7514","","0.40%"
"08/06/2010","0.7528","0.7583","0.7601","0.7499","","-0.70%"
"08/05/2010","0.7581","0.7601","0.7623","0.7555","","-0.24%"
"08/04/2010","0.7599","0.7556","0.7615","0.7553","","0.52%"
"08/03/2010","0.7560","0.7588","0.7608","0.7540","","-0.34%"
"08/02/2010","0.7586","0.7655","0.7661","0.7578","","-1.02%"
"07/30/2010","0.7664","0.7644","0.7705","0.7637","","0.21%"
"07/29/2010","0.7648","0.7699","0.7706","0.7629","","-0.62%"
"07/28/2010","0.7696","0.7691","0.7713","0.7667","","0.01%"
"07/27/2010","0.7695","0.7698","0.7722","0.7665","","-0.01%"
"07/26/2010","0.7696","0.7750","0.7767","0.7689","","-0.67%"
"07/23/2010","0.7748","0.7759","0.7817","0.7712","","-0.12%"
"07/22/2010","0.7757","0.7840","0.7851","0.7734","","-1.05%"
"07/21/2010","0.7839","0.7760","0.7855","0.7744","","1.01%"
"07/20/2010","0.7761","0.7723","0.7789","0.7675","","0.43%"
"07/19/2010","0.7728","0.7754","0.7770","0.7696","","-0.05%"
"07/16/2010","0.7732","0.7732","0.7758","0.7688","","0.04%"
"07/15/2010","0.7729","0.7849","0.7869","0.7718","","-1.53%"
"07/14/2010","0.7849","0.7859","0.7886","0.7826","","-0.10%"
"07/13/2010","0.7857","0.7941","0.7986","0.7850","","-1.08%"
"07/12/2010","0.7943","0.7910","0.7969","0.7906","","0.38%"
"07/09/2010","0.7913","0.7875","0.7932","0.7859","","0.44%"
"07/08/2010","0.7878","0.7914","0.7924","0.7866","","-0.45%"
"07/07/2010","0.7914","0.7919","0.7967","0.7896","","-0.09%"
"07/06/2010","0.7921","0.7973","0.8013","0.7897","","-0.66%"
"07/05/2010","0.7974","0.7961","0.7995","0.7959","","0.18%"
"07/02/2010","0.7960","0.7986","0.8012","0.7928","","-0.35%"
"07/01/2010","0.7988","0.8173","0.8202","0.7976","","-2.26%"
"06/30/2010","0.8173","0.8205","0.8220","0.8127","","-0.44%"
"06/29/2010","0.8209","0.8145","0.8230","0.8136","","0.80%"
"06/28/2010","0.8144","0.8080","0.8154","0.8066","","0.80%"
"06/25/2010","0.8079","0.8111","0.8162","0.8067","","-0.36%"
"06/24/2010","0.8108","0.8117","0.8156","0.8072","","-0.14%"
"06/23/2010","0.8119","0.8153","0.8191","0.8101","","-0.40%"
"06/22/2010","0.8152","0.8119","0.8164","0.8095","","0.32%"
"06/21/2010","0.8126","0.8036","0.8120","0.8021","","0.66%"
"06/18/2010","0.8073","0.8074","0.8096","0.8054","","-0.06%"
"06/17/2010","0.8078","0.8127","0.8169","0.8056","","-0.58%"
"06/16/2010","0.8125","0.8112","0.8159","0.8093","","0.12%"
"06/15/2010","0.8115","0.8186","0.8221","0.8099","","-0.84%"
"06/14/2010","0.8184","0.8245","0.8254","0.8131","","-0.87%"
"06/11/2010","0.8256","0.8254","0.8301","0.8228","","-0.05%"
"06/10/2010","0.8260","0.8347","0.8364","0.8238","","-0.99%"
"06/09/2010","0.8343","0.8353","0.8387","0.8281","","-0.11%"
"06/08/2010","0.8352","0.8390","0.8403","0.8327","","-0.49%"
"06/07/2010","0.8393","0.8377","0.8420","0.8339","","0.51%"
"06/04/2010","0.8350","0.8222","0.8359","0.8186","","1.52%"
"06/03/2010","0.8225","0.8163","0.8229","0.8112","","0.76%"
"06/02/2010","0.8163","0.8185","0.8215","0.8146","","-0.18%"
"06/01/2010","0.8178","0.8127","0.8257","0.8095","","0.63%"
"05/31/2010","0.8127","0.8148","0.8154","0.8107","","-0.28%"
"05/28/2010","0.8150","0.8090","0.8148","0.8030","","0.80%"
"05/27/2010","0.8085","0.8220","0.8228","0.8071","","-1.63%"
"05/26/2010","0.8219","0.8092","0.8211","0.8076","","1.62%"
"05/25/2010","0.8088","0.8092","0.8213","0.8082","","-0.10%"
"05/24/2010","0.8096","0.7973","0.8101","0.7960","","1.79%"
"05/21/2010","0.7954","0.8014","0.8026","0.7890","","-0.82%"
"05/20/2010","0.8020","0.8052","0.8132","0.7989","","-0.32%"
"05/19/2010","0.8046","0.8202","0.8234","0.8065","","-1.97%"
"05/18/2010","0.8208","0.8069","0.8177","0.8035","","1.74%"
"05/17/2010","0.8068","0.8099","0.8173","0.8054","","-0.26%"
"05/14/2010","0.8089","0.7983","0.8093","0.7951","","1.34%"
"05/13/2010","0.7982","0.7922","0.7981","0.7884","","0.74%"
"05/12/2010","0.7923","0.7904","0.7934","0.7850","","0.27%"
"05/11/2010","0.7902","0.7819","0.7899","0.7810","","1.00%"
"05/10/2010","0.7824","0.7736","0.7832","0.7637","","-0.15%"
"05/07/2010","0.7836","0.7919","0.7940","0.7813","","-0.81%"
"05/06/2010","0.7900","0.7802","0.7944","0.7778","","1.23%"
"05/05/2010","0.7804","0.7706","0.7815","0.7694","","1.30%"
"05/04/2010","0.7704","0.7580","0.7693","0.7567","","1.64%"
"05/03/2010","0.7580","0.7493","0.7603","0.7490","","0.80%"
"04/30/2010","0.7520","0.7554","0.7562","0.7494","","-0.56%"
"04/29/2010","0.7562","0.7569","0.7585","0.7530","","-0.08%"
"04/28/2010","0.7568","0.7596","0.7625","0.7537","","-0.38%"
"04/27/2010","0.7597","0.7469","0.7585","0.7454","","1.75%"
"04/26/2010","0.7466","0.7492","0.7525","0.7464","","-0.07%"
"04/23/2010","0.7471","0.7525","0.7575","0.7468","","-0.69%"
"04/22/2010","0.7523","0.7470","0.7541","0.7450","","0.71%"
"04/21/2010","0.7470","0.7442","0.7487","0.7436","","0.38%"
"04/20/2010","0.7442","0.7413","0.7446","0.7394","","0.35%"
"04/19/2010","0.7416","0.7422","0.7455","0.7408","","0.11%"
"04/16/2010","0.7408","0.7366","0.7423","0.7362","","0.61%"
"04/15/2010","0.7363","0.7325","0.7397","0.7318","","0.52%"
"04/14/2010","0.7325","0.7345","0.7356","0.7310","","-0.34%"
"04/13/2010","0.7350","0.7360","0.7383","0.7338","","-0.14%"
"04/12/2010","0.7360","0.7331","0.7373","0.7303","","-0.65%"
"04/09/2010","0.7408","0.7485","0.7497","0.7408","","-1.04%"
"04/08/2010","0.7486","0.7497","0.7530","0.7481","","-0.11%"
"04/07/2010","0.7494","0.7464","0.7504","0.7458","","0.40%"
"04/06/2010","0.7464","0.7417","0.7488","0.7409","","0.66%"
"04/05/2010","0.7415","0.7410","0.7430","0.7386","","0.14%"
"04/02/2010","0.7405","0.7361","0.7422","0.7358","","0.57%"
"04/01/2010","0.7363","0.7402","0.7432","0.7358","","-0.51%"
"03/31/2010","0.7401","0.7454","0.7472","0.7381","","-0.74%"
"03/30/2010","0.7456","0.7418","0.7465","0.7387","","0.50%"
"03/29/2010","0.7419","0.7417","0.7453","0.7404","","-0.48%"
"03/26/2010","0.7455","0.7533","0.7537","0.7449","","-1.01%"
"03/25/2010","0.7531","0.7511","0.7532","0.7470","","0.24%"
"03/24/2010","0.7513","0.7409","0.7510","0.7405","","1.46%"
"03/23/2010","0.7405","0.7374","0.7421","0.7369","","0.38%"
"03/22/2010","0.7377","0.7390","0.7428","0.7370","","-0.16%"
"03/19/2010","0.7389","0.7350","0.7407","0.7338","","0.53%"
"03/18/2010","0.7350","0.7280","0.7362","0.7276","","0.98%"
"03/17/2010","0.7279","0.7264","0.7286","0.7237","","0.28%"
"03/16/2010","0.7259","0.7312","0.7323","0.7258","","-0.74%"
"03/15/2010","0.7313","0.7258","0.7332","0.7258","","0.63%"
"03/12/2010","0.7267","0.7310","0.7316","0.7248","","-0.60%"
"03/11/2010","0.7311","0.7325","0.7343","0.7306","","-0.16%"
"03/10/2010","0.7323","0.7353","0.7383","0.7310","","-0.39%"
"03/09/2010","0.7352","0.7336","0.7387","0.7333","","0.20%"
"03/08/2010","0.7337","0.7336","0.7350","0.7297","","-0.05%"
"03/05/2010","0.7341","0.7360","0.7393","0.7337","","-0.31%"
"03/04/2010","0.7364","0.7301","0.7380","0.7292","","0.89%"
"03/03/2010","0.7299","0.7346","0.7326","0.7280","","-0.69%"
"03/02/2010","0.7350","0.7376","0.7443","0.7347","","-0.35%"
"03/01/2010","0.7376","0.7332","0.7430","0.7322","","0.50%"
"02/26/2010","0.7339","0.7379","0.7391","0.7308","","-0.52%"
"02/25/2010","0.7377","0.7388","0.7434","0.7373","","-0.19%"
"02/24/2010","0.7391","0.7404","0.7407","0.7338","","-0.16%"
"02/23/2010","0.7403","0.7355","0.7405","0.7303","","0.65%"
"02/22/2010","0.7355","0.7334","0.7368","0.7324","","0.14%"
"02/19/2010","0.7345","0.7370","0.7439","0.7342","","0.00%"
"02/18/2010","0.7345","0.7351","0.7387","0.7324","","-0.07%"
"02/17/2010","0.7350","0.7264","0.7357","0.7251","","1.18%"
"02/16/2010","0.7264","0.7353","0.7359","0.7260","","-1.21%"
"02/15/2010","0.7353","0.7347","0.7365","0.7334","","0.12%"
"02/12/2010","0.7344","0.7306","0.7391","0.7301","","0.49%"
"02/11/2010","0.7308","0.7283","0.7356","0.7245","","0.30%"
"02/10/2010","0.7286","0.7252","0.7312","0.7238","","0.47%"
"02/09/2010","0.7252","0.7323","0.7330","0.7230","","-0.98%"
"02/08/2010","0.7324","0.7308","0.7342","0.7291","","0.08%"
"02/05/2010","0.7318","0.7280","0.7359","0.7274","","0.47%"
"02/04/2010","0.7284","0.7198","0.7285","0.7192","","1.22%"
"02/03/2010","0.7196","0.7161","0.7197","0.7129","","0.49%"
"02/02/2010","0.7161","0.7178","0.7202","0.7158","","-0.25%"
"02/01/2010","0.7179","0.7214","0.7219","0.7175","","-0.46%"
"01/29/2010","0.7212","0.7158","0.7214","0.7148","","0.71%"
"01/28/2010","0.7161","0.7132","0.7176","0.7116","","0.38%"
"01/27/2010","0.7134","0.7105","0.7140","0.7093","","0.41%"
"01/26/2010","0.7105","0.7066","0.7121","0.7052","","0.55%"
"01/25/2010","0.7066","0.7061","0.7079","0.7044","","-0.14%"
"01/22/2010","0.7076","0.7098","0.7109","0.7054","","-0.28%"
"01/21/2010","0.7096","0.7090","0.7129","0.7071","","0.04%"
"01/20/2010","0.7093","0.6995","0.7103","0.6993","","1.42%"
"01/19/2010","0.6994","0.6954","0.7017","0.6938","","0.62%"
"01/18/2010","0.6951","0.6968","0.6976","0.6945","","0.00%"
"01/15/2010","0.6951","0.6897","0.6970","0.6890","","0.83%"
"01/14/2010","0.6894","0.6891","0.6922","0.6870","","0.06%"
"01/13/2010","0.6890","0.6904","0.6918","0.6859","","-0.13%"
"01/12/2010","0.6899","0.6889","0.6919","0.6873","","0.13%"
"01/11/2010","0.6890","0.6927","0.6941","0.6869","","-0.69%"
"01/08/2010","0.6938","0.6983","0.7011","0.6930","","-0.67%"
"01/07/2010","0.6985","0.6940","0.6994","0.6925","","0.68%"
"01/06/2010","0.6938","0.6961","0.7000","0.6932","","-0.32%"
"01/05/2010","0.6960","0.6940","0.6961","0.6904","","0.33%"
"01/04/2010","0.6937","0.6981","0.7014","0.6918","","-0.63%"
"01/01/2010","0.6981","0.6983","0.6985","0.6979","","-0.06%"
"12/31/2009","0.6985","0.6974","0.6990","0.6924","","0.14%"
"12/30/2009","0.6975","0.6968","0.7007","0.6962","","0.10%"
"12/29/2009","0.6968","0.6956","0.6978","0.6916","","0.22%"
"12/28/2009","0.6953","0.6950","0.6967","0.6937","","0.10%"
"12/25/2009","0.6946","0.6957","0.6962","0.6927","","-0.16%"
"12/24/2009","0.6957","0.6978","0.6982","0.6935","","-0.33%"
"12/23/2009","0.6980","0.7017","0.7025","0.6966","","-0.53%"
"12/22/2009","0.7017","0.7000","0.7034","0.6977","","0.24%"
"12/21/2009","0.7000","0.6991","0.7006","0.6957","","0.43%"
"12/18/2009","0.6970","0.6974","0.7013","0.6939","","-0.04%"
"12/17/2009","0.6973","0.6880","0.6991","0.6879","","1.37%"
"12/16/2009","0.6879","0.6879","0.6893","0.6854","","0.00%"
"12/15/2009","0.6879","0.6824","0.6895","0.6819","","0.79%"
"12/14/2009","0.6825","0.6837","0.6850","0.6809","","-0.20%"
"12/11/2009","0.6839","0.6788","0.6856","0.6767","","0.77%"
"12/10/2009","0.6787","0.6790","0.6809","0.6774","","-0.04%"
"12/09/2009","0.6790","0.6801","0.6818","0.6765","","-0.21%"
"12/08/2009","0.6804","0.6749","0.6803","0.6726","","0.83%"
"12/07/2009","0.6748","0.6732","0.6777","0.6709","","0.21%"
"12/04/2009","0.6734","0.6640","0.6736","0.6626","","1.49%"
"12/03/2009","0.6635","0.6647","0.6648","0.6604","","-0.18%"
"12/02/2009","0.6647","0.6630","0.6651","0.6618","","0.29%"
"12/01/2009","0.6628","0.6662","0.6680","0.6615","","-0.53%"
"11/30/2009","0.6663","0.6659","0.6683","0.6630","","-0.28%"
"11/27/2009","0.6682","0.6659","0.6744","0.6656","","0.30%"
"11/26/2009","0.6662","0.6606","0.6685","0.6604","","0.85%"
"11/25/2009","0.6606","0.6684","0.6687","0.6614","","-1.17%"
"11/24/2009","0.6684","0.6682","0.6717","0.6671","","0.01%"
"11/23/2009","0.6683","0.6728","0.6742","0.6666","","-0.67%"
"11/20/2009","0.6728","0.6702","0.6758","0.6695","","0.37%"
"11/19/2009","0.6703","0.6684","0.6739","0.6681","","0.28%"
"11/18/2009","0.6684","0.6724","0.6731","0.6671","","-0.62%"
"11/17/2009","0.6726","0.6679","0.6754","0.6669","","0.72%"
"11/16/2009","0.6678","0.6699","0.6713","0.6664","","-0.37%"
"11/13/2009","0.6703","0.6737","0.6746","0.6700","","-0.52%"
"11/12/2009","0.6738","0.6675","0.6741","0.6659","","0.94%"
"11/11/2009","0.6675","0.6674","0.6687","0.6645","","-0.01%"
"11/10/2009","0.6676","0.6670","0.6694","0.6657","","0.09%"
"11/09/2009","0.6670","0.6718","0.6731","0.6657","","-0.97%"
"11/06/2009","0.6735","0.6724","0.6751","0.6705","","0.21%"
"11/05/2009","0.6721","0.6726","0.6753","0.6703","","-0.01%"
"11/04/2009","0.6722","0.6793","0.6801","0.6721","","-1.09%"
"11/03/2009","0.6796","0.6772","0.6838","0.6753","","0.37%"
"11/02/2009","0.6771","0.6798","0.6810","0.6735","","-0.35%"
"10/30/2009","0.6795","0.6744","0.6799","0.6730","","0.79%"
"10/29/2009","0.6742","0.6797","0.6809","0.6732","","-0.78%"
"10/28/2009","0.6795","0.6753","0.6803","0.6738","","0.56%"
"10/27/2009","0.6757","0.6725","0.6768","0.6699","","0.45%"
"10/26/2009","0.6727","0.6668","0.6728","0.6640","","0.92%"
"10/23/2009","0.6666","0.6655","0.6672","0.6642","","0.15%"
"10/22/2009","0.6656","0.6663","0.6692","0.6650","","-0.11%"
"10/21/2009","0.6663","0.6693","0.6717","0.6651","","-0.46%"
"10/20/2009","0.6694","0.6681","0.6720","0.6669","","0.15%"
"10/19/2009","0.6684","0.6715","0.6742","0.6680","","-0.36%"
"10/16/2009","0.6708","0.6691","0.6736","0.6681","","0.24%"
"10/15/2009","0.6692","0.6697","0.6736","0.6681","","-0.12%"
"10/14/2009","0.6700","0.6732","0.6740","0.6696","","-0.49%"
"10/13/2009","0.6733","0.6768","0.6775","0.6722","","-0.53%"
"10/12/2009","0.6769","0.6792","0.6814","0.6750","","-0.28%"
"10/09/2009","0.6788","0.6759","0.6816","0.6758","","0.38%"
"10/08/2009","0.6762","0.6807","0.6812","0.6748","","-0.69%"
"10/07/2009","0.6809","0.6795","0.6825","0.6786","","0.22%"
"10/06/2009","0.6794","0.6826","0.6828","0.6774","","-0.47%"
"10/05/2009","0.6826","0.6849","0.6859","0.6820","","-0.54%"
"10/02/2009","0.6863","0.6879","0.6906","0.6826","","-0.25%"
"10/01/2009","0.6880","0.6831","0.6889","0.6817","","0.70%"
"09/30/2009","0.6832","0.6857","0.6861","0.6815","","-0.35%"
"09/29/2009","0.6856","0.6841","0.6885","0.6827","","0.25%"
"09/28/2009","0.6839","0.6803","0.6869","0.6793","","0.44%"
"09/25/2009","0.6809","0.6821","0.6843","0.6792","","-0.21%"
"09/24/2009","0.6823","0.6793","0.6825","0.6755","","0.52%"
"09/23/2009","0.6788","0.6760","0.6789","0.6737","","0.40%"
"09/22/2009","0.6761","0.6813","0.6816","0.6747","","-0.79%"
"09/21/2009","0.6815","0.6803","0.6846","0.6798","","0.25%"
"09/18/2009","0.6798","0.6784","0.6828","0.6782","","0.21%"
"09/17/2009","0.6784","0.6798","0.6809","0.6772","","-0.18%"
"09/16/2009","0.6796","0.6822","0.6830","0.6787","","-0.38%"
"09/15/2009","0.6822","0.6838","0.6869","0.6819","","-0.23%"
"09/14/2009","0.6838","0.6849","0.6889","0.6825","","-0.38%"
"09/11/2009","0.6864","0.6859","0.6871","0.6834","","0.06%"
"09/10/2009","0.6860","0.6866","0.6896","0.6844","","-0.07%"
"09/09/2009","0.6865","0.6905","0.6913","0.6849","","-0.56%"
"09/08/2009","0.6904","0.6977","0.6980","0.6880","","-1.03%"
"09/07/2009","0.6976","0.6990","0.6993","0.6963","","-0.30%"
"09/04/2009","0.6997","0.7015","0.7047","0.6979","","-0.27%"
"09/03/2009","0.7016","0.7011","0.7023","0.6969","","0.07%"
"09/02/2009","0.7011","0.7032","0.7047","0.6995","","-0.33%"
"09/01/2009","0.7034","0.6977","0.7045","0.6955","","0.80%"
"08/31/2009","0.6978","0.6988","0.7015","0.6960","","-0.23%"
"08/28/2009","0.6994","0.6971","0.6993","0.6950","","0.34%"
"08/27/2009","0.6970","0.7018","0.7033","0.6971","","-0.68%"
"08/26/2009","0.7018","0.6994","0.7039","0.6969","","0.36%"
"08/25/2009","0.6993","0.6993","0.7016","0.6963","","0.03%"
"08/24/2009","0.6991","0.6973","0.7003","0.6965","","0.13%"
"08/21/2009","0.6982","0.7017","0.7038","0.6956","","-0.53%"
"08/20/2009","0.7019","0.7028","0.7042","0.7010","","-0.09%"
"08/19/2009","0.7025","0.7075","0.7101","0.7009","","-0.72%"
"08/18/2009","0.7076","0.7104","0.7109","0.7066","","-0.37%"
"08/17/2009","0.7102","0.7048","0.7119","0.7044","","0.88%"
"08/14/2009","0.7040","0.7001","0.7051","0.6990","","0.63%"
"08/13/2009","0.6996","0.7046","0.7047","0.6980","","-0.67%"
"08/12/2009","0.7043","0.7068","0.7099","0.7019","","-0.37%"
"08/11/2009","0.7069","0.7071","0.7088","0.7049","","-0.03%"
"08/10/2009","0.7071","0.7054","0.7085","0.7032","","0.31%"
"08/07/2009","0.7049","0.6972","0.7066","0.6938","","1.13%"
"08/06/2009","0.6970","0.6940","0.6977","0.6929","","0.45%"
"08/05/2009","0.6939","0.6944","0.6966","0.6924","","-0.09%"
"08/04/2009","0.6945","0.6938","0.6961","0.6928","","0.13%"
"08/03/2009","0.6936","0.7009","0.7040","0.6923","","-1.17%"
"07/31/2009","0.7018","0.7107","0.7111","0.7003","","-1.24%"
"07/30/2009","0.7106","0.7122","0.7139","0.7094","","-0.27%"
"07/29/2009","0.7125","0.7059","0.7139","0.7045","","0.99%"
"07/28/2009","0.7055","0.7024","0.7078","0.6990","","0.50%"
"07/27/2009","0.7020","0.7030","0.7052","0.6993","","-0.28%"
"07/24/2009","0.7040","0.7067","0.7075","0.7016","","-0.33%"
"07/23/2009","0.7063","0.7035","0.7065","0.6997","","0.40%"
"07/22/2009","0.7035","0.7031","0.7066","0.7017","","-0.01%"
"07/21/2009","0.7036","0.7028","0.7061","0.7005","","0.14%"
"07/20/2009","0.7026","0.7088","0.7091","0.7018","","-0.93%"
"07/17/2009","0.7092","0.7069","0.7111","0.7068","","0.33%"
"07/16/2009","0.7069","0.7089","0.7115","0.7060","","-0.30%"
"07/15/2009","0.7090","0.7159","0.7162","0.7079","","-0.96%"
"07/14/2009","0.7159","0.7153","0.7181","0.7135","","0.08%"
"07/13/2009","0.7153","0.7170","0.7196","0.7144","","-0.35%"
"07/10/2009","0.7178","0.7132","0.7206","0.7128","","0.69%"
"07/09/2009","0.7129","0.7205","0.7217","0.7106","","-1.08%"
"07/08/2009","0.7207","0.7184","0.7230","0.7174","","0.33%"
"07/07/2009","0.7183","0.7154","0.7193","0.7116","","0.38%"
"07/06/2009","0.7156","0.7164","0.7207","0.7143","","-0.08%"
"07/03/2009","0.7162","0.7157","0.7178","0.7129","","-0.13%"
"07/02/2009","0.7171","0.7069","0.7164","0.7065","","1.49%"
"07/01/2009","0.7066","0.7126","0.7143","0.7042","","-0.84%"
"06/30/2009","0.7126","0.7102","0.7143","0.7066","","0.31%"
"06/29/2009","0.7104","0.7110","0.7152","0.7093","","-0.17%"
"06/26/2009","0.7116","0.7148","0.7153","0.7085","","-0.46%"
"06/25/2009","0.7149","0.7178","0.7200","0.7144","","-0.43%"
"06/24/2009","0.7180","0.7105","0.7185","0.7073","","1.07%"
"06/23/2009","0.7104","0.7213","0.7232","0.7088","","-1.52%"
"06/22/2009","0.7214","0.7168","0.7233","0.7166","","0.59%"
"06/19/2009","0.7172","0.7193","0.7204","0.7137","","-0.28%"
"06/18/2009","0.7192","0.7171","0.7201","0.7142","","0.31%"
"06/17/2009","0.7170","0.7229","0.7243","0.7165","","-0.82%"
"06/16/2009","0.7229","0.7250","0.7271","0.7177","","-0.32%"
"06/15/2009","0.7252","0.7147","0.7270","0.7142","","1.70%"
"06/12/2009","0.7131","0.7090","0.7176","0.7077","","0.59%"
"06/11/2009","0.7089","0.7155","0.7172","0.7065","","-0.96%"
"06/10/2009","0.7158","0.7109","0.7177","0.7070","","0.69%"
"06/09/2009","0.7109","0.7196","0.7219","0.7104","","-1.22%"
"06/08/2009","0.7197","0.7165","0.7244","0.7142","","0.57%"
"06/05/2009","0.7156","0.7053","0.7168","0.7009","","1.52%"
"06/04/2009","0.7049","0.7066","0.7108","0.7021","","-0.24%"
"06/03/2009","0.7066","0.6990","0.7084","0.6974","","1.10%"
"06/02/2009","0.6989","0.7066","0.7091","0.6982","","-1.05%"
"06/01/2009","0.7063","0.7074","0.7093","0.7019","","-0.04%"
"05/29/2009","0.7066","0.7174","0.7181","0.7058","","-1.55%"
"05/28/2009","0.7177","0.7231","0.7250","0.7151","","-0.69%"
"05/27/2009","0.7227","0.7150","0.7222","0.7142","","1.11%"
"05/26/2009","0.7148","0.7137","0.7217","0.7132","","0.15%"
"05/25/2009","0.7137","0.7129","0.7165","0.7121","","-0.13%"
"05/22/2009","0.7146","0.7198","0.7199","0.7120","","-0.72%"
"05/21/2009","0.7198","0.7262","0.7285","0.7187","","-0.91%"
"05/20/2009","0.7264","0.7339","0.7362","0.7240","","-1.01%"
"05/19/2009","0.7338","0.7376","0.7390","0.7319","","-0.49%"
"05/18/2009","0.7374","0.7416","0.7450","0.7377","","-0.49%"
"05/15/2009","0.7410","0.7333","0.7415","0.7326","","1.02%"
"05/14/2009","0.7335","0.7353","0.7391","0.7327","","-0.26%"
"05/13/2009","0.7354","0.7328","0.7371","0.7289","","0.34%"
"05/12/2009","0.7329","0.7365","0.7373","0.7296","","-0.50%"
"05/11/2009","0.7366","0.7328","0.7378","0.7316","","0.52%"
"05/08/2009","0.7328","0.7467","0.7496","0.7347","","-1.86%"
"05/07/2009","0.7467","0.7507","0.7546","0.7423","","-0.64%"
"05/06/2009","0.7515","0.7508","0.7550","0.7477","","0.05%"
"05/05/2009","0.7511","0.7458","0.7517","0.7442","","0.68%"
"05/04/2009","0.7460","0.7531","0.7570","0.7448","","-1.03%"
"05/01/2009","0.7538","0.7560","0.7566","0.7503","","-0.29%"
"04/30/2009","0.7560","0.7540","0.7581","0.7471","","0.29%"
"04/29/2009","0.7538","0.7608","0.7621","0.7496","","-0.92%"
"04/28/2009","0.7608","0.7676","0.7714","0.7610","","-1.00%"
"04/27/2009","0.7685","0.7550","0.7673","0.7549","","1.86%"
"04/24/2009","0.7545","0.7611","0.7624","0.7518","","-0.79%"
"04/23/2009","0.7605","0.7692","0.7705","0.7619","","-1.14%"
"04/22/2009","0.7693","0.7724","0.7761","0.7670","","-0.40%"
"04/21/2009","0.7724","0.7740","0.7754","0.7695","","-0.23%"
"04/20/2009","0.7742","0.7661","0.7761","0.7661","","0.97%"
"04/17/2009","0.7668","0.7585","0.7680","0.7577","","1.05%"
"04/16/2009","0.7588","0.7565","0.7618","0.7536","","0.30%"
"04/15/2009","0.7565","0.7541","0.7607","0.7520","","0.32%"
"04/14/2009","0.7541","0.7480","0.7561","0.7473","","0.80%"
"04/13/2009","0.7481","0.7582","0.7615","0.7470","","-1.35%"
"04/10/2009","0.7583","0.7594","0.7640","0.7587","","-0.16%"
"04/09/2009","0.7595","0.7533","0.7619","0.7499","","0.73%"
"04/08/2009","0.7540","0.7535","0.7607","0.7513","","0.05%"
"04/07/2009","0.7536","0.7459","0.7560","0.7455","","1.03%"
"04/06/2009","0.7459","0.7404","0.7487","0.7363","","0.57%"
"04/03/2009","0.7417","0.7430","0.7483","0.7415","","-0.17%"
"04/02/2009","0.7430","0.7555","0.7564","0.7398","","-1.69%"
"04/01/2009","0.7558","0.7548","0.7595","0.7526","","0.16%"
"03/31/2009","0.7546","0.7575","0.7589","0.7495","","-0.40%"
"03/30/2009","0.7576","0.7560","0.7625","0.7526","","0.76%"
"03/27/2009","0.7519","0.7393","0.7544","0.7357","","1.70%"
"03/26/2009","0.7393","0.7360","0.7403","0.7331","","0.38%"
"03/25/2009","0.7365","0.7424","0.7453","0.7326","","-0.87%"
"03/24/2009","0.7430","0.7339","0.7432","0.7311","","1.28%"
"03/23/2009","0.7336","0.7338","0.7416","0.7280","","-0.37%"
"03/20/2009","0.7363","0.7319","0.7399","0.7284","","0.63%"
"03/19/2009","0.7317","0.7409","0.7453","0.7279","","-1.20%"
"03/18/2009","0.7406","0.7683","0.7701","0.7499","","-3.62%"
"03/17/2009","0.7684","0.7707","0.7734","0.7672","","-0.29%"
"03/16/2009","0.7706","0.7760","0.7791","0.7651","","-0.40%"
"03/13/2009","0.7737","0.7745","0.7775","0.7717","","-0.10%"
"03/12/2009","0.7745","0.7789","0.7854","0.7747","","-0.63%"
"03/11/2009","0.7794","0.7885","0.7926","0.7788","","-1.25%"
"03/10/2009","0.7893","0.7932","0.7951","0.7798","","-0.47%"
"03/09/2009","0.7930","0.7898","0.7967","0.7859","","0.24%"
"03/06/2009","0.7911","0.7966","0.7981","0.7840","","-0.64%"
"03/05/2009","0.7962","0.7906","0.8012","0.7897","","0.61%"
"03/04/2009","0.7914","0.7955","0.8026","0.7908","","-0.55%"
"03/03/2009","0.7958","0.7951","0.7987","0.7887","","0.14%"
"03/02/2009","0.7947","0.7921","0.7971","0.7914","","0.70%"
"02/27/2009","0.7892","0.7848","0.7934","0.7842","","0.47%"
"02/26/2009","0.7855","0.7864","0.7885","0.7807","","-0.17%"
"02/25/2009","0.7868","0.7786","0.7880","0.7751","","1.00%"
"02/24/2009","0.7790","0.7876","0.7896","0.7779","","-1.00%"
"02/23/2009","0.7869","0.7819","0.7873","0.7696","","1.07%"
"02/20/2009","0.7786","0.7897","0.7964","0.7775","","-1.39%"
"02/19/2009","0.7896","0.7973","0.7983","0.7837","","-0.98%"
"02/18/2009","0.7974","0.7940","0.7992","0.7911","","0.40%"
"02/17/2009","0.7942","0.7822","0.7960","0.7807","","1.50%"
"02/16/2009","0.7825","0.7815","0.7858","0.7796","","0.67%"
"02/13/2009","0.7773","0.7776","0.7801","0.7726","","0.00%"
"02/12/2009","0.7773","0.7754","0.7861","0.7726","","0.23%"
"02/11/2009","0.7755","0.7754","0.7788","0.7692","","0.01%"
"02/10/2009","0.7754","0.7686","0.7807","0.7649","","0.88%"
"02/09/2009","0.7686","0.7717","0.7769","0.7637","","-0.59%"
"02/06/2009","0.7732","0.7814","0.7845","0.7719","","-1.15%"
"02/05/2009","0.7822","0.7780","0.7838","0.7749","","0.35%"
"02/04/2009","0.7795","0.7672","0.7804","0.7651","","1.70%"
"02/03/2009","0.7665","0.7784","0.7813","0.7665","","-1.49%"
"02/02/2009","0.7781","0.7830","0.7871","0.7767","","-0.59%"
"01/30/2009","0.7827","0.7717","0.7826","0.7713","","1.41%"
"01/29/2009","0.7718","0.7607","0.7728","0.7588","","1.41%"
"01/28/2009","0.7611","0.7590","0.7622","0.7504","","0.29%"
"01/27/2009","0.7589","0.7588","0.7624","0.7502","","-0.08%"
"01/26/2009","0.7595","0.7705","0.7776","0.7579","","-1.31%"
"01/23/2009","0.7696","0.7689","0.7833","0.7674","","0.00%"
"01/22/2009","0.7696","0.7674","0.7747","0.7642","","0.39%"
"01/21/2009","0.7666","0.7756","0.7797","0.7666","","-1.19%"
"01/20/2009","0.7758","0.7636","0.7767","0.7628","","1.70%"
"01/19/2009","0.7628","0.7499","0.7628","0.7470","","1.49%"
"01/16/2009","0.7516","0.7610","0.7628","0.7494","","-1.13%"
"01/15/2009","0.7602","0.7593","0.7676","0.7554","","0.08%"
"01/14/2009","0.7596","0.7581","0.7638","0.7498","","0.24%"
"01/13/2009","0.7578","0.7477","0.7603","0.7476","","1.34%"
"01/12/2009","0.7478","0.7426","0.7526","0.7419","","0.46%"
"01/09/2009","0.7444","0.7290","0.7440","0.7272","","2.17%"
"01/08/2009","0.7286","0.7328","0.7389","0.7246","","-0.64%"
"01/07/2009","0.7333","0.7393","0.7446","0.7274","","-0.93%"
"01/06/2009","0.7402","0.7356","0.7513","0.7322","","0.71%"
"01/05/2009","0.7350","0.7191","0.7379","0.7161","","2.00%"
"01/02/2009","0.7206","0.7144","0.7226","0.7114","","0.81%"
"01/01/2009","0.7148","0.7159","0.7167","0.7107","","-0.06%"
"12/31/2008","0.7152","0.7107","0.7221","0.7068","","0.63%"
"12/30/2008","0.7107","0.7164","0.7185","0.7031","","-0.70%"
"12/29/2008","0.7157","0.7109","0.7136","0.6963","","0.65%"
"12/26/2008","0.7111","0.7138","0.7149","0.7083","","-0.34%"
"12/25/2008","0.7135","0.7139","0.7156","0.7120","","-0.08%"
"12/24/2008","0.7141","0.7172","0.7187","0.7132","","-0.28%"
"12/23/2008","0.7161","0.7174","0.7185","0.7132","","-0.15%"
"12/22/2008","0.7172","0.7182","0.7194","0.7080","","-0.22%"
"12/19/2008","0.7188","0.7021","0.7229","0.6989","","2.19%"
"12/18/2008","0.7034","0.6945","0.7041","0.6794","","1.33%"
"12/17/2008","0.6942","0.7097","0.7145","0.6926","","-2.18%"
"12/16/2008","0.7097","0.7298","0.7337","0.7148","","-2.67%"
"12/15/2008","0.7292","0.7480","0.7482","0.7294","","-2.49%"
"12/12/2008","0.7478","0.7494","0.7548","0.7454","","-0.11%"
"12/11/2008","0.7486","0.7680","0.7692","0.7480","","-2.59%"
"12/10/2008","0.7685","0.7736","0.7752","0.7655","","-0.76%"
"12/09/2008","0.7744","0.7723","0.7815","0.7701","","0.18%"
"12/08/2008","0.7730","0.7857","0.7863","0.7716","","-1.58%"
"12/05/2008","0.7854","0.7819","0.7918","0.7813","","0.33%"
"12/04/2008","0.7828","0.7869","0.7969","0.7783","","-0.52%"
"12/03/2008","0.7869","0.7868","0.7935","0.7848","","0.05%"
"12/02/2008","0.7865","0.7936","0.7959","0.7833","","-0.71%"
"12/01/2008","0.7921","0.7866","0.7948","0.7865","","0.58%"
"11/28/2008","0.7875","0.7750","0.7907","0.7716","","1.51%"
"11/27/2008","0.7758","0.7753","0.7777","0.7711","","0.01%"
"11/26/2008","0.7757","0.7654","0.7801","0.7650","","1.32%"
"11/25/2008","0.7656","0.7743","0.7810","0.7644","","-1.14%"
"11/24/2008","0.7744","0.7941","0.7958","0.7744","","-2.57%"
"11/21/2008","0.7948","0.8024","0.8049","0.7911","","-0.98%"
"11/20/2008","0.8027","0.7991","0.8024","0.7942","","0.53%"
"11/19/2008","0.7985","0.7927","0.7975","0.7804","","0.81%"
"11/18/2008","0.7921","0.7905","0.7956","0.7874","","0.18%"
"11/17/2008","0.7907","0.7972","0.7991","0.7850","","-0.52%"
"11/14/2008","0.7948","0.7802","0.7937","0.7789","","1.69%"
"11/13/2008","0.7816","0.8005","0.8072","0.7860","","-2.52%"
"11/12/2008","0.8018","0.7982","0.8021","0.7916","","0.43%"
"11/11/2008","0.7984","0.7846","0.7992","0.7812","","1.64%"
"11/10/2008","0.7855","0.7804","0.7856","0.7735","","0.06%"
"11/07/2008","0.7850","0.7867","0.7904","0.7781","","-0.34%"
"11/06/2008","0.7877","0.7728","0.7872","0.7710","","2.07%"
"11/05/2008","0.7717","0.7697","0.7816","0.7624","","0.46%"
"11/04/2008","0.7682","0.7914","0.7983","0.7676","","-2.83%"
"11/03/2008","0.7906","0.7849","0.7907","0.7753","","0.66%"
"10/31/2008","0.7854","0.7760","0.7894","0.7748","","1.38%"
"10/30/2008","0.7747","0.7712","0.7811","0.7521","","0.41%"
"10/29/2008","0.7715","0.7861","0.7921","0.7696","","-1.86%"
"10/28/2008","0.7861","0.8009","0.8111","0.7896","","-1.86%"
"10/27/2008","0.8010","0.7965","0.8108","0.7901","","1.11%"
"10/24/2008","0.7922","0.7719","0.8002","0.7697","","2.96%"
"10/23/2008","0.7694","0.7786","0.7856","0.7723","","-1.16%"
"10/22/2008","0.7784","0.7656","0.7829","0.7647","","1.63%"
"10/21/2008","0.7659","0.7499","0.7654","0.7488","","2.28%"
"10/20/2008","0.7488","0.7454","0.7527","0.7390","","0.40%"
"10/17/2008","0.7458","0.7424","0.7470","0.7399","","0.57%"
"10/16/2008","0.7416","0.7415","0.7493","0.7387","","-0.20%"
"10/15/2008","0.7431","0.7343","0.7417","0.7307","","1.25%"
"10/14/2008","0.7339","0.7358","0.7363","0.7262","","-0.22%"
"10/13/2008","0.7355","0.7372","0.7431","0.7308","","-1.34%"
"10/10/2008","0.7455","0.7354","0.7488","0.7326","","1.32%"
"10/09/2008","0.7358","0.7331","0.7363","0.7254","","0.41%"
"10/08/2008","0.7328","0.7346","0.7383","0.7272","","-0.42%"
"10/07/2008","0.7359","0.7412","0.7418","0.7278","","-0.74%"
"10/06/2008","0.7414","0.7317","0.7431","0.7304","","2.09%"
"10/03/2008","0.7262","0.7237","0.7297","0.7192","","0.32%"
"10/02/2008","0.7239","0.7134","0.7276","0.7129","","1.57%"
"10/01/2008","0.7127","0.7087","0.7156","0.7055","","0.65%"
"09/30/2008","0.7081","0.6932","0.7139","0.6929","","2.08%"
"09/29/2008","0.6937","0.6880","0.6992","0.6866","","1.37%"
"09/26/2008","0.6843","0.6844","0.6870","0.6813","","0.06%"
"09/25/2008","0.6839","0.6842","0.6868","0.6771","","-0.06%"
"09/24/2008","0.6843","0.6827","0.6840","0.6781","","0.22%"
"09/23/2008","0.6828","0.6764","0.6836","0.6745","","0.99%"
"09/22/2008","0.6761","0.6901","0.6927","0.6754","","-2.20%"
"09/19/2008","0.6913","0.6975","0.7068","0.6908","","-0.89%"
"09/18/2008","0.6975","0.6982","0.7004","0.6877","","-0.30%"
"09/17/2008","0.6996","0.7084","0.7100","0.6980","","-1.21%"
"09/16/2008","0.7082","0.7017","0.7096","0.6994","","0.93%"
"09/15/2008","0.7017","0.6979","0.7100","0.6906","","-0.16%"
"09/12/2008","0.7028","0.7139","0.7157","0.7033","","-1.36%"
"09/11/2008","0.7125","0.7151","0.7205","0.7132","","-0.47%"
"09/10/2008","0.7159","0.7081","0.7149","0.7053","","1.20%"
"09/09/2008","0.7074","0.7081","0.7119","0.7029","","-0.06%"
"09/08/2008","0.7078","0.6965","0.7106","0.6930","","0.98%"
"09/05/2008","0.7009","0.7003","0.7044","0.6969","","-0.17%"
"09/04/2008","0.7021","0.6899","0.7007","0.6876","","1.74%"
"09/03/2008","0.6901","0.6888","0.6952","0.6881","","0.16%"
"09/02/2008","0.6890","0.6844","0.6913","0.6844","","0.64%"
"09/01/2008","0.6846","0.6803","0.6858","0.6793","","0.45%"
"08/29/2008","0.6815","0.6800","0.6831","0.6771","","0.18%"
"08/28/2008","0.6803","0.6794","0.6814","0.6752","","0.13%"
"08/27/2008","0.6794","0.6827","0.6834","0.6768","","-0.47%"
"08/26/2008","0.6826","0.6779","0.6864","0.6775","","0.69%"
"08/25/2008","0.6779","0.6764","0.6805","0.6754","","0.28%"
"08/22/2008","0.6760","0.6713","0.6770","0.6709","","0.75%"
"08/21/2008","0.6710","0.6782","0.6788","0.6710","","-1.11%"
"08/20/2008","0.6785","0.6765","0.6815","0.6754","","0.31%"
"08/19/2008","0.6764","0.6807","0.6836","0.6760","","-0.60%"
"08/18/2008","0.6805","0.6812","0.6816","0.6771","","-0.06%"
"08/15/2008","0.6809","0.6750","0.6820","0.6748","","0.87%"
"08/14/2008","0.6750","0.6702","0.6767","0.6688","","0.72%"
"08/13/2008","0.6702","0.6703","0.6739","0.6676","","0.00%"
"08/12/2008","0.6702","0.6709","0.6750","0.6683","","-0.18%"
"08/11/2008","0.6714","0.6696","0.6714","0.6630","","0.75%"
"08/08/2008","0.6664","0.6526","0.6666","0.6521","","2.11%"
"08/07/2008","0.6526","0.6488","0.6531","0.6451","","0.60%"
"08/06/2008","0.6487","0.6471","0.6494","0.6445","","0.26%"
"08/05/2008","0.6470","0.6421","0.6472","0.6420","","0.79%"
"08/04/2008","0.6419","0.6423","0.6429","0.6398","","-0.08%"
"08/01/2008","0.6424","0.6410","0.6446","0.6409","","0.22%"
"07/31/2008","0.6410","0.6420","0.6423","0.6369","","-0.16%"
"07/30/2008","0.6420","0.6416","0.6443","0.6404","","0.08%"
"07/29/2008","0.6415","0.6354","0.6426","0.6345","","1.01%"
"07/28/2008","0.6351","0.6368","0.6377","0.6342","","-0.22%"
"07/25/2008","0.6365","0.6379","0.6385","0.6348","","-0.24%"
"07/24/2008","0.6380","0.6374","0.6397","0.6364","","0.09%"
"07/23/2008","0.6374","0.6334","0.6379","0.6330","","0.60%"
"07/22/2008","0.6336","0.6279","0.6346","0.6272","","0.92%"
"07/21/2008","0.6278","0.6314","0.6318","0.6281","","-0.51%"
"07/18/2008","0.6310","0.6305","0.6328","0.6295","","0.10%"
"07/17/2008","0.6304","0.6320","0.6331","0.6292","","-0.24%"
"07/16/2008","0.6319","0.6284","0.6325","0.6271","","0.59%"
"07/15/2008","0.6282","0.6288","0.6299","0.6236","","-0.08%"
"07/14/2008","0.6287","0.6263","0.6312","0.6262","","0.22%"
"07/11/2008","0.6273","0.6334","0.6344","0.6271","","-1.01%"
"07/10/2008","0.6337","0.6353","0.6373","0.6329","","-0.25%"
"07/09/2008","0.6353","0.6382","0.6390","0.6348","","-0.44%"
"07/08/2008","0.6381","0.6359","0.6395","0.6353","","0.31%"
"07/07/2008","0.6361","0.6371","0.6405","0.6349","","-0.09%"
"07/04/2008","0.6367","0.6369","0.6389","0.6359","","-0.05%"
"07/03/2008","0.6370","0.6295","0.6378","0.6286","","1.14%"
"07/02/2008","0.6298","0.6332","0.6339","0.6294","","-0.55%"
"07/01/2008","0.6333","0.6347","0.6361","0.6318","","-0.22%"
"06/30/2008","0.6347","0.6338","0.6357","0.6315","","0.24%"
"06/27/2008","0.6332","0.6348","0.6363","0.6335","","-0.20%"
"06/26/2008","0.6345","0.6383","0.6400","0.6345","","-0.61%"
"06/25/2008","0.6384","0.6424","0.6436","0.6389","","-0.62%"
"06/24/2008","0.6424","0.6444","0.6455","0.6402","","-0.26%"
"06/23/2008","0.6441","0.6400","0.6465","0.6397","","0.51%"
"06/20/2008","0.6408","0.6449","0.6455","0.6389","","-0.67%"
"06/19/2008","0.6451","0.6438","0.6465","0.6416","","0.14%"
"06/18/2008","0.6442","0.6447","0.6468","0.6436","","-0.09%"
"06/17/2008","0.6448","0.6463","0.6468","0.6431","","-0.26%"
"06/16/2008","0.6465","0.6490","0.6516","0.6444","","-0.58%"
"06/13/2008","0.6503","0.6475","0.6534","0.6458","","0.40%"
"06/12/2008","0.6477","0.6429","0.6502","0.6424","","0.75%"
"06/11/2008","0.6429","0.6468","0.6472","0.6416","","-0.57%"
"06/10/2008","0.6466","0.6393","0.6472","0.6388","","1.16%"
"06/09/2008","0.6392","0.6333","0.6400","0.6311","","0.85%"
"06/06/2008","0.6338","0.6415","0.6421","0.6343","","-1.18%"
"06/05/2008","0.6414","0.6480","0.6509","0.6415","","-1.06%"
"06/04/2008","0.6483","0.6477","0.6486","0.6459","","0.12%"
"06/03/2008","0.6475","0.6436","0.6490","0.6399","","0.64%"
"06/02/2008","0.6434","0.6425","0.6457","0.6415","","0.06%"
"05/30/2008","0.6430","0.6445","0.6467","0.6423","","-0.23%"
"05/29/2008","0.6445","0.6392","0.6457","0.6384","","0.83%"
"05/28/2008","0.6392","0.6376","0.6407","0.6345","","0.24%"
"05/27/2008","0.6377","0.6340","0.6372","0.6322","","0.57%"
"05/26/2008","0.6341","0.6342","0.6353","0.6333","","-0.03%"
"05/23/2008","0.6343","0.6358","0.6371","0.6331","","-0.22%"
"05/22/2008","0.6357","0.6332","0.6372","0.6324","","0.39%"
"05/21/2008","0.6332","0.6391","0.6395","0.6335","","-0.85%"
"05/20/2008","0.6386","0.6446","0.6450","0.6378","","-0.93%"
"05/19/2008","0.6446","0.6412","0.6457","0.6397","","0.40%"
"05/16/2008","0.6420","0.6475","0.6479","0.6410","","-0.90%"
"05/15/2008","0.6478","0.6461","0.6485","0.6432","","0.25%"
"05/14/2008","0.6462","0.6463","0.6495","0.6458","","-0.09%"
"05/13/2008","0.6468","0.6433","0.6480","0.6424","","0.56%"
"05/12/2008","0.6432","0.6462","0.6507","0.6424","","-0.42%"
"05/09/2008","0.6459","0.6495","0.6497","0.6457","","-0.51%"
"05/08/2008","0.6492","0.6496","0.6543","0.6476","","-0.08%"
"05/07/2008","0.6497","0.6439","0.6507","0.6435","","0.92%"
"05/06/2008","0.6438","0.6453","0.6472","0.6412","","-0.23%"
"05/05/2008","0.6453","0.6479","0.6484","0.6448","","-0.46%"
"05/02/2008","0.6483","0.6463","0.6510","0.6453","","0.26%"
"05/01/2008","0.6466","0.6403","0.6479","0.6392","","1.00%"
"04/30/2008","0.6402","0.6422","0.6444","0.6399","","-0.33%"
"04/29/2008","0.6423","0.6389","0.6435","0.6385","","0.58%"
"04/28/2008","0.6386","0.6405","0.6413","0.6372","","-0.22%"
"04/25/2008","0.6400","0.6377","0.6428","0.6367","","0.38%"
"04/24/2008","0.6376","0.6294","0.6395","0.6292","","1.29%"
"04/23/2008","0.6295","0.6253","0.6305","0.6250","","0.67%"
"04/22/2008","0.6253","0.6285","0.6316","0.6242","","-0.49%"
"04/21/2008","0.6284","0.6326","0.6333","0.6271","","-0.62%"
"04/18/2008","0.6323","0.6290","0.6365","0.6267","","0.52%"
"04/17/2008","0.6290","0.6272","0.6310","0.6257","","0.32%"
"04/16/2008","0.6270","0.6333","0.6345","0.6258","","-0.99%"
"04/15/2008","0.6333","0.6315","0.6343","0.6299","","0.35%"
"04/14/2008","0.6311","0.6370","0.6379","0.6295","","-0.25%"
"04/11/2008","0.6327","0.6352","0.6354","0.6307","","-0.39%"
"04/10/2008","0.6352","0.6317","0.6360","0.6284","","0.55%"
"04/09/2008","0.6317","0.6366","0.6376","0.6304","","-0.83%"
"04/08/2008","0.6370","0.6365","0.6380","0.6330","","0.08%"
"04/07/2008","0.6365","0.6356","0.6399","0.6355","","0.16%"
"04/04/2008","0.6355","0.6377","0.6395","0.6339","","-0.34%"
"04/03/2008","0.6377","0.6375","0.6447","0.6372","","0.08%"
"04/02/2008","0.6372","0.6404","0.6438","0.6375","","-0.52%"
"04/01/2008","0.6405","0.6340","0.6425","0.6334","","1.01%"
"03/31/2008","0.6341","0.6326","0.6345","0.6291","","0.19%"
"03/28/2008","0.6329","0.6339","0.6352","0.6313","","-0.11%"
"03/27/2008","0.6336","0.6312","0.6359","0.6310","","0.40%"
"03/26/2008","0.6311","0.6395","0.6417","0.6322","","-1.38%"
"03/25/2008","0.6399","0.6481","0.6491","0.6395","","-1.30%"
"03/24/2008","0.6483","0.6481","0.6518","0.6471","","0.05%"
"03/21/2008","0.6480","0.6481","0.6491","0.6463","","0.02%"
"03/20/2008","0.6479","0.6397","0.6495","0.6390","","1.28%"
"03/19/2008","0.6397","0.6401","0.6412","0.6335","","-0.02%"
"03/18/2008","0.6398","0.6358","0.6384","0.6317","","0.63%"
"03/17/2008","0.6358","0.6367","0.6378","0.6288","","-0.34%"
"03/14/2008","0.6380","0.6398","0.6438","0.6374","","-0.20%"
"03/13/2008","0.6393","0.6427","0.6443","0.6396","","-0.62%"
"03/12/2008","0.6433","0.6521","0.6522","0.6434","","-1.33%"
"03/11/2008","0.6520","0.6517","0.6544","0.6454","","0.02%"
"03/10/2008","0.6519","0.6510","0.6530","0.6492","","0.06%"
"03/07/2008","0.6515","0.6501","0.6530","0.6468","","0.26%"
"03/06/2008","0.6498","0.6551","0.6553","0.6499","","-0.79%"
"03/05/2008","0.6550","0.6574","0.6603","0.6536","","-0.37%"
"03/04/2008","0.6574","0.6576","0.6590","0.6558","","-0.03%"
"03/03/2008","0.6576","0.6583","0.6598","0.6546","","-0.17%"
"02/29/2008","0.6587","0.6576","0.6604","0.6563","","0.26%"
"02/28/2008","0.6570","0.6611","0.6634","0.6573","","-0.64%"
"02/27/2008","0.6612","0.6679","0.6681","0.6603","","-1.03%"
"02/26/2008","0.6681","0.6744","0.6766","0.6694","","-0.95%"
"02/25/2008","0.6745","0.6739","0.6760","0.6737","","0.03%"
"02/22/2008","0.6743","0.6750","0.6762","0.6728","","-0.12%"
"02/21/2008","0.6751","0.6798","0.6801","0.6743","","-0.69%"
"02/20/2008","0.6798","0.6790","0.6843","0.6788","","0.12%"
"02/19/2008","0.6790","0.6823","0.6830","0.6778","","-0.47%"
"02/18/2008","0.6822","0.6813","0.6845","0.6807","","0.15%"
"02/15/2008","0.6812","0.6832","0.6835","0.6799","","-0.29%"
"02/14/2008","0.6832","0.6864","0.6874","0.6826","","-0.47%"
"02/13/2008","0.6864","0.6858","0.6882","0.6850","","0.09%"
"02/12/2008","0.6858","0.6887","0.6898","0.6842","","-0.39%"
"02/11/2008","0.6885","0.6887","0.6906","0.6860","","-0.10%"
"02/08/2008","0.6892","0.6908","0.6919","0.6880","","-0.16%"
"02/07/2008","0.6903","0.6836","0.6919","0.6824","","0.94%"
"02/06/2008","0.6839","0.6829","0.6853","0.6816","","0.12%"
"02/05/2008","0.6831","0.6744","0.6840","0.6741","","1.28%"
"02/04/2008","0.6745","0.6754","0.6760","0.6736","","-0.19%"
"02/01/2008","0.6758","0.6728","0.6763","0.6687","","0.45%"
"01/31/2008","0.6728","0.6723","0.6755","0.6705","","0.10%"
"01/30/2008","0.6721","0.6768","0.6778","0.6728","","-0.69%"
"01/29/2008","0.6768","0.6764","0.6786","0.6758","","0.07%"
"01/28/2008","0.6763","0.6811","0.6821","0.6758","","-0.78%"
"01/25/2008","0.6816","0.6773","0.6820","0.6767","","0.66%"
"01/24/2008","0.6771","0.6834","0.6854","0.6774","","-0.91%"
"01/23/2008","0.6833","0.6839","0.6892","0.6809","","-0.04%"
"01/22/2008","0.6836","0.6923","0.6961","0.6829","","-1.26%"
"01/21/2008","0.6923","0.6847","0.6934","0.6847","","1.15%"
"01/18/2008","0.6844","0.6825","0.6848","0.6805","","0.31%"
"01/17/2008","0.6823","0.6824","0.6854","0.6796","","0.03%"
"01/16/2008","0.6821","0.6750","0.6852","0.6730","","0.98%"
"01/15/2008","0.6755","0.6726","0.6752","0.6702","","0.42%"
"01/14/2008","0.6727","0.6765","0.6766","0.6705","","-0.61%"
"01/11/2008","0.6768","0.6756","0.6774","0.6748","","0.21%"
"01/10/2008","0.6754","0.6820","0.6831","0.6765","","-0.98%"
"01/09/2008","0.6821","0.6799","0.6829","0.6783","","0.31%"
"01/08/2008","0.6800","0.6805","0.6812","0.6782","","-0.12%"
"01/07/2008","0.6808","0.6779","0.6821","0.6777","","0.37%"
"01/04/2008","0.6783","0.6781","0.6805","0.6746","","0.01%"
"01/03/2008","0.6782","0.6791","0.6809","0.6766","","-0.12%"
"01/02/2008","0.6790","0.6853","0.6855","0.6780","","-0.92%"
"01/01/2008","0.6853","0.6853","0.6858","0.6848","","-0.01%"
"12/31/2007","0.6854","0.6793","0.6861","0.6781","","0.85%"
"12/28/2007","0.6796","0.6842","0.6854","0.6789","","-0.69%"
"12/27/2007","0.6843","0.6902","0.6912","0.6835","","-0.83%"
"12/26/2007","0.6900","0.6943","0.6948","0.6894","","-0.61%"
"12/25/2007","0.6942","0.6946","0.6950","0.6938","","-0.04%"
"12/24/2007","0.6945","0.6957","0.6965","0.6938","","-0.24%"
"12/21/2007","0.6962","0.6981","0.6985","0.6939","","-0.29%"
"12/20/2007","0.6982","0.6956","0.6988","0.6949","","0.37%"
"12/19/2007","0.6956","0.6940","0.6981","0.6933","","0.19%"
"12/18/2007","0.6943","0.6946","0.6960","0.6927","","-0.01%"
"12/17/2007","0.6944","0.6950","0.6977","0.6919","","0.13%"
"12/14/2007","0.6935","0.6836","0.6938","0.6822","","1.43%"
"12/13/2007","0.6837","0.6799","0.6860","0.6786","","0.54%"
"12/12/2007","0.6800","0.6824","0.6828","0.6780","","-0.40%"
"12/11/2007","0.6827","0.6796","0.6828","0.6780","","0.44%"
"12/10/2007","0.6797","0.6824","0.6831","0.6786","","-0.38%"
"12/07/2007","0.6823","0.6835","0.6850","0.6815","","-0.16%"
"12/06/2007","0.6834","0.6844","0.6884","0.6825","","-0.20%"
"12/05/2007","0.6848","0.6774","0.6840","0.6770","","1.11%"
"12/04/2007","0.6773","0.6818","0.6833","0.6772","","-0.67%"
"12/03/2007","0.6819","0.6832","0.6839","0.6798","","-0.22%"
"11/30/2007","0.6834","0.6784","0.6825","0.6764","","0.72%"
"11/29/2007","0.6785","0.6740","0.6794","0.6736","","0.62%"
"11/28/2007","0.6743","0.6745","0.6798","0.6734","","-0.01%"
"11/27/2007","0.6744","0.6723","0.6752","0.6708","","0.34%"
"11/26/2007","0.6721","0.6746","0.6754","0.6717","","-0.28%"
"11/23/2007","0.6740","0.6734","0.6764","0.6682","","0.12%"
"11/22/2007","0.6732","0.6729","0.6748","0.6723","","0.01%"
"11/21/2007","0.6731","0.6744","0.6769","0.6728","","-0.21%"
"11/20/2007","0.6745","0.6819","0.6833","0.6746","","-1.10%"
"11/19/2007","0.6820","0.6817","0.6840","0.6808","","-0.04%"
"11/16/2007","0.6823","0.6842","0.6858","0.6816","","-0.23%"
"11/15/2007","0.6839","0.6829","0.6847","0.6800","","0.23%"
"11/14/2007","0.6823","0.6848","0.6849","0.6791","","-0.37%"
"11/13/2007","0.6848","0.6880","0.6887","0.6834","","-0.45%"
"11/12/2007","0.6879","0.6816","0.6884","0.6813","","0.95%"
"11/09/2007","0.6814","0.6814","0.6835","0.6778","","-0.01%"
"11/08/2007","0.6815","0.6832","0.6842","0.6801","","-0.22%"
"11/07/2007","0.6830","0.6870","0.6871","0.6788","","-0.60%"
"11/06/2007","0.6871","0.6912","0.6916","0.6863","","-0.61%"
"11/05/2007","0.6913","0.6889","0.6923","0.6885","","0.29%"
"11/02/2007","0.6893","0.6933","0.6937","0.6884","","-0.62%"
"11/01/2007","0.6936","0.6904","0.6943","0.6904","","0.43%"
"10/31/2007","0.6906","0.6928","0.6936","0.6902","","-0.33%"
"10/30/2007","0.6929","0.6932","0.6957","0.6925","","-0.06%"
"10/29/2007","0.6933","0.6937","0.6956","0.6926","","-0.20%"
"10/26/2007","0.6947","0.6980","0.6985","0.6947","","-0.46%"
"10/25/2007","0.6979","0.7009","0.7019","0.6972","","-0.43%"
"10/24/2007","0.7009","0.7011","0.7048","0.7008","","-0.03%"
"10/23/2007","0.7011","0.7053","0.7057","0.7003","","-0.60%"
"10/22/2007","0.7053","0.6978","0.7080","0.6969","","0.90%"
"10/19/2007","0.6990","0.6998","0.7020","0.6983","","-0.06%"
"10/18/2007","0.6994","0.7039","0.7043","0.6989","","-0.65%"
"10/17/2007","0.7040","0.7056","0.7064","0.7027","","-0.27%"
"10/16/2007","0.7059","0.7038","0.7071","0.7029","","0.28%"
"10/15/2007","0.7039","0.7052","0.7062","0.7021","","-0.20%"
"10/12/2007","0.7053","0.7042","0.7065","0.7035","","0.13%"
"10/11/2007","0.7044","0.7071","0.7075","0.7022","","-0.38%"
"10/10/2007","0.7071","0.7090","0.7096","0.7056","","-0.25%"
"10/09/2007","0.7089","0.7116","0.7136","0.7088","","-0.35%"
"10/08/2007","0.7114","0.7071","0.7122","0.7066","","0.55%"
"10/05/2007","0.7075","0.7074","0.7127","0.7064","","0.01%"
"10/04/2007","0.7074","0.7097","0.7109","0.7067","","-0.34%"
"10/03/2007","0.7098","0.7066","0.7094","0.7042","","0.44%"
"10/02/2007","0.7067","0.7027","0.7073","0.7023","","0.57%"
"10/01/2007","0.7027","0.7005","0.7037","0.7002","","0.29%"
"09/28/2007","0.7007","0.7067","0.7070","0.7011","","-0.83%"
"09/27/2007","0.7066","0.7077","0.7081","0.7047","","-0.17%"
"09/26/2007","0.7078","0.7071","0.7087","0.7061","","0.11%"
"09/25/2007","0.7070","0.7100","0.7112","0.7066","","-0.41%"
"09/24/2007","0.7099","0.7096","0.7108","0.7077","","0.03%"
"09/21/2007","0.7097","0.7111","0.7121","0.7082","","-0.14%"
"09/20/2007","0.7107","0.7162","0.7163","0.7093","","-0.81%"
"09/19/2007","0.7165","0.7152","0.7176","0.7149","","0.17%"
"09/18/2007","0.7153","0.7212","0.7232","0.7172","","-0.82%"
"09/17/2007","0.7212","0.7211","0.7220","0.7200","","0.07%"
"09/14/2007","0.7207","0.7207","0.7224","0.7196","","-0.04%"
"09/13/2007","0.7210","0.7192","0.7214","0.7181","","0.26%"
"09/12/2007","0.7191","0.7227","0.7234","0.7186","","-0.50%"
"09/11/2007","0.7227","0.7244","0.7258","0.7221","","-0.28%"
"09/10/2007","0.7247","0.7258","0.7264","0.7238","","-0.22%"
"09/07/2007","0.7263","0.7303","0.7320","0.7247","","-0.59%"
"09/06/2007","0.7306","0.7327","0.7335","0.7293","","-0.27%"
"09/05/2007","0.7326","0.7351","0.7370","0.7314","","-0.33%"
"09/04/2007","0.7350","0.7340","0.7380","0.7338","","0.11%"
"09/03/2007","0.7342","0.7336","0.7351","0.7323","","0.07%"
"08/31/2007","0.7337","0.7336","0.7342","0.7289","","0.07%"
"08/30/2007","0.7332","0.7312","0.7358","0.7310","","0.29%"
"08/29/2007","0.7311","0.7351","0.7373","0.7311","","-0.57%"
"08/28/2007","0.7353","0.7329","0.7348","0.7310","","0.33%"
"08/27/2007","0.7329","0.7313","0.7334","0.7307","","0.27%"
"08/24/2007","0.7309","0.7372","0.7378","0.7309","","-0.83%"
"08/23/2007","0.7370","0.7383","0.7388","0.7359","","-0.18%"
"08/22/2007","0.7383","0.7427","0.7434","0.7379","","-0.62%"
"08/21/2007","0.7429","0.7422","0.7431","0.7396","","0.11%"
"08/20/2007","0.7421","0.7417","0.7430","0.7403","","0.00%"
"08/17/2007","0.7421","0.7449","0.7479","0.7382","","-0.38%"
"08/16/2007","0.7449","0.7444","0.7485","0.7436","","0.04%"
"08/15/2007","0.7446","0.7389","0.7439","0.7387","","0.77%"
"08/14/2007","0.7389","0.7348","0.7382","0.7338","","0.54%"
"08/13/2007","0.7349","0.7307","0.7350","0.7293","","0.63%"
"08/10/2007","0.7303","0.7310","0.7330","0.7296","","-0.12%"
"08/09/2007","0.7312","0.7249","0.7324","0.7237","","0.88%"
"08/08/2007","0.7248","0.7278","0.7288","0.7232","","-0.37%"
"08/07/2007","0.7275","0.7251","0.7280","0.7237","","0.29%"
"08/06/2007","0.7254","0.7236","0.7256","0.7225","","-0.10%"
"08/03/2007","0.7261","0.7298","0.7308","0.7243","","-0.52%"
"08/02/2007","0.7299","0.7313","0.7326","0.7297","","-0.22%"
"08/01/2007","0.7315","0.7310","0.7333","0.7293","","0.03%"
"07/31/2007","0.7313","0.7301","0.7312","0.7285","","0.12%"
"07/30/2007","0.7304","0.7344","0.7348","0.7300","","-0.42%"
"07/27/2007","0.7335","0.7277","0.7338","0.7271","","0.81%"
"07/26/2007","0.7276","0.7287","0.7304","0.7262","","-0.15%"
"07/25/2007","0.7287","0.7233","0.7301","0.7230","","0.76%"
"07/24/2007","0.7232","0.7243","0.7247","0.7219","","-0.12%"
"07/23/2007","0.7241","0.7227","0.7248","0.7223","","0.12%"
"07/20/2007","0.7232","0.7246","0.7257","0.7223","","-0.19%"
"07/19/2007","0.7246","0.7244","0.7253","0.7231","","0.01%"
"07/18/2007","0.7245","0.7255","0.7272","0.7229","","-0.11%"
"07/17/2007","0.7253","0.7261","0.7268","0.7246","","-0.12%"
"07/16/2007","0.7262","0.7255","0.7268","0.7244","","0.10%"
"07/13/2007","0.7255","0.7252","0.7267","0.7241","","0.07%"
"07/12/2007","0.7250","0.7276","0.7277","0.7247","","-0.34%"
"07/11/2007","0.7275","0.7273","0.7282","0.7254","","0.00%"
"07/10/2007","0.7275","0.7337","0.7357","0.7275","","-0.85%"
"07/09/2007","0.7337","0.7335","0.7349","0.7332","","-0.01%"
"07/06/2007","0.7338","0.7353","0.7370","0.7331","","-0.23%"
"07/05/2007","0.7355","0.7346","0.7364","0.7320","","0.12%"
"07/04/2007","0.7346","0.7348","0.7350","0.7336","","-0.03%"
"07/03/2007","0.7348","0.7336","0.7362","0.7334","","0.11%"
"07/02/2007","0.7340","0.7384","0.7392","0.7332","","-0.61%"
"06/29/2007","0.7385","0.7436","0.7446","0.7385","","-0.71%"
"06/28/2007","0.7438","0.7434","0.7444","0.7418","","0.05%"
"06/27/2007","0.7434","0.7431","0.7454","0.7430","","0.01%"
"06/26/2007","0.7433","0.7428","0.7445","0.7419","","0.01%"
"06/25/2007","0.7432","0.7426","0.7441","0.7422","","0.09%"
"06/22/2007","0.7425","0.7470","0.7473","0.7424","","-0.54%"
"06/21/2007","0.7465","0.7461","0.7479","0.7459","","0.08%"
"06/20/2007","0.7459","0.7448","0.7460","0.7441","","0.15%"
"06/19/2007","0.7448","0.7455","0.7473","0.7443","","-0.09%"
"06/18/2007","0.7455","0.7475","0.7476","0.7453","","-0.20%"
"06/15/2007","0.7470","0.7514","0.7515","0.7471","","-0.56%"
"06/14/2007","0.7512","0.7512","0.7531","0.7505","","0.00%"
"06/13/2007","0.7512","0.7518","0.7540","0.7510","","-0.08%"
"06/12/2007","0.7518","0.7487","0.7515","0.7479","","0.43%"
"06/11/2007","0.7486","0.7481","0.7500","0.7480","","0.11%"
"06/08/2007","0.7478","0.7446","0.7508","0.7445","","0.46%"
"06/07/2007","0.7444","0.7406","0.7450","0.7400","","0.53%"
"06/06/2007","0.7405","0.7396","0.7416","0.7385","","0.16%"
"06/05/2007","0.7393","0.7412","0.7414","0.7378","","-0.24%"
"06/04/2007","0.7411","0.7439","0.7444","0.7407","","-0.34%"
"06/01/2007","0.7436","0.7434","0.7468","0.7428","","0.04%"
"05/31/2007","0.7433","0.7446","0.7450","0.7420","","-0.17%"
"05/30/2007","0.7446","0.7437","0.7459","0.7430","","0.13%"
"05/29/2007","0.7436","0.7434","0.7453","0.7396","","0.03%"
"05/28/2007","0.7434","0.7436","0.7438","0.7428","","-0.08%"
"05/25/2007","0.7440","0.7446","0.7456","0.7422","","-0.11%"
"05/24/2007","0.7448","0.7430","0.7454","0.7428","","0.26%"
"05/23/2007","0.7429","0.7435","0.7454","0.7406","","-0.07%"
"05/22/2007","0.7434","0.7427","0.7442","0.7419","","0.12%"
"05/21/2007","0.7425","0.7397","0.7443","0.7391","","0.30%"
"05/18/2007","0.7403","0.7409","0.7426","0.7395","","-0.09%"
"05/17/2007","0.7410","0.7399","0.7421","0.7383","","0.20%"
"05/16/2007","0.7395","0.7357","0.7406","0.7347","","0.52%"
"05/15/2007","0.7357","0.7383","0.7392","0.7347","","-0.37%"
"05/14/2007","0.7384","0.7389","0.7394","0.7375","","-0.11%"
"05/11/2007","0.7392","0.7418","0.7428","0.7391","","-0.32%"
"05/10/2007","0.7416","0.7393","0.7426","0.7372","","0.34%"
"05/09/2007","0.7391","0.7383","0.7394","0.7371","","0.09%"
"05/08/2007","0.7384","0.7353","0.7399","0.7341","","0.41%"
"05/07/2007","0.7354","0.7352","0.7358","0.7338","","-0.05%"
"05/04/2007","0.7358","0.7381","0.7390","0.7347","","-0.27%"
"05/03/2007","0.7378","0.7359","0.7382","0.7343","","0.26%"
"05/02/2007","0.7359","0.7351","0.7375","0.7346","","0.11%"
"05/01/2007","0.7351","0.7329","0.7359","0.7314","","0.30%"
"04/30/2007","0.7329","0.7336","0.7359","0.7310","","0.05%"
"04/27/2007","0.7325","0.7354","0.7361","0.7309","","-0.42%"
"04/26/2007","0.7356","0.7332","0.7361","0.7323","","0.34%"
"04/25/2007","0.7331","0.7332","0.7343","0.7317","","0.01%"
"04/24/2007","0.7330","0.7365","0.7382","0.7331","","-0.49%"
"04/23/2007","0.7366","0.7353","0.7386","0.7349","","0.11%"
"04/20/2007","0.7358","0.7346","0.7361","0.7332","","0.15%"
"04/19/2007","0.7347","0.7348","0.7375","0.7342","","0.00%"
"04/18/2007","0.7347","0.7369","0.7383","0.7344","","-0.29%"
"04/17/2007","0.7368","0.7390","0.7395","0.7355","","-0.28%"
"04/16/2007","0.7389","0.7377","0.7389","0.7365","","-0.04%"
"04/13/2007","0.7392","0.7414","0.7418","0.7377","","-0.30%"
"04/12/2007","0.7414","0.7446","0.7447","0.7406","","-0.43%"
"04/11/2007","0.7446","0.7442","0.7457","0.7439","","0.04%"
"04/10/2007","0.7443","0.7488","0.7491","0.7432","","-0.59%"
"04/09/2007","0.7487","0.7478","0.7497","0.7474","","0.17%"
"04/06/2007","0.7474","0.7448","0.7483","0.7444","","0.32%"
"04/05/2007","0.7450","0.7479","0.7491","0.7440","","-0.37%"
"04/04/2007","0.7478","0.7503","0.7509","0.7473","","-0.29%"
"04/03/2007","0.7500","0.7482","0.7500","0.7472","","0.27%"
"04/02/2007","0.7480","0.7478","0.7500","0.7472","","-0.08%"
"03/30/2007","0.7486","0.7502","0.7525","0.7463","","-0.20%"
"03/29/2007","0.7501","0.7512","0.7517","0.7488","","-0.12%"
"03/28/2007","0.7510","0.7489","0.7510","0.7477","","0.28%"
"03/27/2007","0.7489","0.7501","0.7508","0.7481","","-0.15%"
"03/26/2007","0.7500","0.7528","0.7544","0.7492","","-0.37%"
"03/23/2007","0.7528","0.7502","0.7527","0.7494","","0.36%"
"03/22/2007","0.7501","0.7471","0.7510","0.7457","","0.41%"
"03/21/2007","0.7470","0.7508","0.7526","0.7487","","-0.53%"
"03/20/2007","0.7510","0.7516","0.7535","0.7508","","-0.13%"
"03/19/2007","0.7520","0.7509","0.7531","0.7504","","0.12%"
"03/16/2007","0.7511","0.7555","0.7558","0.7497","","-0.58%"
"03/15/2007","0.7555","0.7564","0.7580","0.7546","","-0.09%"
"03/14/2007","0.7562","0.7577","0.7589","0.7549","","-0.17%"
"03/13/2007","0.7575","0.7581","0.7601","0.7563","","-0.12%"
"03/12/2007","0.7584","0.7618","0.7629","0.7577","","-0.55%"
"03/09/2007","0.7626","0.7615","0.7642","0.7598","","0.12%"
"03/08/2007","0.7617","0.7587","0.7625","0.7585","","0.37%"
"03/07/2007","0.7589","0.7620","0.7629","0.7593","","-0.45%"
"03/06/2007","0.7623","0.7639","0.7645","0.7615","","-0.17%"
"03/05/2007","0.7636","0.7576","0.7650","0.7569","","0.74%"
"03/02/2007","0.7580","0.7584","0.7609","0.7578","","-0.05%"
"03/01/2007","0.7584","0.7557","0.7602","0.7552","","0.36%"
"02/28/2007","0.7557","0.7553","0.7587","0.7548","","0.07%"
"02/27/2007","0.7552","0.7584","0.7599","0.7543","","-0.44%"
"02/26/2007","0.7585","0.7595","0.7604","0.7576","","-0.12%"
"02/23/2007","0.7594","0.7620","0.7632","0.7582","","-0.34%"
"02/22/2007","0.7620","0.7612","0.7645","0.7607","","0.12%"
"02/21/2007","0.7611","0.7610","0.7627","0.7595","","0.04%"
"02/20/2007","0.7608","0.7601","0.7616","0.7581","","0.08%"
"02/19/2007","0.7602","0.7601","0.7621","0.7596","","-0.12%"
"02/16/2007","0.7611","0.7609","0.7636","0.7606","","0.07%"
"02/15/2007","0.7606","0.7616","0.7623","0.7591","","-0.14%"
"02/14/2007","0.7617","0.7671","0.7678","0.7604","","-0.70%"
"02/13/2007","0.7671","0.7713","0.7720","0.7665","","-0.54%"
"02/12/2007","0.7713","0.7696","0.7727","0.7669","","0.31%"
"02/09/2007","0.7689","0.7669","0.7702","0.7665","","0.26%"
"02/08/2007","0.7669","0.7686","0.7707","0.7667","","-0.21%"
"02/07/2007","0.7685","0.7704","0.7711","0.7677","","-0.27%"
"02/06/2007","0.7706","0.7735","0.7745","0.7703","","-0.35%"
"02/05/2007","0.7733","0.7715","0.7744","0.7711","","0.27%"
"02/02/2007","0.7712","0.7680","0.7719","0.7655","","0.43%"
"02/01/2007","0.7679","0.7673","0.7692","0.7661","","0.09%"
"01/31/2007","0.7672","0.7713","0.7736","0.7675","","-0.52%"
"01/30/2007","0.7712","0.7719","0.7724","0.7703","","-0.10%"
"01/29/2007","0.7720","0.7740","0.7753","0.7712","","-0.27%"
"01/26/2007","0.7741","0.7730","0.7766","0.7725","","0.10%"
"01/25/2007","0.7733","0.7715","0.7732","0.7690","","0.23%"
"01/24/2007","0.7715","0.7678","0.7723","0.7670","","0.49%"
"01/23/2007","0.7677","0.7723","0.7735","0.7665","","-0.60%"
"01/22/2007","0.7723","0.7714","0.7740","0.7703","","0.14%"
"01/19/2007","0.7712","0.7714","0.7744","0.7691","","-0.08%"
"01/18/2007","0.7718","0.7730","0.7754","0.7706","","-0.17%"
"01/17/2007","0.7731","0.7743","0.7754","0.7721","","-0.14%"
"01/16/2007","0.7742","0.7729","0.7747","0.7697","","0.14%"
"01/15/2007","0.7731","0.7735","0.7743","0.7716","","-0.13%"
"01/12/2007","0.7741","0.7756","0.7772","0.7725","","-0.19%"
"01/11/2007","0.7756","0.7730","0.7762","0.7684","","0.32%"
"01/10/2007","0.7731","0.7693","0.7734","0.7689","","0.49%"
"01/09/2007","0.7693","0.7679","0.7701","0.7661","","0.17%"
"01/08/2007","0.7680","0.7686","0.7708","0.7671","","-0.12%"
"01/05/2007","0.7689","0.7643","0.7704","0.7630","","0.58%"
"01/04/2007","0.7645","0.7596","0.7648","0.7586","","0.63%"
"01/03/2007","0.7597","0.7532","0.7603","0.7523","","0.88%"
"01/02/2007","0.7531","0.7575","0.7579","0.7520","","-0.59%"
"01/01/2007","0.7576","0.7577","0.7591","0.7575","","0.01%"
"12/29/2006","0.7575","0.7607","0.7612","0.7572","","-0.37%"
"12/28/2006","0.7603","0.7621","0.7631","0.7575","","-0.28%"
"12/27/2006","0.7624","0.7635","0.7639","0.7588","","-0.10%"
"12/26/2006","0.7632","0.7620","0.7632","0.7609","","0.21%"
"12/25/2006","0.7616","0.7615","0.7634","0.7595","","0.11%"
"12/22/2006","0.7608","0.7593","0.7629","0.7567","","0.22%"
"12/21/2006","0.7591","0.7591","0.7610","0.7567","","0.04%"
"12/20/2006","0.7588","0.7581","0.7594","0.7550","","0.09%"
"12/19/2006","0.7581","0.7633","0.7645","0.7571","","-0.69%"
"12/18/2006","0.7634","0.7647","0.7662","0.7622","","-0.14%"
"12/15/2006","0.7645","0.7607","0.7652","0.7584","","0.51%"
"12/14/2006","0.7606","0.7568","0.7609","0.7544","","0.53%"
"12/13/2006","0.7566","0.7530","0.7579","0.7525","","0.48%"
"12/12/2006","0.7530","0.7554","0.7568","0.7529","","-0.32%"
"12/11/2006","0.7554","0.7591","0.7616","0.7543","","-0.26%"
"12/08/2006","0.7574","0.7527","0.7580","0.7482","","0.66%"
"12/07/2006","0.7524","0.7527","0.7533","0.7504","","0.00%"
"12/06/2006","0.7524","0.7507","0.7544","0.7495","","0.24%"
"12/05/2006","0.7506","0.7501","0.7526","0.7482","","0.00%"
"12/04/2006","0.7506","0.7499","0.7529","0.7480","","0.09%"
"12/01/2006","0.7499","0.7552","0.7565","0.7491","","-0.71%"
"11/30/2006","0.7553","0.7605","0.7610","0.7533","","-0.68%"
"11/29/2006","0.7605","0.7576","0.7615","0.7565","","0.40%"
"11/28/2006","0.7575","0.7616","0.7624","0.7578","","-0.53%"
"11/27/2006","0.7615","0.7595","0.7642","0.7591","","-0.30%"
"11/24/2006","0.7638","0.7727","0.7728","0.7628","","-1.15%"
"11/23/2006","0.7727","0.7728","0.7736","0.7706","","0.03%"
"11/22/2006","0.7725","0.7785","0.7789","0.7716","","-0.78%"
"11/21/2006","0.7786","0.7804","0.7814","0.7786","","-0.23%"
"11/20/2006","0.7804","0.7797","0.7809","0.7780","","0.10%"
"11/17/2006","0.7796","0.7816","0.7836","0.7784","","-0.23%"
"11/16/2006","0.7814","0.7796","0.7819","0.7787","","0.23%"
"11/15/2006","0.7796","0.7802","0.7829","0.7792","","-0.13%"
"11/14/2006","0.7806","0.7810","0.7817","0.7769","","-0.05%"
"11/13/2006","0.7810","0.7787","0.7814","0.7765","","0.31%"
"11/10/2006","0.7786","0.7797","0.7797","0.7752","","-0.14%"
"11/09/2006","0.7797","0.7838","0.7843","0.7783","","-0.55%"
"11/08/2006","0.7840","0.7829","0.7846","0.7806","","0.13%"
"11/07/2006","0.7830","0.7860","0.7862","0.7800","","-0.38%"
"11/06/2006","0.7860","0.7865","0.7880","0.7859","","-0.04%"
"11/03/2006","0.7863","0.7827","0.7885","0.7818","","0.47%"
"11/02/2006","0.7826","0.7840","0.7851","0.7821","","-0.18%"
"11/01/2006","0.7840","0.7836","0.7848","0.7813","","0.06%"
"10/31/2006","0.7835","0.7857","0.7887","0.7823","","-0.23%"
"10/30/2006","0.7853","0.7855","0.7875","0.7851","","0.06%"
"10/27/2006","0.7848","0.7880","0.7897","0.7842","","-0.38%"
"10/26/2006","0.7878","0.7935","0.7937","0.7873","","-0.73%"
"10/25/2006","0.7936","0.7965","0.7968","0.7929","","-0.34%"
"10/24/2006","0.7963","0.7968","0.7984","0.7951","","-0.06%"
"10/23/2006","0.7968","0.7925","0.7977","0.7923","","0.50%"
"10/20/2006","0.7928","0.7921","0.7938","0.7911","","0.08%"
"10/19/2006","0.7922","0.7978","0.7982","0.7915","","-0.74%"
"10/18/2006","0.7981","0.7975","0.8000","0.7960","","0.06%"
"10/17/2006","0.7976","0.7979","0.7995","0.7957","","-0.06%"
"10/16/2006","0.7981","0.7997","0.8007","0.7975","","-0.10%"
"10/13/2006","0.7989","0.7965","0.8011","0.7950","","0.30%"
"10/12/2006","0.7965","0.7989","0.7990","0.7957","","-0.29%"
"10/11/2006","0.7988","0.7978","0.7992","0.7963","","0.16%"
"10/10/2006","0.7975","0.7941","0.7989","0.7926","","0.47%"
"10/09/2006","0.7938","0.7942","0.7946","0.7926","","0.01%"
"10/06/2006","0.7937","0.7880","0.7954","0.7865","","0.76%"
"10/05/2006","0.7877","0.7865","0.7891","0.7857","","0.17%"
"10/04/2006","0.7864","0.7855","0.7895","0.7848","","0.14%"
"10/03/2006","0.7853","0.7851","0.7862","0.7832","","0.05%"
"10/02/2006","0.7849","0.7885","0.7897","0.7837","","-0.54%"
"09/29/2006","0.7892","0.7873","0.7912","0.7865","","0.25%"
"09/28/2006","0.7872","0.7875","0.7887","0.7854","","-0.04%"
"09/27/2006","0.7875","0.7882","0.7894","0.7862","","-0.09%"
"09/26/2006","0.7882","0.7845","0.7897","0.7836","","0.48%"
"09/25/2006","0.7844","0.7821","0.7855","0.7800","","0.24%"
"09/22/2006","0.7825","0.7825","0.7828","0.7792","","0.00%"
"09/21/2006","0.7825","0.7883","0.7886","0.7816","","-0.67%"
"09/20/2006","0.7878","0.7888","0.7897","0.7861","","-0.14%"
"09/19/2006","0.7889","0.7874","0.7905","0.7857","","0.20%"
"09/18/2006","0.7873","0.7912","0.7917","0.7872","","-0.42%"
"09/15/2006","0.7906","0.7860","0.7917","0.7852","","0.60%"
"09/14/2006","0.7859","0.7878","0.7890","0.7840","","-0.24%"
"09/13/2006","0.7878","0.7882","0.7896","0.7863","","-0.05%"
"09/12/2006","0.7882","0.7875","0.7891","0.7853","","0.11%"
"09/11/2006","0.7873","0.7894","0.7906","0.7847","","-0.22%"
"09/08/2006","0.7890","0.7855","0.7906","0.7847","","0.46%"
"09/07/2006","0.7854","0.7810","0.7870","0.7794","","0.58%"
"09/06/2006","0.7809","0.7803","0.7831","0.7791","","0.10%"
"09/05/2006","0.7801","0.7772","0.7815","0.7770","","0.41%"
"09/04/2006","0.7769","0.7787","0.7789","0.7767","","-0.27%"
"09/01/2006","0.7790","0.7807","0.7839","0.7784","","-0.24%"
"08/31/2006","0.7809","0.7791","0.7822","0.7764","","0.26%"
"08/30/2006","0.7789","0.7798","0.7806","0.7780","","-0.09%"
"08/29/2006","0.7796","0.7824","0.7844","0.7786","","-0.42%"
"08/28/2006","0.7829","0.7835","0.7841","0.7799","","-0.15%"
"08/25/2006","0.7841","0.7833","0.7859","0.7822","","0.13%"
"08/24/2006","0.7831","0.7822","0.7844","0.7788","","0.15%"
"08/23/2006","0.7819","0.7810","0.7827","0.7780","","0.14%"
"08/22/2006","0.7808","0.7758","0.7819","0.7755","","0.67%"
"08/21/2006","0.7756","0.7796","0.7796","0.7728","","-0.51%"
"08/18/2006","0.7796","0.7795","0.7825","0.7784","","0.00%"
"08/17/2006","0.7796","0.7787","0.7799","0.7759","","0.14%"
"08/16/2006","0.7785","0.7822","0.7832","0.7771","","-0.46%"
"08/15/2006","0.7821","0.7863","0.7876","0.7809","","-0.53%"
"08/14/2006","0.7863","0.7863","0.7871","0.7834","","0.01%"
"08/11/2006","0.7862","0.7818","0.7865","0.7813","","0.60%"
"08/10/2006","0.7815","0.7775","0.7845","0.7744","","0.54%"
"08/09/2006","0.7773","0.7795","0.7834","0.7750","","-0.24%"
"08/08/2006","0.7792","0.7790","0.7809","0.7766","","0.00%"
"08/07/2006","0.7792","0.7766","0.7789","0.7756","","0.30%"
"08/04/2006","0.7769","0.7812","0.7836","0.7746","","-0.52%"
"08/03/2006","0.7810","0.7820","0.7848","0.7791","","-0.14%"
"08/02/2006","0.7821","0.7797","0.7827","0.7790","","0.32%"
"08/01/2006","0.7796","0.7834","0.7862","0.7796","","-0.49%"
"07/31/2006","0.7834","0.7833","0.7849","0.7822","","-0.01%"
"07/28/2006","0.7835","0.7876","0.7901","0.7831","","-0.50%"
"07/27/2006","0.7874","0.7863","0.7877","0.7829","","0.11%"
"07/26/2006","0.7865","0.7950","0.7961","0.7878","","-1.04%"
"07/25/2006","0.7948","0.7917","0.7960","0.7890","","0.42%"
"07/24/2006","0.7915","0.7871","0.7931","0.7868","","0.51%"
"07/21/2006","0.7875","0.7920","0.7922","0.7876","","-0.58%"
"07/20/2006","0.7921","0.7942","0.7945","0.7902","","-0.25%"
"07/19/2006","0.7941","0.7997","0.8026","0.7934","","-0.69%"
"07/18/2006","0.7996","0.7988","0.8017","0.7962","","0.10%"
"07/17/2006","0.7988","0.7910","0.7994","0.7904","","1.05%"
"07/14/2006","0.7905","0.7879","0.7920","0.7875","","0.30%"
"07/13/2006","0.7881","0.7871","0.7896","0.7854","","0.09%"
"07/12/2006","0.7874","0.7831","0.7890","0.7825","","0.55%"
"07/11/2006","0.7831","0.7854","0.7871","0.7831","","-0.24%"
"07/10/2006","0.7850","0.7804","0.7863","0.7802","","0.56%"
"07/07/2006","0.7806","0.7825","0.7834","0.7774","","-0.26%"
"07/06/2006","0.7826","0.7859","0.7863","0.7822","","-0.45%"
"07/05/2006","0.7861","0.7816","0.7872","0.7788","","0.61%"
"07/04/2006","0.7813","0.7814","0.7822","0.7797","","0.00%"
"07/03/2006","0.7813","0.7822","0.7837","0.7798","","-0.06%"
"06/30/2006","0.7818","0.7896","0.7902","0.7817","","-1.01%"
"06/29/2006","0.7898","0.7966","0.7988","0.7926","","-0.82%"
"06/28/2006","0.7963","0.7950","0.7990","0.7946","","0.20%"
"06/27/2006","0.7947","0.7946","0.7961","0.7924","","0.01%"
"06/26/2006","0.7946","0.7994","0.7999","0.7940","","-0.58%"
"06/23/2006","0.7992","0.7952","0.8014","0.7941","","0.49%"
"06/22/2006","0.7953","0.7897","0.7968","0.7887","","0.71%"
"06/21/2006","0.7897","0.7949","0.7950","0.7890","","-0.64%"
"06/20/2006","0.7948","0.7951","0.7975","0.7930","","-0.03%"
"06/19/2006","0.7950","0.7907","0.7967","0.7903","","0.52%"
"06/16/2006","0.7909","0.7915","0.7926","0.7889","","-0.08%"
"06/15/2006","0.7915","0.7936","0.7949","0.7899","","-0.24%"
"06/14/2006","0.7934","0.7974","0.7979","0.7905","","-0.54%"
"06/13/2006","0.7977","0.7947","0.7976","0.7924","","0.36%"
"06/12/2006","0.7948","0.7925","0.7957","0.7905","","0.49%"
"06/09/2006","0.7909","0.7904","0.7938","0.7884","","0.10%"
"06/08/2006","0.7901","0.7817","0.7920","0.7807","","1.06%"
"06/07/2006","0.7818","0.7797","0.7837","0.7790","","0.18%"
"06/06/2006","0.7804","0.7748","0.7808","0.7730","","0.71%"
"06/05/2006","0.7749","0.7733","0.7747","0.7704","","0.12%"
"06/02/2006","0.7740","0.7808","0.7815","0.7728","","-0.86%"
"06/01/2006","0.7807","0.7806","0.7861","0.7797","","0.03%"
"05/31/2006","0.7805","0.7769","0.7804","0.7750","","0.49%"
"05/30/2006","0.7767","0.7844","0.7849","0.7746","","-0.92%"
"05/29/2006","0.7839","0.7854","0.7863","0.7831","","-0.18%"
"05/26/2006","0.7853","0.7809","0.7874","0.7790","","0.55%"
"05/25/2006","0.7810","0.7839","0.7845","0.7807","","-0.38%"
"05/24/2006","0.7840","0.7804","0.7855","0.7756","","0.47%"
"05/23/2006","0.7803","0.7772","0.7809","0.7765","","0.46%"
"05/22/2006","0.7767","0.7836","0.7877","0.7770","","-0.79%"
"05/19/2006","0.7829","0.7780","0.7877","0.7770","","0.75%"
"05/18/2006","0.7771","0.7851","0.7861","0.7778","","-1.02%"
"05/17/2006","0.7851","0.7776","0.7868","0.7737","","0.96%"
"05/16/2006","0.7776","0.7814","0.7831","0.7770","","-0.50%"
"05/15/2006","0.7815","0.7725","0.7824","0.7709","","1.09%"
"05/12/2006","0.7731","0.7791","0.7795","0.7718","","-0.80%"
"05/11/2006","0.7793","0.7822","0.7883","0.7768","","-0.32%"
"05/10/2006","0.7818","0.7837","0.7843","0.7797","","-0.26%"
"05/09/2006","0.7838","0.7870","0.7898","0.7822","","-0.41%"
"05/08/2006","0.7870","0.7851","0.7877","0.7820","","0.17%"
"05/05/2006","0.7857","0.7879","0.7891","0.7834","","-0.24%"
"05/04/2006","0.7876","0.7917","0.7955","0.7866","","-0.46%"
"05/03/2006","0.7912","0.7928","0.7943","0.7892","","-0.19%"
"05/02/2006","0.7927","0.7951","0.7963","0.7894","","-0.21%"
"05/01/2006","0.7944","0.7920","0.7951","0.7879","","0.37%"
"04/28/2006","0.7915","0.7980","0.7987","0.7913","","-0.80%"
"04/27/2006","0.7979","0.8032","0.8062","0.7968","","-0.68%"
"04/26/2006","0.8034","0.8045","0.8074","0.8018","","-0.12%"
"04/25/2006","0.8044","0.8074","0.8087","0.8038","","-0.31%"
"04/24/2006","0.8069","0.8085","0.8109","0.8056","","-0.41%"
"04/21/2006","0.8102","0.8119","0.8153","0.8089","","-0.18%"
"04/20/2006","0.8117","0.8077","0.8139","0.8075","","0.50%"
"04/19/2006","0.8077","0.8094","0.8139","0.8070","","-0.20%"
"04/18/2006","0.8093","0.8161","0.8180","0.8109","","-0.80%"
"04/17/2006","0.8158","0.8250","0.8250","0.8136","","-1.21%"
"04/14/2006","0.8258","0.8260","0.8270","0.8251","","0.02%"
"04/13/2006","0.8256","0.8261","0.8288","0.8241","","-0.06%"
"04/12/2006","0.8261","0.8236","0.8288","0.8219","","0.34%"
"04/11/2006","0.8233","0.8257","0.8271","0.8230","","-0.27%"
"04/10/2006","0.8255","0.8260","0.8281","0.8244","","-0.19%"
"04/07/2006","0.8271","0.8181","0.8269","0.8177","","1.11%"
"04/06/2006","0.8180","0.8135","0.8199","0.8107","","0.58%"
"04/05/2006","0.8133","0.8158","0.8167","0.8125","","-0.32%"
"04/04/2006","0.8159","0.8240","0.8251","0.8144","","-0.97%"
"04/03/2006","0.8239","0.8255","0.8312","0.8234","","-0.16%"
"03/31/2006","0.8252","0.8221","0.8280","0.8213","","0.43%"
"03/30/2006","0.8217","0.8313","0.8319","0.8221","","-1.15%"
"03/29/2006","0.8313","0.8330","0.8348","0.8302","","-0.23%"
"03/28/2006","0.8332","0.8326","0.8338","0.8257","","0.08%"
"03/27/2006","0.8325","0.8307","0.8330","0.8289","","0.18%"
"03/24/2006","0.8310","0.8354","0.8368","0.8302","","-0.51%"
"03/23/2006","0.8353","0.8282","0.8360","0.8277","","0.89%"
"03/22/2006","0.8279","0.8272","0.8289","0.8254","","0.08%"
"03/21/2006","0.8272","0.8218","0.8283","0.8216","","0.64%"
"03/20/2006","0.8219","0.8209","0.8231","0.8198","","0.18%"
"03/17/2006","0.8204","0.8212","0.8237","0.8191","","-0.05%"
"03/16/2006","0.8208","0.8285","0.8310","0.8211","","-0.93%"
"03/15/2006","0.8285","0.8324","0.8329","0.8284","","-0.44%"
"03/14/2006","0.8322","0.8363","0.8378","0.8311","","-0.48%"
"03/13/2006","0.8362","0.8392","0.8397","0.8355","","-0.37%"
"03/10/2006","0.8393","0.8395","0.8432","0.8380","","0.00%"
"03/09/2006","0.8393","0.8389","0.8401","0.8365","","0.07%"
"03/08/2006","0.8387","0.8416","0.8423","0.8374","","-0.31%"
"03/07/2006","0.8413","0.8320","0.8423","0.8318","","1.11%"
"03/06/2006","0.8321","0.8298","0.8339","0.8268","","0.17%"
"03/03/2006","0.8307","0.8307","0.8337","0.8296","","0.05%"
"03/02/2006","0.8303","0.8392","0.8395","0.8312","","-1.07%"
"03/01/2006","0.8393","0.8388","0.8411","0.8350","","0.04%"
"02/28/2006","0.8390","0.8441","0.8450","0.8376","","-0.60%"
"02/27/2006","0.8441","0.8421","0.8456","0.8418","","0.21%"
"02/24/2006","0.8423","0.8389","0.8429","0.8381","","0.41%"
"02/23/2006","0.8389","0.8398","0.8409","0.8353","","-0.10%"
"02/22/2006","0.8397","0.8395","0.8431","0.8381","","0.01%"
"02/21/2006","0.8396","0.8374","0.8410","0.8372","","0.21%"
"02/20/2006","0.8378","0.8381","0.8388","0.8350","","-0.04%"
"02/17/2006","0.8381","0.8405","0.8433","0.8372","","-0.30%"
"02/16/2006","0.8406","0.8412","0.8441","0.8404","","-0.07%"
"02/15/2006","0.8412","0.8391","0.8425","0.8365","","0.24%"
"02/14/2006","0.8392","0.8401","0.8434","0.8385","","-0.11%"
"02/13/2006","0.8401","0.8400","0.8420","0.8389","","-0.04%"
"02/10/2006","0.8404","0.8348","0.8406","0.8314","","0.67%"
"02/09/2006","0.8348","0.8363","0.8370","0.8336","","-0.19%"
"02/08/2006","0.8364","0.8352","0.8385","0.8337","","0.17%"
"02/07/2006","0.8350","0.8359","0.8374","0.8322","","-0.08%"
"02/06/2006","0.8357","0.8312","0.8364","0.8303","","0.48%"
"02/03/2006","0.8317","0.8267","0.8355","0.8256","","0.60%"
"02/02/2006","0.8267","0.8292","0.8311","0.8258","","-0.31%"
"02/01/2006","0.8293","0.8229","0.8291","0.8218","","0.80%"
"01/31/2006","0.8227","0.8272","0.8281","0.8212","","-0.54%"
"01/30/2006","0.8272","0.8260","0.8289","0.8253","","0.10%"
"01/27/2006","0.8264","0.8192","0.8264","0.8173","","0.92%"
"01/26/2006","0.8189","0.8168","0.8190","0.8149","","0.26%"
"01/25/2006","0.8168","0.8141","0.8173","0.8114","","0.32%"
"01/24/2006","0.8142","0.8125","0.8159","0.8116","","0.23%"
"01/23/2006","0.8123","0.8236","0.8239","0.8127","","-1.42%"
"01/20/2006","0.8240","0.8267","0.8306","0.8245","","-0.33%"
"01/19/2006","0.8267","0.8257","0.8297","0.8247","","0.12%"
"01/18/2006","0.8257","0.8261","0.8285","0.8224","","-0.02%"
"01/17/2006","0.8259","0.8250","0.8298","0.8237","","0.10%"
"01/16/2006","0.8251","0.8233","0.8262","0.8213","","0.08%"
"01/13/2006","0.8244","0.8310","0.8316","0.8245","","-0.78%"
"01/12/2006","0.8309","0.8248","0.8328","0.8222","","0.75%"
"01/11/2006","0.8247","0.8288","0.8302","0.8234","","-0.47%"
"01/10/2006","0.8286","0.8275","0.8308","0.8257","","0.16%"
"01/09/2006","0.8273","0.8234","0.8298","0.8227","","0.52%"
"01/06/2006","0.8230","0.8261","0.8279","0.8209","","-0.40%"
"01/05/2006","0.8263","0.8248","0.8288","0.8246","","0.21%"
"01/04/2006","0.8246","0.8324","0.8330","0.8245","","-0.97%"
"01/03/2006","0.8327","0.8456","0.8467","0.8327","","-1.54%"
"01/02/2006","0.8457","0.8444","0.8474","0.8426","","0.18%"
"12/30/2005","0.8442","0.8443","0.8490","0.8411","","-0.02%"
"12/29/2005","0.8444","0.8450","0.8461","0.8415","","-0.07%"
"12/28/2005","0.8450","0.8453","0.8462","0.8380","","-0.05%"
"12/27/2005","0.8454","0.8440","0.8454","0.8418","","0.17%"
"12/26/2005","0.8440","0.8432","0.8452","0.8405","","0.23%"
"12/23/2005","0.8421","0.8425","0.8453","0.8413","","-0.05%"
"12/22/2005","0.8425","0.8449","0.8467","0.8403","","-0.28%"
"12/21/2005","0.8449","0.8432","0.8474","0.8395","","0.27%"
"12/20/2005","0.8426","0.8328","0.8446","0.8324","","1.14%"
"12/19/2005","0.8331","0.8315","0.8351","0.8306","","0.10%"
"12/16/2005","0.8323","0.8352","0.8378","0.8314","","-0.32%"
"12/15/2005","0.8350","0.8332","0.8377","0.8305","","0.22%"
"12/14/2005","0.8332","0.8377","0.8383","0.8290","","-0.51%"
"12/13/2005","0.8375","0.8368","0.8399","0.8347","","0.12%"
"12/12/2005","0.8365","0.8488","0.8491","0.8347","","-1.22%"
"12/09/2005","0.8468","0.8461","0.8498","0.8447","","0.07%"
"12/08/2005","0.8462","0.8531","0.8545","0.8439","","-0.81%"
"12/07/2005","0.8531","0.8483","0.8544","0.8472","","0.58%"
"12/06/2005","0.8482","0.8481","0.8507","0.8469","","-0.06%"
"12/05/2005","0.8487","0.8543","0.8556","0.8471","","-0.57%"
"12/02/2005","0.8536","0.8523","0.8576","0.8510","","0.16%"
"12/01/2005","0.8522","0.8482","0.8555","0.8473","","0.46%"
"11/30/2005","0.8483","0.8487","0.8508","0.8471","","0.00%"
"11/29/2005","0.8483","0.8440","0.8520","0.8432","","0.50%"
"11/28/2005","0.8441","0.8536","0.8561","0.8434","","-1.05%"
"11/25/2005","0.8531","0.8484","0.8540","0.8481","","0.55%"
"11/24/2005","0.8484","0.8460","0.8498","0.8457","","0.28%"
"11/23/2005","0.8460","0.8464","0.8501","0.8428","","-0.06%"
"11/22/2005","0.8465","0.8528","0.8557","0.8481","","-0.70%"
"11/21/2005","0.8525","0.8493","0.8534","0.8446","","0.33%"
"11/18/2005","0.8497","0.8506","0.8573","0.8478","","-0.11%"
"11/17/2005","0.8506","0.8569","0.8591","0.8512","","-0.72%"
"11/16/2005","0.8568","0.8531","0.8587","0.8519","","0.43%"
"11/15/2005","0.8531","0.8554","0.8591","0.8528","","-0.26%"
"11/14/2005","0.8553","0.8533","0.8576","0.8493","","0.27%"
"11/11/2005","0.8530","0.8559","0.8569","0.8530","","-0.30%"
"11/10/2005","0.8556","0.8498","0.8546","0.8474","","0.64%"
"11/09/2005","0.8502","0.8489","0.8534","0.8478","","0.18%"
"11/08/2005","0.8487","0.8470","0.8541","0.8467","","0.22%"
"11/07/2005","0.8468","0.8466","0.8494","0.8450","","0.11%"
"11/04/2005","0.8459","0.8371","0.8473","0.8336","","1.05%"
"11/03/2005","0.8371","0.8285","0.8373","0.8275","","1.04%"
"11/02/2005","0.8285","0.8320","0.8342","0.8279","","-0.48%"
"11/01/2005","0.8325","0.8341","0.8355","0.8313","","-0.19%"
"10/31/2005","0.8341","0.8291","0.8356","0.8270","","0.65%"
"10/28/2005","0.8287","0.8237","0.8298","0.8215","","0.59%"
"10/27/2005","0.8238","0.8288","0.8304","0.8214","","-0.60%"
"10/26/2005","0.8288","0.8258","0.8300","0.8237","","0.38%"
"10/25/2005","0.8257","0.8344","0.8378","0.8253","","-1.04%"
"10/24/2005","0.8344","0.8374","0.8389","0.8318","","-0.30%"
"10/21/2005","0.8369","0.8319","0.8379","0.8279","","0.58%"
"10/20/2005","0.8321","0.8340","0.8370","0.8325","","-0.19%"
"10/19/2005","0.8337","0.8361","0.8421","0.8331","","-0.28%"
"10/18/2005","0.8360","0.8318","0.8393","0.8315","","0.52%"
"10/17/2005","0.8317","0.8278","0.8326","0.8250","","0.41%"
"10/14/2005","0.8283","0.8315","0.8348","0.8263","","-0.38%"
"10/13/2005","0.8315","0.8317","0.8393","0.8308","","-0.02%"
"10/12/2005","0.8317","0.8339","0.8366","0.8296","","-0.25%"
"10/11/2005","0.8338","0.8288","0.8348","0.8284","","0.64%"
"10/10/2005","0.8285","0.8254","0.8306","0.8227","","0.41%"
"10/07/2005","0.8251","0.8210","0.8269","0.8205","","0.54%"
"10/06/2005","0.8207","0.8348","0.8349","0.8207","","-1.70%"
"10/05/2005","0.8349","0.8391","0.8393","0.8342","","-0.49%"
"10/04/2005","0.8390","0.8391","0.8403","0.8368","","0.05%"
"10/03/2005","0.8386","0.8316","0.8403","0.8312","","0.90%"
"09/30/2005","0.8311","0.8311","0.8334","0.8271","","0.01%"
"09/29/2005","0.8310","0.8306","0.8328","0.8279","","0.08%"
"09/28/2005","0.8303","0.8324","0.8338","0.8294","","-0.25%"
"09/27/2005","0.8324","0.8284","0.8349","0.8278","","0.54%"
"09/26/2005","0.8279","0.8312","0.8325","0.8281","","-0.34%"
"09/23/2005","0.8307","0.8226","0.8301","0.8217","","0.92%"
"09/22/2005","0.8231","0.8185","0.8243","0.8150","","0.55%"
"09/21/2005","0.8186","0.8253","0.8257","0.8169","","-0.82%"
"09/20/2005","0.8254","0.8238","0.8250","0.8202","","0.19%"
"09/19/2005","0.8238","0.8217","0.8265","0.8213","","0.80%"
"09/16/2005","0.8173","0.8182","0.8197","0.8124","","-0.11%"
"09/15/2005","0.8182","0.8139","0.8201","0.8137","","0.53%"
"09/14/2005","0.8139","0.8152","0.8159","0.8109","","-0.21%"
"09/13/2005","0.8156","0.8143","0.8167","0.8119","","0.16%"
"09/12/2005","0.8143","0.8062","0.8149","0.8054","","1.03%"
"09/09/2005","0.8060","0.8067","0.8081","0.8025","","-0.06%"
"09/08/2005","0.8065","0.8055","0.8076","0.8028","","0.14%"
"09/07/2005","0.8054","0.8020","0.8056","0.7976","","0.37%"
"09/06/2005","0.8024","0.7974","0.8037","0.7972","","0.63%"
"09/05/2005","0.7974","0.7977","0.7993","0.7946","","-0.13%"
"09/02/2005","0.7984","0.8001","0.8019","0.7942","","-0.18%"
"09/01/2005","0.7998","0.8103","0.8113","0.7998","","-1.27%"
"08/31/2005","0.8101","0.8184","0.8204","0.8092","","-1.01%"
"08/30/2005","0.8184","0.8178","0.8217","0.8171","","0.10%"
"08/29/2005","0.8176","0.8136","0.8186","0.8099","","0.39%"
"08/26/2005","0.8144","0.8131","0.8146","0.8101","","0.14%"
"08/25/2005","0.8133","0.8148","0.8159","0.8111","","-0.23%"
"08/24/2005","0.8152","0.8176","0.8223","0.8141","","-0.34%"
"08/23/2005","0.8180","0.8179","0.8203","0.8159","","-0.02%"
"08/22/2005","0.8182","0.8221","0.8226","0.8167","","-0.58%"
"08/19/2005","0.8230","0.8213","0.8247","0.8199","","0.21%"
"08/18/2005","0.8213","0.8147","0.8226","0.8133","","0.79%"
"08/17/2005","0.8149","0.8091","0.8156","0.8084","","0.73%"
"08/16/2005","0.8090","0.8085","0.8132","0.8080","","0.07%"
"08/15/2005","0.8084","0.8026","0.8100","0.8024","","0.50%"
"08/12/2005","0.8044","0.8018","0.8076","0.8008","","0.32%"
"08/11/2005","0.8018","0.8074","0.8079","0.8022","","-0.69%"
"08/10/2005","0.8074","0.8080","0.8106","0.8048","","-0.14%"
"08/09/2005","0.8085","0.8096","0.8110","0.8053","","-0.15%"
"08/08/2005","0.8097","0.8100","0.8121","0.8070","","0.09%"
"08/05/2005","0.8090","0.8073","0.8124","0.8067","","0.21%"
"08/04/2005","0.8073","0.8108","0.8132","0.8062","","-0.36%"
"08/03/2005","0.8102","0.8202","0.8232","0.8099","","-1.17%"
"08/02/2005","0.8198","0.8211","0.8216","0.8160","","-0.17%"
"08/01/2005","0.8212","0.8245","0.8261","0.8164","","-0.39%"
"07/29/2005","0.8244","0.8242","0.8282","0.8223","","0.01%"
"07/28/2005","0.8243","0.8288","0.8310","0.8230","","-0.52%"
"07/27/2005","0.8286","0.8322","0.8358","0.8281","","-0.47%"
"07/26/2005","0.8325","0.8290","0.8350","0.8286","","0.41%"
"07/25/2005","0.8291","0.8295","0.8315","0.8272","","0.02%"
"07/22/2005","0.8289","0.8218","0.8296","0.8202","","0.83%"
"07/21/2005","0.8221","0.8233","0.8265","0.8159","","-0.15%"
"07/20/2005","0.8233","0.8311","0.8336","0.8235","","-0.89%"
"07/19/2005","0.8307","0.8297","0.8365","0.8287","","0.12%"
"07/18/2005","0.8297","0.8315","0.8318","0.8271","","-0.16%"
"07/15/2005","0.8310","0.8275","0.8322","0.8238","","0.42%"
"07/14/2005","0.8275","0.8272","0.8294","0.8246","","0.07%"
"07/13/2005","0.8269","0.8169","0.8283","0.8167","","1.22%"
"07/12/2005","0.8169","0.8283","0.8295","0.8172","","-1.36%"
"07/11/2005","0.8282","0.8355","0.8364","0.8274","","-0.84%"
"07/08/2005","0.8352","0.8369","0.8423","0.8342","","-0.18%"
"07/07/2005","0.8367","0.8381","0.8397","0.8305","","-0.17%"
"07/06/2005","0.8381","0.8393","0.8410","0.8366","","-0.14%"
"07/05/2005","0.8393","0.8403","0.8426","0.8374","","-0.12%"
"07/04/2005","0.8403","0.8375","0.8413","0.8368","","0.43%"
"07/01/2005","0.8367","0.8263","0.8376","0.8259","","1.27%"
"06/30/2005","0.8262","0.8285","0.8303","0.8252","","-0.23%"
"06/29/2005","0.8281","0.8293","0.8322","0.8256","","-0.08%"
"06/28/2005","0.8288","0.8219","0.8293","0.8213","","0.81%"
"06/27/2005","0.8221","0.8269","0.8271","0.8206","","-0.59%"
"06/24/2005","0.8270","0.8311","0.8345","0.8258","","-0.46%"
"06/23/2005","0.8308","0.8244","0.8319","0.8234","","0.74%"
"06/22/2005","0.8247","0.8211","0.8266","0.8192","","0.43%"
"06/21/2005","0.8212","0.8228","0.8286","0.8214","","-0.26%"
"06/20/2005","0.8233","0.8193","0.8248","0.8170","","1.17%"
"06/17/2005","0.8138","0.8260","0.8271","0.8149","","-1.47%"
"06/16/2005","0.8259","0.8253","0.8293","0.8219","","0.11%"
"06/15/2005","0.8250","0.8312","0.8322","0.8248","","-0.77%"
"06/14/2005","0.8314","0.8255","0.8317","0.8228","","0.69%"
"06/13/2005","0.8257","0.8257","0.8314","0.8250","","0.08%"
"06/10/2005","0.8250","0.8177","0.8259","0.8164","","0.92%"
"06/09/2005","0.8175","0.8175","0.8212","0.8159","","0.02%"
"06/08/2005","0.8173","0.8140","0.8170","0.8096","","0.42%"
"06/07/2005","0.8139","0.8156","0.8171","0.8120","","-0.21%"
"06/06/2005","0.8156","0.8180","0.8185","0.8134","","-0.23%"
"06/03/2005","0.8175","0.8149","0.8192","0.8102","","0.33%"
"06/02/2005","0.8148","0.8202","0.8211","0.8132","","-0.61%"
"06/01/2005","0.8198","0.8127","0.8205","0.8103","","0.91%"
"05/31/2005","0.8124","0.8017","0.8127","0.8008","","1.32%"
"05/30/2005","0.8018","0.7981","0.8024","0.7970","","0.79%"
"05/27/2005","0.7955","0.7992","0.7996","0.7944","","-0.45%"
"05/26/2005","0.7991","0.7934","0.8000","0.7928","","0.72%"
"05/25/2005","0.7934","0.7949","0.7967","0.7924","","-0.18%"
"05/24/2005","0.7948","0.7953","0.7965","0.7917","","-0.03%"
"05/23/2005","0.7950","0.7970","0.7978","0.7938","","-0.19%"
"05/20/2005","0.7965","0.7911","0.7977","0.7902","","0.71%"
"05/19/2005","0.7909","0.7886","0.7932","0.7879","","0.29%"
"05/18/2005","0.7886","0.7932","0.7944","0.7881","","-0.60%"
"05/17/2005","0.7934","0.7914","0.7938","0.7896","","0.24%"
"05/16/2005","0.7915","0.7919","0.7949","0.7906","","-0.11%"
"05/13/2005","0.7924","0.7884","0.7928","0.7878","","0.42%"
"05/12/2005","0.7891","0.7807","0.7887","0.7803","","1.01%"
"05/11/2005","0.7812","0.7765","0.7827","0.7744","","0.64%"
"05/10/2005","0.7762","0.7780","0.7804","0.7758","","-0.13%"
"05/09/2005","0.7772","0.7803","0.7819","0.7775","","-0.37%"
"05/06/2005","0.7801","0.7717","0.7806","0.7714","","1.10%"
"05/05/2005","0.7716","0.7724","0.7737","0.7697","","-0.12%"
"05/04/2005","0.7725","0.7768","0.7771","0.7708","","-0.58%"
"05/03/2005","0.7770","0.7776","0.7795","0.7747","","-0.04%"
"05/02/2005","0.7773","0.7775","0.7790","0.7767","","0.06%"
"04/29/2005","0.7768","0.7754","0.7769","0.7704","","0.19%"
"04/28/2005","0.7753","0.7734","0.7762","0.7727","","0.23%"
"04/27/2005","0.7735","0.7699","0.7750","0.7696","","0.45%"
"04/26/2005","0.7700","0.7694","0.7725","0.7684","","0.09%"
"04/25/2005","0.7693","0.7655","0.7719","0.7652","","0.52%"
"04/22/2005","0.7653","0.7662","0.7680","0.7636","","-0.09%"
"04/21/2005","0.7660","0.7641","0.7679","0.7619","","0.22%"
"04/20/2005","0.7643","0.7659","0.7698","0.7632","","-0.17%"
"04/19/2005","0.7656","0.7680","0.7703","0.7655","","-0.35%"
"04/18/2005","0.7683","0.7744","0.7766","0.7667","","-0.83%"
"04/15/2005","0.7747","0.7809","0.7826","0.7729","","-0.79%"
"04/14/2005","0.7809","0.7742","0.7831","0.7739","","0.87%"
"04/13/2005","0.7742","0.7740","0.7781","0.7719","","0.05%"
"04/12/2005","0.7738","0.7709","0.7774","0.7685","","0.38%"
"04/11/2005","0.7709","0.7735","0.7748","0.7690","","-0.28%"
"04/08/2005","0.7731","0.7779","0.7807","0.7730","","-0.59%"
"04/07/2005","0.7777","0.7769","0.7780","0.7728","","0.09%"
"04/06/2005","0.7770","0.7775","0.7788","0.7747","","-0.08%"
"04/05/2005","0.7776","0.7782","0.7814","0.7769","","-0.09%"
"04/04/2005","0.7783","0.7762","0.7801","0.7749","","0.45%"
"04/01/2005","0.7748","0.7715","0.7769","0.7658","","0.45%"
"03/31/2005","0.7713","0.7743","0.7746","0.7681","","-0.32%"
"03/30/2005","0.7738","0.7738","0.7744","0.7701","","-0.01%"
"03/29/2005","0.7739","0.7757","0.7766","0.7719","","-0.24%"
"03/28/2005","0.7758","0.7714","0.7778","0.7713","","0.54%"
"03/25/2005","0.7716","0.7728","0.7735","0.7710","","-0.14%"
"03/24/2005","0.7727","0.7704","0.7729","0.7673","","0.39%"
"03/23/2005","0.7697","0.7644","0.7709","0.7640","","0.71%"
"03/22/2005","0.7643","0.7597","0.7633","0.7564","","0.67%"
"03/21/2005","0.7592","0.7511","0.7608","0.7509","","1.09%"
"03/18/2005","0.7510","0.7476","0.7539","0.7470","","0.45%"
"03/17/2005","0.7476","0.7452","0.7495","0.7450","","0.30%"
"03/16/2005","0.7454","0.7514","0.7524","0.7441","","-0.80%"
"03/15/2005","0.7514","0.7481","0.7520","0.7459","","0.45%"
"03/14/2005","0.7480","0.7431","0.7498","0.7420","","0.63%"
"03/11/2005","0.7433","0.7450","0.7464","0.7418","","-0.19%"
"03/10/2005","0.7447","0.7469","0.7479","0.7432","","-0.31%"
"03/09/2005","0.7470","0.7494","0.7501","0.7459","","-0.33%"
"03/08/2005","0.7495","0.7570","0.7572","0.7483","","-1.00%"
"03/07/2005","0.7571","0.7552","0.7588","0.7549","","0.25%"
"03/04/2005","0.7552","0.7628","0.7638","0.7543","","-1.01%"
"03/03/2005","0.7629","0.7612","0.7630","0.7596","","0.18%"
"03/02/2005","0.7615","0.7584","0.7641","0.7582","","0.41%"
"03/01/2005","0.7584","0.7556","0.7595","0.7553","","0.37%"
"02/28/2005","0.7556","0.7551","0.7558","0.7531","","0.07%"
"02/25/2005","0.7551","0.7575","0.7609","0.7559","","-0.32%"
"02/24/2005","0.7575","0.7570","0.7590","0.7535","","0.08%"
"02/23/2005","0.7569","0.7544","0.7584","0.7533","","0.30%"
"02/22/2005","0.7546","0.7655","0.7660","0.7545","","-1.42%"
"02/21/2005","0.7655","0.7662","0.7674","0.7645","","0.05%"
"02/18/2005","0.7651","0.7650","0.7684","0.7643","","0.01%"
"02/17/2005","0.7650","0.7675","0.7683","0.7640","","-0.33%"
"02/16/2005","0.7675","0.7678","0.7718","0.7654","","-0.08%"
"02/15/2005","0.7681","0.7712","0.7720","0.7663","","-0.44%"
"02/14/2005","0.7715","0.7771","0.7771","0.7697","","-0.76%"
"02/11/2005","0.7774","0.7769","0.7786","0.7754","","0.09%"
"02/10/2005","0.7767","0.7809","0.7850","0.7750","","-0.55%"
"02/09/2005","0.7810","0.7832","0.7850","0.7805","","-0.27%"
"02/08/2005","0.7831","0.7836","0.7854","0.7814","","-0.08%"
"02/07/2005","0.7837","0.7777","0.7844","0.7773","","0.89%"
"02/04/2005","0.7768","0.7707","0.7764","0.7669","","0.77%"
"02/03/2005","0.7709","0.7675","0.7727","0.7669","","0.48%"
"02/02/2005","0.7672","0.7666","0.7687","0.7636","","0.01%"
"02/01/2005","0.7671","0.7673","0.7692","0.7654","","-0.03%"
"01/31/2005","0.7673","0.7673","0.7707","0.7657","","0.08%"
"01/28/2005","0.7667","0.7669","0.7700","0.7645","","-0.08%"
"01/27/2005","0.7673","0.7646","0.7686","0.7619","","0.39%"
"01/26/2005","0.7643","0.7709","0.7713","0.7636","","-0.86%"
"01/25/2005","0.7709","0.7659","0.7725","0.7648","","0.65%"
"01/24/2005","0.7659","0.7668","0.7676","0.7635","","-0.07%"
"01/21/2005","0.7664","0.7711","0.7733","0.7658","","-0.64%"
"01/20/2005","0.7713","0.7689","0.7738","0.7677","","0.27%"
"01/19/2005","0.7692","0.7679","0.7700","0.7624","","0.21%"
"01/18/2005","0.7676","0.7655","0.7695","0.7648","","0.26%"
"01/17/2005","0.7656","0.7633","0.7653","0.7618","","0.34%"
"01/14/2005","0.7630","0.7565","0.7659","0.7561","","0.86%"
"01/13/2005","0.7565","0.7541","0.7580","0.7536","","0.34%"
"01/12/2005","0.7539","0.7626","0.7644","0.7522","","-1.14%"
"01/11/2005","0.7626","0.7645","0.7653","0.7593","","-0.24%"
"01/10/2005","0.7644","0.7657","0.7663","0.7621","","-0.21%"
"01/07/2005","0.7660","0.7590","0.7672","0.7548","","0.90%"
"01/06/2005","0.7592","0.7543","0.7600","0.7529","","0.69%"
"01/05/2005","0.7540","0.7532","0.7566","0.7517","","0.08%"
"01/04/2005","0.7534","0.7424","0.7539","0.7409","","1.43%"
"01/03/2005","0.7428","0.7382","0.7470","0.7364","","0.70%"
"12/31/2004","0.7376","0.7332","0.7400","0.7320","","0.60%"
"12/30/2004","0.7332","0.7351","0.7366","0.7325","","-0.24%"
"12/29/2004","0.7350","0.7347","0.7376","0.7328","","0.04%"
"12/28/2004","0.7347","0.7345","0.7359","0.7330","","0.04%"
"12/27/2004","0.7344","0.7390","0.7400","0.7332","","-0.62%"
"12/24/2004","0.7390","0.7400","0.7416","0.7381","","-0.15%"
"12/23/2004","0.7401","0.7469","0.7473","0.7401","","-0.88%"
"12/22/2004","0.7467","0.7479","0.7494","0.7459","","-0.16%"
"12/21/2004","0.7479","0.7467","0.7490","0.7458","","0.17%"
"12/20/2004","0.7466","0.7501","0.7519","0.7456","","-0.64%"
"12/17/2004","0.7514","0.7550","0.7560","0.7509","","-0.44%"
"12/16/2004","0.7547","0.7463","0.7556","0.7446","","1.00%"
"12/15/2004","0.7472","0.7518","0.7541","0.7442","","-0.61%"
"12/14/2004","0.7518","0.7513","0.7542","0.7499","","0.07%"
"12/13/2004","0.7513","0.7573","0.7582","0.7506","","-0.65%"
"12/10/2004","0.7562","0.7511","0.7610","0.7506","","0.72%"
"12/09/2004","0.7508","0.7499","0.7545","0.7484","","0.13%"
"12/08/2004","0.7498","0.7449","0.7575","0.7444","","0.67%"
"12/07/2004","0.7448","0.7460","0.7469","0.7424","","-0.19%"
"12/06/2004","0.7462","0.7437","0.7462","0.7432","","0.39%"
"12/03/2004","0.7433","0.7536","0.7544","0.7446","","-1.35%"
"12/02/2004","0.7535","0.7501","0.7554","0.7471","","0.51%"
"12/01/2004","0.7497","0.7525","0.7533","0.7496","","-0.36%"
"11/30/2004","0.7524","0.7534","0.7558","0.7501","","-0.15%"
"11/29/2004","0.7535","0.7533","0.7560","0.7520","","0.16%"
"11/26/2004","0.7523","0.7549","0.7585","0.7502","","-0.36%"
"11/25/2004","0.7550","0.7586","0.7597","0.7548","","-0.53%"
"11/24/2004","0.7590","0.7644","0.7646","0.7590","","-0.69%"
"11/23/2004","0.7643","0.7666","0.7706","0.7631","","-0.31%"
"11/22/2004","0.7667","0.7670","0.7686","0.7661","","-0.18%"
"11/19/2004","0.7681","0.7715","0.7729","0.7653","","-0.45%"
"11/18/2004","0.7716","0.7673","0.7721","0.7648","","0.59%"
"11/17/2004","0.7671","0.7718","0.7722","0.7664","","-0.62%"
"11/16/2004","0.7719","0.7726","0.7740","0.7695","","-0.06%"
"11/15/2004","0.7724","0.7703","0.7737","0.7694","","0.22%"
"11/12/2004","0.7707","0.7749","0.7765","0.7703","","-0.54%"
"11/11/2004","0.7749","0.7756","0.7777","0.7742","","-0.12%"
"11/10/2004","0.7758","0.7752","0.7783","0.7691","","0.03%"
"11/09/2004","0.7756","0.7741","0.7762","0.7728","","0.21%"
"11/08/2004","0.7740","0.7710","0.7749","0.7700","","0.39%"
"11/05/2004","0.7710","0.7770","0.7830","0.7716","","-0.78%"
"11/04/2004","0.7771","0.7800","0.7817","0.7753","","-0.37%"
"11/03/2004","0.7800","0.7853","0.7900","0.7800","","-0.73%"
"11/02/2004","0.7857","0.7841","0.7892","0.7838","","0.18%"
"11/01/2004","0.7843","0.7809","0.7863","0.7793","","0.27%"
"10/29/2004","0.7822","0.7847","0.7870","0.7821","","-0.32%"
"10/28/2004","0.7847","0.7870","0.7916","0.7833","","-0.28%"
"10/27/2004","0.7869","0.7837","0.7876","0.7804","","0.36%"
"10/26/2004","0.7841","0.7807","0.7857","0.7785","","0.45%"
"10/25/2004","0.7806","0.7872","0.7873","0.7794","","-0.96%"
"10/22/2004","0.7882","0.7928","0.7938","0.7891","","-0.57%"
"10/21/2004","0.7927","0.7945","0.7955","0.7904","","-0.25%"
"10/20/2004","0.7947","0.7991","0.8007","0.7917","","-0.53%"
"10/19/2004","0.7989","0.8006","0.8032","0.7983","","-0.17%"
"10/18/2004","0.8003","0.8016","0.8025","0.7978","","-0.20%"
"10/15/2004","0.8019","0.8076","0.8106","0.7998","","-0.72%"
"10/14/2004","0.8077","0.8100","0.8116","0.8050","","-0.28%"
"10/13/2004","0.8100","0.8096","0.8179","0.8086","","-0.16%"
"10/12/2004","0.8113","0.8093","0.8110","0.8070","","0.47%"
"10/11/2004","0.8075","0.8052","0.8083","0.8050","","0.20%"
"10/08/2004","0.8059","0.8140","0.8141","0.8043","","-0.97%"
"10/07/2004","0.8138","0.8138","0.8149","0.8120","","0.01%"
"10/06/2004","0.8137","0.8122","0.8164","0.8114","","0.17%"
"10/05/2004","0.8123","0.8138","0.8153","0.8112","","-0.18%"
"10/04/2004","0.8138","0.8068","0.8159","0.8063","","1.03%"
"10/01/2004","0.8055","0.8042","0.8074","0.8039","","0.14%"
"09/30/2004","0.8044","0.8109","0.8121","0.8038","","-0.80%"
"09/29/2004","0.8109","0.8113","0.8137","0.8102","","-0.06%"
"09/28/2004","0.8114","0.8133","0.8143","0.8098","","-0.15%"
"09/27/2004","0.8126","0.8141","0.8166","0.8119","","-0.23%"
"09/24/2004","0.8145","0.8151","0.8172","0.8089","","-0.06%"
"09/23/2004","0.8150","0.8152","0.8161","0.8107","","-0.01%"
"09/22/2004","0.8151","0.8108","0.8178","0.8105","","0.52%"
"09/21/2004","0.8109","0.8215","0.8220","0.8120","","-1.27%"
"09/20/2004","0.8213","0.8214","0.8248","0.8210","","0.05%"
"09/17/2004","0.8209","0.8209","0.8227","0.8180","","0.02%"
"09/16/2004","0.8207","0.8229","0.8251","0.8200","","-0.24%"
"09/15/2004","0.8227","0.8162","0.8241","0.8156","","0.76%"
"09/14/2004","0.8165","0.8156","0.8181","0.8133","","0.07%"
"09/13/2004","0.8159","0.8153","0.8182","0.8138","","0.11%"
"09/10/2004","0.8150","0.8181","0.8196","0.8124","","-0.32%"
"09/09/2004","0.8176","0.8207","0.8226","0.8182","","-0.38%"
"09/08/2004","0.8207","0.8259","0.8316","0.8206","","-0.63%"
"09/07/2004","0.8259","0.8289","0.8297","0.8256","","-0.37%"
"09/06/2004","0.8290","0.8292","0.8301","0.8277","","-0.10%"
"09/03/2004","0.8298","0.8213","0.8305","0.8200","","1.03%"
"09/02/2004","0.8213","0.8201","0.8235","0.8196","","0.17%"
"09/01/2004","0.8199","0.8210","0.8235","0.8188","","-0.09%"
"08/31/2004","0.8206","0.8296","0.8304","0.8201","","-1.07%"
"08/30/2004","0.8295","0.8322","0.8342","0.8286","","-0.34%"
"08/27/2004","0.8323","0.8262","0.8330","0.8240","","0.76%"
"08/26/2004","0.8260","0.8276","0.8301","0.8251","","-0.18%"
"08/25/2004","0.8275","0.8277","0.8296","0.8255","","-0.01%"
"08/24/2004","0.8276","0.8237","0.8289","0.8216","","0.44%"
"08/23/2004","0.8240","0.8119","0.8227","0.8116","","1.48%"
"08/20/2004","0.8120","0.8085","0.8144","0.8074","","0.45%"
"08/19/2004","0.8084","0.8109","0.8113","0.8077","","-0.26%"
"08/18/2004","0.8105","0.8095","0.8138","0.8086","","0.14%"
"08/17/2004","0.8094","0.8091","0.8124","0.8073","","0.05%"
"08/16/2004","0.8090","0.8079","0.8119","0.8076","","0.10%"
"08/13/2004","0.8082","0.8162","0.8214","0.8081","","-0.97%"
"08/12/2004","0.8161","0.8183","0.8186","0.8131","","-0.24%"
"08/11/2004","0.8181","0.8177","0.8200","0.8162","","0.05%"
"08/10/2004","0.8177","0.8150","0.8166","0.8117","","0.34%"
"08/09/2004","0.8149","0.8139","0.8167","0.8135","","0.05%"
"08/06/2004","0.8145","0.8293","0.8304","0.8139","","-1.80%"
"08/05/2004","0.8294","0.8299","0.8321","0.8281","","-0.04%"
"08/04/2004","0.8297","0.8296","0.8355","0.8285","","-0.01%"
"08/03/2004","0.8298","0.8317","0.8338","0.8280","","-0.23%"
"08/02/2004","0.8317","0.8288","0.8317","0.8269","","-0.10%"
"07/30/2004","0.8325","0.8306","0.8332","0.8252","","0.22%"
"07/29/2004","0.8307","0.8296","0.8339","0.8267","","0.12%"
"07/28/2004","0.8297","0.8293","0.8334","0.8278","","0.02%"
"07/27/2004","0.8295","0.8235","0.8309","0.8202","","0.72%"
"07/26/2004","0.8236","0.8263","0.8269","0.8216","","-0.40%"
"07/23/2004","0.8269","0.8160","0.8263","0.8152","","1.30%"
"07/22/2004","0.8163","0.8151","0.8175","0.8134","","0.21%"
"07/21/2004","0.8146","0.8110","0.8190","0.8096","","0.43%"
"07/20/2004","0.8111","0.8038","0.8113","0.8028","","0.91%"
"07/19/2004","0.8038","0.8038","0.8065","0.8024","","0.10%"
"07/16/2004","0.8030","0.8094","0.8112","0.8026","","-0.77%"
"07/15/2004","0.8092","0.8075","0.8111","0.8070","","0.20%"
"07/14/2004","0.8076","0.8109","0.8116","0.8050","","-0.38%"
"07/13/2004","0.8107","0.8058","0.8129","0.8055","","0.65%"
"07/12/2004","0.8055","0.8057","0.8078","0.8040","","0.00%"
"07/09/2004","0.8055","0.8073","0.8084","0.8048","","-0.20%"
"07/08/2004","0.8071","0.8085","0.8104","0.8061","","-0.15%"
"07/07/2004","0.8083","0.8140","0.8148","0.8071","","-0.71%"
"07/06/2004","0.8141","0.8139","0.8154","0.8110","","0.01%"
"07/05/2004","0.8140","0.8115","0.8150","0.8107","","0.33%"
"07/02/2004","0.8113","0.8225","0.8236","0.8110","","-1.36%"
"07/01/2004","0.8225","0.8202","0.8243","0.8193","","0.23%"
"06/30/2004","0.8206","0.8277","0.8288","0.8198","","-0.86%"
"06/29/2004","0.8277","0.8208","0.8274","0.8201","","0.85%"
"06/28/2004","0.8207","0.8214","0.8250","0.8178","","-0.12%"
"06/25/2004","0.8217","0.8215","0.8261","0.8205","","0.05%"
"06/24/2004","0.8213","0.8270","0.8305","0.8205","","-0.70%"
"06/23/2004","0.8271","0.8257","0.8290","0.8200","","0.18%"
"06/22/2004","0.8256","0.8256","0.8288","0.8244","","-0.04%"
"06/21/2004","0.8259","0.8235","0.8281","0.8233","","0.25%"
"06/18/2004","0.8238","0.8300","0.8351","0.8236","","-0.81%"
"06/17/2004","0.8305","0.8314","0.8323","0.8291","","-0.29%"
"06/16/2004","0.8329","0.8223","0.8347","0.8217","","1.29%"
"06/15/2004","0.8223","0.8258","0.8267","0.8226","","-0.89%"
"06/14/2004","0.8297","0.8330","0.8366","0.8273","","-0.36%"
"06/11/2004","0.8327","0.8258","0.8359","0.8254","","0.82%"
"06/10/2004","0.8259","0.8302","0.8317","0.8254","","-0.54%"
"06/09/2004","0.8304","0.8154","0.8299","0.8146","","1.81%"
"06/08/2004","0.8156","0.8116","0.8165","0.8095","","0.46%"
"06/07/2004","0.8119","0.8134","0.8137","0.8104","","-0.42%"
"06/04/2004","0.8153","0.8181","0.8236","0.8135","","-0.39%"
"06/03/2004","0.8185","0.8189","0.8217","0.8162","","-0.05%"
"06/02/2004","0.8189","0.8166","0.8190","0.8127","","0.29%"
"06/01/2004","0.8165","0.8205","0.8227","0.8152","","-0.51%"
"05/31/2004","0.8207","0.8169","0.8211","0.8165","","0.23%"
"05/28/2004","0.8188","0.8154","0.8197","0.8133","","0.45%"
"05/27/2004","0.8151","0.8207","0.8211","0.8147","","-1.26%"
"05/26/2004","0.8255","0.8257","0.8266","0.8245","","-0.05%"
"05/25/2004","0.8259","0.8329","0.8344","0.8247","","-0.86%"
"05/24/2004","0.8331","0.8343","0.8381","0.8315","","0.20%"
"05/21/2004","0.8314","0.8358","0.8366","0.8285","","-0.55%"
"05/20/2004","0.8360","0.8325","0.8407","0.8320","","0.47%"
"05/19/2004","0.8321","0.8367","0.8378","0.8303","","-0.53%"
"05/18/2004","0.8365","0.8319","0.8377","0.8306","","0.52%"
"05/17/2004","0.8322","0.8412","0.8420","0.8292","","-1.13%"
"05/14/2004","0.8417","0.8463","0.8488","0.8403","","-0.51%"
"05/13/2004","0.8460","0.8400","0.8493","0.8382","","0.67%"
"05/12/2004","0.8404","0.8427","0.8461","0.8374","","-0.20%"
"05/11/2004","0.8421","0.8447","0.8482","0.8409","","-0.34%"
"05/10/2004","0.8450","0.8413","0.8467","0.8406","","0.43%"
"05/07/2004","0.8414","0.8281","0.8420","0.8245","","1.61%"
"05/06/2004","0.8281","0.8217","0.8291","0.8212","","0.73%"
"05/05/2004","0.8221","0.8263","0.8267","0.8210","","-0.41%"
"05/04/2004","0.8255","0.8374","0.8385","0.8257","","-1.53%"
"05/03/2004","0.8383","0.8341","0.8389","0.8333","","0.47%"
"04/30/2004","0.8344","0.8354","0.8390","0.8326","","-0.14%"
"04/29/2004","0.8356","0.8444","0.8472","0.8346","","-1.05%"
"04/28/2004","0.8445","0.8384","0.8458","0.8368","","0.74%"
"04/27/2004","0.8383","0.8429","0.8453","0.8374","","-0.59%"
"04/26/2004","0.8433","0.8463","0.8502","0.8416","","-0.11%"
"04/23/2004","0.8442","0.8400","0.8477","0.8373","","0.55%"
"04/22/2004","0.8396","0.8448","0.8485","0.8396","","-0.57%"
"04/21/2004","0.8444","0.8431","0.8464","0.8394","","0.13%"
"04/20/2004","0.8433","0.8324","0.8430","0.8321","","1.32%"
"04/19/2004","0.8323","0.8324","0.8332","0.8279","","-0.12%"
"04/16/2004","0.8333","0.8346","0.8386","0.8301","","-0.16%"
"04/15/2004","0.8346","0.8362","0.8408","0.8338","","-0.14%"
"04/14/2004","0.8358","0.8371","0.8425","0.8356","","-0.14%"
"04/13/2004","0.8370","0.8280","0.8401","0.8276","","1.10%"
"04/12/2004","0.8279","0.8271","0.8297","0.8267","","0.06%"
"04/09/2004","0.8274","0.8274","0.8289","0.8254","","-0.01%"
"04/08/2004","0.8275","0.8215","0.8291","0.8183","","0.73%"
"04/07/2004","0.8215","0.8249","0.8298","0.8198","","-0.50%"
"04/06/2004","0.8256","0.8323","0.8346","0.8248","","-0.78%"
"04/05/2004","0.8321","0.8255","0.8344","0.8245","","1.01%"
"04/02/2004","0.8238","0.8089","0.8261","0.8082","","1.85%"
"04/01/2004","0.8088","0.8119","0.8159","0.8072","","-0.43%"
"03/31/2004","0.8123","0.8219","0.8221","0.8116","","-1.19%"
"03/30/2004","0.8221","0.8225","0.8229","0.8178","","-0.04%"
"03/29/2004","0.8224","0.8249","0.8299","0.8217","","-0.22%"
"03/26/2004","0.8242","0.8240","0.8282","0.8190","","-0.02%"
"03/25/2004","0.8244","0.8244","0.8266","0.8197","","-0.02%"
"03/24/2004","0.8246","0.8110","0.8236","0.8087","","1.65%"
"03/23/2004","0.8112","0.8108","0.8153","0.8084","","0.06%"
"03/22/2004","0.8107","0.8139","0.8181","0.8063","","-0.50%"
"03/19/2004","0.8148","0.8072","0.8158","0.8058","","0.94%"
"03/18/2004","0.8072","0.8173","0.8182","0.8044","","-1.22%"
"03/17/2004","0.8172","0.8153","0.8212","0.8136","","0.22%"
"03/16/2004","0.8154","0.8151","0.8171","0.8082","","0.04%"
"03/15/2004","0.8151","0.8189","0.8206","0.8119","","-0.42%"
"03/12/2004","0.8185","0.8099","0.8215","0.8079","","1.07%"
"03/11/2004","0.8098","0.8169","0.8220","0.8108","","-0.88%"
"03/10/2004","0.8170","0.8119","0.8199","0.8107","","0.63%"
"03/09/2004","0.8119","0.8060","0.8120","0.8023","","0.69%"
"03/08/2004","0.8063","0.8073","0.8106","0.8059","","-0.20%"
"03/05/2004","0.8079","0.8200","0.8213","0.8044","","-1.49%"
"03/04/2004","0.8201","0.8195","0.8241","0.8169","","0.13%"
"03/03/2004","0.8190","0.8185","0.8292","0.8180","","0.07%"
"03/02/2004","0.8184","0.8029","0.8199","0.8019","","1.85%"
"03/01/2004","0.8035","0.8004","0.8048","0.7974","","0.36%"
"02/27/2004","0.8006","0.8041","0.8081","0.7999","","-0.42%"
"02/26/2004","0.8040","0.8002","0.8074","0.7989","","0.46%"
"02/25/2004","0.8003","0.7882","0.8012","0.7870","","1.51%"
"02/24/2004","0.7884","0.7965","0.7985","0.7868","","-1.03%"
"02/23/2004","0.7966","0.7994","0.8031","0.7939","","-0.20%"
"02/20/2004","0.7982","0.7868","0.7988","0.7832","","1.42%"
"02/19/2004","0.7870","0.7887","0.7904","0.7852","","-0.19%"
"02/18/2004","0.7885","0.7788","0.7859","0.7736","","1.22%"
"02/17/2004","0.7790","0.7829","0.7839","0.7766","","-0.47%"
"02/16/2004","0.7827","0.7843","0.7863","0.7818","","-0.31%"
"02/13/2004","0.7851","0.7809","0.7864","0.7756","","0.51%"
"02/12/2004","0.7811","0.7796","0.7819","0.7784","","0.23%"
"02/11/2004","0.7793","0.7884","0.7905","0.7792","","-1.05%"
"02/10/2004","0.7876","0.7880","0.7886","0.7819","","0.00%"
"02/09/2004","0.7876","0.7925","0.7934","0.7836","","0.09%"
"02/06/2004","0.7869","0.7971","0.7992","0.7858","","-1.32%"
"02/05/2004","0.7974","0.7978","0.7987","0.7913","","-0.05%"
"02/04/2004","0.7978","0.7978","0.8006","0.7959","","-0.04%"
"02/03/2004","0.7981","0.8048","0.8052","0.7937","","-0.82%"
"02/02/2004","0.8047","0.8018","0.8060","0.8008","","0.36%"
"01/30/2004","0.8018","0.8057","0.8098","0.8006","","-0.50%"
"01/29/2004","0.8058","0.8011","0.8089","0.7982","","0.59%"
"01/28/2004","0.8011","0.7912","0.7997","0.7897","","1.28%"
"01/27/2004","0.7910","0.8019","0.8039","0.7904","","-1.32%"
"01/26/2004","0.8016","0.7950","0.8004","0.7928","","0.91%"
"01/23/2004","0.7944","0.7866","0.7946","0.7828","","0.98%"
"01/22/2004","0.7867","0.7917","0.7920","0.7843","","-0.64%"
"01/21/2004","0.7918","0.7950","0.7966","0.7890","","-0.38%"
"01/20/2004","0.7948","0.8096","0.8099","0.7938","","-1.78%"
"01/19/2004","0.8092","0.8081","0.8107","0.8050","","0.24%"
"01/16/2004","0.8073","0.7955","0.8088","0.7932","","1.53%"
"01/15/2004","0.7951","0.7906","0.7955","0.7891","","0.52%"
"01/14/2004","0.7910","0.7837","0.7918","0.7826","","0.97%"
"01/13/2004","0.7834","0.7807","0.7865","0.7794","","-0.11%"
"01/12/2004","0.7843","0.7788","0.7824","0.7761","","0.64%"
"01/09/2004","0.7793","0.7836","0.7872","0.7770","","-0.56%"
"01/08/2004","0.7837","0.7914","0.7962","0.7825","","-0.95%"
"01/07/2004","0.7912","0.7851","0.7910","0.7847","","0.75%"
"01/06/2004","0.7853","0.7898","0.7898","0.7806","","-0.54%"
"01/05/2004","0.7896","0.7947","0.7948","0.7877","","-0.62%"
"01/02/2004","0.7945","0.7973","0.7985","0.7917","","-0.41%"
"01/01/2004","0.7978","0.7946","0.8018","0.7937","","0.40%"
"12/31/2003","0.7946","0.7968","0.7982","0.7908","","-0.28%"
"12/30/2003","0.7968","0.8010","0.8014","0.7968","","-0.54%"
"12/29/2003","0.8011","0.8039","0.8048","0.7993","","-0.42%"
"12/26/2003","0.8045","0.8030","0.8044","0.8019","","0.19%"
"12/25/2003","0.8030","0.8032","0.8038","0.8024","","0.00%"
"12/24/2003","0.8030","0.8068","0.8072","0.8017","","-0.53%"
"12/23/2003","0.8073","0.8065","0.8074","0.8045","","0.01%"
"12/22/2003","0.8072","0.8059","0.8098","0.8034","","-0.14%"
"12/19/2003","0.8083","0.8045","0.8102","0.8039","","0.48%"
"12/18/2003","0.8044","0.8060","0.8092","0.8039","","-0.15%"
"12/17/2003","0.8056","0.8114","0.8134","0.8059","","-0.74%"
"12/16/2003","0.8116","0.8123","0.8132","0.8089","","-0.16%"
"12/15/2003","0.8129","0.8233","0.8243","0.8122","","-0.10%"
"12/12/2003","0.8137","0.8187","0.8192","0.8128","","-0.66%"
"12/11/2003","0.8191","0.8185","0.8256","0.8174","","0.11%"
"12/10/2003","0.8182","0.8160","0.8229","0.8153","","0.33%"
"12/09/2003","0.8155","0.8181","0.8204","0.8147","","-0.32%"
"12/08/2003","0.8181","0.8218","0.8230","0.8171","","-0.49%"
"12/05/2003","0.8221","0.8280","0.8291","0.8216","","-0.63%"
"12/04/2003","0.8273","0.8258","0.8313","0.8226","","0.15%"
"12/03/2003","0.8261","0.8278","0.8287","0.8244","","-0.18%"
"12/02/2003","0.8276","0.8352","0.8373","0.8268","","-0.96%"
"12/01/2003","0.8356","0.8348","0.8377","0.8305","","0.22%"
"11/28/2003","0.8338","0.8398","0.8404","0.8322","","-0.73%"
"11/27/2003","0.8399","0.8377","0.8413","0.8373","","0.30%"
"11/26/2003","0.8374","0.8485","0.8495","0.8372","","-1.31%"
"11/25/2003","0.8485","0.8500","0.8508","0.8460","","-0.16%"
"11/24/2003","0.8499","0.8394","0.8504","0.8391","","1.25%"
"11/21/2003","0.8394","0.8396","0.8434","0.8376","","-0.01%"
"11/20/2003","0.8395","0.8417","0.8422","0.8359","","-0.21%"
"11/19/2003","0.8413","0.8362","0.8412","0.8348","","0.61%"
"11/18/2003","0.8362","0.8509","0.8523","0.8378","","-1.76%"
"11/17/2003","0.8512","0.8484","0.8522","0.8443","","0.26%"
"11/14/2003","0.8490","0.8526","0.8527","0.8470","","-0.41%"
"11/13/2003","0.8525","0.8595","0.8600","0.8519","","-0.80%"
"11/12/2003","0.8594","0.8687","0.8692","0.8577","","-1.09%"
"11/11/2003","0.8689","0.8710","0.8738","0.8673","","-0.21%"
"11/10/2003","0.8707","0.8688","0.8721","0.8669","","0.43%"
"11/07/2003","0.8670","0.8765","0.8789","0.8673","","-1.05%"
"11/06/2003","0.8762","0.8744","0.8780","0.8722","","0.25%"
"11/05/2003","0.8740","0.8699","0.8761","0.8694","","0.53%"
"11/04/2003","0.8694","0.8728","0.8751","0.8687","","-0.37%"
"11/03/2003","0.8726","0.8632","0.8750","0.8605","","1.08%"
"10/31/2003","0.8633","0.8597","0.8639","0.8579","","0.40%"
"10/30/2003","0.8599","0.8572","0.8592","0.8504","","0.30%"
"10/29/2003","0.8573","0.8572","0.8576","0.8532","","0.01%"
"10/28/2003","0.8572","0.8514","0.8577","0.8509","","0.70%"
"10/27/2003","0.8512","0.8495","0.8533","0.8485","","0.29%"
"10/24/2003","0.8487","0.8479","0.8503","0.8434","","0.33%"
"10/23/2003","0.8459","0.8475","0.8492","0.8449","","-0.11%"
"10/22/2003","0.8468","0.8570","0.8582","0.8458","","-1.17%"
"10/21/2003","0.8568","0.8597","0.8607","0.8548","","-0.35%"
"10/20/2003","0.8598","0.8550","0.8617","0.8535","","0.46%"
"10/17/2003","0.8559","0.8627","0.8657","0.8568","","-0.75%"
"10/16/2003","0.8624","0.8594","0.8625","0.8560","","0.28%"
"10/15/2003","0.8600","0.8525","0.8629","0.8510","","0.95%"
"10/14/2003","0.8519","0.8540","0.8633","0.8499","","-0.23%"
"10/13/2003","0.8539","0.8478","0.8581","0.8463","","0.76%"
"10/10/2003","0.8475","0.8514","0.8547","0.8439","","-0.47%"
"10/09/2003","0.8515","0.8463","0.8558","0.8430","","0.60%"
"10/08/2003","0.8464","0.8498","0.8501","0.8446","","-0.33%"
"10/07/2003","0.8492","0.8537","0.8547","0.8467","","-0.52%"
"10/06/2003","0.8536","0.8593","0.8603","0.8532","","-1.17%"
"10/03/2003","0.8637","0.8554","0.8654","0.8531","","0.99%"
"10/02/2003","0.8552","0.8529","0.8575","0.8498","","0.19%"
"10/01/2003","0.8536","0.8578","0.8589","0.8527","","-0.48%"
"09/30/2003","0.8577","0.8622","0.8641","0.8520","","-0.57%"
"09/29/2003","0.8626","0.8726","0.8775","0.8621","","-1.08%"
"09/26/2003","0.8720","0.8707","0.8741","0.8695","","0.15%"
"09/25/2003","0.8707","0.8701","0.8727","0.8670","","0.11%"
"09/24/2003","0.8697","0.8742","0.8750","0.8696","","-0.46%"
"09/23/2003","0.8737","0.8725","0.8738","0.8674","","0.16%"
"09/22/2003","0.8723","0.8740","0.8761","0.8694","","-0.73%"
"09/19/2003","0.8787","0.8888","0.8898","0.8787","","-1.18%"
"09/18/2003","0.8892","0.8861","0.8906","0.8812","","0.36%"
"09/17/2003","0.8860","0.8949","0.8979","0.8869","","-0.96%"
"09/16/2003","0.8946","0.8862","0.8962","0.8836","","0.98%"
"09/15/2003","0.8859","0.8864","0.8894","0.8841","","0.02%"
"09/12/2003","0.8857","0.8924","0.8980","0.8831","","-0.73%"
"09/11/2003","0.8922","0.8923","0.8964","0.8870","","0.03%"
"09/10/2003","0.8919","0.8907","0.8961","0.8898","","0.13%"
"09/09/2003","0.8907","0.9036","0.9044","0.8896","","-1.36%"
"09/08/2003","0.9030","0.9021","0.9043","0.9007","","0.30%"
"09/05/2003","0.9003","0.9138","0.9162","0.8995","","-1.47%"
"09/04/2003","0.9137","0.9222","0.9253","0.9143","","-0.89%"
"09/03/2003","0.9219","0.9253","0.9290","0.9198","","-0.35%"
"09/02/2003","0.9251","0.9118","0.9244","0.9117","","1.46%"
"09/01/2003","0.9118","0.9102","0.9129","0.9077","","0.11%"
"08/29/2003","0.9108","0.9188","0.9199","0.9091","","-0.86%"
"08/28/2003","0.9187","0.9190","0.9251","0.9162","","-0.04%"
"08/27/2003","0.9191","0.9207","0.9230","0.9148","","-0.23%"
"08/26/2003","0.9212","0.9203","0.9265","0.9167","","0.07%"
"08/25/2003","0.9206","0.9199","0.9218","0.9157","","0.22%"
"08/22/2003","0.9186","0.9155","0.9228","0.9135","","0.35%"
"08/21/2003","0.9154","0.8994","0.9173","0.8992","","1.76%"
"08/20/2003","0.8996","0.8975","0.9025","0.8970","","0.23%"
"08/19/2003","0.8975","0.8971","0.9046","0.8967","","0.06%"
"08/18/2003","0.8970","0.8891","0.8989","0.8873","","0.99%"
"08/15/2003","0.8882","0.8874","0.8897","0.8854","","0.23%"
"08/14/2003","0.8862","0.8833","0.8907","0.8819","","0.32%"
"08/13/2003","0.8834","0.8865","0.8912","0.8824","","-0.36%"
"08/12/2003","0.8866","0.8802","0.8865","0.8791","","0.75%"
"08/11/2003","0.8800","0.8847","0.8877","0.8785","","-0.50%"
"08/08/2003","0.8844","0.8791","0.8860","0.8785","","0.66%"
"08/07/2003","0.8786","0.8823","0.8834","0.8758","","-0.42%"
"08/06/2003","0.8823","0.8779","0.8818","0.8750","","0.55%"
"08/05/2003","0.8775","0.8805","0.8845","0.8778","","-0.40%"
"08/04/2003","0.8810","0.8837","0.8846","0.8799","","-0.68%"
"08/01/2003","0.8870","0.8904","0.8983","0.8868","","-0.38%"
"07/31/2003","0.8904","0.8810","0.8909","0.8798","","1.16%"
"07/30/2003","0.8802","0.8739","0.8816","0.8732","","0.65%"
"07/29/2003","0.8745","0.8702","0.8738","0.8665","","0.46%"
"07/28/2003","0.8705","0.8693","0.8732","0.8681","","0.21%"
"07/25/2003","0.8687","0.8715","0.8738","0.8657","","-0.31%"
"07/24/2003","0.8714","0.8707","0.8754","0.8687","","0.11%"
"07/23/2003","0.8704","0.8828","0.8837","0.8703","","-1.40%"
"07/22/2003","0.8828","0.8810","0.8843","0.8792","","0.10%"
"07/21/2003","0.8819","0.8883","0.8894","0.8807","","-0.61%"
"07/18/2003","0.8873","0.8921","0.8949","0.8845","","-0.55%"
"07/17/2003","0.8922","0.8913","0.8963","0.8889","","0.10%"
"07/16/2003","0.8913","0.8948","0.8995","0.8901","","-0.39%"
"07/15/2003","0.8948","0.8867","0.8956","0.8819","","0.95%"
"07/14/2003","0.8864","0.8861","0.8895","0.8841","","0.02%"
"07/11/2003","0.8862","0.8787","0.8868","0.8784","","0.82%"
"07/10/2003","0.8790","0.8809","0.8841","0.8776","","-0.25%"
"07/09/2003","0.8812","0.8835","0.8844","0.8796","","-0.25%"
"07/08/2003","0.8834","0.8835","0.8882","0.8808","","-0.06%"
"07/07/2003","0.8839","0.8712","0.8838","0.8709","","1.59%"
"07/04/2003","0.8701","0.8697","0.8734","0.8694","","0.03%"
"07/03/2003","0.8698","0.8668","0.8745","0.8663","","0.36%"
"07/02/2003","0.8667","0.8649","0.8690","0.8643","","0.21%"
"07/01/2003","0.8649","0.8685","0.8691","0.8613","","-0.44%"
"06/30/2003","0.8687","0.8747","0.8773","0.8687","","-0.65%"
"06/27/2003","0.8744","0.8754","0.8771","0.8720","","-0.11%"
"06/26/2003","0.8754","0.8668","0.8757","0.8662","","0.96%"
"06/25/2003","0.8671","0.8686","0.8698","0.8604","","-0.18%"
"06/24/2003","0.8687","0.8655","0.8713","0.8633","","0.42%"
"06/23/2003","0.8651","0.8637","0.8690","0.8616","","0.43%"
"06/20/2003","0.8614","0.8530","0.8657","0.8521","","0.96%"
"06/19/2003","0.8532","0.8555","0.8632","0.8517","","-0.23%"
"06/18/2003","0.8552","0.8487","0.8569","0.8472","","0.78%"
"06/17/2003","0.8486","0.8457","0.8497","0.8425","","0.35%"
"06/16/2003","0.8456","0.8421","0.8459","0.8384","","0.31%"
"06/13/2003","0.8430","0.8498","0.8520","0.8431","","-0.81%"
"06/12/2003","0.8499","0.8506","0.8543","0.8469","","-0.12%"
"06/11/2003","0.8509","0.8567","0.8576","0.8485","","-0.68%"
"06/10/2003","0.8567","0.8536","0.8569","0.8517","","0.35%"
"06/09/2003","0.8537","0.8542","0.8576","0.8483","","-0.12%"
"06/06/2003","0.8547","0.8446","0.8558","0.8417","","1.22%"
"06/05/2003","0.8444","0.8590","0.8598","0.8412","","-1.69%"
"06/04/2003","0.8589","0.8521","0.8581","0.8511","","0.73%"
"06/03/2003","0.8527","0.8506","0.8555","0.8488","","0.32%"
"06/02/2003","0.8500","0.8537","0.8582","0.8497","","0.19%"
"05/30/2003","0.8484","0.8401","0.8517","0.8392","","0.96%"
"05/29/2003","0.8403","0.8503","0.8552","0.8400","","-1.13%"
"05/28/2003","0.8499","0.8465","0.8541","0.8441","","0.41%"
"05/27/2003","0.8464","0.8426","0.8463","0.8382","","0.51%"
"05/26/2003","0.8421","0.8452","0.8474","0.8419","","-0.32%"
"05/23/2003","0.8448","0.8548","0.8571","0.8454","","-1.18%"
"05/22/2003","0.8549","0.8592","0.8606","0.8525","","-0.55%"
"05/21/2003","0.8596","0.8542","0.8584","0.8514","","0.69%"
"05/20/2003","0.8537","0.8584","0.8618","0.8537","","-0.50%"
"05/19/2003","0.8580","0.8565","0.8600","0.8519","","-0.54%"
"05/16/2003","0.8627","0.8787","0.8795","0.8638","","-1.80%"
"05/15/2003","0.8785","0.8707","0.8784","0.8701","","0.90%"
"05/14/2003","0.8707","0.8670","0.8719","0.8667","","0.32%"
"05/13/2003","0.8679","0.8650","0.8718","0.8643","","0.40%"
"05/12/2003","0.8644","0.8673","0.8677","0.8603","","-0.71%"
"05/09/2003","0.8706","0.8704","0.8744","0.8667","","-0.01%"
"05/08/2003","0.8707","0.8758","0.8776","0.8700","","-1.11%"
"05/07/2003","0.8805","0.8746","0.8826","0.8741","","0.70%"
"05/06/2003","0.8744","0.8856","0.8868","0.8765","","-1.26%"
"05/05/2003","0.8856","0.8905","0.8926","0.8849","","-0.56%"
"05/02/2003","0.8906","0.8898","0.8937","0.8871","","0.02%"
"05/01/2003","0.8904","0.8947","0.8967","0.8859","","-0.39%"
"04/30/2003","0.8939","0.9026","0.9039","0.8937","","-0.97%"
"04/29/2003","0.9027","0.9102","0.9146","0.9040","","-0.85%"
"04/28/2003","0.9104","0.9062","0.9108","0.9026","","0.45%"
"04/25/2003","0.9063","0.9061","0.9123","0.9051","","-0.02%"
"04/24/2003","0.9065","0.9120","0.9137","0.9051","","-0.62%"
"04/23/2003","0.9122","0.9117","0.9156","0.9105","","0.09%"
"04/22/2003","0.9114","0.9203","0.9219","0.9089","","-0.91%"
"04/21/2003","0.9198","0.9181","0.9239","0.9167","","0.01%"
"04/18/2003","0.9197","0.9191","0.9201","0.9175","","0.00%"
"04/17/2003","0.9197","0.9164","0.9200","0.9119","","0.35%"
"04/16/2003","0.9165","0.9259","0.9273","0.9171","","-1.05%"
"04/15/2003","0.9262","0.9282","0.9316","0.9245","","-0.23%"
"04/14/2003","0.9283","0.9306","0.9332","0.9251","","-0.24%"
"04/11/2003","0.9305","0.9270","0.9352","0.9267","","0.39%"
"04/10/2003","0.9269","0.9282","0.9295","0.9231","","-0.14%"
"04/09/2003","0.9282","0.9334","0.9368","0.9274","","-0.57%"
"04/08/2003","0.9335","0.9352","0.9397","0.9322","","-0.17%"
"04/07/2003","0.9351","0.9366","0.9470","0.9349","","0.34%"
"04/04/2003","0.9319","0.9293","0.9358","0.9286","","0.24%"
"04/03/2003","0.9297","0.9286","0.9358","0.9266","","0.10%"
"04/02/2003","0.9288","0.9166","0.9301","0.9129","","1.33%"
"04/01/2003","0.9166","0.9154","0.9203","0.9155","","0.15%"
"03/31/2003","0.9152","0.9262","0.9276","0.9154","","-1.32%"
"03/28/2003","0.9274","0.9350","0.9372","0.9269","","-0.83%"
"03/27/2003","0.9352","0.9357","0.9364","0.9306","","-0.05%"
"03/26/2003","0.9357","0.9386","0.9414","0.9342","","-0.34%"
"03/25/2003","0.9389","0.9403","0.9406","0.9325","","-0.12%"
"03/24/2003","0.9400","0.9437","0.9458","0.9371","","-0.99%"
"03/21/2003","0.9494","0.9421","0.9512","0.9415","","0.85%"
"03/20/2003","0.9414","0.9469","0.9492","0.9373","","-0.62%"
"03/19/2003","0.9473","0.9402","0.9473","0.9386","","0.76%"
"03/18/2003","0.9402","0.9408","0.9487","0.9385","","-0.09%"
"03/17/2003","0.9410","0.9288","0.9445","0.9222","","1.10%"
"03/14/2003","0.9308","0.9263","0.9351","0.9241","","0.53%"
"03/13/2003","0.9259","0.9092","0.9243","0.9088","","1.94%"
"03/12/2003","0.9083","0.9059","0.9106","0.9042","","0.30%"
"03/11/2003","0.9056","0.9044","0.9088","0.9019","","0.13%"
"03/10/2003","0.9044","0.9085","0.9088","0.9033","","-0.44%"
"03/07/2003","0.9084","0.9113","0.9119","0.9034","","-0.35%"
"03/06/2003","0.9116","0.9123","0.9152","0.9081","","-0.10%"
"03/05/2003","0.9125","0.9186","0.9187","0.9087","","-0.62%"
"03/04/2003","0.9182","0.9179","0.9193","0.9142","","0.08%"
"03/03/2003","0.9175","0.9277","0.9287","0.9196","","-0.94%"
"02/28/2003","0.9262","0.9302","0.9315","0.9251","","-0.44%"
"02/27/2003","0.9303","0.9274","0.9315","0.9226","","0.33%"
"02/26/2003","0.9272","0.9293","0.9320","0.9248","","-0.26%"
"02/25/2003","0.9296","0.9262","0.9308","0.9238","","0.37%"
"02/24/2003","0.9262","0.9319","0.9338","0.9257","","-0.29%"
"02/21/2003","0.9289","0.9243","0.9291","0.9216","","0.49%"
"02/20/2003","0.9244","0.9305","0.9309","0.9227","","-0.68%"
"02/19/2003","0.9307","0.9357","0.9370","0.9294","","-0.56%"
"02/18/2003","0.9359","0.9321","0.9363","0.9296","","0.45%"
"02/17/2003","0.9317","0.9291","0.9367","0.9276","","0.55%"
"02/14/2003","0.9266","0.9232","0.9294","0.9214","","0.30%"
"02/13/2003","0.9238","0.9336","0.9342","0.9210","","-0.93%"
"02/12/2003","0.9325","0.9316","0.9341","0.9283","","0.11%"
"02/11/2003","0.9315","0.9316","0.9375","0.9290","","0.02%"
"02/10/2003","0.9313","0.9248","0.9324","0.9232","","0.80%"
"02/07/2003","0.9239","0.9231","0.9324","0.9225","","-0.02%"
"02/06/2003","0.9241","0.9270","0.9290","0.9209","","-0.33%"
"02/05/2003","0.9272","0.9187","0.9280","0.9141","","0.91%"
"02/04/2003","0.9188","0.9272","0.9291","0.9175","","-0.96%"
"02/03/2003","0.9277","0.9270","0.9352","0.9265","","-0.08%"
"01/31/2003","0.9284","0.9247","0.9326","0.9228","","0.45%"
"01/30/2003","0.9242","0.9228","0.9318","0.9219","","0.13%"
"01/29/2003","0.9230","0.9238","0.9249","0.9172","","-0.12%"
"01/28/2003","0.9241","0.9211","0.9275","0.9210","","0.30%"
"01/27/2003","0.9213","0.9225","0.9275","0.9166","","-0.26%"
"01/24/2003","0.9237","0.9302","0.9310","0.9219","","-0.65%"
"01/23/2003","0.9297","0.9315","0.9342","0.9277","","-0.27%"
"01/22/2003","0.9322","0.9339","0.9361","0.9306","","-0.03%"
"01/21/2003","0.9325","0.9366","0.9388","0.9333","","-0.41%"
"01/20/2003","0.9363","0.9384","0.9404","0.9357","","-0.11%"
"01/17/2003","0.9373","0.9420","0.9431","0.9386","","-0.49%"
"01/16/2003","0.9419","0.9476","0.9483","0.9424","","-0.62%"
"01/15/2003","0.9478","0.9477","0.9521","0.9439","","0.01%"
"01/14/2003","0.9477","0.9486","0.9492","0.9433","","-0.14%"
"01/13/2003","0.9490","0.9453","0.9502","0.9448","","0.36%"
"01/10/2003","0.9456","0.9536","0.9549","0.9450","","-0.84%"
"01/09/2003","0.9536","0.9530","0.9559","0.9486","","0.09%"
"01/08/2003","0.9527","0.9602","0.9652","0.9513","","-0.76%"
"01/07/2003","0.9600","0.9554","0.9619","0.9545","","0.50%"
"01/06/2003","0.9552","0.9599","0.9603","0.9527","","-0.45%"
"01/03/2003","0.9595","0.9653","0.9672","0.9584","","-0.59%"
"01/02/2003","0.9652","0.9531","0.9670","0.9526","","1.34%"