"Date","Price","Open","High","Low","Vol.","Change %"
"03/03/2022","22.1378","22.2552","22.4990","22.1609","1.04K","0.49%"
"03/02/2022","22.0303","22.2432","22.4489","21.9346","0.85K","0.04%"
"03/01/2022","22.0204","22.0608","22.4410","21.9541","0.51K","0.84%"
"02/28/2022","21.8379","22.1279","22.2133","21.8870","0.80K","0.50%"
"02/25/2022","21.7294","22.1150","22.2929","21.8963","0.55K","-0.70%"
"02/24/2022","21.8828","21.8775","22.3721","21.7607","0.54K","0.97%"
"02/23/2022","21.6718","21.8408","22.0638","21.7684","0.47K","0.19%"
"02/22/2022","21.6297","21.8756","21.9239","21.7206","0.51K","-0.13%"
"02/21/2022","21.6584","21.8582","21.8901","21.7449","0.51K","0.13%"
"02/18/2022","21.6297","21.7850","21.8727","21.6950","0.36K","0.31%"
"02/17/2022","21.5631","21.7591","21.9380","21.6757","0.86K","0.11%"
"02/16/2022","21.5403","21.7832","21.8468","21.6814","0.60K","-0.13%"
"02/15/2022","21.5688","21.8930","21.8959","21.7095","0.52K","-0.47%"
"02/14/2022","21.6699","21.6669","21.9318","21.6508","0.47K","0.41%"
"02/11/2022","21.5821","21.6592","22.0082","21.4060","6.39K","0.67%"
"02/10/2022","21.4385","21.6611","21.7654","21.3781","3.05K","2.09%"
"02/09/2022","21.0000","21.6782","21.7409","21.4199","0.79K","-2.12%"
"02/08/2022","21.4554","21.6308","21.8965","21.6089","1.09K","0.21%"
"02/07/2022","21.4104","21.6176","21.7287","21.4017","0.65K","0.08%"
"02/04/2022","21.3936","21.6403","21.7296","21.3885","1.15K","-0.10%"
"02/03/2022","21.4160","21.8910","21.9629","21.5680","1.11K","-1.17%"
"02/02/2022","21.6699","21.9590","22.0900","21.7913","0.75K","-0.28%"
"02/01/2022","21.7314","22.0274","22.1660","21.9335","0.52K","-0.35%"
"01/31/2022","21.8087","22.1973","22.2415","21.8252","0.52K","-0.75%"
"01/28/2022","21.9730","22.2073","22.2512","21.8252","0.55K","-0.04%"
"01/27/2022","21.9809","22.0216","22.3513","21.7060","0.56K","0.87%"
"01/26/2022","21.7913","21.9007","22.1015","21.6946","0.53K","0.52%"
"01/25/2022","21.6775","21.8456","22.0484","21.7127","0.55K","0.20%"
"01/24/2022","21.6335","21.8216","21.9984","21.6518","0.55K","0.18%"
"01/21/2022","21.5954","21.8775","21.9618","21.6470","0.56K","-0.30%"
"01/20/2022","21.6603","21.8206","21.9618","21.7034","0.54K","0.30%"
"01/19/2022","21.5954","21.8505","21.9956","21.5976","0.55K","-0.13%"
"01/18/2022","21.6240","21.5000","22.0394","21.3441","5.44K","2.97%"
"01/17/2022","21.0000","21.5000","21.7522","21.4400","4.03K","0.00%"
"01/14/2022","21.0000","21.5969","21.7456","21.3875","5.19K","-1.81%"
"01/13/2022","21.3880","21.6298","21.7150","21.4941","0.54K","-0.12%"
"01/12/2022","21.4142","21.7678","21.7956","21.6101","0.54K","-0.61%"
"01/11/2022","21.5460","21.8543","21.9466","21.6867","0.55K","-0.37%"
"01/10/2022","21.6259","21.7994","22.0013","21.7350","0.34K","0.29%"
"01/07/2022","21.5631","21.9075","21.9201","21.7327","1.07K","-0.54%"
"01/06/2022","21.6794","21.8746","21.9318","21.8286","1.05K","0.11%"
"01/05/2022","21.6545","21.9337","22.0108","21.7610","1.09K","-0.21%"
"01/04/2022","21.7006","21.9066","22.0647","21.7415","1.10K","0.07%"
"01/03/2022","21.6852","21.7659","22.0330","21.6983","0.63K","0.68%"
"12/31/2021","21.5384","21.8563","21.8959","21.7053","1.02K","-0.41%"
"12/30/2021","21.6278","21.8081","22.0147","21.7259","0.53K","0.18%"
"12/29/2021","21.5897","21.8814","21.9878","21.4584","0.56K","-0.33%"
"12/28/2021","21.6622","21.8486","22.0753","21.8360","1.09K","0.16%"
"12/27/2021","21.6278","21.8562","22.0349","21.7807","0.61K","-0.06%"
"12/24/2021","21.6411","21.8447","21.9859","21.8177","0.88K","0.06%"
"12/23/2021","21.6278","21.8486","22.0474","21.4777","0.54K","0.00%"
"12/22/2021","21.6278","21.9386","22.1225","21.8235","0.54K","-0.38%"
"12/21/2021","21.7102","21.9473","21.9698","21.9318","0.16K","-0.07%"
"12/20/2021","21.7256","22.0127","22.1005","21.4938","0.50K","-0.35%"
"12/17/2021","21.8010","21.8370","22.0525","21.8081","1.16K","0.84%"
"12/16/2021","21.6201","21.9162","22.0330","21.7493","0.98K","-0.32%"
"12/15/2021","21.6890","21.9804","22.2122","21.7493","1.06K","-0.32%"
"12/14/2021","21.7584","21.9308","22.1831","21.5217","0.75K","0.27%"
"12/13/2021","21.7006","21.8707","22.0504","21.4571","0.51K","0.27%"
"12/10/2021","21.6431","21.9201","22.0475","21.4560","0.53K","-0.22%"
"12/09/2021","21.6910","21.8158","22.1340","21.8129","0.81K","0.43%"
"12/08/2021","21.5973","21.9658","22.0715","21.4879","1.09K","-0.66%"
"12/07/2021","21.7410","21.9318","22.2063","21.5063","1.00K","0.16%"
"12/06/2021","21.7063","21.8920","22.1796","21.5063","0.72K","0.22%"
"12/03/2021","21.6584","21.9007","21.9705","21.4969","1.08K","-0.08%"
"12/02/2021","21.6756","21.8629","22.0936","21.4430","1.09K","0.16%"
"12/01/2021","21.6411","21.8283","22.0878","21.4733","1.08K","0.18%"
"11/30/2021","21.6030","21.9172","22.0755","21.7458","0.72K","-0.41%"
"11/29/2021","21.6929","21.9182","22.1782","21.5373","0.53K","0.24%"
"11/26/2021","21.6411","22.0805","22.0864","21.4702","1.06K","-0.98%"
"11/25/2021","21.8554","22.1022","22.1022","22.0392","1.10K","-0.07%"
"11/24/2021","21.8710","22.0049","22.2972","21.9941","0.72K","0.44%"
"11/23/2021","21.7758","22.0254","22.0451","21.7068","0.67K","-0.13%"
"11/22/2021","21.8049","21.9551","22.1804","21.4674","0.50K","0.41%"
"11/19/2021","21.7160","21.7707","21.9951","21.5650","1.00K","0.82%"
"11/18/2021","21.5403","21.8630","22.0254","21.4271","0.99K","-0.47%"
"11/17/2021","21.6431","21.8649","21.9541","21.3019","1.00K","0.00%"
"11/16/2021","21.6431","21.7678","22.0783","21.3019","0.78K","0.43%"
"11/15/2021","21.5498","21.6120","21.9585","21.4066","1.26K","0.68%"
"11/12/2021","21.4048","21.6082","21.6432","21.2094","0.95K","0.04%"
"11/11/2021","21.3973","21.5611","21.6298","21.5442","1.08K","0.25%"
"11/10/2021","21.3433","21.3500","21.6225","21.2094","1.10K","1.01%"
"11/09/2021","21.1297","21.3565","21.4609","21.1834","0.70K","-0.06%"
"11/08/2021","21.1425","21.3971","21.4783","21.1978","1.13K","-0.16%"
"11/05/2021","21.1772","21.4239","21.5874","21.2487","0.55K","-0.10%"
"11/04/2021","21.1992","21.3123","21.5726","21.2482","0.54K","0.48%"
"11/03/2021","21.0970","21.3777","21.4691","21.1787","0.54K","-0.28%"
"11/02/2021","21.1553","21.3289","21.4563","21.2879","0.54K","0.22%"
"11/01/2021","21.1079","21.4202","21.4829","21.0872","0.39K","-0.36%"
"10/29/2021","21.1849","21.1873","21.4541","21.0872","0.56K","1.02%"
"10/28/2021","20.9702","21.3301","21.4508","21.0906","0.52K","-0.68%"
"10/27/2021","21.1137","21.3445","21.3637","21.0967","0.98K","-0.06%"
"10/26/2021","21.1265","21.3246","21.4485","21.2385","0.68K","0.12%"
"10/25/2021","21.1003","21.2672","21.4405","21.0775","0.41K","0.30%"
"10/22/2021","21.0367","21.2944","21.4155","21.0734","0.90K","-0.18%"
"10/21/2021","21.0750","21.2483","21.4162","21.0734","0.65K","0.23%"
"10/20/2021","21.0269","21.2766","21.4188","21.2186","0.65K","-0.16%"
"10/19/2021","21.0613","21.3173","21.4271","21.0653","0.77K","-0.18%"
"10/18/2021","21.0994","21.3652","21.4595","21.1029","0.51K","-0.09%"
"10/15/2021","21.1174","21.3430","21.4706","21.1066","0.53K","-0.04%"
"10/14/2021","21.1248","21.3500","21.4740","21.1001","0.52K","-0.01%"
"10/13/2021","21.1266","21.4642","21.5760","21.1602","0.37K","-0.57%"
"10/12/2021","21.2483","21.4188","21.5788","21.1371","0.56K","0.21%"
"10/11/2021","21.2034","21.3997","21.4295","21.3606","0.47K","0.23%"
"10/08/2021","21.1557","21.4224","21.5630","21.3720","0.55K","-0.23%"
"10/07/2021","21.2044","21.4178","21.4290","21.1373","0.55K","0.03%"
"10/06/2021","21.1989","21.3398","21.5745","21.2754","0.55K","0.35%"
"10/05/2021","21.1256","21.2975","21.4249","21.0882","0.50K","0.60%"
"10/04/2021","21.0000","21.3229","21.4206","21.0776","0.31K","-0.61%"
"10/01/2021","21.1292","21.3786","21.4030","21.0930","0.54K","-0.15%"
"09/30/2021","21.1604","21.3411","21.4682","21.1513","0.55K","0.16%"
"09/29/2021","21.1266","21.1837","21.3541","21.0240","0.55K","0.75%"
"09/28/2021","20.9692","21.1547","21.2976","20.9219","0.55K","0.11%"
"09/27/2021","20.9469","21.1168","21.3813","20.9447","0.48K","0.22%"
"09/24/2021","20.9012","21.0839","21.2676","20.9096","1.12K","0.15%"
"09/23/2021","20.8700","21.1741","21.2844","20.9008","1.04K","-0.43%"
"09/22/2021","20.9602","21.1079","21.2801","20.9866","0.90K","0.32%"
"09/21/2021","20.8940","21.1087","21.2064","21.0121","1.06K","0.01%"
"09/20/2021","20.8916","21.1047","21.2694","20.9141","0.68K","-0.01%"
"09/17/2021","20.8932","21.0352","21.2473","20.9218","1.11K","0.37%"
"09/16/2021","20.8170","20.9470","21.2233","20.8779","1.08K","0.40%"
"09/15/2021","20.7349","20.9692","20.9736","20.8243","1.13K","-0.09%"
"09/14/2021","20.7544","20.9550","21.1807","20.8350","1.12K","0.06%"
"09/13/2021","20.7428","20.9555","21.2219","20.8748","0.60K","0.00%"
"09/10/2021","20.7419","20.9284","20.9573","20.8220","1.14K","0.11%"
"09/09/2021","20.7200","20.9444","20.9644","20.8365","0.80K","-0.07%"
"09/08/2021","20.7342","20.9046","20.9700","20.7957","0.84K","0.22%"
"09/07/2021","20.6885","20.8508","20.9071","20.7792","0.81K","0.25%"
"09/06/2021","20.6366","20.8525","20.8745","20.8434","0.38K","0.06%"
"09/03/2021","20.6232","20.8415","20.8574","20.7839","1.12K","-0.03%"
"09/02/2021","20.6294","20.9001","20.9130","20.8390","0.82K","-0.30%"
"09/01/2021","20.6923","20.9572","20.9830","20.7999","1.03K","-0.26%"
"08/31/2021","20.7472","20.9804","20.9825","20.8330","1.11K","-0.10%"
"08/30/2021","20.7678","20.9798","21.0039","20.8463","0.75K","0.02%"
"08/27/2021","20.7630","21.0606","21.0897","20.8473","1.04K","-0.41%"
"08/26/2021","20.8478","21.0253","21.2279","20.8697","1.04K","0.17%"
"08/25/2021","20.8115","21.0525","21.2455","20.8794","1.06K","-0.12%"
"08/24/2021","20.8356","21.0692","21.1041","20.9077","1.09K","-0.10%"
"08/23/2021","20.8569","21.1609","21.3238","21.0315","0.61K","-0.39%"
"08/20/2021","20.9387","21.1991","21.3766","20.9644","0.91K","-0.20%"
"08/19/2021","20.9799","21.1263","21.3724","20.9167","1.13K","0.27%"
"08/18/2021","20.9235","21.1361","21.1628","20.9146","1.13K","-0.01%"
"08/17/2021","20.9247","21.0128","21.3124","20.8798","1.15K","0.58%"
"08/16/2021","20.8037","20.9877","21.2091","20.8614","0.60K","0.17%"
"08/13/2021","20.7674","21.1006","21.2430","20.9078","0.60K","-0.55%"
"08/12/2021","20.8825","21.0844","21.1092","20.9640","0.57K","0.08%"
"08/11/2021","20.8666","21.1178","21.2841","20.8726","0.24K","-0.17%"
"08/10/2021","20.9030","21.0857","21.2603","20.8648","0.83K","0.13%"
"08/09/2021","20.8754","21.0655","21.2381","20.8141","0.61K","0.23%"
"08/06/2021","20.8283","20.9129","21.2210","20.8489","0.33K","0.60%"
"08/05/2021","20.7051","20.9085","21.0039","20.7257","0.47K","0.04%"
"08/04/2021","20.6976","20.8641","21.1011","20.8000","0.55K","0.23%"
"08/03/2021","20.6493","20.8526","20.8772","20.8105","0.88K","0.06%"
"08/02/2021","20.6362","20.8619","21.1000","20.8066","0.41K","-0.01%"
"07/30/2021","20.6380","20.8201","20.8787","20.7288","0.50K","0.13%"
"07/29/2021","20.6104","20.8948","20.8997","20.7452","0.83K","-0.38%"
"07/28/2021","20.6880","20.9444","21.1434","20.8341","0.35K","-0.21%"
"07/27/2021","20.7324","20.9578","21.1568","20.9027","0.69K","-0.12%"
"07/26/2021","20.7577","21.0320","21.1127","20.8786","0.62K","-0.24%"
"07/23/2021","20.8071","21.0352","21.0552","20.7569","0.80K","0.00%"
"07/22/2021","20.8062","20.9901","21.0191","20.7817","0.27K","0.51%"
"07/21/2021","20.7000","21.0075","21.1720","20.9587","0.55K","-0.46%"
"07/20/2021","20.7958","20.9720","21.1698","20.9410","1.10K","0.15%"
"07/19/2021","20.7641","20.9568","21.1876","20.9368","1.11K","0.06%"
"07/16/2021","20.7518","20.9582","20.9874","20.9364","1.12K","0.05%"
"07/15/2021","20.7421","20.9090","21.2087","20.8865","0.64K","0.22%"
"07/14/2021","20.6972","21.0175","21.1556","20.8590","0.96K","-0.51%"
"07/13/2021","20.8030","20.8610","21.1052","20.8268","1.12K","0.74%"
"07/12/2021","20.6507","20.8481","20.9081","20.7098","0.57K","0.14%"
"07/09/2021","20.6215","20.8997","20.9293","20.7422","1.07K","-0.29%"
"07/08/2021","20.6817","20.9924","21.1450","20.7224","1.09K","-0.46%"
"07/07/2021","20.7782","20.9320","21.0044","20.7392","0.98K","0.28%"
"07/06/2021","20.7209","20.8614","21.1723","20.7109","0.65K","0.37%"
"07/05/2021","20.6435","20.8733","20.8824","20.7794","0.52K","0.01%"
"07/02/2021","20.6414","20.8860","20.9540","20.7322","1.09K","-0.16%"
"07/01/2021","20.6745","20.8702","20.9978","20.6132","1.13K","0.07%"
"06/30/2021","20.6608","20.8044","21.0160","20.6135","1.00K","0.32%"
"06/29/2021","20.5939","20.7514","20.9610","20.6439","0.76K","0.23%"
"06/28/2021","20.5464","20.7294","20.9652","20.4029","0.62K","0.22%"
"06/25/2021","20.5021","20.7640","20.9140","20.2884","0.61K","-0.13%"
"06/24/2021","20.5279","20.7600","20.9183","20.6198","0.50K","0.04%"
"06/23/2021","20.5200","20.7500","20.9226","20.4447","0.40K","0.10%"
"06/22/2021","20.5000","20.7700","20.9941","20.4506","0.72K","-0.26%"
"06/21/2021","20.5537","20.8115","20.9700","20.2785","0.62K","-0.34%"
"06/18/2021","20.6229","20.7769","20.8245","20.7769","1.02K","0.34%"
"06/17/2021","20.5537","20.6800","20.7769","20.2087","2.66K","0.95%"
"06/16/2021","20.3600","20.5990","20.6800","20.2974","1.02K","0.80%"
"06/15/2021","20.1979","20.5990","20.6073","20.4000","0.76K","0.00%"
"06/14/2021","20.1979","20.6114","20.6114","20.3599","0.71K","-0.12%"
"06/11/2021","20.2229","20.5575","20.6114","20.2068","0.51K","0.54%"
"06/10/2021","20.1149","20.5410","20.5740","20.5410","0.61K","1.08%"
"06/09/2021","19.9000","20.5492","20.5492","20.3500","0.06K","-0.42%"
"06/08/2021","19.9839","21.5376","21.5540","20.2444","0.59K","-0.41%"
"06/07/2021","20.0655","21.5623","21.5705","21.3010","0.30K","-0.25%"
"06/04/2021","20.1149","21.5996","21.6121","20.3500","0.88K","-0.37%"
"06/03/2021","20.1895","21.5294","21.5996","21.0328","1.14K","0.70%"
"06/02/2021","20.0491","21.5173","21.5540","21.0087","0.98K","0.12%"
"06/01/2021","20.0250","21.5130","21.5173","20.3000","0.70K","0.52%"
"05/31/2021","19.9218","21.5458","21.5458","20.6039","0.08K","-0.80%"
"05/28/2021","20.0820","21.5348","21.5913","20.3486","0.87K","0.11%"
"05/27/2021","20.0600","21.5448","21.5458","20.3750","1.28K","-0.10%"
"05/26/2021","20.0800","21.4967","21.5448","20.2974","1.30K","0.48%"
"05/25/2021","19.9837","21.5294","21.5294","20.3000","1.28K","-0.33%"
"05/24/2021","20.0491","21.5540","21.5540","20.3276","0.69K","-0.25%"
"05/21/2021","20.0984","21.5114","21.5798","20.3413","1.30K","0.43%"
"05/20/2021","20.0131","21.5631","21.5631","20.3601","0.81K","-0.51%"
"05/19/2021","20.1166","21.5138","21.5631","20.3595","1.18K","0.49%"
"05/18/2021","20.0180","21.5748","21.5798","20.3640","1.52K","-0.61%"
"05/17/2021","20.1400","21.5913","21.5953","20.3911","0.97K","-0.16%"
"05/14/2021","20.1729","21.6413","21.6413","20.4000","1.51K","-0.49%"
"05/13/2021","20.2730","21.6371","21.6456","20.3963","1.26K","0.04%"
"05/12/2021","20.2647","21.5746","21.6371","20.4120","1.46K","0.62%"
"05/11/2021","20.1397","21.5788","21.5913","20.4130","1.41K","-0.04%"
"05/10/2021","20.1480","21.5631","21.5913","20.3714","0.90K","0.16%"
"05/07/2021","20.1166","21.6497","21.6582","20.4464","1.47K","-0.85%"
"05/06/2021","20.2899","21.7004","21.7004","20.5000","1.43K","-0.50%"
"05/05/2021","20.3912","21.6835","21.7132","20.4800","1.42K","0.17%"
"05/04/2021","20.3573","21.6498","21.7047","20.4883","1.04K","0.33%"
"05/03/2021","20.2900","21.6750","21.6918","20.4641","0.94K","-0.25%"
"04/30/2021","20.3404","21.5948","21.6750","20.4391","1.45K","0.79%"
"04/29/2021","20.1800","21.6048","21.6163","20.4500","1.29K","-0.10%"
"04/28/2021","20.2000","21.6248","21.6497","20.4500","1.21K","-0.20%"
"04/27/2021","20.2400","21.6263","21.6540","20.4979","1.32K","-0.01%"
"04/26/2021","20.2429","21.6248","21.6497","20.4983","0.70K","0.01%"
"04/23/2021","20.2400","21.6962","21.6962","20.5519","0.66K","-0.70%"
"04/22/2021","20.3827","21.6798","21.6962","20.5500","0.69K","0.16%"
"04/21/2021","20.3500","21.6798","21.7004","20.5653","1.05K","0.00%"
"04/20/2021","20.3500","21.6835","21.6835","20.5500","1.33K","-0.04%"
"04/19/2021","20.3573","21.7217","21.7473","20.6000","0.73K","-0.37%"
"04/16/2021","20.4337","21.7302","21.7387","20.7520","1.42K","-0.08%"
"04/15/2021","20.4508","21.7198","21.7548","20.7749","1.34K","0.10%"
"04/14/2021","20.4300","21.7498","21.7548","20.8650","1.26K","-0.29%"
"04/13/2021","20.4900","21.7798","21.8048","20.8950","1.29K","-0.29%"
"04/12/2021","20.5500","21.7860","21.9048","20.9514","0.59K","-0.06%"
"04/09/2021","20.5623","21.7817","21.7989","21.5984","0.80K","0.56%"
"04/08/2021","20.4470","21.8148","21.8148","21.6055","0.30K","-0.84%"
"04/07/2021","20.6200","21.8098","21.8163","21.6137","0.67K","0.05%"
"04/06/2021","20.6100","21.8648","21.8730","21.6182","0.91K","-0.53%"
"04/05/2021","20.7200","21.9083","21.9259","21.4981","0.83K","-0.33%"
"04/02/2021","20.7891","21.8948","21.9048","21.1750","1.03K","0.04%"
"04/01/2021","20.7800","21.9348","21.9348","21.0628","1.28K","-0.38%"
"03/31/2021","20.8600","21.9436","21.9615","21.2000","1.28K","-0.08%"
"03/30/2021","20.8777","21.8905","21.9436","21.1858","0.87K","0.51%"
"03/29/2021","20.7715","21.8818","21.9038","21.0358","0.38K","0.08%"
"03/26/2021","20.7539","21.8993","21.9048","21.0108","0.43K","1.67%"
"03/25/2021","20.4136","21.8625","21.9048","21.0068","0.30K","-1.46%"
"03/24/2021","20.7153","21.8298","21.8642","20.7500","0.64K","0.32%"
"03/23/2021","20.6500","21.7602","21.8298","20.7500","0.64K","0.68%"
"03/22/2021","20.5107","21.8032","21.8032","20.7250","0.57K","-0.25%"
"03/19/2021","20.5623","21.7730","21.8076","20.7038","0.61K","0.13%"
"03/18/2021","20.5365","21.7217","21.7817","20.7321","0.54K","0.29%"
"03/17/2021","20.4764","21.7860","21.8048","20.7865","0.67K","-0.42%"
"03/16/2021","20.5623","21.7619","21.8048","20.7000","0.85K","0.23%"
"03/15/2021","20.5141","21.7345","21.7773","20.6655","0.84K","0.27%"
"03/12/2021","20.4593","21.7165","21.7817","20.7195","1.30K","0.18%"
"03/11/2021","20.4235","21.7696","21.7696","20.7426","1.28K","-0.52%"
"03/10/2021","20.5296","21.7843","21.8119","20.6896","1.27K","-0.14%"
"03/09/2021","20.5589","21.8337","21.8337","20.8000","0.93K","-0.48%"
"03/08/2021","20.6577","21.7687","21.8337","20.5748","0.58K","0.55%"
"03/05/2021","20.5451","20.5000","21.7946","20.4850","10.46K","2.73%"
"03/04/2021","20.0000","21.6456","21.7198","20.4750","5.86K","-1.39%"
"03/03/2021","20.2815","21.6371","21.6798","20.5371","0.87K","0.08%"
"03/02/2021","20.2647","21.6624","21.7004","20.4500","0.78K","-0.25%"
"03/01/2021","20.3151","21.6371","21.6750","20.4273","0.72K","0.25%"
"02/26/2021","20.2647","21.5540","21.6371","20.4273","0.72K","1.24%"
"02/25/2021","20.0163","21.5648","21.5648","21.5130","0.83K","-0.51%"
"02/24/2021","20.1199","21.5746","21.5913","20.4000","1.28K","-0.10%"
"02/23/2021","20.1397","21.5606","21.5830","20.4000","0.84K","0.20%"
"02/22/2021","20.1000","21.5913","21.6246","20.4000","0.65K","0.20%"
"02/19/2021","20.0598","21.6279","21.6330","20.4099","0.87K","-0.92%"
"02/18/2021","20.2463","21.6708","21.6708","20.4500","1.17K","-0.42%"
"02/17/2021","20.3320","21.6121","21.6835","20.4118","1.10K","0.58%"
"02/16/2021","20.2145","21.5996","21.6204","20.4123","0.95K","0.12%"
"02/15/2021","20.1895","21.5996","21.6037","21.4887","0.41K","0.00%"
"02/12/2021","20.1895","21.5954","21.6288","20.4000","1.02K","0.04%"
"02/11/2021","20.1812","21.5954","21.6079","20.4000","1.27K","0.00%"
"02/10/2021","20.1812","21.6013","21.6079","20.4250","1.35K","-0.06%"
"02/09/2021","20.1929","21.6598","21.6598","20.4500","1.29K","-0.58%"
"02/08/2021","20.3100","21.6623","21.6835","20.5500","0.49K","-0.02%"
"02/05/2021","20.3150","20.5000","21.7428","20.4500","4.48K","-0.71%"
"02/04/2021","20.4600","21.6767","21.7348","20.4500","1.84K","0.57%"
"02/03/2021","20.3438","21.6792","21.6919","20.5175","0.87K","-0.02%"
"02/02/2021","20.3488","21.6548","21.6835","20.4506","0.92K","0.24%"
"02/01/2021","20.3000","21.5871","21.6548","20.4250","0.56K","0.67%"
"01/29/2021","20.1646","21.5948","21.6121","20.3750","1.21K","-0.08%"
"01/28/2021","20.1800","21.6163","21.6204","20.4500","1.20K","-0.21%"
"01/27/2021","20.2229","21.5705","21.7048","20.4500","1.20K","0.45%"
"01/26/2021","20.1315","21.5830","21.6079","20.4050","0.80K","-0.12%"
"01/25/2021","20.1563","21.5623","21.5954","21.3910","0.53K","0.16%"
"01/22/2021","20.1232","21.5631","21.5746","20.4000","0.62K","-0.12%"
"01/21/2021","20.1480","21.6163","21.6163","20.3750","0.70K","-0.37%"
"01/20/2021","20.2229","21.5996","21.6371","20.4200","1.33K","0.17%"
"01/19/2021","20.1895","21.6337","21.6414","20.4132","0.88K","-0.37%"
"01/18/2021","20.2647","21.6211","21.6463","21.6211","0.46K","0.12%"
"01/15/2021","20.2396","21.5712","21.6211","20.4500","1.26K","0.50%"
"01/14/2021","20.1397","21.5629","21.6044","20.3908","1.27K","0.08%"
"01/13/2021","20.1232","21.5275","21.5629","20.3859","1.28K","0.35%"
"01/12/2021","20.0524","21.5713","21.5836","20.3354","1.24K","-0.43%"
"01/11/2021","20.1400","21.5413","21.5795","19.9564","0.77K","0.54%"
"01/08/2021","20.0327","21.4810","21.5313","19.8750","1.31K","0.37%"
"01/07/2021","19.9593","21.4252","21.4891","21.3027","1.32K","0.56%"
"01/06/2021","19.8477","21.4526","21.4688","20.1691","1.36K","-0.28%"
"01/05/2021","19.9025","21.4891","21.4891","20.0500","1.42K","-0.37%"
"01/04/2021","19.9755","21.4913","21.4913","20.1661","0.85K","-0.22%"
"01/01/2021","20.0200","21.5113","21.5113","21.5113","","0.00%"
"12/31/2020","20.0200","21.4607","21.5113","20.1921","1.23K","0.51%"
"12/30/2020","19.9187","21.4891","21.4891","21.3298","1.23K","-0.28%"
"12/29/2020","19.9755","21.5136","21.5136","20.2750","1.00K","-0.24%"
"12/28/2020","20.0245","21.5298","21.5341","20.3000","0.77K","-0.29%"
"12/25/2020","20.0820","21.5423","21.5423","21.5423","","0.00%"
"12/24/2020","20.0820","21.5423","21.5423","20.3503","1.27K","0.00%"
"12/23/2020","20.0820","21.5613","21.5671","20.2500","1.26K","-0.19%"
"12/22/2020","20.1200","21.5013","21.5613","20.3162","1.27K","0.60%"
"12/21/2020","20.0000","21.4924","21.5547","20.3249","0.85K","0.09%"
"12/18/2020","19.9821","21.4785","21.5054","20.3177","1.20K","0.14%"
"12/17/2020","19.9544","21.5365","21.5365","20.3500","1.24K","-0.58%"
"12/16/2020","20.0705","21.5613","21.5853","20.3750","1.19K","-0.25%"
"12/15/2020","20.1200","21.5813","21.5919","20.4324","1.22K","-0.20%"
"12/14/2020","20.1600","21.6044","21.6044","20.3704","0.86K","-0.23%"
"12/11/2020","20.2062","21.5853","21.6044","20.3818","1.28K","0.19%"
"12/10/2020","20.1679","21.6313","21.6337","20.3000","1.27K","-0.45%"
"12/09/2020","20.2600","21.6127","21.6463","20.5206","1.26K","0.18%"
"12/08/2020","20.2229","21.6063","21.6263","20.3750","1.23K","0.06%"
"12/07/2020","20.2100","21.5969","21.6253","21.4083","0.83K","0.09%"
"12/04/2020","20.1912","21.5753","21.5969","20.3978","1.30K","0.21%"
"12/03/2020","20.1480","21.6213","21.6213","20.4000","1.03K","-0.45%"
"12/02/2020","20.2400","21.6413","21.6589","20.4500","1.28K","-0.20%"
"12/01/2020","20.2800","21.7563","21.7563","20.3300","15.60K","-1.12%"
"11/30/2020","20.5100","21.7267","21.7563","20.4500","4.17K","0.15%"
"11/27/2020","20.4800","21.7687","21.7782","20.6500","0.73K","-0.27%"
"11/26/2020","20.5347","21.7713","21.7911","21.7524","0.86K","-0.03%"
"11/25/2020","20.5400","21.7903","21.8041","20.8750","0.67K","-0.18%"
"11/24/2020","20.5779","21.8432","21.8432","20.8000","0.62K","-0.51%"
"11/23/2020","20.6838","21.8162","21.8432","20.7860","0.58K","0.26%"
"11/20/2020","20.6298","21.8006","21.8215","20.7843","1.27K","0.15%"
"11/19/2020","20.5986","21.8128","21.8564","20.7736","1.30K","-0.12%"
"11/18/2020","20.6229","21.8215","21.8215","20.7500","1.29K","-0.08%"
"11/17/2020","20.6403","21.8302","21.8302","20.8000","1.05K","-0.08%"
"11/16/2020","20.6577","21.8345","21.8520","20.8500","0.78K","-0.21%"
"11/13/2020","20.7013","21.8651","21.8651","20.8500","1.12K","-0.13%"
"11/12/2020","20.7276","21.9047","21.9047","20.8929","1.16K","-0.38%"
"11/11/2020","20.8068","21.8642","21.9180","21.7486","1.29K","0.39%"
"11/10/2020","20.7258","21.8520","21.8826","20.8878","1.28K","0.12%"
"11/09/2020","20.7013","21.7998","21.8520","20.7500","0.85K","0.51%"
"11/06/2020","20.5969","21.8450","21.8520","20.8500","1.28K","-0.44%"
"11/05/2020","20.6873","21.9446","21.9446","20.9500","1.27K","-0.95%"
"11/04/2020","20.8866","21.9437","22.0344","21.1275","1.27K","0.01%"
"11/03/2020","20.8848","22.0254","22.0254","21.1500","0.68K","-0.78%"
"11/02/2020","21.0481","22.0073","22.0263","21.3553","0.58K","0.17%"
"10/30/2020","21.0120","21.9822","22.0073","21.1500","1.29K","0.24%"
"10/29/2020","20.9617","21.9180","21.9992","21.1363","1.30K","0.62%"
"10/28/2020","20.8333","21.8686","21.9313","21.7646","1.32K","0.48%"
"10/27/2020","20.7346","21.8634","21.8739","21.0276","1.27K","0.05%"
"10/26/2020","20.7241","21.8241","21.8634","21.0136","0.83K","0.38%"
"10/23/2020","20.6455","21.8520","21.8763","21.4122","0.62K","-0.27%"
"10/22/2020","20.7013","21.8184","21.8532","20.8055","1.14K","0.34%"
"10/21/2020","20.6316","21.8489","21.8489","20.8750","1.27K","-0.29%"
"10/20/2020","20.6926","21.8901","21.9059","20.8500","1.29K","-0.42%"
"10/19/2020","20.7803","21.9433","21.9478","20.9500","0.78K","-0.51%"
"10/16/2020","20.8866","21.9567","21.9567","21.0000","1.37K","-0.13%"
"10/15/2020","20.9134","21.9078","21.9656","21.0238","1.26K","0.47%"
"10/14/2020","20.8156","21.9211","21.9299","21.0044","1.27K","-0.13%"
"10/13/2020","20.8422","21.8638","21.9211","20.9006","0.73K","0.55%"
"10/12/2020","20.7276","21.8550","21.8813","21.8550","0.55K","0.08%"
"10/09/2020","20.7101","21.9167","21.9167","20.8500","0.62K","-0.59%"
"10/08/2020","20.8333","21.8990","21.9167","21.4964","0.64K","0.17%"
"10/07/2020","20.7980","21.9167","21.9299","21.7487","0.64K","-0.17%"
"10/06/2020","20.8333","21.8901","21.9167","20.9500","0.64K","0.26%"
"10/05/2020","20.7803","21.9522","21.9522","20.9982","0.52K","-0.59%"
"10/02/2020","20.9044","21.9167","21.9522","21.1500","0.93K","0.34%"
"10/01/2020","20.8333","21.9299","21.9389","21.0900","1.04K","-0.13%"
"09/30/2020","20.8599","21.9193","21.9567","21.1750","1.46K","0.10%"
"09/29/2020","20.8386","21.9871","21.9871","21.8193","1.50K","-0.65%"
"09/28/2020","20.9742","22.0150","22.0240","21.2865","0.80K","-0.44%"
"09/25/2020","21.0662","21.9880","22.0331","21.1983","1.30K","0.43%"
"09/24/2020","20.9760","21.9880","22.0196","21.1500","1.20K","0.00%"
"09/23/2020","20.9760","21.9567","21.9880","21.1500","1.29K","0.30%"
"09/22/2020","20.9134","21.9100","21.9656","21.0637","1.31K","0.45%"
"09/21/2020","20.8200","21.8297","21.9256","21.0908","0.85K","0.78%"
"09/18/2020","20.6594","21.8300","21.8419","20.8798","1.28K","0.00%"
"09/17/2020","20.6600","21.8550","21.9078","20.8500","1.27K","-0.24%"
"09/16/2020","20.7101","21.8376","21.8761","20.8110","1.28K","0.17%"
"09/15/2020","20.6751","21.8071","21.8376","20.8500","1.29K","0.30%"
"09/14/2020","20.6142","21.8367","21.8376","20.8714","0.79K","-0.29%"
"09/11/2020","20.6734","21.8594","21.8594","20.8995","0.65K","-0.22%"
"09/10/2020","20.7188","21.8594","21.8726","20.9149","0.62K","0.00%"
"09/09/2020","20.7188","21.8813","21.9123","21.0000","0.62K","-0.21%"
"09/08/2020","20.7627","21.8550","21.8813","21.6903","0.61K","0.25%"
"09/07/2020","20.7101","21.8376","21.8550","21.8376","0.55K","0.22%"
"09/04/2020","20.6646","21.8280","21.8770","20.8152","0.64K","0.04%"
"09/03/2020","20.6559","21.8254","21.8726","21.5352","0.83K","0.03%"
"09/02/2020","20.6507","21.7650","21.8419","21.6455","1.20K","0.59%"
"09/01/2020","20.5300","21.7500","21.7650","20.4800","4.83K","0.15%"
"08/31/2020","20.5000","21.7855","21.7855","21.5916","0.78K","-0.34%"
"08/28/2020","20.5709","21.8507","21.8550","21.6564","1.27K","-0.63%"
"08/27/2020","20.7013","21.8481","21.8813","21.6984","1.28K","0.03%"
"08/26/2020","20.6961","21.8375","21.8770","21.7000","1.19K","0.10%"
"08/25/2020","20.6750","21.8726","21.8726","21.7015","1.20K","-0.34%"
"08/24/2020","20.7451","21.8726","21.8726","21.7065","0.56K","-0.03%"
"08/21/2020","20.7504","21.8201","21.9078","21.6996","0.67K","0.53%"
"08/20/2020","20.6403","21.1816","21.8638","21.1816","0.53K","-0.05%"
"08/19/2020","20.6500","21.7571","21.8250","20.6817","0.47K","1.43%"
"08/18/2020","20.3592","21.8158","21.8158","20.6796","0.33K","-1.32%"
"08/17/2020","20.6316","21.8332","21.8332","20.9000","0.30K","-0.17%"
"08/14/2020","20.6664","21.8717","21.8770","21.8332","1.27K","-0.37%"
"08/13/2020","20.7434","21.8813","21.8813","20.8500","1.27K","-0.09%"
"08/12/2020","20.7627","21.9220","21.9299","20.9000","1.28K","-0.39%"
"08/11/2020","20.8440","21.8726","21.9389","20.9773","1.32K","0.48%"
"08/10/2020","20.7451","21.8901","21.8901","20.8310","0.77K","-0.13%"
"08/07/2020","20.7715","21.7950","21.8990","20.7581","0.64K","0.88%"
"08/06/2020","20.5900","21.8050","21.8463","20.8000","0.65K","-0.10%"
"08/05/2020","20.6100","21.8725","21.8725","21.7075","0.90K","-0.65%"
"08/04/2020","20.7450","21.9100","21.9344","21.7868","1.05K","-0.36%"
"08/03/2020","20.8200","21.8750","21.9433","20.8750","0.52K","0.34%"
"07/31/2020","20.7500","21.8400","21.8800","21.6619","1.25K","0.34%"
"07/30/2020","20.6800","21.8785","21.9256","21.4848","0.83K","0.10%"
"07/29/2020","20.6586","21.9344","21.9389","20.9293","0.48K","-1.01%"
"07/28/2020","20.8688","21.9123","21.9567","20.9500","0.65K","0.21%"
"07/27/2020","20.8245","21.9791","21.9791","21.0365","0.30K","-0.82%"
"07/24/2020","20.9976","22.0513","22.0604","21.3621","1.19K","-0.50%"
"07/23/2020","21.1025","22.0740","22.0923","21.3264","1.27K","-0.22%"
"07/22/2020","21.1480","22.1150","22.1291","21.4500","1.26K","-0.39%"
"07/21/2020","21.2300","22.1987","22.2081","21.4250","1.90K","-0.78%"
"07/20/2020","21.3974","21.5000","22.2315","21.5000","6.34K","1.89%"
"07/17/2020","21.0000","22.2494","22.2551","21.4790","7.88K","-2.32%"
"07/16/2020","21.4988","21.5000","22.2551","21.4081","11.65K","2.38%"
"07/15/2020","21.0000","22.2362","22.2362","21.4500","7.50K","-2.20%"
"07/14/2020","21.4724","22.2800","22.2929","21.6883","1.02K","-0.41%"
"07/13/2020","21.5600","22.3216","22.3263","21.8000","0.51K","-0.38%"
"07/10/2020","21.6431","22.3359","22.3648","21.8573","1.26K","-0.13%"
"07/09/2020","21.6718","22.2929","22.3359","21.8000","1.29K","0.40%"
"07/08/2020","21.5859","22.3311","22.3599","21.9128","1.25K","-0.35%"
"07/07/2020","21.6622","22.3168","22.3648","21.9239","1.27K","0.13%"
"07/06/2020","21.6336","22.3696","22.3696","21.9000","0.77K","-0.66%"
"07/03/2020","21.7778","22.3696","22.3986","21.9446","0.28K","0.00%"
"07/02/2020","21.7778","22.3696","22.3889","21.9407","0.56K","0.18%"
"07/01/2020","21.7391","22.3841","22.4375","22.0096","1.01K","-0.13%"
"06/30/2020","21.7681","22.3889","22.4375","22.0000","1.26K","-0.04%"
"06/29/2020","21.7778","22.4083","22.4083","21.9786","0.86K","-0.05%"
"06/26/2020","21.7894","22.4035","22.4229","21.9077","1.23K","-0.08%"
"06/25/2020","21.8069","22.3599","22.4229","21.9577","1.18K","0.40%"
"06/24/2020","21.7199","22.3158","22.3599","22.1946","0.83K","0.41%"
"06/23/2020","21.6316","22.4375","22.4375","21.7037","0.73K","1.05%"
"06/22/2020","21.4074","22.4375","22.4375","21.8037","0.02K","-2.14%"
"06/19/2020","21.8750","22.4132","22.4375","21.9500","1.28K","0.62%"
"06/18/2020","21.7398","22.3950","22.4132","21.9798","1.29K","-0.23%"
"06/17/2020","21.7900","22.3744","22.4083","21.9798","1.29K","0.19%"
"06/16/2020","21.7488","22.3050","22.3900","22.0735","1.15K","0.64%"
"06/15/2020","21.6100","22.3696","22.3986","22.0834","0.84K","-0.59%"
"06/12/2020","21.7391","22.3300","22.4044","21.9337","1.12K","0.37%"
"06/11/2020","21.6600","22.2513","22.3300","21.8743","0.99K","0.73%"
"06/10/2020","21.5025","22.2835","22.3025","21.7933","1.12K","-0.30%"
"06/09/2020","21.5669","22.3263","22.3841","21.9045","1.30K","-0.40%"
"06/08/2020","21.6527","22.3311","22.3503","21.9391","0.79K","-0.04%"
"06/05/2020","21.6622","22.2950","22.4000","21.7193","1.30K","0.33%"
"06/04/2020","21.5900","22.3841","22.4229","21.7080","1.30K","-0.82%"
"06/03/2020","21.7681","22.4600","22.4600","22.0373","1.27K","-0.69%"
"06/02/2020","21.9200","22.4964","22.5113","22.1307","1.27K","-0.33%"
"06/01/2020","21.9928","22.5261","22.5261","22.2238","0.80K","-0.27%"
"05/29/2020","22.0522","22.5400","22.5510","22.2097","1.31K","-0.13%"
"05/28/2020","22.0800","22.6365","22.6365","22.3179","1.31K","-0.87%"
"05/27/2020","22.2730","22.6263","22.6872","22.3967","1.31K","0.09%"
"05/26/2020","22.2525","22.5000","22.7386","22.3780","8.36K","1.15%"
"05/25/2020","22.0000","22.5000","22.7540","22.5000","14.72K","0.00%"
"05/22/2020","22.0000","22.6750","22.7283","22.3280","12.83K","-1.57%"
"05/21/2020","22.3500","22.6364","22.6872","22.4515","0.66K","0.35%"
"05/20/2020","22.2727","22.5000","22.6719","22.3500","1.27K","1.24%"
"05/19/2020","22.0000","22.5000","22.7174","22.3500","8.64K","0.00%"
"05/18/2020","22.0000","22.8111","22.8111","22.4500","3.03K","-0.77%"
"05/15/2020","22.1705","22.7457","22.7546","22.5713","0.01K","-1.59%"
"05/14/2020","22.5285","22.6202","22.8472","22.5713","0.15K","1.13%"
"05/13/2020","22.2760","22.7250","22.7544","22.6130","0.01K","-0.59%"
"05/12/2020","22.4080","22.8216","22.8261","22.6692","0.35K","-1.04%"
"05/11/2020","22.6433","22.7900","22.8251","22.7357","0.58K","1.13%"
"05/08/2020","22.3906","22.1879","22.8004","22.1879","0.08K","4.06%"
"05/07/2020","21.5166","22.4296","22.4410","22.2595","0.01K","0.99%"
"05/06/2020","21.3065","22.2263","22.2355","22.1405","0.01K","-1.00%"
"05/05/2020","21.5209","22.5000","22.5000","22.2409","6.81K","-2.18%"
"05/04/2020","22.0000","22.6161","22.7523","22.4280","5.85K","-0.90%"
"05/01/2020","22.2000","22.6689","22.7540","22.4282","0.91K","-0.62%"
"04/30/2020","22.3377","22.7582","22.7913","22.3841","0.78K","-0.94%"
"04/29/2020","22.5500","22.7851","22.8310","22.3975","0.68K","-0.09%"
"04/28/2020","22.5702","22.8008","22.8240","22.7296","0.86K","-0.14%"
"04/27/2020","22.6015","22.8426","22.8449","22.7150","0.77K","-0.10%"
"04/24/2020","22.6244","22.8520","22.9954","22.7500","0.91K","-0.01%"
"04/23/2020","22.6271","22.7966","22.9271","22.6781","0.65K","0.15%"
"04/22/2020","22.5931","22.7747","22.8240","22.7003","0.76K","0.19%"
"04/21/2020","22.5495","22.7540","22.7979","22.6873","0.58K","0.18%"
"04/20/2020","22.5080","22.7600","22.7747","22.6655","0.57K","-0.05%"
"04/17/2020","22.5200","22.7950","22.8111","22.6608","0.95K","-0.31%"
"04/16/2020","22.5900","22.5000","22.7956","22.4250","4.49K","2.68%"
"04/15/2020","22.0000","22.6334","22.7592","22.3091","8.11K","-1.20%"
"04/14/2020","22.2667","22.5000","22.7026","22.3091","4.35K","1.21%"
"04/13/2020","22.0000","22.6872","22.7077","22.3854","9.09K","-1.66%"
"04/10/2020","22.3703","22.6872","22.7026","22.3500","1.74K","-0.02%"
"04/09/2020","22.3744","22.7644","22.7747","22.4500","1.62K","-0.68%"
"04/08/2020","22.5287","22.7221","22.7800","22.4250","3.45K","0.38%"
"04/07/2020","22.4441","22.8450","22.8473","22.6225","2.03K","-1.08%"
"04/06/2020","22.6900","22.8216","22.8950","22.7630","0.48K","0.29%"
"04/03/2020","22.6244","22.7706","22.8535","22.6850","1.13K","0.37%"
"04/02/2020","22.5412","22.6679","22.7914","22.3737","3.18K","0.92%"
"04/01/2020","22.3357","22.6111","22.6975","22.3854","2.62K","0.51%"
"03/31/2020","22.2222","22.5760","22.6770","22.2500","1.34K","0.32%"
"03/30/2020","22.1519","22.4750","22.6000","22.1750","0.87K","0.92%"
"03/27/2020","21.9500","22.5750","22.6567","22.1548","0.67K","-0.90%"
"03/26/2020","22.1500","22.7530","22.7600","22.3000","6.92K","-1.58%"
"03/25/2020","22.5060","22.8300","22.8323","22.7110","0.65K","-0.68%"
"03/24/2020","22.6600","22.9038","23.0039","22.7203","0.55K","-0.65%"
"03/23/2020","22.8077","22.9647","23.1201","22.7163","0.54K","-0.51%"
"03/20/2020","22.9250","22.9500","23.2090","22.8426","0.61K","0.11%"
"03/19/2020","22.9000","22.7400","23.1650","22.4772","5.67K","1.87%"
"03/18/2020","22.4800","22.6150","22.7903","22.3670","1.71K","1.12%"
"03/17/2020","22.2300","22.4483","22.6617","22.2424","0.57K","3.55%"
"03/16/2020","21.4671","22.3693","22.4244","21.9586","0.02K","-2.54%"
"03/13/2020","22.0264","22.4350","22.5560","22.0913","0.60K","0.72%"
"03/12/2020","21.8700","22.3455","22.5261","21.9373","0.75K","0.83%"
"03/11/2020","21.6910","22.3321","22.4260","21.8821","1.26K","0.12%"
"03/10/2020","21.6642","22.1754","22.3321","21.4750","4.52K","1.47%"
"03/09/2020","21.3508","22.3244","22.4260","21.4435","2.97K","-1.38%"
"03/06/2020","21.6488","22.3800","22.4260","21.6517","1.32K","-0.51%"
"03/05/2020","21.7600","22.4964","22.4964","22.0201","1.29K","-1.06%"
"03/04/2020","21.9928","22.4385","22.5400","22.0919","1.29K","0.53%"
"03/03/2020","21.8770","22.4787","22.5261","22.0184","1.29K","-0.37%"
"03/02/2020","21.9573","22.6001","22.6001","22.0635","0.88K","-0.65%"
"02/28/2020","22.1000","22.6200","22.6364","22.4867","0.25K","-0.81%"
"02/27/2020","22.2800","22.7400","22.7488","22.4528","0.64K","-0.89%"
"02/26/2020","22.4800","22.7509","22.7696","22.5842","1.17K","-0.10%"
"02/25/2020","22.5018","22.7820","22.8008","22.5896","1.27K","-0.28%"
"02/24/2020","22.5640","22.7727","22.8269","22.6160","0.85K","0.08%"
"02/21/2020","22.5453","22.8400","22.8423","22.5990","0.59K","-0.59%"
"02/20/2020","22.6800","22.8269","22.8900","22.7640","1.30K","0.12%"
"02/19/2020","22.6537","22.8216","22.9000","22.7374","1.30K","0.05%"
"02/18/2020","22.6433","22.7956","22.8216","22.6784","0.91K","0.23%"
"02/17/2020","22.5911","22.7956","22.8008","22.7000","0.58K","0.00%"
"02/14/2020","22.5911","22.7592","22.8008","22.6693","0.65K","0.32%"
"02/13/2020","22.5184","22.7603","22.7750","22.5632","0.48K","-0.01%"
"02/12/2020","22.5205","22.7128","22.7603","22.4710","0.68K","0.42%"
"02/11/2020","22.4256","22.7130","22.7334","22.3420","0.49K","0.00%"
"02/10/2020","22.4260","22.6821","22.7130","22.4070","0.47K","0.28%"
"02/07/2020","22.3642","22.6516","22.6821","22.2373","0.66K","0.27%"
"02/06/2020","22.3031","22.6263","22.6600","22.2469","1.09K","0.23%"
"02/05/2020","22.2525","22.5810","22.6263","22.2122","1.28K","0.41%"
"02/04/2020","22.1619","22.5660","22.5910","22.2252","1.29K","0.14%"
"02/03/2020","22.1319","22.5350","22.5810","22.3647","0.62K","2.62%"
"01/31/2020","21.5672","22.5910","22.6111","22.0086","0.65K","-2.77%"
"01/30/2020","22.1820","22.6110","22.6110","22.2787","1.24K","-0.18%"
"01/29/2020","22.2220","22.6100","22.6263","22.2750","0.89K","0.01%"
"01/28/2020","22.2200","22.6161","22.6263","22.2756","1.15K","-0.06%"
"01/27/2020","22.2323","22.5910","22.6161","22.2122","0.83K","0.23%"
"01/24/2020","22.1820","22.4695","22.6061","22.1873","0.93K","0.14%"
"01/23/2020","22.1500","22.5360","22.5910","22.0728","1.24K","0.35%"
"01/22/2020","22.0720","22.5311","22.5560","22.1027","1.25K","0.04%"
"01/21/2020","22.0621","22.5310","22.5460","22.2000","1.22K","0.00%"
"01/20/2020","22.0620","22.5361","22.5510","22.2500","0.77K","-0.05%"
"01/17/2020","22.0721","22.4964","22.5361","22.4915","0.94K","0.36%"
"01/16/2020","21.9928","22.4718","22.4987","21.9698","1.22K","0.22%"
"01/15/2020","21.9436","22.4954","22.5086","21.9698","1.26K","-0.21%"
"01/14/2020","21.9908","22.4915","22.5284","21.9948","1.24K","0.04%"
"01/13/2020","21.9830","22.5083","22.5162","22.1000","0.96K","-0.15%"
"01/10/2020","22.0165","22.5212","22.5361","22.1000","1.26K","-0.12%"
"01/09/2020","22.0423","22.5113","22.5311","22.1000","1.20K","0.09%"
"01/08/2020","22.0225","22.4797","22.5113","22.1968","0.82K","0.29%"
"01/07/2020","21.9593","22.4307","22.4984","22.2839","1.26K","0.45%"
"01/06/2020","21.8613","22.4620","22.4738","21.9339","0.80K","-0.29%"
"01/03/2020","21.9239","22.4571","22.4761","21.7585","0.62K","0.04%"
"01/02/2020","21.9141","22.4035","22.4640","21.9589","1.22K","0.49%"
"01/01/2020","21.8069","22.4035","22.4035","22.4035","","0.00%"
"12/31/2019","21.8069","22.4229","22.4278","22.0000","0.83K","-0.18%"
"12/30/2019","21.8457","22.4434","22.4434","22.1131","0.53K","-0.19%"
"12/27/2019","21.8867","22.5222","22.5260","22.1334","0.90K","-0.71%"
"12/26/2019","22.0443","22.5460","22.5483","22.0779","0.74K","-0.22%"
"12/25/2019","22.0920","22.5460","22.5460","22.5460","","0.00%"
"12/24/2019","22.0920","22.5310","22.5633","22.0508","1.21K","0.14%"
"12/23/2019","22.0620","22.5460","22.5483","22.0927","0.81K","-0.14%"
"12/20/2019","22.0920","22.5014","22.5483","22.0487","0.79K","0.41%"
"12/19/2019","22.0027","22.5063","22.5185","22.0535","1.05K","-0.04%"
"12/18/2019","22.0126","22.4767","22.5173","22.0340","0.63K","0.27%"
"12/17/2019","21.9534","22.4866","22.5173","22.0542","0.63K","-0.09%"
"12/16/2019","21.9731","22.3610","22.5069","21.9839","0.23K","-0.13%"
"12/13/2019","22.0027","22.4895","22.5196","21.8952","0.91K","0.11%"
"12/12/2019","21.9790","22.4924","22.5185","22.1127","1.22K","-0.03%"
"12/11/2019","21.9849","22.5361","22.5583","22.0977","1.22K","-0.40%"
"12/10/2019","22.0721","22.5609","22.5706","22.3261","1.22K","-0.23%"
"12/09/2019","22.1219","22.5660","22.5723","22.0087","0.78K","-0.05%"
"12/06/2019","22.1319","22.5271","22.5810","22.2500","0.91K","0.35%"
"12/05/2019","22.0542","22.5450","22.5510","22.0900","1.22K","-0.16%"
"12/04/2019","22.0900","22.5361","22.6023","22.1331","1.22K","0.08%"
"12/03/2019","22.0721","22.5460","22.6023","22.1087","1.23K","-0.09%"
"12/02/2019","22.0920","22.6050","22.6286","22.1527","0.82K","-0.53%"
"11/29/2019","22.2101","22.6263","22.6465","22.3000","0.92K","-0.19%"
"11/28/2019","22.2525","22.6263","22.6263","22.6111","0.69K","0.00%"
"11/27/2019","22.2525","22.6050","22.6386","22.2419","1.22K","0.19%"
"11/26/2019","22.2101","22.6161","22.6273","22.2220","1.22K","-0.10%"
"11/25/2019","22.2323","22.6011","22.6286","22.1823","0.81K","0.14%"
"11/22/2019","22.2021","22.5660","22.6080","22.0587","0.89K","0.32%"
"11/21/2019","22.1319","22.5540","22.6023","22.0587","1.42K","0.11%"
"11/20/2019","22.1079","22.5470","22.6023","22.1724","1.51K","0.06%"
"11/19/2019","22.0940","22.5560","22.6023","22.0937","1.42K","-0.08%"
"11/18/2019","22.1119","22.5710","22.6023","22.1625","1.22K","-0.18%"
"11/15/2019","22.1519","22.5880","22.6111","22.3109","3.00K","-0.11%"
"11/14/2019","22.1760","22.6263","22.6364","22.1050","1.42K","-0.25%"
"11/13/2019","22.2323","22.6212","22.6263","22.6161","1.20K","-0.05%"
"11/12/2019","22.2424","22.5910","22.6212","22.2500","3.45K","0.27%"
"11/11/2019","22.1820","22.6061","22.6061","22.2500","2.45K","-0.14%"
"11/08/2019","22.2121","22.5810","22.6061","22.3000","2.38K","0.23%"
"11/07/2019","22.1619","22.5560","22.5810","22.1910","4.89K","0.23%"
"11/06/2019","22.1119","22.5560","22.5560","22.1500","4.78K","0.00%"
"11/05/2019","22.1119","22.4964","22.5560","22.1464","1.55K","0.51%"
"11/04/2019","22.0000","21.9746","22.1568","21.9179","0.00K","3.16%"
"11/01/2019","21.3264","21.3264","21.3264","21.3264","","0.00%"
"10/31/2019","21.3264","21.9746","22.1680","21.8017","0.01K","-1.09%"
"10/30/2019","21.5610","21.9746","22.2045","21.9305","","0.86%"
"10/29/2019","21.3773","22.1750","22.2158","21.8387","","-1.11%"
"10/28/2019","21.6164","22.4494","22.5411","21.8612","","1.21%"
"10/25/2019","21.3581","22.5260","22.5283","21.8291","","-1.36%"
"10/24/2019","21.6521","22.1250","22.5023","21.9436","","0.60%"
"10/23/2019","21.5223","22.5014","22.5185","21.9362","","-2.18%"
"10/22/2019","22.0027","22.4816","22.5037","21.9692","","0.18%"
"10/21/2019","21.9632","22.4679","22.4839","21.9506","","0.13%"
"10/18/2019","21.9357","22.5014","22.5185","21.9642","","-0.30%"
"10/17/2019","22.0027","22.5430","22.5532","22.0282","","-0.38%"
"10/16/2019","22.0860","22.5910","22.6084","22.1471","","-0.43%"
"10/15/2019","22.1820","22.5970","22.6386","22.1471","","-0.05%"
"10/14/2019","22.1940","22.5810","22.6111","22.5810","","0.14%"
"10/11/2019","22.1619","22.6161","22.6286","22.1971","","-0.32%"
"10/10/2019","22.2323","22.6516","22.6538","22.2120","","-0.32%"
"10/09/2019","22.3031","22.6770","22.6793","22.2221","","-0.23%"
"10/08/2019","22.3540","22.6526","22.6793","22.2580","","0.22%"
"10/07/2019","22.3052","22.6465","22.6691","22.2519","","0.05%"
"10/04/2019","22.2930","22.6597","22.6691","22.3119","","-0.12%"
"10/03/2019","22.3194","22.6689","22.6895","22.3520","","-0.08%"
"10/02/2019","22.3377","22.6944","22.7306","22.2721","","-0.23%"
"10/01/2019","22.3887","22.7283","22.7488","22.3750","","-0.30%"
"09/30/2019","22.4565","22.6862","22.7437","22.5762","","0.38%"
"09/27/2019","22.3724","22.7025","22.7128","22.4770","","-0.15%"
"09/26/2019","22.4050","22.6770","22.7049","22.2471","","0.23%"
"09/25/2019","22.3540","22.0914","22.6844","22.0914","","2.91%"
"09/24/2019","21.7210","22.6313","22.6488","22.1105","","-2.43%"
"09/23/2019","22.2626","22.6100","22.6562","22.4291","","0.19%"
"09/20/2019","22.2200","22.5669","22.6286","22.1484","","0.39%"
"09/19/2019","22.1339","22.5880","22.5983","22.0971","","-0.19%"
"09/18/2019","22.1760","22.5660","22.5983","22.1224","","0.20%"
"09/17/2019","22.1319","22.6263","22.6309","22.0625","","-0.54%"
"09/16/2019","22.2525","22.5560","22.6309","22.0797","","3.81%"
"09/13/2019","21.4350","22.5609","22.5793","21.9175","","-3.11%"
"09/12/2019","22.1219","22.6161","22.6947","22.1971","","-0.50%"
"09/11/2019","22.2323","22.5810","22.6286","22.1921","","0.32%"
"09/10/2019","22.1619","22.5600","22.5983","22.1921","","0.19%"
"09/09/2019","22.1199","22.5910","22.6084","22.1323","","0.09%"
"09/06/2019","22.1000","22.5810","22.5960","22.2500","","-0.28%"
"09/05/2019","22.1619","22.5900","22.6084","22.0773","","-0.08%"
"09/04/2019","22.1800","22.6546","22.6590","22.2220","","-0.58%"
"09/03/2019","22.3092","22.6668","22.7049","22.2920","","-0.11%"
"09/02/2019","22.3336","22.6415","22.6668","22.6415","","0.23%"
"08/30/2019","22.2829","22.5710","22.6506","22.2910","","0.64%"
"08/29/2019","22.1419","22.5460","22.5710","21.9819","","0.23%"
"08/28/2019","22.0920","22.5361","22.5510","22.1500","","0.09%"
"08/27/2019","22.0721","22.5281","22.5361","22.5212","","0.07%"
"08/26/2019","22.0562","22.4866","22.5281","22.1816","","0.38%"
"08/23/2019","21.9731","22.1111","22.5410","21.8255","","-0.45%"
"08/22/2019","22.0721","22.1140","22.1332","21.8255","","-0.03%"
"08/21/2019","22.0780","22.0972","22.1162","21.8255","","0.15%"
"08/20/2019","22.0443","22.1230","22.1332","21.9797","","-0.23%"
"08/19/2019","22.0960","22.1111","22.1252","21.8255","","3.49%"
"08/16/2019","21.3518","22.0912","22.1088","21.6961","","-0.33%"
"08/15/2019","21.4224","22.0130","22.0474","21.7292","","-2.58%"
"08/14/2019","21.9900","21.9653","22.0152","21.8233","","0.44%"
"08/13/2019","21.8945","21.9360","22.0206","21.7944","","0.27%"
"08/12/2019","21.8360","21.9360","22.0425","21.7717","","2.85%"
"08/09/2019","21.2312","22.0125","22.0294","21.6156","","-2.98%"
"08/08/2019","21.8828","21.9746","22.2043","21.7510","","0.35%"
"08/07/2019","21.8069","21.9992","22.2043","21.7751","","-0.22%"
"08/06/2019","21.8560","21.9986","22.2073","21.8158","","0.00%"
"08/05/2019","21.8550","22.0923","22.2734","21.7956","","0.36%"
"08/02/2019","21.7759","22.2860","22.3028","21.8257","","-1.34%"
"08/01/2019","22.0720","22.1300","22.3533","22.0271","","-0.17%"
"07/31/2019","22.1100","22.0198","22.1322","21.8644","","0.78%"
"07/30/2019","21.9396","22.0376","22.0437","21.8889","","-0.16%"
"07/29/2019","21.9751","22.0464","22.0912","21.9135","","-0.13%"
"07/26/2019","22.0027","22.0365","22.1062","21.8888","","0.13%"
"07/25/2019","21.9731","22.0415","22.0862","21.8790","","-0.05%"
"07/24/2019","21.9830","21.9006","22.0486","21.8023","","1.71%"
"07/23/2019","21.6133","21.8860","22.0044","21.5820","","0.33%"
"07/22/2019","21.5432","21.8860","21.9022","21.6226","","-1.30%"
"07/19/2019","21.8263","21.8183","21.8882","21.6226","","0.58%"
"07/18/2019","21.7006","21.8715","21.9115","21.6106","","-0.49%"
"07/17/2019","21.8069","21.8875","21.9027","21.5766","","-0.13%"
"07/16/2019","21.8360","21.8440","21.8886","21.6226","","0.40%"
"07/15/2019","21.7488","21.8225","21.8607","21.5766","","0.09%"
"07/12/2019","21.7300","21.8367","21.8475","21.7750","","-0.13%"
"07/11/2019","21.7584","21.8319","21.8367","21.7500","","0.04%"
"07/10/2019","21.7488","21.8804","21.9027","21.7603","","-0.44%"
"07/09/2019","21.8457","21.8729","21.9125","21.7430","","0.00%"
"07/08/2019","21.8457","21.8535","21.9029","21.6226","","0.18%"
"07/05/2019","21.8070","21.7503","21.8930","21.7500","","0.49%"
"07/04/2019","21.7006","21.7503","21.7503","21.7503","","0.00%"
"07/03/2019","21.7006","21.7407","21.7801","21.6000","","0.09%"
"07/02/2019","21.6814","21.7465","21.7487","21.5608","","-0.05%"
"07/01/2019","21.6929","21.5776","21.8726","21.4922","","0.85%"
"06/28/2019","21.5101","21.5635","21.6290","21.5537","","-0.04%"
"06/27/2019","21.5195","21.5730","21.6335","21.5537","","-0.09%"
"06/26/2019","21.5385","21.5743","21.8096","21.4499","","0.18%"
"06/25/2019","21.5007","21.7206","21.8011","21.4419","","0.04%"
"06/24/2019","21.4912","21.7443","21.8261","21.3250","","-0.22%"
"06/21/2019","21.5385","21.8157","21.8253","21.6443","","-0.66%"
"06/20/2019","21.6814","21.8736","21.9247","21.6215","","-0.53%"
"06/19/2019","21.7972","21.9076","21.9636","21.6715","","-0.24%"
"06/18/2019","21.8500","21.8219","22.0039","21.6293","","0.20%"
"06/17/2019","21.8069","21.9430","21.9490","21.6251","","-0.13%"
"06/14/2019","21.8360","21.8715","21.9430","21.7965","","0.66%"
"06/13/2019","21.6929","21.8657","21.8911","21.6365","","0.05%"
"06/12/2019","21.6814","21.8265","21.8657","21.6977","","0.36%"
"06/11/2019","21.6030","21.8418","21.8572","21.5715","","-0.14%"
"06/10/2019","21.6336","21.8275","22.0083","21.5680","","0.13%"
"06/07/2019","21.6049","21.8657","22.0028","21.5965","","-0.35%"
"06/06/2019","21.6814","21.9091","21.9199","21.6822","","-0.40%"
"06/05/2019","21.7681","21.9033","21.9091","21.6239","","0.05%"
"06/04/2019","21.7565","21.9100","22.0017","21.6989","","-0.06%"
"06/03/2019","21.7700","21.9821","21.9881","21.7969","","-0.75%"
"05/31/2019","21.9338","22.0165","22.0225","21.8497","","-0.22%"
"05/30/2019","21.9830","22.0165","22.0863","21.9750","","0.00%"
"05/29/2019","21.9830","21.9772","22.0264","21.9687","","0.36%"
"05/28/2019","21.9043","21.9625","21.9821","21.9250","","0.13%"
"05/27/2019","21.8750","21.9479","21.9625","21.9430","","0.13%"
"05/24/2019","21.8457","21.9821","22.0445","21.6739","","-0.31%"
"05/23/2019","21.9141","21.9734","22.0662","21.7757","","-0.07%"
"05/22/2019","21.9298","21.9754","22.0017","21.6623","","-0.02%"
"05/21/2019","21.9338","21.9656","21.9973","21.7074","","1.61%"
"05/20/2019","21.5866","21.9705","22.0017","21.8018","","-1.58%"
"05/17/2019","21.9338","21.9363","22.0000","21.6753","","2.20%"
"05/16/2019","21.4621","21.9314","22.0071","21.6870","","-1.76%"
"05/15/2019","21.8457","21.9218","21.9706","21.7084","","0.04%"
"05/14/2019","21.8360","21.8980","21.9239","21.7264","","0.22%"
"05/13/2019","21.7875","21.9160","21.9317","21.6918","","0.00%"
"05/10/2019","21.7875","21.9306","21.9328","21.6588","","-0.13%"
"05/09/2019","21.8166","21.9451","21.9804","21.7094","","-0.13%"
"05/08/2019","21.8457","21.9637","21.9658","21.7965","","-0.17%"
"05/07/2019","21.8828","21.9623","21.9897","21.9132","","0.11%"
"05/06/2019","21.8594","21.9701","21.9750","21.9250","","-0.07%"
"05/03/2019","21.8750","21.9847","22.0142","21.7094","","-0.13%"
"05/02/2019","21.9043","21.9346","21.9847","21.7094","","0.31%"
"05/01/2019","21.8360","21.9249","21.9346","21.7075","","0.09%"
"04/30/2019","21.8166","21.9668","21.9687","21.7106","","-0.38%"
"04/29/2019","21.9004","21.9884","22.0267","21.7851","","-0.20%"
"04/26/2019","21.9436","22.0031","22.0130","21.6792","","1.28%"
"04/25/2019","21.6664","21.9515","22.0313","21.6044","","-1.26%"
"04/24/2019","21.9430","21.8314","21.9615","21.6174","","0.60%"
"04/23/2019","21.8127","21.7825","21.8930","21.4871","","0.31%"
"04/22/2019","21.7449","21.7941","21.8438","21.5266","","-0.11%"
"04/19/2019","21.7681","21.7989","21.8438","21.5615","","-0.04%"
"04/18/2019","21.7778","21.7218","21.8438","21.6062","","0.53%"
"04/17/2019","21.6622","21.7314","21.7407","21.6907","","-0.09%"
"04/16/2019","21.6814","21.7315","21.7554","21.3858","","0.13%"
"04/15/2019","21.6527","21.7362","21.7362","21.4285","","1.71%"
"04/12/2019","21.2890","21.7698","21.7779","21.4040","","-2.03%"
"04/11/2019","21.7295","21.7541","21.8042","21.4975","","0.15%"
"04/10/2019","21.6980","21.7698","21.8188","21.6039","","-0.06%"
"04/09/2019","21.7102","21.8182","21.8230","21.5039","","-0.13%"
"04/08/2019","21.7391","21.8666","21.8666","21.6191","","-0.40%"
"04/05/2019","21.8263","21.8715","21.8781","21.5976","","0.00%"
"04/04/2019","21.8263","21.8472","21.8774","21.5953","","0.22%"
"04/03/2019","21.7778","21.8958","21.8969","21.6168","","-0.44%"
"04/02/2019","21.8750","21.8715","21.9174","21.6707","","0.22%"
"04/01/2019","21.8263","21.8569","21.9000","21.5086","","0.13%"
"03/29/2019","21.7972","21.8618","21.8774","21.5513","","-0.04%"
"03/28/2019","21.8069","21.7836","21.8763","21.4986","","0.31%"
"03/27/2019","21.7391","21.7123","21.8091","21.4438","","0.22%"
"03/26/2019","21.6910","21.7170","21.7614","21.4766","","0.22%"
"03/25/2019","21.6430","21.7362","21.7362","21.4189","","-0.18%"
"03/22/2019","21.6814","21.6075","21.7506","21.4318","","0.66%"
"03/21/2019","21.5385","21.5507","21.6632","21.4329","","0.53%"
"03/20/2019","21.4250","21.6217","21.6632","21.3418","","-0.61%"
"03/19/2019","21.5574","21.6974","21.7264","21.4470","","-0.06%"
"03/18/2019","21.5707","21.7193","21.7303","21.4917","","-0.20%"
"03/15/2019","21.6145","21.7479","21.7490","21.6218","","-0.26%"
"03/14/2019","21.6718","21.7327","21.7766","21.4986","","0.41%"
"03/13/2019","21.5840","21.7907","21.8014","21.4952","","-0.45%"
"03/12/2019","21.6814","21.8350","21.8350","21.5985","","-0.41%"
"03/11/2019","21.7700","21.8438","21.8535","21.5320","","-0.08%"
"03/08/2019","21.7875","21.8875","21.8875","21.5863","","-0.40%"
"03/07/2019","21.8750","21.6788","21.8875","21.4986","","1.07%"
"03/06/2019","21.6431","21.6692","21.7207","21.4864","","0.09%"
"03/05/2019","21.6240","21.6366","21.7159","21.4706","","0.28%"
"03/04/2019","21.5631","21.6196","21.6966","21.4962","","0.53%"
"03/01/2019","21.4500","21.6196","21.7835","21.3378","","-0.37%"
"02/28/2019","21.5290","21.6451","21.7645","21.3445","","0.09%"
"02/27/2019","21.5101","21.6262","21.6498","21.3374","","0.28%"
"02/26/2019","21.4500","21.6495","21.6782","21.3248","","-0.32%"
"02/25/2019","21.5190","21.6788","21.7451","21.4260","","-0.40%"
"02/22/2019","21.6049","21.6788","21.6788","21.3696","","0.00%"
"02/21/2019","21.6049","21.6286","21.6873","21.4264","","0.47%"
"02/20/2019","21.5044","21.6456","21.6950","21.4858","","-0.16%"
"02/19/2019","21.5385","21.7208","21.7495","21.6443","","-0.53%"
"02/18/2019","21.6527","21.7236","21.7495","21.6937","","-0.03%"
"02/15/2019","21.6584","21.7042","21.8339","21.4986","","0.74%"
"02/14/2019","21.5000","21.7377","21.7792","21.4715","","-0.84%"
"02/13/2019","21.6814","21.6661","21.7407","21.4653","","0.52%"
"02/12/2019","21.5688","21.7368","21.7745","21.4885","","-0.65%"
"02/11/2019","21.7102","21.6295","21.7551","21.4373","","0.44%"
"02/08/2019","21.6145","21.6067","21.6620","21.4586","","0.21%"
"02/07/2019","21.5688","21.5678","21.6473","21.3964","","0.27%"
"02/06/2019","21.5101","21.5236","21.5736","21.3364","","0.41%"
"02/05/2019","21.4217","21.5208","21.5594","21.3336","","0.03%"
"02/04/2019","21.4161","21.4834","21.5219","21.2316","","0.35%"
"02/01/2019","21.3415","21.4742","21.5125","21.2381","","0.09%"
"01/31/2019","21.3229","21.4528","21.5138","21.1775","","0.20%"
"01/30/2019","21.2803","21.5290","21.7315","21.2650","","-0.57%"
"01/29/2019","21.4030","21.5356","21.7221","21.2650","","-0.06%"
"01/28/2019","21.4161","21.5440","21.7503","21.2500","","-0.08%"
"01/25/2019","21.4329","21.6395","21.6444","21.3425","","-0.88%"
"01/24/2019","21.6240","21.5531","21.6800","21.3300","","0.63%"
"01/23/2019","21.4893","21.5611","21.6084","21.3537","","-0.11%"
"01/22/2019","21.5120","21.5790","21.6232","21.4322","","-0.17%"
"01/21/2019","21.5479","21.5960","21.6055","21.5601","","0.15%"
"01/18/2019","21.5158","21.5602","21.7835","21.3000","","0.23%"
"01/17/2019","21.4667","21.5630","21.7645","21.3000","","-0.03%"
"01/16/2019","21.4724","21.5452","21.6022","21.3638","","0.17%"
"01/15/2019","21.4367","21.5708","21.7362","21.2250","","0.45%"
"01/14/2019","21.3415","21.5503","21.6703","21.1758","","0.19%"
"01/11/2019","21.3006","21.5245","21.5812","21.1827","","0.24%"
"01/10/2019","21.2489","21.4932","21.5245","21.0995","","0.30%"
"01/09/2019","21.1864","21.5940","21.5940","21.1099","","-0.94%"
"01/08/2019","21.3880","21.5531","21.6174","21.3053","","0.38%"
"01/07/2019","21.3062","21.6362","21.6362","21.2399","","-0.77%"
"01/04/2019","21.4724","21.6456","21.6882","21.3614","","-0.09%"
"01/03/2019","21.4912","21.6835","21.7025","21.3812","","-0.35%"
"01/02/2019","21.5669","21.5493","21.6835","21.3798","","0.97%"
"01/01/2019","21.3601","21.5493","21.5493","21.5493","","0.00%"
"12/31/2018","21.3601","21.5680","21.6384","21.3271","","-0.17%"
"12/28/2018","21.3974","21.5512","21.7080","21.2500","","0.16%"
"12/27/2018","21.3638","21.6385","21.7735","21.2972","","-0.81%"
"12/26/2018","21.5385","21.5960","21.6443","21.3826","","0.40%"
"12/25/2018","21.4536","21.5960","21.5960","21.5960","","0.00%"
"12/24/2018","21.4536","21.5000","21.7598","21.2622","","2.16%"
"12/21/2018","21.0000","21.5260","21.7692","21.2089","","-1.47%"
"12/20/2018","21.3136","21.6139","21.7503","21.2500","","-0.82%"
"12/19/2018","21.4893","21.6385","21.7693","21.2500","","-0.23%"
"12/18/2018","21.5385","21.6353","21.6622","21.4418","","-0.04%"
"12/17/2018","21.5479","21.6791","21.6791","21.5390","","-0.40%"
"12/14/2018","21.6355","21.5927","21.7450","21.5217","","0.63%"
"12/13/2018","21.5000","21.5776","21.6430","21.5750","","0.04%"
"12/12/2018","21.4912","21.6345","21.7389","21.4485","","-0.53%"
"12/11/2018","21.6049","21.6060","21.6966","21.4941","","0.26%"
"12/10/2018","21.5479","21.5635","21.6878","21.4721","","0.50%"
"12/07/2018","21.4404","21.5701","21.6071","21.4488","","-0.17%"
"12/06/2018","21.4762","21.6050","21.6584","21.5562","","-0.32%"
"12/05/2018","21.5460","21.6145","21.6715","21.4441","","-0.09%"
"12/04/2018","21.5650","21.6060","21.8120","21.3320","","2.64%"
"12/03/2018","21.0108","21.6620","21.7259","21.3200","","-2.84%"
"11/30/2018","21.6240","21.6338","21.6907","21.4327","","0.53%"
"11/29/2018","21.5101","21.6300","21.6632","21.4368","","0.04%"
"11/28/2018","21.5025","21.7070","21.7435","21.4759","","-0.71%"
"11/27/2018","21.6565","21.6717","21.7338","21.5487","","0.33%"
"11/26/2018","21.5859","21.7163","21.7163","21.4216","","-0.09%"
"11/23/2018","21.6049","21.6501","21.7163","21.5465","","0.62%"
"11/22/2018","21.4724","21.6501","21.6639","21.5565","","0.00%"
"11/21/2018","21.4724","21.6595","21.6784","21.4182","","-0.09%"
"11/20/2018","21.4912","21.5902","21.7456","21.2750","","0.65%"
"11/19/2018","21.3526","21.6276","21.7315","21.2750","","-0.35%"
"11/16/2018","21.4273","21.6964","21.8120","21.3295","","-0.64%"
"11/15/2018","21.5650","21.7011","21.7594","21.4027","","-0.04%"
"11/14/2018","21.5745","21.7594","21.7787","21.4928","","-0.54%"
"11/13/2018","21.6910","21.8028","21.8225","21.4851","","-0.40%"
"11/12/2018","21.7778","21.6977","21.8028","21.5424","","0.84%"
"11/09/2018","21.5954","21.5377","21.6977","21.4575","","0.79%"
"11/08/2018","21.4254","21.5085","21.7315","21.2961","","0.31%"
"11/07/2018","21.3601","21.5506","21.7360","21.2250","","-0.39%"
"11/06/2018","21.4442","21.5440","21.7456","21.2372","","0.06%"
"11/05/2018","21.4311","21.5835","21.5988","21.4121","","-0.37%"
"11/02/2018","21.5101","21.5421","21.7551","21.3250","","0.39%"
"11/01/2018","21.4273","21.6227","21.8165","21.3250","","-0.78%"
"10/31/2018","21.5954","21.6037","21.6966","21.4316","","0.18%"
"10/30/2018","21.5574","21.5603","21.7882","21.3250","","0.40%"
"10/29/2018","21.4705","21.5406","21.7645","21.2363","","0.18%"
"10/26/2018","21.4311","21.5442","21.6275","21.3526","","-0.50%"
"10/25/2018","21.5385","21.4814","21.7750","21.2101","","0.37%"
"10/24/2018","21.4592","21.3585","21.5754","21.2309","","0.76%"
"10/23/2018","21.2969","21.3854","21.4237","21.1869","","-0.25%"
"10/22/2018","21.3508","21.3317","21.4350","21.1589","","0.51%"
"10/19/2018","21.2434","21.3710","21.4087","21.2967","","-0.29%"
"10/18/2018","21.3043","21.3175","21.3772","21.1589","","1.37%"
"10/17/2018","21.0172","21.2490","21.2857","21.1201","","-0.62%"
"10/16/2018","21.1480","21.2399","21.2546","21.1000","","0.09%"
"10/15/2018","21.1298","21.2719","21.3726","20.8813","","-0.30%"
"10/12/2018","21.1938","21.3193","21.3786","21.1800","","0.48%"
"10/11/2018","21.0934","21.3704","21.3826","21.2067","","-0.48%"
"10/10/2018","21.1956","21.4145","21.4294","21.2628","","-0.42%"
"10/09/2018","21.2840","21.4480","21.4806","21.1223","","-0.31%"
"10/08/2018","21.3508","21.3926","21.4526","21.3926","","0.56%"
"10/05/2018","21.2323","21.3924","21.4247","21.1896","","-0.32%"
"10/04/2018","21.3000","21.3970","21.4433","21.2904","","0.24%"
"10/03/2018","21.2489","21.3695","21.4126","21.3090","","0.26%"
"10/02/2018","21.1938","21.3347","21.4109","21.2522","","0.33%"
"10/01/2018","21.1243","21.3057","21.3603","21.2181","","0.28%"
"09/28/2018","21.0662","21.2713","21.3512","20.8794","","4.12%"
"09/27/2018","20.2329","21.1619","21.2382","20.6286","","-2.63%"
"09/26/2018","20.7786","21.1592","21.2025","20.7804","","0.03%"
"09/25/2018","20.7733","21.1716","21.2070","20.7581","","-0.12%"
"09/24/2018","20.7980","21.1578","21.2070","20.8248","","-0.08%"
"09/21/2018","20.8156","21.1313","21.1756","20.8252","","0.25%"
"09/20/2018","20.7627","21.2291","21.2380","20.8558","","-0.93%"
"09/19/2018","20.9581","21.2201","21.2560","20.9152","","0.09%"
"09/18/2018","20.9402","21.2201","21.2425","20.7200","","0.00%"
"09/17/2018","20.9402","21.2632","21.2831","20.9300","","-0.21%"
"09/14/2018","20.9844","21.2085","21.2750","21.0143","","0.32%"
"09/13/2018","20.9169","21.2687","21.2958","20.9403","","0.63%"
"09/12/2018","20.7853","21.2549","21.3259","20.9403","","0.13%"
"09/11/2018","20.7574","21.2467","21.2900","20.9403","","-1.59%"
"09/10/2018","21.0934","21.2890","21.3310","20.9403","","-0.26%"
"09/07/2018","21.1480","21.2464","21.3128","21.1251","","0.50%"
"09/06/2018","21.0427","21.2482","21.2682","20.9187","","-0.02%"
"09/05/2018","21.0463","21.2881","21.3321","20.9403","","-0.38%"
"09/04/2018","21.1262","21.2672","21.3413","20.9403","","0.20%"
"09/03/2018","21.0843","21.2663","21.2854","21.2663","","0.01%"
"08/31/2018","21.0825","21.1996","21.2693","21.0371","","0.64%"
"08/30/2018","20.9491","21.1772","21.2366","21.0519","","0.21%"
"08/29/2018","20.9044","21.1844","21.2321","20.8459","","-0.07%"
"08/28/2018","20.9187","21.1889","21.2961","20.8651","","-0.04%"
"08/27/2018","20.9277","21.2409","21.2786","21.0888","","-0.49%"
"08/24/2018","21.0318","21.3237","21.3321","21.0299","","-0.78%"
"08/23/2018","21.1974","21.2799","21.3248","20.9403","","0.41%"
"08/22/2018","21.1098","21.2735","21.3230","21.0073","","0.06%"
"08/21/2018","21.0970","21.4947","21.6750","21.1076","","-1.01%"
"08/20/2018","21.3118","21.5000","21.7315","20.9403","","0.81%"
"08/17/2018","21.1409","21.5956","21.7645","20.9403","","-1.63%"
"08/16/2018","21.4912","21.6268","21.6461","21.4312","","-0.29%"
"08/15/2018","21.5536","21.6335","21.7311","21.1525","","-0.06%"
"08/14/2018","21.5669","21.5956","21.7835","21.1271","","0.35%"
"08/13/2018","21.4912","21.4693","21.7693","21.1281","","0.25%"
"08/10/2018","21.4386","21.2619","21.4956","20.9403","","1.07%"
"08/09/2018","21.2121","21.1844","21.2711","21.0700","","0.74%"
"08/08/2018","21.0572","21.1989","21.2258","20.9863","","-0.18%"
"08/07/2018","21.0952","21.2265","21.2800","21.0233","","-0.27%"
"08/06/2018","21.1517","21.2173","21.2753","21.0463","","0.09%"
"08/03/2018","21.1334","21.2064","21.2384","20.9403","","0.10%"
"08/02/2018","21.1116","21.1368","21.2064","20.9996","","0.66%"
"08/01/2018","20.9724","21.1055","21.1556","20.9273","","0.30%"
"07/31/2018","20.9098","21.0939","21.1167","20.8261","","0.11%"
"07/30/2018","20.8866","21.1395","21.1983","20.8701","","-0.43%"
"07/27/2018","20.9778","21.1389","21.1848","20.9719","","0.00%"
"07/26/2018","20.9778","21.0773","21.1570","20.9436","","0.59%"
"07/25/2018","20.8546","21.1156","21.1978","20.9540","","-0.37%"
"07/24/2018","20.9312","21.1084","21.1536","20.8577","","0.07%"
"07/23/2018","20.9169","21.0880","21.1978","20.8798","","0.20%"
"07/20/2018","20.8759","21.1470","21.2000","20.9930","","-0.56%"
"07/19/2018","20.9940","21.1578","21.2154","20.9927","","-0.10%"
"07/18/2018","21.0156","21.1344","21.2013","21.0189","","0.22%"
"07/17/2018","20.9688","21.0907","21.1362","20.9394","","0.42%"
"07/16/2018","20.8813","21.1183","21.1500","20.9457","","-0.57%"
"07/13/2018","21.0000","21.1281","21.1876","20.7748","","0.21%"
"07/12/2018","20.9563","21.1255","21.1560","20.7480","","0.03%"
"07/11/2018","20.9509","21.0631","21.1450","20.7686","","0.60%"
"07/10/2018","20.8262","21.2892","21.3425","20.7688","","0.05%"
"07/09/2018","20.8156","21.2980","21.3918","20.7837","","-0.21%"
"07/06/2018","20.8599","21.3452","21.3663","20.8302","","-0.32%"
"07/05/2018","20.9277","21.3918","21.3918","20.8948","","-0.44%"
"07/04/2018","21.0210","21.3676","21.4054","21.3676","","0.23%"
"07/03/2018","20.9724","21.3892","21.4054","20.9290","0.02K","-0.21%"
"07/02/2018","21.0156","21.3470","21.4417","20.9589","","0.40%"
"06/29/2018","20.9312","21.4600","21.4691","20.8708","","-1.07%"
"06/28/2018","21.1572","21.4609","21.5058","20.9237","","-0.01%"
"06/27/2018","21.1590","21.3865","21.4636","20.9029","","0.71%"
"06/26/2018","21.0102","21.3229","21.3873","21.0166","","0.61%"
"06/25/2018","20.8831","21.3783","21.4100","21.3229","","-0.45%"
"06/22/2018","20.9778","21.4162","21.4324","20.8667","","-0.44%"
"06/21/2018","21.0698","21.4463","21.5151","20.9237","","-0.28%"
"06/20/2018","21.1298","21.4426","21.4828","20.9237","","0.03%"
"06/19/2018","21.1225","21.4100","21.4966","20.9457","","0.31%"
"06/18/2018","21.0572","21.4162","21.4614","20.8779","","-0.06%"
"06/15/2018","21.0698","21.4435","21.4737","20.8395","","-0.26%"
"06/14/2018","21.1243","21.2531","21.4435","20.7610","","1.84%"
"06/13/2018","20.7434","21.2883","21.3158","20.7039","","-0.34%"
"06/12/2018","20.8139","21.2583","21.2936","20.7370","","0.29%"
"06/11/2018","20.7539","21.2527","21.2848","20.7406","","-0.13%"
"06/08/2018","20.7803","21.2246","21.2969","20.7068","","0.27%"
"06/07/2018","20.7241","21.2474","21.2525","20.6588","","-0.22%"
"06/06/2018","20.7698","21.2880","21.3125","20.9000","","-0.39%"
"06/05/2018","20.8511","21.3165","21.3640","20.8698","","-0.27%"
"06/04/2018","20.9080","21.3595","21.6030","20.9280","","-0.32%"
"06/01/2018","20.9760","21.3281","21.3911","20.8628","","0.21%"
"05/31/2018","20.9312","21.3425","21.3730","20.9508","","-0.14%"
"05/30/2018","20.9600","21.4631","21.4778","21.0113","","-0.04%"
"05/29/2018","20.9680","21.6030","21.6030","20.9200","","-2.39%"
"05/28/2018","21.4810","21.0015","21.6030","20.9745","","2.43%"
"05/25/2018","20.9724","20.9327","21.0605","20.7737","","0.51%"
"05/24/2018","20.8653","20.5000","20.9700","20.4560","","4.74%"
"05/23/2018","19.9201","20.8787","21.0200","20.3361","","-2.81%"
"05/22/2018","20.4969","20.8708","20.9078","20.6256","","-1.18%"
"05/21/2018","20.7416","20.8946","20.9389","20.4526","","-0.23%"
"05/18/2018","20.7891","20.8682","20.9150","20.5296","","0.25%"
"05/17/2018","20.7364","20.8586","20.8850","20.5685","","1.31%"
"05/16/2018","20.4689","20.8254","20.9044","20.4701","","0.81%"
"05/15/2018","20.3047","20.5000","20.8561","20.3161","","1.93%"
"05/14/2018","19.9201","20.7365","20.7435","20.2401","","-1.04%"
"05/11/2018","20.1300","20.7545","20.8126","20.3650","","-1.85%"
"05/10/2018","20.5090","20.8201","20.8285","20.5795","","-0.64%"
"05/09/2018","20.6403","20.8080","20.8484","20.4295","","0.12%"
"05/08/2018","20.6160","20.7579","20.8419","20.3931","","0.49%"
"05/07/2018","20.5158","20.7305","20.7800","20.2910","","0.33%"
"05/04/2018","20.4490","20.6956","20.7750","20.1595","","0.28%"
"05/03/2018","20.3912","20.7424","20.7468","20.2110","","-0.46%"
"05/02/2018","20.4849","20.6998","20.7450","20.1876","","0.42%"
"05/01/2018","20.3997","20.6156","20.7169","20.1504","","2.06%"
"04/30/2018","19.9888","20.5873","20.6500","20.1694","","-0.92%"
"04/27/2018","20.1746","20.6056","20.6492","20.1134","","-0.18%"
"04/26/2018","20.2112","20.2100","20.6250","19.7718","","0.65%"
"04/25/2018","20.0803","20.4894","20.5600","19.7816","","0.51%"
"04/24/2018","19.9788","20.5205","20.5492","20.1094","","0.80%"
"04/23/2018","19.8206","20.4513","20.5350","19.8894","","-0.41%"
"04/20/2018","19.9025","20.4030","20.4837","19.7873","","0.49%"
"04/19/2018","19.8060","20.3830","20.4250","19.7677","","0.20%"
"04/18/2018","19.7660","20.3926","20.4081","19.7145","","-0.10%"
"04/17/2018","19.7852","20.3870","20.4200","19.7841","","0.13%"
"04/16/2018","19.7597","20.4174","20.4432","19.7503","","-0.38%"
"04/13/2018","19.8348","20.4166","20.4450","19.8198","","0.01%"
"04/12/2018","19.8332","20.3878","20.4553","19.8026","","0.29%"
"04/11/2018","19.7756","20.3958","20.4070","19.7666","","-0.08%"
"04/10/2018","19.7916","20.4263","20.4513","19.7732","","-0.31%"
"04/09/2018","19.8525","20.4594","20.4837","19.8414","","-0.33%"
"04/06/2018","19.9187","20.4935","20.5164","19.9054","","-0.34%"
"04/05/2018","19.9869","20.4586","20.5164","19.7723","","0.35%"
"04/04/2018","19.9171","20.4675","20.4837","19.7471","","-0.09%"
"04/03/2018","19.9349","20.4408","20.4919","19.8449","","1.38%"
"04/02/2018","19.6629","20.4430","20.4700","19.8493","","-1.04%"
"03/30/2018","19.8702","20.4395","20.4550","19.7723","","-0.04%"
"03/29/2018","19.8790","20.4470","20.5040","19.7782","","-0.01%"
"03/28/2018","19.8815","20.3568","20.4408","19.7555","","0.85%"
"03/27/2018","19.7136","19.7600","20.3950","19.6682","","0.35%"
"03/26/2018","19.6456","20.4110","20.4270","19.6401","","-0.69%"
"03/23/2018","19.7820","20.4350","20.4430","19.8036","","-0.43%"
"03/22/2018","19.8670","20.4150","20.4515","19.7625","","0.21%"
"03/21/2018","19.8250","20.4960","20.4960","19.7723","","0.43%"
"03/20/2018","19.7394","20.4100","20.4900","19.9049","","-0.41%"
"03/19/2018","19.8200","20.4530","20.4880","19.7527","","-0.43%"
"03/16/2018","19.9060","20.4425","20.4800","19.7723","","0.11%"
"03/15/2018","19.8850","20.3950","20.4425","19.7387","","0.56%"
"03/14/2018","19.7740","20.3665","20.4150","19.7350","","0.21%"
"03/13/2018","19.7330","19.7981","20.4390","19.6637","","-0.54%"
"03/12/2018","19.8400","20.4470","20.4595","19.8259","","-0.18%"
"03/09/2018","19.8750","20.4335","20.4675","19.8021","","0.04%"
"03/08/2018","19.8670","20.3790","20.4335","19.7028","","0.55%"
"03/07/2018","19.7580","20.3585","20.3850","19.6750","","0.21%"
"03/06/2018","19.7170","20.4200","20.4270","19.6634","","-0.62%"
"03/05/2018","19.8400","20.4430","20.5490","19.7625","","-0.35%"
"03/02/2018","19.9100","20.4795","20.4920","19.7625","","0.61%"
"03/01/2018","19.7892","20.5245","20.5740","19.7723","","-1.30%"
"02/28/2018","20.0490","20.5080","20.5490","19.9095","","0.16%"
"02/27/2018","20.0160","19.8911","20.5100","19.8731","","0.58%"
"02/26/2018","19.9000","20.4630","20.4675","19.7527","","0.10%"
"02/23/2018","19.8800","20.4350","20.4750","19.7723","","1.08%"
"02/22/2018","19.6678","20.4670","20.4880","19.7625","","-1.10%"
"02/21/2018","19.8860","19.9550","20.4700","19.7286","","0.24%"
"02/20/2018","19.8380","20.3790","20.4350","19.7060","","0.40%"
"02/19/2018","19.7580","20.3630","20.3910","20.3550","","0.32%"
"02/16/2018","19.6950","20.2610","20.3475","19.7060","","0.44%"
"02/15/2018","19.6080","20.3650","20.3650","19.7062","","-0.62%"
"02/14/2018","19.7300","20.4110","20.4650","19.7239","","-0.35%"
"02/13/2018","19.8000","20.4700","20.4700","19.7219","","-0.75%"
"02/12/2018","19.9500","20.4915","20.5000","19.6979","","2.82%"
"02/09/2018","19.4034","20.2518","20.5090","19.6687","","-2.84%"
"02/08/2018","19.9710","19.9795","20.5165","19.8982","","0.18%"
"02/07/2018","19.9350","19.8910","19.9925","19.7871","","2.53%"
"02/06/2018","19.4422","19.9030","19.9880","19.6881","","0.00%"
"02/05/2018","19.4422","19.8390","19.9670","19.6788","","0.33%"
"02/02/2018","19.3777","19.6666","20.0134","19.5906","","-0.96%"
"02/01/2018","19.5660","19.8515","20.0134","19.6465","","-0.70%"
"01/31/2018","19.7030","19.8670","20.0134","19.7156","","1.14%"
"01/30/2018","19.4805","19.8550","20.0220","19.7368","","-1.33%"
"01/29/2018","19.7440","19.9335","20.0230","19.7469","","0.43%"
"01/26/2018","19.6600","19.7516","19.9635","19.6921","","-0.20%"
"01/25/2018","19.7000","19.9420","20.0144","19.6268","","-1.55%"
"01/24/2018","20.0100","20.0235","20.2300","19.8043","","0.35%"
"01/23/2018","19.9399","20.0755","20.2260","19.9740","","-0.12%"
"01/22/2018","19.9630","20.0845","20.2200","20.0451","","0.82%"
"01/19/2018","19.8009","20.0970","20.2400","19.9975","","-1.00%"
"01/18/2018","20.0000","20.0785","20.2600","20.0471","","1.01%"
"01/17/2018","19.8009","20.0440","20.2380","19.9975","","-0.60%"
"01/16/2018","19.9201","20.0765","20.2080","20.0571","","-0.23%"
"01/15/2018","19.9670","20.1625","20.5800","20.0645","","-0.68%"
"01/12/2018","20.1046","20.4350","20.6400","20.1748","","-1.12%"
"01/11/2018","20.3320","20.5000","20.6500","20.3413","","0.61%"
"01/10/2018","20.2087","20.5385","20.7185","20.3413","","-1.61%"
"01/09/2018","20.5400","20.5000","20.7700","20.2250","","0.34%"
"01/08/2018","20.4700","20.3605","20.7350","20.1865","","0.59%"
"01/05/2018","20.3490","20.3230","20.4330","20.3212","","0.29%"
"01/04/2018","20.2900","20.4000","20.4950","20.3212","","-0.41%"
"01/03/2018","20.3740","20.3590","20.4380","20.3346","","0.21%"
"01/02/2018","20.3320","21.0000","21.1660","20.0000","","1.66%"
"01/01/2018","20.0000","21.0000","21.0000","21.0000","","-1.69%"
"12/29/2017","20.3440","20.6340","20.8550","20.4405","","-0.63%"
"12/28/2017","20.4730","20.6640","20.8860","20.5290","","-0.43%"
"12/27/2017","20.5610","20.7080","20.9290","20.5715","","-0.19%"
"12/26/2017","20.6000","20.6905","20.9170","20.5490","","0.20%"
"12/25/2017","20.5583","20.7310","20.7310","20.7310","","-0.45%"
"12/22/2017","20.6510","20.6820","20.9470","20.5505","","0.05%"
"12/21/2017","20.6410","20.8610","20.9300","20.5025","","1.18%"
"12/20/2017","20.4000","20.9130","20.9515","20.5570","","-1.21%"
"12/19/2017","20.6490","20.8750","21.0720","20.6290","","-0.54%"
"12/18/2017","20.7610","20.8745","21.0505","20.6800","","-0.18%"
"12/15/2017","20.7980","20.8475","21.0810","20.6725","","0.24%"
"12/14/2017","20.7490","20.8080","21.0810","20.6625","","0.32%"
"12/13/2017","20.6820","20.9070","21.1065","20.7090","","0.76%"
"12/12/2017","20.5250","20.8442","21.1250","20.7150","","-1.05%"
"12/11/2017","20.7434","20.7820","20.9748","20.5665","","1.04%"
"12/08/2017","20.5300","20.8150","21.0475","20.6915","","-0.94%"
"12/07/2017","20.7240","20.8125","21.0745","20.6590","","1.17%"
"12/06/2017","20.4850","20.7695","21.0690","20.6055","","-0.84%"
"12/05/2017","20.6590","20.6925","20.8715","20.5775","","0.11%"
"12/04/2017","20.6370","20.6620","20.8235","20.6620","","0.64%"
"12/01/2017","20.5060","20.7475","21.0070","20.6270","","-0.07%"
"11/30/2017","20.5210","20.7160","21.0400","20.5470","","-0.13%"
"11/29/2017","20.5480","20.9965","21.0225","20.4980","","-0.57%"
"11/28/2017","20.6660","20.6775","21.0070","20.4645","","0.54%"
"11/27/2017","20.5540","20.6320","21.1100","20.5065","","1.54%"
"11/24/2017","20.2430","20.7865","20.9905","20.4855","","-2.05%"
"11/23/2017","20.6660","20.8085","21.0135","20.7035","","-0.21%"
"11/22/2017","20.7100","21.0050","21.1530","20.7460","","-0.77%"
"11/21/2017","20.8700","20.9095","21.1370","20.8270","","1.86%"
"11/20/2017","20.4880","20.8610","21.0805","20.6755","","-1.04%"
"11/17/2017","20.7030","20.8525","21.1220","20.7125","","-0.36%"
"11/16/2017","20.7770","20.8670","21.1290","20.6990","","0.15%"
"11/15/2017","20.7450","20.8305","21.1635","20.7135","","-0.33%"
"11/14/2017","20.8140","21.2190","21.2305","20.6580","","-0.81%"
"11/13/2017","20.9850","21.0440","21.2650","20.9005","","-0.04%"
"11/10/2017","20.9940","21.0845","21.2510","20.8893","","-0.04%"
"11/09/2017","21.0030","20.9790","21.3215","20.9560","","-0.56%"
"11/08/2017","21.1210","21.1800","21.3390","20.9200","","0.66%"
"11/07/2017","20.9820","21.1615","21.3555","20.9945","","-0.48%"
"11/06/2017","21.0840","21.1340","21.3285","20.9420","","0.00%"
"11/03/2017","21.0840","21.0485","21.2895","20.9215","","0.39%"
"11/02/2017","21.0030","21.2445","21.2550","20.9040","","-0.30%"
"11/01/2017","21.0660","21.0875","21.2815","20.9150","","0.26%"
"10/31/2017","21.0120","21.2490","21.2815","20.9350","","0.00%"
"10/30/2017","21.0120","21.2165","21.3045","20.8700","","-0.43%"
"10/27/2017","21.1030","21.0695","21.3445","20.8560","","0.62%"
"10/26/2017","20.9730","20.8260","21.0290","20.6805","","1.14%"
"10/25/2017","20.7360","20.8700","20.9895","20.6805","","0.98%"
"10/24/2017","20.5340","20.8745","21.0090","20.6805","","-1.52%"
"10/23/2017","20.8510","20.8745","21.0150","20.6905","","1.44%"
"10/20/2017","20.5550","20.8040","20.9500","20.7330","","-0.50%"
"10/19/2017","20.6580","20.8305","20.9200","20.6970","","-0.42%"
"10/18/2017","20.7450","20.8700","20.9760","20.7000","","1.29%"
"10/17/2017","20.4800","20.7840","20.8290","20.7315","","0.00%"
"10/16/2017","20.4800","20.7270","20.8935","20.7170","","-0.20%"
"10/13/2017","20.5220","20.7765","20.8720","20.6984","","0.37%"
"10/12/2017","20.4460","20.7870","20.8061","20.7450","","-0.08%"
"10/11/2017","20.4620","20.8900","20.9110","20.7660","","-0.43%"
"10/10/2017","20.5500","20.9880","21.0193","20.7500","","0.35%"
"10/09/2017","20.4778","20.8735","20.8735","20.8735","","-0.30%"
"10/06/2017","20.5390","20.9785","21.0110","20.8743","","0.05%"
"10/05/2017","20.5290","20.9525","21.0140","20.8000","","0.22%"
"10/04/2017","20.4830","20.9350","20.9495","20.8000","","0.23%"
"10/03/2017","20.4350","20.9340","20.9380","20.6360","","-0.08%"
"10/02/2017","20.4520","20.8880","20.8959","20.7681","","0.08%"
"09/29/2017","20.4350","20.9160","20.9618","20.7500","","-0.41%"
"09/28/2017","20.5200","20.9125","20.9258","20.9028","","0.47%"
"09/27/2017","20.4250","20.9500","20.9500","20.6625","","-0.19%"
"09/26/2017","20.4640","20.7125","20.9545","20.6945","","1.79%"
"09/25/2017","20.1050","20.5210","20.5629","20.4816","","0.31%"
"09/22/2017","20.0420","20.5390","20.5646","20.4895","","-0.39%"
"09/21/2017","20.1210","20.5210","20.5710","20.5030","","0.50%"
"09/20/2017","20.0210","20.8570","20.8570","20.4536","","-0.64%"
"09/19/2017","20.1500","20.5220","20.6103","20.4443","","-0.25%"
"09/18/2017","20.2000","20.5490","20.8770","20.4909","","0.90%"
"09/15/2017","20.0195","20.5300","20.8940","20.4648","","-0.45%"
"09/14/2017","20.1100","20.5470","20.8885","20.4679","","-0.25%"
"09/13/2017","20.1600","20.8865","20.8895","20.5535","","-0.69%"
"09/12/2017","20.3000","20.5830","20.9055","20.5148","","-0.10%"
"09/11/2017","20.3200","20.5655","20.9030","20.4959","","0.20%"
"09/08/2017","20.2800","20.6700","20.9120","20.6100","","0.65%"
"09/07/2017","20.1500","20.5655","20.6299","20.4606","","0.07%"
"09/06/2017","20.1350","20.5250","20.9170","20.5250","","0.17%"
"09/05/2017","20.1000","20.8335","20.8335","20.5500","","-0.64%"
"09/04/2017","20.2301","20.6425","20.6425","20.6425","","-0.02%"
"09/01/2017","20.2342","20.6400","20.9220","20.5949","","-0.78%"
"08/31/2017","20.3930","20.6300","20.9400","20.6000","","-0.20%"
"08/30/2017","20.4340","20.4250","20.9650","20.4250","","-0.11%"
"08/29/2017","20.4560","20.9550","20.9615","20.9360","","0.13%"
"08/28/2017","20.4300","20.8930","20.8990","20.6250","","-0.31%"
"08/25/2017","20.4940","21.2210","21.2210","20.8345","","0.37%"
"08/24/2017","20.4190","20.8625","20.9845","20.8345","","-0.10%"
"08/23/2017","20.4400","20.8500","20.9340","20.7920","","0.77%"
"08/22/2017","20.2840","20.8560","20.8615","20.8360","","-0.20%"
"08/21/2017","20.3240","20.8730","20.8760","20.8530","","-0.20%"
"08/18/2017","20.3640","20.8800","20.8830","20.8700","","-0.10%"
"08/17/2017","20.3840","20.9025","20.9100","20.8725","","-0.29%"
"08/16/2017","20.4440","20.9145","20.9225","20.8945","","-0.15%"
"08/15/2017","20.4740","20.4740","20.4740","20.4740","","0.00%"
"08/14/2017","20.4740","20.8730","20.9165","20.8730","","-1.43%"
"08/11/2017","20.7710","20.7710","20.7710","20.7710","","0.00%"
"08/10/2017","20.7710","20.9145","21.2210","20.8995","","1.50%"
"08/09/2017","20.4640","20.9145","20.9260","20.8990","","-0.10%"
"08/08/2017","20.4840","20.9405","20.9675","20.8408","","-0.32%"
"08/07/2017","20.5490","20.7700","20.9623","20.7700","","0.32%"
"08/04/2017","20.4840","20.6760","20.9040","20.6485","","0.00%"
"08/03/2017","20.4840","21.2395","21.2395","20.4614","","-1.37%"
"08/02/2017","20.7690","20.7250","21.2385","20.7000","","0.00%"
"08/01/2017","20.7690","21.2365","21.2385","20.5376","","1.81%"
"07/31/2017","20.4000","21.2450","21.2450","20.7450","","-1.78%"
"07/28/2017","20.7690","21.1885","21.2365","21.1885","","0.24%"
"07/27/2017","20.7190","21.0850","21.1885","21.0850","","0.00%"
"07/26/2017","20.7190","21.1275","21.2450","21.1275","","0.00%"
"07/25/2017","20.7190","21.2055","21.2238","21.1375","","0.14%"
"07/24/2017","20.6910","21.0850","21.1891","21.0850","","0.10%"
"07/21/2017","20.6700","21.2210","21.2210","21.0350","","-0.43%"
"07/20/2017","20.7590","21.2205","21.2220","21.2145","","0.00%"
"07/19/2017","20.7590","21.2805","21.2805","21.2150","","-0.55%"
"07/18/2017","20.8740","21.3340","21.3470","21.2975","","0.00%"
"07/17/2017","20.8740","21.2840","21.3822","21.2840","","-0.83%"
"07/14/2017","21.0490","21.4505","21.4665","21.2840","","0.00%"
"07/13/2017","21.0500","21.4325","21.4750","21.4250","","0.03%"
"07/12/2017","21.0440","21.4365","21.4730","21.4220","","-0.12%"
"07/11/2017","21.0690","21.5505","21.5505","21.4000","","-0.14%"
"07/10/2017","21.0980","21.4975","21.5611","21.4791","","0.31%"
"07/07/2017","21.0320","21.5185","21.5559","21.4150","","-0.20%"
"07/06/2017","21.0740","21.4890","21.5495","21.4495","","0.31%"
"07/05/2017","21.0090","21.5800","21.6826","21.4670","","-0.59%"
"07/04/2017","21.1333","21.5885","21.5885","21.5885","","0.68%"
"07/03/2017","20.9896","21.4950","21.5934","21.4450","","-0.19%"
"06/30/2017","21.0290","21.4725","21.5130","21.4725","","-0.08%"
"06/29/2017","21.0460","21.5935","21.9760","21.3949","","-2.65%"
"06/28/2017","21.6180","21.7480","21.9750","21.4964","","0.00%"
"06/27/2017","21.6180","21.6600","21.9740","21.6516","","0.62%"
"06/26/2017","21.4840","21.8900","22.0875","21.7718","","-0.20%"
"06/23/2017","21.5280","22.0105","22.0114","21.8844","","-0.48%"
"06/22/2017","21.6320","22.0145","22.0894","21.8750","","-0.04%"
"06/21/2017","21.6406","22.0475","22.1250","22.0205","","-0.06%"
"06/20/2017","21.6540","21.9800","22.0849","21.9800","","0.49%"
"06/19/2017","21.5480","21.9250","22.4353","21.8990","","0.02%"
"06/16/2017","21.5432","21.9400","21.9825","21.9141","","-0.11%"
"06/15/2017","21.5680","21.9250","22.0230","21.9000","","0.07%"
"06/14/2017","21.5530","21.9550","21.9645","21.9475","","0.00%"
"06/13/2017","21.5530","21.9575","21.9745","21.9575","","0.00%"
"06/12/2017","21.5530","21.9370","21.9974","21.9155","","0.36%"
"06/09/2017","21.4750","21.9220","21.9614","21.8445","","-0.15%"
"06/08/2017","21.5070","21.7840","21.9297","21.7840","","-0.13%"
"06/07/2017","21.5350","21.8245","21.9223","21.7758","","0.47%"
"06/06/2017","21.4352","21.8725","21.8750","21.8200","","-0.16%"
"06/05/2017","21.4700","21.8600","21.9060","21.8263","","0.02%"
"06/02/2017","21.4650","21.8810","21.9308","21.7754","","-0.07%"
"06/01/2017","21.4805","21.8525","21.8903","21.8428","","-0.37%"
"05/31/2017","21.5594","21.9450","21.9450","21.9450","","-0.09%"
"05/30/2017","21.5783","22.0285","22.0305","21.9304","","-0.21%"
"05/29/2017","21.6245","21.9795","21.9952","21.9450","","0.58%"
"05/26/2017","21.5000","21.9570","21.9945","21.9000","","-0.43%"
"05/25/2017","21.5925","21.9640","21.9653","21.8945","","0.43%"
"05/24/2017","21.5000","21.9390","22.0159","21.8289","","1.18%"
"05/23/2017","21.2485","22.3425","22.3473","21.7493","","-3.44%"
"05/22/2017","22.0060","22.0800","22.3925","21.7436","","1.25%"
"05/19/2017","21.7342","22.0525","22.4255","21.9023","","-1.53%"
"05/18/2017","22.0720","22.4725","22.4775","21.9765","","0.94%"
"05/17/2017","21.8659","22.2060","22.2188","22.0320","","-1.42%"
"05/16/2017","22.1820","22.4130","22.5055","22.1934","","0.18%"
"05/15/2017","22.1425","22.4750","22.5206","22.3240","","-0.39%"
"05/12/2017","22.2300","22.5990","22.5990","22.4800","","0.11%"
"05/11/2017","22.2050","22.3950","22.6002","22.3884","","-0.37%"
"05/10/2017","22.2868","22.5680","22.5813","22.4050","","0.17%"
"05/09/2017","22.2480","22.4650","22.5813","22.4372","","0.29%"
"05/08/2017","22.1840","22.3925","22.5049","22.3138","","0.38%"
"05/05/2017","22.1000","22.3580","22.4500","22.3056","","0.23%"
"05/04/2017","22.0500","22.6475","22.6613","22.3409","","-2.44%"
"05/03/2017","22.6020","22.5050","23.3775","22.4038","","1.71%"
"05/02/2017","22.2230","22.4910","23.0725","22.3504","","-0.01%"
"05/01/2017","22.2250","22.5300","22.5379","22.4700","","-2.08%"
"04/28/2017","22.6960","22.5890","22.9805","22.4860","","1.66%"
"04/27/2017","22.3260","22.5715","22.5785","22.4691","","0.34%"
"04/26/2017","22.2500","22.2900","22.6075","22.2416","","0.17%"
"04/25/2017","22.2118","22.6850","22.6901","22.3400","","-1.36%"
"04/24/2017","22.5170","22.9410","23.0026","22.5000","","-1.00%"
"04/21/2017","22.7445","22.8980","23.0304","22.7040","","0.79%"
"04/20/2017","22.5670","23.0670","23.0771","22.7000","","-1.25%"
"04/19/2017","22.8520","23.0225","23.1270","22.8248","","0.59%"
"04/18/2017","22.7190","22.8895","23.1134","22.8711","","-0.10%"
"04/17/2017","22.7420","23.2360","23.2533","22.9834","","-0.04%"
"04/14/2017","22.7500","23.0925","23.2300","22.9835","","0.09%"
"04/13/2017","22.7290","23.0600","23.1124","22.9895","","0.70%"
"04/12/2017","22.5700","23.1250","23.2787","22.8370","","-0.78%"
"04/11/2017","22.7470","23.0250","23.3850","22.9888","","-0.41%"
"04/10/2017","22.8410","23.1555","23.3138","22.9539","","-0.17%"
"04/07/2017","22.8795","23.0330","23.2346","22.8920","","-0.29%"
"04/06/2017","22.9450","23.0120","23.1658","22.8746","","0.82%"
"04/05/2017","22.7595","22.9505","23.1397","22.8309","","-1.01%"
"04/04/2017","22.9910","22.9605","23.1597","22.6900","","0.54%"
"04/03/2017","22.8670","22.9655","23.1700","22.8610","","-0.20%"
"03/31/2017","22.9130","22.9095","23.1256","22.8001","","1.04%"
"03/30/2017","22.6770","22.8325","23.0552","22.6825","","0.55%"
"03/29/2017","22.5540","22.5450","22.9239","22.4990","","-0.30%"
"03/28/2017","22.6230","22.6285","22.8355","22.4186","","-0.20%"
"03/27/2017","22.6690","22.5895","22.8400","22.3927","","0.92%"
"03/24/2017","22.4625","22.7580","22.8728","22.5885","","-1.01%"
"03/23/2017","22.6920","22.7255","22.8907","22.5390","","1.17%"
"03/22/2017","22.4290","22.7990","22.9302","22.5485","","-0.15%"
"03/21/2017","22.4619","22.8365","22.9645","22.5530","","-0.21%"
"03/20/2017","22.5090","22.7895","23.0438","22.6200","","-1.13%"
"03/17/2017","22.7660","22.7465","23.1509","22.6457","","0.04%"
"03/16/2017","22.7570","23.0800","23.1983","22.6766","","-0.20%"
"03/15/2017","22.8030","23.0450","23.2631","22.9331","","-0.22%"
"03/14/2017","22.8538","23.0305","23.2740","22.9004","","-0.80%"
"03/13/2017","23.0390","22.9345","23.3385","22.8713","","-0.10%"
"03/10/2017","23.0620","23.1655","23.4125","22.9027","","-0.30%"
"03/09/2017","23.1310","23.2505","23.4691","22.9740","","-0.20%"
"03/08/2017","23.1770","23.1915","23.4095","23.1126","","0.10%"
"03/07/2017","23.1530","23.2500","23.5143","22.9272","","0.09%"
"03/06/2017","23.1330","23.2185","23.5803","22.8839","","1.03%"
"03/03/2017","22.8970","23.3940","23.6513","22.9898","","0.00%"
"03/02/2017","22.8970","23.3800","23.6587","23.0817","","0.00%"
"03/01/2017","22.8970","23.2650","23.6032","23.0027","","1.04%"
"02/28/2017","22.6607","23.4105","23.5863","22.9241","","-0.44%"
"02/27/2017","22.7600","23.1905","23.5558","22.9165","","-0.50%"
"02/24/2017","22.8750","23.2350","23.5825","22.9140","","-0.10%"
"02/23/2017","22.8970","23.4325","23.6367","22.9947","","0.00%"
"02/22/2017","22.8970","23.4210","23.6942","23.0330","","-0.20%"
"02/21/2017","22.9430","23.0885","23.6323","22.8945","","-0.67%"
"02/20/2017","23.0975","23.0725","23.2205","22.9350","","2.31%"
"02/17/2017","22.5750","22.9900","23.4708","22.7539","","0.00%"
"02/16/2017","22.5750","23.2350","23.5760","22.8206","","-1.32%"
"02/15/2017","22.8780","23.2210","23.6375","22.9842","","-0.91%"
"02/14/2017","23.0890","23.2125","23.5412","22.8250","","0.20%"
"02/13/2017","23.0430","23.0665","23.4246","22.8160","","0.11%"
"02/10/2017","23.0170","22.9925","23.3581","22.6929","","2.44%"
"02/09/2017","22.4695","22.9065","23.2980","22.6598","","-2.22%"
"02/08/2017","22.9790","22.9845","23.2634","22.6848","","2.47%"
"02/07/2017","22.4250","22.9025","23.2515","22.6317","","0.21%"
"02/06/2017","22.3780","22.7195","23.1617","22.5531","","0.01%"
"02/03/2017","22.3750","22.7050","23.1373","22.4884","","0.42%"
"02/02/2017","22.2806","23.2775","23.3438","22.4223","","-1.38%"
"02/01/2017","22.5915","22.8620","23.3198","22.5619","","1.01%"
"01/31/2017","22.3645","23.0470","23.2817","22.4940","","-0.42%"
"01/30/2017","22.4580","22.8485","23.3703","22.5887","","-0.14%"
"01/27/2017","22.4900","22.9355","23.2651","22.6885","","-1.43%"
"01/26/2017","22.8170","22.8470","23.2442","22.6272","","0.00%"
"01/25/2017","22.8170","22.8595","23.2255","22.5453","","-0.20%"
"01/24/2017","22.8630","22.7535","23.4434","22.5367","","-0.28%"
"01/23/2017","22.9277","22.9685","23.6096","22.6530","","2.82%"
"01/20/2017","22.3000","23.3000","23.4704","22.6345","","-2.85%"
"01/19/2017","22.9550","23.0385","23.5203","22.7645","","0.18%"
"01/18/2017","22.9130","22.9715","23.2673","22.6805","","2.08%"
"01/17/2017","22.4465","23.1055","23.3718","22.6599","","-0.85%"
"01/16/2017","22.6385","23.0505","23.5005","22.8526","","-0.05%"
"01/13/2017","22.6500","23.1480","23.4396","22.8612","","0.39%"
"01/12/2017","22.5631","23.3265","23.5573","22.7034","","-2.66%"
"01/11/2017","23.1790","23.2125","23.7021","23.0061","","0.01%"
"01/10/2017","23.1770","23.2820","23.5588","22.9955","","-0.20%"
"01/09/2017","23.2230","23.2575","23.5886","23.0530","","1.97%"
"01/06/2017","22.7750","23.2020","23.5908","22.9028","","-1.72%"
"01/05/2017","23.1742","23.4545","23.5090","23.1829","","-1.29%"
"01/04/2017","23.4770","23.5455","23.6576","23.2226","","2.14%"
"01/03/2017","22.9850","23.4025","23.7486","23.1940","","-2.14%"
"01/02/2017","23.4880","23.2795","23.5000","23.2538","","1.22%"
"12/30/2016","23.2048","23.3555","23.4840","23.1267","","0.39%"
"12/29/2016","23.1150","23.6630","23.7917","23.2080","","-2.43%"
"12/28/2016","23.6895","23.5370","23.6900","23.4135","","1.24%"
"12/27/2016","23.3993","23.4275","23.6195","23.2196","","0.49%"
"12/26/2016","23.2861","23.4365","23.5114","23.3616","","1.24%"
"12/23/2016","23.0000","23.6615","23.9762","23.0836","","0.07%"
"12/22/2016","22.9850","23.6735","23.9787","23.2600","","-0.71%"
"12/21/2016","23.1500","23.7170","23.9747","23.2600","","0.72%"
"12/20/2016","22.9850","23.6155","23.9931","23.2600","","-0.34%"
"12/19/2016","23.0640","23.4285","23.9323","23.2405","","0.34%"
"12/16/2016","22.9850","23.5255","23.8214","23.2428","","0.00%"
"12/15/2016","22.9850","23.2625","23.9423","23.1849","","0.00%"
"12/14/2016","22.9850","23.0870","23.4317","22.8395","","0.00%"
"12/13/2016","22.9850","23.1630","23.4910","22.8220","","0.92%"
"12/12/2016","22.7750","23.3335","23.6081","22.8618","","-0.91%"
"12/09/2016","22.9850","23.0845","23.5470","22.9063","","0.00%"
"12/08/2016","22.9850","22.7755","23.4147","22.5961","","2.84%"
"12/07/2016","22.3500","22.8830","23.2675","22.4880","","-0.51%"
"12/06/2016","22.4655","22.8720","23.3345","22.5340","","-2.26%"
"12/05/2016","22.9850","23.1815","23.3864","22.6527","","-0.28%"
"12/02/2016","23.0490","23.1640","23.5305","22.7164","","1.20%"
"12/01/2016","22.7750","23.1960","23.5417","22.8170","","-1.19%"
"11/30/2016","23.0490","23.0065","23.5713","22.8281","","-0.20%"
"11/29/2016","23.0950","23.2015","23.6141","22.9150","","-0.12%"
"11/28/2016","23.1220","23.1255","23.5788","22.8296","","2.06%"
"11/25/2016","22.6550","23.2115","23.5220","22.9189","","-2.68%"
"11/24/2016","23.2785","23.3340","23.6027","23.0040","","1.76%"
"11/23/2016","22.8750","23.1850","23.6147","22.8006","","1.43%"
"11/22/2016","22.5520","23.0760","23.4786","22.7889","","0.35%"
"11/21/2016","22.4735","23.1385","23.5752","22.7645","","-2.47%"
"11/18/2016","23.0430","23.0605","23.4957","22.6975","","3.20%"
"11/17/2016","22.3280","22.9025","23.2768","22.5960","","0.09%"
"11/16/2016","22.3080","22.8475","23.2750","22.5694","","-1.39%"
"11/15/2016","22.6230","22.8115","23.1549","22.4493","","-0.20%"
"11/14/2016","22.6690","22.6685","23.1523","22.5345","","0.36%"
"11/11/2016","22.5885","22.5065","22.7119","22.3524","","3.23%"
"11/10/2016","21.8810","22.4225","22.8608","22.1587","","0.51%"
"11/09/2016","21.7705","22.2475","22.6768","21.6683","","1.15%"
"11/08/2016","21.5241","22.1775","22.5927","21.8716","","-2.65%"
"11/07/2016","22.1110","21.9895","22.5982","21.9228","","3.47%"
"11/04/2016","21.3690","22.0620","22.1000","22.0225","","-0.14%"
"11/03/2016","21.3980","22.0675","22.5021","21.7864","","0.11%"
"11/02/2016","21.3750","22.1495","22.4545","21.8059","","-0.45%"
"11/01/2016","21.4720","22.3395","22.6870","21.9431","","-1.38%"
"10/31/2016","21.7730","22.3315","22.7848","22.0535","","-3.02%"
"10/28/2016","22.4500","22.4350","22.7353","22.4350","","0.07%"
"10/27/2016","22.4345","22.4615","22.5762","22.3469","","0.19%"
"10/26/2016","22.3910","22.5770","22.9217","22.2927","","1.22%"
"10/25/2016","22.1210","22.5480","22.9323","22.3348","","-0.10%"
"10/24/2016","22.1430","22.5185","22.8920","22.3353","","-0.20%"
"10/21/2016","22.1870","22.4790","22.8871","22.1726","","1.21%"
"10/20/2016","21.9215","22.3735","22.7959","22.1341","","-1.49%"
"10/19/2016","22.2530","22.3925","22.6435","22.3925","","-0.10%"
"10/18/2016","22.2750","22.3570","22.6718","22.0644","","-0.34%"
"10/17/2016","22.3515","22.3305","22.3961","22.2883","","0.94%"
"10/14/2016","22.1432","22.2820","22.6622","21.9929","","0.88%"
"10/13/2016","21.9510","22.2515","22.6343","21.9356","","0.00%"
"10/12/2016","21.9510","22.1620","22.5485","21.8639","","-0.10%"
"10/11/2016","21.9730","21.9980","22.4027","21.8254","","3.02%"
"10/10/2016","21.3290","21.8735","22.2916","21.6204","","0.56%"
"10/07/2016","21.2110","21.9720","22.0565","21.8710","","-0.43%"
"10/06/2016","21.3020","21.8635","22.0956","21.3950","","0.46%"
"10/05/2016","21.2050","21.8670","22.0420","21.6730","","0.00%"
"10/04/2016","21.2050","21.8515","21.9920","21.8195","","0.05%"
"10/03/2016","21.1940","21.7935","22.2241","21.5459","","0.28%"
"09/30/2016","21.1340","21.8275","21.9605","21.7855","","-0.17%"
"09/29/2016","21.1700","21.8455","21.8760","21.7805","","-0.07%"
"09/28/2016","21.1850","21.8460","22.0416","21.6654","","0.00%"
"09/27/2016","21.1850","21.7730","21.8885","21.7640","","0.33%"
"09/26/2016","21.1150","21.8235","22.1457","21.4608","","-0.22%"
"09/23/2016","21.1620","21.8575","21.8865","21.7955","","-0.19%"
"09/22/2016","21.2020","21.8885","22.2692","21.5224","","-0.14%"
"09/21/2016","21.2320","21.9680","22.0315","21.8895","","-0.38%"
"09/20/2016","21.3120","21.9220","21.9730","21.8625","","0.21%"
"09/19/2016","21.2680","21.9595","22.2710","21.5960","","-2.07%"
"09/16/2016","21.7180","21.7895","22.1848","21.5908","","2.77%"
"09/15/2016","21.1320","21.7780","21.8380","21.7150","","0.04%"
"09/14/2016","21.1230","21.8340","22.1797","21.4798","","-0.26%"
"09/13/2016","21.1790","21.8375","22.1741","21.4812","","-1.12%"
"09/12/2016","21.4180","21.8035","22.1608","21.5683","","1.45%"
"09/09/2016","21.1112","21.7650","22.1655","21.4482","","0.03%"
"09/08/2016","21.1040","21.7980","22.1333","21.4373","","-0.19%"
"09/07/2016","21.1450","21.8400","22.1151","21.5049","","-3.50%"
"09/06/2016","21.9120","22.0180","22.3030","21.6118","","2.78%"
"09/05/2016","21.3200","21.9545","22.3118","21.6058","","-2.66%"
"09/02/2016","21.9028","21.8805","22.2683","21.8552","","0.41%"
"09/01/2016","21.8130","21.9575","22.3394","21.6321","","2.44%"
"08/31/2016","21.2930","21.9870","22.3222","21.7033","","-0.14%"
"08/30/2016","21.3230","21.8965","22.0115","21.8820","","0.38%"
"08/29/2016","21.2420","21.8815","22.2575","21.5190","","0.13%"
"08/26/2016","21.2150","21.7140","21.9115","21.6080","","0.78%"
"08/25/2016","21.0510","21.7505","21.9999","21.4626","","-0.20%"
"08/24/2016","21.0940","21.6670","21.7885","21.6270","","0.37%"
"08/23/2016","21.0160","21.6380","21.8354","21.4586","","0.12%"
"08/22/2016","20.9900","21.6825","22.0705","21.3286","","-0.38%"
"08/19/2016","21.0700","21.5855","21.7245","21.5680","","0.70%"
"08/18/2016","20.9240","21.7700","21.7700","21.5565","","-0.86%"
"08/17/2016","21.1050","21.7475","22.1092","21.4143","","0.22%"
"08/16/2016","21.0590","22.2725","22.5121","21.6390","","-3.85%"
"08/15/2016","21.9030","21.9445","22.6623","21.8078","","1.93%"
"08/12/2016","21.4889","22.2640","22.3634","21.7095","","-2.09%"
"08/11/2016","21.9470","21.9640","22.3476","21.6582","","-0.94%"
"08/10/2016","22.1560","22.0205","22.4875","21.7002","","3.21%"
"08/09/2016","21.4670","22.1150","22.4737","21.7657","","0.17%"
"08/08/2016","21.4310","22.1125","22.4642","21.7706","","-0.01%"
"08/05/2016","21.4330","22.0145","22.3111","21.8824","","0.40%"
"08/04/2016","21.3480","22.0145","22.3820","21.6818","","0.58%"
"08/03/2016","21.2250","21.8215","22.0151","21.8110","","0.29%"
"08/02/2016","21.1640","21.9485","22.4985","21.6191","","-0.56%"
"08/01/2016","21.2830","21.9245","22.3194","21.6551","","0.07%"
"07/29/2016","21.2680","22.1080","22.1230","21.8810","","-0.87%"
"07/28/2016","21.4540","22.1350","22.4995","21.9186","","-0.13%"
"07/27/2016","21.4820","22.3430","22.6577","21.9023","","-2.41%"
"07/26/2016","22.0120","22.2865","22.6539","21.9625","","-0.30%"
"07/25/2016","22.0780","22.3315","22.6992","21.9718","","1.68%"
"07/22/2016","21.7142","22.2245","22.6587","21.9697","","-1.45%"
"07/21/2016","22.0340","22.2820","22.6032","21.9108","","-0.91%"
"07/20/2016","22.2370","22.2355","22.6323","22.2355","","-0.18%"
"07/19/2016","22.2763","22.1175","22.5412","21.8286","","3.80%"
"07/18/2016","21.4600","22.1525","22.4927","21.8138","","0.17%"
"07/15/2016","21.4242","22.0340","22.4027","21.8313","","0.26%"
"07/14/2016","21.3690","22.0940","22.2961","21.8495","","-0.84%"
"07/13/2016","21.5500","22.1485","22.4864","21.7861","","0.37%"
"07/12/2016","21.4700","22.2115","22.4091","21.8989","","-2.20%"
"07/11/2016","21.9530","22.1695","22.5536","22.0781","","-0.96%"
"07/08/2016","22.1650","22.1450","22.5371","21.8219","","3.20%"
"07/07/2016","21.4780","22.0740","22.1470","22.0565","","0.35%"
"07/06/2016","21.4040","22.1290","22.4527","21.8248","","-0.24%"
"07/05/2016","21.4560","21.9615","22.1450","21.9095","","0.73%"
"07/04/2016","21.3010","22.0125","22.4151","21.6848","","-0.06%"
"07/01/2016","21.3140","22.0780","22.1185","21.9400","","-0.38%"
"06/30/2016","21.3960","22.0245","22.1450","21.9635","","0.14%"
"06/29/2016","21.3660","22.0900","22.4534","21.8881","","-0.51%"
"06/28/2016","21.4760","22.3075","22.6201","21.8475","","-0.91%"
"06/27/2016","21.6740","22.0335","22.6335","21.8651","","1.32%"
"06/24/2016","21.3910","21.5310","22.5839","21.4299","","2.48%"
"06/23/2016","20.8740","21.7130","22.0438","21.2268","","-0.93%"
"06/22/2016","21.0697","21.7765","22.0978","21.3480","","-0.26%"
"06/21/2016","21.1240","21.6375","22.0874","21.3088","","0.68%"
"06/20/2016","20.9823","21.7285","22.0901","21.3553","","-1.10%"
"06/17/2016","21.2148","21.9865","22.2282","21.4748","","-0.42%"
"06/16/2016","21.3050","21.8405","22.2717","21.4494","","-0.54%"
"06/15/2016","21.4210","21.8375","22.2390","21.5166","","0.70%"
"06/14/2016","21.2725","21.7600","22.0979","21.5113","","1.15%"
"06/13/2016","21.0300","21.7825","22.1329","21.4044","","-0.19%"
"06/10/2016","21.0700","21.6550","22.0524","21.3279","","0.41%"
"06/09/2016","20.9840","21.4835","21.9271","21.1954","","0.79%"
"06/08/2016","20.8190","21.6615","21.9906","21.2363","","-0.51%"
"06/07/2016","20.9250","21.6480","21.9890","21.2658","","-0.31%"
"06/06/2016","20.9910","21.6600","21.7002","21.5410","","-0.06%"
"06/03/2016","21.0040","21.9705","22.3302","21.4723","","-1.39%"
"06/02/2016","21.3000","21.8995","22.2891","21.5598","","0.16%"
"06/01/2016","21.2650","22.0275","22.2552","21.7332","","-2.88%"
"05/31/2016","21.8960","22.0330","22.3662","21.6549","","0.85%"
"05/30/2016","21.7108","22.0325","22.2094","21.8471","","1.79%"
"05/27/2016","21.3290","21.8865","22.3104","21.5936","","0.35%"
"05/26/2016","21.2550","21.9585","22.2999","21.5902","","-0.26%"
"05/25/2016","21.3100","22.0130","22.3419","21.6451","","0.40%"
"05/24/2016","21.2250","21.8340","22.2842","21.5411","","0.26%"
"05/23/2016","21.1710","21.8370","22.1650","21.7585","","-2.76%"
"05/20/2016","21.7710","21.8450","22.2332","21.5234","","2.78%"
"05/19/2016","21.1819","21.7400","22.2187","21.4580","","0.50%"
"05/18/2016","21.0775","21.6550","22.0602","21.3299","","0.51%"
"05/17/2016","20.9710","21.6400","22.0014","21.3041","","-0.08%"
"05/16/2016","20.9880","21.6525","22.0085","21.2414","","-0.18%"
"05/13/2016","21.0250","21.5315","21.8006","21.3224","","0.98%"
"05/12/2016","20.8200","21.4795","21.8576","21.1488","","0.15%"
"05/11/2016","20.7880","21.5600","21.9065","21.1786","","0.04%"
"05/10/2016","20.7790","21.4725","21.7248","21.3316","","-0.11%"
"05/09/2016","20.8020","21.4915","21.5370","21.4410","","0.11%"
"05/06/2016","20.7790","21.4630","21.4855","21.3450","","-0.20%"
"05/05/2016","20.8200","21.3410","21.5120","21.2635","","1.03%"
"05/04/2016","20.6080","21.2050","21.3665","21.2050","","0.00%"
"05/03/2016","20.6080","21.1740","21.2770","21.0945","","-0.01%"
"05/02/2016","20.6100","21.3815","21.3855","21.2460","","-0.65%"
"04/29/2016","20.7450","21.5225","21.5470","21.3805","","-1.07%"
"04/28/2016","20.9690","21.5990","21.6615","21.5505","","-0.05%"
"04/27/2016","20.9800","21.6420","21.6950","21.6165","","-0.14%"
"04/26/2016","21.0100","21.7505","21.7505","21.6090","","-0.43%"
"04/25/2016","21.1000","21.7740","21.7935","21.7245","","-0.18%"
"04/22/2016","21.1390","21.6895","21.8030","21.6875","","0.57%"
"04/21/2016","21.0200","21.6865","21.7315","21.5030","","0.31%"
"04/20/2016","20.9560","21.5860","21.6430","21.5175","","-0.26%"
"04/19/2016","21.0100","21.5150","21.9285","21.4615","","-0.21%"
"04/18/2016","21.0540","21.5925","21.6335","21.5925","","0.26%"
"04/15/2016","21.0000","21.7605","21.7865","21.6490","","-0.12%"
"04/14/2016","21.0250","21.6675","21.8100","21.6650","","0.10%"
"04/13/2016","21.0050","21.5875","21.7340","21.5625","","0.74%"
"04/12/2016","20.8500","21.4775","21.5905","21.3700","","0.12%"
"04/11/2016","20.8250","21.4825","21.5410","21.4050","","0.02%"
"04/08/2016","20.8200","21.5605","21.5875","21.4555","","-0.45%"
"04/07/2016","20.9150","21.4090","21.6090","21.3965","","-0.12%"
"04/06/2016","20.9400","21.5575","21.6290","21.4370","","0.07%"
"04/05/2016","20.9250","21.5060","21.6110","21.4970","","0.31%"
"04/04/2016","20.8610","21.5255","21.5720","21.4695","","-0.19%"
"04/01/2016","20.9000","21.5285","21.6165","21.4200","","0.10%"
"03/31/2016","20.8790","21.6090","21.6390","21.4600","","-0.39%"
"03/30/2016","20.9600","21.6925","21.7150","21.5605","","-0.40%"
"03/29/2016","21.0440","21.8820","21.9220","21.6735","","-0.83%"
"03/28/2016","21.2210","21.9425","21.9605","21.8380","","-0.25%"
"03/25/2016","21.2750","21.9260","21.9640","21.7740","","0.05%"
"03/24/2016","21.2640","21.9145","21.9790","21.8985","","0.07%"
"03/23/2016","21.2490","21.8380","21.9535","21.8265","","0.32%"
"03/22/2016","21.1810","21.7955","21.8810","21.7625","","0.21%"
"03/21/2016","21.1360","21.7295","21.8080","21.7190","","0.55%"
"03/18/2016","21.0200","21.6440","21.7480","21.6420","","0.13%"
"03/17/2016","20.9920","21.8275","21.8635","21.5990","","-0.83%"
"03/16/2016","21.1680","22.0980","22.1475","21.7960","","-1.05%"
"03/15/2016","21.3930","22.0650","22.1070","22.0225","","-0.05%"
"03/14/2016","21.4040","22.0385","22.1120","22.0040","","0.47%"
"03/11/2016","21.3040","21.9205","21.9760","21.8555","","0.25%"
"03/10/2016","21.2510","22.4050","22.9295","21.8115","","-5.00%"
"03/09/2016","22.3700","22.2550","22.6585","22.2550","","0.68%"
"03/08/2016","22.2200","22.3790","22.6370","21.9400","","-0.36%"
"03/07/2016","22.3000","22.4900","22.7400","22.2030","","-0.69%"
"03/04/2016","22.4550","22.5000","22.7115","22.4705","","-0.04%"
"03/03/2016","22.4650","22.6200","22.8470","22.4890","","-0.53%"
"03/02/2016","22.5850","22.5500","22.6200","22.5450","","0.31%"
"03/01/2016","22.5150","22.5450","22.5500","22.5450","","0.12%"
"02/29/2016","22.4870","22.4600","22.7670","22.2545","","0.28%"
"02/26/2016","22.4250","22.2650","22.7565","22.1185","","0.88%"
"02/25/2016","22.2300","22.3300","22.6595","22.1460","","-0.29%"
"02/24/2016","22.2950","22.3150","22.6625","22.1485","","0.07%"
"02/23/2016","22.2800","22.2800","22.6105","22.1755","","1.11%"
"02/22/2016","22.0360","22.0950","22.5670","21.7990","","-0.11%"
"02/19/2016","22.0600","22.1150","22.4400","21.7305","","-0.09%"
"02/18/2016","22.0800","22.0700","22.4350","21.7150","","0.20%"
"02/17/2016","22.0350","21.9650","22.3785","21.3455","","0.48%"
"02/16/2016","21.9300","22.0350","22.3425","21.6150","","-0.32%"
"02/15/2016","22.0000","21.8100","22.3405","21.5225","","1.03%"
"02/12/2016","21.7750","21.6600","22.1450","21.3000","","0.69%"
"02/11/2016","21.6250","21.8075","22.1350","21.2920","","-0.78%"
"02/10/2016","21.7950","22.2100","22.3915","21.4460","","-1.71%"
"02/09/2016","22.1750","22.1150","22.4310","21.5680","","0.43%"
"02/08/2016","22.0800","21.8850","22.4215","21.5715","","1.05%"
"02/05/2016","21.8500","21.8500","22.2875","21.5180","","0.16%"
"02/04/2016","21.8150","22.3900","22.5660","21.5160","","-2.42%"
"02/03/2016","22.3550","22.4450","22.7765","22.3790","","-0.25%"
"02/02/2016","22.4100","22.5430","22.8245","22.4340","","-0.44%"
"02/01/2016","22.5080","22.4750","23.0080","22.4185","","0.30%"
"01/29/2016","22.4400","22.4850","22.9780","22.4185","","-0.04%"
"01/28/2016","22.4500","22.5130","22.9910","22.4345","","-0.12%"
"01/27/2016","22.4780","22.6350","23.0520","22.4485","","-0.54%"
"01/26/2016","22.6000","22.6400","22.9355","22.6235","","-0.02%"
"01/25/2016","22.6050","22.7050","23.0880","22.5010","","-0.29%"
"01/22/2016","22.6700","22.6950","23.0905","22.3725","","0.04%"
"01/21/2016","22.6600","22.5050","23.0830","22.2665","","0.85%"
"01/20/2016","22.4700","22.5750","23.0230","22.4335","","-0.31%"
"01/19/2016","22.5400","22.5150","22.8860","22.5150","","0.27%"
"01/18/2016","22.4800","22.3900","22.5150","22.3900","","0.56%"
"01/15/2016","22.3550","22.6100","23.0395","22.3870","","-0.87%"
"01/14/2016","22.5520","22.6550","23.0620","22.4570","","-0.30%"
"01/13/2016","22.6200","22.6150","23.0645","22.4995","","0.18%"
"01/12/2016","22.5800","22.5100","23.0445","22.4470","","0.47%"
"01/11/2016","22.4750","22.6250","22.8815","22.4050","","-0.51%"
"01/08/2016","22.5900","22.5700","22.8705","22.5700","","0.24%"
"01/07/2016","22.5350","22.8150","23.0220","22.4880","","-1.08%"
"01/06/2016","22.7800","22.8200","23.0075","22.4755","","-0.02%"
"01/05/2016","22.7850","22.5950","23.1450","22.3650","","1.00%"
"01/04/2016","22.5600","22.4500","22.9665","22.4280","","0.65%"
"01/01/2016","22.4150","22.4500","22.4500","22.4500","","0.00%"
"12/31/2015","22.4150","22.4500","22.4500","22.4500","","0.00%"
"12/30/2015","22.4150","22.3890","22.8095","22.3620","","0.27%"
"12/29/2015","22.3540","22.3500","22.3890","22.3500","","0.17%"
"12/28/2015","22.3150","22.4150","22.7930","22.2310","","-0.29%"
"12/25/2015","22.3800","22.4150","22.4150","22.4150","","0.00%"
"12/24/2015","22.3800","22.5050","22.5050","22.4150","","-0.40%"
"12/23/2015","22.4700","22.5300","22.7545","22.4050","","-0.11%"
"12/22/2015","22.4950","22.5300","22.5300","22.5300","","1.01%"
"12/21/2015","22.2700","22.6330","22.9010","22.4175","","-1.45%"
"12/18/2015","22.5980","22.6900","22.9940","22.6215","","-0.25%"
"12/17/2015","22.6550","22.4200","22.9820","22.2440","","1.21%"
"12/16/2015","22.3850","22.8255","23.0545","22.4200","","-1.63%"
"12/15/2015","22.7550","22.3700","23.0945","22.3525","","2.91%"
"12/14/2015","22.1120","22.3750","22.7720","22.2585","","-1.02%"
"12/11/2015","22.3400","22.3750","22.3900","22.3750","","1.01%"
"12/10/2015","22.1170","22.3250","22.7730","22.2185","","-0.78%"
"12/09/2015","22.2900","22.5600","22.7645","22.1030","","-1.04%"
"12/08/2015","22.5250","22.6800","22.9310","22.3160","","-0.53%"
"12/07/2015","22.6450","22.4950","23.5130","22.1400","","0.82%"
"12/04/2015","22.4600","22.5050","23.3405","22.2715","","0.97%"
"12/03/2015","22.2450","23.1900","23.5255","22.3925","","-1.98%"
"12/02/2015","22.6940","23.1400","23.5255","22.9345","","-1.78%"
"12/01/2015","23.1050","23.1650","23.4715","22.9100","","-0.11%"
"11/30/2015","23.1300","23.1650","23.5130","22.9925","","0.00%"
"11/27/2015","23.1300","23.1650","23.4885","23.0495","","0.00%"
"11/26/2015","23.1300","23.1650","23.1650","23.1650","","0.00%"
"11/25/2015","23.1300","23.0150","23.4525","22.9745","","0.65%"
"11/24/2015","22.9800","23.0350","23.3530","22.7740","","-0.09%"
"11/23/2015","23.0000","22.9650","23.3750","22.7515","","0.31%"
"11/20/2015","22.9300","22.9950","23.3385","22.7465","","-0.13%"
"11/19/2015","22.9600","22.9950","23.2380","22.7665","","0.00%"
"11/18/2015","22.9600","22.9800","23.3205","22.7055","","1.07%"
"11/17/2015","22.7160","22.8550","23.3345","22.6430","","0.55%"
"11/16/2015","22.5920","22.8250","23.2220","22.5900","","-0.87%"
"11/13/2015","22.7900","22.8600","22.8650","22.8250","","-0.15%"
"11/12/2015","22.8250","22.8550","22.8650","22.8450","","0.02%"
"11/11/2015","22.8200","22.9400","22.9400","22.8550","","-0.37%"
"11/10/2015","22.9050","22.7600","22.9450","22.7600","","0.79%"
"11/09/2015","22.7250","22.8850","23.1740","22.7085","","-0.55%"
"11/06/2015","22.8500","22.5800","23.1740","22.5800","","1.36%"
"11/05/2015","22.5430","22.5850","22.8750","22.4780","","-0.03%"
"11/04/2015","22.5500","22.3800","22.8475","22.1475","","0.93%"
"11/03/2015","22.3430","22.2500","22.6965","22.2480","","0.58%"
"11/02/2015","22.2150","22.2750","22.6980","22.2450","","-0.10%"
"10/30/2015","22.2380","22.4100","22.7350","21.8880","","-0.61%"
"10/29/2015","22.3750","22.1300","22.7115","21.6650","","1.27%"
"10/28/2015","22.0950","22.1750","22.6245","21.7915","","-0.20%"
"10/27/2015","22.1400","22.2500","22.5435","21.5845","","2.87%"
"10/26/2015","21.5230","22.2230","22.5675","21.8865","","-3.00%"
"10/23/2015","22.1880","21.9200","22.5490","21.6430","","4.17%"
"10/22/2015","21.2990","21.6100","22.2595","20.9725","","-1.27%"
"10/21/2015","21.5730","21.5900","21.9050","21.2725","","0.09%"
"10/20/2015","21.5530","21.6270","21.9575","21.1675","","2.77%"
"10/19/2015","20.9720","21.5935","21.9750","21.1600","","0.16%"
"10/16/2015","20.9380","21.5100","21.9080","21.1275","","-2.48%"
"10/15/2015","21.4710","21.3555","21.8405","21.0700","","3.64%"
"10/14/2015","20.7160","21.5275","21.8350","21.0655","","-0.77%"
"10/13/2015","20.8760","21.5710","21.8900","21.1900","","-0.21%"
"10/12/2015","20.9200","21.5650","21.8795","21.2240","","-2.83%"
"10/09/2015","21.5300","21.8350","22.0850","20.9265","","-1.24%"
"10/08/2015","21.8000","21.8150","22.1950","21.4205","","1.10%"
"10/07/2015","21.5620","21.8600","22.2085","21.4645","","-1.21%"
"10/06/2015","21.8250","21.8450","22.2075","21.4565","","0.07%"
"10/05/2015","21.8100","21.7100","22.1705","21.3965","","0.62%"
"10/02/2015","21.6750","22.0105","22.2760","21.3705","","-0.12%"
"10/01/2015","21.7010","21.8950","22.2875","21.4790","","-0.73%"
"09/30/2015","21.8600","21.8900","22.2425","21.4920","","0.02%"
"09/29/2015","21.8550","21.9750","22.2650","21.4940","","-0.39%"
"09/28/2015","21.9400","22.0000","22.3005","21.5730","","-0.11%"
"09/25/2015","21.9650","21.7400","22.3335","21.4895","","4.37%"
"09/24/2015","21.0450","21.9950","22.2850","21.3540","","-4.15%"
"09/23/2015","21.9560","21.9800","22.3400","21.6245","","0.05%"
"09/22/2015","21.9450","21.7950","22.3110","21.5025","","0.85%"
"09/21/2015","21.7600","21.5900","22.1650","21.2735","","4.62%"
"09/18/2015","20.8000","21.6750","21.9375","20.8080","","-3.88%"
"09/17/2015","21.6400","21.7850","22.0750","21.3345","","-0.51%"
"09/16/2015","21.7500","21.7000","22.1275","21.3700","","1.85%"
"09/15/2015","21.3550","21.6735","22.0385","21.3495","","-1.41%"
"09/14/2015","21.6600","21.6850","22.0155","21.3280","","0.05%"
"09/11/2015","21.6500","22.1555","22.2460","21.3340","","-1.14%"
"09/10/2015","21.9000","22.2450","22.3035","21.1690","","-0.36%"
"09/09/2015","21.9800","21.9750","22.3325","21.6060","","0.19%"
"09/08/2015","21.9380","22.0850","22.3625","21.2295","","-0.51%"
"09/07/2015","22.0500","22.0850","22.3750","21.6885","","0.00%"
"09/04/2015","22.0500","22.0350","22.4015","21.6450","","0.23%"
"09/03/2015","22.0000","21.8200","22.3815","21.2735","","0.99%"
"09/02/2015","21.7850","21.8050","22.1360","21.3800","","0.07%"
"09/01/2015","21.7700","21.8700","22.1500","21.4050","","-0.30%"
"08/31/2015","21.8350","21.8050","22.2060","21.1880","","0.30%"
"08/28/2015","21.7700","22.0915","22.1950","21.0810","","0.14%"
"08/27/2015","21.7400","21.5400","22.1335","21.0875","","1.09%"
"08/26/2015","21.5050","21.3400","21.8665","20.9980","","0.94%"
"08/25/2015","21.3050","21.1400","21.7225","20.8620","","0.95%"
"08/24/2015","21.1050","21.7350","21.8660","20.7110","","-2.74%"
"08/21/2015","21.7000","22.0100","22.2130","21.0265","","-1.23%"
"08/20/2015","21.9710","22.2300","22.4585","21.6110","","-1.01%"
"08/19/2015","22.1950","22.2400","22.5530","21.8655","","-0.05%"
"08/18/2015","22.2050","22.0650","22.5540","21.7600","","0.79%"
"08/17/2015","22.0300","22.0050","22.4270","21.7000","","0.27%"
"08/14/2015","21.9700","22.1250","22.4080","21.6390","","-0.54%"
"08/13/2015","22.0900","21.9100","22.4340","21.6280","","0.98%"
"08/12/2015","21.8750","22.1750","22.4670","21.5610","","-1.19%"
"08/11/2015","22.1380","22.4050","22.6805","21.8215","","-1.04%"
"08/10/2015","22.3700","22.5350","22.8005","22.0280","","-0.58%"
"08/07/2015","22.5000","22.5400","22.8750","22.1285","","-0.02%"
"08/06/2015","22.5050","22.5050","22.8550","22.1465","","0.16%"
"08/05/2015","22.4700","22.5350","22.8625","22.1950","","-0.13%"
"08/04/2015","22.5000","22.3830","22.7770","22.0195","","0.68%"
"08/03/2015","22.3480","22.1850","22.7085","21.9210","","0.89%"
"07/31/2015","22.1500","22.3950","22.7345","21.8025","","-0.94%"
"07/30/2015","22.3600","22.2300","22.7450","21.9075","","0.75%"
"07/29/2015","22.1930","22.2250","22.5775","21.8575","","0.01%"
"07/28/2015","22.1900","22.4050","22.6335","21.8580","","-0.80%"
"07/27/2015","22.3700","22.4100","22.6030","21.7938","","1.74%"
"07/24/2015","21.9875","22.3650","22.7597","21.9646","","-1.52%"
"07/23/2015","22.3280","22.4925","22.8295","21.9835","","-0.63%"
"07/22/2015","22.4700","22.4350","22.9375","22.0469","","-0.47%"
"07/21/2015","22.5750","22.6150","22.9844","22.0775","","-0.02%"
"07/20/2015","22.5800","22.5850","23.0481","22.2405","","0.13%"
"07/17/2015","22.5500","22.5550","22.9160","22.1825","","0.13%"
"07/16/2015","22.5200","22.3650","22.8835","21.8065","","0.85%"
"07/15/2015","22.3300","22.2000","22.7025","21.2910","","0.74%"
"07/14/2015","22.1650","22.2660","22.6632","21.2130","","2.62%"
"07/13/2015","21.5990","21.9050","22.5630","21.2130","","-1.24%"
"07/10/2015","21.8700","22.2250","22.5075","21.5660","","-1.44%"
"07/09/2015","22.1900","22.1350","22.5425","21.8050","","0.42%"
"07/08/2015","22.0980","22.4550","22.6765","21.7955","","-1.44%"
"07/07/2015","22.4200","22.1775","22.8500","21.6740","","0.89%"
"07/06/2015","22.2230","22.1000","22.6011","21.7870","","0.72%"
"07/03/2015","22.0650","22.1030","22.4675","21.7374","","2.93%"
"07/02/2015","21.4370","22.2555","22.5117","21.7520","","-1.71%"
"07/01/2015","21.8110","21.9920","22.4471","21.6260","","2.27%"
"06/30/2015","21.3270","21.8050","22.3490","21.5360","","0.87%"
"06/29/2015","21.1430","21.9000","22.5539","21.5065","","-3.30%"
"06/26/2015","21.8650","21.8660","22.2715","21.5570","","3.11%"
"06/25/2015","21.2050","21.7075","22.2876","21.5306","","-3.15%"
"06/24/2015","21.8950","21.9400","22.2505","21.5710","","-0.05%"
"06/23/2015","21.9050","21.5850","22.2890","21.2314","","4.59%"
"06/22/2015","20.9430","21.7150","21.9930","21.2240","","-3.40%"
"06/19/2015","21.6800","21.4900","22.0120","21.1575","","1.05%"
"06/18/2015","21.4550","21.7700","22.0692","20.8460","","1.68%"
"06/17/2015","21.1000","21.8660","22.1602","21.1010","","-3.16%"
"06/16/2015","21.7880","21.8850","22.1865","21.3829","","-0.28%"
"06/15/2015","21.8500","21.8650","22.2010","21.4656","","0.09%"
"06/12/2015","21.8300","21.8750","22.2340","21.4710","","-0.05%"
"06/11/2015","21.8400","21.7150","22.2030","21.4000","","0.74%"
"06/10/2015","21.6800","21.8030","22.0865","21.3470","","-0.40%"
"06/09/2015","21.7680","21.9150","22.1915","21.4245","","-0.51%"
"06/08/2015","21.8800","22.1050","22.3880","21.5420","","2.24%"
"06/05/2015","21.4000","21.7150","22.4560","21.4090","","-1.29%"
"06/04/2015","21.6800","21.7850","22.1005","21.3265","","-0.32%"
"06/03/2015","21.7500","22.0500","22.1975","21.5850","","-1.20%"
"06/02/2015","22.0150","22.4200","22.7375","21.6730","","-1.65%"
"06/01/2015","22.3850","22.3650","22.7880","22.0220","","0.25%"
"05/29/2015","22.3300","22.5050","22.6850","22.1500","","1.71%"
"05/28/2015","21.9550","22.5100","22.7700","21.9975","","-2.36%"
"05/27/2015","22.4850","22.5100","22.7425","22.2725","","0.04%"
"05/26/2015","22.4750","22.1370","22.8530","21.9475","","1.69%"
"05/25/2015","22.1020","22.1370","22.5645","21.8900","","0.00%"
"05/22/2015","22.1020","22.0400","22.5195","21.6400","","0.44%"
"05/21/2015","22.0050","22.1050","22.3980","21.6605","","2.47%"
"05/20/2015","21.4750","21.9230","22.5350","21.6405","","-1.89%"
"05/19/2015","21.8880","21.5000","22.2985","21.3610","","1.97%"
"05/18/2015","21.4650","21.4200","21.8875","21.1105","","3.43%"
"05/15/2015","20.7540","21.4725","21.9550","21.0870","","-0.32%"
"05/14/2015","20.8210","21.6350","21.9245","21.1425","","-3.61%"
"05/13/2015","21.6000","21.8350","22.1625","21.2765","","-0.92%"
"05/12/2015","21.8000","22.0200","22.3210","21.3840","","-0.84%"
"05/11/2015","21.9850","21.8450","22.1800","21.7725","","0.80%"
"05/08/2015","21.8100","21.6400","22.1970","21.3680","","0.95%"
"05/07/2015","21.6050","21.7700","22.0940","21.2680","","-0.60%"
"05/06/2015","21.7350","21.9150","22.1275","21.4300","","-0.66%"
"05/05/2015","21.8800","22.0350","22.4220","21.5750","","-0.55%"
"05/04/2015","22.0000","21.8850","22.3445","21.5790","","0.69%"
"05/01/2015","21.8500","21.9750","22.2275","21.4885","","-0.41%"
"04/30/2015","21.9400","22.0350","22.3510","21.5680","","-0.27%"
"04/29/2015","22.0000","22.4175","22.7550","21.6660","","-1.85%"
"04/28/2015","22.4150","22.6550","22.9260","22.0520","","2.40%"
"04/27/2015","21.8900","22.5950","22.9725","22.1525","","-2.97%"
"04/24/2015","22.5600","23.0100","23.1660","22.2165","","-1.81%"
"04/23/2015","22.9750","22.8600","23.3160","22.4275","","0.66%"
"04/22/2015","22.8250","22.9000","23.2155","22.4490","","-0.17%"
"04/21/2015","22.8650","22.8100","23.2715","22.5005","","0.20%"
"04/20/2015","22.8200","22.8000","23.1875","22.4240","","0.24%"
"04/17/2015","22.7650","22.8700","23.1305","22.4340","","-0.31%"
"04/16/2015","22.8350","23.1250","23.4215","22.4865","","-1.10%"
"04/15/2015","23.0900","23.1100","23.4820","22.7045","","0.07%"
"04/14/2015","23.0750","23.2550","23.5855","22.6520","","2.90%"
"04/13/2015","22.4250","23.1900","23.6040","22.8130","","-3.15%"
"04/10/2015","23.1550","22.8200","23.5170","22.4960","","1.62%"
"04/09/2015","22.7850","22.7260","23.2300","22.3375","","3.40%"
"04/08/2015","22.0350","22.6545","23.0155","22.2385","","0.28%"
"04/07/2015","21.9740","22.2700","22.9695","22.0120","","-1.17%"
"04/06/2015","22.2350","22.3250","22.4575","22.0625","","-0.25%"
"04/03/2015","22.2900","22.6900","22.9385","21.9570","","-1.61%"
"04/02/2015","22.6550","22.7650","23.0445","22.2600","","-0.33%"
"04/01/2015","22.7300","22.8290","23.1725","22.4025","","2.68%"
"03/31/2015","22.1360","22.6250","23.1670","22.3175","","-2.01%"
"03/30/2015","22.5900","22.5350","22.9675","22.2145","","0.40%"
"03/27/2015","22.5000","22.4550","22.9230","22.1005","","0.36%"
"03/26/2015","22.4200","22.3250","22.7805","21.9295","","0.58%"
"03/25/2015","22.2900","22.4400","22.7675","21.9685","","-0.51%"
"03/24/2015","22.4050","22.5570","22.8475","21.9730","","-0.52%"
"03/23/2015","22.5220","22.7900","23.0325","22.1455","","-1.02%"
"03/20/2015","22.7550","22.9850","23.2990","22.3610","","-0.85%"
"03/19/2015","22.9500","22.8150","23.3615","22.4920","","0.75%"
"03/18/2015","22.7800","23.0900","23.4755","22.5655","","-1.19%"
"03/17/2015","23.0550","23.2350","23.5350","22.7185","","-0.63%"
"03/16/2015","23.2000","23.1850","23.5905","22.8030","","0.22%"
"03/13/2015","23.1500","23.1000","23.6125","22.7520","","0.37%"
"03/12/2015","23.0650","23.1050","23.4495","22.7490","","-0.02%"
"03/11/2015","23.0700","22.8350","23.4845","22.6165","","1.18%"
"03/10/2015","22.8000","22.5800","23.1955","22.3170","","1.13%"
"03/09/2015","22.5450","22.6150","22.9320","22.2020","","-0.16%"
"03/06/2015","22.5800","22.1250","22.9180","21.8950","","2.22%"
"03/05/2015","22.0900","22.1300","22.5125","21.7690","","-0.02%"
"03/04/2015","22.0950","21.9050","22.4545","21.6060","","1.03%"
"03/03/2015","21.8700","21.8250","22.2505","21.5270","","0.37%"
"03/02/2015","21.7900","21.8150","22.1965","21.4955","","2.73%"
"02/27/2015","21.2100","21.6650","22.1775","21.4500","","-1.94%"
"02/26/2015","21.6300","21.6400","22.0825","21.2780","","3.39%"
"02/25/2015","20.9200","21.7000","21.9640","21.2740","","-3.44%"
"02/24/2015","21.6650","21.7100","22.0145","21.3275","","-0.05%"
"02/23/2015","21.6750","21.7050","22.0120","21.3265","","0.02%"
"02/20/2015","21.6700","21.5600","22.0225","21.2455","","0.67%"
"02/19/2015","21.5250","21.5550","21.8755","21.1725","","2.89%"
"02/18/2015","20.9200","21.4950","21.9020","21.1755","","-2.52%"
"02/17/2015","21.4600","21.5200","21.8710","21.1425","","-0.12%"
"02/16/2015","21.4850","21.5350","21.8315","21.1800","","-0.07%"
"02/13/2015","21.5000","21.4855","21.8975","21.1735","","3.17%"
"02/12/2015","20.8390","21.6155","21.9980","21.1990","","-0.60%"
"02/11/2015","20.9640","21.6420","22.0300","21.3390","","-0.12%"
"02/10/2015","20.9900","21.6325","22.0460","21.3560","","0.03%"
"02/09/2015","20.9830","21.4850","22.0455","21.2225","","-2.18%"
"02/06/2015","21.4500","21.3440","21.8835","21.1035","","3.61%"
"02/05/2015","20.7030","21.5925","21.8955","21.0660","","-1.17%"
"02/04/2015","20.9480","21.3400","21.9510","21.0785","","1.19%"
"02/03/2015","20.7010","21.6040","21.9915","21.0995","","-1.19%"
"02/02/2015","20.9510","21.6600","22.0050","21.3045","","-3.12%"
"01/30/2015","21.6250","21.7050","22.0225","21.3040","","-0.21%"
"01/29/2015","21.6700","21.6150","22.0120","21.3220","","0.42%"
"01/28/2015","21.5800","21.6050","21.9510","21.0090","","2.64%"
"01/27/2015","21.0250","21.1080","22.0085","20.9705","","-0.23%"
"01/26/2015","21.0730","21.1100","21.8645","21.0900","","-0.01%"
"01/23/2015","21.0750","21.4850","22.0775","21.1100","","-1.75%"
"01/22/2015","21.4500","21.1000","21.7900","20.5990","","4.81%"
"01/21/2015","20.4660","21.2500","21.5230","20.8200","","-3.53%"
"01/20/2015","21.2150","21.1835","21.5225","20.9155","","0.62%"
"01/19/2015","21.0850","21.3550","21.5710","20.7850","","-1.10%"
"01/16/2015","21.3200","20.9900","21.6700","20.7025","","1.74%"
"01/15/2015","20.9550","20.7350","21.3845","20.4250","","1.23%"
"01/14/2015","20.7000","20.8250","21.1545","20.4150","","-0.43%"
"01/13/2015","20.7900","20.7650","21.1295","20.4350","","0.29%"
"01/12/2015","20.7300","20.8100","21.0940","20.4310","","-0.22%"
"01/09/2015","20.7750","20.8100","21.0775","20.4775","","0.00%"
"01/08/2015","20.7750","20.7550","21.1220","20.4480","","2.82%"
"01/07/2015","20.2050","20.6050","21.2100","20.0785","","1.41%"
"01/06/2015","19.9250","20.6050","20.9045","20.2610","","-3.14%"
"01/05/2015","20.5700","20.3950","20.9005","20.1360","","1.03%"
"01/02/2015","20.3600","20.2300","20.6875","19.9845","","0.82%"
"01/01/2015","20.1950","20.2300","20.2300","20.2300","","0.00%"
"12/31/2014","20.1950","20.1550","20.4675","19.8550","","0.37%"
"12/30/2014","20.1200","20.1050","20.4475","19.8195","","0.25%"
"12/29/2014","20.0700","20.1650","20.4275","19.7945","","-0.30%"
"12/26/2014","20.1300","20.0710","20.4400","19.7735","","0.60%"
"12/25/2014","20.0090","20.0440","20.3420","19.7695","","0.00%"
"12/24/2014","20.0090","20.0950","20.3850","19.7615","","-0.25%"
"12/23/2014","20.0600","20.0150","20.4030","19.7275","","0.40%"
"12/22/2014","19.9800","20.0000","20.2910","19.6985","","0.08%"
"12/19/2014","19.9650","20.0000","20.3055","19.6675","","0.00%"
"12/18/2014","19.9650","19.7900","20.2690","19.5470","","1.06%"
"12/17/2014","19.7550","19.6200","20.0645","19.3505","","4.17%"
"12/16/2014","18.9650","19.7400","19.9825","19.2800","","-3.76%"
"12/15/2014","19.7050","19.7000","20.0150","19.4025","","0.20%"
"12/12/2014","19.6650","19.7550","20.0225","19.3835","","-0.28%"
"12/11/2014","19.7200","19.8050","20.0625","19.4245","","-0.25%"
"12/10/2014","19.7700","19.8000","20.0900","19.4715","","0.03%"
"12/09/2014","19.7650","20.0100","20.2075","19.4615","","-1.05%"
"12/08/2014","19.9750","19.8600","20.2910","19.6065","","0.76%"
"12/05/2014","19.8250","19.8450","20.1950","19.5380","","0.08%"
"12/04/2014","19.8100","19.9300","20.2175","19.4730","","2.70%"
"12/03/2014","19.2900","19.7600","20.2050","19.4995","","-2.21%"
"12/02/2014","19.7250","19.6600","20.0525","19.3850","","3.71%"
"12/01/2014","19.0200","19.6550","19.9650","19.3455","","-3.06%"
"11/28/2014","19.6200","19.6500","19.9625","19.3555","","0.03%"
"11/27/2014","19.6150","19.6500","19.9305","19.3350","","0.00%"
"11/26/2014","19.6150","19.7700","20.0075","19.3240","","-0.61%"
"11/25/2014","19.7350","19.7800","20.0465","19.4185","","-0.05%"
"11/24/2014","19.7450","19.7750","20.0710","19.4520","","0.03%"
"11/21/2014","19.7400","19.3900","20.0535","19.1770","","1.99%"
"11/20/2014","19.3550","19.5300","19.8390","19.1620","","-0.72%"
"11/19/2014","19.4950","19.5425","19.8545","19.2355","","2.84%"
"11/18/2014","18.9570","19.6790","19.9410","19.2780","","-0.68%"
"11/17/2014","19.0870","19.7650","20.0035","19.3200","","-3.26%"
"11/14/2014","19.7300","19.6365","20.0420","19.3370","","3.59%"
"11/13/2014","19.0460","19.7200","19.9770","19.3750","","-3.25%"
"11/12/2014","19.6850","19.6395","20.0000","19.3725","","3.34%"
"11/11/2014","19.0490","19.7270","20.0345","19.3935","","-0.43%"
"11/10/2014","19.1310","19.8000","20.0440","19.3435","","-3.21%"
"11/07/2014","19.7650","19.7990","20.0950","19.4620","","2.94%"
"11/06/2014","19.2010","19.6220","20.0815","19.3125","","0.90%"
"11/05/2014","19.0300","19.5285","20.4075","19.2295","","0.47%"
"11/04/2014","18.9410","19.6285","19.9125","19.2220","","-0.51%"
"11/03/2014","19.0380","19.6300","19.9210","19.3300","","-2.84%"
"10/31/2014","19.5950","19.4245","19.9010","19.1780","","4.01%"
"10/30/2014","18.8400","19.3935","19.7835","19.1165","","0.15%"
"10/29/2014","18.8120","19.2390","19.6735","18.9395","","0.81%"
"10/28/2014","18.6600","19.2930","19.6000","18.9420","","-0.28%"
"10/27/2014","18.7130","19.4150","19.6455","19.0235","","-3.17%"
"10/24/2014","19.3250","19.3730","19.6620","19.0560","","2.84%"
"10/23/2014","18.7910","19.3610","19.6600","19.0775","","0.02%"
"10/22/2014","18.7880","19.2665","19.6555","18.9655","","0.55%"
"10/21/2014","18.6860","19.1385","19.5180","18.8720","","0.66%"
"10/20/2014","18.5640","19.2100","19.4830","18.8870","","-3.19%"
"10/17/2014","19.1750","19.1265","19.4880","18.8490","","3.38%"
"10/16/2014","18.5480","19.0855","19.5445","18.8535","","0.21%"
"10/15/2014","18.5100","19.3745","19.3845","19.0180","","-1.33%"
"10/14/2014","18.7600","19.2125","19.3820","19.1885","","0.67%"
"10/13/2014","18.6350","19.3220","19.3740","19.1985","","-0.97%"
"10/10/2014","18.8180","19.3315","19.4360","19.3310","","0.47%"
"10/09/2014","18.7300","19.3375","19.3400","19.1550","","-0.11%"
"10/08/2014","18.7500","19.3450","19.3810","19.3045","","-0.37%"
"10/07/2014","18.8190","19.3700","19.4685","19.3580","","-0.40%"
"10/06/2014","18.8940","19.5435","19.5675","19.4520","","0.02%"
"10/03/2014","18.8910","19.3770","19.5995","19.3640","","0.43%"
"10/02/2014","18.8100","19.2940","19.4015","19.2940","","0.53%"
"10/01/2014","18.7110","19.2930","19.2930","19.2930","","-0.02%"
"09/30/2014","18.7150","19.2955","19.2975","19.2950","","0.03%"
"09/29/2014","18.7100","19.3105","19.3375","19.2695","","-0.05%"
"09/26/2014","18.7200","19.2265","19.3210","19.2075","","0.40%"
"09/25/2014","18.6450","19.2460","19.2470","19.2245","","0.35%"
"09/24/2014","18.5800","19.0795","19.1800","19.0445","","0.51%"
"09/23/2014","18.4860","19.0705","19.0715","18.9930","","-0.16%"
"09/22/2014","18.5150","19.0900","19.0950","19.0355","","-0.03%"
"09/19/2014","18.5200","19.0090","19.0945","18.9385","","0.65%"
"09/18/2014","18.4010","19.0255","19.0560","18.9380","","0.33%"
"09/17/2014","18.3400","18.9180","18.9365","18.8760","","-0.22%"
"09/16/2014","18.3810","18.9530","18.9530","18.8865","","0.06%"
"09/15/2014","18.3700","18.9145","18.9795","18.8450","","-0.06%"
"09/12/2014","18.3810","18.9535","18.9750","18.9000","","0.09%"
"09/11/2014","18.3650","18.9685","18.9840","18.9170","","-0.09%"
"09/10/2014","18.3810","18.9345","18.9960","18.9010","","-0.21%"
"09/09/2014","18.4200","19.0130","19.2265","18.9540","","0.21%"
"09/08/2014","18.3810","18.9335","18.9450","18.8985","","0.22%"
"09/05/2014","18.3400","18.9270","18.9430","18.8660","","-0.22%"
"09/04/2014","18.3810","18.6295","18.9570","18.6250","","1.73%"
"09/03/2014","18.0690","18.6560","18.6660","18.6170","","-0.10%"
"09/02/2014","18.0870","18.6625","18.6880","18.6515","","-0.08%"
"09/01/2014","18.1010","18.6590","18.6650","18.6365","","0.03%"
"08/29/2014","18.0960","18.5850","18.6560","18.5665","","0.38%"
"08/28/2014","18.0270","18.5695","18.6160","18.5355","","0.08%"
"08/27/2014","18.0120","18.6045","18.6095","18.5480","","-0.20%"
"08/26/2014","18.0480","18.5715","18.6105","18.5475","","0.21%"
"08/25/2014","18.0110","18.5715","18.5805","18.5465","","0.36%"
"08/22/2014","17.9470","18.4475","18.5290","18.4300","","0.30%"
"08/21/2014","17.8930","18.4775","18.4815","18.4365","","-0.14%"
"08/20/2014","17.9180","18.3935","18.4825","18.3885","","0.44%"
"08/19/2014","17.8400","18.3345","18.4025","18.3295","","0.32%"
"08/18/2014","17.7830","18.3075","18.3465","18.2900","","0.18%"
"08/15/2014","17.7510","18.3325","18.3390","18.2690","","-0.16%"
"08/14/2014","17.7800","18.3295","18.3390","18.2730","","0.00%"
"08/13/2014","17.7800","18.3465","18.3605","18.2630","","-0.06%"
"08/12/2014","17.7900","18.3225","18.3710","18.3225","","0.21%"
"08/11/2014","17.7520","18.2935","18.3085","18.2910","","0.19%"
"08/08/2014","17.7190","18.3310","18.3425","18.2420","","-0.34%"
"08/07/2014","17.7790","18.3065","18.3690","18.2840","","0.14%"
"08/06/2014","17.7550","18.3165","18.3735","18.3020","","-0.06%"
"08/05/2014","17.7660","18.2550","18.3385","18.2510","","0.34%"
"08/04/2014","17.7050","18.2465","18.2710","18.2465","","-0.25%"
"08/01/2014","17.7500","18.2980","18.3080","18.2230","","0.03%"
"07/31/2014","17.7440","18.2890","18.3175","18.2825","","0.03%"
"07/30/2014","17.7390","18.2705","18.3290","18.1680","","0.09%"
"07/29/2014","17.7230","18.2305","18.2765","18.1450","","0.23%"
"07/28/2014","17.6820","18.2360","18.2420","18.2180","","-0.06%"
"07/25/2014","17.6930","18.1960","18.2520","18.1920","","0.24%"
"07/24/2014","17.6510","18.1975","18.2070","18.1685","","0.00%"
"07/23/2014","17.6510","18.1915","18.2085","18.1830","","0.04%"
"07/22/2014","17.6440","18.1160","18.2020","18.1105","","0.41%"
"07/21/2014","17.5720","18.1210","18.1295","18.1085","","-0.05%"
"07/18/2014","17.5810","18.1120","18.1595","18.0990","","0.09%"
"07/17/2014","17.5660","18.1130","18.1250","18.0955","","-0.02%"
"07/16/2014","17.5690","18.0570","18.1205","18.0525","","0.33%"
"07/15/2014","17.5120","17.9900","18.0655","17.9790","","0.29%"
"07/14/2014","17.4610","18.0025","18.0255","18.0020","","-0.10%"
"07/11/2014","17.4780","18.0025","18.0240","17.9830","","0.03%"
"07/10/2014","17.4720","17.9680","18.0295","17.9640","","0.27%"
"07/09/2014","17.4250","17.9950","18.0120","17.9585","","-0.57%"
"07/08/2014","17.5250","18.0080","18.0750","17.9915","","0.37%"
"07/07/2014","17.4610","18.0415","18.0415","18.0040","","-0.09%"
"07/04/2014","17.4770","18.0005","18.0340","18.0000","","0.10%"
"07/03/2014","17.4600","17.9440","18.0175","17.9305","","0.29%"
"07/02/2014","17.4100","17.9170","17.9580","17.9075","","0.26%"
"07/01/2014","17.3650","17.8940","17.9140","17.8870","","0.05%"
"06/30/2014","17.3560","17.9460","17.9530","17.8875","","-0.43%"
"06/27/2014","17.4310","17.9805","18.0020","17.9610","","-0.25%"
"06/26/2014","17.4750","18.0295","18.0295","17.9915","","0.28%"
"06/25/2014","17.4270","17.9955","18.0190","17.9490","","-0.27%"
"06/24/2014","17.4750","17.9890","18.0365","17.9780","","-0.10%"
"06/23/2014","17.4930","18.0200","18.0480","18.0105","","0.02%"
"06/20/2014","17.4900","17.9850","18.0615","17.9850","","0.27%"
"06/19/2014","17.4430","17.9900","17.9975","17.9585","","-0.44%"
"06/18/2014","17.5200","18.0885","18.0900","18.0375","","-0.11%"
"06/17/2014","17.5400","18.0505","18.0995","18.0425","","0.18%"
"06/16/2014","17.5080","18.0865","18.1300","18.0420","","-0.29%"
"06/13/2014","17.5590","18.0770","18.1145","18.0420","","0.15%"
"06/12/2014","17.5320","18.0780","18.0920","18.0525","","-0.17%"
"06/11/2014","17.5610","18.0945","18.1160","18.0715","","0.06%"
"06/10/2014","17.5500","18.0230","18.1005","18.0200","","0.75%"
"06/09/2014","17.4190","17.9590","17.9590","17.9590","","0.00%"
"06/06/2014","17.4190","17.9330","18.0640","17.8495","","0.13%"
"06/05/2014","17.3960","18.0165","18.1440","17.9260","","-0.44%"
"06/04/2014","17.4730","17.9765","18.1105","17.9035","","0.20%"
"06/03/2014","17.4380","18.0190","18.0930","16.3970","","-0.23%"
"06/02/2014","17.4780","18.0090","18.1165","17.9110","","0.19%"
"05/30/2014","17.4450","18.0095","18.0105","17.9500","","1.08%"
"05/29/2014","17.2590","18.0265","18.2275","17.8905","","-1.25%"
"05/28/2014","17.4770","17.9675","18.0270","17.9650","","0.29%"
"05/27/2014","17.4260","17.9540","18.2115","17.8685","","0.07%"
"05/26/2014","17.4140","17.9645","17.9685","17.9425","","-0.12%"
"05/23/2014","17.4350","17.9850","18.1780","17.9500","","0.20%"
"05/22/2014","17.4010","17.9350","18.1780","17.9010","","0.00%"
"05/21/2014","17.4010","17.8625","18.1780","17.8625","","0.25%"
"05/20/2014","17.3570","17.8705","17.9110","17.8615","","0.14%"
"05/19/2014","17.3330","17.8505","18.1475","17.7745","","1.00%"
"05/16/2014","17.1620","17.8685","18.1615","17.7705","","-0.98%"
"05/15/2014","17.3320","17.8635","18.0000","17.7625","","0.03%"
"05/14/2014","17.3260","17.8790","17.9660","17.7685","","-0.07%"
"05/13/2014","17.3390","17.8065","18.0735","17.6740","","0.39%"
"05/12/2014","17.2720","17.7960","17.9935","17.6360","","0.97%"
"05/09/2014","17.1060","17.7035","17.9070","17.6495","","-0.35%"
"05/08/2014","17.1660","17.6115","17.7970","17.5130","","0.50%"
"05/07/2014","17.0810","17.5915","17.7810","17.5010","","0.11%"
"05/06/2014","17.0620","17.6560","17.7520","17.4880","","-0.37%"
"05/05/2014","17.1250","17.6615","17.7590","17.5655","","-0.02%"
"05/02/2014","17.1280","17.6655","17.7940","17.5700","","-0.04%"
"05/01/2014","17.1340","17.6685","17.7710","17.5740","","-0.01%"
"04/30/2014","17.1350","17.7380","17.8175","17.5750","","-0.39%"
"04/29/2014","17.2020","17.6880","17.8335","17.6110","","0.26%"
"04/28/2014","17.1580","17.6695","17.7860","17.5840","","-0.07%"
"04/25/2014","17.1700","17.7080","18.0945","17.6185","","0.92%"
"04/24/2014","17.0130","17.7200","18.1190","17.1595","","-0.13%"
"04/23/2014","17.0350","17.7440","18.0190","17.6225","","0.03%"
"04/22/2014","17.0300","17.7450","17.8420","17.6540","","-0.02%"
"04/21/2014","17.0330","17.7395","17.9240","17.6490","","0.02%"
"04/18/2014","17.0300","17.7350","17.8280","17.6440","","-0.99%"
"04/17/2014","17.2000","17.7335","17.8440","17.6655","","0.02%"
"04/16/2014","17.1970","17.7350","17.8335","17.6110","","-0.02%"
"04/15/2014","17.2010","17.7275","17.8415","17.6395","","0.04%"
"04/14/2014","17.1940","17.7260","17.7430","17.7100","","0.46%"
"04/11/2014","17.1160","17.6415","17.8390","17.5545","","0.04%"
"04/10/2014","17.1090","17.6825","17.8270","17.6055","","-0.24%"
"04/09/2014","17.1510","17.7590","17.9540","17.6150","","-0.43%"
"04/08/2014","17.2250","17.8295","17.8865","17.6635","","-0.40%"
"04/07/2014","17.2940","17.8635","17.9425","17.7380","","-0.28%"
"04/04/2014","17.3420","17.8700","17.9160","17.8455","","-1.01%"
"04/03/2014","17.5190","17.7975","18.0810","17.7470","","2.82%"
"04/02/2014","17.0380","17.7345","17.8685","17.6530","","0.00%"
"04/01/2014","17.0380","17.7660","17.8475","17.6565","","-2.86%"
"03/31/2014","17.5390","17.8205","18.2175","17.6895","","2.58%"
"03/28/2014","17.0980","17.8220","17.9295","17.7120","","-1.14%"
"03/27/2014","17.2950","17.7710","17.8470","8.6190","","0.31%"
"03/26/2014","17.2410","17.7190","17.8025","17.7175","","0.32%"
"03/25/2014","17.1860","17.7035","17.8140","8.5006","","0.09%"
"03/24/2014","17.1710","17.7525","17.7900","17.5991","","-0.34%"
"03/21/2014","17.2290","17.7745","17.7840","17.7395","","-0.21%"
"03/20/2014","17.2650","17.6025","17.8195","17.6025","","1.11%"
"03/19/2014","17.0750","17.5825","17.6255","17.5810","","0.13%"
"03/18/2014","17.0530","17.5975","17.6480","17.5175","","-0.06%"
"03/17/2014","17.0630","17.6425","17.6465","17.5685","","-0.10%"
"03/14/2014","17.0800","17.5855","17.6730","17.5820","","-0.26%"
"03/13/2014","17.1250","17.6215","17.6285","17.5855","","0.20%"
"03/12/2014","17.0910","17.6745","17.6965","17.5474","","-0.31%"
"03/11/2014","17.1440","17.6570","17.7095","17.5709","","0.11%"
"03/10/2014","17.1250","17.6435","17.6735","17.6320","","0.00%"
"03/07/2014","17.1250","17.6910","17.6910","17.6075","","-0.17%"
"03/06/2014","17.1550","17.8375","17.8540","17.6815","","-1.55%"
"03/05/2014","17.4250","17.8525","17.9420","17.8225","","0.66%"
"03/04/2014","17.3100","17.8110","17.8520","17.7066","","0.26%"
"03/03/2014","17.2650","17.7905","17.8210","17.7705","","0.38%"
"02/28/2014","17.2000","17.8705","17.8910","17.7285","","-0.77%"
"02/27/2014","17.3330","17.9020","17.9575","17.7729","","-0.16%"
"02/26/2014","17.3610","17.8255","17.9330","17.8090","","0.42%"
"02/25/2014","17.2890","17.8375","17.8605","17.7985","","-0.07%"
"02/24/2014","17.3010","17.8175","17.8720","17.7581","","-0.02%"
"02/21/2014","17.3050","17.8590","17.8795","17.8110","","-0.10%"
"02/20/2014","17.3230","17.8205","17.8985","17.8205","","1.06%"
"02/19/2014","17.1415","17.8085","17.8150","17.7317","","-0.76%"
"02/18/2014","17.2720","17.8735","17.8995","17.7387","","-0.37%"
"02/17/2014","17.3370","17.8770","17.8905","17.8690","","-0.10%"
"02/14/2014","17.3550","17.8865","17.9100","17.8710","","-0.17%"
"02/13/2014","17.3840","18.0235","18.0345","17.8970","","-0.54%"
"02/12/2014","17.4790","17.9685","18.0655","17.9169","","1.16%"
"02/11/2014","17.2784","17.9140","17.9725","17.8627","","-0.76%"
"02/10/2014","17.4100","17.9580","17.9830","17.8857","","0.61%"
"02/07/2014","17.3042","18.0275","18.0765","17.9026","","-1.03%"
"02/06/2014","17.4850","18.1025","18.1640","17.9905","","-0.43%"
"02/05/2014","17.5610","18.1225","18.1495","18.0247","","-0.10%"
"02/04/2014","17.5780","18.1140","18.1540","17.9551","","0.07%"
"02/03/2014","17.5650","18.1670","18.1765","18.0386","","0.44%"
"01/31/2014","17.4888","18.0810","18.1755","17.9919","","0.26%"
"01/30/2014","17.4432","17.9960","18.0910","17.9335","","0.28%"
"01/29/2014","17.3950","17.9135","18.0075","17.9045","","0.70%"
"01/28/2014","17.2735","17.8500","17.8520","17.7862","","-0.60%"
"01/27/2014","17.3770","17.9100","17.9884","17.8635","","0.01%"
"01/24/2014","17.3760","17.9095","17.9814","17.8330","","-1.27%"
"01/23/2014","17.5990","18.0850","18.1443","17.9045","","0.33%"
"01/22/2014","17.5410","18.0655","18.1438","17.9967","","0.10%"
"01/21/2014","17.5230","18.0780","18.1553","18.0605","","-0.07%"
"01/20/2014","17.5350","18.0760","18.0880","18.0560","","-0.18%"
"01/17/2014","17.5670","17.9915","18.1687","17.9870","","0.69%"
"01/16/2014","17.4460","18.0055","18.0335","17.9535","","-0.10%"
"01/15/2014","17.4640","17.9105","18.0380","17.8965","","0.54%"
"01/14/2014","17.3700","17.9195","17.9530","17.8379","","-0.06%"
"01/13/2014","17.3810","17.9295","17.9655","17.8533","","-0.53%"
"01/10/2014","17.4740","18.0000","18.0280","17.8973","","-0.10%"
"01/09/2014","17.4910","18.0465","18.0765","17.9369","","-0.07%"
"01/08/2014","17.5030","18.0123","18.0740","17.9433","","0.29%"
"01/07/2014","17.4520","17.9780","18.0243","17.9255","","0.09%"
"01/06/2014","17.4360","18.0055","18.0924","17.9445","","-1.77%"
"01/03/2014","17.7500","17.9475","18.1540","17.9270","","1.72%"
"01/02/2014","17.4500","17.8415","18.0080","17.7960","","1.25%"
"01/01/2014","17.2350","17.2350","17.2350","17.2350","","0.00%"
"12/31/2013","17.2350","17.9900","17.9900","17.6613","","-2.07%"
"12/30/2013","17.6000","17.8150","18.0000","17.7290","","1.76%"
"12/27/2013","17.2950","17.8930","17.9000","17.7078","","-0.33%"
"12/26/2013","17.3530","17.8965","17.9100","17.8239","","0.82%"
"12/25/2013","17.2119","17.2119","17.2119","17.2119","","0.00%"
"12/24/2013","17.2119","17.9005","17.9200","17.8240","","-0.04%"
"12/23/2013","17.2189","17.9025","17.9170","17.7335","","-0.16%"
"12/20/2013","17.2467","17.9645","17.9705","17.8283","","-2.84%"
"12/19/2013","17.7500","17.9020","18.1170","17.8299","","3.05%"
"12/18/2013","17.2239","17.7970","17.8395","17.7253","","-0.21%"
"12/17/2013","17.2600","17.7885","17.8500","17.7223","","0.52%"
"12/16/2013","17.1702","17.8135","17.8290","17.7311","","0.00%"
"12/13/2013","17.1702","17.7970","17.8690","17.7496","","-3.30%"
"12/12/2013","17.7570","17.7705","18.1035","17.6984","","3.87%"
"12/11/2013","17.0958","17.8040","17.8220","17.6929","","-1.00%"
"12/10/2013","17.2690","17.8200","17.8725","17.7252","","-2.03%"
"12/09/2013","17.6275","18.1875","18.1875","18.1013","","2.33%"
"12/06/2013","17.2268","17.9400","17.9760","17.8239","","-0.16%"
"12/05/2013","17.2546","17.9865","18.0870","17.8548","","-0.56%"
"12/04/2013","17.3519","18.0550","18.1085","17.9534","","0.00%"
"12/03/2013","17.3519","18.0740","18.0930","17.9459","","-2.14%"
"12/02/2013","17.7310","18.0060","18.2615","17.9748","","2.29%"
"11/29/2013","17.3340","17.9990","18.0175","17.9325","","-0.78%"
"11/28/2013","17.4700","18.0065","18.0300","17.9945","","0.22%"
"11/27/2013","17.4314","18.0200","18.0665","17.9877","","0.20%"
"11/26/2013","17.3965","18.0825","18.1170","17.9978","","-0.37%"
"11/25/2013","17.4611","18.1000","18.1600","18.0490","","0.24%"
"11/22/2013","17.4184","18.4705","18.4705","18.0187","","-0.48%"
"11/21/2013","17.5027","18.2300","18.2560","18.1134","","-1.01%"
"11/20/2013","17.6820","18.1080","18.3375","18.0885","","0.66%"
"11/19/2013","17.5660","18.1455","18.1645","18.0950","","-1.67%"
"11/18/2013","17.8650","18.4500","18.4500","18.3825","","-0.03%"
"11/15/2013","17.8700","18.4580","18.4630","18.3885","","0.00%"
"11/14/2013","17.8700","18.4610","18.4610","18.3925","","-0.73%"
"11/13/2013","18.0010","18.4575","18.4635","18.4535","","0.01%"
"11/12/2013","18.0000","18.4625","18.4625","18.4625","","2.90%"
"11/11/2013","17.4928","17.4928","17.4928","17.4928","","0.00%"
"11/08/2013","17.4928","18.1810","18.1850","18.1174","","-0.84%"
"11/07/2013","17.6417","17.6417","17.6417","17.6417","","0.00%"
"11/06/2013","17.6417","18.2500","18.2500","18.1283","","-0.56%"
"11/05/2013","17.7409","18.2500","18.2500","18.1830","","1.44%"
"11/04/2013","17.4888","17.4888","17.4888","17.4888","","0.00%"
"11/01/2013","17.4888","18.0360","18.1760","18.0235","","-0.04%"
"10/31/2013","17.4950","17.8360","18.0465","17.8325","","1.13%"
"10/30/2013","17.3000","17.8240","17.8845","17.7411","","0.06%"
"10/29/2013","17.2900","17.7715","17.8335","17.6869","","0.30%"
"10/28/2013","17.2390","17.7400","17.7845","17.6849","","1.63%"
"10/25/2013","16.9627","17.7540","17.7605","17.6238","","-1.49%"
"10/24/2013","17.2190","17.7855","17.7965","17.6764","","-0.17%"
"10/23/2013","17.2490","17.7765","17.8285","17.7083","","0.04%"
"10/22/2013","17.2420","17.9085","17.9290","17.7053","","-0.74%"
"10/21/2013","17.3710","17.9200","17.9450","17.8374","","0.80%"
"10/18/2013","17.2328","17.9150","17.9541","17.8244","","-0.82%"
"10/17/2013","17.3760","18.1020","18.1200","17.8453","","-1.04%"
"10/16/2013","17.5590","18.1145","18.1840","18.0176","","-0.06%"
"10/15/2013","17.5700","18.0640","18.1735","18.0261","","0.26%"
"10/14/2013","17.5250","18.0625","18.0880","17.9664","","0.50%"
"10/11/2013","17.4382","18.1200","18.1235","18.0096","","-0.78%"
"10/10/2013","17.5750","18.1135","18.1545","18.0366","","0.02%"
"10/09/2013","17.5710","18.0495","18.1625","17.9956","","0.36%"
"10/08/2013","17.5080","18.0370","18.0670","17.9559","","0.07%"
"10/07/2013","17.4960","18.0320","18.0895","17.9689","","1.10%"
"10/04/2013","17.3052","17.3052","17.3052","17.3052","","-0.75%"
"10/03/2013","17.4360","18.0385","18.0425","17.9540","","-0.37%"
"10/02/2013","17.5000","18.1065","18.1350","17.9544","","-0.39%"
"10/01/2013","17.5690","18.1080","18.1225","18.0086","","0.00%"
"09/30/2013","17.5690","18.1535","18.1575","18.0266","","-0.01%"
"09/27/2013","17.5710","18.1630","18.1680","18.0216","","-0.25%"
"09/26/2013","17.6150","18.1120","18.1845","18.1080","","0.27%"
"09/25/2013","17.5670","18.1815","18.1885","18.0376","","-0.39%"
"09/24/2013","17.6360","18.1565","18.1925","18.0735","","0.14%"
"09/23/2013","17.6120","18.1400","18.1725","18.0476","","0.27%"
"09/20/2013","17.5650","18.1010","18.1485","18.0311","","0.90%"
"09/19/2013","17.4084","18.1175","18.1455","18.0022","","-0.95%"
"09/18/2013","17.5750","18.3475","18.3670","18.0252","","-0.63%"
"09/17/2013","17.6863","18.3740","18.3740","18.2812","","-0.74%"
"09/16/2013","17.8190","18.3535","18.3770","18.2692","","-0.30%"
"09/13/2013","17.8720","18.4165","18.4795","18.3920","","0.02%"
"09/12/2013","17.8680","18.4060","18.4655","18.3340","","0.10%"
"09/11/2013","17.8510","18.4630","18.4865","18.3865","","-0.33%"
"09/10/2013","17.9100","18.4825","18.5155","18.4545","","-0.11%"
"09/09/2013","17.9290","18.5885","18.6015","18.4505","","-0.53%"
"09/06/2013","18.0240","18.6710","18.6940","18.5159","","-0.49%"
"09/05/2013","18.1120","18.5480","18.6855","18.5310","","0.67%"
"09/04/2013","17.9920","18.6015","18.6175","18.5340","","-0.27%"
"09/03/2013","18.0410","18.5680","18.6440","18.5620","","0.16%"
"09/02/2013","18.0120","18.5255","18.5815","18.4799","","0.22%"
"08/30/2013","17.9720","18.5020","18.5860","18.4471","","0.13%"
"08/29/2013","17.9480","18.3660","18.5330","18.3590","","0.75%"
"08/28/2013","17.8150","18.2920","18.4100","18.2890","","0.41%"
"08/27/2013","17.7420","18.3125","18.3825","18.2865","","0.68%"
"08/26/2013","17.6218","18.3260","18.3380","18.2319","","-0.76%"
"08/23/2013","17.7560","18.3400","18.3670","18.2725","","-0.20%"
"08/22/2013","17.7920","18.3410","18.4100","18.2653","","0.01%"
"08/21/2013","17.7910","18.2590","18.3670","18.2495","","0.46%"
"08/20/2013","17.7100","18.3605","18.3620","18.1661","","-0.04%"
"08/19/2013","17.7172","17.7172","17.7172","17.7172","","0.00%"
"08/16/2013","17.7172","17.7172","17.7172","17.7172","","0.00%"
"08/15/2013","17.7172","17.7172","17.7172","17.7172","","0.00%"
"08/14/2013","17.7172","17.7172","17.7172","17.7172","","0.00%"
"08/13/2013","17.7172","17.7172","17.7172","17.7172","","0.00%"
"08/12/2013","17.7172","17.7172","17.7172","17.7172","","0.00%"
"08/09/2013","17.7172","17.7172","17.7172","17.7172","","0.00%"
"08/08/2013","17.7172","17.7172","17.7172","17.7172","","0.00%"
"08/07/2013","17.7172","17.8511","17.8511","17.7172","","-0.75%"
"08/06/2013","17.8511","17.8511","17.8511","17.8511","","0.00%"
"08/05/2013","17.8511","17.8511","17.8511","17.8511","","0.00%"
"08/02/2013","17.8511","18.5495","18.5535","18.4736","","-0.79%"
"08/01/2013","17.9940","18.4145","18.5650","18.4045","","0.73%"
"07/31/2013","17.8630","18.4710","18.5370","18.3590","","-0.30%"
"07/30/2013","17.9170","18.4700","18.5100","18.4155","","-0.01%"
"07/29/2013","17.9180","18.4700","18.5030","18.3788","","0.13%"
"07/26/2013","17.8950","18.4505","18.4850","18.3704","","-0.01%"
"07/25/2013","17.8970","18.5585","18.6070","18.3535","","-0.58%"
"07/24/2013","18.0020","18.5255","18.5900","18.4500","","0.19%"
"07/23/2013","17.9680","18.5790","18.6085","18.4466","","-0.30%"
"07/22/2013","18.0220","18.6225","18.6255","18.4874","","-0.32%"
"07/19/2013","18.0790","18.6860","18.7040","18.5632","","-0.26%"
"07/18/2013","18.1260","18.6640","18.7485","18.6610","","0.12%"
"07/17/2013","18.1050","18.6100","18.7235","18.5915","","0.29%"
"07/16/2013","18.0520","18.6668","18.7625","18.5472","","-0.74%"
"07/15/2013","18.1860","18.7485","18.7485","18.7485","","0.00%"
"07/12/2013","18.1860","18.7525","18.8445","18.6633","","0.23%"
"07/11/2013","18.1450","18.8765","18.8955","18.5550","","-0.90%"
"07/10/2013","18.3090","19.1650","19.1765","18.8690","","-1.53%"
"07/09/2013","18.5930","19.0310","19.2065","18.9505","","0.70%"
"07/08/2013","18.4630","19.0720","19.0810","19.0155","","-0.29%"
"07/05/2013","18.5170","18.9720","19.1300","18.9640","","0.65%"
"07/04/2013","18.3980","18.8300","19.0145","18.8200","","0.72%"
"07/03/2013","18.2670","18.8765","18.9555","18.7720","","-0.23%"
"07/02/2013","18.3100","18.7535","18.8955","18.6753","","0.67%"
"07/01/2013","18.1880","18.7940","18.8245","18.7465","","-0.42%"
"06/28/2013","18.2650","18.7910","18.8575","18.6990","","0.22%"
"06/27/2013","18.2250","18.7885","18.8445","18.7670","","2.25%"
"06/26/2013","17.8233","17.8233","17.8233","17.8233","","0.00%"
"06/25/2013","17.8233","17.8233","17.8233","17.8233","","0.00%"
"06/24/2013","17.8233","17.8233","17.8233","17.8233","","0.00%"
"06/21/2013","17.8233","18.5270","18.5435","18.4317","","-0.84%"
"06/20/2013","17.9740","18.5300","18.6115","18.5030","","1.38%"
"06/19/2013","17.7300","18.2905","18.3030","18.2630","","-0.07%"
"06/18/2013","17.7430","18.3260","18.3835","18.2075","","-0.20%"
"06/17/2013","17.7780","18.3660","18.3810","18.2508","","-0.14%"
"06/14/2013","17.8030","18.3135","18.4265","18.2667","","0.20%"
"06/13/2013","17.7670","18.3670","18.4485","18.2745","","-0.29%"
"06/12/2013","17.8180","18.3990","18.4670","18.3015","","-0.17%"
"06/11/2013","17.8480","18.4805","18.4865","18.3950","","-0.43%"
"06/10/2013","17.9250","18.5790","18.5885","18.4045","","-0.25%"
"06/07/2013","17.9700","18.4950","18.5705","18.4035","","0.17%"
"06/06/2013","17.9390","18.7095","18.7195","18.4145","","-1.15%"
"06/05/2013","18.1470","18.6650","18.7670","18.6440","","-0.20%"
"06/04/2013","18.1840","18.7345","18.7825","18.7020","","0.06%"
"06/03/2013","18.1730","18.8115","18.9100","18.6510","","-0.57%"
"05/31/2013","18.2770","18.7700","18.9260","18.7315","","0.36%"
"05/30/2013","18.2110","18.9280","18.9410","18.7015","","-0.84%"
"05/29/2013","18.3660","19.0545","19.0780","18.8355","","-0.64%"
"05/28/2013","18.4840","18.9410","19.0660","18.9150","","0.60%"
"05/27/2013","18.3740","18.9380","18.9585","18.8590","","1.15%"
"05/24/2013","18.1647","18.9410","18.9835","18.7964","","-1.12%"
"05/23/2013","18.3700","19.0525","19.0990","18.9100","","0.35%"
"05/22/2013","18.3057","18.9790","19.0885","18.8495","","-0.57%"
"05/21/2013","18.4110","19.0145","19.0780","18.8920","","-0.18%"
"05/20/2013","18.4450","19.0735","19.0750","18.9313","","-0.35%"
"05/17/2013","18.5090","19.0175","19.1420","18.9746","","0.35%"
"05/16/2013","18.4450","19.0340","19.0485","18.9133","","3.82%"
"05/15/2013","17.7667","17.7667","17.7667","17.7667","","-0.75%"
"05/14/2013","17.9010","17.9010","17.9010","17.9010","","-0.75%"
"05/13/2013","18.0367","18.0367","18.0367","18.0367","","0.00%"
"05/10/2013","18.0367","18.0367","18.0367","18.0367","","-0.75%"
"05/09/2013","18.1730","18.1730","18.1730","18.1730","","0.00%"
"05/08/2013","18.1730","18.1730","18.1730","18.1730","","0.00%"
"05/07/2013","18.1730","18.1730","18.1730","18.1730","","0.00%"
"05/06/2013","18.1730","18.6925","18.7680","18.6710","","0.30%"
"05/03/2013","18.1190","18.7505","18.7940","18.6160","","-0.38%"
"05/02/2013","18.1880","18.6145","18.7895","18.5395","","1.23%"
"05/01/2013","17.9670","18.6030","18.6145","18.4545","","-0.43%"
"04/30/2013","18.0450","18.7010","18.7625","18.5790","","-0.53%"
"04/29/2013","18.1410","18.7330","18.7350","18.6880","","-0.53%"
"04/26/2013","18.2370","18.8265","18.8565","18.7200","","-0.13%"
"04/25/2013","18.2610","18.8185","18.8605","18.7080","","0.02%"
"04/24/2013","18.2570","18.8390","18.9070","18.7410","","1.35%"
"04/23/2013","18.0140","18.0140","18.0140","18.0140","","-0.75%"
"04/22/2013","18.1500","18.1500","18.1500","18.1500","","0.00%"
"04/19/2013","18.1500","18.7700","18.7770","18.7080","","-0.31%"
"04/18/2013","18.2070","18.7980","18.8065","18.6700","","-0.16%"
"04/17/2013","18.2360","18.5890","18.8420","18.5605","","1.13%"
"04/16/2013","18.0320","18.7955","18.8030","18.5064","","-1.10%"
"04/15/2013","18.2320","18.7395","18.8125","18.6895","","0.60%"
"04/12/2013","18.1230","18.6965","18.7885","18.6625","","-0.07%"
"04/11/2013","18.1360","18.7435","18.7640","18.6465","","-0.25%"
"04/10/2013","18.1810","18.7265","18.7700","18.6363","","0.08%"
"04/09/2013","18.1660","18.8320","18.8330","18.6940","","-0.55%"
"04/08/2013","18.2670","18.8590","18.8620","18.7910","","-0.12%"
"04/05/2013","18.2890","18.9835","18.9895","18.7870","","-1.54%"
"04/04/2013","18.5750","19.0660","19.1630","18.9956","","0.46%"
"04/03/2013","18.4900","19.1105","19.1495","19.0440","","-0.25%"
"04/02/2013","18.5370","19.0555","19.1240","18.9961","","0.01%"
"04/01/2013","18.5360","18.5360","18.5360","18.5360","","0.00%"
"03/29/2013","18.5360","19.1135","19.1465","19.0825","","-0.03%"
"03/28/2013","18.5420","19.1685","19.2065","19.0220","","-0.28%"
"03/27/2013","18.5940","19.0465","19.1980","19.0358","","0.63%"
"03/26/2013","18.4770","19.0620","19.0960","18.9562","","-0.06%"
"03/25/2013","18.4880","18.8505","19.0915","18.8155","","1.76%"
"03/22/2013","18.1687","18.9920","19.0055","18.7829","","-1.37%"
"03/21/2013","18.4220","18.9435","19.0185","18.9085","","0.26%"
"03/20/2013","18.3750","19.0155","19.0545","18.8386","","-0.39%"
"03/19/2013","18.4470","18.9060","19.0690","18.8870","","0.58%"
"03/18/2013","18.3400","18.9365","18.9615","18.8090","","1.58%"
"03/15/2013","18.0540","18.8390","18.8465","18.6545","","-1.19%"
"03/14/2013","18.2710","18.8985","18.9730","18.7980","","-0.33%"
"03/13/2013","18.3320","18.7955","18.9540","18.7525","","0.55%"
"03/12/2013","18.2320","18.7785","18.8465","18.7350","","0.09%"
"03/11/2013","18.2150","18.8320","18.8605","18.7680","","-0.37%"
"03/08/2013","18.2820","18.6925","18.9085","18.6515","","0.84%"
"03/07/2013","18.1300","18.8895","18.8925","18.6740","","-1.07%"
"03/06/2013","18.3260","18.7700","18.8955","18.7505","","0.40%"
"03/05/2013","18.2530","18.8055","18.8290","18.7370","","0.05%"
"03/04/2013","18.2430","18.8350","18.8710","18.8010","","1.24%"
"03/01/2013","18.0190","18.0190","18.0190","18.0190","","0.00%"
"02/28/2013","18.0190","18.0190","18.0190","18.0190","","0.00%"
"02/27/2013","18.0190","18.0190","18.0190","18.0190","","0.00%"
"02/26/2013","18.0190","18.0190","18.0190","18.0190","","0.00%"
"02/25/2013","18.0190","18.0190","18.0190","18.0190","","0.00%"
"02/22/2013","18.0190","18.5720","18.5835","18.5650","","0.02%"
"02/21/2013","18.0150","18.4460","18.6125","18.4340","","0.70%"
"02/20/2013","17.8900","18.2990","18.4585","18.2440","","0.79%"
"02/19/2013","17.7500","18.3500","18.3770","18.2865","","-0.28%"
"02/18/2013","17.7990","18.3620","18.3895","18.3150","","0.07%"
"02/15/2013","17.7860","18.3690","18.4100","18.3135","","-0.20%"
"02/14/2013","17.8220","18.2905","18.3990","18.2620","","0.78%"
"02/13/2013","17.6840","18.2060","18.2455","18.1185","","0.13%"
"02/12/2013","17.6610","18.2740","18.3260","18.1805","","-0.36%"
"02/11/2013","17.7240","18.3325","18.3380","18.2455","","-0.31%"
"02/08/2013","17.7800","18.2875","18.3455","18.2455","","0.25%"
"02/07/2013","17.7360","18.1175","18.3235","18.0440","","0.94%"
"02/06/2013","17.5710","18.1145","18.1525","18.0795","","0.46%"
"02/05/2013","17.4900","18.1455","18.1455","18.0175","","0.30%"
"02/04/2013","17.4380","17.9740","17.9775","17.9725","","0.20%"
"02/01/2013","17.4030","18.0395","18.0475","17.8660","","-0.53%"
"01/31/2013","17.4960","18.0560","18.0905","18.0225","","-0.11%"
"01/30/2013","17.5150","18.1560","18.1710","18.0310","","-0.55%"
"01/29/2013","17.6120","18.2060","18.2620","18.1495","","-0.27%"
"01/28/2013","17.6600","18.2360","18.2455","18.1775","","0.02%"
"01/25/2013","17.6560","18.2425","18.2670","18.1750","","-0.64%"
"01/24/2013","17.7700","18.3880","18.4060","18.2930","","-0.43%"
"01/23/2013","17.8470","18.3895","18.4045","18.3795","","0.06%"
"01/22/2013","17.8360","18.4020","18.4640","18.3275","","-0.07%"
"01/21/2013","17.8480","18.4125","18.4195","18.3770","","-0.04%"
"01/18/2013","17.8550","18.3135","18.4265","18.3055","","0.47%"
"01/17/2013","17.7710","18.4350","18.4610","18.3000","","-0.62%"
"01/16/2013","17.8820","18.4100","18.4780","18.3835","","0.13%"
"01/15/2013","17.8590","18.3070","18.4640","18.2890","","0.58%"
"01/14/2013","17.7560","18.3370","18.3700","18.2905","","-0.19%"
"01/11/2013","17.7900","18.4585","18.4890","18.3300","","-0.65%"
"01/10/2013","17.9060","18.7505","18.7770","18.4600","","-1.55%"
"01/09/2013","18.1880","18.7235","18.7910","18.7050","","0.70%"
"01/08/2013","18.0610","18.0610","18.0610","18.0610","","0.00%"
"01/07/2013","18.0610","18.0610","18.0610","18.0610","","0.00%"
"01/04/2013","18.0610","18.0610","18.0610","18.0610","","0.00%"
"01/03/2013","18.0610","18.0610","18.0610","18.0610","","0.00%"
"01/02/2013","18.0610","18.0610","18.0610","18.0610","","0.00%"
"01/01/2013","18.0610","18.0610","18.0610","18.0610","","0.00%"
"12/31/2012","18.0610","18.0610","18.0610","18.0610","","0.00%"
"12/28/2012","18.0610","18.0610","18.0610","18.0610","","0.00%"
"12/27/2012","18.0610","18.0610","18.0610","18.0610","","0.00%"
"12/26/2012","18.0610","18.0610","18.0610","18.0610","","0.00%"
"12/25/2012","18.0610","18.0610","18.0610","18.0610","","0.00%"
"12/24/2012","18.0610","18.0610","18.0610","18.0610","","0.00%"
"12/21/2012","18.0610","18.0610","18.0610","18.0610","","0.00%"
"12/20/2012","18.0610","18.0610","18.0610","18.0610","","0.00%"
"12/19/2012","18.0610","18.0610","18.0610","18.0610","","0.00%"
"12/18/2012","18.0610","18.0610","18.0610","18.0610","","0.00%"
"12/17/2012","18.0610","18.0610","18.0610","18.0610","","0.00%"
"12/14/2012","18.0610","18.7250","18.7455","18.5970","","-0.59%"
"12/13/2012","18.1690","18.7205","18.7855","18.6990","","-1.03%"
"12/12/2012","18.3580","18.3580","18.3580","18.3580","","0.00%"
"12/11/2012","18.3580","18.9290","18.9395","18.9185","","-0.01%"
"12/10/2012","18.3600","18.9815","18.9950","18.9205","","-0.10%"
"12/07/2012","18.3780","18.8910","18.9970","18.8855","","0.29%"
"12/06/2012","18.3240","18.7455","18.9175","18.7180","","0.77%"
"12/05/2012","18.1840","18.7095","18.7565","18.6750","","0.20%"
"12/04/2012","18.1480","18.7680","18.7785","18.6880","","-0.31%"
"12/03/2012","18.2040","18.7895","18.8100","18.7340","","-0.37%"
"11/30/2012","18.2720","18.8760","18.8895","18.8115","","-0.20%"
"11/29/2012","18.3090","18.9145","18.9310","18.8260","","-0.21%"
"11/28/2012","18.3470","18.9250","19.0175","18.9115","","-0.06%"
"11/27/2012","18.3580","18.9215","18.9670","18.8895","","0.13%"
"11/26/2012","18.3340","18.9040","18.9205","18.8730","","0.14%"
"11/23/2012","18.3090","19.0145","19.0380","18.8580","","-0.72%"
"11/22/2012","18.4420","19.0960","19.1000","18.9895","","-0.44%"
"11/21/2012","18.5230","19.1125","19.1705","19.0915","","-0.08%"
"11/20/2012","18.5370","19.1360","19.1650","19.1000","","-0.63%"
"11/19/2012","18.6540","18.6540","18.6540","18.6540","","0.00%"
"11/16/2012","18.6540","19.1680","19.3035","19.1600","","0.34%"
"11/15/2012","18.5910","19.2350","19.2640","19.1360","","-0.35%"
"11/14/2012","18.6570","19.2825","19.2900","19.1690","","-0.25%"
"11/13/2012","18.7040","19.2760","19.3465","19.2455","","0.03%"
"11/12/2012","18.6980","19.2640","19.2885","19.2400","","0.01%"
"11/09/2012","18.6960","19.2175","19.3050","19.2065","","0.31%"
"11/08/2012","18.6390","19.1825","19.2625","19.1680","","0.17%"
"11/07/2012","18.6070","19.1599","19.2876","19.0699","","-0.93%"
"11/06/2012","18.7811","18.7811","18.7811","18.7811","","0.00%"
"11/05/2012","18.7811","19.1599","19.1599","19.1599","","0.00%"
"11/02/2012","18.7811","19.1599","19.1599","19.1599","","0.00%"
"11/01/2012","18.7811","19.0690","19.1599","19.0690","","0.96%"
"10/31/2012","18.6024","18.9781","18.9781","18.9781","","0.00%"
"10/30/2012","18.6024","18.6024","18.6024","18.6024","","0.00%"
"10/29/2012","18.6024","18.6024","18.6024","18.6024","","0.00%"
"10/26/2012","18.6024","18.6024","18.6024","18.6024","","0.00%"
"10/25/2012","18.6024","18.9781","18.9781","18.9781","","0.00%"
"10/24/2012","18.6024","18.9781","18.9781","18.9781","","0.00%"
"10/23/2012","18.6024","18.9781","18.9781","18.9781","","0.00%"
"10/22/2012","18.6024","19.6693","19.6693","18.9781","","-3.58%"
"10/19/2012","19.2941","19.6693","19.6693","19.6693","","0.00%"
"10/18/2012","19.2941","19.2941","19.2941","19.2941","","0.00%"
"10/17/2012","19.2941","19.6693","19.6693","19.6693","","0.00%"
"10/16/2012","19.2941","19.6693","19.6693","19.6693","","0.00%"
"10/15/2012","19.2941","19.4851","19.6693","19.4851","","2.63%"
"10/12/2012","18.7999","19.1794","19.3008","19.1794","","0.00%"
"10/11/2012","18.7999","18.7999","18.7999","18.7999","","0.00%"
"10/10/2012","18.7999","18.7999","18.7999","18.7999","","0.00%"
"10/09/2012","18.7999","19.1794","19.1794","19.1794","","0.00%"
"10/08/2012","18.7999","19.6200","19.6200","19.1794","","-2.24%"
"10/05/2012","19.2312","19.6200","19.6200","19.6200","","0.00%"
"10/04/2012","19.2312","19.2312","19.2312","19.2312","","0.00%"
"10/03/2012","19.2312","19.6200","19.6200","19.6200","","0.00%"
"10/02/2012","19.2312","19.2312","19.2312","19.2312","","0.00%"
"10/01/2012","19.2312","19.2312","19.2312","19.2312","","0.00%"
"09/28/2012","19.2312","19.2312","19.2312","19.2312","","0.00%"
"09/27/2012","19.2312","19.2312","19.2312","19.2312","","0.00%"
"09/26/2012","19.2312","19.2312","19.2312","19.2312","","0.00%"
"09/25/2012","19.2312","19.2312","19.2312","19.2312","","0.00%"
"09/24/2012","19.2312","19.2312","19.2312","19.2312","","0.00%"
"09/21/2012","19.2312","19.2312","19.2312","19.2312","","0.00%"
"09/20/2012","19.2312","19.2312","19.2312","19.2312","","0.00%"
"09/19/2012","19.2312","19.2312","19.2312","19.2312","","0.00%"
"09/18/2012","19.2312","19.2312","19.2312","19.2312","","0.00%"
"09/17/2012","19.2312","19.6200","19.6200","19.6200","","0.00%"
"09/14/2012","19.2312","19.6200","19.6200","19.6200","","0.00%"
"09/13/2012","19.2312","19.6200","19.6200","19.6200","","0.00%"
"09/12/2012","19.2312","19.6200","19.6200","19.6200","","0.00%"
"09/11/2012","19.2312","19.6200","19.6200","19.6200","","0.00%"
"09/10/2012","19.2312","20.2047","20.2047","19.6200","","-2.90%"
"09/07/2012","19.8057","19.8057","19.8057","19.8057","","0.00%"
"09/06/2012","19.8057","19.8057","19.8057","19.8057","","0.00%"
"09/05/2012","19.8057","20.2047","20.2047","20.2047","","0.00%"
"09/04/2012","19.8057","20.2047","20.2047","20.2047","","0.00%"
"09/03/2012","19.8057","20.2047","20.2047","20.2047","","0.00%"
"08/31/2012","19.8057","20.2047","20.2047","20.2047","","0.00%"
"08/30/2012","19.8057","20.2047","20.2047","20.2047","","0.00%"
"08/29/2012","19.8057","20.2047","20.2047","20.2047","","0.00%"
"08/28/2012","19.8057","20.2047","20.2047","20.2047","","0.00%"
"08/27/2012","19.8057","20.2047","20.2047","20.2047","","0.00%"
"08/24/2012","19.8057","20.2047","20.2047","20.2047","","0.00%"
"08/23/2012","19.8057","20.2047","20.2047","20.2047","","0.00%"
"08/22/2012","19.8057","20.2047","20.2047","20.2047","","0.00%"
"08/21/2012","19.8057","20.2047","20.2047","20.2047","","0.00%"
"08/20/2012","19.8057","20.2386","20.2386","20.2047","","-0.16%"
"08/17/2012","19.8384","19.8384","19.8384","19.8384","","0.00%"
"08/16/2012","19.8384","19.8384","19.8384","19.8384","","0.00%"
"08/15/2012","19.8384","19.8384","19.8384","19.8384","","0.00%"
"08/14/2012","19.8384","20.2386","20.2386","20.2386","","0.00%"
"08/13/2012","19.8384","20.2386","20.2386","20.2386","","0.00%"
"08/10/2012","19.8384","19.8384","19.8384","19.8384","","0.00%"
"08/09/2012","19.8384","19.8384","19.8384","19.8384","","0.00%"
"08/08/2012","19.8384","19.8384","19.8384","19.8384","","0.00%"
"08/07/2012","19.8384","20.2386","20.2386","20.2386","","0.00%"
"08/06/2012","19.8384","20.2386","20.2386","20.2386","","0.00%"
"08/03/2012","19.8384","20.2386","20.2386","20.2386","","0.00%"
"08/02/2012","19.8384","20.2386","20.2386","20.2386","","0.00%"
"08/01/2012","19.8384","20.2386","20.2386","20.2386","","0.00%"
"07/31/2012","19.8384","20.2386","20.2386","20.2386","","0.00%"
"07/30/2012","19.8384","19.9740","20.2386","19.9740","","0.70%"
"07/27/2012","19.6996","19.6996","19.6996","19.6996","","0.00%"
"07/26/2012","19.6996","20.1530","20.1530","20.1530","","2.55%"
"07/25/2012","19.2100","19.2100","19.2100","19.2100","","0.00%"
"07/24/2012","19.2100","19.2100","19.2100","19.2100","","0.00%"
"07/23/2012","19.2100","19.7095","19.7095","19.7095","","0.00%"
"07/20/2012","19.2100","19.7095","19.7095","19.7095","","0.00%"
"07/19/2012","19.2100","19.7095","19.7095","19.7095","","0.00%"
"07/18/2012","19.2100","19.7095","19.7095","19.7095","","0.00%"
"07/17/2012","19.2100","19.7095","19.7095","19.7095","","0.00%"
"07/16/2012","19.2100","19.7095","19.7095","19.7095","","0.00%"
"07/13/2012","19.2100","19.2100","19.2100","19.2100","","0.00%"
"07/12/2012","19.2100","19.7095","19.7095","19.7095","","0.00%"
"07/11/2012","19.2100","19.7095","19.7095","19.7095","","0.00%"
"07/10/2012","19.2100","19.7095","19.7095","19.7095","","0.00%"
"07/09/2012","19.2100","19.7095","19.7095","19.7095","","0.00%"
"07/06/2012","19.2100","19.7095","19.7095","19.7095","","0.00%"
"07/05/2012","19.2100","19.7095","19.7095","19.7095","","0.00%"
"07/04/2012","19.2100","19.7095","19.7095","19.7095","","0.00%"
"07/03/2012","19.2100","19.7095","19.7095","19.7095","","0.00%"
"07/02/2012","19.2100","19.7095","19.7095","19.7095","","0.00%"
"06/29/2012","19.2100","19.7095","19.7095","19.7095","","0.00%"
"06/28/2012","19.2100","19.7095","19.7095","19.7095","","0.00%"
"06/27/2012","19.2100","19.7095","19.7095","19.7095","","0.00%"
"06/26/2012","19.2100","19.7095","19.7095","19.7095","","0.00%"
"06/25/2012","19.2100","19.7095","19.7095","19.7095","","0.00%"
"06/22/2012","19.2100","19.7095","19.7095","19.7095","","0.00%"
"06/21/2012","19.2100","19.7095","19.7095","19.7095","","0.00%"
"06/20/2012","19.2100","19.7095","19.7095","19.7095","","0.00%"
"06/19/2012","19.2100","19.7095","19.7095","19.7095","","0.00%"
"06/18/2012","19.2100","19.2100","19.2100","19.2100","","0.00%"
"06/15/2012","19.2100","19.5563","19.7095","19.5563","","2.10%"
"06/14/2012","18.8150","18.8150","18.8150","19.3043","","2.14%"
"06/13/2012","18.4200","18.4200","18.4200","18.4200","","0.00%"
"06/12/2012","18.4200","18.4200","18.4200","18.4200","","0.00%"
"06/11/2012","18.4200","18.4200","18.4200","18.4200","","0.00%"
"06/08/2012","18.4200","18.4200","18.4200","18.4200","","0.00%"
"06/07/2012","18.4200","18.4200","18.4200","18.4200","","0.00%"
"06/06/2012","18.4200","18.4200","18.4200","18.4200","","0.00%"
"06/05/2012","18.4200","18.8990","18.8990","18.8990","","0.00%"
"06/04/2012","18.4200","18.8990","18.8990","18.8990","","0.00%"
"06/01/2012","18.4200","18.8990","18.8990","18.8990","","0.00%"
"05/31/2012","18.4200","18.8990","18.8990","18.8990","","0.00%"
"05/30/2012","18.4200","18.8990","18.8990","18.8990","","0.00%"
"05/29/2012","18.4200","18.8990","18.8990","18.8990","","0.00%"
"05/28/2012","18.4200","18.8990","18.8990","18.8990","","0.00%"
"05/25/2012","18.4200","18.8990","18.8990","18.8990","","0.00%"
"05/24/2012","18.4200","18.8990","18.8990","18.8990","","0.00%"
"05/23/2012","18.4200","18.8990","18.8990","18.8990","","0.00%"
"05/22/2012","18.4200","18.8990","18.8990","18.8990","","0.00%"
"05/21/2012","18.4200","18.8990","18.8990","18.8990","","0.00%"
"05/18/2012","18.4200","18.8990","18.8990","18.8990","","0.00%"
"05/17/2012","18.4200","18.4200","18.4200","18.4200","","0.00%"
"05/16/2012","18.4200","18.8990","18.8990","18.8990","","0.00%"
"05/15/2012","18.4200","18.8990","18.8990","18.8990","","0.00%"
"05/14/2012","18.4200","18.8990","18.8990","18.8990","","0.00%"
"05/11/2012","18.4200","18.8990","18.8990","18.8990","","0.00%"
"05/10/2012","18.4200","18.8990","18.8990","18.8990","","0.00%"
"05/09/2012","18.4200","18.8990","18.8990","18.8990","","0.00%"
"05/08/2012","18.4200","18.8990","18.8990","18.8990","","0.00%"
"05/07/2012","18.4200","18.8990","18.8990","18.8990","","0.00%"
"05/04/2012","18.4200","18.6350","18.9890","18.5450","","-0.03%"
"05/03/2012","18.4256","18.8663","18.9890","18.5348","","0.25%"
"05/02/2012","18.3790","18.4950","18.8965","18.4545","","-0.44%"
"05/01/2012","18.4600","18.5750","18.5750","18.4950","","-0.43%"
"04/30/2012","18.5400","18.5350","18.5750","18.5350","","0.22%"
"04/27/2012","18.5000","18.5800","18.9390","18.4745","","-0.24%"
"04/26/2012","18.5450","18.6350","18.9665","18.4970","","0.90%"
"04/25/2012","18.3790","18.6350","19.0357","18.5245","","-0.71%"
"04/24/2012","18.5104","18.6900","19.0633","18.5900","","0.00%"
"04/23/2012","18.5103","18.5400","19.0640","18.5400","","0.00%"
"04/20/2012","18.5108","18.7150","19.0927","18.6479","","0.00%"
"04/19/2012","18.5102","18.7450","19.1090","18.6475","","0.00%"
"04/18/2012","18.5109","18.7200","19.1084","18.6500","","-1.12%"
"04/17/2012","18.7200","18.7200","19.0952","18.6504","","0.00%"
"04/16/2012","18.7200","18.6850","18.8100","18.7200","","0.19%"
"04/13/2012","18.6850","18.6400","19.0775","18.5531","","0.94%"
"04/12/2012","18.5105","18.6550","19.0633","18.6101","","0.00%"
"04/11/2012","18.5106","18.7450","19.1077","18.6176","","0.00%"
"04/10/2012","18.5105","18.4958","19.1077","18.6154","","0.08%"
"04/09/2012","18.4958","18.7000","18.9011","18.6258","","-1.09%"
"04/06/2012","18.7000","18.7000","18.7350","18.7350","","0.27%"
"04/05/2012","18.6500","18.6500","18.6850","18.6850","","1.19%"
"04/04/2012","18.4300","18.4300","18.4650","18.4650","","0.00%"
"04/03/2012","18.4300","18.4000","18.4650","18.4350","","0.16%"
"04/02/2012","18.4000","18.3550","18.4350","18.3900","","0.33%"
"03/30/2012","18.3400","18.4400","18.4750","18.3750","","-0.54%"
"03/29/2012","18.4400","18.3800","18.4750","18.4150","","0.33%"
"03/28/2012","18.3800","18.3800","18.4150","18.4150","","0.05%"
"03/27/2012","18.3700","18.4000","18.4350","18.4050","","-0.16%"
"03/26/2012","18.4000","18.5150","18.7993","18.3888","","-0.23%"
"03/23/2012","18.4415","18.6100","18.8640","18.5133","","-0.91%"
"03/22/2012","18.6100","18.5300","18.9005","18.5140","","0.43%"
"03/21/2012","18.5300","18.5600","18.5950","18.5650","","-0.16%"
"03/20/2012","18.5600","18.6000","18.6350","18.5950","","-0.22%"
"03/19/2012","18.6000","18.6000","18.6350","18.6350","","0.00%"
"03/16/2012","18.6000","18.7600","18.7950","18.6350","","-0.85%"
"03/15/2012","18.7600","18.7600","18.7950","18.7950","","0.70%"
"03/14/2012","18.6300","18.6300","18.6300","18.6300","","0.00%"
"03/13/2012","18.6300","18.6300","18.6650","18.6650","","0.00%"
"03/12/2012","18.6300","18.6000","18.7250","18.6350","","0.16%"
"03/09/2012","18.6000","18.5000","18.6350","18.5350","","0.54%"
"03/08/2012","18.5000","18.6400","18.6750","18.5350","","-0.75%"
"03/07/2012","18.6400","18.6400","18.6750","18.6750","","0.00%"
"03/06/2012","18.6400","18.5150","18.6750","18.5500","","0.68%"
"03/05/2012","18.5150","18.5400","18.5750","18.5500","","-0.13%"
"03/02/2012","18.5400","18.4050","18.5750","18.4400","","0.73%"
"03/01/2012","18.4050","18.2300","18.4400","18.2650","","0.96%"
"02/29/2012","18.2300","18.2900","18.3250","18.2650","","-0.33%"
"02/28/2012","18.2900","18.2900","18.3250","18.3250","","0.00%"
"02/27/2012","18.2900","18.2900","18.3250","18.3250","","0.11%"
"02/24/2012","18.2700","18.4200","18.4550","18.3050","","-0.81%"
"02/23/2012","18.4200","18.4200","18.4550","18.4550","","-1.05%"
"02/22/2012","18.6150","18.6150","18.6150","18.6150","","0.00%"
"02/21/2012","18.6150","18.6150","18.6150","18.6150","","0.00%"
"02/20/2012","18.6150","18.6150","18.6500","18.6500","","0.00%"
"02/17/2012","18.6150","18.6150","18.6500","18.6500","","-0.59%"
"02/16/2012","18.7250","18.7250","18.7600","18.7600","","0.00%"
"02/15/2012","18.7250","18.6150","18.7600","18.6500","","0.59%"
"02/14/2012","18.6150","18.4950","18.6500","18.5300","","0.65%"
"02/13/2012","18.4950","18.5850","18.6200","18.5300","","-0.48%"
"02/10/2012","18.5850","18.4350","18.6200","18.4700","","0.81%"
"02/09/2012","18.4350","18.5500","18.5850","18.4700","","-1.26%"
"02/08/2012","18.6700","18.6700","18.6700","18.6700","","0.00%"
"02/07/2012","18.6700","18.6700","18.6700","18.6700","","0.00%"
"02/06/2012","18.6700","18.6700","18.6700","18.6700","","0.00%"
"02/03/2012","18.6700","18.6700","18.7050","18.7050","","0.00%"
"02/02/2012","18.6700","18.6700","18.7050","18.7050","","-0.45%"
"02/01/2012","18.7550","18.7550","18.7900","18.7900","","0.00%"
"01/31/2012","18.7550","18.7150","18.7900","18.7500","","-0.82%"
"01/30/2012","18.9100","18.9100","18.9100","18.9100","","0.00%"
"01/27/2012","18.9100","18.9100","18.9100","18.9100","","0.00%"
"01/26/2012","18.9100","18.9100","18.9450","18.9450","","0.00%"
"01/25/2012","18.9100","18.9000","18.9450","18.9350","","0.05%"
"01/24/2012","18.9000","18.9000","18.9350","18.9350","","-0.42%"
"01/23/2012","18.9800","18.9800","19.0150","19.0150","","0.08%"
"01/20/2012","18.9650","18.9800","19.0150","19.0000","","-0.08%"
"01/19/2012","18.9800","19.0950","19.1300","19.0150","","-0.60%"
"01/18/2012","19.0950","19.1550","19.1900","19.1300","","-0.31%"
"01/17/2012","19.1550","19.2900","19.3250","19.1900","","-0.70%"
"01/16/2012","19.2900","19.2900","19.3250","19.3250","","0.60%"
"01/13/2012","19.1750","19.2150","19.2500","19.2100","","-0.21%"
"01/12/2012","19.2150","19.2900","19.3250","19.2500","","-0.39%"
"01/11/2012","19.2900","19.1250","19.3250","19.1600","","2.01%"
"01/10/2012","18.9090","18.9090","18.9090","18.9090","","0.00%"
"01/09/2012","18.9090","18.9090","19.2615","19.2615","","-0.01%"
"01/06/2012","18.9100","18.9100","18.9100","18.9100","","0.00%"
"01/05/2012","18.9100","18.9100","18.9450","18.9450","","0.00%"
"01/04/2012","18.9100","18.7950","18.9450","18.8300","","0.61%"
"01/03/2012","18.7950","18.9550","18.9900","18.8300","","-0.84%"
"01/02/2012","18.9550","18.8800","18.9900","18.9150","","0.40%"
"12/30/2011","18.8800","18.9000","18.9350","18.9150","","0.72%"
"12/29/2011","18.7450","18.7450","18.7800","18.7800","","0.00%"
"12/28/2011","18.7450","18.7450","18.7800","18.7800","","0.00%"
"12/27/2011","18.7450","18.7850","18.8200","18.7800","","-0.21%"
"12/26/2011","18.7850","18.7850","18.8200","18.8200","","-0.03%"
"12/23/2011","18.7900","18.7900","18.8250","18.8250","","0.00%"
"12/22/2011","18.7900","18.7700","18.8250","18.8050","","0.11%"
"12/21/2011","18.7700","18.7350","18.8050","18.7700","","0.19%"
"12/20/2011","18.7350","18.7450","18.7800","18.7700","","-0.05%"
"12/19/2011","18.7450","18.7450","18.7800","18.7800","","0.00%"
"12/16/2011","18.7450","18.7450","18.7800","18.7800","","0.94%"
"12/15/2011","18.5700","18.5700","18.5700","18.5700","","0.00%"
"12/14/2011","18.5700","18.5700","18.6050","18.6050","","0.00%"
"12/13/2011","18.5700","18.5700","18.6050","18.6050","","1.45%"
"12/12/2011","18.3050","18.3050","18.3400","18.3400","","0.00%"
"12/09/2011","18.3050","18.3800","18.4150","18.3400","","-0.41%"
"12/08/2011","18.3800","18.3450","18.4150","18.2850","","0.19%"
"12/07/2011","18.3450","18.2650","18.3800","18.3000","","0.44%"
"12/06/2011","18.2650","18.2250","18.3000","18.2600","","0.22%"
"12/05/2011","18.2250","18.1100","18.2630","18.1450","","0.64%"
"12/02/2011","18.1100","18.1650","18.2000","18.1450","","-0.30%"
"12/01/2011","18.1650","18.2050","18.2400","18.2000","","-0.22%"
"11/30/2011","18.2050","18.3650","18.4000","18.2400","","-0.87%"
"11/29/2011","18.3650","18.3450","18.4000","18.3800","","0.11%"
"11/28/2011","18.3450","18.3450","18.3800","18.3800","","0.11%"
"11/25/2011","18.3250","18.3250","18.3600","18.3600","","0.00%"
"11/24/2011","18.3250","18.3300","18.3650","18.3600","","-0.03%"
"11/23/2011","18.3300","18.1300","18.3650","18.1650","","1.10%"
"11/22/2011","18.1300","18.2150","18.2500","18.1650","","-0.47%"
"11/21/2011","18.2150","18.1200","18.2500","18.1550","","0.97%"
"11/18/2011","18.0400","18.1300","18.1650","18.0750","","0.50%"
"11/17/2011","17.9500","17.9500","17.9500","17.9500","","0.00%"
"11/16/2011","17.9500","17.9500","17.9500","17.9500","","0.00%"
"11/15/2011","17.9500","17.9500","17.9850","17.9850","","0.00%"
"11/14/2011","17.9500","17.9400","17.9850","17.9750","","0.06%"
"11/11/2011","17.9400","17.9800","18.0150","17.9750","","-0.22%"
"11/10/2011","17.9800","18.0100","18.0450","18.0150","","-0.17%"
"11/09/2011","18.0100","17.8150","18.0450","17.8500","","1.09%"
"11/08/2011","17.8150","17.8150","17.8500","17.8500","","0.00%"
"11/07/2011","17.8150","17.7350","17.8500","17.7700","","0.45%"
"11/04/2011","17.7350","17.7600","17.7950","17.7700","","-0.14%"
"11/03/2011","17.7600","17.7600","17.7950","17.7950","","1.54%"
"11/02/2011","17.4900","17.4900","17.4900","17.4900","","0.00%"
"11/01/2011","17.4900","17.4900","17.5250","17.5250","","0.00%"
"10/31/2011","17.4900","17.4900","17.5250","17.5250","","-0.51%"
"10/28/2011","17.5800","17.5800","17.5800","17.5800","","0.00%"
"10/27/2011","17.5800","17.5800","17.6150","17.6150","","0.00%"
"10/26/2011","17.5800","17.6850","17.7200","17.6150","","-0.59%"
"10/25/2011","17.6850","17.6850","17.9625","17.6805","","0.00%"
"10/24/2011","17.6850","17.7900","17.8250","17.7200","","-0.23%"
"10/21/2011","17.7250","17.7900","17.8250","17.7600","","-0.37%"
"10/20/2011","17.7900","17.7300","17.8250","17.7650","","0.34%"
"10/19/2011","17.7300","17.8850","17.9200","17.7650","","-3.95%"
"10/18/2011","18.4600","18.4600","18.4600","18.4600","","0.00%"
"10/17/2011","18.4600","18.4600","18.4600","18.4600","","4.00%"
"10/14/2011","17.7500","17.7500","17.7850","17.7850","","-1.53%"
"10/13/2011","18.0250","18.0250","18.0250","18.0250","","0.00%"
"10/12/2011","18.0250","18.0250","18.0600","18.0600","","0.00%"
"10/11/2011","18.0250","18.0250","18.0600","18.0600","","-2.36%"
"10/10/2011","18.4600","18.4600","18.4600","18.4600","","0.00%"
"10/07/2011","18.4600","18.4600","18.4950","18.4950","","0.00%"
"10/06/2011","18.4600","18.3950","18.4950","18.4300","","0.35%"
"10/05/2011","18.3950","18.3950","18.4300","18.4300","","1.21%"
"10/04/2011","18.1750","18.1750","18.1750","18.1750","","0.00%"
"10/03/2011","18.1750","18.1750","18.2100","18.2100","","0.00%"
"09/30/2011","18.1750","17.9600","18.2100","17.9950","","1.20%"
"09/29/2011","17.9600","18.0000","18.0350","17.9950","","-0.22%"
"09/28/2011","18.0000","18.0300","18.0650","18.0350","","-0.17%"
"09/27/2011","18.0300","18.1600","18.1950","18.0650","","0.53%"
"09/26/2011","17.9350","17.9350","17.9350","17.9350","","0.00%"
"09/23/2011","17.9350","17.9350","17.9350","17.9350","","0.00%"
"09/22/2011","17.9350","17.9350","17.9700","17.9700","","0.00%"
"09/21/2011","17.9350","17.9550","17.9900","17.9700","","-0.11%"
"09/20/2011","17.9550","17.9550","17.9900","17.9900","","0.00%"
"09/19/2011","17.9550","17.7600","17.9900","17.7950","","1.10%"
"09/16/2011","17.7600","17.7600","17.7950","17.7950","","0.00%"
"09/15/2011","17.7600","17.8880","17.9230","17.7950","","-0.72%"
"09/14/2011","17.8880","17.8880","17.9230","17.9230","","4.98%"
"09/13/2011","17.0400","17.0400","17.0400","17.0400","","0.00%"
"09/12/2011","17.0400","17.0400","17.0400","17.0400","","-2.80%"
"09/09/2011","17.5300","17.5300","17.5650","17.5650","","0.00%"
"09/08/2011","17.5300","17.5300","17.5650","17.5650","","2.88%"
"09/07/2011","17.0400","17.0400","17.0400","17.0400","","0.00%"
"09/06/2011","17.0400","17.0400","17.0750","17.0750","","0.00%"
"09/05/2011","17.0400","17.0400","17.0750","17.0750","","0.00%"
"09/02/2011","17.0400","17.1400","17.1750","17.0750","","-0.58%"
"09/01/2011","17.1400","16.9850","17.1750","17.0200","","0.91%"
"08/31/2011","16.9850","16.9850","17.0200","17.0200","","0.00%"
"08/30/2011","16.9850","16.9850","17.0200","17.0200","","0.25%"
"08/29/2011","16.9419","16.9900","17.3062","17.0010","","-0.28%"
"08/26/2011","16.9900","16.9400","17.0600","16.9750","","0.30%"
"08/25/2011","16.9400","16.9420","16.9770","16.9750","","-0.01%"
"08/24/2011","16.9420","16.9950","17.0300","16.9770","","-0.31%"
"08/23/2011","16.9950","16.9950","17.0300","17.0300","","0.00%"
"08/22/2011","16.9950","17.0000","17.0350","17.0250","","-0.03%"
"08/19/2011","17.0000","17.1000","17.1350","17.0350","","-0.58%"
"08/18/2011","17.1000","16.9550","17.1350","16.9900","","-1.01%"
"08/17/2011","17.2750","17.2750","17.2750","17.2750","","0.00%"
"08/16/2011","17.2750","17.2750","17.3100","17.3100","","-0.58%"
"08/15/2011","17.3750","17.3750","17.4100","17.4100","","0.00%"
"08/12/2011","17.3750","17.3750","17.4100","17.4100","","0.00%"
"08/11/2011","17.3750","17.1850","17.4100","17.2200","","1.11%"
"08/10/2011","17.1850","17.2250","17.2600","17.2200","","-0.23%"
"08/09/2011","17.2250","17.2270","17.2620","17.2600","","-0.01%"
"08/08/2011","17.2270","17.3750","17.4100","17.2620","","-0.85%"
"08/05/2011","17.3750","17.1850","17.4100","17.2200","","1.11%"
"08/04/2011","17.1850","17.0900","17.2200","17.1250","","0.56%"
"08/03/2011","17.0900","17.3050","17.3400","17.1250","","-1.24%"
"08/02/2011","17.3050","17.2350","17.3400","17.2700","","0.41%"
"08/01/2011","17.2350","17.1500","17.2700","17.1830","","0.50%"
"07/29/2011","17.1500","17.1550","17.1900","17.1850","","-0.03%"
"07/28/2011","17.1550","16.9350","17.1900","16.9700","","1.30%"
"07/27/2011","16.9350","16.9250","16.9700","16.9600","","0.06%"
"07/26/2011","16.9250","17.0450","17.0800","16.9600","","-0.70%"
"07/25/2011","17.0450","17.0480","17.0830","17.0800","","-0.02%"
"07/22/2011","17.0480","17.1300","17.1650","17.0830","","-0.48%"
"07/21/2011","17.1300","17.2350","17.2700","17.1650","","-0.61%"
"07/20/2011","17.2350","17.2900","17.3250","17.2700","","-0.32%"
"07/19/2011","17.2900","17.2900","17.3250","17.3250","","-0.17%"
"07/18/2011","17.3200","17.3200","17.3550","17.3550","","0.00%"
"07/15/2011","17.3200","17.3200","17.3550","17.3550","","0.20%"
"07/14/2011","17.2850","17.2850","17.3200","17.3200","","0.00%"
"07/13/2011","17.2850","17.2850","17.3200","17.3200","","1.79%"
"07/12/2011","16.9807","16.9807","16.9807","16.9807","","0.00%"
"07/11/2011","16.9807","17.2050","17.4005","17.1279","","-1.30%"
"07/08/2011","17.2050","17.1600","17.2400","17.1950","","0.26%"
"07/07/2011","17.1600","17.1050","17.1950","17.1400","","0.32%"
"07/06/2011","17.1050","16.9300","17.1400","16.9650","","1.03%"
"07/05/2011","16.9300","17.0492","17.3226","16.9650","","0.21%"
"07/04/2011","16.8950","16.9900","17.0250","16.9300","","-0.56%"
"07/01/2011","16.9900","16.9900","17.0250","17.0250","","0.00%"
"06/30/2011","16.9900","16.9900","17.0250","17.0250","","0.00%"
"06/29/2011","16.9900","17.2600","17.2950","17.0200","","-1.56%"
"06/28/2011","17.2600","17.2400","17.2950","17.2750","","0.12%"
"06/27/2011","17.2400","17.2150","17.2750","17.2500","","0.15%"
"06/24/2011","17.2150","17.2500","17.2850","17.2500","","1.03%"
"06/23/2011","17.0400","17.0400","17.0400","17.0400","","0.00%"
"06/22/2011","17.0400","17.0400","17.0750","17.0750","","0.00%"
"06/21/2011","17.0400","17.1050","17.1400","17.0750","","-0.38%"
"06/20/2011","17.1050","17.1050","17.1400","17.1400","","-0.35%"
"06/17/2011","17.1650","17.2000","17.2350","17.2000","","-0.20%"
"06/16/2011","17.2000","17.1450","17.2350","17.1800","","0.32%"
"06/15/2011","17.1450","16.9650","17.3268","16.9862","","1.06%"
"06/14/2011","16.9650","17.0300","17.0650","17.0000","","-1.08%"
"06/13/2011","17.1500","17.1500","17.1500","17.1500","","0.88%"
"06/10/2011","17.0000","16.7500","17.0350","16.7850","","1.49%"
"06/09/2011","16.7500","16.7550","16.7900","16.7850","","-0.03%"
"06/08/2011","16.7550","16.7550","16.7900","16.7900","","-2.30%"
"06/07/2011","17.1500","17.1500","17.1500","17.1500","","0.00%"
"06/06/2011","17.1500","17.1500","17.1850","17.1850","","0.00%"
"06/03/2011","17.1500","17.1500","17.1500","17.1500","","0.00%"
"06/02/2011","17.1500","17.1500","17.1850","17.1850","","0.00%"
"06/01/2011","17.1500","17.1500","17.1850","17.1850","","-0.03%"
"05/31/2011","17.1550","17.1550","17.1900","17.1900","","0.00%"
"05/30/2011","17.1550","17.1550","17.1900","17.1900","","0.00%"
"05/27/2011","17.1550","17.2700","17.3050","17.1900","","-0.67%"
"05/26/2011","17.2700","17.2700","17.3050","17.3050","","0.49%"
"05/25/2011","17.1850","17.1850","17.1850","17.1850","","0.00%"
"05/24/2011","17.1850","17.1850","17.1850","17.1850","","0.00%"
"05/23/2011","17.1850","17.1850","17.2200","17.2200","","0.00%"
"05/20/2011","17.1850","17.1850","17.2200","17.2200","","0.00%"
"05/19/2011","17.1850","17.2500","17.2850","17.2200","","-0.38%"
"05/18/2011","17.2500","17.2500","17.2850","17.2850","","0.58%"
"05/17/2011","17.1500","17.1500","17.1850","17.1850","","0.00%"
"05/16/2011","17.1500","17.1500","17.1850","17.1850","","-0.06%"
"05/13/2011","17.1600","17.2050","17.2400","17.1950","","-0.26%"
"05/12/2011","17.2050","17.2050","17.2400","17.2400","","0.67%"
"05/11/2011","17.0900","17.0700","17.1250","17.1050","","0.12%"
"05/10/2011","17.0700","17.0700","17.1050","17.1050","","0.00%"
"05/09/2011","17.0700","17.0100","17.1050","17.0450","","0.35%"
"05/06/2011","17.0100","16.8300","17.0450","16.8650","","1.07%"
"05/05/2011","16.8300","16.8300","16.8650","16.8650","","-0.77%"
"05/04/2011","16.9600","16.9600","16.9950","16.9950","","0.00%"
"05/03/2011","16.9600","16.9600","16.9950","16.9950","","0.00%"
"05/02/2011","16.9600","16.9600","16.9950","16.9950","","-0.06%"
"04/29/2011","16.9701","16.9701","16.9701","16.9701","","0.00%"
"04/28/2011","16.9701","16.9701","17.4084","17.4084","","0.00%"
"04/27/2011","16.9701","16.9701","17.4084","17.4084","","0.01%"
"04/26/2011","16.9692","16.9692","17.4074","17.4074","","-0.89%"
"04/25/2011","17.1220","17.1220","17.1220","17.1220","","0.01%"
"04/22/2011","17.1200","17.1200","17.1200","17.1200","","0.00%"
"04/21/2011","17.1200","17.1200","17.1200","17.1200","","0.00%"
"04/20/2011","17.1200","17.1200","17.4842","17.0789","","0.00%"
"04/19/2011","17.1200","17.1550","17.4305","17.0872","","-0.20%"
"04/18/2011","17.1550","16.9650","17.1900","17.0000","","1.12%"
"04/15/2011","16.9650","16.9050","17.4889","16.9400","","-0.24%"
"04/14/2011","17.0050","17.1000","17.4889","16.9400","","-0.56%"
"04/13/2011","17.1000","16.9350","17.1350","16.9400","","0.97%"
"04/12/2011","16.9350","17.1261","17.4889","16.9700","","-1.12%"
"04/11/2011","17.1261","17.1444","17.4980","17.4889","","0.15%"
"04/08/2011","17.1000","17.3000","17.6922","17.1350","","-1.16%"
"04/07/2011","17.3000","17.3000","17.3350","17.3350","","-0.48%"
"04/06/2011","17.3842","17.2750","17.7343","17.3100","","0.63%"
"04/05/2011","17.2750","17.2500","17.7343","17.2850","","0.14%"
"04/04/2011","17.2500","17.2500","17.7343","17.2850","","-0.43%"
"04/01/2011","17.3250","17.3850","17.4200","17.3600","","-0.35%"
"03/31/2011","17.3850","17.3850","17.7347","17.4196","","0.00%"
"03/30/2011","17.3850","17.3850","17.4200","17.4200","","0.00%"
"03/29/2011","17.3850","17.3750","17.7347","17.4100","","0.06%"
"03/28/2011","17.3750","17.3200","17.7767","17.3550","","0.32%"
"03/25/2011","17.3200","17.3150","17.7343","17.3500","","0.03%"
"03/24/2011","17.3150","17.3200","17.7434","17.3500","","-0.03%"
"03/23/2011","17.3200","17.3200","17.3550","17.3550","","-0.42%"
"03/22/2011","17.3923","17.5400","17.8207","17.5750","","-0.84%"
"03/21/2011","17.5400","17.5421","17.9637","17.5750","","-0.75%"
"03/18/2011","17.6728","17.4850","18.0290","17.5200","","0.00%"
"03/17/2011","17.6728","17.6250","18.1020","17.5200","","0.27%"
"03/16/2011","17.6250","17.6250","17.6600","17.6600","","0.00%"
"03/15/2011","17.6250","17.5650","17.9562","17.4715","","0.34%"
"03/14/2011","17.5650","17.3030","17.9352","17.4375","","1.21%"
"03/11/2011","17.3553","17.4899","18.1115","17.5370","","-0.80%"
"03/10/2011","17.4949","17.3540","18.0704","17.5115","","0.81%"
"03/09/2011","17.3540","17.6636","18.0919","17.5009","","-1.75%"
"03/08/2011","17.6636","17.5789","18.0866","17.6025","","0.50%"
"03/07/2011","17.5751","17.5900","17.9536","17.5150","","-0.08%"
"03/04/2011","17.5900","17.5852","17.9575","17.5907","","0.04%"
"03/03/2011","17.5827","17.7069","18.1081","17.6000","","-0.74%"
"03/02/2011","17.7133","17.8264","18.2279","17.7426","","-0.63%"
"03/01/2011","17.8251","17.7928","18.2015","17.7730","","0.17%"
"02/28/2011","17.7941","17.8588","18.2691","17.7500","","-0.37%"
"02/25/2011","17.8600","17.7967","18.2532","17.8252","","0.39%"
"02/24/2011","17.7903","17.8350","18.2186","17.8380","","-0.25%"
"02/23/2011","17.8350","17.9450","17.9800","17.8700","","-0.61%"
"02/22/2011","17.9450","17.9550","17.9900","17.9500","","-0.06%"
"02/21/2011","17.9550","17.9550","17.9900","17.9900","","0.00%"
"02/18/2011","17.9550","18.0200","18.0550","18.0250","","-0.36%"
"02/17/2011","18.0200","18.1850","18.2200","18.0550","","-0.91%"
"02/16/2011","18.1850","18.1300","18.2200","18.1650","","0.30%"
"02/15/2011","18.1300","18.2350","18.2700","18.1650","","-0.58%"
"02/14/2011","18.2350","18.1000","18.2700","18.1350","","0.75%"
"02/11/2011","18.1000","18.0050","18.1350","18.0400","","0.53%"
"02/10/2011","18.0050","17.9600","18.0400","17.9950","","0.25%"
"02/09/2011","17.9600","17.9600","17.9950","17.9950","","0.00%"
"02/08/2011","17.9600","18.0900","18.1250","17.9950","","-0.72%"
"02/07/2011","18.0900","18.0800","18.1250","18.1150","","0.06%"
"02/04/2011","18.0800","17.9750","18.1150","18.0100","","0.58%"
"02/03/2011","17.9750","17.8050","18.0100","17.8400","","0.95%"
"02/02/2011","17.8050","17.8100","17.8450","17.8000","","-0.03%"
"02/01/2011","17.8100","17.8800","17.9150","17.8450","","-0.39%"
"01/31/2011","17.8800","17.8750","17.9150","17.9100","","0.03%"
"01/28/2011","17.8750","17.8350","17.9100","17.8700","","0.22%"
"01/27/2011","17.8350","17.8663","18.3834","17.8700","","-0.28%"
"01/26/2011","17.8845","17.8989","18.2253","17.9123","","-0.05%"
"01/25/2011","17.8937","17.9150","18.3868","17.9302","","-0.12%"
"01/24/2011","17.9150","18.1000","18.1350","17.9500","","-1.02%"
"01/21/2011","18.1000","18.2250","18.5814","18.1350","","-0.69%"
"01/20/2011","18.2250","18.3752","18.7464","18.2600","","0.64%"
"01/19/2011","18.1100","18.2900","18.3250","18.1450","","-0.98%"
"01/18/2011","18.2900","18.4200","18.4550","18.3250","","-0.71%"
"01/17/2011","18.4200","18.3550","18.9373","18.3900","","0.35%"
"01/14/2011","18.3550","18.3750","18.4100","18.3900","","-0.11%"
"01/13/2011","18.3750","18.7800","19.2867","18.4100","","-2.16%"
"01/12/2011","18.7800","18.9250","19.3056","18.8150","","-0.77%"
"01/11/2011","18.9250","18.9700","19.3169","18.9523","","-0.24%"
"01/10/2011","18.9700","18.9000","19.2232","18.7912","","0.37%"
"01/07/2011","18.9000","18.8300","19.1262","18.7306","","0.37%"
"01/06/2011","18.8300","18.6400","19.0761","18.6356","","1.02%"
"01/05/2011","18.6400","18.2950","18.9811","18.3300","","1.89%"
"01/04/2011","18.2950","18.3650","18.4000","18.3300","","-0.38%"
"01/03/2011","18.3650","18.2600","19.0784","18.2950","","0.58%"
"12/31/2010","18.2600","18.4450","18.4800","18.2950","","-1.00%"
"12/30/2010","18.4450","18.6400","19.0784","18.4800","","-1.05%"
"12/29/2010","18.6400","18.5450","19.0784","18.5800","","0.51%"
"12/28/2010","18.5450","18.6200","19.1550","18.5800","","-0.40%"
"12/27/2010","18.6200","18.7500","19.1804","18.6550","","-0.69%"
"12/24/2010","18.7500","18.7500","18.7850","18.7850","","0.00%"
"12/23/2010","18.7500","18.6700","19.0846","18.7025","","0.43%"
"12/22/2010","18.6700","18.6000","18.9871","18.6119","","0.38%"
"12/21/2010","18.6000","18.6000","18.6350","18.6350","","0.00%"
"12/20/2010","18.6000","18.4900","18.9496","18.5250","","0.59%"
"12/17/2010","18.4900","18.5000","18.8222","18.4800","","-0.05%"
"12/16/2010","18.5000","18.3350","19.0748","18.3530","","0.90%"
"12/15/2010","18.3350","18.2400","18.9292","18.2750","","0.52%"
"12/14/2010","18.2400","18.3000","18.9635","18.2750","","-0.33%"
"12/13/2010","18.3000","18.5650","19.0008","18.3350","","-1.03%"
"12/10/2010","18.4900","18.5800","18.9777","18.5250","","-0.48%"
"12/09/2010","18.5800","18.5550","18.9117","18.4856","","0.13%"
"12/08/2010","18.5550","18.3150","19.0748","18.3500","","1.31%"
"12/07/2010","18.3150","18.4650","18.5000","18.3500","","-0.81%"
"12/06/2010","18.4650","18.4950","18.5300","18.5000","","-0.16%"
"12/03/2010","18.4950","18.6500","19.0748","18.5300","","-0.83%"
"12/02/2010","18.6500","18.6600","19.0036","18.6602","","-0.05%"
"12/01/2010","18.6600","18.8400","18.8750","18.6950","","1.46%"
"11/30/2010","18.3922","18.6150","18.9835","18.5386","","-1.20%"
"11/29/2010","18.6150","18.4950","18.8710","18.4753","","0.65%"
"11/26/2010","18.4950","18.3855","18.8083","18.4753","","0.90%"
"11/25/2010","18.3300","18.3600","18.5042","18.1800","","-0.16%"
"11/24/2010","18.3600","18.1450","18.3950","18.1800","","1.18%"
"11/23/2010","18.1450","17.9200","18.4632","17.9550","","1.26%"
"11/22/2010","17.9200","17.9450","17.9800","17.9550","","-0.14%"
"11/19/2010","17.9450","17.9900","18.4190","17.9500","","-0.25%"
"11/18/2010","17.9900","18.1700","18.4757","17.9850","","-0.99%"
"11/17/2010","18.1700","18.1200","18.3966","18.0474","","0.28%"
"11/16/2010","18.1200","17.9800","18.2970","17.7900","","0.78%"
"11/15/2010","17.9800","17.8700","18.2028","17.8284","","0.62%"
"11/12/2010","17.8700","17.9050","18.1653","17.8284","","-0.20%"
"11/11/2010","17.9050","17.7900","17.9400","17.8250","","0.65%"
"11/10/2010","17.7900","17.5700","17.9740","17.5484","","1.25%"
"11/09/2010","17.5700","17.6000","17.8790","17.5484","","-0.17%"
"11/08/2010","17.6000","17.4000","17.9725","17.4299","","1.15%"
"11/05/2010","17.4000","17.2000","17.9911","17.2350","","1.16%"
"11/04/2010","17.2000","17.3600","17.3950","17.2350","","-1.46%"
"11/03/2010","17.4550","17.4550","17.9911","17.4900","","0.00%"
"11/02/2010","17.4550","17.5900","17.9911","17.4900","","-0.77%"
"11/01/2010","17.5900","17.6850","17.7200","17.6250","","-0.54%"
"10/29/2010","17.6850","17.6700","17.7200","17.7050","","0.08%"
"10/28/2010","17.6700","17.7350","18.0012","17.6510","","-0.37%"
"10/27/2010","17.7350","17.6000","18.0012","17.6112","","0.77%"
"10/26/2010","17.6000","17.6000","17.9290","17.6112","","0.80%"
"10/25/2010","17.4600","17.5850","17.9215","17.4950","","-0.71%"
"10/22/2010","17.5850","17.5200","17.8813","17.5331","","0.37%"
"10/21/2010","17.5200","17.6700","17.7050","17.5550","","-0.85%"
"10/20/2010","17.6700","17.6600","17.7050","17.6950","","0.06%"
"10/19/2010","17.6600","17.4850","17.9188","17.5149","","1.00%"
"10/18/2010","17.4850","17.4850","17.5200","17.5200","","0.00%"
"10/15/2010","17.4850","17.3800","17.9439","17.4150","","0.60%"
"10/14/2010","17.3800","17.5500","17.9629","17.4150","","-0.97%"
"10/13/2010","17.5500","17.7050","18.0212","17.5850","","-0.88%"
"10/12/2010","17.7050","17.5300","18.0037","17.5650","","1.00%"
"10/11/2010","17.5300","17.6400","17.9399","17.5650","","-0.62%"
"10/08/2010","17.6400","17.4650","18.0890","17.5000","","1.00%"
"10/07/2010","17.4650","17.7850","17.8351","17.5350","","-1.80%"
"10/06/2010","17.7850","17.7850","17.8351","17.8200","","0.00%"
"10/05/2010","17.7850","17.8800","17.9150","17.8200","","-0.53%"
"10/04/2010","17.8800","17.8800","17.9150","17.9150","","0.22%"
"10/01/2010","17.8400","17.9400","17.9750","17.8750","","-0.56%"
"09/30/2010","17.9400","17.9950","18.0300","17.9750","","-1.70%"
"09/29/2010","18.2500","18.2500","18.2850","18.2850","","0.00%"
"09/28/2010","18.2500","18.2500","18.2850","18.2850","","0.00%"
"09/27/2010","18.2500","18.2500","18.2850","18.2850","","0.00%"
"09/24/2010","18.2500","18.3700","18.4050","18.2850","","-0.65%"
"09/23/2010","18.3700","18.3200","18.4050","18.3550","","0.27%"
"09/22/2010","18.3200","18.6600","18.6950","18.3550","","-1.82%"
"09/21/2010","18.6600","18.7500","18.7850","18.6950","","-0.48%"
"09/20/2010","18.7500","18.7600","18.7950","18.7850","","-0.05%"
"09/17/2010","18.7600","18.7200","18.7950","18.7550","","0.21%"
"09/16/2010","18.7200","18.8550","18.8900","18.7550","","-0.72%"
"09/15/2010","18.8550","19.1300","19.1650","18.8900","","-1.44%"
"09/14/2010","19.1300","19.1300","19.1650","19.1650","","0.00%"
"09/13/2010","19.1300","19.2000","19.2350","19.1650","","-0.36%"
"09/10/2010","19.2000","19.2000","19.2350","19.2350","","0.00%"
"09/09/2010","19.2000","19.2000","19.2350","19.2350","","0.00%"
"09/08/2010","19.2000","19.2100","19.2450","19.2350","","-0.05%"
"09/07/2010","19.2100","19.1000","19.2450","19.1350","","0.58%"
"09/06/2010","19.1000","19.1000","19.1350","19.1350","","0.00%"
"09/03/2010","19.1000","19.1000","19.1350","19.1350","","0.00%"
"09/02/2010","19.1000","19.1350","19.1700","19.1350","","-0.18%"
"09/01/2010","19.1350","19.3100","19.3450","19.1700","","-0.91%"
"08/31/2010","19.3100","19.3100","19.3450","19.3450","","0.00%"
"08/30/2010","19.3100","19.3100","19.3450","19.3450","","0.00%"
"08/27/2010","19.3100","19.3100","19.3450","19.3450","","0.00%"
"08/26/2010","19.3100","19.3350","19.3700","19.3450","","-0.13%"
"08/25/2010","19.3350","19.3350","19.3700","19.3700","","0.00%"
"08/24/2010","19.3350","19.3400","19.4750","19.3700","","-0.03%"
"08/23/2010","19.3400","19.2750","19.3750","19.3100","","0.34%"
"08/20/2010","19.2750","19.0200","19.3100","19.0550","","1.34%"
"08/19/2010","19.0200","19.0200","19.0550","19.0550","","0.00%"
"08/18/2010","19.0200","19.0200","19.0550","19.0550","","0.00%"
"08/17/2010","19.0200","19.0900","19.1250","19.0550","","-0.37%"
"08/16/2010","19.0900","19.1650","19.2000","19.1250","","-0.39%"
"08/13/2010","19.1650","19.0300","19.2000","19.0650","","0.71%"
"08/12/2010","19.0300","19.0300","19.0650","19.0650","","0.00%"
"08/11/2010","19.0300","18.6600","19.0650","18.6950","","1.98%"
"08/10/2010","18.6600","18.5600","18.6950","18.5950","","0.54%"
"08/09/2010","18.5600","18.5600","18.5950","18.5950","","0.00%"
"08/06/2010","18.5600","18.5600","18.5950","18.5950","","0.00%"
"08/05/2010","18.5600","18.6200","18.6550","18.5950","","-0.32%"
"08/04/2010","18.6200","18.5100","18.6550","18.5450","","0.59%"
"08/03/2010","18.5100","18.5700","18.6050","18.5450","","-0.32%"
"08/02/2010","18.5700","18.7450","18.7800","18.6050","","-0.80%"
"07/30/2010","18.7200","18.7200","18.7550","18.7550","","0.00%"
"07/29/2010","18.7200","18.7400","18.7750","18.7550","","-0.11%"
"07/28/2010","18.7400","18.7400","18.7750","18.7750","","0.00%"
"07/27/2010","18.7400","19.0850","19.1200","18.7750","","-1.81%"
"07/26/2010","19.0850","19.0850","19.1200","19.1200","","0.00%"
"07/23/2010","19.0850","19.0300","19.1200","19.0650","","0.29%"
"07/22/2010","19.0300","18.9700","19.0650","19.0050","","0.32%"
"07/21/2010","18.9700","18.9900","19.0250","19.0050","","-0.11%"
"07/20/2010","18.9900","19.4550","19.4900","19.0250","","-2.39%"
"07/19/2010","19.4550","19.4550","19.4900","19.4900","","0.00%"
"07/16/2010","19.4550","19.4550","19.4900","19.4900","","0.00%"
"07/15/2010","19.4550","19.4550","19.4900","19.4900","","-0.03%"
"07/14/2010","19.4600","19.4600","19.4950","19.4950","","0.00%"
"07/13/2010","19.4600","19.4600","19.4950","19.4950","","0.00%"
"07/12/2010","19.4600","19.4600","19.4950","19.4950","","0.00%"
"07/09/2010","19.4600","19.4600","19.4950","19.4950","","0.00%"
"07/08/2010","19.4600","19.4600","19.4950","19.4950","","0.00%"
"07/07/2010","19.4600","19.7550","19.7900","19.4950","","-1.49%"
"07/06/2010","19.7550","19.7550","19.7900","19.7900","","0.00%"
"07/05/2010","19.7550","19.7550","19.7900","19.7900","","0.00%"
"07/02/2010","19.7550","19.7550","19.7900","19.7900","","0.00%"
"07/01/2010","19.7550","19.9600","19.9950","19.7900","","-1.03%"
"06/30/2010","19.9600","20.0650","20.1000","19.9950","","-0.52%"
"06/29/2010","20.0650","19.9250","20.1000","19.9600","","0.70%"
"06/28/2010","19.9250","19.9100","19.9600","19.8750","","0.08%"
"06/25/2010","19.9100","19.9100","19.9450","19.9450","","-0.33%"
"06/24/2010","19.9750","19.9100","20.0100","19.9450","","0.33%"
"06/23/2010","19.9100","19.9100","19.9450","19.9450","","0.00%"
"06/22/2010","19.9100","19.8250","19.9100","19.8600","","0.43%"
"06/21/2010","19.8250","19.8250","19.8250","19.8600","","0.00%"
"06/18/2010","19.8250","19.8250","19.8250","19.8600","","0.00%"
"06/17/2010","19.8250","19.9700","19.9700","19.8600","","-0.73%"
"06/16/2010","19.9700","19.9650","19.9700","20.0000","","0.03%"
"06/15/2010","19.9650","20.4900","20.4900","20.0000","","-2.56%"
"06/14/2010","20.4900","20.4900","20.4900","20.5250","","0.00%"
"06/11/2010","20.4900","20.4900","20.4900","20.5250","","0.00%"
"06/10/2010","20.4900","20.4900","20.4900","20.5250","","0.00%"
"06/09/2010","20.4900","20.4900","20.4900","20.5250","","0.00%"
"06/08/2010","20.4900","20.4950","20.4950","20.5250","","3.75%"
"06/07/2010","19.7500","19.7500","19.7500","20.0775","","0.00%"
"06/04/2010","19.7500","19.7500","19.7500","19.7500","","0.00%"
"06/03/2010","19.7500","19.7500","19.7500","19.7500","","0.00%"
"06/02/2010","19.7500","19.7500","19.7500","19.7500","","0.00%"
"06/01/2010","19.7500","19.7500","19.7500","19.7500","","0.00%"
"05/31/2010","19.7500","19.7500","19.7500","19.7500","","0.00%"
"05/28/2010","19.7500","19.7500","19.7500","19.7500","","0.00%"
"05/27/2010","19.7500","19.7500","19.7500","19.7500","","0.00%"
"05/26/2010","19.7500","19.7500","19.7500","19.7500","","0.00%"
"05/25/2010","19.7500","19.7500","19.7500","19.7500","","0.00%"
"05/24/2010","19.7500","19.7500","19.7500","19.7500","","0.00%"
"05/21/2010","19.7500","19.7500","19.7500","18.9125","","0.00%"
"05/20/2010","19.7500","19.7500","19.7500","18.9125","","0.00%"
"05/19/2010","19.7500","19.7500","19.7500","18.9125","","0.00%"
"05/18/2010","19.7500","19.7500","19.7500","18.9125","","0.00%"
"05/17/2010","19.7500","19.7500","19.7500","18.9125","","0.00%"
"05/14/2010","19.7500","19.7500","19.7500","18.9125","","0.00%"
"05/13/2010","19.7500","19.7500","19.7500","18.9125","","0.00%"
"05/12/2010","19.7500","19.7500","19.7500","18.9125","","0.00%"
"05/11/2010","19.7500","19.7500","19.7500","18.9125","","0.00%"
"05/10/2010","19.7500","19.7500","19.7500","18.9125","","0.00%"
"05/07/2010","19.7500","19.7500","19.7500","18.9125","","0.00%"
"05/06/2010","19.7500","19.7500","19.7500","18.9125","","0.00%"
"05/05/2010","19.7500","19.7500","19.7500","18.9125","","0.00%"
"05/04/2010","19.7500","19.7500","19.7500","18.9125","","0.00%"
"05/03/2010","19.7500","19.7500","19.7500","18.9125","","0.00%"
"04/30/2010","19.7500","19.7500","19.7500","18.9125","","0.00%"
"04/29/2010","19.7500","19.7500","19.7500","18.9125","","0.00%"
"04/28/2010","19.7500","19.7500","19.7500","18.9125","","0.00%"
"04/27/2010","19.7500","19.7500","19.7500","18.9125","","0.00%"
"04/26/2010","19.7500","19.7500","19.7500","18.9125","","0.00%"
"04/23/2010","19.7500","19.7500","19.7500","18.9125","","0.00%"
"04/22/2010","19.7500","19.7500","19.7500","18.9125","","0.00%"
"04/21/2010","19.7500","19.7500","19.7500","18.9125","","0.00%"
"04/20/2010","19.7500","19.7500","19.7500","18.9125","","0.00%"
"04/19/2010","19.7500","19.7500","19.7500","18.9125","","0.00%"
"04/16/2010","19.7500","19.7500","19.7500","18.9125","","0.00%"
"04/15/2010","19.7500","19.7500","19.7500","18.9125","","0.00%"
"04/14/2010","19.7500","19.7500","19.7500","18.9125","","0.00%"
"04/13/2010","19.7500","19.7500","19.7500","18.9125","","0.00%"
"04/12/2010","19.7500","19.7500","19.7500","18.9125","","0.00%"
"04/09/2010","19.7500","19.7500","19.7500","18.9125","","0.00%"
"04/08/2010","19.7500","19.7500","19.7500","18.9125","","0.00%"
"04/07/2010","19.7500","19.7500","19.7500","18.9125","","0.00%"
"04/06/2010","19.7500","19.7500","19.7500","18.9125","","0.00%"
"04/05/2010","19.7500","19.7500","19.7500","18.9125","","0.00%"
"04/02/2010","19.7500","19.7500","19.7500","18.9125","","0.00%"
"04/01/2010","19.7500","19.7500","19.7500","18.9125","","0.00%"
"03/31/2010","19.7500","19.7500","19.7500","18.9125","","0.00%"
"03/30/2010","19.7500","19.7500","19.7500","18.9125","","0.00%"
"03/29/2010","19.7500","19.7500","19.7500","18.9125","","0.00%"
"03/26/2010","19.7500","19.7500","19.7500","18.9125","","0.00%"
"03/25/2010","19.7500","19.7500","19.7500","18.9125","","0.00%"
"03/24/2010","19.7500","19.7500","19.7500","18.9125","","0.00%"
"03/23/2010","19.7500","19.7500","19.7500","18.9125","","0.00%"
"03/22/2010","19.7500","19.7500","19.7500","18.9125","","0.00%"
"03/19/2010","19.7500","19.7500","19.7500","18.9125","","0.00%"
"03/18/2010","19.7500","19.7500","19.7500","18.9125","","0.00%"
"03/17/2010","19.7500","19.7500","19.7500","18.9125","","0.00%"
"03/16/2010","19.7500","19.7500","19.7500","18.9125","","0.00%"
"03/15/2010","19.7500","19.7500","19.7500","18.9125","","0.00%"
"03/12/2010","19.7500","19.7500","19.7500","18.9125","","0.00%"
"03/11/2010","19.7500","19.7500","19.7500","18.9125","","0.00%"
"03/10/2010","19.7500","19.7500","19.7500","18.9125","","0.00%"
"03/09/2010","19.7500","19.7500","19.7500","18.9125","","0.00%"
"03/08/2010","19.7500","19.7500","19.7500","18.9125","","0.00%"
"03/05/2010","19.7500","19.7500","19.7500","18.9125","","0.00%"
"03/04/2010","19.7500","19.7500","19.7500","18.9125","","0.00%"
"03/03/2010","19.7500","19.7500","19.7500","18.9125","","0.00%"
"03/02/2010","19.7500","19.7500","19.7500","18.9125","","0.00%"
"03/01/2010","19.7500","19.7500","19.7500","18.9125","","0.00%"
"02/26/2010","19.7500","19.7500","19.7500","18.9125","","0.00%"
"02/25/2010","19.7500","19.7500","19.7500","18.9125","","0.00%"
"02/24/2010","19.7500","19.7500","19.7500","18.9125","","0.00%"
"02/23/2010","19.7500","19.7500","19.7500","18.9125","","0.00%"
"02/22/2010","19.7500","19.7500","19.7500","18.9125","","0.00%"
"02/19/2010","19.7500","19.7500","19.7500","18.9125","","0.00%"
"02/18/2010","19.7500","19.7500","19.7500","18.9125","","0.00%"
"02/17/2010","19.7500","19.7500","19.7500","18.8025","","0.00%"
"02/16/2010","19.7500","19.7500","19.7500","18.8025","","0.00%"
"02/15/2010","19.7500","19.7500","19.7500","19.7500","","0.00%"
"02/12/2010","19.7500","19.7500","19.7500","17.6725","","0.00%"
"02/11/2010","19.7500","19.7500","19.7500","17.6725","","0.00%"
"02/10/2010","19.7500","19.7500","19.7500","17.6725","","0.00%"
"02/09/2010","19.7500","19.7500","19.7500","17.6725","","0.00%"
"02/08/2010","19.7500","19.7500","19.7500","17.6725","","0.00%"
"02/05/2010","19.7500","19.7500","19.7500","17.6725","","0.00%"
"02/04/2010","19.7500","19.7500","19.7500","17.6725","","0.00%"
"02/03/2010","19.7500","19.7500","19.7500","17.6725","","0.00%"
"02/02/2010","19.7500","19.7500","19.7500","17.6725","","0.00%"
"02/01/2010","19.7500","19.7500","19.7500","17.6725","","0.00%"
"01/29/2010","19.7500","19.7500","19.7500","17.6725","","0.00%"
"01/28/2010","19.7500","19.7500","19.7500","17.6725","","0.00%"
"01/27/2010","19.7500","19.7500","19.7500","17.6725","","0.00%"
"01/26/2010","19.7500","19.7500","19.7500","17.6725","","0.00%"
"01/25/2010","19.7500","19.7500","19.7500","17.6725","","0.00%"
"01/22/2010","19.7500","19.7500","19.7500","17.6725","","0.00%"
"01/21/2010","19.7500","19.7500","19.7500","17.6725","","0.00%"
"01/20/2010","19.7500","19.7500","19.7500","17.6725","","0.00%"
"01/19/2010","19.7500","19.7500","19.7500","17.6725","","0.00%"
"01/18/2010","19.7500","19.7500","19.7500","17.6725","","0.00%"
"01/15/2010","19.7500","19.7500","19.7500","17.6725","","0.00%"
"01/14/2010","19.7500","19.7500","19.7500","17.6725","","0.00%"
"01/13/2010","19.7500","19.7500","19.7500","17.6725","","0.00%"
"01/12/2010","19.7500","19.7500","19.7500","17.6725","","0.00%"
"01/11/2010","19.7500","19.7500","19.7500","17.6725","","0.00%"
"01/08/2010","19.7500","19.7500","19.7500","17.6725","","0.00%"
"01/07/2010","19.7500","19.7500","19.7500","17.6725","","0.00%"
"01/06/2010","19.7500","19.7500","19.7500","17.6725","","0.00%"
"01/05/2010","19.7500","19.7500","19.7500","17.6725","","0.00%"
"01/04/2010","19.7500","19.7500","19.7500","17.6725","","0.00%"
"01/01/2010","19.7500","19.7500","19.7500","19.7500","","27.21%"
"12/31/2009","15.5250","15.5250","15.5250","15.5600","","0.00%"
"12/30/2009","15.5250","15.5250","15.5250","15.5600","","0.00%"
"12/29/2009","15.5250","15.5250","15.5250","15.5600","","0.00%"
"12/28/2009","15.5250","15.5250","15.5250","15.5600","","0.00%"
"12/25/2009","15.5250","15.5250","15.5250","15.5250","","0.00%"
"12/24/2009","15.5250","15.5250","15.5250","15.5600","","0.00%"
"12/23/2009","15.5250","15.5250","15.5250","15.5600","","0.00%"
"12/22/2009","15.5250","15.5250","15.5250","15.5600","","0.00%"
"12/21/2009","15.5250","15.5250","15.5250","15.5600","","0.00%"
"12/18/2009","15.5250","15.5250","15.5250","15.5600","","0.00%"
"12/17/2009","15.5250","15.5250","15.5250","15.5600","","0.00%"
"12/16/2009","15.5250","15.5250","15.5250","15.5600","","0.00%"
"12/15/2009","15.5250","15.5250","15.5250","15.5600","","0.00%"
"12/14/2009","15.5250","15.5250","15.5250","15.5600","","0.00%"
"12/11/2009","15.5250","15.5250","15.5250","15.5600","","0.00%"
"12/10/2009","15.5250","15.5250","15.5250","15.5600","","0.00%"
"12/09/2009","15.5250","15.5250","15.5250","15.5600","","0.00%"
"12/08/2009","15.5250","15.5250","15.5250","15.5600","","0.00%"
"12/07/2009","15.5250","15.5250","15.5250","15.5600","","0.00%"
"12/04/2009","15.5250","15.5250","15.5250","15.5600","","0.00%"
"12/03/2009","15.5250","15.5250","15.5250","15.5600","","0.00%"
"12/02/2009","15.5250","15.5250","15.5250","15.5600","","0.00%"
"12/01/2009","15.5250","15.5250","15.5250","15.5600","","0.00%"
"11/30/2009","15.5250","15.5250","15.5250","15.5600","","0.00%"
"11/27/2009","15.5250","15.5250","15.5250","15.5600","","0.00%"
"11/26/2009","15.5250","15.5250","15.5250","15.5600","","0.00%"
"11/25/2009","15.5250","15.5250","15.5250","15.5600","","0.00%"
"11/24/2009","15.5250","15.5250","15.5250","15.5600","","0.00%"
"11/23/2009","15.5250","15.5250","15.5250","15.5600","","0.00%"
"11/20/2009","15.5250","15.5250","15.5250","15.5600","","0.00%"
"11/19/2009","15.5250","15.5250","15.5250","15.5600","","0.00%"
"11/18/2009","15.5250","15.5250","15.5250","15.5600","","0.00%"
"11/17/2009","15.5250","15.5250","15.5250","15.5600","","0.00%"
"11/16/2009","15.5250","15.5250","15.5250","15.5600","","0.00%"
"11/13/2009","15.5250","15.5250","15.5250","15.5600","","0.00%"
"11/12/2009","15.5250","15.5250","15.5250","15.5600","","0.00%"
"11/11/2009","15.5250","15.5250","15.5250","15.5600","","0.00%"
"11/10/2009","15.5250","15.5250","15.5250","15.5600","","0.00%"
"11/09/2009","15.5250","15.5250","15.5250","15.5600","","0.00%"
"11/06/2009","15.5250","15.5250","15.5250","15.5600","","0.00%"
"11/05/2009","15.5250","15.5250","15.5250","15.5600","","0.00%"
"11/04/2009","15.5250","15.5250","15.5250","15.5600","","0.00%"
"11/03/2009","15.5250","15.5250","15.5250","15.5600","","0.00%"
"11/02/2009","15.5250","15.5250","15.5250","15.5600","","0.00%"
"10/30/2009","15.5250","15.5250","15.5250","15.5600","","0.00%"
"10/29/2009","15.5250","15.5250","15.5250","15.5600","","0.00%"
"10/28/2009","15.5250","15.5250","15.5250","15.5600","","0.00%"
"10/27/2009","15.5250","15.5250","15.5250","15.5600","","0.00%"
"10/26/2009","15.5250","15.5250","15.5250","15.5600","","0.00%"
"10/23/2009","15.5250","15.5250","15.5250","15.5600","","0.00%"
"10/22/2009","15.5250","15.5250","15.5250","15.5600","","0.00%"
"10/21/2009","15.5250","15.5250","15.5250","15.5600","","0.00%"
"10/20/2009","15.5250","15.5250","15.5250","15.5600","","0.00%"
"10/19/2009","15.5250","15.5250","15.5250","15.5600","","0.00%"
"10/16/2009","15.5250","15.5250","15.5250","15.5600","","0.00%"
"10/15/2009","15.5250","15.5250","15.5250","15.5600","","0.00%"
"10/14/2009","15.5250","15.5250","15.5250","15.5600","","0.00%"
"10/13/2009","15.5250","15.5250","15.5250","15.5600","","0.00%"
"10/12/2009","15.5250","15.5250","15.5250","15.5600","","0.00%"
"10/09/2009","15.5250","15.5250","15.5250","15.5600","","0.00%"
"10/08/2009","15.5250","15.5250","15.5250","15.5600","","0.00%"
"10/07/2009","15.5250","15.5250","15.5250","15.5600","","0.00%"
"10/06/2009","15.5250","15.5250","15.5250","15.5600","","0.00%"
"10/05/2009","15.5250","15.5250","15.5250","15.5600","","0.00%"
"10/02/2009","15.5250","15.5250","15.5250","15.5600","","0.00%"
"10/01/2009","15.5250","15.5250","15.5250","15.5600","","0.00%"
"09/30/2009","15.5250","15.5250","15.5250","15.5600","","0.00%"
"09/29/2009","15.5250","15.5250","15.5250","15.5600","","0.00%"
"09/28/2009","15.5250","15.5250","15.5250","15.5600","","0.00%"
"09/25/2009","15.5250","15.5250","15.5250","15.5600","","0.00%"
"09/24/2009","15.5250","15.5250","15.5250","15.5600","","0.00%"
"09/23/2009","15.5250","15.5250","15.5250","15.5600","","0.00%"
"09/22/2009","15.5250","15.5250","15.5250","15.5600","","0.00%"
"09/21/2009","15.5250","15.5250","15.5250","15.5600","","0.00%"
"09/18/2009","15.5250","15.5250","15.5250","15.5600","","0.00%"
"09/17/2009","15.5250","15.5250","15.5250","15.5600","","0.00%"
"09/16/2009","15.5250","15.5250","15.5250","15.5600","","0.00%"
"09/15/2009","15.5250","15.5250","15.5250","15.5600","","0.00%"
"09/14/2009","15.5250","15.5250","15.5250","15.5600","","0.00%"
"09/11/2009","15.5250","15.5250","15.5250","15.5600","","0.00%"
"09/10/2009","15.5250","15.5250","15.5250","15.5500","","0.00%"
"09/09/2009","15.5250","15.5250","15.5250","15.5475","","0.00%"
"09/08/2009","15.5250","15.5250","15.5250","15.5475","","0.03%"
"09/07/2009","15.5200","15.5200","15.5200","15.5200","","0.00%"
"09/04/2009","15.5200","15.5000","15.5250","15.5350","","0.13%"
"09/03/2009","15.5000","15.5000","15.5250","15.5350","","0.00%"
"09/02/2009","15.5000","15.5000","15.5250","15.5350","","0.00%"
"09/01/2009","15.5000","15.6000","15.6000","15.5350","","-0.64%"
"08/31/2009","15.6000","15.5000","15.6000","15.5350","","0.65%"
"08/28/2009","15.5000","15.5000","15.6000","15.5350","","0.00%"
"08/27/2009","15.5000","15.5000","15.5550","15.5350","","0.00%"
"08/26/2009","15.5000","15.5000","15.5050","15.5350","","0.00%"
"08/25/2009","15.5000","15.5000","15.5000","15.5350","","0.00%"
"08/24/2009","15.5000","15.5750","15.5750","15.5350","","-0.48%"
"08/21/2009","15.5750","15.5000","15.5750","15.5350","","0.48%"
"08/20/2009","15.5000","15.2050","15.5750","15.2400","","1.94%"
"08/19/2009","15.2050","15.2050","15.5000","15.2400","","0.00%"
"08/18/2009","15.2050","15.2050","15.4000","15.2400","","0.00%"
"08/17/2009","15.2050","15.2050","15.2550","15.2400","","0.00%"
"08/14/2009","15.2050","15.2050","15.2550","15.2400","","0.00%"
"08/13/2009","15.2050","15.2050","15.2550","15.2400","","0.00%"
"08/12/2009","15.2050","15.2050","15.2500","15.2000","","0.00%"
"08/11/2009","15.2050","15.2050","15.2050","15.1375","","0.00%"
"08/10/2009","15.2050","15.2700","15.2700","15.0375","","-0.43%"
"08/07/2009","15.2700","15.2700","15.2700","15.1700","","0.00%"
"08/06/2009","15.2700","15.2700","15.2700","15.1825","","0.00%"
"08/05/2009","15.2700","15.2700","15.2700","15.3050","","0.00%"
"08/04/2009","15.2700","15.2700","15.2700","15.3050","","0.00%"
"08/03/2009","15.2700","15.2700","15.2700","15.3050","","0.00%"
"07/31/2009","15.2700","15.2700","15.2700","15.3050","","0.00%"
"07/30/2009","15.2700","15.2700","15.2700","15.3050","","0.00%"
"07/29/2009","15.2700","15.2700","15.2700","15.3050","","0.00%"
"07/28/2009","15.2700","15.2900","15.2900","15.3050","","-0.13%"
"07/27/2009","15.2900","15.2900","15.2900","15.3175","","0.10%"
"07/24/2009","15.2750","15.2750","15.2900","15.3100","","0.00%"
"07/23/2009","15.2750","15.2750","15.2900","15.3100","","0.00%"
"07/22/2009","15.2750","15.4500","15.4500","15.2850","","-1.13%"
"07/21/2009","15.4500","15.4500","15.4500","15.3850","","0.00%"
"07/20/2009","15.4500","15.4500","15.4500","15.4850","","0.00%"
"07/17/2009","15.4500","15.4500","15.4500","15.4850","","0.00%"
"07/16/2009","15.4500","15.4500","15.4500","15.4850","","0.00%"
"07/15/2009","15.4500","15.4500","15.4500","15.4850","","0.00%"
"07/14/2009","15.4500","15.4500","15.4500","15.4850","","0.00%"
"07/13/2009","15.4500","15.4500","15.4500","15.4850","","0.00%"
"07/10/2009","15.4500","15.4500","15.4500","15.4850","","0.00%"
"07/09/2009","15.4500","15.4500","15.4500","15.4850","","0.00%"
"07/08/2009","15.4500","15.4500","15.4500","15.4850","","0.00%"
"07/07/2009","15.4500","15.4500","15.4500","15.4850","","0.00%"
"07/06/2009","15.4500","15.4500","15.4500","15.4500","","0.00%"
"07/03/2009","15.4500","15.4500","15.4500","15.4500","","0.00%"
"07/02/2009","15.4500","15.4500","15.4500","15.4850","","0.00%"
"07/01/2009","15.4500","15.4500","15.4500","15.4850","","0.00%"
"06/30/2009","15.4500","15.4500","15.4500","15.4850","","0.00%"
"06/29/2009","15.4500","15.4500","15.4500","15.4850","","0.00%"
"06/26/2009","15.4500","15.5450","15.5650","15.4850","","-0.61%"
"06/25/2009","15.5450","15.3000","15.5450","15.3350","","1.60%"
"06/24/2009","15.3000","15.3000","15.5650","15.3350","","0.00%"
"06/23/2009","15.3000","15.3000","15.5500","15.3350","","0.00%"
"06/22/2009","15.3000","15.3000","15.5000","15.3350","","0.00%"
"06/19/2009","15.3000","15.3000","15.6250","15.3350","","0.00%"
"06/18/2009","15.3000","15.3000","15.6250","15.3350","","0.00%"
"06/17/2009","15.3000","15.3000","15.5250","15.3350","","-1.29%"
"06/16/2009","15.5000","15.3000","15.5000","15.3350","","1.31%"
"06/15/2009","15.3000","15.3000","15.3000","15.3100","","0.00%"
"06/12/2009","15.3000","15.3000","15.5050","15.3100","","0.33%"
"06/11/2009","15.2500","15.2500","15.2500","15.2850","","0.00%"
"06/10/2009","15.2500","15.2500","15.5050","15.2850","","0.00%"
"06/09/2009","15.2500","15.2500","15.5000","15.2850","","0.00%"
"06/08/2009","15.2500","15.3000","15.3000","15.2350","","-0.33%"
"06/05/2009","15.3000","15.3000","15.3000","15.2850","","0.00%"
"06/04/2009","15.3000","15.3000","15.3000","15.2600","","0.00%"
"06/03/2009","15.3000","15.3000","15.3000","15.3350","","0.00%"
"06/02/2009","15.3000","15.9000","15.9000","15.3350","","-3.77%"
"06/01/2009","15.9000","15.9000","15.9000","15.4950","","0.03%"
"05/29/2009","15.8950","15.9000","15.9000","15.9300","","-0.03%"
"05/28/2009","15.9000","15.9000","15.9000","15.8850","","0.32%"
"05/27/2009","15.8500","15.8500","15.8500","15.8850","","0.00%"
"05/26/2009","15.8500","15.8500","15.8500","15.6000","","0.00%"
"05/25/2009","15.8500","15.8500","15.8500","15.8850","","0.00%"
"05/22/2009","15.8500","15.8500","15.8500","15.8850","","0.00%"
"05/21/2009","15.8500","16.0000","16.0000","15.8850","","-0.94%"
"05/20/2009","16.0000","16.0000","16.0000","16.0350","","0.00%"
"05/19/2009","16.0000","15.8500","16.0050","15.8850","","0.95%"
"05/18/2009","15.8500","15.8500","16.0000","15.8850","","0.00%"
"05/15/2009","15.8500","15.8500","16.0000","15.8850","","0.00%"
"05/14/2009","15.8500","16.2500","16.2500","15.8850","","-2.46%"
"05/13/2009","16.2500","16.2500","16.2500","16.0500","","0.00%"
"05/12/2009","16.2500","16.2500","16.2500","16.2850","","0.00%"
"05/11/2009","16.2500","16.2500","16.2500","16.2375","","0.00%"
"05/08/2009","16.2500","16.2500","16.2500","16.2375","","0.00%"
"05/07/2009","16.2500","16.2500","16.2500","16.2850","","0.00%"
"05/06/2009","16.2500","16.2500","16.2500","16.2850","","0.00%"
"05/05/2009","16.2500","16.2500","16.2500","16.2850","","0.00%"
"05/04/2009","16.2500","16.7000","16.7000","16.2850","","-2.69%"
"05/01/2009","16.7000","16.7000","16.7000","16.7250","","0.00%"
"04/30/2009","16.7000","16.7000","16.7050","16.7350","","0.00%"
"04/29/2009","16.7000","16.7050","16.7050","16.7350","","-0.03%"
"04/28/2009","16.7050","16.7050","16.7050","16.7400","","0.00%"
"04/27/2009","16.7050","16.7050","16.7050","16.7400","","2.48%"
"04/24/2009","16.3000","16.3000","16.3000","16.3350","","0.00%"
"04/23/2009","16.3000","16.3000","16.3000","16.3350","","0.00%"
"04/22/2009","16.3000","16.3000","16.3000","16.3350","","0.00%"
"04/21/2009","16.3000","16.3000","16.3000","16.3350","","0.00%"
"04/20/2009","16.3000","16.3000","16.3000","16.3350","","0.00%"
"04/17/2009","16.3000","16.3000","16.3000","16.3350","","0.00%"
"04/16/2009","16.3000","16.3000","16.3000","16.3350","","0.00%"
"04/15/2009","16.3000","16.3000","16.3000","16.3350","","0.00%"
"04/14/2009","16.3000","16.3000","16.3000","16.3100","","0.00%"
"04/13/2009","16.3000","16.3000","16.3000","16.3350","","0.00%"
"04/10/2009","16.3000","16.3000","16.3000","16.3350","","0.00%"
"04/09/2009","16.3000","16.0000","16.3000","16.0350","","1.87%"
"04/08/2009","16.0000","16.0000","16.0000","16.0350","","0.00%"
"04/07/2009","16.0000","16.1250","16.1250","16.0350","","-0.78%"
"04/06/2009","16.1250","16.2200","16.2200","16.1600","","-0.77%"
"04/03/2009","16.2500","16.2500","16.2500","16.2850","","0.00%"
"04/02/2009","16.2500","16.2500","16.2500","16.2850","","0.00%"
"04/01/2009","16.2500","16.2500","16.2500","16.2850","","0.00%"
"03/31/2009","16.2500","16.2500","16.2500","16.2850","","0.00%"
"03/30/2009","16.2500","16.2500","16.2500","16.2500","","13.32%"
"03/27/2009","14.3400","14.3400","14.3400","14.3400","","0.00%"
"03/26/2009","14.3400","14.3400","14.3400","14.3750","","0.00%"
"03/25/2009","14.3400","14.3400","14.3400","14.3750","","0.00%"
"03/24/2009","14.3400","14.3400","14.3400","14.3750","","0.00%"
"03/23/2009","14.3400","14.3450","14.3450","14.3750","","-0.03%"
"03/20/2009","14.3450","14.3450","14.3450","14.3800","","0.00%"
"03/19/2009","14.3450","14.3450","14.3450","14.3800","","0.00%"
"03/18/2009","14.3450","14.3450","14.3450","14.3800","","0.00%"
"03/17/2009","14.3450","14.3450","14.3450","14.3800","","0.00%"
"03/16/2009","14.3450","14.3450","14.3450","14.3800","","0.00%"
"03/13/2009","14.3450","14.3450","14.3450","14.3800","","0.00%"
"03/12/2009","14.3450","14.3450","14.3450","14.3800","","0.00%"
"03/11/2009","14.3450","14.3450","14.3450","14.3800","","0.00%"
"03/10/2009","14.3450","14.3450","14.3450","14.3800","","0.00%"
"03/09/2009","14.3450","14.3450","14.3450","14.3800","","0.00%"
"03/06/2009","14.3450","14.3450","14.3450","14.3800","","0.00%"
"03/05/2009","14.3450","14.3450","14.3450","14.3800","","0.00%"
"03/04/2009","14.3450","14.3450","14.3450","14.3800","","0.00%"
"03/03/2009","14.3450","14.3450","14.3450","14.3800","","0.00%"
"03/02/2009","14.3450","14.3450","14.3450","14.3800","","0.00%"
"02/27/2009","14.3450","14.3450","14.3450","14.3800","","0.00%"
"02/26/2009","14.3450","14.3450","14.3450","14.3800","","0.00%"
"02/25/2009","14.3450","14.3450","14.3450","14.3800","","0.00%"
"02/24/2009","14.3450","14.3450","14.3450","14.3800","","0.00%"
"02/23/2009","14.3450","14.3450","14.3450","14.3800","","0.00%"
"02/20/2009","14.3450","14.3450","14.3450","14.3800","","0.00%"
"02/19/2009","14.3450","14.3450","14.3450","14.3800","","0.00%"
"02/18/2009","14.3450","14.3450","14.3450","14.3800","","0.00%"
"02/17/2009","14.3450","14.3450","14.3450","14.3800","","0.00%"
"02/16/2009","14.3450","14.3450","14.3450","14.3800","","0.00%"
"02/13/2009","14.3450","14.3450","14.3450","14.3800","","0.00%"
"02/12/2009","14.3450","14.3450","14.3450","14.3800","","0.00%"
"02/11/2009","14.3450","14.3450","14.3450","14.3800","","0.00%"
"02/10/2009","14.3450","14.3450","14.3450","14.3790","","0.00%"
"02/09/2009","14.3450","14.3450","14.3450","14.3800","","0.00%"
"02/06/2009","14.3450","14.3450","14.3450","14.3800","","0.00%"
"02/05/2009","14.3450","14.3450","14.3450","14.3800","","0.00%"
"02/04/2009","14.3450","14.3450","14.3450","14.3800","","0.00%"
"02/03/2009","14.3450","14.3450","14.3450","14.3800","","0.00%"
"02/02/2009","14.3450","14.3450","14.3450","14.3800","","0.00%"
"01/30/2009","14.3450","14.3450","14.3450","14.3800","","0.00%"
"01/29/2009","14.3450","14.3450","14.3450","14.3800","","0.00%"
"01/28/2009","14.3450","14.3450","14.3450","14.3800","","0.00%"
"01/27/2009","14.3450","14.3450","14.3450","14.3800","","0.00%"
"01/26/2009","14.3450","14.3450","14.3450","14.3800","","0.00%"
"01/23/2009","14.3450","14.3450","14.3450","14.3800","","0.00%"
"01/22/2009","14.3450","14.3450","14.3450","14.3800","","0.00%"
"01/21/2009","14.3450","14.3450","14.3450","14.3800","","0.00%"
"01/20/2009","14.3450","14.3450","14.3450","14.3800","","0.00%"
"01/19/2009","14.3450","14.3450","14.3450","14.3800","","0.00%"
"01/16/2009","14.3450","14.3450","14.3450","14.3800","","0.00%"
"01/15/2009","14.3450","14.3450","14.3450","14.3800","","0.00%"
"01/14/2009","14.3450","14.3450","14.3450","14.3800","","0.00%"
"01/13/2009","14.3450","14.3450","14.3450","14.3800","","0.00%"
"01/12/2009","14.3450","14.3450","14.3450","14.3800","","0.00%"
"01/09/2009","14.3450","14.3450","14.3450","14.3800","","0.00%"
"01/08/2009","14.3450","14.3450","14.3450","14.3800","","0.00%"
"01/07/2009","14.3450","14.3450","14.3450","14.3800","","0.00%"
"01/06/2009","14.3450","14.3450","14.3450","14.3800","","0.00%"
"01/05/2009","14.3450","14.3450","14.3450","14.3800","","0.00%"
"01/02/2009","14.3450","14.3500","14.3500","14.3800","","-0.03%"
"01/01/2009","14.3500","14.3500","14.3500","14.3500","","0.00%"
"12/31/2008","14.3500","14.3500","14.3500","14.3850","","0.00%"
"12/30/2008","14.3500","14.3500","14.3500","14.3850","","0.00%"
"12/29/2008","14.3500","14.3500","14.3500","14.3850","","0.00%"
"12/26/2008","14.3500","14.3500","14.3500","14.3850","","0.00%"
"12/25/2008","14.3500","14.3500","14.3500","14.3500","","0.00%"
"12/24/2008","14.3500","14.3500","14.3500","14.3850","","0.00%"
"12/23/2008","14.3500","14.3500","14.3500","14.3850","","0.00%"
"12/22/2008","14.3500","14.3500","14.3500","14.3850","","0.00%"
"12/19/2008","14.3500","14.3500","14.3500","14.3850","","0.00%"
"12/18/2008","14.3500","14.3500","14.3500","14.3850","","0.00%"
"12/17/2008","14.3500","14.3500","14.3500","14.3850","","0.00%"
"12/16/2008","14.3500","14.3500","14.3500","14.3850","","0.00%"
"12/15/2008","14.3500","14.3500","14.3500","14.3850","","0.00%"
"12/12/2008","14.3500","14.3500","14.3500","14.3850","","0.00%"
"12/11/2008","14.3500","14.3500","14.3500","14.3850","","0.00%"
"12/10/2008","14.3500","14.3500","14.3500","14.3850","","0.00%"
"12/09/2008","14.3500","14.3500","14.3500","14.3850","","0.00%"
"12/08/2008","14.3500","14.3500","14.3500","14.3850","","0.00%"
"12/05/2008","14.3500","14.3500","14.3500","14.3850","","0.00%"
"12/04/2008","14.3500","14.3500","14.3500","14.3850","","0.00%"
"12/03/2008","14.3500","14.3500","14.3500","14.3850","","0.00%"
"12/02/2008","14.3500","14.3500","14.3500","14.3850","","0.00%"
"12/01/2008","14.3500","14.3400","14.3500","14.3750","","0.07%"
"11/28/2008","14.3400","14.3500","14.3500","14.3750","","-0.07%"
"11/27/2008","14.3500","14.3500","14.3500","14.3850","","0.00%"
"11/26/2008","14.3500","14.3500","14.3500","14.3850","","0.00%"
"11/25/2008","14.3500","14.3500","14.3500","14.3850","","0.00%"
"11/24/2008","14.3500","14.3500","14.3500","14.3850","","0.00%"
"11/21/2008","14.3500","14.3500","14.3500","14.3850","","0.00%"
"11/20/2008","14.3500","14.3500","14.3500","14.3850","","0.00%"
"11/19/2008","14.3500","14.3500","14.3500","14.3850","","0.00%"
"11/18/2008","14.3500","14.3500","14.3500","14.3850","","0.00%"
"11/17/2008","14.3500","14.3500","14.3500","14.3800","","0.00%"
"11/14/2008","14.3500","14.3500","14.3500","14.3850","","0.00%"
"11/13/2008","14.3500","14.3500","14.3500","14.3850","","0.00%"
"11/12/2008","14.3500","14.3500","14.3500","14.3850","","0.00%"
"11/11/2008","14.3500","14.3500","14.3500","14.3850","","0.00%"
"11/10/2008","14.3500","14.3500","14.3500","14.3850","","0.00%"
"11/07/2008","14.3500","14.3500","14.3500","14.3850","","0.00%"
"11/06/2008","14.3500","14.3500","14.3500","14.3850","","0.00%"
"11/05/2008","14.3500","14.3500","14.3500","14.3850","","0.00%"
"11/04/2008","14.3500","14.3500","14.3500","14.3850","","0.00%"
"11/03/2008","14.3500","14.3500","14.3500","14.3850","","0.00%"
"10/31/2008","14.3500","14.3500","14.3500","14.3800","","0.03%"
"10/30/2008","14.3450","14.3500","14.3500","14.3800","","-0.03%"
"10/29/2008","14.3500","14.3500","14.3500","14.3850","","0.00%"
"10/28/2008","14.3500","14.3500","14.3500","14.3850","","0.00%"
"10/27/2008","14.3500","14.3500","14.3500","14.3850","","0.00%"
"10/24/2008","14.3500","14.3500","14.3500","14.3850","","0.00%"
"10/23/2008","14.3500","14.3500","14.3500","14.3850","","0.00%"
"10/22/2008","14.3500","14.3500","14.3500","14.3850","","0.00%"
"10/21/2008","14.3500","14.3500","14.3500","14.3850","","0.00%"
"10/20/2008","14.3500","14.3500","14.3500","14.3850","","0.00%"
"10/17/2008","14.3500","14.3500","14.3500","14.3850","","0.00%"
"10/16/2008","14.3500","14.3500","14.3500","14.3850","","0.00%"
"10/15/2008","14.3500","14.3500","14.3500","14.3850","","0.00%"
"10/14/2008","14.3500","14.3500","14.3500","14.3850","","0.00%"
"10/13/2008","14.3500","14.3500","14.3500","14.3850","","0.00%"
"10/10/2008","14.3500","14.3500","14.3500","14.3850","","0.00%"
"10/09/2008","14.3500","14.3500","14.3500","14.3850","","0.00%"
"10/08/2008","14.3500","14.3500","14.3500","14.3850","","0.00%"
"10/07/2008","14.3500","14.3500","14.3500","14.3850","","0.00%"
"10/06/2008","14.3500","14.3500","14.3500","14.3850","","0.00%"
"10/03/2008","14.3500","14.3500","14.3500","14.3500","","0.00%"
"10/02/2008","14.3500","14.3500","14.3500","14.3500","","0.00%"
"10/01/2008","14.3500","14.3500","14.3500","14.3500","","0.00%"
"09/30/2008","14.3500","14.3500","14.3500","14.3500","","0.00%"
"09/29/2008","14.3500","14.3500","14.3500","14.3500","","0.00%"
"09/26/2008","14.3500","14.3500","14.3500","14.3500","","0.00%"
"09/25/2008","14.3500","14.3500","14.3500","14.3500","","0.00%"
"09/24/2008","14.3500","14.3500","14.3500","14.3500","","0.00%"
"09/23/2008","14.3500","14.3500","14.3500","14.3500","","0.00%"
"09/22/2008","14.3500","14.3500","14.3500","14.3500","","0.00%"
"09/19/2008","14.3500","14.3500","14.3500","14.3500","","0.00%"
"09/18/2008","14.3500","14.3500","14.3500","14.3500","","0.07%"
"09/17/2008","14.3400","14.3400","14.3400","14.3400","","-0.03%"
"09/16/2008","14.3450","14.3450","14.3450","14.3450","","-0.07%"
"09/15/2008","14.3550","14.3550","14.3550","14.3550","","0.07%"
"09/12/2008","14.3450","14.3450","14.3450","14.3450","","-0.03%"
"09/11/2008","14.3500","14.3500","14.3500","14.3500","","0.00%"
"09/10/2008","14.3500","14.3500","14.3500","14.3500","","0.00%"
"09/09/2008","14.3500","14.3500","14.3500","14.3500","","0.00%"
"09/08/2008","14.3500","14.3500","14.3500","14.3500","","0.00%"
"09/05/2008","14.3500","14.3500","14.3500","14.3500","","0.00%"
"09/04/2008","14.3500","14.3500","14.3500","14.3500","","0.00%"
"09/03/2008","14.3500","14.3500","14.3500","14.3500","","0.00%"
"09/02/2008","14.3500","14.3500","14.3500","14.3500","","0.00%"
"09/01/2008","14.3500","14.3500","14.3500","14.3500","","0.00%"
"08/29/2008","14.3500","14.3500","14.3500","14.3500","","0.00%"
"08/28/2008","14.3500","14.3500","14.3500","14.3500","","0.00%"
"08/27/2008","14.3500","14.3500","14.3500","14.3500","","0.00%"
"08/26/2008","14.3500","14.3500","14.3500","14.3500","","0.00%"
"08/25/2008","14.3500","14.3500","14.3500","14.3500","","0.00%"
"08/22/2008","14.3500","14.3500","14.3500","14.3500","","0.00%"
"08/21/2008","14.3500","14.3500","14.3500","14.3500","","0.00%"
"08/20/2008","14.3500","14.3500","14.3500","14.3500","","0.00%"
"08/19/2008","14.3500","14.3500","14.3500","14.3500","","0.00%"
"08/18/2008","14.3500","14.3500","14.3500","14.3500","","0.00%"
"08/15/2008","14.3500","14.3500","14.3500","14.3500","","0.00%"
"08/14/2008","14.3500","14.3500","14.3500","14.3500","","0.00%"
"08/13/2008","14.3500","14.3500","14.3500","14.3500","","0.00%"
"08/12/2008","14.3500","14.3500","14.3500","14.3500","","0.00%"
"08/11/2008","14.3500","14.3500","14.3500","14.3500","","0.00%"
"08/08/2008","14.3500","14.3500","14.3500","14.3500","","0.00%"
"08/07/2008","14.3500","14.3500","14.3500","14.3500","","0.00%"
"08/06/2008","14.3500","14.3500","14.3500","14.3500","","0.00%"
"08/05/2008","14.3500","14.3500","14.3500","14.3500","","0.00%"
"08/04/2008","14.3500","14.3500","14.3500","14.3500","","0.00%"
"08/01/2008","14.3500","14.3500","14.3500","14.3500","","0.00%"
"07/31/2008","14.3500","14.3500","14.3500","14.3500","","0.00%"
"07/30/2008","14.3500","14.3500","14.3500","14.3500","","0.00%"
"07/29/2008","14.3500","14.3500","14.3500","14.3500","","0.00%"
"07/28/2008","14.3500","14.3500","14.3500","14.3500","","0.00%"
"07/25/2008","14.3500","14.3500","14.3500","14.3500","","0.00%"
"07/24/2008","14.3500","14.3500","14.3500","14.3500","","0.00%"
"07/23/2008","14.3500","14.3500","14.3500","14.3500","","0.00%"
"07/22/2008","14.3500","14.3500","14.3500","14.3500","","0.00%"
"07/21/2008","14.3500","14.3500","14.3500","14.3500","","0.00%"
"07/18/2008","14.3500","14.3500","14.3500","14.3500","","0.00%"
"07/17/2008","14.3500","14.3500","14.3500","14.3500","","0.00%"
"07/16/2008","14.3500","14.3500","14.3500","14.3500","","0.00%"
"07/15/2008","14.3500","14.3500","14.3500","14.3500","","0.00%"
"07/14/2008","14.3500","14.3500","14.3500","14.3500","","0.00%"
"07/11/2008","14.3500","14.3500","14.3500","14.3500","","0.00%"
"07/10/2008","14.3500","14.3500","14.3500","14.3500","","0.00%"
"07/09/2008","14.3500","14.3500","14.3500","14.3500","","0.00%"
"07/08/2008","14.3500","14.3500","14.3500","14.3500","","0.00%"
"07/07/2008","14.3500","14.3500","14.3500","14.3500","","0.00%"
"07/04/2008","14.3500","14.3500","14.3500","14.3500","","0.00%"
"07/03/2008","14.3500","14.3500","14.3500","14.3500","","0.00%"
"07/02/2008","14.3500","14.3500","14.3500","14.3500","","0.00%"
"07/01/2008","14.3500","14.3500","14.3500","14.3500","","0.00%"
"06/30/2008","14.3500","14.3500","14.3500","14.3500","","0.00%"
"06/27/2008","14.3500","14.3500","14.3500","14.3500","","0.00%"
"06/26/2008","14.3500","14.3500","14.3500","14.3500","","0.00%"
"06/25/2008","14.3500","14.3500","14.3500","14.3500","","0.00%"
"06/24/2008","14.3500","14.3500","14.3500","14.3500","","0.00%"
"06/23/2008","14.3500","14.3500","14.3500","14.3500","","0.00%"
"06/20/2008","14.3500","14.3500","14.3500","14.3500","","0.00%"
"06/19/2008","14.3500","14.3500","14.3500","14.3500","","0.00%"
"06/18/2008","14.3500","14.3500","14.3500","14.3500","","-0.38%"
"06/17/2008","14.4050","14.4050","14.4050","14.4050","","0.00%"
"06/16/2008","14.4050","14.4050","14.4050","14.4050","","0.00%"
"06/13/2008","14.4050","14.4050","14.4050","14.4050","","0.00%"
"06/12/2008","14.4050","14.4050","14.4050","14.4050","","0.00%"
"06/11/2008","14.4050","14.4050","14.4050","14.4050","","0.00%"
"06/10/2008","14.4050","14.4050","14.4050","14.4050","","0.00%"
"06/09/2008","14.4050","14.4050","14.4050","14.4050","","0.00%"
"06/06/2008","14.4050","14.4050","14.4050","14.4050","","0.00%"
"06/05/2008","14.4050","14.4050","14.4050","14.4050","","0.00%"
"06/04/2008","14.4050","14.4050","14.4050","14.4050","","0.03%"
"06/03/2008","14.4000","14.4000","14.4000","14.4000","","0.00%"
"06/02/2008","14.4000","14.4000","14.4000","14.4000","","0.00%"
"05/30/2008","14.4000","14.4000","14.4000","14.4000","","0.00%"
"05/29/2008","14.4000","14.4000","14.4000","14.4000","","0.00%"
"05/28/2008","14.4000","14.4000","14.4000","14.4000","","0.00%"
"05/27/2008","14.4000","14.4000","14.4000","14.4000","","0.00%"
"05/26/2008","14.4000","14.4000","14.4000","14.4000","","0.00%"
"05/23/2008","14.4000","14.4000","14.4000","14.4000","","0.00%"
"05/22/2008","14.4000","14.4000","14.4000","14.4000","","0.00%"
"05/21/2008","14.4000","14.4000","14.4000","14.4000","","-0.31%"
"05/20/2008","14.4450","14.4450","14.4450","14.4450","","0.00%"
"05/19/2008","14.4450","14.4450","14.4450","14.4450","","0.00%"
"05/16/2008","14.4450","14.4450","14.4450","14.4450","","0.00%"
"05/15/2008","14.4450","14.4450","14.4450","14.4450","","0.00%"
"05/14/2008","14.4450","14.4450","14.4450","14.4450","","0.00%"
"05/13/2008","14.4450","14.4450","14.4450","14.4450","","0.00%"
"05/12/2008","14.4450","14.4450","14.4450","14.4450","","0.00%"
"05/09/2008","14.4450","14.4450","14.4450","14.4450","","0.01%"
"05/08/2008","14.4440","14.4440","14.4440","14.4440","","0.00%"
"05/07/2008","14.4440","14.4440","14.4440","14.4440","","-0.01%"
"05/06/2008","14.4450","14.4450","14.4450","14.4450","","0.00%"
"05/05/2008","14.4450","14.4450","14.4450","14.4450","","0.00%"
"05/02/2008","14.4450","14.4450","14.4450","14.4450","","0.00%"
"05/01/2008","14.4450","14.4450","14.4450","14.4450","","0.00%"
"04/30/2008","14.4450","14.4450","14.4450","14.4450","","0.00%"
"04/29/2008","14.4450","14.4450","14.4450","14.4450","","0.00%"
"04/28/2008","14.4450","14.4450","14.4450","14.4450","","0.00%"
"04/25/2008","14.4450","14.4450","14.4450","14.4450","","0.00%"
"04/24/2008","14.4450","14.4450","14.4450","14.4450","","0.00%"
"04/23/2008","14.4450","14.4450","14.4450","14.4450","","0.00%"
"04/22/2008","14.4450","14.4450","14.4450","14.4450","","0.00%"
"04/21/2008","14.4450","14.4450","14.4450","14.4450","","0.00%"
"04/18/2008","14.4450","14.4450","14.4450","14.4450","","0.00%"
"04/17/2008","14.4450","14.4450","14.4450","14.4450","","0.00%"
"04/16/2008","14.4450","14.4450","14.4450","14.4450","","0.01%"
"04/15/2008","14.4440","14.4440","14.4440","14.4440","","-0.01%"
"04/14/2008","14.4450","14.4450","14.4450","14.4450","","0.00%"
"04/11/2008","14.4450","14.4450","14.4450","14.4450","","0.00%"
"04/10/2008","14.4450","14.4450","14.4450","14.4450","","0.00%"
"04/09/2008","14.4450","14.4450","14.4450","14.4450","","0.00%"
"04/08/2008","14.4450","14.4450","14.4450","14.4450","","0.00%"
"04/07/2008","14.4450","14.4450","14.4450","14.4450","","0.00%"
"04/04/2008","14.4450","14.4450","14.4450","14.4450","","0.00%"
"04/03/2008","14.4450","14.4450","14.4450","14.4450","","0.00%"
"04/02/2008","14.4450","14.4450","14.4450","14.4450","","0.00%"
"04/01/2008","14.4450","14.4450","14.4450","14.4450","","0.00%"
"03/31/2008","14.4450","14.4450","14.4450","14.4450","","0.00%"
"03/28/2008","14.4450","14.4450","14.4450","14.4450","","0.00%"
"03/27/2008","14.4450","14.4450","14.4450","14.4450","","0.00%"
"03/26/2008","14.4450","14.4450","14.4450","14.4450","","0.00%"
"03/25/2008","14.4450","14.4450","14.4450","14.4450","","0.00%"
"03/24/2008","14.4450","14.4450","14.4450","14.4450","","0.00%"
"03/21/2008","14.4450","14.4450","14.4450","14.4450","","0.00%"
"03/20/2008","14.4450","14.4450","14.4450","14.4450","","0.00%"
"03/19/2008","14.4450","14.4450","14.4450","14.4450","","0.00%"
"03/18/2008","14.4450","14.4450","14.4450","14.4450","","0.00%"
"03/17/2008","14.4450","14.4450","14.4450","14.4450","","0.00%"
"03/14/2008","14.4450","14.4450","14.4450","14.4450","","0.00%"
"03/13/2008","14.4450","14.4450","14.4450","14.4450","","0.00%"
"03/12/2008","14.4450","14.4450","14.4450","14.4450","","0.00%"
"03/11/2008","14.4450","14.4450","14.4450","14.4450","","0.00%"
"03/10/2008","14.4450","14.4450","14.4450","14.4450","","0.00%"
"03/07/2008","14.4450","14.4450","14.4450","14.4450","","0.00%"
"03/06/2008","14.4450","14.4450","14.4450","14.4450","","0.00%"
"03/05/2008","14.4450","14.4450","14.4450","14.4450","","0.00%"
"03/04/2008","14.4450","14.4450","14.4450","14.4450","","0.00%"
"03/03/2008","14.4450","14.4450","14.4450","14.4450","","0.00%"
"02/29/2008","14.4450","14.4450","14.4450","14.4450","","0.00%"
"02/28/2008","14.4450","14.4450","14.4450","14.4450","","0.00%"
"02/27/2008","14.4450","14.4450","14.4450","14.4450","","0.00%"
"02/26/2008","14.4450","14.4450","14.4450","14.4450","","0.00%"
"02/25/2008","14.4450","14.4450","14.4450","14.4450","","0.00%"
"02/22/2008","14.4450","14.4450","14.4450","14.4450","","0.00%"
"02/21/2008","14.4450","14.4450","14.4450","14.4450","","0.00%"
"02/20/2008","14.4450","14.4450","14.4450","14.4450","","0.00%"
"02/19/2008","14.4450","14.4450","14.4450","14.4450","","0.00%"
"02/18/2008","14.4450","14.4450","14.4450","14.4450","","0.00%"
"02/15/2008","14.4450","14.4450","14.4450","14.4450","","0.00%"
"02/14/2008","14.4450","14.4450","14.4450","14.4450","","0.00%"
"02/13/2008","14.4450","14.4450","14.4450","14.4450","","0.00%"
"02/12/2008","14.4450","14.4450","14.4450","14.4450","","0.00%"
"02/11/2008","14.4450","14.4450","14.4450","14.4450","","0.00%"
"02/07/2008","14.4450","14.4450","14.4450","14.4450","","0.00%"
"02/06/2008","14.4450","14.4450","14.4450","14.4450","","0.00%"
"02/05/2008","14.4450","14.4450","14.4450","14.4450","","0.00%"
"02/04/2008","14.4450","14.4450","14.4450","14.4450","","0.00%"
"02/01/2008","14.4450","14.4450","14.4450","14.4450","","2.81%"
"01/31/2008","14.0500","14.0500","14.0500","14.0500","","0.00%"
"01/30/2008","14.0500","14.0500","14.0500","14.0500","","0.00%"
"01/29/2008","14.0500","14.0500","14.0500","14.0500","","0.00%"
"01/28/2008","14.0500","14.0500","14.0500","14.0500","","0.00%"
"01/25/2008","14.0500","14.0500","14.0500","14.0500","","0.00%"
"01/24/2008","14.0500","14.0500","14.0500","14.0500","","0.00%"
"01/23/2008","14.0500","14.0500","14.0500","14.0500","","0.00%"
"01/22/2008","14.0500","14.0500","14.0500","14.0500","","0.00%"
"01/21/2008","14.0500","14.0500","14.0500","14.0500","","0.00%"
"01/18/2008","14.0500","14.0500","14.0500","14.0500","","0.00%"
"01/17/2008","14.0500","14.0500","14.0500","14.0500","","0.00%"
"01/16/2008","14.0500","14.0500","14.0500","14.0500","","0.00%"
"01/15/2008","14.0500","14.0500","14.0500","14.0500","","0.00%"
"01/14/2008","14.0500","14.0500","14.0500","14.0500","","0.00%"
"01/11/2008","14.0500","14.0500","14.0500","14.0500","","0.00%"
"01/10/2008","14.0500","14.0500","14.0500","14.0500","","0.00%"
"01/09/2008","14.0500","14.0500","14.0500","14.0500","","0.00%"
"01/08/2008","14.0500","14.0500","14.0500","14.0500","","0.00%"
"01/07/2008","14.0500","14.0500","14.0500","14.0500","","0.00%"
"01/04/2008","14.0500","14.0500","14.0500","14.0500","","0.00%"
"01/03/2008","14.0500","14.0500","14.0500","14.0500","","0.00%"
"01/02/2008","14.0500","14.0500","14.0500","14.0500","","0.00%"
"01/01/2008","14.0500","14.0500","14.0500","14.0500","","0.00%"
"12/31/2007","14.0500","14.0500","14.0500","14.0500","","0.00%"
"12/28/2007","14.0500","14.0500","14.0500","14.0500","","0.00%"
"12/27/2007","14.0500","14.0500","14.0500","14.0500","","0.00%"
"12/26/2007","14.0500","14.0500","14.0500","14.0500","","0.00%"
"12/25/2007","14.0500","14.0500","14.0500","14.0500","","0.00%"
"12/24/2007","14.0500","14.0500","14.0500","14.0500","","0.00%"
"12/21/2007","14.0500","14.0500","14.0500","14.0500","","0.00%"
"12/20/2007","14.0500","14.0500","14.0500","14.0500","","-0.01%"
"12/19/2007","14.0510","14.0510","14.0510","14.0510","","-0.01%"
"12/18/2007","14.0520","14.0520","14.0520","14.0520","","0.01%"
"12/17/2007","14.0500","14.0500","14.0500","14.0500","","0.00%"
"12/14/2007","14.0500","14.0500","14.0500","14.0500","","0.03%"
"12/13/2007","14.0460","14.0460","14.0460","14.0460","","-0.03%"
"12/12/2007","14.0500","14.0500","14.0500","14.0500","","0.00%"
"12/11/2007","14.0500","14.0500","14.0500","14.0500","","0.39%"
"12/10/2007","13.9950","13.9950","13.9950","13.9950","","0.00%"
"12/07/2007","13.9950","13.9950","13.9950","13.9950","","0.00%"
"12/06/2007","13.9950","13.9950","13.9950","13.9950","","0.00%"
"12/05/2007","13.9950","13.9950","13.9950","13.9950","","0.00%"
"12/04/2007","13.9950","13.9950","13.9950","13.9950","","0.00%"
"12/03/2007","13.9950","13.9950","13.9950","13.9950","","0.00%"
"11/30/2007","13.9950","13.9950","13.9950","13.9950","","0.00%"
"11/29/2007","13.9950","13.9950","13.9950","13.9950","","0.01%"
"11/28/2007","13.9940","13.9940","13.9940","13.9940","","-0.01%"
"11/27/2007","13.9950","13.9950","13.9950","13.9950","","0.00%"
"11/26/2007","13.9950","13.9950","13.9950","13.9950","","0.00%"
"11/23/2007","13.9950","13.9950","13.9950","13.9950","","2.12%"
"11/22/2007","13.7050","13.7050","13.7050","13.7050","","0.00%"
"11/21/2007","13.7050","13.7050","13.7050","13.7050","","0.00%"
"11/20/2007","13.7050","13.7050","13.7050","13.7050","","0.00%"
"11/19/2007","13.7050","13.7050","13.7050","13.7050","","-0.01%"
"11/16/2007","13.7070","13.7070","13.7070","13.7070","","0.01%"
"11/15/2007","13.7050","13.7050","13.7050","13.7050","","0.00%"
"11/14/2007","13.7050","13.7050","13.7050","13.7050","","0.00%"
"11/13/2007","13.7050","13.7050","13.7050","13.7050","","0.01%"
"11/12/2007","13.7040","13.7040","13.7040","13.7040","","-0.01%"
"11/09/2007","13.7060","13.7060","13.7060","13.7060","","-0.01%"
"11/08/2007","13.7070","13.7070","13.7070","13.7070","","-0.07%"
"11/07/2007","13.7170","13.7170","13.7170","13.7170","","0.09%"
"11/06/2007","13.7040","13.7040","13.7040","13.7040","","-0.01%"
"11/05/2007","13.7050","13.7050","13.7050","13.7050","","0.00%"
"11/02/2007","13.7050","13.7050","13.7050","13.7050","","0.00%"
"11/01/2007","13.7050","13.7050","13.7050","13.7050","","0.01%"
"10/31/2007","13.7040","13.7040","13.7040","13.7040","","0.00%"
"10/30/2007","13.7040","13.7040","13.7040","13.7040","","-0.02%"
"10/29/2007","13.7070","13.7070","13.7070","13.7070","","0.01%"
"10/26/2007","13.7060","13.7060","13.7060","13.7060","","0.01%"
"10/25/2007","13.7040","13.7040","13.7040","13.7040","","-0.01%"
"10/24/2007","13.7050","13.7050","13.7050","13.7050","","0.00%"
"10/23/2007","13.7050","13.7050","13.7050","13.7050","","-0.01%"
"10/22/2007","13.7070","13.7070","13.7070","13.7070","","0.01%"
"10/19/2007","13.7050","13.7050","13.7050","13.7050","","0.22%"
"10/18/2007","13.6750","13.6750","13.6750","13.6750","","-0.02%"
"10/17/2007","13.6780","13.6780","13.6780","13.6780","","-0.01%"
"10/16/2007","13.6800","13.6800","13.6800","13.6800","","-0.01%"
"10/15/2007","13.6820","13.6820","13.6820","13.6820","","-0.02%"
"10/12/2007","13.6850","13.6850","13.6850","13.6850","","0.00%"
"10/11/2007","13.6850","13.6850","13.6850","13.6850","","0.00%"
"10/10/2007","13.6850","13.6850","13.6850","13.6850","","0.00%"
"10/09/2007","13.6850","13.6850","13.6850","13.6850","","-0.14%"
"10/08/2007","13.7040","13.7040","13.7040","13.7040","","0.00%"
"10/05/2007","13.7040","13.7040","13.7040","13.7040","","0.00%"
"10/04/2007","13.7040","13.7040","13.7040","13.7040","","-0.01%"
"10/03/2007","13.7050","13.7050","13.7050","13.7050","","0.00%"
"10/02/2007","13.7050","13.7050","13.7050","13.7050","","0.04%"
"10/01/2007","13.7000","13.7000","13.7000","13.7000","","0.00%"
"09/28/2007","13.7000","13.7000","13.7000","13.7000","","-0.04%"
"09/27/2007","13.7050","13.7050","13.7050","13.7050","","0.04%"
"09/26/2007","13.7000","13.7000","13.7000","13.7000","","-0.04%"
"09/25/2007","13.7050","13.7050","13.7050","13.7050","","0.00%"
"09/24/2007","13.7050","13.7050","13.7050","13.7050","","0.00%"
"09/21/2007","13.7050","13.7050","13.7050","13.7050","","0.04%"
"09/20/2007","13.7000","13.7000","13.7000","13.7000","","-0.04%"
"09/19/2007","13.7050","13.7050","13.7050","13.7050","","0.00%"
"09/18/2007","13.7050","13.7050","13.7050","13.7050","","0.07%"
"09/17/2007","13.6960","13.6960","13.6960","13.6960","","0.01%"
"09/14/2007","13.6950","13.6950","13.6950","13.6950","","0.11%"
"09/13/2007","13.6800","13.6800","13.6800","13.6800","","1.66%"
"09/12/2007","13.4570","13.4570","13.4570","13.4570","","0.01%"
"09/11/2007","13.4550","13.4550","13.4550","13.4550","","0.00%"
"09/10/2007","13.4550","13.4550","13.4550","13.4550","","0.00%"
"09/07/2007","13.4550","13.4550","13.4550","13.4550","","0.00%"
"09/06/2007","13.4550","13.4550","13.4550","13.4550","","-0.01%"
"09/05/2007","13.4570","13.4570","13.4570","13.4570","","0.01%"
"09/04/2007","13.4550","13.4550","13.4550","13.4550","","-0.01%"
"09/03/2007","13.4570","13.4570","13.4570","13.4570","","0.00%"
"08/31/2007","13.4570","13.4570","13.4570","13.4570","","0.01%"
"08/30/2007","13.4550","13.4550","13.4550","13.4550","","0.00%"
"08/29/2007","13.4550","13.4550","13.4550","13.4550","","0.00%"
"08/28/2007","13.4550","13.4550","13.4550","13.4550","","0.00%"
"08/27/2007","13.4550","13.4550","13.4550","13.4550","","0.00%"
"08/24/2007","13.4550","13.4550","13.4550","13.4550","","0.00%"
"08/23/2007","13.4550","13.4550","13.4550","13.4550","","0.00%"
"08/22/2007","13.4550","13.4550","13.4550","13.4550","","0.00%"
"08/21/2007","13.4550","13.4550","13.4550","13.4550","","0.00%"
"08/20/2007","13.4550","13.4550","13.4550","13.4550","","-0.01%"
"08/17/2007","13.4570","13.4570","13.4570","13.4570","","0.01%"
"08/16/2007","13.4550","13.4550","13.4550","13.4550","","-0.01%"
"08/15/2007","13.4570","13.4570","13.4570","13.4570","","0.01%"
"08/14/2007","13.4560","13.4560","13.4560","13.4560","","0.00%"
"08/13/2007","13.4560","13.4560","13.4560","13.4560","","0.01%"
"08/10/2007","13.4550","13.4550","13.4550","13.4550","","0.00%"
"08/09/2007","13.4550","13.4550","13.4550","13.4550","","0.00%"
"08/08/2007","13.4550","13.4550","13.4550","13.4550","","0.00%"
"08/07/2007","13.4550","13.4550","13.4550","13.4550","","0.00%"
"08/06/2007","13.4550","13.4550","13.4550","13.4550","","0.00%"
"08/03/2007","13.4550","13.4550","13.4550","13.4550","","-0.01%"
"08/02/2007","13.4570","13.4570","13.4570","13.4570","","0.01%"
"08/01/2007","13.4550","13.4550","13.4550","13.4550","","0.04%"
"07/31/2007","13.4500","13.4500","13.4500","13.4500","","-0.04%"
"07/30/2007","13.4550","13.4550","13.4550","13.4550","","0.00%"
"07/27/2007","13.4550","13.4550","13.4550","13.4550","","0.07%"
"07/26/2007","13.4450","13.4450","13.4450","13.4450","","-0.04%"
"07/25/2007","13.4500","13.4500","13.4500","13.4500","","-0.04%"
"07/24/2007","13.4550","13.4550","13.4550","13.4550","","0.01%"
"07/23/2007","13.4540","13.4540","13.4540","13.4540","","0.00%"
"07/20/2007","13.4540","13.4540","13.4540","13.4540","","-0.01%"
"07/19/2007","13.4550","13.4550","13.4550","13.4550","","0.04%"
"07/18/2007","13.4500","13.4500","13.4500","13.4500","","0.19%"
"07/17/2007","13.4250","13.4250","13.4250","13.4250","","-0.07%"
"07/16/2007","13.4350","13.4350","13.4350","13.4350","","-0.15%"
"07/13/2007","13.4550","13.4550","13.4550","13.4550","","0.00%"
"07/12/2007","13.4550","13.4550","13.4550","13.4550","","-0.01%"
"07/11/2007","13.4570","13.4570","13.4570","13.4570","","0.01%"
"07/10/2007","13.4550","13.4550","13.4550","13.4550","","0.00%"
"07/09/2007","13.4550","13.4550","13.4550","13.4550","","0.00%"
"07/06/2007","13.4550","13.4550","13.4550","13.4550","","0.00%"
"07/05/2007","13.4550","13.4550","13.4550","13.4550","","0.00%"
"07/04/2007","13.4550","13.4550","13.4550","13.4550","","0.00%"
"07/03/2007","13.4550","13.4550","13.4550","13.4550","","-0.01%"
"07/02/2007","13.4570","13.4570","13.4570","13.4570","","0.00%"
"06/29/2007","13.4570","13.4570","13.4570","13.4570","","0.01%"
"06/28/2007","13.4550","13.4550","13.4550","13.4550","","-0.01%"
"06/27/2007","13.4570","13.4570","13.4570","13.4570","","0.01%"
"06/26/2007","13.4550","13.4550","13.4550","13.4550","","-0.09%"
"06/25/2007","13.4670","13.4670","13.4670","13.4670","","0.00%"
"06/22/2007","13.4670","13.4670","13.4670","13.4670","","0.00%"
"06/21/2007","13.4670","13.4670","13.4670","13.4670","","0.00%"
"06/20/2007","13.4670","13.4670","13.4670","13.4670","","0.00%"
"06/19/2007","13.4670","13.4670","13.4670","13.4670","","0.01%"
"06/18/2007","13.4660","13.4660","13.4660","13.4660","","0.01%"
"06/15/2007","13.4650","13.4650","13.4650","13.4650","","0.06%"
"06/14/2007","13.4570","13.4570","13.4570","13.4570","","-0.07%"
"06/13/2007","13.4670","13.4670","13.4670","13.4670","","0.01%"
"06/12/2007","13.4660","13.4660","13.4660","13.4660","","-0.01%"
"06/11/2007","13.4670","13.4670","13.4670","13.4670","","0.01%"
"06/08/2007","13.4660","13.4660","13.4660","13.4660","","0.01%"
"06/07/2007","13.4650","13.4650","13.4650","13.4650","","-0.01%"
"06/06/2007","13.4670","13.4670","13.4670","13.4670","","0.01%"
"06/05/2007","13.4650","13.4650","13.4650","13.4650","","-0.01%"
"06/04/2007","13.4670","13.4670","13.4670","13.4670","","0.01%"
"06/01/2007","13.4650","13.4650","13.4650","13.4650","","0.00%"
"05/31/2007","13.4650","13.4650","13.4650","13.4650","","-0.01%"
"05/30/2007","13.4670","13.4670","13.4670","13.4670","","0.01%"
"05/29/2007","13.4660","13.4660","13.4660","13.4660","","0.08%"
"05/28/2007","13.4550","13.4550","13.4550","13.4550","","0.00%"
"05/25/2007","13.4550","13.4550","13.4550","13.4550","","0.00%"
"05/24/2007","13.4550","13.4550","13.4550","13.4550","","0.21%"
"05/23/2007","13.4270","13.4270","13.4270","13.4270","","0.01%"
"05/22/2007","13.4250","13.4250","13.4250","13.4250","","-0.01%"
"05/21/2007","13.4270","13.4270","13.4270","13.4270","","0.01%"
"05/18/2007","13.4250","13.4250","13.4250","13.4250","","0.00%"
"05/17/2007","13.4250","13.4250","13.4250","13.4250","","-0.01%"
"05/16/2007","13.4260","13.4260","13.4260","13.4260","","0.01%"
"05/15/2007","13.4250","13.4250","13.4250","13.4250","","0.00%"
"05/14/2007","13.4250","13.4250","13.4250","13.4250","","-0.01%"
"05/11/2007","13.4260","13.4260","13.4260","13.4260","","0.01%"
"05/10/2007","13.4250","13.4250","13.4250","13.4250","","0.74%"
"05/09/2007","13.3260","13.3260","13.3260","13.3260","","0.08%"
"05/08/2007","13.3150","13.3150","13.3150","13.3150","","0.15%"
"05/07/2007","13.2950","13.2950","13.2950","13.2950","","0.00%"
"05/04/2007","13.2950","13.2950","13.2950","13.2950","","0.00%"
"05/03/2007","13.2950","13.2950","13.2950","13.2950","","1.13%"
"05/02/2007","13.1470","13.1470","13.1470","13.1470","","0.02%"
"05/01/2007","13.1450","13.1450","13.1450","13.1450","","-0.02%"
"04/30/2007","13.1470","13.1470","13.1470","13.1470","","0.02%"
"04/27/2007","13.1450","13.1450","13.1450","13.1450","","0.00%"
"04/26/2007","13.1450","13.1450","13.1450","13.1450","","0.00%"
"04/25/2007","13.1450","13.1450","13.1450","13.1450","","-0.02%"
"04/24/2007","13.1470","13.1470","13.1470","13.1470","","0.00%"
"04/23/2007","13.1470","13.1470","13.1470","13.1470","","0.05%"
"04/20/2007","13.1400","13.1400","13.1400","13.1400","","0.04%"
"04/19/2007","13.1350","13.1350","13.1350","13.1350","","0.00%"
"04/18/2007","13.1350","13.1350","13.1350","13.1350","","-0.91%"
"04/17/2007","13.2550","13.2550","13.2550","13.2550","","0.04%"
"04/16/2007","13.2500","13.2500","13.2500","13.2500","","1.03%"
"04/13/2007","13.1150","13.1150","13.1150","13.1150","","0.00%"
"04/12/2007","13.1150","13.1150","13.1150","13.1150","","0.08%"
"04/11/2007","13.1050","13.1050","13.1050","13.1050","","0.00%"
"04/10/2007","13.1050","13.1050","13.1050","13.1050","","0.08%"
"04/09/2007","13.0950","13.0950","13.0950","13.0950","","-0.53%"
"04/06/2007","13.1650","13.1650","13.1650","13.1650","","0.00%"
"04/05/2007","13.1650","13.1650","13.1650","13.1650","","0.00%"
"04/04/2007","13.1650","13.1650","13.1650","13.1650","","0.00%"
"04/03/2007","13.1650","13.1650","13.1650","13.1650","","0.01%"
"04/02/2007","13.1640","13.1640","13.1640","13.1640","","0.00%"
"03/30/2007","13.1640","13.1640","13.1640","13.1640","","0.01%"
"03/29/2007","13.1630","13.1630","13.1630","13.1630","","0.01%"
"03/28/2007","13.1620","13.1620","13.1620","13.1620","","-0.01%"
"03/27/2007","13.1630","13.1630","13.1630","13.1630","","0.00%"
"03/26/2007","13.1630","13.1630","13.1630","13.1630","","-0.01%"
"03/23/2007","13.1640","13.1640","13.1640","13.1640","","0.00%"
"03/22/2007","13.1640","13.1640","13.1640","13.1640","","0.00%"
"03/21/2007","13.1640","13.1640","13.1640","13.1640","","0.01%"
"03/20/2007","13.1630","13.1630","13.1630","13.1630","","0.02%"
"03/19/2007","13.1600","13.1600","13.1600","13.1600","","0.00%"
"03/16/2007","13.1600","13.1600","13.1600","13.1600","","0.00%"
"03/15/2007","13.1600","13.1600","13.1600","13.1600","","0.01%"
"03/14/2007","13.1590","13.1590","13.1590","13.1590","","0.00%"
"03/13/2007","13.1590","13.1590","13.1590","13.1590","","0.00%"
"03/12/2007","13.1590","13.1590","13.1590","13.1590","","-0.01%"
"03/09/2007","13.1600","13.1600","13.1600","13.1600","","0.00%"
"03/08/2007","13.1600","13.1600","13.1600","13.1600","","0.00%"
"03/07/2007","13.1600","13.1600","13.1600","13.1600","","0.01%"
"03/06/2007","13.1590","13.1590","13.1590","13.1590","","0.01%"
"03/05/2007","13.1580","13.1580","13.1580","13.1580","","0.00%"
"03/02/2007","13.1580","13.1580","13.1580","13.1580","","0.00%"
"03/01/2007","13.1580","13.1580","13.1580","13.1580","","-0.01%"
"02/28/2007","13.1590","13.1590","13.1590","13.1590","","-0.01%"
"02/27/2007","13.1600","13.1600","13.1600","13.1600","","0.01%"
"02/26/2007","13.1590","13.1590","13.1590","13.1590","","0.01%"
"02/23/2007","13.1580","13.1580","13.1580","13.1580","","0.00%"
"02/22/2007","13.1580","13.1580","13.1580","13.1580","","0.00%"
"02/21/2007","13.1580","13.1580","13.1580","13.1580","","0.00%"
"02/20/2007","13.1580","13.1580","13.1580","13.1580","","0.02%"
"02/19/2007","13.1560","13.1560","13.1560","13.1560","","0.02%"
"02/16/2007","13.1540","13.1540","13.1540","13.1540","","0.05%"
"02/15/2007","13.1470","13.1470","13.1470","13.1470","","0.16%"
"02/14/2007","13.1260","13.1260","13.1260","13.1260","","-0.06%"
"02/13/2007","13.1340","13.1340","13.1340","13.1340","","0.22%"
"02/12/2007","13.1050","13.1050","13.1050","13.1050","","0.22%"
"02/09/2007","13.0760","13.0760","13.0760","13.0760","","0.86%"
"02/08/2007","12.9650","12.9650","12.9650","12.9650","","0.00%"
"02/07/2007","12.9650","12.9650","12.9650","12.9650","","0.00%"
"02/06/2007","12.9650","12.9650","12.9650","12.9650","","0.00%"
"02/05/2007","12.9650","12.9650","12.9650","12.9650","","0.00%"
"02/02/2007","12.9650","12.9650","12.9650","12.9650","","0.00%"
"02/01/2007","12.9650","12.9650","12.9650","12.9650","","-0.01%"
"01/31/2007","12.9660","12.9660","12.9660","12.9660","","0.00%"
"01/30/2007","12.9660","12.9660","12.9660","12.9660","","-0.01%"
"01/29/2007","12.9670","12.9670","12.9670","12.9670","","-0.01%"
"01/26/2007","12.9680","12.9680","12.9680","12.9680","","0.01%"
"01/25/2007","12.9670","12.9670","12.9670","12.9670","","-0.01%"
"01/24/2007","12.9680","12.9680","12.9680","12.9680","","0.01%"
"01/23/2007","12.9670","12.9670","12.9670","12.9670","","-0.02%"
"01/22/2007","12.9690","12.9690","12.9690","12.9690","","0.00%"
"01/19/2007","12.9690","12.9690","12.9690","12.9690","","0.01%"
"01/18/2007","12.9680","12.9680","12.9680","12.9680","","-0.01%"
"01/17/2007","12.9690","12.9690","12.9690","12.9690","","0.01%"
"01/16/2007","12.9680","12.9680","12.9680","12.9680","","0.01%"
"01/15/2007","12.9670","12.9670","12.9670","12.9670","","0.01%"
"01/12/2007","12.9660","12.9660","12.9660","12.9660","","0.00%"
"01/11/2007","12.9660","12.9660","12.9660","12.9660","","0.00%"
"01/10/2007","12.9660","12.9660","12.9660","12.9660","","0.01%"
"01/09/2007","12.9650","12.9650","12.9650","12.9650","","0.12%"
"01/08/2007","12.9490","12.9490","12.9490","12.9490","","0.01%"
"01/05/2007","12.9480","12.9480","12.9480","12.9480","","0.00%"
"01/04/2007","12.9480","12.9480","12.9480","12.9480","","0.00%"
"01/03/2007","12.9480","12.9480","12.9480","12.9480","","0.01%"
"01/02/2007","12.9470","12.9470","12.9470","12.9470","","0.02%"
"01/01/2007","12.9450","12.9450","12.9450","12.9450","","0.00%"
"12/29/2006","12.9450","12.9450","12.9450","12.9450","","0.06%"
"12/28/2006","12.9370","12.9370","12.9370","12.9370","","0.12%"
"12/27/2006","12.9210","12.9210","12.9210","12.9210","","0.23%"
"12/26/2006","12.8910","12.8910","12.8910","12.8910","","0.72%"
"12/25/2006","12.7990","12.7990","12.7990","12.7990","","0.00%"
"12/22/2006","12.7990","12.7990","12.7990","12.7990","","0.00%"
"12/21/2006","12.7990","12.7990","12.7990","12.7990","","0.00%"
"12/20/2006","12.7990","12.7990","12.7990","12.7990","","0.00%"
"12/19/2006","12.7990","12.7990","12.7990","12.7990","","0.01%"
"12/18/2006","12.7980","12.7980","12.7980","12.7980","","0.00%"
"12/15/2006","12.7980","12.7980","12.7980","12.7980","","-0.01%"
"12/14/2006","12.7990","12.7990","12.7990","12.7990","","-0.02%"
"12/13/2006","12.8010","12.8010","12.8010","12.8010","","0.00%"
"12/12/2006","12.8010","12.8010","12.8010","12.8010","","-0.01%"
"12/11/2006","12.8020","12.8020","12.8020","12.8020","","-0.02%"
"12/08/2006","12.8050","12.8050","12.8050","12.8050","","-0.05%"
"12/07/2006","12.8120","12.8120","12.8120","12.8120","","-0.13%"
"12/06/2006","12.8290","12.8290","12.8290","12.8290","","-0.41%"
"12/05/2006","12.8820","12.8820","12.8820","12.8820","","0.01%"
"12/04/2006","12.8810","12.8810","12.8810","12.8810","","0.03%"
"12/01/2006","12.8770","12.8770","12.8770","12.8770","","-0.04%"
"11/30/2006","12.8820","12.8820","12.8820","12.8820","","0.00%"
"11/29/2006","12.8820","12.8820","12.8820","12.8820","","0.02%"
"11/28/2006","12.8800","12.8800","12.8800","12.8800","","-0.05%"
"11/27/2006","12.8870","12.8870","12.8870","12.8870","","0.00%"
"11/24/2006","12.8870","12.8870","12.8870","12.8870","","0.00%"
"11/23/2006","12.8870","12.8870","12.8870","12.8870","","0.00%"
"11/22/2006","12.8870","12.8870","12.8870","12.8870","","0.02%"
"11/21/2006","12.8850","12.8850","12.8850","12.8850","","0.01%"
"11/20/2006","12.8840","12.8840","12.8840","12.8840","","0.01%"
"11/17/2006","12.8830","12.8830","12.8830","12.8830","","0.02%"
"11/16/2006","12.8810","12.8810","12.8810","12.8810","","0.01%"
"11/15/2006","12.8800","12.8800","12.8800","12.8800","","0.01%"
"11/14/2006","12.8790","12.8790","12.8790","12.8790","","0.00%"
"11/13/2006","12.8790","12.8790","12.8790","12.8790","","-0.01%"
"11/10/2006","12.8800","12.8800","12.8800","12.8800","","0.01%"
"11/09/2006","12.8790","12.8790","12.8790","12.8790","","0.02%"
"11/08/2006","12.8760","12.8760","12.8760","12.8760","","0.00%"
"11/07/2006","12.8760","12.8760","12.8760","12.8760","","0.01%"
"11/06/2006","12.8750","12.8750","12.8750","12.8750","","0.01%"
"11/03/2006","12.8740","12.8740","12.8740","12.8740","","0.05%"
"11/02/2006","12.8680","12.8680","12.8680","12.8680","","0.17%"
"11/01/2006","12.8460","12.8460","12.8460","12.8460","","0.25%"
"10/31/2006","12.8140","12.8140","12.8140","12.8140","","0.72%"
"10/30/2006","12.7220","12.7220","12.7220","12.7220","","0.00%"
"10/27/2006","12.7220","12.7220","12.7220","12.7220","","0.01%"
"10/26/2006","12.7210","12.7210","12.7210","12.7210","","0.03%"
"10/25/2006","12.7170","12.7170","12.7170","12.7170","","0.06%"
"10/24/2006","12.7100","12.7100","12.7100","12.7100","","0.09%"
"10/23/2006","12.6980","12.6980","12.6980","12.6980","","0.29%"
"10/20/2006","12.6610","12.6610","12.6610","12.6610","","0.85%"
"10/19/2006","12.5540","12.5540","12.5540","12.5540","","0.00%"
"10/18/2006","12.5540","12.5540","12.5540","12.5540","","0.00%"
"10/17/2006","12.5540","12.5540","12.5540","12.5540","","0.00%"
"10/16/2006","12.5540","12.5540","12.5540","12.5540","","0.00%"
"10/13/2006","12.5540","12.5540","12.5540","12.5540","","0.00%"
"10/12/2006","12.5540","12.5540","12.5540","12.5540","","0.02%"
"10/11/2006","12.5520","12.5520","12.5520","12.5520","","0.03%"
"10/10/2006","12.5480","12.5480","12.5480","12.5480","","0.01%"
"10/09/2006","12.5470","12.5470","12.5470","12.5470","","-0.01%"
"10/06/2006","12.5480","12.5480","12.5480","12.5480","","0.01%"
"10/05/2006","12.5470","12.5470","12.5470","12.5470","","-0.02%"
"10/04/2006","12.5490","12.5490","12.5490","12.5490","","0.00%"
"10/03/2006","12.5490","12.5490","12.5490","12.5490","","0.00%"
"10/02/2006","12.5490","12.5490","12.5490","12.5490","","0.00%"
"09/29/2006","12.5490","12.5490","12.5490","12.5490","","0.06%"
"09/28/2006","12.5410","12.5410","12.5410","12.5410","","0.07%"
"09/27/2006","12.5320","12.5320","12.5320","12.5320","","0.03%"
"09/26/2006","12.5280","12.5280","12.5280","12.5280","","-0.05%"
"09/25/2006","12.5340","12.5340","12.5340","12.5340","","-0.02%"
"09/22/2006","12.5360","12.5360","12.5360","12.5360","","0.12%"
"09/21/2006","12.5210","12.5210","12.5210","12.5210","","0.01%"
"09/20/2006","12.5200","12.5200","12.5200","12.5200","","0.01%"
"09/19/2006","12.5190","12.5190","12.5190","12.5190","","0.02%"
"09/18/2006","12.5170","12.5170","12.5170","12.5170","","-0.02%"
"09/15/2006","12.5200","12.5200","12.5200","12.5200","","0.00%"
"09/14/2006","12.5200","12.5200","12.5200","12.5200","","0.01%"
"09/13/2006","12.5190","12.5190","12.5190","12.5190","","0.01%"
"09/12/2006","12.5180","12.5180","12.5180","12.5180","","0.02%"
"09/11/2006","12.5150","12.5150","12.5150","12.5150","","0.06%"
"09/08/2006","12.5070","12.5070","12.5070","12.5070","","0.02%"
"09/07/2006","12.5040","12.5040","12.5040","12.5040","","0.00%"
"09/06/2006","12.5040","12.5040","12.5040","12.5040","","0.00%"
"09/05/2006","12.5040","12.5040","12.5040","12.5040","","0.01%"
"09/04/2006","12.5030","12.5030","12.5030","12.5030","","-0.02%"
"09/01/2006","12.5050","12.5050","12.5050","12.5050","","-0.01%"
"08/31/2006","12.5060","12.5060","12.5060","12.5060","","0.02%"
"08/30/2006","12.5040","12.5040","12.5040","12.5040","","-0.01%"
"08/29/2006","12.5050","12.5050","12.5050","12.5050","","0.01%"
"08/28/2006","12.5040","12.5040","12.5040","12.5040","","0.00%"
"08/25/2006","12.5040","12.5040","12.5040","12.5040","","0.01%"
"08/24/2006","12.5030","12.5030","12.5030","12.5030","","0.02%"
"08/23/2006","12.5000","12.5000","12.5000","12.5000","","0.05%"
"08/22/2006","12.4940","12.4940","12.4940","12.4940","","0.16%"
"08/21/2006","12.4740","12.4740","12.4740","12.4740","","0.00%"
"08/18/2006","12.4740","12.4740","12.4740","12.4740","","0.00%"
"08/17/2006","12.4740","12.4740","12.4740","12.4740","","0.00%"
"08/16/2006","12.4740","12.4740","12.4740","12.4740","","0.00%"
"08/15/2006","12.4740","12.4740","12.4740","12.4740","","0.00%"
"08/14/2006","12.4740","12.4740","12.4740","12.4740","","0.00%"
"08/11/2006","12.4740","12.4740","12.4740","12.4740","","0.00%"
"08/10/2006","12.4740","12.4740","12.4740","12.4740","","0.00%"
"08/09/2006","12.4740","12.4740","12.4740","12.4740","","0.00%"
"08/08/2006","12.4740","12.4740","12.4740","12.4740","","0.00%"
"08/07/2006","12.4740","12.4740","12.4740","12.4740","","0.00%"
"08/04/2006","12.4740","12.4740","12.4740","12.4740","","0.00%"
"08/03/2006","12.4740","12.4740","12.4740","12.4740","","0.00%"
"08/02/2006","12.4740","12.4740","12.4740","12.4740","","0.00%"
"08/01/2006","12.4740","12.4740","12.4740","12.4740","","0.02%"
"07/31/2006","12.4720","12.4720","12.4720","12.4720","","0.01%"
"07/28/2006","12.4710","12.4710","12.4710","12.4710","","-0.03%"
"07/27/2006","12.4750","12.4750","12.4750","12.4750","","-0.01%"
"07/26/2006","12.4760","12.4760","12.4760","12.4760","","0.02%"
"07/25/2006","12.4730","12.4730","12.4730","12.4730","","-0.01%"
"07/24/2006","12.4740","12.4740","12.4740","12.4740","","0.00%"
"07/21/2006","12.4740","12.4740","12.4740","12.4740","","0.02%"
"07/20/2006","12.4720","12.4720","12.4720","12.4720","","0.01%"
"07/19/2006","12.4710","12.4710","12.4710","12.4710","","0.01%"
"07/18/2006","12.4700","12.4700","12.4700","12.4700","","0.01%"
"07/17/2006","12.4690","12.4690","12.4690","12.4690","","0.01%"
"07/14/2006","12.4680","12.4680","12.4680","12.4680","","0.00%"
"07/13/2006","12.4680","12.4680","12.4680","12.4680","","0.00%"
"07/12/2006","12.4680","12.4680","12.4680","12.4680","","0.00%"
"07/11/2006","12.4680","12.4680","12.4680","12.4680","","0.01%"
"07/10/2006","12.4670","12.4670","12.4670","12.4670","","0.01%"
"07/07/2006","12.4660","12.4660","12.4660","12.4660","","0.00%"
"07/06/2006","12.4660","12.4660","12.4660","12.4660","","0.00%"
"07/05/2006","12.4660","12.4660","12.4660","12.4660","","0.00%"
"07/04/2006","12.4660","12.4660","12.4660","12.4660","","0.01%"
"07/03/2006","12.4650","12.4650","12.4650","12.4650","","0.02%"
"06/30/2006","12.4630","12.4630","12.4630","12.4630","","0.02%"
"06/29/2006","12.4610","12.4610","12.4610","12.4610","","0.04%"
"06/28/2006","12.4560","12.4560","12.4560","12.4560","","0.10%"
"06/27/2006","12.4430","12.4430","12.4430","12.4430","","0.23%"
"06/26/2006","12.4140","12.4140","12.4140","12.4140","","0.66%"
"06/23/2006","12.3320","12.3320","12.3320","12.3320","","0.00%"
"06/22/2006","12.3320","12.3320","12.3320","12.3320","","0.00%"
"06/21/2006","12.3320","12.3320","12.3320","12.3320","","0.01%"
"06/20/2006","12.3310","12.3310","12.3310","12.3310","","-0.01%"
"06/19/2006","12.3320","12.3320","12.3320","12.3320","","0.01%"
"06/16/2006","12.3310","12.3310","12.3310","12.3310","","0.00%"
"06/15/2006","12.3310","12.3310","12.3310","12.3310","","0.01%"
"06/14/2006","12.3300","12.3300","12.3300","12.3300","","0.00%"
"06/13/2006","12.3300","12.3300","12.3300","12.3300","","0.01%"
"06/12/2006","12.3290","12.3290","12.3290","12.3290","","0.00%"
"06/09/2006","12.3290","12.3290","12.3290","12.3290","","0.02%"
"06/08/2006","12.3270","12.3270","12.3270","12.3270","","0.01%"
"06/07/2006","12.3260","12.3260","12.3260","12.3260","","0.02%"
"06/06/2006","12.3240","12.3240","12.3240","12.3240","","-0.01%"
"06/05/2006","12.3250","12.3250","12.3250","12.3250","","0.01%"
"06/02/2006","12.3240","12.3240","12.3240","12.3240","","0.05%"
"06/01/2006","12.3180","12.3180","12.3180","12.3180","","0.00%"
"05/31/2006","12.3180","12.3180","12.3180","12.3180","","0.24%"
"05/30/2006","12.2890","12.2890","12.2890","12.2890","","0.00%"
"05/29/2006","12.2890","12.2890","12.2890","12.2890","","0.45%"
"05/26/2006","12.2340","12.2340","12.2340","12.2340","","0.02%"
"05/25/2006","12.2310","12.2310","12.2310","12.2310","","0.07%"
"05/24/2006","12.2230","12.2230","12.2230","12.2230","","0.16%"
"05/23/2006","12.2030","12.2030","12.2030","12.2030","","0.26%"
"05/22/2006","12.1710","12.1710","12.1710","12.1710","","0.97%"
"05/19/2006","12.0540","12.0540","12.0540","12.0540","","0.02%"
"05/18/2006","12.0520","12.0520","12.0520","12.0520","","0.06%"
"05/17/2006","12.0450","12.0450","12.0450","12.0450","","0.07%"
"05/16/2006","12.0370","12.0370","12.0370","12.0370","","0.01%"
"05/15/2006","12.0360","12.0360","12.0360","12.0360","","0.05%"
"05/12/2006","12.0300","12.0300","12.0300","12.0300","","0.07%"
"05/11/2006","12.0210","12.0210","12.0210","12.0210","","0.07%"
"05/10/2006","12.0130","12.0130","12.0130","12.0130","","0.15%"
"05/09/2006","11.9950","11.9950","11.9950","11.9950","","0.26%"
"05/08/2006","11.9640","11.9640","11.9640","11.9640","","0.91%"
"05/05/2006","11.8560","11.8560","11.8560","11.8560","","0.02%"
"05/04/2006","11.8540","11.8540","11.8540","11.8540","","0.03%"
"05/03/2006","11.8500","11.8500","11.8500","11.8500","","0.08%"
"05/02/2006","11.8400","11.8400","11.8400","11.8400","","0.14%"
"05/01/2006","11.8230","11.8230","11.8230","11.8230","","0.00%"
"04/28/2006","11.8230","11.8230","11.8230","11.8230","","0.40%"
"04/27/2006","11.7760","11.7760","11.7760","11.7760","","0.00%"
"04/26/2006","11.7760","11.7760","11.7760","11.7760","","0.00%"
"04/25/2006","11.7760","11.7760","11.7760","11.7760","","0.10%"
"04/24/2006","11.7640","11.7640","11.7640","11.7640","","0.00%"
"04/21/2006","11.7640","11.7640","11.7640","11.7640","","0.00%"
"04/20/2006","11.7640","11.7640","11.7640","11.7640","","0.00%"
"04/19/2006","11.7640","11.7640","11.7640","11.7640","","0.00%"
"04/18/2006","11.7640","11.7640","11.7640","11.7640","","0.02%"
"04/17/2006","11.7620","11.7620","11.7620","11.7620","","0.04%"
"04/14/2006","11.7570","11.7570","11.7570","11.7570","","0.12%"
"04/13/2006","11.7430","11.7430","11.7430","11.7430","","0.41%"
"04/12/2006","11.6950","11.6950","11.6950","11.6950","","0.03%"
"04/11/2006","11.6910","11.6910","11.6910","11.6910","","0.06%"
"04/10/2006","11.6840","11.6840","11.6840","11.6840","","0.18%"
"04/07/2006","11.6630","11.6630","11.6630","11.6630","","0.07%"
"04/06/2006","11.6550","11.6550","11.6550","11.6550","","0.22%"
"04/05/2006","11.6290","11.6290","11.6290","11.6290","","0.01%"
"04/04/2006","11.6280","11.6280","11.6280","11.6280","","0.00%"
"04/03/2006","11.6280","11.6280","11.6280","11.6280","","-0.03%"
"03/31/2006","11.6320","11.6320","11.6320","11.6320","","-0.08%"
"03/30/2006","11.6410","11.6410","11.6410","11.6410","","-0.13%"
"03/29/2006","11.6560","11.6560","11.6560","11.6560","","-0.26%"
"03/28/2006","11.6860","11.6860","11.6860","11.6860","","-0.75%"
"03/27/2006","11.7740","11.7740","11.7740","11.7740","","-0.02%"
"03/24/2006","11.7760","11.7760","11.7760","11.7760","","-0.02%"
"03/23/2006","11.7780","11.7780","11.7780","11.7780","","-0.09%"
"03/22/2006","11.7890","11.7890","11.7890","11.7890","","-0.21%"
"03/21/2006","11.8140","11.8140","11.8140","11.8140","","-0.54%"
"03/20/2006","11.8780","11.8780","11.8780","11.8780","","-0.20%"
"03/17/2006","11.9020","11.9020","11.9020","11.9020","","-0.41%"
"03/16/2006","11.9510","11.9510","11.9510","11.9510","","-1.18%"
"03/15/2006","12.0940","12.0940","12.0940","12.0940","","-0.04%"
"03/14/2006","12.0990","12.0990","12.0990","12.0990","","-0.12%"
"03/13/2006","12.1140","12.1140","12.1140","12.1140","","0.02%"
"03/10/2006","12.1120","12.1120","12.1120","12.1120","","0.02%"
"03/09/2006","12.1100","12.1100","12.1100","12.1100","","0.07%"
"03/08/2006","12.1010","12.1010","12.1010","12.1010","","0.22%"
"03/07/2006","12.0750","12.0750","12.0750","12.0750","","0.03%"
"03/06/2006","12.0710","12.0710","12.0710","12.0710","","0.16%"
"03/03/2006","12.0520","12.0520","12.0520","12.0520","","0.43%"
"03/02/2006","12.0000","12.0000","12.0000","12.0000","","0.01%"
"03/01/2006","11.9990","11.9990","11.9990","11.9990","","0.00%"
"02/28/2006","11.9990","11.9990","11.9990","11.9990","","0.00%"
"02/27/2006","11.9990","11.9990","11.9990","11.9990","","-0.02%"
"02/24/2006","12.0020","12.0020","12.0020","12.0020","","0.01%"
"02/23/2006","12.0010","12.0010","12.0010","12.0010","","0.00%"
"02/22/2006","12.0010","12.0010","12.0010","12.0010","","-0.04%"
"02/21/2006","12.0060","12.0060","12.0060","12.0060","","-0.02%"
"02/20/2006","12.0090","12.0090","12.0090","12.0090","","0.00%"
"02/17/2006","12.0090","12.0090","12.0090","12.0090","","-0.02%"
"02/16/2006","12.0110","12.0110","12.0110","12.0110","","-0.01%"
"02/15/2006","12.0120","12.0120","12.0120","12.0120","","0.01%"
"02/14/2006","12.0110","12.0110","12.0110","12.0110","","-0.02%"
"02/13/2006","12.0140","12.0140","12.0140","12.0140","","-0.02%"
"02/10/2006","12.0170","12.0170","12.0170","12.0170","","-0.02%"
"02/09/2006","12.0190","12.0190","12.0190","12.0190","","0.00%"
"02/08/2006","12.0190","12.0190","12.0190","12.0190","","0.02%"
"02/07/2006","12.0160","12.0160","12.0160","12.0160","","-0.03%"
"02/06/2006","12.0200","12.0200","12.0200","12.0200","","-0.13%"
"02/03/2006","12.0360","12.0360","12.0360","12.0360","","0.00%"
"02/02/2006","12.0360","12.0360","12.0360","12.0360","","0.49%"
"02/01/2006","11.9770","11.9770","11.9770","11.9770","","0.02%"
"01/31/2006","11.9750","11.9750","11.9750","11.9750","","0.01%"
"01/30/2006","11.9740","11.9740","11.9740","11.9740","","0.03%"
"01/27/2006","11.9710","11.9710","11.9710","11.9710","","0.00%"
"01/26/2006","11.9710","11.9710","11.9710","11.9710","","0.08%"
"01/25/2006","11.9610","11.9610","11.9610","11.9610","","-0.02%"
"01/24/2006","11.9630","11.9630","11.9630","11.9630","","0.01%"
"01/23/2006","11.9620","11.9620","11.9620","11.9620","","0.03%"
"01/20/2006","11.9590","11.9590","11.9590","11.9590","","-0.01%"
"01/19/2006","11.9600","11.9600","11.9600","11.9600","","0.02%"
"01/18/2006","11.9580","11.9580","11.9580","11.9580","","0.00%"
"01/17/2006","11.9580","11.9580","11.9580","11.9580","","0.03%"
"01/16/2006","11.9550","11.9550","11.9550","11.9550","","-0.01%"
"01/13/2006","11.9560","11.9560","11.9560","11.9560","","0.00%"
"01/12/2006","11.9560","11.9560","11.9560","11.9560","","0.01%"
"01/11/2006","11.9550","11.9550","11.9550","11.9550","","0.02%"
"01/10/2006","11.9530","11.9530","11.9530","11.9530","","0.05%"
"01/09/2006","11.9470","11.9470","11.9470","11.9470","","0.12%"
"01/06/2006","11.9330","11.9330","11.9330","11.9330","","0.17%"
"01/05/2006","11.9130","11.9130","11.9130","11.9130","","0.29%"
"01/04/2006","11.8780","11.8780","11.8780","11.8780","","0.00%"
"01/03/2006","11.8780","11.8780","11.8780","11.8780","","1.11%"
"01/02/2006","11.7480","11.7480","11.7480","11.7480","","0.00%"
"12/30/2005","11.7480","11.7480","11.7480","11.7480","","-0.01%"
"12/29/2005","11.7490","11.7490","11.7490","11.7490","","0.01%"
"12/28/2005","11.7480","11.7480","11.7480","11.7480","","0.03%"
"12/27/2005","11.7440","11.7440","11.7440","11.7440","","0.02%"
"12/26/2005","11.7420","11.7420","11.7420","11.7420","","0.00%"
"12/23/2005","11.7420","11.7420","11.7420","11.7420","","0.01%"
"12/22/2005","11.7410","11.7410","11.7410","11.7410","","0.00%"
"12/21/2005","11.7410","11.7410","11.7410","11.7410","","0.00%"
"12/20/2005","11.7410","11.7410","11.7410","11.7410","","0.00%"
"12/19/2005","11.7410","11.7410","11.7410","11.7410","","0.00%"
"12/16/2005","11.7410","11.7410","11.7410","11.7410","","0.00%"
"12/15/2005","11.7410","11.7410","11.7410","11.7410","","0.02%"
"12/14/2005","11.7390","11.7390","11.7390","11.7390","","-0.03%"
"12/13/2005","11.7430","11.7430","11.7430","11.7430","","0.00%"
"12/12/2005","11.7430","11.7430","11.7430","11.7430","","-0.01%"
"12/09/2005","11.7440","11.7440","11.7440","11.7440","","0.00%"
"12/08/2005","11.7440","11.7440","11.7440","11.7440","","-0.01%"
"12/07/2005","11.7450","11.7450","11.7450","11.7450","","0.00%"
"12/06/2005","11.7450","11.7450","11.7450","11.7450","","0.01%"
"12/05/2005","11.7440","11.7440","11.7440","11.7440","","0.05%"
"12/02/2005","11.7380","11.7380","11.7380","11.7380","","60.68%"
"12/01/2005","7.3050","7.3050","7.3050","7.3050","","-0.20%"
"11/30/2005","7.3200","7.3200","7.3200","7.3200","","0.00%"
"11/29/2005","7.3200","7.3200","7.3200","7.3200","","0.00%"
"11/28/2005","7.3200","7.3200","7.3200","7.3200","","-0.14%"
"11/25/2005","7.3300","7.3300","7.3300","7.3300","","-0.27%"
"11/24/2005","7.3500","7.3500","7.3500","7.3500","","-0.07%"
"11/23/2005","7.3550","7.3550","7.3550","7.3550","","-0.14%"
"11/22/2005","7.3650","7.3650","7.3650","7.3650","","-0.14%"
"11/21/2005","7.3750","7.3750","7.3750","7.3750","","0.07%"
"11/18/2005","7.3700","7.3700","7.3700","7.3700","","-0.34%"
"11/17/2005","7.3950","7.3950","7.3950","7.3950","","-0.09%"
"11/16/2005","7.4020","7.4020","7.4020","7.4020","","-0.04%"
"11/15/2005","7.4050","7.4050","7.4050","7.4050","","-0.27%"
"11/14/2005","7.4250","7.4250","7.4250","7.4250","","-0.07%"
"11/11/2005","7.4300","7.4300","7.4300","7.4300","","0.00%"
"11/10/2005","7.4300","7.4300","7.4300","7.4300","","-0.13%"
"11/09/2005","7.4400","7.4400","7.4400","7.4400","","-0.27%"
"11/08/2005","7.4600","7.4600","7.4600","7.4600","","0.00%"
"11/07/2005","7.4600","7.4600","7.4600","7.4600","","-0.33%"
"11/04/2005","7.4850","7.4850","7.4850","7.4850","","-0.13%"
"11/03/2005","7.4950","7.4950","7.4950","7.4950","","0.07%"
"11/02/2005","7.4900","7.4900","7.4900","7.4900","","-0.20%"
"11/01/2005","7.5050","7.5050","7.5050","7.5050","","-0.13%"
"10/31/2005","7.5150","7.5150","7.5150","7.5150","","-0.13%"
"10/28/2005","7.5250","7.5250","7.5250","7.5250","","-1.44%"
"10/27/2005","7.6350","7.6350","7.6350","7.6350","","0.07%"
"10/26/2005","7.6300","7.6300","7.6300","7.6300","","-0.13%"
"10/25/2005","7.6400","7.6400","7.6400","7.6400","","0.00%"
"10/24/2005","7.6400","7.6400","7.6400","7.6400","","-0.13%"
"10/21/2005","7.6500","7.6500","7.6500","7.6500","","0.13%"
"10/20/2005","7.6400","7.6400","7.6400","7.6400","","-0.26%"
"10/19/2005","7.6600","7.6600","7.6600","7.6600","","-0.33%"
"10/18/2005","7.6850","7.6850","7.6850","7.6850","","-0.26%"
"10/17/2005","7.7050","7.7050","7.7050","7.7050","","-0.13%"
"10/14/2005","7.7150","7.7150","7.7150","7.7150","","0.06%"
"10/13/2005","7.7100","7.7100","7.7100","7.7100","","-0.13%"
"10/12/2005","7.7200","7.7200","7.7200","7.7200","","0.00%"
"10/11/2005","7.7200","7.7200","7.7200","7.7200","","-0.06%"
"10/10/2005","7.7250","7.7250","7.7250","7.7250","","0.19%"
"10/07/2005","7.7100","7.7100","7.7100","7.7100","","-0.26%"
"10/06/2005","7.7300","7.7300","7.7300","7.7300","","0.00%"
"10/05/2005","7.7300","7.7300","7.7300","7.7300","","-0.32%"
"10/04/2005","7.7550","7.7550","7.7550","7.7550","","0.06%"
"10/03/2005","7.7500","7.7500","7.7500","7.7500","","0.00%"
"09/30/2005","7.7500","7.7500","7.7500","7.7500","","-0.06%"
"09/29/2005","7.7550","7.7550","7.7550","7.7550","","-0.13%"
"09/28/2005","7.7650","7.7650","7.7650","7.7650","","-0.13%"
"09/27/2005","7.7750","7.7750","7.7750","7.7750","","0.00%"
"09/26/2005","7.7750","7.7750","7.7750","7.7750","","-0.19%"
"09/23/2005","7.7900","7.7900","7.7900","7.7900","","-0.38%"
"09/22/2005","7.8200","7.8200","7.8200","7.8200","","-0.06%"
"09/21/2005","7.8250","7.8250","7.8250","7.8250","","0.00%"
"09/20/2005","7.8250","7.8250","7.8250","7.8250","","-0.25%"
"09/19/2005","7.8450","7.8450","7.8450","7.8450","","-0.06%"
"09/16/2005","7.8500","7.8500","7.8500","7.8500","","-0.06%"
"09/15/2005","7.8550","7.8550","7.8550","7.8550","","-0.13%"
"09/14/2005","7.8650","7.8650","7.8650","7.8650","","0.06%"
"09/13/2005","7.8600","7.8600","7.8600","7.8600","","-0.13%"
"09/12/2005","7.8700","7.8700","7.8700","7.8700","","-0.44%"
"09/09/2005","7.9050","7.9050","7.9050","7.9050","","0.06%"
"09/08/2005","7.9000","7.9000","7.9000","7.9000","","-0.25%"
"09/07/2005","7.9200","7.9200","7.9200","7.9200","","-0.31%"
"09/06/2005","7.9450","7.9450","7.9450","7.9450","","-0.13%"
"09/05/2005","7.9550","7.9550","7.9550","7.9550","","0.00%"
"09/02/2005","7.9550","7.9550","7.9550","7.9550","","0.00%"
"09/01/2005","7.9550","7.9550","7.9550","7.9550","","-0.06%"
"08/31/2005","7.9600","7.9600","7.9600","7.9600","","-0.31%"
"08/30/2005","7.9850","7.9850","7.9850","7.9850","","0.06%"
"08/29/2005","7.9800","7.9800","7.9800","7.9800","","-0.06%"
"08/26/2005","7.9850","7.9850","7.9850","7.9850","","0.00%"
"08/25/2005","7.9850","7.9850","7.9850","7.9850","","-0.21%"
"08/24/2005","8.0020","8.0020","8.0020","8.0020","","-0.16%"
"08/23/2005","8.0150","8.0150","8.0150","8.0150","","-0.12%"
"08/22/2005","8.0250","8.0250","8.0250","8.0250","","-0.37%"
"08/19/2005","8.0550","8.0550","8.0550","8.0550","","0.06%"
"08/18/2005","8.0500","8.0500","8.0500","8.0500","","-0.12%"
"08/17/2005","8.0600","8.0600","8.0600","8.0600","","-0.31%"
"08/16/2005","8.0850","8.0850","8.0850","8.0850","","-0.25%"
"08/15/2005","8.1050","8.1050","8.1050","8.1050","","0.00%"
"08/12/2005","8.1050","8.1050","8.1050","8.1050","","-0.18%"
"08/11/2005","8.1200","8.1200","8.1200","8.1200","","-0.25%"
"08/10/2005","8.1400","8.1400","8.1400","8.1400","","-0.12%"
"08/09/2005","8.1500","8.1500","8.1500","8.1500","","-0.06%"
"08/08/2005","8.1550","8.1550","8.1550","8.1550","","-0.06%"
"08/05/2005","8.1600","8.1600","8.1600","8.1600","","-0.12%"
"08/04/2005","8.1700","8.1700","8.1700","8.1700","","-0.37%"
"08/03/2005","8.2000","8.2000","8.2000","8.2000","","-0.24%"
"08/02/2005","8.2200","8.2200","8.2200","8.2200","","0.00%"
"08/01/2005","8.2200","8.2200","8.2200","8.2200","","-0.24%"
"07/29/2005","8.2400","8.2400","8.2400","8.2400","","0.00%"
"07/28/2005","8.2400","8.2400","8.2400","8.2400","","0.00%"
"07/27/2005","8.2400","8.2400","8.2400","8.2400","","0.00%"
"07/26/2005","8.2400","8.2400","8.2400","8.2400","","0.00%"
"07/25/2005","8.2400","8.2400","8.2400","8.2400","","-0.36%"
"07/22/2005","8.2700","8.2700","8.2700","8.2700","","-0.06%"
"07/21/2005","8.2750","8.2750","8.2750","8.2750","","-0.18%"
"07/20/2005","8.2900","8.2900","8.2900","8.2900","","-0.18%"
"07/19/2005","8.3050","8.3050","8.3050","8.3050","","-0.18%"
"07/18/2005","8.3200","8.3200","8.3200","8.3200","","-0.14%"
"07/15/2005","8.3320","8.3320","8.3320","8.3320","","-0.39%"
"07/14/2005","8.3650","8.3650","8.3650","8.3650","","-0.30%"
"07/13/2005","8.3900","8.3900","8.3900","8.3900","","-0.14%"
"07/12/2005","8.4020","8.4020","8.4020","8.4020","","-0.24%"
"07/11/2005","8.4220","8.4220","8.4220","8.4220","","-0.27%"
"07/08/2005","8.4450","8.4450","8.4450","8.4450","","0.00%"
"07/07/2005","8.4450","8.4450","8.4450","8.4450","","0.04%"
"07/06/2005","8.4420","8.4420","8.4420","8.4420","","0.00%"
"07/05/2005","8.4420","8.4420","8.4420","8.4420","","-0.21%"
"07/04/2005","8.4600","8.4600","8.4600","8.4600","","-0.06%"
"07/01/2005","8.4650","8.4650","8.4650","8.4650","","-0.12%"
"06/30/2005","8.4750","8.4750","8.4750","8.4750","","-0.06%"
"06/29/2005","8.4800","8.4800","8.4800","8.4800","","-0.18%"
"06/28/2005","8.4950","8.4950","8.4950","8.4950","","-0.12%"
"06/27/2005","8.5050","8.5050","8.5050","8.5050","","-0.06%"
"06/24/2005","8.5100","8.5100","8.5100","8.5100","","-0.07%"
"06/23/2005","8.5160","8.5160","8.5160","8.5160","","0.00%"
"06/22/2005","8.5160","8.5160","8.5160","8.5160","","-0.01%"
"06/21/2005","8.5170","8.5170","8.5170","8.5170","","0.14%"
"06/20/2005","8.5050","8.5050","8.5050","8.5050","","-0.29%"
"06/17/2005","8.5300","8.5300","8.5300","8.5300","","-0.14%"
"06/16/2005","8.5420","8.5420","8.5420","8.5420","","-0.07%"
"06/15/2005","8.5480","8.5480","8.5480","8.5480","","-0.14%"
"06/14/2005","8.5600","8.5600","8.5600","8.5600","","-0.09%"
"06/13/2005","8.5680","8.5680","8.5680","8.5680","","-0.08%"
"06/10/2005","8.5750","8.5750","8.5750","8.5750","","-0.23%"
"06/09/2005","8.5950","8.5950","8.5950","8.5950","","-0.23%"
"06/08/2005","8.6150","8.6150","8.6150","8.6150","","0.06%"
"06/07/2005","8.6100","8.6100","8.6100","8.6100","","-0.17%"
"06/06/2005","8.6250","8.6250","8.6250","8.6250","","-0.06%"
"06/03/2005","8.6300","8.6300","8.6300","8.6300","","-0.17%"
"06/02/2005","8.6450","8.6450","8.6450","8.6450","","-0.06%"
"06/01/2005","8.6500","8.6500","8.6500","8.6500","","-0.12%"
"05/31/2005","8.6600","8.6600","8.6600","8.6600","","-0.12%"
"05/30/2005","8.6700","8.6700","8.6700","8.6700","","0.00%"
"05/27/2005","8.6700","8.6700","8.6700","8.6700","","-0.23%"
"05/26/2005","8.6900","8.6900","8.6900","8.6900","","-0.17%"
"05/25/2005","8.7050","8.7050","8.7050","8.7050","","-0.08%"
"05/24/2005","8.7120","8.7120","8.7120","8.7120","","-0.09%"
"05/23/2005","8.7200","8.7200","8.7200","8.7200","","-0.25%"
"05/20/2005","8.7420","8.7420","8.7420","8.7420","","-0.09%"
"05/19/2005","8.7500","8.7500","8.7500","8.7500","","-0.11%"
"05/18/2005","8.7600","8.7600","8.7600","8.7600","","-0.11%"
"05/17/2005","8.7700","8.7700","8.7700","8.7700","","-0.11%"
"05/16/2005","8.7800","8.7800","8.7800","8.7800","","0.00%"
"05/13/2005","8.7800","8.7800","8.7800","8.7800","","0.00%"
"05/12/2005","8.7800","8.7800","8.7800","8.7800","","-0.06%"
"05/11/2005","8.7850","8.7850","8.7850","8.7850","","-0.03%"
"05/10/2005","8.7880","8.7880","8.7880","8.7880","","-0.25%"
"05/09/2005","8.8100","8.8100","8.8100","8.8100","","-0.12%"
"05/06/2005","8.8210","8.8210","8.8210","8.8210","","-0.11%"
"05/05/2005","8.8310","8.8310","8.8310","8.8310","","-0.06%"
"05/04/2005","8.8360","8.8360","8.8360","8.8360","","-0.05%"
"05/03/2005","8.8400","8.8400","8.8400","8.8400","","-0.05%"
"05/02/2005","8.8440","8.8440","8.8440","8.8440","","-0.01%"
"04/29/2005","8.8450","8.8450","8.8450","8.8450","","-0.06%"
"04/28/2005","8.8500","8.8500","8.8500","8.8500","","-0.12%"
"04/27/2005","8.8610","8.8610","8.8610","8.8610","","-0.10%"
"04/26/2005","8.8700","8.8700","8.8700","8.8700","","-0.06%"
"04/25/2005","8.8750","8.8750","8.8750","8.8750","","-0.08%"
"04/22/2005","8.8820","8.8820","8.8820","8.8820","","0.02%"
"04/21/2005","8.8800","8.8800","8.8800","8.8800","","-0.02%"
"04/20/2005","8.8820","8.8820","8.8820","8.8820","","-0.09%"
"04/19/2005","8.8900","8.8900","8.8900","8.8900","","-1.28%"
"04/18/2005","9.0050","9.0050","9.0050","9.0050","","-0.11%"
"04/15/2005","9.0150","9.0150","9.0150","9.0150","","-0.06%"
"04/14/2005","9.0200","9.0200","9.0200","9.0200","","-0.13%"
"04/13/2005","9.0320","9.0320","9.0320","9.0320","","0.04%"
"04/12/2005","9.0280","9.0280","9.0280","9.0280","","-0.02%"
"04/11/2005","9.0300","9.0300","9.0300","9.0300","","-0.01%"
"04/08/2005","9.0310","9.0310","9.0310","9.0310","","-0.06%"
"04/07/2005","9.0360","9.0360","9.0360","9.0360","","0.01%"
"04/06/2005","9.0350","9.0350","9.0350","9.0350","","-0.01%"
"04/05/2005","9.0360","9.0360","9.0360","9.0360","","-0.01%"
"04/04/2005","9.0370","9.0370","9.0370","9.0370","","0.01%"
"04/01/2005","9.0360","9.0360","9.0360","9.0360","","0.04%"
"03/31/2005","9.0320","9.0320","9.0320","9.0320","","0.00%"
"03/30/2005","9.0320","9.0320","9.0320","9.0320","","0.02%"
"03/29/2005","9.0300","9.0300","9.0300","9.0300","","-0.02%"
"03/28/2005","9.0320","9.0320","9.0320","9.0320","","0.02%"
"03/25/2005","9.0300","9.0300","9.0300","9.0300","","0.00%"
"03/24/2005","9.0300","9.0300","9.0300","9.0300","","-0.02%"
"03/23/2005","9.0320","9.0320","9.0320","9.0320","","0.02%"
"03/22/2005","9.0300","9.0300","9.0300","9.0300","","0.00%"
"03/21/2005","9.0300","9.0300","9.0300","9.0300","","-0.02%"
"03/18/2005","9.0320","9.0320","9.0320","9.0320","","0.02%"
"03/17/2005","9.0300","9.0300","9.0300","9.0300","","0.00%"
"03/16/2005","9.0300","9.0300","9.0300","9.0300","","0.00%"
"03/15/2005","9.0300","9.0300","9.0300","9.0300","","0.00%"
"03/14/2005","9.0300","9.0300","9.0300","9.0300","","0.00%"
"03/11/2005","9.0300","9.0300","9.0300","9.0300","","0.00%"
"03/10/2005","9.0300","9.0300","9.0300","9.0300","","0.00%"
"03/09/2005","9.0300","9.0300","9.0300","9.0300","","0.00%"
"03/08/2005","9.0300","9.0300","9.0300","9.0300","","0.00%"
"03/07/2005","9.0300","9.0300","9.0300","9.0300","","0.00%"
"03/04/2005","9.0300","9.0300","9.0300","9.0300","","0.02%"
"03/03/2005","9.0280","9.0280","9.0280","9.0280","","0.02%"
"03/02/2005","9.0260","9.0260","9.0260","9.0260","","-0.06%"
"03/01/2005","9.0310","9.0310","9.0310","9.0310","","-0.06%"
"02/28/2005","9.0360","9.0360","9.0360","9.0360","","-0.04%"
"02/25/2005","9.0400","9.0400","9.0400","9.0400","","0.00%"
"02/24/2005","9.0400","9.0400","9.0400","9.0400","","-0.02%"
"02/23/2005","9.0420","9.0420","9.0420","9.0420","","0.02%"
"02/22/2005","9.0400","9.0400","9.0400","9.0400","","-0.02%"
"02/21/2005","9.0420","9.0420","9.0420","9.0420","","0.02%"
"02/18/2005","9.0400","9.0400","9.0400","9.0400","","-0.02%"
"02/17/2005","9.0420","9.0420","9.0420","9.0420","","0.00%"
"02/16/2005","9.0420","9.0420","9.0420","9.0420","","0.02%"
"02/15/2005","9.0400","9.0400","9.0400","9.0400","","-0.01%"
"02/14/2005","9.0410","9.0410","9.0410","9.0410","","-0.01%"
"02/11/2005","9.0420","9.0420","9.0420","9.0420","","0.02%"
"02/10/2005","9.0400","9.0400","9.0400","9.0400","","-0.02%"
"02/09/2005","9.0420","9.0420","9.0420","9.0420","","0.02%"
"02/08/2005","9.0400","9.0400","9.0400","9.0400","","-0.02%"
"02/07/2005","9.0420","9.0420","9.0420","9.0420","","0.00%"
"02/04/2005","9.0420","9.0420","9.0420","9.0420","","0.02%"
"02/03/2005","9.0400","9.0400","9.0400","9.0400","","0.02%"
"02/02/2005","9.0380","9.0380","9.0380","9.0380","","-0.02%"
"02/01/2005","9.0400","9.0400","9.0400","9.0400","","0.00%"
"01/31/2005","9.0400","9.0400","9.0400","9.0400","","0.00%"
"01/28/2005","9.0400","9.0400","9.0400","9.0400","","0.00%"
"01/27/2005","9.0400","9.0400","9.0400","9.0400","","-0.03%"
"01/26/2005","9.0430","9.0430","9.0430","9.0430","","0.01%"
"01/25/2005","9.0420","9.0420","9.0420","9.0420","","0.03%"
"01/24/2005","9.0390","9.0390","9.0390","9.0390","","-0.02%"
"01/21/2005","9.0410","9.0410","9.0410","9.0410","","-0.01%"
"01/20/2005","9.0420","9.0420","9.0420","9.0420","","0.01%"
"01/19/2005","9.0410","9.0410","9.0410","9.0410","","0.01%"
"01/18/2005","9.0400","9.0400","9.0400","9.0400","","0.00%"
"01/17/2005","9.0400","9.0400","9.0400","9.0400","","-0.01%"
"01/14/2005","9.0410","9.0410","9.0410","9.0410","","0.00%"
"01/13/2005","9.0410","9.0410","9.0410","9.0410","","-0.04%"
"01/12/2005","9.0450","9.0450","9.0450","9.0450","","0.03%"
"01/11/2005","9.0420","9.0420","9.0420","9.0420","","-0.02%"
"01/10/2005","9.0440","9.0440","9.0440","9.0440","","0.01%"
"01/07/2005","9.0430","9.0430","9.0430","9.0430","","-0.01%"
"01/06/2005","9.0440","9.0440","9.0440","9.0440","","-0.01%"
"01/05/2005","9.0450","9.0450","9.0450","9.0450","","0.01%"
"01/04/2005","9.0440","9.0440","9.0440","9.0440","","0.02%"
"01/03/2005","9.0420","9.0420","9.0420","9.0420","","0.02%"
"12/31/2004","9.0400","9.0400","9.0400","9.0400","","-0.06%"
"12/30/2004","9.0450","9.0450","9.0450","9.0450","","-0.01%"
"12/29/2004","9.0460","9.0460","9.0460","9.0460","","0.02%"
"12/28/2004","9.0440","9.0440","9.0440","9.0440","","0.00%"
"12/27/2004","9.0440","9.0440","9.0440","9.0440","","0.00%"
"12/24/2004","9.0440","9.0440","9.0440","9.0440","","-0.01%"
"12/23/2004","9.0450","9.0450","9.0450","9.0450","","0.03%"
"12/22/2004","9.0420","9.0420","9.0420","9.0420","","-0.01%"
"12/21/2004","9.0430","9.0430","9.0430","9.0430","","-0.02%"
"12/20/2004","9.0450","9.0450","9.0450","9.0450","","-0.08%"
"12/17/2004","9.0520","9.0520","9.0520","9.0520","","-0.02%"
"12/16/2004","9.0540","9.0540","9.0540","9.0540","","-0.01%"
"12/15/2004","9.0550","9.0550","9.0550","9.0550","","0.06%"
"12/14/2004","9.0500","9.0500","9.0500","9.0500","","0.03%"
"12/13/2004","9.0470","9.0470","9.0470","9.0470","","-0.03%"
"12/10/2004","9.0500","9.0500","9.0500","9.0500","","-0.03%"
"12/09/2004","9.0530","9.0530","9.0530","9.0530","","-0.06%"
"12/08/2004","9.0580","9.0580","9.0580","9.0580","","0.02%"
"12/07/2004","9.0560","9.0560","9.0560","9.0560","","0.06%"
"12/06/2004","9.0510","9.0510","9.0510","9.0510","","0.00%"
"12/03/2004","9.0510","9.0510","9.0510","9.0510","","0.07%"
"12/02/2004","9.0450","9.0450","9.0450","9.0450","","0.08%"
"12/01/2004","9.0380","9.0380","9.0380","9.0380","","0.07%"
"11/30/2004","9.0320","9.0320","9.0320","9.0320","","0.09%"
"11/29/2004","9.0240","9.0240","9.0240","9.0240","","0.04%"
"11/26/2004","9.0200","9.0200","9.0200","9.0200","","0.00%"
"11/25/2004","9.0200","9.0200","9.0200","9.0200","","0.00%"
"11/24/2004","9.0200","9.0200","9.0200","9.0200","","0.06%"
"11/23/2004","9.0150","9.0150","9.0150","9.0150","","0.06%"
"11/22/2004","9.0100","9.0100","9.0100","9.0100","","0.11%"
"11/19/2004","9.0000","9.0000","9.0000","9.0000","","-0.04%"
"11/18/2004","9.0040","9.0040","9.0040","9.0040","","-0.03%"
"11/17/2004","9.0070","9.0070","9.0070","9.0070","","0.08%"
"11/16/2004","9.0000","9.0000","9.0000","9.0000","","-0.02%"
"11/15/2004","9.0020","9.0020","9.0020","9.0020","","0.02%"
"11/12/2004","9.0000","9.0000","9.0000","9.0000","","0.00%"
"11/11/2004","9.0000","9.0000","9.0000","9.0000","","0.00%"
"11/10/2004","9.0000","9.0000","9.0000","9.0000","","0.11%"
"11/09/2004","8.9900","8.9900","8.9900","8.9900","","0.06%"
"11/08/2004","8.9850","8.9850","8.9850","8.9850","","0.01%"
"11/05/2004","8.9840","8.9840","8.9840","8.9840","","0.02%"
"11/04/2004","8.9820","8.9820","8.9820","8.9820","","-0.01%"
"11/03/2004","8.9830","8.9830","8.9830","8.9830","","0.21%"
"11/02/2004","8.9640","8.9640","8.9640","8.9640","","0.04%"
"11/01/2004","8.9600","8.9600","8.9600","8.9600","","0.06%"
"10/29/2004","8.9550","8.9550","8.9550","8.9550","","-0.03%"
"10/28/2004","8.9580","8.9580","8.9580","8.9580","","-0.04%"
"10/27/2004","8.9620","8.9620","8.9620","8.9620","","0.02%"
"10/26/2004","8.9600","8.9600","8.9600","8.9600","","0.11%"
"10/25/2004","8.9500","8.9500","8.9500","8.9500","","0.11%"
"10/22/2004","8.9400","8.9400","8.9400","8.9400","","0.11%"
"10/21/2004","8.9300","8.9300","8.9300","8.9300","","-0.11%"
"10/20/2004","8.9400","8.9400","8.9400","8.9400","","0.09%"
"10/19/2004","8.9320","8.9320","8.9320","8.9320","","0.08%"
"10/18/2004","8.9250","8.9250","8.9250","8.9250","","0.00%"
"10/15/2004","8.9250","8.9250","8.9250","8.9250","","0.26%"
"10/14/2004","8.9020","8.9020","8.9020","8.9020","","-0.03%"
"10/13/2004","8.9050","8.9050","8.9050","8.9050","","0.00%"
"10/12/2004","8.9050","8.9050","8.9050","8.9050","","0.06%"
"10/11/2004","8.9000","8.9000","8.9000","8.9000","","-0.02%"
"10/08/2004","8.9020","8.9020","8.9020","8.9020","","0.08%"
"10/07/2004","8.8950","8.8950","8.8950","8.8950","","0.00%"
"10/06/2004","8.8950","8.8950","8.8950","8.8950","","0.07%"
"10/05/2004","8.8890","8.8890","8.8890","8.8890","","0.05%"
"10/04/2004","8.8850","8.8850","8.8850","8.8850","","0.17%"
"10/01/2004","8.8700","8.8700","8.8700","8.8700","","-0.06%"
"09/30/2004","8.8750","8.8750","8.8750","8.8750","","0.05%"
"09/29/2004","8.8710","8.8710","8.8710","8.8710","","0.02%"
"09/28/2004","8.8690","8.8690","8.8690","8.8690","","0.05%"
"09/27/2004","8.8650","8.8650","8.8650","8.8650","","0.06%"
"09/24/2004","8.8600","8.8600","8.8600","8.8600","","0.00%"
"09/23/2004","8.8600","8.8600","8.8600","8.8600","","0.02%"
"09/22/2004","8.8580","8.8580","8.8580","8.8580","","-0.02%"
"09/21/2004","8.8600","8.8600","8.8600","8.8600","","0.05%"
"09/20/2004","8.8560","8.8560","8.8560","8.8560","","0.07%"
"09/17/2004","8.8500","8.8500","8.8500","8.8500","","-0.05%"
"09/16/2004","8.8540","8.8540","8.8540","8.8540","","0.05%"
"09/15/2004","8.8500","8.8500","8.8500","8.8500","","0.00%"
"09/14/2004","8.8500","8.8500","8.8500","8.8500","","0.00%"
"09/13/2004","8.8500","8.8500","8.8500","8.8500","","0.06%"
"09/10/2004","8.8450","8.8450","8.8450","8.8450","","0.06%"
"09/09/2004","8.8400","8.8400","8.8400","8.8400","","0.11%"
"09/08/2004","8.8300","8.8300","8.8300","8.8300","","0.02%"
"09/07/2004","8.8280","8.8280","8.8280","8.8280","","0.02%"
"09/06/2004","8.8260","8.8260","8.8260","8.8260","","0.00%"
"09/03/2004","8.8260","8.8260","8.8260","8.8260","","0.03%"
"09/02/2004","8.8230","8.8230","8.8230","8.8230","","0.03%"
"09/01/2004","8.8200","8.8200","8.8200","8.8200","","0.00%"
"08/31/2004","8.8200","8.8200","8.8200","8.8200","","0.02%"
"08/30/2004","8.8180","8.8180","8.8180","8.8180","","0.03%"
"08/27/2004","8.8150","8.8150","8.8150","8.8150","","0.03%"
"08/26/2004","8.8120","8.8120","8.8120","8.8120","","0.00%"
"08/25/2004","8.8120","8.8120","8.8120","8.8120","","0.02%"
"08/24/2004","8.8100","8.8100","8.8100","8.8100","","0.06%"
"08/23/2004","8.8050","8.8050","8.8050","8.8050","","0.03%"
"08/20/2004","8.8020","8.8020","8.8020","8.8020","","0.00%"
"08/19/2004","8.8020","8.8020","8.8020","8.8020","","0.02%"
"08/18/2004","8.8000","8.8000","8.8000","8.8000","","-0.02%"
"08/17/2004","8.8020","8.8020","8.8020","8.8020","","0.14%"
"08/16/2004","8.7900","8.7900","8.7900","8.7900","","0.06%"
"08/13/2004","8.7850","8.7850","8.7850","8.7850","","0.06%"
"08/12/2004","8.7800","8.7800","8.7800","8.7800","","0.17%"
"08/11/2004","8.7650","8.7650","8.7650","8.7650","","0.06%"
"08/10/2004","8.7600","8.7600","8.7600","8.7600","","-0.02%"
"08/09/2004","8.7620","8.7620","8.7620","8.7620","","0.11%"
"08/06/2004","8.7520","8.7520","8.7520","8.7520","","0.00%"
"08/05/2004","8.7520","8.7520","8.7520","8.7520","","0.02%"
"08/04/2004","8.7500","8.7500","8.7500","8.7500","","0.00%"
"08/03/2004","8.7500","8.7500","8.7500","8.7500","","0.03%"
"08/02/2004","8.7470","8.7470","8.7470","8.7470","","0.14%"
"07/30/2004","8.7350","8.7350","8.7350","8.7350","","0.11%"
"07/29/2004","8.7250","8.7250","8.7250","8.7250","","0.29%"
"07/28/2004","8.7000","8.7000","8.7000","8.7000","","0.00%"
"07/27/2004","8.7000","8.7000","8.7000","8.7000","","-0.02%"
"07/26/2004","8.7020","8.7020","8.7020","8.7020","","0.00%"
"07/23/2004","8.7020","8.7020","8.7020","8.7020","","0.00%"
"07/22/2004","8.7020","8.7020","8.7020","8.7020","","0.02%"
"07/21/2004","8.7000","8.7000","8.7000","8.7000","","0.00%"
"07/20/2004","8.7000","8.7000","8.7000","8.7000","","0.00%"
"07/19/2004","8.7000","8.7000","8.7000","8.7000","","0.00%"
"07/16/2004","8.7000","8.7000","8.7000","8.7000","","0.00%"
"07/15/2004","8.7000","8.7000","8.7000","8.7000","","0.00%"
"07/14/2004","8.7000","8.7000","8.7000","8.7000","","0.00%"
"07/13/2004","8.7000","8.7000","8.7000","8.7000","","0.00%"
"07/12/2004","8.7000","8.7000","8.7000","8.7000","","0.00%"
"07/09/2004","8.7000","8.7000","8.7000","8.7000","","0.00%"
"07/08/2004","8.7000","8.7000","8.7000","8.7000","","0.00%"
"07/07/2004","8.7000","8.7000","8.7000","8.7000","","0.00%"
"07/06/2004","8.7000","8.7000","8.7000","8.7000","","0.00%"
"07/05/2004","8.7000","8.7000","8.7000","8.7000","","0.00%"
"07/02/2004","8.7000","8.7000","8.7000","8.7000","","0.00%"
"07/01/2004","8.7000","8.7000","8.7000","8.7000","","0.00%"
"06/30/2004","8.7000","8.7000","8.7000","8.7000","","0.00%"
"06/29/2004","8.7000","8.7000","8.7000","8.7000","","0.00%"
"06/28/2004","8.7000","8.7000","8.7000","8.7000","","0.00%"
"06/25/2004","8.7000","8.7000","8.7000","8.7000","","0.00%"
"06/24/2004","8.7000","8.7000","8.7000","8.7000","","0.00%"
"06/23/2004","8.7000","8.7000","8.7000","8.7000","","0.00%"
"06/22/2004","8.7000","8.7000","8.7000","8.7000","","0.00%"
"06/21/2004","8.7000","8.7000","8.7000","8.7000","","0.00%"
"06/18/2004","8.7000","8.7000","8.7000","8.7000","","0.00%"
"06/17/2004","8.7000","8.7000","8.7000","8.7000","","0.00%"
"06/16/2004","8.7000","8.7000","8.7000","8.7000","","0.00%"
"06/15/2004","8.7000","8.7000","8.7000","8.7000","","0.00%"
"06/14/2004","8.7000","8.7000","8.7000","8.7000","","0.00%"
"06/11/2004","8.7000","8.7000","8.7000","8.7000","","0.00%"
"06/10/2004","8.7000","8.7000","8.7000","8.7000","","0.00%"
"06/09/2004","8.7000","8.7000","8.7000","8.7000","","0.00%"
"06/08/2004","8.7000","8.7000","8.7000","8.7000","","0.00%"
"06/07/2004","8.7000","8.7000","8.7000","8.7000","","0.00%"
"06/04/2004","8.7000","8.7000","8.7000","8.7000","","0.00%"
"06/03/2004","8.7000","8.7000","8.7000","8.7000","","0.00%"
"06/02/2004","8.7000","8.7000","8.7000","8.7000","","0.00%"
"06/01/2004","8.7000","8.7000","8.7000","8.7000","","0.00%"
"05/31/2004","8.7000","8.7000","8.7000","8.7000","","0.00%"
"05/28/2004","8.7000","8.7000","8.7000","8.7000","","0.00%"
"05/27/2004","8.7000","8.7000","8.7000","8.7000","","0.00%"
"05/26/2004","8.7000","8.7000","8.7000","8.7000","","0.00%"
"05/25/2004","8.7000","8.7000","8.7000","8.7000","","0.00%"
"05/24/2004","8.7000","8.7000","8.7000","8.7000","","0.00%"
"05/21/2004","8.7000","8.7000","8.7000","8.7000","","0.00%"
"05/20/2004","8.7000","8.7000","8.7000","8.7000","","0.00%"
"05/19/2004","8.7000","8.7000","8.7000","8.7000","","0.00%"
"05/18/2004","8.7000","8.7000","8.7000","8.7000","","0.00%"
"05/17/2004","8.7000","8.7000","8.7000","8.7000","","0.00%"
"05/14/2004","8.7000","8.7000","8.7000","8.7000","","0.00%"
"05/13/2004","8.7000","8.7000","8.7000","8.7000","","0.00%"
"05/12/2004","8.7000","8.7000","8.7000","8.7000","","0.00%"
"05/11/2004","8.7000","8.7000","8.7000","8.7000","","0.00%"
"05/10/2004","8.7000","8.7000","8.7000","8.7000","","0.00%"
"05/07/2004","8.7000","8.7000","8.7000","8.7000","","0.00%"
"05/06/2004","8.7000","8.7000","8.7000","8.7000","","0.00%"
"05/05/2004","8.7000","8.7000","8.7000","8.7000","","0.00%"
"05/04/2004","8.7000","8.7000","8.7000","8.7000","","0.00%"
"05/03/2004","8.7000","8.7000","8.7000","8.7000","","0.00%"
"04/30/2004","8.7000","8.7000","8.7000","8.7000","","0.00%"
"04/29/2004","8.7000","8.7000","8.7000","8.7000","","0.00%"
"04/28/2004","8.7000","8.7000","8.7000","8.7000","","0.00%"
"04/27/2004","8.7000","8.7000","8.7000","8.7000","","0.00%"
"04/26/2004","8.7000","8.7000","8.7000","8.7000","","0.00%"
"04/23/2004","8.7000","8.7000","8.7000","8.7000","","0.00%"
"04/22/2004","8.7000","8.7000","8.7000","8.7000","","0.00%"
"04/21/2004","8.7000","8.7000","8.7000","8.7000","","0.00%"
"04/20/2004","8.7000","8.7000","8.7000","8.7000","","0.00%"
"04/19/2004","8.7000","8.7000","8.7000","8.7000","","0.00%"
"04/16/2004","8.7000","8.7000","8.7000","8.7000","","0.00%"
"04/15/2004","8.7000","8.7000","8.7000","8.7000","","0.00%"
"04/14/2004","8.7000","8.7000","8.7000","8.7000","","0.00%"
"04/13/2004","8.7000","8.7000","8.7000","8.7000","","0.00%"
"04/12/2004","8.7000","8.7000","8.7000","8.7000","","0.00%"
"04/09/2004","8.7000","8.7000","8.7000","8.7000","","0.00%"
"04/08/2004","8.7000","8.7000","8.7000","8.7000","","0.00%"
"04/07/2004","8.7000","8.7000","8.7000","8.7000","","0.00%"
"04/06/2004","8.7000","8.7000","8.7000","8.7000","","0.00%"
"04/05/2004","8.7000","8.7000","8.7000","8.7000","","0.00%"
"04/02/2004","8.7000","8.7000","8.7000","8.7000","","0.00%"
"04/01/2004","8.7000","8.7000","8.7000","8.7000","","0.00%"
"03/31/2004","8.7000","8.7000","8.7000","8.7000","","0.00%"
"03/30/2004","8.7000","8.7000","8.7000","8.7000","","0.00%"
"03/29/2004","8.7000","8.7000","8.7000","8.7000","","0.00%"
"03/26/2004","8.7000","8.7000","8.7000","8.7000","","0.00%"
"03/25/2004","8.7000","8.7000","8.7000","8.7000","","0.00%"
"03/24/2004","8.7000","8.7000","8.7000","8.7000","","0.00%"
"03/23/2004","8.7000","8.7000","8.7000","8.7000","","0.00%"
"03/22/2004","8.7000","8.7000","8.7000","8.7000","","0.00%"
"03/19/2004","8.7000","8.7000","8.7000","8.7000","","0.00%"
"03/18/2004","8.7000","8.7000","8.7000","8.7000","","0.00%"
"03/17/2004","8.7000","8.7000","8.7000","8.7000","","0.00%"
"03/16/2004","8.7000","8.7000","8.7000","8.7000","","0.00%"
"03/15/2004","8.7000","8.7000","8.7000","8.7000","","0.00%"
"03/12/2004","8.7000","8.7000","8.7000","8.7000","","0.00%"
"03/11/2004","8.7000","8.7000","8.7000","8.7000","","0.00%"
"03/10/2004","8.7000","8.7000","8.7000","8.7000","","0.00%"
"03/09/2004","8.7000","8.7000","8.7000","8.7000","","0.00%"
"03/08/2004","8.7000","8.7000","8.7000","8.7000","","0.00%"
"03/05/2004","8.7000","8.7000","8.7000","8.7000","","0.00%"
"03/04/2004","8.7000","8.7000","8.7000","8.7000","","0.00%"
"03/03/2004","8.7000","8.7000","8.7000","8.7000","","0.00%"
"03/02/2004","8.7000","8.7000","8.7000","8.7000","","0.00%"
"03/01/2004","8.7000","8.7000","8.7000","8.7000","","0.00%"
"02/27/2004","8.7000","8.7000","8.7000","8.7000","","0.00%"
"02/26/2004","8.7000","8.7000","8.7000","8.7000","","0.00%"
"02/25/2004","8.7000","8.7000","8.7000","8.7000","","0.00%"
"02/24/2004","8.7000","8.7000","8.7000","8.7000","","0.00%"
"02/23/2004","8.7000","8.7000","8.7000","8.7000","","0.00%"
"02/20/2004","8.7000","8.7000","8.7000","8.7000","","0.00%"
"02/19/2004","8.7000","8.7000","8.7000","8.7000","","0.00%"
"02/18/2004","8.7000","8.7000","8.7000","8.7000","","0.00%"
"02/17/2004","8.7000","8.7000","8.7000","8.7000","","0.00%"
"02/16/2004","8.7000","8.7000","8.7000","8.7000","","0.00%"
"02/13/2004","8.7000","8.7000","8.7000","8.7000","","0.00%"
"02/12/2004","8.7000","8.7000","8.7000","8.7000","","0.00%"
"02/11/2004","8.7000","8.7000","8.7000","8.7000","","0.00%"
"02/10/2004","8.7000","8.7000","8.7000","8.7000","","0.00%"
"02/09/2004","8.7000","8.7000","8.7000","8.7000","","0.00%"
"02/06/2004","8.7000","8.7000","8.7000","8.7000","","0.00%"
"02/05/2004","8.7000","8.7000","8.7000","8.7000","","0.00%"
"02/04/2004","8.7000","8.7000","8.7000","8.7000","","0.00%"
"02/03/2004","8.7000","8.7000","8.7000","8.7000","","0.00%"
"02/02/2004","8.7000","8.7000","8.7000","8.7000","","0.00%"
"01/30/2004","8.7000","8.7000","8.7000","8.7000","","0.00%"
"01/29/2004","8.7000","8.7000","8.7000","8.7000","","0.00%"
"01/28/2004","8.7000","8.7000","8.7000","8.7000","","0.00%"
"01/27/2004","8.7000","8.7000","8.7000","8.7000","","0.00%"
"01/26/2004","8.7000","8.7000","8.7000","8.7000","","0.00%"
"01/23/2004","8.7000","8.7000","8.7000","8.7000","","0.00%"
"01/22/2004","8.7000","8.7000","8.7000","8.7000","","0.00%"
"01/21/2004","8.7000","8.7000","8.7000","8.7000","","0.00%"
"01/20/2004","8.7000","8.7000","8.7000","8.7000","","0.00%"
"01/19/2004","8.7000","8.7000","8.7000","8.7000","","0.00%"
"01/16/2004","8.7000","8.7000","8.7000","8.7000","","0.00%"
"01/15/2004","8.7000","8.7000","8.7000","8.7000","","0.00%"
"01/14/2004","8.7000","8.7000","8.7000","8.7000","","0.00%"
"01/13/2004","8.7000","8.7000","8.7000","8.7000","","0.00%"
"01/12/2004","8.7000","8.7000","8.7000","8.7000","","0.00%"
"01/09/2004","8.7000","8.7000","8.7000","8.7000","","0.00%"
"01/08/2004","8.7000","8.7000","8.7000","8.7000","","0.00%"
"01/07/2004","8.7000","8.7000","8.7000","8.7000","","0.00%"
"01/06/2004","8.7000","8.7000","8.7000","8.7000","","0.00%"
"01/05/2004","8.7000","8.7000","8.7000","8.7000","","0.00%"
"01/02/2004","8.7000","8.7000","8.7000","8.7000","","0.00%"
"12/31/2003","8.7000","8.7000","8.7000","8.7000","","0.00%"
"12/30/2003","8.7000","8.7000","8.7000","8.7000","","0.00%"
"12/29/2003","8.7000","8.7000","8.7000","8.7000","","0.00%"
"12/26/2003","8.7000","8.7000","8.7000","8.7000","","0.00%"
"12/25/2003","8.7000","8.7000","8.7000","8.7000","","0.00%"
"12/24/2003","8.7000","8.7000","8.7000","8.7000","","0.00%"
"12/23/2003","8.7000","8.7000","8.7000","8.7000","","0.00%"
"12/22/2003","8.7000","8.7000","8.7000","8.7000","","0.00%"
"12/19/2003","8.7000","8.7000","8.7000","8.7000","","0.00%"
"12/18/2003","8.7000","8.7000","8.7000","8.7000","","0.00%"
"12/17/2003","8.7000","8.7000","8.7000","8.7000","","0.00%"
"12/16/2003","8.7000","8.7000","8.7000","8.7000","","0.00%"
"12/15/2003","8.7000","8.7000","8.7000","8.7000","","0.00%"
"12/12/2003","8.7000","8.7000","8.7000","8.7000","","0.00%"
"12/11/2003","8.7000","8.7000","8.7000","8.7000","","0.00%"
"12/10/2003","8.7000","8.7000","8.7000","8.7000","","0.00%"
"12/09/2003","8.7000","8.7000","8.7000","8.7000","","0.00%"
"12/08/2003","8.7000","8.7000","8.7000","8.7000","","0.00%"
"12/05/2003","8.7000","8.7000","8.7000","8.7000","","0.00%"
"12/04/2003","8.7000","8.7000","8.7000","8.7000","","0.00%"
"12/03/2003","8.7000","8.7000","8.7000","8.7000","","0.00%"
"12/02/2003","8.7000","8.7000","8.7000","8.7000","","0.00%"
"12/01/2003","8.7000","8.7000","8.7000","8.7000","","0.00%"
"11/28/2003","8.7000","8.7000","8.7000","8.7000","","0.00%"
"11/27/2003","8.7000","8.7000","8.7000","8.7000","","0.00%"
"11/26/2003","8.7000","8.7000","8.7000","8.7000","","0.00%"
"11/25/2003","8.7000","8.7000","8.7000","8.7000","","0.00%"
"11/24/2003","8.7000","8.7000","8.7000","8.7000","","0.00%"
"11/21/2003","8.7000","8.7000","8.7000","8.7000","","0.00%"
"11/20/2003","8.7000","8.7000","8.7000","8.7000","","0.00%"
"11/19/2003","8.7000","8.7000","8.7000","8.7000","","0.00%"
"11/18/2003","8.7000","8.7000","8.7000","8.7000","","0.00%"
"11/17/2003","8.7000","8.7000","8.7000","8.7000","","0.00%"
"11/14/2003","8.7000","8.7000","8.7000","8.7000","","0.00%"
"11/13/2003","8.7000","8.7000","8.7000","8.7000","","0.00%"
"11/12/2003","8.7000","8.7000","8.7000","8.7000","","0.00%"
"11/11/2003","8.7000","8.7000","8.7000","8.7000","","0.00%"
"11/10/2003","8.7000","8.7000","8.7000","8.7000","","0.00%"
"11/07/2003","8.7000","8.7000","8.7000","8.7000","","0.00%"
"11/06/2003","8.7000","8.7000","8.7000","8.7000","","0.00%"
"11/05/2003","8.7000","8.7000","8.7000","8.7000","","0.00%"
"11/04/2003","8.7000","8.7000","8.7000","8.7000","","0.00%"
"11/03/2003","8.7000","8.7000","8.7000","8.7000","","0.00%"
"10/31/2003","8.7000","8.7000","8.7000","8.7000","","0.00%"
"10/30/2003","8.7000","8.7000","8.7000","8.7000","","0.00%"
"10/29/2003","8.7000","8.7000","8.7000","8.7000","","0.00%"
"10/28/2003","8.7000","8.7000","8.7000","8.7000","","0.00%"
"10/27/2003","8.7000","8.7000","8.7000","8.7000","","0.00%"
"10/24/2003","8.7000","8.7000","8.7000","8.7000","","0.00%"
"10/23/2003","8.7000","8.7000","8.7000","8.7000","","0.00%"
"10/22/2003","8.7000","8.7000","8.7000","8.7000","","0.00%"
"10/21/2003","8.7000","8.7000","8.7000","8.7000","","0.00%"
"10/20/2003","8.7000","8.7000","8.7000","8.7000","","0.00%"
"10/17/2003","8.7000","8.7000","8.7000","8.7000","","0.00%"
"10/16/2003","8.7000","8.7000","8.7000","8.7000","","0.00%"
"10/15/2003","8.7000","8.7000","8.7000","8.7000","","0.00%"
"10/14/2003","8.7000","8.7000","8.7000","8.7000","","0.00%"
"10/13/2003","8.7000","8.7000","8.7000","8.7000","","0.00%"
"10/10/2003","8.7000","8.7000","8.7000","8.7000","","0.00%"
"10/09/2003","8.7000","8.7000","8.7000","8.7000","","0.00%"
"10/08/2003","8.7000","8.7000","8.7000","8.7000","","0.00%"
"10/07/2003","8.7000","8.7000","8.7000","8.7000","","0.00%"
"10/06/2003","8.7000","8.7000","8.7000","8.7000","","0.00%"
"10/03/2003","8.7000","8.7000","8.7000","8.7000","","0.00%"
"10/02/2003","8.7000","8.7000","8.7000","8.7000","","0.00%"
"10/01/2003","8.7000","8.7000","8.7000","8.7000","","0.00%"
"09/30/2003","8.7000","8.7000","8.7000","8.7000","","0.00%"
"09/29/2003","8.7000","8.7000","8.7000","8.7000","","0.00%"
"09/26/2003","8.7000","8.7000","8.7000","8.7000","","0.00%"
"09/25/2003","8.7000","8.7000","8.7000","8.7000","","0.00%"
"09/24/2003","8.7000","8.7000","8.7000","8.7000","","0.00%"
"09/23/2003","8.7000","8.7000","8.7000","8.7000","","0.00%"
"09/22/2003","8.7000","8.7000","8.7000","8.7000","","0.00%"
"09/19/2003","8.7000","8.7000","8.7000","8.7000","","0.00%"
"09/18/2003","8.7000","8.7000","8.7000","8.7000","","0.00%"
"09/17/2003","8.7000","8.7000","8.7000","8.7000","","0.00%"
"09/16/2003","8.7000","8.7000","8.7000","8.7000","","0.00%"
"09/15/2003","8.7000","8.7000","8.7000","8.7000","","0.00%"
"09/12/2003","8.7000","8.7000","8.7000","8.7000","","0.00%"
"09/11/2003","8.7000","8.7000","8.7000","8.7000","","0.00%"
"09/10/2003","8.7000","8.7000","8.7000","8.7000","","0.00%"
"09/09/2003","8.7000","8.7000","8.7000","8.7000","","0.00%"
"09/08/2003","8.7000","8.7000","8.7000","8.7000","","0.00%"
"09/05/2003","8.7000","8.7000","8.7000","8.7000","","0.00%"
"09/04/2003","8.7000","8.7000","8.7000","8.7000","","0.00%"
"09/03/2003","8.7000","8.7000","8.7000","8.7000","","0.00%"
"09/02/2003","8.7000","8.7000","8.7000","8.7000","","0.00%"
"09/01/2003","8.7000","8.7000","8.7000","8.7000","","0.00%"
"08/29/2003","8.7000","8.7000","8.7000","8.7000","","0.00%"
"08/28/2003","8.7000","8.7000","8.7000","8.7000","","0.00%"
"08/27/2003","8.7000","8.7000","8.7000","8.7000","","0.00%"
"08/26/2003","8.7000","8.7000","8.7000","8.7000","","0.00%"
"08/25/2003","8.7000","8.7000","8.7000","8.7000","","0.00%"
"08/22/2003","8.7000","8.7000","8.7000","8.7000","","0.00%"
"08/21/2003","8.7000","8.7000","8.7000","8.7000","","0.00%"
"08/20/2003","8.7000","8.7000","8.7000","8.7000","","0.00%"
"08/19/2003","8.7000","8.7000","8.7000","8.7000","","0.00%"
"08/18/2003","8.7000","8.7000","8.7000","8.7000","","0.00%"
"08/15/2003","8.7000","8.7000","8.7000","8.7000","","0.00%"
"08/14/2003","8.7000","8.7000","8.7000","8.7000","","0.00%"
"08/13/2003","8.7000","8.7000","8.7000","8.7000","","0.00%"
"08/12/2003","8.7000","8.7000","8.7000","8.7000","","0.00%"
"08/11/2003","8.7000","8.7000","8.7000","8.7000","","0.00%"
"08/08/2003","8.7000","8.7000","8.7000","8.7000","","0.00%"
"08/07/2003","8.7000","8.7000","8.7000","8.7000","","0.00%"
"08/06/2003","8.7000","8.7000","8.7000","8.7000","","0.00%"
"08/05/2003","8.7000","8.7000","8.7000","8.7000","","0.00%"
"08/04/2003","8.7000","8.7000","8.7000","8.7000","","0.00%"
"08/01/2003","8.7000","8.7000","8.7000","8.7000","","0.00%"
"07/31/2003","8.7000","8.7000","8.7000","8.7000","","0.00%"
"07/30/2003","8.7000","8.7000","8.7000","8.7000","","0.00%"
"07/29/2003","8.7000","8.7000","8.7000","8.7000","","0.00%"
"07/28/2003","8.7000","8.7000","8.7000","8.7000","","0.00%"
"07/25/2003","8.7000","8.7000","8.7000","8.7000","","0.00%"
"07/24/2003","8.7000","8.7000","8.7000","8.7000","","0.00%"
"07/23/2003","8.7000","8.7000","8.7000","8.7000","","0.00%"
"07/22/2003","8.7000","8.7000","8.7000","8.7000","","0.00%"
"07/21/2003","8.7000","8.7000","8.7000","8.7000","","0.00%"
"07/18/2003","8.7000","8.7000","8.7000","8.7000","","0.00%"
"07/17/2003","8.7000","8.7000","8.7000","8.7000","","0.00%"
"07/16/2003","8.7000","8.7000","8.7000","8.7000","","0.00%"
"07/15/2003","8.7000","8.7000","8.7000","8.7000","","0.00%"
"07/14/2003","8.7000","8.7000","8.7000","8.7000","","0.00%"
"07/11/2003","8.7000","8.7000","8.7000","8.7000","","0.00%"
"07/10/2003","8.7000","8.7000","8.7000","8.7000","","0.00%"
"07/09/2003","8.7000","8.7000","8.7000","8.7000","","0.00%"
"07/08/2003","8.7000","8.7000","8.7000","8.7000","","0.00%"
"07/07/2003","8.7000","8.7000","8.7000","8.7000","","0.00%"
"07/04/2003","8.7000","8.7000","8.7000","8.7000","","0.00%"
"07/03/2003","8.7000","8.7000","8.7000","8.7000","","0.00%"
"07/02/2003","8.7000","8.7000","8.7000","8.7000","","0.00%"
"07/01/2003","8.7000","8.7000","8.7000","8.7000","","0.00%"
"06/30/2003","8.7000","8.7000","8.7000","8.7000","","0.00%"
"06/27/2003","8.7000","8.7000","8.7000","8.7000","","0.00%"
"06/26/2003","8.7000","8.7000","8.7000","8.7000","","0.00%"
"06/25/2003","8.7000","8.7000","8.7000","8.7000","","0.00%"
"06/24/2003","8.7000","8.7000","8.7000","8.7000","","0.00%"
"06/23/2003","8.7000","8.7000","8.7000","8.7000","","0.00%"
"06/20/2003","8.7000","8.7000","8.7000","8.7000","","0.00%"
"06/19/2003","8.7000","8.7000","8.7000","8.7000","","0.00%"
"06/18/2003","8.7000","8.7000","8.7000","8.7000","","0.00%"
"06/17/2003","8.7000","8.7000","8.7000","8.7000","","-3.54%"
"06/16/2003","9.0197","9.0197","9.0197","9.0197","","0.00%"
"06/13/2003","9.0197","9.0197","9.0197","9.0197","","0.00%"
"06/12/2003","9.0197","9.0197","9.0197","9.0197","","0.00%"
"06/11/2003","9.0197","9.0197","9.0197","9.0197","","0.00%"
"06/10/2003","9.0197","9.0197","9.0197","9.0197","","0.00%"
"06/09/2003","9.0197","9.0197","9.0197","9.0197","","0.00%"
"06/06/2003","9.0197","9.0197","9.0197","9.0197","","0.00%"
"06/05/2003","9.0197","9.0197","9.0197","9.0197","","0.00%"
"06/04/2003","9.0197","9.0197","9.0197","9.0197","","0.00%"
"06/03/2003","9.0197","9.0197","9.0197","9.0197","","0.00%"
"06/02/2003","9.0197","9.0197","9.0197","9.0197","","0.00%"
"05/30/2003","9.0197","9.0197","9.0197","9.0197","","0.00%"
"05/29/2003","9.0197","9.0197","9.0197","9.0197","","0.00%"
"05/28/2003","9.0197","9.0197","9.0197","9.0197","","0.00%"
"05/27/2003","9.0197","9.0197","9.0197","9.0197","","0.00%"
"05/26/2003","9.0197","9.0197","9.0197","9.0197","","0.00%"
"05/23/2003","9.0197","9.0197","9.0197","9.0197","","0.00%"
"05/22/2003","9.0197","9.0197","9.0197","9.0197","","0.00%"
"05/21/2003","9.0197","9.0197","9.0197","9.0197","","0.00%"
"05/20/2003","9.0197","9.0197","9.0197","9.0197","","0.00%"
"05/19/2003","9.0197","9.0197","9.0197","9.0197","","0.00%"
"05/16/2003","9.0197","9.0197","9.0197","9.0197","","0.00%"
"05/15/2003","9.0197","9.0197","9.0197","9.0197","","0.00%"
"05/14/2003","9.0197","9.0197","9.0197","9.0197","","0.00%"
"05/13/2003","9.0197","9.0197","9.0197","9.0197","","0.00%"
"05/12/2003","9.0197","9.0197","9.0197","9.0197","","0.00%"
"05/09/2003","9.0197","9.0197","9.0197","9.0197","","0.00%"
"05/08/2003","9.0197","9.0197","9.0197","9.0197","","0.00%"
"05/07/2003","9.0197","9.0197","9.0197","9.0197","","0.00%"
"05/06/2003","9.0197","9.0197","9.0197","9.0197","","0.00%"
"05/05/2003","9.0197","9.0197","9.0197","9.0197","","0.00%"
"05/02/2003","9.0197","9.0197","9.0197","9.0197","","0.00%"
"05/01/2003","9.0197","9.0197","9.0197","9.0197","","0.00%"
"04/30/2003","9.0197","9.0197","9.0197","9.0197","","0.00%"
"04/29/2003","9.0197","9.0197","9.0197","9.0197","","0.00%"
"04/28/2003","9.0197","9.0197","9.0197","9.0197","","0.00%"
"04/25/2003","9.0197","9.0197","9.0197","9.0197","","0.00%"
"04/24/2003","9.0197","9.0197","9.0197","9.0197","","0.00%"
"04/23/2003","9.0197","9.0197","9.0197","9.0197","","0.00%"
"04/22/2003","9.0197","9.0197","9.0197","9.0197","","0.00%"
"04/21/2003","9.0197","9.0197","9.0197","9.0197","","0.00%"
"04/18/2003","9.0197","9.0197","9.0197","9.0197","","0.00%"
"04/17/2003","9.0197","9.0197","9.0197","9.0197","","0.00%"
"04/16/2003","9.0197","9.0197","9.0197","9.0197","","0.00%"
"04/15/2003","9.0197","9.0197","9.0197","9.0197","","0.00%"
"04/14/2003","9.0197","9.0197","9.0197","9.0197","","0.00%"
"04/11/2003","9.0197","9.0197","9.0197","9.0197","","0.00%"
"04/10/2003","9.0197","9.0197","9.0197","9.0197","","0.00%"
"04/09/2003","9.0197","9.0197","9.0197","9.0197","","0.00%"
"04/08/2003","9.0197","9.0197","9.0197","9.0197","","0.00%"
"04/07/2003","9.0197","9.0197","9.0197","9.0197","","0.00%"
"04/04/2003","9.0197","9.0197","9.0197","9.0197","","0.00%"
"04/03/2003","9.0197","9.0197","9.0197","9.0197","","0.00%"
"04/02/2003","9.0197","9.0197","9.0197","9.0197","","0.00%"
"04/01/2003","9.0197","9.0197","9.0197","9.0197","","0.00%"
"03/31/2003","9.0197","9.0197","9.0197","9.0197","","0.00%"
"03/28/2003","9.0197","9.0197","9.0197","9.0197","","0.00%"
"03/27/2003","9.0197","9.0197","9.0197","9.0197","","0.00%"
"03/26/2003","9.0197","9.0197","9.0197","9.0197","","0.00%"
"03/25/2003","9.0197","9.0197","9.0197","9.0197","","0.00%"
"03/24/2003","9.0197","9.0197","9.0197","9.0197","","0.00%"
"03/21/2003","9.0197","9.0197","9.0197","9.0197","","0.00%"
"03/20/2003","9.0197","9.0197","9.0197","9.0197","","0.00%"
"03/19/2003","9.0197","9.0197","9.0197","9.0197","","0.00%"
"03/18/2003","9.0197","9.0197","9.0197","9.0197","","0.00%"
"03/17/2003","9.0197","9.0197","9.0197","9.0197","","0.00%"
"03/14/2003","9.0197","9.0197","9.0197","9.0197","","0.00%"
"03/13/2003","9.0197","9.0197","9.0197","9.0197","","0.00%"
"03/12/2003","9.0197","9.0197","9.0197","9.0197","","0.00%"
"03/11/2003","9.0197","9.0197","9.0197","9.0197","","0.00%"
"03/10/2003","9.0197","9.0197","9.0197","9.0197","","0.00%"
"03/07/2003","9.0197","9.0197","9.0197","9.0197","","0.00%"
"03/06/2003","9.0197","9.0197","9.0197","9.0197","","0.00%"
"03/05/2003","9.0197","9.0197","9.0197","9.0197","","0.00%"
"03/04/2003","9.0197","9.0197","9.0197","9.0197","","0.00%"
"03/03/2003","9.0197","9.0197","9.0197","9.0197","","0.00%"
"02/28/2003","9.0197","9.0197","9.0197","9.0197","","0.00%"
"02/27/2003","9.0197","9.0197","9.0197","9.0197","","0.00%"
"02/26/2003","9.0197","9.0197","9.0197","9.0197","","0.00%"
"02/25/2003","9.0197","9.0197","9.0197","9.0197","","0.00%"
"02/24/2003","9.0197","9.0197","9.0197","9.0197","","0.00%"
"02/21/2003","9.0197","9.0197","9.0197","9.0197","","0.00%"
"02/20/2003","9.0197","9.0197","9.0197","9.0197","","0.00%"
"02/19/2003","9.0197","9.0197","9.0197","9.0197","","0.00%"
"02/18/2003","9.0197","9.0197","9.0197","9.0197","","0.00%"
"02/17/2003","9.0197","9.0197","9.0197","9.0197","","0.00%"
"02/14/2003","9.0197","9.0197","9.0197","9.0197","","0.00%"
"02/13/2003","9.0197","9.0197","9.0197","9.0197","","0.00%"
"02/12/2003","9.0197","9.0197","9.0197","9.0197","","0.00%"
"02/11/2003","9.0197","9.0197","9.0197","9.0197","","0.00%"
"02/10/2003","9.0197","9.0197","9.0197","9.0197","","0.00%"
"02/07/2003","9.0197","9.0197","9.0197","9.0197","","0.00%"
"02/06/2003","9.0197","9.0197","9.0197","9.0197","","0.00%"
"02/05/2003","9.0197","9.0197","9.0197","9.0197","","0.00%"
"02/04/2003","9.0197","9.0197","9.0197","9.0197","","0.00%"
"02/03/2003","9.0197","9.0197","9.0197","9.0197","","0.00%"
"01/31/2003","9.0197","9.0197","9.0197","9.0197","","0.00%"
"01/30/2003","9.0197","9.0197","9.0197","9.0197","","0.00%"
"01/29/2003","9.0197","9.0197","9.0197","9.0197","","0.00%"
"01/28/2003","9.0197","9.0197","9.0197","9.0197","","0.00%"
"01/27/2003","9.0197","9.0197","9.0197","9.0197","","0.00%"
"01/24/2003","9.0197","9.0197","9.0197","9.0197","","0.00%"
"01/23/2003","9.0197","9.0197","9.0197","9.0197","","0.00%"
"01/22/2003","9.0197","9.0197","9.0197","9.0197","","0.00%"
"01/21/2003","9.0197","9.0197","9.0197","9.0197","","0.00%"
"01/20/2003","9.0197","9.0197","9.0197","9.0197","","0.00%"
"01/17/2003","9.0197","9.0197","9.0197","9.0197","","0.00%"
"01/16/2003","9.0197","9.0197","9.0197","9.0197","","0.00%"
"01/15/2003","9.0197","9.0197","9.0197","9.0197","","0.00%"
"01/14/2003","9.0197","9.0197","9.0197","9.0197","","0.00%"
"01/13/2003","9.0197","9.0197","9.0197","9.0197","","0.00%"
"01/10/2003","9.0197","9.0197","9.0197","9.0197","","0.00%"
"01/09/2003","9.0197","9.0197","9.0197","9.0197","","0.00%"
"01/08/2003","9.0197","9.0197","9.0197","9.0197","","0.00%"
"01/07/2003","9.0197","9.0197","9.0197","9.0197","","0.00%"
"01/06/2003","9.0197","9.0197","9.0197","9.0197","","0.00%"
"01/03/2003","9.0197","9.0197","9.0197","9.0197","","0.00%"
"01/02/2003","9.0197","9.0197","9.0197","9.0197","","0.00%"
"01/01/2003","9.0197","9.0197","9.0197","9.0197","","0.00%"